ISO-10303-21;
HEADER;
/* Generated by software containing ST-Developer
 * from STEP Tools, Inc. (www.steptools.com) 
 */
/* OPTION: using custom renumber hook */

FILE_DESCRIPTION(
/* description */ ('STEP AP214'),
/* implementation_level */ '2;1');

FILE_NAME(
/* name */ '0ACA-9400-TE',
/* time_stamp */ '2026-05-28T22:50:35+02:00',
/* author */ ('License CC BY-ND 4.0'),
/* organization */ ('CADENAS'),
/* preprocessor_version */ 'ST-DEVELOPER v20',
/* originating_system */ 'PARTsolutions',
/* authorisation */ '  ');

FILE_SCHEMA (('AUTOMOTIVE_DESIGN {1 0 10303 214 3 1 1}'));
ENDSEC;

DATA;
#10=PROPERTY_DEFINITION_REPRESENTATION(#14,#12);
#11=PROPERTY_DEFINITION_REPRESENTATION(#15,#13);
#12=REPRESENTATION('',(#16),#3145);
#13=REPRESENTATION('',(#17),#3145);
#14=PROPERTY_DEFINITION('pmi validation property','',#3156);
#15=PROPERTY_DEFINITION('pmi validation property','',#3156);
#16=VALUE_REPRESENTATION_ITEM('number of annotations',COUNT_MEASURE(0.));
#17=VALUE_REPRESENTATION_ITEM('number of views',COUNT_MEASURE(0.));
#18=ELLIPSE('',#1969,0.14142135623731,0.1);
#19=ELLIPSE('',#1979,0.14142135623731,0.1);
#20=ELLIPSE('',#1999,0.14142135623731,0.1);
#21=ELLIPSE('',#2005,0.14142135623731,0.1);
#22=ELLIPSE('',#2010,0.14142135623731,0.1);
#23=ELLIPSE('',#2011,0.14142135623731,0.1);
#24=ELLIPSE('',#2035,0.14142135623731,0.1);
#25=ELLIPSE('',#2037,0.14142135623731,0.1);
#26=DEGENERATE_TOROIDAL_SURFACE('',#1953,0.0999999999999999,0.1,.T.);
#27=DEGENERATE_TOROIDAL_SURFACE('',#1974,0.0999999999999999,0.1,.T.);
#28=TOROIDAL_SURFACE('',#1939,0.1,0.1);
#29=TOROIDAL_SURFACE('',#1950,0.1,0.1);
#30=DRAUGHTING_PRE_DEFINED_COLOUR('yellow');
#31=DRAUGHTING_PRE_DEFINED_COLOUR('white');
#32=CONTEXT_DEPENDENT_SHAPE_REPRESENTATION(#40,#3158);
#33=CONTEXT_DEPENDENT_SHAPE_REPRESENTATION(#41,#3159);
#34=CONTEXT_DEPENDENT_SHAPE_REPRESENTATION(#42,#3161);
#35=CONTEXT_DEPENDENT_SHAPE_REPRESENTATION(#43,#3163);
#36=NEXT_ASSEMBLY_USAGE_OCCURRENCE('NAUO1','0ACA-9400-TE_PART1',
'0ACA-9400-TE_PART1',#3164,#3165,'');
#37=NEXT_ASSEMBLY_USAGE_OCCURRENCE('NAUO2','0ACA-9400-TE_PART1',
'0ACA-9400-TE_PART1',#3164,#3165,'');
#38=NEXT_ASSEMBLY_USAGE_OCCURRENCE('NAUO3','0ACA-9400-TE_PART2',
'0ACA-9400-TE_PART2',#3164,#3166,'');
#39=NEXT_ASSEMBLY_USAGE_OCCURRENCE('NAUO4','0ACA-9400-TE_PART3',
'0ACA-9400-TE_PART3',#3164,#3167,'');
#40=(
REPRESENTATION_RELATIONSHIP(' ',' ',#1809,#1808)
REPRESENTATION_RELATIONSHIP_WITH_TRANSFORMATION(#44)
SHAPE_REPRESENTATION_RELATIONSHIP()
);
#41=(
REPRESENTATION_RELATIONSHIP(' ',' ',#1809,#1808)
REPRESENTATION_RELATIONSHIP_WITH_TRANSFORMATION(#45)
SHAPE_REPRESENTATION_RELATIONSHIP()
);
#42=(
REPRESENTATION_RELATIONSHIP(' ',' ',#1810,#1808)
REPRESENTATION_RELATIONSHIP_WITH_TRANSFORMATION(#46)
SHAPE_REPRESENTATION_RELATIONSHIP()
);
#43=(
REPRESENTATION_RELATIONSHIP(' ',' ',#1811,#1808)
REPRESENTATION_RELATIONSHIP_WITH_TRANSFORMATION(#47)
SHAPE_REPRESENTATION_RELATIONSHIP()
);
#44=ITEM_DEFINED_TRANSFORMATION(' ',' ',#1812,#1880);
#45=ITEM_DEFINED_TRANSFORMATION(' ',' ',#1812,#1881);
#46=ITEM_DEFINED_TRANSFORMATION(' ',' ',#1812,#1900);
#47=ITEM_DEFINED_TRANSFORMATION(' ',' ',#1812,#2039);
#48=SHAPE_REPRESENTATION_RELATIONSHIP('','',#1809,#51);
#49=SHAPE_REPRESENTATION_RELATIONSHIP('','',#1810,#52);
#50=SHAPE_REPRESENTATION_RELATIONSHIP('','',#1811,#53);
#51=ADVANCED_BREP_SHAPE_REPRESENTATION('',(#1801),#3146);
#52=ADVANCED_BREP_SHAPE_REPRESENTATION('',(#1802),#3147);
#53=ADVANCED_BREP_SHAPE_REPRESENTATION('',(#1803),#3148);
#54=SPHERICAL_SURFACE('',#1834,0.2);
#55=SPHERICAL_SURFACE('',#1836,0.2);
#56=SPHERICAL_SURFACE('',#1846,0.2);
#57=SPHERICAL_SURFACE('',#1848,0.2);
#58=SPHERICAL_SURFACE('',#1863,0.03);
#59=SPHERICAL_SURFACE('',#1865,0.03);
#60=SPHERICAL_SURFACE('',#1875,0.03);
#61=SPHERICAL_SURFACE('',#1877,0.03);
#62=SPHERICAL_SURFACE('',#1948,0.1);
#63=SPHERICAL_SURFACE('',#1970,0.1);
#64=SPHERICAL_SURFACE('',#1972,0.1);
#65=SPHERICAL_SURFACE('',#1976,0.1);
#66=SPHERICAL_SURFACE('',#1992,0.1);
#67=SPHERICAL_SURFACE('',#1994,0.1);
#68=SPHERICAL_SURFACE('',#1996,0.1);
#69=SPHERICAL_SURFACE('',#2006,0.1);
#70=SPHERICAL_SURFACE('',#2019,0.1);
#71=SPHERICAL_SURFACE('',#2021,0.1);
#72=SPHERICAL_SURFACE('',#2030,0.1);
#73=SPHERICAL_SURFACE('',#2032,0.1);
#74=CYLINDRICAL_SURFACE('',#1827,0.2);
#75=CYLINDRICAL_SURFACE('',#1829,0.2);
#76=CYLINDRICAL_SURFACE('',#1832,0.2);
#77=CYLINDRICAL_SURFACE('',#1838,0.2);
#78=CYLINDRICAL_SURFACE('',#1840,0.2);
#79=CYLINDRICAL_SURFACE('',#1842,0.2);
#80=CYLINDRICAL_SURFACE('',#1844,0.2);
#81=CYLINDRICAL_SURFACE('',#1850,0.2);
#82=CYLINDRICAL_SURFACE('',#1856,0.0300000000000001);
#83=CYLINDRICAL_SURFACE('',#1858,0.0300000000000001);
#84=CYLINDRICAL_SURFACE('',#1861,0.0300000000000001);
#85=CYLINDRICAL_SURFACE('',#1867,0.0300000000000001);
#86=CYLINDRICAL_SURFACE('',#1869,0.0300000000000001);
#87=CYLINDRICAL_SURFACE('',#1871,0.0300000000000001);
#88=CYLINDRICAL_SURFACE('',#1873,0.0300000000000001);
#89=CYLINDRICAL_SURFACE('',#1879,0.0300000000000001);
#90=CYLINDRICAL_SURFACE('',#1896,0.1);
#91=CYLINDRICAL_SURFACE('',#1897,0.1);
#92=CYLINDRICAL_SURFACE('',#1898,0.1);
#93=CYLINDRICAL_SURFACE('',#1899,0.1);
#94=CYLINDRICAL_SURFACE('',#1916,0.2);
#95=CYLINDRICAL_SURFACE('',#1920,0.2);
#96=CYLINDRICAL_SURFACE('',#1928,0.2);
#97=CYLINDRICAL_SURFACE('',#1932,0.2);
#98=CYLINDRICAL_SURFACE('',#1942,0.1);
#99=CYLINDRICAL_SURFACE('',#1944,0.1);
#100=CYLINDRICAL_SURFACE('',#1946,0.1);
#101=CYLINDRICAL_SURFACE('',#1955,0.1);
#102=CYLINDRICAL_SURFACE('',#1957,0.1);
#103=CYLINDRICAL_SURFACE('',#1959,0.1);
#104=CYLINDRICAL_SURFACE('',#1961,0.1);
#105=CYLINDRICAL_SURFACE('',#1963,0.1);
#106=CYLINDRICAL_SURFACE('',#1965,0.1);
#107=CYLINDRICAL_SURFACE('',#1967,0.1);
#108=CYLINDRICAL_SURFACE('',#1978,0.1);
#109=CYLINDRICAL_SURFACE('',#1980,0.1);
#110=CYLINDRICAL_SURFACE('',#1982,0.1);
#111=CYLINDRICAL_SURFACE('',#1984,0.1);
#112=CYLINDRICAL_SURFACE('',#1986,0.1);
#113=CYLINDRICAL_SURFACE('',#1988,0.1);
#114=CYLINDRICAL_SURFACE('',#1990,0.1);
#115=CYLINDRICAL_SURFACE('',#1998,0.1);
#116=CYLINDRICAL_SURFACE('',#2000,0.1);
#117=CYLINDRICAL_SURFACE('',#2002,0.1);
#118=CYLINDRICAL_SURFACE('',#2004,0.1);
#119=CYLINDRICAL_SURFACE('',#2008,0.1);
#120=CYLINDRICAL_SURFACE('',#2009,0.1);
#121=CYLINDRICAL_SURFACE('',#2012,0.1);
#122=CYLINDRICAL_SURFACE('',#2014,0.1);
#123=CYLINDRICAL_SURFACE('',#2017,0.1);
#124=CYLINDRICAL_SURFACE('',#2023,0.1);
#125=CYLINDRICAL_SURFACE('',#2025,0.1);
#126=CYLINDRICAL_SURFACE('',#2028,0.1);
#127=CYLINDRICAL_SURFACE('',#2034,0.1);
#128=CYLINDRICAL_SURFACE('',#2036,0.1);
#129=CYLINDRICAL_SURFACE('',#2038,0.1);
#130=CIRCLE('',#1814,0.2);
#131=CIRCLE('',#1815,0.2);
#132=CIRCLE('',#1816,0.2);
#133=CIRCLE('',#1817,0.2);
#134=CIRCLE('',#1818,0.0300000000000001);
#135=CIRCLE('',#1819,0.0300000000000001);
#136=CIRCLE('',#1820,0.0300000000000001);
#137=CIRCLE('',#1821,0.0300000000000001);
#138=CIRCLE('',#1828,0.2);
#139=CIRCLE('',#1830,0.2);
#140=CIRCLE('',#1831,0.2);
#141=CIRCLE('',#1833,0.2);
#142=CIRCLE('',#1835,0.2);
#143=CIRCLE('',#1837,0.2);
#144=CIRCLE('',#1839,0.2);
#145=CIRCLE('',#1841,0.2);
#146=CIRCLE('',#1843,0.2);
#147=CIRCLE('',#1845,0.2);
#148=CIRCLE('',#1847,0.2);
#149=CIRCLE('',#1849,0.2);
#150=CIRCLE('',#1857,0.0300000000000001);
#151=CIRCLE('',#1859,0.0300000000000001);
#152=CIRCLE('',#1860,0.0300000000000001);
#153=CIRCLE('',#1862,0.0300000000000001);
#154=CIRCLE('',#1864,0.0300000000000001);
#155=CIRCLE('',#1866,0.0300000000000001);
#156=CIRCLE('',#1868,0.0300000000000001);
#157=CIRCLE('',#1870,0.0300000000000001);
#158=CIRCLE('',#1872,0.0300000000000001);
#159=CIRCLE('',#1874,0.0300000000000001);
#160=CIRCLE('',#1876,0.0300000000000001);
#161=CIRCLE('',#1878,0.0300000000000001);
#162=CIRCLE('',#1887,0.1);
#163=CIRCLE('',#1888,0.1);
#164=CIRCLE('',#1889,0.1);
#165=CIRCLE('',#1890,0.1);
#166=CIRCLE('',#1892,0.1);
#167=CIRCLE('',#1893,0.1);
#168=CIRCLE('',#1894,0.1);
#169=CIRCLE('',#1895,0.1);
#170=CIRCLE('',#1904,0.0999999999999999);
#171=CIRCLE('',#1905,0.0999999999999998);
#172=CIRCLE('',#1913,0.0999999999999998);
#173=CIRCLE('',#1914,0.0999999999999999);
#174=CIRCLE('',#1917,0.2);
#175=CIRCLE('',#1918,0.2);
#176=CIRCLE('',#1921,0.2);
#177=CIRCLE('',#1922,0.2);
#178=CIRCLE('',#1925,0.1);
#179=CIRCLE('',#1926,0.1);
#180=CIRCLE('',#1929,0.2);
#181=CIRCLE('',#1930,0.2);
#182=CIRCLE('',#1933,0.2);
#183=CIRCLE('',#1934,0.2);
#184=CIRCLE('',#1937,0.1);
#185=CIRCLE('',#1938,0.1);
#186=CIRCLE('',#1940,0.1);
#187=CIRCLE('',#1941,0.1);
#188=CIRCLE('',#1943,0.1);
#189=CIRCLE('',#1945,0.1);
#190=CIRCLE('',#1947,0.1);
#191=CIRCLE('',#1949,0.1);
#192=CIRCLE('',#1951,0.1);
#193=CIRCLE('',#1952,0.1);
#194=CIRCLE('',#1954,0.1);
#195=CIRCLE('',#1956,0.1);
#196=CIRCLE('',#1958,0.1);
#197=CIRCLE('',#1960,0.1);
#198=CIRCLE('',#1962,0.1);
#199=CIRCLE('',#1964,0.1);
#200=CIRCLE('',#1966,0.1);
#201=CIRCLE('',#1968,0.1);
#202=CIRCLE('',#1971,0.1);
#203=CIRCLE('',#1973,0.1);
#204=CIRCLE('',#1975,0.1);
#205=CIRCLE('',#1977,0.1);
#206=CIRCLE('',#1981,0.1);
#207=CIRCLE('',#1983,0.1);
#208=CIRCLE('',#1985,0.1);
#209=CIRCLE('',#1987,0.1);
#210=CIRCLE('',#1989,0.1);
#211=CIRCLE('',#1991,0.1);
#212=CIRCLE('',#1993,0.1);
#213=CIRCLE('',#1995,0.1);
#214=CIRCLE('',#1997,0.1);
#215=CIRCLE('',#2001,0.1);
#216=CIRCLE('',#2003,0.1);
#217=CIRCLE('',#2007,0.1);
#218=CIRCLE('',#2013,0.1);
#219=CIRCLE('',#2015,0.1);
#220=CIRCLE('',#2016,0.1);
#221=CIRCLE('',#2018,0.1);
#222=CIRCLE('',#2020,0.1);
#223=CIRCLE('',#2022,0.1);
#224=CIRCLE('',#2024,0.1);
#225=CIRCLE('',#2026,0.1);
#226=CIRCLE('',#2027,0.1);
#227=CIRCLE('',#2029,0.1);
#228=CIRCLE('',#2031,0.1);
#229=CIRCLE('',#2033,0.1);
#230=ORIENTED_EDGE('',*,*,#726,.F.);
#231=ORIENTED_EDGE('',*,*,#727,.T.);
#232=ORIENTED_EDGE('',*,*,#728,.F.);
#233=ORIENTED_EDGE('',*,*,#729,.T.);
#234=ORIENTED_EDGE('',*,*,#730,.F.);
#235=ORIENTED_EDGE('',*,*,#731,.T.);
#236=ORIENTED_EDGE('',*,*,#732,.F.);
#237=ORIENTED_EDGE('',*,*,#733,.T.);
#238=ORIENTED_EDGE('',*,*,#734,.F.);
#239=ORIENTED_EDGE('',*,*,#735,.T.);
#240=ORIENTED_EDGE('',*,*,#736,.F.);
#241=ORIENTED_EDGE('',*,*,#737,.T.);
#242=ORIENTED_EDGE('',*,*,#738,.F.);
#243=ORIENTED_EDGE('',*,*,#739,.T.);
#244=ORIENTED_EDGE('',*,*,#740,.F.);
#245=ORIENTED_EDGE('',*,*,#741,.T.);
#246=ORIENTED_EDGE('',*,*,#730,.T.);
#247=ORIENTED_EDGE('',*,*,#742,.T.);
#248=ORIENTED_EDGE('',*,*,#743,.T.);
#249=ORIENTED_EDGE('',*,*,#744,.T.);
#250=ORIENTED_EDGE('',*,*,#728,.T.);
#251=ORIENTED_EDGE('',*,*,#745,.T.);
#252=ORIENTED_EDGE('',*,*,#746,.T.);
#253=ORIENTED_EDGE('',*,*,#747,.T.);
#254=ORIENTED_EDGE('',*,*,#748,.T.);
#255=ORIENTED_EDGE('',*,*,#749,.T.);
#256=ORIENTED_EDGE('',*,*,#726,.T.);
#257=ORIENTED_EDGE('',*,*,#750,.T.);
#258=ORIENTED_EDGE('',*,*,#751,.T.);
#259=ORIENTED_EDGE('',*,*,#752,.T.);
#260=ORIENTED_EDGE('',*,*,#732,.T.);
#261=ORIENTED_EDGE('',*,*,#753,.T.);
#262=ORIENTED_EDGE('',*,*,#754,.T.);
#263=ORIENTED_EDGE('',*,*,#755,.T.);
#264=ORIENTED_EDGE('',*,*,#756,.T.);
#265=ORIENTED_EDGE('',*,*,#757,.T.);
#266=ORIENTED_EDGE('',*,*,#727,.F.);
#267=ORIENTED_EDGE('',*,*,#749,.F.);
#268=ORIENTED_EDGE('',*,*,#758,.F.);
#269=ORIENTED_EDGE('',*,*,#745,.F.);
#270=ORIENTED_EDGE('',*,*,#759,.F.);
#271=ORIENTED_EDGE('',*,*,#746,.F.);
#272=ORIENTED_EDGE('',*,*,#760,.F.);
#273=ORIENTED_EDGE('',*,*,#757,.F.);
#274=ORIENTED_EDGE('',*,*,#729,.F.);
#275=ORIENTED_EDGE('',*,*,#747,.F.);
#276=ORIENTED_EDGE('',*,*,#761,.F.);
#277=ORIENTED_EDGE('',*,*,#742,.F.);
#278=ORIENTED_EDGE('',*,*,#760,.T.);
#279=ORIENTED_EDGE('',*,*,#758,.T.);
#280=ORIENTED_EDGE('',*,*,#762,.F.);
#281=ORIENTED_EDGE('',*,*,#761,.T.);
#282=ORIENTED_EDGE('',*,*,#759,.T.);
#283=ORIENTED_EDGE('',*,*,#763,.F.);
#284=ORIENTED_EDGE('',*,*,#733,.F.);
#285=ORIENTED_EDGE('',*,*,#752,.F.);
#286=ORIENTED_EDGE('',*,*,#764,.F.);
#287=ORIENTED_EDGE('',*,*,#750,.F.);
#288=ORIENTED_EDGE('',*,*,#762,.T.);
#289=ORIENTED_EDGE('',*,*,#748,.F.);
#290=ORIENTED_EDGE('',*,*,#765,.F.);
#291=ORIENTED_EDGE('',*,*,#754,.F.);
#292=ORIENTED_EDGE('',*,*,#763,.T.);
#293=ORIENTED_EDGE('',*,*,#756,.F.);
#294=ORIENTED_EDGE('',*,*,#766,.F.);
#295=ORIENTED_EDGE('',*,*,#743,.F.);
#296=ORIENTED_EDGE('',*,*,#731,.F.);
#297=ORIENTED_EDGE('',*,*,#744,.F.);
#298=ORIENTED_EDGE('',*,*,#767,.F.);
#299=ORIENTED_EDGE('',*,*,#753,.F.);
#300=ORIENTED_EDGE('',*,*,#765,.T.);
#301=ORIENTED_EDGE('',*,*,#764,.T.);
#302=ORIENTED_EDGE('',*,*,#768,.F.);
#303=ORIENTED_EDGE('',*,*,#767,.T.);
#304=ORIENTED_EDGE('',*,*,#766,.T.);
#305=ORIENTED_EDGE('',*,*,#769,.F.);
#306=ORIENTED_EDGE('',*,*,#768,.T.);
#307=ORIENTED_EDGE('',*,*,#751,.F.);
#308=ORIENTED_EDGE('',*,*,#769,.T.);
#309=ORIENTED_EDGE('',*,*,#755,.F.);
#310=ORIENTED_EDGE('',*,*,#739,.F.);
#311=ORIENTED_EDGE('',*,*,#770,.F.);
#312=ORIENTED_EDGE('',*,*,#771,.F.);
#313=ORIENTED_EDGE('',*,*,#772,.F.);
#314=ORIENTED_EDGE('',*,*,#741,.F.);
#315=ORIENTED_EDGE('',*,*,#773,.F.);
#316=ORIENTED_EDGE('',*,*,#774,.F.);
#317=ORIENTED_EDGE('',*,*,#775,.F.);
#318=ORIENTED_EDGE('',*,*,#776,.F.);
#319=ORIENTED_EDGE('',*,*,#777,.F.);
#320=ORIENTED_EDGE('',*,*,#735,.F.);
#321=ORIENTED_EDGE('',*,*,#778,.F.);
#322=ORIENTED_EDGE('',*,*,#779,.F.);
#323=ORIENTED_EDGE('',*,*,#780,.F.);
#324=ORIENTED_EDGE('',*,*,#737,.F.);
#325=ORIENTED_EDGE('',*,*,#781,.F.);
#326=ORIENTED_EDGE('',*,*,#782,.F.);
#327=ORIENTED_EDGE('',*,*,#783,.F.);
#328=ORIENTED_EDGE('',*,*,#784,.F.);
#329=ORIENTED_EDGE('',*,*,#785,.F.);
#330=ORIENTED_EDGE('',*,*,#734,.T.);
#331=ORIENTED_EDGE('',*,*,#775,.T.);
#332=ORIENTED_EDGE('',*,*,#786,.T.);
#333=ORIENTED_EDGE('',*,*,#778,.T.);
#334=ORIENTED_EDGE('',*,*,#787,.T.);
#335=ORIENTED_EDGE('',*,*,#783,.T.);
#336=ORIENTED_EDGE('',*,*,#788,.T.);
#337=ORIENTED_EDGE('',*,*,#774,.T.);
#338=ORIENTED_EDGE('',*,*,#740,.T.);
#339=ORIENTED_EDGE('',*,*,#772,.T.);
#340=ORIENTED_EDGE('',*,*,#789,.T.);
#341=ORIENTED_EDGE('',*,*,#773,.T.);
#342=ORIENTED_EDGE('',*,*,#788,.F.);
#343=ORIENTED_EDGE('',*,*,#790,.T.);
#344=ORIENTED_EDGE('',*,*,#786,.F.);
#345=ORIENTED_EDGE('',*,*,#789,.F.);
#346=ORIENTED_EDGE('',*,*,#791,.T.);
#347=ORIENTED_EDGE('',*,*,#787,.F.);
#348=ORIENTED_EDGE('',*,*,#736,.T.);
#349=ORIENTED_EDGE('',*,*,#777,.T.);
#350=ORIENTED_EDGE('',*,*,#792,.T.);
#351=ORIENTED_EDGE('',*,*,#781,.T.);
#352=ORIENTED_EDGE('',*,*,#790,.F.);
#353=ORIENTED_EDGE('',*,*,#782,.T.);
#354=ORIENTED_EDGE('',*,*,#793,.T.);
#355=ORIENTED_EDGE('',*,*,#776,.T.);
#356=ORIENTED_EDGE('',*,*,#791,.F.);
#357=ORIENTED_EDGE('',*,*,#771,.T.);
#358=ORIENTED_EDGE('',*,*,#794,.T.);
#359=ORIENTED_EDGE('',*,*,#784,.T.);
#360=ORIENTED_EDGE('',*,*,#738,.T.);
#361=ORIENTED_EDGE('',*,*,#780,.T.);
#362=ORIENTED_EDGE('',*,*,#795,.T.);
#363=ORIENTED_EDGE('',*,*,#770,.T.);
#364=ORIENTED_EDGE('',*,*,#793,.F.);
#365=ORIENTED_EDGE('',*,*,#796,.T.);
#366=ORIENTED_EDGE('',*,*,#792,.F.);
#367=ORIENTED_EDGE('',*,*,#795,.F.);
#368=ORIENTED_EDGE('',*,*,#797,.T.);
#369=ORIENTED_EDGE('',*,*,#794,.F.);
#370=ORIENTED_EDGE('',*,*,#796,.F.);
#371=ORIENTED_EDGE('',*,*,#785,.T.);
#372=ORIENTED_EDGE('',*,*,#797,.F.);
#373=ORIENTED_EDGE('',*,*,#779,.T.);
#374=ORIENTED_EDGE('',*,*,#798,.T.);
#375=ORIENTED_EDGE('',*,*,#799,.T.);
#376=ORIENTED_EDGE('',*,*,#800,.F.);
#377=ORIENTED_EDGE('',*,*,#801,.T.);
#378=ORIENTED_EDGE('',*,*,#802,.T.);
#379=ORIENTED_EDGE('',*,*,#803,.T.);
#380=ORIENTED_EDGE('',*,*,#804,.F.);
#381=ORIENTED_EDGE('',*,*,#805,.T.);
#382=ORIENTED_EDGE('',*,*,#806,.F.);
#383=ORIENTED_EDGE('',*,*,#807,.T.);
#384=ORIENTED_EDGE('',*,*,#808,.T.);
#385=ORIENTED_EDGE('',*,*,#809,.T.);
#386=ORIENTED_EDGE('',*,*,#810,.T.);
#387=ORIENTED_EDGE('',*,*,#811,.T.);
#388=ORIENTED_EDGE('',*,*,#812,.F.);
#389=ORIENTED_EDGE('',*,*,#813,.T.);
#390=ORIENTED_EDGE('',*,*,#804,.T.);
#391=ORIENTED_EDGE('',*,*,#814,.T.);
#392=ORIENTED_EDGE('',*,*,#806,.T.);
#393=ORIENTED_EDGE('',*,*,#815,.T.);
#394=ORIENTED_EDGE('',*,*,#812,.T.);
#395=ORIENTED_EDGE('',*,*,#816,.T.);
#396=ORIENTED_EDGE('',*,*,#800,.T.);
#397=ORIENTED_EDGE('',*,*,#817,.T.);
#398=ORIENTED_EDGE('',*,*,#808,.F.);
#399=ORIENTED_EDGE('',*,*,#818,.T.);
#400=ORIENTED_EDGE('',*,*,#802,.F.);
#401=ORIENTED_EDGE('',*,*,#819,.T.);
#402=ORIENTED_EDGE('',*,*,#798,.F.);
#403=ORIENTED_EDGE('',*,*,#820,.T.);
#404=ORIENTED_EDGE('',*,*,#810,.F.);
#405=ORIENTED_EDGE('',*,*,#821,.T.);
#406=ORIENTED_EDGE('',*,*,#814,.F.);
#407=ORIENTED_EDGE('',*,*,#803,.F.);
#408=ORIENTED_EDGE('',*,*,#818,.F.);
#409=ORIENTED_EDGE('',*,*,#807,.F.);
#410=ORIENTED_EDGE('',*,*,#817,.F.);
#411=ORIENTED_EDGE('',*,*,#799,.F.);
#412=ORIENTED_EDGE('',*,*,#819,.F.);
#413=ORIENTED_EDGE('',*,*,#805,.F.);
#414=ORIENTED_EDGE('',*,*,#816,.F.);
#415=ORIENTED_EDGE('',*,*,#811,.F.);
#416=ORIENTED_EDGE('',*,*,#820,.F.);
#417=ORIENTED_EDGE('',*,*,#801,.F.);
#418=ORIENTED_EDGE('',*,*,#815,.F.);
#419=ORIENTED_EDGE('',*,*,#809,.F.);
#420=ORIENTED_EDGE('',*,*,#821,.F.);
#421=ORIENTED_EDGE('',*,*,#813,.F.);
#422=ORIENTED_EDGE('',*,*,#822,.T.);
#423=ORIENTED_EDGE('',*,*,#823,.F.);
#424=ORIENTED_EDGE('',*,*,#824,.T.);
#425=ORIENTED_EDGE('',*,*,#825,.T.);
#426=ORIENTED_EDGE('',*,*,#826,.T.);
#427=ORIENTED_EDGE('',*,*,#827,.T.);
#428=ORIENTED_EDGE('',*,*,#828,.T.);
#429=ORIENTED_EDGE('',*,*,#829,.T.);
#430=ORIENTED_EDGE('',*,*,#830,.T.);
#431=ORIENTED_EDGE('',*,*,#831,.T.);
#432=ORIENTED_EDGE('',*,*,#832,.F.);
#433=ORIENTED_EDGE('',*,*,#833,.T.);
#434=ORIENTED_EDGE('',*,*,#834,.T.);
#435=ORIENTED_EDGE('',*,*,#835,.T.);
#436=ORIENTED_EDGE('',*,*,#836,.T.);
#437=ORIENTED_EDGE('',*,*,#837,.T.);
#438=ORIENTED_EDGE('',*,*,#838,.T.);
#439=ORIENTED_EDGE('',*,*,#839,.T.);
#440=ORIENTED_EDGE('',*,*,#840,.T.);
#441=ORIENTED_EDGE('',*,*,#841,.T.);
#442=ORIENTED_EDGE('',*,*,#842,.T.);
#443=ORIENTED_EDGE('',*,*,#843,.T.);
#444=ORIENTED_EDGE('',*,*,#844,.T.);
#445=ORIENTED_EDGE('',*,*,#845,.T.);
#446=ORIENTED_EDGE('',*,*,#846,.T.);
#447=ORIENTED_EDGE('',*,*,#847,.T.);
#448=ORIENTED_EDGE('',*,*,#848,.F.);
#449=ORIENTED_EDGE('',*,*,#849,.T.);
#450=ORIENTED_EDGE('',*,*,#850,.T.);
#451=ORIENTED_EDGE('',*,*,#851,.T.);
#452=ORIENTED_EDGE('',*,*,#852,.F.);
#453=ORIENTED_EDGE('',*,*,#853,.T.);
#454=ORIENTED_EDGE('',*,*,#848,.T.);
#455=ORIENTED_EDGE('',*,*,#854,.T.);
#456=ORIENTED_EDGE('',*,*,#855,.T.);
#457=ORIENTED_EDGE('',*,*,#856,.T.);
#458=ORIENTED_EDGE('',*,*,#852,.T.);
#459=ORIENTED_EDGE('',*,*,#857,.T.);
#460=ORIENTED_EDGE('',*,*,#858,.T.);
#461=ORIENTED_EDGE('',*,*,#859,.T.);
#462=ORIENTED_EDGE('',*,*,#860,.T.);
#463=ORIENTED_EDGE('',*,*,#861,.T.);
#464=ORIENTED_EDGE('',*,*,#862,.T.);
#465=ORIENTED_EDGE('',*,*,#863,.T.);
#466=ORIENTED_EDGE('',*,*,#864,.T.);
#467=ORIENTED_EDGE('',*,*,#865,.T.);
#468=ORIENTED_EDGE('',*,*,#866,.T.);
#469=ORIENTED_EDGE('',*,*,#867,.T.);
#470=ORIENTED_EDGE('',*,*,#868,.T.);
#471=ORIENTED_EDGE('',*,*,#869,.T.);
#472=ORIENTED_EDGE('',*,*,#870,.T.);
#473=ORIENTED_EDGE('',*,*,#871,.T.);
#474=ORIENTED_EDGE('',*,*,#872,.T.);
#475=ORIENTED_EDGE('',*,*,#873,.T.);
#476=ORIENTED_EDGE('',*,*,#874,.T.);
#477=ORIENTED_EDGE('',*,*,#875,.T.);
#478=ORIENTED_EDGE('',*,*,#876,.T.);
#479=ORIENTED_EDGE('',*,*,#877,.T.);
#480=ORIENTED_EDGE('',*,*,#878,.T.);
#481=ORIENTED_EDGE('',*,*,#879,.T.);
#482=ORIENTED_EDGE('',*,*,#880,.T.);
#483=ORIENTED_EDGE('',*,*,#881,.T.);
#484=ORIENTED_EDGE('',*,*,#882,.T.);
#485=ORIENTED_EDGE('',*,*,#883,.F.);
#486=ORIENTED_EDGE('',*,*,#884,.T.);
#487=ORIENTED_EDGE('',*,*,#885,.T.);
#488=ORIENTED_EDGE('',*,*,#880,.F.);
#489=ORIENTED_EDGE('',*,*,#886,.F.);
#490=ORIENTED_EDGE('',*,*,#887,.T.);
#491=ORIENTED_EDGE('',*,*,#888,.T.);
#492=ORIENTED_EDGE('',*,*,#884,.F.);
#493=ORIENTED_EDGE('',*,*,#889,.F.);
#494=ORIENTED_EDGE('',*,*,#890,.T.);
#495=ORIENTED_EDGE('',*,*,#891,.T.);
#496=ORIENTED_EDGE('',*,*,#887,.F.);
#497=ORIENTED_EDGE('',*,*,#892,.F.);
#498=ORIENTED_EDGE('',*,*,#893,.T.);
#499=ORIENTED_EDGE('',*,*,#894,.T.);
#500=ORIENTED_EDGE('',*,*,#890,.F.);
#501=ORIENTED_EDGE('',*,*,#895,.F.);
#502=ORIENTED_EDGE('',*,*,#832,.T.);
#503=ORIENTED_EDGE('',*,*,#896,.T.);
#504=ORIENTED_EDGE('',*,*,#897,.T.);
#505=ORIENTED_EDGE('',*,*,#898,.T.);
#506=ORIENTED_EDGE('',*,*,#823,.T.);
#507=ORIENTED_EDGE('',*,*,#899,.T.);
#508=ORIENTED_EDGE('',*,*,#895,.T.);
#509=ORIENTED_EDGE('',*,*,#892,.T.);
#510=ORIENTED_EDGE('',*,*,#889,.T.);
#511=ORIENTED_EDGE('',*,*,#886,.T.);
#512=ORIENTED_EDGE('',*,*,#883,.T.);
#513=ORIENTED_EDGE('',*,*,#900,.T.);
#514=ORIENTED_EDGE('',*,*,#901,.T.);
#515=ORIENTED_EDGE('',*,*,#902,.T.);
#516=ORIENTED_EDGE('',*,*,#903,.T.);
#517=ORIENTED_EDGE('',*,*,#904,.T.);
#518=ORIENTED_EDGE('',*,*,#905,.T.);
#519=ORIENTED_EDGE('',*,*,#906,.T.);
#520=ORIENTED_EDGE('',*,*,#901,.F.);
#521=ORIENTED_EDGE('',*,*,#907,.T.);
#522=ORIENTED_EDGE('',*,*,#908,.T.);
#523=ORIENTED_EDGE('',*,*,#909,.T.);
#524=ORIENTED_EDGE('',*,*,#905,.F.);
#525=ORIENTED_EDGE('',*,*,#910,.T.);
#526=ORIENTED_EDGE('',*,*,#911,.T.);
#527=ORIENTED_EDGE('',*,*,#912,.T.);
#528=ORIENTED_EDGE('',*,*,#908,.F.);
#529=ORIENTED_EDGE('',*,*,#913,.T.);
#530=ORIENTED_EDGE('',*,*,#914,.T.);
#531=ORIENTED_EDGE('',*,*,#915,.T.);
#532=ORIENTED_EDGE('',*,*,#911,.F.);
#533=ORIENTED_EDGE('',*,*,#916,.T.);
#534=ORIENTED_EDGE('',*,*,#825,.F.);
#535=ORIENTED_EDGE('',*,*,#917,.T.);
#536=ORIENTED_EDGE('',*,*,#918,.T.);
#537=ORIENTED_EDGE('',*,*,#919,.T.);
#538=ORIENTED_EDGE('',*,*,#830,.F.);
#539=ORIENTED_EDGE('',*,*,#920,.T.);
#540=ORIENTED_EDGE('',*,*,#916,.F.);
#541=ORIENTED_EDGE('',*,*,#913,.F.);
#542=ORIENTED_EDGE('',*,*,#910,.F.);
#543=ORIENTED_EDGE('',*,*,#907,.F.);
#544=ORIENTED_EDGE('',*,*,#904,.F.);
#545=ORIENTED_EDGE('',*,*,#921,.T.);
#546=ORIENTED_EDGE('',*,*,#922,.F.);
#547=ORIENTED_EDGE('',*,*,#842,.F.);
#548=ORIENTED_EDGE('',*,*,#923,.F.);
#549=ORIENTED_EDGE('',*,*,#906,.F.);
#550=ORIENTED_EDGE('',*,*,#923,.T.);
#551=ORIENTED_EDGE('',*,*,#841,.F.);
#552=ORIENTED_EDGE('',*,*,#924,.F.);
#553=ORIENTED_EDGE('',*,*,#902,.F.);
#554=ORIENTED_EDGE('',*,*,#921,.F.);
#555=ORIENTED_EDGE('',*,*,#903,.F.);
#556=ORIENTED_EDGE('',*,*,#925,.F.);
#557=ORIENTED_EDGE('',*,*,#826,.F.);
#558=ORIENTED_EDGE('',*,*,#922,.T.);
#559=ORIENTED_EDGE('',*,*,#909,.F.);
#560=ORIENTED_EDGE('',*,*,#926,.F.);
#561=ORIENTED_EDGE('',*,*,#843,.F.);
#562=ORIENTED_EDGE('',*,*,#925,.T.);
#563=ORIENTED_EDGE('',*,*,#924,.T.);
#564=ORIENTED_EDGE('',*,*,#927,.F.);
#565=ORIENTED_EDGE('',*,*,#928,.F.);
#566=ORIENTED_EDGE('',*,*,#891,.F.);
#567=ORIENTED_EDGE('',*,*,#929,.F.);
#568=ORIENTED_EDGE('',*,*,#876,.F.);
#569=ORIENTED_EDGE('',*,*,#926,.T.);
#570=ORIENTED_EDGE('',*,*,#912,.F.);
#571=ORIENTED_EDGE('',*,*,#930,.F.);
#572=ORIENTED_EDGE('',*,*,#844,.F.);
#573=ORIENTED_EDGE('',*,*,#927,.T.);
#574=ORIENTED_EDGE('',*,*,#840,.F.);
#575=ORIENTED_EDGE('',*,*,#931,.F.);
#576=ORIENTED_EDGE('',*,*,#827,.F.);
#577=ORIENTED_EDGE('',*,*,#899,.F.);
#578=ORIENTED_EDGE('',*,*,#822,.F.);
#579=ORIENTED_EDGE('',*,*,#932,.F.);
#580=ORIENTED_EDGE('',*,*,#893,.F.);
#581=ORIENTED_EDGE('',*,*,#929,.T.);
#582=ORIENTED_EDGE('',*,*,#894,.F.);
#583=ORIENTED_EDGE('',*,*,#933,.F.);
#584=ORIENTED_EDGE('',*,*,#877,.F.);
#585=ORIENTED_EDGE('',*,*,#928,.T.);
#586=ORIENTED_EDGE('',*,*,#875,.F.);
#587=ORIENTED_EDGE('',*,*,#934,.F.);
#588=ORIENTED_EDGE('',*,*,#888,.F.);
#589=ORIENTED_EDGE('',*,*,#920,.F.);
#590=ORIENTED_EDGE('',*,*,#837,.F.);
#591=ORIENTED_EDGE('',*,*,#935,.F.);
#592=ORIENTED_EDGE('',*,*,#914,.F.);
#593=ORIENTED_EDGE('',*,*,#930,.T.);
#594=ORIENTED_EDGE('',*,*,#915,.F.);
#595=ORIENTED_EDGE('',*,*,#936,.F.);
#596=ORIENTED_EDGE('',*,*,#845,.F.);
#597=ORIENTED_EDGE('',*,*,#937,.F.);
#598=ORIENTED_EDGE('',*,*,#839,.F.);
#599=ORIENTED_EDGE('',*,*,#938,.F.);
#600=ORIENTED_EDGE('',*,*,#851,.F.);
#601=ORIENTED_EDGE('',*,*,#931,.T.);
#602=ORIENTED_EDGE('',*,*,#937,.T.);
#603=ORIENTED_EDGE('',*,*,#939,.F.);
#604=ORIENTED_EDGE('',*,*,#933,.T.);
#605=ORIENTED_EDGE('',*,*,#932,.T.);
#606=ORIENTED_EDGE('',*,*,#940,.F.);
#607=ORIENTED_EDGE('',*,*,#934,.T.);
#608=ORIENTED_EDGE('',*,*,#874,.F.);
#609=ORIENTED_EDGE('',*,*,#941,.F.);
#610=ORIENTED_EDGE('',*,*,#885,.F.);
#611=ORIENTED_EDGE('',*,*,#936,.T.);
#612=ORIENTED_EDGE('',*,*,#935,.T.);
#613=ORIENTED_EDGE('',*,*,#942,.F.);
#614=ORIENTED_EDGE('',*,*,#938,.T.);
#615=ORIENTED_EDGE('',*,*,#838,.F.);
#616=ORIENTED_EDGE('',*,*,#943,.F.);
#617=ORIENTED_EDGE('',*,*,#854,.F.);
#618=ORIENTED_EDGE('',*,*,#939,.T.);
#619=ORIENTED_EDGE('',*,*,#850,.F.);
#620=ORIENTED_EDGE('',*,*,#944,.F.);
#621=ORIENTED_EDGE('',*,*,#828,.F.);
#622=ORIENTED_EDGE('',*,*,#940,.T.);
#623=ORIENTED_EDGE('',*,*,#829,.F.);
#624=ORIENTED_EDGE('',*,*,#945,.F.);
#625=ORIENTED_EDGE('',*,*,#878,.F.);
#626=ORIENTED_EDGE('',*,*,#941,.T.);
#627=ORIENTED_EDGE('',*,*,#873,.F.);
#628=ORIENTED_EDGE('',*,*,#946,.F.);
#629=ORIENTED_EDGE('',*,*,#881,.F.);
#630=ORIENTED_EDGE('',*,*,#900,.F.);
#631=ORIENTED_EDGE('',*,*,#882,.F.);
#632=ORIENTED_EDGE('',*,*,#947,.F.);
#633=ORIENTED_EDGE('',*,*,#833,.F.);
#634=ORIENTED_EDGE('',*,*,#942,.T.);
#635=ORIENTED_EDGE('',*,*,#836,.F.);
#636=ORIENTED_EDGE('',*,*,#948,.F.);
#637=ORIENTED_EDGE('',*,*,#846,.F.);
#638=ORIENTED_EDGE('',*,*,#943,.T.);
#639=ORIENTED_EDGE('',*,*,#847,.F.);
#640=ORIENTED_EDGE('',*,*,#949,.F.);
#641=ORIENTED_EDGE('',*,*,#857,.F.);
#642=ORIENTED_EDGE('',*,*,#945,.T.);
#643=ORIENTED_EDGE('',*,*,#944,.T.);
#644=ORIENTED_EDGE('',*,*,#950,.F.);
#645=ORIENTED_EDGE('',*,*,#947,.T.);
#646=ORIENTED_EDGE('',*,*,#946,.T.);
#647=ORIENTED_EDGE('',*,*,#951,.F.);
#648=ORIENTED_EDGE('',*,*,#949,.T.);
#649=ORIENTED_EDGE('',*,*,#948,.T.);
#650=ORIENTED_EDGE('',*,*,#952,.F.);
#651=ORIENTED_EDGE('',*,*,#950,.T.);
#652=ORIENTED_EDGE('',*,*,#849,.F.);
#653=ORIENTED_EDGE('',*,*,#953,.F.);
#654=ORIENTED_EDGE('',*,*,#879,.F.);
#655=ORIENTED_EDGE('',*,*,#951,.T.);
#656=ORIENTED_EDGE('',*,*,#872,.F.);
#657=ORIENTED_EDGE('',*,*,#954,.F.);
#658=ORIENTED_EDGE('',*,*,#834,.F.);
#659=ORIENTED_EDGE('',*,*,#952,.T.);
#660=ORIENTED_EDGE('',*,*,#835,.F.);
#661=ORIENTED_EDGE('',*,*,#955,.F.);
#662=ORIENTED_EDGE('',*,*,#855,.F.);
#663=ORIENTED_EDGE('',*,*,#953,.T.);
#664=ORIENTED_EDGE('',*,*,#853,.F.);
#665=ORIENTED_EDGE('',*,*,#956,.F.);
#666=ORIENTED_EDGE('',*,*,#870,.F.);
#667=ORIENTED_EDGE('',*,*,#955,.T.);
#668=ORIENTED_EDGE('',*,*,#954,.T.);
#669=ORIENTED_EDGE('',*,*,#957,.F.);
#670=ORIENTED_EDGE('',*,*,#956,.T.);
#671=ORIENTED_EDGE('',*,*,#856,.F.);
#672=ORIENTED_EDGE('',*,*,#957,.T.);
#673=ORIENTED_EDGE('',*,*,#871,.F.);
#674=ORIENTED_EDGE('',*,*,#958,.F.);
#675=ORIENTED_EDGE('',*,*,#824,.F.);
#676=ORIENTED_EDGE('',*,*,#959,.F.);
#677=ORIENTED_EDGE('',*,*,#867,.F.);
#678=ORIENTED_EDGE('',*,*,#959,.T.);
#679=ORIENTED_EDGE('',*,*,#898,.F.);
#680=ORIENTED_EDGE('',*,*,#960,.F.);
#681=ORIENTED_EDGE('',*,*,#868,.F.);
#682=ORIENTED_EDGE('',*,*,#961,.F.);
#683=ORIENTED_EDGE('',*,*,#869,.F.);
#684=ORIENTED_EDGE('',*,*,#962,.F.);
#685=ORIENTED_EDGE('',*,*,#865,.F.);
#686=ORIENTED_EDGE('',*,*,#958,.T.);
#687=ORIENTED_EDGE('',*,*,#866,.F.);
#688=ORIENTED_EDGE('',*,*,#963,.F.);
#689=ORIENTED_EDGE('',*,*,#917,.F.);
#690=ORIENTED_EDGE('',*,*,#962,.T.);
#691=ORIENTED_EDGE('',*,*,#960,.T.);
#692=ORIENTED_EDGE('',*,*,#964,.F.);
#693=ORIENTED_EDGE('',*,*,#963,.T.);
#694=ORIENTED_EDGE('',*,*,#961,.T.);
#695=ORIENTED_EDGE('',*,*,#965,.F.);
#696=ORIENTED_EDGE('',*,*,#964,.T.);
#697=ORIENTED_EDGE('',*,*,#897,.F.);
#698=ORIENTED_EDGE('',*,*,#966,.F.);
#699=ORIENTED_EDGE('',*,*,#862,.F.);
#700=ORIENTED_EDGE('',*,*,#967,.F.);
#701=ORIENTED_EDGE('',*,*,#863,.F.);
#702=ORIENTED_EDGE('',*,*,#968,.F.);
#703=ORIENTED_EDGE('',*,*,#861,.F.);
#704=ORIENTED_EDGE('',*,*,#965,.T.);
#705=ORIENTED_EDGE('',*,*,#864,.F.);
#706=ORIENTED_EDGE('',*,*,#969,.F.);
#707=ORIENTED_EDGE('',*,*,#918,.F.);
#708=ORIENTED_EDGE('',*,*,#968,.T.);
#709=ORIENTED_EDGE('',*,*,#966,.T.);
#710=ORIENTED_EDGE('',*,*,#970,.F.);
#711=ORIENTED_EDGE('',*,*,#969,.T.);
#712=ORIENTED_EDGE('',*,*,#967,.T.);
#713=ORIENTED_EDGE('',*,*,#971,.F.);
#714=ORIENTED_EDGE('',*,*,#970,.T.);
#715=ORIENTED_EDGE('',*,*,#896,.F.);
#716=ORIENTED_EDGE('',*,*,#972,.F.);
#717=ORIENTED_EDGE('',*,*,#858,.F.);
#718=ORIENTED_EDGE('',*,*,#971,.T.);
#719=ORIENTED_EDGE('',*,*,#860,.F.);
#720=ORIENTED_EDGE('',*,*,#973,.F.);
#721=ORIENTED_EDGE('',*,*,#919,.F.);
#722=ORIENTED_EDGE('',*,*,#972,.T.);
#723=ORIENTED_EDGE('',*,*,#831,.F.);
#724=ORIENTED_EDGE('',*,*,#973,.T.);
#725=ORIENTED_EDGE('',*,*,#859,.F.);
#726=EDGE_CURVE('',#974,#975,#1114,.T.);
#727=EDGE_CURVE('',#974,#976,#130,.T.);
#728=EDGE_CURVE('',#977,#976,#1115,.T.);
#729=EDGE_CURVE('',#977,#978,#131,.T.);
#730=EDGE_CURVE('',#979,#978,#1116,.T.);
#731=EDGE_CURVE('',#979,#980,#132,.T.);
#732=EDGE_CURVE('',#981,#980,#1117,.T.);
#733=EDGE_CURVE('',#981,#975,#133,.T.);
#734=EDGE_CURVE('',#982,#983,#134,.T.);
#735=EDGE_CURVE('',#982,#984,#1118,.T.);
#736=EDGE_CURVE('',#985,#984,#135,.T.);
#737=EDGE_CURVE('',#985,#986,#1119,.T.);
#738=EDGE_CURVE('',#987,#986,#136,.T.);
#739=EDGE_CURVE('',#987,#988,#1120,.T.);
#740=EDGE_CURVE('',#989,#988,#137,.T.);
#741=EDGE_CURVE('',#989,#983,#1121,.T.);
#742=EDGE_CURVE('',#978,#990,#1122,.T.);
#743=EDGE_CURVE('',#990,#991,#1123,.T.);
#744=EDGE_CURVE('',#991,#979,#1124,.T.);
#745=EDGE_CURVE('',#976,#992,#1125,.T.);
#746=EDGE_CURVE('',#992,#993,#1126,.T.);
#747=EDGE_CURVE('',#993,#977,#1127,.T.);
#748=EDGE_CURVE('',#994,#995,#1128,.T.);
#749=EDGE_CURVE('',#995,#974,#1129,.T.);
#750=EDGE_CURVE('',#975,#994,#1130,.T.);
#751=EDGE_CURVE('',#996,#997,#1131,.T.);
#752=EDGE_CURVE('',#997,#981,#1132,.T.);
#753=EDGE_CURVE('',#980,#996,#1133,.T.);
#754=EDGE_CURVE('',#998,#999,#1134,.T.);
#755=EDGE_CURVE('',#999,#1000,#1135,.T.);
#756=EDGE_CURVE('',#1000,#1001,#1136,.T.);
#757=EDGE_CURVE('',#1001,#998,#1137,.T.);
#758=EDGE_CURVE('',#992,#995,#138,.T.);
#759=EDGE_CURVE('',#993,#1001,#139,.T.);
#760=EDGE_CURVE('',#998,#992,#140,.T.);
#761=EDGE_CURVE('',#990,#993,#141,.T.);
#762=EDGE_CURVE('',#998,#995,#142,.T.);
#763=EDGE_CURVE('',#990,#1001,#143,.T.);
#764=EDGE_CURVE('',#994,#997,#144,.T.);
#765=EDGE_CURVE('',#999,#994,#145,.T.);
#766=EDGE_CURVE('',#991,#1000,#146,.T.);
#767=EDGE_CURVE('',#996,#991,#147,.T.);
#768=EDGE_CURVE('',#999,#997,#148,.T.);
#769=EDGE_CURVE('',#996,#1000,#149,.T.);
#770=EDGE_CURVE('',#1002,#987,#1138,.T.);
#771=EDGE_CURVE('',#1003,#1002,#1139,.T.);
#772=EDGE_CURVE('',#988,#1003,#1140,.T.);
#773=EDGE_CURVE('',#1004,#989,#1141,.T.);
#774=EDGE_CURVE('',#1005,#1004,#1142,.T.);
#775=EDGE_CURVE('',#983,#1005,#1143,.T.);
#776=EDGE_CURVE('',#1006,#1007,#1144,.T.);
#777=EDGE_CURVE('',#984,#1006,#1145,.T.);
#778=EDGE_CURVE('',#1007,#982,#1146,.T.);
#779=EDGE_CURVE('',#1008,#1009,#1147,.T.);
#780=EDGE_CURVE('',#986,#1008,#1148,.T.);
#781=EDGE_CURVE('',#1009,#985,#1149,.T.);
#782=EDGE_CURVE('',#1010,#1011,#1150,.T.);
#783=EDGE_CURVE('',#1012,#1010,#1151,.T.);
#784=EDGE_CURVE('',#1013,#1012,#1152,.T.);
#785=EDGE_CURVE('',#1011,#1013,#1153,.T.);
#786=EDGE_CURVE('',#1005,#1007,#150,.T.);
#787=EDGE_CURVE('',#1004,#1012,#151,.T.);
#788=EDGE_CURVE('',#1010,#1005,#152,.T.);
#789=EDGE_CURVE('',#1003,#1004,#153,.T.);
#790=EDGE_CURVE('',#1010,#1007,#154,.T.);
#791=EDGE_CURVE('',#1003,#1012,#155,.T.);
#792=EDGE_CURVE('',#1006,#1009,#156,.T.);
#793=EDGE_CURVE('',#1011,#1006,#157,.T.);
#794=EDGE_CURVE('',#1002,#1013,#158,.T.);
#795=EDGE_CURVE('',#1008,#1002,#159,.T.);
#796=EDGE_CURVE('',#1011,#1009,#160,.T.);
#797=EDGE_CURVE('',#1008,#1013,#161,.T.);
#798=EDGE_CURVE('',#1014,#1015,#1154,.T.);
#799=EDGE_CURVE('',#1015,#1016,#1155,.T.);
#800=EDGE_CURVE('',#1017,#1016,#1156,.T.);
#801=EDGE_CURVE('',#1017,#1014,#1157,.T.);
#802=EDGE_CURVE('',#1018,#1019,#1158,.T.);
#803=EDGE_CURVE('',#1019,#1020,#1159,.T.);
#804=EDGE_CURVE('',#1021,#1020,#1160,.T.);
#805=EDGE_CURVE('',#1021,#1018,#1161,.T.);
#806=EDGE_CURVE('',#1022,#1023,#1162,.T.);
#807=EDGE_CURVE('',#1022,#1024,#1163,.T.);
#808=EDGE_CURVE('',#1024,#1025,#1164,.T.);
#809=EDGE_CURVE('',#1025,#1023,#1165,.T.);
#810=EDGE_CURVE('',#1026,#1027,#1166,.T.);
#811=EDGE_CURVE('',#1027,#1028,#1167,.T.);
#812=EDGE_CURVE('',#1029,#1028,#1168,.T.);
#813=EDGE_CURVE('',#1029,#1026,#1169,.T.);
#814=EDGE_CURVE('',#1020,#1022,#162,.T.);
#815=EDGE_CURVE('',#1023,#1029,#163,.T.);
#816=EDGE_CURVE('',#1028,#1017,#164,.T.);
#817=EDGE_CURVE('',#1016,#1021,#165,.T.);
#818=EDGE_CURVE('',#1024,#1019,#166,.T.);
#819=EDGE_CURVE('',#1018,#1015,#167,.T.);
#820=EDGE_CURVE('',#1014,#1027,#168,.T.);
#821=EDGE_CURVE('',#1026,#1025,#169,.T.);
#822=EDGE_CURVE('',#1030,#1031,#1170,.T.);
#823=EDGE_CURVE('',#1032,#1031,#1171,.T.);
#824=EDGE_CURVE('',#1032,#1033,#1172,.T.);
#825=EDGE_CURVE('',#1033,#1034,#1173,.T.);
#826=EDGE_CURVE('',#1034,#1035,#1174,.T.);
#827=EDGE_CURVE('',#1035,#1036,#1175,.T.);
#828=EDGE_CURVE('',#1036,#1037,#1176,.T.);
#829=EDGE_CURVE('',#1037,#1030,#1177,.T.);
#830=EDGE_CURVE('',#1038,#1039,#1178,.T.);
#831=EDGE_CURVE('',#1039,#1040,#1179,.T.);
#832=EDGE_CURVE('',#1041,#1040,#1180,.T.);
#833=EDGE_CURVE('',#1041,#1042,#1181,.T.);
#834=EDGE_CURVE('',#1042,#1043,#1182,.T.);
#835=EDGE_CURVE('',#1043,#1044,#1183,.T.);
#836=EDGE_CURVE('',#1044,#1045,#1184,.T.);
#837=EDGE_CURVE('',#1045,#1038,#1185,.T.);
#838=EDGE_CURVE('',#1046,#1047,#1186,.T.);
#839=EDGE_CURVE('',#1047,#1048,#1187,.T.);
#840=EDGE_CURVE('',#1048,#1049,#1188,.T.);
#841=EDGE_CURVE('',#1049,#1050,#1189,.T.);
#842=EDGE_CURVE('',#1050,#1051,#170,.T.);
#843=EDGE_CURVE('',#1051,#1052,#1190,.T.);
#844=EDGE_CURVE('',#1052,#1053,#171,.T.);
#845=EDGE_CURVE('',#1053,#1054,#1191,.T.);
#846=EDGE_CURVE('',#1054,#1055,#1192,.T.);
#847=EDGE_CURVE('',#1055,#1046,#1193,.T.);
#848=EDGE_CURVE('',#1056,#1057,#1194,.T.);
#849=EDGE_CURVE('',#1056,#1058,#1195,.T.);
#850=EDGE_CURVE('',#1058,#1059,#1196,.T.);
#851=EDGE_CURVE('',#1059,#1057,#1197,.T.);
#852=EDGE_CURVE('',#1060,#1061,#1198,.T.);
#853=EDGE_CURVE('',#1060,#1056,#1199,.T.);
#854=EDGE_CURVE('',#1057,#1061,#1200,.T.);
#855=EDGE_CURVE('',#1062,#1063,#1201,.T.);
#856=EDGE_CURVE('',#1063,#1060,#1202,.T.);
#857=EDGE_CURVE('',#1061,#1062,#1203,.T.);
#858=EDGE_CURVE('',#1064,#1065,#1204,.T.);
#859=EDGE_CURVE('',#1065,#1066,#1205,.T.);
#860=EDGE_CURVE('',#1066,#1067,#1206,.T.);
#861=EDGE_CURVE('',#1067,#1064,#1207,.T.);
#862=EDGE_CURVE('',#1068,#1069,#1208,.T.);
#863=EDGE_CURVE('',#1069,#1070,#1209,.T.);
#864=EDGE_CURVE('',#1070,#1071,#1210,.T.);
#865=EDGE_CURVE('',#1071,#1068,#1211,.T.);
#866=EDGE_CURVE('',#1072,#1073,#1212,.T.);
#867=EDGE_CURVE('',#1073,#1074,#1213,.T.);
#868=EDGE_CURVE('',#1074,#1075,#1214,.T.);
#869=EDGE_CURVE('',#1075,#1072,#1215,.T.);
#870=EDGE_CURVE('',#1076,#1077,#1216,.T.);
#871=EDGE_CURVE('',#1077,#1078,#1217,.T.);
#872=EDGE_CURVE('',#1078,#1079,#1218,.T.);
#873=EDGE_CURVE('',#1079,#1080,#1219,.T.);
#874=EDGE_CURVE('',#1080,#1081,#172,.T.);
#875=EDGE_CURVE('',#1081,#1082,#1220,.T.);
#876=EDGE_CURVE('',#1082,#1083,#173,.T.);
#877=EDGE_CURVE('',#1083,#1084,#1221,.T.);
#878=EDGE_CURVE('',#1084,#1085,#1222,.T.);
#879=EDGE_CURVE('',#1085,#1076,#1223,.T.);
#880=EDGE_CURVE('',#1086,#1087,#1224,.T.);
#881=EDGE_CURVE('',#1087,#1088,#1225,.T.);
#882=EDGE_CURVE('',#1088,#1089,#1226,.T.);
#883=EDGE_CURVE('',#1086,#1089,#1227,.T.);
#884=EDGE_CURVE('',#1090,#1091,#1228,.T.);
#885=EDGE_CURVE('',#1091,#1087,#174,.T.);
#886=EDGE_CURVE('',#1090,#1086,#175,.T.);
#887=EDGE_CURVE('',#1092,#1093,#1229,.T.);
#888=EDGE_CURVE('',#1093,#1091,#1230,.T.);
#889=EDGE_CURVE('',#1092,#1090,#1231,.T.);
#890=EDGE_CURVE('',#1094,#1095,#1232,.T.);
#891=EDGE_CURVE('',#1095,#1093,#176,.T.);
#892=EDGE_CURVE('',#1094,#1092,#177,.T.);
#893=EDGE_CURVE('',#1096,#1097,#1233,.T.);
#894=EDGE_CURVE('',#1097,#1095,#1234,.T.);
#895=EDGE_CURVE('',#1096,#1094,#1235,.T.);
#896=EDGE_CURVE('',#1040,#1098,#1236,.T.);
#897=EDGE_CURVE('',#1098,#1099,#1237,.T.);
#898=EDGE_CURVE('',#1099,#1032,#1238,.T.);
#899=EDGE_CURVE('',#1031,#1096,#178,.T.);
#900=EDGE_CURVE('',#1089,#1041,#179,.T.);
#901=EDGE_CURVE('',#1100,#1101,#1239,.T.);
#902=EDGE_CURVE('',#1101,#1102,#1240,.T.);
#903=EDGE_CURVE('',#1102,#1103,#1241,.T.);
#904=EDGE_CURVE('',#1103,#1100,#1242,.T.);
#905=EDGE_CURVE('',#1104,#1105,#1243,.T.);
#906=EDGE_CURVE('',#1105,#1101,#180,.T.);
#907=EDGE_CURVE('',#1100,#1104,#181,.T.);
#908=EDGE_CURVE('',#1106,#1107,#1244,.T.);
#909=EDGE_CURVE('',#1107,#1105,#1245,.T.);
#910=EDGE_CURVE('',#1104,#1106,#1246,.T.);
#911=EDGE_CURVE('',#1108,#1109,#1247,.T.);
#912=EDGE_CURVE('',#1109,#1107,#182,.T.);
#913=EDGE_CURVE('',#1106,#1108,#183,.T.);
#914=EDGE_CURVE('',#1110,#1111,#1248,.T.);
#915=EDGE_CURVE('',#1111,#1109,#1249,.T.);
#916=EDGE_CURVE('',#1108,#1110,#1250,.T.);
#917=EDGE_CURVE('',#1033,#1112,#1251,.T.);
#918=EDGE_CURVE('',#1112,#1113,#1252,.T.);
#919=EDGE_CURVE('',#1113,#1039,#1253,.T.);
#920=EDGE_CURVE('',#1038,#1110,#184,.T.);
#921=EDGE_CURVE('',#1103,#1034,#185,.T.);
#922=EDGE_CURVE('',#1051,#1105,#186,.T.);
#923=EDGE_CURVE('',#1101,#1050,#187,.T.);
#924=EDGE_CURVE('',#1102,#1049,#188,.T.);
#925=EDGE_CURVE('',#1035,#1102,#189,.T.);
#926=EDGE_CURVE('',#1052,#1107,#190,.T.);
#927=EDGE_CURVE('',#1035,#1049,#191,.T.);
#928=EDGE_CURVE('',#1093,#1082,#192,.T.);
#929=EDGE_CURVE('',#1083,#1095,#193,.T.);
#930=EDGE_CURVE('',#1053,#1109,#194,.T.);
#931=EDGE_CURVE('',#1036,#1048,#195,.T.);
#932=EDGE_CURVE('',#1097,#1030,#196,.T.);
#933=EDGE_CURVE('',#1084,#1097,#197,.T.);
#934=EDGE_CURVE('',#1091,#1081,#198,.T.);
#935=EDGE_CURVE('',#1111,#1045,#199,.T.);
#936=EDGE_CURVE('',#1054,#1111,#200,.T.);
#937=EDGE_CURVE('',#1048,#1059,#201,.T.);
#938=EDGE_CURVE('',#1057,#1047,#18,.T.);
#939=EDGE_CURVE('',#1036,#1059,#202,.T.);
#940=EDGE_CURVE('',#1084,#1030,#203,.T.);
#941=EDGE_CURVE('',#1087,#1080,#204,.T.);
#942=EDGE_CURVE('',#1054,#1045,#205,.T.);
#943=EDGE_CURVE('',#1061,#1046,#19,.T.);
#944=EDGE_CURVE('',#1037,#1058,#206,.T.);
#945=EDGE_CURVE('',#1085,#1037,#207,.T.);
#946=EDGE_CURVE('',#1088,#1079,#208,.T.);
#947=EDGE_CURVE('',#1042,#1088,#209,.T.);
#948=EDGE_CURVE('',#1055,#1044,#210,.T.);
#949=EDGE_CURVE('',#1062,#1055,#211,.T.);
#950=EDGE_CURVE('',#1085,#1058,#212,.T.);
#951=EDGE_CURVE('',#1042,#1079,#213,.T.);
#952=EDGE_CURVE('',#1062,#1044,#214,.T.);
#953=EDGE_CURVE('',#1076,#1056,#20,.T.);
#954=EDGE_CURVE('',#1043,#1078,#215,.T.);
#955=EDGE_CURVE('',#1063,#1043,#216,.T.);
#956=EDGE_CURVE('',#1077,#1060,#21,.T.);
#957=EDGE_CURVE('',#1063,#1078,#217,.T.);
#958=EDGE_CURVE('',#1033,#1073,#22,.T.);
#959=EDGE_CURVE('',#1074,#1032,#23,.T.);
#960=EDGE_CURVE('',#1075,#1099,#218,.T.);
#961=EDGE_CURVE('',#1072,#1071,#219,.T.);
#962=EDGE_CURVE('',#1068,#1075,#220,.T.);
#963=EDGE_CURVE('',#1112,#1072,#221,.T.);
#964=EDGE_CURVE('',#1068,#1099,#222,.T.);
#965=EDGE_CURVE('',#1112,#1071,#223,.T.);
#966=EDGE_CURVE('',#1069,#1098,#224,.T.);
#967=EDGE_CURVE('',#1070,#1067,#225,.T.);
#968=EDGE_CURVE('',#1064,#1069,#226,.T.);
#969=EDGE_CURVE('',#1113,#1070,#227,.T.);
#970=EDGE_CURVE('',#1064,#1098,#228,.T.);
#971=EDGE_CURVE('',#1113,#1067,#229,.T.);
#972=EDGE_CURVE('',#1065,#1040,#24,.T.);
#973=EDGE_CURVE('',#1039,#1066,#25,.T.);
#974=VERTEX_POINT('',#2639);
#975=VERTEX_POINT('',#2640);
#976=VERTEX_POINT('',#2642);
#977=VERTEX_POINT('',#2644);
#978=VERTEX_POINT('',#2646);
#979=VERTEX_POINT('',#2648);
#980=VERTEX_POINT('',#2650);
#981=VERTEX_POINT('',#2652);
#982=VERTEX_POINT('',#2655);
#983=VERTEX_POINT('',#2656);
#984=VERTEX_POINT('',#2658);
#985=VERTEX_POINT('',#2660);
#986=VERTEX_POINT('',#2662);
#987=VERTEX_POINT('',#2664);
#988=VERTEX_POINT('',#2666);
#989=VERTEX_POINT('',#2668);
#990=VERTEX_POINT('',#2672);
#991=VERTEX_POINT('',#2674);
#992=VERTEX_POINT('',#2678);
#993=VERTEX_POINT('',#2680);
#994=VERTEX_POINT('',#2684);
#995=VERTEX_POINT('',#2685);
#996=VERTEX_POINT('',#2690);
#997=VERTEX_POINT('',#2691);
#998=VERTEX_POINT('',#2696);
#999=VERTEX_POINT('',#2697);
#1000=VERTEX_POINT('',#2699);
#1001=VERTEX_POINT('',#2701);
#1002=VERTEX_POINT('',#2729);
#1003=VERTEX_POINT('',#2731);
#1004=VERTEX_POINT('',#2735);
#1005=VERTEX_POINT('',#2737);
#1006=VERTEX_POINT('',#2741);
#1007=VERTEX_POINT('',#2742);
#1008=VERTEX_POINT('',#2747);
#1009=VERTEX_POINT('',#2748);
#1010=VERTEX_POINT('',#2753);
#1011=VERTEX_POINT('',#2754);
#1012=VERTEX_POINT('',#2756);
#1013=VERTEX_POINT('',#2758);
#1014=VERTEX_POINT('',#2788);
#1015=VERTEX_POINT('',#2789);
#1016=VERTEX_POINT('',#2791);
#1017=VERTEX_POINT('',#2793);
#1018=VERTEX_POINT('',#2797);
#1019=VERTEX_POINT('',#2798);
#1020=VERTEX_POINT('',#2800);
#1021=VERTEX_POINT('',#2802);
#1022=VERTEX_POINT('',#2806);
#1023=VERTEX_POINT('',#2807);
#1024=VERTEX_POINT('',#2809);
#1025=VERTEX_POINT('',#2811);
#1026=VERTEX_POINT('',#2815);
#1027=VERTEX_POINT('',#2816);
#1028=VERTEX_POINT('',#2818);
#1029=VERTEX_POINT('',#2820);
#1030=VERTEX_POINT('',#2839);
#1031=VERTEX_POINT('',#2840);
#1032=VERTEX_POINT('',#2842);
#1033=VERTEX_POINT('',#2844);
#1034=VERTEX_POINT('',#2846);
#1035=VERTEX_POINT('',#2848);
#1036=VERTEX_POINT('',#2850);
#1037=VERTEX_POINT('',#2852);
#1038=VERTEX_POINT('',#2856);
#1039=VERTEX_POINT('',#2857);
#1040=VERTEX_POINT('',#2859);
#1041=VERTEX_POINT('',#2861);
#1042=VERTEX_POINT('',#2863);
#1043=VERTEX_POINT('',#2865);
#1044=VERTEX_POINT('',#2867);
#1045=VERTEX_POINT('',#2869);
#1046=VERTEX_POINT('',#2873);
#1047=VERTEX_POINT('',#2874);
#1048=VERTEX_POINT('',#2876);
#1049=VERTEX_POINT('',#2878);
#1050=VERTEX_POINT('',#2880);
#1051=VERTEX_POINT('',#2882);
#1052=VERTEX_POINT('',#2884);
#1053=VERTEX_POINT('',#2886);
#1054=VERTEX_POINT('',#2888);
#1055=VERTEX_POINT('',#2890);
#1056=VERTEX_POINT('',#2894);
#1057=VERTEX_POINT('',#2895);
#1058=VERTEX_POINT('',#2897);
#1059=VERTEX_POINT('',#2899);
#1060=VERTEX_POINT('',#2903);
#1061=VERTEX_POINT('',#2904);
#1062=VERTEX_POINT('',#2909);
#1063=VERTEX_POINT('',#2910);
#1064=VERTEX_POINT('',#2915);
#1065=VERTEX_POINT('',#2916);
#1066=VERTEX_POINT('',#2918);
#1067=VERTEX_POINT('',#2920);
#1068=VERTEX_POINT('',#2924);
#1069=VERTEX_POINT('',#2925);
#1070=VERTEX_POINT('',#2927);
#1071=VERTEX_POINT('',#2929);
#1072=VERTEX_POINT('',#2933);
#1073=VERTEX_POINT('',#2934);
#1074=VERTEX_POINT('',#2936);
#1075=VERTEX_POINT('',#2938);
#1076=VERTEX_POINT('',#2942);
#1077=VERTEX_POINT('',#2943);
#1078=VERTEX_POINT('',#2945);
#1079=VERTEX_POINT('',#2947);
#1080=VERTEX_POINT('',#2949);
#1081=VERTEX_POINT('',#2951);
#1082=VERTEX_POINT('',#2953);
#1083=VERTEX_POINT('',#2955);
#1084=VERTEX_POINT('',#2957);
#1085=VERTEX_POINT('',#2959);
#1086=VERTEX_POINT('',#2963);
#1087=VERTEX_POINT('',#2964);
#1088=VERTEX_POINT('',#2966);
#1089=VERTEX_POINT('',#2968);
#1090=VERTEX_POINT('',#2972);
#1091=VERTEX_POINT('',#2973);
#1092=VERTEX_POINT('',#2978);
#1093=VERTEX_POINT('',#2979);
#1094=VERTEX_POINT('',#2984);
#1095=VERTEX_POINT('',#2985);
#1096=VERTEX_POINT('',#2990);
#1097=VERTEX_POINT('',#2991);
#1098=VERTEX_POINT('',#2996);
#1099=VERTEX_POINT('',#2998);
#1100=VERTEX_POINT('',#3004);
#1101=VERTEX_POINT('',#3005);
#1102=VERTEX_POINT('',#3007);
#1103=VERTEX_POINT('',#3009);
#1104=VERTEX_POINT('',#3013);
#1105=VERTEX_POINT('',#3014);
#1106=VERTEX_POINT('',#3019);
#1107=VERTEX_POINT('',#3020);
#1108=VERTEX_POINT('',#3025);
#1109=VERTEX_POINT('',#3026);
#1110=VERTEX_POINT('',#3031);
#1111=VERTEX_POINT('',#3032);
#1112=VERTEX_POINT('',#3037);
#1113=VERTEX_POINT('',#3039);
#1114=LINE('',#2638,#1254);
#1115=LINE('',#2643,#1255);
#1116=LINE('',#2647,#1256);
#1117=LINE('',#2651,#1257);
#1118=LINE('',#2657,#1258);
#1119=LINE('',#2661,#1259);
#1120=LINE('',#2665,#1260);
#1121=LINE('',#2669,#1261);
#1122=LINE('',#2671,#1262);
#1123=LINE('',#2673,#1263);
#1124=LINE('',#2675,#1264);
#1125=LINE('',#2677,#1265);
#1126=LINE('',#2679,#1266);
#1127=LINE('',#2681,#1267);
#1128=LINE('',#2683,#1268);
#1129=LINE('',#2686,#1269);
#1130=LINE('',#2687,#1270);
#1131=LINE('',#2689,#1271);
#1132=LINE('',#2692,#1272);
#1133=LINE('',#2693,#1273);
#1134=LINE('',#2695,#1274);
#1135=LINE('',#2698,#1275);
#1136=LINE('',#2700,#1276);
#1137=LINE('',#2702,#1277);
#1138=LINE('',#2728,#1278);
#1139=LINE('',#2730,#1279);
#1140=LINE('',#2732,#1280);
#1141=LINE('',#2734,#1281);
#1142=LINE('',#2736,#1282);
#1143=LINE('',#2738,#1283);
#1144=LINE('',#2740,#1284);
#1145=LINE('',#2743,#1285);
#1146=LINE('',#2744,#1286);
#1147=LINE('',#2746,#1287);
#1148=LINE('',#2749,#1288);
#1149=LINE('',#2750,#1289);
#1150=LINE('',#2752,#1290);
#1151=LINE('',#2755,#1291);
#1152=LINE('',#2757,#1292);
#1153=LINE('',#2759,#1293);
#1154=LINE('',#2787,#1294);
#1155=LINE('',#2790,#1295);
#1156=LINE('',#2792,#1296);
#1157=LINE('',#2794,#1297);
#1158=LINE('',#2796,#1298);
#1159=LINE('',#2799,#1299);
#1160=LINE('',#2801,#1300);
#1161=LINE('',#2803,#1301);
#1162=LINE('',#2805,#1302);
#1163=LINE('',#2808,#1303);
#1164=LINE('',#2810,#1304);
#1165=LINE('',#2812,#1305);
#1166=LINE('',#2814,#1306);
#1167=LINE('',#2817,#1307);
#1168=LINE('',#2819,#1308);
#1169=LINE('',#2821,#1309);
#1170=LINE('',#2838,#1310);
#1171=LINE('',#2841,#1311);
#1172=LINE('',#2843,#1312);
#1173=LINE('',#2845,#1313);
#1174=LINE('',#2847,#1314);
#1175=LINE('',#2849,#1315);
#1176=LINE('',#2851,#1316);
#1177=LINE('',#2853,#1317);
#1178=LINE('',#2855,#1318);
#1179=LINE('',#2858,#1319);
#1180=LINE('',#2860,#1320);
#1181=LINE('',#2862,#1321);
#1182=LINE('',#2864,#1322);
#1183=LINE('',#2866,#1323);
#1184=LINE('',#2868,#1324);
#1185=LINE('',#2870,#1325);
#1186=LINE('',#2872,#1326);
#1187=LINE('',#2875,#1327);
#1188=LINE('',#2877,#1328);
#1189=LINE('',#2879,#1329);
#1190=LINE('',#2883,#1330);
#1191=LINE('',#2887,#1331);
#1192=LINE('',#2889,#1332);
#1193=LINE('',#2891,#1333);
#1194=LINE('',#2893,#1334);
#1195=LINE('',#2896,#1335);
#1196=LINE('',#2898,#1336);
#1197=LINE('',#2900,#1337);
#1198=LINE('',#2902,#1338);
#1199=LINE('',#2905,#1339);
#1200=LINE('',#2906,#1340);
#1201=LINE('',#2908,#1341);
#1202=LINE('',#2911,#1342);
#1203=LINE('',#2912,#1343);
#1204=LINE('',#2914,#1344);
#1205=LINE('',#2917,#1345);
#1206=LINE('',#2919,#1346);
#1207=LINE('',#2921,#1347);
#1208=LINE('',#2923,#1348);
#1209=LINE('',#2926,#1349);
#1210=LINE('',#2928,#1350);
#1211=LINE('',#2930,#1351);
#1212=LINE('',#2932,#1352);
#1213=LINE('',#2935,#1353);
#1214=LINE('',#2937,#1354);
#1215=LINE('',#2939,#1355);
#1216=LINE('',#2941,#1356);
#1217=LINE('',#2944,#1357);
#1218=LINE('',#2946,#1358);
#1219=LINE('',#2948,#1359);
#1220=LINE('',#2952,#1360);
#1221=LINE('',#2956,#1361);
#1222=LINE('',#2958,#1362);
#1223=LINE('',#2960,#1363);
#1224=LINE('',#2962,#1364);
#1225=LINE('',#2965,#1365);
#1226=LINE('',#2967,#1366);
#1227=LINE('',#2969,#1367);
#1228=LINE('',#2971,#1368);
#1229=LINE('',#2977,#1369);
#1230=LINE('',#2980,#1370);
#1231=LINE('',#2981,#1371);
#1232=LINE('',#2983,#1372);
#1233=LINE('',#2989,#1373);
#1234=LINE('',#2992,#1374);
#1235=LINE('',#2993,#1375);
#1236=LINE('',#2995,#1376);
#1237=LINE('',#2997,#1377);
#1238=LINE('',#2999,#1378);
#1239=LINE('',#3003,#1379);
#1240=LINE('',#3006,#1380);
#1241=LINE('',#3008,#1381);
#1242=LINE('',#3010,#1382);
#1243=LINE('',#3012,#1383);
#1244=LINE('',#3018,#1384);
#1245=LINE('',#3021,#1385);
#1246=LINE('',#3022,#1386);
#1247=LINE('',#3024,#1387);
#1248=LINE('',#3030,#1388);
#1249=LINE('',#3033,#1389);
#1250=LINE('',#3034,#1390);
#1251=LINE('',#3036,#1391);
#1252=LINE('',#3038,#1392);
#1253=LINE('',#3040,#1393);
#1254=VECTOR('',#2044,1000.);
#1255=VECTOR('',#2047,1000.);
#1256=VECTOR('',#2050,1000.);
#1257=VECTOR('',#2053,1000.);
#1258=VECTOR('',#2058,1000.);
#1259=VECTOR('',#2061,1000.);
#1260=VECTOR('',#2064,1000.);
#1261=VECTOR('',#2067,1000.);
#1262=VECTOR('',#2070,1000.);
#1263=VECTOR('',#2071,1000.);
#1264=VECTOR('',#2072,1000.);
#1265=VECTOR('',#2075,1000.);
#1266=VECTOR('',#2076,1000.);
#1267=VECTOR('',#2077,1000.);
#1268=VECTOR('',#2080,1000.);
#1269=VECTOR('',#2081,1000.);
#1270=VECTOR('',#2082,1000.);
#1271=VECTOR('',#2085,1000.);
#1272=VECTOR('',#2086,1000.);
#1273=VECTOR('',#2087,1000.);
#1274=VECTOR('',#2090,1000.);
#1275=VECTOR('',#2091,1000.);
#1276=VECTOR('',#2092,1000.);
#1277=VECTOR('',#2093,1000.);
#1278=VECTOR('',#2144,1000.);
#1279=VECTOR('',#2145,1000.);
#1280=VECTOR('',#2146,1000.);
#1281=VECTOR('',#2149,1000.);
#1282=VECTOR('',#2150,1000.);
#1283=VECTOR('',#2151,1000.);
#1284=VECTOR('',#2154,1000.);
#1285=VECTOR('',#2155,1000.);
#1286=VECTOR('',#2156,1000.);
#1287=VECTOR('',#2159,1000.);
#1288=VECTOR('',#2160,1000.);
#1289=VECTOR('',#2161,1000.);
#1290=VECTOR('',#2164,1000.);
#1291=VECTOR('',#2165,1000.);
#1292=VECTOR('',#2166,1000.);
#1293=VECTOR('',#2167,1000.);
#1294=VECTOR('',#2222,1000.);
#1295=VECTOR('',#2223,1000.);
#1296=VECTOR('',#2224,1000.);
#1297=VECTOR('',#2225,1000.);
#1298=VECTOR('',#2228,1000.);
#1299=VECTOR('',#2229,1000.);
#1300=VECTOR('',#2230,1000.);
#1301=VECTOR('',#2231,1000.);
#1302=VECTOR('',#2234,1000.);
#1303=VECTOR('',#2235,1000.);
#1304=VECTOR('',#2236,1000.);
#1305=VECTOR('',#2237,1000.);
#1306=VECTOR('',#2240,1000.);
#1307=VECTOR('',#2241,1000.);
#1308=VECTOR('',#2242,1000.);
#1309=VECTOR('',#2243,1000.);
#1310=VECTOR('',#2276,1000.);
#1311=VECTOR('',#2277,1000.);
#1312=VECTOR('',#2278,1000.);
#1313=VECTOR('',#2279,1000.);
#1314=VECTOR('',#2280,1000.);
#1315=VECTOR('',#2281,1000.);
#1316=VECTOR('',#2282,1000.);
#1317=VECTOR('',#2283,1000.);
#1318=VECTOR('',#2286,1000.);
#1319=VECTOR('',#2287,1000.);
#1320=VECTOR('',#2288,1000.);
#1321=VECTOR('',#2289,1000.);
#1322=VECTOR('',#2290,1000.);
#1323=VECTOR('',#2291,1000.);
#1324=VECTOR('',#2292,1000.);
#1325=VECTOR('',#2293,1000.);
#1326=VECTOR('',#2296,1000.);
#1327=VECTOR('',#2297,1000.);
#1328=VECTOR('',#2298,1000.);
#1329=VECTOR('',#2299,1000.);
#1330=VECTOR('',#2302,1000.);
#1331=VECTOR('',#2305,1000.);
#1332=VECTOR('',#2306,1000.);
#1333=VECTOR('',#2307,1000.);
#1334=VECTOR('',#2310,1000.);
#1335=VECTOR('',#2311,1000.);
#1336=VECTOR('',#2312,1000.);
#1337=VECTOR('',#2313,1000.);
#1338=VECTOR('',#2316,1000.);
#1339=VECTOR('',#2317,1000.);
#1340=VECTOR('',#2318,1000.);
#1341=VECTOR('',#2321,1000.);
#1342=VECTOR('',#2322,1000.);
#1343=VECTOR('',#2323,1000.);
#1344=VECTOR('',#2326,1000.);
#1345=VECTOR('',#2327,1000.);
#1346=VECTOR('',#2328,1000.);
#1347=VECTOR('',#2329,1000.);
#1348=VECTOR('',#2332,1000.);
#1349=VECTOR('',#2333,1000.);
#1350=VECTOR('',#2334,1000.);
#1351=VECTOR('',#2335,1000.);
#1352=VECTOR('',#2338,1000.);
#1353=VECTOR('',#2339,1000.);
#1354=VECTOR('',#2340,1000.);
#1355=VECTOR('',#2341,1000.);
#1356=VECTOR('',#2344,1000.);
#1357=VECTOR('',#2345,1000.);
#1358=VECTOR('',#2346,1000.);
#1359=VECTOR('',#2347,1000.);
#1360=VECTOR('',#2350,1000.);
#1361=VECTOR('',#2353,1000.);
#1362=VECTOR('',#2354,1000.);
#1363=VECTOR('',#2355,1000.);
#1364=VECTOR('',#2358,1000.);
#1365=VECTOR('',#2359,1000.);
#1366=VECTOR('',#2360,1000.);
#1367=VECTOR('',#2361,1000.);
#1368=VECTOR('',#2364,1000.);
#1369=VECTOR('',#2371,1000.);
#1370=VECTOR('',#2372,1000.);
#1371=VECTOR('',#2373,1000.);
#1372=VECTOR('',#2376,1000.);
#1373=VECTOR('',#2383,1000.);
#1374=VECTOR('',#2384,1000.);
#1375=VECTOR('',#2385,1000.);
#1376=VECTOR('',#2388,1000.);
#1377=VECTOR('',#2389,1000.);
#1378=VECTOR('',#2390,1000.);
#1379=VECTOR('',#2397,1000.);
#1380=VECTOR('',#2398,1000.);
#1381=VECTOR('',#2399,1000.);
#1382=VECTOR('',#2400,1000.);
#1383=VECTOR('',#2403,1000.);
#1384=VECTOR('',#2410,1000.);
#1385=VECTOR('',#2411,1000.);
#1386=VECTOR('',#2412,1000.);
#1387=VECTOR('',#2415,1000.);
#1388=VECTOR('',#2422,1000.);
#1389=VECTOR('',#2423,1000.);
#1390=VECTOR('',#2424,1000.);
#1391=VECTOR('',#2427,1000.);
#1392=VECTOR('',#2428,1000.);
#1393=VECTOR('',#2429,1000.);
#1394=EDGE_LOOP('',(#230,#231,#232,#233,#234,#235,#236,#237));
#1395=EDGE_LOOP('',(#238,#239,#240,#241,#242,#243,#244,#245));
#1396=EDGE_LOOP('',(#246,#247,#248,#249));
#1397=EDGE_LOOP('',(#250,#251,#252,#253));
#1398=EDGE_LOOP('',(#254,#255,#256,#257));
#1399=EDGE_LOOP('',(#258,#259,#260,#261));
#1400=EDGE_LOOP('',(#262,#263,#264,#265));
#1401=EDGE_LOOP('',(#266,#267,#268,#269));
#1402=EDGE_LOOP('',(#270,#271,#272,#273));
#1403=EDGE_LOOP('',(#274,#275,#276,#277));
#1404=EDGE_LOOP('',(#278,#279,#280));
#1405=EDGE_LOOP('',(#281,#282,#283));
#1406=EDGE_LOOP('',(#284,#285,#286,#287));
#1407=EDGE_LOOP('',(#288,#289,#290,#291));
#1408=EDGE_LOOP('',(#292,#293,#294,#295));
#1409=EDGE_LOOP('',(#296,#297,#298,#299));
#1410=EDGE_LOOP('',(#300,#301,#302));
#1411=EDGE_LOOP('',(#303,#304,#305));
#1412=EDGE_LOOP('',(#306,#307,#308,#309));
#1413=EDGE_LOOP('',(#310,#311,#312,#313));
#1414=EDGE_LOOP('',(#314,#315,#316,#317));
#1415=EDGE_LOOP('',(#318,#319,#320,#321));
#1416=EDGE_LOOP('',(#322,#323,#324,#325));
#1417=EDGE_LOOP('',(#326,#327,#328,#329));
#1418=EDGE_LOOP('',(#330,#331,#332,#333));
#1419=EDGE_LOOP('',(#334,#335,#336,#337));
#1420=EDGE_LOOP('',(#338,#339,#340,#341));
#1421=EDGE_LOOP('',(#342,#343,#344));
#1422=EDGE_LOOP('',(#345,#346,#347));
#1423=EDGE_LOOP('',(#348,#349,#350,#351));
#1424=EDGE_LOOP('',(#352,#353,#354,#355));
#1425=EDGE_LOOP('',(#356,#357,#358,#359));
#1426=EDGE_LOOP('',(#360,#361,#362,#363));
#1427=EDGE_LOOP('',(#364,#365,#366));
#1428=EDGE_LOOP('',(#367,#368,#369));
#1429=EDGE_LOOP('',(#370,#371,#372,#373));
#1430=EDGE_LOOP('',(#374,#375,#376,#377));
#1431=EDGE_LOOP('',(#378,#379,#380,#381));
#1432=EDGE_LOOP('',(#382,#383,#384,#385));
#1433=EDGE_LOOP('',(#386,#387,#388,#389));
#1434=EDGE_LOOP('',(#390,#391,#392,#393,#394,#395,#396,#397));
#1435=EDGE_LOOP('',(#398,#399,#400,#401,#402,#403,#404,#405));
#1436=EDGE_LOOP('',(#406,#407,#408,#409));
#1437=EDGE_LOOP('',(#410,#411,#412,#413));
#1438=EDGE_LOOP('',(#414,#415,#416,#417));
#1439=EDGE_LOOP('',(#418,#419,#420,#421));
#1440=EDGE_LOOP('',(#422,#423,#424,#425,#426,#427,#428,#429));
#1441=EDGE_LOOP('',(#430,#431,#432,#433,#434,#435,#436,#437));
#1442=EDGE_LOOP('',(#438,#439,#440,#441,#442,#443,#444,#445,#446,#447));
#1443=EDGE_LOOP('',(#448,#449,#450,#451));
#1444=EDGE_LOOP('',(#452,#453,#454,#455));
#1445=EDGE_LOOP('',(#456,#457,#458,#459));
#1446=EDGE_LOOP('',(#460,#461,#462,#463));
#1447=EDGE_LOOP('',(#464,#465,#466,#467));
#1448=EDGE_LOOP('',(#468,#469,#470,#471));
#1449=EDGE_LOOP('',(#472,#473,#474,#475,#476,#477,#478,#479,#480,#481));
#1450=EDGE_LOOP('',(#482,#483,#484,#485));
#1451=EDGE_LOOP('',(#486,#487,#488,#489));
#1452=EDGE_LOOP('',(#490,#491,#492,#493));
#1453=EDGE_LOOP('',(#494,#495,#496,#497));
#1454=EDGE_LOOP('',(#498,#499,#500,#501));
#1455=EDGE_LOOP('',(#502,#503,#504,#505,#506,#507,#508,#509,#510,#511,#512,
#513));
#1456=EDGE_LOOP('',(#514,#515,#516,#517));
#1457=EDGE_LOOP('',(#518,#519,#520,#521));
#1458=EDGE_LOOP('',(#522,#523,#524,#525));
#1459=EDGE_LOOP('',(#526,#527,#528,#529));
#1460=EDGE_LOOP('',(#530,#531,#532,#533));
#1461=EDGE_LOOP('',(#534,#535,#536,#537,#538,#539,#540,#541,#542,#543,#544,
#545));
#1462=EDGE_LOOP('',(#546,#547,#548,#549));
#1463=EDGE_LOOP('',(#550,#551,#552,#553));
#1464=EDGE_LOOP('',(#554,#555,#556,#557));
#1465=EDGE_LOOP('',(#558,#559,#560,#561));
#1466=EDGE_LOOP('',(#562,#563,#564));
#1467=EDGE_LOOP('',(#565,#566,#567,#568));
#1468=EDGE_LOOP('',(#569,#570,#571,#572));
#1469=EDGE_LOOP('',(#573,#574,#575,#576));
#1470=EDGE_LOOP('',(#577,#578,#579,#580));
#1471=EDGE_LOOP('',(#581,#582,#583,#584));
#1472=EDGE_LOOP('',(#585,#586,#587,#588));
#1473=EDGE_LOOP('',(#589,#590,#591,#592));
#1474=EDGE_LOOP('',(#593,#594,#595,#596));
#1475=EDGE_LOOP('',(#597,#598,#599,#600));
#1476=EDGE_LOOP('',(#601,#602,#603));
#1477=EDGE_LOOP('',(#604,#605,#606));
#1478=EDGE_LOOP('',(#607,#608,#609,#610));
#1479=EDGE_LOOP('',(#611,#612,#613));
#1480=EDGE_LOOP('',(#614,#615,#616,#617));
#1481=EDGE_LOOP('',(#618,#619,#620,#621));
#1482=EDGE_LOOP('',(#622,#623,#624,#625));
#1483=EDGE_LOOP('',(#626,#627,#628,#629));
#1484=EDGE_LOOP('',(#630,#631,#632,#633));
#1485=EDGE_LOOP('',(#634,#635,#636,#637));
#1486=EDGE_LOOP('',(#638,#639,#640,#641));
#1487=EDGE_LOOP('',(#642,#643,#644));
#1488=EDGE_LOOP('',(#645,#646,#647));
#1489=EDGE_LOOP('',(#648,#649,#650));
#1490=EDGE_LOOP('',(#651,#652,#653,#654));
#1491=EDGE_LOOP('',(#655,#656,#657,#658));
#1492=EDGE_LOOP('',(#659,#660,#661,#662));
#1493=EDGE_LOOP('',(#663,#664,#665,#666));
#1494=EDGE_LOOP('',(#667,#668,#669));
#1495=EDGE_LOOP('',(#670,#671,#672,#673));
#1496=EDGE_LOOP('',(#674,#675,#676,#677));
#1497=EDGE_LOOP('',(#678,#679,#680,#681));
#1498=EDGE_LOOP('',(#682,#683,#684,#685));
#1499=EDGE_LOOP('',(#686,#687,#688,#689));
#1500=EDGE_LOOP('',(#690,#691,#692));
#1501=EDGE_LOOP('',(#693,#694,#695));
#1502=EDGE_LOOP('',(#696,#697,#698,#699));
#1503=EDGE_LOOP('',(#700,#701,#702,#703));
#1504=EDGE_LOOP('',(#704,#705,#706,#707));
#1505=EDGE_LOOP('',(#708,#709,#710));
#1506=EDGE_LOOP('',(#711,#712,#713));
#1507=EDGE_LOOP('',(#714,#715,#716,#717));
#1508=EDGE_LOOP('',(#718,#719,#720,#721));
#1509=EDGE_LOOP('',(#722,#723,#724,#725));
#1510=FACE_BOUND('',#1394,.T.);
#1511=FACE_BOUND('',#1395,.T.);
#1512=FACE_BOUND('',#1396,.T.);
#1513=FACE_BOUND('',#1397,.T.);
#1514=FACE_BOUND('',#1398,.T.);
#1515=FACE_BOUND('',#1399,.T.);
#1516=FACE_BOUND('',#1400,.T.);
#1517=FACE_BOUND('',#1401,.T.);
#1518=FACE_BOUND('',#1402,.T.);
#1519=FACE_BOUND('',#1403,.T.);
#1520=FACE_BOUND('',#1404,.T.);
#1521=FACE_BOUND('',#1405,.T.);
#1522=FACE_BOUND('',#1406,.T.);
#1523=FACE_BOUND('',#1407,.T.);
#1524=FACE_BOUND('',#1408,.T.);
#1525=FACE_BOUND('',#1409,.T.);
#1526=FACE_BOUND('',#1410,.T.);
#1527=FACE_BOUND('',#1411,.T.);
#1528=FACE_BOUND('',#1412,.T.);
#1529=FACE_BOUND('',#1413,.T.);
#1530=FACE_BOUND('',#1414,.T.);
#1531=FACE_BOUND('',#1415,.T.);
#1532=FACE_BOUND('',#1416,.T.);
#1533=FACE_BOUND('',#1417,.T.);
#1534=FACE_BOUND('',#1418,.T.);
#1535=FACE_BOUND('',#1419,.T.);
#1536=FACE_BOUND('',#1420,.T.);
#1537=FACE_BOUND('',#1421,.T.);
#1538=FACE_BOUND('',#1422,.T.);
#1539=FACE_BOUND('',#1423,.T.);
#1540=FACE_BOUND('',#1424,.T.);
#1541=FACE_BOUND('',#1425,.T.);
#1542=FACE_BOUND('',#1426,.T.);
#1543=FACE_BOUND('',#1427,.T.);
#1544=FACE_BOUND('',#1428,.T.);
#1545=FACE_BOUND('',#1429,.T.);
#1546=FACE_BOUND('',#1430,.T.);
#1547=FACE_BOUND('',#1431,.T.);
#1548=FACE_BOUND('',#1432,.T.);
#1549=FACE_BOUND('',#1433,.T.);
#1550=FACE_BOUND('',#1434,.T.);
#1551=FACE_BOUND('',#1435,.T.);
#1552=FACE_BOUND('',#1436,.T.);
#1553=FACE_BOUND('',#1437,.T.);
#1554=FACE_BOUND('',#1438,.T.);
#1555=FACE_BOUND('',#1439,.T.);
#1556=FACE_BOUND('',#1440,.T.);
#1557=FACE_BOUND('',#1441,.T.);
#1558=FACE_BOUND('',#1442,.T.);
#1559=FACE_BOUND('',#1443,.T.);
#1560=FACE_BOUND('',#1444,.T.);
#1561=FACE_BOUND('',#1445,.T.);
#1562=FACE_BOUND('',#1446,.T.);
#1563=FACE_BOUND('',#1447,.T.);
#1564=FACE_BOUND('',#1448,.T.);
#1565=FACE_BOUND('',#1449,.T.);
#1566=FACE_BOUND('',#1450,.T.);
#1567=FACE_BOUND('',#1451,.T.);
#1568=FACE_BOUND('',#1452,.T.);
#1569=FACE_BOUND('',#1453,.T.);
#1570=FACE_BOUND('',#1454,.T.);
#1571=FACE_BOUND('',#1455,.T.);
#1572=FACE_BOUND('',#1456,.T.);
#1573=FACE_BOUND('',#1457,.T.);
#1574=FACE_BOUND('',#1458,.T.);
#1575=FACE_BOUND('',#1459,.T.);
#1576=FACE_BOUND('',#1460,.T.);
#1577=FACE_BOUND('',#1461,.T.);
#1578=FACE_BOUND('',#1462,.T.);
#1579=FACE_BOUND('',#1463,.T.);
#1580=FACE_BOUND('',#1464,.T.);
#1581=FACE_BOUND('',#1465,.T.);
#1582=FACE_BOUND('',#1466,.T.);
#1583=FACE_BOUND('',#1467,.T.);
#1584=FACE_BOUND('',#1468,.T.);
#1585=FACE_BOUND('',#1469,.T.);
#1586=FACE_BOUND('',#1470,.T.);
#1587=FACE_BOUND('',#1471,.T.);
#1588=FACE_BOUND('',#1472,.T.);
#1589=FACE_BOUND('',#1473,.T.);
#1590=FACE_BOUND('',#1474,.T.);
#1591=FACE_BOUND('',#1475,.T.);
#1592=FACE_BOUND('',#1476,.T.);
#1593=FACE_BOUND('',#1477,.T.);
#1594=FACE_BOUND('',#1478,.T.);
#1595=FACE_BOUND('',#1479,.T.);
#1596=FACE_BOUND('',#1480,.T.);
#1597=FACE_BOUND('',#1481,.T.);
#1598=FACE_BOUND('',#1482,.T.);
#1599=FACE_BOUND('',#1483,.T.);
#1600=FACE_BOUND('',#1484,.T.);
#1601=FACE_BOUND('',#1485,.T.);
#1602=FACE_BOUND('',#1486,.T.);
#1603=FACE_BOUND('',#1487,.T.);
#1604=FACE_BOUND('',#1488,.T.);
#1605=FACE_BOUND('',#1489,.T.);
#1606=FACE_BOUND('',#1490,.T.);
#1607=FACE_BOUND('',#1491,.T.);
#1608=FACE_BOUND('',#1492,.T.);
#1609=FACE_BOUND('',#1493,.T.);
#1610=FACE_BOUND('',#1494,.T.);
#1611=FACE_BOUND('',#1495,.T.);
#1612=FACE_BOUND('',#1496,.T.);
#1613=FACE_BOUND('',#1497,.T.);
#1614=FACE_BOUND('',#1498,.T.);
#1615=FACE_BOUND('',#1499,.T.);
#1616=FACE_BOUND('',#1500,.T.);
#1617=FACE_BOUND('',#1501,.T.);
#1618=FACE_BOUND('',#1502,.T.);
#1619=FACE_BOUND('',#1503,.T.);
#1620=FACE_BOUND('',#1504,.T.);
#1621=FACE_BOUND('',#1505,.T.);
#1622=FACE_BOUND('',#1506,.T.);
#1623=FACE_BOUND('',#1507,.T.);
#1624=FACE_BOUND('',#1508,.T.);
#1625=FACE_BOUND('',#1509,.T.);
#1626=PLANE('',#1813);
#1627=PLANE('',#1822);
#1628=PLANE('',#1823);
#1629=PLANE('',#1824);
#1630=PLANE('',#1825);
#1631=PLANE('',#1826);
#1632=PLANE('',#1851);
#1633=PLANE('',#1852);
#1634=PLANE('',#1853);
#1635=PLANE('',#1854);
#1636=PLANE('',#1855);
#1637=PLANE('',#1882);
#1638=PLANE('',#1883);
#1639=PLANE('',#1884);
#1640=PLANE('',#1885);
#1641=PLANE('',#1886);
#1642=PLANE('',#1891);
#1643=PLANE('',#1901);
#1644=PLANE('',#1902);
#1645=PLANE('',#1903);
#1646=PLANE('',#1906);
#1647=PLANE('',#1907);
#1648=PLANE('',#1908);
#1649=PLANE('',#1909);
#1650=PLANE('',#1910);
#1651=PLANE('',#1911);
#1652=PLANE('',#1912);
#1653=PLANE('',#1915);
#1654=PLANE('',#1919);
#1655=PLANE('',#1923);
#1656=PLANE('',#1924);
#1657=PLANE('',#1927);
#1658=PLANE('',#1931);
#1659=PLANE('',#1935);
#1660=PLANE('',#1936);
#1661=ADVANCED_FACE('',(#1510,#1511),#1626,.F.);
#1662=ADVANCED_FACE('',(#1512),#1627,.F.);
#1663=ADVANCED_FACE('',(#1513),#1628,.F.);
#1664=ADVANCED_FACE('',(#1514),#1629,.F.);
#1665=ADVANCED_FACE('',(#1515),#1630,.F.);
#1666=ADVANCED_FACE('',(#1516),#1631,.T.);
#1667=ADVANCED_FACE('',(#1517),#74,.T.);
#1668=ADVANCED_FACE('',(#1518),#75,.T.);
#1669=ADVANCED_FACE('',(#1519),#76,.T.);
#1670=ADVANCED_FACE('',(#1520),#54,.T.);
#1671=ADVANCED_FACE('',(#1521),#55,.T.);
#1672=ADVANCED_FACE('',(#1522),#77,.T.);
#1673=ADVANCED_FACE('',(#1523),#78,.T.);
#1674=ADVANCED_FACE('',(#1524),#79,.T.);
#1675=ADVANCED_FACE('',(#1525),#80,.T.);
#1676=ADVANCED_FACE('',(#1526),#56,.T.);
#1677=ADVANCED_FACE('',(#1527),#57,.T.);
#1678=ADVANCED_FACE('',(#1528),#81,.T.);
#1679=ADVANCED_FACE('',(#1529),#1632,.T.);
#1680=ADVANCED_FACE('',(#1530),#1633,.T.);
#1681=ADVANCED_FACE('',(#1531),#1634,.T.);
#1682=ADVANCED_FACE('',(#1532),#1635,.T.);
#1683=ADVANCED_FACE('',(#1533),#1636,.F.);
#1684=ADVANCED_FACE('',(#1534),#82,.F.);
#1685=ADVANCED_FACE('',(#1535),#83,.F.);
#1686=ADVANCED_FACE('',(#1536),#84,.F.);
#1687=ADVANCED_FACE('',(#1537),#58,.F.);
#1688=ADVANCED_FACE('',(#1538),#59,.F.);
#1689=ADVANCED_FACE('',(#1539),#85,.F.);
#1690=ADVANCED_FACE('',(#1540),#86,.F.);
#1691=ADVANCED_FACE('',(#1541),#87,.F.);
#1692=ADVANCED_FACE('',(#1542),#88,.F.);
#1693=ADVANCED_FACE('',(#1543),#60,.F.);
#1694=ADVANCED_FACE('',(#1544),#61,.F.);
#1695=ADVANCED_FACE('',(#1545),#89,.F.);
#1696=ADVANCED_FACE('',(#1546),#1637,.F.);
#1697=ADVANCED_FACE('',(#1547),#1638,.F.);
#1698=ADVANCED_FACE('',(#1548),#1639,.F.);
#1699=ADVANCED_FACE('',(#1549),#1640,.F.);
#1700=ADVANCED_FACE('',(#1550),#1641,.T.);
#1701=ADVANCED_FACE('',(#1551),#1642,.F.);
#1702=ADVANCED_FACE('',(#1552),#90,.T.);
#1703=ADVANCED_FACE('',(#1553),#91,.T.);
#1704=ADVANCED_FACE('',(#1554),#92,.T.);
#1705=ADVANCED_FACE('',(#1555),#93,.T.);
#1706=ADVANCED_FACE('',(#1556),#1643,.F.);
#1707=ADVANCED_FACE('',(#1557),#1644,.F.);
#1708=ADVANCED_FACE('',(#1558),#1645,.T.);
#1709=ADVANCED_FACE('',(#1559),#1646,.F.);
#1710=ADVANCED_FACE('',(#1560),#1647,.F.);
#1711=ADVANCED_FACE('',(#1561),#1648,.F.);
#1712=ADVANCED_FACE('',(#1562),#1649,.F.);
#1713=ADVANCED_FACE('',(#1563),#1650,.F.);
#1714=ADVANCED_FACE('',(#1564),#1651,.F.);
#1715=ADVANCED_FACE('',(#1565),#1652,.F.);
#1716=ADVANCED_FACE('',(#1566),#1653,.F.);
#1717=ADVANCED_FACE('',(#1567),#94,.T.);
#1718=ADVANCED_FACE('',(#1568),#1654,.F.);
#1719=ADVANCED_FACE('',(#1569),#95,.T.);
#1720=ADVANCED_FACE('',(#1570),#1655,.F.);
#1721=ADVANCED_FACE('',(#1571),#1656,.F.);
#1722=ADVANCED_FACE('',(#1572),#1657,.F.);
#1723=ADVANCED_FACE('',(#1573),#96,.T.);
#1724=ADVANCED_FACE('',(#1574),#1658,.F.);
#1725=ADVANCED_FACE('',(#1575),#97,.T.);
#1726=ADVANCED_FACE('',(#1576),#1659,.F.);
#1727=ADVANCED_FACE('',(#1577),#1660,.F.);
#1728=ADVANCED_FACE('',(#1578),#28,.T.);
#1729=ADVANCED_FACE('',(#1579),#98,.T.);
#1730=ADVANCED_FACE('',(#1580),#99,.T.);
#1731=ADVANCED_FACE('',(#1581),#100,.T.);
#1732=ADVANCED_FACE('',(#1582),#62,.T.);
#1733=ADVANCED_FACE('',(#1583),#29,.T.);
#1734=ADVANCED_FACE('',(#1584),#26,.T.);
#1735=ADVANCED_FACE('',(#1585),#101,.T.);
#1736=ADVANCED_FACE('',(#1586),#102,.T.);
#1737=ADVANCED_FACE('',(#1587),#103,.T.);
#1738=ADVANCED_FACE('',(#1588),#104,.T.);
#1739=ADVANCED_FACE('',(#1589),#105,.T.);
#1740=ADVANCED_FACE('',(#1590),#106,.T.);
#1741=ADVANCED_FACE('',(#1591),#107,.T.);
#1742=ADVANCED_FACE('',(#1592),#63,.T.);
#1743=ADVANCED_FACE('',(#1593),#64,.T.);
#1744=ADVANCED_FACE('',(#1594),#27,.T.);
#1745=ADVANCED_FACE('',(#1595),#65,.T.);
#1746=ADVANCED_FACE('',(#1596),#108,.T.);
#1747=ADVANCED_FACE('',(#1597),#109,.T.);
#1748=ADVANCED_FACE('',(#1598),#110,.T.);
#1749=ADVANCED_FACE('',(#1599),#111,.T.);
#1750=ADVANCED_FACE('',(#1600),#112,.T.);
#1751=ADVANCED_FACE('',(#1601),#113,.T.);
#1752=ADVANCED_FACE('',(#1602),#114,.T.);
#1753=ADVANCED_FACE('',(#1603),#66,.T.);
#1754=ADVANCED_FACE('',(#1604),#67,.T.);
#1755=ADVANCED_FACE('',(#1605),#68,.T.);
#1756=ADVANCED_FACE('',(#1606),#115,.T.);
#1757=ADVANCED_FACE('',(#1607),#116,.T.);
#1758=ADVANCED_FACE('',(#1608),#117,.T.);
#1759=ADVANCED_FACE('',(#1609),#118,.T.);
#1760=ADVANCED_FACE('',(#1610),#69,.T.);
#1761=ADVANCED_FACE('',(#1611),#119,.T.);
#1762=ADVANCED_FACE('',(#1612),#120,.T.);
#1763=ADVANCED_FACE('',(#1613),#121,.T.);
#1764=ADVANCED_FACE('',(#1614),#122,.T.);
#1765=ADVANCED_FACE('',(#1615),#123,.T.);
#1766=ADVANCED_FACE('',(#1616),#70,.T.);
#1767=ADVANCED_FACE('',(#1617),#71,.T.);
#1768=ADVANCED_FACE('',(#1618),#124,.T.);
#1769=ADVANCED_FACE('',(#1619),#125,.T.);
#1770=ADVANCED_FACE('',(#1620),#126,.T.);
#1771=ADVANCED_FACE('',(#1621),#72,.T.);
#1772=ADVANCED_FACE('',(#1622),#73,.T.);
#1773=ADVANCED_FACE('',(#1623),#127,.T.);
#1774=ADVANCED_FACE('',(#1624),#128,.T.);
#1775=ADVANCED_FACE('',(#1625),#129,.T.);
#1776=CLOSED_SHELL('',(#1661,#1662,#1663,#1664,#1665,#1666,#1667,#1668,
#1669,#1670,#1671,#1672,#1673,#1674,#1675,#1676,#1677,#1678,#1679,#1680,
#1681,#1682,#1683,#1684,#1685,#1686,#1687,#1688,#1689,#1690,#1691,#1692,
#1693,#1694,#1695));
#1777=CLOSED_SHELL('',(#1696,#1697,#1698,#1699,#1700,#1701,#1702,#1703,
#1704,#1705));
#1778=CLOSED_SHELL('',(#1706,#1707,#1708,#1709,#1710,#1711,#1712,#1713,
#1714,#1715,#1716,#1717,#1718,#1719,#1720,#1721,#1722,#1723,#1724,#1725,
#1726,#1727,#1728,#1729,#1730,#1731,#1732,#1733,#1734,#1735,#1736,#1737,
#1738,#1739,#1740,#1741,#1742,#1743,#1744,#1745,#1746,#1747,#1748,#1749,
#1750,#1751,#1752,#1753,#1754,#1755,#1756,#1757,#1758,#1759,#1760,#1761,
#1762,#1763,#1764,#1765,#1766,#1767,#1768,#1769,#1770,#1771,#1772,#1773,
#1774,#1775));
#1779=STYLED_ITEM('',(#1782),#1801);
#1780=STYLED_ITEM('',(#1783),#1802);
#1781=STYLED_ITEM('',(#1784),#1803);
#1782=PRESENTATION_STYLE_ASSIGNMENT((#1785));
#1783=PRESENTATION_STYLE_ASSIGNMENT((#1786));
#1784=PRESENTATION_STYLE_ASSIGNMENT((#1787));
#1785=SURFACE_STYLE_USAGE(.BOTH.,#1788);
#1786=SURFACE_STYLE_USAGE(.BOTH.,#1789);
#1787=SURFACE_STYLE_USAGE(.BOTH.,#1790);
#1788=SURFACE_SIDE_STYLE('',(#1791));
#1789=SURFACE_SIDE_STYLE('',(#1792));
#1790=SURFACE_SIDE_STYLE('',(#1793));
#1791=SURFACE_STYLE_FILL_AREA(#1794);
#1792=SURFACE_STYLE_FILL_AREA(#1795);
#1793=SURFACE_STYLE_FILL_AREA(#1796);
#1794=FILL_AREA_STYLE('',(#1797));
#1795=FILL_AREA_STYLE('',(#1798));
#1796=FILL_AREA_STYLE('',(#1799));
#1797=FILL_AREA_STYLE_COLOUR('',#1800);
#1798=FILL_AREA_STYLE_COLOUR('',#30);
#1799=FILL_AREA_STYLE_COLOUR('',#31);
#1800=COLOUR_RGB('',0.768627450980392,0.768627450980392,0.768627450980392);
#1801=MANIFOLD_SOLID_BREP('\X\C3\X2\019200C2008D00C3019200C200A200C3019200C6201900C3201A00C200B1\X0\',
#1776);
#1802=MANIFOLD_SOLID_BREP('\X\C3\X2\201A00C200B800C3019200E220AC00A100C3201A00C200B000C3019200C200A5\X0\',
#1777);
#1803=MANIFOLD_SOLID_BREP('\X\C3\X2\201A00C200B400C3019200E220AC00B000C3201A00C200B900C3019200C5201C\X0\',
#1778);
#1804=SHAPE_DEFINITION_REPRESENTATION(#3156,#1808);
#1805=SHAPE_DEFINITION_REPRESENTATION(#3157,#1809);
#1806=SHAPE_DEFINITION_REPRESENTATION(#3160,#1810);
#1807=SHAPE_DEFINITION_REPRESENTATION(#3162,#1811);
#1808=SHAPE_REPRESENTATION('0ACA-9400-TE',(#1812,#1880,#1881,#1900,#2039),
#3145);
#1809=SHAPE_REPRESENTATION('0ACA-9400-TE_PART1',(#1812),#3146);
#1810=SHAPE_REPRESENTATION('0ACA-9400-TE_PART2',(#1812),#3147);
#1811=SHAPE_REPRESENTATION('0ACA-9400-TE_PART3',(#1812),#3148);
#1812=AXIS2_PLACEMENT_3D('',#2636,#2040,#2041);
#1813=AXIS2_PLACEMENT_3D('',#2637,#2042,#2043);
#1814=AXIS2_PLACEMENT_3D('',#2641,#2045,#2046);
#1815=AXIS2_PLACEMENT_3D('',#2645,#2048,#2049);
#1816=AXIS2_PLACEMENT_3D('',#2649,#2051,#2052);
#1817=AXIS2_PLACEMENT_3D('',#2653,#2054,#2055);
#1818=AXIS2_PLACEMENT_3D('',#2654,#2056,#2057);
#1819=AXIS2_PLACEMENT_3D('',#2659,#2059,#2060);
#1820=AXIS2_PLACEMENT_3D('',#2663,#2062,#2063);
#1821=AXIS2_PLACEMENT_3D('',#2667,#2065,#2066);
#1822=AXIS2_PLACEMENT_3D('',#2670,#2068,#2069);
#1823=AXIS2_PLACEMENT_3D('',#2676,#2073,#2074);
#1824=AXIS2_PLACEMENT_3D('',#2682,#2078,#2079);
#1825=AXIS2_PLACEMENT_3D('',#2688,#2083,#2084);
#1826=AXIS2_PLACEMENT_3D('',#2694,#2088,#2089);
#1827=AXIS2_PLACEMENT_3D('',#2703,#2094,#2095);
#1828=AXIS2_PLACEMENT_3D('',#2704,#2096,#2097);
#1829=AXIS2_PLACEMENT_3D('',#2705,#2098,#2099);
#1830=AXIS2_PLACEMENT_3D('',#2706,#2100,#2101);
#1831=AXIS2_PLACEMENT_3D('',#2707,#2102,#2103);
#1832=AXIS2_PLACEMENT_3D('',#2708,#2104,#2105);
#1833=AXIS2_PLACEMENT_3D('',#2709,#2106,#2107);
#1834=AXIS2_PLACEMENT_3D('',#2710,#2108,#2109);
#1835=AXIS2_PLACEMENT_3D('',#2711,#2110,#2111);
#1836=AXIS2_PLACEMENT_3D('',#2712,#2112,#2113);
#1837=AXIS2_PLACEMENT_3D('',#2713,#2114,#2115);
#1838=AXIS2_PLACEMENT_3D('',#2714,#2116,#2117);
#1839=AXIS2_PLACEMENT_3D('',#2715,#2118,#2119);
#1840=AXIS2_PLACEMENT_3D('',#2716,#2120,#2121);
#1841=AXIS2_PLACEMENT_3D('',#2717,#2122,#2123);
#1842=AXIS2_PLACEMENT_3D('',#2718,#2124,#2125);
#1843=AXIS2_PLACEMENT_3D('',#2719,#2126,#2127);
#1844=AXIS2_PLACEMENT_3D('',#2720,#2128,#2129);
#1845=AXIS2_PLACEMENT_3D('',#2721,#2130,#2131);
#1846=AXIS2_PLACEMENT_3D('',#2722,#2132,#2133);
#1847=AXIS2_PLACEMENT_3D('',#2723,#2134,#2135);
#1848=AXIS2_PLACEMENT_3D('',#2724,#2136,#2137);
#1849=AXIS2_PLACEMENT_3D('',#2725,#2138,#2139);
#1850=AXIS2_PLACEMENT_3D('',#2726,#2140,#2141);
#1851=AXIS2_PLACEMENT_3D('',#2727,#2142,#2143);
#1852=AXIS2_PLACEMENT_3D('',#2733,#2147,#2148);
#1853=AXIS2_PLACEMENT_3D('',#2739,#2152,#2153);
#1854=AXIS2_PLACEMENT_3D('',#2745,#2157,#2158);
#1855=AXIS2_PLACEMENT_3D('',#2751,#2162,#2163);
#1856=AXIS2_PLACEMENT_3D('',#2760,#2168,#2169);
#1857=AXIS2_PLACEMENT_3D('',#2761,#2170,#2171);
#1858=AXIS2_PLACEMENT_3D('',#2762,#2172,#2173);
#1859=AXIS2_PLACEMENT_3D('',#2763,#2174,#2175);
#1860=AXIS2_PLACEMENT_3D('',#2764,#2176,#2177);
#1861=AXIS2_PLACEMENT_3D('',#2765,#2178,#2179);
#1862=AXIS2_PLACEMENT_3D('',#2766,#2180,#2181);
#1863=AXIS2_PLACEMENT_3D('',#2767,#2182,#2183);
#1864=AXIS2_PLACEMENT_3D('',#2768,#2184,#2185);
#1865=AXIS2_PLACEMENT_3D('',#2769,#2186,#2187);
#1866=AXIS2_PLACEMENT_3D('',#2770,#2188,#2189);
#1867=AXIS2_PLACEMENT_3D('',#2771,#2190,#2191);
#1868=AXIS2_PLACEMENT_3D('',#2772,#2192,#2193);
#1869=AXIS2_PLACEMENT_3D('',#2773,#2194,#2195);
#1870=AXIS2_PLACEMENT_3D('',#2774,#2196,#2197);
#1871=AXIS2_PLACEMENT_3D('',#2775,#2198,#2199);
#1872=AXIS2_PLACEMENT_3D('',#2776,#2200,#2201);
#1873=AXIS2_PLACEMENT_3D('',#2777,#2202,#2203);
#1874=AXIS2_PLACEMENT_3D('',#2778,#2204,#2205);
#1875=AXIS2_PLACEMENT_3D('',#2779,#2206,#2207);
#1876=AXIS2_PLACEMENT_3D('',#2780,#2208,#2209);
#1877=AXIS2_PLACEMENT_3D('',#2781,#2210,#2211);
#1878=AXIS2_PLACEMENT_3D('',#2782,#2212,#2213);
#1879=AXIS2_PLACEMENT_3D('',#2783,#2214,#2215);
#1880=AXIS2_PLACEMENT_3D('',#2784,#2216,#2217);
#1881=AXIS2_PLACEMENT_3D('',#2785,#2218,#2219);
#1882=AXIS2_PLACEMENT_3D('',#2786,#2220,#2221);
#1883=AXIS2_PLACEMENT_3D('',#2795,#2226,#2227);
#1884=AXIS2_PLACEMENT_3D('',#2804,#2232,#2233);
#1885=AXIS2_PLACEMENT_3D('',#2813,#2238,#2239);
#1886=AXIS2_PLACEMENT_3D('',#2822,#2244,#2245);
#1887=AXIS2_PLACEMENT_3D('',#2823,#2246,#2247);
#1888=AXIS2_PLACEMENT_3D('',#2824,#2248,#2249);
#1889=AXIS2_PLACEMENT_3D('',#2825,#2250,#2251);
#1890=AXIS2_PLACEMENT_3D('',#2826,#2252,#2253);
#1891=AXIS2_PLACEMENT_3D('',#2827,#2254,#2255);
#1892=AXIS2_PLACEMENT_3D('',#2828,#2256,#2257);
#1893=AXIS2_PLACEMENT_3D('',#2829,#2258,#2259);
#1894=AXIS2_PLACEMENT_3D('',#2830,#2260,#2261);
#1895=AXIS2_PLACEMENT_3D('',#2831,#2262,#2263);
#1896=AXIS2_PLACEMENT_3D('',#2832,#2264,#2265);
#1897=AXIS2_PLACEMENT_3D('',#2833,#2266,#2267);
#1898=AXIS2_PLACEMENT_3D('',#2834,#2268,#2269);
#1899=AXIS2_PLACEMENT_3D('',#2835,#2270,#2271);
#1900=AXIS2_PLACEMENT_3D('',#2836,#2272,#2273);
#1901=AXIS2_PLACEMENT_3D('',#2837,#2274,#2275);
#1902=AXIS2_PLACEMENT_3D('',#2854,#2284,#2285);
#1903=AXIS2_PLACEMENT_3D('',#2871,#2294,#2295);
#1904=AXIS2_PLACEMENT_3D('',#2881,#2300,#2301);
#1905=AXIS2_PLACEMENT_3D('',#2885,#2303,#2304);
#1906=AXIS2_PLACEMENT_3D('',#2892,#2308,#2309);
#1907=AXIS2_PLACEMENT_3D('',#2901,#2314,#2315);
#1908=AXIS2_PLACEMENT_3D('',#2907,#2319,#2320);
#1909=AXIS2_PLACEMENT_3D('',#2913,#2324,#2325);
#1910=AXIS2_PLACEMENT_3D('',#2922,#2330,#2331);
#1911=AXIS2_PLACEMENT_3D('',#2931,#2336,#2337);
#1912=AXIS2_PLACEMENT_3D('',#2940,#2342,#2343);
#1913=AXIS2_PLACEMENT_3D('',#2950,#2348,#2349);
#1914=AXIS2_PLACEMENT_3D('',#2954,#2351,#2352);
#1915=AXIS2_PLACEMENT_3D('',#2961,#2356,#2357);
#1916=AXIS2_PLACEMENT_3D('',#2970,#2362,#2363);
#1917=AXIS2_PLACEMENT_3D('',#2974,#2365,#2366);
#1918=AXIS2_PLACEMENT_3D('',#2975,#2367,#2368);
#1919=AXIS2_PLACEMENT_3D('',#2976,#2369,#2370);
#1920=AXIS2_PLACEMENT_3D('',#2982,#2374,#2375);
#1921=AXIS2_PLACEMENT_3D('',#2986,#2377,#2378);
#1922=AXIS2_PLACEMENT_3D('',#2987,#2379,#2380);
#1923=AXIS2_PLACEMENT_3D('',#2988,#2381,#2382);
#1924=AXIS2_PLACEMENT_3D('',#2994,#2386,#2387);
#1925=AXIS2_PLACEMENT_3D('',#3000,#2391,#2392);
#1926=AXIS2_PLACEMENT_3D('',#3001,#2393,#2394);
#1927=AXIS2_PLACEMENT_3D('',#3002,#2395,#2396);
#1928=AXIS2_PLACEMENT_3D('',#3011,#2401,#2402);
#1929=AXIS2_PLACEMENT_3D('',#3015,#2404,#2405);
#1930=AXIS2_PLACEMENT_3D('',#3016,#2406,#2407);
#1931=AXIS2_PLACEMENT_3D('',#3017,#2408,#2409);
#1932=AXIS2_PLACEMENT_3D('',#3023,#2413,#2414);
#1933=AXIS2_PLACEMENT_3D('',#3027,#2416,#2417);
#1934=AXIS2_PLACEMENT_3D('',#3028,#2418,#2419);
#1935=AXIS2_PLACEMENT_3D('',#3029,#2420,#2421);
#1936=AXIS2_PLACEMENT_3D('',#3035,#2425,#2426);
#1937=AXIS2_PLACEMENT_3D('',#3041,#2430,#2431);
#1938=AXIS2_PLACEMENT_3D('',#3042,#2432,#2433);
#1939=AXIS2_PLACEMENT_3D('',#3043,#2434,#2435);
#1940=AXIS2_PLACEMENT_3D('',#3044,#2436,#2437);
#1941=AXIS2_PLACEMENT_3D('',#3045,#2438,#2439);
#1942=AXIS2_PLACEMENT_3D('',#3046,#2440,#2441);
#1943=AXIS2_PLACEMENT_3D('',#3047,#2442,#2443);
#1944=AXIS2_PLACEMENT_3D('',#3048,#2444,#2445);
#1945=AXIS2_PLACEMENT_3D('',#3049,#2446,#2447);
#1946=AXIS2_PLACEMENT_3D('',#3050,#2448,#2449);
#1947=AXIS2_PLACEMENT_3D('',#3051,#2450,#2451);
#1948=AXIS2_PLACEMENT_3D('',#3052,#2452,#2453);
#1949=AXIS2_PLACEMENT_3D('',#3053,#2454,#2455);
#1950=AXIS2_PLACEMENT_3D('',#3054,#2456,#2457);
#1951=AXIS2_PLACEMENT_3D('',#3055,#2458,#2459);
#1952=AXIS2_PLACEMENT_3D('',#3056,#2460,#2461);
#1953=AXIS2_PLACEMENT_3D('',#3057,#2462,#2463);
#1954=AXIS2_PLACEMENT_3D('',#3058,#2464,#2465);
#1955=AXIS2_PLACEMENT_3D('',#3059,#2466,#2467);
#1956=AXIS2_PLACEMENT_3D('',#3060,#2468,#2469);
#1957=AXIS2_PLACEMENT_3D('',#3061,#2470,#2471);
#1958=AXIS2_PLACEMENT_3D('',#3062,#2472,#2473);
#1959=AXIS2_PLACEMENT_3D('',#3063,#2474,#2475);
#1960=AXIS2_PLACEMENT_3D('',#3064,#2476,#2477);
#1961=AXIS2_PLACEMENT_3D('',#3065,#2478,#2479);
#1962=AXIS2_PLACEMENT_3D('',#3066,#2480,#2481);
#1963=AXIS2_PLACEMENT_3D('',#3067,#2482,#2483);
#1964=AXIS2_PLACEMENT_3D('',#3068,#2484,#2485);
#1965=AXIS2_PLACEMENT_3D('',#3069,#2486,#2487);
#1966=AXIS2_PLACEMENT_3D('',#3070,#2488,#2489);
#1967=AXIS2_PLACEMENT_3D('',#3071,#2490,#2491);
#1968=AXIS2_PLACEMENT_3D('',#3072,#2492,#2493);
#1969=AXIS2_PLACEMENT_3D('',#3073,#2494,#2495);
#1970=AXIS2_PLACEMENT_3D('',#3074,#2496,#2497);
#1971=AXIS2_PLACEMENT_3D('',#3075,#2498,#2499);
#1972=AXIS2_PLACEMENT_3D('',#3076,#2500,#2501);
#1973=AXIS2_PLACEMENT_3D('',#3077,#2502,#2503);
#1974=AXIS2_PLACEMENT_3D('',#3078,#2504,#2505);
#1975=AXIS2_PLACEMENT_3D('',#3079,#2506,#2507);
#1976=AXIS2_PLACEMENT_3D('',#3080,#2508,#2509);
#1977=AXIS2_PLACEMENT_3D('',#3081,#2510,#2511);
#1978=AXIS2_PLACEMENT_3D('',#3082,#2512,#2513);
#1979=AXIS2_PLACEMENT_3D('',#3083,#2514,#2515);
#1980=AXIS2_PLACEMENT_3D('',#3084,#2516,#2517);
#1981=AXIS2_PLACEMENT_3D('',#3085,#2518,#2519);
#1982=AXIS2_PLACEMENT_3D('',#3086,#2520,#2521);
#1983=AXIS2_PLACEMENT_3D('',#3087,#2522,#2523);
#1984=AXIS2_PLACEMENT_3D('',#3088,#2524,#2525);
#1985=AXIS2_PLACEMENT_3D('',#3089,#2526,#2527);
#1986=AXIS2_PLACEMENT_3D('',#3090,#2528,#2529);
#1987=AXIS2_PLACEMENT_3D('',#3091,#2530,#2531);
#1988=AXIS2_PLACEMENT_3D('',#3092,#2532,#2533);
#1989=AXIS2_PLACEMENT_3D('',#3093,#2534,#2535);
#1990=AXIS2_PLACEMENT_3D('',#3094,#2536,#2537);
#1991=AXIS2_PLACEMENT_3D('',#3095,#2538,#2539);
#1992=AXIS2_PLACEMENT_3D('',#3096,#2540,#2541);
#1993=AXIS2_PLACEMENT_3D('',#3097,#2542,#2543);
#1994=AXIS2_PLACEMENT_3D('',#3098,#2544,#2545);
#1995=AXIS2_PLACEMENT_3D('',#3099,#2546,#2547);
#1996=AXIS2_PLACEMENT_3D('',#3100,#2548,#2549);
#1997=AXIS2_PLACEMENT_3D('',#3101,#2550,#2551);
#1998=AXIS2_PLACEMENT_3D('',#3102,#2552,#2553);
#1999=AXIS2_PLACEMENT_3D('',#3103,#2554,#2555);
#2000=AXIS2_PLACEMENT_3D('',#3104,#2556,#2557);
#2001=AXIS2_PLACEMENT_3D('',#3105,#2558,#2559);
#2002=AXIS2_PLACEMENT_3D('',#3106,#2560,#2561);
#2003=AXIS2_PLACEMENT_3D('',#3107,#2562,#2563);
#2004=AXIS2_PLACEMENT_3D('',#3108,#2564,#2565);
#2005=AXIS2_PLACEMENT_3D('',#3109,#2566,#2567);
#2006=AXIS2_PLACEMENT_3D('',#3110,#2568,#2569);
#2007=AXIS2_PLACEMENT_3D('',#3111,#2570,#2571);
#2008=AXIS2_PLACEMENT_3D('',#3112,#2572,#2573);
#2009=AXIS2_PLACEMENT_3D('',#3113,#2574,#2575);
#2010=AXIS2_PLACEMENT_3D('',#3114,#2576,#2577);
#2011=AXIS2_PLACEMENT_3D('',#3115,#2578,#2579);
#2012=AXIS2_PLACEMENT_3D('',#3116,#2580,#2581);
#2013=AXIS2_PLACEMENT_3D('',#3117,#2582,#2583);
#2014=AXIS2_PLACEMENT_3D('',#3118,#2584,#2585);
#2015=AXIS2_PLACEMENT_3D('',#3119,#2586,#2587);
#2016=AXIS2_PLACEMENT_3D('',#3120,#2588,#2589);
#2017=AXIS2_PLACEMENT_3D('',#3121,#2590,#2591);
#2018=AXIS2_PLACEMENT_3D('',#3122,#2592,#2593);
#2019=AXIS2_PLACEMENT_3D('',#3123,#2594,#2595);
#2020=AXIS2_PLACEMENT_3D('',#3124,#2596,#2597);
#2021=AXIS2_PLACEMENT_3D('',#3125,#2598,#2599);
#2022=AXIS2_PLACEMENT_3D('',#3126,#2600,#2601);
#2023=AXIS2_PLACEMENT_3D('',#3127,#2602,#2603);
#2024=AXIS2_PLACEMENT_3D('',#3128,#2604,#2605);
#2025=AXIS2_PLACEMENT_3D('',#3129,#2606,#2607);
#2026=AXIS2_PLACEMENT_3D('',#3130,#2608,#2609);
#2027=AXIS2_PLACEMENT_3D('',#3131,#2610,#2611);
#2028=AXIS2_PLACEMENT_3D('',#3132,#2612,#2613);
#2029=AXIS2_PLACEMENT_3D('',#3133,#2614,#2615);
#2030=AXIS2_PLACEMENT_3D('',#3134,#2616,#2617);
#2031=AXIS2_PLACEMENT_3D('',#3135,#2618,#2619);
#2032=AXIS2_PLACEMENT_3D('',#3136,#2620,#2621);
#2033=AXIS2_PLACEMENT_3D('',#3137,#2622,#2623);
#2034=AXIS2_PLACEMENT_3D('',#3138,#2624,#2625);
#2035=AXIS2_PLACEMENT_3D('',#3139,#2626,#2627);
#2036=AXIS2_PLACEMENT_3D('',#3140,#2628,#2629);
#2037=AXIS2_PLACEMENT_3D('',#3141,#2630,#2631);
#2038=AXIS2_PLACEMENT_3D('',#3142,#2632,#2633);
#2039=AXIS2_PLACEMENT_3D('',#3143,#2634,#2635);
#2040=DIRECTION('',(0.,0.,1.));
#2041=DIRECTION('',(1.,0.,0.));
#2042=DIRECTION('',(0.,1.,0.));
#2043=DIRECTION('',(0.,0.,1.));
#2044=DIRECTION('',(1.64273056437198E-16,0.,1.));
#2045=DIRECTION('',(0.,-1.,0.));
#2046=DIRECTION('',(0.,0.,1.));
#2047=DIRECTION('',(-1.,0.,0.));
#2048=DIRECTION('',(0.,-1.,0.));
#2049=DIRECTION('',(0.,0.,1.));
#2050=DIRECTION('',(-1.64273056437198E-16,0.,-1.));
#2051=DIRECTION('',(0.,-1.,0.));
#2052=DIRECTION('',(0.,0.,1.));
#2053=DIRECTION('',(1.,0.,0.));
#2054=DIRECTION('',(0.,-1.,0.));
#2055=DIRECTION('',(0.,0.,1.));
#2056=DIRECTION('',(0.,-1.,0.));
#2057=DIRECTION('',(0.,0.,1.));
#2058=DIRECTION('',(1.64273056437198E-16,0.,1.));
#2059=DIRECTION('',(0.,-1.,0.));
#2060=DIRECTION('',(0.,0.,1.));
#2061=DIRECTION('',(1.,0.,0.));
#2062=DIRECTION('',(0.,-1.,0.));
#2063=DIRECTION('',(0.,0.,1.));
#2064=DIRECTION('',(-1.64273056437198E-16,0.,-1.));
#2065=DIRECTION('',(0.,-1.,0.));
#2066=DIRECTION('',(0.,0.,1.));
#2067=DIRECTION('',(-1.,0.,0.));
#2068=DIRECTION('',(-1.,0.,0.));
#2069=DIRECTION('',(0.,0.,1.));
#2070=DIRECTION('',(0.,1.,0.));
#2071=DIRECTION('',(1.64273056437198E-16,0.,1.));
#2072=DIRECTION('',(0.,-1.,0.));
#2073=DIRECTION('',(0.,0.,1.));
#2074=DIRECTION('',(1.,0.,0.));
#2075=DIRECTION('',(0.,1.,0.));
#2076=DIRECTION('',(1.,0.,0.));
#2077=DIRECTION('',(0.,-1.,0.));
#2078=DIRECTION('',(1.,0.,0.));
#2079=DIRECTION('',(0.,0.,-1.));
#2080=DIRECTION('',(-1.64273056437198E-16,0.,-1.));
#2081=DIRECTION('',(0.,-1.,0.));
#2082=DIRECTION('',(0.,1.,0.));
#2083=DIRECTION('',(0.,0.,-1.));
#2084=DIRECTION('',(-1.,0.,0.));
#2085=DIRECTION('',(-1.,0.,0.));
#2086=DIRECTION('',(0.,-1.,0.));
#2087=DIRECTION('',(0.,1.,0.));
#2088=DIRECTION('',(0.,1.,0.));
#2089=DIRECTION('',(0.,0.,1.));
#2090=DIRECTION('',(1.64273056437198E-16,0.,1.));
#2091=DIRECTION('',(1.,0.,0.));
#2092=DIRECTION('',(-1.64273056437198E-16,0.,-1.));
#2093=DIRECTION('',(-1.,0.,0.));
#2094=DIRECTION('',(0.,-1.,0.));
#2095=DIRECTION('',(0.,0.,-1.));
#2096=DIRECTION('',(0.,1.,0.));
#2097=DIRECTION('',(0.,0.,1.));
#2098=DIRECTION('',(1.,0.,0.));
#2099=DIRECTION('',(0.,0.,-1.));
#2100=DIRECTION('',(1.,0.,0.));
#2101=DIRECTION('',(0.,0.,-1.));
#2102=DIRECTION('',(-1.,0.,0.));
#2103=DIRECTION('',(0.,0.,1.));
#2104=DIRECTION('',(0.,-1.,0.));
#2105=DIRECTION('',(0.,0.,-1.));
#2106=DIRECTION('',(0.,1.,0.));
#2107=DIRECTION('',(0.,0.,1.));
#2108=DIRECTION('',(0.,1.,0.));
#2109=DIRECTION('',(1.,0.,0.));
#2110=DIRECTION('',(0.,0.,1.));
#2111=DIRECTION('',(-1.,0.,0.));
#2112=DIRECTION('',(0.,1.,0.));
#2113=DIRECTION('',(1.,0.,0.));
#2114=DIRECTION('',(0.,0.,1.));
#2115=DIRECTION('',(-1.,0.,0.));
#2116=DIRECTION('',(0.,-1.,0.));
#2117=DIRECTION('',(0.,0.,-1.));
#2118=DIRECTION('',(0.,1.,0.));
#2119=DIRECTION('',(0.,0.,1.));
#2120=DIRECTION('',(0.,0.,-1.));
#2121=DIRECTION('',(-1.,0.,0.));
#2122=DIRECTION('',(0.,0.,1.));
#2123=DIRECTION('',(1.,0.,0.));
#2124=DIRECTION('',(0.,0.,1.));
#2125=DIRECTION('',(1.,0.,0.));
#2126=DIRECTION('',(0.,0.,1.));
#2127=DIRECTION('',(1.,0.,0.));
#2128=DIRECTION('',(0.,-1.,0.));
#2129=DIRECTION('',(0.,0.,-1.));
#2130=DIRECTION('',(0.,1.,0.));
#2131=DIRECTION('',(0.,0.,1.));
#2132=DIRECTION('',(0.,1.,0.));
#2133=DIRECTION('',(1.,0.,0.));
#2134=DIRECTION('',(1.,0.,0.));
#2135=DIRECTION('',(0.,0.,1.));
#2136=DIRECTION('',(0.,1.,0.));
#2137=DIRECTION('',(1.,0.,0.));
#2138=DIRECTION('',(-1.,0.,0.));
#2139=DIRECTION('',(0.,0.,-1.));
#2140=DIRECTION('',(-1.,0.,0.));
#2141=DIRECTION('',(0.,0.,1.));
#2142=DIRECTION('',(-1.,0.,0.));
#2143=DIRECTION('',(0.,0.,1.));
#2144=DIRECTION('',(0.,-1.,0.));
#2145=DIRECTION('',(1.64273056437198E-16,0.,1.));
#2146=DIRECTION('',(0.,1.,0.));
#2147=DIRECTION('',(0.,0.,1.));
#2148=DIRECTION('',(1.,0.,0.));
#2149=DIRECTION('',(0.,-1.,0.));
#2150=DIRECTION('',(1.,0.,0.));
#2151=DIRECTION('',(0.,1.,0.));
#2152=DIRECTION('',(1.,0.,0.));
#2153=DIRECTION('',(0.,0.,-1.));
#2154=DIRECTION('',(-1.64273056437198E-16,0.,-1.));
#2155=DIRECTION('',(0.,1.,0.));
#2156=DIRECTION('',(0.,-1.,0.));
#2157=DIRECTION('',(0.,0.,-1.));
#2158=DIRECTION('',(-1.,0.,0.));
#2159=DIRECTION('',(-1.,0.,0.));
#2160=DIRECTION('',(0.,1.,0.));
#2161=DIRECTION('',(0.,-1.,0.));
#2162=DIRECTION('',(0.,1.,0.));
#2163=DIRECTION('',(0.,0.,1.));
#2164=DIRECTION('',(0.,0.,1.));
#2165=DIRECTION('',(-1.,0.,0.));
#2166=DIRECTION('',(0.,0.,-1.));
#2167=DIRECTION('',(1.,0.,0.));
#2168=DIRECTION('',(0.,-1.,0.));
#2169=DIRECTION('',(0.,0.,-1.));
#2170=DIRECTION('',(1.22464679914735E-16,1.,0.));
#2171=DIRECTION('',(-1.,0.,0.));
#2172=DIRECTION('',(1.,0.,0.));
#2173=DIRECTION('',(0.,0.,-1.));
#2174=DIRECTION('',(1.,-6.12323399573677E-17,0.));
#2175=DIRECTION('',(0.,1.,0.));
#2176=DIRECTION('',(-1.,6.12323399573677E-17,0.));
#2177=DIRECTION('',(0.,1.,0.));
#2178=DIRECTION('',(0.,-1.,0.));
#2179=DIRECTION('',(0.,0.,-1.));
#2180=DIRECTION('',(0.,1.,0.));
#2181=DIRECTION('',(0.,0.,-1.));
#2182=DIRECTION('',(0.,1.,0.));
#2183=DIRECTION('',(1.,0.,0.));
#2184=DIRECTION('',(1.64273056437198E-16,0.,1.));
#2185=DIRECTION('',(-1.,0.,0.));
#2186=DIRECTION('',(0.,1.,0.));
#2187=DIRECTION('',(1.,0.,0.));
#2188=DIRECTION('',(1.64273056437198E-16,0.,1.));
#2189=DIRECTION('',(1.,0.,0.));
#2190=DIRECTION('',(0.,-1.,0.));
#2191=DIRECTION('',(0.,0.,-1.));
#2192=DIRECTION('',(1.22464679914735E-16,1.,0.));
#2193=DIRECTION('',(-1.,0.,0.));
#2194=DIRECTION('',(0.,0.,-1.));
#2195=DIRECTION('',(-1.,0.,0.));
#2196=DIRECTION('',(0.,0.,1.));
#2197=DIRECTION('',(1.,0.,0.));
#2198=DIRECTION('',(0.,0.,1.));
#2199=DIRECTION('',(1.,0.,0.));
#2200=DIRECTION('',(0.,0.,1.));
#2201=DIRECTION('',(1.,0.,0.));
#2202=DIRECTION('',(0.,-1.,0.));
#2203=DIRECTION('',(0.,0.,-1.));
#2204=DIRECTION('',(0.,1.,0.));
#2205=DIRECTION('',(0.,0.,-1.));
#2206=DIRECTION('',(0.,1.,0.));
#2207=DIRECTION('',(1.,0.,0.));
#2208=DIRECTION('',(1.,0.,0.));
#2209=DIRECTION('',(0.,0.,1.));
#2210=DIRECTION('',(0.,1.,0.));
#2211=DIRECTION('',(1.,0.,0.));
#2212=DIRECTION('',(-1.,0.,0.));
#2213=DIRECTION('',(0.,0.,1.));
#2214=DIRECTION('',(-1.,0.,0.));
#2215=DIRECTION('',(0.,0.,1.));
#2216=DIRECTION('',(0.,0.,-1.));
#2217=DIRECTION('',(0.,1.,0.));
#2218=DIRECTION('',(0.,0.,1.));
#2219=DIRECTION('',(0.,1.,0.));
#2220=DIRECTION('',(-1.,0.,0.));
#2221=DIRECTION('',(0.,0.,1.));
#2222=DIRECTION('',(0.,0.,-1.));
#2223=DIRECTION('',(0.,1.,0.));
#2224=DIRECTION('',(0.,0.,-1.));
#2225=DIRECTION('',(0.,-1.,0.));
#2226=DIRECTION('',(0.,0.,1.));
#2227=DIRECTION('',(1.,0.,0.));
#2228=DIRECTION('',(-1.,0.,0.));
#2229=DIRECTION('',(0.,1.,0.));
#2230=DIRECTION('',(-1.,0.,0.));
#2231=DIRECTION('',(0.,-1.,0.));
#2232=DIRECTION('',(1.,0.,0.));
#2233=DIRECTION('',(0.,0.,-1.));
#2234=DIRECTION('',(0.,0.,1.));
#2235=DIRECTION('',(0.,-1.,0.));
#2236=DIRECTION('',(0.,0.,1.));
#2237=DIRECTION('',(0.,1.,0.));
#2238=DIRECTION('',(0.,0.,-1.));
#2239=DIRECTION('',(-1.,0.,0.));
#2240=DIRECTION('',(1.,0.,0.));
#2241=DIRECTION('',(0.,1.,0.));
#2242=DIRECTION('',(1.,0.,0.));
#2243=DIRECTION('',(0.,-1.,0.));
#2244=DIRECTION('',(0.,1.,0.));
#2245=DIRECTION('',(0.,0.,1.));
#2246=DIRECTION('',(0.,1.,0.));
#2247=DIRECTION('',(0.,0.,1.));
#2248=DIRECTION('',(0.,1.,0.));
#2249=DIRECTION('',(0.,0.,1.));
#2250=DIRECTION('',(0.,1.,0.));
#2251=DIRECTION('',(0.,0.,1.));
#2252=DIRECTION('',(0.,1.,0.));
#2253=DIRECTION('',(0.,0.,1.));
#2254=DIRECTION('',(0.,1.,0.));
#2255=DIRECTION('',(0.,0.,1.));
#2256=DIRECTION('',(0.,-1.,0.));
#2257=DIRECTION('',(0.,0.,1.));
#2258=DIRECTION('',(0.,-1.,0.));
#2259=DIRECTION('',(0.,0.,1.));
#2260=DIRECTION('',(0.,-1.,0.));
#2261=DIRECTION('',(4.33680868994202E-15,0.,1.));
#2262=DIRECTION('',(0.,-1.,0.));
#2263=DIRECTION('',(0.,0.,1.));
#2264=DIRECTION('',(0.,-1.,0.));
#2265=DIRECTION('',(0.,0.,-1.));
#2266=DIRECTION('',(0.,-1.,0.));
#2267=DIRECTION('',(0.,0.,-1.));
#2268=DIRECTION('',(0.,-1.,0.));
#2269=DIRECTION('',(0.,0.,-1.));
#2270=DIRECTION('',(0.,-1.,0.));
#2271=DIRECTION('',(0.,0.,-1.));
#2272=DIRECTION('',(0.,0.,1.));
#2273=DIRECTION('',(1.,0.,0.));
#2274=DIRECTION('',(0.,1.,0.));
#2275=DIRECTION('',(0.,0.,1.));
#2276=DIRECTION('',(-1.,0.,0.));
#2277=DIRECTION('',(0.,0.,-1.));
#2278=DIRECTION('',(-1.,0.,0.));
#2279=DIRECTION('',(0.,0.,-1.));
#2280=DIRECTION('',(-1.,0.,0.));
#2281=DIRECTION('',(0.,4.25177322543336E-16,-1.));
#2282=DIRECTION('',(1.,0.,0.));
#2283=DIRECTION('',(0.,-4.25177322543336E-16,1.));
#2284=DIRECTION('',(0.,1.,0.));
#2285=DIRECTION('',(0.,0.,1.));
#2286=DIRECTION('',(0.,4.25177322543336E-16,-1.));
#2287=DIRECTION('',(1.,0.,0.));
#2288=DIRECTION('',(0.,4.25177322543336E-16,-1.));
#2289=DIRECTION('',(1.,0.,0.));
#2290=DIRECTION('',(0.,-4.25177322543336E-16,1.));
#2291=DIRECTION('',(-1.,0.,0.));
#2292=DIRECTION('',(0.,4.25177322543336E-16,-1.));
#2293=DIRECTION('',(1.,0.,0.));
#2294=DIRECTION('',(-1.,0.,0.));
#2295=DIRECTION('',(0.,0.,1.));
#2296=DIRECTION('',(0.,-2.89120579329468E-16,1.));
#2297=DIRECTION('',(0.,-1.,0.));
#2298=DIRECTION('',(0.,-4.25177322543336E-16,1.));
#2299=DIRECTION('',(0.,1.,6.93097279214478E-16));
#2300=DIRECTION('',(-1.,0.,0.));
#2301=DIRECTION('',(0.,0.,1.));
#2302=DIRECTION('',(0.,3.99442905652554E-16,-1.));
#2303=DIRECTION('',(-1.,0.,0.));
#2304=DIRECTION('',(0.,0.,1.));
#2305=DIRECTION('',(0.,-1.,2.97041691091919E-16));
#2306=DIRECTION('',(0.,-4.25177322543336E-16,1.));
#2307=DIRECTION('',(0.,1.,0.));
#2308=DIRECTION('',(0.,0.,1.));
#2309=DIRECTION('',(1.,0.,0.));
#2310=DIRECTION('',(-1.,0.,0.));
#2311=DIRECTION('',(0.,-1.,0.));
#2312=DIRECTION('',(-1.,0.,0.));
#2313=DIRECTION('',(0.,1.,0.));
#2314=DIRECTION('',(0.,1.,0.));
#2315=DIRECTION('',(0.,0.,1.));
#2316=DIRECTION('',(-1.,0.,0.));
#2317=DIRECTION('',(0.,-2.89120579329468E-16,1.));
#2318=DIRECTION('',(0.,2.89120579329468E-16,-1.));
#2319=DIRECTION('',(0.,0.,-1.));
#2320=DIRECTION('',(-1.,0.,0.));
#2321=DIRECTION('',(1.,0.,0.));
#2322=DIRECTION('',(0.,1.,0.));
#2323=DIRECTION('',(0.,-1.,0.));
#2324=DIRECTION('',(0.,0.,1.));
#2325=DIRECTION('',(0.,-1.,0.));
#2326=DIRECTION('',(0.,-1.,3.46944695195361E-16));
#2327=DIRECTION('',(-1.,0.,0.));
#2328=DIRECTION('',(0.,1.,-3.46944695195361E-16));
#2329=DIRECTION('',(1.,0.,0.));
#2330=DIRECTION('',(0.,-1.,0.));
#2331=DIRECTION('',(0.,0.,-1.));
#2332=DIRECTION('',(0.,3.44191165868414E-16,-1.));
#2333=DIRECTION('',(-1.,0.,0.));
#2334=DIRECTION('',(0.,-3.44191165868414E-16,1.));
#2335=DIRECTION('',(1.,0.,0.));
#2336=DIRECTION('',(0.,0.,-1.));
#2337=DIRECTION('',(0.,1.,0.));
#2338=DIRECTION('',(0.,-1.,-5.20417042793042E-16));
#2339=DIRECTION('',(1.,0.,0.));
#2340=DIRECTION('',(0.,1.,5.20417042793042E-16));
#2341=DIRECTION('',(-1.,0.,0.));
#2342=DIRECTION('',(-1.,0.,0.));
#2343=DIRECTION('',(0.,0.,1.));
#2344=DIRECTION('',(0.,2.89120579329468E-16,-1.));
#2345=DIRECTION('',(0.,-1.,0.));
#2346=DIRECTION('',(0.,4.25177322543336E-16,-1.));
#2347=DIRECTION('',(0.,1.,-2.97041691091919E-16));
#2348=DIRECTION('',(1.,0.,0.));
#2349=DIRECTION('',(0.,0.,1.));
#2350=DIRECTION('',(0.,-3.99442905652554E-16,1.));
#2351=DIRECTION('',(1.,0.,0.));
#2352=DIRECTION('',(0.,0.,1.));
#2353=DIRECTION('',(0.,-1.,-6.93097279214478E-16));
#2354=DIRECTION('',(0.,4.25177322543336E-16,-1.));
#2355=DIRECTION('',(0.,1.,0.));
#2356=DIRECTION('',(0.,0.,1.));
#2357=DIRECTION('',(0.,-1.,0.));
#2358=DIRECTION('',(1.,0.,0.));
#2359=DIRECTION('',(0.,-1.,2.97041691091919E-16));
#2360=DIRECTION('',(-1.,0.,0.));
#2361=DIRECTION('',(0.,-1.,2.97041691091919E-16));
#2362=DIRECTION('',(1.,0.,0.));
#2363=DIRECTION('',(0.,0.,-1.));
#2364=DIRECTION('',(1.,0.,0.));
#2365=DIRECTION('',(-1.,0.,0.));
#2366=DIRECTION('',(0.,0.,1.));
#2367=DIRECTION('',(-1.,0.,0.));
#2368=DIRECTION('',(0.,0.,-1.));
#2369=DIRECTION('',(0.,-1.,0.));
#2370=DIRECTION('',(0.,0.,-1.));
#2371=DIRECTION('',(1.,0.,0.));
#2372=DIRECTION('',(0.,3.99442905652554E-16,-1.));
#2373=DIRECTION('',(0.,3.99442905652554E-16,-1.));
#2374=DIRECTION('',(1.,0.,0.));
#2375=DIRECTION('',(0.,0.,-1.));
#2376=DIRECTION('',(1.,0.,0.));
#2377=DIRECTION('',(-1.,0.,0.));
#2378=DIRECTION('',(0.,0.,1.));
#2379=DIRECTION('',(-1.,0.,0.));
#2380=DIRECTION('',(0.,0.,1.));
#2381=DIRECTION('',(0.,0.,-1.));
#2382=DIRECTION('',(0.,1.,0.));
#2383=DIRECTION('',(1.,0.,0.));
#2384=DIRECTION('',(0.,1.,6.93097279214478E-16));
#2385=DIRECTION('',(0.,1.,6.93097279214478E-16));
#2386=DIRECTION('',(-1.,0.,0.));
#2387=DIRECTION('',(0.,0.,1.));
#2388=DIRECTION('',(0.,1.,-3.46944695195361E-16));
#2389=DIRECTION('',(0.,-3.44191165868414E-16,1.));
#2390=DIRECTION('',(0.,-1.,-5.20417042793042E-16));
#2391=DIRECTION('',(-1.,0.,0.));
#2392=DIRECTION('',(0.,0.,1.));
#2393=DIRECTION('',(-1.,0.,0.));
#2394=DIRECTION('',(0.,0.,1.));
#2395=DIRECTION('',(0.,0.,-1.));
#2396=DIRECTION('',(0.,1.,0.));
#2397=DIRECTION('',(-1.,0.,0.));
#2398=DIRECTION('',(0.,-1.,-6.93097279214478E-16));
#2399=DIRECTION('',(1.,0.,0.));
#2400=DIRECTION('',(0.,1.,6.93097279214478E-16));
#2401=DIRECTION('',(1.,0.,0.));
#2402=DIRECTION('',(0.,0.,-1.));
#2403=DIRECTION('',(-1.,0.,0.));
#2404=DIRECTION('',(1.,0.,0.));
#2405=DIRECTION('',(0.,0.,-1.));
#2406=DIRECTION('',(-1.,0.,0.));
#2407=DIRECTION('',(0.,0.,-1.));
#2408=DIRECTION('',(0.,-1.,0.));
#2409=DIRECTION('',(0.,0.,-1.));
#2410=DIRECTION('',(-1.,0.,0.));
#2411=DIRECTION('',(0.,-3.99442905652554E-16,1.));
#2412=DIRECTION('',(0.,3.99442905652554E-16,-1.));
#2413=DIRECTION('',(1.,0.,0.));
#2414=DIRECTION('',(0.,0.,-1.));
#2415=DIRECTION('',(-1.,0.,0.));
#2416=DIRECTION('',(1.,0.,0.));
#2417=DIRECTION('',(0.,0.,-1.));
#2418=DIRECTION('',(-1.,0.,0.));
#2419=DIRECTION('',(0.,0.,-1.));
#2420=DIRECTION('',(0.,0.,1.));
#2421=DIRECTION('',(0.,-1.,0.));
#2422=DIRECTION('',(-1.,0.,0.));
#2423=DIRECTION('',(0.,1.,-2.97041691091919E-16));
#2424=DIRECTION('',(0.,-1.,2.97041691091919E-16));
#2425=DIRECTION('',(1.,0.,0.));
#2426=DIRECTION('',(0.,0.,1.));
#2427=DIRECTION('',(0.,1.,5.20417042793042E-16));
#2428=DIRECTION('',(0.,3.44191165868414E-16,-1.));
#2429=DIRECTION('',(0.,-1.,3.46944695195361E-16));
#2430=DIRECTION('',(1.,0.,0.));
#2431=DIRECTION('',(0.,0.,-1.));
#2432=DIRECTION('',(1.,0.,0.));
#2433=DIRECTION('',(0.,0.,-1.));
#2434=DIRECTION('',(-1.,0.,0.));
#2435=DIRECTION('',(0.,0.,1.));
#2436=DIRECTION('',(0.,0.,-1.));
#2437=DIRECTION('',(-1.,0.,0.));
#2438=DIRECTION('',(0.,-1.,0.));
#2439=DIRECTION('',(0.,0.,-1.));
#2440=DIRECTION('',(0.,1.,0.));
#2441=DIRECTION('',(0.,0.,1.));
#2442=DIRECTION('',(0.,-1.,0.));
#2443=DIRECTION('',(0.,0.,-1.));
#2444=DIRECTION('',(1.,0.,0.));
#2445=DIRECTION('',(0.,0.,-1.));
#2446=DIRECTION('',(-1.,0.,-2.57498015965307E-15));
#2447=DIRECTION('',(-2.57498015965307E-15,0.,1.));
#2448=DIRECTION('',(0.,0.,-1.));
#2449=DIRECTION('',(0.,1.,0.));
#2450=DIRECTION('',(0.,1.0842021724855E-15,-1.));
#2451=DIRECTION('',(0.,1.,1.0842021724855E-15));
#2452=DIRECTION('',(0.,1.,0.));
#2453=DIRECTION('',(1.,0.,0.));
#2454=DIRECTION('',(0.,0.,-1.));
#2455=DIRECTION('',(1.,0.,0.));
#2456=DIRECTION('',(-1.,0.,0.));
#2457=DIRECTION('',(0.,0.,1.));
#2458=DIRECTION('',(0.,0.,-1.));
#2459=DIRECTION('',(-1.,0.,0.));
#2460=DIRECTION('',(0.,-1.,-1.0842021724855E-15));
#2461=DIRECTION('',(0.,1.0842021724855E-15,-1.));
#2462=DIRECTION('',(-1.,0.,0.));
#2463=DIRECTION('',(0.,0.,1.));
#2464=DIRECTION('',(0.,-1.,0.));
#2465=DIRECTION('',(0.,0.,-1.));
#2466=DIRECTION('',(0.,0.,1.));
#2467=DIRECTION('',(0.,-1.,0.));
#2468=DIRECTION('',(0.,0.,-1.));
#2469=DIRECTION('',(-1.,0.,0.));
#2470=DIRECTION('',(1.,0.,0.));
#2471=DIRECTION('',(0.,0.,-1.));
#2472=DIRECTION('',(1.,0.,0.));
#2473=DIRECTION('',(0.,0.,-1.));
#2474=DIRECTION('',(0.,1.,0.));
#2475=DIRECTION('',(0.,0.,1.));
#2476=DIRECTION('',(0.,-1.,4.33680868994202E-15));
#2477=DIRECTION('',(0.,-4.33680868994202E-15,-1.));
#2478=DIRECTION('',(0.,0.,-1.));
#2479=DIRECTION('',(0.,1.,0.));
#2480=DIRECTION('',(0.,0.,-1.));
#2481=DIRECTION('',(-1.,0.,0.));
#2482=DIRECTION('',(1.,0.,0.));
#2483=DIRECTION('',(0.,0.,-1.));
#2484=DIRECTION('',(-1.,-2.57498015965307E-15,0.));
#2485=DIRECTION('',(2.57498015965307E-15,-1.,0.));
#2486=DIRECTION('',(0.,-1.,0.));
#2487=DIRECTION('',(0.,0.,-1.));
#2488=DIRECTION('',(0.,-1.,0.));
#2489=DIRECTION('',(0.,0.,-1.));
#2490=DIRECTION('',(0.,-1.,0.));
#2491=DIRECTION('',(0.,0.,-1.));
#2492=DIRECTION('',(0.,-1.,0.));
#2493=DIRECTION('',(0.,0.,-1.));
#2494=DIRECTION('',(0.,0.707106781186548,-0.707106781186547));
#2495=DIRECTION('',(0.,0.707106781186547,0.707106781186548));
#2496=DIRECTION('',(0.,1.,0.));
#2497=DIRECTION('',(1.,0.,0.));
#2498=DIRECTION('',(1.,0.,0.));
#2499=DIRECTION('',(0.,0.,1.));
#2500=DIRECTION('',(0.,1.,0.));
#2501=DIRECTION('',(1.,0.,0.));
#2502=DIRECTION('',(0.,0.,-1.));
#2503=DIRECTION('',(1.,0.,0.));
#2504=DIRECTION('',(-1.,0.,0.));
#2505=DIRECTION('',(0.,0.,1.));
#2506=DIRECTION('',(0.,-1.,1.0842021724855E-15));
#2507=DIRECTION('',(0.,-1.0842021724855E-15,-1.));
#2508=DIRECTION('',(0.,1.,0.));
#2509=DIRECTION('',(1.,0.,0.));
#2510=DIRECTION('',(0.,-4.25177322543336E-16,1.));
#2511=DIRECTION('',(0.,-1.,-4.25177322543336E-16));
#2512=DIRECTION('',(0.,0.,1.));
#2513=DIRECTION('',(0.,-1.,0.));
#2514=DIRECTION('',(0.,-0.707106781186547,-0.707106781186548));
#2515=DIRECTION('',(0.,0.707106781186548,-0.707106781186547));
#2516=DIRECTION('',(-1.,0.,0.));
#2517=DIRECTION('',(0.,0.,1.));
#2518=DIRECTION('',(1.,0.,0.));
#2519=DIRECTION('',(0.,0.,-1.));
#2520=DIRECTION('',(0.,0.,-1.));
#2521=DIRECTION('',(0.,1.,0.));
#2522=DIRECTION('',(0.,0.,-1.));
#2523=DIRECTION('',(-1.,0.,0.));
#2524=DIRECTION('',(0.,-1.,0.));
#2525=DIRECTION('',(0.,0.,-1.));
#2526=DIRECTION('',(0.,-1.,0.));
#2527=DIRECTION('',(0.,0.,-1.));
#2528=DIRECTION('',(1.,0.,0.));
#2529=DIRECTION('',(0.,0.,-1.));
#2530=DIRECTION('',(1.,0.,0.));
#2531=DIRECTION('',(0.,0.,-1.));
#2532=DIRECTION('',(0.,0.,1.));
#2533=DIRECTION('',(0.,-1.,0.));
#2534=DIRECTION('',(0.,-4.25177322543336E-16,1.));
#2535=DIRECTION('',(0.,-1.,-4.25177322543336E-16));
#2536=DIRECTION('',(0.,1.,0.));
#2537=DIRECTION('',(0.,0.,1.));
#2538=DIRECTION('',(0.,-1.,0.));
#2539=DIRECTION('',(0.,0.,-1.));
#2540=DIRECTION('',(0.,1.,0.));
#2541=DIRECTION('',(1.,0.,0.));
#2542=DIRECTION('',(0.,1.,0.));
#2543=DIRECTION('',(0.,0.,-1.));
#2544=DIRECTION('',(0.,1.,0.));
#2545=DIRECTION('',(1.,0.,0.));
#2546=DIRECTION('',(0.,0.,1.));
#2547=DIRECTION('',(-1.,0.,0.));
#2548=DIRECTION('',(0.,1.,0.));
#2549=DIRECTION('',(1.,0.,0.));
#2550=DIRECTION('',(1.,0.,0.));
#2551=DIRECTION('',(0.,0.,1.));
#2552=DIRECTION('',(0.,1.,0.));
#2553=DIRECTION('',(0.,0.,1.));
#2554=DIRECTION('',(0.,0.707106781186548,-0.707106781186547));
#2555=DIRECTION('',(0.,-0.707106781186547,-0.707106781186548));
#2556=DIRECTION('',(0.,0.,-1.));
#2557=DIRECTION('',(0.,1.,0.));
#2558=DIRECTION('',(0.,0.,1.));
#2559=DIRECTION('',(1.,0.,0.));
#2560=DIRECTION('',(-1.,0.,0.));
#2561=DIRECTION('',(0.,0.,1.));
#2562=DIRECTION('',(1.,0.,0.));
#2563=DIRECTION('',(0.,0.,-1.));
#2564=DIRECTION('',(0.,0.,-1.));
#2565=DIRECTION('',(0.,1.,0.));
#2566=DIRECTION('',(0.,-0.707106781186547,-0.707106781186548));
#2567=DIRECTION('',(0.,-0.707106781186548,0.707106781186547));
#2568=DIRECTION('',(0.,1.,0.));
#2569=DIRECTION('',(1.,0.,0.));
#2570=DIRECTION('',(0.,1.,0.));
#2571=DIRECTION('',(0.,0.,-1.));
#2572=DIRECTION('',(0.,-1.,0.));
#2573=DIRECTION('',(0.,0.,-1.));
#2574=DIRECTION('',(-1.,0.,0.));
#2575=DIRECTION('',(0.,0.,1.));
#2576=DIRECTION('',(-0.707106781186548,0.707106781186548,3.6799042000401E-16));
#2577=DIRECTION('',(-0.707106781186548,-0.707106781186548,-3.6799042000401E-16));
#2578=DIRECTION('',(0.707106781186548,0.707106781186548,3.6799042000401E-16));
#2579=DIRECTION('',(0.707106781186548,-0.707106781186548,-3.6799042000401E-16));
#2580=DIRECTION('',(0.,-1.,0.));
#2581=DIRECTION('',(0.,0.,-1.));
#2582=DIRECTION('',(2.168404344971E-15,1.,0.));
#2583=DIRECTION('',(-1.,2.168404344971E-15,0.));
#2584=DIRECTION('',(-1.,0.,0.));
#2585=DIRECTION('',(0.,0.,1.));
#2586=DIRECTION('',(-1.,0.,0.));
#2587=DIRECTION('',(0.,0.,1.));
#2588=DIRECTION('',(1.,0.,0.));
#2589=DIRECTION('',(0.,0.,-1.));
#2590=DIRECTION('',(0.,-1.,0.));
#2591=DIRECTION('',(0.,0.,-1.));
#2592=DIRECTION('',(0.,1.,-2.16840434497101E-15));
#2593=DIRECTION('',(0.,2.16840434497101E-15,1.));
#2594=DIRECTION('',(0.,1.,0.));
#2595=DIRECTION('',(1.,0.,0.));
#2596=DIRECTION('',(0.,0.,-1.));
#2597=DIRECTION('',(1.,0.,0.));
#2598=DIRECTION('',(0.,1.,0.));
#2599=DIRECTION('',(1.,0.,0.));
#2600=DIRECTION('',(0.,0.,-1.));
#2601=DIRECTION('',(1.,0.,0.));
#2602=DIRECTION('',(0.,0.,1.));
#2603=DIRECTION('',(0.,-1.,0.));
#2604=DIRECTION('',(4.33680868994201E-15,0.,-1.));
#2605=DIRECTION('',(-1.,0.,-4.33680868994201E-15));
#2606=DIRECTION('',(-1.,0.,0.));
#2607=DIRECTION('',(0.,0.,1.));
#2608=DIRECTION('',(-1.,0.,0.));
#2609=DIRECTION('',(0.,0.,1.));
#2610=DIRECTION('',(1.,0.,0.));
#2611=DIRECTION('',(0.,0.,-1.));
#2612=DIRECTION('',(0.,0.,1.));
#2613=DIRECTION('',(0.,-1.,0.));
#2614=DIRECTION('',(0.,-2.16840434497101E-15,-1.));
#2615=DIRECTION('',(0.,1.,-2.16840434497101E-15));
#2616=DIRECTION('',(0.,1.,0.));
#2617=DIRECTION('',(1.,0.,0.));
#2618=DIRECTION('',(0.,-1.,0.));
#2619=DIRECTION('',(0.,0.,1.));
#2620=DIRECTION('',(0.,1.,0.));
#2621=DIRECTION('',(1.,0.,0.));
#2622=DIRECTION('',(0.,-1.,0.));
#2623=DIRECTION('',(0.,0.,1.));
#2624=DIRECTION('',(0.,1.,0.));
#2625=DIRECTION('',(0.,0.,1.));
#2626=DIRECTION('',(-0.707106781186548,-0.707106781186548,2.4532694666934E-16));
#2627=DIRECTION('',(-0.707106781186548,0.707106781186548,-2.4532694666934E-16));
#2628=DIRECTION('',(0.,1.,0.));
#2629=DIRECTION('',(0.,0.,1.));
#2630=DIRECTION('',(0.707106781186548,-0.707106781186548,2.4532694666934E-16));
#2631=DIRECTION('',(-0.707106781186548,-0.707106781186548,2.4532694666934E-16));
#2632=DIRECTION('',(-1.,0.,0.));
#2633=DIRECTION('',(0.,0.,1.));
#2634=DIRECTION('',(0.,0.,1.));
#2635=DIRECTION('',(1.,0.,0.));
#2636=CARTESIAN_POINT('',(0.,0.,0.));
#2637=CARTESIAN_POINT('',(0.,0.,0.));
#2638=CARTESIAN_POINT('',(-1.3,0.,-1.32));
#2639=CARTESIAN_POINT('',(-1.3,0.,-1.12));
#2640=CARTESIAN_POINT('',(-1.3,0.,1.12));
#2641=CARTESIAN_POINT('',(-1.1,0.,-1.12));
#2642=CARTESIAN_POINT('',(-1.1,0.,-1.32));
#2643=CARTESIAN_POINT('',(-1.3,0.,-1.32));
#2644=CARTESIAN_POINT('',(1.1,0.,-1.32));
#2645=CARTESIAN_POINT('',(1.1,0.,-1.12));
#2646=CARTESIAN_POINT('',(1.3,0.,-1.12));
#2647=CARTESIAN_POINT('',(1.3,0.,-1.32));
#2648=CARTESIAN_POINT('',(1.3,0.,1.12));
#2649=CARTESIAN_POINT('',(1.1,0.,1.12));
#2650=CARTESIAN_POINT('',(1.1,0.,1.32));
#2651=CARTESIAN_POINT('',(-1.3,0.,1.32));
#2652=CARTESIAN_POINT('',(-1.1,0.,1.32));
#2653=CARTESIAN_POINT('',(-1.1,0.,1.12));
#2654=CARTESIAN_POINT('',(-1.1,0.,-1.12));
#2655=CARTESIAN_POINT('',(-1.13,0.,-1.12));
#2656=CARTESIAN_POINT('',(-1.1,0.,-1.15));
#2657=CARTESIAN_POINT('',(-1.13,0.,-1.32));
#2658=CARTESIAN_POINT('',(-1.13,0.,1.12));
#2659=CARTESIAN_POINT('',(-1.1,0.,1.12));
#2660=CARTESIAN_POINT('',(-1.1,0.,1.15));
#2661=CARTESIAN_POINT('',(-1.3,0.,1.15));
#2662=CARTESIAN_POINT('',(1.1,0.,1.15));
#2663=CARTESIAN_POINT('',(1.1,0.,1.12));
#2664=CARTESIAN_POINT('',(1.13,0.,1.12));
#2665=CARTESIAN_POINT('',(1.13,0.,-1.32));
#2666=CARTESIAN_POINT('',(1.13,0.,-1.12));
#2667=CARTESIAN_POINT('',(1.1,0.,-1.12));
#2668=CARTESIAN_POINT('',(1.1,0.,-1.15));
#2669=CARTESIAN_POINT('',(-1.3,0.,-1.15));
#2670=CARTESIAN_POINT('',(1.3,1.45,-1.32));
#2671=CARTESIAN_POINT('',(1.3,1.45,-1.12));
#2672=CARTESIAN_POINT('',(1.3,1.25,-1.12));
#2673=CARTESIAN_POINT('',(1.3,1.25,1.32));
#2674=CARTESIAN_POINT('',(1.3,1.25,1.12));
#2675=CARTESIAN_POINT('',(1.3,1.45,1.12));
#2676=CARTESIAN_POINT('',(-1.3,1.45,-1.32));
#2677=CARTESIAN_POINT('',(-1.1,1.45,-1.32));
#2678=CARTESIAN_POINT('',(-1.1,1.25,-1.32));
#2679=CARTESIAN_POINT('',(1.3,1.25,-1.32));
#2680=CARTESIAN_POINT('',(1.1,1.25,-1.32));
#2681=CARTESIAN_POINT('',(1.1,1.45,-1.32));
#2682=CARTESIAN_POINT('',(-1.3,1.45,-1.32));
#2683=CARTESIAN_POINT('',(-1.3,1.25,-1.32));
#2684=CARTESIAN_POINT('',(-1.3,1.25,1.12));
#2685=CARTESIAN_POINT('',(-1.3,1.25,-1.12));
#2686=CARTESIAN_POINT('',(-1.3,1.45,-1.12));
#2687=CARTESIAN_POINT('',(-1.3,1.45,1.12));
#2688=CARTESIAN_POINT('',(-1.3,1.45,1.32));
#2689=CARTESIAN_POINT('',(-1.3,1.25,1.32));
#2690=CARTESIAN_POINT('',(1.1,1.25,1.32));
#2691=CARTESIAN_POINT('',(-1.1,1.25,1.32));
#2692=CARTESIAN_POINT('',(-1.1,1.45,1.32));
#2693=CARTESIAN_POINT('',(1.1,1.45,1.32));
#2694=CARTESIAN_POINT('',(0.,1.45,0.));
#2695=CARTESIAN_POINT('',(-1.1,1.45,1.32));
#2696=CARTESIAN_POINT('',(-1.1,1.45,-1.12));
#2697=CARTESIAN_POINT('',(-1.1,1.45,1.12));
#2698=CARTESIAN_POINT('',(1.3,1.45,1.12));
#2699=CARTESIAN_POINT('',(1.1,1.45,1.12));
#2700=CARTESIAN_POINT('',(1.1,1.45,-1.32));
#2701=CARTESIAN_POINT('',(1.1,1.45,-1.12));
#2702=CARTESIAN_POINT('',(-1.3,1.45,-1.12));
#2703=CARTESIAN_POINT('',(-1.1,1.45,-1.12));
#2704=CARTESIAN_POINT('',(-1.1,1.25,-1.12));
#2705=CARTESIAN_POINT('',(0.,1.25,-1.12));
#2706=CARTESIAN_POINT('',(1.1,1.25,-1.12));
#2707=CARTESIAN_POINT('',(-1.1,1.25,-1.12));
#2708=CARTESIAN_POINT('',(1.1,1.45,-1.12));
#2709=CARTESIAN_POINT('',(1.1,1.25,-1.12));
#2710=CARTESIAN_POINT('',(-1.1,1.25,-1.12));
#2711=CARTESIAN_POINT('',(-1.1,1.25,-1.12));
#2712=CARTESIAN_POINT('',(1.1,1.25,-1.12));
#2713=CARTESIAN_POINT('',(1.1,1.25,-1.12));
#2714=CARTESIAN_POINT('',(-1.1,1.45,1.12));
#2715=CARTESIAN_POINT('',(-1.1,1.25,1.12));
#2716=CARTESIAN_POINT('',(-1.1,1.25,1.80700362080917E-16));
#2717=CARTESIAN_POINT('',(-1.1,1.25,1.12));
#2718=CARTESIAN_POINT('',(1.1,1.25,-1.80700362080917E-16));
#2719=CARTESIAN_POINT('',(1.1,1.25,1.12));
#2720=CARTESIAN_POINT('',(1.1,1.45,1.12));
#2721=CARTESIAN_POINT('',(1.1,1.25,1.12));
#2722=CARTESIAN_POINT('',(-1.1,1.25,1.12));
#2723=CARTESIAN_POINT('',(-1.1,1.25,1.12));
#2724=CARTESIAN_POINT('',(1.1,1.25,1.12));
#2725=CARTESIAN_POINT('',(1.1,1.25,1.12));
#2726=CARTESIAN_POINT('',(0.,1.25,1.12));
#2727=CARTESIAN_POINT('',(1.13,1.45,-1.32));
#2728=CARTESIAN_POINT('',(1.13,1.45,1.12));
#2729=CARTESIAN_POINT('',(1.13,1.25,1.12));
#2730=CARTESIAN_POINT('',(1.13,1.25,-1.32));
#2731=CARTESIAN_POINT('',(1.13,1.25,-1.12));
#2732=CARTESIAN_POINT('',(1.13,1.45,-1.12));
#2733=CARTESIAN_POINT('',(-1.3,1.45,-1.15));
#2734=CARTESIAN_POINT('',(1.1,1.45,-1.15));
#2735=CARTESIAN_POINT('',(1.1,1.25,-1.15));
#2736=CARTESIAN_POINT('',(-1.3,1.25,-1.15));
#2737=CARTESIAN_POINT('',(-1.1,1.25,-1.15));
#2738=CARTESIAN_POINT('',(-1.1,1.45,-1.15));
#2739=CARTESIAN_POINT('',(-1.13,1.45,-1.32));
#2740=CARTESIAN_POINT('',(-1.13,1.25,-1.32));
#2741=CARTESIAN_POINT('',(-1.13,1.25,1.12));
#2742=CARTESIAN_POINT('',(-1.13,1.25,-1.12));
#2743=CARTESIAN_POINT('',(-1.13,1.45,1.12));
#2744=CARTESIAN_POINT('',(-1.13,1.45,-1.12));
#2745=CARTESIAN_POINT('',(-1.3,1.45,1.15));
#2746=CARTESIAN_POINT('',(-1.3,1.25,1.15));
#2747=CARTESIAN_POINT('',(1.1,1.25,1.15));
#2748=CARTESIAN_POINT('',(-1.1,1.25,1.15));
#2749=CARTESIAN_POINT('',(1.1,1.45,1.15));
#2750=CARTESIAN_POINT('',(-1.1,1.45,1.15));
#2751=CARTESIAN_POINT('',(0.,1.28,0.));
#2752=CARTESIAN_POINT('',(-1.1,1.28,0.));
#2753=CARTESIAN_POINT('',(-1.1,1.28,-1.12));
#2754=CARTESIAN_POINT('',(-1.1,1.28,1.12));
#2755=CARTESIAN_POINT('',(0.,1.28,-1.12));
#2756=CARTESIAN_POINT('',(1.1,1.28,-1.12));
#2757=CARTESIAN_POINT('',(1.1,1.28,0.));
#2758=CARTESIAN_POINT('',(1.1,1.28,1.12));
#2759=CARTESIAN_POINT('',(0.,1.28,1.12));
#2760=CARTESIAN_POINT('',(-1.1,1.45,-1.12));
#2761=CARTESIAN_POINT('',(-1.1,1.25,-1.12));
#2762=CARTESIAN_POINT('',(0.,1.25,-1.12));
#2763=CARTESIAN_POINT('',(1.1,1.25,-1.12));
#2764=CARTESIAN_POINT('',(-1.1,1.25,-1.12));
#2765=CARTESIAN_POINT('',(1.1,1.45,-1.12));
#2766=CARTESIAN_POINT('',(1.1,1.25,-1.12));
#2767=CARTESIAN_POINT('',(-1.1,1.25,-1.12));
#2768=CARTESIAN_POINT('',(-1.1,1.25,-1.12));
#2769=CARTESIAN_POINT('',(1.1,1.25,-1.12));
#2770=CARTESIAN_POINT('',(1.1,1.25,-1.12));
#2771=CARTESIAN_POINT('',(-1.1,1.45,1.12));
#2772=CARTESIAN_POINT('',(-1.1,1.25,1.12));
#2773=CARTESIAN_POINT('',(-1.1,1.25,1.80700362080917E-16));
#2774=CARTESIAN_POINT('',(-1.1,1.25,1.12));
#2775=CARTESIAN_POINT('',(1.1,1.25,-1.80700362080917E-16));
#2776=CARTESIAN_POINT('',(1.1,1.25,1.12));
#2777=CARTESIAN_POINT('',(1.1,1.45,1.12));
#2778=CARTESIAN_POINT('',(1.1,1.25,1.12));
#2779=CARTESIAN_POINT('',(-1.1,1.25,1.12));
#2780=CARTESIAN_POINT('',(-1.1,1.25,1.12));
#2781=CARTESIAN_POINT('',(1.1,1.25,1.12));
#2782=CARTESIAN_POINT('',(1.1,1.25,1.12));
#2783=CARTESIAN_POINT('',(0.,1.25,1.12));
#2784=CARTESIAN_POINT('',(1.1756954026999,0.10409883301311,5.4194392358013));
#2785=CARTESIAN_POINT('',(-2.2043045973001,0.10409883301311,5.4194392358013));
#2786=CARTESIAN_POINT('',(2.,0.5,-0.75));
#2787=CARTESIAN_POINT('',(2.,0.,-0.75));
#2788=CARTESIAN_POINT('',(2.,0.,0.65));
#2789=CARTESIAN_POINT('',(2.,0.,-0.65));
#2790=CARTESIAN_POINT('',(2.,0.5,-0.65));
#2791=CARTESIAN_POINT('',(2.,0.5,-0.65));
#2792=CARTESIAN_POINT('',(2.,0.5,-0.75));
#2793=CARTESIAN_POINT('',(2.,0.5,0.65));
#2794=CARTESIAN_POINT('',(2.,0.5,0.65));
#2795=CARTESIAN_POINT('',(-2.,0.5,-0.75));
#2796=CARTESIAN_POINT('',(-2.,0.,-0.75));
#2797=CARTESIAN_POINT('',(1.9,0.,-0.75));
#2798=CARTESIAN_POINT('',(-1.9,0.,-0.75));
#2799=CARTESIAN_POINT('',(-1.9,0.5,-0.75));
#2800=CARTESIAN_POINT('',(-1.9,0.5,-0.75));
#2801=CARTESIAN_POINT('',(-2.,0.5,-0.75));
#2802=CARTESIAN_POINT('',(1.9,0.5,-0.75));
#2803=CARTESIAN_POINT('',(1.9,0.5,-0.75));
#2804=CARTESIAN_POINT('',(-2.,0.5,-0.75));
#2805=CARTESIAN_POINT('',(-2.,0.5,-0.75));
#2806=CARTESIAN_POINT('',(-2.,0.5,-0.65));
#2807=CARTESIAN_POINT('',(-2.,0.5,0.65));
#2808=CARTESIAN_POINT('',(-2.,0.5,-0.65));
#2809=CARTESIAN_POINT('',(-2.,0.,-0.65));
#2810=CARTESIAN_POINT('',(-2.,0.,-0.75));
#2811=CARTESIAN_POINT('',(-2.,0.,0.65));
#2812=CARTESIAN_POINT('',(-2.,0.5,0.65));
#2813=CARTESIAN_POINT('',(-2.,0.5,0.75));
#2814=CARTESIAN_POINT('',(-2.,0.,0.75));
#2815=CARTESIAN_POINT('',(-1.9,0.,0.75));
#2816=CARTESIAN_POINT('',(1.9,0.,0.75));
#2817=CARTESIAN_POINT('',(1.9,0.5,0.75));
#2818=CARTESIAN_POINT('',(1.9,0.5,0.75));
#2819=CARTESIAN_POINT('',(-2.,0.5,0.75));
#2820=CARTESIAN_POINT('',(-1.9,0.5,0.75));
#2821=CARTESIAN_POINT('',(-1.9,0.5,0.75));
#2822=CARTESIAN_POINT('',(0.,0.5,0.));
#2823=CARTESIAN_POINT('',(-1.9,0.5,-0.65));
#2824=CARTESIAN_POINT('',(-1.9,0.5,0.65));
#2825=CARTESIAN_POINT('',(1.9,0.5,0.65));
#2826=CARTESIAN_POINT('',(1.9,0.5,-0.65));
#2827=CARTESIAN_POINT('',(0.,0.,0.));
#2828=CARTESIAN_POINT('',(-1.9,0.,-0.65));
#2829=CARTESIAN_POINT('',(1.9,0.,-0.65));
#2830=CARTESIAN_POINT('',(1.9,0.,0.65));
#2831=CARTESIAN_POINT('',(-1.9,0.,0.65));
#2832=CARTESIAN_POINT('',(-1.9,0.5,-0.65));
#2833=CARTESIAN_POINT('',(1.9,0.5,-0.65));
#2834=CARTESIAN_POINT('',(1.9,0.5,0.65));
#2835=CARTESIAN_POINT('',(-1.9,0.5,0.65));
#2836=CARTESIAN_POINT('',(-0.51430459730012,-1.0909011669869,5.4194392358013));
#2837=CARTESIAN_POINT('',(5.9,-1.5,0.75));
#2838=CARTESIAN_POINT('',(5.9,-1.5,1.05));
#2839=CARTESIAN_POINT('',(5.8,-1.5,1.05));
#2840=CARTESIAN_POINT('',(4.6,-1.5,1.05));
#2841=CARTESIAN_POINT('',(4.6,-1.5,1.26));
#2842=CARTESIAN_POINT('',(4.6,-1.5,1.16));
#2843=CARTESIAN_POINT('',(5.9,-1.5,1.16));
#2844=CARTESIAN_POINT('',(1.3,-1.5,1.16));
#2845=CARTESIAN_POINT('',(1.3,-1.5,1.26));
#2846=CARTESIAN_POINT('',(1.3,-1.5,1.05));
#2847=CARTESIAN_POINT('',(0.,-1.5,1.05));
#2848=CARTESIAN_POINT('',(0.1,-1.5,1.05));
#2849=CARTESIAN_POINT('',(0.1,-1.5,0.75));
#2850=CARTESIAN_POINT('',(0.1,-1.5,0.85));
#2851=CARTESIAN_POINT('',(5.9,-1.5,0.85));
#2852=CARTESIAN_POINT('',(5.8,-1.5,0.85));
#2853=CARTESIAN_POINT('',(5.8,-1.5,0.75));
#2854=CARTESIAN_POINT('',(5.9,-1.5,0.75));
#2855=CARTESIAN_POINT('',(1.3,-1.5,0.75));
#2856=CARTESIAN_POINT('',(1.3,-1.5,-1.05));
#2857=CARTESIAN_POINT('',(1.3,-1.5,-1.16));
#2858=CARTESIAN_POINT('',(5.9,-1.5,-1.16));
#2859=CARTESIAN_POINT('',(4.6,-1.5,-1.16));
#2860=CARTESIAN_POINT('',(4.6,-1.5,0.949999999999999));
#2861=CARTESIAN_POINT('',(4.6,-1.5,-1.05));
#2862=CARTESIAN_POINT('',(1.3,-1.5,-1.05));
#2863=CARTESIAN_POINT('',(5.8,-1.5,-1.05));
#2864=CARTESIAN_POINT('',(5.8,-1.5,-6.37765983815004E-16));
#2865=CARTESIAN_POINT('',(5.8,-1.5,-0.85));
#2866=CARTESIAN_POINT('',(5.9,-1.5,-0.85));
#2867=CARTESIAN_POINT('',(0.1,-1.5,-0.85));
#2868=CARTESIAN_POINT('',(0.1,-1.5,0.75));
#2869=CARTESIAN_POINT('',(0.1,-1.5,-1.05));
#2870=CARTESIAN_POINT('',(1.3,-1.5,-1.05));
#2871=CARTESIAN_POINT('',(0.,0.,0.));
#2872=CARTESIAN_POINT('',(0.,0.0999999999999998,0.75));
#2873=CARTESIAN_POINT('',(0.,0.1,-0.85));
#2874=CARTESIAN_POINT('',(0.,0.0999999999999998,0.85));
#2875=CARTESIAN_POINT('',(0.,-1.5,0.85));
#2876=CARTESIAN_POINT('',(0.,-1.4,0.85));
#2877=CARTESIAN_POINT('',(0.,-1.4,1.15));
#2878=CARTESIAN_POINT('',(0.,-1.4,1.05));
#2879=CARTESIAN_POINT('',(0.,-7.27752143175201E-16,1.05));
#2880=CARTESIAN_POINT('',(0.,0.69,1.05));
#2881=CARTESIAN_POINT('',(0.,0.69,0.95));
#2882=CARTESIAN_POINT('',(0.,0.79,0.95));
#2883=CARTESIAN_POINT('',(0.,0.79,3.15559895465518E-16));
#2884=CARTESIAN_POINT('',(0.,0.790000000000001,-0.95));
#2885=CARTESIAN_POINT('',(0.,0.690000000000001,-0.95));
#2886=CARTESIAN_POINT('',(0.,0.690000000000001,-1.05));
#2887=CARTESIAN_POINT('',(0.,-3.11893775646515E-16,-1.05));
#2888=CARTESIAN_POINT('',(2.37169225231204E-17,-1.4,-1.05));
#2889=CARTESIAN_POINT('',(9.48676900924816E-17,-1.4,0.75));
#2890=CARTESIAN_POINT('',(2.37169225231204E-17,-1.4,-0.85));
#2891=CARTESIAN_POINT('',(0.,2.16840434497101E-16,-0.85));
#2892=CARTESIAN_POINT('',(5.9,-2.16840434497101E-16,0.75));
#2893=CARTESIAN_POINT('',(5.9,-2.16840434497101E-16,0.75));
#2894=CARTESIAN_POINT('',(5.8,-1.0842021724855E-16,0.75));
#2895=CARTESIAN_POINT('',(0.1,-1.0842021724855E-16,0.75));
#2896=CARTESIAN_POINT('',(5.8,-2.16840434497101E-16,0.75));
#2897=CARTESIAN_POINT('',(5.8,-1.4,0.75));
#2898=CARTESIAN_POINT('',(5.9,-1.4,0.75));
#2899=CARTESIAN_POINT('',(0.1,-1.4,0.75));
#2900=CARTESIAN_POINT('',(0.1,-2.16840434497101E-16,0.75));
#2901=CARTESIAN_POINT('',(5.9,2.16840434497101E-16,-0.75));
#2902=CARTESIAN_POINT('',(5.9,2.16840434497101E-16,-0.75));
#2903=CARTESIAN_POINT('',(5.8,6.09863722023097E-17,-0.75));
#2904=CARTESIAN_POINT('',(0.1,6.09863722023097E-17,-0.75));
#2905=CARTESIAN_POINT('',(5.8,2.16840434497101E-16,-0.75));
#2906=CARTESIAN_POINT('',(0.1,2.16840434497101E-16,-0.75));
#2907=CARTESIAN_POINT('',(5.9,-1.5,-0.75));
#2908=CARTESIAN_POINT('',(5.9,-1.4,-0.75));
#2909=CARTESIAN_POINT('',(0.1,-1.4,-0.75));
#2910=CARTESIAN_POINT('',(5.8,-1.4,-0.75));
#2911=CARTESIAN_POINT('',(5.8,-1.5,-0.75));
#2912=CARTESIAN_POINT('',(0.1,-1.5,-0.75));
#2913=CARTESIAN_POINT('',(5.9,1.,-1.26));
#2914=CARTESIAN_POINT('',(4.5,1.,-1.26));
#2915=CARTESIAN_POINT('',(4.5,0.900000000000001,-1.26));
#2916=CARTESIAN_POINT('',(4.5,-1.4,-1.26));
#2917=CARTESIAN_POINT('',(5.9,-1.4,-1.26));
#2918=CARTESIAN_POINT('',(1.4,-1.4,-1.26));
#2919=CARTESIAN_POINT('',(1.4,1.,-1.26));
#2920=CARTESIAN_POINT('',(1.4,0.900000000000001,-1.26));
#2921=CARTESIAN_POINT('',(5.9,0.900000000000001,-1.26));
#2922=CARTESIAN_POINT('',(5.9,1.,1.26));
#2923=CARTESIAN_POINT('',(4.5,1.,1.26));
#2924=CARTESIAN_POINT('',(4.5,1.,1.16));
#2925=CARTESIAN_POINT('',(4.5,1.,-1.16));
#2926=CARTESIAN_POINT('',(5.9,1.,-1.16));
#2927=CARTESIAN_POINT('',(1.4,1.,-1.16));
#2928=CARTESIAN_POINT('',(1.4,1.,1.26));
#2929=CARTESIAN_POINT('',(1.4,1.,1.16));
#2930=CARTESIAN_POINT('',(5.9,1.,1.16));
#2931=CARTESIAN_POINT('',(5.9,-1.5,1.26));
#2932=CARTESIAN_POINT('',(1.4,-1.5,1.26));
#2933=CARTESIAN_POINT('',(1.4,0.9,1.26));
#2934=CARTESIAN_POINT('',(1.4,-1.4,1.26));
#2935=CARTESIAN_POINT('',(5.9,-1.4,1.26));
#2936=CARTESIAN_POINT('',(4.5,-1.4,1.26));
#2937=CARTESIAN_POINT('',(4.5,-1.5,1.26));
#2938=CARTESIAN_POINT('',(4.5,0.9,1.26));
#2939=CARTESIAN_POINT('',(5.9,0.9,1.26));
#2940=CARTESIAN_POINT('',(5.9,0.,0.));
#2941=CARTESIAN_POINT('',(5.9,0.1,2.89120579329468E-17));
#2942=CARTESIAN_POINT('',(5.9,0.0999999999999998,0.85));
#2943=CARTESIAN_POINT('',(5.9,0.1,-0.85));
#2944=CARTESIAN_POINT('',(5.9,0.,-0.85));
#2945=CARTESIAN_POINT('',(5.9,-1.4,-0.85));
#2946=CARTESIAN_POINT('',(5.9,-1.4,-5.9524825156067E-16));
#2947=CARTESIAN_POINT('',(5.9,-1.4,-1.05));
#2948=CARTESIAN_POINT('',(5.9,-3.11893775646515E-16,-1.05));
#2949=CARTESIAN_POINT('',(5.9,0.690000000000001,-1.05));
#2950=CARTESIAN_POINT('',(5.9,0.690000000000001,-0.95));
#2951=CARTESIAN_POINT('',(5.9,0.790000000000001,-0.95));
#2952=CARTESIAN_POINT('',(5.9,0.79,3.15559895465518E-16));
#2953=CARTESIAN_POINT('',(5.9,0.79,0.95));
#2954=CARTESIAN_POINT('',(5.9,0.69,0.95));
#2955=CARTESIAN_POINT('',(5.9,0.69,1.05));
#2956=CARTESIAN_POINT('',(5.9,-7.27752143175201E-16,1.05));
#2957=CARTESIAN_POINT('',(5.9,-1.4,1.05));
#2958=CARTESIAN_POINT('',(5.9,-1.4,-5.9524825156067E-16));
#2959=CARTESIAN_POINT('',(5.9,-1.4,0.85));
#2960=CARTESIAN_POINT('',(5.9,0.,0.85));
#2961=CARTESIAN_POINT('',(4.6,-1.5,-1.15));
#2962=CARTESIAN_POINT('',(4.6,0.690000000000001,-1.15));
#2963=CARTESIAN_POINT('',(4.6,0.690000000000001,-1.15));
#2964=CARTESIAN_POINT('',(5.8,0.690000000000001,-1.15));
#2965=CARTESIAN_POINT('',(5.8,-1.5,-1.15));
#2966=CARTESIAN_POINT('',(5.8,-1.4,-1.15));
#2967=CARTESIAN_POINT('',(1.3,-1.4,-1.15));
#2968=CARTESIAN_POINT('',(4.6,-1.4,-1.15));
#2969=CARTESIAN_POINT('',(4.6,-1.5,-1.15));
#2970=CARTESIAN_POINT('',(4.6,0.690000000000001,-0.95));
#2971=CARTESIAN_POINT('',(4.6,0.890000000000001,-0.95));
#2972=CARTESIAN_POINT('',(4.6,0.890000000000001,-0.95));
#2973=CARTESIAN_POINT('',(5.8,0.890000000000001,-0.95));
#2974=CARTESIAN_POINT('',(5.8,0.690000000000001,-0.95));
#2975=CARTESIAN_POINT('',(4.6,0.690000000000001,-0.95));
#2976=CARTESIAN_POINT('',(4.6,0.890000000000001,-0.95));
#2977=CARTESIAN_POINT('',(4.6,0.89,0.95));
#2978=CARTESIAN_POINT('',(4.6,0.89,0.95));
#2979=CARTESIAN_POINT('',(5.8,0.89,0.95));
#2980=CARTESIAN_POINT('',(5.8,0.890000000000001,-0.95));
#2981=CARTESIAN_POINT('',(4.6,0.890000000000001,-0.95));
#2982=CARTESIAN_POINT('',(4.6,0.69,0.95));
#2983=CARTESIAN_POINT('',(4.6,0.69,1.15));
#2984=CARTESIAN_POINT('',(4.6,0.69,1.15));
#2985=CARTESIAN_POINT('',(5.8,0.69,1.15));
#2986=CARTESIAN_POINT('',(5.8,0.69,0.95));
#2987=CARTESIAN_POINT('',(4.6,0.69,0.95));
#2988=CARTESIAN_POINT('',(4.6,0.69,1.15));
#2989=CARTESIAN_POINT('',(5.9,-1.4,1.15));
#2990=CARTESIAN_POINT('',(4.6,-1.4,1.15));
#2991=CARTESIAN_POINT('',(5.8,-1.4,1.15));
#2992=CARTESIAN_POINT('',(5.8,0.69,1.15));
#2993=CARTESIAN_POINT('',(4.6,0.69,1.15));
#2994=CARTESIAN_POINT('',(4.6,0.69,0.95));
#2995=CARTESIAN_POINT('',(4.6,0.689999999999999,-1.16));
#2996=CARTESIAN_POINT('',(4.6,0.900000000000001,-1.16));
#2997=CARTESIAN_POINT('',(4.6,0.9,0.95));
#2998=CARTESIAN_POINT('',(4.6,0.9,1.16));
#2999=CARTESIAN_POINT('',(4.6,0.69,1.16));
#3000=CARTESIAN_POINT('',(4.6,-1.4,1.05));
#3001=CARTESIAN_POINT('',(4.6,-1.4,-1.05));
#3002=CARTESIAN_POINT('',(4.6,0.69,1.15));
#3003=CARTESIAN_POINT('',(4.6,0.69,1.15));
#3004=CARTESIAN_POINT('',(1.3,0.69,1.15));
#3005=CARTESIAN_POINT('',(0.1,0.69,1.15));
#3006=CARTESIAN_POINT('',(0.1,-7.97061871096649E-16,1.15));
#3007=CARTESIAN_POINT('',(0.1,-1.4,1.15));
#3008=CARTESIAN_POINT('',(5.9,-1.4,1.15));
#3009=CARTESIAN_POINT('',(1.3,-1.4,1.15));
#3010=CARTESIAN_POINT('',(1.3,0.69,1.15));
#3011=CARTESIAN_POINT('',(4.6,0.69,0.95));
#3012=CARTESIAN_POINT('',(4.6,0.89,0.95));
#3013=CARTESIAN_POINT('',(1.3,0.89,0.95));
#3014=CARTESIAN_POINT('',(0.1,0.89,0.95));
#3015=CARTESIAN_POINT('',(0.1,0.69,0.95));
#3016=CARTESIAN_POINT('',(1.3,0.69,0.95));
#3017=CARTESIAN_POINT('',(4.6,0.890000000000001,-0.95));
#3018=CARTESIAN_POINT('',(4.6,0.890000000000001,-0.95));
#3019=CARTESIAN_POINT('',(1.3,0.890000000000001,-0.95));
#3020=CARTESIAN_POINT('',(0.1,0.890000000000001,-0.95));
#3021=CARTESIAN_POINT('',(0.1,0.89,3.55504186030773E-16));
#3022=CARTESIAN_POINT('',(1.3,0.890000000000001,-0.95));
#3023=CARTESIAN_POINT('',(4.6,0.690000000000001,-0.95));
#3024=CARTESIAN_POINT('',(4.6,0.690000000000001,-1.15));
#3025=CARTESIAN_POINT('',(1.3,0.690000000000001,-1.15));
#3026=CARTESIAN_POINT('',(0.1,0.690000000000001,-1.15));
#3027=CARTESIAN_POINT('',(0.1,0.690000000000001,-0.95));
#3028=CARTESIAN_POINT('',(1.3,0.690000000000001,-0.95));
#3029=CARTESIAN_POINT('',(4.6,-1.5,-1.15));
#3030=CARTESIAN_POINT('',(1.3,-1.4,-1.15));
#3031=CARTESIAN_POINT('',(1.3,-1.4,-1.15));
#3032=CARTESIAN_POINT('',(0.1,-1.4,-1.15));
#3033=CARTESIAN_POINT('',(0.1,-3.41597944755707E-16,-1.15));
#3034=CARTESIAN_POINT('',(1.3,-1.5,-1.15));
#3035=CARTESIAN_POINT('',(1.3,0.69,0.95));
#3036=CARTESIAN_POINT('',(1.3,0.69,1.16));
#3037=CARTESIAN_POINT('',(1.3,0.9,1.16));
#3038=CARTESIAN_POINT('',(1.3,0.9,0.95));
#3039=CARTESIAN_POINT('',(1.3,0.900000000000001,-1.16));
#3040=CARTESIAN_POINT('',(1.3,0.689999999999999,-1.16));
#3041=CARTESIAN_POINT('',(1.3,-1.4,-1.05));
#3042=CARTESIAN_POINT('',(1.3,-1.4,1.05));
#3043=CARTESIAN_POINT('',(0.1,0.69,0.95));
#3044=CARTESIAN_POINT('',(0.1,0.79,0.95));
#3045=CARTESIAN_POINT('',(0.1,0.69,1.05));
#3046=CARTESIAN_POINT('',(0.1,-7.27752143175201E-16,1.05));
#3047=CARTESIAN_POINT('',(0.1,-1.4,1.05));
#3048=CARTESIAN_POINT('',(5.9,-1.4,1.05));
#3049=CARTESIAN_POINT('',(0.1,-1.4,1.05));
#3050=CARTESIAN_POINT('',(0.1,0.79,3.15559895465518E-16));
#3051=CARTESIAN_POINT('',(0.1,0.790000000000001,-0.95));
#3052=CARTESIAN_POINT('',(0.1,-1.4,1.05));
#3053=CARTESIAN_POINT('',(0.1,-1.4,1.05));
#3054=CARTESIAN_POINT('',(5.8,0.69,0.95));
#3055=CARTESIAN_POINT('',(5.8,0.79,0.95));
#3056=CARTESIAN_POINT('',(5.8,0.69,1.05));
#3057=CARTESIAN_POINT('',(0.1,0.690000000000001,-0.95));
#3058=CARTESIAN_POINT('',(0.1,0.690000000000001,-1.05));
#3059=CARTESIAN_POINT('',(0.1,-1.4,0.75));
#3060=CARTESIAN_POINT('',(0.1,-1.4,0.85));
#3061=CARTESIAN_POINT('',(5.9,-1.4,1.05));
#3062=CARTESIAN_POINT('',(5.8,-1.4,1.05));
#3063=CARTESIAN_POINT('',(5.8,0.69,1.05));
#3064=CARTESIAN_POINT('',(5.8,-1.4,1.05));
#3065=CARTESIAN_POINT('',(5.8,0.790000000000001,-0.95));
#3066=CARTESIAN_POINT('',(5.8,0.790000000000001,-0.95));
#3067=CARTESIAN_POINT('',(1.3,-1.4,-1.05));
#3068=CARTESIAN_POINT('',(0.1,-1.4,-1.05));
#3069=CARTESIAN_POINT('',(0.1,-3.11893775646515E-16,-1.05));
#3070=CARTESIAN_POINT('',(0.1,-1.4,-1.05));
#3071=CARTESIAN_POINT('',(0.1,-2.16840434497101E-16,0.85));
#3072=CARTESIAN_POINT('',(0.1,-1.4,0.85));
#3073=CARTESIAN_POINT('',(0.1,0.0999999999999998,0.85));
#3074=CARTESIAN_POINT('',(0.1,-1.4,0.85));
#3075=CARTESIAN_POINT('',(0.1,-1.4,0.85));
#3076=CARTESIAN_POINT('',(5.8,-1.4,1.05));
#3077=CARTESIAN_POINT('',(5.8,-1.4,1.05));
#3078=CARTESIAN_POINT('',(5.8,0.690000000000001,-0.95));
#3079=CARTESIAN_POINT('',(5.8,0.690000000000001,-1.05));
#3080=CARTESIAN_POINT('',(0.1,-1.4,-1.05));
#3081=CARTESIAN_POINT('',(0.1,-1.4,-1.05));
#3082=CARTESIAN_POINT('',(0.1,0.1,-0.75));
#3083=CARTESIAN_POINT('',(0.1,0.1,-0.85));
#3084=CARTESIAN_POINT('',(5.9,-1.4,0.85));
#3085=CARTESIAN_POINT('',(5.8,-1.4,0.85));
#3086=CARTESIAN_POINT('',(5.8,-1.4,-5.9524825156067E-16));
#3087=CARTESIAN_POINT('',(5.8,-1.4,0.85));
#3088=CARTESIAN_POINT('',(5.8,-1.5,-1.05));
#3089=CARTESIAN_POINT('',(5.8,-1.4,-1.05));
#3090=CARTESIAN_POINT('',(1.3,-1.4,-1.05));
#3091=CARTESIAN_POINT('',(5.8,-1.4,-1.05));
#3092=CARTESIAN_POINT('',(0.1,-1.4,0.75));
#3093=CARTESIAN_POINT('',(0.1,-1.4,-0.85));
#3094=CARTESIAN_POINT('',(0.1,-1.5,-0.85));
#3095=CARTESIAN_POINT('',(0.1,-1.4,-0.85));
#3096=CARTESIAN_POINT('',(5.8,-1.4,0.85));
#3097=CARTESIAN_POINT('',(5.8,-1.4,0.85));
#3098=CARTESIAN_POINT('',(5.8,-1.4,-1.05));
#3099=CARTESIAN_POINT('',(5.8,-1.4,-1.05));
#3100=CARTESIAN_POINT('',(0.1,-1.4,-0.85));
#3101=CARTESIAN_POINT('',(0.1,-1.4,-0.85));
#3102=CARTESIAN_POINT('',(5.8,0.,0.85));
#3103=CARTESIAN_POINT('',(5.8,0.0999999999999998,0.85));
#3104=CARTESIAN_POINT('',(5.8,-1.4,-5.9524825156067E-16));
#3105=CARTESIAN_POINT('',(5.8,-1.4,-0.85));
#3106=CARTESIAN_POINT('',(5.9,-1.4,-0.85));
#3107=CARTESIAN_POINT('',(5.8,-1.4,-0.85));
#3108=CARTESIAN_POINT('',(5.8,0.1,2.89120579329468E-17));
#3109=CARTESIAN_POINT('',(5.8,0.1,-0.85));
#3110=CARTESIAN_POINT('',(5.8,-1.4,-0.85));
#3111=CARTESIAN_POINT('',(5.8,-1.4,-0.85));
#3112=CARTESIAN_POINT('',(5.8,0.,-0.85));
#3113=CARTESIAN_POINT('',(5.9,-1.4,1.16));
#3114=CARTESIAN_POINT('',(1.4,-1.4,1.16));
#3115=CARTESIAN_POINT('',(4.5,-1.4,1.16));
#3116=CARTESIAN_POINT('',(4.5,0.69,1.16));
#3117=CARTESIAN_POINT('',(4.5,0.9,1.16));
#3118=CARTESIAN_POINT('',(5.9,0.9,1.16));
#3119=CARTESIAN_POINT('',(1.4,0.9,1.16));
#3120=CARTESIAN_POINT('',(4.5,0.9,1.16));
#3121=CARTESIAN_POINT('',(1.4,-1.5,1.16));
#3122=CARTESIAN_POINT('',(1.4,0.9,1.16));
#3123=CARTESIAN_POINT('',(4.5,0.9,1.16));
#3124=CARTESIAN_POINT('',(4.5,0.9,1.16));
#3125=CARTESIAN_POINT('',(1.4,0.9,1.16));
#3126=CARTESIAN_POINT('',(1.4,0.9,1.16));
#3127=CARTESIAN_POINT('',(4.5,0.9,0.95));
#3128=CARTESIAN_POINT('',(4.5,0.900000000000001,-1.16));
#3129=CARTESIAN_POINT('',(5.9,0.900000000000001,-1.16));
#3130=CARTESIAN_POINT('',(1.4,0.900000000000001,-1.16));
#3131=CARTESIAN_POINT('',(4.5,0.900000000000001,-1.16));
#3132=CARTESIAN_POINT('',(1.4,0.9,1.26));
#3133=CARTESIAN_POINT('',(1.4,0.900000000000001,-1.16));
#3134=CARTESIAN_POINT('',(4.5,0.900000000000001,-1.16));
#3135=CARTESIAN_POINT('',(4.5,0.900000000000001,-1.16));
#3136=CARTESIAN_POINT('',(1.4,0.900000000000001,-1.16));
#3137=CARTESIAN_POINT('',(1.4,0.900000000000001,-1.16));
#3138=CARTESIAN_POINT('',(4.5,0.689999999999999,-1.16));
#3139=CARTESIAN_POINT('',(4.5,-1.4,-1.16));
#3140=CARTESIAN_POINT('',(1.4,1.,-1.16));
#3141=CARTESIAN_POINT('',(1.4,-1.4,-1.16));
#3142=CARTESIAN_POINT('',(5.9,-1.4,-1.16));
#3143=CARTESIAN_POINT('',(-3.4643045973001,0.40909883301311,5.4194392358013));
#3144=MECHANICAL_DESIGN_GEOMETRIC_PRESENTATION_REPRESENTATION('',(#1779,
#1780,#1781),#3145);
#3145=(
GEOMETRIC_REPRESENTATION_CONTEXT(3)
GLOBAL_UNCERTAINTY_ASSIGNED_CONTEXT((#3149))
GLOBAL_UNIT_ASSIGNED_CONTEXT((#3155,#3154,#3153))
REPRESENTATION_CONTEXT('0ACA-9400-TE','TOP_LEVEL_ASSEMBLY_PART')
);
#3146=(
GEOMETRIC_REPRESENTATION_CONTEXT(3)
GLOBAL_UNCERTAINTY_ASSIGNED_CONTEXT((#3150))
GLOBAL_UNIT_ASSIGNED_CONTEXT((#3155,#3154,#3153))
REPRESENTATION_CONTEXT('0ACA-9400-TE_PART1','COMPONENT_PART')
);
#3147=(
GEOMETRIC_REPRESENTATION_CONTEXT(3)
GLOBAL_UNCERTAINTY_ASSIGNED_CONTEXT((#3151))
GLOBAL_UNIT_ASSIGNED_CONTEXT((#3155,#3154,#3153))
REPRESENTATION_CONTEXT('0ACA-9400-TE_PART2','COMPONENT_PART')
);
#3148=(
GEOMETRIC_REPRESENTATION_CONTEXT(3)
GLOBAL_UNCERTAINTY_ASSIGNED_CONTEXT((#3152))
GLOBAL_UNIT_ASSIGNED_CONTEXT((#3155,#3154,#3153))
REPRESENTATION_CONTEXT('0ACA-9400-TE_PART3','COMPONENT_PART')
);
#3149=UNCERTAINTY_MEASURE_WITH_UNIT(LENGTH_MEASURE(1.E-5),#3155,
'DISTANCE_ACCURACY_VALUE','Maximum Tolerance applied to model');
#3150=UNCERTAINTY_MEASURE_WITH_UNIT(LENGTH_MEASURE(1.E-5),#3155,
'DISTANCE_ACCURACY_VALUE','Maximum Tolerance applied to model');
#3151=UNCERTAINTY_MEASURE_WITH_UNIT(LENGTH_MEASURE(1.E-5),#3155,
'DISTANCE_ACCURACY_VALUE','Maximum Tolerance applied to model');
#3152=UNCERTAINTY_MEASURE_WITH_UNIT(LENGTH_MEASURE(1.E-5),#3155,
'DISTANCE_ACCURACY_VALUE','Maximum Tolerance applied to model');
#3153=(
NAMED_UNIT(*)
SI_UNIT($,.STERADIAN.)
SOLID_ANGLE_UNIT()
);
#3154=(
NAMED_UNIT(*)
PLANE_ANGLE_UNIT()
SI_UNIT($,.RADIAN.)
);
#3155=(
LENGTH_UNIT()
NAMED_UNIT(*)
SI_UNIT(.MILLI.,.METRE.)
);
#3156=PRODUCT_DEFINITION_SHAPE('','',#3164);
#3157=PRODUCT_DEFINITION_SHAPE('','',#3165);
#3158=PRODUCT_DEFINITION_SHAPE(' ','NAUO PRDDFN',#36);
#3159=PRODUCT_DEFINITION_SHAPE(' ','NAUO PRDDFN',#37);
#3160=PRODUCT_DEFINITION_SHAPE('','',#3166);
#3161=PRODUCT_DEFINITION_SHAPE(' ','NAUO PRDDFN',#38);
#3162=PRODUCT_DEFINITION_SHAPE('','',#3167);
#3163=PRODUCT_DEFINITION_SHAPE(' ','NAUO PRDDFN',#39);
#3164=PRODUCT_DEFINITION('','',#3172,#3168);
#3165=PRODUCT_DEFINITION('','',#3173,#3169);
#3166=PRODUCT_DEFINITION('','',#3174,#3170);
#3167=PRODUCT_DEFINITION('','',#3175,#3171);
#3168=PRODUCT_DEFINITION_CONTEXT('',#3193,'design');
#3169=PRODUCT_DEFINITION_CONTEXT('',#3193,'design');
#3170=PRODUCT_DEFINITION_CONTEXT('',#3193,'design');
#3171=PRODUCT_DEFINITION_CONTEXT('',#3193,'design');
#3172=PRODUCT_DEFINITION_FORMATION_WITH_SPECIFIED_SOURCE('','',#3180,
 .NOT_KNOWN.);
#3173=PRODUCT_DEFINITION_FORMATION_WITH_SPECIFIED_SOURCE('','',#3181,
 .NOT_KNOWN.);
#3174=PRODUCT_DEFINITION_FORMATION_WITH_SPECIFIED_SOURCE('','',#3182,
 .NOT_KNOWN.);
#3175=PRODUCT_DEFINITION_FORMATION_WITH_SPECIFIED_SOURCE('','',#3183,
 .NOT_KNOWN.);
#3176=PRODUCT_RELATED_PRODUCT_CATEGORY('','',(#3180));
#3177=PRODUCT_RELATED_PRODUCT_CATEGORY('','',(#3181));
#3178=PRODUCT_RELATED_PRODUCT_CATEGORY('','',(#3182));
#3179=PRODUCT_RELATED_PRODUCT_CATEGORY('','',(#3183));
#3180=PRODUCT('0ACA-9400-TE','0ACA-9400-TE','0ACA-9400-TE',(#3188));
#3181=PRODUCT('0ACA-9400-TE_PART1','0ACA-9400-TE_PART1',
'0ACA-9400-TE_PART1',(#3189));
#3182=PRODUCT('0ACA-9400-TE_PART2','0ACA-9400-TE_PART2',
'0ACA-9400-TE_PART2',(#3190));
#3183=PRODUCT('0ACA-9400-TE_PART3','0ACA-9400-TE_PART3',
'0ACA-9400-TE_PART3',(#3191));
#3184=PRODUCT_CATEGORY('','');
#3185=PRODUCT_CATEGORY('','');
#3186=PRODUCT_CATEGORY('','');
#3187=PRODUCT_CATEGORY('','');
#3188=PRODUCT_CONTEXT('',#3193,'mechanical');
#3189=PRODUCT_CONTEXT('',#3193,'mechanical');
#3190=PRODUCT_CONTEXT('',#3193,'mechanical');
#3191=PRODUCT_CONTEXT('',#3193,'mechanical');
#3192=APPLICATION_PROTOCOL_DEFINITION('international standard',
'automotive_design',2010,#3193);
#3193=APPLICATION_CONTEXT(
'core data for automotive mechanical design processes');
ENDSEC;
END-ISO-10303-21;
