ISO-10303-21;
HEADER;
FILE_DESCRIPTION((''),'2;1');
FILE_NAME('444280802','2019-02-08T',('gga'),(''),
'PRO/ENGINEER BY PARAMETRIC TECHNOLOGY CORPORATION, 2016010',
'PRO/ENGINEER BY PARAMETRIC TECHNOLOGY CORPORATION, 2016010','');
FILE_SCHEMA(('CONFIG_CONTROL_DESIGN'));
ENDSEC;
DATA;
#1=DIRECTION('',(0.E0,1.E0,0.E0));
#2=VECTOR('',#1,6.4E-1);
#3=CARTESIAN_POINT('',(-4.82E0,1.18E0,-5.8E0));
#4=LINE('',#3,#2);
#5=DIRECTION('',(1.E0,0.E0,0.E0));
#6=VECTOR('',#5,6.4E-1);
#7=CARTESIAN_POINT('',(-4.82E0,1.82E0,-5.8E0));
#8=LINE('',#7,#6);
#9=DIRECTION('',(0.E0,1.E0,0.E0));
#10=VECTOR('',#9,6.4E-1);
#11=CARTESIAN_POINT('',(-4.18E0,1.18E0,-5.8E0));
#12=LINE('',#11,#10);
#13=DIRECTION('',(1.E0,0.E0,0.E0));
#14=VECTOR('',#13,6.4E-1);
#15=CARTESIAN_POINT('',(-4.82E0,1.18E0,-5.8E0));
#16=LINE('',#15,#14);
#17=DIRECTION('',(0.E0,1.E0,0.E0));
#18=VECTOR('',#17,6.4E-1);
#19=CARTESIAN_POINT('',(-4.82E0,-1.82E0,-5.8E0));
#20=LINE('',#19,#18);
#21=DIRECTION('',(1.E0,0.E0,0.E0));
#22=VECTOR('',#21,6.4E-1);
#23=CARTESIAN_POINT('',(-4.82E0,-1.18E0,-5.8E0));
#24=LINE('',#23,#22);
#25=DIRECTION('',(0.E0,1.E0,0.E0));
#26=VECTOR('',#25,6.4E-1);
#27=CARTESIAN_POINT('',(-4.18E0,-1.82E0,-5.8E0));
#28=LINE('',#27,#26);
#29=DIRECTION('',(1.E0,0.E0,0.E0));
#30=VECTOR('',#29,6.4E-1);
#31=CARTESIAN_POINT('',(-4.82E0,-1.82E0,-5.8E0));
#32=LINE('',#31,#30);
#33=DIRECTION('',(0.E0,1.E0,0.E0));
#34=VECTOR('',#33,6.4E-1);
#35=CARTESIAN_POINT('',(-1.82E0,1.18E0,-5.8E0));
#36=LINE('',#35,#34);
#37=DIRECTION('',(1.E0,0.E0,0.E0));
#38=VECTOR('',#37,6.4E-1);
#39=CARTESIAN_POINT('',(-1.82E0,1.82E0,-5.8E0));
#40=LINE('',#39,#38);
#41=DIRECTION('',(0.E0,1.E0,0.E0));
#42=VECTOR('',#41,6.4E-1);
#43=CARTESIAN_POINT('',(-1.18E0,1.18E0,-5.8E0));
#44=LINE('',#43,#42);
#45=DIRECTION('',(1.E0,0.E0,0.E0));
#46=VECTOR('',#45,6.4E-1);
#47=CARTESIAN_POINT('',(-1.82E0,1.18E0,-5.8E0));
#48=LINE('',#47,#46);
#49=DIRECTION('',(0.E0,1.E0,0.E0));
#50=VECTOR('',#49,6.4E-1);
#51=CARTESIAN_POINT('',(-1.82E0,-1.82E0,-5.8E0));
#52=LINE('',#51,#50);
#53=DIRECTION('',(1.E0,0.E0,0.E0));
#54=VECTOR('',#53,6.4E-1);
#55=CARTESIAN_POINT('',(-1.82E0,-1.18E0,-5.8E0));
#56=LINE('',#55,#54);
#57=DIRECTION('',(0.E0,1.E0,0.E0));
#58=VECTOR('',#57,6.4E-1);
#59=CARTESIAN_POINT('',(-1.18E0,-1.82E0,-5.8E0));
#60=LINE('',#59,#58);
#61=DIRECTION('',(1.E0,0.E0,0.E0));
#62=VECTOR('',#61,6.4E-1);
#63=CARTESIAN_POINT('',(-1.82E0,-1.82E0,-5.8E0));
#64=LINE('',#63,#62);
#65=DIRECTION('',(0.E0,1.E0,0.E0));
#66=VECTOR('',#65,6.4E-1);
#67=CARTESIAN_POINT('',(1.18E0,1.18E0,-5.8E0));
#68=LINE('',#67,#66);
#69=DIRECTION('',(1.E0,0.E0,0.E0));
#70=VECTOR('',#69,6.4E-1);
#71=CARTESIAN_POINT('',(1.18E0,1.82E0,-5.8E0));
#72=LINE('',#71,#70);
#73=DIRECTION('',(0.E0,1.E0,0.E0));
#74=VECTOR('',#73,6.4E-1);
#75=CARTESIAN_POINT('',(1.82E0,1.18E0,-5.8E0));
#76=LINE('',#75,#74);
#77=DIRECTION('',(1.E0,0.E0,0.E0));
#78=VECTOR('',#77,6.4E-1);
#79=CARTESIAN_POINT('',(1.18E0,1.18E0,-5.8E0));
#80=LINE('',#79,#78);
#81=DIRECTION('',(0.E0,1.E0,0.E0));
#82=VECTOR('',#81,6.4E-1);
#83=CARTESIAN_POINT('',(1.18E0,-1.82E0,-5.8E0));
#84=LINE('',#83,#82);
#85=DIRECTION('',(1.E0,0.E0,0.E0));
#86=VECTOR('',#85,6.4E-1);
#87=CARTESIAN_POINT('',(1.18E0,-1.18E0,-5.8E0));
#88=LINE('',#87,#86);
#89=DIRECTION('',(0.E0,1.E0,0.E0));
#90=VECTOR('',#89,6.4E-1);
#91=CARTESIAN_POINT('',(1.82E0,-1.82E0,-5.8E0));
#92=LINE('',#91,#90);
#93=DIRECTION('',(1.E0,0.E0,0.E0));
#94=VECTOR('',#93,6.4E-1);
#95=CARTESIAN_POINT('',(1.18E0,-1.82E0,-5.8E0));
#96=LINE('',#95,#94);
#97=DIRECTION('',(0.E0,1.E0,0.E0));
#98=VECTOR('',#97,1.5E0);
#99=CARTESIAN_POINT('',(8.5E0,-5.95E0,-5.8E0));
#100=LINE('',#99,#98);
#101=DIRECTION('',(1.E0,0.E0,0.E0));
#102=VECTOR('',#101,1.E0);
#103=CARTESIAN_POINT('',(8.5E0,-5.95E0,-5.8E0));
#104=LINE('',#103,#102);
#105=DIRECTION('',(0.E0,1.E0,0.E0));
#106=VECTOR('',#105,9.4E0);
#107=CARTESIAN_POINT('',(9.5E0,-5.95E0,-5.8E0));
#108=LINE('',#107,#106);
#109=DIRECTION('',(1.E0,0.E0,0.E0));
#110=VECTOR('',#109,1.9E1);
#111=CARTESIAN_POINT('',(-9.5E0,3.45E0,-5.8E0));
#112=LINE('',#111,#110);
#113=DIRECTION('',(0.E0,-1.E0,0.E0));
#114=VECTOR('',#113,9.4E0);
#115=CARTESIAN_POINT('',(-9.5E0,3.45E0,-5.8E0));
#116=LINE('',#115,#114);
#117=DIRECTION('',(1.E0,0.E0,0.E0));
#118=VECTOR('',#117,1.E0);
#119=CARTESIAN_POINT('',(-9.5E0,-5.95E0,-5.8E0));
#120=LINE('',#119,#118);
#121=DIRECTION('',(0.E0,1.E0,0.E0));
#122=VECTOR('',#121,1.5E0);
#123=CARTESIAN_POINT('',(-8.5E0,-5.95E0,-5.8E0));
#124=LINE('',#123,#122);
#125=DIRECTION('',(1.E0,0.E0,0.E0));
#126=VECTOR('',#125,1.7E1);
#127=CARTESIAN_POINT('',(-8.5E0,-4.45E0,-5.8E0));
#128=LINE('',#127,#126);
#129=DIRECTION('',(0.E0,1.E0,0.E0));
#130=VECTOR('',#129,6.4E-1);
#131=CARTESIAN_POINT('',(4.18E0,-1.82E0,-5.8E0));
#132=LINE('',#131,#130);
#133=DIRECTION('',(1.E0,0.E0,0.E0));
#134=VECTOR('',#133,6.4E-1);
#135=CARTESIAN_POINT('',(4.18E0,-1.18E0,-5.8E0));
#136=LINE('',#135,#134);
#137=DIRECTION('',(0.E0,1.E0,0.E0));
#138=VECTOR('',#137,6.4E-1);
#139=CARTESIAN_POINT('',(4.82E0,-1.82E0,-5.8E0));
#140=LINE('',#139,#138);
#141=DIRECTION('',(1.E0,0.E0,0.E0));
#142=VECTOR('',#141,6.4E-1);
#143=CARTESIAN_POINT('',(4.18E0,-1.82E0,-5.8E0));
#144=LINE('',#143,#142);
#145=DIRECTION('',(0.E0,1.E0,0.E0));
#146=VECTOR('',#145,6.4E-1);
#147=CARTESIAN_POINT('',(4.18E0,1.18E0,-5.8E0));
#148=LINE('',#147,#146);
#149=DIRECTION('',(1.E0,0.E0,0.E0));
#150=VECTOR('',#149,6.4E-1);
#151=CARTESIAN_POINT('',(4.18E0,1.82E0,-5.8E0));
#152=LINE('',#151,#150);
#153=DIRECTION('',(0.E0,1.E0,0.E0));
#154=VECTOR('',#153,6.4E-1);
#155=CARTESIAN_POINT('',(4.82E0,1.18E0,-5.8E0));
#156=LINE('',#155,#154);
#157=DIRECTION('',(1.E0,0.E0,0.E0));
#158=VECTOR('',#157,6.4E-1);
#159=CARTESIAN_POINT('',(4.18E0,1.18E0,-5.8E0));
#160=LINE('',#159,#158);
#161=DIRECTION('',(0.E0,0.E0,1.E0));
#162=VECTOR('',#161,3.98E0);
#163=CARTESIAN_POINT('',(-4.82E0,-1.18E0,-2.5E0));
#164=LINE('',#163,#162);
#165=DIRECTION('',(0.E0,-1.E0,0.E0));
#166=VECTOR('',#165,6.4E-1);
#167=CARTESIAN_POINT('',(-4.82E0,-1.18E0,1.48E0));
#168=LINE('',#167,#166);
#169=DIRECTION('',(0.E0,0.E0,-1.E0));
#170=VECTOR('',#169,3.98E0);
#171=CARTESIAN_POINT('',(-4.82E0,-1.82E0,1.48E0));
#172=LINE('',#171,#170);
#173=DIRECTION('',(0.E0,0.E0,1.E0));
#174=VECTOR('',#173,3.98E0);
#175=CARTESIAN_POINT('',(-4.82E0,1.82E0,-2.5E0));
#176=LINE('',#175,#174);
#177=DIRECTION('',(0.E0,-1.E0,0.E0));
#178=VECTOR('',#177,6.4E-1);
#179=CARTESIAN_POINT('',(-4.82E0,1.82E0,1.48E0));
#180=LINE('',#179,#178);
#181=DIRECTION('',(0.E0,0.E0,-1.E0));
#182=VECTOR('',#181,3.98E0);
#183=CARTESIAN_POINT('',(-4.82E0,1.18E0,1.48E0));
#184=LINE('',#183,#182);
#185=DIRECTION('',(0.E0,0.E0,1.E0));
#186=VECTOR('',#185,6.4E-1);
#187=CARTESIAN_POINT('',(-4.82E0,-5.45E0,-1.195E1));
#188=LINE('',#187,#186);
#189=DIRECTION('',(0.E0,-1.E0,0.E0));
#190=VECTOR('',#189,4.E0);
#191=CARTESIAN_POINT('',(-4.82E0,-5.45E0,-1.131E1));
#192=LINE('',#191,#190);
#193=DIRECTION('',(0.E0,0.E0,-1.E0));
#194=VECTOR('',#193,6.4E-1);
#195=CARTESIAN_POINT('',(-4.82E0,-9.45E0,-1.131E1));
#196=LINE('',#195,#194);
#197=DIRECTION('',(0.E0,1.E0,0.E0));
#198=VECTOR('',#197,4.E0);
#199=CARTESIAN_POINT('',(-4.82E0,-9.45E0,-1.195E1));
#200=LINE('',#199,#198);
#201=DIRECTION('',(0.E0,0.E0,1.E0));
#202=VECTOR('',#201,6.4E-1);
#203=CARTESIAN_POINT('',(-4.82E0,-5.45E0,-8.95E0));
#204=LINE('',#203,#202);
#205=DIRECTION('',(0.E0,-1.E0,0.E0));
#206=VECTOR('',#205,4.E0);
#207=CARTESIAN_POINT('',(-4.82E0,-5.45E0,-8.31E0));
#208=LINE('',#207,#206);
#209=DIRECTION('',(0.E0,0.E0,-1.E0));
#210=VECTOR('',#209,6.4E-1);
#211=CARTESIAN_POINT('',(-4.82E0,-9.45E0,-8.31E0));
#212=LINE('',#211,#210);
#213=DIRECTION('',(0.E0,1.E0,0.E0));
#214=VECTOR('',#213,4.E0);
#215=CARTESIAN_POINT('',(-4.82E0,-9.45E0,-8.95E0));
#216=LINE('',#215,#214);
#217=DIRECTION('',(0.E0,0.E0,1.E0));
#218=VECTOR('',#217,6.4E-1);
#219=CARTESIAN_POINT('',(-4.82E0,-4.95E0,-1.195E1));
#220=LINE('',#219,#218);
#221=DIRECTION('',(0.E0,1.E0,0.E0));
#222=VECTOR('',#221,5.37E0);
#223=CARTESIAN_POINT('',(-4.82E0,-4.95E0,-1.195E1));
#224=LINE('',#223,#222);
#225=CARTESIAN_POINT('',(-4.82E0,4.2E-1,-1.055E1));
#226=DIRECTION('',(1.E0,0.E0,0.E0));
#227=DIRECTION('',(0.E0,0.E0,-1.E0));
#228=AXIS2_PLACEMENT_3D('',#225,#226,#227);
#230=DIRECTION('',(0.E0,0.E0,1.E0));
#231=VECTOR('',#230,4.75E0);
#232=CARTESIAN_POINT('',(-4.82E0,1.82E0,-1.055E1));
#233=LINE('',#232,#231);
#234=DIRECTION('',(0.E0,0.E0,-1.E0));
#235=VECTOR('',#234,4.91E0);
#236=CARTESIAN_POINT('',(-4.82E0,1.18E0,-5.8E0));
#237=LINE('',#236,#235);
#238=CARTESIAN_POINT('',(-4.82E0,5.8E-1,-1.071E1));
#239=DIRECTION('',(-1.E0,0.E0,0.E0));
#240=DIRECTION('',(0.E0,1.E0,0.E0));
#241=AXIS2_PLACEMENT_3D('',#238,#239,#240);
#243=DIRECTION('',(0.E0,-1.E0,0.E0));
#244=VECTOR('',#243,5.53E0);
#245=CARTESIAN_POINT('',(-4.82E0,5.8E-1,-1.131E1));
#246=LINE('',#245,#244);
#247=DIRECTION('',(0.E0,0.E0,1.E0));
#248=VECTOR('',#247,6.4E-1);
#249=CARTESIAN_POINT('',(-4.82E0,-4.95E0,-8.95E0));
#250=LINE('',#249,#248);
#251=DIRECTION('',(0.E0,1.E0,0.E0));
#252=VECTOR('',#251,2.37E0);
#253=CARTESIAN_POINT('',(-4.82E0,-4.95E0,-8.95E0));
#254=LINE('',#253,#252);
#255=CARTESIAN_POINT('',(-4.82E0,-2.58E0,-7.55E0));
#256=DIRECTION('',(1.E0,0.E0,0.E0));
#257=DIRECTION('',(0.E0,0.E0,-1.E0));
#258=AXIS2_PLACEMENT_3D('',#255,#256,#257);
#260=DIRECTION('',(0.E0,0.E0,1.E0));
#261=VECTOR('',#260,1.75E0);
#262=CARTESIAN_POINT('',(-4.82E0,-1.18E0,-7.55E0));
#263=LINE('',#262,#261);
#264=DIRECTION('',(0.E0,0.E0,-1.E0));
#265=VECTOR('',#264,1.91E0);
#266=CARTESIAN_POINT('',(-4.82E0,-1.82E0,-5.8E0));
#267=LINE('',#266,#265);
#268=CARTESIAN_POINT('',(-4.82E0,-2.42E0,-7.71E0));
#269=DIRECTION('',(-1.E0,0.E0,0.E0));
#270=DIRECTION('',(0.E0,1.E0,0.E0));
#271=AXIS2_PLACEMENT_3D('',#268,#269,#270);
#273=DIRECTION('',(0.E0,-1.E0,0.E0));
#274=VECTOR('',#273,2.53E0);
#275=CARTESIAN_POINT('',(-4.82E0,-2.42E0,-8.31E0));
#276=LINE('',#275,#274);
#277=DIRECTION('',(0.E0,1.E0,0.E0));
#278=VECTOR('',#277,6.4E-1);
#279=CARTESIAN_POINT('',(-4.82E0,1.18E0,-2.5E0));
#280=LINE('',#279,#278);
#281=DIRECTION('',(1.E0,0.E0,0.E0));
#282=VECTOR('',#281,6.4E-1);
#283=CARTESIAN_POINT('',(-4.82E0,1.18E0,-2.5E0));
#284=LINE('',#283,#282);
#285=DIRECTION('',(0.E0,1.E0,0.E0));
#286=VECTOR('',#285,6.4E-1);
#287=CARTESIAN_POINT('',(-4.18E0,1.18E0,-2.5E0));
#288=LINE('',#287,#286);
#289=DIRECTION('',(1.E0,0.E0,0.E0));
#290=VECTOR('',#289,6.4E-1);
#291=CARTESIAN_POINT('',(-4.82E0,1.82E0,-2.5E0));
#292=LINE('',#291,#290);
#293=DIRECTION('',(0.E0,1.E0,0.E0));
#294=VECTOR('',#293,6.4E-1);
#295=CARTESIAN_POINT('',(-4.82E0,-1.82E0,-2.5E0));
#296=LINE('',#295,#294);
#297=DIRECTION('',(1.E0,0.E0,0.E0));
#298=VECTOR('',#297,6.4E-1);
#299=CARTESIAN_POINT('',(-4.82E0,-1.82E0,-2.5E0));
#300=LINE('',#299,#298);
#301=DIRECTION('',(0.E0,1.E0,0.E0));
#302=VECTOR('',#301,6.4E-1);
#303=CARTESIAN_POINT('',(-4.18E0,-1.82E0,-2.5E0));
#304=LINE('',#303,#302);
#305=DIRECTION('',(1.E0,0.E0,0.E0));
#306=VECTOR('',#305,6.4E-1);
#307=CARTESIAN_POINT('',(-4.82E0,-1.18E0,-2.5E0));
#308=LINE('',#307,#306);
#309=DIRECTION('',(0.E0,1.E0,0.E0));
#310=VECTOR('',#309,6.4E-1);
#311=CARTESIAN_POINT('',(-1.82E0,1.18E0,-2.5E0));
#312=LINE('',#311,#310);
#313=DIRECTION('',(1.E0,0.E0,0.E0));
#314=VECTOR('',#313,6.4E-1);
#315=CARTESIAN_POINT('',(-1.82E0,1.18E0,-2.5E0));
#316=LINE('',#315,#314);
#317=DIRECTION('',(0.E0,1.E0,0.E0));
#318=VECTOR('',#317,6.4E-1);
#319=CARTESIAN_POINT('',(-1.18E0,1.18E0,-2.5E0));
#320=LINE('',#319,#318);
#321=DIRECTION('',(1.E0,0.E0,0.E0));
#322=VECTOR('',#321,6.4E-1);
#323=CARTESIAN_POINT('',(-1.82E0,1.82E0,-2.5E0));
#324=LINE('',#323,#322);
#325=DIRECTION('',(0.E0,1.E0,0.E0));
#326=VECTOR('',#325,6.4E-1);
#327=CARTESIAN_POINT('',(-1.82E0,-1.82E0,-2.5E0));
#328=LINE('',#327,#326);
#329=DIRECTION('',(1.E0,0.E0,0.E0));
#330=VECTOR('',#329,6.4E-1);
#331=CARTESIAN_POINT('',(-1.82E0,-1.82E0,-2.5E0));
#332=LINE('',#331,#330);
#333=DIRECTION('',(0.E0,1.E0,0.E0));
#334=VECTOR('',#333,6.4E-1);
#335=CARTESIAN_POINT('',(-1.18E0,-1.82E0,-2.5E0));
#336=LINE('',#335,#334);
#337=DIRECTION('',(1.E0,0.E0,0.E0));
#338=VECTOR('',#337,6.4E-1);
#339=CARTESIAN_POINT('',(-1.82E0,-1.18E0,-2.5E0));
#340=LINE('',#339,#338);
#341=DIRECTION('',(0.E0,1.E0,0.E0));
#342=VECTOR('',#341,6.4E-1);
#343=CARTESIAN_POINT('',(1.18E0,1.18E0,-2.5E0));
#344=LINE('',#343,#342);
#345=DIRECTION('',(1.E0,0.E0,0.E0));
#346=VECTOR('',#345,6.4E-1);
#347=CARTESIAN_POINT('',(1.18E0,1.18E0,-2.5E0));
#348=LINE('',#347,#346);
#349=DIRECTION('',(0.E0,1.E0,0.E0));
#350=VECTOR('',#349,6.4E-1);
#351=CARTESIAN_POINT('',(1.82E0,1.18E0,-2.5E0));
#352=LINE('',#351,#350);
#353=DIRECTION('',(1.E0,0.E0,0.E0));
#354=VECTOR('',#353,6.4E-1);
#355=CARTESIAN_POINT('',(1.18E0,1.82E0,-2.5E0));
#356=LINE('',#355,#354);
#357=DIRECTION('',(0.E0,1.E0,0.E0));
#358=VECTOR('',#357,6.4E-1);
#359=CARTESIAN_POINT('',(1.18E0,-1.82E0,-2.5E0));
#360=LINE('',#359,#358);
#361=DIRECTION('',(1.E0,0.E0,0.E0));
#362=VECTOR('',#361,6.4E-1);
#363=CARTESIAN_POINT('',(1.18E0,-1.82E0,-2.5E0));
#364=LINE('',#363,#362);
#365=DIRECTION('',(0.E0,1.E0,0.E0));
#366=VECTOR('',#365,6.4E-1);
#367=CARTESIAN_POINT('',(1.82E0,-1.82E0,-2.5E0));
#368=LINE('',#367,#366);
#369=DIRECTION('',(1.E0,0.E0,0.E0));
#370=VECTOR('',#369,6.4E-1);
#371=CARTESIAN_POINT('',(1.18E0,-1.18E0,-2.5E0));
#372=LINE('',#371,#370);
#373=DIRECTION('',(-1.E0,0.E0,0.E0));
#374=VECTOR('',#373,2.54E0);
#375=CARTESIAN_POINT('',(-2.3E-1,2.8E0,-2.5E0));
#376=LINE('',#375,#374);
#377=DIRECTION('',(0.E0,1.E0,0.E0));
#378=VECTOR('',#377,2.6E0);
#379=CARTESIAN_POINT('',(-2.3E-1,2.E-1,-2.5E0));
#380=LINE('',#379,#378);
#381=DIRECTION('',(1.E0,0.E0,0.E0));
#382=VECTOR('',#381,1.74E0);
#383=CARTESIAN_POINT('',(-1.97E0,2.E-1,-2.5E0));
#384=LINE('',#383,#382);
#385=DIRECTION('',(7.071067811865E-1,-7.071067811865E-1,0.E0));
#386=VECTOR('',#385,1.131370849898E0);
#387=CARTESIAN_POINT('',(-2.77E0,1.E0,-2.5E0));
#388=LINE('',#387,#386);
#389=DIRECTION('',(0.E0,-1.E0,0.E0));
#390=VECTOR('',#389,1.8E0);
#391=CARTESIAN_POINT('',(-2.77E0,2.8E0,-2.5E0));
#392=LINE('',#391,#390);
#393=DIRECTION('',(-1.E0,0.E0,0.E0));
#394=VECTOR('',#393,3.02E0);
#395=CARTESIAN_POINT('',(-3.23E0,2.8E0,-2.5E0));
#396=LINE('',#395,#394);
#397=DIRECTION('',(0.E0,1.E0,0.E0));
#398=VECTOR('',#397,2.6E0);
#399=CARTESIAN_POINT('',(-3.23E0,2.E-1,-2.5E0));
#400=LINE('',#399,#398);
#401=DIRECTION('',(1.E0,0.E0,0.E0));
#402=VECTOR('',#401,3.02E0);
#403=CARTESIAN_POINT('',(-6.25E0,2.E-1,-2.5E0));
#404=LINE('',#403,#402);
#405=DIRECTION('',(0.E0,-1.E0,0.E0));
#406=VECTOR('',#405,2.6E0);
#407=CARTESIAN_POINT('',(-6.25E0,2.8E0,-2.5E0));
#408=LINE('',#407,#406);
#409=DIRECTION('',(0.E0,-1.E0,0.E0));
#410=VECTOR('',#409,2.6E0);
#411=CARTESIAN_POINT('',(2.3E-1,2.8E0,-2.5E0));
#412=LINE('',#411,#410);
#413=DIRECTION('',(-1.E0,0.E0,0.E0));
#414=VECTOR('',#413,2.54E0);
#415=CARTESIAN_POINT('',(2.77E0,2.8E0,-2.5E0));
#416=LINE('',#415,#414);
#417=DIRECTION('',(0.E0,1.E0,0.E0));
#418=VECTOR('',#417,1.8E0);
#419=CARTESIAN_POINT('',(2.77E0,1.E0,-2.5E0));
#420=LINE('',#419,#418);
#421=DIRECTION('',(7.071067811865E-1,7.071067811865E-1,0.E0));
#422=VECTOR('',#421,1.131370849898E0);
#423=CARTESIAN_POINT('',(1.97E0,2.E-1,-2.5E0));
#424=LINE('',#423,#422);
#425=DIRECTION('',(1.E0,0.E0,0.E0));
#426=VECTOR('',#425,1.74E0);
#427=CARTESIAN_POINT('',(2.3E-1,2.E-1,-2.5E0));
#428=LINE('',#427,#426);
#429=DIRECTION('',(0.E0,-1.E0,0.E0));
#430=VECTOR('',#429,1.8E0);
#431=CARTESIAN_POINT('',(3.23E0,2.8E0,-2.5E0));
#432=LINE('',#431,#430);
#433=DIRECTION('',(-1.E0,0.E0,0.E0));
#434=VECTOR('',#433,3.02E0);
#435=CARTESIAN_POINT('',(6.25E0,2.8E0,-2.5E0));
#436=LINE('',#435,#434);
#437=DIRECTION('',(0.E0,1.E0,0.E0));
#438=VECTOR('',#437,2.6E0);
#439=CARTESIAN_POINT('',(6.25E0,2.E-1,-2.5E0));
#440=LINE('',#439,#438);
#441=DIRECTION('',(1.E0,0.E0,0.E0));
#442=VECTOR('',#441,2.22E0);
#443=CARTESIAN_POINT('',(4.03E0,2.E-1,-2.5E0));
#444=LINE('',#443,#442);
#445=DIRECTION('',(7.071067811865E-1,-7.071067811865E-1,0.E0));
#446=VECTOR('',#445,1.131370849898E0);
#447=CARTESIAN_POINT('',(3.23E0,1.E0,-2.5E0));
#448=LINE('',#447,#446);
#449=DIRECTION('',(0.E0,1.E0,0.E0));
#450=VECTOR('',#449,2.6E0);
#451=CARTESIAN_POINT('',(6.25E0,-2.8E0,-2.5E0));
#452=LINE('',#451,#450);
#453=DIRECTION('',(1.E0,0.E0,0.E0));
#454=VECTOR('',#453,2.22E0);
#455=CARTESIAN_POINT('',(4.03E0,-2.8E0,-2.5E0));
#456=LINE('',#455,#454);
#457=DIRECTION('',(7.071067811865E-1,-7.071067811865E-1,0.E0));
#458=VECTOR('',#457,1.131370849898E0);
#459=CARTESIAN_POINT('',(3.23E0,-2.E0,-2.5E0));
#460=LINE('',#459,#458);
#461=DIRECTION('',(0.E0,-1.E0,0.E0));
#462=VECTOR('',#461,1.8E0);
#463=CARTESIAN_POINT('',(3.23E0,-2.E-1,-2.5E0));
#464=LINE('',#463,#462);
#465=DIRECTION('',(-1.E0,0.E0,0.E0));
#466=VECTOR('',#465,3.02E0);
#467=CARTESIAN_POINT('',(6.25E0,-2.E-1,-2.5E0));
#468=LINE('',#467,#466);
#469=DIRECTION('',(7.071067811865E-1,7.071067811865E-1,0.E0));
#470=VECTOR('',#469,1.131370849898E0);
#471=CARTESIAN_POINT('',(1.97E0,-2.8E0,-2.5E0));
#472=LINE('',#471,#470);
#473=DIRECTION('',(1.E0,0.E0,0.E0));
#474=VECTOR('',#473,1.74E0);
#475=CARTESIAN_POINT('',(2.3E-1,-2.8E0,-2.5E0));
#476=LINE('',#475,#474);
#477=DIRECTION('',(0.E0,-1.E0,0.E0));
#478=VECTOR('',#477,2.6E0);
#479=CARTESIAN_POINT('',(2.3E-1,-2.E-1,-2.5E0));
#480=LINE('',#479,#478);
#481=DIRECTION('',(-1.E0,0.E0,0.E0));
#482=VECTOR('',#481,2.54E0);
#483=CARTESIAN_POINT('',(2.77E0,-2.E-1,-2.5E0));
#484=LINE('',#483,#482);
#485=DIRECTION('',(0.E0,1.E0,0.E0));
#486=VECTOR('',#485,1.8E0);
#487=CARTESIAN_POINT('',(2.77E0,-2.E0,-2.5E0));
#488=LINE('',#487,#486);
#489=DIRECTION('',(0.E0,1.E0,0.E0));
#490=VECTOR('',#489,2.6E0);
#491=CARTESIAN_POINT('',(-2.3E-1,-2.8E0,-2.5E0));
#492=LINE('',#491,#490);
#493=DIRECTION('',(1.E0,0.E0,0.E0));
#494=VECTOR('',#493,1.74E0);
#495=CARTESIAN_POINT('',(-1.97E0,-2.8E0,-2.5E0));
#496=LINE('',#495,#494);
#497=DIRECTION('',(7.071067811865E-1,-7.071067811865E-1,0.E0));
#498=VECTOR('',#497,1.131370849898E0);
#499=CARTESIAN_POINT('',(-2.77E0,-2.E0,-2.5E0));
#500=LINE('',#499,#498);
#501=DIRECTION('',(0.E0,-1.E0,0.E0));
#502=VECTOR('',#501,1.8E0);
#503=CARTESIAN_POINT('',(-2.77E0,-2.E-1,-2.5E0));
#504=LINE('',#503,#502);
#505=DIRECTION('',(-1.E0,0.E0,0.E0));
#506=VECTOR('',#505,2.54E0);
#507=CARTESIAN_POINT('',(-2.3E-1,-2.E-1,-2.5E0));
#508=LINE('',#507,#506);
#509=DIRECTION('',(7.071067811865E-1,7.071067811865E-1,0.E0));
#510=VECTOR('',#509,1.131370849898E0);
#511=CARTESIAN_POINT('',(-4.03E0,-2.8E0,-2.5E0));
#512=LINE('',#511,#510);
#513=DIRECTION('',(1.E0,0.E0,0.E0));
#514=VECTOR('',#513,2.22E0);
#515=CARTESIAN_POINT('',(-6.25E0,-2.8E0,-2.5E0));
#516=LINE('',#515,#514);
#517=DIRECTION('',(0.E0,-1.E0,0.E0));
#518=VECTOR('',#517,2.6E0);
#519=CARTESIAN_POINT('',(-6.25E0,-2.E-1,-2.5E0));
#520=LINE('',#519,#518);
#521=DIRECTION('',(-1.E0,0.E0,0.E0));
#522=VECTOR('',#521,3.02E0);
#523=CARTESIAN_POINT('',(-3.23E0,-2.E-1,-2.5E0));
#524=LINE('',#523,#522);
#525=DIRECTION('',(0.E0,1.E0,0.E0));
#526=VECTOR('',#525,1.8E0);
#527=CARTESIAN_POINT('',(-3.23E0,-2.E0,-2.5E0));
#528=LINE('',#527,#526);
#529=DIRECTION('',(0.E0,1.E0,0.E0));
#530=VECTOR('',#529,6.4E-1);
#531=CARTESIAN_POINT('',(4.18E0,-1.82E0,-2.5E0));
#532=LINE('',#531,#530);
#533=DIRECTION('',(1.E0,0.E0,0.E0));
#534=VECTOR('',#533,6.4E-1);
#535=CARTESIAN_POINT('',(4.18E0,-1.82E0,-2.5E0));
#536=LINE('',#535,#534);
#537=DIRECTION('',(0.E0,1.E0,0.E0));
#538=VECTOR('',#537,6.4E-1);
#539=CARTESIAN_POINT('',(4.82E0,-1.82E0,-2.5E0));
#540=LINE('',#539,#538);
#541=DIRECTION('',(1.E0,0.E0,0.E0));
#542=VECTOR('',#541,6.4E-1);
#543=CARTESIAN_POINT('',(4.18E0,-1.18E0,-2.5E0));
#544=LINE('',#543,#542);
#545=DIRECTION('',(0.E0,1.E0,0.E0));
#546=VECTOR('',#545,6.4E-1);
#547=CARTESIAN_POINT('',(4.18E0,1.18E0,-2.5E0));
#548=LINE('',#547,#546);
#549=DIRECTION('',(1.E0,0.E0,0.E0));
#550=VECTOR('',#549,6.4E-1);
#551=CARTESIAN_POINT('',(4.18E0,1.18E0,-2.5E0));
#552=LINE('',#551,#550);
#553=DIRECTION('',(0.E0,1.E0,0.E0));
#554=VECTOR('',#553,6.4E-1);
#555=CARTESIAN_POINT('',(4.82E0,1.18E0,-2.5E0));
#556=LINE('',#555,#554);
#557=DIRECTION('',(1.E0,0.E0,0.E0));
#558=VECTOR('',#557,6.4E-1);
#559=CARTESIAN_POINT('',(4.18E0,1.82E0,-2.5E0));
#560=LINE('',#559,#558);
#561=DIRECTION('',(1.E0,0.E0,0.E0));
#562=VECTOR('',#561,6.4E-1);
#563=CARTESIAN_POINT('',(-4.82E0,1.18E0,1.48E0));
#564=LINE('',#563,#562);
#565=DIRECTION('',(1.E0,0.E0,0.E0));
#566=VECTOR('',#565,6.4E-1);
#567=CARTESIAN_POINT('',(-4.82E0,1.82E0,1.48E0));
#568=LINE('',#567,#566);
#569=DIRECTION('',(0.E0,0.E0,1.E0));
#570=VECTOR('',#569,3.98E0);
#571=CARTESIAN_POINT('',(-4.18E0,-1.18E0,-2.5E0));
#572=LINE('',#571,#570);
#573=DIRECTION('',(0.E0,0.E0,-1.E0));
#574=VECTOR('',#573,3.98E0);
#575=CARTESIAN_POINT('',(-4.18E0,-1.82E0,1.48E0));
#576=LINE('',#575,#574);
#577=DIRECTION('',(0.E0,-1.E0,0.E0));
#578=VECTOR('',#577,6.4E-1);
#579=CARTESIAN_POINT('',(-4.18E0,-1.18E0,1.48E0));
#580=LINE('',#579,#578);
#581=DIRECTION('',(0.E0,0.E0,1.E0));
#582=VECTOR('',#581,3.98E0);
#583=CARTESIAN_POINT('',(-4.18E0,1.82E0,-2.5E0));
#584=LINE('',#583,#582);
#585=DIRECTION('',(0.E0,0.E0,-1.E0));
#586=VECTOR('',#585,3.98E0);
#587=CARTESIAN_POINT('',(-4.18E0,1.18E0,1.48E0));
#588=LINE('',#587,#586);
#589=DIRECTION('',(0.E0,-1.E0,0.E0));
#590=VECTOR('',#589,6.4E-1);
#591=CARTESIAN_POINT('',(-4.18E0,1.82E0,1.48E0));
#592=LINE('',#591,#590);
#593=DIRECTION('',(0.E0,0.E0,1.E0));
#594=VECTOR('',#593,6.4E-1);
#595=CARTESIAN_POINT('',(-4.18E0,-5.45E0,-1.195E1));
#596=LINE('',#595,#594);
#597=DIRECTION('',(0.E0,1.E0,0.E0));
#598=VECTOR('',#597,4.E0);
#599=CARTESIAN_POINT('',(-4.18E0,-9.45E0,-1.195E1));
#600=LINE('',#599,#598);
#601=DIRECTION('',(0.E0,0.E0,-1.E0));
#602=VECTOR('',#601,6.4E-1);
#603=CARTESIAN_POINT('',(-4.18E0,-9.45E0,-1.131E1));
#604=LINE('',#603,#602);
#605=DIRECTION('',(0.E0,-1.E0,0.E0));
#606=VECTOR('',#605,4.E0);
#607=CARTESIAN_POINT('',(-4.18E0,-5.45E0,-1.131E1));
#608=LINE('',#607,#606);
#609=DIRECTION('',(0.E0,0.E0,1.E0));
#610=VECTOR('',#609,6.4E-1);
#611=CARTESIAN_POINT('',(-4.18E0,-5.45E0,-8.95E0));
#612=LINE('',#611,#610);
#613=DIRECTION('',(0.E0,1.E0,0.E0));
#614=VECTOR('',#613,4.E0);
#615=CARTESIAN_POINT('',(-4.18E0,-9.45E0,-8.95E0));
#616=LINE('',#615,#614);
#617=DIRECTION('',(0.E0,0.E0,-1.E0));
#618=VECTOR('',#617,6.4E-1);
#619=CARTESIAN_POINT('',(-4.18E0,-9.45E0,-8.31E0));
#620=LINE('',#619,#618);
#621=DIRECTION('',(0.E0,-1.E0,0.E0));
#622=VECTOR('',#621,4.E0);
#623=CARTESIAN_POINT('',(-4.18E0,-5.45E0,-8.31E0));
#624=LINE('',#623,#622);
#625=DIRECTION('',(0.E0,0.E0,1.E0));
#626=VECTOR('',#625,6.4E-1);
#627=CARTESIAN_POINT('',(-4.18E0,-4.95E0,-1.195E1));
#628=LINE('',#627,#626);
#629=DIRECTION('',(0.E0,-1.E0,0.E0));
#630=VECTOR('',#629,5.53E0);
#631=CARTESIAN_POINT('',(-4.18E0,5.8E-1,-1.131E1));
#632=LINE('',#631,#630);
#633=CARTESIAN_POINT('',(-4.18E0,5.8E-1,-1.071E1));
#634=DIRECTION('',(-1.E0,0.E0,0.E0));
#635=DIRECTION('',(0.E0,1.E0,0.E0));
#636=AXIS2_PLACEMENT_3D('',#633,#634,#635);
#638=DIRECTION('',(0.E0,0.E0,-1.E0));
#639=VECTOR('',#638,4.91E0);
#640=CARTESIAN_POINT('',(-4.18E0,1.18E0,-5.8E0));
#641=LINE('',#640,#639);
#642=DIRECTION('',(0.E0,0.E0,1.E0));
#643=VECTOR('',#642,4.75E0);
#644=CARTESIAN_POINT('',(-4.18E0,1.82E0,-1.055E1));
#645=LINE('',#644,#643);
#646=CARTESIAN_POINT('',(-4.18E0,4.2E-1,-1.055E1));
#647=DIRECTION('',(1.E0,0.E0,0.E0));
#648=DIRECTION('',(0.E0,0.E0,-1.E0));
#649=AXIS2_PLACEMENT_3D('',#646,#647,#648);
#651=DIRECTION('',(0.E0,1.E0,0.E0));
#652=VECTOR('',#651,5.37E0);
#653=CARTESIAN_POINT('',(-4.18E0,-4.95E0,-1.195E1));
#654=LINE('',#653,#652);
#655=DIRECTION('',(0.E0,0.E0,1.E0));
#656=VECTOR('',#655,6.4E-1);
#657=CARTESIAN_POINT('',(-4.18E0,-4.95E0,-8.95E0));
#658=LINE('',#657,#656);
#659=DIRECTION('',(0.E0,-1.E0,0.E0));
#660=VECTOR('',#659,2.53E0);
#661=CARTESIAN_POINT('',(-4.18E0,-2.42E0,-8.31E0));
#662=LINE('',#661,#660);
#663=CARTESIAN_POINT('',(-4.18E0,-2.42E0,-7.71E0));
#664=DIRECTION('',(-1.E0,0.E0,0.E0));
#665=DIRECTION('',(0.E0,1.E0,0.E0));
#666=AXIS2_PLACEMENT_3D('',#663,#664,#665);
#668=DIRECTION('',(0.E0,0.E0,-1.E0));
#669=VECTOR('',#668,1.91E0);
#670=CARTESIAN_POINT('',(-4.18E0,-1.82E0,-5.8E0));
#671=LINE('',#670,#669);
#672=DIRECTION('',(0.E0,0.E0,1.E0));
#673=VECTOR('',#672,1.75E0);
#674=CARTESIAN_POINT('',(-4.18E0,-1.18E0,-7.55E0));
#675=LINE('',#674,#673);
#676=CARTESIAN_POINT('',(-4.18E0,-2.58E0,-7.55E0));
#677=DIRECTION('',(1.E0,0.E0,0.E0));
#678=DIRECTION('',(0.E0,0.E0,-1.E0));
#679=AXIS2_PLACEMENT_3D('',#676,#677,#678);
#681=DIRECTION('',(0.E0,1.E0,0.E0));
#682=VECTOR('',#681,2.37E0);
#683=CARTESIAN_POINT('',(-4.18E0,-4.95E0,-8.95E0));
#684=LINE('',#683,#682);
#685=DIRECTION('',(1.E0,0.E0,0.E0));
#686=VECTOR('',#685,6.4E-1);
#687=CARTESIAN_POINT('',(-4.82E0,-1.82E0,1.48E0));
#688=LINE('',#687,#686);
#689=DIRECTION('',(1.E0,0.E0,0.E0));
#690=VECTOR('',#689,6.4E-1);
#691=CARTESIAN_POINT('',(-4.82E0,-1.18E0,1.48E0));
#692=LINE('',#691,#690);
#693=CARTESIAN_POINT('',(3.E0,-5.45E0,-1.013E1));
#694=DIRECTION('',(0.E0,-1.E0,0.E0));
#695=DIRECTION('',(1.E0,0.E0,0.E0));
#696=AXIS2_PLACEMENT_3D('',#693,#694,#695);
#698=CARTESIAN_POINT('',(3.E0,-5.45E0,-1.013E1));
#699=DIRECTION('',(0.E0,-1.E0,0.E0));
#700=DIRECTION('',(-1.E0,0.E0,0.E0));
#701=AXIS2_PLACEMENT_3D('',#698,#699,#700);
#703=CARTESIAN_POINT('',(0.E0,-5.45E0,-1.013E1));
#704=DIRECTION('',(0.E0,-1.E0,0.E0));
#705=DIRECTION('',(1.E0,0.E0,0.E0));
#706=AXIS2_PLACEMENT_3D('',#703,#704,#705);
#708=CARTESIAN_POINT('',(0.E0,-5.45E0,-1.013E1));
#709=DIRECTION('',(0.E0,-1.E0,0.E0));
#710=DIRECTION('',(-1.E0,0.E0,0.E0));
#711=AXIS2_PLACEMENT_3D('',#708,#709,#710);
#713=CARTESIAN_POINT('',(-3.E0,-5.45E0,-1.013E1));
#714=DIRECTION('',(0.E0,-1.E0,0.E0));
#715=DIRECTION('',(1.E0,0.E0,0.E0));
#716=AXIS2_PLACEMENT_3D('',#713,#714,#715);
#718=CARTESIAN_POINT('',(-3.E0,-5.45E0,-1.013E1));
#719=DIRECTION('',(0.E0,-1.E0,0.E0));
#720=DIRECTION('',(-1.E0,0.E0,0.E0));
#721=AXIS2_PLACEMENT_3D('',#718,#719,#720);
#723=DIRECTION('',(0.E0,0.E0,1.E0));
#724=VECTOR('',#723,2.070266714091E0);
#725=CARTESIAN_POINT('',(-5.98E0,-5.45E0,-9.380266714091E0));
#726=LINE('',#725,#724);
#727=DIRECTION('',(1.E0,0.E0,0.E0));
#728=VECTOR('',#727,1.198E1);
#729=CARTESIAN_POINT('',(-5.98E0,-5.45E0,-7.31E0));
#730=LINE('',#729,#728);
#731=DIRECTION('',(0.E0,0.E0,-1.E0));
#732=VECTOR('',#731,2.07E0);
#733=CARTESIAN_POINT('',(6.E0,-5.45E0,-7.31E0));
#734=LINE('',#733,#732);
#735=DIRECTION('',(0.E0,0.E0,-1.E0));
#736=VECTOR('',#735,2.03E0);
#737=CARTESIAN_POINT('',(6.E0,-5.45E0,-1.088E1));
#738=LINE('',#737,#736);
#739=DIRECTION('',(-1.E0,0.E0,0.E0));
#740=VECTOR('',#739,1.198E1);
#741=CARTESIAN_POINT('',(6.E0,-5.45E0,-1.291E1));
#742=LINE('',#741,#740);
#743=DIRECTION('',(0.E0,0.E0,1.E0));
#744=VECTOR('',#743,2.030266714091E0);
#745=CARTESIAN_POINT('',(-5.98E0,-5.45E0,-1.291E1));
#746=LINE('',#745,#744);
#747=DIRECTION('',(0.E0,0.E0,1.E0));
#748=VECTOR('',#747,3.98E0);
#749=CARTESIAN_POINT('',(4.18E0,-1.18E0,-2.5E0));
#750=LINE('',#749,#748);
#751=DIRECTION('',(0.E0,-1.E0,0.E0));
#752=VECTOR('',#751,6.4E-1);
#753=CARTESIAN_POINT('',(4.18E0,-1.18E0,1.48E0));
#754=LINE('',#753,#752);
#755=DIRECTION('',(0.E0,0.E0,-1.E0));
#756=VECTOR('',#755,3.98E0);
#757=CARTESIAN_POINT('',(4.18E0,-1.82E0,1.48E0));
#758=LINE('',#757,#756);
#759=DIRECTION('',(0.E0,0.E0,1.E0));
#760=VECTOR('',#759,3.98E0);
#761=CARTESIAN_POINT('',(4.18E0,1.82E0,-2.5E0));
#762=LINE('',#761,#760);
#763=DIRECTION('',(0.E0,-1.E0,0.E0));
#764=VECTOR('',#763,6.4E-1);
#765=CARTESIAN_POINT('',(4.18E0,1.82E0,1.48E0));
#766=LINE('',#765,#764);
#767=DIRECTION('',(0.E0,0.E0,-1.E0));
#768=VECTOR('',#767,3.98E0);
#769=CARTESIAN_POINT('',(4.18E0,1.18E0,1.48E0));
#770=LINE('',#769,#768);
#771=DIRECTION('',(0.E0,0.E0,1.E0));
#772=VECTOR('',#771,6.4E-1);
#773=CARTESIAN_POINT('',(4.18E0,-5.45E0,-1.195E1));
#774=LINE('',#773,#772);
#775=DIRECTION('',(0.E0,-1.E0,0.E0));
#776=VECTOR('',#775,4.E0);
#777=CARTESIAN_POINT('',(4.18E0,-5.45E0,-1.131E1));
#778=LINE('',#777,#776);
#779=DIRECTION('',(0.E0,0.E0,-1.E0));
#780=VECTOR('',#779,6.4E-1);
#781=CARTESIAN_POINT('',(4.18E0,-9.45E0,-1.131E1));
#782=LINE('',#781,#780);
#783=DIRECTION('',(0.E0,1.E0,0.E0));
#784=VECTOR('',#783,4.E0);
#785=CARTESIAN_POINT('',(4.18E0,-9.45E0,-1.195E1));
#786=LINE('',#785,#784);
#787=DIRECTION('',(0.E0,0.E0,1.E0));
#788=VECTOR('',#787,6.4E-1);
#789=CARTESIAN_POINT('',(4.18E0,-5.45E0,-8.95E0));
#790=LINE('',#789,#788);
#791=DIRECTION('',(0.E0,-1.E0,0.E0));
#792=VECTOR('',#791,4.E0);
#793=CARTESIAN_POINT('',(4.18E0,-5.45E0,-8.31E0));
#794=LINE('',#793,#792);
#795=DIRECTION('',(0.E0,0.E0,-1.E0));
#796=VECTOR('',#795,6.4E-1);
#797=CARTESIAN_POINT('',(4.18E0,-9.45E0,-8.31E0));
#798=LINE('',#797,#796);
#799=DIRECTION('',(0.E0,1.E0,0.E0));
#800=VECTOR('',#799,4.E0);
#801=CARTESIAN_POINT('',(4.18E0,-9.45E0,-8.95E0));
#802=LINE('',#801,#800);
#803=DIRECTION('',(0.E0,0.E0,1.E0));
#804=VECTOR('',#803,6.4E-1);
#805=CARTESIAN_POINT('',(4.18E0,-4.95E0,-1.195E1));
#806=LINE('',#805,#804);
#807=DIRECTION('',(0.E0,1.E0,0.E0));
#808=VECTOR('',#807,5.37E0);
#809=CARTESIAN_POINT('',(4.18E0,-4.95E0,-1.195E1));
#810=LINE('',#809,#808);
#811=CARTESIAN_POINT('',(4.18E0,4.2E-1,-1.055E1));
#812=DIRECTION('',(1.E0,0.E0,0.E0));
#813=DIRECTION('',(0.E0,0.E0,-1.E0));
#814=AXIS2_PLACEMENT_3D('',#811,#812,#813);
#816=DIRECTION('',(0.E0,0.E0,1.E0));
#817=VECTOR('',#816,4.75E0);
#818=CARTESIAN_POINT('',(4.18E0,1.82E0,-1.055E1));
#819=LINE('',#818,#817);
#820=DIRECTION('',(0.E0,0.E0,-1.E0));
#821=VECTOR('',#820,4.91E0);
#822=CARTESIAN_POINT('',(4.18E0,1.18E0,-5.8E0));
#823=LINE('',#822,#821);
#824=CARTESIAN_POINT('',(4.18E0,5.8E-1,-1.071E1));
#825=DIRECTION('',(-1.E0,0.E0,0.E0));
#826=DIRECTION('',(0.E0,1.E0,0.E0));
#827=AXIS2_PLACEMENT_3D('',#824,#825,#826);
#829=DIRECTION('',(0.E0,-1.E0,0.E0));
#830=VECTOR('',#829,5.53E0);
#831=CARTESIAN_POINT('',(4.18E0,5.8E-1,-1.131E1));
#832=LINE('',#831,#830);
#833=DIRECTION('',(0.E0,0.E0,1.E0));
#834=VECTOR('',#833,6.4E-1);
#835=CARTESIAN_POINT('',(4.18E0,-4.95E0,-8.95E0));
#836=LINE('',#835,#834);
#837=DIRECTION('',(0.E0,1.E0,0.E0));
#838=VECTOR('',#837,2.37E0);
#839=CARTESIAN_POINT('',(4.18E0,-4.95E0,-8.95E0));
#840=LINE('',#839,#838);
#841=CARTESIAN_POINT('',(4.18E0,-2.58E0,-7.55E0));
#842=DIRECTION('',(1.E0,0.E0,0.E0));
#843=DIRECTION('',(0.E0,0.E0,-1.E0));
#844=AXIS2_PLACEMENT_3D('',#841,#842,#843);
#846=DIRECTION('',(0.E0,0.E0,1.E0));
#847=VECTOR('',#846,1.75E0);
#848=CARTESIAN_POINT('',(4.18E0,-1.18E0,-7.55E0));
#849=LINE('',#848,#847);
#850=DIRECTION('',(0.E0,0.E0,-1.E0));
#851=VECTOR('',#850,1.91E0);
#852=CARTESIAN_POINT('',(4.18E0,-1.82E0,-5.8E0));
#853=LINE('',#852,#851);
#854=CARTESIAN_POINT('',(4.18E0,-2.42E0,-7.71E0));
#855=DIRECTION('',(-1.E0,0.E0,0.E0));
#856=DIRECTION('',(0.E0,1.E0,0.E0));
#857=AXIS2_PLACEMENT_3D('',#854,#855,#856);
#859=DIRECTION('',(0.E0,-1.E0,0.E0));
#860=VECTOR('',#859,2.53E0);
#861=CARTESIAN_POINT('',(4.18E0,-2.42E0,-8.31E0));
#862=LINE('',#861,#860);
#863=DIRECTION('',(0.E0,0.E0,1.E0));
#864=VECTOR('',#863,3.98E0);
#865=CARTESIAN_POINT('',(4.82E0,-1.18E0,-2.5E0));
#866=LINE('',#865,#864);
#867=DIRECTION('',(0.E0,0.E0,-1.E0));
#868=VECTOR('',#867,3.98E0);
#869=CARTESIAN_POINT('',(4.82E0,-1.82E0,1.48E0));
#870=LINE('',#869,#868);
#871=DIRECTION('',(0.E0,-1.E0,0.E0));
#872=VECTOR('',#871,6.4E-1);
#873=CARTESIAN_POINT('',(4.82E0,-1.18E0,1.48E0));
#874=LINE('',#873,#872);
#875=DIRECTION('',(0.E0,0.E0,1.E0));
#876=VECTOR('',#875,3.98E0);
#877=CARTESIAN_POINT('',(4.82E0,1.82E0,-2.5E0));
#878=LINE('',#877,#876);
#879=DIRECTION('',(0.E0,0.E0,-1.E0));
#880=VECTOR('',#879,3.98E0);
#881=CARTESIAN_POINT('',(4.82E0,1.18E0,1.48E0));
#882=LINE('',#881,#880);
#883=DIRECTION('',(0.E0,-1.E0,0.E0));
#884=VECTOR('',#883,6.4E-1);
#885=CARTESIAN_POINT('',(4.82E0,1.82E0,1.48E0));
#886=LINE('',#885,#884);
#887=DIRECTION('',(0.E0,0.E0,1.E0));
#888=VECTOR('',#887,6.4E-1);
#889=CARTESIAN_POINT('',(4.82E0,-5.45E0,-1.195E1));
#890=LINE('',#889,#888);
#891=DIRECTION('',(0.E0,1.E0,0.E0));
#892=VECTOR('',#891,4.E0);
#893=CARTESIAN_POINT('',(4.82E0,-9.45E0,-1.195E1));
#894=LINE('',#893,#892);
#895=DIRECTION('',(0.E0,0.E0,-1.E0));
#896=VECTOR('',#895,6.4E-1);
#897=CARTESIAN_POINT('',(4.82E0,-9.45E0,-1.131E1));
#898=LINE('',#897,#896);
#899=DIRECTION('',(0.E0,-1.E0,0.E0));
#900=VECTOR('',#899,4.E0);
#901=CARTESIAN_POINT('',(4.82E0,-5.45E0,-1.131E1));
#902=LINE('',#901,#900);
#903=DIRECTION('',(0.E0,0.E0,1.E0));
#904=VECTOR('',#903,6.4E-1);
#905=CARTESIAN_POINT('',(4.82E0,-5.45E0,-8.95E0));
#906=LINE('',#905,#904);
#907=DIRECTION('',(0.E0,1.E0,0.E0));
#908=VECTOR('',#907,4.E0);
#909=CARTESIAN_POINT('',(4.82E0,-9.45E0,-8.95E0));
#910=LINE('',#909,#908);
#911=DIRECTION('',(0.E0,0.E0,-1.E0));
#912=VECTOR('',#911,6.4E-1);
#913=CARTESIAN_POINT('',(4.82E0,-9.45E0,-8.31E0));
#914=LINE('',#913,#912);
#915=DIRECTION('',(0.E0,-1.E0,0.E0));
#916=VECTOR('',#915,4.E0);
#917=CARTESIAN_POINT('',(4.82E0,-5.45E0,-8.31E0));
#918=LINE('',#917,#916);
#919=DIRECTION('',(0.E0,0.E0,1.E0));
#920=VECTOR('',#919,6.4E-1);
#921=CARTESIAN_POINT('',(4.82E0,-4.95E0,-1.195E1));
#922=LINE('',#921,#920);
#923=DIRECTION('',(0.E0,-1.E0,0.E0));
#924=VECTOR('',#923,5.53E0);
#925=CARTESIAN_POINT('',(4.82E0,5.8E-1,-1.131E1));
#926=LINE('',#925,#924);
#927=CARTESIAN_POINT('',(4.82E0,5.8E-1,-1.071E1));
#928=DIRECTION('',(-1.E0,0.E0,0.E0));
#929=DIRECTION('',(0.E0,1.E0,0.E0));
#930=AXIS2_PLACEMENT_3D('',#927,#928,#929);
#932=DIRECTION('',(0.E0,0.E0,-1.E0));
#933=VECTOR('',#932,4.91E0);
#934=CARTESIAN_POINT('',(4.82E0,1.18E0,-5.8E0));
#935=LINE('',#934,#933);
#936=DIRECTION('',(0.E0,0.E0,1.E0));
#937=VECTOR('',#936,4.75E0);
#938=CARTESIAN_POINT('',(4.82E0,1.82E0,-1.055E1));
#939=LINE('',#938,#937);
#940=CARTESIAN_POINT('',(4.82E0,4.2E-1,-1.055E1));
#941=DIRECTION('',(1.E0,0.E0,0.E0));
#942=DIRECTION('',(0.E0,0.E0,-1.E0));
#943=AXIS2_PLACEMENT_3D('',#940,#941,#942);
#945=DIRECTION('',(0.E0,1.E0,0.E0));
#946=VECTOR('',#945,5.37E0);
#947=CARTESIAN_POINT('',(4.82E0,-4.95E0,-1.195E1));
#948=LINE('',#947,#946);
#949=DIRECTION('',(0.E0,0.E0,1.E0));
#950=VECTOR('',#949,6.4E-1);
#951=CARTESIAN_POINT('',(4.82E0,-4.95E0,-8.95E0));
#952=LINE('',#951,#950);
#953=DIRECTION('',(0.E0,-1.E0,0.E0));
#954=VECTOR('',#953,2.53E0);
#955=CARTESIAN_POINT('',(4.82E0,-2.42E0,-8.31E0));
#956=LINE('',#955,#954);
#957=CARTESIAN_POINT('',(4.82E0,-2.42E0,-7.71E0));
#958=DIRECTION('',(-1.E0,0.E0,0.E0));
#959=DIRECTION('',(0.E0,1.E0,0.E0));
#960=AXIS2_PLACEMENT_3D('',#957,#958,#959);
#962=DIRECTION('',(0.E0,0.E0,-1.E0));
#963=VECTOR('',#962,1.91E0);
#964=CARTESIAN_POINT('',(4.82E0,-1.82E0,-5.8E0));
#965=LINE('',#964,#963);
#966=DIRECTION('',(0.E0,0.E0,1.E0));
#967=VECTOR('',#966,1.75E0);
#968=CARTESIAN_POINT('',(4.82E0,-1.18E0,-7.55E0));
#969=LINE('',#968,#967);
#970=CARTESIAN_POINT('',(4.82E0,-2.58E0,-7.55E0));
#971=DIRECTION('',(1.E0,0.E0,0.E0));
#972=DIRECTION('',(0.E0,0.E0,-1.E0));
#973=AXIS2_PLACEMENT_3D('',#970,#971,#972);
#975=DIRECTION('',(0.E0,1.E0,0.E0));
#976=VECTOR('',#975,2.37E0);
#977=CARTESIAN_POINT('',(4.82E0,-4.95E0,-8.95E0));
#978=LINE('',#977,#976);
#979=DIRECTION('',(1.E0,0.E0,0.E0));
#980=VECTOR('',#979,6.4E-1);
#981=CARTESIAN_POINT('',(4.18E0,-1.82E0,1.48E0));
#982=LINE('',#981,#980);
#983=DIRECTION('',(1.E0,0.E0,0.E0));
#984=VECTOR('',#983,6.4E-1);
#985=CARTESIAN_POINT('',(4.18E0,-1.18E0,1.48E0));
#986=LINE('',#985,#984);
#987=DIRECTION('',(1.E0,0.E0,0.E0));
#988=VECTOR('',#987,6.4E-1);
#989=CARTESIAN_POINT('',(4.18E0,1.82E0,1.48E0));
#990=LINE('',#989,#988);
#991=DIRECTION('',(1.E0,0.E0,0.E0));
#992=VECTOR('',#991,6.4E-1);
#993=CARTESIAN_POINT('',(4.18E0,1.18E0,1.48E0));
#994=LINE('',#993,#992);
#995=DIRECTION('',(1.E0,0.E0,0.E0));
#996=VECTOR('',#995,6.4E-1);
#997=CARTESIAN_POINT('',(4.18E0,-5.45E0,-1.195E1));
#998=LINE('',#997,#996);
#999=DIRECTION('',(1.E0,0.E0,0.E0));
#1000=VECTOR('',#999,6.4E-1);
#1001=CARTESIAN_POINT('',(4.18E0,-9.45E0,-1.195E1));
#1002=LINE('',#1001,#1000);
#1003=DIRECTION('',(1.E0,0.E0,0.E0));
#1004=VECTOR('',#1003,6.4E-1);
#1005=CARTESIAN_POINT('',(4.18E0,-4.95E0,-1.195E1));
#1006=LINE('',#1005,#1004);
#1007=DIRECTION('',(1.E0,0.E0,0.E0));
#1008=VECTOR('',#1007,6.4E-1);
#1009=CARTESIAN_POINT('',(4.18E0,-9.45E0,-1.131E1));
#1010=LINE('',#1009,#1008);
#1011=DIRECTION('',(1.E0,0.E0,0.E0));
#1012=VECTOR('',#1011,6.4E-1);
#1013=CARTESIAN_POINT('',(4.18E0,-5.45E0,-1.131E1));
#1014=LINE('',#1013,#1012);
#1015=DIRECTION('',(1.E0,0.E0,0.E0));
#1016=VECTOR('',#1015,6.4E-1);
#1017=CARTESIAN_POINT('',(4.18E0,-4.95E0,-1.131E1));
#1018=LINE('',#1017,#1016);
#1019=DIRECTION('',(1.E0,0.E0,0.E0));
#1020=VECTOR('',#1019,6.4E-1);
#1021=CARTESIAN_POINT('',(4.18E0,5.8E-1,-1.131E1));
#1022=LINE('',#1021,#1020);
#1023=CARTESIAN_POINT('',(3.E0,-4.95E0,-1.013E1));
#1024=DIRECTION('',(0.E0,-1.E0,0.E0));
#1025=DIRECTION('',(1.E0,0.E0,0.E0));
#1026=AXIS2_PLACEMENT_3D('',#1023,#1024,#1025);
#1028=CARTESIAN_POINT('',(3.E0,-4.95E0,-1.013E1));
#1029=DIRECTION('',(0.E0,-1.E0,0.E0));
#1030=DIRECTION('',(-1.E0,0.E0,0.E0));
#1031=AXIS2_PLACEMENT_3D('',#1028,#1029,#1030);
#1033=CARTESIAN_POINT('',(0.E0,-4.95E0,-1.013E1));
#1034=DIRECTION('',(0.E0,-1.E0,0.E0));
#1035=DIRECTION('',(1.E0,0.E0,0.E0));
#1036=AXIS2_PLACEMENT_3D('',#1033,#1034,#1035);
#1038=CARTESIAN_POINT('',(0.E0,-4.95E0,-1.013E1));
#1039=DIRECTION('',(0.E0,-1.E0,0.E0));
#1040=DIRECTION('',(-1.E0,0.E0,0.E0));
#1041=AXIS2_PLACEMENT_3D('',#1038,#1039,#1040);
#1043=CARTESIAN_POINT('',(-3.E0,-4.95E0,-1.013E1));
#1044=DIRECTION('',(0.E0,-1.E0,0.E0));
#1045=DIRECTION('',(1.E0,0.E0,0.E0));
#1046=AXIS2_PLACEMENT_3D('',#1043,#1044,#1045);
#1048=CARTESIAN_POINT('',(-3.E0,-4.95E0,-1.013E1));
#1049=DIRECTION('',(0.E0,-1.E0,0.E0));
#1050=DIRECTION('',(-1.E0,0.E0,0.E0));
#1051=AXIS2_PLACEMENT_3D('',#1048,#1049,#1050);
#1053=DIRECTION('',(0.E0,0.E0,1.E0));
#1054=VECTOR('',#1053,2.030266714091E0);
#1055=CARTESIAN_POINT('',(-5.98E0,-4.95E0,-1.291E1));
#1056=LINE('',#1055,#1054);
#1057=DIRECTION('',(-1.E0,0.E0,0.E0));
#1058=VECTOR('',#1057,1.198E1);
#1059=CARTESIAN_POINT('',(6.E0,-4.95E0,-1.291E1));
#1060=LINE('',#1059,#1058);
#1061=DIRECTION('',(0.E0,0.E0,-1.E0));
#1062=VECTOR('',#1061,2.03E0);
#1063=CARTESIAN_POINT('',(6.E0,-4.95E0,-1.088E1));
#1064=LINE('',#1063,#1062);
#1065=DIRECTION('',(0.E0,0.E0,-1.E0));
#1066=VECTOR('',#1065,2.07E0);
#1067=CARTESIAN_POINT('',(6.E0,-4.95E0,-7.31E0));
#1068=LINE('',#1067,#1066);
#1069=DIRECTION('',(1.E0,0.E0,0.E0));
#1070=VECTOR('',#1069,1.198E1);
#1071=CARTESIAN_POINT('',(-5.98E0,-4.95E0,-7.31E0));
#1072=LINE('',#1071,#1070);
#1073=DIRECTION('',(0.E0,0.E0,1.E0));
#1074=VECTOR('',#1073,2.070266714091E0);
#1075=CARTESIAN_POINT('',(-5.98E0,-4.95E0,-9.380266714091E0));
#1076=LINE('',#1075,#1074);
#1077=DIRECTION('',(1.E0,0.E0,0.E0));
#1078=VECTOR('',#1077,6.4E-1);
#1079=CARTESIAN_POINT('',(4.18E0,-5.45E0,-8.31E0));
#1080=LINE('',#1079,#1078);
#1081=DIRECTION('',(1.E0,0.E0,0.E0));
#1082=VECTOR('',#1081,6.4E-1);
#1083=CARTESIAN_POINT('',(4.18E0,-2.42E0,-8.31E0));
#1084=LINE('',#1083,#1082);
#1085=DIRECTION('',(1.E0,0.E0,0.E0));
#1086=VECTOR('',#1085,6.4E-1);
#1087=CARTESIAN_POINT('',(4.18E0,-4.95E0,-8.31E0));
#1088=LINE('',#1087,#1086);
#1089=DIRECTION('',(1.E0,0.E0,0.E0));
#1090=VECTOR('',#1089,6.4E-1);
#1091=CARTESIAN_POINT('',(4.18E0,-9.45E0,-8.31E0));
#1092=LINE('',#1091,#1090);
#1093=DIRECTION('',(1.E0,0.E0,0.E0));
#1094=VECTOR('',#1093,6.4E-1);
#1095=CARTESIAN_POINT('',(4.18E0,-5.45E0,-8.95E0));
#1096=LINE('',#1095,#1094);
#1097=DIRECTION('',(1.E0,0.E0,0.E0));
#1098=VECTOR('',#1097,6.4E-1);
#1099=CARTESIAN_POINT('',(4.18E0,-9.45E0,-8.95E0));
#1100=LINE('',#1099,#1098);
#1101=DIRECTION('',(1.E0,0.E0,0.E0));
#1102=VECTOR('',#1101,6.4E-1);
#1103=CARTESIAN_POINT('',(4.18E0,-4.95E0,-8.95E0));
#1104=LINE('',#1103,#1102);
#1105=DIRECTION('',(1.E0,0.E0,0.E0));
#1106=VECTOR('',#1105,6.4E-1);
#1107=CARTESIAN_POINT('',(4.18E0,-2.58E0,-8.95E0));
#1108=LINE('',#1107,#1106);
#1109=DIRECTION('',(1.E0,0.E0,0.E0));
#1110=VECTOR('',#1109,6.4E-1);
#1111=CARTESIAN_POINT('',(4.18E0,-1.18E0,-7.55E0));
#1112=LINE('',#1111,#1110);
#1113=DIRECTION('',(1.E0,0.E0,0.E0));
#1114=VECTOR('',#1113,6.4E-1);
#1115=CARTESIAN_POINT('',(4.18E0,-1.82E0,-7.71E0));
#1116=LINE('',#1115,#1114);
#1117=DIRECTION('',(0.E0,0.E0,1.E0));
#1118=VECTOR('',#1117,3.98E0);
#1119=CARTESIAN_POINT('',(1.18E0,-1.18E0,-2.5E0));
#1120=LINE('',#1119,#1118);
#1121=DIRECTION('',(0.E0,-1.E0,0.E0));
#1122=VECTOR('',#1121,6.4E-1);
#1123=CARTESIAN_POINT('',(1.18E0,-1.18E0,1.48E0));
#1124=LINE('',#1123,#1122);
#1125=DIRECTION('',(0.E0,0.E0,-1.E0));
#1126=VECTOR('',#1125,3.98E0);
#1127=CARTESIAN_POINT('',(1.18E0,-1.82E0,1.48E0));
#1128=LINE('',#1127,#1126);
#1129=DIRECTION('',(0.E0,0.E0,1.E0));
#1130=VECTOR('',#1129,3.98E0);
#1131=CARTESIAN_POINT('',(1.18E0,1.82E0,-2.5E0));
#1132=LINE('',#1131,#1130);
#1133=DIRECTION('',(0.E0,-1.E0,0.E0));
#1134=VECTOR('',#1133,6.4E-1);
#1135=CARTESIAN_POINT('',(1.18E0,1.82E0,1.48E0));
#1136=LINE('',#1135,#1134);
#1137=DIRECTION('',(0.E0,0.E0,-1.E0));
#1138=VECTOR('',#1137,3.98E0);
#1139=CARTESIAN_POINT('',(1.18E0,1.18E0,1.48E0));
#1140=LINE('',#1139,#1138);
#1141=DIRECTION('',(0.E0,0.E0,1.E0));
#1142=VECTOR('',#1141,6.4E-1);
#1143=CARTESIAN_POINT('',(1.18E0,-5.45E0,-1.195E1));
#1144=LINE('',#1143,#1142);
#1145=DIRECTION('',(0.E0,-1.E0,0.E0));
#1146=VECTOR('',#1145,4.E0);
#1147=CARTESIAN_POINT('',(1.18E0,-5.45E0,-1.131E1));
#1148=LINE('',#1147,#1146);
#1149=DIRECTION('',(0.E0,0.E0,-1.E0));
#1150=VECTOR('',#1149,6.4E-1);
#1151=CARTESIAN_POINT('',(1.18E0,-9.45E0,-1.131E1));
#1152=LINE('',#1151,#1150);
#1153=DIRECTION('',(0.E0,1.E0,0.E0));
#1154=VECTOR('',#1153,4.E0);
#1155=CARTESIAN_POINT('',(1.18E0,-9.45E0,-1.195E1));
#1156=LINE('',#1155,#1154);
#1157=DIRECTION('',(0.E0,0.E0,1.E0));
#1158=VECTOR('',#1157,6.4E-1);
#1159=CARTESIAN_POINT('',(1.18E0,-5.45E0,-8.95E0));
#1160=LINE('',#1159,#1158);
#1161=DIRECTION('',(0.E0,-1.E0,0.E0));
#1162=VECTOR('',#1161,4.E0);
#1163=CARTESIAN_POINT('',(1.18E0,-5.45E0,-8.31E0));
#1164=LINE('',#1163,#1162);
#1165=DIRECTION('',(0.E0,0.E0,-1.E0));
#1166=VECTOR('',#1165,6.4E-1);
#1167=CARTESIAN_POINT('',(1.18E0,-9.45E0,-8.31E0));
#1168=LINE('',#1167,#1166);
#1169=DIRECTION('',(0.E0,1.E0,0.E0));
#1170=VECTOR('',#1169,4.E0);
#1171=CARTESIAN_POINT('',(1.18E0,-9.45E0,-8.95E0));
#1172=LINE('',#1171,#1170);
#1173=DIRECTION('',(0.E0,0.E0,1.E0));
#1174=VECTOR('',#1173,6.4E-1);
#1175=CARTESIAN_POINT('',(1.18E0,-4.95E0,-1.195E1));
#1176=LINE('',#1175,#1174);
#1177=DIRECTION('',(0.E0,1.E0,0.E0));
#1178=VECTOR('',#1177,5.37E0);
#1179=CARTESIAN_POINT('',(1.18E0,-4.95E0,-1.195E1));
#1180=LINE('',#1179,#1178);
#1181=CARTESIAN_POINT('',(1.18E0,4.2E-1,-1.055E1));
#1182=DIRECTION('',(1.E0,0.E0,0.E0));
#1183=DIRECTION('',(0.E0,0.E0,-1.E0));
#1184=AXIS2_PLACEMENT_3D('',#1181,#1182,#1183);
#1186=DIRECTION('',(0.E0,0.E0,1.E0));
#1187=VECTOR('',#1186,4.75E0);
#1188=CARTESIAN_POINT('',(1.18E0,1.82E0,-1.055E1));
#1189=LINE('',#1188,#1187);
#1190=DIRECTION('',(0.E0,0.E0,-1.E0));
#1191=VECTOR('',#1190,4.91E0);
#1192=CARTESIAN_POINT('',(1.18E0,1.18E0,-5.8E0));
#1193=LINE('',#1192,#1191);
#1194=CARTESIAN_POINT('',(1.18E0,5.8E-1,-1.071E1));
#1195=DIRECTION('',(-1.E0,0.E0,0.E0));
#1196=DIRECTION('',(0.E0,1.E0,0.E0));
#1197=AXIS2_PLACEMENT_3D('',#1194,#1195,#1196);
#1199=DIRECTION('',(0.E0,-1.E0,0.E0));
#1200=VECTOR('',#1199,5.53E0);
#1201=CARTESIAN_POINT('',(1.18E0,5.8E-1,-1.131E1));
#1202=LINE('',#1201,#1200);
#1203=DIRECTION('',(0.E0,0.E0,1.E0));
#1204=VECTOR('',#1203,6.4E-1);
#1205=CARTESIAN_POINT('',(1.18E0,-4.95E0,-8.95E0));
#1206=LINE('',#1205,#1204);
#1207=DIRECTION('',(0.E0,1.E0,0.E0));
#1208=VECTOR('',#1207,2.37E0);
#1209=CARTESIAN_POINT('',(1.18E0,-4.95E0,-8.95E0));
#1210=LINE('',#1209,#1208);
#1211=CARTESIAN_POINT('',(1.18E0,-2.58E0,-7.55E0));
#1212=DIRECTION('',(1.E0,0.E0,0.E0));
#1213=DIRECTION('',(0.E0,0.E0,-1.E0));
#1214=AXIS2_PLACEMENT_3D('',#1211,#1212,#1213);
#1216=DIRECTION('',(0.E0,0.E0,1.E0));
#1217=VECTOR('',#1216,1.75E0);
#1218=CARTESIAN_POINT('',(1.18E0,-1.18E0,-7.55E0));
#1219=LINE('',#1218,#1217);
#1220=DIRECTION('',(0.E0,0.E0,-1.E0));
#1221=VECTOR('',#1220,1.91E0);
#1222=CARTESIAN_POINT('',(1.18E0,-1.82E0,-5.8E0));
#1223=LINE('',#1222,#1221);
#1224=CARTESIAN_POINT('',(1.18E0,-2.42E0,-7.71E0));
#1225=DIRECTION('',(-1.E0,0.E0,0.E0));
#1226=DIRECTION('',(0.E0,1.E0,0.E0));
#1227=AXIS2_PLACEMENT_3D('',#1224,#1225,#1226);
#1229=DIRECTION('',(0.E0,-1.E0,0.E0));
#1230=VECTOR('',#1229,2.53E0);
#1231=CARTESIAN_POINT('',(1.18E0,-2.42E0,-8.31E0));
#1232=LINE('',#1231,#1230);
#1233=DIRECTION('',(0.E0,0.E0,1.E0));
#1234=VECTOR('',#1233,3.98E0);
#1235=CARTESIAN_POINT('',(1.82E0,-1.18E0,-2.5E0));
#1236=LINE('',#1235,#1234);
#1237=DIRECTION('',(0.E0,0.E0,-1.E0));
#1238=VECTOR('',#1237,3.98E0);
#1239=CARTESIAN_POINT('',(1.82E0,-1.82E0,1.48E0));
#1240=LINE('',#1239,#1238);
#1241=DIRECTION('',(0.E0,-1.E0,0.E0));
#1242=VECTOR('',#1241,6.4E-1);
#1243=CARTESIAN_POINT('',(1.82E0,-1.18E0,1.48E0));
#1244=LINE('',#1243,#1242);
#1245=DIRECTION('',(0.E0,0.E0,1.E0));
#1246=VECTOR('',#1245,3.98E0);
#1247=CARTESIAN_POINT('',(1.82E0,1.82E0,-2.5E0));
#1248=LINE('',#1247,#1246);
#1249=DIRECTION('',(0.E0,0.E0,-1.E0));
#1250=VECTOR('',#1249,3.98E0);
#1251=CARTESIAN_POINT('',(1.82E0,1.18E0,1.48E0));
#1252=LINE('',#1251,#1250);
#1253=DIRECTION('',(0.E0,-1.E0,0.E0));
#1254=VECTOR('',#1253,6.4E-1);
#1255=CARTESIAN_POINT('',(1.82E0,1.82E0,1.48E0));
#1256=LINE('',#1255,#1254);
#1257=DIRECTION('',(0.E0,0.E0,1.E0));
#1258=VECTOR('',#1257,6.4E-1);
#1259=CARTESIAN_POINT('',(1.82E0,-5.45E0,-1.195E1));
#1260=LINE('',#1259,#1258);
#1261=DIRECTION('',(0.E0,1.E0,0.E0));
#1262=VECTOR('',#1261,4.E0);
#1263=CARTESIAN_POINT('',(1.82E0,-9.45E0,-1.195E1));
#1264=LINE('',#1263,#1262);
#1265=DIRECTION('',(0.E0,0.E0,-1.E0));
#1266=VECTOR('',#1265,6.4E-1);
#1267=CARTESIAN_POINT('',(1.82E0,-9.45E0,-1.131E1));
#1268=LINE('',#1267,#1266);
#1269=DIRECTION('',(0.E0,-1.E0,0.E0));
#1270=VECTOR('',#1269,4.E0);
#1271=CARTESIAN_POINT('',(1.82E0,-5.45E0,-1.131E1));
#1272=LINE('',#1271,#1270);
#1273=DIRECTION('',(0.E0,0.E0,1.E0));
#1274=VECTOR('',#1273,6.4E-1);
#1275=CARTESIAN_POINT('',(1.82E0,-5.45E0,-8.95E0));
#1276=LINE('',#1275,#1274);
#1277=DIRECTION('',(0.E0,1.E0,0.E0));
#1278=VECTOR('',#1277,4.E0);
#1279=CARTESIAN_POINT('',(1.82E0,-9.45E0,-8.95E0));
#1280=LINE('',#1279,#1278);
#1281=DIRECTION('',(0.E0,0.E0,-1.E0));
#1282=VECTOR('',#1281,6.4E-1);
#1283=CARTESIAN_POINT('',(1.82E0,-9.45E0,-8.31E0));
#1284=LINE('',#1283,#1282);
#1285=DIRECTION('',(0.E0,-1.E0,0.E0));
#1286=VECTOR('',#1285,4.E0);
#1287=CARTESIAN_POINT('',(1.82E0,-5.45E0,-8.31E0));
#1288=LINE('',#1287,#1286);
#1289=DIRECTION('',(0.E0,0.E0,1.E0));
#1290=VECTOR('',#1289,6.4E-1);
#1291=CARTESIAN_POINT('',(1.82E0,-4.95E0,-1.195E1));
#1292=LINE('',#1291,#1290);
#1293=DIRECTION('',(0.E0,-1.E0,0.E0));
#1294=VECTOR('',#1293,5.53E0);
#1295=CARTESIAN_POINT('',(1.82E0,5.8E-1,-1.131E1));
#1296=LINE('',#1295,#1294);
#1297=CARTESIAN_POINT('',(1.82E0,5.8E-1,-1.071E1));
#1298=DIRECTION('',(-1.E0,0.E0,0.E0));
#1299=DIRECTION('',(0.E0,1.E0,0.E0));
#1300=AXIS2_PLACEMENT_3D('',#1297,#1298,#1299);
#1302=DIRECTION('',(0.E0,0.E0,-1.E0));
#1303=VECTOR('',#1302,4.91E0);
#1304=CARTESIAN_POINT('',(1.82E0,1.18E0,-5.8E0));
#1305=LINE('',#1304,#1303);
#1306=DIRECTION('',(0.E0,0.E0,1.E0));
#1307=VECTOR('',#1306,4.75E0);
#1308=CARTESIAN_POINT('',(1.82E0,1.82E0,-1.055E1));
#1309=LINE('',#1308,#1307);
#1310=CARTESIAN_POINT('',(1.82E0,4.2E-1,-1.055E1));
#1311=DIRECTION('',(1.E0,0.E0,0.E0));
#1312=DIRECTION('',(0.E0,0.E0,-1.E0));
#1313=AXIS2_PLACEMENT_3D('',#1310,#1311,#1312);
#1315=DIRECTION('',(0.E0,1.E0,0.E0));
#1316=VECTOR('',#1315,5.37E0);
#1317=CARTESIAN_POINT('',(1.82E0,-4.95E0,-1.195E1));
#1318=LINE('',#1317,#1316);
#1319=DIRECTION('',(0.E0,0.E0,1.E0));
#1320=VECTOR('',#1319,6.4E-1);
#1321=CARTESIAN_POINT('',(1.82E0,-4.95E0,-8.95E0));
#1322=LINE('',#1321,#1320);
#1323=DIRECTION('',(0.E0,-1.E0,0.E0));
#1324=VECTOR('',#1323,2.53E0);
#1325=CARTESIAN_POINT('',(1.82E0,-2.42E0,-8.31E0));
#1326=LINE('',#1325,#1324);
#1327=CARTESIAN_POINT('',(1.82E0,-2.42E0,-7.71E0));
#1328=DIRECTION('',(-1.E0,0.E0,0.E0));
#1329=DIRECTION('',(0.E0,1.E0,0.E0));
#1330=AXIS2_PLACEMENT_3D('',#1327,#1328,#1329);
#1332=DIRECTION('',(0.E0,0.E0,-1.E0));
#1333=VECTOR('',#1332,1.91E0);
#1334=CARTESIAN_POINT('',(1.82E0,-1.82E0,-5.8E0));
#1335=LINE('',#1334,#1333);
#1336=DIRECTION('',(0.E0,0.E0,1.E0));
#1337=VECTOR('',#1336,1.75E0);
#1338=CARTESIAN_POINT('',(1.82E0,-1.18E0,-7.55E0));
#1339=LINE('',#1338,#1337);
#1340=CARTESIAN_POINT('',(1.82E0,-2.58E0,-7.55E0));
#1341=DIRECTION('',(1.E0,0.E0,0.E0));
#1342=DIRECTION('',(0.E0,0.E0,-1.E0));
#1343=AXIS2_PLACEMENT_3D('',#1340,#1341,#1342);
#1345=DIRECTION('',(0.E0,1.E0,0.E0));
#1346=VECTOR('',#1345,2.37E0);
#1347=CARTESIAN_POINT('',(1.82E0,-4.95E0,-8.95E0));
#1348=LINE('',#1347,#1346);
#1349=DIRECTION('',(1.E0,0.E0,0.E0));
#1350=VECTOR('',#1349,6.4E-1);
#1351=CARTESIAN_POINT('',(1.18E0,-1.82E0,1.48E0));
#1352=LINE('',#1351,#1350);
#1353=DIRECTION('',(1.E0,0.E0,0.E0));
#1354=VECTOR('',#1353,6.4E-1);
#1355=CARTESIAN_POINT('',(1.18E0,-1.18E0,1.48E0));
#1356=LINE('',#1355,#1354);
#1357=DIRECTION('',(1.E0,0.E0,0.E0));
#1358=VECTOR('',#1357,6.4E-1);
#1359=CARTESIAN_POINT('',(1.18E0,1.82E0,1.48E0));
#1360=LINE('',#1359,#1358);
#1361=DIRECTION('',(1.E0,0.E0,0.E0));
#1362=VECTOR('',#1361,6.4E-1);
#1363=CARTESIAN_POINT('',(1.18E0,1.18E0,1.48E0));
#1364=LINE('',#1363,#1362);
#1365=DIRECTION('',(1.E0,0.E0,0.E0));
#1366=VECTOR('',#1365,6.4E-1);
#1367=CARTESIAN_POINT('',(1.18E0,-5.45E0,-1.195E1));
#1368=LINE('',#1367,#1366);
#1369=DIRECTION('',(1.E0,0.E0,0.E0));
#1370=VECTOR('',#1369,6.4E-1);
#1371=CARTESIAN_POINT('',(1.18E0,-9.45E0,-1.195E1));
#1372=LINE('',#1371,#1370);
#1373=DIRECTION('',(1.E0,0.E0,0.E0));
#1374=VECTOR('',#1373,6.4E-1);
#1375=CARTESIAN_POINT('',(1.18E0,-4.95E0,-1.195E1));
#1376=LINE('',#1375,#1374);
#1377=DIRECTION('',(1.E0,0.E0,0.E0));
#1378=VECTOR('',#1377,6.4E-1);
#1379=CARTESIAN_POINT('',(1.18E0,-9.45E0,-1.131E1));
#1380=LINE('',#1379,#1378);
#1381=DIRECTION('',(1.E0,0.E0,0.E0));
#1382=VECTOR('',#1381,6.4E-1);
#1383=CARTESIAN_POINT('',(1.18E0,-5.45E0,-1.131E1));
#1384=LINE('',#1383,#1382);
#1385=DIRECTION('',(1.E0,0.E0,0.E0));
#1386=VECTOR('',#1385,6.4E-1);
#1387=CARTESIAN_POINT('',(1.18E0,-4.95E0,-1.131E1));
#1388=LINE('',#1387,#1386);
#1389=DIRECTION('',(1.E0,0.E0,0.E0));
#1390=VECTOR('',#1389,6.4E-1);
#1391=CARTESIAN_POINT('',(1.18E0,5.8E-1,-1.131E1));
#1392=LINE('',#1391,#1390);
#1393=DIRECTION('',(1.E0,0.E0,0.E0));
#1394=VECTOR('',#1393,6.4E-1);
#1395=CARTESIAN_POINT('',(1.18E0,1.18E0,-1.071E1));
#1396=LINE('',#1395,#1394);
#1397=DIRECTION('',(1.E0,0.E0,0.E0));
#1398=VECTOR('',#1397,6.4E-1);
#1399=CARTESIAN_POINT('',(1.18E0,4.2E-1,-1.195E1));
#1400=LINE('',#1399,#1398);
#1401=DIRECTION('',(1.E0,0.E0,0.E0));
#1402=VECTOR('',#1401,6.4E-1);
#1403=CARTESIAN_POINT('',(1.18E0,1.82E0,-1.055E1));
#1404=LINE('',#1403,#1402);
#1405=DIRECTION('',(1.E0,0.E0,0.E0));
#1406=VECTOR('',#1405,6.4E-1);
#1407=CARTESIAN_POINT('',(1.18E0,-5.45E0,-8.95E0));
#1408=LINE('',#1407,#1406);
#1409=DIRECTION('',(1.E0,0.E0,0.E0));
#1410=VECTOR('',#1409,6.4E-1);
#1411=CARTESIAN_POINT('',(1.18E0,-9.45E0,-8.95E0));
#1412=LINE('',#1411,#1410);
#1413=DIRECTION('',(1.E0,0.E0,0.E0));
#1414=VECTOR('',#1413,6.4E-1);
#1415=CARTESIAN_POINT('',(1.18E0,-4.95E0,-8.95E0));
#1416=LINE('',#1415,#1414);
#1417=DIRECTION('',(1.E0,0.E0,0.E0));
#1418=VECTOR('',#1417,6.4E-1);
#1419=CARTESIAN_POINT('',(1.18E0,-9.45E0,-8.31E0));
#1420=LINE('',#1419,#1418);
#1421=DIRECTION('',(1.E0,0.E0,0.E0));
#1422=VECTOR('',#1421,6.4E-1);
#1423=CARTESIAN_POINT('',(1.18E0,-5.45E0,-8.31E0));
#1424=LINE('',#1423,#1422);
#1425=DIRECTION('',(1.E0,0.E0,0.E0));
#1426=VECTOR('',#1425,6.4E-1);
#1427=CARTESIAN_POINT('',(1.18E0,-2.42E0,-8.31E0));
#1428=LINE('',#1427,#1426);
#1429=DIRECTION('',(1.E0,0.E0,0.E0));
#1430=VECTOR('',#1429,6.4E-1);
#1431=CARTESIAN_POINT('',(1.18E0,-4.95E0,-8.31E0));
#1432=LINE('',#1431,#1430);
#1433=DIRECTION('',(1.E0,0.E0,0.E0));
#1434=VECTOR('',#1433,6.4E-1);
#1435=CARTESIAN_POINT('',(1.18E0,-1.82E0,-7.71E0));
#1436=LINE('',#1435,#1434);
#1437=DIRECTION('',(1.E0,0.E0,0.E0));
#1438=VECTOR('',#1437,6.4E-1);
#1439=CARTESIAN_POINT('',(1.18E0,-2.58E0,-8.95E0));
#1440=LINE('',#1439,#1438);
#1441=DIRECTION('',(1.E0,0.E0,0.E0));
#1442=VECTOR('',#1441,6.4E-1);
#1443=CARTESIAN_POINT('',(1.18E0,-1.18E0,-7.55E0));
#1444=LINE('',#1443,#1442);
#1445=DIRECTION('',(0.E0,0.E0,1.E0));
#1446=VECTOR('',#1445,3.98E0);
#1447=CARTESIAN_POINT('',(-1.82E0,-1.18E0,-2.5E0));
#1448=LINE('',#1447,#1446);
#1449=DIRECTION('',(0.E0,-1.E0,0.E0));
#1450=VECTOR('',#1449,6.4E-1);
#1451=CARTESIAN_POINT('',(-1.82E0,-1.18E0,1.48E0));
#1452=LINE('',#1451,#1450);
#1453=DIRECTION('',(0.E0,0.E0,-1.E0));
#1454=VECTOR('',#1453,3.98E0);
#1455=CARTESIAN_POINT('',(-1.82E0,-1.82E0,1.48E0));
#1456=LINE('',#1455,#1454);
#1457=DIRECTION('',(0.E0,0.E0,1.E0));
#1458=VECTOR('',#1457,3.98E0);
#1459=CARTESIAN_POINT('',(-1.82E0,1.82E0,-2.5E0));
#1460=LINE('',#1459,#1458);
#1461=DIRECTION('',(0.E0,-1.E0,0.E0));
#1462=VECTOR('',#1461,6.4E-1);
#1463=CARTESIAN_POINT('',(-1.82E0,1.82E0,1.48E0));
#1464=LINE('',#1463,#1462);
#1465=DIRECTION('',(0.E0,0.E0,-1.E0));
#1466=VECTOR('',#1465,3.98E0);
#1467=CARTESIAN_POINT('',(-1.82E0,1.18E0,1.48E0));
#1468=LINE('',#1467,#1466);
#1469=DIRECTION('',(0.E0,0.E0,1.E0));
#1470=VECTOR('',#1469,6.4E-1);
#1471=CARTESIAN_POINT('',(-1.82E0,-5.45E0,-1.195E1));
#1472=LINE('',#1471,#1470);
#1473=DIRECTION('',(0.E0,-1.E0,0.E0));
#1474=VECTOR('',#1473,4.E0);
#1475=CARTESIAN_POINT('',(-1.82E0,-5.45E0,-1.131E1));
#1476=LINE('',#1475,#1474);
#1477=DIRECTION('',(0.E0,0.E0,-1.E0));
#1478=VECTOR('',#1477,6.4E-1);
#1479=CARTESIAN_POINT('',(-1.82E0,-9.45E0,-1.131E1));
#1480=LINE('',#1479,#1478);
#1481=DIRECTION('',(0.E0,1.E0,0.E0));
#1482=VECTOR('',#1481,4.E0);
#1483=CARTESIAN_POINT('',(-1.82E0,-9.45E0,-1.195E1));
#1484=LINE('',#1483,#1482);
#1485=DIRECTION('',(0.E0,0.E0,1.E0));
#1486=VECTOR('',#1485,6.4E-1);
#1487=CARTESIAN_POINT('',(-1.82E0,-5.45E0,-8.95E0));
#1488=LINE('',#1487,#1486);
#1489=DIRECTION('',(0.E0,-1.E0,0.E0));
#1490=VECTOR('',#1489,4.E0);
#1491=CARTESIAN_POINT('',(-1.82E0,-5.45E0,-8.31E0));
#1492=LINE('',#1491,#1490);
#1493=DIRECTION('',(0.E0,0.E0,-1.E0));
#1494=VECTOR('',#1493,6.4E-1);
#1495=CARTESIAN_POINT('',(-1.82E0,-9.45E0,-8.31E0));
#1496=LINE('',#1495,#1494);
#1497=DIRECTION('',(0.E0,1.E0,0.E0));
#1498=VECTOR('',#1497,4.E0);
#1499=CARTESIAN_POINT('',(-1.82E0,-9.45E0,-8.95E0));
#1500=LINE('',#1499,#1498);
#1501=DIRECTION('',(0.E0,0.E0,1.E0));
#1502=VECTOR('',#1501,6.4E-1);
#1503=CARTESIAN_POINT('',(-1.82E0,-4.95E0,-1.195E1));
#1504=LINE('',#1503,#1502);
#1505=DIRECTION('',(0.E0,1.E0,0.E0));
#1506=VECTOR('',#1505,5.37E0);
#1507=CARTESIAN_POINT('',(-1.82E0,-4.95E0,-1.195E1));
#1508=LINE('',#1507,#1506);
#1509=CARTESIAN_POINT('',(-1.82E0,4.2E-1,-1.055E1));
#1510=DIRECTION('',(1.E0,0.E0,0.E0));
#1511=DIRECTION('',(0.E0,0.E0,-1.E0));
#1512=AXIS2_PLACEMENT_3D('',#1509,#1510,#1511);
#1514=DIRECTION('',(0.E0,0.E0,1.E0));
#1515=VECTOR('',#1514,4.75E0);
#1516=CARTESIAN_POINT('',(-1.82E0,1.82E0,-1.055E1));
#1517=LINE('',#1516,#1515);
#1518=DIRECTION('',(0.E0,0.E0,-1.E0));
#1519=VECTOR('',#1518,4.91E0);
#1520=CARTESIAN_POINT('',(-1.82E0,1.18E0,-5.8E0));
#1521=LINE('',#1520,#1519);
#1522=CARTESIAN_POINT('',(-1.82E0,5.8E-1,-1.071E1));
#1523=DIRECTION('',(-1.E0,0.E0,0.E0));
#1524=DIRECTION('',(0.E0,1.E0,0.E0));
#1525=AXIS2_PLACEMENT_3D('',#1522,#1523,#1524);
#1527=DIRECTION('',(0.E0,-1.E0,0.E0));
#1528=VECTOR('',#1527,5.53E0);
#1529=CARTESIAN_POINT('',(-1.82E0,5.8E-1,-1.131E1));
#1530=LINE('',#1529,#1528);
#1531=DIRECTION('',(0.E0,0.E0,1.E0));
#1532=VECTOR('',#1531,6.4E-1);
#1533=CARTESIAN_POINT('',(-1.82E0,-4.95E0,-8.95E0));
#1534=LINE('',#1533,#1532);
#1535=DIRECTION('',(0.E0,1.E0,0.E0));
#1536=VECTOR('',#1535,2.37E0);
#1537=CARTESIAN_POINT('',(-1.82E0,-4.95E0,-8.95E0));
#1538=LINE('',#1537,#1536);
#1539=CARTESIAN_POINT('',(-1.82E0,-2.58E0,-7.55E0));
#1540=DIRECTION('',(1.E0,0.E0,0.E0));
#1541=DIRECTION('',(0.E0,0.E0,-1.E0));
#1542=AXIS2_PLACEMENT_3D('',#1539,#1540,#1541);
#1544=DIRECTION('',(0.E0,0.E0,1.E0));
#1545=VECTOR('',#1544,1.75E0);
#1546=CARTESIAN_POINT('',(-1.82E0,-1.18E0,-7.55E0));
#1547=LINE('',#1546,#1545);
#1548=DIRECTION('',(0.E0,0.E0,-1.E0));
#1549=VECTOR('',#1548,1.91E0);
#1550=CARTESIAN_POINT('',(-1.82E0,-1.82E0,-5.8E0));
#1551=LINE('',#1550,#1549);
#1552=CARTESIAN_POINT('',(-1.82E0,-2.42E0,-7.71E0));
#1553=DIRECTION('',(-1.E0,0.E0,0.E0));
#1554=DIRECTION('',(0.E0,1.E0,0.E0));
#1555=AXIS2_PLACEMENT_3D('',#1552,#1553,#1554);
#1557=DIRECTION('',(0.E0,-1.E0,0.E0));
#1558=VECTOR('',#1557,2.53E0);
#1559=CARTESIAN_POINT('',(-1.82E0,-2.42E0,-8.31E0));
#1560=LINE('',#1559,#1558);
#1561=DIRECTION('',(0.E0,0.E0,1.E0));
#1562=VECTOR('',#1561,3.98E0);
#1563=CARTESIAN_POINT('',(-1.18E0,-1.18E0,-2.5E0));
#1564=LINE('',#1563,#1562);
#1565=DIRECTION('',(0.E0,0.E0,-1.E0));
#1566=VECTOR('',#1565,3.98E0);
#1567=CARTESIAN_POINT('',(-1.18E0,-1.82E0,1.48E0));
#1568=LINE('',#1567,#1566);
#1569=DIRECTION('',(0.E0,-1.E0,0.E0));
#1570=VECTOR('',#1569,6.4E-1);
#1571=CARTESIAN_POINT('',(-1.18E0,-1.18E0,1.48E0));
#1572=LINE('',#1571,#1570);
#1573=DIRECTION('',(0.E0,0.E0,1.E0));
#1574=VECTOR('',#1573,3.98E0);
#1575=CARTESIAN_POINT('',(-1.18E0,1.82E0,-2.5E0));
#1576=LINE('',#1575,#1574);
#1577=DIRECTION('',(0.E0,0.E0,-1.E0));
#1578=VECTOR('',#1577,3.98E0);
#1579=CARTESIAN_POINT('',(-1.18E0,1.18E0,1.48E0));
#1580=LINE('',#1579,#1578);
#1581=DIRECTION('',(0.E0,-1.E0,0.E0));
#1582=VECTOR('',#1581,6.4E-1);
#1583=CARTESIAN_POINT('',(-1.18E0,1.82E0,1.48E0));
#1584=LINE('',#1583,#1582);
#1585=DIRECTION('',(0.E0,0.E0,1.E0));
#1586=VECTOR('',#1585,6.4E-1);
#1587=CARTESIAN_POINT('',(-1.18E0,-5.45E0,-1.195E1));
#1588=LINE('',#1587,#1586);
#1589=DIRECTION('',(0.E0,1.E0,0.E0));
#1590=VECTOR('',#1589,4.E0);
#1591=CARTESIAN_POINT('',(-1.18E0,-9.45E0,-1.195E1));
#1592=LINE('',#1591,#1590);
#1593=DIRECTION('',(0.E0,0.E0,-1.E0));
#1594=VECTOR('',#1593,6.4E-1);
#1595=CARTESIAN_POINT('',(-1.18E0,-9.45E0,-1.131E1));
#1596=LINE('',#1595,#1594);
#1597=DIRECTION('',(0.E0,-1.E0,0.E0));
#1598=VECTOR('',#1597,4.E0);
#1599=CARTESIAN_POINT('',(-1.18E0,-5.45E0,-1.131E1));
#1600=LINE('',#1599,#1598);
#1601=DIRECTION('',(0.E0,0.E0,1.E0));
#1602=VECTOR('',#1601,6.4E-1);
#1603=CARTESIAN_POINT('',(-1.18E0,-5.45E0,-8.95E0));
#1604=LINE('',#1603,#1602);
#1605=DIRECTION('',(0.E0,1.E0,0.E0));
#1606=VECTOR('',#1605,4.E0);
#1607=CARTESIAN_POINT('',(-1.18E0,-9.45E0,-8.95E0));
#1608=LINE('',#1607,#1606);
#1609=DIRECTION('',(0.E0,0.E0,-1.E0));
#1610=VECTOR('',#1609,6.4E-1);
#1611=CARTESIAN_POINT('',(-1.18E0,-9.45E0,-8.31E0));
#1612=LINE('',#1611,#1610);
#1613=DIRECTION('',(0.E0,-1.E0,0.E0));
#1614=VECTOR('',#1613,4.E0);
#1615=CARTESIAN_POINT('',(-1.18E0,-5.45E0,-8.31E0));
#1616=LINE('',#1615,#1614);
#1617=DIRECTION('',(0.E0,0.E0,1.E0));
#1618=VECTOR('',#1617,6.4E-1);
#1619=CARTESIAN_POINT('',(-1.18E0,-4.95E0,-1.195E1));
#1620=LINE('',#1619,#1618);
#1621=DIRECTION('',(0.E0,-1.E0,0.E0));
#1622=VECTOR('',#1621,5.53E0);
#1623=CARTESIAN_POINT('',(-1.18E0,5.8E-1,-1.131E1));
#1624=LINE('',#1623,#1622);
#1625=CARTESIAN_POINT('',(-1.18E0,5.8E-1,-1.071E1));
#1626=DIRECTION('',(-1.E0,0.E0,0.E0));
#1627=DIRECTION('',(0.E0,1.E0,0.E0));
#1628=AXIS2_PLACEMENT_3D('',#1625,#1626,#1627);
#1630=DIRECTION('',(0.E0,0.E0,-1.E0));
#1631=VECTOR('',#1630,4.91E0);
#1632=CARTESIAN_POINT('',(-1.18E0,1.18E0,-5.8E0));
#1633=LINE('',#1632,#1631);
#1634=DIRECTION('',(0.E0,0.E0,1.E0));
#1635=VECTOR('',#1634,4.75E0);
#1636=CARTESIAN_POINT('',(-1.18E0,1.82E0,-1.055E1));
#1637=LINE('',#1636,#1635);
#1638=CARTESIAN_POINT('',(-1.18E0,4.2E-1,-1.055E1));
#1639=DIRECTION('',(1.E0,0.E0,0.E0));
#1640=DIRECTION('',(0.E0,0.E0,-1.E0));
#1641=AXIS2_PLACEMENT_3D('',#1638,#1639,#1640);
#1643=DIRECTION('',(0.E0,1.E0,0.E0));
#1644=VECTOR('',#1643,5.37E0);
#1645=CARTESIAN_POINT('',(-1.18E0,-4.95E0,-1.195E1));
#1646=LINE('',#1645,#1644);
#1647=DIRECTION('',(0.E0,0.E0,1.E0));
#1648=VECTOR('',#1647,6.4E-1);
#1649=CARTESIAN_POINT('',(-1.18E0,-4.95E0,-8.95E0));
#1650=LINE('',#1649,#1648);
#1651=DIRECTION('',(0.E0,-1.E0,0.E0));
#1652=VECTOR('',#1651,2.53E0);
#1653=CARTESIAN_POINT('',(-1.18E0,-2.42E0,-8.31E0));
#1654=LINE('',#1653,#1652);
#1655=CARTESIAN_POINT('',(-1.18E0,-2.42E0,-7.71E0));
#1656=DIRECTION('',(-1.E0,0.E0,0.E0));
#1657=DIRECTION('',(0.E0,1.E0,0.E0));
#1658=AXIS2_PLACEMENT_3D('',#1655,#1656,#1657);
#1660=DIRECTION('',(0.E0,0.E0,-1.E0));
#1661=VECTOR('',#1660,1.91E0);
#1662=CARTESIAN_POINT('',(-1.18E0,-1.82E0,-5.8E0));
#1663=LINE('',#1662,#1661);
#1664=DIRECTION('',(0.E0,0.E0,1.E0));
#1665=VECTOR('',#1664,1.75E0);
#1666=CARTESIAN_POINT('',(-1.18E0,-1.18E0,-7.55E0));
#1667=LINE('',#1666,#1665);
#1668=CARTESIAN_POINT('',(-1.18E0,-2.58E0,-7.55E0));
#1669=DIRECTION('',(1.E0,0.E0,0.E0));
#1670=DIRECTION('',(0.E0,0.E0,-1.E0));
#1671=AXIS2_PLACEMENT_3D('',#1668,#1669,#1670);
#1673=DIRECTION('',(0.E0,1.E0,0.E0));
#1674=VECTOR('',#1673,2.37E0);
#1675=CARTESIAN_POINT('',(-1.18E0,-4.95E0,-8.95E0));
#1676=LINE('',#1675,#1674);
#1677=DIRECTION('',(1.E0,0.E0,0.E0));
#1678=VECTOR('',#1677,6.4E-1);
#1679=CARTESIAN_POINT('',(-1.82E0,-1.82E0,1.48E0));
#1680=LINE('',#1679,#1678);
#1681=DIRECTION('',(1.E0,0.E0,0.E0));
#1682=VECTOR('',#1681,6.4E-1);
#1683=CARTESIAN_POINT('',(-1.82E0,-1.18E0,1.48E0));
#1684=LINE('',#1683,#1682);
#1685=DIRECTION('',(1.E0,0.E0,0.E0));
#1686=VECTOR('',#1685,6.4E-1);
#1687=CARTESIAN_POINT('',(-1.82E0,1.82E0,1.48E0));
#1688=LINE('',#1687,#1686);
#1689=DIRECTION('',(1.E0,0.E0,0.E0));
#1690=VECTOR('',#1689,6.4E-1);
#1691=CARTESIAN_POINT('',(-1.82E0,1.18E0,1.48E0));
#1692=LINE('',#1691,#1690);
#1693=DIRECTION('',(1.E0,0.E0,0.E0));
#1694=VECTOR('',#1693,6.4E-1);
#1695=CARTESIAN_POINT('',(-1.82E0,-5.45E0,-1.195E1));
#1696=LINE('',#1695,#1694);
#1697=DIRECTION('',(1.E0,0.E0,0.E0));
#1698=VECTOR('',#1697,6.4E-1);
#1699=CARTESIAN_POINT('',(-1.82E0,-9.45E0,-1.195E1));
#1700=LINE('',#1699,#1698);
#1701=DIRECTION('',(1.E0,0.E0,0.E0));
#1702=VECTOR('',#1701,6.4E-1);
#1703=CARTESIAN_POINT('',(-1.82E0,-4.95E0,-1.195E1));
#1704=LINE('',#1703,#1702);
#1705=DIRECTION('',(1.E0,0.E0,0.E0));
#1706=VECTOR('',#1705,6.4E-1);
#1707=CARTESIAN_POINT('',(-1.82E0,-9.45E0,-1.131E1));
#1708=LINE('',#1707,#1706);
#1709=DIRECTION('',(1.E0,0.E0,0.E0));
#1710=VECTOR('',#1709,6.4E-1);
#1711=CARTESIAN_POINT('',(-1.82E0,-5.45E0,-1.131E1));
#1712=LINE('',#1711,#1710);
#1713=DIRECTION('',(1.E0,0.E0,0.E0));
#1714=VECTOR('',#1713,6.4E-1);
#1715=CARTESIAN_POINT('',(-1.82E0,-4.95E0,-1.131E1));
#1716=LINE('',#1715,#1714);
#1717=DIRECTION('',(1.E0,0.E0,0.E0));
#1718=VECTOR('',#1717,6.4E-1);
#1719=CARTESIAN_POINT('',(-1.82E0,5.8E-1,-1.131E1));
#1720=LINE('',#1719,#1718);
#1721=DIRECTION('',(1.E0,0.E0,0.E0));
#1722=VECTOR('',#1721,6.4E-1);
#1723=CARTESIAN_POINT('',(-1.82E0,1.18E0,-1.071E1));
#1724=LINE('',#1723,#1722);
#1725=DIRECTION('',(1.E0,0.E0,0.E0));
#1726=VECTOR('',#1725,6.4E-1);
#1727=CARTESIAN_POINT('',(-1.82E0,4.2E-1,-1.195E1));
#1728=LINE('',#1727,#1726);
#1729=DIRECTION('',(1.E0,0.E0,0.E0));
#1730=VECTOR('',#1729,6.4E-1);
#1731=CARTESIAN_POINT('',(-1.82E0,1.82E0,-1.055E1));
#1732=LINE('',#1731,#1730);
#1733=DIRECTION('',(1.E0,0.E0,0.E0));
#1734=VECTOR('',#1733,6.4E-1);
#1735=CARTESIAN_POINT('',(-1.82E0,-5.45E0,-8.95E0));
#1736=LINE('',#1735,#1734);
#1737=DIRECTION('',(1.E0,0.E0,0.E0));
#1738=VECTOR('',#1737,6.4E-1);
#1739=CARTESIAN_POINT('',(-1.82E0,-9.45E0,-8.95E0));
#1740=LINE('',#1739,#1738);
#1741=DIRECTION('',(1.E0,0.E0,0.E0));
#1742=VECTOR('',#1741,6.4E-1);
#1743=CARTESIAN_POINT('',(-1.82E0,-4.95E0,-8.95E0));
#1744=LINE('',#1743,#1742);
#1745=DIRECTION('',(1.E0,0.E0,0.E0));
#1746=VECTOR('',#1745,6.4E-1);
#1747=CARTESIAN_POINT('',(-1.82E0,-9.45E0,-8.31E0));
#1748=LINE('',#1747,#1746);
#1749=DIRECTION('',(1.E0,0.E0,0.E0));
#1750=VECTOR('',#1749,6.4E-1);
#1751=CARTESIAN_POINT('',(-1.82E0,-5.45E0,-8.31E0));
#1752=LINE('',#1751,#1750);
#1753=DIRECTION('',(1.E0,0.E0,0.E0));
#1754=VECTOR('',#1753,6.4E-1);
#1755=CARTESIAN_POINT('',(-1.82E0,-2.42E0,-8.31E0));
#1756=LINE('',#1755,#1754);
#1757=DIRECTION('',(1.E0,0.E0,0.E0));
#1758=VECTOR('',#1757,6.4E-1);
#1759=CARTESIAN_POINT('',(-1.82E0,-4.95E0,-8.31E0));
#1760=LINE('',#1759,#1758);
#1761=DIRECTION('',(1.E0,0.E0,0.E0));
#1762=VECTOR('',#1761,6.4E-1);
#1763=CARTESIAN_POINT('',(-1.82E0,-1.82E0,-7.71E0));
#1764=LINE('',#1763,#1762);
#1765=DIRECTION('',(1.E0,0.E0,0.E0));
#1766=VECTOR('',#1765,6.4E-1);
#1767=CARTESIAN_POINT('',(-1.82E0,-2.58E0,-8.95E0));
#1768=LINE('',#1767,#1766);
#1769=DIRECTION('',(1.E0,0.E0,0.E0));
#1770=VECTOR('',#1769,6.4E-1);
#1771=CARTESIAN_POINT('',(-1.82E0,-1.18E0,-7.55E0));
#1772=LINE('',#1771,#1770);
#1773=DIRECTION('',(1.E0,0.E0,0.E0));
#1774=VECTOR('',#1773,6.4E-1);
#1775=CARTESIAN_POINT('',(-4.82E0,-5.45E0,-1.131E1));
#1776=LINE('',#1775,#1774);
#1777=DIRECTION('',(1.E0,0.E0,0.E0));
#1778=VECTOR('',#1777,6.4E-1);
#1779=CARTESIAN_POINT('',(-4.82E0,-4.95E0,-1.131E1));
#1780=LINE('',#1779,#1778);
#1781=DIRECTION('',(1.E0,0.E0,0.E0));
#1782=VECTOR('',#1781,6.4E-1);
#1783=CARTESIAN_POINT('',(-4.82E0,5.8E-1,-1.131E1));
#1784=LINE('',#1783,#1782);
#1785=DIRECTION('',(1.E0,0.E0,0.E0));
#1786=VECTOR('',#1785,6.4E-1);
#1787=CARTESIAN_POINT('',(-4.82E0,-9.45E0,-1.131E1));
#1788=LINE('',#1787,#1786);
#1789=DIRECTION('',(1.E0,0.E0,0.E0));
#1790=VECTOR('',#1789,6.4E-1);
#1791=CARTESIAN_POINT('',(-4.82E0,-5.45E0,-1.195E1));
#1792=LINE('',#1791,#1790);
#1793=DIRECTION('',(1.E0,0.E0,0.E0));
#1794=VECTOR('',#1793,6.4E-1);
#1795=CARTESIAN_POINT('',(-4.82E0,-9.45E0,-1.195E1));
#1796=LINE('',#1795,#1794);
#1797=DIRECTION('',(1.E0,0.E0,0.E0));
#1798=VECTOR('',#1797,6.4E-1);
#1799=CARTESIAN_POINT('',(-4.82E0,-4.95E0,-1.195E1));
#1800=LINE('',#1799,#1798);
#1801=DIRECTION('',(1.E0,0.E0,0.E0));
#1802=VECTOR('',#1801,6.4E-1);
#1803=CARTESIAN_POINT('',(-4.82E0,4.2E-1,-1.195E1));
#1804=LINE('',#1803,#1802);
#1805=DIRECTION('',(1.E0,0.E0,0.E0));
#1806=VECTOR('',#1805,6.4E-1);
#1807=CARTESIAN_POINT('',(-4.82E0,1.82E0,-1.055E1));
#1808=LINE('',#1807,#1806);
#1809=DIRECTION('',(1.E0,0.E0,0.E0));
#1810=VECTOR('',#1809,6.4E-1);
#1811=CARTESIAN_POINT('',(-4.82E0,1.18E0,-1.071E1));
#1812=LINE('',#1811,#1810);
#1813=DIRECTION('',(1.E0,0.E0,0.E0));
#1814=VECTOR('',#1813,6.4E-1);
#1815=CARTESIAN_POINT('',(-4.82E0,-5.45E0,-8.31E0));
#1816=LINE('',#1815,#1814);
#1817=DIRECTION('',(1.E0,0.E0,0.E0));
#1818=VECTOR('',#1817,6.4E-1);
#1819=CARTESIAN_POINT('',(-4.82E0,-2.42E0,-8.31E0));
#1820=LINE('',#1819,#1818);
#1821=DIRECTION('',(1.E0,0.E0,0.E0));
#1822=VECTOR('',#1821,6.4E-1);
#1823=CARTESIAN_POINT('',(-4.82E0,-4.95E0,-8.31E0));
#1824=LINE('',#1823,#1822);
#1825=DIRECTION('',(1.E0,0.E0,0.E0));
#1826=VECTOR('',#1825,6.4E-1);
#1827=CARTESIAN_POINT('',(-4.82E0,-9.45E0,-8.31E0));
#1828=LINE('',#1827,#1826);
#1829=DIRECTION('',(1.E0,0.E0,0.E0));
#1830=VECTOR('',#1829,6.4E-1);
#1831=CARTESIAN_POINT('',(-4.82E0,-5.45E0,-8.95E0));
#1832=LINE('',#1831,#1830);
#1833=DIRECTION('',(1.E0,0.E0,0.E0));
#1834=VECTOR('',#1833,6.4E-1);
#1835=CARTESIAN_POINT('',(-4.82E0,-9.45E0,-8.95E0));
#1836=LINE('',#1835,#1834);
#1837=DIRECTION('',(1.E0,0.E0,0.E0));
#1838=VECTOR('',#1837,6.4E-1);
#1839=CARTESIAN_POINT('',(-4.82E0,-4.95E0,-8.95E0));
#1840=LINE('',#1839,#1838);
#1841=DIRECTION('',(1.E0,0.E0,0.E0));
#1842=VECTOR('',#1841,6.4E-1);
#1843=CARTESIAN_POINT('',(-4.82E0,-2.58E0,-8.95E0));
#1844=LINE('',#1843,#1842);
#1845=DIRECTION('',(1.E0,0.E0,0.E0));
#1846=VECTOR('',#1845,6.4E-1);
#1847=CARTESIAN_POINT('',(-4.82E0,-1.18E0,-7.55E0));
#1848=LINE('',#1847,#1846);
#1849=DIRECTION('',(1.E0,0.E0,0.E0));
#1850=VECTOR('',#1849,6.4E-1);
#1851=CARTESIAN_POINT('',(-4.82E0,-1.82E0,-7.71E0));
#1852=LINE('',#1851,#1850);
#1853=DIRECTION('',(0.E0,1.E0,0.E0));
#1854=VECTOR('',#1853,5.E-1);
#1855=CARTESIAN_POINT('',(3.75E0,-5.45E0,-1.013E1));
#1856=LINE('',#1855,#1854);
#1857=DIRECTION('',(0.E0,1.E0,0.E0));
#1858=VECTOR('',#1857,5.E-1);
#1859=CARTESIAN_POINT('',(2.25E0,-5.45E0,-1.013E1));
#1860=LINE('',#1859,#1858);
#1861=DIRECTION('',(0.E0,1.E0,0.E0));
#1862=VECTOR('',#1861,5.E-1);
#1863=CARTESIAN_POINT('',(7.5E-1,-5.45E0,-1.013E1));
#1864=LINE('',#1863,#1862);
#1865=DIRECTION('',(0.E0,1.E0,0.E0));
#1866=VECTOR('',#1865,5.E-1);
#1867=CARTESIAN_POINT('',(-7.5E-1,-5.45E0,-1.013E1));
#1868=LINE('',#1867,#1866);
#1869=DIRECTION('',(0.E0,1.E0,0.E0));
#1870=VECTOR('',#1869,5.E-1);
#1871=CARTESIAN_POINT('',(-2.25E0,-5.45E0,-1.013E1));
#1872=LINE('',#1871,#1870);
#1873=DIRECTION('',(0.E0,1.E0,0.E0));
#1874=VECTOR('',#1873,5.E-1);
#1875=CARTESIAN_POINT('',(-3.75E0,-5.45E0,-1.013E1));
#1876=LINE('',#1875,#1874);
#1877=CARTESIAN_POINT('',(-6.E0,-5.45E0,-1.013E1));
#1878=DIRECTION('',(0.E0,1.E0,0.E0));
#1879=DIRECTION('',(2.666666666667E-2,0.E0,9.996443812121E-1));
#1880=AXIS2_PLACEMENT_3D('',#1877,#1878,#1879);
#1882=CARTESIAN_POINT('',(-6.E0,-4.95E0,-1.013E1));
#1883=DIRECTION('',(0.E0,-1.E0,0.E0));
#1884=DIRECTION('',(2.666666666667E-2,0.E0,-9.996443812121E-1));
#1885=AXIS2_PLACEMENT_3D('',#1882,#1883,#1884);
#1887=DIRECTION('',(0.E0,-1.E0,0.E0));
#1888=VECTOR('',#1887,5.E-1);
#1889=CARTESIAN_POINT('',(-5.98E0,-4.95E0,-9.380266714091E0));
#1890=LINE('',#1889,#1888);
#1891=DIRECTION('',(0.E0,-1.E0,0.E0));
#1892=VECTOR('',#1891,5.E-1);
#1893=CARTESIAN_POINT('',(-5.98E0,-4.95E0,-1.087973328591E1));
#1894=LINE('',#1893,#1892);
#1895=DIRECTION('',(0.E0,1.E0,0.E0));
#1896=VECTOR('',#1895,5.E-1);
#1897=CARTESIAN_POINT('',(-5.98E0,-5.45E0,-1.291E1));
#1898=LINE('',#1897,#1896);
#1899=DIRECTION('',(0.E0,1.E0,0.E0));
#1900=VECTOR('',#1899,5.E-1);
#1901=CARTESIAN_POINT('',(-5.98E0,-5.45E0,-7.31E0));
#1902=LINE('',#1901,#1900);
#1903=DIRECTION('',(0.E0,-1.E0,0.E0));
#1904=VECTOR('',#1903,5.E-1);
#1905=CARTESIAN_POINT('',(6.E0,-4.95E0,-9.38E0));
#1906=LINE('',#1905,#1904);
#1907=DIRECTION('',(0.E0,1.E0,0.E0));
#1908=VECTOR('',#1907,5.E-1);
#1909=CARTESIAN_POINT('',(6.E0,-5.45E0,-7.31E0));
#1910=LINE('',#1909,#1908);
#1911=DIRECTION('',(0.E0,-1.E0,0.E0));
#1912=VECTOR('',#1911,5.E-1);
#1913=CARTESIAN_POINT('',(6.E0,-4.95E0,-1.088E1));
#1914=LINE('',#1913,#1912);
#1915=CARTESIAN_POINT('',(6.E0,-4.95E0,-1.013E1));
#1916=DIRECTION('',(0.E0,-1.E0,0.E0));
#1917=DIRECTION('',(0.E0,0.E0,1.E0));
#1918=AXIS2_PLACEMENT_3D('',#1915,#1916,#1917);
#1920=CARTESIAN_POINT('',(6.E0,-5.45E0,-1.013E1));
#1921=DIRECTION('',(0.E0,1.E0,0.E0));
#1922=DIRECTION('',(0.E0,0.E0,-1.E0));
#1923=AXIS2_PLACEMENT_3D('',#1920,#1921,#1922);
#1925=DIRECTION('',(0.E0,1.E0,0.E0));
#1926=VECTOR('',#1925,5.E-1);
#1927=CARTESIAN_POINT('',(6.E0,-5.45E0,-1.291E1));
#1928=LINE('',#1927,#1926);
#1929=DIRECTION('',(1.E0,0.E0,0.E0));
#1930=VECTOR('',#1929,6.4E-1);
#1931=CARTESIAN_POINT('',(4.18E0,1.18E0,-1.071E1));
#1932=LINE('',#1931,#1930);
#1933=DIRECTION('',(1.E0,0.E0,0.E0));
#1934=VECTOR('',#1933,6.4E-1);
#1935=CARTESIAN_POINT('',(4.18E0,4.2E-1,-1.195E1));
#1936=LINE('',#1935,#1934);
#1937=DIRECTION('',(1.E0,0.E0,0.E0));
#1938=VECTOR('',#1937,6.4E-1);
#1939=CARTESIAN_POINT('',(4.18E0,1.82E0,-1.055E1));
#1940=LINE('',#1939,#1938);
#1941=DIRECTION('',(0.E0,0.E0,-1.E0));
#1942=VECTOR('',#1941,5.3E0);
#1943=CARTESIAN_POINT('',(-2.3E-1,2.8E0,2.8E0));
#1944=LINE('',#1943,#1942);
#1945=DIRECTION('',(-1.E0,0.E0,0.E0));
#1946=VECTOR('',#1945,2.54E0);
#1947=CARTESIAN_POINT('',(-2.3E-1,2.8E0,2.8E0));
#1948=LINE('',#1947,#1946);
#1949=DIRECTION('',(1.E0,0.E0,0.E0));
#1950=VECTOR('',#1949,3.02E0);
#1951=CARTESIAN_POINT('',(-6.25E0,2.8E0,2.8E0));
#1952=LINE('',#1951,#1950);
#1953=DIRECTION('',(5.804995011725E-1,5.608215519803E-1,5.903384757687E-1));
#1954=VECTOR('',#1953,5.081830378909E0);
#1955=CARTESIAN_POINT('',(6.25E0,2.8E0,2.8E0));
#1956=LINE('',#1955,#1954);
#1957=DIRECTION('',(-1.E0,0.E0,0.E0));
#1958=VECTOR('',#1957,3.02E0);
#1959=CARTESIAN_POINT('',(6.25E0,2.8E0,2.8E0));
#1960=LINE('',#1959,#1958);
#1961=DIRECTION('',(-1.E0,0.E0,0.E0));
#1962=VECTOR('',#1961,2.54E0);
#1963=CARTESIAN_POINT('',(2.77E0,2.8E0,2.8E0));
#1964=LINE('',#1963,#1962);
#1965=DIRECTION('',(0.E0,-1.E0,0.E0));
#1966=VECTOR('',#1965,1.8E0);
#1967=CARTESIAN_POINT('',(-2.77E0,2.8E0,2.8E0));
#1968=LINE('',#1967,#1966);
#1969=DIRECTION('',(7.071067811865E-1,-7.071067811865E-1,0.E0));
#1970=VECTOR('',#1969,1.131370849898E0);
#1971=CARTESIAN_POINT('',(-2.77E0,1.E0,2.8E0));
#1972=LINE('',#1971,#1970);
#1973=DIRECTION('',(1.E0,0.E0,0.E0));
#1974=VECTOR('',#1973,1.74E0);
#1975=CARTESIAN_POINT('',(-1.97E0,2.E-1,2.8E0));
#1976=LINE('',#1975,#1974);
#1977=DIRECTION('',(0.E0,-1.E0,0.E0));
#1978=VECTOR('',#1977,2.6E0);
#1979=CARTESIAN_POINT('',(-2.3E-1,2.8E0,2.8E0));
#1980=LINE('',#1979,#1978);
#1981=DIRECTION('',(-1.E0,0.E0,0.E0));
#1982=VECTOR('',#1981,4.6E-1);
#1983=CARTESIAN_POINT('',(2.3E-1,2.8E0,2.8E0));
#1984=LINE('',#1983,#1982);
#1985=DIRECTION('',(0.E0,-1.E0,0.E0));
#1986=VECTOR('',#1985,2.6E0);
#1987=CARTESIAN_POINT('',(2.3E-1,2.8E0,2.8E0));
#1988=LINE('',#1987,#1986);
#1989=DIRECTION('',(1.E0,0.E0,0.E0));
#1990=VECTOR('',#1989,1.74E0);
#1991=CARTESIAN_POINT('',(2.3E-1,2.E-1,2.8E0));
#1992=LINE('',#1991,#1990);
#1993=DIRECTION('',(7.071067811865E-1,7.071067811865E-1,0.E0));
#1994=VECTOR('',#1993,1.131370849898E0);
#1995=CARTESIAN_POINT('',(1.97E0,2.E-1,2.8E0));
#1996=LINE('',#1995,#1994);
#1997=DIRECTION('',(0.E0,-1.E0,0.E0));
#1998=VECTOR('',#1997,1.8E0);
#1999=CARTESIAN_POINT('',(2.77E0,2.8E0,2.8E0));
#2000=LINE('',#1999,#1998);
#2001=DIRECTION('',(-1.E0,0.E0,0.E0));
#2002=VECTOR('',#2001,4.6E-1);
#2003=CARTESIAN_POINT('',(3.23E0,2.8E0,2.8E0));
#2004=LINE('',#2003,#2002);
#2005=DIRECTION('',(0.E0,-1.E0,0.E0));
#2006=VECTOR('',#2005,1.8E0);
#2007=CARTESIAN_POINT('',(3.23E0,2.8E0,2.8E0));
#2008=LINE('',#2007,#2006);
#2009=DIRECTION('',(7.071067811865E-1,-7.071067811865E-1,0.E0));
#2010=VECTOR('',#2009,1.131370849898E0);
#2011=CARTESIAN_POINT('',(3.23E0,1.E0,2.8E0));
#2012=LINE('',#2011,#2010);
#2013=DIRECTION('',(-1.E0,0.E0,0.E0));
#2014=VECTOR('',#2013,2.22E0);
#2015=CARTESIAN_POINT('',(6.25E0,2.E-1,2.8E0));
#2016=LINE('',#2015,#2014);
#2017=DIRECTION('',(0.E0,1.E0,0.E0));
#2018=VECTOR('',#2017,4.E-1);
#2019=CARTESIAN_POINT('',(6.25E0,-2.E-1,2.8E0));
#2020=LINE('',#2019,#2018);
#2021=DIRECTION('',(-1.E0,0.E0,0.E0));
#2022=VECTOR('',#2021,3.02E0);
#2023=CARTESIAN_POINT('',(6.25E0,-2.E-1,2.8E0));
#2024=LINE('',#2023,#2022);
#2025=DIRECTION('',(0.E0,-1.E0,0.E0));
#2026=VECTOR('',#2025,1.8E0);
#2027=CARTESIAN_POINT('',(3.23E0,-2.E-1,2.8E0));
#2028=LINE('',#2027,#2026);
#2029=DIRECTION('',(7.071067811865E-1,-7.071067811865E-1,0.E0));
#2030=VECTOR('',#2029,1.131370849898E0);
#2031=CARTESIAN_POINT('',(3.23E0,-2.E0,2.8E0));
#2032=LINE('',#2031,#2030);
#2033=DIRECTION('',(1.E0,0.E0,0.E0));
#2034=VECTOR('',#2033,2.06E0);
#2035=CARTESIAN_POINT('',(1.97E0,-2.8E0,2.8E0));
#2036=LINE('',#2035,#2034);
#2037=DIRECTION('',(7.071067811865E-1,7.071067811865E-1,0.E0));
#2038=VECTOR('',#2037,1.131370849898E0);
#2039=CARTESIAN_POINT('',(1.97E0,-2.8E0,2.8E0));
#2040=LINE('',#2039,#2038);
#2041=DIRECTION('',(0.E0,1.E0,0.E0));
#2042=VECTOR('',#2041,1.8E0);
#2043=CARTESIAN_POINT('',(2.77E0,-2.E0,2.8E0));
#2044=LINE('',#2043,#2042);
#2045=DIRECTION('',(-1.E0,0.E0,0.E0));
#2046=VECTOR('',#2045,2.54E0);
#2047=CARTESIAN_POINT('',(2.77E0,-2.E-1,2.8E0));
#2048=LINE('',#2047,#2046);
#2049=DIRECTION('',(0.E0,1.E0,0.E0));
#2050=VECTOR('',#2049,2.6E0);
#2051=CARTESIAN_POINT('',(2.3E-1,-2.8E0,2.8E0));
#2052=LINE('',#2051,#2050);
#2053=DIRECTION('',(1.E0,0.E0,0.E0));
#2054=VECTOR('',#2053,4.6E-1);
#2055=CARTESIAN_POINT('',(-2.3E-1,-2.8E0,2.8E0));
#2056=LINE('',#2055,#2054);
#2057=DIRECTION('',(0.E0,1.E0,0.E0));
#2058=VECTOR('',#2057,2.6E0);
#2059=CARTESIAN_POINT('',(-2.3E-1,-2.8E0,2.8E0));
#2060=LINE('',#2059,#2058);
#2061=DIRECTION('',(-1.E0,0.E0,0.E0));
#2062=VECTOR('',#2061,2.54E0);
#2063=CARTESIAN_POINT('',(-2.3E-1,-2.E-1,2.8E0));
#2064=LINE('',#2063,#2062);
#2065=DIRECTION('',(0.E0,1.E0,0.E0));
#2066=VECTOR('',#2065,1.8E0);
#2067=CARTESIAN_POINT('',(-2.77E0,-2.E0,2.8E0));
#2068=LINE('',#2067,#2066);
#2069=DIRECTION('',(7.071067811865E-1,-7.071067811865E-1,0.E0));
#2070=VECTOR('',#2069,1.131370849898E0);
#2071=CARTESIAN_POINT('',(-2.77E0,-2.E0,2.8E0));
#2072=LINE('',#2071,#2070);
#2073=DIRECTION('',(1.E0,0.E0,0.E0));
#2074=VECTOR('',#2073,2.06E0);
#2075=CARTESIAN_POINT('',(-4.03E0,-2.8E0,2.8E0));
#2076=LINE('',#2075,#2074);
#2077=DIRECTION('',(7.071067811865E-1,7.071067811865E-1,0.E0));
#2078=VECTOR('',#2077,1.131370849898E0);
#2079=CARTESIAN_POINT('',(-4.03E0,-2.8E0,2.8E0));
#2080=LINE('',#2079,#2078);
#2081=DIRECTION('',(0.E0,1.E0,0.E0));
#2082=VECTOR('',#2081,1.8E0);
#2083=CARTESIAN_POINT('',(-3.23E0,-2.E0,2.8E0));
#2084=LINE('',#2083,#2082);
#2085=DIRECTION('',(1.E0,0.E0,0.E0));
#2086=VECTOR('',#2085,3.02E0);
#2087=CARTESIAN_POINT('',(-6.25E0,-2.E-1,2.8E0));
#2088=LINE('',#2087,#2086);
#2089=DIRECTION('',(0.E0,-1.E0,0.E0));
#2090=VECTOR('',#2089,4.E-1);
#2091=CARTESIAN_POINT('',(-6.25E0,2.E-1,2.8E0));
#2092=LINE('',#2091,#2090);
#2093=DIRECTION('',(1.E0,0.E0,0.E0));
#2094=VECTOR('',#2093,3.02E0);
#2095=CARTESIAN_POINT('',(-6.25E0,2.E-1,2.8E0));
#2096=LINE('',#2095,#2094);
#2097=DIRECTION('',(0.E0,-1.E0,0.E0));
#2098=VECTOR('',#2097,2.6E0);
#2099=CARTESIAN_POINT('',(-3.23E0,2.8E0,2.8E0));
#2100=LINE('',#2099,#2098);
#2101=DIRECTION('',(-1.E0,0.E0,0.E0));
#2102=VECTOR('',#2101,4.6E-1);
#2103=CARTESIAN_POINT('',(-2.77E0,2.8E0,2.8E0));
#2104=LINE('',#2103,#2102);
#2105=DIRECTION('',(0.E0,0.E0,-1.E0));
#2106=VECTOR('',#2105,5.3E0);
#2107=CARTESIAN_POINT('',(-2.77E0,2.8E0,2.8E0));
#2108=LINE('',#2107,#2106);
#2109=DIRECTION('',(0.E0,0.E0,-1.E0));
#2110=VECTOR('',#2109,5.3E0);
#2111=CARTESIAN_POINT('',(-2.77E0,1.E0,2.8E0));
#2112=LINE('',#2111,#2110);
#2113=DIRECTION('',(0.E0,0.E0,-1.E0));
#2114=VECTOR('',#2113,5.3E0);
#2115=CARTESIAN_POINT('',(-1.97E0,2.E-1,2.8E0));
#2116=LINE('',#2115,#2114);
#2117=DIRECTION('',(0.E0,0.E0,-1.E0));
#2118=VECTOR('',#2117,5.3E0);
#2119=CARTESIAN_POINT('',(-2.3E-1,2.E-1,2.8E0));
#2120=LINE('',#2119,#2118);
#2121=DIRECTION('',(0.E0,0.E0,-1.E0));
#2122=VECTOR('',#2121,5.3E0);
#2123=CARTESIAN_POINT('',(2.3E-1,2.8E0,2.8E0));
#2124=LINE('',#2123,#2122);
#2125=DIRECTION('',(0.E0,0.E0,-1.E0));
#2126=VECTOR('',#2125,5.3E0);
#2127=CARTESIAN_POINT('',(2.77E0,2.8E0,2.8E0));
#2128=LINE('',#2127,#2126);
#2129=DIRECTION('',(0.E0,0.E0,-1.E0));
#2130=VECTOR('',#2129,5.3E0);
#2131=CARTESIAN_POINT('',(2.77E0,1.E0,2.8E0));
#2132=LINE('',#2131,#2130);
#2133=DIRECTION('',(0.E0,0.E0,-1.E0));
#2134=VECTOR('',#2133,5.3E0);
#2135=CARTESIAN_POINT('',(1.97E0,2.E-1,2.8E0));
#2136=LINE('',#2135,#2134);
#2137=DIRECTION('',(0.E0,0.E0,-1.E0));
#2138=VECTOR('',#2137,5.3E0);
#2139=CARTESIAN_POINT('',(2.3E-1,2.E-1,2.8E0));
#2140=LINE('',#2139,#2138);
#2141=DIRECTION('',(0.E0,0.E0,-1.E0));
#2142=VECTOR('',#2141,5.3E0);
#2143=CARTESIAN_POINT('',(3.23E0,2.8E0,2.8E0));
#2144=LINE('',#2143,#2142);
#2145=DIRECTION('',(0.E0,0.E0,-1.E0));
#2146=VECTOR('',#2145,5.3E0);
#2147=CARTESIAN_POINT('',(6.25E0,2.8E0,2.8E0));
#2148=LINE('',#2147,#2146);
#2149=DIRECTION('',(0.E0,0.E0,-1.E0));
#2150=VECTOR('',#2149,5.3E0);
#2151=CARTESIAN_POINT('',(6.25E0,2.E-1,2.8E0));
#2152=LINE('',#2151,#2150);
#2153=DIRECTION('',(0.E0,-1.E0,0.E0));
#2154=VECTOR('',#2153,2.6E0);
#2155=CARTESIAN_POINT('',(6.25E0,2.8E0,2.8E0));
#2156=LINE('',#2155,#2154);
#2157=DIRECTION('',(5.804995011725E-1,-5.608215519803E-1,5.903384757687E-1));
#2158=VECTOR('',#2157,5.081830378909E0);
#2159=CARTESIAN_POINT('',(6.25E0,-2.8E0,2.8E0));
#2160=LINE('',#2159,#2158);
#2161=DIRECTION('',(0.E0,1.E0,0.E0));
#2162=VECTOR('',#2161,2.6E0);
#2163=CARTESIAN_POINT('',(6.25E0,-2.8E0,2.8E0));
#2164=LINE('',#2163,#2162);
#2165=DIRECTION('',(0.E0,-1.E0,0.E0));
#2166=VECTOR('',#2165,1.19E1);
#2167=CARTESIAN_POINT('',(-9.5E0,5.95E0,5.8E0));
#2168=LINE('',#2167,#2166);
#2169=DIRECTION('',(-1.E0,0.E0,0.E0));
#2170=VECTOR('',#2169,1.9E1);
#2171=CARTESIAN_POINT('',(9.5E0,5.95E0,5.8E0));
#2172=LINE('',#2171,#2170);
#2173=DIRECTION('',(0.E0,1.E0,0.E0));
#2174=VECTOR('',#2173,1.19E1);
#2175=CARTESIAN_POINT('',(9.5E0,-5.95E0,5.8E0));
#2176=LINE('',#2175,#2174);
#2177=DIRECTION('',(1.E0,0.E0,0.E0));
#2178=VECTOR('',#2177,1.9E1);
#2179=CARTESIAN_POINT('',(-9.5E0,-5.95E0,5.8E0));
#2180=LINE('',#2179,#2178);
#2181=DIRECTION('',(0.E0,-1.E0,0.E0));
#2182=VECTOR('',#2181,1.13E1);
#2183=CARTESIAN_POINT('',(-9.2E0,5.65E0,5.8E0));
#2184=LINE('',#2183,#2182);
#2185=DIRECTION('',(1.E0,0.E0,0.E0));
#2186=VECTOR('',#2185,1.84E1);
#2187=CARTESIAN_POINT('',(-9.2E0,-5.65E0,5.8E0));
#2188=LINE('',#2187,#2186);
#2189=DIRECTION('',(0.E0,1.E0,0.E0));
#2190=VECTOR('',#2189,1.13E1);
#2191=CARTESIAN_POINT('',(9.2E0,-5.65E0,5.8E0));
#2192=LINE('',#2191,#2190);
#2193=DIRECTION('',(-1.E0,0.E0,0.E0));
#2194=VECTOR('',#2193,1.84E1);
#2195=CARTESIAN_POINT('',(9.2E0,5.65E0,5.8E0));
#2196=LINE('',#2195,#2194);
#2197=CARTESIAN_POINT('',(-9.5E0,5.45E0,-1.2E0));
#2198=DIRECTION('',(1.E0,0.E0,0.E0));
#2199=DIRECTION('',(0.E0,0.E0,-1.E0));
#2200=AXIS2_PLACEMENT_3D('',#2197,#2198,#2199);
#2202=DIRECTION('',(0.E0,0.E0,1.E0));
#2203=VECTOR('',#2202,7.E0);
#2204=CARTESIAN_POINT('',(-9.5E0,5.95E0,-1.2E0));
#2205=LINE('',#2204,#2203);
#2206=DIRECTION('',(0.E0,0.E0,1.E0));
#2207=VECTOR('',#2206,4.1E0);
#2208=CARTESIAN_POINT('',(-9.5E0,3.45E0,-5.8E0));
#2209=LINE('',#2208,#2207);
#2210=DIRECTION('',(0.E0,-1.E0,0.E0));
#2211=VECTOR('',#2210,2.E0);
#2212=CARTESIAN_POINT('',(-9.5E0,5.45E0,-1.7E0));
#2213=LINE('',#2212,#2211);
#2214=DIRECTION('',(0.E0,0.E0,1.E0));
#2215=VECTOR('',#2214,8.6E0);
#2216=CARTESIAN_POINT('',(8.5E0,-4.45E0,-5.8E0));
#2217=LINE('',#2216,#2215);
#2218=DIRECTION('',(0.E0,-6.E-1,8.E-1));
#2219=VECTOR('',#2218,2.5E0);
#2220=CARTESIAN_POINT('',(8.5E0,-4.45E0,2.8E0));
#2221=LINE('',#2220,#2219);
#2222=DIRECTION('',(0.E0,-7.808688094430E-1,-6.246950475544E-1));
#2223=VECTOR('',#2222,3.201562118716E0);
#2224=CARTESIAN_POINT('',(8.5E0,5.95E0,4.8E0));
#2225=LINE('',#2224,#2223);
#2226=DIRECTION('',(0.E0,0.E0,-1.E0));
#2227=VECTOR('',#2226,4.5E0);
#2228=CARTESIAN_POINT('',(8.5E0,3.45E0,2.8E0));
#2229=LINE('',#2228,#2227);
#2230=CARTESIAN_POINT('',(8.5E0,5.45E0,-1.2E0));
#2231=DIRECTION('',(1.E0,0.E0,0.E0));
#2232=DIRECTION('',(0.E0,0.E0,-1.E0));
#2233=AXIS2_PLACEMENT_3D('',#2230,#2231,#2232);
#2235=DIRECTION('',(0.E0,0.E0,-1.E0));
#2236=VECTOR('',#2235,7.E0);
#2237=CARTESIAN_POINT('',(-2.85E0,-4.45E0,2.8E0));
#2238=LINE('',#2237,#2236);
#2239=DIRECTION('',(0.E0,0.E0,-1.E0));
#2240=VECTOR('',#2239,7.E0);
#2241=CARTESIAN_POINT('',(2.85E0,-4.45E0,2.8E0));
#2242=LINE('',#2241,#2240);
#2243=DIRECTION('',(1.E0,0.E0,0.E0));
#2244=VECTOR('',#2243,1.E0);
#2245=CARTESIAN_POINT('',(2.85E0,-4.45E0,-4.2E0));
#2246=LINE('',#2245,#2244);
#2247=DIRECTION('',(0.E0,0.E0,-1.E0));
#2248=VECTOR('',#2247,7.E0);
#2249=CARTESIAN_POINT('',(3.85E0,-4.45E0,2.8E0));
#2250=LINE('',#2249,#2248);
#2251=DIRECTION('',(0.E0,0.E0,-1.E0));
#2252=VECTOR('',#2251,7.E0);
#2253=CARTESIAN_POINT('',(-3.85E0,-4.45E0,2.8E0));
#2254=LINE('',#2253,#2252);
#2255=DIRECTION('',(-1.E0,0.E0,0.E0));
#2256=VECTOR('',#2255,1.E0);
#2257=CARTESIAN_POINT('',(-2.85E0,-4.45E0,-4.2E0));
#2258=LINE('',#2257,#2256);
#2259=DIRECTION('',(0.E0,0.E0,1.E0));
#2260=VECTOR('',#2259,3.1E0);
#2261=CARTESIAN_POINT('',(-2.85E0,-5.95E0,-4.2E0));
#2262=LINE('',#2261,#2260);
#2263=DIRECTION('',(0.E0,-1.E0,0.E0));
#2264=VECTOR('',#2263,1.98E0);
#2265=CARTESIAN_POINT('',(-2.85E0,-5.95E0,9.E-1));
#2266=LINE('',#2265,#2264);
#2267=DIRECTION('',(0.E0,0.E0,1.E0));
#2268=VECTOR('',#2267,3.9E0);
#2269=CARTESIAN_POINT('',(-2.85E0,-5.95E0,9.E-1));
#2270=LINE('',#2269,#2268);
#2271=DIRECTION('',(0.E0,-1.E0,0.E0));
#2272=VECTOR('',#2271,1.5E0);
#2273=CARTESIAN_POINT('',(-2.85E0,-4.45E0,-4.2E0));
#2274=LINE('',#2273,#2272);
#2275=DIRECTION('',(1.E0,0.E0,0.E0));
#2276=VECTOR('',#2275,3.437049688440E-1);
#2277=CARTESIAN_POINT('',(2.85E0,-5.95E0,-1.1E0));
#2278=LINE('',#2277,#2276);
#2279=CARTESIAN_POINT('',(2.76E0,-5.95E0,-1.E-1));
#2280=DIRECTION('',(0.E0,-1.E0,0.E0));
#2281=DIRECTION('',(3.978944668294E-1,0.E0,-9.174311926606E-1));
#2282=AXIS2_PLACEMENT_3D('',#2279,#2280,#2281);
#2284=DIRECTION('',(-1.E0,0.E0,0.E0));
#2285=VECTOR('',#2284,3.437049688440E-1);
#2286=CARTESIAN_POINT('',(-2.85E0,-5.95E0,-1.1E0));
#2287=LINE('',#2286,#2285);
#2288=DIRECTION('',(-1.E0,0.E0,0.E0));
#2289=VECTOR('',#2288,1.E0);
#2290=CARTESIAN_POINT('',(-2.85E0,-5.95E0,-4.2E0));
#2291=LINE('',#2290,#2289);
#2292=CARTESIAN_POINT('',(-2.76E0,-5.95E0,-1.E-1));
#2293=DIRECTION('',(0.E0,1.E0,0.E0));
#2294=DIRECTION('',(-3.978944668294E-1,0.E0,-9.174311926606E-1));
#2295=AXIS2_PLACEMENT_3D('',#2292,#2293,#2294);
#2297=CARTESIAN_POINT('',(-2.76E0,-5.95E0,-1.E-1));
#2298=DIRECTION('',(0.E0,1.E0,0.E0));
#2299=DIRECTION('',(-1.E0,0.E0,0.E0));
#2300=AXIS2_PLACEMENT_3D('',#2297,#2298,#2299);
#2302=DIRECTION('',(1.E0,0.E0,0.E0));
#2303=VECTOR('',#2302,4.65E0);
#2304=CARTESIAN_POINT('',(-8.5E0,-5.95E0,4.8E0));
#2305=LINE('',#2304,#2303);
#2306=DIRECTION('',(0.E0,0.E0,1.E0));
#2307=VECTOR('',#2306,1.06E1);
#2308=CARTESIAN_POINT('',(-8.5E0,-5.95E0,-5.8E0));
#2309=LINE('',#2308,#2307);
#2310=DIRECTION('',(0.E0,0.E0,1.E0));
#2311=VECTOR('',#2310,1.16E1);
#2312=CARTESIAN_POINT('',(-9.5E0,-5.95E0,-5.8E0));
#2313=LINE('',#2312,#2311);
#2314=DIRECTION('',(0.E0,0.E0,1.E0));
#2315=VECTOR('',#2314,1.06E1);
#2316=CARTESIAN_POINT('',(8.5E0,-5.95E0,-5.8E0));
#2317=LINE('',#2316,#2315);
#2318=DIRECTION('',(1.E0,0.E0,0.E0));
#2319=VECTOR('',#2318,4.65E0);
#2320=CARTESIAN_POINT('',(3.85E0,-5.95E0,4.8E0));
#2321=LINE('',#2320,#2319);
#2322=CARTESIAN_POINT('',(2.76E0,-5.95E0,-1.E-1));
#2323=DIRECTION('',(0.E0,-1.E0,0.E0));
#2324=DIRECTION('',(1.E0,0.E0,0.E0));
#2325=AXIS2_PLACEMENT_3D('',#2322,#2323,#2324);
#2327=DIRECTION('',(-1.E0,0.E0,0.E0));
#2328=VECTOR('',#2327,3.437049688440E-1);
#2329=CARTESIAN_POINT('',(3.193704968844E0,-5.95E0,9.E-1));
#2330=LINE('',#2329,#2328);
#2331=DIRECTION('',(1.E0,0.E0,0.E0));
#2332=VECTOR('',#2331,5.7E0);
#2333=CARTESIAN_POINT('',(-2.85E0,-5.95E0,4.8E0));
#2334=LINE('',#2333,#2332);
#2335=DIRECTION('',(1.E0,0.E0,0.E0));
#2336=VECTOR('',#2335,3.437049688440E-1);
#2337=CARTESIAN_POINT('',(-3.193704968844E0,-5.95E0,9.E-1));
#2338=LINE('',#2337,#2336);
#2339=DIRECTION('',(0.E0,1.E0,0.E0));
#2340=VECTOR('',#2339,2.E-1);
#2341=CARTESIAN_POINT('',(3.739795897113E0,-7.93E0,-1.1E0));
#2342=LINE('',#2341,#2340);
#2343=DIRECTION('',(0.E0,-1.E0,0.E0));
#2344=VECTOR('',#2343,1.98E0);
#2345=CARTESIAN_POINT('',(2.85E0,-5.95E0,-1.1E0));
#2346=LINE('',#2345,#2344);
#2347=DIRECTION('',(1.E0,0.E0,0.E0));
#2348=VECTOR('',#2347,8.897958971133E-1);
#2349=CARTESIAN_POINT('',(2.85E0,-7.93E0,-1.1E0));
#2350=LINE('',#2349,#2348);
#2351=DIRECTION('',(0.E0,-9.732157937219E-1,2.298934945800E-1));
#2352=VECTOR('',#2351,1.304952106401E0);
#2353=CARTESIAN_POINT('',(2.85E0,-7.93E0,-1.1E0));
#2354=LINE('',#2353,#2352);
#2355=DIRECTION('',(1.E0,0.E0,0.E0));
#2356=VECTOR('',#2355,7.585281374239E-1);
#2357=CARTESIAN_POINT('',(2.85E0,-9.2E0,-8.E-1));
#2358=LINE('',#2357,#2356);
#2359=CARTESIAN_POINT('',(3.739795897113E0,-7.93E0,-1.1E0));
#2360=CARTESIAN_POINT('',(3.698944564833E0,-8.353608158790E0,
-9.999350806007E-1));
#2361=CARTESIAN_POINT('',(3.655630695894E0,-8.777006960982E0,
-8.999196155161E-1));
#2362=CARTESIAN_POINT('',(3.608528137424E0,-9.2E0,-8.E-1));
#2364=DIRECTION('',(0.E0,0.E0,-1.E0));
#2365=VECTOR('',#2364,3.9E0);
#2366=CARTESIAN_POINT('',(2.85E0,-5.95E0,4.8E0));
#2367=LINE('',#2366,#2365);
#2368=DIRECTION('',(0.E0,-1.E0,0.E0));
#2369=VECTOR('',#2368,1.98E0);
#2370=CARTESIAN_POINT('',(2.85E0,-5.95E0,9.E-1));
#2371=LINE('',#2370,#2369);
#2372=DIRECTION('',(0.E0,0.E0,-1.E0));
#2373=VECTOR('',#2372,3.1E0);
#2374=CARTESIAN_POINT('',(2.85E0,-5.95E0,-1.1E0));
#2375=LINE('',#2374,#2373);
#2376=DIRECTION('',(0.E0,1.E0,0.E0));
#2377=VECTOR('',#2376,1.5E0);
#2378=CARTESIAN_POINT('',(2.85E0,-5.95E0,-4.2E0));
#2379=LINE('',#2378,#2377);
#2380=DIRECTION('',(0.E0,-1.E0,0.E0));
#2381=VECTOR('',#2380,1.78E0);
#2382=CARTESIAN_POINT('',(3.193704968844E0,-5.95E0,9.E-1));
#2383=LINE('',#2382,#2381);
#2384=DIRECTION('',(0.E0,-1.E0,0.E0));
#2385=VECTOR('',#2384,1.78E0);
#2386=CARTESIAN_POINT('',(3.193704968844E0,-5.95E0,-1.1E0));
#2387=LINE('',#2386,#2385);
#2388=CARTESIAN_POINT('',(2.76E0,-7.73E0,-1.E-1));
#2389=DIRECTION('',(0.E0,-1.E0,0.E0));
#2390=DIRECTION('',(3.978944668294E-1,0.E0,-9.174311926606E-1));
#2391=AXIS2_PLACEMENT_3D('',#2388,#2389,#2390);
#2393=DIRECTION('',(-1.E0,0.E0,0.E0));
#2394=VECTOR('',#2393,5.460909282692E-1);
#2395=CARTESIAN_POINT('',(3.739795897113E0,-7.73E0,-1.1E0));
#2396=LINE('',#2395,#2394);
#2397=CARTESIAN_POINT('',(2.76E0,-7.73E0,-1.E-1));
#2398=DIRECTION('',(0.E0,1.E0,0.E0));
#2399=DIRECTION('',(6.998542122238E-1,0.E0,7.142857142857E-1));
#2400=AXIS2_PLACEMENT_3D('',#2397,#2398,#2399);
#2402=DIRECTION('',(1.E0,0.E0,0.E0));
#2403=VECTOR('',#2402,5.460909282692E-1);
#2404=CARTESIAN_POINT('',(3.193704968844E0,-7.73E0,9.E-1));
#2405=LINE('',#2404,#2403);
#2406=DIRECTION('',(0.E0,1.E0,0.E0));
#2407=VECTOR('',#2406,2.E-1);
#2408=CARTESIAN_POINT('',(3.739795897113E0,-7.93E0,9.E-1));
#2409=LINE('',#2408,#2407);
#2410=CARTESIAN_POINT('',(2.76E0,-9.2E0,-1.E-1));
#2411=DIRECTION('',(0.E0,1.E0,0.E0));
#2412=DIRECTION('',(7.713892158399E-1,0.E0,6.363636363636E-1));
#2413=AXIS2_PLACEMENT_3D('',#2410,#2411,#2412);
#2415=CARTESIAN_POINT('',(2.76E0,-7.93E0,-1.E-1));
#2416=DIRECTION('',(0.E0,1.E0,0.E0));
#2417=DIRECTION('',(6.998542122238E-1,0.E0,7.142857142857E-1));
#2418=AXIS2_PLACEMENT_3D('',#2415,#2416,#2417);
#2420=DIRECTION('',(0.E0,0.E0,-1.E0));
#2421=VECTOR('',#2420,1.4E0);
#2422=CARTESIAN_POINT('',(2.85E0,-9.2E0,6.E-1));
#2423=LINE('',#2422,#2421);
#2424=DIRECTION('',(-1.E0,0.E0,0.E0));
#2425=VECTOR('',#2424,8.897958971133E-1);
#2426=CARTESIAN_POINT('',(3.739795897113E0,-7.93E0,9.E-1));
#2427=LINE('',#2426,#2425);
#2428=CARTESIAN_POINT('',(3.739795897113E0,-7.93E0,9.E-1));
#2429=CARTESIAN_POINT('',(3.698944564833E0,-8.353608158790E0,
7.999350806007E-1));
#2430=CARTESIAN_POINT('',(3.655630695894E0,-8.777006960982E0,
6.999196155161E-1));
#2431=CARTESIAN_POINT('',(3.608528137424E0,-9.2E0,6.E-1));
#2433=DIRECTION('',(-1.E0,0.E0,0.E0));
#2434=VECTOR('',#2433,7.585281374239E-1);
#2435=CARTESIAN_POINT('',(3.608528137424E0,-9.2E0,6.E-1));
#2436=LINE('',#2435,#2434);
#2437=DIRECTION('',(0.E0,-9.732157937219E-1,-2.298934945800E-1));
#2438=VECTOR('',#2437,1.304952106401E0);
#2439=CARTESIAN_POINT('',(2.85E0,-7.93E0,9.E-1));
#2440=LINE('',#2439,#2438);
#2441=DIRECTION('',(1.E0,0.E0,0.E0));
#2442=VECTOR('',#2441,1.E0);
#2443=CARTESIAN_POINT('',(2.85E0,-5.95E0,-4.2E0));
#2444=LINE('',#2443,#2442);
#2445=DIRECTION('',(0.E0,0.E0,-1.E0));
#2446=VECTOR('',#2445,4.9E0);
#2447=CARTESIAN_POINT('',(3.85E0,-5.95E0,4.8E0));
#2448=LINE('',#2447,#2446);
#2449=DIRECTION('',(0.E0,1.E0,0.E0));
#2450=VECTOR('',#2449,1.5E0);
#2451=CARTESIAN_POINT('',(3.85E0,-5.95E0,-4.2E0));
#2452=LINE('',#2451,#2450);
#2453=DIRECTION('',(0.E0,0.E0,-1.E0));
#2454=VECTOR('',#2453,4.1E0);
#2455=CARTESIAN_POINT('',(3.85E0,-5.95E0,-1.E-1));
#2456=LINE('',#2455,#2454);
#2457=DIRECTION('',(0.E0,-6.E-1,8.E-1));
#2458=VECTOR('',#2457,2.5E0);
#2459=CARTESIAN_POINT('',(3.85E0,-4.45E0,2.8E0));
#2460=LINE('',#2459,#2458);
#2461=DIRECTION('',(-1.E0,0.E0,0.E0));
#2462=VECTOR('',#2461,4.65E0);
#2463=CARTESIAN_POINT('',(8.5E0,-4.45E0,2.8E0));
#2464=LINE('',#2463,#2462);
#2465=DIRECTION('',(0.E0,-6.E-1,8.E-1));
#2466=VECTOR('',#2465,2.5E0);
#2467=CARTESIAN_POINT('',(-2.85E0,-4.45E0,2.8E0));
#2468=LINE('',#2467,#2466);
#2469=DIRECTION('',(0.E0,-6.E-1,8.E-1));
#2470=VECTOR('',#2469,2.5E0);
#2471=CARTESIAN_POINT('',(2.85E0,-4.45E0,2.8E0));
#2472=LINE('',#2471,#2470);
#2473=DIRECTION('',(-1.E0,0.E0,0.E0));
#2474=VECTOR('',#2473,5.7E0);
#2475=CARTESIAN_POINT('',(2.85E0,-4.45E0,2.8E0));
#2476=LINE('',#2475,#2474);
#2477=DIRECTION('',(0.E0,-6.E-1,8.E-1));
#2478=VECTOR('',#2477,2.5E0);
#2479=CARTESIAN_POINT('',(-3.85E0,-4.45E0,2.8E0));
#2480=LINE('',#2479,#2478);
#2481=DIRECTION('',(-1.E0,0.E0,0.E0));
#2482=VECTOR('',#2481,4.65E0);
#2483=CARTESIAN_POINT('',(-3.85E0,-4.45E0,2.8E0));
#2484=LINE('',#2483,#2482);
#2485=DIRECTION('',(0.E0,0.E0,1.E0));
#2486=VECTOR('',#2485,4.1E0);
#2487=CARTESIAN_POINT('',(-3.85E0,-5.95E0,-4.2E0));
#2488=LINE('',#2487,#2486);
#2489=DIRECTION('',(0.E0,-1.E0,0.E0));
#2490=VECTOR('',#2489,1.5E0);
#2491=CARTESIAN_POINT('',(-3.85E0,-4.45E0,-4.2E0));
#2492=LINE('',#2491,#2490);
#2493=DIRECTION('',(0.E0,0.E0,1.E0));
#2494=VECTOR('',#2493,4.9E0);
#2495=CARTESIAN_POINT('',(-3.85E0,-5.95E0,-1.E-1));
#2496=LINE('',#2495,#2494);
#2497=DIRECTION('',(0.E0,-6.E-1,8.E-1));
#2498=VECTOR('',#2497,2.5E0);
#2499=CARTESIAN_POINT('',(-8.5E0,-4.45E0,2.8E0));
#2500=LINE('',#2499,#2498);
#2501=DIRECTION('',(0.E0,0.E0,1.E0));
#2502=VECTOR('',#2501,8.6E0);
#2503=CARTESIAN_POINT('',(-8.5E0,-4.45E0,-5.8E0));
#2504=LINE('',#2503,#2502);
#2505=CARTESIAN_POINT('',(-8.5E0,5.45E0,-1.2E0));
#2506=DIRECTION('',(1.E0,0.E0,0.E0));
#2507=DIRECTION('',(0.E0,0.E0,-1.E0));
#2508=AXIS2_PLACEMENT_3D('',#2505,#2506,#2507);
#2510=DIRECTION('',(0.E0,0.E0,-1.E0));
#2511=VECTOR('',#2510,4.5E0);
#2512=CARTESIAN_POINT('',(-8.5E0,3.45E0,2.8E0));
#2513=LINE('',#2512,#2511);
#2514=DIRECTION('',(0.E0,-7.808688094430E-1,-6.246950475544E-1));
#2515=VECTOR('',#2514,3.201562118716E0);
#2516=CARTESIAN_POINT('',(-8.5E0,5.95E0,4.8E0));
#2517=LINE('',#2516,#2515);
#2518=DIRECTION('',(1.E0,0.E0,0.E0));
#2519=VECTOR('',#2518,8.E0);
#2520=CARTESIAN_POINT('',(-8.5E0,5.95E0,4.8E0));
#2521=LINE('',#2520,#2519);
#2522=DIRECTION('',(1.E0,0.E0,0.E0));
#2523=VECTOR('',#2522,1.E0);
#2524=CARTESIAN_POINT('',(-5.E-1,5.95E0,-1.2E0));
#2525=LINE('',#2524,#2523);
#2526=DIRECTION('',(1.E0,0.E0,0.E0));
#2527=VECTOR('',#2526,8.E0);
#2528=CARTESIAN_POINT('',(5.E-1,5.95E0,4.8E0));
#2529=LINE('',#2528,#2527);
#2530=DIRECTION('',(0.E0,0.E0,1.E0));
#2531=VECTOR('',#2530,6.E0);
#2532=CARTESIAN_POINT('',(8.5E0,5.95E0,-1.2E0));
#2533=LINE('',#2532,#2531);
#2534=DIRECTION('',(1.E0,0.E0,0.E0));
#2535=VECTOR('',#2534,1.E0);
#2536=CARTESIAN_POINT('',(8.5E0,5.95E0,-1.2E0));
#2537=LINE('',#2536,#2535);
#2538=DIRECTION('',(0.E0,0.E0,1.E0));
#2539=VECTOR('',#2538,7.E0);
#2540=CARTESIAN_POINT('',(9.5E0,5.95E0,-1.2E0));
#2541=LINE('',#2540,#2539);
#2542=DIRECTION('',(1.E0,0.E0,0.E0));
#2543=VECTOR('',#2542,1.E0);
#2544=CARTESIAN_POINT('',(-9.5E0,5.95E0,-1.2E0));
#2545=LINE('',#2544,#2543);
#2546=DIRECTION('',(0.E0,0.E0,1.E0));
#2547=VECTOR('',#2546,6.E0);
#2548=CARTESIAN_POINT('',(-8.5E0,5.95E0,-1.2E0));
#2549=LINE('',#2548,#2547);
#2550=DIRECTION('',(0.E0,-7.808688094430E-1,-6.246950475544E-1));
#2551=VECTOR('',#2550,3.201562118716E0);
#2552=CARTESIAN_POINT('',(-5.E-1,5.95E0,4.8E0));
#2553=LINE('',#2552,#2551);
#2554=DIRECTION('',(0.E0,-7.808688094430E-1,-6.246950475544E-1));
#2555=VECTOR('',#2554,3.201562118716E0);
#2556=CARTESIAN_POINT('',(5.E-1,5.95E0,4.8E0));
#2557=LINE('',#2556,#2555);
#2558=DIRECTION('',(0.E0,1.E0,0.E0));
#2559=VECTOR('',#2558,2.E0);
#2560=CARTESIAN_POINT('',(-5.E-1,3.45E0,-1.7E0));
#2561=LINE('',#2560,#2559);
#2562=CARTESIAN_POINT('',(-5.E-1,5.45E0,-1.2E0));
#2563=DIRECTION('',(1.E0,0.E0,0.E0));
#2564=DIRECTION('',(0.E0,0.E0,-1.E0));
#2565=AXIS2_PLACEMENT_3D('',#2562,#2563,#2564);
#2567=DIRECTION('',(0.E0,0.E0,1.E0));
#2568=VECTOR('',#2567,6.E0);
#2569=CARTESIAN_POINT('',(-5.E-1,5.95E0,-1.2E0));
#2570=LINE('',#2569,#2568);
#2571=DIRECTION('',(0.E0,0.E0,-1.E0));
#2572=VECTOR('',#2571,4.5E0);
#2573=CARTESIAN_POINT('',(-5.E-1,3.45E0,2.8E0));
#2574=LINE('',#2573,#2572);
#2575=DIRECTION('',(-1.E0,0.E0,0.E0));
#2576=VECTOR('',#2575,8.E0);
#2577=CARTESIAN_POINT('',(-5.E-1,3.45E0,2.8E0));
#2578=LINE('',#2577,#2576);
#2579=DIRECTION('',(-1.E0,0.E0,0.E0));
#2580=VECTOR('',#2579,1.E0);
#2581=CARTESIAN_POINT('',(-8.5E0,3.45E0,-1.7E0));
#2582=LINE('',#2581,#2580);
#2583=DIRECTION('',(-1.E0,0.E0,0.E0));
#2584=VECTOR('',#2583,1.E0);
#2585=CARTESIAN_POINT('',(9.5E0,3.45E0,-1.7E0));
#2586=LINE('',#2585,#2584);
#2587=DIRECTION('',(-1.E0,0.E0,0.E0));
#2588=VECTOR('',#2587,8.E0);
#2589=CARTESIAN_POINT('',(8.5E0,3.45E0,2.8E0));
#2590=LINE('',#2589,#2588);
#2591=DIRECTION('',(0.E0,0.E0,-1.E0));
#2592=VECTOR('',#2591,4.5E0);
#2593=CARTESIAN_POINT('',(5.E-1,3.45E0,2.8E0));
#2594=LINE('',#2593,#2592);
#2595=DIRECTION('',(1.E0,0.E0,0.E0));
#2596=VECTOR('',#2595,1.E0);
#2597=CARTESIAN_POINT('',(-5.E-1,3.45E0,-1.7E0));
#2598=LINE('',#2597,#2596);
#2599=DIRECTION('',(0.E0,-1.E0,0.E0));
#2600=VECTOR('',#2599,2.E0);
#2601=CARTESIAN_POINT('',(8.5E0,5.45E0,-1.7E0));
#2602=LINE('',#2601,#2600);
#2603=DIRECTION('',(-1.E0,0.E0,0.E0));
#2604=VECTOR('',#2603,1.E0);
#2605=CARTESIAN_POINT('',(9.5E0,5.45E0,-1.7E0));
#2606=LINE('',#2605,#2604);
#2607=DIRECTION('',(0.E0,-1.E0,0.E0));
#2608=VECTOR('',#2607,2.E0);
#2609=CARTESIAN_POINT('',(-8.5E0,5.45E0,-1.7E0));
#2610=LINE('',#2609,#2608);
#2611=DIRECTION('',(-1.E0,0.E0,0.E0));
#2612=VECTOR('',#2611,1.E0);
#2613=CARTESIAN_POINT('',(-8.5E0,5.45E0,-1.7E0));
#2614=LINE('',#2613,#2612);
#2615=CARTESIAN_POINT('',(9.5E0,5.45E0,-1.2E0));
#2616=DIRECTION('',(1.E0,0.E0,0.E0));
#2617=DIRECTION('',(0.E0,0.E0,-1.E0));
#2618=AXIS2_PLACEMENT_3D('',#2615,#2616,#2617);
#2620=DIRECTION('',(0.E0,-1.E0,0.E0));
#2621=VECTOR('',#2620,2.E0);
#2622=CARTESIAN_POINT('',(9.5E0,5.45E0,-1.7E0));
#2623=LINE('',#2622,#2621);
#2624=DIRECTION('',(0.E0,0.E0,1.E0));
#2625=VECTOR('',#2624,4.1E0);
#2626=CARTESIAN_POINT('',(9.5E0,3.45E0,-5.8E0));
#2627=LINE('',#2626,#2625);
#2628=DIRECTION('',(0.E0,0.E0,1.E0));
#2629=VECTOR('',#2628,1.16E1);
#2630=CARTESIAN_POINT('',(9.5E0,-5.95E0,-5.8E0));
#2631=LINE('',#2630,#2629);
#2632=DIRECTION('',(0.E0,0.E0,1.E0));
#2633=VECTOR('',#2632,6.E0);
#2634=CARTESIAN_POINT('',(5.E-1,5.95E0,-1.2E0));
#2635=LINE('',#2634,#2633);
#2636=CARTESIAN_POINT('',(5.E-1,5.45E0,-1.2E0));
#2637=DIRECTION('',(1.E0,0.E0,0.E0));
#2638=DIRECTION('',(0.E0,0.E0,-1.E0));
#2639=AXIS2_PLACEMENT_3D('',#2636,#2637,#2638);
#2641=DIRECTION('',(0.E0,1.E0,0.E0));
#2642=VECTOR('',#2641,2.E0);
#2643=CARTESIAN_POINT('',(5.E-1,3.45E0,-1.7E0));
#2644=LINE('',#2643,#2642);
#2645=DIRECTION('',(1.E0,0.E0,0.E0));
#2646=VECTOR('',#2645,1.E0);
#2647=CARTESIAN_POINT('',(-5.E-1,5.45E0,-1.7E0));
#2648=LINE('',#2647,#2646);
#2649=DIRECTION('',(0.E0,1.E0,0.E0));
#2650=VECTOR('',#2649,2.E-1);
#2651=CARTESIAN_POINT('',(-3.739795897113E0,-7.93E0,-1.1E0));
#2652=LINE('',#2651,#2650);
#2653=DIRECTION('',(0.E0,-1.E0,0.E0));
#2654=VECTOR('',#2653,1.98E0);
#2655=CARTESIAN_POINT('',(-2.85E0,-5.95E0,-1.1E0));
#2656=LINE('',#2655,#2654);
#2657=DIRECTION('',(0.E0,-1.E0,0.E0));
#2658=VECTOR('',#2657,1.78E0);
#2659=CARTESIAN_POINT('',(-3.193704968844E0,-5.95E0,-1.1E0));
#2660=LINE('',#2659,#2658);
#2661=CARTESIAN_POINT('',(-2.76E0,-7.73E0,-1.E-1));
#2662=DIRECTION('',(0.E0,1.E0,0.E0));
#2663=DIRECTION('',(-3.978944668294E-1,0.E0,-9.174311926606E-1));
#2664=AXIS2_PLACEMENT_3D('',#2661,#2662,#2663);
#2666=DIRECTION('',(-1.E0,0.E0,0.E0));
#2667=VECTOR('',#2666,5.460909282692E-1);
#2668=CARTESIAN_POINT('',(-3.193704968844E0,-7.73E0,9.E-1));
#2669=LINE('',#2668,#2667);
#2670=CARTESIAN_POINT('',(-2.76E0,-7.73E0,-1.E-1));
#2671=DIRECTION('',(0.E0,-1.E0,0.E0));
#2672=DIRECTION('',(-6.998542122238E-1,0.E0,7.142857142857E-1));
#2673=AXIS2_PLACEMENT_3D('',#2670,#2671,#2672);
#2675=DIRECTION('',(1.E0,0.E0,0.E0));
#2676=VECTOR('',#2675,5.460909282692E-1);
#2677=CARTESIAN_POINT('',(-3.739795897113E0,-7.73E0,-1.1E0));
#2678=LINE('',#2677,#2676);
#2679=DIRECTION('',(0.E0,-1.E0,0.E0));
#2680=VECTOR('',#2679,1.78E0);
#2681=CARTESIAN_POINT('',(-3.193704968844E0,-5.95E0,9.E-1));
#2682=LINE('',#2681,#2680);
#2683=DIRECTION('',(-1.E0,0.E0,0.E0));
#2684=VECTOR('',#2683,8.897958971133E-1);
#2685=CARTESIAN_POINT('',(-2.85E0,-7.93E0,9.E-1));
#2686=LINE('',#2685,#2684);
#2687=DIRECTION('',(0.E0,-9.732157937219E-1,-2.298934945800E-1));
#2688=VECTOR('',#2687,1.304952106401E0);
#2689=CARTESIAN_POINT('',(-2.85E0,-7.93E0,9.E-1));
#2690=LINE('',#2689,#2688);
#2691=DIRECTION('',(-1.E0,0.E0,0.E0));
#2692=VECTOR('',#2691,7.585281374239E-1);
#2693=CARTESIAN_POINT('',(-2.85E0,-9.2E0,6.E-1));
#2694=LINE('',#2693,#2692);
#2695=CARTESIAN_POINT('',(-3.739795897113E0,-7.93E0,9.E-1));
#2696=CARTESIAN_POINT('',(-3.698944564833E0,-8.353608158790E0,
7.999350806007E-1));
#2697=CARTESIAN_POINT('',(-3.655630695894E0,-8.777006960982E0,
6.999196155161E-1));
#2698=CARTESIAN_POINT('',(-3.608528137424E0,-9.2E0,6.E-1));
#2700=DIRECTION('',(0.E0,0.E0,-1.E0));
#2701=VECTOR('',#2700,1.4E0);
#2702=CARTESIAN_POINT('',(-2.85E0,-9.2E0,6.E-1));
#2703=LINE('',#2702,#2701);
#2704=DIRECTION('',(1.E0,0.E0,0.E0));
#2705=VECTOR('',#2704,8.897958971133E-1);
#2706=CARTESIAN_POINT('',(-3.739795897113E0,-7.93E0,-1.1E0));
#2707=LINE('',#2706,#2705);
#2708=CARTESIAN_POINT('',(-3.739795897113E0,-7.93E0,-1.1E0));
#2709=CARTESIAN_POINT('',(-3.698944564833E0,-8.353608158790E0,
-9.999350806007E-1));
#2710=CARTESIAN_POINT('',(-3.655630695894E0,-8.777006960982E0,
-8.999196155161E-1));
#2711=CARTESIAN_POINT('',(-3.608528137424E0,-9.2E0,-8.E-1));
#2713=DIRECTION('',(1.E0,0.E0,0.E0));
#2714=VECTOR('',#2713,7.585281374239E-1);
#2715=CARTESIAN_POINT('',(-3.608528137424E0,-9.2E0,-8.E-1));
#2716=LINE('',#2715,#2714);
#2717=DIRECTION('',(0.E0,-9.732157937219E-1,2.298934945800E-1));
#2718=VECTOR('',#2717,1.304952106401E0);
#2719=CARTESIAN_POINT('',(-2.85E0,-7.93E0,-1.1E0));
#2720=LINE('',#2719,#2718);
#2721=CARTESIAN_POINT('',(-2.76E0,-9.2E0,-1.E-1));
#2722=DIRECTION('',(0.E0,1.E0,0.E0));
#2723=DIRECTION('',(-7.713892158399E-1,0.E0,-6.363636363636E-1));
#2724=AXIS2_PLACEMENT_3D('',#2721,#2722,#2723);
#2726=CARTESIAN_POINT('',(-2.76E0,-7.93E0,-1.E-1));
#2727=DIRECTION('',(0.E0,1.E0,0.E0));
#2728=DIRECTION('',(-6.998542122238E-1,0.E0,-7.142857142857E-1));
#2729=AXIS2_PLACEMENT_3D('',#2726,#2727,#2728);
#2731=DIRECTION('',(0.E0,1.E0,0.E0));
#2732=VECTOR('',#2731,2.E-1);
#2733=CARTESIAN_POINT('',(-3.739795897113E0,-7.93E0,9.E-1));
#2734=LINE('',#2733,#2732);
#2735=DIRECTION('',(0.E0,-1.E0,0.E0));
#2736=VECTOR('',#2735,2.6E0);
#2737=CARTESIAN_POINT('',(-6.25E0,2.8E0,2.8E0));
#2738=LINE('',#2737,#2736);
#2739=DIRECTION('',(0.E0,1.E0,0.E0));
#2740=VECTOR('',#2739,2.6E0);
#2741=CARTESIAN_POINT('',(-6.25E0,-2.8E0,2.8E0));
#2742=LINE('',#2741,#2740);
#2743=DIRECTION('',(-5.804995011725E-1,5.608215519803E-1,5.903384757687E-1));
#2744=VECTOR('',#2743,5.081830378909E0);
#2745=CARTESIAN_POINT('',(-6.25E0,2.8E0,2.8E0));
#2746=LINE('',#2745,#2744);
#2747=DIRECTION('',(0.E0,0.E0,-1.E0));
#2748=VECTOR('',#2747,5.3E0);
#2749=CARTESIAN_POINT('',(-6.25E0,2.8E0,2.8E0));
#2750=LINE('',#2749,#2748);
#2751=DIRECTION('',(0.E0,0.E0,-1.E0));
#2752=VECTOR('',#2751,5.3E0);
#2753=CARTESIAN_POINT('',(-3.23E0,2.8E0,2.8E0));
#2754=LINE('',#2753,#2752);
#2755=DIRECTION('',(0.E0,0.E0,-1.E0));
#2756=VECTOR('',#2755,5.3E0);
#2757=CARTESIAN_POINT('',(-3.23E0,2.E-1,2.8E0));
#2758=LINE('',#2757,#2756);
#2759=DIRECTION('',(0.E0,0.E0,-1.E0));
#2760=VECTOR('',#2759,5.3E0);
#2761=CARTESIAN_POINT('',(-6.25E0,2.E-1,2.8E0));
#2762=LINE('',#2761,#2760);
#2763=DIRECTION('',(0.E0,0.E0,-1.E0));
#2764=VECTOR('',#2763,5.3E0);
#2765=CARTESIAN_POINT('',(-6.25E0,-2.E-1,2.8E0));
#2766=LINE('',#2765,#2764);
#2767=DIRECTION('',(0.E0,0.E0,-1.E0));
#2768=VECTOR('',#2767,5.3E0);
#2769=CARTESIAN_POINT('',(-3.23E0,-2.E-1,2.8E0));
#2770=LINE('',#2769,#2768);
#2771=DIRECTION('',(0.E0,0.E0,-1.E0));
#2772=VECTOR('',#2771,5.3E0);
#2773=CARTESIAN_POINT('',(-3.23E0,-2.E0,2.8E0));
#2774=LINE('',#2773,#2772);
#2775=DIRECTION('',(0.E0,0.E0,-1.E0));
#2776=VECTOR('',#2775,5.3E0);
#2777=CARTESIAN_POINT('',(-4.03E0,-2.8E0,2.8E0));
#2778=LINE('',#2777,#2776);
#2779=DIRECTION('',(0.E0,0.E0,-1.E0));
#2780=VECTOR('',#2779,5.3E0);
#2781=CARTESIAN_POINT('',(-6.25E0,-2.8E0,2.8E0));
#2782=LINE('',#2781,#2780);
#2783=DIRECTION('',(-1.E0,0.E0,0.E0));
#2784=VECTOR('',#2783,2.22E0);
#2785=CARTESIAN_POINT('',(6.25E0,-2.8E0,2.8E0));
#2786=LINE('',#2785,#2784);
#2787=DIRECTION('',(-5.804995011725E-1,-5.608215519803E-1,5.903384757687E-1));
#2788=VECTOR('',#2787,5.081830378909E0);
#2789=CARTESIAN_POINT('',(-6.25E0,-2.8E0,2.8E0));
#2790=LINE('',#2789,#2788);
#2791=DIRECTION('',(1.E0,0.E0,0.E0));
#2792=VECTOR('',#2791,2.22E0);
#2793=CARTESIAN_POINT('',(-6.25E0,-2.8E0,2.8E0));
#2794=LINE('',#2793,#2792);
#2795=DIRECTION('',(1.E0,0.E0,0.E0));
#2796=VECTOR('',#2795,1.74E0);
#2797=CARTESIAN_POINT('',(-1.97E0,-2.8E0,2.8E0));
#2798=LINE('',#2797,#2796);
#2799=DIRECTION('',(1.E0,0.E0,0.E0));
#2800=VECTOR('',#2799,1.74E0);
#2801=CARTESIAN_POINT('',(2.3E-1,-2.8E0,2.8E0));
#2802=LINE('',#2801,#2800);
#2803=DIRECTION('',(0.E0,0.E0,-1.E0));
#2804=VECTOR('',#2803,5.3E0);
#2805=CARTESIAN_POINT('',(4.03E0,-2.8E0,2.8E0));
#2806=LINE('',#2805,#2804);
#2807=DIRECTION('',(0.E0,0.E0,-1.E0));
#2808=VECTOR('',#2807,5.3E0);
#2809=CARTESIAN_POINT('',(3.23E0,-2.E0,2.8E0));
#2810=LINE('',#2809,#2808);
#2811=DIRECTION('',(0.E0,0.E0,-1.E0));
#2812=VECTOR('',#2811,5.3E0);
#2813=CARTESIAN_POINT('',(3.23E0,-2.E-1,2.8E0));
#2814=LINE('',#2813,#2812);
#2815=DIRECTION('',(0.E0,0.E0,-1.E0));
#2816=VECTOR('',#2815,5.3E0);
#2817=CARTESIAN_POINT('',(6.25E0,-2.E-1,2.8E0));
#2818=LINE('',#2817,#2816);
#2819=DIRECTION('',(0.E0,0.E0,-1.E0));
#2820=VECTOR('',#2819,5.3E0);
#2821=CARTESIAN_POINT('',(6.25E0,-2.8E0,2.8E0));
#2822=LINE('',#2821,#2820);
#2823=DIRECTION('',(0.E0,0.E0,-1.E0));
#2824=VECTOR('',#2823,5.3E0);
#2825=CARTESIAN_POINT('',(-1.97E0,-2.8E0,2.8E0));
#2826=LINE('',#2825,#2824);
#2827=DIRECTION('',(0.E0,0.E0,-1.E0));
#2828=VECTOR('',#2827,5.3E0);
#2829=CARTESIAN_POINT('',(-2.77E0,-2.E0,2.8E0));
#2830=LINE('',#2829,#2828);
#2831=DIRECTION('',(0.E0,0.E0,-1.E0));
#2832=VECTOR('',#2831,5.3E0);
#2833=CARTESIAN_POINT('',(-2.77E0,-2.E-1,2.8E0));
#2834=LINE('',#2833,#2832);
#2835=DIRECTION('',(0.E0,0.E0,-1.E0));
#2836=VECTOR('',#2835,5.3E0);
#2837=CARTESIAN_POINT('',(-2.3E-1,-2.E-1,2.8E0));
#2838=LINE('',#2837,#2836);
#2839=DIRECTION('',(0.E0,0.E0,-1.E0));
#2840=VECTOR('',#2839,5.3E0);
#2841=CARTESIAN_POINT('',(-2.3E-1,-2.8E0,2.8E0));
#2842=LINE('',#2841,#2840);
#2843=DIRECTION('',(0.E0,0.E0,-1.E0));
#2844=VECTOR('',#2843,5.3E0);
#2845=CARTESIAN_POINT('',(2.3E-1,-2.8E0,2.8E0));
#2846=LINE('',#2845,#2844);
#2847=DIRECTION('',(0.E0,0.E0,-1.E0));
#2848=VECTOR('',#2847,5.3E0);
#2849=CARTESIAN_POINT('',(2.3E-1,-2.E-1,2.8E0));
#2850=LINE('',#2849,#2848);
#2851=DIRECTION('',(0.E0,0.E0,-1.E0));
#2852=VECTOR('',#2851,5.3E0);
#2853=CARTESIAN_POINT('',(2.77E0,-2.E-1,2.8E0));
#2854=LINE('',#2853,#2852);
#2855=DIRECTION('',(0.E0,0.E0,-1.E0));
#2856=VECTOR('',#2855,5.3E0);
#2857=CARTESIAN_POINT('',(2.77E0,-2.E0,2.8E0));
#2858=LINE('',#2857,#2856);
#2859=DIRECTION('',(0.E0,0.E0,-1.E0));
#2860=VECTOR('',#2859,5.3E0);
#2861=CARTESIAN_POINT('',(1.97E0,-2.8E0,2.8E0));
#2862=LINE('',#2861,#2860);
#2863=DIRECTION('',(0.E0,0.E0,-1.E0));
#2864=VECTOR('',#2863,5.3E0);
#2865=CARTESIAN_POINT('',(4.03E0,2.E-1,2.8E0));
#2866=LINE('',#2865,#2864);
#2867=DIRECTION('',(0.E0,0.E0,-1.E0));
#2868=VECTOR('',#2867,5.3E0);
#2869=CARTESIAN_POINT('',(3.23E0,1.E0,2.8E0));
#2870=LINE('',#2869,#2868);
#2871=CARTESIAN_POINT('',(-9.5E0,5.95E0,5.8E0));
#2872=CARTESIAN_POINT('',(-9.5E0,-5.95E0,5.8E0));
#2873=VERTEX_POINT('',#2871);
#2874=VERTEX_POINT('',#2872);
#2875=CARTESIAN_POINT('',(9.5E0,-5.95E0,5.8E0));
#2876=VERTEX_POINT('',#2875);
#2877=CARTESIAN_POINT('',(9.5E0,5.95E0,5.8E0));
#2878=VERTEX_POINT('',#2877);
#2879=CARTESIAN_POINT('',(-9.5E0,-5.95E0,-5.8E0));
#2880=VERTEX_POINT('',#2879);
#2881=CARTESIAN_POINT('',(9.5E0,-5.95E0,-5.8E0));
#2882=VERTEX_POINT('',#2881);
#2883=CARTESIAN_POINT('',(-9.5E0,3.45E0,-5.8E0));
#2884=CARTESIAN_POINT('',(9.5E0,3.45E0,-5.8E0));
#2885=VERTEX_POINT('',#2883);
#2886=VERTEX_POINT('',#2884);
#2887=CARTESIAN_POINT('',(-9.5E0,5.45E0,-1.7E0));
#2888=CARTESIAN_POINT('',(-9.5E0,5.95E0,-1.2E0));
#2889=VERTEX_POINT('',#2887);
#2890=VERTEX_POINT('',#2888);
#2891=CARTESIAN_POINT('',(-9.5E0,3.45E0,-1.7E0));
#2892=VERTEX_POINT('',#2891);
#2893=CARTESIAN_POINT('',(9.5E0,5.45E0,-1.7E0));
#2894=CARTESIAN_POINT('',(9.5E0,5.95E0,-1.2E0));
#2895=VERTEX_POINT('',#2893);
#2896=VERTEX_POINT('',#2894);
#2897=CARTESIAN_POINT('',(9.5E0,3.45E0,-1.7E0));
#2898=VERTEX_POINT('',#2897);
#2899=CARTESIAN_POINT('',(-9.2E0,5.65E0,5.8E0));
#2900=CARTESIAN_POINT('',(-9.2E0,-5.65E0,5.8E0));
#2901=VERTEX_POINT('',#2899);
#2902=VERTEX_POINT('',#2900);
#2903=CARTESIAN_POINT('',(9.2E0,-5.65E0,5.8E0));
#2904=VERTEX_POINT('',#2903);
#2905=CARTESIAN_POINT('',(9.2E0,5.65E0,5.8E0));
#2906=VERTEX_POINT('',#2905);
#2907=CARTESIAN_POINT('',(8.5E0,-5.95E0,-5.8E0));
#2908=CARTESIAN_POINT('',(8.5E0,-4.45E0,-5.8E0));
#2909=VERTEX_POINT('',#2907);
#2910=VERTEX_POINT('',#2908);
#2911=CARTESIAN_POINT('',(-8.5E0,-5.95E0,-5.8E0));
#2912=CARTESIAN_POINT('',(-8.5E0,-4.45E0,-5.8E0));
#2913=VERTEX_POINT('',#2911);
#2914=VERTEX_POINT('',#2912);
#2915=CARTESIAN_POINT('',(8.5E0,-5.95E0,4.8E0));
#2916=VERTEX_POINT('',#2915);
#2917=CARTESIAN_POINT('',(-8.5E0,-5.95E0,4.8E0));
#2918=VERTEX_POINT('',#2917);
#2919=CARTESIAN_POINT('',(8.5E0,-4.45E0,2.8E0));
#2920=VERTEX_POINT('',#2919);
#2921=CARTESIAN_POINT('',(-8.5E0,-4.45E0,2.8E0));
#2922=VERTEX_POINT('',#2921);
#2923=CARTESIAN_POINT('',(2.85E0,-5.95E0,-4.2E0));
#2924=CARTESIAN_POINT('',(3.85E0,-5.95E0,-4.2E0));
#2925=VERTEX_POINT('',#2923);
#2926=VERTEX_POINT('',#2924);
#2927=CARTESIAN_POINT('',(2.85E0,-4.45E0,2.8E0));
#2928=CARTESIAN_POINT('',(2.85E0,-4.45E0,-4.2E0));
#2929=VERTEX_POINT('',#2927);
#2930=VERTEX_POINT('',#2928);
#2931=CARTESIAN_POINT('',(3.85E0,-4.45E0,2.8E0));
#2932=CARTESIAN_POINT('',(3.85E0,-4.45E0,-4.2E0));
#2933=VERTEX_POINT('',#2931);
#2934=VERTEX_POINT('',#2932);
#2935=CARTESIAN_POINT('',(2.85E0,-5.95E0,4.8E0));
#2936=VERTEX_POINT('',#2935);
#2937=CARTESIAN_POINT('',(3.85E0,-5.95E0,4.8E0));
#2938=VERTEX_POINT('',#2937);
#2939=CARTESIAN_POINT('',(-2.85E0,-5.95E0,-4.2E0));
#2940=CARTESIAN_POINT('',(-3.85E0,-5.95E0,-4.2E0));
#2941=VERTEX_POINT('',#2939);
#2942=VERTEX_POINT('',#2940);
#2943=CARTESIAN_POINT('',(-2.85E0,-4.45E0,2.8E0));
#2944=CARTESIAN_POINT('',(-2.85E0,-4.45E0,-4.2E0));
#2945=VERTEX_POINT('',#2943);
#2946=VERTEX_POINT('',#2944);
#2947=CARTESIAN_POINT('',(-3.85E0,-4.45E0,2.8E0));
#2948=CARTESIAN_POINT('',(-3.85E0,-4.45E0,-4.2E0));
#2949=VERTEX_POINT('',#2947);
#2950=VERTEX_POINT('',#2948);
#2951=CARTESIAN_POINT('',(-2.85E0,-5.95E0,4.8E0));
#2952=VERTEX_POINT('',#2951);
#2953=CARTESIAN_POINT('',(-3.85E0,-5.95E0,4.8E0));
#2954=VERTEX_POINT('',#2953);
#2955=CARTESIAN_POINT('',(2.85E0,-5.95E0,-1.1E0));
#2956=CARTESIAN_POINT('',(3.193704968844E0,-5.95E0,-1.1E0));
#2957=VERTEX_POINT('',#2955);
#2958=VERTEX_POINT('',#2956);
#2959=CARTESIAN_POINT('',(3.85E0,-5.95E0,-1.E-1));
#2960=VERTEX_POINT('',#2959);
#2961=CARTESIAN_POINT('',(3.193704968844E0,-5.95E0,9.E-1));
#2962=VERTEX_POINT('',#2961);
#2963=CARTESIAN_POINT('',(2.85E0,-5.95E0,9.E-1));
#2964=VERTEX_POINT('',#2963);
#2965=CARTESIAN_POINT('',(3.739795897113E0,-7.73E0,9.E-1));
#2966=CARTESIAN_POINT('',(3.739795897113E0,-7.73E0,-1.1E0));
#2967=VERTEX_POINT('',#2965);
#2968=VERTEX_POINT('',#2966);
#2969=CARTESIAN_POINT('',(3.193704968844E0,-7.73E0,-1.1E0));
#2970=CARTESIAN_POINT('',(3.193704968844E0,-7.73E0,9.E-1));
#2971=VERTEX_POINT('',#2969);
#2972=VERTEX_POINT('',#2970);
#2973=CARTESIAN_POINT('',(3.608528137424E0,-9.2E0,6.E-1));
#2974=CARTESIAN_POINT('',(3.608528137424E0,-9.2E0,-8.E-1));
#2975=VERTEX_POINT('',#2973);
#2976=VERTEX_POINT('',#2974);
#2977=CARTESIAN_POINT('',(3.739795897113E0,-7.93E0,9.E-1));
#2978=CARTESIAN_POINT('',(3.739795897113E0,-7.93E0,-1.1E0));
#2979=VERTEX_POINT('',#2977);
#2980=VERTEX_POINT('',#2978);
#2981=CARTESIAN_POINT('',(2.85E0,-7.93E0,-1.1E0));
#2982=VERTEX_POINT('',#2981);
#2983=CARTESIAN_POINT('',(2.85E0,-9.2E0,-8.E-1));
#2984=VERTEX_POINT('',#2983);
#2985=CARTESIAN_POINT('',(2.85E0,-7.93E0,9.E-1));
#2986=VERTEX_POINT('',#2985);
#2987=CARTESIAN_POINT('',(2.85E0,-9.2E0,6.E-1));
#2988=VERTEX_POINT('',#2987);
#2989=CARTESIAN_POINT('',(-2.85E0,-5.95E0,-1.1E0));
#2990=CARTESIAN_POINT('',(-3.193704968844E0,-5.95E0,-1.1E0));
#2991=VERTEX_POINT('',#2989);
#2992=VERTEX_POINT('',#2990);
#2993=CARTESIAN_POINT('',(-3.85E0,-5.95E0,-1.E-1));
#2994=VERTEX_POINT('',#2993);
#2995=CARTESIAN_POINT('',(-3.193704968844E0,-5.95E0,9.E-1));
#2996=VERTEX_POINT('',#2995);
#2997=CARTESIAN_POINT('',(-2.85E0,-5.95E0,9.E-1));
#2998=VERTEX_POINT('',#2997);
#2999=CARTESIAN_POINT('',(-3.739795897113E0,-7.73E0,9.E-1));
#3000=CARTESIAN_POINT('',(-3.739795897113E0,-7.73E0,-1.1E0));
#3001=VERTEX_POINT('',#2999);
#3002=VERTEX_POINT('',#3000);
#3003=CARTESIAN_POINT('',(-3.193704968844E0,-7.73E0,-1.1E0));
#3004=CARTESIAN_POINT('',(-3.193704968844E0,-7.73E0,9.E-1));
#3005=VERTEX_POINT('',#3003);
#3006=VERTEX_POINT('',#3004);
#3007=CARTESIAN_POINT('',(-3.608528137424E0,-9.2E0,-8.E-1));
#3008=CARTESIAN_POINT('',(-3.608528137424E0,-9.2E0,6.E-1));
#3009=VERTEX_POINT('',#3007);
#3010=VERTEX_POINT('',#3008);
#3011=CARTESIAN_POINT('',(-3.739795897113E0,-7.93E0,-1.1E0));
#3012=CARTESIAN_POINT('',(-3.739795897113E0,-7.93E0,9.E-1));
#3013=VERTEX_POINT('',#3011);
#3014=VERTEX_POINT('',#3012);
#3015=CARTESIAN_POINT('',(-2.85E0,-7.93E0,9.E-1));
#3016=VERTEX_POINT('',#3015);
#3017=CARTESIAN_POINT('',(-2.85E0,-9.2E0,6.E-1));
#3018=VERTEX_POINT('',#3017);
#3019=CARTESIAN_POINT('',(-2.85E0,-7.93E0,-1.1E0));
#3020=VERTEX_POINT('',#3019);
#3021=CARTESIAN_POINT('',(-2.85E0,-9.2E0,-8.E-1));
#3022=VERTEX_POINT('',#3021);
#3023=CARTESIAN_POINT('',(-2.3E-1,2.8E0,-2.5E0));
#3024=CARTESIAN_POINT('',(-2.77E0,2.8E0,-2.5E0));
#3025=VERTEX_POINT('',#3023);
#3026=VERTEX_POINT('',#3024);
#3027=CARTESIAN_POINT('',(-2.77E0,1.E0,-2.5E0));
#3028=VERTEX_POINT('',#3027);
#3029=CARTESIAN_POINT('',(-1.97E0,2.E-1,-2.5E0));
#3030=CARTESIAN_POINT('',(-2.3E-1,2.E-1,-2.5E0));
#3031=VERTEX_POINT('',#3029);
#3032=VERTEX_POINT('',#3030);
#3033=CARTESIAN_POINT('',(-3.23E0,2.8E0,-2.5E0));
#3034=CARTESIAN_POINT('',(-6.25E0,2.8E0,-2.5E0));
#3035=VERTEX_POINT('',#3033);
#3036=VERTEX_POINT('',#3034);
#3037=CARTESIAN_POINT('',(-6.25E0,2.E-1,-2.5E0));
#3038=VERTEX_POINT('',#3037);
#3039=CARTESIAN_POINT('',(-3.23E0,2.E-1,-2.5E0));
#3040=VERTEX_POINT('',#3039);
#3041=CARTESIAN_POINT('',(2.3E-1,2.8E0,-2.5E0));
#3042=CARTESIAN_POINT('',(2.3E-1,2.E-1,-2.5E0));
#3043=VERTEX_POINT('',#3041);
#3044=VERTEX_POINT('',#3042);
#3045=CARTESIAN_POINT('',(1.97E0,2.E-1,-2.5E0));
#3046=VERTEX_POINT('',#3045);
#3047=CARTESIAN_POINT('',(2.77E0,1.E0,-2.5E0));
#3048=CARTESIAN_POINT('',(2.77E0,2.8E0,-2.5E0));
#3049=VERTEX_POINT('',#3047);
#3050=VERTEX_POINT('',#3048);
#3051=CARTESIAN_POINT('',(3.23E0,2.8E0,-2.5E0));
#3052=CARTESIAN_POINT('',(3.23E0,1.E0,-2.5E0));
#3053=VERTEX_POINT('',#3051);
#3054=VERTEX_POINT('',#3052);
#3055=CARTESIAN_POINT('',(4.03E0,2.E-1,-2.5E0));
#3056=VERTEX_POINT('',#3055);
#3057=CARTESIAN_POINT('',(6.25E0,2.E-1,-2.5E0));
#3058=VERTEX_POINT('',#3057);
#3059=CARTESIAN_POINT('',(6.25E0,2.8E0,-2.5E0));
#3060=VERTEX_POINT('',#3059);
#3061=CARTESIAN_POINT('',(6.25E0,-2.8E0,-2.5E0));
#3062=CARTESIAN_POINT('',(6.25E0,-2.E-1,-2.5E0));
#3063=VERTEX_POINT('',#3061);
#3064=VERTEX_POINT('',#3062);
#3065=CARTESIAN_POINT('',(3.23E0,-2.E-1,-2.5E0));
#3066=VERTEX_POINT('',#3065);
#3067=CARTESIAN_POINT('',(3.23E0,-2.E0,-2.5E0));
#3068=VERTEX_POINT('',#3067);
#3069=CARTESIAN_POINT('',(4.03E0,-2.8E0,-2.5E0));
#3070=VERTEX_POINT('',#3069);
#3071=CARTESIAN_POINT('',(2.77E0,-2.E0,-2.5E0));
#3072=CARTESIAN_POINT('',(2.77E0,-2.E-1,-2.5E0));
#3073=VERTEX_POINT('',#3071);
#3074=VERTEX_POINT('',#3072);
#3075=CARTESIAN_POINT('',(2.3E-1,-2.E-1,-2.5E0));
#3076=VERTEX_POINT('',#3075);
#3077=CARTESIAN_POINT('',(2.3E-1,-2.8E0,-2.5E0));
#3078=VERTEX_POINT('',#3077);
#3079=CARTESIAN_POINT('',(1.97E0,-2.8E0,-2.5E0));
#3080=VERTEX_POINT('',#3079);
#3081=CARTESIAN_POINT('',(-2.3E-1,-2.8E0,-2.5E0));
#3082=CARTESIAN_POINT('',(-2.3E-1,-2.E-1,-2.5E0));
#3083=VERTEX_POINT('',#3081);
#3084=VERTEX_POINT('',#3082);
#3085=CARTESIAN_POINT('',(-2.77E0,-2.E-1,-2.5E0));
#3086=VERTEX_POINT('',#3085);
#3087=CARTESIAN_POINT('',(-2.77E0,-2.E0,-2.5E0));
#3088=VERTEX_POINT('',#3087);
#3089=CARTESIAN_POINT('',(-1.97E0,-2.8E0,-2.5E0));
#3090=VERTEX_POINT('',#3089);
#3091=CARTESIAN_POINT('',(-3.23E0,-2.E0,-2.5E0));
#3092=CARTESIAN_POINT('',(-3.23E0,-2.E-1,-2.5E0));
#3093=VERTEX_POINT('',#3091);
#3094=VERTEX_POINT('',#3092);
#3095=CARTESIAN_POINT('',(-6.25E0,-2.E-1,-2.5E0));
#3096=VERTEX_POINT('',#3095);
#3097=CARTESIAN_POINT('',(-6.25E0,-2.8E0,-2.5E0));
#3098=VERTEX_POINT('',#3097);
#3099=CARTESIAN_POINT('',(-4.03E0,-2.8E0,-2.5E0));
#3100=VERTEX_POINT('',#3099);
#3101=CARTESIAN_POINT('',(-2.3E-1,2.8E0,2.8E0));
#3102=CARTESIAN_POINT('',(-2.77E0,2.8E0,2.8E0));
#3103=VERTEX_POINT('',#3101);
#3104=VERTEX_POINT('',#3102);
#3105=CARTESIAN_POINT('',(-2.77E0,1.E0,2.8E0));
#3106=VERTEX_POINT('',#3105);
#3107=CARTESIAN_POINT('',(-1.97E0,2.E-1,2.8E0));
#3108=CARTESIAN_POINT('',(-2.3E-1,2.E-1,2.8E0));
#3109=VERTEX_POINT('',#3107);
#3110=VERTEX_POINT('',#3108);
#3111=CARTESIAN_POINT('',(-6.25E0,2.8E0,2.8E0));
#3112=CARTESIAN_POINT('',(-3.23E0,2.8E0,2.8E0));
#3113=VERTEX_POINT('',#3111);
#3114=VERTEX_POINT('',#3112);
#3115=CARTESIAN_POINT('',(-6.25E0,2.E-1,2.8E0));
#3116=VERTEX_POINT('',#3115);
#3117=CARTESIAN_POINT('',(-3.23E0,2.E-1,2.8E0));
#3118=VERTEX_POINT('',#3117);
#3119=CARTESIAN_POINT('',(2.3E-1,2.8E0,2.8E0));
#3120=CARTESIAN_POINT('',(2.3E-1,2.E-1,2.8E0));
#3121=VERTEX_POINT('',#3119);
#3122=VERTEX_POINT('',#3120);
#3123=CARTESIAN_POINT('',(1.97E0,2.E-1,2.8E0));
#3124=VERTEX_POINT('',#3123);
#3125=CARTESIAN_POINT('',(2.77E0,2.8E0,2.8E0));
#3126=CARTESIAN_POINT('',(2.77E0,1.E0,2.8E0));
#3127=VERTEX_POINT('',#3125);
#3128=VERTEX_POINT('',#3126);
#3129=CARTESIAN_POINT('',(3.23E0,2.8E0,2.8E0));
#3130=CARTESIAN_POINT('',(3.23E0,1.E0,2.8E0));
#3131=VERTEX_POINT('',#3129);
#3132=VERTEX_POINT('',#3130);
#3133=CARTESIAN_POINT('',(4.03E0,2.E-1,2.8E0));
#3134=VERTEX_POINT('',#3133);
#3135=CARTESIAN_POINT('',(6.25E0,2.E-1,2.8E0));
#3136=VERTEX_POINT('',#3135);
#3137=CARTESIAN_POINT('',(6.25E0,2.8E0,2.8E0));
#3138=VERTEX_POINT('',#3137);
#3139=CARTESIAN_POINT('',(6.25E0,-2.8E0,2.8E0));
#3140=CARTESIAN_POINT('',(6.25E0,-2.E-1,2.8E0));
#3141=VERTEX_POINT('',#3139);
#3142=VERTEX_POINT('',#3140);
#3143=CARTESIAN_POINT('',(3.23E0,-2.E-1,2.8E0));
#3144=VERTEX_POINT('',#3143);
#3145=CARTESIAN_POINT('',(3.23E0,-2.E0,2.8E0));
#3146=VERTEX_POINT('',#3145);
#3147=CARTESIAN_POINT('',(4.03E0,-2.8E0,2.8E0));
#3148=VERTEX_POINT('',#3147);
#3149=CARTESIAN_POINT('',(2.77E0,-2.E0,2.8E0));
#3150=CARTESIAN_POINT('',(2.77E0,-2.E-1,2.8E0));
#3151=VERTEX_POINT('',#3149);
#3152=VERTEX_POINT('',#3150);
#3153=CARTESIAN_POINT('',(2.3E-1,-2.E-1,2.8E0));
#3154=VERTEX_POINT('',#3153);
#3155=CARTESIAN_POINT('',(2.3E-1,-2.8E0,2.8E0));
#3156=VERTEX_POINT('',#3155);
#3157=CARTESIAN_POINT('',(1.97E0,-2.8E0,2.8E0));
#3158=VERTEX_POINT('',#3157);
#3159=CARTESIAN_POINT('',(-2.3E-1,-2.8E0,2.8E0));
#3160=CARTESIAN_POINT('',(-2.3E-1,-2.E-1,2.8E0));
#3161=VERTEX_POINT('',#3159);
#3162=VERTEX_POINT('',#3160);
#3163=CARTESIAN_POINT('',(-2.77E0,-2.E-1,2.8E0));
#3164=VERTEX_POINT('',#3163);
#3165=CARTESIAN_POINT('',(-2.77E0,-2.E0,2.8E0));
#3166=VERTEX_POINT('',#3165);
#3167=CARTESIAN_POINT('',(-1.97E0,-2.8E0,2.8E0));
#3168=VERTEX_POINT('',#3167);
#3169=CARTESIAN_POINT('',(-3.23E0,-2.E0,2.8E0));
#3170=CARTESIAN_POINT('',(-3.23E0,-2.E-1,2.8E0));
#3171=VERTEX_POINT('',#3169);
#3172=VERTEX_POINT('',#3170);
#3173=CARTESIAN_POINT('',(-6.25E0,-2.E-1,2.8E0));
#3174=VERTEX_POINT('',#3173);
#3175=CARTESIAN_POINT('',(-6.25E0,-2.8E0,2.8E0));
#3176=VERTEX_POINT('',#3175);
#3177=CARTESIAN_POINT('',(-4.03E0,-2.8E0,2.8E0));
#3178=VERTEX_POINT('',#3177);
#3179=CARTESIAN_POINT('',(4.18E0,-1.18E0,1.48E0));
#3180=CARTESIAN_POINT('',(4.18E0,-1.82E0,1.48E0));
#3181=VERTEX_POINT('',#3179);
#3182=VERTEX_POINT('',#3180);
#3183=CARTESIAN_POINT('',(4.18E0,1.82E0,1.48E0));
#3184=CARTESIAN_POINT('',(4.18E0,1.18E0,1.48E0));
#3185=VERTEX_POINT('',#3183);
#3186=VERTEX_POINT('',#3184);
#3187=CARTESIAN_POINT('',(4.18E0,1.18E0,-1.071E1));
#3188=CARTESIAN_POINT('',(4.18E0,5.8E-1,-1.131E1));
#3189=VERTEX_POINT('',#3187);
#3190=VERTEX_POINT('',#3188);
#3191=CARTESIAN_POINT('',(4.18E0,-9.45E0,-1.131E1));
#3192=CARTESIAN_POINT('',(4.18E0,-9.45E0,-1.195E1));
#3193=VERTEX_POINT('',#3191);
#3194=VERTEX_POINT('',#3192);
#3195=CARTESIAN_POINT('',(4.18E0,4.2E-1,-1.195E1));
#3196=CARTESIAN_POINT('',(4.18E0,1.82E0,-1.055E1));
#3197=VERTEX_POINT('',#3195);
#3198=VERTEX_POINT('',#3196);
#3199=CARTESIAN_POINT('',(4.18E0,-1.82E0,-7.71E0));
#3200=CARTESIAN_POINT('',(4.18E0,-2.42E0,-8.31E0));
#3201=VERTEX_POINT('',#3199);
#3202=VERTEX_POINT('',#3200);
#3203=CARTESIAN_POINT('',(4.18E0,-9.45E0,-8.31E0));
#3204=CARTESIAN_POINT('',(4.18E0,-9.45E0,-8.95E0));
#3205=VERTEX_POINT('',#3203);
#3206=VERTEX_POINT('',#3204);
#3207=CARTESIAN_POINT('',(4.18E0,-2.58E0,-8.95E0));
#3208=CARTESIAN_POINT('',(4.18E0,-1.18E0,-7.55E0));
#3209=VERTEX_POINT('',#3207);
#3210=VERTEX_POINT('',#3208);
#3211=CARTESIAN_POINT('',(4.82E0,-1.18E0,1.48E0));
#3212=CARTESIAN_POINT('',(4.82E0,-1.82E0,1.48E0));
#3213=VERTEX_POINT('',#3211);
#3214=VERTEX_POINT('',#3212);
#3215=CARTESIAN_POINT('',(4.82E0,1.82E0,1.48E0));
#3216=CARTESIAN_POINT('',(4.82E0,1.18E0,1.48E0));
#3217=VERTEX_POINT('',#3215);
#3218=VERTEX_POINT('',#3216);
#3219=CARTESIAN_POINT('',(4.82E0,1.18E0,-1.071E1));
#3220=CARTESIAN_POINT('',(4.82E0,5.8E-1,-1.131E1));
#3221=VERTEX_POINT('',#3219);
#3222=VERTEX_POINT('',#3220);
#3223=CARTESIAN_POINT('',(4.82E0,-9.45E0,-1.131E1));
#3224=CARTESIAN_POINT('',(4.82E0,-9.45E0,-1.195E1));
#3225=VERTEX_POINT('',#3223);
#3226=VERTEX_POINT('',#3224);
#3227=CARTESIAN_POINT('',(4.82E0,4.2E-1,-1.195E1));
#3228=CARTESIAN_POINT('',(4.82E0,1.82E0,-1.055E1));
#3229=VERTEX_POINT('',#3227);
#3230=VERTEX_POINT('',#3228);
#3231=CARTESIAN_POINT('',(4.82E0,-1.82E0,-7.71E0));
#3232=CARTESIAN_POINT('',(4.82E0,-2.42E0,-8.31E0));
#3233=VERTEX_POINT('',#3231);
#3234=VERTEX_POINT('',#3232);
#3235=CARTESIAN_POINT('',(4.82E0,-9.45E0,-8.31E0));
#3236=CARTESIAN_POINT('',(4.82E0,-9.45E0,-8.95E0));
#3237=VERTEX_POINT('',#3235);
#3238=VERTEX_POINT('',#3236);
#3239=CARTESIAN_POINT('',(4.82E0,-2.58E0,-8.95E0));
#3240=CARTESIAN_POINT('',(4.82E0,-1.18E0,-7.55E0));
#3241=VERTEX_POINT('',#3239);
#3242=VERTEX_POINT('',#3240);
#3243=CARTESIAN_POINT('',(4.18E0,-1.82E0,-5.8E0));
#3244=CARTESIAN_POINT('',(4.18E0,-1.18E0,-5.8E0));
#3245=VERTEX_POINT('',#3243);
#3246=VERTEX_POINT('',#3244);
#3247=CARTESIAN_POINT('',(4.18E0,1.18E0,-5.8E0));
#3248=CARTESIAN_POINT('',(4.18E0,1.82E0,-5.8E0));
#3249=VERTEX_POINT('',#3247);
#3250=VERTEX_POINT('',#3248);
#3251=CARTESIAN_POINT('',(4.82E0,-1.82E0,-5.8E0));
#3252=CARTESIAN_POINT('',(4.82E0,-1.18E0,-5.8E0));
#3253=VERTEX_POINT('',#3251);
#3254=VERTEX_POINT('',#3252);
#3255=CARTESIAN_POINT('',(4.82E0,1.18E0,-5.8E0));
#3256=CARTESIAN_POINT('',(4.82E0,1.82E0,-5.8E0));
#3257=VERTEX_POINT('',#3255);
#3258=VERTEX_POINT('',#3256);
#3259=CARTESIAN_POINT('',(4.18E0,-1.18E0,-2.5E0));
#3260=VERTEX_POINT('',#3259);
#3261=CARTESIAN_POINT('',(4.18E0,-1.82E0,-2.5E0));
#3262=VERTEX_POINT('',#3261);
#3263=CARTESIAN_POINT('',(4.18E0,1.82E0,-2.5E0));
#3264=VERTEX_POINT('',#3263);
#3265=CARTESIAN_POINT('',(4.18E0,1.18E0,-2.5E0));
#3266=VERTEX_POINT('',#3265);
#3267=CARTESIAN_POINT('',(4.82E0,-1.18E0,-2.5E0));
#3268=VERTEX_POINT('',#3267);
#3269=CARTESIAN_POINT('',(4.82E0,-1.82E0,-2.5E0));
#3270=VERTEX_POINT('',#3269);
#3271=CARTESIAN_POINT('',(4.82E0,1.82E0,-2.5E0));
#3272=VERTEX_POINT('',#3271);
#3273=CARTESIAN_POINT('',(4.82E0,1.18E0,-2.5E0));
#3274=VERTEX_POINT('',#3273);
#3275=CARTESIAN_POINT('',(1.18E0,-1.18E0,1.48E0));
#3276=CARTESIAN_POINT('',(1.18E0,-1.82E0,1.48E0));
#3277=VERTEX_POINT('',#3275);
#3278=VERTEX_POINT('',#3276);
#3279=CARTESIAN_POINT('',(1.18E0,1.82E0,1.48E0));
#3280=CARTESIAN_POINT('',(1.18E0,1.18E0,1.48E0));
#3281=VERTEX_POINT('',#3279);
#3282=VERTEX_POINT('',#3280);
#3283=CARTESIAN_POINT('',(1.18E0,1.18E0,-1.071E1));
#3284=CARTESIAN_POINT('',(1.18E0,5.8E-1,-1.131E1));
#3285=VERTEX_POINT('',#3283);
#3286=VERTEX_POINT('',#3284);
#3287=CARTESIAN_POINT('',(1.18E0,-9.45E0,-1.131E1));
#3288=CARTESIAN_POINT('',(1.18E0,-9.45E0,-1.195E1));
#3289=VERTEX_POINT('',#3287);
#3290=VERTEX_POINT('',#3288);
#3291=CARTESIAN_POINT('',(1.18E0,4.2E-1,-1.195E1));
#3292=CARTESIAN_POINT('',(1.18E0,1.82E0,-1.055E1));
#3293=VERTEX_POINT('',#3291);
#3294=VERTEX_POINT('',#3292);
#3295=CARTESIAN_POINT('',(1.18E0,-1.82E0,-7.71E0));
#3296=CARTESIAN_POINT('',(1.18E0,-2.42E0,-8.31E0));
#3297=VERTEX_POINT('',#3295);
#3298=VERTEX_POINT('',#3296);
#3299=CARTESIAN_POINT('',(1.18E0,-9.45E0,-8.31E0));
#3300=CARTESIAN_POINT('',(1.18E0,-9.45E0,-8.95E0));
#3301=VERTEX_POINT('',#3299);
#3302=VERTEX_POINT('',#3300);
#3303=CARTESIAN_POINT('',(1.18E0,-2.58E0,-8.95E0));
#3304=CARTESIAN_POINT('',(1.18E0,-1.18E0,-7.55E0));
#3305=VERTEX_POINT('',#3303);
#3306=VERTEX_POINT('',#3304);
#3307=CARTESIAN_POINT('',(1.82E0,-1.18E0,1.48E0));
#3308=CARTESIAN_POINT('',(1.82E0,-1.82E0,1.48E0));
#3309=VERTEX_POINT('',#3307);
#3310=VERTEX_POINT('',#3308);
#3311=CARTESIAN_POINT('',(1.82E0,1.82E0,1.48E0));
#3312=CARTESIAN_POINT('',(1.82E0,1.18E0,1.48E0));
#3313=VERTEX_POINT('',#3311);
#3314=VERTEX_POINT('',#3312);
#3315=CARTESIAN_POINT('',(1.82E0,1.18E0,-1.071E1));
#3316=CARTESIAN_POINT('',(1.82E0,5.8E-1,-1.131E1));
#3317=VERTEX_POINT('',#3315);
#3318=VERTEX_POINT('',#3316);
#3319=CARTESIAN_POINT('',(1.82E0,-9.45E0,-1.131E1));
#3320=CARTESIAN_POINT('',(1.82E0,-9.45E0,-1.195E1));
#3321=VERTEX_POINT('',#3319);
#3322=VERTEX_POINT('',#3320);
#3323=CARTESIAN_POINT('',(1.82E0,4.2E-1,-1.195E1));
#3324=CARTESIAN_POINT('',(1.82E0,1.82E0,-1.055E1));
#3325=VERTEX_POINT('',#3323);
#3326=VERTEX_POINT('',#3324);
#3327=CARTESIAN_POINT('',(1.82E0,-1.82E0,-7.71E0));
#3328=CARTESIAN_POINT('',(1.82E0,-2.42E0,-8.31E0));
#3329=VERTEX_POINT('',#3327);
#3330=VERTEX_POINT('',#3328);
#3331=CARTESIAN_POINT('',(1.82E0,-9.45E0,-8.31E0));
#3332=CARTESIAN_POINT('',(1.82E0,-9.45E0,-8.95E0));
#3333=VERTEX_POINT('',#3331);
#3334=VERTEX_POINT('',#3332);
#3335=CARTESIAN_POINT('',(1.82E0,-2.58E0,-8.95E0));
#3336=CARTESIAN_POINT('',(1.82E0,-1.18E0,-7.55E0));
#3337=VERTEX_POINT('',#3335);
#3338=VERTEX_POINT('',#3336);
#3339=CARTESIAN_POINT('',(1.18E0,-1.82E0,-5.8E0));
#3340=CARTESIAN_POINT('',(1.18E0,-1.18E0,-5.8E0));
#3341=VERTEX_POINT('',#3339);
#3342=VERTEX_POINT('',#3340);
#3343=CARTESIAN_POINT('',(1.18E0,1.18E0,-5.8E0));
#3344=CARTESIAN_POINT('',(1.18E0,1.82E0,-5.8E0));
#3345=VERTEX_POINT('',#3343);
#3346=VERTEX_POINT('',#3344);
#3347=CARTESIAN_POINT('',(1.82E0,-1.82E0,-5.8E0));
#3348=CARTESIAN_POINT('',(1.82E0,-1.18E0,-5.8E0));
#3349=VERTEX_POINT('',#3347);
#3350=VERTEX_POINT('',#3348);
#3351=CARTESIAN_POINT('',(1.82E0,1.18E0,-5.8E0));
#3352=CARTESIAN_POINT('',(1.82E0,1.82E0,-5.8E0));
#3353=VERTEX_POINT('',#3351);
#3354=VERTEX_POINT('',#3352);
#3355=CARTESIAN_POINT('',(1.18E0,-1.18E0,-2.5E0));
#3356=VERTEX_POINT('',#3355);
#3357=CARTESIAN_POINT('',(1.18E0,-1.82E0,-2.5E0));
#3358=VERTEX_POINT('',#3357);
#3359=CARTESIAN_POINT('',(1.18E0,1.82E0,-2.5E0));
#3360=VERTEX_POINT('',#3359);
#3361=CARTESIAN_POINT('',(1.18E0,1.18E0,-2.5E0));
#3362=VERTEX_POINT('',#3361);
#3363=CARTESIAN_POINT('',(1.82E0,-1.18E0,-2.5E0));
#3364=VERTEX_POINT('',#3363);
#3365=CARTESIAN_POINT('',(1.82E0,-1.82E0,-2.5E0));
#3366=VERTEX_POINT('',#3365);
#3367=CARTESIAN_POINT('',(1.82E0,1.82E0,-2.5E0));
#3368=VERTEX_POINT('',#3367);
#3369=CARTESIAN_POINT('',(1.82E0,1.18E0,-2.5E0));
#3370=VERTEX_POINT('',#3369);
#3371=CARTESIAN_POINT('',(-1.82E0,-1.18E0,1.48E0));
#3372=CARTESIAN_POINT('',(-1.82E0,-1.82E0,1.48E0));
#3373=VERTEX_POINT('',#3371);
#3374=VERTEX_POINT('',#3372);
#3375=CARTESIAN_POINT('',(-1.82E0,1.82E0,1.48E0));
#3376=CARTESIAN_POINT('',(-1.82E0,1.18E0,1.48E0));
#3377=VERTEX_POINT('',#3375);
#3378=VERTEX_POINT('',#3376);
#3379=CARTESIAN_POINT('',(-1.82E0,1.18E0,-1.071E1));
#3380=CARTESIAN_POINT('',(-1.82E0,5.8E-1,-1.131E1));
#3381=VERTEX_POINT('',#3379);
#3382=VERTEX_POINT('',#3380);
#3383=CARTESIAN_POINT('',(-1.82E0,-9.45E0,-1.131E1));
#3384=CARTESIAN_POINT('',(-1.82E0,-9.45E0,-1.195E1));
#3385=VERTEX_POINT('',#3383);
#3386=VERTEX_POINT('',#3384);
#3387=CARTESIAN_POINT('',(-1.82E0,4.2E-1,-1.195E1));
#3388=CARTESIAN_POINT('',(-1.82E0,1.82E0,-1.055E1));
#3389=VERTEX_POINT('',#3387);
#3390=VERTEX_POINT('',#3388);
#3391=CARTESIAN_POINT('',(-1.82E0,-1.82E0,-7.71E0));
#3392=CARTESIAN_POINT('',(-1.82E0,-2.42E0,-8.31E0));
#3393=VERTEX_POINT('',#3391);
#3394=VERTEX_POINT('',#3392);
#3395=CARTESIAN_POINT('',(-1.82E0,-9.45E0,-8.31E0));
#3396=CARTESIAN_POINT('',(-1.82E0,-9.45E0,-8.95E0));
#3397=VERTEX_POINT('',#3395);
#3398=VERTEX_POINT('',#3396);
#3399=CARTESIAN_POINT('',(-1.82E0,-2.58E0,-8.95E0));
#3400=CARTESIAN_POINT('',(-1.82E0,-1.18E0,-7.55E0));
#3401=VERTEX_POINT('',#3399);
#3402=VERTEX_POINT('',#3400);
#3403=CARTESIAN_POINT('',(-1.18E0,-1.18E0,1.48E0));
#3404=CARTESIAN_POINT('',(-1.18E0,-1.82E0,1.48E0));
#3405=VERTEX_POINT('',#3403);
#3406=VERTEX_POINT('',#3404);
#3407=CARTESIAN_POINT('',(-1.18E0,1.82E0,1.48E0));
#3408=CARTESIAN_POINT('',(-1.18E0,1.18E0,1.48E0));
#3409=VERTEX_POINT('',#3407);
#3410=VERTEX_POINT('',#3408);
#3411=CARTESIAN_POINT('',(-1.18E0,1.18E0,-1.071E1));
#3412=CARTESIAN_POINT('',(-1.18E0,5.8E-1,-1.131E1));
#3413=VERTEX_POINT('',#3411);
#3414=VERTEX_POINT('',#3412);
#3415=CARTESIAN_POINT('',(-1.18E0,-9.45E0,-1.131E1));
#3416=CARTESIAN_POINT('',(-1.18E0,-9.45E0,-1.195E1));
#3417=VERTEX_POINT('',#3415);
#3418=VERTEX_POINT('',#3416);
#3419=CARTESIAN_POINT('',(-1.18E0,4.2E-1,-1.195E1));
#3420=CARTESIAN_POINT('',(-1.18E0,1.82E0,-1.055E1));
#3421=VERTEX_POINT('',#3419);
#3422=VERTEX_POINT('',#3420);
#3423=CARTESIAN_POINT('',(-1.18E0,-1.82E0,-7.71E0));
#3424=CARTESIAN_POINT('',(-1.18E0,-2.42E0,-8.31E0));
#3425=VERTEX_POINT('',#3423);
#3426=VERTEX_POINT('',#3424);
#3427=CARTESIAN_POINT('',(-1.18E0,-9.45E0,-8.31E0));
#3428=CARTESIAN_POINT('',(-1.18E0,-9.45E0,-8.95E0));
#3429=VERTEX_POINT('',#3427);
#3430=VERTEX_POINT('',#3428);
#3431=CARTESIAN_POINT('',(-1.18E0,-2.58E0,-8.95E0));
#3432=CARTESIAN_POINT('',(-1.18E0,-1.18E0,-7.55E0));
#3433=VERTEX_POINT('',#3431);
#3434=VERTEX_POINT('',#3432);
#3435=CARTESIAN_POINT('',(-1.82E0,-1.82E0,-5.8E0));
#3436=CARTESIAN_POINT('',(-1.82E0,-1.18E0,-5.8E0));
#3437=VERTEX_POINT('',#3435);
#3438=VERTEX_POINT('',#3436);
#3439=CARTESIAN_POINT('',(-1.82E0,1.18E0,-5.8E0));
#3440=CARTESIAN_POINT('',(-1.82E0,1.82E0,-5.8E0));
#3441=VERTEX_POINT('',#3439);
#3442=VERTEX_POINT('',#3440);
#3443=CARTESIAN_POINT('',(-1.18E0,-1.82E0,-5.8E0));
#3444=CARTESIAN_POINT('',(-1.18E0,-1.18E0,-5.8E0));
#3445=VERTEX_POINT('',#3443);
#3446=VERTEX_POINT('',#3444);
#3447=CARTESIAN_POINT('',(-1.18E0,1.18E0,-5.8E0));
#3448=CARTESIAN_POINT('',(-1.18E0,1.82E0,-5.8E0));
#3449=VERTEX_POINT('',#3447);
#3450=VERTEX_POINT('',#3448);
#3451=CARTESIAN_POINT('',(-1.82E0,-1.18E0,-2.5E0));
#3452=VERTEX_POINT('',#3451);
#3453=CARTESIAN_POINT('',(-1.82E0,-1.82E0,-2.5E0));
#3454=VERTEX_POINT('',#3453);
#3455=CARTESIAN_POINT('',(-1.82E0,1.82E0,-2.5E0));
#3456=VERTEX_POINT('',#3455);
#3457=CARTESIAN_POINT('',(-1.82E0,1.18E0,-2.5E0));
#3458=VERTEX_POINT('',#3457);
#3459=CARTESIAN_POINT('',(-1.18E0,-1.18E0,-2.5E0));
#3460=VERTEX_POINT('',#3459);
#3461=CARTESIAN_POINT('',(-1.18E0,-1.82E0,-2.5E0));
#3462=VERTEX_POINT('',#3461);
#3463=CARTESIAN_POINT('',(-1.18E0,1.82E0,-2.5E0));
#3464=VERTEX_POINT('',#3463);
#3465=CARTESIAN_POINT('',(-1.18E0,1.18E0,-2.5E0));
#3466=VERTEX_POINT('',#3465);
#3467=CARTESIAN_POINT('',(-4.82E0,-1.18E0,1.48E0));
#3468=CARTESIAN_POINT('',(-4.82E0,-1.82E0,1.48E0));
#3469=VERTEX_POINT('',#3467);
#3470=VERTEX_POINT('',#3468);
#3471=CARTESIAN_POINT('',(-4.82E0,1.82E0,1.48E0));
#3472=CARTESIAN_POINT('',(-4.82E0,1.18E0,1.48E0));
#3473=VERTEX_POINT('',#3471);
#3474=VERTEX_POINT('',#3472);
#3475=CARTESIAN_POINT('',(-4.82E0,1.18E0,-1.071E1));
#3476=CARTESIAN_POINT('',(-4.82E0,5.8E-1,-1.131E1));
#3477=VERTEX_POINT('',#3475);
#3478=VERTEX_POINT('',#3476);
#3479=CARTESIAN_POINT('',(-4.82E0,-9.45E0,-1.131E1));
#3480=CARTESIAN_POINT('',(-4.82E0,-9.45E0,-1.195E1));
#3481=VERTEX_POINT('',#3479);
#3482=VERTEX_POINT('',#3480);
#3483=CARTESIAN_POINT('',(-4.82E0,4.2E-1,-1.195E1));
#3484=CARTESIAN_POINT('',(-4.82E0,1.82E0,-1.055E1));
#3485=VERTEX_POINT('',#3483);
#3486=VERTEX_POINT('',#3484);
#3487=CARTESIAN_POINT('',(-4.82E0,-1.82E0,-7.71E0));
#3488=CARTESIAN_POINT('',(-4.82E0,-2.42E0,-8.31E0));
#3489=VERTEX_POINT('',#3487);
#3490=VERTEX_POINT('',#3488);
#3491=CARTESIAN_POINT('',(-4.82E0,-9.45E0,-8.31E0));
#3492=CARTESIAN_POINT('',(-4.82E0,-9.45E0,-8.95E0));
#3493=VERTEX_POINT('',#3491);
#3494=VERTEX_POINT('',#3492);
#3495=CARTESIAN_POINT('',(-4.82E0,-2.58E0,-8.95E0));
#3496=CARTESIAN_POINT('',(-4.82E0,-1.18E0,-7.55E0));
#3497=VERTEX_POINT('',#3495);
#3498=VERTEX_POINT('',#3496);
#3499=CARTESIAN_POINT('',(-4.18E0,-1.18E0,1.48E0));
#3500=CARTESIAN_POINT('',(-4.18E0,-1.82E0,1.48E0));
#3501=VERTEX_POINT('',#3499);
#3502=VERTEX_POINT('',#3500);
#3503=CARTESIAN_POINT('',(-4.18E0,1.82E0,1.48E0));
#3504=CARTESIAN_POINT('',(-4.18E0,1.18E0,1.48E0));
#3505=VERTEX_POINT('',#3503);
#3506=VERTEX_POINT('',#3504);
#3507=CARTESIAN_POINT('',(-4.18E0,1.18E0,-1.071E1));
#3508=CARTESIAN_POINT('',(-4.18E0,5.8E-1,-1.131E1));
#3509=VERTEX_POINT('',#3507);
#3510=VERTEX_POINT('',#3508);
#3511=CARTESIAN_POINT('',(-4.18E0,-9.45E0,-1.131E1));
#3512=CARTESIAN_POINT('',(-4.18E0,-9.45E0,-1.195E1));
#3513=VERTEX_POINT('',#3511);
#3514=VERTEX_POINT('',#3512);
#3515=CARTESIAN_POINT('',(-4.18E0,4.2E-1,-1.195E1));
#3516=CARTESIAN_POINT('',(-4.18E0,1.82E0,-1.055E1));
#3517=VERTEX_POINT('',#3515);
#3518=VERTEX_POINT('',#3516);
#3519=CARTESIAN_POINT('',(-4.18E0,-1.82E0,-7.71E0));
#3520=CARTESIAN_POINT('',(-4.18E0,-2.42E0,-8.31E0));
#3521=VERTEX_POINT('',#3519);
#3522=VERTEX_POINT('',#3520);
#3523=CARTESIAN_POINT('',(-4.18E0,-9.45E0,-8.31E0));
#3524=CARTESIAN_POINT('',(-4.18E0,-9.45E0,-8.95E0));
#3525=VERTEX_POINT('',#3523);
#3526=VERTEX_POINT('',#3524);
#3527=CARTESIAN_POINT('',(-4.18E0,-2.58E0,-8.95E0));
#3528=CARTESIAN_POINT('',(-4.18E0,-1.18E0,-7.55E0));
#3529=VERTEX_POINT('',#3527);
#3530=VERTEX_POINT('',#3528);
#3531=CARTESIAN_POINT('',(-4.82E0,-1.82E0,-5.8E0));
#3532=CARTESIAN_POINT('',(-4.82E0,-1.18E0,-5.8E0));
#3533=VERTEX_POINT('',#3531);
#3534=VERTEX_POINT('',#3532);
#3535=CARTESIAN_POINT('',(-4.82E0,1.18E0,-5.8E0));
#3536=CARTESIAN_POINT('',(-4.82E0,1.82E0,-5.8E0));
#3537=VERTEX_POINT('',#3535);
#3538=VERTEX_POINT('',#3536);
#3539=CARTESIAN_POINT('',(-4.18E0,-1.82E0,-5.8E0));
#3540=CARTESIAN_POINT('',(-4.18E0,-1.18E0,-5.8E0));
#3541=VERTEX_POINT('',#3539);
#3542=VERTEX_POINT('',#3540);
#3543=CARTESIAN_POINT('',(-4.18E0,1.18E0,-5.8E0));
#3544=CARTESIAN_POINT('',(-4.18E0,1.82E0,-5.8E0));
#3545=VERTEX_POINT('',#3543);
#3546=VERTEX_POINT('',#3544);
#3547=CARTESIAN_POINT('',(-4.82E0,-1.18E0,-2.5E0));
#3548=VERTEX_POINT('',#3547);
#3549=CARTESIAN_POINT('',(-4.82E0,-1.82E0,-2.5E0));
#3550=VERTEX_POINT('',#3549);
#3551=CARTESIAN_POINT('',(-4.82E0,1.82E0,-2.5E0));
#3552=VERTEX_POINT('',#3551);
#3553=CARTESIAN_POINT('',(-4.82E0,1.18E0,-2.5E0));
#3554=VERTEX_POINT('',#3553);
#3555=CARTESIAN_POINT('',(-4.18E0,-1.18E0,-2.5E0));
#3556=VERTEX_POINT('',#3555);
#3557=CARTESIAN_POINT('',(-4.18E0,-1.82E0,-2.5E0));
#3558=VERTEX_POINT('',#3557);
#3559=CARTESIAN_POINT('',(-4.18E0,1.82E0,-2.5E0));
#3560=VERTEX_POINT('',#3559);
#3561=CARTESIAN_POINT('',(-4.18E0,1.18E0,-2.5E0));
#3562=VERTEX_POINT('',#3561);
#3563=CARTESIAN_POINT('',(6.E0,-5.45E0,-1.291E1));
#3564=CARTESIAN_POINT('',(-5.98E0,-5.45E0,-1.291E1));
#3565=VERTEX_POINT('',#3563);
#3566=VERTEX_POINT('',#3564);
#3567=CARTESIAN_POINT('',(-5.98E0,-5.45E0,-7.31E0));
#3568=CARTESIAN_POINT('',(6.E0,-5.45E0,-7.31E0));
#3569=VERTEX_POINT('',#3567);
#3570=VERTEX_POINT('',#3568);
#3571=CARTESIAN_POINT('',(6.E0,-4.95E0,-1.291E1));
#3572=CARTESIAN_POINT('',(-5.98E0,-4.95E0,-1.291E1));
#3573=VERTEX_POINT('',#3571);
#3574=VERTEX_POINT('',#3572);
#3575=CARTESIAN_POINT('',(-5.98E0,-4.95E0,-7.31E0));
#3576=CARTESIAN_POINT('',(6.E0,-4.95E0,-7.31E0));
#3577=VERTEX_POINT('',#3575);
#3578=VERTEX_POINT('',#3576);
#3579=CARTESIAN_POINT('',(4.18E0,-5.45E0,-1.195E1));
#3580=CARTESIAN_POINT('',(4.18E0,-5.45E0,-1.131E1));
#3581=VERTEX_POINT('',#3579);
#3582=VERTEX_POINT('',#3580);
#3583=CARTESIAN_POINT('',(4.18E0,-5.45E0,-8.95E0));
#3584=CARTESIAN_POINT('',(4.18E0,-5.45E0,-8.31E0));
#3585=VERTEX_POINT('',#3583);
#3586=VERTEX_POINT('',#3584);
#3587=CARTESIAN_POINT('',(4.18E0,-4.95E0,-1.195E1));
#3588=CARTESIAN_POINT('',(4.18E0,-4.95E0,-1.131E1));
#3589=VERTEX_POINT('',#3587);
#3590=VERTEX_POINT('',#3588);
#3591=CARTESIAN_POINT('',(4.18E0,-4.95E0,-8.95E0));
#3592=CARTESIAN_POINT('',(4.18E0,-4.95E0,-8.31E0));
#3593=VERTEX_POINT('',#3591);
#3594=VERTEX_POINT('',#3592);
#3595=CARTESIAN_POINT('',(4.82E0,-5.45E0,-1.195E1));
#3596=CARTESIAN_POINT('',(4.82E0,-5.45E0,-1.131E1));
#3597=VERTEX_POINT('',#3595);
#3598=VERTEX_POINT('',#3596);
#3599=CARTESIAN_POINT('',(4.82E0,-5.45E0,-8.95E0));
#3600=CARTESIAN_POINT('',(4.82E0,-5.45E0,-8.31E0));
#3601=VERTEX_POINT('',#3599);
#3602=VERTEX_POINT('',#3600);
#3603=CARTESIAN_POINT('',(4.82E0,-4.95E0,-1.195E1));
#3604=CARTESIAN_POINT('',(4.82E0,-4.95E0,-1.131E1));
#3605=VERTEX_POINT('',#3603);
#3606=VERTEX_POINT('',#3604);
#3607=CARTESIAN_POINT('',(4.82E0,-4.95E0,-8.95E0));
#3608=CARTESIAN_POINT('',(4.82E0,-4.95E0,-8.31E0));
#3609=VERTEX_POINT('',#3607);
#3610=VERTEX_POINT('',#3608);
#3611=CARTESIAN_POINT('',(1.18E0,-5.45E0,-1.195E1));
#3612=CARTESIAN_POINT('',(1.18E0,-5.45E0,-1.131E1));
#3613=VERTEX_POINT('',#3611);
#3614=VERTEX_POINT('',#3612);
#3615=CARTESIAN_POINT('',(1.18E0,-5.45E0,-8.95E0));
#3616=CARTESIAN_POINT('',(1.18E0,-5.45E0,-8.31E0));
#3617=VERTEX_POINT('',#3615);
#3618=VERTEX_POINT('',#3616);
#3619=CARTESIAN_POINT('',(1.18E0,-4.95E0,-1.195E1));
#3620=CARTESIAN_POINT('',(1.18E0,-4.95E0,-1.131E1));
#3621=VERTEX_POINT('',#3619);
#3622=VERTEX_POINT('',#3620);
#3623=CARTESIAN_POINT('',(1.18E0,-4.95E0,-8.95E0));
#3624=CARTESIAN_POINT('',(1.18E0,-4.95E0,-8.31E0));
#3625=VERTEX_POINT('',#3623);
#3626=VERTEX_POINT('',#3624);
#3627=CARTESIAN_POINT('',(1.82E0,-5.45E0,-1.195E1));
#3628=CARTESIAN_POINT('',(1.82E0,-5.45E0,-1.131E1));
#3629=VERTEX_POINT('',#3627);
#3630=VERTEX_POINT('',#3628);
#3631=CARTESIAN_POINT('',(1.82E0,-5.45E0,-8.95E0));
#3632=CARTESIAN_POINT('',(1.82E0,-5.45E0,-8.31E0));
#3633=VERTEX_POINT('',#3631);
#3634=VERTEX_POINT('',#3632);
#3635=CARTESIAN_POINT('',(1.82E0,-4.95E0,-1.195E1));
#3636=CARTESIAN_POINT('',(1.82E0,-4.95E0,-1.131E1));
#3637=VERTEX_POINT('',#3635);
#3638=VERTEX_POINT('',#3636);
#3639=CARTESIAN_POINT('',(1.82E0,-4.95E0,-8.95E0));
#3640=CARTESIAN_POINT('',(1.82E0,-4.95E0,-8.31E0));
#3641=VERTEX_POINT('',#3639);
#3642=VERTEX_POINT('',#3640);
#3643=CARTESIAN_POINT('',(-1.82E0,-5.45E0,-1.195E1));
#3644=CARTESIAN_POINT('',(-1.82E0,-5.45E0,-1.131E1));
#3645=VERTEX_POINT('',#3643);
#3646=VERTEX_POINT('',#3644);
#3647=CARTESIAN_POINT('',(-1.82E0,-5.45E0,-8.95E0));
#3648=CARTESIAN_POINT('',(-1.82E0,-5.45E0,-8.31E0));
#3649=VERTEX_POINT('',#3647);
#3650=VERTEX_POINT('',#3648);
#3651=CARTESIAN_POINT('',(-1.82E0,-4.95E0,-1.195E1));
#3652=CARTESIAN_POINT('',(-1.82E0,-4.95E0,-1.131E1));
#3653=VERTEX_POINT('',#3651);
#3654=VERTEX_POINT('',#3652);
#3655=CARTESIAN_POINT('',(-1.82E0,-4.95E0,-8.95E0));
#3656=CARTESIAN_POINT('',(-1.82E0,-4.95E0,-8.31E0));
#3657=VERTEX_POINT('',#3655);
#3658=VERTEX_POINT('',#3656);
#3659=CARTESIAN_POINT('',(-1.18E0,-5.45E0,-1.195E1));
#3660=CARTESIAN_POINT('',(-1.18E0,-5.45E0,-1.131E1));
#3661=VERTEX_POINT('',#3659);
#3662=VERTEX_POINT('',#3660);
#3663=CARTESIAN_POINT('',(-1.18E0,-5.45E0,-8.95E0));
#3664=CARTESIAN_POINT('',(-1.18E0,-5.45E0,-8.31E0));
#3665=VERTEX_POINT('',#3663);
#3666=VERTEX_POINT('',#3664);
#3667=CARTESIAN_POINT('',(-1.18E0,-4.95E0,-1.195E1));
#3668=CARTESIAN_POINT('',(-1.18E0,-4.95E0,-1.131E1));
#3669=VERTEX_POINT('',#3667);
#3670=VERTEX_POINT('',#3668);
#3671=CARTESIAN_POINT('',(-1.18E0,-4.95E0,-8.95E0));
#3672=CARTESIAN_POINT('',(-1.18E0,-4.95E0,-8.31E0));
#3673=VERTEX_POINT('',#3671);
#3674=VERTEX_POINT('',#3672);
#3675=CARTESIAN_POINT('',(-4.82E0,-5.45E0,-1.195E1));
#3676=CARTESIAN_POINT('',(-4.82E0,-5.45E0,-1.131E1));
#3677=VERTEX_POINT('',#3675);
#3678=VERTEX_POINT('',#3676);
#3679=CARTESIAN_POINT('',(-4.82E0,-5.45E0,-8.95E0));
#3680=CARTESIAN_POINT('',(-4.82E0,-5.45E0,-8.31E0));
#3681=VERTEX_POINT('',#3679);
#3682=VERTEX_POINT('',#3680);
#3683=CARTESIAN_POINT('',(-4.82E0,-4.95E0,-1.195E1));
#3684=CARTESIAN_POINT('',(-4.82E0,-4.95E0,-1.131E1));
#3685=VERTEX_POINT('',#3683);
#3686=VERTEX_POINT('',#3684);
#3687=CARTESIAN_POINT('',(-4.82E0,-4.95E0,-8.95E0));
#3688=CARTESIAN_POINT('',(-4.82E0,-4.95E0,-8.31E0));
#3689=VERTEX_POINT('',#3687);
#3690=VERTEX_POINT('',#3688);
#3691=CARTESIAN_POINT('',(-4.18E0,-5.45E0,-1.195E1));
#3692=CARTESIAN_POINT('',(-4.18E0,-5.45E0,-1.131E1));
#3693=VERTEX_POINT('',#3691);
#3694=VERTEX_POINT('',#3692);
#3695=CARTESIAN_POINT('',(-4.18E0,-5.45E0,-8.95E0));
#3696=CARTESIAN_POINT('',(-4.18E0,-5.45E0,-8.31E0));
#3697=VERTEX_POINT('',#3695);
#3698=VERTEX_POINT('',#3696);
#3699=CARTESIAN_POINT('',(-4.18E0,-4.95E0,-1.195E1));
#3700=CARTESIAN_POINT('',(-4.18E0,-4.95E0,-1.131E1));
#3701=VERTEX_POINT('',#3699);
#3702=VERTEX_POINT('',#3700);
#3703=CARTESIAN_POINT('',(-4.18E0,-4.95E0,-8.95E0));
#3704=CARTESIAN_POINT('',(-4.18E0,-4.95E0,-8.31E0));
#3705=VERTEX_POINT('',#3703);
#3706=VERTEX_POINT('',#3704);
#3707=CARTESIAN_POINT('',(6.E0,-4.95E0,-9.38E0));
#3708=CARTESIAN_POINT('',(6.E0,-5.45E0,-9.38E0));
#3709=VERTEX_POINT('',#3707);
#3710=VERTEX_POINT('',#3708);
#3711=CARTESIAN_POINT('',(6.E0,-4.95E0,-1.088E1));
#3712=CARTESIAN_POINT('',(6.E0,-5.45E0,-1.088E1));
#3713=VERTEX_POINT('',#3711);
#3714=VERTEX_POINT('',#3712);
#3715=CARTESIAN_POINT('',(3.75E0,-5.45E0,-1.013E1));
#3716=CARTESIAN_POINT('',(2.25E0,-5.45E0,-1.013E1));
#3717=VERTEX_POINT('',#3715);
#3718=VERTEX_POINT('',#3716);
#3719=CARTESIAN_POINT('',(3.75E0,-4.95E0,-1.013E1));
#3720=CARTESIAN_POINT('',(2.25E0,-4.95E0,-1.013E1));
#3721=VERTEX_POINT('',#3719);
#3722=VERTEX_POINT('',#3720);
#3723=CARTESIAN_POINT('',(7.5E-1,-5.45E0,-1.013E1));
#3724=CARTESIAN_POINT('',(-7.5E-1,-5.45E0,-1.013E1));
#3725=VERTEX_POINT('',#3723);
#3726=VERTEX_POINT('',#3724);
#3727=CARTESIAN_POINT('',(7.5E-1,-4.95E0,-1.013E1));
#3728=CARTESIAN_POINT('',(-7.5E-1,-4.95E0,-1.013E1));
#3729=VERTEX_POINT('',#3727);
#3730=VERTEX_POINT('',#3728);
#3731=CARTESIAN_POINT('',(-2.25E0,-5.45E0,-1.013E1));
#3732=CARTESIAN_POINT('',(-3.75E0,-5.45E0,-1.013E1));
#3733=VERTEX_POINT('',#3731);
#3734=VERTEX_POINT('',#3732);
#3735=CARTESIAN_POINT('',(-2.25E0,-4.95E0,-1.013E1));
#3736=CARTESIAN_POINT('',(-3.75E0,-4.95E0,-1.013E1));
#3737=VERTEX_POINT('',#3735);
#3738=VERTEX_POINT('',#3736);
#3739=CARTESIAN_POINT('',(-5.98E0,-4.95E0,-9.380266714091E0));
#3740=CARTESIAN_POINT('',(-5.98E0,-5.45E0,-9.380266714091E0));
#3741=VERTEX_POINT('',#3739);
#3742=VERTEX_POINT('',#3740);
#3743=CARTESIAN_POINT('',(-5.98E0,-4.95E0,-1.087973328591E1));
#3744=CARTESIAN_POINT('',(-5.98E0,-5.45E0,-1.087973328591E1));
#3745=VERTEX_POINT('',#3743);
#3746=VERTEX_POINT('',#3744);
#3747=CARTESIAN_POINT('',(8.5E0,5.95E0,-1.2E0));
#3748=CARTESIAN_POINT('',(8.5E0,5.95E0,4.8E0));
#3749=VERTEX_POINT('',#3747);
#3750=VERTEX_POINT('',#3748);
#3751=CARTESIAN_POINT('',(-8.5E0,5.95E0,-1.2E0));
#3752=CARTESIAN_POINT('',(-8.5E0,5.95E0,4.8E0));
#3753=VERTEX_POINT('',#3751);
#3754=VERTEX_POINT('',#3752);
#3755=CARTESIAN_POINT('',(8.5E0,5.45E0,-1.7E0));
#3756=VERTEX_POINT('',#3755);
#3757=CARTESIAN_POINT('',(-8.5E0,5.45E0,-1.7E0));
#3758=VERTEX_POINT('',#3757);
#3759=CARTESIAN_POINT('',(8.5E0,3.45E0,-1.7E0));
#3760=VERTEX_POINT('',#3759);
#3761=CARTESIAN_POINT('',(-8.5E0,3.45E0,-1.7E0));
#3762=VERTEX_POINT('',#3761);
#3763=CARTESIAN_POINT('',(8.5E0,3.45E0,2.8E0));
#3764=VERTEX_POINT('',#3763);
#3765=CARTESIAN_POINT('',(-8.5E0,3.45E0,2.8E0));
#3766=VERTEX_POINT('',#3765);
#3767=CARTESIAN_POINT('',(-5.E-1,5.45E0,-1.7E0));
#3768=CARTESIAN_POINT('',(-5.E-1,5.95E0,-1.2E0));
#3769=VERTEX_POINT('',#3767);
#3770=VERTEX_POINT('',#3768);
#3771=CARTESIAN_POINT('',(5.E-1,5.45E0,-1.7E0));
#3772=CARTESIAN_POINT('',(5.E-1,5.95E0,-1.2E0));
#3773=VERTEX_POINT('',#3771);
#3774=VERTEX_POINT('',#3772);
#3775=CARTESIAN_POINT('',(-5.E-1,3.45E0,2.8E0));
#3776=CARTESIAN_POINT('',(-5.E-1,3.45E0,-1.7E0));
#3777=VERTEX_POINT('',#3775);
#3778=VERTEX_POINT('',#3776);
#3779=CARTESIAN_POINT('',(5.E-1,3.45E0,2.8E0));
#3780=CARTESIAN_POINT('',(5.E-1,3.45E0,-1.7E0));
#3781=VERTEX_POINT('',#3779);
#3782=VERTEX_POINT('',#3780);
#3783=CARTESIAN_POINT('',(-5.E-1,5.95E0,4.8E0));
#3784=VERTEX_POINT('',#3783);
#3785=CARTESIAN_POINT('',(5.E-1,5.95E0,4.8E0));
#3786=VERTEX_POINT('',#3785);
#3787=CARTESIAN_POINT('',(0.E0,0.E0,-5.8E0));
#3788=DIRECTION('',(0.E0,0.E0,1.E0));
#3789=DIRECTION('',(1.E0,0.E0,0.E0));
#3790=AXIS2_PLACEMENT_3D('',#3787,#3788,#3789);
#3791=PLANE('',#3790);
#3793=ORIENTED_EDGE('',*,*,#3792,.F.);
#3795=ORIENTED_EDGE('',*,*,#3794,.T.);
#3797=ORIENTED_EDGE('',*,*,#3796,.T.);
#3799=ORIENTED_EDGE('',*,*,#3798,.F.);
#3801=ORIENTED_EDGE('',*,*,#3800,.T.);
#3803=ORIENTED_EDGE('',*,*,#3802,.T.);
#3805=ORIENTED_EDGE('',*,*,#3804,.T.);
#3807=ORIENTED_EDGE('',*,*,#3806,.T.);
#3808=EDGE_LOOP('',(#3793,#3795,#3797,#3799,#3801,#3803,#3805,#3807));
#3809=FACE_OUTER_BOUND('',#3808,.F.);
#3811=ORIENTED_EDGE('',*,*,#3810,.T.);
#3813=ORIENTED_EDGE('',*,*,#3812,.T.);
#3815=ORIENTED_EDGE('',*,*,#3814,.F.);
#3817=ORIENTED_EDGE('',*,*,#3816,.F.);
#3818=EDGE_LOOP('',(#3811,#3813,#3815,#3817));
#3819=FACE_BOUND('',#3818,.F.);
#3821=ORIENTED_EDGE('',*,*,#3820,.T.);
#3823=ORIENTED_EDGE('',*,*,#3822,.T.);
#3825=ORIENTED_EDGE('',*,*,#3824,.F.);
#3827=ORIENTED_EDGE('',*,*,#3826,.F.);
#3828=EDGE_LOOP('',(#3821,#3823,#3825,#3827));
#3829=FACE_BOUND('',#3828,.F.);
#3831=ORIENTED_EDGE('',*,*,#3830,.T.);
#3833=ORIENTED_EDGE('',*,*,#3832,.T.);
#3835=ORIENTED_EDGE('',*,*,#3834,.F.);
#3837=ORIENTED_EDGE('',*,*,#3836,.F.);
#3838=EDGE_LOOP('',(#3831,#3833,#3835,#3837));
#3839=FACE_BOUND('',#3838,.F.);
#3841=ORIENTED_EDGE('',*,*,#3840,.T.);
#3843=ORIENTED_EDGE('',*,*,#3842,.T.);
#3845=ORIENTED_EDGE('',*,*,#3844,.F.);
#3847=ORIENTED_EDGE('',*,*,#3846,.F.);
#3848=EDGE_LOOP('',(#3841,#3843,#3845,#3847));
#3849=FACE_BOUND('',#3848,.F.);
#3851=ORIENTED_EDGE('',*,*,#3850,.T.);
#3853=ORIENTED_EDGE('',*,*,#3852,.T.);
#3855=ORIENTED_EDGE('',*,*,#3854,.F.);
#3857=ORIENTED_EDGE('',*,*,#3856,.F.);
#3858=EDGE_LOOP('',(#3851,#3853,#3855,#3857));
#3859=FACE_BOUND('',#3858,.F.);
#3861=ORIENTED_EDGE('',*,*,#3860,.T.);
#3863=ORIENTED_EDGE('',*,*,#3862,.T.);
#3865=ORIENTED_EDGE('',*,*,#3864,.F.);
#3867=ORIENTED_EDGE('',*,*,#3866,.F.);
#3868=EDGE_LOOP('',(#3861,#3863,#3865,#3867));
#3869=FACE_BOUND('',#3868,.F.);
#3871=ORIENTED_EDGE('',*,*,#3870,.T.);
#3873=ORIENTED_EDGE('',*,*,#3872,.T.);
#3875=ORIENTED_EDGE('',*,*,#3874,.F.);
#3877=ORIENTED_EDGE('',*,*,#3876,.F.);
#3878=EDGE_LOOP('',(#3871,#3873,#3875,#3877));
#3879=FACE_BOUND('',#3878,.F.);
#3881=ORIENTED_EDGE('',*,*,#3880,.T.);
#3883=ORIENTED_EDGE('',*,*,#3882,.T.);
#3885=ORIENTED_EDGE('',*,*,#3884,.F.);
#3887=ORIENTED_EDGE('',*,*,#3886,.F.);
#3888=EDGE_LOOP('',(#3881,#3883,#3885,#3887));
#3889=FACE_BOUND('',#3888,.F.);
#3890=ADVANCED_FACE('',(#3809,#3819,#3829,#3839,#3849,#3859,#3869,#3879,#3889),
#3791,.F.);
#3891=CARTESIAN_POINT('',(-4.82E0,0.E0,0.E0));
#3892=DIRECTION('',(1.E0,0.E0,0.E0));
#3893=DIRECTION('',(0.E0,0.E0,-1.E0));
#3894=AXIS2_PLACEMENT_3D('',#3891,#3892,#3893);
#3895=PLANE('',#3894);
#3897=ORIENTED_EDGE('',*,*,#3896,.T.);
#3899=ORIENTED_EDGE('',*,*,#3898,.T.);
#3901=ORIENTED_EDGE('',*,*,#3900,.T.);
#3903=ORIENTED_EDGE('',*,*,#3902,.T.);
#3904=EDGE_LOOP('',(#3897,#3899,#3901,#3903));
#3905=FACE_OUTER_BOUND('',#3904,.F.);
#3906=ADVANCED_FACE('',(#3905),#3895,.F.);
#3907=CARTESIAN_POINT('',(-4.82E0,0.E0,0.E0));
#3908=DIRECTION('',(1.E0,0.E0,0.E0));
#3909=DIRECTION('',(0.E0,0.E0,-1.E0));
#3910=AXIS2_PLACEMENT_3D('',#3907,#3908,#3909);
#3911=PLANE('',#3910);
#3913=ORIENTED_EDGE('',*,*,#3912,.T.);
#3915=ORIENTED_EDGE('',*,*,#3914,.T.);
#3917=ORIENTED_EDGE('',*,*,#3916,.T.);
#3919=ORIENTED_EDGE('',*,*,#3918,.T.);
#3920=EDGE_LOOP('',(#3913,#3915,#3917,#3919));
#3921=FACE_OUTER_BOUND('',#3920,.F.);
#3922=ADVANCED_FACE('',(#3921),#3911,.F.);
#3923=CARTESIAN_POINT('',(-4.82E0,0.E0,0.E0));
#3924=DIRECTION('',(1.E0,0.E0,0.E0));
#3925=DIRECTION('',(0.E0,0.E0,-1.E0));
#3926=AXIS2_PLACEMENT_3D('',#3923,#3924,#3925);
#3927=PLANE('',#3926);
#3929=ORIENTED_EDGE('',*,*,#3928,.T.);
#3931=ORIENTED_EDGE('',*,*,#3930,.T.);
#3933=ORIENTED_EDGE('',*,*,#3932,.T.);
#3935=ORIENTED_EDGE('',*,*,#3934,.T.);
#3936=EDGE_LOOP('',(#3929,#3931,#3933,#3935));
#3937=FACE_OUTER_BOUND('',#3936,.F.);
#3938=ADVANCED_FACE('',(#3937),#3927,.F.);
#3939=CARTESIAN_POINT('',(-4.82E0,0.E0,0.E0));
#3940=DIRECTION('',(1.E0,0.E0,0.E0));
#3941=DIRECTION('',(0.E0,0.E0,-1.E0));
#3942=AXIS2_PLACEMENT_3D('',#3939,#3940,#3941);
#3943=PLANE('',#3942);
#3945=ORIENTED_EDGE('',*,*,#3944,.T.);
#3947=ORIENTED_EDGE('',*,*,#3946,.T.);
#3949=ORIENTED_EDGE('',*,*,#3948,.T.);
#3951=ORIENTED_EDGE('',*,*,#3950,.T.);
#3952=EDGE_LOOP('',(#3945,#3947,#3949,#3951));
#3953=FACE_OUTER_BOUND('',#3952,.F.);
#3954=ADVANCED_FACE('',(#3953),#3943,.F.);
#3955=CARTESIAN_POINT('',(-4.82E0,0.E0,0.E0));
#3956=DIRECTION('',(1.E0,0.E0,0.E0));
#3957=DIRECTION('',(0.E0,0.E0,-1.E0));
#3958=AXIS2_PLACEMENT_3D('',#3955,#3956,#3957);
#3959=PLANE('',#3958);
#3961=ORIENTED_EDGE('',*,*,#3960,.F.);
#3963=ORIENTED_EDGE('',*,*,#3962,.T.);
#3965=ORIENTED_EDGE('',*,*,#3964,.T.);
#3967=ORIENTED_EDGE('',*,*,#3966,.T.);
#3968=ORIENTED_EDGE('',*,*,#3860,.F.);
#3970=ORIENTED_EDGE('',*,*,#3969,.T.);
#3972=ORIENTED_EDGE('',*,*,#3971,.T.);
#3974=ORIENTED_EDGE('',*,*,#3973,.T.);
#3975=EDGE_LOOP('',(#3961,#3963,#3965,#3967,#3968,#3970,#3972,#3974));
#3976=FACE_OUTER_BOUND('',#3975,.F.);
#3977=ADVANCED_FACE('',(#3976),#3959,.F.);
#3978=CARTESIAN_POINT('',(-4.82E0,0.E0,0.E0));
#3979=DIRECTION('',(1.E0,0.E0,0.E0));
#3980=DIRECTION('',(0.E0,0.E0,-1.E0));
#3981=AXIS2_PLACEMENT_3D('',#3978,#3979,#3980);
#3982=PLANE('',#3981);
#3984=ORIENTED_EDGE('',*,*,#3983,.F.);
#3986=ORIENTED_EDGE('',*,*,#3985,.T.);
#3988=ORIENTED_EDGE('',*,*,#3987,.T.);
#3990=ORIENTED_EDGE('',*,*,#3989,.T.);
#3991=ORIENTED_EDGE('',*,*,#3810,.F.);
#3993=ORIENTED_EDGE('',*,*,#3992,.T.);
#3995=ORIENTED_EDGE('',*,*,#3994,.T.);
#3997=ORIENTED_EDGE('',*,*,#3996,.T.);
#3998=EDGE_LOOP('',(#3984,#3986,#3988,#3990,#3991,#3993,#3995,#3997));
#3999=FACE_OUTER_BOUND('',#3998,.F.);
#4000=ADVANCED_FACE('',(#3999),#3982,.F.);
#4001=CARTESIAN_POINT('',(-4.82E0,-1.18E0,-3.72E0));
#4002=DIRECTION('',(0.E0,1.E0,0.E0));
#4003=DIRECTION('',(0.E0,0.E0,1.E0));
#4004=AXIS2_PLACEMENT_3D('',#4001,#4002,#4003);
#4005=PLANE('',#4004);
#4006=ORIENTED_EDGE('',*,*,#3896,.F.);
#4008=ORIENTED_EDGE('',*,*,#4007,.T.);
#4010=ORIENTED_EDGE('',*,*,#4009,.T.);
#4012=ORIENTED_EDGE('',*,*,#4011,.F.);
#4013=EDGE_LOOP('',(#4006,#4008,#4010,#4012));
#4014=FACE_OUTER_BOUND('',#4013,.F.);
#4015=ADVANCED_FACE('',(#4014),#4005,.T.);
#4016=CARTESIAN_POINT('',(9.5E0,5.95E0,-2.5E0));
#4017=DIRECTION('',(0.E0,0.E0,1.E0));
#4018=DIRECTION('',(1.E0,0.E0,0.E0));
#4019=AXIS2_PLACEMENT_3D('',#4016,#4017,#4018);
#4020=PLANE('',#4019);
#4022=ORIENTED_EDGE('',*,*,#4021,.F.);
#4024=ORIENTED_EDGE('',*,*,#4023,.F.);
#4026=ORIENTED_EDGE('',*,*,#4025,.F.);
#4028=ORIENTED_EDGE('',*,*,#4027,.F.);
#4030=ORIENTED_EDGE('',*,*,#4029,.F.);
#4031=EDGE_LOOP('',(#4022,#4024,#4026,#4028,#4030));
#4032=FACE_OUTER_BOUND('',#4031,.F.);
#4034=ORIENTED_EDGE('',*,*,#4033,.F.);
#4036=ORIENTED_EDGE('',*,*,#4035,.T.);
#4038=ORIENTED_EDGE('',*,*,#4037,.T.);
#4040=ORIENTED_EDGE('',*,*,#4039,.F.);
#4041=EDGE_LOOP('',(#4034,#4036,#4038,#4040));
#4042=FACE_BOUND('',#4041,.F.);
#4043=ADVANCED_FACE('',(#4032,#4042),#4020,.T.);
#4044=CARTESIAN_POINT('',(9.5E0,5.95E0,-2.5E0));
#4045=DIRECTION('',(0.E0,0.E0,1.E0));
#4046=DIRECTION('',(1.E0,0.E0,0.E0));
#4047=AXIS2_PLACEMENT_3D('',#4044,#4045,#4046);
#4048=PLANE('',#4047);
#4050=ORIENTED_EDGE('',*,*,#4049,.F.);
#4052=ORIENTED_EDGE('',*,*,#4051,.F.);
#4054=ORIENTED_EDGE('',*,*,#4053,.F.);
#4056=ORIENTED_EDGE('',*,*,#4055,.F.);
#4057=EDGE_LOOP('',(#4050,#4052,#4054,#4056));
#4058=FACE_OUTER_BOUND('',#4057,.F.);
#4059=ORIENTED_EDGE('',*,*,#3918,.F.);
#4061=ORIENTED_EDGE('',*,*,#4060,.T.);
#4063=ORIENTED_EDGE('',*,*,#4062,.T.);
#4065=ORIENTED_EDGE('',*,*,#4064,.F.);
#4066=EDGE_LOOP('',(#4059,#4061,#4063,#4065));
#4067=FACE_BOUND('',#4066,.F.);
#4068=ADVANCED_FACE('',(#4058,#4067),#4048,.T.);
#4069=CARTESIAN_POINT('',(9.5E0,5.95E0,-2.5E0));
#4070=DIRECTION('',(0.E0,0.E0,1.E0));
#4071=DIRECTION('',(1.E0,0.E0,0.E0));
#4072=AXIS2_PLACEMENT_3D('',#4069,#4070,#4071);
#4073=PLANE('',#4072);
#4075=ORIENTED_EDGE('',*,*,#4074,.F.);
#4077=ORIENTED_EDGE('',*,*,#4076,.F.);
#4079=ORIENTED_EDGE('',*,*,#4078,.F.);
#4081=ORIENTED_EDGE('',*,*,#4080,.F.);
#4083=ORIENTED_EDGE('',*,*,#4082,.F.);
#4084=EDGE_LOOP('',(#4075,#4077,#4079,#4081,#4083));
#4085=FACE_OUTER_BOUND('',#4084,.F.);
#4087=ORIENTED_EDGE('',*,*,#4086,.F.);
#4089=ORIENTED_EDGE('',*,*,#4088,.T.);
#4091=ORIENTED_EDGE('',*,*,#4090,.T.);
#4093=ORIENTED_EDGE('',*,*,#4092,.F.);
#4094=EDGE_LOOP('',(#4087,#4089,#4091,#4093));
#4095=FACE_BOUND('',#4094,.F.);
#4096=ADVANCED_FACE('',(#4085,#4095),#4073,.T.);
#4097=CARTESIAN_POINT('',(9.5E0,5.95E0,-2.5E0));
#4098=DIRECTION('',(0.E0,0.E0,1.E0));
#4099=DIRECTION('',(1.E0,0.E0,0.E0));
#4100=AXIS2_PLACEMENT_3D('',#4097,#4098,#4099);
#4101=PLANE('',#4100);
#4103=ORIENTED_EDGE('',*,*,#4102,.F.);
#4105=ORIENTED_EDGE('',*,*,#4104,.F.);
#4107=ORIENTED_EDGE('',*,*,#4106,.F.);
#4109=ORIENTED_EDGE('',*,*,#4108,.F.);
#4111=ORIENTED_EDGE('',*,*,#4110,.F.);
#4112=EDGE_LOOP('',(#4103,#4105,#4107,#4109,#4111));
#4113=FACE_OUTER_BOUND('',#4112,.F.);
#4115=ORIENTED_EDGE('',*,*,#4114,.F.);
#4117=ORIENTED_EDGE('',*,*,#4116,.T.);
#4119=ORIENTED_EDGE('',*,*,#4118,.T.);
#4121=ORIENTED_EDGE('',*,*,#4120,.F.);
#4122=EDGE_LOOP('',(#4115,#4117,#4119,#4121));
#4123=FACE_BOUND('',#4122,.F.);
#4124=ADVANCED_FACE('',(#4113,#4123),#4101,.T.);
#4125=CARTESIAN_POINT('',(9.5E0,5.95E0,-2.5E0));
#4126=DIRECTION('',(0.E0,0.E0,1.E0));
#4127=DIRECTION('',(1.E0,0.E0,0.E0));
#4128=AXIS2_PLACEMENT_3D('',#4125,#4126,#4127);
#4129=PLANE('',#4128);
#4131=ORIENTED_EDGE('',*,*,#4130,.F.);
#4133=ORIENTED_EDGE('',*,*,#4132,.F.);
#4135=ORIENTED_EDGE('',*,*,#4134,.F.);
#4137=ORIENTED_EDGE('',*,*,#4136,.F.);
#4139=ORIENTED_EDGE('',*,*,#4138,.F.);
#4140=EDGE_LOOP('',(#4131,#4133,#4135,#4137,#4139));
#4141=FACE_OUTER_BOUND('',#4140,.F.);
#4143=ORIENTED_EDGE('',*,*,#4142,.F.);
#4145=ORIENTED_EDGE('',*,*,#4144,.T.);
#4147=ORIENTED_EDGE('',*,*,#4146,.T.);
#4149=ORIENTED_EDGE('',*,*,#4148,.F.);
#4150=EDGE_LOOP('',(#4143,#4145,#4147,#4149));
#4151=FACE_BOUND('',#4150,.F.);
#4152=ADVANCED_FACE('',(#4141,#4151),#4129,.T.);
#4153=CARTESIAN_POINT('',(9.5E0,5.95E0,-2.5E0));
#4154=DIRECTION('',(0.E0,0.E0,1.E0));
#4155=DIRECTION('',(1.E0,0.E0,0.E0));
#4156=AXIS2_PLACEMENT_3D('',#4153,#4154,#4155);
#4157=PLANE('',#4156);
#4159=ORIENTED_EDGE('',*,*,#4158,.F.);
#4161=ORIENTED_EDGE('',*,*,#4160,.F.);
#4163=ORIENTED_EDGE('',*,*,#4162,.F.);
#4165=ORIENTED_EDGE('',*,*,#4164,.F.);
#4167=ORIENTED_EDGE('',*,*,#4166,.F.);
#4168=EDGE_LOOP('',(#4159,#4161,#4163,#4165,#4167));
#4169=FACE_OUTER_BOUND('',#4168,.F.);
#4171=ORIENTED_EDGE('',*,*,#4170,.F.);
#4173=ORIENTED_EDGE('',*,*,#4172,.T.);
#4175=ORIENTED_EDGE('',*,*,#4174,.T.);
#4177=ORIENTED_EDGE('',*,*,#4176,.F.);
#4178=EDGE_LOOP('',(#4171,#4173,#4175,#4177));
#4179=FACE_BOUND('',#4178,.F.);
#4180=ADVANCED_FACE('',(#4169,#4179),#4157,.T.);
#4181=CARTESIAN_POINT('',(9.5E0,5.95E0,-2.5E0));
#4182=DIRECTION('',(0.E0,0.E0,1.E0));
#4183=DIRECTION('',(1.E0,0.E0,0.E0));
#4184=AXIS2_PLACEMENT_3D('',#4181,#4182,#4183);
#4185=PLANE('',#4184);
#4187=ORIENTED_EDGE('',*,*,#4186,.F.);
#4189=ORIENTED_EDGE('',*,*,#4188,.F.);
#4191=ORIENTED_EDGE('',*,*,#4190,.F.);
#4193=ORIENTED_EDGE('',*,*,#4192,.F.);
#4195=ORIENTED_EDGE('',*,*,#4194,.F.);
#4196=EDGE_LOOP('',(#4187,#4189,#4191,#4193,#4195));
#4197=FACE_OUTER_BOUND('',#4196,.F.);
#4199=ORIENTED_EDGE('',*,*,#4198,.F.);
#4201=ORIENTED_EDGE('',*,*,#4200,.T.);
#4203=ORIENTED_EDGE('',*,*,#4202,.T.);
#4205=ORIENTED_EDGE('',*,*,#4204,.F.);
#4206=EDGE_LOOP('',(#4199,#4201,#4203,#4205));
#4207=FACE_BOUND('',#4206,.F.);
#4208=ADVANCED_FACE('',(#4197,#4207),#4185,.T.);
#4209=CARTESIAN_POINT('',(9.5E0,5.95E0,-2.5E0));
#4210=DIRECTION('',(0.E0,0.E0,1.E0));
#4211=DIRECTION('',(1.E0,0.E0,0.E0));
#4212=AXIS2_PLACEMENT_3D('',#4209,#4210,#4211);
#4213=PLANE('',#4212);
#4215=ORIENTED_EDGE('',*,*,#4214,.F.);
#4217=ORIENTED_EDGE('',*,*,#4216,.F.);
#4219=ORIENTED_EDGE('',*,*,#4218,.F.);
#4221=ORIENTED_EDGE('',*,*,#4220,.F.);
#4223=ORIENTED_EDGE('',*,*,#4222,.F.);
#4224=EDGE_LOOP('',(#4215,#4217,#4219,#4221,#4223));
#4225=FACE_OUTER_BOUND('',#4224,.F.);
#4226=ORIENTED_EDGE('',*,*,#3902,.F.);
#4228=ORIENTED_EDGE('',*,*,#4227,.T.);
#4230=ORIENTED_EDGE('',*,*,#4229,.T.);
#4231=ORIENTED_EDGE('',*,*,#4007,.F.);
#4232=EDGE_LOOP('',(#4226,#4228,#4230,#4231));
#4233=FACE_BOUND('',#4232,.F.);
#4234=ADVANCED_FACE('',(#4225,#4233),#4213,.T.);
#4235=CARTESIAN_POINT('',(-4.82E0,1.18E0,1.48E0));
#4236=DIRECTION('',(0.E0,-1.E0,0.E0));
#4237=DIRECTION('',(0.E0,0.E0,-1.E0));
#4238=AXIS2_PLACEMENT_3D('',#4235,#4236,#4237);
#4239=PLANE('',#4238);
#4240=ORIENTED_EDGE('',*,*,#3916,.F.);
#4242=ORIENTED_EDGE('',*,*,#4241,.T.);
#4244=ORIENTED_EDGE('',*,*,#4243,.T.);
#4245=ORIENTED_EDGE('',*,*,#4060,.F.);
#4246=EDGE_LOOP('',(#4240,#4242,#4244,#4245));
#4247=FACE_OUTER_BOUND('',#4246,.F.);
#4248=ADVANCED_FACE('',(#4247),#4239,.T.);
#4249=CARTESIAN_POINT('',(-4.82E0,1.82E0,1.48E0));
#4250=DIRECTION('',(0.E0,0.E0,1.E0));
#4251=DIRECTION('',(0.E0,-1.E0,0.E0));
#4252=AXIS2_PLACEMENT_3D('',#4249,#4250,#4251);
#4253=PLANE('',#4252);
#4254=ORIENTED_EDGE('',*,*,#3914,.F.);
#4256=ORIENTED_EDGE('',*,*,#4255,.T.);
#4258=ORIENTED_EDGE('',*,*,#4257,.T.);
#4259=ORIENTED_EDGE('',*,*,#4241,.F.);
#4260=EDGE_LOOP('',(#4254,#4256,#4258,#4259));
#4261=FACE_OUTER_BOUND('',#4260,.F.);
#4262=ADVANCED_FACE('',(#4261),#4253,.T.);
#4263=CARTESIAN_POINT('',(-4.82E0,1.82E0,-3.72E0));
#4264=DIRECTION('',(0.E0,1.E0,0.E0));
#4265=DIRECTION('',(0.E0,0.E0,1.E0));
#4266=AXIS2_PLACEMENT_3D('',#4263,#4264,#4265);
#4267=PLANE('',#4266);
#4268=ORIENTED_EDGE('',*,*,#3912,.F.);
#4269=ORIENTED_EDGE('',*,*,#4064,.T.);
#4271=ORIENTED_EDGE('',*,*,#4270,.T.);
#4272=ORIENTED_EDGE('',*,*,#4255,.F.);
#4273=EDGE_LOOP('',(#4268,#4269,#4271,#4272));
#4274=FACE_OUTER_BOUND('',#4273,.F.);
#4275=ADVANCED_FACE('',(#4274),#4267,.T.);
#4276=CARTESIAN_POINT('',(-4.18E0,0.E0,0.E0));
#4277=DIRECTION('',(1.E0,0.E0,0.E0));
#4278=DIRECTION('',(0.E0,0.E0,-1.E0));
#4279=AXIS2_PLACEMENT_3D('',#4276,#4277,#4278);
#4280=PLANE('',#4279);
#4281=ORIENTED_EDGE('',*,*,#4009,.F.);
#4282=ORIENTED_EDGE('',*,*,#4229,.F.);
#4284=ORIENTED_EDGE('',*,*,#4283,.F.);
#4286=ORIENTED_EDGE('',*,*,#4285,.F.);
#4287=EDGE_LOOP('',(#4281,#4282,#4284,#4286));
#4288=FACE_OUTER_BOUND('',#4287,.F.);
#4289=ADVANCED_FACE('',(#4288),#4280,.T.);
#4290=CARTESIAN_POINT('',(-4.18E0,0.E0,0.E0));
#4291=DIRECTION('',(1.E0,0.E0,0.E0));
#4292=DIRECTION('',(0.E0,0.E0,-1.E0));
#4293=AXIS2_PLACEMENT_3D('',#4290,#4291,#4292);
#4294=PLANE('',#4293);
#4295=ORIENTED_EDGE('',*,*,#4270,.F.);
#4296=ORIENTED_EDGE('',*,*,#4062,.F.);
#4297=ORIENTED_EDGE('',*,*,#4243,.F.);
#4298=ORIENTED_EDGE('',*,*,#4257,.F.);
#4299=EDGE_LOOP('',(#4295,#4296,#4297,#4298));
#4300=FACE_OUTER_BOUND('',#4299,.F.);
#4301=ADVANCED_FACE('',(#4300),#4294,.T.);
#4302=CARTESIAN_POINT('',(-4.18E0,0.E0,0.E0));
#4303=DIRECTION('',(1.E0,0.E0,0.E0));
#4304=DIRECTION('',(0.E0,0.E0,-1.E0));
#4305=AXIS2_PLACEMENT_3D('',#4302,#4303,#4304);
#4306=PLANE('',#4305);
#4308=ORIENTED_EDGE('',*,*,#4307,.F.);
#4310=ORIENTED_EDGE('',*,*,#4309,.F.);
#4312=ORIENTED_EDGE('',*,*,#4311,.F.);
#4314=ORIENTED_EDGE('',*,*,#4313,.F.);
#4315=EDGE_LOOP('',(#4308,#4310,#4312,#4314));
#4316=FACE_OUTER_BOUND('',#4315,.F.);
#4317=ADVANCED_FACE('',(#4316),#4306,.T.);
#4318=CARTESIAN_POINT('',(-4.18E0,0.E0,0.E0));
#4319=DIRECTION('',(1.E0,0.E0,0.E0));
#4320=DIRECTION('',(0.E0,0.E0,-1.E0));
#4321=AXIS2_PLACEMENT_3D('',#4318,#4319,#4320);
#4322=PLANE('',#4321);
#4324=ORIENTED_EDGE('',*,*,#4323,.F.);
#4326=ORIENTED_EDGE('',*,*,#4325,.F.);
#4328=ORIENTED_EDGE('',*,*,#4327,.F.);
#4330=ORIENTED_EDGE('',*,*,#4329,.F.);
#4331=EDGE_LOOP('',(#4324,#4326,#4328,#4330));
#4332=FACE_OUTER_BOUND('',#4331,.F.);
#4333=ADVANCED_FACE('',(#4332),#4322,.T.);
#4334=CARTESIAN_POINT('',(-4.18E0,0.E0,0.E0));
#4335=DIRECTION('',(1.E0,0.E0,0.E0));
#4336=DIRECTION('',(0.E0,0.E0,-1.E0));
#4337=AXIS2_PLACEMENT_3D('',#4334,#4335,#4336);
#4338=PLANE('',#4337);
#4340=ORIENTED_EDGE('',*,*,#4339,.T.);
#4342=ORIENTED_EDGE('',*,*,#4341,.F.);
#4344=ORIENTED_EDGE('',*,*,#4343,.F.);
#4346=ORIENTED_EDGE('',*,*,#4345,.F.);
#4347=ORIENTED_EDGE('',*,*,#3864,.T.);
#4349=ORIENTED_EDGE('',*,*,#4348,.F.);
#4351=ORIENTED_EDGE('',*,*,#4350,.F.);
#4353=ORIENTED_EDGE('',*,*,#4352,.F.);
#4354=EDGE_LOOP('',(#4340,#4342,#4344,#4346,#4347,#4349,#4351,#4353));
#4355=FACE_OUTER_BOUND('',#4354,.F.);
#4356=ADVANCED_FACE('',(#4355),#4338,.T.);
#4357=CARTESIAN_POINT('',(-4.18E0,0.E0,0.E0));
#4358=DIRECTION('',(1.E0,0.E0,0.E0));
#4359=DIRECTION('',(0.E0,0.E0,-1.E0));
#4360=AXIS2_PLACEMENT_3D('',#4357,#4358,#4359);
#4361=PLANE('',#4360);
#4363=ORIENTED_EDGE('',*,*,#4362,.T.);
#4365=ORIENTED_EDGE('',*,*,#4364,.F.);
#4367=ORIENTED_EDGE('',*,*,#4366,.F.);
#4369=ORIENTED_EDGE('',*,*,#4368,.F.);
#4370=ORIENTED_EDGE('',*,*,#3814,.T.);
#4372=ORIENTED_EDGE('',*,*,#4371,.F.);
#4374=ORIENTED_EDGE('',*,*,#4373,.F.);
#4376=ORIENTED_EDGE('',*,*,#4375,.F.);
#4377=EDGE_LOOP('',(#4363,#4365,#4367,#4369,#4370,#4372,#4374,#4376));
#4378=FACE_OUTER_BOUND('',#4377,.F.);
#4379=ADVANCED_FACE('',(#4378),#4361,.T.);
#4380=CARTESIAN_POINT('',(-4.82E0,-1.82E0,1.48E0));
#4381=DIRECTION('',(0.E0,-1.E0,0.E0));
#4382=DIRECTION('',(0.E0,0.E0,-1.E0));
#4383=AXIS2_PLACEMENT_3D('',#4380,#4381,#4382);
#4384=PLANE('',#4383);
#4385=ORIENTED_EDGE('',*,*,#3900,.F.);
#4387=ORIENTED_EDGE('',*,*,#4386,.T.);
#4388=ORIENTED_EDGE('',*,*,#4283,.T.);
#4389=ORIENTED_EDGE('',*,*,#4227,.F.);
#4390=EDGE_LOOP('',(#4385,#4387,#4388,#4389));
#4391=FACE_OUTER_BOUND('',#4390,.F.);
#4392=ADVANCED_FACE('',(#4391),#4384,.T.);
#4393=CARTESIAN_POINT('',(-4.82E0,-1.18E0,1.48E0));
#4394=DIRECTION('',(0.E0,0.E0,1.E0));
#4395=DIRECTION('',(0.E0,-1.E0,0.E0));
#4396=AXIS2_PLACEMENT_3D('',#4393,#4394,#4395);
#4397=PLANE('',#4396);
#4398=ORIENTED_EDGE('',*,*,#3898,.F.);
#4399=ORIENTED_EDGE('',*,*,#4011,.T.);
#4400=ORIENTED_EDGE('',*,*,#4285,.T.);
#4401=ORIENTED_EDGE('',*,*,#4386,.F.);
#4402=EDGE_LOOP('',(#4398,#4399,#4400,#4401));
#4403=FACE_OUTER_BOUND('',#4402,.F.);
#4404=ADVANCED_FACE('',(#4403),#4397,.T.);
#4405=CARTESIAN_POINT('',(0.E0,-5.45E0,0.E0));
#4406=DIRECTION('',(0.E0,1.E0,0.E0));
#4407=DIRECTION('',(0.E0,0.E0,1.E0));
#4408=AXIS2_PLACEMENT_3D('',#4405,#4406,#4407);
#4409=PLANE('',#4408);
#4411=ORIENTED_EDGE('',*,*,#4410,.F.);
#4413=ORIENTED_EDGE('',*,*,#4412,.T.);
#4415=ORIENTED_EDGE('',*,*,#4414,.T.);
#4417=ORIENTED_EDGE('',*,*,#4416,.T.);
#4419=ORIENTED_EDGE('',*,*,#4418,.F.);
#4421=ORIENTED_EDGE('',*,*,#4420,.T.);
#4423=ORIENTED_EDGE('',*,*,#4422,.T.);
#4425=ORIENTED_EDGE('',*,*,#4424,.T.);
#4426=EDGE_LOOP('',(#4411,#4413,#4415,#4417,#4419,#4421,#4423,#4425));
#4427=FACE_OUTER_BOUND('',#4426,.F.);
#4429=ORIENTED_EDGE('',*,*,#4428,.F.);
#4431=ORIENTED_EDGE('',*,*,#4430,.T.);
#4433=ORIENTED_EDGE('',*,*,#4432,.T.);
#4435=ORIENTED_EDGE('',*,*,#4434,.F.);
#4436=EDGE_LOOP('',(#4429,#4431,#4433,#4435));
#4437=FACE_BOUND('',#4436,.F.);
#4439=ORIENTED_EDGE('',*,*,#4438,.F.);
#4441=ORIENTED_EDGE('',*,*,#4440,.T.);
#4443=ORIENTED_EDGE('',*,*,#4442,.T.);
#4445=ORIENTED_EDGE('',*,*,#4444,.F.);
#4446=EDGE_LOOP('',(#4439,#4441,#4443,#4445));
#4447=FACE_BOUND('',#4446,.F.);
#4449=ORIENTED_EDGE('',*,*,#4448,.F.);
#4451=ORIENTED_EDGE('',*,*,#4450,.T.);
#4453=ORIENTED_EDGE('',*,*,#4452,.T.);
#4455=ORIENTED_EDGE('',*,*,#4454,.F.);
#4456=EDGE_LOOP('',(#4449,#4451,#4453,#4455));
#4457=FACE_BOUND('',#4456,.F.);
#4459=ORIENTED_EDGE('',*,*,#4458,.F.);
#4461=ORIENTED_EDGE('',*,*,#4460,.T.);
#4463=ORIENTED_EDGE('',*,*,#4462,.T.);
#4465=ORIENTED_EDGE('',*,*,#4464,.F.);
#4466=EDGE_LOOP('',(#4459,#4461,#4463,#4465));
#4467=FACE_BOUND('',#4466,.F.);
#4469=ORIENTED_EDGE('',*,*,#4468,.F.);
#4471=ORIENTED_EDGE('',*,*,#4470,.T.);
#4473=ORIENTED_EDGE('',*,*,#4472,.T.);
#4475=ORIENTED_EDGE('',*,*,#4474,.F.);
#4476=EDGE_LOOP('',(#4469,#4471,#4473,#4475));
#4477=FACE_BOUND('',#4476,.F.);
#4478=ORIENTED_EDGE('',*,*,#3928,.F.);
#4480=ORIENTED_EDGE('',*,*,#4479,.T.);
#4481=ORIENTED_EDGE('',*,*,#4307,.T.);
#4483=ORIENTED_EDGE('',*,*,#4482,.F.);
#4484=EDGE_LOOP('',(#4478,#4480,#4481,#4483));
#4485=FACE_BOUND('',#4484,.F.);
#4486=ORIENTED_EDGE('',*,*,#3944,.F.);
#4488=ORIENTED_EDGE('',*,*,#4487,.T.);
#4489=ORIENTED_EDGE('',*,*,#4323,.T.);
#4491=ORIENTED_EDGE('',*,*,#4490,.F.);
#4492=EDGE_LOOP('',(#4486,#4488,#4489,#4491));
#4493=FACE_BOUND('',#4492,.F.);
#4495=ORIENTED_EDGE('',*,*,#4494,.T.);
#4497=ORIENTED_EDGE('',*,*,#4496,.T.);
#4498=EDGE_LOOP('',(#4495,#4497));
#4499=FACE_BOUND('',#4498,.F.);
#4501=ORIENTED_EDGE('',*,*,#4500,.T.);
#4503=ORIENTED_EDGE('',*,*,#4502,.T.);
#4504=EDGE_LOOP('',(#4501,#4503));
#4505=FACE_BOUND('',#4504,.F.);
#4507=ORIENTED_EDGE('',*,*,#4506,.T.);
#4509=ORIENTED_EDGE('',*,*,#4508,.T.);
#4510=EDGE_LOOP('',(#4507,#4509));
#4511=FACE_BOUND('',#4510,.F.);
#4513=ORIENTED_EDGE('',*,*,#4512,.F.);
#4515=ORIENTED_EDGE('',*,*,#4514,.T.);
#4517=ORIENTED_EDGE('',*,*,#4516,.T.);
#4519=ORIENTED_EDGE('',*,*,#4518,.F.);
#4520=EDGE_LOOP('',(#4513,#4515,#4517,#4519));
#4521=FACE_BOUND('',#4520,.F.);
#4522=ADVANCED_FACE('',(#4427,#4437,#4447,#4457,#4467,#4477,#4485,#4493,#4499,
#4505,#4511,#4521),#4409,.F.);
#4523=CARTESIAN_POINT('',(4.18E0,0.E0,0.E0));
#4524=DIRECTION('',(1.E0,0.E0,0.E0));
#4525=DIRECTION('',(0.E0,0.E0,-1.E0));
#4526=AXIS2_PLACEMENT_3D('',#4523,#4524,#4525);
#4527=PLANE('',#4526);
#4529=ORIENTED_EDGE('',*,*,#4528,.T.);
#4531=ORIENTED_EDGE('',*,*,#4530,.T.);
#4533=ORIENTED_EDGE('',*,*,#4532,.T.);
#4534=ORIENTED_EDGE('',*,*,#4142,.T.);
#4535=EDGE_LOOP('',(#4529,#4531,#4533,#4534));
#4536=FACE_OUTER_BOUND('',#4535,.F.);
#4537=ADVANCED_FACE('',(#4536),#4527,.F.);
#4538=CARTESIAN_POINT('',(4.18E0,0.E0,0.E0));
#4539=DIRECTION('',(1.E0,0.E0,0.E0));
#4540=DIRECTION('',(0.E0,0.E0,-1.E0));
#4541=AXIS2_PLACEMENT_3D('',#4538,#4539,#4540);
#4542=PLANE('',#4541);
#4544=ORIENTED_EDGE('',*,*,#4543,.T.);
#4546=ORIENTED_EDGE('',*,*,#4545,.T.);
#4548=ORIENTED_EDGE('',*,*,#4547,.T.);
#4549=ORIENTED_EDGE('',*,*,#4114,.T.);
#4550=EDGE_LOOP('',(#4544,#4546,#4548,#4549));
#4551=FACE_OUTER_BOUND('',#4550,.F.);
#4552=ADVANCED_FACE('',(#4551),#4542,.F.);
#4553=CARTESIAN_POINT('',(4.18E0,0.E0,0.E0));
#4554=DIRECTION('',(1.E0,0.E0,0.E0));
#4555=DIRECTION('',(0.E0,0.E0,-1.E0));
#4556=AXIS2_PLACEMENT_3D('',#4553,#4554,#4555);
#4557=PLANE('',#4556);
#4558=ORIENTED_EDGE('',*,*,#4512,.T.);
#4560=ORIENTED_EDGE('',*,*,#4559,.T.);
#4562=ORIENTED_EDGE('',*,*,#4561,.T.);
#4564=ORIENTED_EDGE('',*,*,#4563,.T.);
#4565=EDGE_LOOP('',(#4558,#4560,#4562,#4564));
#4566=FACE_OUTER_BOUND('',#4565,.F.);
#4567=ADVANCED_FACE('',(#4566),#4557,.F.);
#4568=CARTESIAN_POINT('',(4.18E0,0.E0,0.E0));
#4569=DIRECTION('',(1.E0,0.E0,0.E0));
#4570=DIRECTION('',(0.E0,0.E0,-1.E0));
#4571=AXIS2_PLACEMENT_3D('',#4568,#4569,#4570);
#4572=PLANE('',#4571);
#4573=ORIENTED_EDGE('',*,*,#4428,.T.);
#4575=ORIENTED_EDGE('',*,*,#4574,.T.);
#4577=ORIENTED_EDGE('',*,*,#4576,.T.);
#4579=ORIENTED_EDGE('',*,*,#4578,.T.);
#4580=EDGE_LOOP('',(#4573,#4575,#4577,#4579));
#4581=FACE_OUTER_BOUND('',#4580,.F.);
#4582=ADVANCED_FACE('',(#4581),#4572,.F.);
#4583=CARTESIAN_POINT('',(4.18E0,0.E0,0.E0));
#4584=DIRECTION('',(1.E0,0.E0,0.E0));
#4585=DIRECTION('',(0.E0,0.E0,-1.E0));
#4586=AXIS2_PLACEMENT_3D('',#4583,#4584,#4585);
#4587=PLANE('',#4586);
#4589=ORIENTED_EDGE('',*,*,#4588,.F.);
#4591=ORIENTED_EDGE('',*,*,#4590,.T.);
#4593=ORIENTED_EDGE('',*,*,#4592,.T.);
#4595=ORIENTED_EDGE('',*,*,#4594,.T.);
#4596=ORIENTED_EDGE('',*,*,#3880,.F.);
#4598=ORIENTED_EDGE('',*,*,#4597,.T.);
#4600=ORIENTED_EDGE('',*,*,#4599,.T.);
#4602=ORIENTED_EDGE('',*,*,#4601,.T.);
#4603=EDGE_LOOP('',(#4589,#4591,#4593,#4595,#4596,#4598,#4600,#4602));
#4604=FACE_OUTER_BOUND('',#4603,.F.);
#4605=ADVANCED_FACE('',(#4604),#4587,.F.);
#4606=CARTESIAN_POINT('',(4.18E0,0.E0,0.E0));
#4607=DIRECTION('',(1.E0,0.E0,0.E0));
#4608=DIRECTION('',(0.E0,0.E0,-1.E0));
#4609=AXIS2_PLACEMENT_3D('',#4606,#4607,#4608);
#4610=PLANE('',#4609);
#4612=ORIENTED_EDGE('',*,*,#4611,.F.);
#4614=ORIENTED_EDGE('',*,*,#4613,.T.);
#4616=ORIENTED_EDGE('',*,*,#4615,.T.);
#4618=ORIENTED_EDGE('',*,*,#4617,.T.);
#4619=ORIENTED_EDGE('',*,*,#3870,.F.);
#4621=ORIENTED_EDGE('',*,*,#4620,.T.);
#4623=ORIENTED_EDGE('',*,*,#4622,.T.);
#4625=ORIENTED_EDGE('',*,*,#4624,.T.);
#4626=EDGE_LOOP('',(#4612,#4614,#4616,#4618,#4619,#4621,#4623,#4625));
#4627=FACE_OUTER_BOUND('',#4626,.F.);
#4628=ADVANCED_FACE('',(#4627),#4610,.F.);
#4629=CARTESIAN_POINT('',(4.18E0,-1.18E0,-3.72E0));
#4630=DIRECTION('',(0.E0,1.E0,0.E0));
#4631=DIRECTION('',(0.E0,0.E0,1.E0));
#4632=AXIS2_PLACEMENT_3D('',#4629,#4630,#4631);
#4633=PLANE('',#4632);
#4634=ORIENTED_EDGE('',*,*,#4528,.F.);
#4635=ORIENTED_EDGE('',*,*,#4148,.T.);
#4637=ORIENTED_EDGE('',*,*,#4636,.T.);
#4639=ORIENTED_EDGE('',*,*,#4638,.F.);
#4640=EDGE_LOOP('',(#4634,#4635,#4637,#4639));
#4641=FACE_OUTER_BOUND('',#4640,.F.);
#4642=ADVANCED_FACE('',(#4641),#4633,.T.);
#4643=CARTESIAN_POINT('',(4.82E0,0.E0,0.E0));
#4644=DIRECTION('',(1.E0,0.E0,0.E0));
#4645=DIRECTION('',(0.E0,0.E0,-1.E0));
#4646=AXIS2_PLACEMENT_3D('',#4643,#4644,#4645);
#4647=PLANE('',#4646);
#4648=ORIENTED_EDGE('',*,*,#4636,.F.);
#4649=ORIENTED_EDGE('',*,*,#4146,.F.);
#4651=ORIENTED_EDGE('',*,*,#4650,.F.);
#4653=ORIENTED_EDGE('',*,*,#4652,.F.);
#4654=EDGE_LOOP('',(#4648,#4649,#4651,#4653));
#4655=FACE_OUTER_BOUND('',#4654,.F.);
#4656=ADVANCED_FACE('',(#4655),#4647,.T.);
#4657=CARTESIAN_POINT('',(4.82E0,0.E0,0.E0));
#4658=DIRECTION('',(1.E0,0.E0,0.E0));
#4659=DIRECTION('',(0.E0,0.E0,-1.E0));
#4660=AXIS2_PLACEMENT_3D('',#4657,#4658,#4659);
#4661=PLANE('',#4660);
#4663=ORIENTED_EDGE('',*,*,#4662,.F.);
#4664=ORIENTED_EDGE('',*,*,#4118,.F.);
#4666=ORIENTED_EDGE('',*,*,#4665,.F.);
#4668=ORIENTED_EDGE('',*,*,#4667,.F.);
#4669=EDGE_LOOP('',(#4663,#4664,#4666,#4668));
#4670=FACE_OUTER_BOUND('',#4669,.F.);
#4671=ADVANCED_FACE('',(#4670),#4661,.T.);
#4672=CARTESIAN_POINT('',(4.82E0,0.E0,0.E0));
#4673=DIRECTION('',(1.E0,0.E0,0.E0));
#4674=DIRECTION('',(0.E0,0.E0,-1.E0));
#4675=AXIS2_PLACEMENT_3D('',#4672,#4673,#4674);
#4676=PLANE('',#4675);
#4677=ORIENTED_EDGE('',*,*,#4516,.F.);
#4679=ORIENTED_EDGE('',*,*,#4678,.F.);
#4681=ORIENTED_EDGE('',*,*,#4680,.F.);
#4683=ORIENTED_EDGE('',*,*,#4682,.F.);
#4684=EDGE_LOOP('',(#4677,#4679,#4681,#4683));
#4685=FACE_OUTER_BOUND('',#4684,.F.);
#4686=ADVANCED_FACE('',(#4685),#4676,.T.);
#4687=CARTESIAN_POINT('',(4.82E0,0.E0,0.E0));
#4688=DIRECTION('',(1.E0,0.E0,0.E0));
#4689=DIRECTION('',(0.E0,0.E0,-1.E0));
#4690=AXIS2_PLACEMENT_3D('',#4687,#4688,#4689);
#4691=PLANE('',#4690);
#4692=ORIENTED_EDGE('',*,*,#4432,.F.);
#4694=ORIENTED_EDGE('',*,*,#4693,.F.);
#4696=ORIENTED_EDGE('',*,*,#4695,.F.);
#4698=ORIENTED_EDGE('',*,*,#4697,.F.);
#4699=EDGE_LOOP('',(#4692,#4694,#4696,#4698));
#4700=FACE_OUTER_BOUND('',#4699,.F.);
#4701=ADVANCED_FACE('',(#4700),#4691,.T.);
#4702=CARTESIAN_POINT('',(4.82E0,0.E0,0.E0));
#4703=DIRECTION('',(1.E0,0.E0,0.E0));
#4704=DIRECTION('',(0.E0,0.E0,-1.E0));
#4705=AXIS2_PLACEMENT_3D('',#4702,#4703,#4704);
#4706=PLANE('',#4705);
#4708=ORIENTED_EDGE('',*,*,#4707,.T.);
#4710=ORIENTED_EDGE('',*,*,#4709,.F.);
#4712=ORIENTED_EDGE('',*,*,#4711,.F.);
#4714=ORIENTED_EDGE('',*,*,#4713,.F.);
#4715=ORIENTED_EDGE('',*,*,#3884,.T.);
#4717=ORIENTED_EDGE('',*,*,#4716,.F.);
#4719=ORIENTED_EDGE('',*,*,#4718,.F.);
#4721=ORIENTED_EDGE('',*,*,#4720,.F.);
#4722=EDGE_LOOP('',(#4708,#4710,#4712,#4714,#4715,#4717,#4719,#4721));
#4723=FACE_OUTER_BOUND('',#4722,.F.);
#4724=ADVANCED_FACE('',(#4723),#4706,.T.);
#4725=CARTESIAN_POINT('',(4.82E0,0.E0,0.E0));
#4726=DIRECTION('',(1.E0,0.E0,0.E0));
#4727=DIRECTION('',(0.E0,0.E0,-1.E0));
#4728=AXIS2_PLACEMENT_3D('',#4725,#4726,#4727);
#4729=PLANE('',#4728);
#4731=ORIENTED_EDGE('',*,*,#4730,.T.);
#4733=ORIENTED_EDGE('',*,*,#4732,.F.);
#4735=ORIENTED_EDGE('',*,*,#4734,.F.);
#4737=ORIENTED_EDGE('',*,*,#4736,.F.);
#4738=ORIENTED_EDGE('',*,*,#3874,.T.);
#4740=ORIENTED_EDGE('',*,*,#4739,.F.);
#4742=ORIENTED_EDGE('',*,*,#4741,.F.);
#4744=ORIENTED_EDGE('',*,*,#4743,.F.);
#4745=EDGE_LOOP('',(#4731,#4733,#4735,#4737,#4738,#4740,#4742,#4744));
#4746=FACE_OUTER_BOUND('',#4745,.F.);
#4747=ADVANCED_FACE('',(#4746),#4729,.T.);
#4748=CARTESIAN_POINT('',(4.18E0,-1.82E0,1.48E0));
#4749=DIRECTION('',(0.E0,-1.E0,0.E0));
#4750=DIRECTION('',(0.E0,0.E0,-1.E0));
#4751=AXIS2_PLACEMENT_3D('',#4748,#4749,#4750);
#4752=PLANE('',#4751);
#4753=ORIENTED_EDGE('',*,*,#4532,.F.);
#4755=ORIENTED_EDGE('',*,*,#4754,.T.);
#4756=ORIENTED_EDGE('',*,*,#4650,.T.);
#4757=ORIENTED_EDGE('',*,*,#4144,.F.);
#4758=EDGE_LOOP('',(#4753,#4755,#4756,#4757));
#4759=FACE_OUTER_BOUND('',#4758,.F.);
#4760=ADVANCED_FACE('',(#4759),#4752,.T.);
#4761=CARTESIAN_POINT('',(4.18E0,-1.18E0,1.48E0));
#4762=DIRECTION('',(0.E0,0.E0,1.E0));
#4763=DIRECTION('',(0.E0,-1.E0,0.E0));
#4764=AXIS2_PLACEMENT_3D('',#4761,#4762,#4763);
#4765=PLANE('',#4764);
#4766=ORIENTED_EDGE('',*,*,#4530,.F.);
#4767=ORIENTED_EDGE('',*,*,#4638,.T.);
#4768=ORIENTED_EDGE('',*,*,#4652,.T.);
#4769=ORIENTED_EDGE('',*,*,#4754,.F.);
#4770=EDGE_LOOP('',(#4766,#4767,#4768,#4769));
#4771=FACE_OUTER_BOUND('',#4770,.F.);
#4772=ADVANCED_FACE('',(#4771),#4765,.T.);
#4773=CARTESIAN_POINT('',(4.18E0,1.82E0,-3.72E0));
#4774=DIRECTION('',(0.E0,1.E0,0.E0));
#4775=DIRECTION('',(0.E0,0.E0,1.E0));
#4776=AXIS2_PLACEMENT_3D('',#4773,#4774,#4775);
#4777=PLANE('',#4776);
#4778=ORIENTED_EDGE('',*,*,#4543,.F.);
#4779=ORIENTED_EDGE('',*,*,#4120,.T.);
#4780=ORIENTED_EDGE('',*,*,#4662,.T.);
#4782=ORIENTED_EDGE('',*,*,#4781,.F.);
#4783=EDGE_LOOP('',(#4778,#4779,#4780,#4782));
#4784=FACE_OUTER_BOUND('',#4783,.F.);
#4785=ADVANCED_FACE('',(#4784),#4777,.T.);
#4786=CARTESIAN_POINT('',(4.18E0,1.82E0,1.48E0));
#4787=DIRECTION('',(0.E0,0.E0,1.E0));
#4788=DIRECTION('',(0.E0,-1.E0,0.E0));
#4789=AXIS2_PLACEMENT_3D('',#4786,#4787,#4788);
#4790=PLANE('',#4789);
#4791=ORIENTED_EDGE('',*,*,#4545,.F.);
#4792=ORIENTED_EDGE('',*,*,#4781,.T.);
#4793=ORIENTED_EDGE('',*,*,#4667,.T.);
#4795=ORIENTED_EDGE('',*,*,#4794,.F.);
#4796=EDGE_LOOP('',(#4791,#4792,#4793,#4795));
#4797=FACE_OUTER_BOUND('',#4796,.F.);
#4798=ADVANCED_FACE('',(#4797),#4790,.T.);
#4799=CARTESIAN_POINT('',(4.18E0,1.18E0,1.48E0));
#4800=DIRECTION('',(0.E0,-1.E0,0.E0));
#4801=DIRECTION('',(0.E0,0.E0,-1.E0));
#4802=AXIS2_PLACEMENT_3D('',#4799,#4800,#4801);
#4803=PLANE('',#4802);
#4804=ORIENTED_EDGE('',*,*,#4547,.F.);
#4805=ORIENTED_EDGE('',*,*,#4794,.T.);
#4806=ORIENTED_EDGE('',*,*,#4665,.T.);
#4807=ORIENTED_EDGE('',*,*,#4116,.F.);
#4808=EDGE_LOOP('',(#4804,#4805,#4806,#4807));
#4809=FACE_OUTER_BOUND('',#4808,.F.);
#4810=ADVANCED_FACE('',(#4809),#4803,.T.);
#4811=CARTESIAN_POINT('',(4.18E0,-9.45E0,-1.195E1));
#4812=DIRECTION('',(0.E0,0.E0,-1.E0));
#4813=DIRECTION('',(0.E0,1.E0,0.E0));
#4814=AXIS2_PLACEMENT_3D('',#4811,#4812,#4813);
#4815=PLANE('',#4814);
#4816=ORIENTED_EDGE('',*,*,#4514,.F.);
#4817=ORIENTED_EDGE('',*,*,#4563,.F.);
#4819=ORIENTED_EDGE('',*,*,#4818,.T.);
#4820=ORIENTED_EDGE('',*,*,#4678,.T.);
#4821=EDGE_LOOP('',(#4816,#4817,#4819,#4820));
#4822=FACE_OUTER_BOUND('',#4821,.F.);
#4823=ADVANCED_FACE('',(#4822),#4815,.T.);
#4824=CARTESIAN_POINT('',(4.18E0,-9.45E0,-1.195E1));
#4825=DIRECTION('',(0.E0,0.E0,-1.E0));
#4826=DIRECTION('',(0.E0,1.E0,0.E0));
#4827=AXIS2_PLACEMENT_3D('',#4824,#4825,#4826);
#4828=PLANE('',#4827);
#4830=ORIENTED_EDGE('',*,*,#4829,.T.);
#4831=ORIENTED_EDGE('',*,*,#4720,.T.);
#4833=ORIENTED_EDGE('',*,*,#4832,.F.);
#4834=ORIENTED_EDGE('',*,*,#4590,.F.);
#4835=EDGE_LOOP('',(#4830,#4831,#4833,#4834));
#4836=FACE_OUTER_BOUND('',#4835,.F.);
#4837=ADVANCED_FACE('',(#4836),#4828,.T.);
#4838=CARTESIAN_POINT('',(4.18E0,-9.45E0,-1.131E1));
#4839=DIRECTION('',(0.E0,-1.E0,0.E0));
#4840=DIRECTION('',(0.E0,0.E0,-1.E0));
#4841=AXIS2_PLACEMENT_3D('',#4838,#4839,#4840);
#4842=PLANE('',#4841);
#4843=ORIENTED_EDGE('',*,*,#4561,.F.);
#4845=ORIENTED_EDGE('',*,*,#4844,.T.);
#4846=ORIENTED_EDGE('',*,*,#4680,.T.);
#4847=ORIENTED_EDGE('',*,*,#4818,.F.);
#4848=EDGE_LOOP('',(#4843,#4845,#4846,#4847));
#4849=FACE_OUTER_BOUND('',#4848,.F.);
#4850=ADVANCED_FACE('',(#4849),#4842,.T.);
#4851=CARTESIAN_POINT('',(4.18E0,5.8E-1,-1.131E1));
#4852=DIRECTION('',(0.E0,0.E0,1.E0));
#4853=DIRECTION('',(0.E0,-1.E0,0.E0));
#4854=AXIS2_PLACEMENT_3D('',#4851,#4852,#4853);
#4855=PLANE('',#4854);
#4856=ORIENTED_EDGE('',*,*,#4518,.T.);
#4857=ORIENTED_EDGE('',*,*,#4682,.T.);
#4858=ORIENTED_EDGE('',*,*,#4844,.F.);
#4859=ORIENTED_EDGE('',*,*,#4559,.F.);
#4860=EDGE_LOOP('',(#4856,#4857,#4858,#4859));
#4861=FACE_OUTER_BOUND('',#4860,.F.);
#4862=ADVANCED_FACE('',(#4861),#4855,.T.);
#4863=CARTESIAN_POINT('',(4.18E0,5.8E-1,-1.131E1));
#4864=DIRECTION('',(0.E0,0.E0,1.E0));
#4865=DIRECTION('',(0.E0,-1.E0,0.E0));
#4866=AXIS2_PLACEMENT_3D('',#4863,#4864,#4865);
#4867=PLANE('',#4866);
#4869=ORIENTED_EDGE('',*,*,#4868,.F.);
#4870=ORIENTED_EDGE('',*,*,#4601,.F.);
#4872=ORIENTED_EDGE('',*,*,#4871,.T.);
#4873=ORIENTED_EDGE('',*,*,#4709,.T.);
#4874=EDGE_LOOP('',(#4869,#4870,#4872,#4873));
#4875=FACE_OUTER_BOUND('',#4874,.F.);
#4876=ADVANCED_FACE('',(#4875),#4867,.T.);
#4877=CARTESIAN_POINT('',(0.E0,-4.95E0,0.E0));
#4878=DIRECTION('',(0.E0,1.E0,0.E0));
#4879=DIRECTION('',(0.E0,0.E0,1.E0));
#4880=AXIS2_PLACEMENT_3D('',#4877,#4878,#4879);
#4881=PLANE('',#4880);
#4883=ORIENTED_EDGE('',*,*,#4882,.F.);
#4885=ORIENTED_EDGE('',*,*,#4884,.F.);
#4887=ORIENTED_EDGE('',*,*,#4886,.F.);
#4889=ORIENTED_EDGE('',*,*,#4888,.F.);
#4891=ORIENTED_EDGE('',*,*,#4890,.F.);
#4893=ORIENTED_EDGE('',*,*,#4892,.F.);
#4895=ORIENTED_EDGE('',*,*,#4894,.F.);
#4897=ORIENTED_EDGE('',*,*,#4896,.F.);
#4898=EDGE_LOOP('',(#4883,#4885,#4887,#4889,#4891,#4893,#4895,#4897));
#4899=FACE_OUTER_BOUND('',#4898,.F.);
#4900=ORIENTED_EDGE('',*,*,#4611,.T.);
#4902=ORIENTED_EDGE('',*,*,#4901,.T.);
#4903=ORIENTED_EDGE('',*,*,#4730,.F.);
#4905=ORIENTED_EDGE('',*,*,#4904,.F.);
#4906=EDGE_LOOP('',(#4900,#4902,#4903,#4905));
#4907=FACE_BOUND('',#4906,.F.);
#4909=ORIENTED_EDGE('',*,*,#4908,.T.);
#4911=ORIENTED_EDGE('',*,*,#4910,.T.);
#4913=ORIENTED_EDGE('',*,*,#4912,.F.);
#4915=ORIENTED_EDGE('',*,*,#4914,.F.);
#4916=EDGE_LOOP('',(#4909,#4911,#4913,#4915));
#4917=FACE_BOUND('',#4916,.F.);
#4919=ORIENTED_EDGE('',*,*,#4918,.T.);
#4921=ORIENTED_EDGE('',*,*,#4920,.T.);
#4923=ORIENTED_EDGE('',*,*,#4922,.F.);
#4925=ORIENTED_EDGE('',*,*,#4924,.F.);
#4926=EDGE_LOOP('',(#4919,#4921,#4923,#4925));
#4927=FACE_BOUND('',#4926,.F.);
#4929=ORIENTED_EDGE('',*,*,#4928,.T.);
#4931=ORIENTED_EDGE('',*,*,#4930,.T.);
#4933=ORIENTED_EDGE('',*,*,#4932,.F.);
#4935=ORIENTED_EDGE('',*,*,#4934,.F.);
#4936=EDGE_LOOP('',(#4929,#4931,#4933,#4935));
#4937=FACE_BOUND('',#4936,.F.);
#4939=ORIENTED_EDGE('',*,*,#4938,.T.);
#4941=ORIENTED_EDGE('',*,*,#4940,.T.);
#4943=ORIENTED_EDGE('',*,*,#4942,.F.);
#4945=ORIENTED_EDGE('',*,*,#4944,.F.);
#4946=EDGE_LOOP('',(#4939,#4941,#4943,#4945));
#4947=FACE_BOUND('',#4946,.F.);
#4948=ORIENTED_EDGE('',*,*,#3960,.T.);
#4950=ORIENTED_EDGE('',*,*,#4949,.T.);
#4951=ORIENTED_EDGE('',*,*,#4339,.F.);
#4953=ORIENTED_EDGE('',*,*,#4952,.F.);
#4954=EDGE_LOOP('',(#4948,#4950,#4951,#4953));
#4955=FACE_BOUND('',#4954,.F.);
#4956=ORIENTED_EDGE('',*,*,#3983,.T.);
#4958=ORIENTED_EDGE('',*,*,#4957,.T.);
#4959=ORIENTED_EDGE('',*,*,#4362,.F.);
#4961=ORIENTED_EDGE('',*,*,#4960,.F.);
#4962=EDGE_LOOP('',(#4956,#4958,#4959,#4961));
#4963=FACE_BOUND('',#4962,.F.);
#4965=ORIENTED_EDGE('',*,*,#4964,.F.);
#4967=ORIENTED_EDGE('',*,*,#4966,.F.);
#4968=EDGE_LOOP('',(#4965,#4967));
#4969=FACE_BOUND('',#4968,.F.);
#4971=ORIENTED_EDGE('',*,*,#4970,.F.);
#4973=ORIENTED_EDGE('',*,*,#4972,.F.);
#4974=EDGE_LOOP('',(#4971,#4973));
#4975=FACE_BOUND('',#4974,.F.);
#4977=ORIENTED_EDGE('',*,*,#4976,.F.);
#4979=ORIENTED_EDGE('',*,*,#4978,.F.);
#4980=EDGE_LOOP('',(#4977,#4979));
#4981=FACE_BOUND('',#4980,.F.);
#4982=ORIENTED_EDGE('',*,*,#4588,.T.);
#4983=ORIENTED_EDGE('',*,*,#4868,.T.);
#4984=ORIENTED_EDGE('',*,*,#4707,.F.);
#4985=ORIENTED_EDGE('',*,*,#4829,.F.);
#4986=EDGE_LOOP('',(#4982,#4983,#4984,#4985));
#4987=FACE_BOUND('',#4986,.F.);
#4988=ADVANCED_FACE('',(#4899,#4907,#4917,#4927,#4937,#4947,#4955,#4963,#4969,
#4975,#4981,#4987),#4881,.T.);
#4989=CARTESIAN_POINT('',(4.18E0,-2.42E0,-8.31E0));
#4990=DIRECTION('',(0.E0,0.E0,1.E0));
#4991=DIRECTION('',(0.E0,-1.E0,0.E0));
#4992=AXIS2_PLACEMENT_3D('',#4989,#4990,#4991);
#4993=PLANE('',#4992);
#4994=ORIENTED_EDGE('',*,*,#4434,.T.);
#4995=ORIENTED_EDGE('',*,*,#4697,.T.);
#4997=ORIENTED_EDGE('',*,*,#4996,.F.);
#4998=ORIENTED_EDGE('',*,*,#4574,.F.);
#4999=EDGE_LOOP('',(#4994,#4995,#4997,#4998));
#5000=FACE_OUTER_BOUND('',#4999,.F.);
#5001=ADVANCED_FACE('',(#5000),#4993,.T.);
#5002=CARTESIAN_POINT('',(4.18E0,-2.42E0,-8.31E0));
#5003=DIRECTION('',(0.E0,0.E0,1.E0));
#5004=DIRECTION('',(0.E0,-1.E0,0.E0));
#5005=AXIS2_PLACEMENT_3D('',#5002,#5003,#5004);
#5006=PLANE('',#5005);
#5007=ORIENTED_EDGE('',*,*,#4624,.F.);
#5009=ORIENTED_EDGE('',*,*,#5008,.T.);
#5010=ORIENTED_EDGE('',*,*,#4732,.T.);
#5011=ORIENTED_EDGE('',*,*,#4901,.F.);
#5012=EDGE_LOOP('',(#5007,#5009,#5010,#5011));
#5013=FACE_OUTER_BOUND('',#5012,.F.);
#5014=ADVANCED_FACE('',(#5013),#5006,.T.);
#5015=CARTESIAN_POINT('',(4.18E0,-9.45E0,-8.31E0));
#5016=DIRECTION('',(0.E0,-1.E0,0.E0));
#5017=DIRECTION('',(0.E0,0.E0,-1.E0));
#5018=AXIS2_PLACEMENT_3D('',#5015,#5016,#5017);
#5019=PLANE('',#5018);
#5020=ORIENTED_EDGE('',*,*,#4576,.F.);
#5021=ORIENTED_EDGE('',*,*,#4996,.T.);
#5022=ORIENTED_EDGE('',*,*,#4695,.T.);
#5024=ORIENTED_EDGE('',*,*,#5023,.F.);
#5025=EDGE_LOOP('',(#5020,#5021,#5022,#5024));
#5026=FACE_OUTER_BOUND('',#5025,.F.);
#5027=ADVANCED_FACE('',(#5026),#5019,.T.);
#5028=CARTESIAN_POINT('',(4.18E0,-9.45E0,-8.95E0));
#5029=DIRECTION('',(0.E0,0.E0,-1.E0));
#5030=DIRECTION('',(0.E0,1.E0,0.E0));
#5031=AXIS2_PLACEMENT_3D('',#5028,#5029,#5030);
#5032=PLANE('',#5031);
#5033=ORIENTED_EDGE('',*,*,#4430,.F.);
#5034=ORIENTED_EDGE('',*,*,#4578,.F.);
#5035=ORIENTED_EDGE('',*,*,#5023,.T.);
#5036=ORIENTED_EDGE('',*,*,#4693,.T.);
#5037=EDGE_LOOP('',(#5033,#5034,#5035,#5036));
#5038=FACE_OUTER_BOUND('',#5037,.F.);
#5039=ADVANCED_FACE('',(#5038),#5032,.T.);
#5040=CARTESIAN_POINT('',(4.18E0,-9.45E0,-8.95E0));
#5041=DIRECTION('',(0.E0,0.E0,-1.E0));
#5042=DIRECTION('',(0.E0,1.E0,0.E0));
#5043=AXIS2_PLACEMENT_3D('',#5040,#5041,#5042);
#5044=PLANE('',#5043);
#5045=ORIENTED_EDGE('',*,*,#4904,.T.);
#5046=ORIENTED_EDGE('',*,*,#4743,.T.);
#5048=ORIENTED_EDGE('',*,*,#5047,.F.);
#5049=ORIENTED_EDGE('',*,*,#4613,.F.);
#5050=EDGE_LOOP('',(#5045,#5046,#5048,#5049));
#5051=FACE_OUTER_BOUND('',#5050,.F.);
#5052=ADVANCED_FACE('',(#5051),#5044,.T.);
#5053=CARTESIAN_POINT('',(4.18E0,-2.58E0,-7.55E0));
#5054=DIRECTION('',(1.E0,0.E0,0.E0));
#5055=DIRECTION('',(0.E0,0.E0,-1.E0));
#5056=AXIS2_PLACEMENT_3D('',#5053,#5054,#5055);
#5057=CYLINDRICAL_SURFACE('',#5056,1.4E0);
#5058=ORIENTED_EDGE('',*,*,#4615,.F.);
#5059=ORIENTED_EDGE('',*,*,#5047,.T.);
#5060=ORIENTED_EDGE('',*,*,#4741,.T.);
#5062=ORIENTED_EDGE('',*,*,#5061,.F.);
#5063=EDGE_LOOP('',(#5058,#5059,#5060,#5062));
#5064=FACE_OUTER_BOUND('',#5063,.F.);
#5065=ADVANCED_FACE('',(#5064),#5057,.T.);
#5066=CARTESIAN_POINT('',(4.18E0,-1.18E0,-7.55E0));
#5067=DIRECTION('',(0.E0,1.E0,0.E0));
#5068=DIRECTION('',(0.E0,0.E0,1.E0));
#5069=AXIS2_PLACEMENT_3D('',#5066,#5067,#5068);
#5070=PLANE('',#5069);
#5071=ORIENTED_EDGE('',*,*,#3872,.F.);
#5072=ORIENTED_EDGE('',*,*,#4617,.F.);
#5073=ORIENTED_EDGE('',*,*,#5061,.T.);
#5074=ORIENTED_EDGE('',*,*,#4739,.T.);
#5075=EDGE_LOOP('',(#5071,#5072,#5073,#5074));
#5076=FACE_OUTER_BOUND('',#5075,.F.);
#5077=ADVANCED_FACE('',(#5076),#5070,.T.);
#5078=CARTESIAN_POINT('',(4.18E0,-2.42E0,-7.71E0));
#5079=DIRECTION('',(1.E0,0.E0,0.E0));
#5080=DIRECTION('',(0.E0,0.E0,-1.E0));
#5081=AXIS2_PLACEMENT_3D('',#5078,#5079,#5080);
#5082=CYLINDRICAL_SURFACE('',#5081,6.E-1);
#5083=ORIENTED_EDGE('',*,*,#4622,.F.);
#5085=ORIENTED_EDGE('',*,*,#5084,.T.);
#5086=ORIENTED_EDGE('',*,*,#4734,.T.);
#5087=ORIENTED_EDGE('',*,*,#5008,.F.);
#5088=EDGE_LOOP('',(#5083,#5085,#5086,#5087));
#5089=FACE_OUTER_BOUND('',#5088,.F.);
#5090=ADVANCED_FACE('',(#5089),#5082,.F.);
#5091=CARTESIAN_POINT('',(4.18E0,-1.82E0,-5.8E0));
#5092=DIRECTION('',(0.E0,-1.E0,0.E0));
#5093=DIRECTION('',(0.E0,0.E0,-1.E0));
#5094=AXIS2_PLACEMENT_3D('',#5091,#5092,#5093);
#5095=PLANE('',#5094);
#5096=ORIENTED_EDGE('',*,*,#3876,.T.);
#5097=ORIENTED_EDGE('',*,*,#4736,.T.);
#5098=ORIENTED_EDGE('',*,*,#5084,.F.);
#5099=ORIENTED_EDGE('',*,*,#4620,.F.);
#5100=EDGE_LOOP('',(#5096,#5097,#5098,#5099));
#5101=FACE_OUTER_BOUND('',#5100,.F.);
#5102=ADVANCED_FACE('',(#5101),#5095,.T.);
#5103=CARTESIAN_POINT('',(1.18E0,0.E0,0.E0));
#5104=DIRECTION('',(1.E0,0.E0,0.E0));
#5105=DIRECTION('',(0.E0,0.E0,-1.E0));
#5106=AXIS2_PLACEMENT_3D('',#5103,#5104,#5105);
#5107=PLANE('',#5106);
#5109=ORIENTED_EDGE('',*,*,#5108,.T.);
#5111=ORIENTED_EDGE('',*,*,#5110,.T.);
#5113=ORIENTED_EDGE('',*,*,#5112,.T.);
#5114=ORIENTED_EDGE('',*,*,#4170,.T.);
#5115=EDGE_LOOP('',(#5109,#5111,#5113,#5114));
#5116=FACE_OUTER_BOUND('',#5115,.F.);
#5117=ADVANCED_FACE('',(#5116),#5107,.F.);
#5118=CARTESIAN_POINT('',(1.18E0,0.E0,0.E0));
#5119=DIRECTION('',(1.E0,0.E0,0.E0));
#5120=DIRECTION('',(0.E0,0.E0,-1.E0));
#5121=AXIS2_PLACEMENT_3D('',#5118,#5119,#5120);
#5122=PLANE('',#5121);
#5124=ORIENTED_EDGE('',*,*,#5123,.T.);
#5126=ORIENTED_EDGE('',*,*,#5125,.T.);
#5128=ORIENTED_EDGE('',*,*,#5127,.T.);
#5129=ORIENTED_EDGE('',*,*,#4086,.T.);
#5130=EDGE_LOOP('',(#5124,#5126,#5128,#5129));
#5131=FACE_OUTER_BOUND('',#5130,.F.);
#5132=ADVANCED_FACE('',(#5131),#5122,.F.);
#5133=CARTESIAN_POINT('',(1.18E0,0.E0,0.E0));
#5134=DIRECTION('',(1.E0,0.E0,0.E0));
#5135=DIRECTION('',(0.E0,0.E0,-1.E0));
#5136=AXIS2_PLACEMENT_3D('',#5133,#5134,#5135);
#5137=PLANE('',#5136);
#5138=ORIENTED_EDGE('',*,*,#4438,.T.);
#5140=ORIENTED_EDGE('',*,*,#5139,.T.);
#5142=ORIENTED_EDGE('',*,*,#5141,.T.);
#5144=ORIENTED_EDGE('',*,*,#5143,.T.);
#5145=EDGE_LOOP('',(#5138,#5140,#5142,#5144));
#5146=FACE_OUTER_BOUND('',#5145,.F.);
#5147=ADVANCED_FACE('',(#5146),#5137,.F.);
#5148=CARTESIAN_POINT('',(1.18E0,0.E0,0.E0));
#5149=DIRECTION('',(1.E0,0.E0,0.E0));
#5150=DIRECTION('',(0.E0,0.E0,-1.E0));
#5151=AXIS2_PLACEMENT_3D('',#5148,#5149,#5150);
#5152=PLANE('',#5151);
#5153=ORIENTED_EDGE('',*,*,#4448,.T.);
#5155=ORIENTED_EDGE('',*,*,#5154,.T.);
#5157=ORIENTED_EDGE('',*,*,#5156,.T.);
#5159=ORIENTED_EDGE('',*,*,#5158,.T.);
#5160=EDGE_LOOP('',(#5153,#5155,#5157,#5159));
#5161=FACE_OUTER_BOUND('',#5160,.F.);
#5162=ADVANCED_FACE('',(#5161),#5152,.F.);
#5163=CARTESIAN_POINT('',(1.18E0,0.E0,0.E0));
#5164=DIRECTION('',(1.E0,0.E0,0.E0));
#5165=DIRECTION('',(0.E0,0.E0,-1.E0));
#5166=AXIS2_PLACEMENT_3D('',#5163,#5164,#5165);
#5167=PLANE('',#5166);
#5168=ORIENTED_EDGE('',*,*,#4908,.F.);
#5170=ORIENTED_EDGE('',*,*,#5169,.T.);
#5172=ORIENTED_EDGE('',*,*,#5171,.T.);
#5174=ORIENTED_EDGE('',*,*,#5173,.T.);
#5175=ORIENTED_EDGE('',*,*,#3840,.F.);
#5177=ORIENTED_EDGE('',*,*,#5176,.T.);
#5179=ORIENTED_EDGE('',*,*,#5178,.T.);
#5181=ORIENTED_EDGE('',*,*,#5180,.T.);
#5182=EDGE_LOOP('',(#5168,#5170,#5172,#5174,#5175,#5177,#5179,#5181));
#5183=FACE_OUTER_BOUND('',#5182,.F.);
#5184=ADVANCED_FACE('',(#5183),#5167,.F.);
#5185=CARTESIAN_POINT('',(1.18E0,0.E0,0.E0));
#5186=DIRECTION('',(1.E0,0.E0,0.E0));
#5187=DIRECTION('',(0.E0,0.E0,-1.E0));
#5188=AXIS2_PLACEMENT_3D('',#5185,#5186,#5187);
#5189=PLANE('',#5188);
#5190=ORIENTED_EDGE('',*,*,#4918,.F.);
#5192=ORIENTED_EDGE('',*,*,#5191,.T.);
#5194=ORIENTED_EDGE('',*,*,#5193,.T.);
#5196=ORIENTED_EDGE('',*,*,#5195,.T.);
#5197=ORIENTED_EDGE('',*,*,#3850,.F.);
#5199=ORIENTED_EDGE('',*,*,#5198,.T.);
#5201=ORIENTED_EDGE('',*,*,#5200,.T.);
#5203=ORIENTED_EDGE('',*,*,#5202,.T.);
#5204=EDGE_LOOP('',(#5190,#5192,#5194,#5196,#5197,#5199,#5201,#5203));
#5205=FACE_OUTER_BOUND('',#5204,.F.);
#5206=ADVANCED_FACE('',(#5205),#5189,.F.);
#5207=CARTESIAN_POINT('',(1.18E0,-1.18E0,-3.72E0));
#5208=DIRECTION('',(0.E0,1.E0,0.E0));
#5209=DIRECTION('',(0.E0,0.E0,1.E0));
#5210=AXIS2_PLACEMENT_3D('',#5207,#5208,#5209);
#5211=PLANE('',#5210);
#5212=ORIENTED_EDGE('',*,*,#5108,.F.);
#5213=ORIENTED_EDGE('',*,*,#4176,.T.);
#5215=ORIENTED_EDGE('',*,*,#5214,.T.);
#5217=ORIENTED_EDGE('',*,*,#5216,.F.);
#5218=EDGE_LOOP('',(#5212,#5213,#5215,#5217));
#5219=FACE_OUTER_BOUND('',#5218,.F.);
#5220=ADVANCED_FACE('',(#5219),#5211,.T.);
#5221=CARTESIAN_POINT('',(1.82E0,0.E0,0.E0));
#5222=DIRECTION('',(1.E0,0.E0,0.E0));
#5223=DIRECTION('',(0.E0,0.E0,-1.E0));
#5224=AXIS2_PLACEMENT_3D('',#5221,#5222,#5223);
#5225=PLANE('',#5224);
#5226=ORIENTED_EDGE('',*,*,#5214,.F.);
#5227=ORIENTED_EDGE('',*,*,#4174,.F.);
#5229=ORIENTED_EDGE('',*,*,#5228,.F.);
#5231=ORIENTED_EDGE('',*,*,#5230,.F.);
#5232=EDGE_LOOP('',(#5226,#5227,#5229,#5231));
#5233=FACE_OUTER_BOUND('',#5232,.F.);
#5234=ADVANCED_FACE('',(#5233),#5225,.T.);
#5235=CARTESIAN_POINT('',(1.82E0,0.E0,0.E0));
#5236=DIRECTION('',(1.E0,0.E0,0.E0));
#5237=DIRECTION('',(0.E0,0.E0,-1.E0));
#5238=AXIS2_PLACEMENT_3D('',#5235,#5236,#5237);
#5239=PLANE('',#5238);
#5241=ORIENTED_EDGE('',*,*,#5240,.F.);
#5242=ORIENTED_EDGE('',*,*,#4090,.F.);
#5244=ORIENTED_EDGE('',*,*,#5243,.F.);
#5246=ORIENTED_EDGE('',*,*,#5245,.F.);
#5247=EDGE_LOOP('',(#5241,#5242,#5244,#5246));
#5248=FACE_OUTER_BOUND('',#5247,.F.);
#5249=ADVANCED_FACE('',(#5248),#5239,.T.);
#5250=CARTESIAN_POINT('',(1.82E0,0.E0,0.E0));
#5251=DIRECTION('',(1.E0,0.E0,0.E0));
#5252=DIRECTION('',(0.E0,0.E0,-1.E0));
#5253=AXIS2_PLACEMENT_3D('',#5250,#5251,#5252);
#5254=PLANE('',#5253);
#5255=ORIENTED_EDGE('',*,*,#4442,.F.);
#5257=ORIENTED_EDGE('',*,*,#5256,.F.);
#5259=ORIENTED_EDGE('',*,*,#5258,.F.);
#5261=ORIENTED_EDGE('',*,*,#5260,.F.);
#5262=EDGE_LOOP('',(#5255,#5257,#5259,#5261));
#5263=FACE_OUTER_BOUND('',#5262,.F.);
#5264=ADVANCED_FACE('',(#5263),#5254,.T.);
#5265=CARTESIAN_POINT('',(1.82E0,0.E0,0.E0));
#5266=DIRECTION('',(1.E0,0.E0,0.E0));
#5267=DIRECTION('',(0.E0,0.E0,-1.E0));
#5268=AXIS2_PLACEMENT_3D('',#5265,#5266,#5267);
#5269=PLANE('',#5268);
#5270=ORIENTED_EDGE('',*,*,#4452,.F.);
#5272=ORIENTED_EDGE('',*,*,#5271,.F.);
#5274=ORIENTED_EDGE('',*,*,#5273,.F.);
#5276=ORIENTED_EDGE('',*,*,#5275,.F.);
#5277=EDGE_LOOP('',(#5270,#5272,#5274,#5276));
#5278=FACE_OUTER_BOUND('',#5277,.F.);
#5279=ADVANCED_FACE('',(#5278),#5269,.T.);
#5280=CARTESIAN_POINT('',(1.82E0,0.E0,0.E0));
#5281=DIRECTION('',(1.E0,0.E0,0.E0));
#5282=DIRECTION('',(0.E0,0.E0,-1.E0));
#5283=AXIS2_PLACEMENT_3D('',#5280,#5281,#5282);
#5284=PLANE('',#5283);
#5285=ORIENTED_EDGE('',*,*,#4912,.T.);
#5287=ORIENTED_EDGE('',*,*,#5286,.F.);
#5289=ORIENTED_EDGE('',*,*,#5288,.F.);
#5291=ORIENTED_EDGE('',*,*,#5290,.F.);
#5292=ORIENTED_EDGE('',*,*,#3844,.T.);
#5294=ORIENTED_EDGE('',*,*,#5293,.F.);
#5296=ORIENTED_EDGE('',*,*,#5295,.F.);
#5298=ORIENTED_EDGE('',*,*,#5297,.F.);
#5299=EDGE_LOOP('',(#5285,#5287,#5289,#5291,#5292,#5294,#5296,#5298));
#5300=FACE_OUTER_BOUND('',#5299,.F.);
#5301=ADVANCED_FACE('',(#5300),#5284,.T.);
#5302=CARTESIAN_POINT('',(1.82E0,0.E0,0.E0));
#5303=DIRECTION('',(1.E0,0.E0,0.E0));
#5304=DIRECTION('',(0.E0,0.E0,-1.E0));
#5305=AXIS2_PLACEMENT_3D('',#5302,#5303,#5304);
#5306=PLANE('',#5305);
#5307=ORIENTED_EDGE('',*,*,#4922,.T.);
#5309=ORIENTED_EDGE('',*,*,#5308,.F.);
#5311=ORIENTED_EDGE('',*,*,#5310,.F.);
#5313=ORIENTED_EDGE('',*,*,#5312,.F.);
#5314=ORIENTED_EDGE('',*,*,#3854,.T.);
#5316=ORIENTED_EDGE('',*,*,#5315,.F.);
#5318=ORIENTED_EDGE('',*,*,#5317,.F.);
#5320=ORIENTED_EDGE('',*,*,#5319,.F.);
#5321=EDGE_LOOP('',(#5307,#5309,#5311,#5313,#5314,#5316,#5318,#5320));
#5322=FACE_OUTER_BOUND('',#5321,.F.);
#5323=ADVANCED_FACE('',(#5322),#5306,.T.);
#5324=CARTESIAN_POINT('',(1.18E0,-1.82E0,1.48E0));
#5325=DIRECTION('',(0.E0,-1.E0,0.E0));
#5326=DIRECTION('',(0.E0,0.E0,-1.E0));
#5327=AXIS2_PLACEMENT_3D('',#5324,#5325,#5326);
#5328=PLANE('',#5327);
#5329=ORIENTED_EDGE('',*,*,#5112,.F.);
#5331=ORIENTED_EDGE('',*,*,#5330,.T.);
#5332=ORIENTED_EDGE('',*,*,#5228,.T.);
#5333=ORIENTED_EDGE('',*,*,#4172,.F.);
#5334=EDGE_LOOP('',(#5329,#5331,#5332,#5333));
#5335=FACE_OUTER_BOUND('',#5334,.F.);
#5336=ADVANCED_FACE('',(#5335),#5328,.T.);
#5337=CARTESIAN_POINT('',(1.18E0,-1.18E0,1.48E0));
#5338=DIRECTION('',(0.E0,0.E0,1.E0));
#5339=DIRECTION('',(0.E0,-1.E0,0.E0));
#5340=AXIS2_PLACEMENT_3D('',#5337,#5338,#5339);
#5341=PLANE('',#5340);
#5342=ORIENTED_EDGE('',*,*,#5110,.F.);
#5343=ORIENTED_EDGE('',*,*,#5216,.T.);
#5344=ORIENTED_EDGE('',*,*,#5230,.T.);
#5345=ORIENTED_EDGE('',*,*,#5330,.F.);
#5346=EDGE_LOOP('',(#5342,#5343,#5344,#5345));
#5347=FACE_OUTER_BOUND('',#5346,.F.);
#5348=ADVANCED_FACE('',(#5347),#5341,.T.);
#5349=CARTESIAN_POINT('',(1.18E0,1.82E0,-3.72E0));
#5350=DIRECTION('',(0.E0,1.E0,0.E0));
#5351=DIRECTION('',(0.E0,0.E0,1.E0));
#5352=AXIS2_PLACEMENT_3D('',#5349,#5350,#5351);
#5353=PLANE('',#5352);
#5354=ORIENTED_EDGE('',*,*,#5123,.F.);
#5355=ORIENTED_EDGE('',*,*,#4092,.T.);
#5356=ORIENTED_EDGE('',*,*,#5240,.T.);
#5358=ORIENTED_EDGE('',*,*,#5357,.F.);
#5359=EDGE_LOOP('',(#5354,#5355,#5356,#5358));
#5360=FACE_OUTER_BOUND('',#5359,.F.);
#5361=ADVANCED_FACE('',(#5360),#5353,.T.);
#5362=CARTESIAN_POINT('',(1.18E0,1.82E0,1.48E0));
#5363=DIRECTION('',(0.E0,0.E0,1.E0));
#5364=DIRECTION('',(0.E0,-1.E0,0.E0));
#5365=AXIS2_PLACEMENT_3D('',#5362,#5363,#5364);
#5366=PLANE('',#5365);
#5367=ORIENTED_EDGE('',*,*,#5125,.F.);
#5368=ORIENTED_EDGE('',*,*,#5357,.T.);
#5369=ORIENTED_EDGE('',*,*,#5245,.T.);
#5371=ORIENTED_EDGE('',*,*,#5370,.F.);
#5372=EDGE_LOOP('',(#5367,#5368,#5369,#5371));
#5373=FACE_OUTER_BOUND('',#5372,.F.);
#5374=ADVANCED_FACE('',(#5373),#5366,.T.);
#5375=CARTESIAN_POINT('',(1.18E0,1.18E0,1.48E0));
#5376=DIRECTION('',(0.E0,-1.E0,0.E0));
#5377=DIRECTION('',(0.E0,0.E0,-1.E0));
#5378=AXIS2_PLACEMENT_3D('',#5375,#5376,#5377);
#5379=PLANE('',#5378);
#5380=ORIENTED_EDGE('',*,*,#5127,.F.);
#5381=ORIENTED_EDGE('',*,*,#5370,.T.);
#5382=ORIENTED_EDGE('',*,*,#5243,.T.);
#5383=ORIENTED_EDGE('',*,*,#4088,.F.);
#5384=EDGE_LOOP('',(#5380,#5381,#5382,#5383));
#5385=FACE_OUTER_BOUND('',#5384,.F.);
#5386=ADVANCED_FACE('',(#5385),#5379,.T.);
#5387=CARTESIAN_POINT('',(1.18E0,-9.45E0,-1.195E1));
#5388=DIRECTION('',(0.E0,0.E0,-1.E0));
#5389=DIRECTION('',(0.E0,1.E0,0.E0));
#5390=AXIS2_PLACEMENT_3D('',#5387,#5388,#5389);
#5391=PLANE('',#5390);
#5392=ORIENTED_EDGE('',*,*,#4440,.F.);
#5393=ORIENTED_EDGE('',*,*,#5143,.F.);
#5395=ORIENTED_EDGE('',*,*,#5394,.T.);
#5396=ORIENTED_EDGE('',*,*,#5256,.T.);
#5397=EDGE_LOOP('',(#5392,#5393,#5395,#5396));
#5398=FACE_OUTER_BOUND('',#5397,.F.);
#5399=ADVANCED_FACE('',(#5398),#5391,.T.);
#5400=CARTESIAN_POINT('',(1.18E0,-9.45E0,-1.195E1));
#5401=DIRECTION('',(0.E0,0.E0,-1.E0));
#5402=DIRECTION('',(0.E0,1.E0,0.E0));
#5403=AXIS2_PLACEMENT_3D('',#5400,#5401,#5402);
#5404=PLANE('',#5403);
#5405=ORIENTED_EDGE('',*,*,#4914,.T.);
#5406=ORIENTED_EDGE('',*,*,#5297,.T.);
#5408=ORIENTED_EDGE('',*,*,#5407,.F.);
#5409=ORIENTED_EDGE('',*,*,#5169,.F.);
#5410=EDGE_LOOP('',(#5405,#5406,#5408,#5409));
#5411=FACE_OUTER_BOUND('',#5410,.F.);
#5412=ADVANCED_FACE('',(#5411),#5404,.T.);
#5413=CARTESIAN_POINT('',(1.18E0,-9.45E0,-1.131E1));
#5414=DIRECTION('',(0.E0,-1.E0,0.E0));
#5415=DIRECTION('',(0.E0,0.E0,-1.E0));
#5416=AXIS2_PLACEMENT_3D('',#5413,#5414,#5415);
#5417=PLANE('',#5416);
#5418=ORIENTED_EDGE('',*,*,#5141,.F.);
#5420=ORIENTED_EDGE('',*,*,#5419,.T.);
#5421=ORIENTED_EDGE('',*,*,#5258,.T.);
#5422=ORIENTED_EDGE('',*,*,#5394,.F.);
#5423=EDGE_LOOP('',(#5418,#5420,#5421,#5422));
#5424=FACE_OUTER_BOUND('',#5423,.F.);
#5425=ADVANCED_FACE('',(#5424),#5417,.T.);
#5426=CARTESIAN_POINT('',(1.18E0,5.8E-1,-1.131E1));
#5427=DIRECTION('',(0.E0,0.E0,1.E0));
#5428=DIRECTION('',(0.E0,-1.E0,0.E0));
#5429=AXIS2_PLACEMENT_3D('',#5426,#5427,#5428);
#5430=PLANE('',#5429);
#5431=ORIENTED_EDGE('',*,*,#4444,.T.);
#5432=ORIENTED_EDGE('',*,*,#5260,.T.);
#5433=ORIENTED_EDGE('',*,*,#5419,.F.);
#5434=ORIENTED_EDGE('',*,*,#5139,.F.);
#5435=EDGE_LOOP('',(#5431,#5432,#5433,#5434));
#5436=FACE_OUTER_BOUND('',#5435,.F.);
#5437=ADVANCED_FACE('',(#5436),#5430,.T.);
#5438=CARTESIAN_POINT('',(1.18E0,5.8E-1,-1.131E1));
#5439=DIRECTION('',(0.E0,0.E0,1.E0));
#5440=DIRECTION('',(0.E0,-1.E0,0.E0));
#5441=AXIS2_PLACEMENT_3D('',#5438,#5439,#5440);
#5442=PLANE('',#5441);
#5443=ORIENTED_EDGE('',*,*,#4910,.F.);
#5444=ORIENTED_EDGE('',*,*,#5180,.F.);
#5446=ORIENTED_EDGE('',*,*,#5445,.T.);
#5447=ORIENTED_EDGE('',*,*,#5286,.T.);
#5448=EDGE_LOOP('',(#5443,#5444,#5446,#5447));
#5449=FACE_OUTER_BOUND('',#5448,.F.);
#5450=ADVANCED_FACE('',(#5449),#5442,.T.);
#5451=CARTESIAN_POINT('',(1.18E0,5.8E-1,-1.071E1));
#5452=DIRECTION('',(1.E0,0.E0,0.E0));
#5453=DIRECTION('',(0.E0,0.E0,-1.E0));
#5454=AXIS2_PLACEMENT_3D('',#5451,#5452,#5453);
#5455=CYLINDRICAL_SURFACE('',#5454,6.E-1);
#5456=ORIENTED_EDGE('',*,*,#5178,.F.);
#5458=ORIENTED_EDGE('',*,*,#5457,.T.);
#5459=ORIENTED_EDGE('',*,*,#5288,.T.);
#5460=ORIENTED_EDGE('',*,*,#5445,.F.);
#5461=EDGE_LOOP('',(#5456,#5458,#5459,#5460));
#5462=FACE_OUTER_BOUND('',#5461,.F.);
#5463=ADVANCED_FACE('',(#5462),#5455,.F.);
#5464=CARTESIAN_POINT('',(1.18E0,1.18E0,-5.8E0));
#5465=DIRECTION('',(0.E0,-1.E0,0.E0));
#5466=DIRECTION('',(0.E0,0.E0,-1.E0));
#5467=AXIS2_PLACEMENT_3D('',#5464,#5465,#5466);
#5468=PLANE('',#5467);
#5469=ORIENTED_EDGE('',*,*,#3846,.T.);
#5470=ORIENTED_EDGE('',*,*,#5290,.T.);
#5471=ORIENTED_EDGE('',*,*,#5457,.F.);
#5472=ORIENTED_EDGE('',*,*,#5176,.F.);
#5473=EDGE_LOOP('',(#5469,#5470,#5471,#5472));
#5474=FACE_OUTER_BOUND('',#5473,.F.);
#5475=ADVANCED_FACE('',(#5474),#5468,.T.);
#5476=CARTESIAN_POINT('',(1.18E0,4.2E-1,-1.055E1));
#5477=DIRECTION('',(1.E0,0.E0,0.E0));
#5478=DIRECTION('',(0.E0,0.E0,-1.E0));
#5479=AXIS2_PLACEMENT_3D('',#5476,#5477,#5478);
#5480=CYLINDRICAL_SURFACE('',#5479,1.4E0);
#5481=ORIENTED_EDGE('',*,*,#5171,.F.);
#5482=ORIENTED_EDGE('',*,*,#5407,.T.);
#5483=ORIENTED_EDGE('',*,*,#5295,.T.);
#5485=ORIENTED_EDGE('',*,*,#5484,.F.);
#5486=EDGE_LOOP('',(#5481,#5482,#5483,#5485));
#5487=FACE_OUTER_BOUND('',#5486,.F.);
#5488=ADVANCED_FACE('',(#5487),#5480,.T.);
#5489=CARTESIAN_POINT('',(1.18E0,1.82E0,-1.055E1));
#5490=DIRECTION('',(0.E0,1.E0,0.E0));
#5491=DIRECTION('',(0.E0,0.E0,1.E0));
#5492=AXIS2_PLACEMENT_3D('',#5489,#5490,#5491);
#5493=PLANE('',#5492);
#5494=ORIENTED_EDGE('',*,*,#3842,.F.);
#5495=ORIENTED_EDGE('',*,*,#5173,.F.);
#5496=ORIENTED_EDGE('',*,*,#5484,.T.);
#5497=ORIENTED_EDGE('',*,*,#5293,.T.);
#5498=EDGE_LOOP('',(#5494,#5495,#5496,#5497));
#5499=FACE_OUTER_BOUND('',#5498,.F.);
#5500=ADVANCED_FACE('',(#5499),#5493,.T.);
#5501=CARTESIAN_POINT('',(1.18E0,-9.45E0,-8.95E0));
#5502=DIRECTION('',(0.E0,0.E0,-1.E0));
#5503=DIRECTION('',(0.E0,1.E0,0.E0));
#5504=AXIS2_PLACEMENT_3D('',#5501,#5502,#5503);
#5505=PLANE('',#5504);
#5506=ORIENTED_EDGE('',*,*,#4450,.F.);
#5507=ORIENTED_EDGE('',*,*,#5158,.F.);
#5509=ORIENTED_EDGE('',*,*,#5508,.T.);
#5510=ORIENTED_EDGE('',*,*,#5271,.T.);
#5511=EDGE_LOOP('',(#5506,#5507,#5509,#5510));
#5512=FACE_OUTER_BOUND('',#5511,.F.);
#5513=ADVANCED_FACE('',(#5512),#5505,.T.);
#5514=CARTESIAN_POINT('',(1.18E0,-9.45E0,-8.95E0));
#5515=DIRECTION('',(0.E0,0.E0,-1.E0));
#5516=DIRECTION('',(0.E0,1.E0,0.E0));
#5517=AXIS2_PLACEMENT_3D('',#5514,#5515,#5516);
#5518=PLANE('',#5517);
#5519=ORIENTED_EDGE('',*,*,#4924,.T.);
#5520=ORIENTED_EDGE('',*,*,#5319,.T.);
#5522=ORIENTED_EDGE('',*,*,#5521,.F.);
#5523=ORIENTED_EDGE('',*,*,#5191,.F.);
#5524=EDGE_LOOP('',(#5519,#5520,#5522,#5523));
#5525=FACE_OUTER_BOUND('',#5524,.F.);
#5526=ADVANCED_FACE('',(#5525),#5518,.T.);
#5527=CARTESIAN_POINT('',(1.18E0,-9.45E0,-8.31E0));
#5528=DIRECTION('',(0.E0,-1.E0,0.E0));
#5529=DIRECTION('',(0.E0,0.E0,-1.E0));
#5530=AXIS2_PLACEMENT_3D('',#5527,#5528,#5529);
#5531=PLANE('',#5530);
#5532=ORIENTED_EDGE('',*,*,#5156,.F.);
#5534=ORIENTED_EDGE('',*,*,#5533,.T.);
#5535=ORIENTED_EDGE('',*,*,#5273,.T.);
#5536=ORIENTED_EDGE('',*,*,#5508,.F.);
#5537=EDGE_LOOP('',(#5532,#5534,#5535,#5536));
#5538=FACE_OUTER_BOUND('',#5537,.F.);
#5539=ADVANCED_FACE('',(#5538),#5531,.T.);
#5540=CARTESIAN_POINT('',(1.18E0,-2.42E0,-8.31E0));
#5541=DIRECTION('',(0.E0,0.E0,1.E0));
#5542=DIRECTION('',(0.E0,-1.E0,0.E0));
#5543=AXIS2_PLACEMENT_3D('',#5540,#5541,#5542);
#5544=PLANE('',#5543);
#5545=ORIENTED_EDGE('',*,*,#4454,.T.);
#5546=ORIENTED_EDGE('',*,*,#5275,.T.);
#5547=ORIENTED_EDGE('',*,*,#5533,.F.);
#5548=ORIENTED_EDGE('',*,*,#5154,.F.);
#5549=EDGE_LOOP('',(#5545,#5546,#5547,#5548));
#5550=FACE_OUTER_BOUND('',#5549,.F.);
#5551=ADVANCED_FACE('',(#5550),#5544,.T.);
#5552=CARTESIAN_POINT('',(1.18E0,-2.42E0,-8.31E0));
#5553=DIRECTION('',(0.E0,0.E0,1.E0));
#5554=DIRECTION('',(0.E0,-1.E0,0.E0));
#5555=AXIS2_PLACEMENT_3D('',#5552,#5553,#5554);
#5556=PLANE('',#5555);
#5557=ORIENTED_EDGE('',*,*,#5202,.F.);
#5559=ORIENTED_EDGE('',*,*,#5558,.T.);
#5560=ORIENTED_EDGE('',*,*,#5308,.T.);
#5561=ORIENTED_EDGE('',*,*,#4920,.F.);
#5562=EDGE_LOOP('',(#5557,#5559,#5560,#5561));
#5563=FACE_OUTER_BOUND('',#5562,.F.);
#5564=ADVANCED_FACE('',(#5563),#5556,.T.);
#5565=CARTESIAN_POINT('',(1.18E0,-2.42E0,-7.71E0));
#5566=DIRECTION('',(1.E0,0.E0,0.E0));
#5567=DIRECTION('',(0.E0,0.E0,-1.E0));
#5568=AXIS2_PLACEMENT_3D('',#5565,#5566,#5567);
#5569=CYLINDRICAL_SURFACE('',#5568,6.E-1);
#5570=ORIENTED_EDGE('',*,*,#5200,.F.);
#5572=ORIENTED_EDGE('',*,*,#5571,.T.);
#5573=ORIENTED_EDGE('',*,*,#5310,.T.);
#5574=ORIENTED_EDGE('',*,*,#5558,.F.);
#5575=EDGE_LOOP('',(#5570,#5572,#5573,#5574));
#5576=FACE_OUTER_BOUND('',#5575,.F.);
#5577=ADVANCED_FACE('',(#5576),#5569,.F.);
#5578=CARTESIAN_POINT('',(1.18E0,-1.82E0,-5.8E0));
#5579=DIRECTION('',(0.E0,-1.E0,0.E0));
#5580=DIRECTION('',(0.E0,0.E0,-1.E0));
#5581=AXIS2_PLACEMENT_3D('',#5578,#5579,#5580);
#5582=PLANE('',#5581);
#5583=ORIENTED_EDGE('',*,*,#3856,.T.);
#5584=ORIENTED_EDGE('',*,*,#5312,.T.);
#5585=ORIENTED_EDGE('',*,*,#5571,.F.);
#5586=ORIENTED_EDGE('',*,*,#5198,.F.);
#5587=EDGE_LOOP('',(#5583,#5584,#5585,#5586));
#5588=FACE_OUTER_BOUND('',#5587,.F.);
#5589=ADVANCED_FACE('',(#5588),#5582,.T.);
#5590=CARTESIAN_POINT('',(1.18E0,-2.58E0,-7.55E0));
#5591=DIRECTION('',(1.E0,0.E0,0.E0));
#5592=DIRECTION('',(0.E0,0.E0,-1.E0));
#5593=AXIS2_PLACEMENT_3D('',#5590,#5591,#5592);
#5594=CYLINDRICAL_SURFACE('',#5593,1.4E0);
#5595=ORIENTED_EDGE('',*,*,#5193,.F.);
#5596=ORIENTED_EDGE('',*,*,#5521,.T.);
#5597=ORIENTED_EDGE('',*,*,#5317,.T.);
#5599=ORIENTED_EDGE('',*,*,#5598,.F.);
#5600=EDGE_LOOP('',(#5595,#5596,#5597,#5599));
#5601=FACE_OUTER_BOUND('',#5600,.F.);
#5602=ADVANCED_FACE('',(#5601),#5594,.T.);
#5603=CARTESIAN_POINT('',(1.18E0,-1.18E0,-7.55E0));
#5604=DIRECTION('',(0.E0,1.E0,0.E0));
#5605=DIRECTION('',(0.E0,0.E0,1.E0));
#5606=AXIS2_PLACEMENT_3D('',#5603,#5604,#5605);
#5607=PLANE('',#5606);
#5608=ORIENTED_EDGE('',*,*,#3852,.F.);
#5609=ORIENTED_EDGE('',*,*,#5195,.F.);
#5610=ORIENTED_EDGE('',*,*,#5598,.T.);
#5611=ORIENTED_EDGE('',*,*,#5315,.T.);
#5612=EDGE_LOOP('',(#5608,#5609,#5610,#5611));
#5613=FACE_OUTER_BOUND('',#5612,.F.);
#5614=ADVANCED_FACE('',(#5613),#5607,.T.);
#5615=CARTESIAN_POINT('',(-1.82E0,0.E0,0.E0));
#5616=DIRECTION('',(1.E0,0.E0,0.E0));
#5617=DIRECTION('',(0.E0,0.E0,-1.E0));
#5618=AXIS2_PLACEMENT_3D('',#5615,#5616,#5617);
#5619=PLANE('',#5618);
#5621=ORIENTED_EDGE('',*,*,#5620,.T.);
#5623=ORIENTED_EDGE('',*,*,#5622,.T.);
#5625=ORIENTED_EDGE('',*,*,#5624,.T.);
#5626=ORIENTED_EDGE('',*,*,#4198,.T.);
#5627=EDGE_LOOP('',(#5621,#5623,#5625,#5626));
#5628=FACE_OUTER_BOUND('',#5627,.F.);
#5629=ADVANCED_FACE('',(#5628),#5619,.F.);
#5630=CARTESIAN_POINT('',(-1.82E0,0.E0,0.E0));
#5631=DIRECTION('',(1.E0,0.E0,0.E0));
#5632=DIRECTION('',(0.E0,0.E0,-1.E0));
#5633=AXIS2_PLACEMENT_3D('',#5630,#5631,#5632);
#5634=PLANE('',#5633);
#5636=ORIENTED_EDGE('',*,*,#5635,.T.);
#5638=ORIENTED_EDGE('',*,*,#5637,.T.);
#5640=ORIENTED_EDGE('',*,*,#5639,.T.);
#5641=ORIENTED_EDGE('',*,*,#4033,.T.);
#5642=EDGE_LOOP('',(#5636,#5638,#5640,#5641));
#5643=FACE_OUTER_BOUND('',#5642,.F.);
#5644=ADVANCED_FACE('',(#5643),#5634,.F.);
#5645=CARTESIAN_POINT('',(-1.82E0,0.E0,0.E0));
#5646=DIRECTION('',(1.E0,0.E0,0.E0));
#5647=DIRECTION('',(0.E0,0.E0,-1.E0));
#5648=AXIS2_PLACEMENT_3D('',#5645,#5646,#5647);
#5649=PLANE('',#5648);
#5650=ORIENTED_EDGE('',*,*,#4458,.T.);
#5652=ORIENTED_EDGE('',*,*,#5651,.T.);
#5654=ORIENTED_EDGE('',*,*,#5653,.T.);
#5656=ORIENTED_EDGE('',*,*,#5655,.T.);
#5657=EDGE_LOOP('',(#5650,#5652,#5654,#5656));
#5658=FACE_OUTER_BOUND('',#5657,.F.);
#5659=ADVANCED_FACE('',(#5658),#5649,.F.);
#5660=CARTESIAN_POINT('',(-1.82E0,0.E0,0.E0));
#5661=DIRECTION('',(1.E0,0.E0,0.E0));
#5662=DIRECTION('',(0.E0,0.E0,-1.E0));
#5663=AXIS2_PLACEMENT_3D('',#5660,#5661,#5662);
#5664=PLANE('',#5663);
#5665=ORIENTED_EDGE('',*,*,#4468,.T.);
#5667=ORIENTED_EDGE('',*,*,#5666,.T.);
#5669=ORIENTED_EDGE('',*,*,#5668,.T.);
#5671=ORIENTED_EDGE('',*,*,#5670,.T.);
#5672=EDGE_LOOP('',(#5665,#5667,#5669,#5671));
#5673=FACE_OUTER_BOUND('',#5672,.F.);
#5674=ADVANCED_FACE('',(#5673),#5664,.F.);
#5675=CARTESIAN_POINT('',(-1.82E0,0.E0,0.E0));
#5676=DIRECTION('',(1.E0,0.E0,0.E0));
#5677=DIRECTION('',(0.E0,0.E0,-1.E0));
#5678=AXIS2_PLACEMENT_3D('',#5675,#5676,#5677);
#5679=PLANE('',#5678);
#5680=ORIENTED_EDGE('',*,*,#4928,.F.);
#5682=ORIENTED_EDGE('',*,*,#5681,.T.);
#5684=ORIENTED_EDGE('',*,*,#5683,.T.);
#5686=ORIENTED_EDGE('',*,*,#5685,.T.);
#5687=ORIENTED_EDGE('',*,*,#3820,.F.);
#5689=ORIENTED_EDGE('',*,*,#5688,.T.);
#5691=ORIENTED_EDGE('',*,*,#5690,.T.);
#5693=ORIENTED_EDGE('',*,*,#5692,.T.);
#5694=EDGE_LOOP('',(#5680,#5682,#5684,#5686,#5687,#5689,#5691,#5693));
#5695=FACE_OUTER_BOUND('',#5694,.F.);
#5696=ADVANCED_FACE('',(#5695),#5679,.F.);
#5697=CARTESIAN_POINT('',(-1.82E0,0.E0,0.E0));
#5698=DIRECTION('',(1.E0,0.E0,0.E0));
#5699=DIRECTION('',(0.E0,0.E0,-1.E0));
#5700=AXIS2_PLACEMENT_3D('',#5697,#5698,#5699);
#5701=PLANE('',#5700);
#5702=ORIENTED_EDGE('',*,*,#4938,.F.);
#5704=ORIENTED_EDGE('',*,*,#5703,.T.);
#5706=ORIENTED_EDGE('',*,*,#5705,.T.);
#5708=ORIENTED_EDGE('',*,*,#5707,.T.);
#5709=ORIENTED_EDGE('',*,*,#3830,.F.);
#5711=ORIENTED_EDGE('',*,*,#5710,.T.);
#5713=ORIENTED_EDGE('',*,*,#5712,.T.);
#5715=ORIENTED_EDGE('',*,*,#5714,.T.);
#5716=EDGE_LOOP('',(#5702,#5704,#5706,#5708,#5709,#5711,#5713,#5715));
#5717=FACE_OUTER_BOUND('',#5716,.F.);
#5718=ADVANCED_FACE('',(#5717),#5701,.F.);
#5719=CARTESIAN_POINT('',(-1.82E0,-1.18E0,-3.72E0));
#5720=DIRECTION('',(0.E0,1.E0,0.E0));
#5721=DIRECTION('',(0.E0,0.E0,1.E0));
#5722=AXIS2_PLACEMENT_3D('',#5719,#5720,#5721);
#5723=PLANE('',#5722);
#5724=ORIENTED_EDGE('',*,*,#5620,.F.);
#5725=ORIENTED_EDGE('',*,*,#4204,.T.);
#5727=ORIENTED_EDGE('',*,*,#5726,.T.);
#5729=ORIENTED_EDGE('',*,*,#5728,.F.);
#5730=EDGE_LOOP('',(#5724,#5725,#5727,#5729));
#5731=FACE_OUTER_BOUND('',#5730,.F.);
#5732=ADVANCED_FACE('',(#5731),#5723,.T.);
#5733=CARTESIAN_POINT('',(-1.18E0,0.E0,0.E0));
#5734=DIRECTION('',(1.E0,0.E0,0.E0));
#5735=DIRECTION('',(0.E0,0.E0,-1.E0));
#5736=AXIS2_PLACEMENT_3D('',#5733,#5734,#5735);
#5737=PLANE('',#5736);
#5738=ORIENTED_EDGE('',*,*,#5726,.F.);
#5739=ORIENTED_EDGE('',*,*,#4202,.F.);
#5741=ORIENTED_EDGE('',*,*,#5740,.F.);
#5743=ORIENTED_EDGE('',*,*,#5742,.F.);
#5744=EDGE_LOOP('',(#5738,#5739,#5741,#5743));
#5745=FACE_OUTER_BOUND('',#5744,.F.);
#5746=ADVANCED_FACE('',(#5745),#5737,.T.);
#5747=CARTESIAN_POINT('',(-1.18E0,0.E0,0.E0));
#5748=DIRECTION('',(1.E0,0.E0,0.E0));
#5749=DIRECTION('',(0.E0,0.E0,-1.E0));
#5750=AXIS2_PLACEMENT_3D('',#5747,#5748,#5749);
#5751=PLANE('',#5750);
#5753=ORIENTED_EDGE('',*,*,#5752,.F.);
#5754=ORIENTED_EDGE('',*,*,#4037,.F.);
#5756=ORIENTED_EDGE('',*,*,#5755,.F.);
#5758=ORIENTED_EDGE('',*,*,#5757,.F.);
#5759=EDGE_LOOP('',(#5753,#5754,#5756,#5758));
#5760=FACE_OUTER_BOUND('',#5759,.F.);
#5761=ADVANCED_FACE('',(#5760),#5751,.T.);
#5762=CARTESIAN_POINT('',(-1.18E0,0.E0,0.E0));
#5763=DIRECTION('',(1.E0,0.E0,0.E0));
#5764=DIRECTION('',(0.E0,0.E0,-1.E0));
#5765=AXIS2_PLACEMENT_3D('',#5762,#5763,#5764);
#5766=PLANE('',#5765);
#5767=ORIENTED_EDGE('',*,*,#4462,.F.);
#5769=ORIENTED_EDGE('',*,*,#5768,.F.);
#5771=ORIENTED_EDGE('',*,*,#5770,.F.);
#5773=ORIENTED_EDGE('',*,*,#5772,.F.);
#5774=EDGE_LOOP('',(#5767,#5769,#5771,#5773));
#5775=FACE_OUTER_BOUND('',#5774,.F.);
#5776=ADVANCED_FACE('',(#5775),#5766,.T.);
#5777=CARTESIAN_POINT('',(-1.18E0,0.E0,0.E0));
#5778=DIRECTION('',(1.E0,0.E0,0.E0));
#5779=DIRECTION('',(0.E0,0.E0,-1.E0));
#5780=AXIS2_PLACEMENT_3D('',#5777,#5778,#5779);
#5781=PLANE('',#5780);
#5782=ORIENTED_EDGE('',*,*,#4472,.F.);
#5784=ORIENTED_EDGE('',*,*,#5783,.F.);
#5786=ORIENTED_EDGE('',*,*,#5785,.F.);
#5788=ORIENTED_EDGE('',*,*,#5787,.F.);
#5789=EDGE_LOOP('',(#5782,#5784,#5786,#5788));
#5790=FACE_OUTER_BOUND('',#5789,.F.);
#5791=ADVANCED_FACE('',(#5790),#5781,.T.);
#5792=CARTESIAN_POINT('',(-1.18E0,0.E0,0.E0));
#5793=DIRECTION('',(1.E0,0.E0,0.E0));
#5794=DIRECTION('',(0.E0,0.E0,-1.E0));
#5795=AXIS2_PLACEMENT_3D('',#5792,#5793,#5794);
#5796=PLANE('',#5795);
#5797=ORIENTED_EDGE('',*,*,#4932,.T.);
#5799=ORIENTED_EDGE('',*,*,#5798,.F.);
#5801=ORIENTED_EDGE('',*,*,#5800,.F.);
#5803=ORIENTED_EDGE('',*,*,#5802,.F.);
#5804=ORIENTED_EDGE('',*,*,#3824,.T.);
#5806=ORIENTED_EDGE('',*,*,#5805,.F.);
#5808=ORIENTED_EDGE('',*,*,#5807,.F.);
#5810=ORIENTED_EDGE('',*,*,#5809,.F.);
#5811=EDGE_LOOP('',(#5797,#5799,#5801,#5803,#5804,#5806,#5808,#5810));
#5812=FACE_OUTER_BOUND('',#5811,.F.);
#5813=ADVANCED_FACE('',(#5812),#5796,.T.);
#5814=CARTESIAN_POINT('',(-1.18E0,0.E0,0.E0));
#5815=DIRECTION('',(1.E0,0.E0,0.E0));
#5816=DIRECTION('',(0.E0,0.E0,-1.E0));
#5817=AXIS2_PLACEMENT_3D('',#5814,#5815,#5816);
#5818=PLANE('',#5817);
#5819=ORIENTED_EDGE('',*,*,#4942,.T.);
#5821=ORIENTED_EDGE('',*,*,#5820,.F.);
#5823=ORIENTED_EDGE('',*,*,#5822,.F.);
#5825=ORIENTED_EDGE('',*,*,#5824,.F.);
#5826=ORIENTED_EDGE('',*,*,#3834,.T.);
#5828=ORIENTED_EDGE('',*,*,#5827,.F.);
#5830=ORIENTED_EDGE('',*,*,#5829,.F.);
#5832=ORIENTED_EDGE('',*,*,#5831,.F.);
#5833=EDGE_LOOP('',(#5819,#5821,#5823,#5825,#5826,#5828,#5830,#5832));
#5834=FACE_OUTER_BOUND('',#5833,.F.);
#5835=ADVANCED_FACE('',(#5834),#5818,.T.);
#5836=CARTESIAN_POINT('',(-1.82E0,-1.82E0,1.48E0));
#5837=DIRECTION('',(0.E0,-1.E0,0.E0));
#5838=DIRECTION('',(0.E0,0.E0,-1.E0));
#5839=AXIS2_PLACEMENT_3D('',#5836,#5837,#5838);
#5840=PLANE('',#5839);
#5841=ORIENTED_EDGE('',*,*,#5624,.F.);
#5843=ORIENTED_EDGE('',*,*,#5842,.T.);
#5844=ORIENTED_EDGE('',*,*,#5740,.T.);
#5845=ORIENTED_EDGE('',*,*,#4200,.F.);
#5846=EDGE_LOOP('',(#5841,#5843,#5844,#5845));
#5847=FACE_OUTER_BOUND('',#5846,.F.);
#5848=ADVANCED_FACE('',(#5847),#5840,.T.);
#5849=CARTESIAN_POINT('',(-1.82E0,-1.18E0,1.48E0));
#5850=DIRECTION('',(0.E0,0.E0,1.E0));
#5851=DIRECTION('',(0.E0,-1.E0,0.E0));
#5852=AXIS2_PLACEMENT_3D('',#5849,#5850,#5851);
#5853=PLANE('',#5852);
#5854=ORIENTED_EDGE('',*,*,#5622,.F.);
#5855=ORIENTED_EDGE('',*,*,#5728,.T.);
#5856=ORIENTED_EDGE('',*,*,#5742,.T.);
#5857=ORIENTED_EDGE('',*,*,#5842,.F.);
#5858=EDGE_LOOP('',(#5854,#5855,#5856,#5857));
#5859=FACE_OUTER_BOUND('',#5858,.F.);
#5860=ADVANCED_FACE('',(#5859),#5853,.T.);
#5861=CARTESIAN_POINT('',(-1.82E0,1.82E0,-3.72E0));
#5862=DIRECTION('',(0.E0,1.E0,0.E0));
#5863=DIRECTION('',(0.E0,0.E0,1.E0));
#5864=AXIS2_PLACEMENT_3D('',#5861,#5862,#5863);
#5865=PLANE('',#5864);
#5866=ORIENTED_EDGE('',*,*,#5635,.F.);
#5867=ORIENTED_EDGE('',*,*,#4039,.T.);
#5868=ORIENTED_EDGE('',*,*,#5752,.T.);
#5870=ORIENTED_EDGE('',*,*,#5869,.F.);
#5871=EDGE_LOOP('',(#5866,#5867,#5868,#5870));
#5872=FACE_OUTER_BOUND('',#5871,.F.);
#5873=ADVANCED_FACE('',(#5872),#5865,.T.);
#5874=CARTESIAN_POINT('',(-1.82E0,1.82E0,1.48E0));
#5875=DIRECTION('',(0.E0,0.E0,1.E0));
#5876=DIRECTION('',(0.E0,-1.E0,0.E0));
#5877=AXIS2_PLACEMENT_3D('',#5874,#5875,#5876);
#5878=PLANE('',#5877);
#5879=ORIENTED_EDGE('',*,*,#5637,.F.);
#5880=ORIENTED_EDGE('',*,*,#5869,.T.);
#5881=ORIENTED_EDGE('',*,*,#5757,.T.);
#5883=ORIENTED_EDGE('',*,*,#5882,.F.);
#5884=EDGE_LOOP('',(#5879,#5880,#5881,#5883));
#5885=FACE_OUTER_BOUND('',#5884,.F.);
#5886=ADVANCED_FACE('',(#5885),#5878,.T.);
#5887=CARTESIAN_POINT('',(-1.82E0,1.18E0,1.48E0));
#5888=DIRECTION('',(0.E0,-1.E0,0.E0));
#5889=DIRECTION('',(0.E0,0.E0,-1.E0));
#5890=AXIS2_PLACEMENT_3D('',#5887,#5888,#5889);
#5891=PLANE('',#5890);
#5892=ORIENTED_EDGE('',*,*,#5639,.F.);
#5893=ORIENTED_EDGE('',*,*,#5882,.T.);
#5894=ORIENTED_EDGE('',*,*,#5755,.T.);
#5895=ORIENTED_EDGE('',*,*,#4035,.F.);
#5896=EDGE_LOOP('',(#5892,#5893,#5894,#5895));
#5897=FACE_OUTER_BOUND('',#5896,.F.);
#5898=ADVANCED_FACE('',(#5897),#5891,.T.);
#5899=CARTESIAN_POINT('',(-1.82E0,-9.45E0,-1.195E1));
#5900=DIRECTION('',(0.E0,0.E0,-1.E0));
#5901=DIRECTION('',(0.E0,1.E0,0.E0));
#5902=AXIS2_PLACEMENT_3D('',#5899,#5900,#5901);
#5903=PLANE('',#5902);
#5904=ORIENTED_EDGE('',*,*,#4460,.F.);
#5905=ORIENTED_EDGE('',*,*,#5655,.F.);
#5907=ORIENTED_EDGE('',*,*,#5906,.T.);
#5908=ORIENTED_EDGE('',*,*,#5768,.T.);
#5909=EDGE_LOOP('',(#5904,#5905,#5907,#5908));
#5910=FACE_OUTER_BOUND('',#5909,.F.);
#5911=ADVANCED_FACE('',(#5910),#5903,.T.);
#5912=CARTESIAN_POINT('',(-1.82E0,-9.45E0,-1.195E1));
#5913=DIRECTION('',(0.E0,0.E0,-1.E0));
#5914=DIRECTION('',(0.E0,1.E0,0.E0));
#5915=AXIS2_PLACEMENT_3D('',#5912,#5913,#5914);
#5916=PLANE('',#5915);
#5917=ORIENTED_EDGE('',*,*,#4934,.T.);
#5918=ORIENTED_EDGE('',*,*,#5809,.T.);
#5920=ORIENTED_EDGE('',*,*,#5919,.F.);
#5921=ORIENTED_EDGE('',*,*,#5681,.F.);
#5922=EDGE_LOOP('',(#5917,#5918,#5920,#5921));
#5923=FACE_OUTER_BOUND('',#5922,.F.);
#5924=ADVANCED_FACE('',(#5923),#5916,.T.);
#5925=CARTESIAN_POINT('',(-1.82E0,-9.45E0,-1.131E1));
#5926=DIRECTION('',(0.E0,-1.E0,0.E0));
#5927=DIRECTION('',(0.E0,0.E0,-1.E0));
#5928=AXIS2_PLACEMENT_3D('',#5925,#5926,#5927);
#5929=PLANE('',#5928);
#5930=ORIENTED_EDGE('',*,*,#5653,.F.);
#5932=ORIENTED_EDGE('',*,*,#5931,.T.);
#5933=ORIENTED_EDGE('',*,*,#5770,.T.);
#5934=ORIENTED_EDGE('',*,*,#5906,.F.);
#5935=EDGE_LOOP('',(#5930,#5932,#5933,#5934));
#5936=FACE_OUTER_BOUND('',#5935,.F.);
#5937=ADVANCED_FACE('',(#5936),#5929,.T.);
#5938=CARTESIAN_POINT('',(-1.82E0,5.8E-1,-1.131E1));
#5939=DIRECTION('',(0.E0,0.E0,1.E0));
#5940=DIRECTION('',(0.E0,-1.E0,0.E0));
#5941=AXIS2_PLACEMENT_3D('',#5938,#5939,#5940);
#5942=PLANE('',#5941);
#5943=ORIENTED_EDGE('',*,*,#4464,.T.);
#5944=ORIENTED_EDGE('',*,*,#5772,.T.);
#5945=ORIENTED_EDGE('',*,*,#5931,.F.);
#5946=ORIENTED_EDGE('',*,*,#5651,.F.);
#5947=EDGE_LOOP('',(#5943,#5944,#5945,#5946));
#5948=FACE_OUTER_BOUND('',#5947,.F.);
#5949=ADVANCED_FACE('',(#5948),#5942,.T.);
#5950=CARTESIAN_POINT('',(-1.82E0,5.8E-1,-1.131E1));
#5951=DIRECTION('',(0.E0,0.E0,1.E0));
#5952=DIRECTION('',(0.E0,-1.E0,0.E0));
#5953=AXIS2_PLACEMENT_3D('',#5950,#5951,#5952);
#5954=PLANE('',#5953);
#5955=ORIENTED_EDGE('',*,*,#4930,.F.);
#5956=ORIENTED_EDGE('',*,*,#5692,.F.);
#5958=ORIENTED_EDGE('',*,*,#5957,.T.);
#5959=ORIENTED_EDGE('',*,*,#5798,.T.);
#5960=EDGE_LOOP('',(#5955,#5956,#5958,#5959));
#5961=FACE_OUTER_BOUND('',#5960,.F.);
#5962=ADVANCED_FACE('',(#5961),#5954,.T.);
#5963=CARTESIAN_POINT('',(-1.82E0,5.8E-1,-1.071E1));
#5964=DIRECTION('',(1.E0,0.E0,0.E0));
#5965=DIRECTION('',(0.E0,0.E0,-1.E0));
#5966=AXIS2_PLACEMENT_3D('',#5963,#5964,#5965);
#5967=CYLINDRICAL_SURFACE('',#5966,6.E-1);
#5968=ORIENTED_EDGE('',*,*,#5690,.F.);
#5970=ORIENTED_EDGE('',*,*,#5969,.T.);
#5971=ORIENTED_EDGE('',*,*,#5800,.T.);
#5972=ORIENTED_EDGE('',*,*,#5957,.F.);
#5973=EDGE_LOOP('',(#5968,#5970,#5971,#5972));
#5974=FACE_OUTER_BOUND('',#5973,.F.);
#5975=ADVANCED_FACE('',(#5974),#5967,.F.);
#5976=CARTESIAN_POINT('',(-1.82E0,1.18E0,-5.8E0));
#5977=DIRECTION('',(0.E0,-1.E0,0.E0));
#5978=DIRECTION('',(0.E0,0.E0,-1.E0));
#5979=AXIS2_PLACEMENT_3D('',#5976,#5977,#5978);
#5980=PLANE('',#5979);
#5981=ORIENTED_EDGE('',*,*,#3826,.T.);
#5982=ORIENTED_EDGE('',*,*,#5802,.T.);
#5983=ORIENTED_EDGE('',*,*,#5969,.F.);
#5984=ORIENTED_EDGE('',*,*,#5688,.F.);
#5985=EDGE_LOOP('',(#5981,#5982,#5983,#5984));
#5986=FACE_OUTER_BOUND('',#5985,.F.);
#5987=ADVANCED_FACE('',(#5986),#5980,.T.);
#5988=CARTESIAN_POINT('',(-1.82E0,4.2E-1,-1.055E1));
#5989=DIRECTION('',(1.E0,0.E0,0.E0));
#5990=DIRECTION('',(0.E0,0.E0,-1.E0));
#5991=AXIS2_PLACEMENT_3D('',#5988,#5989,#5990);
#5992=CYLINDRICAL_SURFACE('',#5991,1.4E0);
#5993=ORIENTED_EDGE('',*,*,#5683,.F.);
#5994=ORIENTED_EDGE('',*,*,#5919,.T.);
#5995=ORIENTED_EDGE('',*,*,#5807,.T.);
#5997=ORIENTED_EDGE('',*,*,#5996,.F.);
#5998=EDGE_LOOP('',(#5993,#5994,#5995,#5997));
#5999=FACE_OUTER_BOUND('',#5998,.F.);
#6000=ADVANCED_FACE('',(#5999),#5992,.T.);
#6001=CARTESIAN_POINT('',(-1.82E0,1.82E0,-1.055E1));
#6002=DIRECTION('',(0.E0,1.E0,0.E0));
#6003=DIRECTION('',(0.E0,0.E0,1.E0));
#6004=AXIS2_PLACEMENT_3D('',#6001,#6002,#6003);
#6005=PLANE('',#6004);
#6006=ORIENTED_EDGE('',*,*,#3822,.F.);
#6007=ORIENTED_EDGE('',*,*,#5685,.F.);
#6008=ORIENTED_EDGE('',*,*,#5996,.T.);
#6009=ORIENTED_EDGE('',*,*,#5805,.T.);
#6010=EDGE_LOOP('',(#6006,#6007,#6008,#6009));
#6011=FACE_OUTER_BOUND('',#6010,.F.);
#6012=ADVANCED_FACE('',(#6011),#6005,.T.);
#6013=CARTESIAN_POINT('',(-1.82E0,-9.45E0,-8.95E0));
#6014=DIRECTION('',(0.E0,0.E0,-1.E0));
#6015=DIRECTION('',(0.E0,1.E0,0.E0));
#6016=AXIS2_PLACEMENT_3D('',#6013,#6014,#6015);
#6017=PLANE('',#6016);
#6018=ORIENTED_EDGE('',*,*,#4470,.F.);
#6019=ORIENTED_EDGE('',*,*,#5670,.F.);
#6021=ORIENTED_EDGE('',*,*,#6020,.T.);
#6022=ORIENTED_EDGE('',*,*,#5783,.T.);
#6023=EDGE_LOOP('',(#6018,#6019,#6021,#6022));
#6024=FACE_OUTER_BOUND('',#6023,.F.);
#6025=ADVANCED_FACE('',(#6024),#6017,.T.);
#6026=CARTESIAN_POINT('',(-1.82E0,-9.45E0,-8.95E0));
#6027=DIRECTION('',(0.E0,0.E0,-1.E0));
#6028=DIRECTION('',(0.E0,1.E0,0.E0));
#6029=AXIS2_PLACEMENT_3D('',#6026,#6027,#6028);
#6030=PLANE('',#6029);
#6031=ORIENTED_EDGE('',*,*,#4944,.T.);
#6032=ORIENTED_EDGE('',*,*,#5831,.T.);
#6034=ORIENTED_EDGE('',*,*,#6033,.F.);
#6035=ORIENTED_EDGE('',*,*,#5703,.F.);
#6036=EDGE_LOOP('',(#6031,#6032,#6034,#6035));
#6037=FACE_OUTER_BOUND('',#6036,.F.);
#6038=ADVANCED_FACE('',(#6037),#6030,.T.);
#6039=CARTESIAN_POINT('',(-1.82E0,-9.45E0,-8.31E0));
#6040=DIRECTION('',(0.E0,-1.E0,0.E0));
#6041=DIRECTION('',(0.E0,0.E0,-1.E0));
#6042=AXIS2_PLACEMENT_3D('',#6039,#6040,#6041);
#6043=PLANE('',#6042);
#6044=ORIENTED_EDGE('',*,*,#5668,.F.);
#6046=ORIENTED_EDGE('',*,*,#6045,.T.);
#6047=ORIENTED_EDGE('',*,*,#5785,.T.);
#6048=ORIENTED_EDGE('',*,*,#6020,.F.);
#6049=EDGE_LOOP('',(#6044,#6046,#6047,#6048));
#6050=FACE_OUTER_BOUND('',#6049,.F.);
#6051=ADVANCED_FACE('',(#6050),#6043,.T.);
#6052=CARTESIAN_POINT('',(-1.82E0,-2.42E0,-8.31E0));
#6053=DIRECTION('',(0.E0,0.E0,1.E0));
#6054=DIRECTION('',(0.E0,-1.E0,0.E0));
#6055=AXIS2_PLACEMENT_3D('',#6052,#6053,#6054);
#6056=PLANE('',#6055);
#6057=ORIENTED_EDGE('',*,*,#4474,.T.);
#6058=ORIENTED_EDGE('',*,*,#5787,.T.);
#6059=ORIENTED_EDGE('',*,*,#6045,.F.);
#6060=ORIENTED_EDGE('',*,*,#5666,.F.);
#6061=EDGE_LOOP('',(#6057,#6058,#6059,#6060));
#6062=FACE_OUTER_BOUND('',#6061,.F.);
#6063=ADVANCED_FACE('',(#6062),#6056,.T.);
#6064=CARTESIAN_POINT('',(-1.82E0,-2.42E0,-8.31E0));
#6065=DIRECTION('',(0.E0,0.E0,1.E0));
#6066=DIRECTION('',(0.E0,-1.E0,0.E0));
#6067=AXIS2_PLACEMENT_3D('',#6064,#6065,#6066);
#6068=PLANE('',#6067);
#6069=ORIENTED_EDGE('',*,*,#5714,.F.);
#6071=ORIENTED_EDGE('',*,*,#6070,.T.);
#6072=ORIENTED_EDGE('',*,*,#5820,.T.);
#6073=ORIENTED_EDGE('',*,*,#4940,.F.);
#6074=EDGE_LOOP('',(#6069,#6071,#6072,#6073));
#6075=FACE_OUTER_BOUND('',#6074,.F.);
#6076=ADVANCED_FACE('',(#6075),#6068,.T.);
#6077=CARTESIAN_POINT('',(-1.82E0,-2.42E0,-7.71E0));
#6078=DIRECTION('',(1.E0,0.E0,0.E0));
#6079=DIRECTION('',(0.E0,0.E0,-1.E0));
#6080=AXIS2_PLACEMENT_3D('',#6077,#6078,#6079);
#6081=CYLINDRICAL_SURFACE('',#6080,6.E-1);
#6082=ORIENTED_EDGE('',*,*,#5712,.F.);
#6084=ORIENTED_EDGE('',*,*,#6083,.T.);
#6085=ORIENTED_EDGE('',*,*,#5822,.T.);
#6086=ORIENTED_EDGE('',*,*,#6070,.F.);
#6087=EDGE_LOOP('',(#6082,#6084,#6085,#6086));
#6088=FACE_OUTER_BOUND('',#6087,.F.);
#6089=ADVANCED_FACE('',(#6088),#6081,.F.);
#6090=CARTESIAN_POINT('',(-1.82E0,-1.82E0,-5.8E0));
#6091=DIRECTION('',(0.E0,-1.E0,0.E0));
#6092=DIRECTION('',(0.E0,0.E0,-1.E0));
#6093=AXIS2_PLACEMENT_3D('',#6090,#6091,#6092);
#6094=PLANE('',#6093);
#6095=ORIENTED_EDGE('',*,*,#3836,.T.);
#6096=ORIENTED_EDGE('',*,*,#5824,.T.);
#6097=ORIENTED_EDGE('',*,*,#6083,.F.);
#6098=ORIENTED_EDGE('',*,*,#5710,.F.);
#6099=EDGE_LOOP('',(#6095,#6096,#6097,#6098));
#6100=FACE_OUTER_BOUND('',#6099,.F.);
#6101=ADVANCED_FACE('',(#6100),#6094,.T.);
#6102=CARTESIAN_POINT('',(-1.82E0,-2.58E0,-7.55E0));
#6103=DIRECTION('',(1.E0,0.E0,0.E0));
#6104=DIRECTION('',(0.E0,0.E0,-1.E0));
#6105=AXIS2_PLACEMENT_3D('',#6102,#6103,#6104);
#6106=CYLINDRICAL_SURFACE('',#6105,1.4E0);
#6107=ORIENTED_EDGE('',*,*,#5705,.F.);
#6108=ORIENTED_EDGE('',*,*,#6033,.T.);
#6109=ORIENTED_EDGE('',*,*,#5829,.T.);
#6111=ORIENTED_EDGE('',*,*,#6110,.F.);
#6112=EDGE_LOOP('',(#6107,#6108,#6109,#6111));
#6113=FACE_OUTER_BOUND('',#6112,.F.);
#6114=ADVANCED_FACE('',(#6113),#6106,.T.);
#6115=CARTESIAN_POINT('',(-1.82E0,-1.18E0,-7.55E0));
#6116=DIRECTION('',(0.E0,1.E0,0.E0));
#6117=DIRECTION('',(0.E0,0.E0,1.E0));
#6118=AXIS2_PLACEMENT_3D('',#6115,#6116,#6117);
#6119=PLANE('',#6118);
#6120=ORIENTED_EDGE('',*,*,#3832,.F.);
#6121=ORIENTED_EDGE('',*,*,#5707,.F.);
#6122=ORIENTED_EDGE('',*,*,#6110,.T.);
#6123=ORIENTED_EDGE('',*,*,#5827,.T.);
#6124=EDGE_LOOP('',(#6120,#6121,#6122,#6123));
#6125=FACE_OUTER_BOUND('',#6124,.F.);
#6126=ADVANCED_FACE('',(#6125),#6119,.T.);
#6127=CARTESIAN_POINT('',(-4.82E0,5.8E-1,-1.131E1));
#6128=DIRECTION('',(0.E0,0.E0,1.E0));
#6129=DIRECTION('',(0.E0,-1.E0,0.E0));
#6130=AXIS2_PLACEMENT_3D('',#6127,#6128,#6129);
#6131=PLANE('',#6130);
#6132=ORIENTED_EDGE('',*,*,#4482,.T.);
#6133=ORIENTED_EDGE('',*,*,#4313,.T.);
#6135=ORIENTED_EDGE('',*,*,#6134,.F.);
#6136=ORIENTED_EDGE('',*,*,#3930,.F.);
#6137=EDGE_LOOP('',(#6132,#6133,#6135,#6136));
#6138=FACE_OUTER_BOUND('',#6137,.F.);
#6139=ADVANCED_FACE('',(#6138),#6131,.T.);
#6140=CARTESIAN_POINT('',(-4.82E0,5.8E-1,-1.131E1));
#6141=DIRECTION('',(0.E0,0.E0,1.E0));
#6142=DIRECTION('',(0.E0,-1.E0,0.E0));
#6143=AXIS2_PLACEMENT_3D('',#6140,#6141,#6142);
#6144=PLANE('',#6143);
#6145=ORIENTED_EDGE('',*,*,#4949,.F.);
#6146=ORIENTED_EDGE('',*,*,#3973,.F.);
#6148=ORIENTED_EDGE('',*,*,#6147,.T.);
#6149=ORIENTED_EDGE('',*,*,#4341,.T.);
#6150=EDGE_LOOP('',(#6145,#6146,#6148,#6149));
#6151=FACE_OUTER_BOUND('',#6150,.F.);
#6152=ADVANCED_FACE('',(#6151),#6144,.T.);
#6153=CARTESIAN_POINT('',(-4.82E0,-9.45E0,-1.131E1));
#6154=DIRECTION('',(0.E0,-1.E0,0.E0));
#6155=DIRECTION('',(0.E0,0.E0,-1.E0));
#6156=AXIS2_PLACEMENT_3D('',#6153,#6154,#6155);
#6157=PLANE('',#6156);
#6158=ORIENTED_EDGE('',*,*,#3932,.F.);
#6159=ORIENTED_EDGE('',*,*,#6134,.T.);
#6160=ORIENTED_EDGE('',*,*,#4311,.T.);
#6162=ORIENTED_EDGE('',*,*,#6161,.F.);
#6163=EDGE_LOOP('',(#6158,#6159,#6160,#6162));
#6164=FACE_OUTER_BOUND('',#6163,.F.);
#6165=ADVANCED_FACE('',(#6164),#6157,.T.);
#6166=CARTESIAN_POINT('',(-4.82E0,-9.45E0,-1.195E1));
#6167=DIRECTION('',(0.E0,0.E0,-1.E0));
#6168=DIRECTION('',(0.E0,1.E0,0.E0));
#6169=AXIS2_PLACEMENT_3D('',#6166,#6167,#6168);
#6170=PLANE('',#6169);
#6171=ORIENTED_EDGE('',*,*,#4479,.F.);
#6172=ORIENTED_EDGE('',*,*,#3934,.F.);
#6173=ORIENTED_EDGE('',*,*,#6161,.T.);
#6174=ORIENTED_EDGE('',*,*,#4309,.T.);
#6175=EDGE_LOOP('',(#6171,#6172,#6173,#6174));
#6176=FACE_OUTER_BOUND('',#6175,.F.);
#6177=ADVANCED_FACE('',(#6176),#6170,.T.);
#6178=CARTESIAN_POINT('',(-4.82E0,-9.45E0,-1.195E1));
#6179=DIRECTION('',(0.E0,0.E0,-1.E0));
#6180=DIRECTION('',(0.E0,1.E0,0.E0));
#6181=AXIS2_PLACEMENT_3D('',#6178,#6179,#6180);
#6182=PLANE('',#6181);
#6183=ORIENTED_EDGE('',*,*,#4952,.T.);
#6184=ORIENTED_EDGE('',*,*,#4352,.T.);
#6186=ORIENTED_EDGE('',*,*,#6185,.F.);
#6187=ORIENTED_EDGE('',*,*,#3962,.F.);
#6188=EDGE_LOOP('',(#6183,#6184,#6186,#6187));
#6189=FACE_OUTER_BOUND('',#6188,.F.);
#6190=ADVANCED_FACE('',(#6189),#6182,.T.);
#6191=CARTESIAN_POINT('',(-4.82E0,4.2E-1,-1.055E1));
#6192=DIRECTION('',(1.E0,0.E0,0.E0));
#6193=DIRECTION('',(0.E0,0.E0,-1.E0));
#6194=AXIS2_PLACEMENT_3D('',#6191,#6192,#6193);
#6195=CYLINDRICAL_SURFACE('',#6194,1.4E0);
#6196=ORIENTED_EDGE('',*,*,#3964,.F.);
#6197=ORIENTED_EDGE('',*,*,#6185,.T.);
#6198=ORIENTED_EDGE('',*,*,#4350,.T.);
#6200=ORIENTED_EDGE('',*,*,#6199,.F.);
#6201=EDGE_LOOP('',(#6196,#6197,#6198,#6200));
#6202=FACE_OUTER_BOUND('',#6201,.F.);
#6203=ADVANCED_FACE('',(#6202),#6195,.T.);
#6204=CARTESIAN_POINT('',(-4.82E0,1.82E0,-1.055E1));
#6205=DIRECTION('',(0.E0,1.E0,0.E0));
#6206=DIRECTION('',(0.E0,0.E0,1.E0));
#6207=AXIS2_PLACEMENT_3D('',#6204,#6205,#6206);
#6208=PLANE('',#6207);
#6209=ORIENTED_EDGE('',*,*,#3862,.F.);
#6210=ORIENTED_EDGE('',*,*,#3966,.F.);
#6211=ORIENTED_EDGE('',*,*,#6199,.T.);
#6212=ORIENTED_EDGE('',*,*,#4348,.T.);
#6213=EDGE_LOOP('',(#6209,#6210,#6211,#6212));
#6214=FACE_OUTER_BOUND('',#6213,.F.);
#6215=ADVANCED_FACE('',(#6214),#6208,.T.);
#6216=CARTESIAN_POINT('',(-4.82E0,5.8E-1,-1.071E1));
#6217=DIRECTION('',(1.E0,0.E0,0.E0));
#6218=DIRECTION('',(0.E0,0.E0,-1.E0));
#6219=AXIS2_PLACEMENT_3D('',#6216,#6217,#6218);
#6220=CYLINDRICAL_SURFACE('',#6219,6.E-1);
#6221=ORIENTED_EDGE('',*,*,#3971,.F.);
#6223=ORIENTED_EDGE('',*,*,#6222,.T.);
#6224=ORIENTED_EDGE('',*,*,#4343,.T.);
#6225=ORIENTED_EDGE('',*,*,#6147,.F.);
#6226=EDGE_LOOP('',(#6221,#6223,#6224,#6225));
#6227=FACE_OUTER_BOUND('',#6226,.F.);
#6228=ADVANCED_FACE('',(#6227),#6220,.F.);
#6229=CARTESIAN_POINT('',(-4.82E0,1.18E0,-5.8E0));
#6230=DIRECTION('',(0.E0,-1.E0,0.E0));
#6231=DIRECTION('',(0.E0,0.E0,-1.E0));
#6232=AXIS2_PLACEMENT_3D('',#6229,#6230,#6231);
#6233=PLANE('',#6232);
#6234=ORIENTED_EDGE('',*,*,#3866,.T.);
#6235=ORIENTED_EDGE('',*,*,#4345,.T.);
#6236=ORIENTED_EDGE('',*,*,#6222,.F.);
#6237=ORIENTED_EDGE('',*,*,#3969,.F.);
#6238=EDGE_LOOP('',(#6234,#6235,#6236,#6237));
#6239=FACE_OUTER_BOUND('',#6238,.F.);
#6240=ADVANCED_FACE('',(#6239),#6233,.T.);
#6241=CARTESIAN_POINT('',(-4.82E0,-2.42E0,-8.31E0));
#6242=DIRECTION('',(0.E0,0.E0,1.E0));
#6243=DIRECTION('',(0.E0,-1.E0,0.E0));
#6244=AXIS2_PLACEMENT_3D('',#6241,#6242,#6243);
#6245=PLANE('',#6244);
#6246=ORIENTED_EDGE('',*,*,#4490,.T.);
#6247=ORIENTED_EDGE('',*,*,#4329,.T.);
#6249=ORIENTED_EDGE('',*,*,#6248,.F.);
#6250=ORIENTED_EDGE('',*,*,#3946,.F.);
#6251=EDGE_LOOP('',(#6246,#6247,#6249,#6250));
#6252=FACE_OUTER_BOUND('',#6251,.F.);
#6253=ADVANCED_FACE('',(#6252),#6245,.T.);
#6254=CARTESIAN_POINT('',(-4.82E0,-2.42E0,-8.31E0));
#6255=DIRECTION('',(0.E0,0.E0,1.E0));
#6256=DIRECTION('',(0.E0,-1.E0,0.E0));
#6257=AXIS2_PLACEMENT_3D('',#6254,#6255,#6256);
#6258=PLANE('',#6257);
#6259=ORIENTED_EDGE('',*,*,#3996,.F.);
#6261=ORIENTED_EDGE('',*,*,#6260,.T.);
#6262=ORIENTED_EDGE('',*,*,#4364,.T.);
#6263=ORIENTED_EDGE('',*,*,#4957,.F.);
#6264=EDGE_LOOP('',(#6259,#6261,#6262,#6263));
#6265=FACE_OUTER_BOUND('',#6264,.F.);
#6266=ADVANCED_FACE('',(#6265),#6258,.T.);
#6267=CARTESIAN_POINT('',(-4.82E0,-9.45E0,-8.31E0));
#6268=DIRECTION('',(0.E0,-1.E0,0.E0));
#6269=DIRECTION('',(0.E0,0.E0,-1.E0));
#6270=AXIS2_PLACEMENT_3D('',#6267,#6268,#6269);
#6271=PLANE('',#6270);
#6272=ORIENTED_EDGE('',*,*,#3948,.F.);
#6273=ORIENTED_EDGE('',*,*,#6248,.T.);
#6274=ORIENTED_EDGE('',*,*,#4327,.T.);
#6276=ORIENTED_EDGE('',*,*,#6275,.F.);
#6277=EDGE_LOOP('',(#6272,#6273,#6274,#6276));
#6278=FACE_OUTER_BOUND('',#6277,.F.);
#6279=ADVANCED_FACE('',(#6278),#6271,.T.);
#6280=CARTESIAN_POINT('',(-4.82E0,-9.45E0,-8.95E0));
#6281=DIRECTION('',(0.E0,0.E0,-1.E0));
#6282=DIRECTION('',(0.E0,1.E0,0.E0));
#6283=AXIS2_PLACEMENT_3D('',#6280,#6281,#6282);
#6284=PLANE('',#6283);
#6285=ORIENTED_EDGE('',*,*,#4487,.F.);
#6286=ORIENTED_EDGE('',*,*,#3950,.F.);
#6287=ORIENTED_EDGE('',*,*,#6275,.T.);
#6288=ORIENTED_EDGE('',*,*,#4325,.T.);
#6289=EDGE_LOOP('',(#6285,#6286,#6287,#6288));
#6290=FACE_OUTER_BOUND('',#6289,.F.);
#6291=ADVANCED_FACE('',(#6290),#6284,.T.);
#6292=CARTESIAN_POINT('',(-4.82E0,-9.45E0,-8.95E0));
#6293=DIRECTION('',(0.E0,0.E0,-1.E0));
#6294=DIRECTION('',(0.E0,1.E0,0.E0));
#6295=AXIS2_PLACEMENT_3D('',#6292,#6293,#6294);
#6296=PLANE('',#6295);
#6297=ORIENTED_EDGE('',*,*,#4960,.T.);
#6298=ORIENTED_EDGE('',*,*,#4375,.T.);
#6300=ORIENTED_EDGE('',*,*,#6299,.F.);
#6301=ORIENTED_EDGE('',*,*,#3985,.F.);
#6302=EDGE_LOOP('',(#6297,#6298,#6300,#6301));
#6303=FACE_OUTER_BOUND('',#6302,.F.);
#6304=ADVANCED_FACE('',(#6303),#6296,.T.);
#6305=CARTESIAN_POINT('',(-4.82E0,-2.58E0,-7.55E0));
#6306=DIRECTION('',(1.E0,0.E0,0.E0));
#6307=DIRECTION('',(0.E0,0.E0,-1.E0));
#6308=AXIS2_PLACEMENT_3D('',#6305,#6306,#6307);
#6309=CYLINDRICAL_SURFACE('',#6308,1.4E0);
#6310=ORIENTED_EDGE('',*,*,#3987,.F.);
#6311=ORIENTED_EDGE('',*,*,#6299,.T.);
#6312=ORIENTED_EDGE('',*,*,#4373,.T.);
#6314=ORIENTED_EDGE('',*,*,#6313,.F.);
#6315=EDGE_LOOP('',(#6310,#6311,#6312,#6314));
#6316=FACE_OUTER_BOUND('',#6315,.F.);
#6317=ADVANCED_FACE('',(#6316),#6309,.T.);
#6318=CARTESIAN_POINT('',(-4.82E0,-1.18E0,-7.55E0));
#6319=DIRECTION('',(0.E0,1.E0,0.E0));
#6320=DIRECTION('',(0.E0,0.E0,1.E0));
#6321=AXIS2_PLACEMENT_3D('',#6318,#6319,#6320);
#6322=PLANE('',#6321);
#6323=ORIENTED_EDGE('',*,*,#3812,.F.);
#6324=ORIENTED_EDGE('',*,*,#3989,.F.);
#6325=ORIENTED_EDGE('',*,*,#6313,.T.);
#6326=ORIENTED_EDGE('',*,*,#4371,.T.);
#6327=EDGE_LOOP('',(#6323,#6324,#6325,#6326));
#6328=FACE_OUTER_BOUND('',#6327,.F.);
#6329=ADVANCED_FACE('',(#6328),#6322,.T.);
#6330=CARTESIAN_POINT('',(-4.82E0,-2.42E0,-7.71E0));
#6331=DIRECTION('',(1.E0,0.E0,0.E0));
#6332=DIRECTION('',(0.E0,0.E0,-1.E0));
#6333=AXIS2_PLACEMENT_3D('',#6330,#6331,#6332);
#6334=CYLINDRICAL_SURFACE('',#6333,6.E-1);
#6335=ORIENTED_EDGE('',*,*,#3994,.F.);
#6337=ORIENTED_EDGE('',*,*,#6336,.T.);
#6338=ORIENTED_EDGE('',*,*,#4366,.T.);
#6339=ORIENTED_EDGE('',*,*,#6260,.F.);
#6340=EDGE_LOOP('',(#6335,#6337,#6338,#6339));
#6341=FACE_OUTER_BOUND('',#6340,.F.);
#6342=ADVANCED_FACE('',(#6341),#6334,.F.);
#6343=CARTESIAN_POINT('',(-4.82E0,-1.82E0,-5.8E0));
#6344=DIRECTION('',(0.E0,-1.E0,0.E0));
#6345=DIRECTION('',(0.E0,0.E0,-1.E0));
#6346=AXIS2_PLACEMENT_3D('',#6343,#6344,#6345);
#6347=PLANE('',#6346);
#6348=ORIENTED_EDGE('',*,*,#3816,.T.);
#6349=ORIENTED_EDGE('',*,*,#4368,.T.);
#6350=ORIENTED_EDGE('',*,*,#6336,.F.);
#6351=ORIENTED_EDGE('',*,*,#3992,.F.);
#6352=EDGE_LOOP('',(#6348,#6349,#6350,#6351));
#6353=FACE_OUTER_BOUND('',#6352,.F.);
#6354=ADVANCED_FACE('',(#6353),#6347,.T.);
#6355=CARTESIAN_POINT('',(3.E0,-5.45E0,-1.013E1));
#6356=DIRECTION('',(0.E0,-1.E0,0.E0));
#6357=DIRECTION('',(1.E0,0.E0,0.E0));
#6358=AXIS2_PLACEMENT_3D('',#6355,#6356,#6357);
#6359=CYLINDRICAL_SURFACE('',#6358,7.5E-1);
#6360=ORIENTED_EDGE('',*,*,#4494,.F.);
#6362=ORIENTED_EDGE('',*,*,#6361,.T.);
#6363=ORIENTED_EDGE('',*,*,#4964,.T.);
#6365=ORIENTED_EDGE('',*,*,#6364,.F.);
#6366=EDGE_LOOP('',(#6360,#6362,#6363,#6365));
#6367=FACE_OUTER_BOUND('',#6366,.F.);
#6368=ADVANCED_FACE('',(#6367),#6359,.F.);
#6369=CARTESIAN_POINT('',(3.E0,-5.45E0,-1.013E1));
#6370=DIRECTION('',(0.E0,-1.E0,0.E0));
#6371=DIRECTION('',(1.E0,0.E0,0.E0));
#6372=AXIS2_PLACEMENT_3D('',#6369,#6370,#6371);
#6373=CYLINDRICAL_SURFACE('',#6372,7.5E-1);
#6374=ORIENTED_EDGE('',*,*,#4496,.F.);
#6375=ORIENTED_EDGE('',*,*,#6364,.T.);
#6376=ORIENTED_EDGE('',*,*,#4966,.T.);
#6377=ORIENTED_EDGE('',*,*,#6361,.F.);
#6378=EDGE_LOOP('',(#6374,#6375,#6376,#6377));
#6379=FACE_OUTER_BOUND('',#6378,.F.);
#6380=ADVANCED_FACE('',(#6379),#6373,.F.);
#6381=CARTESIAN_POINT('',(0.E0,-5.45E0,-1.013E1));
#6382=DIRECTION('',(0.E0,-1.E0,0.E0));
#6383=DIRECTION('',(1.E0,0.E0,0.E0));
#6384=AXIS2_PLACEMENT_3D('',#6381,#6382,#6383);
#6385=CYLINDRICAL_SURFACE('',#6384,7.5E-1);
#6386=ORIENTED_EDGE('',*,*,#4500,.F.);
#6388=ORIENTED_EDGE('',*,*,#6387,.T.);
#6389=ORIENTED_EDGE('',*,*,#4970,.T.);
#6391=ORIENTED_EDGE('',*,*,#6390,.F.);
#6392=EDGE_LOOP('',(#6386,#6388,#6389,#6391));
#6393=FACE_OUTER_BOUND('',#6392,.F.);
#6394=ADVANCED_FACE('',(#6393),#6385,.F.);
#6395=CARTESIAN_POINT('',(0.E0,-5.45E0,-1.013E1));
#6396=DIRECTION('',(0.E0,-1.E0,0.E0));
#6397=DIRECTION('',(1.E0,0.E0,0.E0));
#6398=AXIS2_PLACEMENT_3D('',#6395,#6396,#6397);
#6399=CYLINDRICAL_SURFACE('',#6398,7.5E-1);
#6400=ORIENTED_EDGE('',*,*,#4502,.F.);
#6401=ORIENTED_EDGE('',*,*,#6390,.T.);
#6402=ORIENTED_EDGE('',*,*,#4972,.T.);
#6403=ORIENTED_EDGE('',*,*,#6387,.F.);
#6404=EDGE_LOOP('',(#6400,#6401,#6402,#6403));
#6405=FACE_OUTER_BOUND('',#6404,.F.);
#6406=ADVANCED_FACE('',(#6405),#6399,.F.);
#6407=CARTESIAN_POINT('',(-3.E0,-5.45E0,-1.013E1));
#6408=DIRECTION('',(0.E0,-1.E0,0.E0));
#6409=DIRECTION('',(1.E0,0.E0,0.E0));
#6410=AXIS2_PLACEMENT_3D('',#6407,#6408,#6409);
#6411=CYLINDRICAL_SURFACE('',#6410,7.5E-1);
#6412=ORIENTED_EDGE('',*,*,#4506,.F.);
#6414=ORIENTED_EDGE('',*,*,#6413,.T.);
#6415=ORIENTED_EDGE('',*,*,#4976,.T.);
#6417=ORIENTED_EDGE('',*,*,#6416,.F.);
#6418=EDGE_LOOP('',(#6412,#6414,#6415,#6417));
#6419=FACE_OUTER_BOUND('',#6418,.F.);
#6420=ADVANCED_FACE('',(#6419),#6411,.F.);
#6421=CARTESIAN_POINT('',(-3.E0,-5.45E0,-1.013E1));
#6422=DIRECTION('',(0.E0,-1.E0,0.E0));
#6423=DIRECTION('',(1.E0,0.E0,0.E0));
#6424=AXIS2_PLACEMENT_3D('',#6421,#6422,#6423);
#6425=CYLINDRICAL_SURFACE('',#6424,7.5E-1);
#6426=ORIENTED_EDGE('',*,*,#4508,.F.);
#6427=ORIENTED_EDGE('',*,*,#6416,.T.);
#6428=ORIENTED_EDGE('',*,*,#4978,.T.);
#6429=ORIENTED_EDGE('',*,*,#6413,.F.);
#6430=EDGE_LOOP('',(#6426,#6427,#6428,#6429));
#6431=FACE_OUTER_BOUND('',#6430,.F.);
#6432=ADVANCED_FACE('',(#6431),#6425,.F.);
#6433=CARTESIAN_POINT('',(-6.E0,-5.45E0,-1.013E1));
#6434=DIRECTION('',(0.E0,-1.E0,0.E0));
#6435=DIRECTION('',(1.E0,0.E0,0.E0));
#6436=AXIS2_PLACEMENT_3D('',#6433,#6434,#6435);
#6437=CYLINDRICAL_SURFACE('',#6436,7.5E-1);
#6438=ORIENTED_EDGE('',*,*,#4410,.T.);
#6440=ORIENTED_EDGE('',*,*,#6439,.F.);
#6441=ORIENTED_EDGE('',*,*,#4882,.T.);
#6443=ORIENTED_EDGE('',*,*,#6442,.T.);
#6444=EDGE_LOOP('',(#6438,#6440,#6441,#6443));
#6445=FACE_OUTER_BOUND('',#6444,.F.);
#6446=ADVANCED_FACE('',(#6445),#6437,.F.);
#6447=CARTESIAN_POINT('',(-5.98E0,-5.45E0,-1.291E1));
#6448=DIRECTION('',(-1.E0,0.E0,0.E0));
#6449=DIRECTION('',(0.E0,0.E0,1.E0));
#6450=AXIS2_PLACEMENT_3D('',#6447,#6448,#6449);
#6451=PLANE('',#6450);
#6452=ORIENTED_EDGE('',*,*,#6442,.F.);
#6453=ORIENTED_EDGE('',*,*,#4896,.T.);
#6455=ORIENTED_EDGE('',*,*,#6454,.F.);
#6456=ORIENTED_EDGE('',*,*,#4412,.F.);
#6457=EDGE_LOOP('',(#6452,#6453,#6455,#6456));
#6458=FACE_OUTER_BOUND('',#6457,.F.);
#6459=ADVANCED_FACE('',(#6458),#6451,.T.);
#6460=CARTESIAN_POINT('',(-5.98E0,-5.45E0,-1.291E1));
#6461=DIRECTION('',(-1.E0,0.E0,0.E0));
#6462=DIRECTION('',(0.E0,0.E0,1.E0));
#6463=AXIS2_PLACEMENT_3D('',#6460,#6461,#6462);
#6464=PLANE('',#6463);
#6465=ORIENTED_EDGE('',*,*,#6439,.T.);
#6466=ORIENTED_EDGE('',*,*,#4424,.F.);
#6468=ORIENTED_EDGE('',*,*,#6467,.T.);
#6469=ORIENTED_EDGE('',*,*,#4884,.T.);
#6470=EDGE_LOOP('',(#6465,#6466,#6468,#6469));
#6471=FACE_OUTER_BOUND('',#6470,.F.);
#6472=ADVANCED_FACE('',(#6471),#6464,.T.);
#6473=CARTESIAN_POINT('',(-5.98E0,-5.45E0,-7.31E0));
#6474=DIRECTION('',(0.E0,0.E0,1.E0));
#6475=DIRECTION('',(1.E0,0.E0,0.E0));
#6476=AXIS2_PLACEMENT_3D('',#6473,#6474,#6475);
#6477=PLANE('',#6476);
#6478=ORIENTED_EDGE('',*,*,#4414,.F.);
#6479=ORIENTED_EDGE('',*,*,#6454,.T.);
#6480=ORIENTED_EDGE('',*,*,#4894,.T.);
#6482=ORIENTED_EDGE('',*,*,#6481,.F.);
#6483=EDGE_LOOP('',(#6478,#6479,#6480,#6482));
#6484=FACE_OUTER_BOUND('',#6483,.F.);
#6485=ADVANCED_FACE('',(#6484),#6477,.T.);
#6486=CARTESIAN_POINT('',(6.E0,-5.45E0,-7.31E0));
#6487=DIRECTION('',(1.E0,0.E0,0.E0));
#6488=DIRECTION('',(0.E0,0.E0,-1.E0));
#6489=AXIS2_PLACEMENT_3D('',#6486,#6487,#6488);
#6490=PLANE('',#6489);
#6492=ORIENTED_EDGE('',*,*,#6491,.T.);
#6493=ORIENTED_EDGE('',*,*,#4416,.F.);
#6494=ORIENTED_EDGE('',*,*,#6481,.T.);
#6495=ORIENTED_EDGE('',*,*,#4892,.T.);
#6496=EDGE_LOOP('',(#6492,#6493,#6494,#6495));
#6497=FACE_OUTER_BOUND('',#6496,.F.);
#6498=ADVANCED_FACE('',(#6497),#6490,.T.);
#6499=CARTESIAN_POINT('',(6.E0,-5.45E0,-7.31E0));
#6500=DIRECTION('',(1.E0,0.E0,0.E0));
#6501=DIRECTION('',(0.E0,0.E0,-1.E0));
#6502=AXIS2_PLACEMENT_3D('',#6499,#6500,#6501);
#6503=PLANE('',#6502);
#6505=ORIENTED_EDGE('',*,*,#6504,.F.);
#6506=ORIENTED_EDGE('',*,*,#4888,.T.);
#6508=ORIENTED_EDGE('',*,*,#6507,.F.);
#6509=ORIENTED_EDGE('',*,*,#4420,.F.);
#6510=EDGE_LOOP('',(#6505,#6506,#6508,#6509));
#6511=FACE_OUTER_BOUND('',#6510,.F.);
#6512=ADVANCED_FACE('',(#6511),#6503,.T.);
#6513=CARTESIAN_POINT('',(6.E0,-5.45E0,-1.013E1));
#6514=DIRECTION('',(0.E0,-1.E0,0.E0));
#6515=DIRECTION('',(1.E0,0.E0,0.E0));
#6516=AXIS2_PLACEMENT_3D('',#6513,#6514,#6515);
#6517=CYLINDRICAL_SURFACE('',#6516,7.5E-1);
#6518=ORIENTED_EDGE('',*,*,#4890,.T.);
#6519=ORIENTED_EDGE('',*,*,#6504,.T.);
#6520=ORIENTED_EDGE('',*,*,#4418,.T.);
#6521=ORIENTED_EDGE('',*,*,#6491,.F.);
#6522=EDGE_LOOP('',(#6518,#6519,#6520,#6521));
#6523=FACE_OUTER_BOUND('',#6522,.F.);
#6524=ADVANCED_FACE('',(#6523),#6517,.F.);
#6525=CARTESIAN_POINT('',(6.E0,-5.45E0,-1.291E1));
#6526=DIRECTION('',(0.E0,0.E0,-1.E0));
#6527=DIRECTION('',(-1.E0,0.E0,0.E0));
#6528=AXIS2_PLACEMENT_3D('',#6525,#6526,#6527);
#6529=PLANE('',#6528);
#6530=ORIENTED_EDGE('',*,*,#4422,.F.);
#6531=ORIENTED_EDGE('',*,*,#6507,.T.);
#6532=ORIENTED_EDGE('',*,*,#4886,.T.);
#6533=ORIENTED_EDGE('',*,*,#6467,.F.);
#6534=EDGE_LOOP('',(#6530,#6531,#6532,#6533));
#6535=FACE_OUTER_BOUND('',#6534,.F.);
#6536=ADVANCED_FACE('',(#6535),#6529,.T.);
#6537=CARTESIAN_POINT('',(4.18E0,5.8E-1,-1.071E1));
#6538=DIRECTION('',(1.E0,0.E0,0.E0));
#6539=DIRECTION('',(0.E0,0.E0,-1.E0));
#6540=AXIS2_PLACEMENT_3D('',#6537,#6538,#6539);
#6541=CYLINDRICAL_SURFACE('',#6540,6.E-1);
#6542=ORIENTED_EDGE('',*,*,#4599,.F.);
#6544=ORIENTED_EDGE('',*,*,#6543,.T.);
#6545=ORIENTED_EDGE('',*,*,#4711,.T.);
#6546=ORIENTED_EDGE('',*,*,#4871,.F.);
#6547=EDGE_LOOP('',(#6542,#6544,#6545,#6546));
#6548=FACE_OUTER_BOUND('',#6547,.F.);
#6549=ADVANCED_FACE('',(#6548),#6541,.F.);
#6550=CARTESIAN_POINT('',(4.18E0,1.18E0,-5.8E0));
#6551=DIRECTION('',(0.E0,-1.E0,0.E0));
#6552=DIRECTION('',(0.E0,0.E0,-1.E0));
#6553=AXIS2_PLACEMENT_3D('',#6550,#6551,#6552);
#6554=PLANE('',#6553);
#6555=ORIENTED_EDGE('',*,*,#3886,.T.);
#6556=ORIENTED_EDGE('',*,*,#4713,.T.);
#6557=ORIENTED_EDGE('',*,*,#6543,.F.);
#6558=ORIENTED_EDGE('',*,*,#4597,.F.);
#6559=EDGE_LOOP('',(#6555,#6556,#6557,#6558));
#6560=FACE_OUTER_BOUND('',#6559,.F.);
#6561=ADVANCED_FACE('',(#6560),#6554,.T.);
#6562=CARTESIAN_POINT('',(4.18E0,4.2E-1,-1.055E1));
#6563=DIRECTION('',(1.E0,0.E0,0.E0));
#6564=DIRECTION('',(0.E0,0.E0,-1.E0));
#6565=AXIS2_PLACEMENT_3D('',#6562,#6563,#6564);
#6566=CYLINDRICAL_SURFACE('',#6565,1.4E0);
#6567=ORIENTED_EDGE('',*,*,#4592,.F.);
#6568=ORIENTED_EDGE('',*,*,#4832,.T.);
#6569=ORIENTED_EDGE('',*,*,#4718,.T.);
#6571=ORIENTED_EDGE('',*,*,#6570,.F.);
#6572=EDGE_LOOP('',(#6567,#6568,#6569,#6571));
#6573=FACE_OUTER_BOUND('',#6572,.F.);
#6574=ADVANCED_FACE('',(#6573),#6566,.T.);
#6575=CARTESIAN_POINT('',(4.18E0,1.82E0,-1.055E1));
#6576=DIRECTION('',(0.E0,1.E0,0.E0));
#6577=DIRECTION('',(0.E0,0.E0,1.E0));
#6578=AXIS2_PLACEMENT_3D('',#6575,#6576,#6577);
#6579=PLANE('',#6578);
#6580=ORIENTED_EDGE('',*,*,#3882,.F.);
#6581=ORIENTED_EDGE('',*,*,#4594,.F.);
#6582=ORIENTED_EDGE('',*,*,#6570,.T.);
#6583=ORIENTED_EDGE('',*,*,#4716,.T.);
#6584=EDGE_LOOP('',(#6580,#6581,#6582,#6583));
#6585=FACE_OUTER_BOUND('',#6584,.F.);
#6586=ADVANCED_FACE('',(#6585),#6579,.T.);
#6587=CARTESIAN_POINT('',(-2.3E-1,2.8E0,2.8E0));
#6588=DIRECTION('',(0.E0,1.E0,0.E0));
#6589=DIRECTION('',(-1.E0,0.E0,0.E0));
#6590=AXIS2_PLACEMENT_3D('',#6587,#6588,#6589);
#6591=PLANE('',#6590);
#6593=ORIENTED_EDGE('',*,*,#6592,.F.);
#6595=ORIENTED_EDGE('',*,*,#6594,.T.);
#6596=ORIENTED_EDGE('',*,*,#4021,.T.);
#6598=ORIENTED_EDGE('',*,*,#6597,.F.);
#6599=EDGE_LOOP('',(#6593,#6595,#6596,#6598));
#6600=FACE_OUTER_BOUND('',#6599,.F.);
#6601=ADVANCED_FACE('',(#6600),#6591,.F.);
#6602=CARTESIAN_POINT('',(0.E0,4.225E0,4.3E0));
#6603=DIRECTION('',(0.E0,7.249994335944E-1,-6.887494619147E-1));
#6604=DIRECTION('',(-1.E0,0.E0,0.E0));
#6605=AXIS2_PLACEMENT_3D('',#6602,#6603,#6604);
#6606=PLANE('',#6605);
#6607=ORIENTED_EDGE('',*,*,#6592,.T.);
#6609=ORIENTED_EDGE('',*,*,#6608,.T.);
#6611=ORIENTED_EDGE('',*,*,#6610,.F.);
#6613=ORIENTED_EDGE('',*,*,#6612,.T.);
#6615=ORIENTED_EDGE('',*,*,#6614,.F.);
#6617=ORIENTED_EDGE('',*,*,#6616,.F.);
#6619=ORIENTED_EDGE('',*,*,#6618,.T.);
#6621=ORIENTED_EDGE('',*,*,#6620,.T.);
#6623=ORIENTED_EDGE('',*,*,#6622,.T.);
#6625=ORIENTED_EDGE('',*,*,#6624,.T.);
#6626=EDGE_LOOP('',(#6607,#6609,#6611,#6613,#6615,#6617,#6619,#6621,#6623,
#6625));
#6627=FACE_OUTER_BOUND('',#6626,.F.);
#6628=ADVANCED_FACE('',(#6627),#6606,.F.);
#6629=CARTESIAN_POINT('',(9.5E0,5.95E0,2.8E0));
#6630=DIRECTION('',(0.E0,0.E0,1.E0));
#6631=DIRECTION('',(1.E0,0.E0,0.E0));
#6632=AXIS2_PLACEMENT_3D('',#6629,#6630,#6631);
#6633=PLANE('',#6632);
#6635=ORIENTED_EDGE('',*,*,#6634,.T.);
#6637=ORIENTED_EDGE('',*,*,#6636,.T.);
#6639=ORIENTED_EDGE('',*,*,#6638,.T.);
#6641=ORIENTED_EDGE('',*,*,#6640,.F.);
#6642=ORIENTED_EDGE('',*,*,#6624,.F.);
#6644=ORIENTED_EDGE('',*,*,#6643,.T.);
#6646=ORIENTED_EDGE('',*,*,#6645,.T.);
#6648=ORIENTED_EDGE('',*,*,#6647,.T.);
#6650=ORIENTED_EDGE('',*,*,#6649,.F.);
#6651=ORIENTED_EDGE('',*,*,#6620,.F.);
#6653=ORIENTED_EDGE('',*,*,#6652,.T.);
#6655=ORIENTED_EDGE('',*,*,#6654,.T.);
#6657=ORIENTED_EDGE('',*,*,#6656,.F.);
#6659=ORIENTED_EDGE('',*,*,#6658,.F.);
#6661=ORIENTED_EDGE('',*,*,#6660,.T.);
#6663=ORIENTED_EDGE('',*,*,#6662,.T.);
#6665=ORIENTED_EDGE('',*,*,#6664,.T.);
#6667=ORIENTED_EDGE('',*,*,#6666,.F.);
#6669=ORIENTED_EDGE('',*,*,#6668,.T.);
#6671=ORIENTED_EDGE('',*,*,#6670,.T.);
#6673=ORIENTED_EDGE('',*,*,#6672,.T.);
#6675=ORIENTED_EDGE('',*,*,#6674,.F.);
#6677=ORIENTED_EDGE('',*,*,#6676,.F.);
#6679=ORIENTED_EDGE('',*,*,#6678,.T.);
#6681=ORIENTED_EDGE('',*,*,#6680,.T.);
#6683=ORIENTED_EDGE('',*,*,#6682,.F.);
#6685=ORIENTED_EDGE('',*,*,#6684,.T.);
#6687=ORIENTED_EDGE('',*,*,#6686,.F.);
#6689=ORIENTED_EDGE('',*,*,#6688,.T.);
#6691=ORIENTED_EDGE('',*,*,#6690,.T.);
#6693=ORIENTED_EDGE('',*,*,#6692,.F.);
#6695=ORIENTED_EDGE('',*,*,#6694,.F.);
#6697=ORIENTED_EDGE('',*,*,#6696,.T.);
#6699=ORIENTED_EDGE('',*,*,#6698,.F.);
#6700=ORIENTED_EDGE('',*,*,#6608,.F.);
#6701=EDGE_LOOP('',(#6635,#6637,#6639,#6641,#6642,#6644,#6646,#6648,#6650,#6651,
#6653,#6655,#6657,#6659,#6661,#6663,#6665,#6667,#6669,#6671,#6673,#6675,#6677,
#6679,#6681,#6683,#6685,#6687,#6689,#6691,#6693,#6695,#6697,#6699,#6700));
#6702=FACE_OUTER_BOUND('',#6701,.F.);
#6703=ADVANCED_FACE('',(#6702),#6633,.T.);
#6704=CARTESIAN_POINT('',(-2.77E0,2.8E0,2.8E0));
#6705=DIRECTION('',(-1.E0,0.E0,0.E0));
#6706=DIRECTION('',(0.E0,-1.E0,0.E0));
#6707=AXIS2_PLACEMENT_3D('',#6704,#6705,#6706);
#6708=PLANE('',#6707);
#6709=ORIENTED_EDGE('',*,*,#6634,.F.);
#6710=ORIENTED_EDGE('',*,*,#6597,.T.);
#6711=ORIENTED_EDGE('',*,*,#4029,.T.);
#6713=ORIENTED_EDGE('',*,*,#6712,.F.);
#6714=EDGE_LOOP('',(#6709,#6710,#6711,#6713));
#6715=FACE_OUTER_BOUND('',#6714,.F.);
#6716=ADVANCED_FACE('',(#6715),#6708,.F.);
#6717=CARTESIAN_POINT('',(-2.77E0,1.E0,2.8E0));
#6718=DIRECTION('',(-7.071067811865E-1,-7.071067811865E-1,0.E0));
#6719=DIRECTION('',(7.071067811865E-1,-7.071067811865E-1,0.E0));
#6720=AXIS2_PLACEMENT_3D('',#6717,#6718,#6719);
#6721=PLANE('',#6720);
#6722=ORIENTED_EDGE('',*,*,#6636,.F.);
#6723=ORIENTED_EDGE('',*,*,#6712,.T.);
#6724=ORIENTED_EDGE('',*,*,#4027,.T.);
#6726=ORIENTED_EDGE('',*,*,#6725,.F.);
#6727=EDGE_LOOP('',(#6722,#6723,#6724,#6726));
#6728=FACE_OUTER_BOUND('',#6727,.F.);
#6729=ADVANCED_FACE('',(#6728),#6721,.F.);
#6730=CARTESIAN_POINT('',(-1.97E0,2.E-1,2.8E0));
#6731=DIRECTION('',(0.E0,-1.E0,0.E0));
#6732=DIRECTION('',(1.E0,0.E0,0.E0));
#6733=AXIS2_PLACEMENT_3D('',#6730,#6731,#6732);
#6734=PLANE('',#6733);
#6735=ORIENTED_EDGE('',*,*,#6638,.F.);
#6736=ORIENTED_EDGE('',*,*,#6725,.T.);
#6737=ORIENTED_EDGE('',*,*,#4025,.T.);
#6739=ORIENTED_EDGE('',*,*,#6738,.F.);
#6740=EDGE_LOOP('',(#6735,#6736,#6737,#6739));
#6741=FACE_OUTER_BOUND('',#6740,.F.);
#6742=ADVANCED_FACE('',(#6741),#6734,.F.);
#6743=CARTESIAN_POINT('',(-2.3E-1,2.E-1,2.8E0));
#6744=DIRECTION('',(1.E0,0.E0,0.E0));
#6745=DIRECTION('',(0.E0,1.E0,0.E0));
#6746=AXIS2_PLACEMENT_3D('',#6743,#6744,#6745);
#6747=PLANE('',#6746);
#6748=ORIENTED_EDGE('',*,*,#6640,.T.);
#6749=ORIENTED_EDGE('',*,*,#6738,.T.);
#6750=ORIENTED_EDGE('',*,*,#4023,.T.);
#6751=ORIENTED_EDGE('',*,*,#6594,.F.);
#6752=EDGE_LOOP('',(#6748,#6749,#6750,#6751));
#6753=FACE_OUTER_BOUND('',#6752,.F.);
#6754=ADVANCED_FACE('',(#6753),#6747,.F.);
#6755=CARTESIAN_POINT('',(2.3E-1,2.8E0,2.8E0));
#6756=DIRECTION('',(-1.E0,0.E0,0.E0));
#6757=DIRECTION('',(0.E0,-1.E0,0.E0));
#6758=AXIS2_PLACEMENT_3D('',#6755,#6756,#6757);
#6759=PLANE('',#6758);
#6760=ORIENTED_EDGE('',*,*,#6643,.F.);
#6762=ORIENTED_EDGE('',*,*,#6761,.T.);
#6763=ORIENTED_EDGE('',*,*,#4074,.T.);
#6765=ORIENTED_EDGE('',*,*,#6764,.F.);
#6766=EDGE_LOOP('',(#6760,#6762,#6763,#6765));
#6767=FACE_OUTER_BOUND('',#6766,.F.);
#6768=ADVANCED_FACE('',(#6767),#6759,.F.);
#6769=CARTESIAN_POINT('',(2.77E0,2.8E0,2.8E0));
#6770=DIRECTION('',(0.E0,1.E0,0.E0));
#6771=DIRECTION('',(-1.E0,0.E0,0.E0));
#6772=AXIS2_PLACEMENT_3D('',#6769,#6770,#6771);
#6773=PLANE('',#6772);
#6774=ORIENTED_EDGE('',*,*,#6622,.F.);
#6776=ORIENTED_EDGE('',*,*,#6775,.T.);
#6777=ORIENTED_EDGE('',*,*,#4076,.T.);
#6778=ORIENTED_EDGE('',*,*,#6761,.F.);
#6779=EDGE_LOOP('',(#6774,#6776,#6777,#6778));
#6780=FACE_OUTER_BOUND('',#6779,.F.);
#6781=ADVANCED_FACE('',(#6780),#6773,.F.);
#6782=CARTESIAN_POINT('',(2.77E0,1.E0,2.8E0));
#6783=DIRECTION('',(1.E0,0.E0,0.E0));
#6784=DIRECTION('',(0.E0,1.E0,0.E0));
#6785=AXIS2_PLACEMENT_3D('',#6782,#6783,#6784);
#6786=PLANE('',#6785);
#6787=ORIENTED_EDGE('',*,*,#6649,.T.);
#6789=ORIENTED_EDGE('',*,*,#6788,.T.);
#6790=ORIENTED_EDGE('',*,*,#4078,.T.);
#6791=ORIENTED_EDGE('',*,*,#6775,.F.);
#6792=EDGE_LOOP('',(#6787,#6789,#6790,#6791));
#6793=FACE_OUTER_BOUND('',#6792,.F.);
#6794=ADVANCED_FACE('',(#6793),#6786,.F.);
#6795=CARTESIAN_POINT('',(1.97E0,2.E-1,2.8E0));
#6796=DIRECTION('',(7.071067811865E-1,-7.071067811865E-1,0.E0));
#6797=DIRECTION('',(7.071067811865E-1,7.071067811865E-1,0.E0));
#6798=AXIS2_PLACEMENT_3D('',#6795,#6796,#6797);
#6799=PLANE('',#6798);
#6800=ORIENTED_EDGE('',*,*,#6647,.F.);
#6802=ORIENTED_EDGE('',*,*,#6801,.T.);
#6803=ORIENTED_EDGE('',*,*,#4080,.T.);
#6804=ORIENTED_EDGE('',*,*,#6788,.F.);
#6805=EDGE_LOOP('',(#6800,#6802,#6803,#6804));
#6806=FACE_OUTER_BOUND('',#6805,.F.);
#6807=ADVANCED_FACE('',(#6806),#6799,.F.);
#6808=CARTESIAN_POINT('',(2.3E-1,2.E-1,2.8E0));
#6809=DIRECTION('',(0.E0,-1.E0,0.E0));
#6810=DIRECTION('',(1.E0,0.E0,0.E0));
#6811=AXIS2_PLACEMENT_3D('',#6808,#6809,#6810);
#6812=PLANE('',#6811);
#6813=ORIENTED_EDGE('',*,*,#6645,.F.);
#6814=ORIENTED_EDGE('',*,*,#6764,.T.);
#6815=ORIENTED_EDGE('',*,*,#4082,.T.);
#6816=ORIENTED_EDGE('',*,*,#6801,.F.);
#6817=EDGE_LOOP('',(#6813,#6814,#6815,#6816));
#6818=FACE_OUTER_BOUND('',#6817,.F.);
#6819=ADVANCED_FACE('',(#6818),#6812,.F.);
#6820=CARTESIAN_POINT('',(3.23E0,2.8E0,2.8E0));
#6821=DIRECTION('',(-1.E0,0.E0,0.E0));
#6822=DIRECTION('',(0.E0,-1.E0,0.E0));
#6823=AXIS2_PLACEMENT_3D('',#6820,#6821,#6822);
#6824=PLANE('',#6823);
#6825=ORIENTED_EDGE('',*,*,#6652,.F.);
#6827=ORIENTED_EDGE('',*,*,#6826,.T.);
#6828=ORIENTED_EDGE('',*,*,#4102,.T.);
#6830=ORIENTED_EDGE('',*,*,#6829,.F.);
#6831=EDGE_LOOP('',(#6825,#6827,#6828,#6830));
#6832=FACE_OUTER_BOUND('',#6831,.F.);
#6833=ADVANCED_FACE('',(#6832),#6824,.F.);
#6834=CARTESIAN_POINT('',(6.25E0,2.8E0,2.8E0));
#6835=DIRECTION('',(0.E0,1.E0,0.E0));
#6836=DIRECTION('',(-1.E0,0.E0,0.E0));
#6837=AXIS2_PLACEMENT_3D('',#6834,#6835,#6836);
#6838=PLANE('',#6837);
#6839=ORIENTED_EDGE('',*,*,#6618,.F.);
#6841=ORIENTED_EDGE('',*,*,#6840,.T.);
#6842=ORIENTED_EDGE('',*,*,#4104,.T.);
#6843=ORIENTED_EDGE('',*,*,#6826,.F.);
#6844=EDGE_LOOP('',(#6839,#6841,#6842,#6843));
#6845=FACE_OUTER_BOUND('',#6844,.F.);
#6846=ADVANCED_FACE('',(#6845),#6838,.F.);
#6847=CARTESIAN_POINT('',(6.25E0,2.E-1,2.8E0));
#6848=DIRECTION('',(1.E0,0.E0,0.E0));
#6849=DIRECTION('',(0.E0,1.E0,0.E0));
#6850=AXIS2_PLACEMENT_3D('',#6847,#6848,#6849);
#6851=PLANE('',#6850);
#6853=ORIENTED_EDGE('',*,*,#6852,.T.);
#6855=ORIENTED_EDGE('',*,*,#6854,.T.);
#6856=ORIENTED_EDGE('',*,*,#4106,.T.);
#6857=ORIENTED_EDGE('',*,*,#6840,.F.);
#6858=EDGE_LOOP('',(#6853,#6855,#6856,#6857));
#6859=FACE_OUTER_BOUND('',#6858,.F.);
#6860=ADVANCED_FACE('',(#6859),#6851,.F.);
#6861=CARTESIAN_POINT('',(7.725E0,0.E0,4.3E0));
#6862=DIRECTION('',(7.130236798106E-1,0.E0,-7.011399518137E-1));
#6863=DIRECTION('',(0.E0,1.E0,0.E0));
#6864=AXIS2_PLACEMENT_3D('',#6861,#6862,#6863);
#6865=PLANE('',#6864);
#6866=ORIENTED_EDGE('',*,*,#6852,.F.);
#6867=ORIENTED_EDGE('',*,*,#6616,.T.);
#6869=ORIENTED_EDGE('',*,*,#6868,.F.);
#6871=ORIENTED_EDGE('',*,*,#6870,.F.);
#6873=ORIENTED_EDGE('',*,*,#6872,.T.);
#6874=ORIENTED_EDGE('',*,*,#6658,.T.);
#6875=EDGE_LOOP('',(#6866,#6867,#6869,#6871,#6873,#6874));
#6876=FACE_OUTER_BOUND('',#6875,.F.);
#6877=ADVANCED_FACE('',(#6876),#6865,.F.);
#6878=CARTESIAN_POINT('',(0.E0,0.E0,5.8E0));
#6879=DIRECTION('',(0.E0,0.E0,1.E0));
#6880=DIRECTION('',(1.E0,0.E0,0.E0));
#6881=AXIS2_PLACEMENT_3D('',#6878,#6879,#6880);
#6882=PLANE('',#6881);
#6884=ORIENTED_EDGE('',*,*,#6883,.F.);
#6886=ORIENTED_EDGE('',*,*,#6885,.F.);
#6888=ORIENTED_EDGE('',*,*,#6887,.F.);
#6890=ORIENTED_EDGE('',*,*,#6889,.F.);
#6891=EDGE_LOOP('',(#6884,#6886,#6888,#6890));
#6892=FACE_OUTER_BOUND('',#6891,.F.);
#6894=ORIENTED_EDGE('',*,*,#6893,.T.);
#6896=ORIENTED_EDGE('',*,*,#6895,.T.);
#6897=ORIENTED_EDGE('',*,*,#6868,.T.);
#6898=ORIENTED_EDGE('',*,*,#6614,.T.);
#6899=EDGE_LOOP('',(#6894,#6896,#6897,#6898));
#6900=FACE_BOUND('',#6899,.F.);
#6901=ADVANCED_FACE('',(#6892,#6900),#6882,.T.);
#6902=CARTESIAN_POINT('',(-9.5E0,5.95E0,-5.8E0));
#6903=DIRECTION('',(-1.E0,0.E0,0.E0));
#6904=DIRECTION('',(0.E0,-1.E0,0.E0));
#6905=AXIS2_PLACEMENT_3D('',#6902,#6903,#6904);
#6906=PLANE('',#6905);
#6908=ORIENTED_EDGE('',*,*,#6907,.T.);
#6910=ORIENTED_EDGE('',*,*,#6909,.T.);
#6911=ORIENTED_EDGE('',*,*,#6883,.T.);
#6913=ORIENTED_EDGE('',*,*,#6912,.F.);
#6914=ORIENTED_EDGE('',*,*,#3800,.F.);
#6916=ORIENTED_EDGE('',*,*,#6915,.T.);
#6918=ORIENTED_EDGE('',*,*,#6917,.F.);
#6919=EDGE_LOOP('',(#6908,#6910,#6911,#6913,#6914,#6916,#6918));
#6920=FACE_OUTER_BOUND('',#6919,.F.);
#6921=ADVANCED_FACE('',(#6920),#6906,.T.);
#6922=CARTESIAN_POINT('',(9.5E0,5.45E0,-1.2E0));
#6923=DIRECTION('',(1.E0,0.E0,0.E0));
#6924=DIRECTION('',(0.E0,0.E0,-1.E0));
#6925=AXIS2_PLACEMENT_3D('',#6922,#6923,#6924);
#6926=CYLINDRICAL_SURFACE('',#6925,5.E-1);
#6928=ORIENTED_EDGE('',*,*,#6927,.F.);
#6930=ORIENTED_EDGE('',*,*,#6929,.F.);
#6932=ORIENTED_EDGE('',*,*,#6931,.T.);
#6934=ORIENTED_EDGE('',*,*,#6933,.F.);
#6935=EDGE_LOOP('',(#6928,#6930,#6932,#6934));
#6936=FACE_OUTER_BOUND('',#6935,.F.);
#6937=ADVANCED_FACE('',(#6936),#6926,.T.);
#6938=CARTESIAN_POINT('',(9.5E0,5.45E0,-1.2E0));
#6939=DIRECTION('',(1.E0,0.E0,0.E0));
#6940=DIRECTION('',(0.E0,0.E0,-1.E0));
#6941=AXIS2_PLACEMENT_3D('',#6938,#6939,#6940);
#6942=CYLINDRICAL_SURFACE('',#6941,5.E-1);
#6944=ORIENTED_EDGE('',*,*,#6943,.T.);
#6946=ORIENTED_EDGE('',*,*,#6945,.F.);
#6947=ORIENTED_EDGE('',*,*,#6907,.F.);
#6949=ORIENTED_EDGE('',*,*,#6948,.F.);
#6950=EDGE_LOOP('',(#6944,#6946,#6947,#6949));
#6951=FACE_OUTER_BOUND('',#6950,.F.);
#6952=ADVANCED_FACE('',(#6951),#6942,.T.);
#6953=CARTESIAN_POINT('',(8.5E0,0.E0,0.E0));
#6954=DIRECTION('',(1.E0,0.E0,0.E0));
#6955=DIRECTION('',(0.E0,0.E0,-1.E0));
#6956=AXIS2_PLACEMENT_3D('',#6953,#6954,#6955);
#6957=PLANE('',#6956);
#6958=ORIENTED_EDGE('',*,*,#3792,.T.);
#6960=ORIENTED_EDGE('',*,*,#6959,.T.);
#6962=ORIENTED_EDGE('',*,*,#6961,.T.);
#6964=ORIENTED_EDGE('',*,*,#6963,.F.);
#6965=EDGE_LOOP('',(#6958,#6960,#6962,#6964));
#6966=FACE_OUTER_BOUND('',#6965,.F.);
#6967=ADVANCED_FACE('',(#6966),#6957,.F.);
#6968=CARTESIAN_POINT('',(8.5E0,0.E0,0.E0));
#6969=DIRECTION('',(1.E0,0.E0,0.E0));
#6970=DIRECTION('',(0.E0,0.E0,-1.E0));
#6971=AXIS2_PLACEMENT_3D('',#6968,#6969,#6970);
#6972=PLANE('',#6971);
#6974=ORIENTED_EDGE('',*,*,#6973,.T.);
#6976=ORIENTED_EDGE('',*,*,#6975,.T.);
#6978=ORIENTED_EDGE('',*,*,#6977,.T.);
#6980=ORIENTED_EDGE('',*,*,#6979,.F.);
#6981=ORIENTED_EDGE('',*,*,#6927,.T.);
#6982=EDGE_LOOP('',(#6974,#6976,#6978,#6980,#6981));
#6983=FACE_OUTER_BOUND('',#6982,.F.);
#6984=ADVANCED_FACE('',(#6983),#6972,.F.);
#6985=CARTESIAN_POINT('',(8.5E0,-4.45E0,-5.8E0));
#6986=DIRECTION('',(0.E0,1.E0,0.E0));
#6987=DIRECTION('',(0.E0,0.E0,1.E0));
#6988=AXIS2_PLACEMENT_3D('',#6985,#6986,#6987);
#6989=PLANE('',#6988);
#6991=ORIENTED_EDGE('',*,*,#6990,.F.);
#6993=ORIENTED_EDGE('',*,*,#6992,.F.);
#6995=ORIENTED_EDGE('',*,*,#6994,.T.);
#6997=ORIENTED_EDGE('',*,*,#6996,.T.);
#6999=ORIENTED_EDGE('',*,*,#6998,.F.);
#7001=ORIENTED_EDGE('',*,*,#7000,.F.);
#7002=ORIENTED_EDGE('',*,*,#6959,.F.);
#7003=ORIENTED_EDGE('',*,*,#3806,.F.);
#7005=ORIENTED_EDGE('',*,*,#7004,.T.);
#7007=ORIENTED_EDGE('',*,*,#7006,.F.);
#7009=ORIENTED_EDGE('',*,*,#7008,.T.);
#7011=ORIENTED_EDGE('',*,*,#7010,.F.);
#7012=EDGE_LOOP('',(#6991,#6993,#6995,#6997,#6999,#7001,#7002,#7003,#7005,#7007,
#7009,#7011));
#7013=FACE_OUTER_BOUND('',#7012,.F.);
#7014=ADVANCED_FACE('',(#7013),#6989,.F.);
#7015=CARTESIAN_POINT('',(-2.85E0,-5.95E0,-5.8E0));
#7016=DIRECTION('',(-1.E0,0.E0,0.E0));
#7017=DIRECTION('',(0.E0,0.E0,-1.E0));
#7018=AXIS2_PLACEMENT_3D('',#7015,#7016,#7017);
#7019=PLANE('',#7018);
#7021=ORIENTED_EDGE('',*,*,#7020,.T.);
#7023=ORIENTED_EDGE('',*,*,#7022,.T.);
#7025=ORIENTED_EDGE('',*,*,#7024,.T.);
#7027=ORIENTED_EDGE('',*,*,#7026,.F.);
#7029=ORIENTED_EDGE('',*,*,#7028,.F.);
#7031=ORIENTED_EDGE('',*,*,#7030,.F.);
#7033=ORIENTED_EDGE('',*,*,#7032,.T.);
#7035=ORIENTED_EDGE('',*,*,#7034,.F.);
#7036=ORIENTED_EDGE('',*,*,#6990,.T.);
#7038=ORIENTED_EDGE('',*,*,#7037,.T.);
#7039=EDGE_LOOP('',(#7021,#7023,#7025,#7027,#7029,#7031,#7033,#7035,#7036,
#7038));
#7040=FACE_OUTER_BOUND('',#7039,.F.);
#7041=ADVANCED_FACE('',(#7040),#7019,.F.);
#7042=CARTESIAN_POINT('',(-9.5E0,-5.95E0,-5.8E0));
#7043=DIRECTION('',(0.E0,-1.E0,0.E0));
#7044=DIRECTION('',(1.E0,0.E0,0.E0));
#7045=AXIS2_PLACEMENT_3D('',#7042,#7043,#7044);
#7046=PLANE('',#7045);
#7048=ORIENTED_EDGE('',*,*,#7047,.T.);
#7050=ORIENTED_EDGE('',*,*,#7049,.T.);
#7052=ORIENTED_EDGE('',*,*,#7051,.T.);
#7054=ORIENTED_EDGE('',*,*,#7053,.F.);
#7056=ORIENTED_EDGE('',*,*,#7055,.F.);
#7057=EDGE_LOOP('',(#7048,#7050,#7052,#7054,#7056));
#7058=FACE_OUTER_BOUND('',#7057,.F.);
#7059=ADVANCED_FACE('',(#7058),#7046,.T.);
#7060=CARTESIAN_POINT('',(-9.5E0,-5.95E0,-5.8E0));
#7061=DIRECTION('',(0.E0,-1.E0,0.E0));
#7062=DIRECTION('',(1.E0,0.E0,0.E0));
#7063=AXIS2_PLACEMENT_3D('',#7060,#7061,#7062);
#7064=PLANE('',#7063);
#7066=ORIENTED_EDGE('',*,*,#7065,.F.);
#7067=ORIENTED_EDGE('',*,*,#7020,.F.);
#7069=ORIENTED_EDGE('',*,*,#7068,.T.);
#7071=ORIENTED_EDGE('',*,*,#7070,.T.);
#7073=ORIENTED_EDGE('',*,*,#7072,.F.);
#7074=EDGE_LOOP('',(#7066,#7067,#7069,#7071,#7073));
#7075=FACE_OUTER_BOUND('',#7074,.F.);
#7076=ADVANCED_FACE('',(#7075),#7064,.T.);
#7077=CARTESIAN_POINT('',(-9.5E0,-5.95E0,-5.8E0));
#7078=DIRECTION('',(0.E0,-1.E0,0.E0));
#7079=DIRECTION('',(1.E0,0.E0,0.E0));
#7080=AXIS2_PLACEMENT_3D('',#7077,#7078,#7079);
#7081=PLANE('',#7080);
#7083=ORIENTED_EDGE('',*,*,#7082,.F.);
#7085=ORIENTED_EDGE('',*,*,#7084,.T.);
#7087=ORIENTED_EDGE('',*,*,#7086,.F.);
#7089=ORIENTED_EDGE('',*,*,#7088,.F.);
#7090=ORIENTED_EDGE('',*,*,#3802,.F.);
#7091=ORIENTED_EDGE('',*,*,#6912,.T.);
#7092=ORIENTED_EDGE('',*,*,#6889,.T.);
#7094=ORIENTED_EDGE('',*,*,#7093,.F.);
#7095=ORIENTED_EDGE('',*,*,#3794,.F.);
#7096=ORIENTED_EDGE('',*,*,#6963,.T.);
#7098=ORIENTED_EDGE('',*,*,#7097,.F.);
#7100=ORIENTED_EDGE('',*,*,#7099,.T.);
#7102=ORIENTED_EDGE('',*,*,#7101,.T.);
#7104=ORIENTED_EDGE('',*,*,#7103,.T.);
#7106=ORIENTED_EDGE('',*,*,#7105,.F.);
#7108=ORIENTED_EDGE('',*,*,#7107,.F.);
#7109=ORIENTED_EDGE('',*,*,#7032,.F.);
#7111=ORIENTED_EDGE('',*,*,#7110,.F.);
#7112=EDGE_LOOP('',(#7083,#7085,#7087,#7089,#7090,#7091,#7092,#7094,#7095,#7096,
#7098,#7100,#7102,#7104,#7106,#7108,#7109,#7111));
#7113=FACE_OUTER_BOUND('',#7112,.F.);
#7114=ADVANCED_FACE('',(#7113),#7081,.T.);
#7115=CARTESIAN_POINT('',(2.85E0,-5.95E0,-1.1E0));
#7116=DIRECTION('',(0.E0,0.E0,-1.E0));
#7117=DIRECTION('',(1.E0,0.E0,0.E0));
#7118=AXIS2_PLACEMENT_3D('',#7115,#7116,#7117);
#7119=PLANE('',#7118);
#7121=ORIENTED_EDGE('',*,*,#7120,.T.);
#7123=ORIENTED_EDGE('',*,*,#7122,.T.);
#7125=ORIENTED_EDGE('',*,*,#7124,.T.);
#7127=ORIENTED_EDGE('',*,*,#7126,.F.);
#7128=ORIENTED_EDGE('',*,*,#7047,.F.);
#7130=ORIENTED_EDGE('',*,*,#7129,.T.);
#7131=EDGE_LOOP('',(#7121,#7123,#7125,#7127,#7128,#7130));
#7132=FACE_OUTER_BOUND('',#7131,.F.);
#7133=ADVANCED_FACE('',(#7132),#7119,.T.);
#7134=CARTESIAN_POINT('',(2.85E0,-7.93E0,-1.1E0));
#7135=DIRECTION('',(0.E0,-2.298934945800E-1,-9.732157937219E-1));
#7136=DIRECTION('',(1.E0,0.E0,0.E0));
#7137=AXIS2_PLACEMENT_3D('',#7134,#7135,#7136);
#7138=PLANE('',#7137);
#7139=ORIENTED_EDGE('',*,*,#7120,.F.);
#7141=ORIENTED_EDGE('',*,*,#7140,.T.);
#7143=ORIENTED_EDGE('',*,*,#7142,.T.);
#7145=ORIENTED_EDGE('',*,*,#7144,.F.);
#7146=EDGE_LOOP('',(#7139,#7141,#7143,#7145));
#7147=FACE_OUTER_BOUND('',#7146,.F.);
#7148=ADVANCED_FACE('',(#7147),#7138,.T.);
#7149=CARTESIAN_POINT('',(2.85E0,0.E0,0.E0));
#7150=DIRECTION('',(1.E0,0.E0,0.E0));
#7151=DIRECTION('',(0.E0,0.E0,-1.E0));
#7152=AXIS2_PLACEMENT_3D('',#7149,#7150,#7151);
#7153=PLANE('',#7152);
#7154=ORIENTED_EDGE('',*,*,#7105,.T.);
#7156=ORIENTED_EDGE('',*,*,#7155,.T.);
#7158=ORIENTED_EDGE('',*,*,#7157,.T.);
#7160=ORIENTED_EDGE('',*,*,#7159,.T.);
#7161=ORIENTED_EDGE('',*,*,#7140,.F.);
#7162=ORIENTED_EDGE('',*,*,#7129,.F.);
#7163=ORIENTED_EDGE('',*,*,#7055,.T.);
#7165=ORIENTED_EDGE('',*,*,#7164,.T.);
#7166=ORIENTED_EDGE('',*,*,#6994,.F.);
#7168=ORIENTED_EDGE('',*,*,#7167,.T.);
#7169=EDGE_LOOP('',(#7154,#7156,#7158,#7160,#7161,#7162,#7163,#7165,#7166,
#7168));
#7170=FACE_OUTER_BOUND('',#7169,.F.);
#7171=ADVANCED_FACE('',(#7170),#7153,.F.);
#7172=CARTESIAN_POINT('',(3.193704968844E0,-5.95E0,9.E-1));
#7173=DIRECTION('',(0.E0,0.E0,1.E0));
#7174=DIRECTION('',(-1.E0,0.E0,0.E0));
#7175=AXIS2_PLACEMENT_3D('',#7172,#7173,#7174);
#7176=PLANE('',#7175);
#7178=ORIENTED_EDGE('',*,*,#7177,.T.);
#7180=ORIENTED_EDGE('',*,*,#7179,.T.);
#7182=ORIENTED_EDGE('',*,*,#7181,.F.);
#7184=ORIENTED_EDGE('',*,*,#7183,.T.);
#7185=ORIENTED_EDGE('',*,*,#7155,.F.);
#7186=ORIENTED_EDGE('',*,*,#7103,.F.);
#7187=EDGE_LOOP('',(#7178,#7180,#7182,#7184,#7185,#7186));
#7188=FACE_OUTER_BOUND('',#7187,.F.);
#7189=ADVANCED_FACE('',(#7188),#7176,.T.);
#7190=CARTESIAN_POINT('',(2.76E0,-5.95E0,-1.E-1));
#7191=DIRECTION('',(0.E0,-1.E0,0.E0));
#7192=DIRECTION('',(1.E0,0.E0,0.E0));
#7193=AXIS2_PLACEMENT_3D('',#7190,#7191,#7192);
#7194=CYLINDRICAL_SURFACE('',#7193,1.09E0);
#7196=ORIENTED_EDGE('',*,*,#7195,.T.);
#7197=ORIENTED_EDGE('',*,*,#7177,.F.);
#7198=ORIENTED_EDGE('',*,*,#7101,.F.);
#7199=ORIENTED_EDGE('',*,*,#7049,.F.);
#7200=ORIENTED_EDGE('',*,*,#7126,.T.);
#7201=EDGE_LOOP('',(#7196,#7197,#7198,#7199,#7200));
#7202=FACE_OUTER_BOUND('',#7201,.F.);
#7203=ADVANCED_FACE('',(#7202),#7194,.T.);
#7204=CARTESIAN_POINT('',(0.E0,-7.73E0,0.E0));
#7205=DIRECTION('',(0.E0,1.E0,0.E0));
#7206=DIRECTION('',(-1.E0,0.E0,0.E0));
#7207=AXIS2_PLACEMENT_3D('',#7204,#7205,#7206);
#7208=PLANE('',#7207);
#7209=ORIENTED_EDGE('',*,*,#7195,.F.);
#7210=ORIENTED_EDGE('',*,*,#7124,.F.);
#7212=ORIENTED_EDGE('',*,*,#7211,.F.);
#7213=ORIENTED_EDGE('',*,*,#7179,.F.);
#7214=EDGE_LOOP('',(#7209,#7210,#7212,#7213));
#7215=FACE_OUTER_BOUND('',#7214,.F.);
#7216=ADVANCED_FACE('',(#7215),#7208,.T.);
#7217=CARTESIAN_POINT('',(2.76E0,-9.2E0,-1.E-1));
#7218=DIRECTION('',(0.E0,1.E0,0.E0));
#7219=DIRECTION('',(-1.E0,0.E0,0.E0));
#7220=AXIS2_PLACEMENT_3D('',#7217,#7218,#7219);
#7221=CYLINDRICAL_SURFACE('',#7220,1.4E0);
#7223=ORIENTED_EDGE('',*,*,#7222,.F.);
#7224=ORIENTED_EDGE('',*,*,#7181,.T.);
#7225=ORIENTED_EDGE('',*,*,#7211,.T.);
#7226=ORIENTED_EDGE('',*,*,#7122,.F.);
#7227=EDGE_LOOP('',(#7223,#7224,#7225,#7226));
#7228=FACE_OUTER_BOUND('',#7227,.F.);
#7229=ADVANCED_FACE('',(#7228),#7221,.T.);
#7230=CARTESIAN_POINT('',(2.76E0,-8.565E0,-1.E-1));
#7231=DIRECTION('',(0.E0,1.E0,0.E0));
#7232=DIRECTION('',(-1.E0,0.E0,0.E0));
#7233=AXIS2_PLACEMENT_3D('',#7230,#7231,#7232);
#7234=CONICAL_SURFACE('',#7233,1.25E0,1.329080141129E1);
#7236=ORIENTED_EDGE('',*,*,#7235,.F.);
#7238=ORIENTED_EDGE('',*,*,#7237,.F.);
#7239=ORIENTED_EDGE('',*,*,#7222,.T.);
#7240=ORIENTED_EDGE('',*,*,#7144,.T.);
#7241=EDGE_LOOP('',(#7236,#7238,#7239,#7240));
#7242=FACE_OUTER_BOUND('',#7241,.F.);
#7243=ADVANCED_FACE('',(#7242),#7234,.T.);
#7244=CARTESIAN_POINT('',(0.E0,-9.2E0,0.E0));
#7245=DIRECTION('',(0.E0,-1.E0,0.E0));
#7246=DIRECTION('',(1.E0,0.E0,0.E0));
#7247=AXIS2_PLACEMENT_3D('',#7244,#7245,#7246);
#7248=PLANE('',#7247);
#7250=ORIENTED_EDGE('',*,*,#7249,.F.);
#7251=ORIENTED_EDGE('',*,*,#7235,.T.);
#7252=ORIENTED_EDGE('',*,*,#7142,.F.);
#7253=ORIENTED_EDGE('',*,*,#7159,.F.);
#7254=EDGE_LOOP('',(#7250,#7251,#7252,#7253));
#7255=FACE_OUTER_BOUND('',#7254,.F.);
#7256=ADVANCED_FACE('',(#7255),#7248,.T.);
#7257=CARTESIAN_POINT('',(3.739795897113E0,-7.93E0,9.E-1));
#7258=DIRECTION('',(0.E0,-2.298934945800E-1,9.732157937219E-1));
#7259=DIRECTION('',(-1.E0,0.E0,0.E0));
#7260=AXIS2_PLACEMENT_3D('',#7257,#7258,#7259);
#7261=PLANE('',#7260);
#7262=ORIENTED_EDGE('',*,*,#7183,.F.);
#7263=ORIENTED_EDGE('',*,*,#7237,.T.);
#7264=ORIENTED_EDGE('',*,*,#7249,.T.);
#7265=ORIENTED_EDGE('',*,*,#7157,.F.);
#7266=EDGE_LOOP('',(#7262,#7263,#7264,#7265));
#7267=FACE_OUTER_BOUND('',#7266,.F.);
#7268=ADVANCED_FACE('',(#7267),#7261,.T.);
#7269=CARTESIAN_POINT('',(2.85E0,-5.95E0,-4.2E0));
#7270=DIRECTION('',(0.E0,0.E0,-1.E0));
#7271=DIRECTION('',(0.E0,1.E0,0.E0));
#7272=AXIS2_PLACEMENT_3D('',#7269,#7270,#7271);
#7273=PLANE('',#7272);
#7274=ORIENTED_EDGE('',*,*,#6996,.F.);
#7275=ORIENTED_EDGE('',*,*,#7164,.F.);
#7276=ORIENTED_EDGE('',*,*,#7053,.T.);
#7278=ORIENTED_EDGE('',*,*,#7277,.T.);
#7279=EDGE_LOOP('',(#7274,#7275,#7276,#7278));
#7280=FACE_OUTER_BOUND('',#7279,.F.);
#7281=ADVANCED_FACE('',(#7280),#7273,.T.);
#7282=CARTESIAN_POINT('',(3.85E0,0.E0,0.E0));
#7283=DIRECTION('',(1.E0,0.E0,0.E0));
#7284=DIRECTION('',(0.E0,0.E0,-1.E0));
#7285=AXIS2_PLACEMENT_3D('',#7282,#7283,#7284);
#7286=PLANE('',#7285);
#7287=ORIENTED_EDGE('',*,*,#7099,.F.);
#7289=ORIENTED_EDGE('',*,*,#7288,.F.);
#7290=ORIENTED_EDGE('',*,*,#6998,.T.);
#7291=ORIENTED_EDGE('',*,*,#7277,.F.);
#7292=ORIENTED_EDGE('',*,*,#7051,.F.);
#7293=EDGE_LOOP('',(#7287,#7289,#7290,#7291,#7292));
#7294=FACE_OUTER_BOUND('',#7293,.F.);
#7295=ADVANCED_FACE('',(#7294),#7286,.T.);
#7296=CARTESIAN_POINT('',(8.5E0,-4.45E0,2.8E0));
#7297=DIRECTION('',(0.E0,8.E-1,6.E-1));
#7298=DIRECTION('',(0.E0,-6.E-1,8.E-1));
#7299=AXIS2_PLACEMENT_3D('',#7296,#7297,#7298);
#7300=PLANE('',#7299);
#7301=ORIENTED_EDGE('',*,*,#7288,.T.);
#7302=ORIENTED_EDGE('',*,*,#7097,.T.);
#7303=ORIENTED_EDGE('',*,*,#6961,.F.);
#7304=ORIENTED_EDGE('',*,*,#7000,.T.);
#7305=EDGE_LOOP('',(#7301,#7302,#7303,#7304));
#7306=FACE_OUTER_BOUND('',#7305,.F.);
#7307=ADVANCED_FACE('',(#7306),#7300,.F.);
#7308=CARTESIAN_POINT('',(8.5E0,-4.45E0,2.8E0));
#7309=DIRECTION('',(0.E0,8.E-1,6.E-1));
#7310=DIRECTION('',(0.E0,-6.E-1,8.E-1));
#7311=AXIS2_PLACEMENT_3D('',#7308,#7309,#7310);
#7312=PLANE('',#7311);
#7313=ORIENTED_EDGE('',*,*,#7034,.T.);
#7314=ORIENTED_EDGE('',*,*,#7107,.T.);
#7315=ORIENTED_EDGE('',*,*,#7167,.F.);
#7316=ORIENTED_EDGE('',*,*,#6992,.T.);
#7317=EDGE_LOOP('',(#7313,#7314,#7315,#7316));
#7318=FACE_OUTER_BOUND('',#7317,.F.);
#7319=ADVANCED_FACE('',(#7318),#7312,.F.);
#7320=CARTESIAN_POINT('',(8.5E0,-4.45E0,2.8E0));
#7321=DIRECTION('',(0.E0,8.E-1,6.E-1));
#7322=DIRECTION('',(0.E0,-6.E-1,8.E-1));
#7323=AXIS2_PLACEMENT_3D('',#7320,#7321,#7322);
#7324=PLANE('',#7323);
#7326=ORIENTED_EDGE('',*,*,#7325,.F.);
#7327=ORIENTED_EDGE('',*,*,#7006,.T.);
#7329=ORIENTED_EDGE('',*,*,#7328,.T.);
#7330=ORIENTED_EDGE('',*,*,#7086,.T.);
#7331=EDGE_LOOP('',(#7326,#7327,#7329,#7330));
#7332=FACE_OUTER_BOUND('',#7331,.F.);
#7333=ADVANCED_FACE('',(#7332),#7324,.F.);
#7334=CARTESIAN_POINT('',(-3.85E0,-5.95E0,-5.8E0));
#7335=DIRECTION('',(-1.E0,0.E0,0.E0));
#7336=DIRECTION('',(0.E0,0.E0,-1.E0));
#7337=AXIS2_PLACEMENT_3D('',#7334,#7335,#7336);
#7338=PLANE('',#7337);
#7339=ORIENTED_EDGE('',*,*,#7070,.F.);
#7341=ORIENTED_EDGE('',*,*,#7340,.F.);
#7342=ORIENTED_EDGE('',*,*,#7008,.F.);
#7343=ORIENTED_EDGE('',*,*,#7325,.T.);
#7344=ORIENTED_EDGE('',*,*,#7084,.F.);
#7345=EDGE_LOOP('',(#7339,#7341,#7342,#7343,#7344));
#7346=FACE_OUTER_BOUND('',#7345,.F.);
#7347=ADVANCED_FACE('',(#7346),#7338,.T.);
#7348=CARTESIAN_POINT('',(-2.85E0,-4.45E0,-4.2E0));
#7349=DIRECTION('',(0.E0,0.E0,-1.E0));
#7350=DIRECTION('',(0.E0,-1.E0,0.E0));
#7351=AXIS2_PLACEMENT_3D('',#7348,#7349,#7350);
#7352=PLANE('',#7351);
#7353=ORIENTED_EDGE('',*,*,#7010,.T.);
#7354=ORIENTED_EDGE('',*,*,#7340,.T.);
#7355=ORIENTED_EDGE('',*,*,#7068,.F.);
#7356=ORIENTED_EDGE('',*,*,#7037,.F.);
#7357=EDGE_LOOP('',(#7353,#7354,#7355,#7356));
#7358=FACE_OUTER_BOUND('',#7357,.F.);
#7359=ADVANCED_FACE('',(#7358),#7352,.T.);
#7360=CARTESIAN_POINT('',(-8.5E0,0.E0,0.E0));
#7361=DIRECTION('',(1.E0,0.E0,0.E0));
#7362=DIRECTION('',(0.E0,0.E0,-1.E0));
#7363=AXIS2_PLACEMENT_3D('',#7360,#7361,#7362);
#7364=PLANE('',#7363);
#7365=ORIENTED_EDGE('',*,*,#3804,.F.);
#7366=ORIENTED_EDGE('',*,*,#7088,.T.);
#7367=ORIENTED_EDGE('',*,*,#7328,.F.);
#7368=ORIENTED_EDGE('',*,*,#7004,.F.);
#7369=EDGE_LOOP('',(#7365,#7366,#7367,#7368));
#7370=FACE_OUTER_BOUND('',#7369,.F.);
#7371=ADVANCED_FACE('',(#7370),#7364,.T.);
#7372=CARTESIAN_POINT('',(-8.5E0,0.E0,0.E0));
#7373=DIRECTION('',(1.E0,0.E0,0.E0));
#7374=DIRECTION('',(0.E0,0.E0,-1.E0));
#7375=AXIS2_PLACEMENT_3D('',#7372,#7373,#7374);
#7376=PLANE('',#7375);
#7378=ORIENTED_EDGE('',*,*,#7377,.F.);
#7379=ORIENTED_EDGE('',*,*,#6943,.F.);
#7381=ORIENTED_EDGE('',*,*,#7380,.T.);
#7383=ORIENTED_EDGE('',*,*,#7382,.F.);
#7385=ORIENTED_EDGE('',*,*,#7384,.F.);
#7386=EDGE_LOOP('',(#7378,#7379,#7381,#7383,#7385));
#7387=FACE_OUTER_BOUND('',#7386,.F.);
#7388=ADVANCED_FACE('',(#7387),#7376,.T.);
#7389=CARTESIAN_POINT('',(9.5E0,5.95E0,-5.8E0));
#7390=DIRECTION('',(0.E0,1.E0,0.E0));
#7391=DIRECTION('',(-1.E0,0.E0,0.E0));
#7392=AXIS2_PLACEMENT_3D('',#7389,#7390,#7391);
#7393=PLANE('',#7392);
#7395=ORIENTED_EDGE('',*,*,#7394,.T.);
#7397=ORIENTED_EDGE('',*,*,#7396,.F.);
#7399=ORIENTED_EDGE('',*,*,#7398,.T.);
#7401=ORIENTED_EDGE('',*,*,#7400,.T.);
#7403=ORIENTED_EDGE('',*,*,#7402,.T.);
#7404=ORIENTED_EDGE('',*,*,#6973,.F.);
#7405=ORIENTED_EDGE('',*,*,#6933,.T.);
#7407=ORIENTED_EDGE('',*,*,#7406,.T.);
#7408=ORIENTED_EDGE('',*,*,#6885,.T.);
#7409=ORIENTED_EDGE('',*,*,#6909,.F.);
#7410=ORIENTED_EDGE('',*,*,#6945,.T.);
#7411=ORIENTED_EDGE('',*,*,#7377,.T.);
#7412=EDGE_LOOP('',(#7395,#7397,#7399,#7401,#7403,#7404,#7405,#7407,#7408,#7409,
#7410,#7411));
#7413=FACE_OUTER_BOUND('',#7412,.F.);
#7414=ADVANCED_FACE('',(#7413),#7393,.T.);
#7415=CARTESIAN_POINT('',(8.5E0,5.95E0,4.8E0));
#7416=DIRECTION('',(0.E0,-6.246950475544E-1,7.808688094430E-1));
#7417=DIRECTION('',(0.E0,-7.808688094430E-1,-6.246950475544E-1));
#7418=AXIS2_PLACEMENT_3D('',#7415,#7416,#7417);
#7419=PLANE('',#7418);
#7421=ORIENTED_EDGE('',*,*,#7420,.F.);
#7422=ORIENTED_EDGE('',*,*,#7394,.F.);
#7423=ORIENTED_EDGE('',*,*,#7384,.T.);
#7425=ORIENTED_EDGE('',*,*,#7424,.F.);
#7426=EDGE_LOOP('',(#7421,#7422,#7423,#7425));
#7427=FACE_OUTER_BOUND('',#7426,.F.);
#7428=ADVANCED_FACE('',(#7427),#7419,.F.);
#7429=CARTESIAN_POINT('',(8.5E0,5.95E0,4.8E0));
#7430=DIRECTION('',(0.E0,-6.246950475544E-1,7.808688094430E-1));
#7431=DIRECTION('',(0.E0,-7.808688094430E-1,-6.246950475544E-1));
#7432=AXIS2_PLACEMENT_3D('',#7429,#7430,#7431);
#7433=PLANE('',#7432);
#7435=ORIENTED_EDGE('',*,*,#7434,.T.);
#7437=ORIENTED_EDGE('',*,*,#7436,.F.);
#7438=ORIENTED_EDGE('',*,*,#6975,.F.);
#7439=ORIENTED_EDGE('',*,*,#7402,.F.);
#7440=EDGE_LOOP('',(#7435,#7437,#7438,#7439));
#7441=FACE_OUTER_BOUND('',#7440,.F.);
#7442=ADVANCED_FACE('',(#7441),#7433,.F.);
#7443=CARTESIAN_POINT('',(-5.E-1,0.E0,0.E0));
#7444=DIRECTION('',(1.E0,0.E0,0.E0));
#7445=DIRECTION('',(0.E0,0.E0,-1.E0));
#7446=AXIS2_PLACEMENT_3D('',#7443,#7444,#7445);
#7447=PLANE('',#7446);
#7449=ORIENTED_EDGE('',*,*,#7448,.T.);
#7451=ORIENTED_EDGE('',*,*,#7450,.T.);
#7453=ORIENTED_EDGE('',*,*,#7452,.T.);
#7454=ORIENTED_EDGE('',*,*,#7396,.T.);
#7455=ORIENTED_EDGE('',*,*,#7420,.T.);
#7456=EDGE_LOOP('',(#7449,#7451,#7453,#7454,#7455));
#7457=FACE_OUTER_BOUND('',#7456,.F.);
#7458=ADVANCED_FACE('',(#7457),#7447,.F.);
#7459=CARTESIAN_POINT('',(9.5E0,3.45E0,-1.7E0));
#7460=DIRECTION('',(0.E0,-1.E0,0.E0));
#7461=DIRECTION('',(0.E0,0.E0,-1.E0));
#7462=AXIS2_PLACEMENT_3D('',#7459,#7460,#7461);
#7463=PLANE('',#7462);
#7464=ORIENTED_EDGE('',*,*,#7448,.F.);
#7465=ORIENTED_EDGE('',*,*,#7424,.T.);
#7466=ORIENTED_EDGE('',*,*,#7382,.T.);
#7468=ORIENTED_EDGE('',*,*,#7467,.T.);
#7469=ORIENTED_EDGE('',*,*,#6915,.F.);
#7470=ORIENTED_EDGE('',*,*,#3798,.T.);
#7472=ORIENTED_EDGE('',*,*,#7471,.T.);
#7474=ORIENTED_EDGE('',*,*,#7473,.T.);
#7475=ORIENTED_EDGE('',*,*,#6977,.F.);
#7476=ORIENTED_EDGE('',*,*,#7436,.T.);
#7478=ORIENTED_EDGE('',*,*,#7477,.T.);
#7480=ORIENTED_EDGE('',*,*,#7479,.F.);
#7481=EDGE_LOOP('',(#7464,#7465,#7466,#7468,#7469,#7470,#7472,#7474,#7475,#7476,
#7478,#7480));
#7482=FACE_OUTER_BOUND('',#7481,.F.);
#7483=ADVANCED_FACE('',(#7482),#7463,.F.);
#7484=CARTESIAN_POINT('',(9.5E0,5.45E0,-1.7E0));
#7485=DIRECTION('',(0.E0,0.E0,1.E0));
#7486=DIRECTION('',(0.E0,-1.E0,0.E0));
#7487=AXIS2_PLACEMENT_3D('',#7484,#7485,#7486);
#7488=PLANE('',#7487);
#7489=ORIENTED_EDGE('',*,*,#6979,.T.);
#7490=ORIENTED_EDGE('',*,*,#7473,.F.);
#7492=ORIENTED_EDGE('',*,*,#7491,.F.);
#7493=ORIENTED_EDGE('',*,*,#6929,.T.);
#7494=EDGE_LOOP('',(#7489,#7490,#7492,#7493));
#7495=FACE_OUTER_BOUND('',#7494,.F.);
#7496=ADVANCED_FACE('',(#7495),#7488,.F.);
#7497=CARTESIAN_POINT('',(9.5E0,5.45E0,-1.7E0));
#7498=DIRECTION('',(0.E0,0.E0,1.E0));
#7499=DIRECTION('',(0.E0,-1.E0,0.E0));
#7500=AXIS2_PLACEMENT_3D('',#7497,#7498,#7499);
#7501=PLANE('',#7500);
#7502=ORIENTED_EDGE('',*,*,#7380,.F.);
#7503=ORIENTED_EDGE('',*,*,#6948,.T.);
#7504=ORIENTED_EDGE('',*,*,#6917,.T.);
#7505=ORIENTED_EDGE('',*,*,#7467,.F.);
#7506=EDGE_LOOP('',(#7502,#7503,#7504,#7505));
#7507=FACE_OUTER_BOUND('',#7506,.F.);
#7508=ADVANCED_FACE('',(#7507),#7501,.F.);
#7509=CARTESIAN_POINT('',(9.5E0,-5.95E0,-5.8E0));
#7510=DIRECTION('',(1.E0,0.E0,0.E0));
#7511=DIRECTION('',(0.E0,1.E0,0.E0));
#7512=AXIS2_PLACEMENT_3D('',#7509,#7510,#7511);
#7513=PLANE('',#7512);
#7514=ORIENTED_EDGE('',*,*,#6931,.F.);
#7515=ORIENTED_EDGE('',*,*,#7491,.T.);
#7516=ORIENTED_EDGE('',*,*,#7471,.F.);
#7517=ORIENTED_EDGE('',*,*,#3796,.F.);
#7518=ORIENTED_EDGE('',*,*,#7093,.T.);
#7519=ORIENTED_EDGE('',*,*,#6887,.T.);
#7520=ORIENTED_EDGE('',*,*,#7406,.F.);
#7521=EDGE_LOOP('',(#7514,#7515,#7516,#7517,#7518,#7519,#7520));
#7522=FACE_OUTER_BOUND('',#7521,.F.);
#7523=ADVANCED_FACE('',(#7522),#7513,.T.);
#7524=CARTESIAN_POINT('',(5.E-1,0.E0,0.E0));
#7525=DIRECTION('',(1.E0,0.E0,0.E0));
#7526=DIRECTION('',(0.E0,0.E0,-1.E0));
#7527=AXIS2_PLACEMENT_3D('',#7524,#7525,#7526);
#7528=PLANE('',#7527);
#7529=ORIENTED_EDGE('',*,*,#7477,.F.);
#7530=ORIENTED_EDGE('',*,*,#7434,.F.);
#7531=ORIENTED_EDGE('',*,*,#7400,.F.);
#7533=ORIENTED_EDGE('',*,*,#7532,.F.);
#7535=ORIENTED_EDGE('',*,*,#7534,.F.);
#7536=EDGE_LOOP('',(#7529,#7530,#7531,#7533,#7535));
#7537=FACE_OUTER_BOUND('',#7536,.F.);
#7538=ADVANCED_FACE('',(#7537),#7528,.T.);
#7539=CARTESIAN_POINT('',(-5.E-1,5.45E0,-1.2E0));
#7540=DIRECTION('',(1.E0,0.E0,0.E0));
#7541=DIRECTION('',(0.E0,0.E0,-1.E0));
#7542=AXIS2_PLACEMENT_3D('',#7539,#7540,#7541);
#7543=CYLINDRICAL_SURFACE('',#7542,5.E-1);
#7544=ORIENTED_EDGE('',*,*,#7452,.F.);
#7546=ORIENTED_EDGE('',*,*,#7545,.T.);
#7547=ORIENTED_EDGE('',*,*,#7532,.T.);
#7548=ORIENTED_EDGE('',*,*,#7398,.F.);
#7549=EDGE_LOOP('',(#7544,#7546,#7547,#7548));
#7550=FACE_OUTER_BOUND('',#7549,.F.);
#7551=ADVANCED_FACE('',(#7550),#7543,.T.);
#7552=CARTESIAN_POINT('',(-5.E-1,3.45E0,-1.7E0));
#7553=DIRECTION('',(0.E0,0.E0,-1.E0));
#7554=DIRECTION('',(0.E0,1.E0,0.E0));
#7555=AXIS2_PLACEMENT_3D('',#7552,#7553,#7554);
#7556=PLANE('',#7555);
#7557=ORIENTED_EDGE('',*,*,#7479,.T.);
#7558=ORIENTED_EDGE('',*,*,#7534,.T.);
#7559=ORIENTED_EDGE('',*,*,#7545,.F.);
#7560=ORIENTED_EDGE('',*,*,#7450,.F.);
#7561=EDGE_LOOP('',(#7557,#7558,#7559,#7560));
#7562=FACE_OUTER_BOUND('',#7561,.F.);
#7563=ADVANCED_FACE('',(#7562),#7556,.T.);
#7564=CARTESIAN_POINT('',(-2.85E0,-5.95E0,-1.1E0));
#7565=DIRECTION('',(0.E0,0.E0,1.E0));
#7566=DIRECTION('',(-1.E0,0.E0,0.E0));
#7567=AXIS2_PLACEMENT_3D('',#7564,#7565,#7566);
#7568=PLANE('',#7567);
#7570=ORIENTED_EDGE('',*,*,#7569,.T.);
#7572=ORIENTED_EDGE('',*,*,#7571,.F.);
#7574=ORIENTED_EDGE('',*,*,#7573,.F.);
#7576=ORIENTED_EDGE('',*,*,#7575,.T.);
#7577=ORIENTED_EDGE('',*,*,#7022,.F.);
#7578=ORIENTED_EDGE('',*,*,#7065,.T.);
#7579=EDGE_LOOP('',(#7570,#7572,#7574,#7576,#7577,#7578));
#7580=FACE_OUTER_BOUND('',#7579,.F.);
#7581=ADVANCED_FACE('',(#7580),#7568,.F.);
#7582=CARTESIAN_POINT('',(-2.76E0,-5.95E0,-1.E-1));
#7583=DIRECTION('',(0.E0,1.E0,0.E0));
#7584=DIRECTION('',(-1.E0,0.E0,0.E0));
#7585=AXIS2_PLACEMENT_3D('',#7582,#7583,#7584);
#7586=CYLINDRICAL_SURFACE('',#7585,1.09E0);
#7588=ORIENTED_EDGE('',*,*,#7587,.F.);
#7589=ORIENTED_EDGE('',*,*,#7569,.F.);
#7590=ORIENTED_EDGE('',*,*,#7072,.T.);
#7591=ORIENTED_EDGE('',*,*,#7082,.T.);
#7593=ORIENTED_EDGE('',*,*,#7592,.T.);
#7594=EDGE_LOOP('',(#7588,#7589,#7590,#7591,#7593));
#7595=FACE_OUTER_BOUND('',#7594,.F.);
#7596=ADVANCED_FACE('',(#7595),#7586,.T.);
#7597=CARTESIAN_POINT('',(0.E0,-7.73E0,0.E0));
#7598=DIRECTION('',(0.E0,-1.E0,0.E0));
#7599=DIRECTION('',(1.E0,0.E0,0.E0));
#7600=AXIS2_PLACEMENT_3D('',#7597,#7598,#7599);
#7601=PLANE('',#7600);
#7602=ORIENTED_EDGE('',*,*,#7587,.T.);
#7604=ORIENTED_EDGE('',*,*,#7603,.T.);
#7606=ORIENTED_EDGE('',*,*,#7605,.T.);
#7607=ORIENTED_EDGE('',*,*,#7571,.T.);
#7608=EDGE_LOOP('',(#7602,#7604,#7606,#7607));
#7609=FACE_OUTER_BOUND('',#7608,.F.);
#7610=ADVANCED_FACE('',(#7609),#7601,.F.);
#7611=CARTESIAN_POINT('',(-3.193704968844E0,-5.95E0,9.E-1));
#7612=DIRECTION('',(0.E0,0.E0,-1.E0));
#7613=DIRECTION('',(1.E0,0.E0,0.E0));
#7614=AXIS2_PLACEMENT_3D('',#7611,#7612,#7613);
#7615=PLANE('',#7614);
#7617=ORIENTED_EDGE('',*,*,#7616,.T.);
#7619=ORIENTED_EDGE('',*,*,#7618,.T.);
#7620=ORIENTED_EDGE('',*,*,#7603,.F.);
#7621=ORIENTED_EDGE('',*,*,#7592,.F.);
#7622=ORIENTED_EDGE('',*,*,#7110,.T.);
#7623=ORIENTED_EDGE('',*,*,#7030,.T.);
#7624=EDGE_LOOP('',(#7617,#7619,#7620,#7621,#7622,#7623));
#7625=FACE_OUTER_BOUND('',#7624,.F.);
#7626=ADVANCED_FACE('',(#7625),#7615,.F.);
#7627=CARTESIAN_POINT('',(-2.85E0,-7.93E0,9.E-1));
#7628=DIRECTION('',(0.E0,-2.298934945800E-1,9.732157937219E-1));
#7629=DIRECTION('',(-1.E0,0.E0,0.E0));
#7630=AXIS2_PLACEMENT_3D('',#7627,#7628,#7629);
#7631=PLANE('',#7630);
#7632=ORIENTED_EDGE('',*,*,#7616,.F.);
#7633=ORIENTED_EDGE('',*,*,#7028,.T.);
#7635=ORIENTED_EDGE('',*,*,#7634,.T.);
#7637=ORIENTED_EDGE('',*,*,#7636,.F.);
#7638=EDGE_LOOP('',(#7632,#7633,#7635,#7637));
#7639=FACE_OUTER_BOUND('',#7638,.F.);
#7640=ADVANCED_FACE('',(#7639),#7631,.T.);
#7641=CARTESIAN_POINT('',(0.E0,-9.2E0,0.E0));
#7642=DIRECTION('',(0.E0,1.E0,0.E0));
#7643=DIRECTION('',(-1.E0,0.E0,0.E0));
#7644=AXIS2_PLACEMENT_3D('',#7641,#7642,#7643);
#7645=PLANE('',#7644);
#7647=ORIENTED_EDGE('',*,*,#7646,.F.);
#7649=ORIENTED_EDGE('',*,*,#7648,.T.);
#7650=ORIENTED_EDGE('',*,*,#7634,.F.);
#7651=ORIENTED_EDGE('',*,*,#7026,.T.);
#7652=EDGE_LOOP('',(#7647,#7649,#7650,#7651));
#7653=FACE_OUTER_BOUND('',#7652,.F.);
#7654=ADVANCED_FACE('',(#7653),#7645,.F.);
#7655=CARTESIAN_POINT('',(-3.739795897113E0,-7.93E0,-1.1E0));
#7656=DIRECTION('',(0.E0,-2.298934945800E-1,-9.732157937219E-1));
#7657=DIRECTION('',(1.E0,0.E0,0.E0));
#7658=AXIS2_PLACEMENT_3D('',#7655,#7656,#7657);
#7659=PLANE('',#7658);
#7660=ORIENTED_EDGE('',*,*,#7575,.F.);
#7662=ORIENTED_EDGE('',*,*,#7661,.T.);
#7663=ORIENTED_EDGE('',*,*,#7646,.T.);
#7664=ORIENTED_EDGE('',*,*,#7024,.F.);
#7665=EDGE_LOOP('',(#7660,#7662,#7663,#7664));
#7666=FACE_OUTER_BOUND('',#7665,.F.);
#7667=ADVANCED_FACE('',(#7666),#7659,.T.);
#7668=CARTESIAN_POINT('',(-2.76E0,-8.565E0,-1.E-1));
#7669=DIRECTION('',(0.E0,1.E0,0.E0));
#7670=DIRECTION('',(-1.E0,0.E0,0.E0));
#7671=AXIS2_PLACEMENT_3D('',#7668,#7669,#7670);
#7672=CONICAL_SURFACE('',#7671,1.25E0,1.329080141129E1);
#7673=ORIENTED_EDGE('',*,*,#7648,.F.);
#7674=ORIENTED_EDGE('',*,*,#7661,.F.);
#7676=ORIENTED_EDGE('',*,*,#7675,.T.);
#7677=ORIENTED_EDGE('',*,*,#7636,.T.);
#7678=EDGE_LOOP('',(#7673,#7674,#7676,#7677));
#7679=FACE_OUTER_BOUND('',#7678,.F.);
#7680=ADVANCED_FACE('',(#7679),#7672,.T.);
#7681=CARTESIAN_POINT('',(-2.76E0,-9.2E0,-1.E-1));
#7682=DIRECTION('',(0.E0,-1.E0,0.E0));
#7683=DIRECTION('',(1.E0,0.E0,0.E0));
#7684=AXIS2_PLACEMENT_3D('',#7681,#7682,#7683);
#7685=CYLINDRICAL_SURFACE('',#7684,1.4E0);
#7686=ORIENTED_EDGE('',*,*,#7675,.F.);
#7687=ORIENTED_EDGE('',*,*,#7573,.T.);
#7688=ORIENTED_EDGE('',*,*,#7605,.F.);
#7689=ORIENTED_EDGE('',*,*,#7618,.F.);
#7690=EDGE_LOOP('',(#7686,#7687,#7688,#7689));
#7691=FACE_OUTER_BOUND('',#7690,.F.);
#7692=ADVANCED_FACE('',(#7691),#7685,.T.);
#7693=CARTESIAN_POINT('',(-7.725E0,0.E0,4.3E0));
#7694=DIRECTION('',(-7.130236798106E-1,0.E0,-7.011399518137E-1));
#7695=DIRECTION('',(0.E0,-1.E0,0.E0));
#7696=AXIS2_PLACEMENT_3D('',#7693,#7694,#7695);
#7697=PLANE('',#7696);
#7699=ORIENTED_EDGE('',*,*,#7698,.T.);
#7700=ORIENTED_EDGE('',*,*,#6694,.T.);
#7702=ORIENTED_EDGE('',*,*,#7701,.F.);
#7704=ORIENTED_EDGE('',*,*,#7703,.T.);
#7705=ORIENTED_EDGE('',*,*,#6893,.F.);
#7706=ORIENTED_EDGE('',*,*,#6612,.F.);
#7707=EDGE_LOOP('',(#7699,#7700,#7702,#7704,#7705,#7706));
#7708=FACE_OUTER_BOUND('',#7707,.F.);
#7709=ADVANCED_FACE('',(#7708),#7697,.F.);
#7710=CARTESIAN_POINT('',(-6.25E0,2.8E0,2.8E0));
#7711=DIRECTION('',(-1.E0,0.E0,0.E0));
#7712=DIRECTION('',(0.E0,-1.E0,0.E0));
#7713=AXIS2_PLACEMENT_3D('',#7710,#7711,#7712);
#7714=PLANE('',#7713);
#7715=ORIENTED_EDGE('',*,*,#7698,.F.);
#7717=ORIENTED_EDGE('',*,*,#7716,.T.);
#7718=ORIENTED_EDGE('',*,*,#4055,.T.);
#7720=ORIENTED_EDGE('',*,*,#7719,.F.);
#7721=EDGE_LOOP('',(#7715,#7717,#7718,#7720));
#7722=FACE_OUTER_BOUND('',#7721,.F.);
#7723=ADVANCED_FACE('',(#7722),#7714,.F.);
#7724=CARTESIAN_POINT('',(-3.23E0,2.8E0,2.8E0));
#7725=DIRECTION('',(0.E0,1.E0,0.E0));
#7726=DIRECTION('',(-1.E0,0.E0,0.E0));
#7727=AXIS2_PLACEMENT_3D('',#7724,#7725,#7726);
#7728=PLANE('',#7727);
#7729=ORIENTED_EDGE('',*,*,#6610,.T.);
#7731=ORIENTED_EDGE('',*,*,#7730,.T.);
#7732=ORIENTED_EDGE('',*,*,#4049,.T.);
#7733=ORIENTED_EDGE('',*,*,#7716,.F.);
#7734=EDGE_LOOP('',(#7729,#7731,#7732,#7733));
#7735=FACE_OUTER_BOUND('',#7734,.F.);
#7736=ADVANCED_FACE('',(#7735),#7728,.F.);
#7737=CARTESIAN_POINT('',(-3.23E0,2.E-1,2.8E0));
#7738=DIRECTION('',(1.E0,0.E0,0.E0));
#7739=DIRECTION('',(0.E0,1.E0,0.E0));
#7740=AXIS2_PLACEMENT_3D('',#7737,#7738,#7739);
#7741=PLANE('',#7740);
#7742=ORIENTED_EDGE('',*,*,#6698,.T.);
#7744=ORIENTED_EDGE('',*,*,#7743,.T.);
#7745=ORIENTED_EDGE('',*,*,#4051,.T.);
#7746=ORIENTED_EDGE('',*,*,#7730,.F.);
#7747=EDGE_LOOP('',(#7742,#7744,#7745,#7746));
#7748=FACE_OUTER_BOUND('',#7747,.F.);
#7749=ADVANCED_FACE('',(#7748),#7741,.F.);
#7750=CARTESIAN_POINT('',(-6.25E0,2.E-1,2.8E0));
#7751=DIRECTION('',(0.E0,-1.E0,0.E0));
#7752=DIRECTION('',(1.E0,0.E0,0.E0));
#7753=AXIS2_PLACEMENT_3D('',#7750,#7751,#7752);
#7754=PLANE('',#7753);
#7755=ORIENTED_EDGE('',*,*,#6696,.F.);
#7756=ORIENTED_EDGE('',*,*,#7719,.T.);
#7757=ORIENTED_EDGE('',*,*,#4053,.T.);
#7758=ORIENTED_EDGE('',*,*,#7743,.F.);
#7759=EDGE_LOOP('',(#7755,#7756,#7757,#7758));
#7760=FACE_OUTER_BOUND('',#7759,.F.);
#7761=ADVANCED_FACE('',(#7760),#7754,.F.);
#7762=CARTESIAN_POINT('',(-6.25E0,-2.E-1,2.8E0));
#7763=DIRECTION('',(-1.E0,0.E0,0.E0));
#7764=DIRECTION('',(0.E0,-1.E0,0.E0));
#7765=AXIS2_PLACEMENT_3D('',#7762,#7763,#7764);
#7766=PLANE('',#7765);
#7767=ORIENTED_EDGE('',*,*,#7701,.T.);
#7769=ORIENTED_EDGE('',*,*,#7768,.T.);
#7770=ORIENTED_EDGE('',*,*,#4218,.T.);
#7772=ORIENTED_EDGE('',*,*,#7771,.F.);
#7773=EDGE_LOOP('',(#7767,#7769,#7770,#7772));
#7774=FACE_OUTER_BOUND('',#7773,.F.);
#7775=ADVANCED_FACE('',(#7774),#7766,.F.);
#7776=CARTESIAN_POINT('',(-3.23E0,-2.E-1,2.8E0));
#7777=DIRECTION('',(0.E0,1.E0,0.E0));
#7778=DIRECTION('',(-1.E0,0.E0,0.E0));
#7779=AXIS2_PLACEMENT_3D('',#7776,#7777,#7778);
#7780=PLANE('',#7779);
#7781=ORIENTED_EDGE('',*,*,#6692,.T.);
#7783=ORIENTED_EDGE('',*,*,#7782,.T.);
#7784=ORIENTED_EDGE('',*,*,#4220,.T.);
#7785=ORIENTED_EDGE('',*,*,#7768,.F.);
#7786=EDGE_LOOP('',(#7781,#7783,#7784,#7785));
#7787=FACE_OUTER_BOUND('',#7786,.F.);
#7788=ADVANCED_FACE('',(#7787),#7780,.F.);
#7789=CARTESIAN_POINT('',(-3.23E0,-2.E0,2.8E0));
#7790=DIRECTION('',(1.E0,0.E0,0.E0));
#7791=DIRECTION('',(0.E0,1.E0,0.E0));
#7792=AXIS2_PLACEMENT_3D('',#7789,#7790,#7791);
#7793=PLANE('',#7792);
#7794=ORIENTED_EDGE('',*,*,#6690,.F.);
#7796=ORIENTED_EDGE('',*,*,#7795,.T.);
#7797=ORIENTED_EDGE('',*,*,#4222,.T.);
#7798=ORIENTED_EDGE('',*,*,#7782,.F.);
#7799=EDGE_LOOP('',(#7794,#7796,#7797,#7798));
#7800=FACE_OUTER_BOUND('',#7799,.F.);
#7801=ADVANCED_FACE('',(#7800),#7793,.F.);
#7802=CARTESIAN_POINT('',(-4.03E0,-2.8E0,2.8E0));
#7803=DIRECTION('',(7.071067811865E-1,-7.071067811865E-1,0.E0));
#7804=DIRECTION('',(7.071067811865E-1,7.071067811865E-1,0.E0));
#7805=AXIS2_PLACEMENT_3D('',#7802,#7803,#7804);
#7806=PLANE('',#7805);
#7807=ORIENTED_EDGE('',*,*,#6688,.F.);
#7809=ORIENTED_EDGE('',*,*,#7808,.T.);
#7810=ORIENTED_EDGE('',*,*,#4214,.T.);
#7811=ORIENTED_EDGE('',*,*,#7795,.F.);
#7812=EDGE_LOOP('',(#7807,#7809,#7810,#7811));
#7813=FACE_OUTER_BOUND('',#7812,.F.);
#7814=ADVANCED_FACE('',(#7813),#7806,.F.);
#7815=CARTESIAN_POINT('',(-6.25E0,-2.8E0,2.8E0));
#7816=DIRECTION('',(0.E0,-1.E0,0.E0));
#7817=DIRECTION('',(1.E0,0.E0,0.E0));
#7818=AXIS2_PLACEMENT_3D('',#7815,#7816,#7817);
#7819=PLANE('',#7818);
#7821=ORIENTED_EDGE('',*,*,#7820,.F.);
#7822=ORIENTED_EDGE('',*,*,#7771,.T.);
#7823=ORIENTED_EDGE('',*,*,#4216,.T.);
#7824=ORIENTED_EDGE('',*,*,#7808,.F.);
#7825=EDGE_LOOP('',(#7821,#7822,#7823,#7824));
#7826=FACE_OUTER_BOUND('',#7825,.F.);
#7827=ADVANCED_FACE('',(#7826),#7819,.F.);
#7828=CARTESIAN_POINT('',(0.E0,-4.225E0,4.3E0));
#7829=DIRECTION('',(0.E0,-7.249994335944E-1,-6.887494619147E-1));
#7830=DIRECTION('',(1.E0,0.E0,0.E0));
#7831=AXIS2_PLACEMENT_3D('',#7828,#7829,#7830);
#7832=PLANE('',#7831);
#7834=ORIENTED_EDGE('',*,*,#7833,.F.);
#7835=ORIENTED_EDGE('',*,*,#6870,.T.);
#7836=ORIENTED_EDGE('',*,*,#6895,.F.);
#7837=ORIENTED_EDGE('',*,*,#7703,.F.);
#7838=ORIENTED_EDGE('',*,*,#7820,.T.);
#7839=ORIENTED_EDGE('',*,*,#6686,.T.);
#7841=ORIENTED_EDGE('',*,*,#7840,.T.);
#7842=ORIENTED_EDGE('',*,*,#6676,.T.);
#7844=ORIENTED_EDGE('',*,*,#7843,.T.);
#7845=ORIENTED_EDGE('',*,*,#6666,.T.);
#7846=EDGE_LOOP('',(#7834,#7835,#7836,#7837,#7838,#7839,#7841,#7842,#7844,
#7845));
#7847=FACE_OUTER_BOUND('',#7846,.F.);
#7848=ADVANCED_FACE('',(#7847),#7832,.F.);
#7849=CARTESIAN_POINT('',(4.03E0,-2.8E0,2.8E0));
#7850=DIRECTION('',(0.E0,-1.E0,0.E0));
#7851=DIRECTION('',(1.E0,0.E0,0.E0));
#7852=AXIS2_PLACEMENT_3D('',#7849,#7850,#7851);
#7853=PLANE('',#7852);
#7854=ORIENTED_EDGE('',*,*,#7833,.T.);
#7856=ORIENTED_EDGE('',*,*,#7855,.T.);
#7857=ORIENTED_EDGE('',*,*,#4132,.T.);
#7859=ORIENTED_EDGE('',*,*,#7858,.F.);
#7860=EDGE_LOOP('',(#7854,#7856,#7857,#7859));
#7861=FACE_OUTER_BOUND('',#7860,.F.);
#7862=ADVANCED_FACE('',(#7861),#7853,.F.);
#7863=CARTESIAN_POINT('',(3.23E0,-2.E0,2.8E0));
#7864=DIRECTION('',(-7.071067811865E-1,-7.071067811865E-1,0.E0));
#7865=DIRECTION('',(7.071067811865E-1,-7.071067811865E-1,0.E0));
#7866=AXIS2_PLACEMENT_3D('',#7863,#7864,#7865);
#7867=PLANE('',#7866);
#7868=ORIENTED_EDGE('',*,*,#6664,.F.);
#7870=ORIENTED_EDGE('',*,*,#7869,.T.);
#7871=ORIENTED_EDGE('',*,*,#4134,.T.);
#7872=ORIENTED_EDGE('',*,*,#7855,.F.);
#7873=EDGE_LOOP('',(#7868,#7870,#7871,#7872));
#7874=FACE_OUTER_BOUND('',#7873,.F.);
#7875=ADVANCED_FACE('',(#7874),#7867,.F.);
#7876=CARTESIAN_POINT('',(3.23E0,-2.E-1,2.8E0));
#7877=DIRECTION('',(-1.E0,0.E0,0.E0));
#7878=DIRECTION('',(0.E0,-1.E0,0.E0));
#7879=AXIS2_PLACEMENT_3D('',#7876,#7877,#7878);
#7880=PLANE('',#7879);
#7881=ORIENTED_EDGE('',*,*,#6662,.F.);
#7883=ORIENTED_EDGE('',*,*,#7882,.T.);
#7884=ORIENTED_EDGE('',*,*,#4136,.T.);
#7885=ORIENTED_EDGE('',*,*,#7869,.F.);
#7886=EDGE_LOOP('',(#7881,#7883,#7884,#7885));
#7887=FACE_OUTER_BOUND('',#7886,.F.);
#7888=ADVANCED_FACE('',(#7887),#7880,.F.);
#7889=CARTESIAN_POINT('',(6.25E0,-2.E-1,2.8E0));
#7890=DIRECTION('',(0.E0,1.E0,0.E0));
#7891=DIRECTION('',(-1.E0,0.E0,0.E0));
#7892=AXIS2_PLACEMENT_3D('',#7889,#7890,#7891);
#7893=PLANE('',#7892);
#7894=ORIENTED_EDGE('',*,*,#6660,.F.);
#7896=ORIENTED_EDGE('',*,*,#7895,.T.);
#7897=ORIENTED_EDGE('',*,*,#4138,.T.);
#7898=ORIENTED_EDGE('',*,*,#7882,.F.);
#7899=EDGE_LOOP('',(#7894,#7896,#7897,#7898));
#7900=FACE_OUTER_BOUND('',#7899,.F.);
#7901=ADVANCED_FACE('',(#7900),#7893,.F.);
#7902=CARTESIAN_POINT('',(6.25E0,-2.8E0,2.8E0));
#7903=DIRECTION('',(1.E0,0.E0,0.E0));
#7904=DIRECTION('',(0.E0,1.E0,0.E0));
#7905=AXIS2_PLACEMENT_3D('',#7902,#7903,#7904);
#7906=PLANE('',#7905);
#7907=ORIENTED_EDGE('',*,*,#6872,.F.);
#7908=ORIENTED_EDGE('',*,*,#7858,.T.);
#7909=ORIENTED_EDGE('',*,*,#4130,.T.);
#7910=ORIENTED_EDGE('',*,*,#7895,.F.);
#7911=EDGE_LOOP('',(#7907,#7908,#7909,#7910));
#7912=FACE_OUTER_BOUND('',#7911,.F.);
#7913=ADVANCED_FACE('',(#7912),#7906,.F.);
#7914=CARTESIAN_POINT('',(-1.97E0,-2.8E0,2.8E0));
#7915=DIRECTION('',(0.E0,-1.E0,0.E0));
#7916=DIRECTION('',(1.E0,0.E0,0.E0));
#7917=AXIS2_PLACEMENT_3D('',#7914,#7915,#7916);
#7918=PLANE('',#7917);
#7919=ORIENTED_EDGE('',*,*,#7840,.F.);
#7921=ORIENTED_EDGE('',*,*,#7920,.T.);
#7922=ORIENTED_EDGE('',*,*,#4188,.T.);
#7924=ORIENTED_EDGE('',*,*,#7923,.F.);
#7925=EDGE_LOOP('',(#7919,#7921,#7922,#7924));
#7926=FACE_OUTER_BOUND('',#7925,.F.);
#7927=ADVANCED_FACE('',(#7926),#7918,.F.);
#7928=CARTESIAN_POINT('',(-2.77E0,-2.E0,2.8E0));
#7929=DIRECTION('',(-7.071067811865E-1,-7.071067811865E-1,0.E0));
#7930=DIRECTION('',(7.071067811865E-1,-7.071067811865E-1,0.E0));
#7931=AXIS2_PLACEMENT_3D('',#7928,#7929,#7930);
#7932=PLANE('',#7931);
#7933=ORIENTED_EDGE('',*,*,#6684,.F.);
#7935=ORIENTED_EDGE('',*,*,#7934,.T.);
#7936=ORIENTED_EDGE('',*,*,#4190,.T.);
#7937=ORIENTED_EDGE('',*,*,#7920,.F.);
#7938=EDGE_LOOP('',(#7933,#7935,#7936,#7937));
#7939=FACE_OUTER_BOUND('',#7938,.F.);
#7940=ADVANCED_FACE('',(#7939),#7932,.F.);
#7941=CARTESIAN_POINT('',(-2.77E0,-2.E-1,2.8E0));
#7942=DIRECTION('',(-1.E0,0.E0,0.E0));
#7943=DIRECTION('',(0.E0,-1.E0,0.E0));
#7944=AXIS2_PLACEMENT_3D('',#7941,#7942,#7943);
#7945=PLANE('',#7944);
#7946=ORIENTED_EDGE('',*,*,#6682,.T.);
#7948=ORIENTED_EDGE('',*,*,#7947,.T.);
#7949=ORIENTED_EDGE('',*,*,#4192,.T.);
#7950=ORIENTED_EDGE('',*,*,#7934,.F.);
#7951=EDGE_LOOP('',(#7946,#7948,#7949,#7950));
#7952=FACE_OUTER_BOUND('',#7951,.F.);
#7953=ADVANCED_FACE('',(#7952),#7945,.F.);
#7954=CARTESIAN_POINT('',(-2.3E-1,-2.E-1,2.8E0));
#7955=DIRECTION('',(0.E0,1.E0,0.E0));
#7956=DIRECTION('',(-1.E0,0.E0,0.E0));
#7957=AXIS2_PLACEMENT_3D('',#7954,#7955,#7956);
#7958=PLANE('',#7957);
#7959=ORIENTED_EDGE('',*,*,#6680,.F.);
#7961=ORIENTED_EDGE('',*,*,#7960,.T.);
#7962=ORIENTED_EDGE('',*,*,#4194,.T.);
#7963=ORIENTED_EDGE('',*,*,#7947,.F.);
#7964=EDGE_LOOP('',(#7959,#7961,#7962,#7963));
#7965=FACE_OUTER_BOUND('',#7964,.F.);
#7966=ADVANCED_FACE('',(#7965),#7958,.F.);
#7967=CARTESIAN_POINT('',(-2.3E-1,-2.8E0,2.8E0));
#7968=DIRECTION('',(1.E0,0.E0,0.E0));
#7969=DIRECTION('',(0.E0,1.E0,0.E0));
#7970=AXIS2_PLACEMENT_3D('',#7967,#7968,#7969);
#7971=PLANE('',#7970);
#7972=ORIENTED_EDGE('',*,*,#6678,.F.);
#7973=ORIENTED_EDGE('',*,*,#7923,.T.);
#7974=ORIENTED_EDGE('',*,*,#4186,.T.);
#7975=ORIENTED_EDGE('',*,*,#7960,.F.);
#7976=EDGE_LOOP('',(#7972,#7973,#7974,#7975));
#7977=FACE_OUTER_BOUND('',#7976,.F.);
#7978=ADVANCED_FACE('',(#7977),#7971,.F.);
#7979=CARTESIAN_POINT('',(2.3E-1,-2.8E0,2.8E0));
#7980=DIRECTION('',(0.E0,-1.E0,0.E0));
#7981=DIRECTION('',(1.E0,0.E0,0.E0));
#7982=AXIS2_PLACEMENT_3D('',#7979,#7980,#7981);
#7983=PLANE('',#7982);
#7984=ORIENTED_EDGE('',*,*,#7843,.F.);
#7986=ORIENTED_EDGE('',*,*,#7985,.T.);
#7987=ORIENTED_EDGE('',*,*,#4160,.T.);
#7989=ORIENTED_EDGE('',*,*,#7988,.F.);
#7990=EDGE_LOOP('',(#7984,#7986,#7987,#7989));
#7991=FACE_OUTER_BOUND('',#7990,.F.);
#7992=ADVANCED_FACE('',(#7991),#7983,.F.);
#7993=CARTESIAN_POINT('',(2.3E-1,-2.E-1,2.8E0));
#7994=DIRECTION('',(-1.E0,0.E0,0.E0));
#7995=DIRECTION('',(0.E0,-1.E0,0.E0));
#7996=AXIS2_PLACEMENT_3D('',#7993,#7994,#7995);
#7997=PLANE('',#7996);
#7998=ORIENTED_EDGE('',*,*,#6674,.T.);
#8000=ORIENTED_EDGE('',*,*,#7999,.T.);
#8001=ORIENTED_EDGE('',*,*,#4162,.T.);
#8002=ORIENTED_EDGE('',*,*,#7985,.F.);
#8003=EDGE_LOOP('',(#7998,#8000,#8001,#8002));
#8004=FACE_OUTER_BOUND('',#8003,.F.);
#8005=ADVANCED_FACE('',(#8004),#7997,.F.);
#8006=CARTESIAN_POINT('',(2.77E0,-2.E-1,2.8E0));
#8007=DIRECTION('',(0.E0,1.E0,0.E0));
#8008=DIRECTION('',(-1.E0,0.E0,0.E0));
#8009=AXIS2_PLACEMENT_3D('',#8006,#8007,#8008);
#8010=PLANE('',#8009);
#8011=ORIENTED_EDGE('',*,*,#6672,.F.);
#8013=ORIENTED_EDGE('',*,*,#8012,.T.);
#8014=ORIENTED_EDGE('',*,*,#4164,.T.);
#8015=ORIENTED_EDGE('',*,*,#7999,.F.);
#8016=EDGE_LOOP('',(#8011,#8013,#8014,#8015));
#8017=FACE_OUTER_BOUND('',#8016,.F.);
#8018=ADVANCED_FACE('',(#8017),#8010,.F.);
#8019=CARTESIAN_POINT('',(2.77E0,-2.E0,2.8E0));
#8020=DIRECTION('',(1.E0,0.E0,0.E0));
#8021=DIRECTION('',(0.E0,1.E0,0.E0));
#8022=AXIS2_PLACEMENT_3D('',#8019,#8020,#8021);
#8023=PLANE('',#8022);
#8024=ORIENTED_EDGE('',*,*,#6670,.F.);
#8026=ORIENTED_EDGE('',*,*,#8025,.T.);
#8027=ORIENTED_EDGE('',*,*,#4166,.T.);
#8028=ORIENTED_EDGE('',*,*,#8012,.F.);
#8029=EDGE_LOOP('',(#8024,#8026,#8027,#8028));
#8030=FACE_OUTER_BOUND('',#8029,.F.);
#8031=ADVANCED_FACE('',(#8030),#8023,.F.);
#8032=CARTESIAN_POINT('',(1.97E0,-2.8E0,2.8E0));
#8033=DIRECTION('',(7.071067811865E-1,-7.071067811865E-1,0.E0));
#8034=DIRECTION('',(7.071067811865E-1,7.071067811865E-1,0.E0));
#8035=AXIS2_PLACEMENT_3D('',#8032,#8033,#8034);
#8036=PLANE('',#8035);
#8037=ORIENTED_EDGE('',*,*,#6668,.F.);
#8038=ORIENTED_EDGE('',*,*,#7988,.T.);
#8039=ORIENTED_EDGE('',*,*,#4158,.T.);
#8040=ORIENTED_EDGE('',*,*,#8025,.F.);
#8041=EDGE_LOOP('',(#8037,#8038,#8039,#8040));
#8042=FACE_OUTER_BOUND('',#8041,.F.);
#8043=ADVANCED_FACE('',(#8042),#8036,.F.);
#8044=CARTESIAN_POINT('',(4.03E0,2.E-1,2.8E0));
#8045=DIRECTION('',(0.E0,-1.E0,0.E0));
#8046=DIRECTION('',(1.E0,0.E0,0.E0));
#8047=AXIS2_PLACEMENT_3D('',#8044,#8045,#8046);
#8048=PLANE('',#8047);
#8049=ORIENTED_EDGE('',*,*,#6656,.T.);
#8051=ORIENTED_EDGE('',*,*,#8050,.T.);
#8052=ORIENTED_EDGE('',*,*,#4108,.T.);
#8053=ORIENTED_EDGE('',*,*,#6854,.F.);
#8054=EDGE_LOOP('',(#8049,#8051,#8052,#8053));
#8055=FACE_OUTER_BOUND('',#8054,.F.);
#8056=ADVANCED_FACE('',(#8055),#8048,.F.);
#8057=CARTESIAN_POINT('',(3.23E0,1.E0,2.8E0));
#8058=DIRECTION('',(-7.071067811865E-1,-7.071067811865E-1,0.E0));
#8059=DIRECTION('',(7.071067811865E-1,-7.071067811865E-1,0.E0));
#8060=AXIS2_PLACEMENT_3D('',#8057,#8058,#8059);
#8061=PLANE('',#8060);
#8062=ORIENTED_EDGE('',*,*,#6654,.F.);
#8063=ORIENTED_EDGE('',*,*,#6829,.T.);
#8064=ORIENTED_EDGE('',*,*,#4110,.T.);
#8065=ORIENTED_EDGE('',*,*,#8050,.F.);
#8066=EDGE_LOOP('',(#8062,#8063,#8064,#8065));
#8067=FACE_OUTER_BOUND('',#8066,.F.);
#8068=ADVANCED_FACE('',(#8067),#8061,.F.);
#8069=CLOSED_SHELL('',(#3890,#3906,#3922,#3938,#3954,#3977,#4000,#4015,#4043,
#4068,#4096,#4124,#4152,#4180,#4208,#4234,#4248,#4262,#4275,#4289,#4301,#4317,
#4333,#4356,#4379,#4392,#4404,#4522,#4537,#4552,#4567,#4582,#4605,#4628,#4642,
#4656,#4671,#4686,#4701,#4724,#4747,#4760,#4772,#4785,#4798,#4810,#4823,#4837,
#4850,#4862,#4876,#4988,#5001,#5014,#5027,#5039,#5052,#5065,#5077,#5090,#5102,
#5117,#5132,#5147,#5162,#5184,#5206,#5220,#5234,#5249,#5264,#5279,#5301,#5323,
#5336,#5348,#5361,#5374,#5386,#5399,#5412,#5425,#5437,#5450,#5463,#5475,#5488,
#5500,#5513,#5526,#5539,#5551,#5564,#5577,#5589,#5602,#5614,#5629,#5644,#5659,
#5674,#5696,#5718,#5732,#5746,#5761,#5776,#5791,#5813,#5835,#5848,#5860,#5873,
#5886,#5898,#5911,#5924,#5937,#5949,#5962,#5975,#5987,#6000,#6012,#6025,#6038,
#6051,#6063,#6076,#6089,#6101,#6114,#6126,#6139,#6152,#6165,#6177,#6190,#6203,
#6215,#6228,#6240,#6253,#6266,#6279,#6291,#6304,#6317,#6329,#6342,#6354,#6368,
#6380,#6394,#6406,#6420,#6432,#6446,#6459,#6472,#6485,#6498,#6512,#6524,#6536,
#6549,#6561,#6574,#6586,#6601,#6628,#6703,#6716,#6729,#6742,#6754,#6768,#6781,
#6794,#6807,#6819,#6833,#6846,#6860,#6877,#6901,#6921,#6937,#6952,#6967,#6984,
#7014,#7041,#7059,#7076,#7114,#7133,#7148,#7171,#7189,#7203,#7216,#7229,#7243,
#7256,#7268,#7281,#7295,#7307,#7319,#7333,#7347,#7359,#7371,#7388,#7414,#7428,
#7442,#7458,#7483,#7496,#7508,#7523,#7538,#7551,#7563,#7581,#7596,#7610,#7626,
#7640,#7654,#7667,#7680,#7692,#7709,#7723,#7736,#7749,#7761,#7775,#7788,#7801,
#7814,#7827,#7848,#7862,#7875,#7888,#7901,#7913,#7927,#7940,#7953,#7966,#7978,
#7992,#8005,#8018,#8031,#8043,#8056,#8068));
#8070=MANIFOLD_SOLID_BREP('',#8069);
#8071=CARTESIAN_POINT('',(0.E0,0.E0,0.E0));
#8072=DIRECTION('',(0.E0,0.E0,1.E0));
#8073=DIRECTION('',(1.E0,0.E0,0.E0));
#8074=AXIS2_PLACEMENT_3D('CSYS',#8071,#8072,#8073);
#8075=CARTESIAN_POINT('',(2.34E0,-5.95E0,-1.E-1));
#8076=DIRECTION('',(0.E0,-1.E0,0.E0));
#8077=DIRECTION('',(1.E0,0.E0,0.E0));
#8078=AXIS2_PLACEMENT_3D('',#8075,#8076,#8077);
#8082=CARTESIAN_POINT('',(2.34E0,-5.95E0,-1.E-1));
#8083=DIRECTION('',(0.E0,-1.E0,0.E0));
#8084=DIRECTION('',(-1.E0,0.E0,0.E0));
#8085=AXIS2_PLACEMENT_3D('',#8082,#8083,#8084);
#8091=CARTESIAN_POINT('',(-2.34E0,-5.95E0,-1.E-1));
#8092=DIRECTION('',(0.E0,-1.E0,0.E0));
#8093=DIRECTION('',(1.E0,0.E0,0.E0));
#8094=AXIS2_PLACEMENT_3D('',#8091,#8092,#8093);
#8098=CARTESIAN_POINT('',(-2.34E0,-5.95E0,-1.E-1));
#8099=DIRECTION('',(0.E0,-1.E0,0.E0));
#8100=DIRECTION('',(-1.E0,0.E0,0.E0));
#8101=AXIS2_PLACEMENT_3D('',#8098,#8099,#8100);
#8106=CARTESIAN_POINT('',(4.5E0,-5.95E0,-8.63E0));
#8107=DIRECTION('',(0.E0,-1.E0,0.E0));
#8108=DIRECTION('',(1.E0,0.E0,0.E0));
#8109=AXIS2_PLACEMENT_3D('',#8106,#8107,#8108);
#8113=CARTESIAN_POINT('',(4.5E0,-5.95E0,-8.63E0));
#8114=DIRECTION('',(0.E0,-1.E0,0.E0));
#8115=DIRECTION('',(-1.E0,0.E0,0.E0));
#8116=AXIS2_PLACEMENT_3D('',#8113,#8114,#8115);
#8121=CARTESIAN_POINT('',(4.5E0,-5.95E0,-1.163E1));
#8122=DIRECTION('',(0.E0,-1.E0,0.E0));
#8123=DIRECTION('',(1.E0,0.E0,0.E0));
#8124=AXIS2_PLACEMENT_3D('',#8121,#8122,#8123);
#8128=CARTESIAN_POINT('',(4.5E0,-5.95E0,-1.163E1));
#8129=DIRECTION('',(0.E0,-1.E0,0.E0));
#8130=DIRECTION('',(-1.E0,0.E0,0.E0));
#8131=AXIS2_PLACEMENT_3D('',#8128,#8129,#8130);
#8136=CARTESIAN_POINT('',(1.5E0,-5.95E0,-8.63E0));
#8137=DIRECTION('',(0.E0,-1.E0,0.E0));
#8138=DIRECTION('',(1.E0,0.E0,0.E0));
#8139=AXIS2_PLACEMENT_3D('',#8136,#8137,#8138);
#8143=CARTESIAN_POINT('',(1.5E0,-5.95E0,-8.63E0));
#8144=DIRECTION('',(0.E0,-1.E0,0.E0));
#8145=DIRECTION('',(-1.E0,0.E0,0.E0));
#8146=AXIS2_PLACEMENT_3D('',#8143,#8144,#8145);
#8151=CARTESIAN_POINT('',(1.5E0,-5.95E0,-1.163E1));
#8152=DIRECTION('',(0.E0,-1.E0,0.E0));
#8153=DIRECTION('',(1.E0,0.E0,0.E0));
#8154=AXIS2_PLACEMENT_3D('',#8151,#8152,#8153);
#8158=CARTESIAN_POINT('',(1.5E0,-5.95E0,-1.163E1));
#8159=DIRECTION('',(0.E0,-1.E0,0.E0));
#8160=DIRECTION('',(-1.E0,0.E0,0.E0));
#8161=AXIS2_PLACEMENT_3D('',#8158,#8159,#8160);
#8166=CARTESIAN_POINT('',(-1.5E0,-5.95E0,-8.63E0));
#8167=DIRECTION('',(0.E0,-1.E0,0.E0));
#8168=DIRECTION('',(1.E0,0.E0,0.E0));
#8169=AXIS2_PLACEMENT_3D('',#8166,#8167,#8168);
#8173=CARTESIAN_POINT('',(-1.5E0,-5.95E0,-8.63E0));
#8174=DIRECTION('',(0.E0,-1.E0,0.E0));
#8175=DIRECTION('',(-1.E0,0.E0,0.E0));
#8176=AXIS2_PLACEMENT_3D('',#8173,#8174,#8175);
#8181=CARTESIAN_POINT('',(-1.5E0,-5.95E0,-1.163E1));
#8182=DIRECTION('',(0.E0,-1.E0,0.E0));
#8183=DIRECTION('',(1.E0,0.E0,0.E0));
#8184=AXIS2_PLACEMENT_3D('',#8181,#8182,#8183);
#8188=CARTESIAN_POINT('',(-1.5E0,-5.95E0,-1.163E1));
#8189=DIRECTION('',(0.E0,-1.E0,0.E0));
#8190=DIRECTION('',(-1.E0,0.E0,0.E0));
#8191=AXIS2_PLACEMENT_3D('',#8188,#8189,#8190);
#8196=CARTESIAN_POINT('',(-4.5E0,-5.95E0,-8.63E0));
#8197=DIRECTION('',(0.E0,-1.E0,0.E0));
#8198=DIRECTION('',(1.E0,0.E0,0.E0));
#8199=AXIS2_PLACEMENT_3D('',#8196,#8197,#8198);
#8203=CARTESIAN_POINT('',(-4.5E0,-5.95E0,-8.63E0));
#8204=DIRECTION('',(0.E0,-1.E0,0.E0));
#8205=DIRECTION('',(-1.E0,0.E0,0.E0));
#8206=AXIS2_PLACEMENT_3D('',#8203,#8204,#8205);
#8211=CARTESIAN_POINT('',(-4.5E0,-5.95E0,-1.163E1));
#8212=DIRECTION('',(0.E0,-1.E0,0.E0));
#8213=DIRECTION('',(1.E0,0.E0,0.E0));
#8214=AXIS2_PLACEMENT_3D('',#8211,#8212,#8213);
#8218=CARTESIAN_POINT('',(-4.5E0,-5.95E0,-1.163E1));
#8219=DIRECTION('',(0.E0,-1.E0,0.E0));
#8220=DIRECTION('',(-1.E0,0.E0,0.E0));
#8221=AXIS2_PLACEMENT_3D('',#8218,#8219,#8220);
#8226=DIRECTION('',(0.E0,-1.E0,0.E0));
#8227=VECTOR('',#8226,5.E-1);
#8228=CARTESIAN_POINT('',(6.E0,-4.95E0,-1.013E1));
#8229=LINE('',#8228,#8227);
#8231=DIRECTION('',(0.E0,-1.E0,0.E0));
#8232=VECTOR('',#8231,5.E-1);
#8233=CARTESIAN_POINT('',(3.E0,-4.95E0,-1.013E1));
#8234=LINE('',#8233,#8232);
#8236=DIRECTION('',(0.E0,-1.E0,0.E0));
#8237=VECTOR('',#8236,5.E-1);
#8238=CARTESIAN_POINT('',(0.E0,-4.95E0,-1.013E1));
#8239=LINE('',#8238,#8237);
#8241=DIRECTION('',(0.E0,-1.E0,0.E0));
#8242=VECTOR('',#8241,5.E-1);
#8243=CARTESIAN_POINT('',(-3.E0,-4.95E0,-1.013E1));
#8244=LINE('',#8243,#8242);
#8246=DIRECTION('',(0.E0,-1.E0,0.E0));
#8247=VECTOR('',#8246,5.E-1);
#8248=CARTESIAN_POINT('',(-6.E0,-4.95E0,-1.013E1));
#8249=LINE('',#8248,#8247);
#8252=DIMENSIONAL_EXPONENTS(0.E0,0.E0,0.E0,0.E0,0.E0,0.E0,0.E0);
#8254=PLANE_ANGLE_MEASURE_WITH_UNIT(PLANE_ANGLE_MEASURE(1.745329251994E-2),
#8253);
#8255=(CONVERSION_BASED_UNIT('DEGREE',#8254)NAMED_UNIT(*)PLANE_ANGLE_UNIT());
#8257=UNCERTAINTY_MEASURE_WITH_UNIT(LENGTH_MEASURE(1.E-3),#8251,'closure',
'Maximum model space distance between geometric entities at asserted connectivities');
#8258=(GEOMETRIC_REPRESENTATION_CONTEXT(3)GLOBAL_UNCERTAINTY_ASSIGNED_CONTEXT((
#8257))GLOBAL_UNIT_ASSIGNED_CONTEXT((#8251,#8255,#8256))REPRESENTATION_CONTEXT(
'ID1','3'));
#8090=GEOMETRIC_SET('',(#8089,#8105,#8120,#8135,#8150,#8165,#8180,#8195,#8210,
#8225,#8230,#8235,#8240,#8245,#8250));
#8262=SHAPE_REPRESENTATION_RELATIONSHIP('','',#8261,#8259);
#8263=SHAPE_REPRESENTATION_RELATIONSHIP('','',#8261,#8260);
#8264=APPLICATION_CONTEXT(
'CONFIGURATION CONTROLLED 3D DESIGNS OF MECHANICAL PARTS AND ASSEMBLIES');
#8265=APPLICATION_PROTOCOL_DEFINITION('international standard',
'config_control_design',1994,#8264);
#8266=DESIGN_CONTEXT('',#8264,'design');
#8267=MECHANICAL_CONTEXT('',#8264,'mechanical');
#8268=PRODUCT('444280802','444280802','NOT SPECIFIED',(#8267));
#8269=PRODUCT_DEFINITION_FORMATION_WITH_SPECIFIED_SOURCE('2','LAST_VERSION',
#8268,.MADE.);
#8273=PRODUCT_CATEGORY('part','');
#8274=PRODUCT_RELATED_PRODUCT_CATEGORY('detail','',(#8268));
#8275=PRODUCT_CATEGORY_RELATIONSHIP('','',#8273,#8274);
#8276=SECURITY_CLASSIFICATION_LEVEL('unclassified');
#8277=SECURITY_CLASSIFICATION('','',#8276);
#8278=CC_DESIGN_SECURITY_CLASSIFICATION(#8277,(#8269));
#8279=APPROVAL_STATUS('approved');
#8280=APPROVAL(#8279,'');
#8281=CC_DESIGN_APPROVAL(#8280,(#8277,#8269,#8270));
#8282=CALENDAR_DATE(119,8,2);
#8283=COORDINATED_UNIVERSAL_TIME_OFFSET(5,30,.AHEAD.);
#8284=LOCAL_TIME(12,58,2.7E1,#8283);
#8285=DATE_AND_TIME(#8282,#8284);
#8286=APPROVAL_DATE_TIME(#8285,#8280);
#8287=DATE_TIME_ROLE('creation_date');
#8288=CC_DESIGN_DATE_AND_TIME_ASSIGNMENT(#8285,#8287,(#8270));
#8289=DATE_TIME_ROLE('classification_date');
#8290=CC_DESIGN_DATE_AND_TIME_ASSIGNMENT(#8285,#8289,(#8277));
#8291=PERSON('UNSPECIFIED','UNSPECIFIED',$,$,$,$);
#8292=ORGANIZATION('UNSPECIFIED','UNSPECIFIED','UNSPECIFIED');
#8293=PERSON_AND_ORGANIZATION(#8291,#8292);
#8294=APPROVAL_ROLE('approver');
#8295=APPROVAL_PERSON_ORGANIZATION(#8293,#8280,#8294);
#8296=PERSON_AND_ORGANIZATION_ROLE('creator');
#8297=CC_DESIGN_PERSON_AND_ORGANIZATION_ASSIGNMENT(#8293,#8296,(#8269,#8270));
#8298=PERSON_AND_ORGANIZATION_ROLE('design_supplier');
#8299=CC_DESIGN_PERSON_AND_ORGANIZATION_ASSIGNMENT(#8293,#8298,(#8269));
#8300=PERSON_AND_ORGANIZATION_ROLE('classification_officer');
#8301=CC_DESIGN_PERSON_AND_ORGANIZATION_ASSIGNMENT(#8293,#8300,(#8277));
#8302=PERSON_AND_ORGANIZATION_ROLE('design_owner');
#8303=CC_DESIGN_PERSON_AND_ORGANIZATION_ASSIGNMENT(#8293,#8302,(#8268));
#229=CIRCLE('',#228,1.4E0);
#242=CIRCLE('',#241,6.E-1);
#259=CIRCLE('',#258,1.4E0);
#272=CIRCLE('',#271,6.E-1);
#637=CIRCLE('',#636,6.E-1);
#650=CIRCLE('',#649,1.4E0);
#667=CIRCLE('',#666,6.E-1);
#680=CIRCLE('',#679,1.4E0);
#697=CIRCLE('',#696,7.5E-1);
#702=CIRCLE('',#701,7.5E-1);
#707=CIRCLE('',#706,7.5E-1);
#712=CIRCLE('',#711,7.5E-1);
#717=CIRCLE('',#716,7.5E-1);
#722=CIRCLE('',#721,7.5E-1);
#815=CIRCLE('',#814,1.4E0);
#828=CIRCLE('',#827,6.E-1);
#845=CIRCLE('',#844,1.4E0);
#858=CIRCLE('',#857,6.E-1);
#931=CIRCLE('',#930,6.E-1);
#944=CIRCLE('',#943,1.4E0);
#961=CIRCLE('',#960,6.E-1);
#974=CIRCLE('',#973,1.4E0);
#1027=CIRCLE('',#1026,7.5E-1);
#1032=CIRCLE('',#1031,7.5E-1);
#1037=CIRCLE('',#1036,7.5E-1);
#1042=CIRCLE('',#1041,7.5E-1);
#1047=CIRCLE('',#1046,7.5E-1);
#1052=CIRCLE('',#1051,7.5E-1);
#1185=CIRCLE('',#1184,1.4E0);
#1198=CIRCLE('',#1197,6.E-1);
#1215=CIRCLE('',#1214,1.4E0);
#1228=CIRCLE('',#1227,6.E-1);
#1301=CIRCLE('',#1300,6.E-1);
#1314=CIRCLE('',#1313,1.4E0);
#1331=CIRCLE('',#1330,6.E-1);
#1344=CIRCLE('',#1343,1.4E0);
#1513=CIRCLE('',#1512,1.4E0);
#1526=CIRCLE('',#1525,6.E-1);
#1543=CIRCLE('',#1542,1.4E0);
#1556=CIRCLE('',#1555,6.E-1);
#1629=CIRCLE('',#1628,6.E-1);
#1642=CIRCLE('',#1641,1.4E0);
#1659=CIRCLE('',#1658,6.E-1);
#1672=CIRCLE('',#1671,1.4E0);
#1881=CIRCLE('',#1880,7.5E-1);
#1886=CIRCLE('',#1885,7.5E-1);
#1919=CIRCLE('',#1918,7.5E-1);
#1924=CIRCLE('',#1923,7.5E-1);
#2201=CIRCLE('',#2200,5.E-1);
#2234=CIRCLE('',#2233,5.E-1);
#2283=CIRCLE('',#2282,1.09E0);
#2296=CIRCLE('',#2295,1.09E0);
#2301=CIRCLE('',#2300,1.09E0);
#2326=CIRCLE('',#2325,1.09E0);
#2363=B_SPLINE_CURVE_WITH_KNOTS('',3,(#2359,#2360,#2361,#2362),.UNSPECIFIED.,
.F.,.F.,(4,4),(0.E0,1.E0),.UNSPECIFIED.);
#2392=CIRCLE('',#2391,1.09E0);
#2401=CIRCLE('',#2400,1.4E0);
#2414=CIRCLE('',#2413,1.1E0);
#2419=CIRCLE('',#2418,1.4E0);
#2432=B_SPLINE_CURVE_WITH_KNOTS('',3,(#2428,#2429,#2430,#2431),.UNSPECIFIED.,
.F.,.F.,(4,4),(0.E0,1.E0),.UNSPECIFIED.);
#2509=CIRCLE('',#2508,5.E-1);
#2566=CIRCLE('',#2565,5.E-1);
#2619=CIRCLE('',#2618,5.E-1);
#2640=CIRCLE('',#2639,5.E-1);
#2665=CIRCLE('',#2664,1.09E0);
#2674=CIRCLE('',#2673,1.4E0);
#2699=B_SPLINE_CURVE_WITH_KNOTS('',3,(#2695,#2696,#2697,#2698),.UNSPECIFIED.,
.F.,.F.,(4,4),(0.E0,1.E0),.UNSPECIFIED.);
#2712=B_SPLINE_CURVE_WITH_KNOTS('',3,(#2708,#2709,#2710,#2711),.UNSPECIFIED.,
.F.,.F.,(4,4),(0.E0,1.E0),.UNSPECIFIED.);
#2725=CIRCLE('',#2724,1.1E0);
#2730=CIRCLE('',#2729,1.4E0);
#3792=EDGE_CURVE('',#2909,#2910,#100,.T.);
#3794=EDGE_CURVE('',#2909,#2882,#104,.T.);
#3796=EDGE_CURVE('',#2882,#2886,#108,.T.);
#3798=EDGE_CURVE('',#2885,#2886,#112,.T.);
#3800=EDGE_CURVE('',#2885,#2880,#116,.T.);
#3802=EDGE_CURVE('',#2880,#2913,#120,.T.);
#3804=EDGE_CURVE('',#2913,#2914,#124,.T.);
#3806=EDGE_CURVE('',#2914,#2910,#128,.T.);
#3810=EDGE_CURVE('',#3533,#3534,#20,.T.);
#3812=EDGE_CURVE('',#3534,#3542,#24,.T.);
#3814=EDGE_CURVE('',#3541,#3542,#28,.T.);
#3816=EDGE_CURVE('',#3533,#3541,#32,.T.);
#3820=EDGE_CURVE('',#3441,#3442,#36,.T.);
#3822=EDGE_CURVE('',#3442,#3450,#40,.T.);
#3824=EDGE_CURVE('',#3449,#3450,#44,.T.);
#3826=EDGE_CURVE('',#3441,#3449,#48,.T.);
#3830=EDGE_CURVE('',#3437,#3438,#52,.T.);
#3832=EDGE_CURVE('',#3438,#3446,#56,.T.);
#3834=EDGE_CURVE('',#3445,#3446,#60,.T.);
#3836=EDGE_CURVE('',#3437,#3445,#64,.T.);
#3840=EDGE_CURVE('',#3345,#3346,#68,.T.);
#3842=EDGE_CURVE('',#3346,#3354,#72,.T.);
#3844=EDGE_CURVE('',#3353,#3354,#76,.T.);
#3846=EDGE_CURVE('',#3345,#3353,#80,.T.);
#3850=EDGE_CURVE('',#3341,#3342,#84,.T.);
#3852=EDGE_CURVE('',#3342,#3350,#88,.T.);
#3854=EDGE_CURVE('',#3349,#3350,#92,.T.);
#3856=EDGE_CURVE('',#3341,#3349,#96,.T.);
#3860=EDGE_CURVE('',#3537,#3538,#4,.T.);
#3862=EDGE_CURVE('',#3538,#3546,#8,.T.);
#3864=EDGE_CURVE('',#3545,#3546,#12,.T.);
#3866=EDGE_CURVE('',#3537,#3545,#16,.T.);
#3870=EDGE_CURVE('',#3245,#3246,#132,.T.);
#3872=EDGE_CURVE('',#3246,#3254,#136,.T.);
#3874=EDGE_CURVE('',#3253,#3254,#140,.T.);
#3876=EDGE_CURVE('',#3245,#3253,#144,.T.);
#3880=EDGE_CURVE('',#3249,#3250,#148,.T.);
#3882=EDGE_CURVE('',#3250,#3258,#152,.T.);
#3884=EDGE_CURVE('',#3257,#3258,#156,.T.);
#3886=EDGE_CURVE('',#3249,#3257,#160,.T.);
#3896=EDGE_CURVE('',#3548,#3469,#164,.T.);
#3898=EDGE_CURVE('',#3469,#3470,#168,.T.);
#3900=EDGE_CURVE('',#3470,#3550,#172,.T.);
#3902=EDGE_CURVE('',#3550,#3548,#296,.T.);
#3912=EDGE_CURVE('',#3552,#3473,#176,.T.);
#3914=EDGE_CURVE('',#3473,#3474,#180,.T.);
#3916=EDGE_CURVE('',#3474,#3554,#184,.T.);
#3918=EDGE_CURVE('',#3554,#3552,#280,.T.);
#3928=EDGE_CURVE('',#3677,#3678,#188,.T.);
#3930=EDGE_CURVE('',#3678,#3481,#192,.T.);
#3932=EDGE_CURVE('',#3481,#3482,#196,.T.);
#3934=EDGE_CURVE('',#3482,#3677,#200,.T.);
#3944=EDGE_CURVE('',#3681,#3682,#204,.T.);
#3946=EDGE_CURVE('',#3682,#3493,#208,.T.);
#3948=EDGE_CURVE('',#3493,#3494,#212,.T.);
#3950=EDGE_CURVE('',#3494,#3681,#216,.T.);
#3960=EDGE_CURVE('',#3685,#3686,#220,.T.);
#3962=EDGE_CURVE('',#3685,#3485,#224,.T.);
#3964=EDGE_CURVE('',#3485,#3486,#229,.T.);
#3966=EDGE_CURVE('',#3486,#3538,#233,.T.);
#3969=EDGE_CURVE('',#3537,#3477,#237,.T.);
#3971=EDGE_CURVE('',#3477,#3478,#242,.T.);
#3973=EDGE_CURVE('',#3478,#3686,#246,.T.);
#3983=EDGE_CURVE('',#3689,#3690,#250,.T.);
#3985=EDGE_CURVE('',#3689,#3497,#254,.T.);
#3987=EDGE_CURVE('',#3497,#3498,#259,.T.);
#3989=EDGE_CURVE('',#3498,#3534,#263,.T.);
#3992=EDGE_CURVE('',#3533,#3489,#267,.T.);
#3994=EDGE_CURVE('',#3489,#3490,#272,.T.);
#3996=EDGE_CURVE('',#3490,#3690,#276,.T.);
#4007=EDGE_CURVE('',#3548,#3556,#308,.T.);
#4009=EDGE_CURVE('',#3556,#3501,#572,.T.);
#4011=EDGE_CURVE('',#3469,#3501,#692,.T.);
#4021=EDGE_CURVE('',#3025,#3026,#376,.T.);
#4023=EDGE_CURVE('',#3032,#3025,#380,.T.);
#4025=EDGE_CURVE('',#3031,#3032,#384,.T.);
#4027=EDGE_CURVE('',#3028,#3031,#388,.T.);
#4029=EDGE_CURVE('',#3026,#3028,#392,.T.);
#4033=EDGE_CURVE('',#3458,#3456,#312,.T.);
#4035=EDGE_CURVE('',#3458,#3466,#316,.T.);
#4037=EDGE_CURVE('',#3466,#3464,#320,.T.);
#4039=EDGE_CURVE('',#3456,#3464,#324,.T.);
#4049=EDGE_CURVE('',#3035,#3036,#396,.T.);
#4051=EDGE_CURVE('',#3040,#3035,#400,.T.);
#4053=EDGE_CURVE('',#3038,#3040,#404,.T.);
#4055=EDGE_CURVE('',#3036,#3038,#408,.T.);
#4060=EDGE_CURVE('',#3554,#3562,#284,.T.);
#4062=EDGE_CURVE('',#3562,#3560,#288,.T.);
#4064=EDGE_CURVE('',#3552,#3560,#292,.T.);
#4074=EDGE_CURVE('',#3043,#3044,#412,.T.);
#4076=EDGE_CURVE('',#3050,#3043,#416,.T.);
#4078=EDGE_CURVE('',#3049,#3050,#420,.T.);
#4080=EDGE_CURVE('',#3046,#3049,#424,.T.);
#4082=EDGE_CURVE('',#3044,#3046,#428,.T.);
#4086=EDGE_CURVE('',#3362,#3360,#344,.T.);
#4088=EDGE_CURVE('',#3362,#3370,#348,.T.);
#4090=EDGE_CURVE('',#3370,#3368,#352,.T.);
#4092=EDGE_CURVE('',#3360,#3368,#356,.T.);
#4102=EDGE_CURVE('',#3053,#3054,#432,.T.);
#4104=EDGE_CURVE('',#3060,#3053,#436,.T.);
#4106=EDGE_CURVE('',#3058,#3060,#440,.T.);
#4108=EDGE_CURVE('',#3056,#3058,#444,.T.);
#4110=EDGE_CURVE('',#3054,#3056,#448,.T.);
#4114=EDGE_CURVE('',#3266,#3264,#548,.T.);
#4116=EDGE_CURVE('',#3266,#3274,#552,.T.);
#4118=EDGE_CURVE('',#3274,#3272,#556,.T.);
#4120=EDGE_CURVE('',#3264,#3272,#560,.T.);
#4130=EDGE_CURVE('',#3063,#3064,#452,.T.);
#4132=EDGE_CURVE('',#3070,#3063,#456,.T.);
#4134=EDGE_CURVE('',#3068,#3070,#460,.T.);
#4136=EDGE_CURVE('',#3066,#3068,#464,.T.);
#4138=EDGE_CURVE('',#3064,#3066,#468,.T.);
#4142=EDGE_CURVE('',#3262,#3260,#532,.T.);
#4144=EDGE_CURVE('',#3262,#3270,#536,.T.);
#4146=EDGE_CURVE('',#3270,#3268,#540,.T.);
#4148=EDGE_CURVE('',#3260,#3268,#544,.T.);
#4158=EDGE_CURVE('',#3080,#3073,#472,.T.);
#4160=EDGE_CURVE('',#3078,#3080,#476,.T.);
#4162=EDGE_CURVE('',#3076,#3078,#480,.T.);
#4164=EDGE_CURVE('',#3074,#3076,#484,.T.);
#4166=EDGE_CURVE('',#3073,#3074,#488,.T.);
#4170=EDGE_CURVE('',#3358,#3356,#360,.T.);
#4172=EDGE_CURVE('',#3358,#3366,#364,.T.);
#4174=EDGE_CURVE('',#3366,#3364,#368,.T.);
#4176=EDGE_CURVE('',#3356,#3364,#372,.T.);
#4186=EDGE_CURVE('',#3083,#3084,#492,.T.);
#4188=EDGE_CURVE('',#3090,#3083,#496,.T.);
#4190=EDGE_CURVE('',#3088,#3090,#500,.T.);
#4192=EDGE_CURVE('',#3086,#3088,#504,.T.);
#4194=EDGE_CURVE('',#3084,#3086,#508,.T.);
#4198=EDGE_CURVE('',#3454,#3452,#328,.T.);
#4200=EDGE_CURVE('',#3454,#3462,#332,.T.);
#4202=EDGE_CURVE('',#3462,#3460,#336,.T.);
#4204=EDGE_CURVE('',#3452,#3460,#340,.T.);
#4214=EDGE_CURVE('',#3100,#3093,#512,.T.);
#4216=EDGE_CURVE('',#3098,#3100,#516,.T.);
#4218=EDGE_CURVE('',#3096,#3098,#520,.T.);
#4220=EDGE_CURVE('',#3094,#3096,#524,.T.);
#4222=EDGE_CURVE('',#3093,#3094,#528,.T.);
#4227=EDGE_CURVE('',#3550,#3558,#300,.T.);
#4229=EDGE_CURVE('',#3558,#3556,#304,.T.);
#4241=EDGE_CURVE('',#3474,#3506,#564,.T.);
#4243=EDGE_CURVE('',#3506,#3562,#588,.T.);
#4255=EDGE_CURVE('',#3473,#3505,#568,.T.);
#4257=EDGE_CURVE('',#3505,#3506,#592,.T.);
#4270=EDGE_CURVE('',#3560,#3505,#584,.T.);
#4283=EDGE_CURVE('',#3502,#3558,#576,.T.);
#4285=EDGE_CURVE('',#3501,#3502,#580,.T.);
#4307=EDGE_CURVE('',#3693,#3694,#596,.T.);
#4309=EDGE_CURVE('',#3514,#3693,#600,.T.);
#4311=EDGE_CURVE('',#3513,#3514,#604,.T.);
#4313=EDGE_CURVE('',#3694,#3513,#608,.T.);
#4323=EDGE_CURVE('',#3697,#3698,#612,.T.);
#4325=EDGE_CURVE('',#3526,#3697,#616,.T.);
#4327=EDGE_CURVE('',#3525,#3526,#620,.T.);
#4329=EDGE_CURVE('',#3698,#3525,#624,.T.);
#4339=EDGE_CURVE('',#3701,#3702,#628,.T.);
#4341=EDGE_CURVE('',#3510,#3702,#632,.T.);
#4343=EDGE_CURVE('',#3509,#3510,#637,.T.);
#4345=EDGE_CURVE('',#3545,#3509,#641,.T.);
#4348=EDGE_CURVE('',#3518,#3546,#645,.T.);
#4350=EDGE_CURVE('',#3517,#3518,#650,.T.);
#4352=EDGE_CURVE('',#3701,#3517,#654,.T.);
#4362=EDGE_CURVE('',#3705,#3706,#658,.T.);
#4364=EDGE_CURVE('',#3522,#3706,#662,.T.);
#4366=EDGE_CURVE('',#3521,#3522,#667,.T.);
#4368=EDGE_CURVE('',#3541,#3521,#671,.T.);
#4371=EDGE_CURVE('',#3530,#3542,#675,.T.);
#4373=EDGE_CURVE('',#3529,#3530,#680,.T.);
#4375=EDGE_CURVE('',#3705,#3529,#684,.T.);
#4386=EDGE_CURVE('',#3470,#3502,#688,.T.);
#4410=EDGE_CURVE('',#3742,#3746,#1881,.T.);
#4412=EDGE_CURVE('',#3742,#3569,#726,.T.);
#4414=EDGE_CURVE('',#3569,#3570,#730,.T.);
#4416=EDGE_CURVE('',#3570,#3710,#734,.T.);
#4418=EDGE_CURVE('',#3714,#3710,#1924,.T.);
#4420=EDGE_CURVE('',#3714,#3565,#738,.T.);
#4422=EDGE_CURVE('',#3565,#3566,#742,.T.);
#4424=EDGE_CURVE('',#3566,#3746,#746,.T.);
#4428=EDGE_CURVE('',#3585,#3586,#790,.T.);
#4430=EDGE_CURVE('',#3585,#3601,#1096,.T.);
#4432=EDGE_CURVE('',#3601,#3602,#906,.T.);
#4434=EDGE_CURVE('',#3586,#3602,#1080,.T.);
#4438=EDGE_CURVE('',#3613,#3614,#1144,.T.);
#4440=EDGE_CURVE('',#3613,#3629,#1368,.T.);
#4442=EDGE_CURVE('',#3629,#3630,#1260,.T.);
#4444=EDGE_CURVE('',#3614,#3630,#1384,.T.);
#4448=EDGE_CURVE('',#3617,#3618,#1160,.T.);
#4450=EDGE_CURVE('',#3617,#3633,#1408,.T.);
#4452=EDGE_CURVE('',#3633,#3634,#1276,.T.);
#4454=EDGE_CURVE('',#3618,#3634,#1424,.T.);
#4458=EDGE_CURVE('',#3645,#3646,#1472,.T.);
#4460=EDGE_CURVE('',#3645,#3661,#1696,.T.);
#4462=EDGE_CURVE('',#3661,#3662,#1588,.T.);
#4464=EDGE_CURVE('',#3646,#3662,#1712,.T.);
#4468=EDGE_CURVE('',#3649,#3650,#1488,.T.);
#4470=EDGE_CURVE('',#3649,#3665,#1736,.T.);
#4472=EDGE_CURVE('',#3665,#3666,#1604,.T.);
#4474=EDGE_CURVE('',#3650,#3666,#1752,.T.);
#4479=EDGE_CURVE('',#3677,#3693,#1792,.T.);
#4482=EDGE_CURVE('',#3678,#3694,#1776,.T.);
#4487=EDGE_CURVE('',#3681,#3697,#1832,.T.);
#4490=EDGE_CURVE('',#3682,#3698,#1816,.T.);
#4494=EDGE_CURVE('',#3717,#3718,#697,.T.);
#4496=EDGE_CURVE('',#3718,#3717,#702,.T.);
#4500=EDGE_CURVE('',#3725,#3726,#707,.T.);
#4502=EDGE_CURVE('',#3726,#3725,#712,.T.);
#4506=EDGE_CURVE('',#3733,#3734,#717,.T.);
#4508=EDGE_CURVE('',#3734,#3733,#722,.T.);
#4512=EDGE_CURVE('',#3581,#3582,#774,.T.);
#4514=EDGE_CURVE('',#3581,#3597,#998,.T.);
#4516=EDGE_CURVE('',#3597,#3598,#890,.T.);
#4518=EDGE_CURVE('',#3582,#3598,#1014,.T.);
#4528=EDGE_CURVE('',#3260,#3181,#750,.T.);
#4530=EDGE_CURVE('',#3181,#3182,#754,.T.);
#4532=EDGE_CURVE('',#3182,#3262,#758,.T.);
#4543=EDGE_CURVE('',#3264,#3185,#762,.T.);
#4545=EDGE_CURVE('',#3185,#3186,#766,.T.);
#4547=EDGE_CURVE('',#3186,#3266,#770,.T.);
#4559=EDGE_CURVE('',#3582,#3193,#778,.T.);
#4561=EDGE_CURVE('',#3193,#3194,#782,.T.);
#4563=EDGE_CURVE('',#3194,#3581,#786,.T.);
#4574=EDGE_CURVE('',#3586,#3205,#794,.T.);
#4576=EDGE_CURVE('',#3205,#3206,#798,.T.);
#4578=EDGE_CURVE('',#3206,#3585,#802,.T.);
#4588=EDGE_CURVE('',#3589,#3590,#806,.T.);
#4590=EDGE_CURVE('',#3589,#3197,#810,.T.);
#4592=EDGE_CURVE('',#3197,#3198,#815,.T.);
#4594=EDGE_CURVE('',#3198,#3250,#819,.T.);
#4597=EDGE_CURVE('',#3249,#3189,#823,.T.);
#4599=EDGE_CURVE('',#3189,#3190,#828,.T.);
#4601=EDGE_CURVE('',#3190,#3590,#832,.T.);
#4611=EDGE_CURVE('',#3593,#3594,#836,.T.);
#4613=EDGE_CURVE('',#3593,#3209,#840,.T.);
#4615=EDGE_CURVE('',#3209,#3210,#845,.T.);
#4617=EDGE_CURVE('',#3210,#3246,#849,.T.);
#4620=EDGE_CURVE('',#3245,#3201,#853,.T.);
#4622=EDGE_CURVE('',#3201,#3202,#858,.T.);
#4624=EDGE_CURVE('',#3202,#3594,#862,.T.);
#4636=EDGE_CURVE('',#3268,#3213,#866,.T.);
#4638=EDGE_CURVE('',#3181,#3213,#986,.T.);
#4650=EDGE_CURVE('',#3214,#3270,#870,.T.);
#4652=EDGE_CURVE('',#3213,#3214,#874,.T.);
#4662=EDGE_CURVE('',#3272,#3217,#878,.T.);
#4665=EDGE_CURVE('',#3218,#3274,#882,.T.);
#4667=EDGE_CURVE('',#3217,#3218,#886,.T.);
#4678=EDGE_CURVE('',#3226,#3597,#894,.T.);
#4680=EDGE_CURVE('',#3225,#3226,#898,.T.);
#4682=EDGE_CURVE('',#3598,#3225,#902,.T.);
#4693=EDGE_CURVE('',#3238,#3601,#910,.T.);
#4695=EDGE_CURVE('',#3237,#3238,#914,.T.);
#4697=EDGE_CURVE('',#3602,#3237,#918,.T.);
#4707=EDGE_CURVE('',#3605,#3606,#922,.T.);
#4709=EDGE_CURVE('',#3222,#3606,#926,.T.);
#4711=EDGE_CURVE('',#3221,#3222,#931,.T.);
#4713=EDGE_CURVE('',#3257,#3221,#935,.T.);
#4716=EDGE_CURVE('',#3230,#3258,#939,.T.);
#4718=EDGE_CURVE('',#3229,#3230,#944,.T.);
#4720=EDGE_CURVE('',#3605,#3229,#948,.T.);
#4730=EDGE_CURVE('',#3609,#3610,#952,.T.);
#4732=EDGE_CURVE('',#3234,#3610,#956,.T.);
#4734=EDGE_CURVE('',#3233,#3234,#961,.T.);
#4736=EDGE_CURVE('',#3253,#3233,#965,.T.);
#4739=EDGE_CURVE('',#3242,#3254,#969,.T.);
#4741=EDGE_CURVE('',#3241,#3242,#974,.T.);
#4743=EDGE_CURVE('',#3609,#3241,#978,.T.);
#4754=EDGE_CURVE('',#3182,#3214,#982,.T.);
#4781=EDGE_CURVE('',#3185,#3217,#990,.T.);
#4794=EDGE_CURVE('',#3186,#3218,#994,.T.);
#4818=EDGE_CURVE('',#3194,#3226,#1002,.T.);
#4829=EDGE_CURVE('',#3589,#3605,#1006,.T.);
#4832=EDGE_CURVE('',#3197,#3229,#1936,.T.);
#4844=EDGE_CURVE('',#3193,#3225,#1010,.T.);
#4868=EDGE_CURVE('',#3590,#3606,#1018,.T.);
#4871=EDGE_CURVE('',#3190,#3222,#1022,.T.);
#4882=EDGE_CURVE('',#3745,#3741,#1886,.T.);
#4884=EDGE_CURVE('',#3574,#3745,#1056,.T.);
#4886=EDGE_CURVE('',#3573,#3574,#1060,.T.);
#4888=EDGE_CURVE('',#3713,#3573,#1064,.T.);
#4890=EDGE_CURVE('',#3709,#3713,#1919,.T.);
#4892=EDGE_CURVE('',#3578,#3709,#1068,.T.);
#4894=EDGE_CURVE('',#3577,#3578,#1072,.T.);
#4896=EDGE_CURVE('',#3741,#3577,#1076,.T.);
#4901=EDGE_CURVE('',#3594,#3610,#1088,.T.);
#4904=EDGE_CURVE('',#3593,#3609,#1104,.T.);
#4908=EDGE_CURVE('',#3621,#3622,#1176,.T.);
#4910=EDGE_CURVE('',#3622,#3638,#1388,.T.);
#4912=EDGE_CURVE('',#3637,#3638,#1292,.T.);
#4914=EDGE_CURVE('',#3621,#3637,#1376,.T.);
#4918=EDGE_CURVE('',#3625,#3626,#1206,.T.);
#4920=EDGE_CURVE('',#3626,#3642,#1432,.T.);
#4922=EDGE_CURVE('',#3641,#3642,#1322,.T.);
#4924=EDGE_CURVE('',#3625,#3641,#1416,.T.);
#4928=EDGE_CURVE('',#3653,#3654,#1504,.T.);
#4930=EDGE_CURVE('',#3654,#3670,#1716,.T.);
#4932=EDGE_CURVE('',#3669,#3670,#1620,.T.);
#4934=EDGE_CURVE('',#3653,#3669,#1704,.T.);
#4938=EDGE_CURVE('',#3657,#3658,#1534,.T.);
#4940=EDGE_CURVE('',#3658,#3674,#1760,.T.);
#4942=EDGE_CURVE('',#3673,#3674,#1650,.T.);
#4944=EDGE_CURVE('',#3657,#3673,#1744,.T.);
#4949=EDGE_CURVE('',#3686,#3702,#1780,.T.);
#4952=EDGE_CURVE('',#3685,#3701,#1800,.T.);
#4957=EDGE_CURVE('',#3690,#3706,#1824,.T.);
#4960=EDGE_CURVE('',#3689,#3705,#1840,.T.);
#4964=EDGE_CURVE('',#3721,#3722,#1027,.T.);
#4966=EDGE_CURVE('',#3722,#3721,#1032,.T.);
#4970=EDGE_CURVE('',#3729,#3730,#1037,.T.);
#4972=EDGE_CURVE('',#3730,#3729,#1042,.T.);
#4976=EDGE_CURVE('',#3737,#3738,#1047,.T.);
#4978=EDGE_CURVE('',#3738,#3737,#1052,.T.);
#4996=EDGE_CURVE('',#3205,#3237,#1092,.T.);
#5008=EDGE_CURVE('',#3202,#3234,#1084,.T.);
#5023=EDGE_CURVE('',#3206,#3238,#1100,.T.);
#5047=EDGE_CURVE('',#3209,#3241,#1108,.T.);
#5061=EDGE_CURVE('',#3210,#3242,#1112,.T.);
#5084=EDGE_CURVE('',#3201,#3233,#1116,.T.);
#5108=EDGE_CURVE('',#3356,#3277,#1120,.T.);
#5110=EDGE_CURVE('',#3277,#3278,#1124,.T.);
#5112=EDGE_CURVE('',#3278,#3358,#1128,.T.);
#5123=EDGE_CURVE('',#3360,#3281,#1132,.T.);
#5125=EDGE_CURVE('',#3281,#3282,#1136,.T.);
#5127=EDGE_CURVE('',#3282,#3362,#1140,.T.);
#5139=EDGE_CURVE('',#3614,#3289,#1148,.T.);
#5141=EDGE_CURVE('',#3289,#3290,#1152,.T.);
#5143=EDGE_CURVE('',#3290,#3613,#1156,.T.);
#5154=EDGE_CURVE('',#3618,#3301,#1164,.T.);
#5156=EDGE_CURVE('',#3301,#3302,#1168,.T.);
#5158=EDGE_CURVE('',#3302,#3617,#1172,.T.);
#5169=EDGE_CURVE('',#3621,#3293,#1180,.T.);
#5171=EDGE_CURVE('',#3293,#3294,#1185,.T.);
#5173=EDGE_CURVE('',#3294,#3346,#1189,.T.);
#5176=EDGE_CURVE('',#3345,#3285,#1193,.T.);
#5178=EDGE_CURVE('',#3285,#3286,#1198,.T.);
#5180=EDGE_CURVE('',#3286,#3622,#1202,.T.);
#5191=EDGE_CURVE('',#3625,#3305,#1210,.T.);
#5193=EDGE_CURVE('',#3305,#3306,#1215,.T.);
#5195=EDGE_CURVE('',#3306,#3342,#1219,.T.);
#5198=EDGE_CURVE('',#3341,#3297,#1223,.T.);
#5200=EDGE_CURVE('',#3297,#3298,#1228,.T.);
#5202=EDGE_CURVE('',#3298,#3626,#1232,.T.);
#5214=EDGE_CURVE('',#3364,#3309,#1236,.T.);
#5216=EDGE_CURVE('',#3277,#3309,#1356,.T.);
#5228=EDGE_CURVE('',#3310,#3366,#1240,.T.);
#5230=EDGE_CURVE('',#3309,#3310,#1244,.T.);
#5240=EDGE_CURVE('',#3368,#3313,#1248,.T.);
#5243=EDGE_CURVE('',#3314,#3370,#1252,.T.);
#5245=EDGE_CURVE('',#3313,#3314,#1256,.T.);
#5256=EDGE_CURVE('',#3322,#3629,#1264,.T.);
#5258=EDGE_CURVE('',#3321,#3322,#1268,.T.);
#5260=EDGE_CURVE('',#3630,#3321,#1272,.T.);
#5271=EDGE_CURVE('',#3334,#3633,#1280,.T.);
#5273=EDGE_CURVE('',#3333,#3334,#1284,.T.);
#5275=EDGE_CURVE('',#3634,#3333,#1288,.T.);
#5286=EDGE_CURVE('',#3318,#3638,#1296,.T.);
#5288=EDGE_CURVE('',#3317,#3318,#1301,.T.);
#5290=EDGE_CURVE('',#3353,#3317,#1305,.T.);
#5293=EDGE_CURVE('',#3326,#3354,#1309,.T.);
#5295=EDGE_CURVE('',#3325,#3326,#1314,.T.);
#5297=EDGE_CURVE('',#3637,#3325,#1318,.T.);
#5308=EDGE_CURVE('',#3330,#3642,#1326,.T.);
#5310=EDGE_CURVE('',#3329,#3330,#1331,.T.);
#5312=EDGE_CURVE('',#3349,#3329,#1335,.T.);
#5315=EDGE_CURVE('',#3338,#3350,#1339,.T.);
#5317=EDGE_CURVE('',#3337,#3338,#1344,.T.);
#5319=EDGE_CURVE('',#3641,#3337,#1348,.T.);
#5330=EDGE_CURVE('',#3278,#3310,#1352,.T.);
#5357=EDGE_CURVE('',#3281,#3313,#1360,.T.);
#5370=EDGE_CURVE('',#3282,#3314,#1364,.T.);
#5394=EDGE_CURVE('',#3290,#3322,#1372,.T.);
#5407=EDGE_CURVE('',#3293,#3325,#1400,.T.);
#5419=EDGE_CURVE('',#3289,#3321,#1380,.T.);
#5445=EDGE_CURVE('',#3286,#3318,#1392,.T.);
#5457=EDGE_CURVE('',#3285,#3317,#1396,.T.);
#5484=EDGE_CURVE('',#3294,#3326,#1404,.T.);
#5508=EDGE_CURVE('',#3302,#3334,#1412,.T.);
#5521=EDGE_CURVE('',#3305,#3337,#1440,.T.);
#5533=EDGE_CURVE('',#3301,#3333,#1420,.T.);
#5558=EDGE_CURVE('',#3298,#3330,#1428,.T.);
#5571=EDGE_CURVE('',#3297,#3329,#1436,.T.);
#5598=EDGE_CURVE('',#3306,#3338,#1444,.T.);
#5620=EDGE_CURVE('',#3452,#3373,#1448,.T.);
#5622=EDGE_CURVE('',#3373,#3374,#1452,.T.);
#5624=EDGE_CURVE('',#3374,#3454,#1456,.T.);
#5635=EDGE_CURVE('',#3456,#3377,#1460,.T.);
#5637=EDGE_CURVE('',#3377,#3378,#1464,.T.);
#5639=EDGE_CURVE('',#3378,#3458,#1468,.T.);
#5651=EDGE_CURVE('',#3646,#3385,#1476,.T.);
#5653=EDGE_CURVE('',#3385,#3386,#1480,.T.);
#5655=EDGE_CURVE('',#3386,#3645,#1484,.T.);
#5666=EDGE_CURVE('',#3650,#3397,#1492,.T.);
#5668=EDGE_CURVE('',#3397,#3398,#1496,.T.);
#5670=EDGE_CURVE('',#3398,#3649,#1500,.T.);
#5681=EDGE_CURVE('',#3653,#3389,#1508,.T.);
#5683=EDGE_CURVE('',#3389,#3390,#1513,.T.);
#5685=EDGE_CURVE('',#3390,#3442,#1517,.T.);
#5688=EDGE_CURVE('',#3441,#3381,#1521,.T.);
#5690=EDGE_CURVE('',#3381,#3382,#1526,.T.);
#5692=EDGE_CURVE('',#3382,#3654,#1530,.T.);
#5703=EDGE_CURVE('',#3657,#3401,#1538,.T.);
#5705=EDGE_CURVE('',#3401,#3402,#1543,.T.);
#5707=EDGE_CURVE('',#3402,#3438,#1547,.T.);
#5710=EDGE_CURVE('',#3437,#3393,#1551,.T.);
#5712=EDGE_CURVE('',#3393,#3394,#1556,.T.);
#5714=EDGE_CURVE('',#3394,#3658,#1560,.T.);
#5726=EDGE_CURVE('',#3460,#3405,#1564,.T.);
#5728=EDGE_CURVE('',#3373,#3405,#1684,.T.);
#5740=EDGE_CURVE('',#3406,#3462,#1568,.T.);
#5742=EDGE_CURVE('',#3405,#3406,#1572,.T.);
#5752=EDGE_CURVE('',#3464,#3409,#1576,.T.);
#5755=EDGE_CURVE('',#3410,#3466,#1580,.T.);
#5757=EDGE_CURVE('',#3409,#3410,#1584,.T.);
#5768=EDGE_CURVE('',#3418,#3661,#1592,.T.);
#5770=EDGE_CURVE('',#3417,#3418,#1596,.T.);
#5772=EDGE_CURVE('',#3662,#3417,#1600,.T.);
#5783=EDGE_CURVE('',#3430,#3665,#1608,.T.);
#5785=EDGE_CURVE('',#3429,#3430,#1612,.T.);
#5787=EDGE_CURVE('',#3666,#3429,#1616,.T.);
#5798=EDGE_CURVE('',#3414,#3670,#1624,.T.);
#5800=EDGE_CURVE('',#3413,#3414,#1629,.T.);
#5802=EDGE_CURVE('',#3449,#3413,#1633,.T.);
#5805=EDGE_CURVE('',#3422,#3450,#1637,.T.);
#5807=EDGE_CURVE('',#3421,#3422,#1642,.T.);
#5809=EDGE_CURVE('',#3669,#3421,#1646,.T.);
#5820=EDGE_CURVE('',#3426,#3674,#1654,.T.);
#5822=EDGE_CURVE('',#3425,#3426,#1659,.T.);
#5824=EDGE_CURVE('',#3445,#3425,#1663,.T.);
#5827=EDGE_CURVE('',#3434,#3446,#1667,.T.);
#5829=EDGE_CURVE('',#3433,#3434,#1672,.T.);
#5831=EDGE_CURVE('',#3673,#3433,#1676,.T.);
#5842=EDGE_CURVE('',#3374,#3406,#1680,.T.);
#5869=EDGE_CURVE('',#3377,#3409,#1688,.T.);
#5882=EDGE_CURVE('',#3378,#3410,#1692,.T.);
#5906=EDGE_CURVE('',#3386,#3418,#1700,.T.);
#5919=EDGE_CURVE('',#3389,#3421,#1728,.T.);
#5931=EDGE_CURVE('',#3385,#3417,#1708,.T.);
#5957=EDGE_CURVE('',#3382,#3414,#1720,.T.);
#5969=EDGE_CURVE('',#3381,#3413,#1724,.T.);
#5996=EDGE_CURVE('',#3390,#3422,#1732,.T.);
#6020=EDGE_CURVE('',#3398,#3430,#1740,.T.);
#6033=EDGE_CURVE('',#3401,#3433,#1768,.T.);
#6045=EDGE_CURVE('',#3397,#3429,#1748,.T.);
#6070=EDGE_CURVE('',#3394,#3426,#1756,.T.);
#6083=EDGE_CURVE('',#3393,#3425,#1764,.T.);
#6110=EDGE_CURVE('',#3402,#3434,#1772,.T.);
#6134=EDGE_CURVE('',#3481,#3513,#1788,.T.);
#6147=EDGE_CURVE('',#3478,#3510,#1784,.T.);
#6161=EDGE_CURVE('',#3482,#3514,#1796,.T.);
#6185=EDGE_CURVE('',#3485,#3517,#1804,.T.);
#6199=EDGE_CURVE('',#3486,#3518,#1808,.T.);
#6222=EDGE_CURVE('',#3477,#3509,#1812,.T.);
#6248=EDGE_CURVE('',#3493,#3525,#1828,.T.);
#6260=EDGE_CURVE('',#3490,#3522,#1820,.T.);
#6275=EDGE_CURVE('',#3494,#3526,#1836,.T.);
#6299=EDGE_CURVE('',#3497,#3529,#1844,.T.);
#6313=EDGE_CURVE('',#3498,#3530,#1848,.T.);
#6336=EDGE_CURVE('',#3489,#3521,#1852,.T.);
#6361=EDGE_CURVE('',#3717,#3721,#1856,.T.);
#6364=EDGE_CURVE('',#3718,#3722,#1860,.T.);
#6387=EDGE_CURVE('',#3725,#3729,#1864,.T.);
#6390=EDGE_CURVE('',#3726,#3730,#1868,.T.);
#6413=EDGE_CURVE('',#3733,#3737,#1872,.T.);
#6416=EDGE_CURVE('',#3734,#3738,#1876,.T.);
#6439=EDGE_CURVE('',#3745,#3746,#1894,.T.);
#6442=EDGE_CURVE('',#3741,#3742,#1890,.T.);
#6454=EDGE_CURVE('',#3569,#3577,#1902,.T.);
#6467=EDGE_CURVE('',#3566,#3574,#1898,.T.);
#6481=EDGE_CURVE('',#3570,#3578,#1910,.T.);
#6491=EDGE_CURVE('',#3709,#3710,#1906,.T.);
#6504=EDGE_CURVE('',#3713,#3714,#1914,.T.);
#6507=EDGE_CURVE('',#3565,#3573,#1928,.T.);
#6543=EDGE_CURVE('',#3189,#3221,#1932,.T.);
#6570=EDGE_CURVE('',#3198,#3230,#1940,.T.);
#6592=EDGE_CURVE('',#3103,#3104,#1948,.T.);
#6594=EDGE_CURVE('',#3103,#3025,#1944,.T.);
#6597=EDGE_CURVE('',#3104,#3026,#2108,.T.);
#6608=EDGE_CURVE('',#3104,#3114,#2104,.T.);
#6610=EDGE_CURVE('',#3113,#3114,#1952,.T.);
#6612=EDGE_CURVE('',#3113,#2901,#2746,.T.);
#6614=EDGE_CURVE('',#2906,#2901,#2196,.T.);
#6616=EDGE_CURVE('',#3138,#2906,#1956,.T.);
#6618=EDGE_CURVE('',#3138,#3131,#1960,.T.);
#6620=EDGE_CURVE('',#3131,#3127,#2004,.T.);
#6622=EDGE_CURVE('',#3127,#3121,#1964,.T.);
#6624=EDGE_CURVE('',#3121,#3103,#1984,.T.);
#6634=EDGE_CURVE('',#3104,#3106,#1968,.T.);
#6636=EDGE_CURVE('',#3106,#3109,#1972,.T.);
#6638=EDGE_CURVE('',#3109,#3110,#1976,.T.);
#6640=EDGE_CURVE('',#3103,#3110,#1980,.T.);
#6643=EDGE_CURVE('',#3121,#3122,#1988,.T.);
#6645=EDGE_CURVE('',#3122,#3124,#1992,.T.);
#6647=EDGE_CURVE('',#3124,#3128,#1996,.T.);
#6649=EDGE_CURVE('',#3127,#3128,#2000,.T.);
#6652=EDGE_CURVE('',#3131,#3132,#2008,.T.);
#6654=EDGE_CURVE('',#3132,#3134,#2012,.T.);
#6656=EDGE_CURVE('',#3136,#3134,#2016,.T.);
#6658=EDGE_CURVE('',#3142,#3136,#2020,.T.);
#6660=EDGE_CURVE('',#3142,#3144,#2024,.T.);
#6662=EDGE_CURVE('',#3144,#3146,#2028,.T.);
#6664=EDGE_CURVE('',#3146,#3148,#2032,.T.);
#6666=EDGE_CURVE('',#3158,#3148,#2036,.T.);
#6668=EDGE_CURVE('',#3158,#3151,#2040,.T.);
#6670=EDGE_CURVE('',#3151,#3152,#2044,.T.);
#6672=EDGE_CURVE('',#3152,#3154,#2048,.T.);
#6674=EDGE_CURVE('',#3156,#3154,#2052,.T.);
#6676=EDGE_CURVE('',#3161,#3156,#2056,.T.);
#6678=EDGE_CURVE('',#3161,#3162,#2060,.T.);
#6680=EDGE_CURVE('',#3162,#3164,#2064,.T.);
#6682=EDGE_CURVE('',#3166,#3164,#2068,.T.);
#6684=EDGE_CURVE('',#3166,#3168,#2072,.T.);
#6686=EDGE_CURVE('',#3178,#3168,#2076,.T.);
#6688=EDGE_CURVE('',#3178,#3171,#2080,.T.);
#6690=EDGE_CURVE('',#3171,#3172,#2084,.T.);
#6692=EDGE_CURVE('',#3174,#3172,#2088,.T.);
#6694=EDGE_CURVE('',#3116,#3174,#2092,.T.);
#6696=EDGE_CURVE('',#3116,#3118,#2096,.T.);
#6698=EDGE_CURVE('',#3114,#3118,#2100,.T.);
#6712=EDGE_CURVE('',#3106,#3028,#2112,.T.);
#6725=EDGE_CURVE('',#3109,#3031,#2116,.T.);
#6738=EDGE_CURVE('',#3110,#3032,#2120,.T.);
#6761=EDGE_CURVE('',#3121,#3043,#2124,.T.);
#6764=EDGE_CURVE('',#3122,#3044,#2140,.T.);
#6775=EDGE_CURVE('',#3127,#3050,#2128,.T.);
#6788=EDGE_CURVE('',#3128,#3049,#2132,.T.);
#6801=EDGE_CURVE('',#3124,#3046,#2136,.T.);
#6826=EDGE_CURVE('',#3131,#3053,#2144,.T.);
#6829=EDGE_CURVE('',#3132,#3054,#2870,.T.);
#6840=EDGE_CURVE('',#3138,#3060,#2148,.T.);
#6852=EDGE_CURVE('',#3138,#3136,#2156,.T.);
#6854=EDGE_CURVE('',#3136,#3058,#2152,.T.);
#6868=EDGE_CURVE('',#2904,#2906,#2192,.T.);
#6870=EDGE_CURVE('',#3141,#2904,#2160,.T.);
#6872=EDGE_CURVE('',#3141,#3142,#2164,.T.);
#6883=EDGE_CURVE('',#2873,#2874,#2168,.T.);
#6885=EDGE_CURVE('',#2878,#2873,#2172,.T.);
#6887=EDGE_CURVE('',#2876,#2878,#2176,.T.);
#6889=EDGE_CURVE('',#2874,#2876,#2180,.T.);
#6893=EDGE_CURVE('',#2901,#2902,#2184,.T.);
#6895=EDGE_CURVE('',#2902,#2904,#2188,.T.);
#6907=EDGE_CURVE('',#2889,#2890,#2201,.T.);
#6909=EDGE_CURVE('',#2890,#2873,#2205,.T.);
#6912=EDGE_CURVE('',#2880,#2874,#2313,.T.);
#6915=EDGE_CURVE('',#2885,#2892,#2209,.T.);
#6917=EDGE_CURVE('',#2889,#2892,#2213,.T.);
#6927=EDGE_CURVE('',#3756,#3749,#2234,.T.);
#6929=EDGE_CURVE('',#2895,#3756,#2606,.T.);
#6931=EDGE_CURVE('',#2895,#2896,#2619,.T.);
#6933=EDGE_CURVE('',#3749,#2896,#2537,.T.);
#6943=EDGE_CURVE('',#3758,#3753,#2509,.T.);
#6945=EDGE_CURVE('',#2890,#3753,#2545,.T.);
#6948=EDGE_CURVE('',#3758,#2889,#2614,.T.);
#6959=EDGE_CURVE('',#2910,#2920,#2217,.T.);
#6961=EDGE_CURVE('',#2920,#2916,#2221,.T.);
#6963=EDGE_CURVE('',#2909,#2916,#2317,.T.);
#6973=EDGE_CURVE('',#3749,#3750,#2533,.T.);
#6975=EDGE_CURVE('',#3750,#3764,#2225,.T.);
#6977=EDGE_CURVE('',#3764,#3760,#2229,.T.);
#6979=EDGE_CURVE('',#3756,#3760,#2602,.T.);
#6990=EDGE_CURVE('',#2945,#2946,#2238,.T.);
#6992=EDGE_CURVE('',#2929,#2945,#2476,.T.);
#6994=EDGE_CURVE('',#2929,#2930,#2242,.T.);
#6996=EDGE_CURVE('',#2930,#2934,#2246,.T.);
#6998=EDGE_CURVE('',#2933,#2934,#2250,.T.);
#7000=EDGE_CURVE('',#2920,#2933,#2464,.T.);
#7004=EDGE_CURVE('',#2914,#2922,#2504,.T.);
#7006=EDGE_CURVE('',#2949,#2922,#2484,.T.);
#7008=EDGE_CURVE('',#2949,#2950,#2254,.T.);
#7010=EDGE_CURVE('',#2946,#2950,#2258,.T.);
#7020=EDGE_CURVE('',#2941,#2991,#2262,.T.);
#7022=EDGE_CURVE('',#2991,#3020,#2656,.T.);
#7024=EDGE_CURVE('',#3020,#3022,#2720,.T.);
#7026=EDGE_CURVE('',#3018,#3022,#2703,.T.);
#7028=EDGE_CURVE('',#3016,#3018,#2690,.T.);
#7030=EDGE_CURVE('',#2998,#3016,#2266,.T.);
#7032=EDGE_CURVE('',#2998,#2952,#2270,.T.);
#7034=EDGE_CURVE('',#2945,#2952,#2468,.T.);
#7037=EDGE_CURVE('',#2946,#2941,#2274,.T.);
#7047=EDGE_CURVE('',#2957,#2958,#2278,.T.);
#7049=EDGE_CURVE('',#2958,#2960,#2283,.T.);
#7051=EDGE_CURVE('',#2960,#2926,#2456,.T.);
#7053=EDGE_CURVE('',#2925,#2926,#2444,.T.);
#7055=EDGE_CURVE('',#2957,#2925,#2375,.T.);
#7065=EDGE_CURVE('',#2991,#2992,#2287,.T.);
#7068=EDGE_CURVE('',#2941,#2942,#2291,.T.);
#7070=EDGE_CURVE('',#2942,#2994,#2488,.T.);
#7072=EDGE_CURVE('',#2992,#2994,#2296,.T.);
#7082=EDGE_CURVE('',#2994,#2996,#2301,.T.);
#7084=EDGE_CURVE('',#2994,#2954,#2496,.T.);
#7086=EDGE_CURVE('',#2918,#2954,#2305,.T.);
#7088=EDGE_CURVE('',#2913,#2918,#2309,.T.);
#7093=EDGE_CURVE('',#2882,#2876,#2631,.T.);
#7097=EDGE_CURVE('',#2938,#2916,#2321,.T.);
#7099=EDGE_CURVE('',#2938,#2960,#2448,.T.);
#7101=EDGE_CURVE('',#2960,#2962,#2326,.T.);
#7103=EDGE_CURVE('',#2962,#2964,#2330,.T.);
#7105=EDGE_CURVE('',#2936,#2964,#2367,.T.);
#7107=EDGE_CURVE('',#2952,#2936,#2334,.T.);
#7110=EDGE_CURVE('',#2996,#2998,#2338,.T.);
#7120=EDGE_CURVE('',#2982,#2980,#2350,.T.);
#7122=EDGE_CURVE('',#2980,#2968,#2342,.T.);
#7124=EDGE_CURVE('',#2968,#2971,#2396,.T.);
#7126=EDGE_CURVE('',#2958,#2971,#2387,.T.);
#7129=EDGE_CURVE('',#2957,#2982,#2346,.T.);
#7140=EDGE_CURVE('',#2982,#2984,#2354,.T.);
#7142=EDGE_CURVE('',#2984,#2976,#2358,.T.);
#7144=EDGE_CURVE('',#2980,#2976,#2363,.T.);
#7155=EDGE_CURVE('',#2964,#2986,#2371,.T.);
#7157=EDGE_CURVE('',#2986,#2988,#2440,.T.);
#7159=EDGE_CURVE('',#2988,#2984,#2423,.T.);
#7164=EDGE_CURVE('',#2925,#2930,#2379,.T.);
#7167=EDGE_CURVE('',#2929,#2936,#2472,.T.);
#7177=EDGE_CURVE('',#2962,#2972,#2383,.T.);
#7179=EDGE_CURVE('',#2972,#2967,#2405,.T.);
#7181=EDGE_CURVE('',#2979,#2967,#2409,.T.);
#7183=EDGE_CURVE('',#2979,#2986,#2427,.T.);
#7195=EDGE_CURVE('',#2971,#2972,#2392,.T.);
#7211=EDGE_CURVE('',#2967,#2968,#2401,.T.);
#7222=EDGE_CURVE('',#2979,#2980,#2419,.T.);
#7235=EDGE_CURVE('',#2975,#2976,#2414,.T.);
#7237=EDGE_CURVE('',#2979,#2975,#2432,.T.);
#7249=EDGE_CURVE('',#2975,#2988,#2436,.T.);
#7277=EDGE_CURVE('',#2926,#2934,#2452,.T.);
#7288=EDGE_CURVE('',#2933,#2938,#2460,.T.);
#7325=EDGE_CURVE('',#2949,#2954,#2480,.T.);
#7328=EDGE_CURVE('',#2922,#2918,#2500,.T.);
#7340=EDGE_CURVE('',#2950,#2942,#2492,.T.);
#7377=EDGE_CURVE('',#3753,#3754,#2549,.T.);
#7380=EDGE_CURVE('',#3758,#3762,#2610,.T.);
#7382=EDGE_CURVE('',#3766,#3762,#2513,.T.);
#7384=EDGE_CURVE('',#3754,#3766,#2517,.T.);
#7394=EDGE_CURVE('',#3754,#3784,#2521,.T.);
#7396=EDGE_CURVE('',#3770,#3784,#2570,.T.);
#7398=EDGE_CURVE('',#3770,#3774,#2525,.T.);
#7400=EDGE_CURVE('',#3774,#3786,#2635,.T.);
#7402=EDGE_CURVE('',#3786,#3750,#2529,.T.);
#7406=EDGE_CURVE('',#2896,#2878,#2541,.T.);
#7420=EDGE_CURVE('',#3784,#3777,#2553,.T.);
#7424=EDGE_CURVE('',#3777,#3766,#2578,.T.);
#7434=EDGE_CURVE('',#3786,#3781,#2557,.T.);
#7436=EDGE_CURVE('',#3764,#3781,#2590,.T.);
#7448=EDGE_CURVE('',#3777,#3778,#2574,.T.);
#7450=EDGE_CURVE('',#3778,#3769,#2561,.T.);
#7452=EDGE_CURVE('',#3769,#3770,#2566,.T.);
#7467=EDGE_CURVE('',#3762,#2892,#2582,.T.);
#7471=EDGE_CURVE('',#2886,#2898,#2627,.T.);
#7473=EDGE_CURVE('',#2898,#3760,#2586,.T.);
#7477=EDGE_CURVE('',#3781,#3782,#2594,.T.);
#7479=EDGE_CURVE('',#3778,#3782,#2598,.T.);
#7491=EDGE_CURVE('',#2895,#2898,#2623,.T.);
#7532=EDGE_CURVE('',#3773,#3774,#2640,.T.);
#7534=EDGE_CURVE('',#3782,#3773,#2644,.T.);
#7545=EDGE_CURVE('',#3769,#3773,#2648,.T.);
#7569=EDGE_CURVE('',#2992,#3005,#2660,.T.);
#7571=EDGE_CURVE('',#3002,#3005,#2678,.T.);
#7573=EDGE_CURVE('',#3013,#3002,#2652,.T.);
#7575=EDGE_CURVE('',#3013,#3020,#2707,.T.);
#7587=EDGE_CURVE('',#3005,#3006,#2665,.T.);
#7592=EDGE_CURVE('',#2996,#3006,#2682,.T.);
#7603=EDGE_CURVE('',#3006,#3001,#2669,.T.);
#7605=EDGE_CURVE('',#3001,#3002,#2674,.T.);
#7616=EDGE_CURVE('',#3016,#3014,#2686,.T.);
#7618=EDGE_CURVE('',#3014,#3001,#2734,.T.);
#7634=EDGE_CURVE('',#3018,#3010,#2694,.T.);
#7636=EDGE_CURVE('',#3014,#3010,#2699,.T.);
#7646=EDGE_CURVE('',#3009,#3022,#2716,.T.);
#7648=EDGE_CURVE('',#3009,#3010,#2725,.T.);
#7661=EDGE_CURVE('',#3013,#3009,#2712,.T.);
#7675=EDGE_CURVE('',#3013,#3014,#2730,.T.);
#7698=EDGE_CURVE('',#3113,#3116,#2738,.T.);
#7701=EDGE_CURVE('',#3176,#3174,#2742,.T.);
#7703=EDGE_CURVE('',#3176,#2902,#2790,.T.);
#7716=EDGE_CURVE('',#3113,#3036,#2750,.T.);
#7719=EDGE_CURVE('',#3116,#3038,#2762,.T.);
#7730=EDGE_CURVE('',#3114,#3035,#2754,.T.);
#7743=EDGE_CURVE('',#3118,#3040,#2758,.T.);
#7768=EDGE_CURVE('',#3174,#3096,#2766,.T.);
#7771=EDGE_CURVE('',#3176,#3098,#2782,.T.);
#7782=EDGE_CURVE('',#3172,#3094,#2770,.T.);
#7795=EDGE_CURVE('',#3171,#3093,#2774,.T.);
#7808=EDGE_CURVE('',#3178,#3100,#2778,.T.);
#7820=EDGE_CURVE('',#3176,#3178,#2794,.T.);
#7833=EDGE_CURVE('',#3141,#3148,#2786,.T.);
#7840=EDGE_CURVE('',#3168,#3161,#2798,.T.);
#7843=EDGE_CURVE('',#3156,#3158,#2802,.T.);
#7855=EDGE_CURVE('',#3148,#3070,#2806,.T.);
#7858=EDGE_CURVE('',#3141,#3063,#2822,.T.);
#7869=EDGE_CURVE('',#3146,#3068,#2810,.T.);
#7882=EDGE_CURVE('',#3144,#3066,#2814,.T.);
#7895=EDGE_CURVE('',#3142,#3064,#2818,.T.);
#7920=EDGE_CURVE('',#3168,#3090,#2826,.T.);
#7923=EDGE_CURVE('',#3161,#3083,#2842,.T.);
#7934=EDGE_CURVE('',#3166,#3088,#2830,.T.);
#7947=EDGE_CURVE('',#3164,#3086,#2834,.T.);
#7960=EDGE_CURVE('',#3162,#3084,#2838,.T.);
#7985=EDGE_CURVE('',#3156,#3078,#2846,.T.);
#7988=EDGE_CURVE('',#3158,#3080,#2862,.T.);
#7999=EDGE_CURVE('',#3154,#3076,#2850,.T.);
#8012=EDGE_CURVE('',#3152,#3074,#2854,.T.);
#8025=EDGE_CURVE('',#3151,#3073,#2858,.T.);
#8050=EDGE_CURVE('',#3134,#3056,#2866,.T.);
#8079=CIRCLE('',#8078,1.5E0);
#8080=TRIMMED_CURVE('',#8079,(PARAMETER_VALUE(0.E0)),(PARAMETER_VALUE(1.8E2)),
.T.,.UNSPECIFIED.);
#8081=COMPOSITE_CURVE_SEGMENT(.CONTINUOUS.,.T.,#8080);
#8086=CIRCLE('',#8085,1.5E0);
#8087=TRIMMED_CURVE('',#8086,(PARAMETER_VALUE(0.E0)),(PARAMETER_VALUE(1.8E2)),
.T.,.UNSPECIFIED.);
#8088=COMPOSITE_CURVE_SEGMENT(.CONTINUOUS.,.T.,#8087);
#8089=COMPOSITE_CURVE('',(#8081,#8088),.F.);
#8095=CIRCLE('',#8094,1.5E0);
#8096=TRIMMED_CURVE('',#8095,(PARAMETER_VALUE(0.E0)),(PARAMETER_VALUE(1.8E2)),
.T.,.UNSPECIFIED.);
#8097=COMPOSITE_CURVE_SEGMENT(.CONTINUOUS.,.T.,#8096);
#8102=CIRCLE('',#8101,1.5E0);
#8103=TRIMMED_CURVE('',#8102,(PARAMETER_VALUE(0.E0)),(PARAMETER_VALUE(1.8E2)),
.T.,.UNSPECIFIED.);
#8104=COMPOSITE_CURVE_SEGMENT(.CONTINUOUS.,.T.,#8103);
#8105=COMPOSITE_CURVE('',(#8097,#8104),.F.);
#8110=CIRCLE('',#8109,5.1E-1);
#8111=TRIMMED_CURVE('',#8110,(PARAMETER_VALUE(0.E0)),(PARAMETER_VALUE(1.8E2)),
.T.,.UNSPECIFIED.);
#8112=COMPOSITE_CURVE_SEGMENT(.CONTINUOUS.,.T.,#8111);
#8117=CIRCLE('',#8116,5.1E-1);
#8118=TRIMMED_CURVE('',#8117,(PARAMETER_VALUE(0.E0)),(PARAMETER_VALUE(1.8E2)),
.T.,.UNSPECIFIED.);
#8119=COMPOSITE_CURVE_SEGMENT(.CONTINUOUS.,.T.,#8118);
#8120=COMPOSITE_CURVE('',(#8112,#8119),.F.);
#8125=CIRCLE('',#8124,5.1E-1);
#8126=TRIMMED_CURVE('',#8125,(PARAMETER_VALUE(0.E0)),(PARAMETER_VALUE(1.8E2)),
.T.,.UNSPECIFIED.);
#8127=COMPOSITE_CURVE_SEGMENT(.CONTINUOUS.,.T.,#8126);
#8132=CIRCLE('',#8131,5.1E-1);
#8133=TRIMMED_CURVE('',#8132,(PARAMETER_VALUE(0.E0)),(PARAMETER_VALUE(1.8E2)),
.T.,.UNSPECIFIED.);
#8134=COMPOSITE_CURVE_SEGMENT(.CONTINUOUS.,.T.,#8133);
#8135=COMPOSITE_CURVE('',(#8127,#8134),.F.);
#8140=CIRCLE('',#8139,5.1E-1);
#8141=TRIMMED_CURVE('',#8140,(PARAMETER_VALUE(0.E0)),(PARAMETER_VALUE(1.8E2)),
.T.,.UNSPECIFIED.);
#8142=COMPOSITE_CURVE_SEGMENT(.CONTINUOUS.,.T.,#8141);
#8147=CIRCLE('',#8146,5.1E-1);
#8148=TRIMMED_CURVE('',#8147,(PARAMETER_VALUE(0.E0)),(PARAMETER_VALUE(1.8E2)),
.T.,.UNSPECIFIED.);
#8149=COMPOSITE_CURVE_SEGMENT(.CONTINUOUS.,.T.,#8148);
#8150=COMPOSITE_CURVE('',(#8142,#8149),.F.);
#8155=CIRCLE('',#8154,5.1E-1);
#8156=TRIMMED_CURVE('',#8155,(PARAMETER_VALUE(0.E0)),(PARAMETER_VALUE(1.8E2)),
.T.,.UNSPECIFIED.);
#8157=COMPOSITE_CURVE_SEGMENT(.CONTINUOUS.,.T.,#8156);
#8162=CIRCLE('',#8161,5.1E-1);
#8163=TRIMMED_CURVE('',#8162,(PARAMETER_VALUE(0.E0)),(PARAMETER_VALUE(1.8E2)),
.T.,.UNSPECIFIED.);
#8164=COMPOSITE_CURVE_SEGMENT(.CONTINUOUS.,.T.,#8163);
#8165=COMPOSITE_CURVE('',(#8157,#8164),.F.);
#8170=CIRCLE('',#8169,5.1E-1);
#8171=TRIMMED_CURVE('',#8170,(PARAMETER_VALUE(0.E0)),(PARAMETER_VALUE(1.8E2)),
.T.,.UNSPECIFIED.);
#8172=COMPOSITE_CURVE_SEGMENT(.CONTINUOUS.,.T.,#8171);
#8177=CIRCLE('',#8176,5.1E-1);
#8178=TRIMMED_CURVE('',#8177,(PARAMETER_VALUE(0.E0)),(PARAMETER_VALUE(1.8E2)),
.T.,.UNSPECIFIED.);
#8179=COMPOSITE_CURVE_SEGMENT(.CONTINUOUS.,.T.,#8178);
#8180=COMPOSITE_CURVE('',(#8172,#8179),.F.);
#8185=CIRCLE('',#8184,5.1E-1);
#8186=TRIMMED_CURVE('',#8185,(PARAMETER_VALUE(0.E0)),(PARAMETER_VALUE(1.8E2)),
.T.,.UNSPECIFIED.);
#8187=COMPOSITE_CURVE_SEGMENT(.CONTINUOUS.,.T.,#8186);
#8192=CIRCLE('',#8191,5.1E-1);
#8193=TRIMMED_CURVE('',#8192,(PARAMETER_VALUE(0.E0)),(PARAMETER_VALUE(1.8E2)),
.T.,.UNSPECIFIED.);
#8194=COMPOSITE_CURVE_SEGMENT(.CONTINUOUS.,.T.,#8193);
#8195=COMPOSITE_CURVE('',(#8187,#8194),.F.);
#8200=CIRCLE('',#8199,5.1E-1);
#8201=TRIMMED_CURVE('',#8200,(PARAMETER_VALUE(0.E0)),(PARAMETER_VALUE(1.8E2)),
.T.,.UNSPECIFIED.);
#8202=COMPOSITE_CURVE_SEGMENT(.CONTINUOUS.,.T.,#8201);
#8207=CIRCLE('',#8206,5.1E-1);
#8208=TRIMMED_CURVE('',#8207,(PARAMETER_VALUE(0.E0)),(PARAMETER_VALUE(1.8E2)),
.T.,.UNSPECIFIED.);
#8209=COMPOSITE_CURVE_SEGMENT(.CONTINUOUS.,.T.,#8208);
#8210=COMPOSITE_CURVE('',(#8202,#8209),.F.);
#8215=CIRCLE('',#8214,5.1E-1);
#8216=TRIMMED_CURVE('',#8215,(PARAMETER_VALUE(0.E0)),(PARAMETER_VALUE(1.8E2)),
.T.,.UNSPECIFIED.);
#8217=COMPOSITE_CURVE_SEGMENT(.CONTINUOUS.,.T.,#8216);
#8222=CIRCLE('',#8221,5.1E-1);
#8223=TRIMMED_CURVE('',#8222,(PARAMETER_VALUE(0.E0)),(PARAMETER_VALUE(1.8E2)),
.T.,.UNSPECIFIED.);
#8224=COMPOSITE_CURVE_SEGMENT(.CONTINUOUS.,.T.,#8223);
#8225=COMPOSITE_CURVE('',(#8217,#8224),.F.);
#8230=TRIMMED_CURVE('A_2',#8229,(PARAMETER_VALUE(0.E0)),(PARAMETER_VALUE(1.E0)),
.T.,.UNSPECIFIED.);
#8235=TRIMMED_CURVE('A_39',#8234,(PARAMETER_VALUE(0.E0)),(PARAMETER_VALUE
(1.E0)),.T.,.UNSPECIFIED.);
#8240=TRIMMED_CURVE('A_40',#8239,(PARAMETER_VALUE(0.E0)),(PARAMETER_VALUE
(1.E0)),.T.,.UNSPECIFIED.);
#8245=TRIMMED_CURVE('A_41',#8244,(PARAMETER_VALUE(0.E0)),(PARAMETER_VALUE
(1.E0)),.T.,.UNSPECIFIED.);
#8250=TRIMMED_CURVE('A_42',#8249,(PARAMETER_VALUE(0.E0)),(PARAMETER_VALUE
(1.E0)),.T.,.UNSPECIFIED.);
#8251=(LENGTH_UNIT()NAMED_UNIT(*)SI_UNIT(.MILLI.,.METRE.));
#8253=(NAMED_UNIT(*)PLANE_ANGLE_UNIT()SI_UNIT($,.RADIAN.));
#8256=(NAMED_UNIT(*)SI_UNIT($,.STERADIAN.)SOLID_ANGLE_UNIT());
#8259=ADVANCED_BREP_SHAPE_REPRESENTATION('',(#8070),#8258);
#8260=GEOMETRICALLY_BOUNDED_SURFACE_SHAPE_REPRESENTATION('',(#8090),#8258);
#8261=SHAPE_REPRESENTATION('',(#8074),#8258);
#8270=PRODUCT_DEFINITION('design','',#8269,#8266);
#8271=PRODUCT_DEFINITION_SHAPE('','SHAPE FOR 444280802.',#8270);
#8272=SHAPE_DEFINITION_REPRESENTATION(#8271,#8261);
ENDSEC;
END-ISO-10303-21;
