ISO-10303-21;
HEADER;
FILE_DESCRIPTION (( 'STEP AP214' ),
    '1' );
FILE_NAME ('AMRU00060630220MA1.STEP',
    '2023-11-06T10:02:44',
    ( '' ),
    ( '' ),
    'SwSTEP 2.0',
    'SolidWorks 2021',
    '' );
FILE_SCHEMA (( 'AUTOMOTIVE_DESIGN' ));
ENDSEC;

DATA;
#1 =( NAMED_UNIT ( * ) SI_UNIT ( $, .STERADIAN. ) SOLID_ANGLE_UNIT ( ) );
#2 = CARTESIAN_POINT ( 'NONE',  ( -1.800000000000000488, 0.2500000000000002220, 1.600000000000000089 ) ) ;
#3 = EDGE_LOOP ( 'NONE', ( #727, #478, #801, #471, #353, #579 ) ) ;
#4 = ADVANCED_FACE ( 'NONE', ( #987 ), #1318, .T. ) ;
#5 = CARTESIAN_POINT ( 'NONE',  ( -3.400000000000000355, 0.2500000000000000000, -1.500000000000000000 ) ) ;
#6 = PRESENTATION_LAYER_ASSIGNMENT (  '', '', ( #448 ) ) ;
#7 = UNCERTAINTY_MEASURE_WITH_UNIT (LENGTH_MEASURE( 1.000000000000000082E-05 ), #1029, 'distance_accuracy_value', 'NONE');
#8 = AXIS2_PLACEMENT_3D ( 'NONE', #666, #324, #1219 ) ;
#9 = FACE_OUTER_BOUND ( 'NONE', #31, .T. ) ;
#10 = DIRECTION ( 'NONE',  ( 0.000000000000000000, 1.000000000000000000, -0.000000000000000000 ) ) ;
#11 = VERTEX_POINT ( 'NONE', #1416 ) ;
#12 = AXIS2_PLACEMENT_3D ( 'NONE', #981, #1308, #321 ) ;
#13 = CARTESIAN_POINT ( 'NONE',  ( 3.149999999999999023, 2.549999999999999822, 3.149999999999999023 ) ) ;
#14 = STYLED_ITEM ( 'NONE', ( #1250 ), #293 ) ;
#15 = CARTESIAN_POINT ( 'NONE',  ( 1.900000000000000133, 0.000000000000000000, -1.500000000000000000 ) ) ;
#16 = VERTEX_POINT ( 'NONE', #518 ) ;
#17 = DIRECTION ( 'NONE',  ( -1.000000000000000000, 0.000000000000000000, 0.000000000000000000 ) ) ;
#18 = CARTESIAN_POINT ( 'NONE',  ( 3.149999999999999911, 0.8000000000000000444, -1.500000000000000000 ) ) ;
#19 = ORIENTED_EDGE ( 'NONE', *, *, #276, .T. ) ;
#20 = FILL_AREA_STYLE_COLOUR ( '', #672 ) ;
#21 = ORIENTED_EDGE ( 'NONE', *, *, #1195, .T. ) ;
#22 = DIRECTION ( 'NONE',  ( 0.000000000000000000, -1.000000000000000000, 0.000000000000000000 ) ) ;
#23 = LINE ( 'NONE', #1059, #1387 ) ;
#24 = ORIENTED_EDGE ( 'NONE', *, *, #420, .T. ) ;
#25 = EDGE_LOOP ( 'NONE', ( #349, #1030, #42, #824 ) ) ;
#26 = SURFACE_STYLE_USAGE ( .BOTH. , #817 ) ;
#27 = VECTOR ( 'NONE', #205, 1000.000000000000000 ) ;
#28 = VECTOR ( 'NONE', #602, 1000.000000000000000 ) ;
#29 = DIRECTION ( 'NONE',  ( 1.000000000000000000, 0.000000000000000000, 0.000000000000000000 ) ) ;
#30 = AXIS2_PLACEMENT_3D ( 'NONE', #749, #1190, #409 ) ;
#31 = EDGE_LOOP ( 'NONE', ( #1291, #1354, #1418, #1391, #214, #724 ) ) ;
#32 = CIRCLE ( 'NONE', #407, 0.2499999999999997780 ) ;
#33 = EDGE_CURVE ( 'NONE', #459, #1352, #528, .T. ) ;
#34 = DIRECTION ( 'NONE',  ( 1.000000000000000000, 0.000000000000000000, 0.000000000000000000 ) ) ;
#35 =( GEOMETRIC_REPRESENTATION_CONTEXT ( 3 ) GLOBAL_UNCERTAINTY_ASSIGNED_CONTEXT ( ( #1006 ) ) GLOBAL_UNIT_ASSIGNED_CONTEXT ( ( #323, #773, #1405 ) ) REPRESENTATION_CONTEXT ( 'NONE', 'WORKASPACE' ) );
#36 = LINE ( 'NONE', #606, #1340 ) ;
#37 = ORIENTED_EDGE ( 'NONE', *, *, #481, .F. ) ;
#38 = VERTEX_POINT ( 'NONE', #775 ) ;
#39 = DIRECTION ( 'NONE',  ( -1.000000000000000000, -0.000000000000000000, -0.000000000000000000 ) ) ;
#40 = VERTEX_POINT ( 'NONE', #879 ) ;
#41 = COLOUR_RGB ( '',0.6666666666666666297, 0.6980392156862744724, 0.7686274509803920907 ) ;
#42 = ORIENTED_EDGE ( 'NONE', *, *, #1315, .T. ) ;
#43 = SURFACE_STYLE_USAGE ( .BOTH. , #1164 ) ;
#44 = CARTESIAN_POINT ( 'NONE',  ( 3.400000000000000355, 0.8000000000000000444, -1.500000000000000000 ) ) ;
#45 = ORIENTED_EDGE ( 'NONE', *, *, #363, .T. ) ;
#46 = CARTESIAN_POINT ( 'NONE',  ( -3.149999999999999911, 0.2500000000000000000, -1.500000000000000000 ) ) ;
#47 = EDGE_CURVE ( 'NONE', #126, #1042, #766, .T. ) ;
#48 = VERTEX_POINT ( 'NONE', #1313 ) ;
#49 = LINE ( 'NONE', #610, #1004 ) ;
#50 = ADVANCED_FACE ( 'NONE', ( #873 ), #404, .F. ) ;
#51 =( NAMED_UNIT ( * ) SI_UNIT ( $, .STERADIAN. ) SOLID_ANGLE_UNIT ( ) );
#52 = EDGE_LOOP ( 'NONE', ( #992, #149, #580, #118 ) ) ;
#53 = LINE ( 'NONE', #190, #902 ) ;
#54 = CARTESIAN_POINT ( 'NONE',  ( -3.400000000000000355, 0.000000000000000000, 3.149999999999996803 ) ) ;
#55 = PLANE ( 'NONE',  #94 ) ;
#56 = ORIENTED_EDGE ( 'NONE', *, *, #1118, .T. ) ;
#57 = CARTESIAN_POINT ( 'NONE',  ( -1.800000000000000488, 0.2500000000000002220, -1.600000000000000089 ) ) ;
#58 = ORIENTED_EDGE ( 'NONE', *, *, #1201, .F. ) ;
#59 = EDGE_CURVE ( 'NONE', #930, #607, #1409, .T. ) ;
#60 =( NAMED_UNIT ( * ) SI_UNIT ( $, .STERADIAN. ) SOLID_ANGLE_UNIT ( ) );
#61 = MECHANICAL_DESIGN_GEOMETRIC_PRESENTATION_REPRESENTATION (  '', ( #88 ), #1180 ) ;
#62 = PRESENTATION_STYLE_ASSIGNMENT (( #1300 ) ) ;
#63 = STYLED_ITEM ( 'NONE', ( #874 ), #613 ) ;
#64 = CARTESIAN_POINT ( 'NONE',  ( 3.399999999999998579, 0.000000000000000000, -3.149999999999999023 ) ) ;
#65 = VECTOR ( 'NONE', #1415, 1000.000000000000000 ) ;
#66 = CARTESIAN_POINT ( 'NONE',  ( 1.800000000000000488, 0.2500000000000008882, 1.600000000000000089 ) ) ;
#67 = LINE ( 'NONE', #357, #564 ) ;
#68 = STYLED_ITEM ( 'NONE', ( #1353 ), #1237 ) ;
#69 =( GEOMETRIC_REPRESENTATION_CONTEXT ( 3 ) GLOBAL_UNCERTAINTY_ASSIGNED_CONTEXT ( ( #669 ) ) GLOBAL_UNIT_ASSIGNED_CONTEXT ( ( #546, #1434, #872 ) ) REPRESENTATION_CONTEXT ( 'NONE', 'WORKASPACE' ) );
#70 = CARTESIAN_POINT ( 'NONE',  ( 0.000000000000000000, 1.000000000000000000, -1.600000000000000089 ) ) ;
#71 = EDGE_LOOP ( 'NONE', ( #430, #162, #834, #272 ) ) ;
#72 = LINE ( 'NONE', #188, #112 ) ;
#73 = LINE ( 'NONE', #392, #1063 ) ;
#74 = EDGE_CURVE ( 'NONE', #274, #1246, #80, .T. ) ;
#75 = AXIS2_PLACEMENT_3D ( 'NONE', #212, #1403, #648 ) ;
#76 = VERTEX_POINT ( 'NONE', #1100 ) ;
#77 = LINE ( 'NONE', #496, #211 ) ;
#78 = EDGE_CURVE ( 'NONE', #838, #590, #301, .T. ) ;
#79 = FACE_OUTER_BOUND ( 'NONE', #264, .T. ) ;
#80 = LINE ( 'NONE', #410, #389 ) ;
#81 = DIRECTION ( 'NONE',  ( -0.000000000000000000, 0.000000000000000000, 1.000000000000000000 ) ) ;
#82 = DIRECTION ( 'NONE',  ( 0.000000000000000000, 0.000000000000000000, -1.000000000000000000 ) ) ;
#83 = EDGE_CURVE ( 'NONE', #1381, #156, #1082, .T. ) ;
#84 = DIRECTION ( 'NONE',  ( -1.000000000000000000, 0.000000000000000000, -0.000000000000000000 ) ) ;
#85 = DIRECTION ( 'NONE',  ( -1.000000000000000000, 0.000000000000000000, 0.000000000000000000 ) ) ;
#86 = FACE_OUTER_BOUND ( 'NONE', #245, .T. ) ;
#87 = PLANE ( 'NONE',  #1335 ) ;
#88 = STYLED_ITEM ( 'NONE', ( #977 ), #310 ) ;
#89 = ORIENTED_EDGE ( 'NONE', *, *, #754, .F. ) ;
#90 = DIRECTION ( 'NONE',  ( -7.709882115452476194E-16, 1.000000000000000000, 0.000000000000000000 ) ) ;
#91 = CIRCLE ( 'NONE', #833, 0.2500000000000002220 ) ;
#92 = VECTOR ( 'NONE', #859, 1000.000000000000000 ) ;
#93 = PLANE ( 'NONE',  #432 ) ;
#94 = AXIS2_PLACEMENT_3D ( 'NONE', #489, #578, #147 ) ;
#95 = CARTESIAN_POINT ( 'NONE',  ( 1.900000000000000133, -0.2500000000000000000, -1.500000000000000000 ) ) ;
#96 = COLOUR_RGB ( '',0.2980392156862745057, 0.2980392156862745057, 0.2980392156862745057 ) ;
#97 = ADVANCED_FACE ( 'NONE', ( #995 ), #641, .F. ) ;
#98 = ORIENTED_EDGE ( 'NONE', *, *, #1201, .T. ) ;
#99 = FILL_AREA_STYLE_COLOUR ( '', #273 ) ;
#100 = DIRECTION ( 'NONE',  ( -0.000000000000000000, 0.000000000000000000, 1.000000000000000000 ) ) ;
#101 = ORIENTED_EDGE ( 'NONE', *, *, #707, .F. ) ;
#102 = PRESENTATION_STYLE_ASSIGNMENT (( #1316 ) ) ;
#103 = SURFACE_SIDE_STYLE ('',( #655 ) ) ;
#104 = DIRECTION ( 'NONE',  ( -0.000000000000000000, -1.000000000000000000, 0.000000000000000000 ) ) ;
#105 = EDGE_CURVE ( 'NONE', #182, #274, #753, .T. ) ;
#106 = VERTEX_POINT ( 'NONE', #1090 ) ;
#107 = CARTESIAN_POINT ( 'NONE',  ( 3.149999999999999911, 1.000000000000000000, -1.600000000000000089 ) ) ;
#108 = VECTOR ( 'NONE', #483, 1000.000000000000000 ) ;
#109 = LINE ( 'NONE', #551, #1065 ) ;
#110 = EDGE_CURVE ( 'NONE', #684, #914, #418, .T. ) ;
#111 = DIRECTION ( 'NONE',  ( 1.000000000000000000, 0.000000000000000000, 0.000000000000000000 ) ) ;
#112 = VECTOR ( 'NONE', #1375, 1000.000000000000000 ) ;
#113 = PLANE ( 'NONE',  #405 ) ;
#114 = UNCERTAINTY_MEASURE_WITH_UNIT (LENGTH_MEASURE( 1.000000000000000082E-05 ), #1188, 'distance_accuracy_value', 'NONE');
#115 = UNCERTAINTY_MEASURE_WITH_UNIT (LENGTH_MEASURE( 1.000000000000000082E-05 ), #538, 'distance_accuracy_value', 'NONE');
#116 = ADVANCED_FACE ( 'NONE', ( #195 ), #742, .T. ) ;
#117 = SURFACE_STYLE_USAGE ( .BOTH. , #327 ) ;
#118 = ORIENTED_EDGE ( 'NONE', *, *, #1297, .T. ) ;
#119 = DIRECTION ( 'NONE',  ( 0.000000000000000000, 1.000000000000000000, -0.000000000000000000 ) ) ;
#120 =( NAMED_UNIT ( * ) PLANE_ANGLE_UNIT ( ) SI_UNIT ( $, .RADIAN. ) );
#121 =( NAMED_UNIT ( * ) PLANE_ANGLE_UNIT ( ) SI_UNIT ( $, .RADIAN. ) );
#122 = STYLED_ITEM ( 'NONE', ( #102 ), #434 ) ;
#123 = ORIENTED_EDGE ( 'NONE', *, *, #1330, .T. ) ;
#124 = SURFACE_STYLE_FILL_AREA ( #341 ) ;
#125 = MECHANICAL_DESIGN_GEOMETRIC_PRESENTATION_REPRESENTATION (  '', ( #1323 ), #1431 ) ;
#126 = VERTEX_POINT ( 'NONE', #848 ) ;
#127 = EDGE_CURVE ( 'NONE', #1324, #368, #611, .T. ) ;
#128 = CARTESIAN_POINT ( 'NONE',  ( 1.900000000000000133, 0.000000000000000000, 1.500000000000000000 ) ) ;
#129 = EDGE_LOOP ( 'NONE', ( #141, #805, #628, #1136 ) ) ;
#130 = FILL_AREA_STYLE_COLOUR ( '', #319 ) ;
#131 = LINE ( 'NONE', #18, #522 ) ;
#132 = ORIENTED_EDGE ( 'NONE', *, *, #33, .T. ) ;
#133 = CARTESIAN_POINT ( 'NONE',  ( -3.149999999999999911, 0.2500000000000000000, 1.500000000000000000 ) ) ;
#134 =( GEOMETRIC_REPRESENTATION_CONTEXT ( 3 ) GLOBAL_UNCERTAINTY_ASSIGNED_CONTEXT ( ( #1109 ) ) GLOBAL_UNIT_ASSIGNED_CONTEXT ( ( #944, #1172, #954 ) ) REPRESENTATION_CONTEXT ( 'NONE', 'WORKASPACE' ) );
#135 = CARTESIAN_POINT ( 'NONE',  ( 3.149999999999999911, 0.2500000000000013323, -1.600000000000000089 ) ) ;
#136 = EDGE_CURVE ( 'NONE', #1376, #838, #72, .T. ) ;
#137 = DIRECTION ( 'NONE',  ( 0.000000000000000000, 0.000000000000000000, 1.000000000000000000 ) ) ;
#138 = MANIFOLD_SOLID_BREP ( 'Thicken2', #750 ) ;
#139 = CARTESIAN_POINT ( 'NONE',  ( 3.149999999999998579, 0.000000000000000000, -3.150000000000000799 ) ) ;
#140 = SURFACE_SIDE_STYLE ('',( #1050 ) ) ;
#141 = ORIENTED_EDGE ( 'NONE', *, *, #693, .T. ) ;
#142 = PLANE ( 'NONE',  #690 ) ;
#143 = PRODUCT_RELATED_PRODUCT_CATEGORY ( 'part', '', ( #893 ) ) ;
#144 = PLANE ( 'NONE',  #712 ) ;
#145 = EDGE_LOOP ( 'NONE', ( #379, #291, #714, #651 ) ) ;
#146 = CARTESIAN_POINT ( 'NONE',  ( -3.650000000000000355, 0.8000000000000000444, 1.500000000000000000 ) ) ;
#147 = DIRECTION ( 'NONE',  ( 0.000000000000000000, -0.000000000000000000, -1.000000000000000000 ) ) ;
#148 = ORIENTED_EDGE ( 'NONE', *, *, #59, .T. ) ;
#149 = ORIENTED_EDGE ( 'NONE', *, *, #600, .F. ) ;
#150 = LINE ( 'NONE', #968, #716 ) ;
#151 = VERTEX_POINT ( 'NONE', #398 ) ;
#152 = SURFACE_STYLE_FILL_AREA ( #755 ) ;
#153 = VECTOR ( 'NONE', #802, 1000.000000000000000 ) ;
#154 = LINE ( 'NONE', #1132, #1259 ) ;
#155 = CIRCLE ( 'NONE', #1157, 0.2499999999999997780 ) ;
#156 = VERTEX_POINT ( 'NONE', #828 ) ;
#157 = PRESENTATION_LAYER_ASSIGNMENT (  '', '', ( #1361 ) ) ;
#158 =( LENGTH_UNIT ( ) NAMED_UNIT ( * ) SI_UNIT ( .MILLI., .METRE. ) );
#159 = SURFACE_SIDE_STYLE ('',( #261 ) ) ;
#160 = ORIENTED_EDGE ( 'NONE', *, *, #530, .F. ) ;
#161 = EDGE_CURVE ( 'NONE', #547, #1167, #916, .T. ) ;
#162 = ORIENTED_EDGE ( 'NONE', *, *, #536, .F. ) ;
#163 = CARTESIAN_POINT ( 'NONE',  ( -3.400000000000000355, 0.000000000000000000, 1.600000000000000089 ) ) ;
#164 = FACE_OUTER_BOUND ( 'NONE', #342, .T. ) ;
#165 =( NAMED_UNIT ( * ) PLANE_ANGLE_UNIT ( ) SI_UNIT ( $, .RADIAN. ) );
#166 = EDGE_CURVE ( 'NONE', #326, #865, #582, .T. ) ;
#167 = ORIENTED_EDGE ( 'NONE', *, *, #1079, .F. ) ;
#168 = DIRECTION ( 'NONE',  ( 0.000000000000000000, 1.000000000000000000, -0.000000000000000000 ) ) ;
#169 = ORIENTED_EDGE ( 'NONE', *, *, #557, .T. ) ;
#170 = CARTESIAN_POINT ( 'NONE',  ( 1.900000000000000133, 0.000000000000000000, -1.500000000000000000 ) ) ;
#171 = DIRECTION ( 'NONE',  ( 0.000000000000000000, 0.000000000000000000, -1.000000000000000000 ) ) ;
#172 = FILL_AREA_STYLE_COLOUR ( '', #984 ) ;
#173 = CARTESIAN_POINT ( 'NONE',  ( -3.150000000000000799, 2.549999999999999822, -3.150000000000000799 ) ) ;
#174 = ORIENTED_EDGE ( 'NONE', *, *, #110, .T. ) ;
#175 = LINE ( 'NONE', #776, #1182 ) ;
#176 = PRESENTATION_LAYER_ASSIGNMENT (  '', '', ( #221 ) ) ;
#177 = FILL_AREA_STYLE_COLOUR ( '', #1414 ) ;
#178 = EDGE_CURVE ( 'NONE', #875, #1320, #552, .T. ) ;
#179 =( GEOMETRIC_REPRESENTATION_CONTEXT ( 3 ) GLOBAL_UNCERTAINTY_ASSIGNED_CONTEXT ( ( #330 ) ) GLOBAL_UNIT_ASSIGNED_CONTEXT ( ( #718, #953, #474 ) ) REPRESENTATION_CONTEXT ( 'NONE', 'WORKASPACE' ) );
#180 = PLANE ( 'NONE',  #204 ) ;
#181 = VECTOR ( 'NONE', #1105, 1000.000000000000000 ) ;
#182 = VERTEX_POINT ( 'NONE', #239 ) ;
#183 = CARTESIAN_POINT ( 'NONE',  ( -1.900000000000000133, 0.000000000000000000, 1.500000000000000000 ) ) ;
#184 = AXIS2_PLACEMENT_3D ( 'NONE', #442, #17, #1261 ) ;
#185 = MECHANICAL_DESIGN_GEOMETRIC_PRESENTATION_REPRESENTATION (  '', ( #1117 ), #887 ) ;
#186 = LINE ( 'NONE', #765, #449 ) ;
#187 = EDGE_LOOP ( 'NONE', ( #1163, #1252, #713, #1158 ) ) ;
#188 = CARTESIAN_POINT ( 'NONE',  ( 3.400000000000000355, -0.2499999999999988620, -1.500000000000000000 ) ) ;
#189 = CLOSED_SHELL ( 'NONE', ( #1386, #469, #620, #434, #371, #1237, #1256, #886 ) ) ;
#190 = CARTESIAN_POINT ( 'NONE',  ( 1.900000000000000133, 0.2500000000000000000, -1.500000000000000000 ) ) ;
#191 = VECTOR ( 'NONE', #1197, 1000.000000000000000 ) ;
#192 = EDGE_CURVE ( 'NONE', #198, #607, #694, .T. ) ;
#193 = CARTESIAN_POINT ( 'NONE',  ( 3.400000000000000355, 0.2500000000000011657, -1.500000000000000000 ) ) ;
#194 = DIRECTION ( 'NONE',  ( 0.000000000000000000, -1.000000000000000000, 0.000000000000000000 ) ) ;
#195 = FACE_OUTER_BOUND ( 'NONE', #1060, .T. ) ;
#196 = LINE ( 'NONE', #1091, #861 ) ;
#197 = FACE_OUTER_BOUND ( 'NONE', #1046, .T. ) ;
#198 = VERTEX_POINT ( 'NONE', #476 ) ;
#199 = SURFACE_STYLE_USAGE ( .BOTH. , #103 ) ;
#200 = LINE ( 'NONE', #627, #741 ) ;
#201 = CARTESIAN_POINT ( 'NONE',  ( -8.031127203596341695E-17, 0.2500000000000002776, -1.600000000000000089 ) ) ;
#202 = SURFACE_STYLE_FILL_AREA ( #325 ) ;
#203 = EDGE_LOOP ( 'NONE', ( #1426, #826, #1128, #717 ) ) ;
#204 = AXIS2_PLACEMENT_3D ( 'NONE', #501, #963, #399 ) ;
#205 = DIRECTION ( 'NONE',  ( -0.000000000000000000, -0.000000000000000000, 1.000000000000000000 ) ) ;
#206 = VECTOR ( 'NONE', #119, 1000.000000000000000 ) ;
#207 = DIRECTION ( 'NONE',  ( -0.000000000000000000, -1.000000000000000000, -0.000000000000000000 ) ) ;
#208 = MECHANICAL_DESIGN_GEOMETRIC_PRESENTATION_REPRESENTATION (  '', ( #589 ), #883 ) ;
#209 = VECTOR ( 'NONE', #950, 1000.000000000000000 ) ;
#210 = DIRECTION ( 'NONE',  ( -0.000000000000000000, -0.000000000000000000, 1.000000000000000000 ) ) ;
#211 = VECTOR ( 'NONE', #947, 1000.000000000000000 ) ;
#212 = CARTESIAN_POINT ( 'NONE',  ( -3.150000000000000355, 2.549999999999999822, 3.149999999999999023 ) ) ;
#213 = DIRECTION ( 'NONE',  ( -0.000000000000000000, -0.000000000000000000, 1.000000000000000000 ) ) ;
#214 = ORIENTED_EDGE ( 'NONE', *, *, #899, .F. ) ;
#215 = DIRECTION ( 'NONE',  ( 0.000000000000000000, 0.000000000000000000, 1.000000000000000000 ) ) ;
#216 = MECHANICAL_DESIGN_GEOMETRIC_PRESENTATION_REPRESENTATION (  '', ( #14 ), #777 ) ;
#217 = DIRECTION ( 'NONE',  ( -0.000000000000000000, 0.000000000000000000, 1.000000000000000000 ) ) ;
#218 = EDGE_CURVE ( 'NONE', #955, #789, #154, .T. ) ;
#219 = FILL_AREA_STYLE_COLOUR ( '', #406 ) ;
#220 = ADVANCED_FACE ( 'NONE', ( #9 ), #339, .F. ) ;
#221 = STYLED_ITEM ( 'NONE', ( #1171 ), #469 ) ;
#222 = LINE ( 'NONE', #892, #318 ) ;
#223 =( GEOMETRIC_REPRESENTATION_CONTEXT ( 3 ) GLOBAL_UNCERTAINTY_ASSIGNED_CONTEXT ( ( #1016 ) ) GLOBAL_UNIT_ASSIGNED_CONTEXT ( ( #309, #529, #419 ) ) REPRESENTATION_CONTEXT ( 'NONE', 'WORKASPACE' ) );
#224 = AXIS2_PLACEMENT_3D ( 'NONE', #1343, #1127, #795 ) ;
#225 = LINE ( 'NONE', #1143, #1249 ) ;
#226 = ADVANCED_FACE ( 'NONE', ( #935 ), #575, .F. ) ;
#227 = ORIENTED_EDGE ( 'NONE', *, *, #1345, .F. ) ;
#228 = PRESENTATION_STYLE_ASSIGNMENT (( #800 ) ) ;
#229 = CARTESIAN_POINT ( 'NONE',  ( 3.149999999999996358, 2.549999999999999822, -3.400000000000000799 ) ) ;
#230 = STYLED_ITEM ( 'NONE', ( #1275 ), #138 ) ;
#231 = EDGE_LOOP ( 'NONE', ( #58, #169, #375, #593, #1222, #421, #271, #336 ) ) ;
#232 = LINE ( 'NONE', #444, #784 ) ;
#233 = UNCERTAINTY_MEASURE_WITH_UNIT (LENGTH_MEASURE( 1.000000000000000082E-05 ), #572, 'distance_accuracy_value', 'NONE');
#234 =( NAMED_UNIT ( * ) PLANE_ANGLE_UNIT ( ) SI_UNIT ( $, .RADIAN. ) );
#235 = SURFACE_SIDE_STYLE ('',( #673 ) ) ;
#236 = ORIENTED_EDGE ( 'NONE', *, *, #1012, .F. ) ;
#237 = DIRECTION ( 'NONE',  ( -7.709882115452476194E-16, 1.000000000000000000, 0.000000000000000000 ) ) ;
#238 = ORIENTED_EDGE ( 'NONE', *, *, #539, .T. ) ;
#239 = CARTESIAN_POINT ( 'NONE',  ( -3.400000000000000355, 2.549999999999999822, 3.149999999999996803 ) ) ;
#240 = EDGE_LOOP ( 'NONE', ( #37, #1170, #1241, #747, #702, #601 ) ) ;
#241 = CARTESIAN_POINT ( 'NONE',  ( 3.400000000000000355, 1.000000000000000000, -1.600000000000000089 ) ) ;
#242 = CARTESIAN_POINT ( 'NONE',  ( -3.150000000000000355, 0.000000000000000000, 3.149999999999999023 ) ) ;
#243 = VECTOR ( 'NONE', #830, 1000.000000000000000 ) ;
#244 = EDGE_CURVE ( 'NONE', #917, #914, #1346, .T. ) ;
#245 = EDGE_LOOP ( 'NONE', ( #1363, #566, #1260, #1053, #1140, #98 ) ) ;
#246 =( GEOMETRIC_REPRESENTATION_CONTEXT ( 3 ) GLOBAL_UNCERTAINTY_ASSIGNED_CONTEXT ( ( #670 ) ) GLOBAL_UNIT_ASSIGNED_CONTEXT ( ( #811, #554, #463 ) ) REPRESENTATION_CONTEXT ( 'NONE', 'WORKASPACE' ) );
#247 = DIRECTION ( 'NONE',  ( -0.000000000000000000, -1.000000000000000000, 0.000000000000000000 ) ) ;
#248 = VECTOR ( 'NONE', #480, 1000.000000000000000 ) ;
#249 = EDGE_LOOP ( 'NONE', ( #570, #1199, #682, #603, #545, #19 ) ) ;
#250 = MECHANICAL_DESIGN_GEOMETRIC_PRESENTATION_REPRESENTATION (  '', ( #1185 ), #1068 ) ;
#251 = DIRECTION ( 'NONE',  ( -1.000000000000000000, -7.709882115452476194E-16, 0.000000000000000000 ) ) ;
#252 = EDGE_LOOP ( 'NONE', ( #533, #972, #1221, #262, #492, #132 ) ) ;
#253 = FILL_AREA_STYLE_COLOUR ( '', #338 ) ;
#254 =( NAMED_UNIT ( * ) SI_UNIT ( $, .STERADIAN. ) SOLID_ANGLE_UNIT ( ) );
#255 = EDGE_LOOP ( 'NONE', ( #174, #1142, #490, #929 ) ) ;
#256 = EDGE_CURVE ( 'NONE', #590, #1057, #799, .T. ) ;
#257 = LINE ( 'NONE', #451, #206 ) ;
#258 = SURFACE_SIDE_STYLE ('',( #803 ) ) ;
#259 = ORIENTED_EDGE ( 'NONE', *, *, #943, .F. ) ;
#260 = DIRECTION ( 'NONE',  ( -0.000000000000000000, -1.000000000000000000, -0.000000000000000000 ) ) ;
#261 = SURFACE_STYLE_FILL_AREA ( #1271 ) ;
#262 = ORIENTED_EDGE ( 'NONE', *, *, #110, .F. ) ;
#263 = CARTESIAN_POINT ( 'NONE',  ( -3.400000000000000355, -0.2500000000000000000, 1.500000000000000000 ) ) ;
#264 = EDGE_LOOP ( 'NONE', ( #1144, #1283, #531, #619 ) ) ;
#265 = LINE ( 'NONE', #706, #352 ) ;
#266 = CARTESIAN_POINT ( 'NONE',  ( 3.400000000000000355, -0.2499999999999988620, 1.500000000000000000 ) ) ;
#267 = ORIENTED_EDGE ( 'NONE', *, *, #402, .F. ) ;
#268 = DIRECTION ( 'NONE',  ( 1.376764663473657449E-16, 0.000000000000000000, 1.000000000000000000 ) ) ;
#269 = EDGE_CURVE ( 'NONE', #1376, #1077, #568, .T. ) ;
#270 = CARTESIAN_POINT ( 'NONE',  ( 3.650000000000000355, -0.2499999999999986400, -1.500000000000000000 ) ) ;
#271 = ORIENTED_EDGE ( 'NONE', *, *, #973, .T. ) ;
#272 = ORIENTED_EDGE ( 'NONE', *, *, #527, .T. ) ;
#273 = COLOUR_RGB ( '',0.6666666666666666297, 0.6980392156862744724, 0.7686274509803920907 ) ;
#274 = VERTEX_POINT ( 'NONE', #1266 ) ;
#275 = FILL_AREA_STYLE_COLOUR ( '', #1111 ) ;
#276 = EDGE_CURVE ( 'NONE', #838, #38, #708, .T. ) ;
#277 = SURFACE_STYLE_FILL_AREA ( #515 ) ;
#278 = VECTOR ( 'NONE', #730, 1000.000000000000000 ) ;
#279 = ORIENTED_EDGE ( 'NONE', *, *, #530, .T. ) ;
#280 = LINE ( 'NONE', #845, #664 ) ;
#281 = ORIENTED_EDGE ( 'NONE', *, *, #178, .F. ) ;
#282 =( NAMED_UNIT ( * ) SI_UNIT ( $, .STERADIAN. ) SOLID_ANGLE_UNIT ( ) );
#283 = FACE_OUTER_BOUND ( 'NONE', #370, .T. ) ;
#284 = DIRECTION ( 'NONE',  ( -1.000000000000000000, -0.000000000000000000, -0.000000000000000000 ) ) ;
#285 = EDGE_CURVE ( 'NONE', #1077, #590, #458, .T. ) ;
#286 = ORIENTED_EDGE ( 'NONE', *, *, #816, .T. ) ;
#287 = PLANE ( 'NONE',  #332 ) ;
#288 = FACE_OUTER_BOUND ( 'NONE', #249, .T. ) ;
#289 = DIRECTION ( 'NONE',  ( -1.000000000000000000, 0.000000000000000000, 0.000000000000000000 ) ) ;
#290 = DIRECTION ( 'NONE',  ( -1.000000000000000000, 0.000000000000000000, -0.000000000000000000 ) ) ;
#291 = ORIENTED_EDGE ( 'NONE', *, *, #557, .F. ) ;
#292 = SURFACE_STYLE_USAGE ( .BOTH. , #827 ) ;
#293 = ADVANCED_FACE ( 'NONE', ( #1032 ), #144, .T. ) ;
#294 = MECHANICAL_DESIGN_GEOMETRIC_PRESENTATION_REPRESENTATION (  '', ( #122 ), #804 ) ;
#295 = COLOUR_RGB ( '',0.2980392156862745057, 0.2980392156862745057, 0.2980392156862745057 ) ;
#296 = CARTESIAN_POINT ( 'NONE',  ( 3.149999999999999911, 0.2500000000000009992, 1.500000000000000000 ) ) ;
#297 = VECTOR ( 'NONE', #852, 1000.000000000000000 ) ;
#298 =( NAMED_UNIT ( * ) SI_UNIT ( $, .STERADIAN. ) SOLID_ANGLE_UNIT ( ) );
#299 = STYLED_ITEM ( 'NONE', ( #778 ), #1052 ) ;
#300 = FACE_OUTER_BOUND ( 'NONE', #52, .T. ) ;
#301 = LINE ( 'NONE', #95, #191 ) ;
#302 = ADVANCED_FACE ( 'NONE', ( #1276 ), #1269, .T. ) ;
#303 = AXIS2_PLACEMENT_3D ( 'NONE', #862, #312, #308 ) ;
#304 = FILL_AREA_STYLE_COLOUR ( '', #446 ) ;
#305 = VECTOR ( 'NONE', #507, 1000.000000000000000 ) ;
#306 = ORIENTED_EDGE ( 'NONE', *, *, #127, .T. ) ;
#307 = LINE ( 'NONE', #534, #808 ) ;
#308 = DIRECTION ( 'NONE',  ( 0.000000000000000000, -0.000000000000000000, -1.000000000000000000 ) ) ;
#309 =( LENGTH_UNIT ( ) NAMED_UNIT ( * ) SI_UNIT ( .MILLI., .METRE. ) );
#310 = ADVANCED_FACE ( 'NONE', ( #288 ), #180, .T. ) ;
#311 = CARTESIAN_POINT ( 'NONE',  ( -3.149999999999999911, 0.000000000000000000, -1.600000000000000089 ) ) ;
#312 = DIRECTION ( 'NONE',  ( 0.000000000000000000, -1.000000000000000000, 0.000000000000000000 ) ) ;
#313 = PLANE ( 'NONE',  #1337 ) ;
#314 = VERTEX_POINT ( 'NONE', #624 ) ;
#315 = MECHANICAL_DESIGN_GEOMETRIC_PRESENTATION_REPRESENTATION (  '', ( #221 ), #1002 ) ;
#316 = AXIS2_PLACEMENT_3D ( 'NONE', #797, #900, #782 ) ;
#317 = EDGE_CURVE ( 'NONE', #1320, #198, #971, .T. ) ;
#318 = VECTOR ( 'NONE', #1135, 1000.000000000000000 ) ;
#319 = COLOUR_RGB ( '',0.6666666666666666297, 0.6980392156862744724, 0.7686274509803920907 ) ;
#320 = LINE ( 'NONE', #758, #92 ) ;
#321 = DIRECTION ( 'NONE',  ( -1.376764663473657449E-16, 0.000000000000000000, -1.000000000000000000 ) ) ;
#322 = CARTESIAN_POINT ( 'NONE',  ( 3.149999999999998579, 2.549999999999999822, -3.150000000000000799 ) ) ;
#323 =( LENGTH_UNIT ( ) NAMED_UNIT ( * ) SI_UNIT ( .MILLI., .METRE. ) );
#324 = DIRECTION ( 'NONE',  ( 0.000000000000000000, -1.000000000000000000, 0.000000000000000000 ) ) ;
#325 = FILL_AREA_STYLE ('',( #1328 ) ) ;
#326 = VERTEX_POINT ( 'NONE', #1301 ) ;
#327 = SURFACE_SIDE_STYLE ('',( #675 ) ) ;
#328 = EDGE_CURVE ( 'NONE', #1123, #326, #721, .T. ) ;
#329 = CARTESIAN_POINT ( 'NONE',  ( -3.400000000000000355, 1.000000000000000000, -1.600000000000000089 ) ) ;
#330 = UNCERTAINTY_MEASURE_WITH_UNIT (LENGTH_MEASURE( 1.000000000000000082E-05 ), #718, 'distance_accuracy_value', 'NONE');
#331 = SHAPE_DEFINITION_REPRESENTATION ( #665, #1052 ) ;
#332 = AXIS2_PLACEMENT_3D ( 'NONE', #1392, #506, #970 ) ;
#333 = CARTESIAN_POINT ( 'NONE',  ( -3.400000000000000355, -0.2500000000000000000, -1.500000000000000000 ) ) ;
#334 = CYLINDRICAL_SURFACE ( 'NONE', #224, 0.2499999999999997780 ) ;
#335 = AXIS2_PLACEMENT_3D ( 'NONE', #898, #1025, #111 ) ;
#336 = ORIENTED_EDGE ( 'NONE', *, *, #1079, .T. ) ;
#337 = CARTESIAN_POINT ( 'NONE',  ( -3.149999999999999911, 0.8000000000000000444, -1.500000000000000000 ) ) ;
#338 = COLOUR_RGB ( '',0.6666666666666666297, 0.6980392156862744724, 0.7686274509803920907 ) ;
#339 = PLANE ( 'NONE',  #794 ) ;
#340 = ORIENTED_EDGE ( 'NONE', *, *, #1297, .F. ) ;
#341 = FILL_AREA_STYLE ('',( #1010 ) ) ;
#342 = EDGE_LOOP ( 'NONE', ( #920, #1303, #798, #358, #558, #1373, #473, #1423 ) ) ;
#343 = DIRECTION ( 'NONE',  ( -0.000000000000000000, 0.000000000000000000, 1.000000000000000000 ) ) ;
#344 = ORIENTED_EDGE ( 'NONE', *, *, #1108, .T. ) ;
#345 = DIRECTION ( 'NONE',  ( 0.000000000000000000, 0.000000000000000000, 1.000000000000000000 ) ) ;
#346 = ORIENTED_EDGE ( 'NONE', *, *, #754, .T. ) ;
#347 = DIRECTION ( 'NONE',  ( 0.000000000000000000, -1.000000000000000000, 0.000000000000000000 ) ) ;
#348 = CARTESIAN_POINT ( 'NONE',  ( -1.800000000000000488, 0.000000000000000000, -1.600000000000000089 ) ) ;
#349 = ORIENTED_EDGE ( 'NONE', *, *, #764, .F. ) ;
#350 = EDGE_CURVE ( 'NONE', #523, #1388, #73, .T. ) ;
#351 = FILL_AREA_STYLE ('',( #130 ) ) ;
#352 = VECTOR ( 'NONE', #1399, 1000.000000000000000 ) ;
#353 = ORIENTED_EDGE ( 'NONE', *, *, #1153, .T. ) ;
#354 = SURFACE_STYLE_USAGE ( .BOTH. , #574 ) ;
#355 = CIRCLE ( 'NONE', #548, 0.2500000000000002220 ) ;
#356 = ORIENTED_EDGE ( 'NONE', *, *, #1008, .T. ) ;
#357 = CARTESIAN_POINT ( 'NONE',  ( 3.400000000000000355, 0.2500000000000011657, -1.500000000000000000 ) ) ;
#358 = ORIENTED_EDGE ( 'NONE', *, *, #1345, .T. ) ;
#359 = CLOSED_SHELL ( 'NONE', ( #978, #50, #633, #1072, #952, #660, #639, #387, #1089, #1394, #302, #97, #1355, #990, #1051, #220, #4, #925, #1031, #226, #577, #1043 ) ) ;
#360 = LINE ( 'NONE', #1159, #646 ) ;
#361 = MECHANICAL_DESIGN_GEOMETRIC_PRESENTATION_REPRESENTATION (  '', ( #230 ), #415 ) ;
#362 = EDGE_LOOP ( 'NONE', ( #396, #1176, #573, #1073 ) ) ;
#363 = EDGE_CURVE ( 'NONE', #38, #1057, #53, .T. ) ;
#364 = DIRECTION ( 'NONE',  ( 0.000000000000000000, 0.000000000000000000, 1.000000000000000000 ) ) ;
#365 = ORIENTED_EDGE ( 'NONE', *, *, #693, .F. ) ;
#366 = DIRECTION ( 'NONE',  ( -1.000000000000000000, -3.401418580346681312E-16, 0.000000000000000000 ) ) ;
#367 = DIRECTION ( 'NONE',  ( 0.000000000000000000, 0.000000000000000000, 1.000000000000000000 ) ) ;
#368 = VERTEX_POINT ( 'NONE', #296 ) ;
#369 = FILL_AREA_STYLE ('',( #1037 ) ) ;
#370 = EDGE_LOOP ( 'NONE', ( #1048, #596, #1280, #1152 ) ) ;
#371 = ADVANCED_FACE ( 'NONE', ( #745 ), #1377, .T. ) ;
#372 = DIRECTION ( 'NONE',  ( -1.000000000000000000, 0.000000000000000000, 0.000000000000000000 ) ) ;
#373 = EDGE_LOOP ( 'NONE', ( #485, #820, #238, #1344 ) ) ;
#374 = DIRECTION ( 'NONE',  ( -0.000000000000000000, 0.000000000000000000, 1.000000000000000000 ) ) ;
#375 = ORIENTED_EDGE ( 'NONE', *, *, #1137, .T. ) ;
#376 = CARTESIAN_POINT ( 'NONE',  ( -3.149999999999999023, 2.549999999999999822, -3.400000000000000799 ) ) ;
#377 = STYLED_ITEM ( 'NONE', ( #1080 ), #371 ) ;
#378 = VECTOR ( 'NONE', #213, 1000.000000000000000 ) ;
#379 = ORIENTED_EDGE ( 'NONE', *, *, #731, .F. ) ;
#380 = CARTESIAN_POINT ( 'NONE',  ( -3.400000000000000355, 2.549999999999999822, 3.149999999999996803 ) ) ;
#381 = VECTOR ( 'NONE', #447, 1000.000000000000000 ) ;
#382 = SURFACE_SIDE_STYLE ('',( #487 ) ) ;
#383 = VECTOR ( 'NONE', #688, 1000.000000000000000 ) ;
#384 =( LENGTH_UNIT ( ) NAMED_UNIT ( * ) SI_UNIT ( .MILLI., .METRE. ) );
#385 = AXIS2_PLACEMENT_3D ( 'NONE', #510, #957, #374 ) ;
#386 = LINE ( 'NONE', #1288, #1341 ) ;
#387 = ADVANCED_FACE ( 'NONE', ( #1084 ), #87, .F. ) ;
#388 = DIRECTION ( 'NONE',  ( 0.000000000000000000, 1.000000000000000000, 0.000000000000000000 ) ) ;
#389 = VECTOR ( 'NONE', #513, 1000.000000000000000 ) ;
#390 = ORIENTED_EDGE ( 'NONE', *, *, #1310, .F. ) ;
#391 = PRESENTATION_LAYER_ASSIGNMENT (  '', '', ( #230 ) ) ;
#392 = CARTESIAN_POINT ( 'NONE',  ( -3.400000000000001243, 0.000000000000000000, -3.149999999999998579 ) ) ;
#393 = FILL_AREA_STYLE_COLOUR ( '', #1094 ) ;
#394 = DIRECTION ( 'NONE',  ( 0.000000000000000000, 0.000000000000000000, 1.000000000000000000 ) ) ;
#395 = CARTESIAN_POINT ( 'NONE',  ( 3.650000000000000355, 0.8000000000000000444, 1.500000000000000000 ) ) ;
#396 = ORIENTED_EDGE ( 'NONE', *, *, #783, .T. ) ;
#397 = CARTESIAN_POINT ( 'NONE',  ( 0.000000000000000000, 1.000000000000000000, -1.600000000000000089 ) ) ;
#398 = CARTESIAN_POINT ( 'NONE',  ( 3.399999999999998579, 2.549999999999999822, -3.149999999999999023 ) ) ;
#399 = DIRECTION ( 'NONE',  ( -1.000000000000000000, -7.709882115452476194E-16, 0.000000000000000000 ) ) ;
#400 = ORIENTED_EDGE ( 'NONE', *, *, #1342, .F. ) ;
#401 = LINE ( 'NONE', #722, #907 ) ;
#402 = EDGE_CURVE ( 'NONE', #1365, #537, #532, .T. ) ;
#403 = DIRECTION ( 'NONE',  ( 1.376764663473657203E-16, 0.000000000000000000, 1.000000000000000000 ) ) ;
#404 = PLANE ( 'NONE',  #12 ) ;
#405 = AXIS2_PLACEMENT_3D ( 'NONE', #1138, #559, #668 ) ;
#406 = COLOUR_RGB ( '',0.2980392156862745057, 0.2980392156862745057, 0.2980392156862745057 ) ;
#407 = AXIS2_PLACEMENT_3D ( 'NONE', #139, #10, #680 ) ;
#408 = PRESENTATION_LAYER_ASSIGNMENT (  '', '', ( #1117 ) ) ;
#409 = DIRECTION ( 'NONE',  ( 0.000000000000000000, -0.000000000000000000, 1.000000000000000000 ) ) ;
#410 = CARTESIAN_POINT ( 'NONE',  ( -3.149999999999998135, 2.549999999999999822, 3.399999999999999023 ) ) ;
#411 = DIRECTION ( 'NONE',  ( 1.000000000000000000, 0.000000000000000000, 0.000000000000000000 ) ) ;
#412 = VECTOR ( 'NONE', #85, 1000.000000000000000 ) ;
#413 = EDGE_CURVE ( 'NONE', #16, #757, #422, .T. ) ;
#414 = DIRECTION ( 'NONE',  ( -1.000000000000000000, -7.709882115452476194E-16, 0.000000000000000000 ) ) ;
#415 =( GEOMETRIC_REPRESENTATION_CONTEXT ( 3 ) GLOBAL_UNCERTAINTY_ASSIGNED_CONTEXT ( ( #891 ) ) GLOBAL_UNIT_ASSIGNED_CONTEXT ( ( #622, #1071, #51 ) ) REPRESENTATION_CONTEXT ( 'NONE', 'WORKASPACE' ) );
#416 = EDGE_LOOP ( 'NONE', ( #945, #1018, #356, #1093 ) ) ;
#417 = CARTESIAN_POINT ( 'NONE',  ( -3.400000000000000355, 0.2500000000000000000, -1.500000000000000000 ) ) ;
#418 = LINE ( 'NONE', #425, #1120 ) ;
#419 =( NAMED_UNIT ( * ) SI_UNIT ( $, .STERADIAN. ) SOLID_ANGLE_UNIT ( ) );
#420 = EDGE_CURVE ( 'NONE', #368, #1057, #876, .T. ) ;
#421 = ORIENTED_EDGE ( 'NONE', *, *, #583, .F. ) ;
#422 = LINE ( 'NONE', #521, #585 ) ;
#423 = DIRECTION ( 'NONE',  ( -1.000000000000000000, -7.709882115452476194E-16, 0.000000000000000000 ) ) ;
#424 = DIRECTION ( 'NONE',  ( 0.000000000000000000, 0.000000000000000000, 1.000000000000000000 ) ) ;
#425 = CARTESIAN_POINT ( 'NONE',  ( -3.400000000000000355, 0.2500000000000000000, 1.500000000000000000 ) ) ;
#426 = ORIENTED_EDGE ( 'NONE', *, *, #481, .T. ) ;
#427 = VECTOR ( 'NONE', #414, 1000.000000000000000 ) ;
#428 = DIRECTION ( 'NONE',  ( 0.000000000000000000, 0.000000000000000000, 1.000000000000000000 ) ) ;
#429 = VECTOR ( 'NONE', #1226, 1000.000000000000000 ) ;
#430 = ORIENTED_EDGE ( 'NONE', *, *, #1115, .T. ) ;
#431 = FILL_AREA_STYLE ('',( #890 ) ) ;
#432 = AXIS2_PLACEMENT_3D ( 'NONE', #774, #1196, #403 ) ;
#433 =( GEOMETRIC_REPRESENTATION_CONTEXT ( 3 ) GLOBAL_UNCERTAINTY_ASSIGNED_CONTEXT ( ( #1125 ) ) GLOBAL_UNIT_ASSIGNED_CONTEXT ( ( #1277, #165, #1262 ) ) REPRESENTATION_CONTEXT ( 'NONE', 'WORKASPACE' ) );
#434 = ADVANCED_FACE ( 'NONE', ( #1325 ), #637, .F. ) ;
#435 = LINE ( 'NONE', #986, #65 ) ;
#436 = AXIS2_PLACEMENT_3D ( 'NONE', #1395, #850, #1295 ) ;
#437 = DIRECTION ( 'NONE',  ( 0.000000000000000000, 1.000000000000000000, -0.000000000000000000 ) ) ;
#438 = SURFACE_SIDE_STYLE ('',( #1000 ) ) ;
#439 = VECTOR ( 'NONE', #793, 1000.000000000000000 ) ;
#440 = CARTESIAN_POINT ( 'NONE',  ( 0.000000000000000000, 0.000000000000000000, -1.600000000000000089 ) ) ;
#441 = LINE ( 'NONE', #894, #429 ) ;
#442 = CARTESIAN_POINT ( 'NONE',  ( -3.149999999999999911, 0.8000000000000000444, -1.500000000000000000 ) ) ;
#443 = FACE_OUTER_BOUND ( 'NONE', #71, .T. ) ;
#444 = CARTESIAN_POINT ( 'NONE',  ( -3.149999999999999911, 0.000000000000000000, 1.600000000000000089 ) ) ;
#445 = UNCERTAINTY_MEASURE_WITH_UNIT (LENGTH_MEASURE( 1.000000000000000082E-05 ), #1292, 'distance_accuracy_value', 'NONE');
#446 = COLOUR_RGB ( '',0.6666666666666666297, 0.6980392156862744724, 0.7686274509803920907 ) ;
#447 = DIRECTION ( 'NONE',  ( -0.000000000000000000, -1.000000000000000000, 0.000000000000000000 ) ) ;
#448 = STYLED_ITEM ( 'NONE', ( #567 ), #650 ) ;
#449 = VECTOR ( 'NONE', #979, 1000.000000000000000 ) ;
#450 = ORIENTED_EDGE ( 'NONE', *, *, #454, .T. ) ;
#451 = CARTESIAN_POINT ( 'NONE',  ( -1.800000000000000488, 0.000000000000000000, -1.600000000000000089 ) ) ;
#452 = MECHANICAL_DESIGN_GEOMETRIC_PRESENTATION_REPRESENTATION (  '', ( #1116 ), #591 ) ;
#453 = CARTESIAN_POINT ( 'NONE',  ( -3.400000000000000355, 0.8000000000000000444, -1.500000000000000000 ) ) ;
#454 = EDGE_CURVE ( 'NONE', #523, #537, #870, .T. ) ;
#455 = LINE ( 'NONE', #1034, #839 ) ;
#456 = ORIENTED_EDGE ( 'NONE', *, *, #1265, .F. ) ;
#457 = DIRECTION ( 'NONE',  ( -0.000000000000000000, -1.000000000000000000, -0.000000000000000000 ) ) ;
#458 = LINE ( 'NONE', #266, #967 ) ;
#459 = VERTEX_POINT ( 'NONE', #1107 ) ;
#460 = LINE ( 'NONE', #1134, #1230 ) ;
#461 = PLANE ( 'NONE',  #8 ) ;
#462 = VERTEX_POINT ( 'NONE', #863 ) ;
#463 =( NAMED_UNIT ( * ) SI_UNIT ( $, .STERADIAN. ) SOLID_ANGLE_UNIT ( ) );
#464 = FILL_AREA_STYLE ('',( #20 ) ) ;
#465 = ORIENTED_EDGE ( 'NONE', *, *, #1267, .F. ) ;
#466 = PRESENTATION_STYLE_ASSIGNMENT (( #807 ) ) ;
#467 = FILL_AREA_STYLE_COLOUR ( '', #809 ) ;
#468 = ORIENTED_EDGE ( 'NONE', *, *, #792, .F. ) ;
#469 = ADVANCED_FACE ( 'NONE', ( #197 ), #287, .T. ) ;
#470 = MECHANICAL_DESIGN_GEOMETRIC_PRESENTATION_REPRESENTATION (  '', ( #618 ), #1154 ) ;
#471 = ORIENTED_EDGE ( 'NONE', *, *, #671, .T. ) ;
#472 = CIRCLE ( 'NONE', #1007, 0.2500000000000002220 ) ;
#473 = ORIENTED_EDGE ( 'NONE', *, *, #780, .T. ) ;
#474 =( NAMED_UNIT ( * ) SI_UNIT ( $, .STERADIAN. ) SOLID_ANGLE_UNIT ( ) );
#475 = MECHANICAL_DESIGN_GEOMETRIC_PRESENTATION_REPRESENTATION (  '', ( #68 ), #433 ) ;
#476 = CARTESIAN_POINT ( 'NONE',  ( 3.399999999999999467, 0.000000000000000000, 1.599999999999999867 ) ) ;
#477 = VECTOR ( 'NONE', #1074, 1000.000000000000000 ) ;
#478 = ORIENTED_EDGE ( 'NONE', *, *, #1137, .F. ) ;
#479 = LINE ( 'NONE', #1181, #864 ) ;
#480 = DIRECTION ( 'NONE',  ( 0.000000000000000000, -1.000000000000000000, 0.000000000000000000 ) ) ;
#481 = EDGE_CURVE ( 'NONE', #1085, #126, #265, .T. ) ;
#482 = ORIENTED_EDGE ( 'NONE', *, *, #413, .T. ) ;
#483 = DIRECTION ( 'NONE',  ( -1.000000000000000000, 0.000000000000000000, 0.000000000000000000 ) ) ;
#484 = VECTOR ( 'NONE', #813, 1000.000000000000000 ) ;
#485 = ORIENTED_EDGE ( 'NONE', *, *, #1433, .F. ) ;
#486 = PLANE ( 'NONE',  #806 ) ;
#487 = SURFACE_STYLE_FILL_AREA ( #500 ) ;
#488 = CARTESIAN_POINT ( 'NONE',  ( 3.149999999999999911, 0.8000000000000000444, 1.500000000000000000 ) ) ;
#489 = CARTESIAN_POINT ( 'NONE',  ( -3.400000000000000355, -0.2500000000000000000, -1.500000000000000000 ) ) ;
#490 = ORIENTED_EDGE ( 'NONE', *, *, #725, .F. ) ;
#491 = CARTESIAN_POINT ( 'NONE',  ( -8.031127203596341695E-17, 0.2500000000000002776, -1.600000000000000089 ) ) ;
#492 = ORIENTED_EDGE ( 'NONE', *, *, #1407, .F. ) ;
#493 = EDGE_CURVE ( 'NONE', #638, #818, #1078, .T. ) ;
#494 = ORIENTED_EDGE ( 'NONE', *, *, #1402, .T. ) ;
#495 = FILL_AREA_STYLE ('',( #604 ) ) ;
#496 = CARTESIAN_POINT ( 'NONE',  ( 3.399999999999998579, 2.549999999999999822, -3.149999999999999023 ) ) ;
#497 = LINE ( 'NONE', #1390, #770 ) ;
#498 = COLOUR_RGB ( '',0.6666666666666666297, 0.6980392156862744724, 0.7686274509803920907 ) ;
#499 = ORIENTED_EDGE ( 'NONE', *, *, #1279, .T. ) ;
#500 = FILL_AREA_STYLE ('',( #856 ) ) ;
#501 = CARTESIAN_POINT ( 'NONE',  ( 3.400000000000000355, 1.156482317317871528E-15, -1.500000000000000000 ) ) ;
#502 = SURFACE_STYLE_USAGE ( .BOTH. , #605 ) ;
#503 = CARTESIAN_POINT ( 'NONE',  ( 3.149999999999997247, 2.549999999999999822, 3.399999999999999467 ) ) ;
#504 = CARTESIAN_POINT ( 'NONE',  ( -3.650000000000000355, -0.2500000000000000555, -1.500000000000000000 ) ) ;
#505 = ORIENTED_EDGE ( 'NONE', *, *, #1310, .T. ) ;
#506 = DIRECTION ( 'NONE',  ( 1.000000000000000000, 0.000000000000000000, -0.000000000000000000 ) ) ;
#507 = DIRECTION ( 'NONE',  ( -0.000000000000000000, -1.000000000000000000, 0.000000000000000000 ) ) ;
#508 = EDGE_CURVE ( 'NONE', #1352, #909, #962, .T. ) ;
#509 = ORIENTED_EDGE ( 'NONE', *, *, #831, .F. ) ;
#510 = CARTESIAN_POINT ( 'NONE',  ( 3.149999999999999911, 0.000000000000000000, -1.600000000000000089 ) ) ;
#511 = APPLICATION_CONTEXT ( 'automotive_design' ) ;
#512 = CARTESIAN_POINT ( 'NONE',  ( -1.900000000000000133, 0.2500000000000000000, -1.500000000000000000 ) ) ;
#513 = DIRECTION ( 'NONE',  ( 1.000000000000000000, 0.000000000000000000, 0.000000000000000000 ) ) ;
#514 = CARTESIAN_POINT ( 'NONE',  ( 1.900000000000000133, -0.2500000000000000000, 1.500000000000000000 ) ) ;
#515 = FILL_AREA_STYLE ('',( #735 ) ) ;
#516 = CARTESIAN_POINT ( 'NONE',  ( -3.650000000000000355, -0.2500000000000001110, 1.500000000000000000 ) ) ;
#517 = ADVANCED_FACE ( 'NONE', ( #942 ), #486, .F. ) ;
#518 = CARTESIAN_POINT ( 'NONE',  ( 3.650000000000000355, 0.8000000000000000444, -1.500000000000000000 ) ) ;
#519 = DIRECTION ( 'NONE',  ( 0.000000000000000000, 1.000000000000000000, -0.000000000000000000 ) ) ;
#520 = PRESENTATION_LAYER_ASSIGNMENT (  '', '', ( #377 ) ) ;
#521 = CARTESIAN_POINT ( 'NONE',  ( 3.650000000000000355, 0.8000000000000000444, -1.500000000000000000 ) ) ;
#522 = VECTOR ( 'NONE', #1110, 1000.000000000000000 ) ;
#523 = VERTEX_POINT ( 'NONE', #163 ) ;
#524 = PRESENTATION_LAYER_ASSIGNMENT (  '', '', ( #68 ) ) ;
#525 = AXIS2_PLACEMENT_3D ( 'NONE', #663, #137, #785 ) ;
#526 = CARTESIAN_POINT ( 'NONE',  ( -1.900000000000000133, 0.2500000000000000000, 1.500000000000000000 ) ) ;
#527 = EDGE_CURVE ( 'NONE', #182, #1388, #728, .T. ) ;
#528 = LINE ( 'NONE', #759, #412 ) ;
#529 =( NAMED_UNIT ( * ) PLANE_ANGLE_UNIT ( ) SI_UNIT ( $, .RADIAN. ) );
#530 = EDGE_CURVE ( 'NONE', #151, #1042, #1056, .T. ) ;
#531 = ORIENTED_EDGE ( 'NONE', *, *, #218, .T. ) ;
#532 = LINE ( 'NONE', #1103, #27 ) ;
#533 = ORIENTED_EDGE ( 'NONE', *, *, #508, .T. ) ;
#534 = CARTESIAN_POINT ( 'NONE',  ( 3.149999999999999911, 0.000000000000000000, 1.600000000000000089 ) ) ;
#535 = DIRECTION ( 'NONE',  ( -0.000000000000000000, -0.000000000000000000, 1.000000000000000000 ) ) ;
#536 = EDGE_CURVE ( 'NONE', #274, #1233, #49, .T. ) ;
#537 = VERTEX_POINT ( 'NONE', #1177 ) ;
#538 =( LENGTH_UNIT ( ) NAMED_UNIT ( * ) SI_UNIT ( .MILLI., .METRE. ) );
#539 = EDGE_CURVE ( 'NONE', #930, #1370, #175, .T. ) ;
#540 = APPLICATION_PROTOCOL_DEFINITION ( 'draft international standard', 'automotive_design', 1998, #511 ) ;
#541 = PLANE ( 'NONE',  #30 ) ;
#542 =( NAMED_UNIT ( * ) PLANE_ANGLE_UNIT ( ) SI_UNIT ( $, .RADIAN. ) );
#543 = VECTOR ( 'NONE', #934, 1000.000000000000000 ) ;
#544 = AXIS2_PLACEMENT_3D ( 'NONE', #322, #437, #1314 ) ;
#545 = ORIENTED_EDGE ( 'NONE', *, *, #136, .T. ) ;
#546 =( LENGTH_UNIT ( ) NAMED_UNIT ( * ) SI_UNIT ( .MILLI., .METRE. ) );
#547 = VERTEX_POINT ( 'NONE', #1207 ) ;
#548 = AXIS2_PLACEMENT_3D ( 'NONE', #173, #388, #1281 ) ;
#549 = AXIS2_PLACEMENT_3D ( 'NONE', #965, #1396, #394 ) ;
#550 = LINE ( 'NONE', #1009, #1022 ) ;
#551 = CARTESIAN_POINT ( 'NONE',  ( -0.000000000000000000, 1.000000000000000000, 1.600000000000000089 ) ) ;
#552 = CIRCLE ( 'NONE', #1213, 0.2500000000000002220 ) ;
#553 = CARTESIAN_POINT ( 'NONE',  ( 1.900000000000000133, 0.2500000000000000000, 1.500000000000000000 ) ) ;
#554 =( NAMED_UNIT ( * ) PLANE_ANGLE_UNIT ( ) SI_UNIT ( $, .RADIAN. ) );
#555 =( LENGTH_UNIT ( ) NAMED_UNIT ( * ) SI_UNIT ( .MILLI., .METRE. ) );
#556 = CARTESIAN_POINT ( 'NONE',  ( -3.150000000000000799, 2.549999999999999822, -3.150000000000000799 ) ) ;
#557 = EDGE_CURVE ( 'NONE', #638, #106, #768, .T. ) ;
#558 = ORIENTED_EDGE ( 'NONE', *, *, #560, .T. ) ;
#559 = DIRECTION ( 'NONE',  ( 0.000000000000000000, 1.000000000000000000, 0.000000000000000000 ) ) ;
#560 = EDGE_CURVE ( 'NONE', #151, #1039, #662, .T. ) ;
#561 = UNCERTAINTY_MEASURE_WITH_UNIT (LENGTH_MEASURE( 1.000000000000000082E-05 ), #1379, 'distance_accuracy_value', 'NONE');
#562 =( NAMED_UNIT ( * ) SI_UNIT ( $, .STERADIAN. ) SOLID_ANGLE_UNIT ( ) );
#563 =( NAMED_UNIT ( * ) SI_UNIT ( $, .STERADIAN. ) SOLID_ANGLE_UNIT ( ) );
#564 = VECTOR ( 'NONE', #1166, 1000.000000000000000 ) ;
#565 = MECHANICAL_DESIGN_GEOMETRIC_PRESENTATION_REPRESENTATION (  '', ( #1024 ), #932 ) ;
#566 = ORIENTED_EDGE ( 'NONE', *, *, #707, .T. ) ;
#567 = PRESENTATION_STYLE_ASSIGNMENT (( #354 ) ) ;
#568 = LINE ( 'NONE', #1028, #652 ) ;
#569 = PRODUCT_CONTEXT ( 'NONE', #511, 'mechanical' ) ;
#570 = ORIENTED_EDGE ( 'NONE', *, *, #1169, .F. ) ;
#571 = LINE ( 'NONE', #241, #383 ) ;
#572 =( LENGTH_UNIT ( ) NAMED_UNIT ( * ) SI_UNIT ( .MILLI., .METRE. ) );
#573 = ORIENTED_EDGE ( 'NONE', *, *, #756, .F. ) ;
#574 = SURFACE_SIDE_STYLE ('',( #124 ) ) ;
#575 = PLANE ( 'NONE',  #630 ) ;
#576 = EDGE_LOOP ( 'NONE', ( #858, #1147, #286, #882 ) ) ;
#577 = ADVANCED_FACE ( 'NONE', ( #86 ), #313, .T. ) ;
#578 = DIRECTION ( 'NONE',  ( 0.000000000000000000, -1.000000000000000000, 0.000000000000000000 ) ) ;
#579 = ORIENTED_EDGE ( 'NONE', *, *, #860, .F. ) ;
#580 = ORIENTED_EDGE ( 'NONE', *, *, #829, .F. ) ;
#581 = DIRECTION ( 'NONE',  ( 0.000000000000000000, 0.000000000000000000, 1.000000000000000000 ) ) ;
#582 = LINE ( 'NONE', #135, #1075 ) ;
#583 = EDGE_CURVE ( 'NONE', #1069, #182, #196, .T. ) ;
#584 = FACE_OUTER_BOUND ( 'NONE', #25, .T. ) ;
#585 = VECTOR ( 'NONE', #1321, 1000.000000000000000 ) ;
#586 = ORIENTED_EDGE ( 'NONE', *, *, #317, .T. ) ;
#587 = ORIENTED_EDGE ( 'NONE', *, *, #536, .T. ) ;
#588 = LINE ( 'NONE', #491, #983 ) ;
#589 = STYLED_ITEM ( 'NONE', ( #658 ), #1099 ) ;
#590 = VERTEX_POINT ( 'NONE', #514 ) ;
#591 =( GEOMETRIC_REPRESENTATION_CONTEXT ( 3 ) GLOBAL_UNCERTAINTY_ASSIGNED_CONTEXT ( ( #7 ) ) GLOBAL_UNIT_ASSIGNED_CONTEXT ( ( #1029, #906, #1 ) ) REPRESENTATION_CONTEXT ( 'NONE', 'WORKASPACE' ) );
#592 = VECTOR ( 'NONE', #632, 1000.000000000000000 ) ;
#593 = ORIENTED_EDGE ( 'NONE', *, *, #350, .T. ) ;
#594 = DIRECTION ( 'NONE',  ( -0.000000000000000000, -0.000000000000000000, 1.000000000000000000 ) ) ;
#595 = DIRECTION ( 'NONE',  ( -0.000000000000000000, -0.000000000000000000, 1.000000000000000000 ) ) ;
#596 = ORIENTED_EDGE ( 'NONE', *, *, #166, .F. ) ;
#597 = ORIENTED_EDGE ( 'NONE', *, *, #725, .T. ) ;
#598 =( NAMED_UNIT ( * ) SI_UNIT ( $, .STERADIAN. ) SOLID_ANGLE_UNIT ( ) );
#599 = VECTOR ( 'NONE', #1242, 1000.000000000000000 ) ;
#600 = EDGE_CURVE ( 'NONE', #1123, #772, #1432, .T. ) ;
#601 = ORIENTED_EDGE ( 'NONE', *, *, #1330, .F. ) ;
#602 = DIRECTION ( 'NONE',  ( -0.000000000000000000, -1.000000000000000000, -0.000000000000000000 ) ) ;
#603 = ORIENTED_EDGE ( 'NONE', *, *, #679, .T. ) ;
#604 = FILL_AREA_STYLE_COLOUR ( '', #498 ) ;
#605 = SURFACE_SIDE_STYLE ('',( #974 ) ) ;
#606 = CARTESIAN_POINT ( 'NONE',  ( -3.149999999999999911, 1.000000000000000000, -1.600000000000000089 ) ) ;
#607 = VERTEX_POINT ( 'NONE', #1101 ) ;
#608 = CARTESIAN_POINT ( 'NONE',  ( 3.149999999999999911, 0.2500000000000013323, 1.600000000000000089 ) ) ;
#609 = ORIENTED_EDGE ( 'NONE', *, *, #47, .F. ) ;
#610 = CARTESIAN_POINT ( 'NONE',  ( -3.149999999999998135, 2.549999999999999822, 3.399999999999999023 ) ) ;
#611 = LINE ( 'NONE', #1293, #305 ) ;
#612 = SURFACE_SIDE_STYLE ('',( #1187 ) ) ;
#613 = MANIFOLD_SOLID_BREP ( 'Cut-Extrude1', #359 ) ;
#614 = PLANE ( 'NONE',  #385 ) ;
#615 = CARTESIAN_POINT ( 'NONE',  ( -3.400000000000000355, 0.000000000000000000, -1.600000000000000089 ) ) ;
#616 = LINE ( 'NONE', #376, #1092 ) ;
#617 =( GEOMETRIC_REPRESENTATION_CONTEXT ( 3 ) GLOBAL_UNCERTAINTY_ASSIGNED_CONTEXT ( ( #1338 ) ) GLOBAL_UNIT_ASSIGNED_CONTEXT ( ( #384, #841, #282 ) ) REPRESENTATION_CONTEXT ( 'NONE', 'WORKASPACE' ) );
#618 = STYLED_ITEM ( 'NONE', ( #781 ), #620 ) ;
#619 = ORIENTED_EDGE ( 'NONE', *, *, #943, .T. ) ;
#620 = ADVANCED_FACE ( 'NONE', ( #1220 ), #1309, .F. ) ;
#621 =( NAMED_UNIT ( * ) PLANE_ANGLE_UNIT ( ) SI_UNIT ( $, .RADIAN. ) );
#622 =( LENGTH_UNIT ( ) NAMED_UNIT ( * ) SI_UNIT ( .MILLI., .METRE. ) );
#623 = AXIS2_PLACEMENT_3D ( 'NONE', #1438, #1023, #22 ) ;
#624 = CARTESIAN_POINT ( 'NONE',  ( -3.400000000000001243, 0.000000000000000000, -3.149999999999998579 ) ) ;
#625 = ORIENTED_EDGE ( 'NONE', *, *, #256, .F. ) ;
#626 = LINE ( 'NONE', #44, #720 ) ;
#627 = CARTESIAN_POINT ( 'NONE',  ( 3.400000000000000355, 0.000000000000000000, 1.600000000000000089 ) ) ;
#628 = ORIENTED_EDGE ( 'NONE', *, *, #780, .F. ) ;
#629 = CARTESIAN_POINT ( 'NONE',  ( -3.650000000000000355, 0.8000000000000000444, 1.500000000000000000 ) ) ;
#630 = AXIS2_PLACEMENT_3D ( 'NONE', #348, #1021, #903 ) ;
#631 = SURFACE_STYLE_USAGE ( .BOTH. , #612 ) ;
#632 = DIRECTION ( 'NONE',  ( 0.000000000000000000, 1.000000000000000000, -0.000000000000000000 ) ) ;
#633 = ADVANCED_FACE ( 'NONE', ( #1083 ), #113, .F. ) ;
#634 = DIRECTION ( 'NONE',  ( 0.000000000000000000, -0.000000000000000000, -1.000000000000000000 ) ) ;
#635 = DIRECTION ( 'NONE',  ( -1.000000000000000000, 0.000000000000000000, 0.000000000000000000 ) ) ;
#636 = DIRECTION ( 'NONE',  ( 0.000000000000000000, -1.000000000000000000, 0.000000000000000000 ) ) ;
#637 = PLANE ( 'NONE',  #661 ) ;
#638 = VERTEX_POINT ( 'NONE', #329 ) ;
#639 = ADVANCED_FACE ( 'NONE', ( #921 ), #1240, .T. ) ;
#640 = DIRECTION ( 'NONE',  ( 0.000000000000000000, 0.000000000000000000, -1.000000000000000000 ) ) ;
#641 = PLANE ( 'NONE',  #1327 ) ;
#642 = PRESENTATION_LAYER_ASSIGNMENT (  '', '', ( #63 ) ) ;
#643 = EDGE_LOOP ( 'NONE', ( #1044, #89, #998, #1380 ) ) ;
#644 = VECTOR ( 'NONE', #982, 1000.000000000000000 ) ;
#645 = CARTESIAN_POINT ( 'NONE',  ( 3.400000000000000355, 0.2500000000000011657, 1.500000000000000000 ) ) ;
#646 = VECTOR ( 'NONE', #940, 1000.000000000000000 ) ;
#647 = PLANE ( 'NONE',  #1359 ) ;
#648 = DIRECTION ( 'NONE',  ( 0.000000000000000000, 0.000000000000000000, 1.000000000000000000 ) ) ;
#649 = CARTESIAN_POINT ( 'NONE',  ( 0.000000000000000000, 0.000000000000000000, -1.600000000000000089 ) ) ;
#650 = ADVANCED_FACE ( 'NONE', ( #915 ), #1234, .F. ) ;
#651 = ORIENTED_EDGE ( 'NONE', *, *, #1145, .T. ) ;
#652 = VECTOR ( 'NONE', #364, 1000.000000000000000 ) ;
#653 = DIRECTION ( 'NONE',  ( 1.000000000000000000, 0.000000000000000000, 0.000000000000000000 ) ) ;
#654 = EDGE_LOOP ( 'NONE', ( #1263, #494, #56, #815 ) ) ;
#655 = SURFACE_STYLE_FILL_AREA ( #431 ) ;
#656 = CARTESIAN_POINT ( 'NONE',  ( -3.149999999999998135, 2.549999999999999822, 3.399999999999999023 ) ) ;
#657 = SURFACE_STYLE_USAGE ( .BOTH. , #1003 ) ;
#658 = PRESENTATION_STYLE_ASSIGNMENT (( #117 ) ) ;
#659 = DIRECTION ( 'NONE',  ( 1.376764663473657449E-16, 0.000000000000000000, 1.000000000000000000 ) ) ;
#660 = ADVANCED_FACE ( 'NONE', ( #1015 ), #1247, .T. ) ;
#661 = AXIS2_PLACEMENT_3D ( 'NONE', #1210, #1412, #215 ) ;
#662 = CIRCLE ( 'NONE', #544, 0.2499999999999997780 ) ;
#663 = CARTESIAN_POINT ( 'NONE',  ( 0.000000000000000000, 0.000000000000000000, 0.000000000000000000 ) ) ;
#664 = VECTOR ( 'NONE', #284, 1000.000000000000000 ) ;
#665 = PRODUCT_DEFINITION_SHAPE ( 'NONE', 'NONE',  #1098 ) ;
#666 = CARTESIAN_POINT ( 'NONE',  ( 0.000000000000000000, 0.2500000000000002220, -1.600000000000000089 ) ) ;
#667 = AXIS2_PLACEMENT_3D ( 'NONE', #748, #171, #34 ) ;
#668 = DIRECTION ( 'NONE',  ( 0.000000000000000000, -0.000000000000000000, 1.000000000000000000 ) ) ;
#669 = UNCERTAINTY_MEASURE_WITH_UNIT (LENGTH_MEASURE( 1.000000000000000082E-05 ), #546, 'distance_accuracy_value', 'NONE');
#670 = UNCERTAINTY_MEASURE_WITH_UNIT (LENGTH_MEASURE( 1.000000000000000082E-05 ), #811, 'distance_accuracy_value', 'NONE');
#671 = EDGE_CURVE ( 'NONE', #1349, #1272, #232, .T. ) ;
#672 = COLOUR_RGB ( '',0.6666666666666666297, 0.6980392156862744724, 0.7686274509803920907 ) ;
#673 = SURFACE_STYLE_FILL_AREA ( #1231 ) ;
#674 = EDGE_CURVE ( 'NONE', #547, #459, #1336, .T. ) ;
#675 = SURFACE_STYLE_FILL_AREA ( #1122 ) ;
#676 = EDGE_LOOP ( 'NONE', ( #344, #1371, #936, #482 ) ) ;
#677 = LINE ( 'NONE', #790, #980 ) ;
#678 = DIRECTION ( 'NONE',  ( 0.000000000000000000, 1.000000000000000000, 0.000000000000000000 ) ) ;
#679 = EDGE_CURVE ( 'NONE', #16, #1376, #677, .T. ) ;
#680 = DIRECTION ( 'NONE',  ( 0.000000000000000000, 0.000000000000000000, -1.000000000000000000 ) ) ;
#681 = CARTESIAN_POINT ( 'NONE',  ( -3.400000000000001243, 2.549999999999999822, -3.149999999999998579 ) ) ;
#682 = ORIENTED_EDGE ( 'NONE', *, *, #1402, .F. ) ;
#683 = CARTESIAN_POINT ( 'NONE',  ( 3.400000000000000355, -0.2499999999999988620, -1.500000000000000000 ) ) ;
#684 = VERTEX_POINT ( 'NONE', #133 ) ;
#685 = CARTESIAN_POINT ( 'NONE',  ( -0.000000000000000000, 0.000000000000000000, 1.600000000000000089 ) ) ;
#686 = AXIS2_PLACEMENT_3D ( 'NONE', #1217, #1193, #428 ) ;
#687 = ORIENTED_EDGE ( 'NONE', *, *, #1440, .F. ) ;
#688 = DIRECTION ( 'NONE',  ( -0.000000000000000000, -0.000000000000000000, 1.000000000000000000 ) ) ;
#689 = FACE_OUTER_BOUND ( 'NONE', #240, .T. ) ;
#690 = AXIS2_PLACEMENT_3D ( 'NONE', #417, #194, #634 ) ;
#691 = ORIENTED_EDGE ( 'NONE', *, *, #317, .F. ) ;
#692 = COLOUR_RGB ( '',0.6666666666666666297, 0.6980392156862744724, 0.7686274509803920907 ) ;
#693 = EDGE_CURVE ( 'NONE', #1254, #314, #91, .T. ) ;
#694 = LINE ( 'NONE', #685, #439 ) ;
#695 = AXIS2_PLACEMENT_3D ( 'NONE', #170, #1178, #719 ) ;
#696 = CARTESIAN_POINT ( 'NONE',  ( -0.000000000000000000, 0.2500000000000002220, 1.600000000000000089 ) ) ;
#697 = ORIENTED_EDGE ( 'NONE', *, *, #136, .F. ) ;
#698 = FACE_OUTER_BOUND ( 'NONE', #255, .T. ) ;
#699 = ORIENTED_EDGE ( 'NONE', *, *, #47, .T. ) ;
#700 = DIRECTION ( 'NONE',  ( 0.000000000000000000, -1.000000000000000000, 0.000000000000000000 ) ) ;
#701 = DIRECTION ( 'NONE',  ( 1.000000000000000000, 0.000000000000000000, 0.000000000000000000 ) ) ;
#702 = ORIENTED_EDGE ( 'NONE', *, *, #539, .F. ) ;
#703 = ORIENTED_EDGE ( 'NONE', *, *, #560, .F. ) ;
#704 =( NAMED_UNIT ( * ) PLANE_ANGLE_UNIT ( ) SI_UNIT ( $, .RADIAN. ) );
#705 = EDGE_LOOP ( 'NONE', ( #426, #699, #160, #227, #346, #586, #1194, #340 ) ) ;
#706 = CARTESIAN_POINT ( 'NONE',  ( 3.400000000000000355, 0.000000000000000000, -1.600000000000000089 ) ) ;
#707 = EDGE_CURVE ( 'NONE', #1365, #789, #257, .T. ) ;
#708 = LINE ( 'NONE', #15, #1312 ) ;
#709 = ORIENTED_EDGE ( 'NONE', *, *, #853, .T. ) ;
#710 = CARTESIAN_POINT ( 'NONE',  ( 1.800000000000000488, 0.000000000000000000, -1.600000000000000089 ) ) ;
#711 = CARTESIAN_POINT ( 'NONE',  ( -3.650000000000000355, 0.8000000000000000444, -1.500000000000000000 ) ) ;
#712 = AXIS2_PLACEMENT_3D ( 'NONE', #1236, #635, #849 ) ;
#713 = ORIENTED_EDGE ( 'NONE', *, *, #966, .T. ) ;
#714 = ORIENTED_EDGE ( 'NONE', *, *, #493, .T. ) ;
#715 = LINE ( 'NONE', #1290, #297 ) ;
#716 = VECTOR ( 'NONE', #168, 1000.000000000000000 ) ;
#717 = ORIENTED_EDGE ( 'NONE', *, *, #674, .T. ) ;
#718 =( LENGTH_UNIT ( ) NAMED_UNIT ( * ) SI_UNIT ( .MILLI., .METRE. ) );
#719 = DIRECTION ( 'NONE',  ( 0.000000000000000000, 0.000000000000000000, 1.000000000000000000 ) ) ;
#720 = VECTOR ( 'NONE', #289, 1000.000000000000000 ) ;
#721 = LINE ( 'NONE', #946, #243 ) ;
#722 = CARTESIAN_POINT ( 'NONE',  ( -3.149999999999999911, 0.2500000000000002220, -1.600000000000000089 ) ) ;
#723 =( NAMED_UNIT ( * ) PLANE_ANGLE_UNIT ( ) SI_UNIT ( $, .RADIAN. ) );
#724 = ORIENTED_EDGE ( 'NONE', *, *, #901, .F. ) ;
#725 = EDGE_CURVE ( 'NONE', #769, #917, #1112, .T. ) ;
#726 = DIRECTION ( 'NONE',  ( -1.000000000000000000, -3.212450881438533227E-16, 0.000000000000000000 ) ) ;
#727 = ORIENTED_EDGE ( 'NONE', *, *, #454, .F. ) ;
#728 = LINE ( 'NONE', #380, #28 ) ;
#729 = SURFACE_STYLE_USAGE ( .BOTH. , #1285 ) ;
#730 = DIRECTION ( 'NONE',  ( -0.000000000000000000, -1.000000000000000000, -0.000000000000000000 ) ) ;
#731 = EDGE_CURVE ( 'NONE', #106, #1349, #109, .T. ) ;
#732 = CARTESIAN_POINT ( 'NONE',  ( -3.149999999999999911, 1.000000000000000000, -1.600000000000000089 ) ) ;
#733 = ORIENTED_EDGE ( 'NONE', *, *, #1108, .F. ) ;
#734 = DIRECTION ( 'NONE',  ( -0.000000000000000000, -1.000000000000000000, -0.000000000000000000 ) ) ;
#735 = FILL_AREA_STYLE_COLOUR ( '', #1225 ) ;
#736 = PLANE ( 'NONE',  #436 ) ;
#737 = DIRECTION ( 'NONE',  ( 1.000000000000000000, 0.000000000000000000, 0.000000000000000000 ) ) ;
#738 = PRESENTATION_LAYER_ASSIGNMENT (  '', '', ( #618 ) ) ;
#739 = EDGE_LOOP ( 'NONE', ( #306, #24, #625, #1033, #733, #1264 ) ) ;
#740 = SURFACE_SIDE_STYLE ('',( #855 ) ) ;
#741 = VECTOR ( 'NONE', #1087, 1000.000000000000000 ) ;
#742 = PLANE ( 'NONE',  #695 ) ;
#743 = PRESENTATION_LAYER_ASSIGNMENT (  '', '', ( #1185 ) ) ;
#744 = EDGE_CURVE ( 'NONE', #769, #684, #441, .T. ) ;
#745 = FACE_OUTER_BOUND ( 'NONE', #187, .T. ) ;
#746 = APPLICATION_CONTEXT ( 'automotive_design' ) ;
#747 = ORIENTED_EDGE ( 'NONE', *, *, #756, .T. ) ;
#748 = CARTESIAN_POINT ( 'NONE',  ( -3.400000000000000355, 0.000000000000000000, -1.500000000000000000 ) ) ;
#749 = CARTESIAN_POINT ( 'NONE',  ( 0.000000000000000000, 1.000000000000000000, -1.600000000000000089 ) ) ;
#750 = CLOSED_SHELL ( 'NONE', ( #310, #116, #1257, #1244, #293, #1425, #517, #650 ) ) ;
#751 = CARTESIAN_POINT ( 'NONE',  ( 1.800000000000000488, 6.122526196321493881E-16, -1.600000000000000089 ) ) ;
#752 = FILL_AREA_STYLE ('',( #869 ) ) ;
#753 = CIRCLE ( 'NONE', #75, 0.2499999999999997780 ) ;
#754 = EDGE_CURVE ( 'NONE', #989, #1320, #225, .T. ) ;
#755 = FILL_AREA_STYLE ('',( #304 ) ) ;
#756 = EDGE_CURVE ( 'NONE', #326, #1370, #588, .T. ) ;
#757 = VERTEX_POINT ( 'NONE', #395 ) ;
#758 = CARTESIAN_POINT ( 'NONE',  ( -1.800000000000000488, 0.2500000000000002220, -1.600000000000000089 ) ) ;
#759 = CARTESIAN_POINT ( 'NONE',  ( -3.400000000000000355, 0.8000000000000000444, 1.500000000000000000 ) ) ;
#760 = EDGE_LOOP ( 'NONE', ( #969, #1133, #703, #279 ) ) ;
#761 = CARTESIAN_POINT ( 'NONE',  ( 0.000000000000000000, 0.000000000000000000, 1.600000000000000089 ) ) ;
#762 = CARTESIAN_POINT ( 'NONE',  ( 1.800000000000000488, 0.000000000000000000, 1.600000000000000089 ) ) ;
#763 = EDGE_CURVE ( 'NONE', #757, #1324, #1054, .T. ) ;
#764 = EDGE_CURVE ( 'NONE', #909, #156, #959, .T. ) ;
#765 = CARTESIAN_POINT ( 'NONE',  ( -3.400000000000001243, 2.549999999999999822, -3.149999999999998579 ) ) ;
#766 = LINE ( 'NONE', #868, #1096 ) ;
#767 = MECHANICAL_DESIGN_GEOMETRIC_PRESENTATION_REPRESENTATION (  '', ( #1151 ), #179 ) ;
#768 = LINE ( 'NONE', #1319, #378 ) ;
#769 = VERTEX_POINT ( 'NONE', #46 ) ;
#770 = VECTOR ( 'NONE', #1175, 1000.000000000000000 ) ;
#771 =( NAMED_UNIT ( * ) PLANE_ANGLE_UNIT ( ) SI_UNIT ( $, .RADIAN. ) );
#772 = VERTEX_POINT ( 'NONE', #1045 ) ;
#773 =( NAMED_UNIT ( * ) PLANE_ANGLE_UNIT ( ) SI_UNIT ( $, .RADIAN. ) );
#774 = CARTESIAN_POINT ( 'NONE',  ( 3.399999999999998579, 2.549999999999999822, -3.149999999999999023 ) ) ;
#775 = CARTESIAN_POINT ( 'NONE',  ( 1.900000000000000133, 0.2500000000000000000, -1.500000000000000000 ) ) ;
#776 = CARTESIAN_POINT ( 'NONE',  ( 1.800000000000000488, 0.000000000000000000, -1.600000000000000089 ) ) ;
#777 =( GEOMETRIC_REPRESENTATION_CONTEXT ( 3 ) GLOBAL_UNCERTAINTY_ASSIGNED_CONTEXT ( ( #1223 ) ) GLOBAL_UNIT_ASSIGNED_CONTEXT ( ( #922, #234, #562 ) ) REPRESENTATION_CONTEXT ( 'NONE', 'WORKASPACE' ) );
#778 = PRESENTATION_STYLE_ASSIGNMENT (( #199 ) ) ;
#779 = DIRECTION ( 'NONE',  ( -0.000000000000000000, 0.000000000000000000, 1.000000000000000000 ) ) ;
#780 = EDGE_CURVE ( 'NONE', #76, #1069, #355, .T. ) ;
#781 = PRESENTATION_STYLE_ASSIGNMENT (( #988 ) ) ;
#782 = DIRECTION ( 'NONE',  ( 0.000000000000000000, 0.000000000000000000, -1.000000000000000000 ) ) ;
#783 = EDGE_CURVE ( 'NONE', #865, #1368, #715, .T. ) ;
#784 = VECTOR ( 'NONE', #347, 1000.000000000000000 ) ;
#785 = DIRECTION ( 'NONE',  ( 1.000000000000000000, 0.000000000000000000, 0.000000000000000000 ) ) ;
#786 = FACE_OUTER_BOUND ( 'NONE', #739, .T. ) ;
#787 = VECTOR ( 'NONE', #1126, 1000.000000000000000 ) ;
#788 = CARTESIAN_POINT ( 'NONE',  ( 3.399999999999998579, 0.000000000000000000, -3.149999999999999023 ) ) ;
#789 = VERTEX_POINT ( 'NONE', #57 ) ;
#790 = CARTESIAN_POINT ( 'NONE',  ( 3.650000000000000355, 0.8000000000000000444, -1.500000000000000000 ) ) ;
#791 = UNCERTAINTY_MEASURE_WITH_UNIT (LENGTH_MEASURE( 1.000000000000000082E-05 ), #1364, 'distance_accuracy_value', 'NONE');
#792 = EDGE_CURVE ( 'NONE', #1039, #76, #616, .T. ) ;
#793 = DIRECTION ( 'NONE',  ( -1.000000000000000000, -3.401418580346681312E-16, 0.000000000000000000 ) ) ;
#794 = AXIS2_PLACEMENT_3D ( 'NONE', #1351, #911, #1366 ) ;
#795 = DIRECTION ( 'NONE',  ( 0.000000000000000000, 0.000000000000000000, -1.000000000000000000 ) ) ;
#796 = ORIENTED_EDGE ( 'NONE', *, *, #83, .F. ) ;
#797 = CARTESIAN_POINT ( 'NONE',  ( 3.149999999999998579, 2.549999999999999822, -3.150000000000000799 ) ) ;
#798 = ORIENTED_EDGE ( 'NONE', *, *, #912, .T. ) ;
#799 = LINE ( 'NONE', #128, #484 ) ;
#800 = SURFACE_STYLE_USAGE ( .BOTH. , #235 ) ;
#801 = ORIENTED_EDGE ( 'NONE', *, *, #731, .T. ) ;
#802 = DIRECTION ( 'NONE',  ( 0.000000000000000000, 0.000000000000000000, 1.000000000000000000 ) ) ;
#803 = SURFACE_STYLE_FILL_AREA ( #464 ) ;
#804 =( GEOMETRIC_REPRESENTATION_CONTEXT ( 3 ) GLOBAL_UNCERTAINTY_ASSIGNED_CONTEXT ( ( #115 ) ) GLOBAL_UNIT_ASSIGNED_CONTEXT ( ( #538, #771, #1424 ) ) REPRESENTATION_CONTEXT ( 'NONE', 'WORKASPACE' ) );
#805 = ORIENTED_EDGE ( 'NONE', *, *, #973, .F. ) ;
#806 = AXIS2_PLACEMENT_3D ( 'NONE', #1374, #372, #1162 ) ;
#807 = SURFACE_STYLE_USAGE ( .BOTH. , #1146 ) ;
#808 = VECTOR ( 'NONE', #1081, 1000.000000000000000 ) ;
#809 = COLOUR_RGB ( '',0.6666666666666666297, 0.6980392156862744724, 0.7686274509803920907 ) ;
#810 = ORIENTED_EDGE ( 'NONE', *, *, #1169, .T. ) ;
#811 =( LENGTH_UNIT ( ) NAMED_UNIT ( * ) SI_UNIT ( .MILLI., .METRE. ) );
#812 = MECHANICAL_DESIGN_GEOMETRIC_PRESENTATION_REPRESENTATION (  '', ( #299 ), #69 ) ;
#813 = DIRECTION ( 'NONE',  ( -7.709882115452476194E-16, 1.000000000000000000, 0.000000000000000000 ) ) ;
#814 = DIRECTION ( 'NONE',  ( 1.000000000000000000, 0.000000000000000000, 0.000000000000000000 ) ) ;
#815 = ORIENTED_EDGE ( 'NONE', *, *, #763, .F. ) ;
#816 = EDGE_CURVE ( 'NONE', #818, #955, #360, .T. ) ;
#817 = SURFACE_SIDE_STYLE ('',( #825 ) ) ;
#818 = VERTEX_POINT ( 'NONE', #732 ) ;
#819 = CARTESIAN_POINT ( 'NONE',  ( 3.149999999999999023, 0.000000000000000000, 3.149999999999999023 ) ) ;
#820 = ORIENTED_EDGE ( 'NONE', *, *, #59, .F. ) ;
#821 = DIRECTION ( 'NONE',  ( 0.000000000000000000, 0.000000000000000000, 1.000000000000000000 ) ) ;
#822 = CARTESIAN_POINT ( 'NONE',  ( 3.399999999999999467, 0.000000000000000000, 3.149999999999996803 ) ) ;
#823 = LINE ( 'NONE', #696, #1205 ) ;
#824 = ORIENTED_EDGE ( 'NONE', *, *, #83, .T. ) ;
#825 = SURFACE_STYLE_FILL_AREA ( #369 ) ;
#826 = ORIENTED_EDGE ( 'NONE', *, *, #744, .F. ) ;
#827 = SURFACE_SIDE_STYLE ('',( #152 ) ) ;
#828 = CARTESIAN_POINT ( 'NONE',  ( -1.900000000000000133, -0.2500000000000000000, 1.500000000000000000 ) ) ;
#829 = EDGE_CURVE ( 'NONE', #1085, #1123, #1067, .T. ) ;
#830 = DIRECTION ( 'NONE',  ( 0.000000000000000000, -1.000000000000000000, 0.000000000000000000 ) ) ;
#831 = EDGE_CURVE ( 'NONE', #48, #1254, #280, .T. ) ;
#832 = FACE_OUTER_BOUND ( 'NONE', #1005, .T. ) ;
#833 = AXIS2_PLACEMENT_3D ( 'NONE', #1356, #1255, #1124 ) ;
#834 = ORIENTED_EDGE ( 'NONE', *, *, #105, .F. ) ;
#835 = PRESENTATION_LAYER_ASSIGNMENT (  '', '', ( #589 ) ) ;
#836 = CARTESIAN_POINT ( 'NONE',  ( 3.400000000000000355, 0.8000000000000000444, 1.500000000000000000 ) ) ;
#837 = AXIS2_PLACEMENT_3D ( 'NONE', #556, #1232, #1436 ) ;
#838 = VERTEX_POINT ( 'NONE', #1168 ) ;
#839 = VECTOR ( 'NONE', #814, 1000.000000000000000 ) ;
#840 = SURFACE_STYLE_FILL_AREA ( #1393 ) ;
#841 =( NAMED_UNIT ( * ) PLANE_ANGLE_UNIT ( ) SI_UNIT ( $, .RADIAN. ) );
#842 = EDGE_LOOP ( 'NONE', ( #931, #259, #101, #1055 ) ) ;
#843 = CARTESIAN_POINT ( 'NONE',  ( 3.149999999999997247, 2.549999999999999822, 3.399999999999999467 ) ) ;
#844 = PRESENTATION_LAYER_ASSIGNMENT (  '', '', ( #14 ) ) ;
#845 = CARTESIAN_POINT ( 'NONE',  ( -3.149999999999999023, 0.000000000000000000, -3.400000000000000799 ) ) ;
#846 = VERTEX_POINT ( 'NONE', #504 ) ;
#847 = DIRECTION ( 'NONE',  ( -0.000000000000000000, -1.000000000000000000, -0.000000000000000000 ) ) ;
#848 = CARTESIAN_POINT ( 'NONE',  ( 3.400000000000000355, 1.156484523132838204E-15, -1.600000000000000089 ) ) ;
#849 = DIRECTION ( 'NONE',  ( 0.000000000000000000, 0.000000000000000000, 1.000000000000000000 ) ) ;
#850 = DIRECTION ( 'NONE',  ( 0.000000000000000000, 1.000000000000000000, 0.000000000000000000 ) ) ;
#851 = CARTESIAN_POINT ( 'NONE',  ( -3.149999999999999023, 0.000000000000000000, -3.400000000000001243 ) ) ;
#852 = DIRECTION ( 'NONE',  ( -1.000000000000000000, -3.212450881438533227E-16, 0.000000000000000000 ) ) ;
#853 = EDGE_CURVE ( 'NONE', #547, #769, #497, .T. ) ;
#854 = ORIENTED_EDGE ( 'NONE', *, *, #161, .T. ) ;
#855 = SURFACE_STYLE_FILL_AREA ( #1047 ) ;
#856 = FILL_AREA_STYLE_COLOUR ( '', #41 ) ;
#857 =( NAMED_UNIT ( * ) PLANE_ANGLE_UNIT ( ) SI_UNIT ( $, .RADIAN. ) );
#858 = ORIENTED_EDGE ( 'NONE', *, *, #671, .F. ) ;
#859 = DIRECTION ( 'NONE',  ( -0.000000000000000000, -0.000000000000000000, 1.000000000000000000 ) ) ;
#860 = EDGE_CURVE ( 'NONE', #537, #1062, #150, .T. ) ;
#861 = VECTOR ( 'NONE', #659, 1000.000000000000000 ) ;
#862 = CARTESIAN_POINT ( 'NONE',  ( 0.000000000000000000, 1.000000000000000000, -1.600000000000000089 ) ) ;
#863 = CARTESIAN_POINT ( 'NONE',  ( 3.149999999999999911, 0.2500000000000009437, -1.500000000000000000 ) ) ;
#864 = VECTOR ( 'NONE', #937, 1000.000000000000000 ) ;
#865 = VERTEX_POINT ( 'NONE', #608 ) ;
#866 = FILL_AREA_STYLE_COLOUR ( '', #692 ) ;
#867 = FACE_OUTER_BOUND ( 'NONE', #1198, .T. ) ;
#868 = CARTESIAN_POINT ( 'NONE',  ( 3.399999999999998579, 0.000000000000000000, -3.149999999999999023 ) ) ;
#869 = FILL_AREA_STYLE_COLOUR ( '', #295 ) ;
#870 = LINE ( 'NONE', #761, #1248 ) ;
#871 = EDGE_CURVE ( 'NONE', #462, #368, #1372, .T. ) ;
#872 =( NAMED_UNIT ( * ) SI_UNIT ( $, .STERADIAN. ) SOLID_ANGLE_UNIT ( ) );
#873 = FACE_OUTER_BOUND ( 'NONE', #231, .T. ) ;
#874 = PRESENTATION_STYLE_ASSIGNMENT (( #657 ) ) ;
#875 = VERTEX_POINT ( 'NONE', #1298 ) ;
#876 = LINE ( 'NONE', #645, #427 ) ;
#877 = PLANE ( 'NONE',  #1282 ) ;
#878 = CARTESIAN_POINT ( 'NONE',  ( 1.800000000000000488, 6.122526196321493881E-16, -1.600000000000000089 ) ) ;
#879 = CARTESIAN_POINT ( 'NONE',  ( 3.149999999999999911, 0.8000000000000000444, -1.500000000000000000 ) ) ;
#880 = AXIS2_PLACEMENT_3D ( 'NONE', #710, #1294, #82 ) ;
#881 = MECHANICAL_DESIGN_GEOMETRIC_PRESENTATION_REPRESENTATION (  '', ( #448 ), #246 ) ;
#882 = ORIENTED_EDGE ( 'NONE', *, *, #1339, .T. ) ;
#883 =( GEOMETRIC_REPRESENTATION_CONTEXT ( 3 ) GLOBAL_UNCERTAINTY_ASSIGNED_CONTEXT ( ( #233 ) ) GLOBAL_UNIT_ASSIGNED_CONTEXT ( ( #572, #121, #563 ) ) REPRESENTATION_CONTEXT ( 'NONE', 'WORKASPACE' ) );
#884 = DIRECTION ( 'NONE',  ( 1.000000000000000000, 0.000000000000000000, -0.000000000000000000 ) ) ;
#885 = ORIENTED_EDGE ( 'NONE', *, *, #1115, .F. ) ;
#886 = ADVANCED_FACE ( 'NONE', ( #698 ), #142, .F. ) ;
#887 =( GEOMETRIC_REPRESENTATION_CONTEXT ( 3 ) GLOBAL_UNCERTAINTY_ASSIGNED_CONTEXT ( ( #114 ) ) GLOBAL_UNIT_ASSIGNED_CONTEXT ( ( #1188, #1427, #1218 ) ) REPRESENTATION_CONTEXT ( 'NONE', 'WORKASPACE' ) );
#888 = LINE ( 'NONE', #994, #181 ) ;
#889 = SURFACE_STYLE_FILL_AREA ( #752 ) ;
#890 = FILL_AREA_STYLE_COLOUR ( '', #96 ) ;
#891 = UNCERTAINTY_MEASURE_WITH_UNIT (LENGTH_MEASURE( 1.000000000000000082E-05 ), #622, 'distance_accuracy_value', 'NONE');
#892 = CARTESIAN_POINT ( 'NONE',  ( -3.400000000000001243, 0.000000000000000000, -3.149999999999998579 ) ) ;
#893 = PRODUCT ( 'AMRU00060630220MA1', 'AMRU00060630220MA1', '', ( #569 ) ) ;
#894 = CARTESIAN_POINT ( 'NONE',  ( -3.149999999999999911, 0.2500000000000000000, -1.500000000000000000 ) ) ;
#895 = PRODUCT_DEFINITION_CONTEXT ( 'detailed design', #746, 'design' ) ;
#896 = UNCERTAINTY_MEASURE_WITH_UNIT (LENGTH_MEASURE( 1.000000000000000082E-05 ), #555, 'distance_accuracy_value', 'NONE');
#897 = CARTESIAN_POINT ( 'NONE',  ( -3.149999999999999911, 0.2500000000000002220, 1.600000000000000089 ) ) ;
#898 = CARTESIAN_POINT ( 'NONE',  ( 0.000000000000000000, 0.000000000000000000, 1.600000000000000089 ) ) ;
#899 = EDGE_CURVE ( 'NONE', #772, #865, #307, .T. ) ;
#900 = DIRECTION ( 'NONE',  ( -0.000000000000000000, -1.000000000000000000, -0.000000000000000000 ) ) ;
#901 = EDGE_CURVE ( 'NONE', #11, #772, #888, .T. ) ;
#902 = VECTOR ( 'NONE', #821, 1000.000000000000000 ) ;
#903 = DIRECTION ( 'NONE',  ( 0.000000000000000000, 0.000000000000000000, -1.000000000000000000 ) ) ;
#904 = AXIS2_PLACEMENT_3D ( 'NONE', #683, #237, #1129 ) ;
#905 = COLOUR_RGB ( '',0.6666666666666666297, 0.6980392156862744724, 0.7686274509803920907 ) ;
#906 =( NAMED_UNIT ( * ) PLANE_ANGLE_UNIT ( ) SI_UNIT ( $, .RADIAN. ) );
#907 = VECTOR ( 'NONE', #594, 1000.000000000000000 ) ;
#908 = PRODUCT_DEFINITION_FORMATION_WITH_SPECIFIED_SOURCE ( 'ANY', '', #893, .NOT_KNOWN. ) ;
#909 = VERTEX_POINT ( 'NONE', #516 ) ;
#910 = DIRECTION ( 'NONE',  ( 1.000000000000000000, 0.000000000000000000, 0.000000000000000000 ) ) ;
#911 = DIRECTION ( 'NONE',  ( -0.000000000000000000, 0.000000000000000000, 1.000000000000000000 ) ) ;
#912 = EDGE_CURVE ( 'NONE', #1246, #989, #472, .T. ) ;
#913 = CARTESIAN_POINT ( 'NONE',  ( -1.900000000000000133, 0.000000000000000000, -1.500000000000000000 ) ) ;
#914 = VERTEX_POINT ( 'NONE', #526 ) ;
#915 = FACE_OUTER_BOUND ( 'NONE', #1360, .T. ) ;
#916 = LINE ( 'NONE', #453, #599 ) ;
#917 = VERTEX_POINT ( 'NONE', #512 ) ;
#918 = LINE ( 'NONE', #913, #1408 ) ;
#919 = LINE ( 'NONE', #1289, #1066 ) ;
#920 = ORIENTED_EDGE ( 'NONE', *, *, #105, .T. ) ;
#921 = FACE_OUTER_BOUND ( 'NONE', #760, .T. ) ;
#922 =( LENGTH_UNIT ( ) NAMED_UNIT ( * ) SI_UNIT ( .MILLI., .METRE. ) );
#923 = VECTOR ( 'NONE', #1149, 1000.000000000000000 ) ;
#924 = ORIENTED_EDGE ( 'NONE', *, *, #1267, .T. ) ;
#925 = ADVANCED_FACE ( 'NONE', ( #1421 ), #647, .T. ) ;
#926 =( NAMED_UNIT ( * ) SI_UNIT ( $, .STERADIAN. ) SOLID_ANGLE_UNIT ( ) );
#927 = FILL_AREA_STYLE ('',( #467 ) ) ;
#928 = VECTOR ( 'NONE', #737, 1000.000000000000000 ) ;
#929 = ORIENTED_EDGE ( 'NONE', *, *, #744, .T. ) ;
#930 = VERTEX_POINT ( 'NONE', #878 ) ;
#931 = ORIENTED_EDGE ( 'NONE', *, *, #860, .T. ) ;
#932 =( GEOMETRIC_REPRESENTATION_CONTEXT ( 3 ) GLOBAL_UNCERTAINTY_ASSIGNED_CONTEXT ( ( #1113 ) ) GLOBAL_UNIT_ASSIGNED_CONTEXT ( ( #158, #1304, #298 ) ) REPRESENTATION_CONTEXT ( 'NONE', 'WORKASPACE' ) );
#933 = ORIENTED_EDGE ( 'NONE', *, *, #74, .F. ) ;
#934 = DIRECTION ( 'NONE',  ( 1.000000000000000000, 0.000000000000000000, 0.000000000000000000 ) ) ;
#935 = FACE_OUTER_BOUND ( 'NONE', #842, .T. ) ;
#936 = ORIENTED_EDGE ( 'NONE', *, *, #679, .F. ) ;
#937 = DIRECTION ( 'NONE',  ( -0.000000000000000000, -1.000000000000000000, 0.000000000000000000 ) ) ;
#938 = FACE_OUTER_BOUND ( 'NONE', #654, .T. ) ;
#939 = EDGE_LOOP ( 'NONE', ( #236, #167, #365, #509, #456, #609, #123, #148, #1026, #691, #281, #465, #885, #1148, #450, #267 ) ) ;
#940 = DIRECTION ( 'NONE',  ( 0.000000000000000000, -1.000000000000000000, 0.000000000000000000 ) ) ;
#941 = ORIENTED_EDGE ( 'NONE', *, *, #420, .F. ) ;
#942 = FACE_OUTER_BOUND ( 'NONE', #676, .T. ) ;
#943 = EDGE_CURVE ( 'NONE', #789, #1062, #320, .T. ) ;
#944 =( LENGTH_UNIT ( ) NAMED_UNIT ( * ) SI_UNIT ( .MILLI., .METRE. ) );
#945 = ORIENTED_EDGE ( 'NONE', *, *, #127, .F. ) ;
#946 = CARTESIAN_POINT ( 'NONE',  ( 3.149999999999999911, 0.000000000000000000, -1.600000000000000089 ) ) ;
#947 = DIRECTION ( 'NONE',  ( -1.376764663473657203E-16, -0.000000000000000000, -1.000000000000000000 ) ) ;
#948 = PRESENTATION_STYLE_ASSIGNMENT (( #1064 ) ) ;
#949 = VERTEX_POINT ( 'NONE', #1097 ) ;
#950 = DIRECTION ( 'NONE',  ( -1.000000000000000000, 0.000000000000000000, 0.000000000000000000 ) ) ;
#951 = EDGE_LOOP ( 'NONE', ( #941, #1209, #810, #45 ) ) ;
#952 = ADVANCED_FACE ( 'NONE', ( #867 ), #1401, .F. ) ;
#953 =( NAMED_UNIT ( * ) PLANE_ANGLE_UNIT ( ) SI_UNIT ( $, .RADIAN. ) );
#954 =( NAMED_UNIT ( * ) SI_UNIT ( $, .STERADIAN. ) SOLID_ANGLE_UNIT ( ) );
#955 = VERTEX_POINT ( 'NONE', #975 ) ;
#956 =( NAMED_UNIT ( * ) SI_UNIT ( $, .STERADIAN. ) SOLID_ANGLE_UNIT ( ) );
#957 = DIRECTION ( 'NONE',  ( -1.000000000000000000, 0.000000000000000000, -0.000000000000000000 ) ) ;
#958 = VECTOR ( 'NONE', #104, 1000.000000000000000 ) ;
#959 = LINE ( 'NONE', #263, #1183 ) ;
#960 = PRESENTATION_LAYER_ASSIGNMENT (  '', '', ( #1116 ) ) ;
#961 = ORIENTED_EDGE ( 'NONE', *, *, #78, .F. ) ;
#962 = LINE ( 'NONE', #629, #923 ) ;
#963 = DIRECTION ( 'NONE',  ( -0.000000000000000000, 0.000000000000000000, -1.000000000000000000 ) ) ;
#964 = ORIENTED_EDGE ( 'NONE', *, *, #256, .T. ) ;
#965 = CARTESIAN_POINT ( 'NONE',  ( 3.400000000000000355, 0.8000000000000000444, -1.500000000000000000 ) ) ;
#966 = EDGE_CURVE ( 'NONE', #1167, #846, #1184, .T. ) ;
#967 = VECTOR ( 'NONE', #251, 1000.000000000000000 ) ;
#968 = CARTESIAN_POINT ( 'NONE',  ( -1.800000000000000488, 0.000000000000000000, 1.600000000000000089 ) ) ;
#969 = ORIENTED_EDGE ( 'NONE', *, *, #1265, .T. ) ;
#970 = DIRECTION ( 'NONE',  ( 0.000000000000000000, 0.000000000000000000, 1.000000000000000000 ) ) ;
#971 = LINE ( 'NONE', #64, #1428 ) ;
#972 = ORIENTED_EDGE ( 'NONE', *, *, #764, .T. ) ;
#973 = EDGE_CURVE ( 'NONE', #1069, #314, #186, .T. ) ;
#974 = SURFACE_STYLE_FILL_AREA ( #1155 ) ;
#975 = CARTESIAN_POINT ( 'NONE',  ( -3.149999999999999911, 0.2500000000000002220, -1.600000000000000089 ) ) ;
#976 = CARTESIAN_POINT ( 'NONE',  ( -1.900000000000000133, -0.2500000000000000000, -1.500000000000000000 ) ) ;
#977 = PRESENTATION_STYLE_ASSIGNMENT (( #43 ) ) ;
#978 = ADVANCED_FACE ( 'NONE', ( #1429 ), #93, .F. ) ;
#979 = DIRECTION ( 'NONE',  ( -0.000000000000000000, -1.000000000000000000, -0.000000000000000000 ) ) ;
#980 = VECTOR ( 'NONE', #247, 1000.000000000000000 ) ;
#981 = CARTESIAN_POINT ( 'NONE',  ( -3.400000000000001243, 2.549999999999999822, -3.149999999999998579 ) ) ;
#982 = DIRECTION ( 'NONE',  ( -0.000000000000000000, -0.000000000000000000, 1.000000000000000000 ) ) ;
#983 = VECTOR ( 'NONE', #726, 1000.000000000000000 ) ;
#984 = COLOUR_RGB ( '',0.6666666666666666297, 0.6980392156862744724, 0.7686274509803920907 ) ;
#985 = CARTESIAN_POINT ( 'NONE',  ( -3.149999999999999023, 2.549999999999999822, -3.400000000000001243 ) ) ;
#986 = CARTESIAN_POINT ( 'NONE',  ( 3.149999999999999911, 0.8000000000000000444, -1.500000000000000000 ) ) ;
#987 = FACE_OUTER_BOUND ( 'NONE', #145, .T. ) ;
#988 = SURFACE_STYLE_USAGE ( .BOTH. , #1410 ) ;
#989 = VERTEX_POINT ( 'NONE', #1406 ) ;
#990 = ADVANCED_FACE ( 'NONE', ( #300 ), #541, .F. ) ;
#991 = FILL_AREA_STYLE ('',( #99 ) ) ;
#992 = ORIENTED_EDGE ( 'NONE', *, *, #901, .T. ) ;
#993 = LINE ( 'NONE', #985, #1411 ) ;
#994 = CARTESIAN_POINT ( 'NONE',  ( 0.000000000000000000, 1.000000000000000000, 1.600000000000000089 ) ) ;
#995 = FACE_OUTER_BOUND ( 'NONE', #362, .T. ) ;
#996 =( LENGTH_UNIT ( ) NAMED_UNIT ( * ) SI_UNIT ( .MILLI., .METRE. ) );
#997 = EDGE_CURVE ( 'NONE', #11, #198, #200, .T. ) ;
#998 = ORIENTED_EDGE ( 'NONE', *, *, #912, .F. ) ;
#999 = SURFACE_STYLE_FILL_AREA ( #991 ) ;
#1000 = SURFACE_STYLE_FILL_AREA ( #1202 ) ;
#1001 = CARTESIAN_POINT ( 'NONE',  ( 0.000000000000000000, 0.000000000000000000, -1.600000000000000089 ) ) ;
#1002 =( GEOMETRIC_REPRESENTATION_CONTEXT ( 3 ) GLOBAL_UNCERTAINTY_ASSIGNED_CONTEXT ( ( #445 ) ) GLOBAL_UNIT_ASSIGNED_CONTEXT ( ( #1292, #621, #60 ) ) REPRESENTATION_CONTEXT ( 'NONE', 'WORKASPACE' ) );
#1003 = SURFACE_SIDE_STYLE ('',( #889 ) ) ;
#1004 = VECTOR ( 'NONE', #734, 1000.000000000000000 ) ;
#1005 = EDGE_LOOP ( 'NONE', ( #1243, #1274, #1239, #709, #597, #505 ) ) ;
#1006 = UNCERTAINTY_MEASURE_WITH_UNIT (LENGTH_MEASURE( 1.000000000000000082E-05 ), #323, 'distance_accuracy_value', 'NONE');
#1007 = AXIS2_PLACEMENT_3D ( 'NONE', #1317, #1322, #424 ) ;
#1008 = EDGE_CURVE ( 'NONE', #40, #462, #435, .T. ) ;
#1009 = CARTESIAN_POINT ( 'NONE',  ( -3.400000000000000355, 0.000000000000000000, 1.600000000000000089 ) ) ;
#1010 = FILL_AREA_STYLE_COLOUR ( '', #1227 ) ;
#1011 = MECHANICAL_DESIGN_GEOMETRIC_PRESENTATION_REPRESENTATION (  '', ( #1235 ), #134 ) ;
#1012 = EDGE_CURVE ( 'NONE', #949, #1365, #1212, .T. ) ;
#1013 = PLANE ( 'NONE',  #184 ) ;
#1014 = CARTESIAN_POINT ( 'NONE',  ( 3.650000000000000355, -0.2499999999999985845, 1.500000000000000000 ) ) ;
#1015 = FACE_OUTER_BOUND ( 'NONE', #643, .T. ) ;
#1016 = UNCERTAINTY_MEASURE_WITH_UNIT (LENGTH_MEASURE( 1.000000000000000082E-05 ), #309, 'distance_accuracy_value', 'NONE');
#1017 = PLANE ( 'NONE',  #1305 ) ;
#1018 = ORIENTED_EDGE ( 'NONE', *, *, #1118, .F. ) ;
#1019 = EDGE_CURVE ( 'NONE', #1370, #1368, #1076, .T. ) ;
#1020 = VECTOR ( 'NONE', #910, 1000.000000000000000 ) ;
#1021 = DIRECTION ( 'NONE',  ( 1.000000000000000000, 0.000000000000000000, 0.000000000000000000 ) ) ;
#1022 = VECTOR ( 'NONE', #1362, 1000.000000000000000 ) ;
#1023 = DIRECTION ( 'NONE',  ( -0.000000000000000000, -0.000000000000000000, -1.000000000000000000 ) ) ;
#1024 = STYLED_ITEM ( 'NONE', ( #1165 ), #1386 ) ;
#1025 = DIRECTION ( 'NONE',  ( -0.000000000000000000, 0.000000000000000000, 1.000000000000000000 ) ) ;
#1026 = ORIENTED_EDGE ( 'NONE', *, *, #192, .F. ) ;
#1027 = VECTOR ( 'NONE', #535, 1000.000000000000000 ) ;
#1028 = CARTESIAN_POINT ( 'NONE',  ( 3.650000000000000355, -0.2499999999999986400, -1.500000000000000000 ) ) ;
#1029 =( LENGTH_UNIT ( ) NAMED_UNIT ( * ) SI_UNIT ( .MILLI., .METRE. ) );
#1030 = ORIENTED_EDGE ( 'NONE', *, *, #1216, .F. ) ;
#1031 = ADVANCED_FACE ( 'NONE', ( #79 ), #461, .T. ) ;
#1032 = FACE_OUTER_BOUND ( 'NONE', #416, .T. ) ;
#1033 = ORIENTED_EDGE ( 'NONE', *, *, #285, .F. ) ;
#1034 = CARTESIAN_POINT ( 'NONE',  ( -3.149999999999998135, 0.000000000000000000, 3.399999999999999023 ) ) ;
#1035 = DIRECTION ( 'NONE',  ( 0.000000000000000000, 0.000000000000000000, 1.000000000000000000 ) ) ;
#1036 = ORIENTED_EDGE ( 'NONE', *, *, #269, .T. ) ;
#1037 = FILL_AREA_STYLE_COLOUR ( '', #905 ) ;
#1038 = DIRECTION ( 'NONE',  ( 0.000000000000000000, 0.000000000000000000, 1.000000000000000000 ) ) ;
#1039 = VERTEX_POINT ( 'NONE', #229 ) ;
#1040 = AXIS2_PLACEMENT_3D ( 'NONE', #1215, #1192, #636 ) ;
#1041 = SURFACE_STYLE_USAGE ( .BOTH. , #140 ) ;
#1042 = VERTEX_POINT ( 'NONE', #788 ) ;
#1043 = ADVANCED_FACE ( 'NONE', ( #1119 ), #1329, .F. ) ;
#1044 = ORIENTED_EDGE ( 'NONE', *, *, #178, .T. ) ;
#1045 = CARTESIAN_POINT ( 'NONE',  ( 3.149999999999999911, 1.000000000000000000, 1.600000000000000089 ) ) ;
#1046 = EDGE_LOOP ( 'NONE', ( #390, #1334, #1287, #796 ) ) ;
#1047 = FILL_AREA_STYLE ('',( #275 ) ) ;
#1048 = ORIENTED_EDGE ( 'NONE', *, *, #899, .T. ) ;
#1049 = LINE ( 'NONE', #843, #278 ) ;
#1050 = SURFACE_STYLE_FILL_AREA ( #927 ) ;
#1051 = ADVANCED_FACE ( 'NONE', ( #689 ), #1017, .T. ) ;
#1052 = ADVANCED_BREP_SHAPE_REPRESENTATION ( 'AMRU00060630220MA1', ( #613, #1099, #138, #525 ), #35 ) ;
#1053 = ORIENTED_EDGE ( 'NONE', *, *, #816, .F. ) ;
#1054 = LINE ( 'NONE', #836, #209 ) ;
#1055 = ORIENTED_EDGE ( 'NONE', *, *, #402, .T. ) ;
#1056 = LINE ( 'NONE', #1384, #1430 ) ;
#1057 = VERTEX_POINT ( 'NONE', #553 ) ;
#1058 =( LENGTH_UNIT ( ) NAMED_UNIT ( * ) SI_UNIT ( .MILLI., .METRE. ) );
#1059 = CARTESIAN_POINT ( 'NONE',  ( -3.650000000000000355, 0.8000000000000000444, -1.500000000000000000 ) ) ;
#1060 = EDGE_LOOP ( 'NONE', ( #1398, #1161, #964, #1186 ) ) ;
#1061 = DIRECTION ( 'NONE',  ( 1.000000000000000000, 0.000000000000000000, 0.000000000000000000 ) ) ;
#1062 = VERTEX_POINT ( 'NONE', #2 ) ;
#1063 = VECTOR ( 'NONE', #268, 1000.000000000000000 ) ;
#1064 = SURFACE_STYLE_USAGE ( .BOTH. , #159 ) ;
#1065 = VECTOR ( 'NONE', #1437, 1000.000000000000000 ) ;
#1066 = VECTOR ( 'NONE', #1035, 1000.000000000000000 ) ;
#1067 = LINE ( 'NONE', #70, #108 ) ;
#1068 =( GEOMETRIC_REPRESENTATION_CONTEXT ( 3 ) GLOBAL_UNCERTAINTY_ASSIGNED_CONTEXT ( ( #561 ) ) GLOBAL_UNIT_ASSIGNED_CONTEXT ( ( #1379, #723, #254 ) ) REPRESENTATION_CONTEXT ( 'NONE', 'WORKASPACE' ) );
#1069 = VERTEX_POINT ( 'NONE', #681 ) ;
#1070 = SURFACE_STYLE_USAGE ( .BOTH. , #740 ) ;
#1071 =( NAMED_UNIT ( * ) PLANE_ANGLE_UNIT ( ) SI_UNIT ( $, .RADIAN. ) );
#1072 = ADVANCED_FACE ( 'NONE', ( #443 ), #334, .T. ) ;
#1073 = ORIENTED_EDGE ( 'NONE', *, *, #166, .T. ) ;
#1074 = DIRECTION ( 'NONE',  ( 0.000000000000000000, -1.000000000000000000, 0.000000000000000000 ) ) ;
#1075 = VECTOR ( 'NONE', #1358, 1000.000000000000000 ) ;
#1076 = LINE ( 'NONE', #1203, #1278 ) ;
#1077 = VERTEX_POINT ( 'NONE', #1014 ) ;
#1078 = LINE ( 'NONE', #397, #543 ) ;
#1079 = EDGE_CURVE ( 'NONE', #314, #949, #222, .T. ) ;
#1080 = PRESENTATION_STYLE_ASSIGNMENT (( #631 ) ) ;
#1081 = DIRECTION ( 'NONE',  ( 0.000000000000000000, -1.000000000000000000, 0.000000000000000000 ) ) ;
#1082 = LINE ( 'NONE', #976, #1367 ) ;
#1083 = FACE_OUTER_BOUND ( 'NONE', #939, .T. ) ;
#1084 = FACE_OUTER_BOUND ( 'NONE', #1299, .T. ) ;
#1085 = VERTEX_POINT ( 'NONE', #1238 ) ;
#1086 = PRESENTATION_STYLE_ASSIGNMENT (( #1413 ) ) ;
#1087 = DIRECTION ( 'NONE',  ( 0.000000000000000000, -1.000000000000000000, 0.000000000000000000 ) ) ;
#1088 = PRESENTATION_LAYER_ASSIGNMENT (  '', '', ( #122 ) ) ;
#1089 = ADVANCED_FACE ( 'NONE', ( #1224 ), #1439, .T. ) ;
#1090 = CARTESIAN_POINT ( 'NONE',  ( -3.400000000000000355, 1.000000000000000000, 1.600000000000000089 ) ) ;
#1091 = CARTESIAN_POINT ( 'NONE',  ( -3.400000000000001243, 2.549999999999999822, -3.149999999999998579 ) ) ;
#1092 = VECTOR ( 'NONE', #39, 1000.000000000000000 ) ;
#1093 = ORIENTED_EDGE ( 'NONE', *, *, #871, .T. ) ;
#1094 = COLOUR_RGB ( '',0.6666666666666666297, 0.6980392156862744724, 0.7686274509803920907 ) ;
#1095 = CARTESIAN_POINT ( 'NONE',  ( -3.149999999999999023, 2.549999999999999822, -3.400000000000000799 ) ) ;
#1096 = VECTOR ( 'NONE', #1214, 1000.000000000000000 ) ;
#1097 = CARTESIAN_POINT ( 'NONE',  ( -3.400000000000000355, 0.000000000000000000, -1.600000000000000089 ) ) ;
#1098 = PRODUCT_DEFINITION ( 'UNKNOWN', '', #908, #895 ) ;
#1099 = MANIFOLD_SOLID_BREP ( 'Thicken1', #189 ) ;
#1100 = CARTESIAN_POINT ( 'NONE',  ( -3.149999999999999023, 2.549999999999999822, -3.400000000000001243 ) ) ;
#1101 = CARTESIAN_POINT ( 'NONE',  ( 1.800000000000000488, 6.122526196321493881E-16, 1.600000000000000089 ) ) ;
#1102 = ORIENTED_EDGE ( 'NONE', *, *, #33, .F. ) ;
#1103 = CARTESIAN_POINT ( 'NONE',  ( -1.800000000000000488, 0.000000000000000000, -1.600000000000000089 ) ) ;
#1104 = FACE_OUTER_BOUND ( 'NONE', #951, .T. ) ;
#1105 = DIRECTION ( 'NONE',  ( -1.000000000000000000, 0.000000000000000000, 0.000000000000000000 ) ) ;
#1106 = CARTESIAN_POINT ( 'NONE',  ( 3.149999999999999911, 1.000000000000000000, -1.600000000000000089 ) ) ;
#1107 = CARTESIAN_POINT ( 'NONE',  ( -3.149999999999999911, 0.8000000000000000444, 1.500000000000000000 ) ) ;
#1108 = EDGE_CURVE ( 'NONE', #757, #1077, #1245, .T. ) ;
#1109 = UNCERTAINTY_MEASURE_WITH_UNIT (LENGTH_MEASURE( 1.000000000000000082E-05 ), #944, 'distance_accuracy_value', 'NONE');
#1110 = DIRECTION ( 'NONE',  ( 0.000000000000000000, 0.000000000000000000, 1.000000000000000000 ) ) ;
#1111 = COLOUR_RGB ( '',0.6666666666666666297, 0.6980392156862744724, 0.7686274509803920907 ) ;
#1112 = LINE ( 'NONE', #5, #1020 ) ;
#1113 = UNCERTAINTY_MEASURE_WITH_UNIT (LENGTH_MEASURE( 1.000000000000000082E-05 ), #158, 'distance_accuracy_value', 'NONE');
#1114 = PRESENTATION_LAYER_ASSIGNMENT (  '', '', ( #1323 ) ) ;
#1115 = EDGE_CURVE ( 'NONE', #1388, #1233, #155, .T. ) ;
#1116 = STYLED_ITEM ( 'NONE', ( #466 ), #1256 ) ;
#1117 = STYLED_ITEM ( 'NONE', ( #1086 ), #1425 ) ;
#1118 = EDGE_CURVE ( 'NONE', #40, #1324, #131, .T. ) ;
#1119 = FACE_OUTER_BOUND ( 'NONE', #3, .T. ) ;
#1120 = VECTOR ( 'NONE', #1191, 1000.000000000000000 ) ;
#1121 = PLANE ( 'NONE',  #623 ) ;
#1122 = FILL_AREA_STYLE ('',( #219 ) ) ;
#1123 = VERTEX_POINT ( 'NONE', #107 ) ;
#1124 = DIRECTION ( 'NONE',  ( 0.000000000000000000, 0.000000000000000000, 1.000000000000000000 ) ) ;
#1125 = UNCERTAINTY_MEASURE_WITH_UNIT (LENGTH_MEASURE( 1.000000000000000082E-05 ), #1277, 'distance_accuracy_value', 'NONE');
#1126 = DIRECTION ( 'NONE',  ( 1.000000000000000000, 0.000000000000000000, 0.000000000000000000 ) ) ;
#1127 = DIRECTION ( 'NONE',  ( -0.000000000000000000, -1.000000000000000000, -0.000000000000000000 ) ) ;
#1128 = ORIENTED_EDGE ( 'NONE', *, *, #853, .F. ) ;
#1129 = DIRECTION ( 'NONE',  ( -1.000000000000000000, -7.709882115452476194E-16, 0.000000000000000000 ) ) ;
#1130 = ORIENTED_EDGE ( 'NONE', *, *, #674, .F. ) ;
#1131 = MECHANICAL_DESIGN_GEOMETRIC_PRESENTATION_REPRESENTATION (  '', ( #63 ), #223 ) ;
#1132 = CARTESIAN_POINT ( 'NONE',  ( 0.000000000000000000, 0.2500000000000002220, -1.600000000000000089 ) ) ;
#1133 = ORIENTED_EDGE ( 'NONE', *, *, #1279, .F. ) ;
#1134 = CARTESIAN_POINT ( 'NONE',  ( 3.149999999999996358, 2.549999999999999822, -3.400000000000000799 ) ) ;
#1135 = DIRECTION ( 'NONE',  ( 1.376764663473657449E-16, 0.000000000000000000, 1.000000000000000000 ) ) ;
#1136 = ORIENTED_EDGE ( 'NONE', *, *, #1440, .T. ) ;
#1137 = EDGE_CURVE ( 'NONE', #106, #523, #550, .T. ) ;
#1138 = CARTESIAN_POINT ( 'NONE',  ( -3.150000000000000355, 0.000000000000000000, 3.149999999999999023 ) ) ;
#1139 = DIRECTION ( 'NONE',  ( -7.709882115452476194E-16, 1.000000000000000000, 0.000000000000000000 ) ) ;
#1140 = ORIENTED_EDGE ( 'NONE', *, *, #493, .F. ) ;
#1141 = CARTESIAN_POINT ( 'NONE',  ( -3.149999999999998135, 0.000000000000000000, 3.399999999999999023 ) ) ;
#1142 = ORIENTED_EDGE ( 'NONE', *, *, #244, .F. ) ;
#1143 = CARTESIAN_POINT ( 'NONE',  ( 3.399999999999999467, 2.549999999999999822, 3.149999999999996803 ) ) ;
#1144 = ORIENTED_EDGE ( 'NONE', *, *, #1153, .F. ) ;
#1145 = EDGE_CURVE ( 'NONE', #818, #1349, #36, .T. ) ;
#1146 = SURFACE_SIDE_STYLE ('',( #1347 ) ) ;
#1147 = ORIENTED_EDGE ( 'NONE', *, *, #1145, .F. ) ;
#1148 = ORIENTED_EDGE ( 'NONE', *, *, #350, .F. ) ;
#1149 = DIRECTION ( 'NONE',  ( -0.000000000000000000, -1.000000000000000000, 0.000000000000000000 ) ) ;
#1150 = SURFACE_STYLE_USAGE ( .BOTH. , #258 ) ;
#1151 = STYLED_ITEM ( 'NONE', ( #1284 ), #517 ) ;
#1152 = ORIENTED_EDGE ( 'NONE', *, *, #600, .T. ) ;
#1153 = EDGE_CURVE ( 'NONE', #1272, #1062, #823, .T. ) ;
#1154 =( GEOMETRIC_REPRESENTATION_CONTEXT ( 3 ) GLOBAL_UNCERTAINTY_ASSIGNED_CONTEXT ( ( #1228 ) ) GLOBAL_UNIT_ASSIGNED_CONTEXT ( ( #996, #542, #1417 ) ) REPRESENTATION_CONTEXT ( 'NONE', 'WORKASPACE' ) );
#1155 = FILL_AREA_STYLE ('',( #393 ) ) ;
#1156 = LINE ( 'NONE', #615, #248 ) ;
#1157 = AXIS2_PLACEMENT_3D ( 'NONE', #242, #1348, #345 ) ;
#1158 = ORIENTED_EDGE ( 'NONE', *, *, #1216, .T. ) ;
#1159 = CARTESIAN_POINT ( 'NONE',  ( -3.149999999999999911, 0.000000000000000000, -1.600000000000000089 ) ) ;
#1160 = PRESENTATION_LAYER_ASSIGNMENT (  '', '', ( #299 ) ) ;
#1161 = ORIENTED_EDGE ( 'NONE', *, *, #78, .T. ) ;
#1162 = DIRECTION ( 'NONE',  ( 0.000000000000000000, 0.000000000000000000, 1.000000000000000000 ) ) ;
#1163 = ORIENTED_EDGE ( 'NONE', *, *, #508, .F. ) ;
#1164 = SURFACE_SIDE_STYLE ('',( #277 ) ) ;
#1165 = PRESENTATION_STYLE_ASSIGNMENT (( #502 ) ) ;
#1166 = DIRECTION ( 'NONE',  ( -1.000000000000000000, -7.709882115452476194E-16, 0.000000000000000000 ) ) ;
#1167 = VERTEX_POINT ( 'NONE', #711 ) ;
#1168 = CARTESIAN_POINT ( 'NONE',  ( 1.900000000000000133, -0.2500000000000000000, -1.500000000000000000 ) ) ;
#1169 = EDGE_CURVE ( 'NONE', #462, #38, #67, .T. ) ;
#1170 = ORIENTED_EDGE ( 'NONE', *, *, #829, .T. ) ;
#1171 = PRESENTATION_STYLE_ASSIGNMENT (( #292 ) ) ;
#1172 =( NAMED_UNIT ( * ) PLANE_ANGLE_UNIT ( ) SI_UNIT ( $, .RADIAN. ) );
#1173 = CARTESIAN_POINT ( 'NONE',  ( -1.900000000000000133, -0.2500000000000000000, -1.500000000000000000 ) ) ;
#1174 = PLANE ( 'NONE',  #549 ) ;
#1175 = DIRECTION ( 'NONE',  ( -0.000000000000000000, -1.000000000000000000, 0.000000000000000000 ) ) ;
#1176 = ORIENTED_EDGE ( 'NONE', *, *, #1019, .F. ) ;
#1177 = CARTESIAN_POINT ( 'NONE',  ( -1.800000000000000488, 0.000000000000000000, 1.600000000000000089 ) ) ;
#1178 = DIRECTION ( 'NONE',  ( -1.000000000000000000, -7.709882115452476194E-16, 0.000000000000000000 ) ) ;
#1179 = DIRECTION ( 'NONE',  ( -1.376764663473657203E-16, -0.000000000000000000, -1.000000000000000000 ) ) ;
#1180 =( GEOMETRIC_REPRESENTATION_CONTEXT ( 3 ) GLOBAL_UNCERTAINTY_ASSIGNED_CONTEXT ( ( #1435 ) ) GLOBAL_UNIT_ASSIGNED_CONTEXT ( ( #1058, #857, #956 ) ) REPRESENTATION_CONTEXT ( 'NONE', 'WORKASPACE' ) );
#1181 = CARTESIAN_POINT ( 'NONE',  ( -3.149999999999999911, 0.8000000000000000444, 1.500000000000000000 ) ) ;
#1182 = VECTOR ( 'NONE', #519, 1000.000000000000000 ) ;
#1183 = VECTOR ( 'NONE', #1061, 1000.000000000000000 ) ;
#1184 = LINE ( 'NONE', #1306, #958 ) ;
#1185 = STYLED_ITEM ( 'NONE', ( #948 ), #1244 ) ;
#1186 = ORIENTED_EDGE ( 'NONE', *, *, #363, .F. ) ;
#1187 = SURFACE_STYLE_FILL_AREA ( #495 ) ;
#1188 =( LENGTH_UNIT ( ) NAMED_UNIT ( * ) SI_UNIT ( .MILLI., .METRE. ) );
#1189 = VECTOR ( 'NONE', #343, 1000.000000000000000 ) ;
#1190 = DIRECTION ( 'NONE',  ( 0.000000000000000000, 1.000000000000000000, 0.000000000000000000 ) ) ;
#1191 = DIRECTION ( 'NONE',  ( 1.000000000000000000, 0.000000000000000000, 0.000000000000000000 ) ) ;
#1192 = DIRECTION ( 'NONE',  ( -0.000000000000000000, -0.000000000000000000, -1.000000000000000000 ) ) ;
#1193 = DIRECTION ( 'NONE',  ( -1.000000000000000000, 0.000000000000000000, 0.000000000000000000 ) ) ;
#1194 = ORIENTED_EDGE ( 'NONE', *, *, #997, .F. ) ;
#1195 = EDGE_CURVE ( 'NONE', #1167, #1352, #23, .T. ) ;
#1196 = DIRECTION ( 'NONE',  ( -1.000000000000000000, 0.000000000000000000, 1.376764663473657203E-16 ) ) ;
#1197 = DIRECTION ( 'NONE',  ( 0.000000000000000000, 0.000000000000000000, 1.000000000000000000 ) ) ;
#1198 = EDGE_LOOP ( 'NONE', ( #924, #400, #933, #587 ) ) ;
#1199 = ORIENTED_EDGE ( 'NONE', *, *, #1008, .F. ) ;
#1200 = DIRECTION ( 'NONE',  ( 0.000000000000000000, 0.000000000000000000, 1.000000000000000000 ) ) ;
#1201 = EDGE_CURVE ( 'NONE', #638, #949, #1156, .T. ) ;
#1202 = FILL_AREA_STYLE ('',( #866 ) ) ;
#1203 = CARTESIAN_POINT ( 'NONE',  ( 1.800000000000000488, 0.2500000000000008882, -1.600000000000000089 ) ) ;
#1204 = AXIS2_PLACEMENT_3D ( 'NONE', #13, #457, #1350 ) ;
#1205 = VECTOR ( 'NONE', #701, 1000.000000000000000 ) ;
#1206 = DIRECTION ( 'NONE',  ( -3.212450881438533227E-16, 1.000000000000000000, 0.000000000000000000 ) ) ;
#1207 = CARTESIAN_POINT ( 'NONE',  ( -3.149999999999999911, 0.8000000000000000444, -1.500000000000000000 ) ) ;
#1208 = PRESENTATION_LAYER_ASSIGNMENT (  '', '', ( #1024 ) ) ;
#1209 = ORIENTED_EDGE ( 'NONE', *, *, #871, .F. ) ;
#1210 = CARTESIAN_POINT ( 'NONE',  ( -3.400000000000000355, 0.8000000000000000444, -1.500000000000000000 ) ) ;
#1211 = ORIENTED_EDGE ( 'NONE', *, *, #285, .T. ) ;
#1212 = LINE ( 'NONE', #1001, #928 ) ;
#1213 = AXIS2_PLACEMENT_3D ( 'NONE', #819, #678, #1038 ) ;
#1214 = DIRECTION ( 'NONE',  ( -1.376764663473657203E-16, -0.000000000000000000, -1.000000000000000000 ) ) ;
#1215 = CARTESIAN_POINT ( 'NONE',  ( -3.400000000000000355, 0.8000000000000000444, 1.500000000000000000 ) ) ;
#1216 = EDGE_CURVE ( 'NONE', #846, #909, #919, .T. ) ;
#1217 = CARTESIAN_POINT ( 'NONE',  ( -3.650000000000000355, 0.8000000000000000444, -1.500000000000000000 ) ) ;
#1218 =( NAMED_UNIT ( * ) SI_UNIT ( $, .STERADIAN. ) SOLID_ANGLE_UNIT ( ) );
#1219 = DIRECTION ( 'NONE',  ( 0.000000000000000000, -0.000000000000000000, -1.000000000000000000 ) ) ;
#1220 = FACE_OUTER_BOUND ( 'NONE', #252, .T. ) ;
#1221 = ORIENTED_EDGE ( 'NONE', *, *, #1420, .F. ) ;
#1222 = ORIENTED_EDGE ( 'NONE', *, *, #527, .F. ) ;
#1223 = UNCERTAINTY_MEASURE_WITH_UNIT (LENGTH_MEASURE( 1.000000000000000082E-05 ), #922, 'distance_accuracy_value', 'NONE');
#1224 = FACE_OUTER_BOUND ( 'NONE', #129, .T. ) ;
#1225 = COLOUR_RGB ( '',0.6666666666666666297, 0.6980392156862744724, 0.7686274509803920907 ) ;
#1226 = DIRECTION ( 'NONE',  ( 0.000000000000000000, 0.000000000000000000, 1.000000000000000000 ) ) ;
#1227 = COLOUR_RGB ( '',0.6666666666666666297, 0.6980392156862744724, 0.7686274509803920907 ) ;
#1228 = UNCERTAINTY_MEASURE_WITH_UNIT (LENGTH_MEASURE( 1.000000000000000082E-05 ), #996, 'distance_accuracy_value', 'NONE');
#1229 = AXIS2_PLACEMENT_3D ( 'NONE', #656, #640, #84 ) ;
#1230 = VECTOR ( 'NONE', #260, 1000.000000000000000 ) ;
#1231 = FILL_AREA_STYLE ('',( #253 ) ) ;
#1232 = DIRECTION ( 'NONE',  ( -0.000000000000000000, -1.000000000000000000, -0.000000000000000000 ) ) ;
#1233 = VERTEX_POINT ( 'NONE', #1141 ) ;
#1234 = PLANE ( 'NONE',  #904 ) ;
#1235 = STYLED_ITEM ( 'NONE', ( #62 ), #116 ) ;
#1236 = CARTESIAN_POINT ( 'NONE',  ( 3.149999999999999911, 0.8000000000000000444, -1.500000000000000000 ) ) ;
#1237 = ADVANCED_FACE ( 'NONE', ( #584 ), #55, .T. ) ;
#1238 = CARTESIAN_POINT ( 'NONE',  ( 3.400000000000000355, 1.000000000000000000, -1.600000000000000089 ) ) ;
#1239 = ORIENTED_EDGE ( 'NONE', *, *, #161, .F. ) ;
#1240 = CYLINDRICAL_SURFACE ( 'NONE', #316, 0.2499999999999997780 ) ;
#1241 = ORIENTED_EDGE ( 'NONE', *, *, #328, .T. ) ;
#1242 = DIRECTION ( 'NONE',  ( -1.000000000000000000, 0.000000000000000000, 0.000000000000000000 ) ) ;
#1243 = ORIENTED_EDGE ( 'NONE', *, *, #1315, .F. ) ;
#1244 = ADVANCED_FACE ( 'NONE', ( #938 ), #1174, .F. ) ;
#1245 = LINE ( 'NONE', #1326, #381 ) ;
#1246 = VERTEX_POINT ( 'NONE', #503 ) ;
#1247 = CYLINDRICAL_SURFACE ( 'NONE', #1204, 0.2500000000000002220 ) ;
#1248 = VECTOR ( 'NONE', #653, 1000.000000000000000 ) ;
#1249 = VECTOR ( 'NONE', #1382, 1000.000000000000000 ) ;
#1250 = PRESENTATION_STYLE_ASSIGNMENT (( #1150 ) ) ;
#1251 = VECTOR ( 'NONE', #581, 1000.000000000000000 ) ;
#1252 = ORIENTED_EDGE ( 'NONE', *, *, #1195, .F. ) ;
#1253 =( GEOMETRIC_REPRESENTATION_CONTEXT ( 3 ) GLOBAL_UNCERTAINTY_ASSIGNED_CONTEXT ( ( #896 ) ) GLOBAL_UNIT_ASSIGNED_CONTEXT ( ( #555, #120, #926 ) ) REPRESENTATION_CONTEXT ( 'NONE', 'WORKASPACE' ) );
#1254 = VERTEX_POINT ( 'NONE', #851 ) ;
#1255 = DIRECTION ( 'NONE',  ( 0.000000000000000000, 1.000000000000000000, 0.000000000000000000 ) ) ;
#1256 = ADVANCED_FACE ( 'NONE', ( #1296 ), #1013, .F. ) ;
#1257 = ADVANCED_FACE ( 'NONE', ( #786 ), #1121, .F. ) ;
#1258 = CARTESIAN_POINT ( 'NONE',  ( -1.900000000000000133, 0.2500000000000000000, -1.500000000000000000 ) ) ;
#1259 = VECTOR ( 'NONE', #29, 1000.000000000000000 ) ;
#1260 = ORIENTED_EDGE ( 'NONE', *, *, #218, .F. ) ;
#1261 = DIRECTION ( 'NONE',  ( 0.000000000000000000, 0.000000000000000000, 1.000000000000000000 ) ) ;
#1262 =( NAMED_UNIT ( * ) SI_UNIT ( $, .STERADIAN. ) SOLID_ANGLE_UNIT ( ) );
#1263 = ORIENTED_EDGE ( 'NONE', *, *, #413, .F. ) ;
#1264 = ORIENTED_EDGE ( 'NONE', *, *, #763, .T. ) ;
#1265 = EDGE_CURVE ( 'NONE', #1042, #48, #32, .T. ) ;
#1266 = CARTESIAN_POINT ( 'NONE',  ( -3.149999999999998135, 2.549999999999999822, 3.399999999999999023 ) ) ;
#1267 = EDGE_CURVE ( 'NONE', #1233, #875, #455, .T. ) ;
#1268 = EDGE_LOOP ( 'NONE', ( #1130, #854, #21, #1102 ) ) ;
#1269 = PLANE ( 'NONE',  #880 ) ;
#1270 = CARTESIAN_POINT ( 'NONE',  ( -1.800000000000000488, 0.000000000000000000, -1.600000000000000089 ) ) ;
#1271 = FILL_AREA_STYLE ('',( #172 ) ) ;
#1272 = VERTEX_POINT ( 'NONE', #897 ) ;
#1273 = PRESENTATION_STYLE_ASSIGNMENT (( #26 ) ) ;
#1274 = ORIENTED_EDGE ( 'NONE', *, *, #966, .F. ) ;
#1275 = PRESENTATION_STYLE_ASSIGNMENT (( #729 ) ) ;
#1276 = FACE_OUTER_BOUND ( 'NONE', #373, .T. ) ;
#1277 =( LENGTH_UNIT ( ) NAMED_UNIT ( * ) SI_UNIT ( .MILLI., .METRE. ) );
#1278 = VECTOR ( 'NONE', #210, 1000.000000000000000 ) ;
#1279 = EDGE_CURVE ( 'NONE', #1039, #48, #460, .T. ) ;
#1280 = ORIENTED_EDGE ( 'NONE', *, *, #328, .F. ) ;
#1281 = DIRECTION ( 'NONE',  ( 0.000000000000000000, 0.000000000000000000, 1.000000000000000000 ) ) ;
#1282 = AXIS2_PLACEMENT_3D ( 'NONE', #193, #90, #423 ) ;
#1283 = ORIENTED_EDGE ( 'NONE', *, *, #1339, .F. ) ;
#1284 = PRESENTATION_STYLE_ASSIGNMENT (( #1070 ) ) ;
#1285 = SURFACE_SIDE_STYLE ('',( #840 ) ) ;
#1286 = PRESENTATION_LAYER_ASSIGNMENT (  '', '', ( #1235 ) ) ;
#1287 = ORIENTED_EDGE ( 'NONE', *, *, #1420, .T. ) ;
#1288 = CARTESIAN_POINT ( 'NONE',  ( 0.000000000000000000, 0.000000000000000000, -1.600000000000000089 ) ) ;
#1289 = CARTESIAN_POINT ( 'NONE',  ( -3.650000000000000355, -0.2500000000000001110, -1.500000000000000000 ) ) ;
#1290 = CARTESIAN_POINT ( 'NONE',  ( -8.031127203596341695E-17, 0.2500000000000002776, 1.600000000000000089 ) ) ;
#1291 = ORIENTED_EDGE ( 'NONE', *, *, #997, .T. ) ;
#1292 =( LENGTH_UNIT ( ) NAMED_UNIT ( * ) SI_UNIT ( .MILLI., .METRE. ) );
#1293 = CARTESIAN_POINT ( 'NONE',  ( 3.149999999999999911, 0.8000000000000000444, 1.500000000000000000 ) ) ;
#1294 = DIRECTION ( 'NONE',  ( 1.000000000000000000, 0.000000000000000000, 0.000000000000000000 ) ) ;
#1295 = DIRECTION ( 'NONE',  ( 0.000000000000000000, -0.000000000000000000, 1.000000000000000000 ) ) ;
#1296 = FACE_OUTER_BOUND ( 'NONE', #203, .T. ) ;
#1297 = EDGE_CURVE ( 'NONE', #1085, #11, #571, .T. ) ;
#1298 = CARTESIAN_POINT ( 'NONE',  ( 3.149999999999997247, 0.000000000000000000, 3.399999999999999467 ) ) ;
#1299 = EDGE_LOOP ( 'NONE', ( #1383, #687, #468, #499 ) ) ;
#1300 = SURFACE_STYLE_USAGE ( .BOTH. , #382 ) ;
#1301 = CARTESIAN_POINT ( 'NONE',  ( 3.149999999999999911, 0.2500000000000013323, -1.600000000000000089 ) ) ;
#1302 = PRESENTATION_LAYER_ASSIGNMENT (  '', '', ( #88 ) ) ;
#1303 = ORIENTED_EDGE ( 'NONE', *, *, #74, .T. ) ;
#1304 =( NAMED_UNIT ( * ) PLANE_ANGLE_UNIT ( ) SI_UNIT ( $, .RADIAN. ) );
#1305 = AXIS2_PLACEMENT_3D ( 'NONE', #440, #779, #1333 ) ;
#1306 = CARTESIAN_POINT ( 'NONE',  ( -3.650000000000000355, 0.8000000000000000444, -1.500000000000000000 ) ) ;
#1307 = MECHANICAL_DESIGN_GEOMETRIC_PRESENTATION_REPRESENTATION (  '', ( #1361 ), #1253 ) ;
#1308 = DIRECTION ( 'NONE',  ( 1.000000000000000000, 0.000000000000000000, -1.376764663473657449E-16 ) ) ;
#1309 = PLANE ( 'NONE',  #1040 ) ;
#1310 = EDGE_CURVE ( 'NONE', #917, #1381, #918, .T. ) ;
#1311 = LINE ( 'NONE', #762, #592 ) ;
#1312 = VECTOR ( 'NONE', #1139, 1000.000000000000000 ) ;
#1313 = CARTESIAN_POINT ( 'NONE',  ( 3.149999999999996358, 0.000000000000000000, -3.400000000000000799 ) ) ;
#1314 = DIRECTION ( 'NONE',  ( 0.000000000000000000, 0.000000000000000000, -1.000000000000000000 ) ) ;
#1315 = EDGE_CURVE ( 'NONE', #846, #1381, #1332, .T. ) ;
#1316 = SURFACE_STYLE_USAGE ( .BOTH. , #1419 ) ;
#1317 = CARTESIAN_POINT ( 'NONE',  ( 3.149999999999999023, 2.549999999999999822, 3.149999999999999023 ) ) ;
#1318 = PLANE ( 'NONE',  #303 ) ;
#1319 = CARTESIAN_POINT ( 'NONE',  ( -3.400000000000000355, 1.000000000000000000, -1.600000000000000089 ) ) ;
#1320 = VERTEX_POINT ( 'NONE', #822 ) ;
#1321 = DIRECTION ( 'NONE',  ( 0.000000000000000000, 0.000000000000000000, 1.000000000000000000 ) ) ;
#1322 = DIRECTION ( 'NONE',  ( 0.000000000000000000, 1.000000000000000000, 0.000000000000000000 ) ) ;
#1323 = STYLED_ITEM ( 'NONE', ( #1273 ), #886 ) ;
#1324 = VERTEX_POINT ( 'NONE', #488 ) ;
#1325 = FACE_OUTER_BOUND ( 'NONE', #1268, .T. ) ;
#1326 = CARTESIAN_POINT ( 'NONE',  ( 3.650000000000000355, 0.8000000000000000444, 1.500000000000000000 ) ) ;
#1327 = AXIS2_PLACEMENT_3D ( 'NONE', #201, #1206, #1422 ) ;
#1328 = FILL_AREA_STYLE_COLOUR ( '', #1357 ) ;
#1329 = PLANE ( 'NONE',  #335 ) ;
#1330 = EDGE_CURVE ( 'NONE', #126, #930, #386, .T. ) ;
#1331 = APPLICATION_PROTOCOL_DEFINITION ( 'draft international standard', 'automotive_design', 1998, #746 ) ;
#1332 = LINE ( 'NONE', #333, #787 ) ;
#1333 = DIRECTION ( 'NONE',  ( 1.000000000000000000, 0.000000000000000000, 0.000000000000000000 ) ) ;
#1334 = ORIENTED_EDGE ( 'NONE', *, *, #244, .T. ) ;
#1335 = AXIS2_PLACEMENT_3D ( 'NONE', #1095, #1200, #884 ) ;
#1336 = LINE ( 'NONE', #337, #153 ) ;
#1337 = AXIS2_PLACEMENT_3D ( 'NONE', #649, #81, #411 ) ;
#1338 = UNCERTAINTY_MEASURE_WITH_UNIT (LENGTH_MEASURE( 1.000000000000000082E-05 ), #384, 'distance_accuracy_value', 'NONE');
#1339 = EDGE_CURVE ( 'NONE', #955, #1272, #401, .T. ) ;
#1340 = VECTOR ( 'NONE', #595, 1000.000000000000000 ) ;
#1341 = VECTOR ( 'NONE', #366, 1000.000000000000000 ) ;
#1342 = EDGE_CURVE ( 'NONE', #1246, #875, #1049, .T. ) ;
#1343 = CARTESIAN_POINT ( 'NONE',  ( -3.150000000000000355, 2.549999999999999822, 3.149999999999999023 ) ) ;
#1344 = ORIENTED_EDGE ( 'NONE', *, *, #1019, .T. ) ;
#1345 = EDGE_CURVE ( 'NONE', #989, #151, #77, .T. ) ;
#1346 = LINE ( 'NONE', #1258, #1189 ) ;
#1347 = SURFACE_STYLE_FILL_AREA ( #351 ) ;
#1348 = DIRECTION ( 'NONE',  ( 0.000000000000000000, 1.000000000000000000, 0.000000000000000000 ) ) ;
#1349 = VERTEX_POINT ( 'NONE', #1400 ) ;
#1350 = DIRECTION ( 'NONE',  ( 0.000000000000000000, 0.000000000000000000, -1.000000000000000000 ) ) ;
#1351 = CARTESIAN_POINT ( 'NONE',  ( 0.000000000000000000, 0.000000000000000000, 1.600000000000000089 ) ) ;
#1352 = VERTEX_POINT ( 'NONE', #146 ) ;
#1353 = PRESENTATION_STYLE_ASSIGNMENT (( #1041 ) ) ;
#1354 = ORIENTED_EDGE ( 'NONE', *, *, #192, .T. ) ;
#1355 = ADVANCED_FACE ( 'NONE', ( #283 ), #614, .F. ) ;
#1356 = CARTESIAN_POINT ( 'NONE',  ( -3.150000000000000799, 0.000000000000000000, -3.150000000000000799 ) ) ;
#1357 = COLOUR_RGB ( '',0.6666666666666666297, 0.6980392156862744724, 0.7686274509803920907 ) ;
#1358 = DIRECTION ( 'NONE',  ( -0.000000000000000000, -0.000000000000000000, 1.000000000000000000 ) ) ;
#1359 = AXIS2_PLACEMENT_3D ( 'NONE', #311, #290, #217 ) ;
#1360 = EDGE_LOOP ( 'NONE', ( #1211, #961, #697, #1036 ) ) ;
#1361 = STYLED_ITEM ( 'NONE', ( #228 ), #1257 ) ;
#1362 = DIRECTION ( 'NONE',  ( 0.000000000000000000, -1.000000000000000000, 0.000000000000000000 ) ) ;
#1363 = ORIENTED_EDGE ( 'NONE', *, *, #1012, .T. ) ;
#1364 =( LENGTH_UNIT ( ) NAMED_UNIT ( * ) SI_UNIT ( .MILLI., .METRE. ) );
#1365 = VERTEX_POINT ( 'NONE', #1270 ) ;
#1366 = DIRECTION ( 'NONE',  ( 1.000000000000000000, 0.000000000000000000, 0.000000000000000000 ) ) ;
#1367 = VECTOR ( 'NONE', #100, 1000.000000000000000 ) ;
#1368 = VERTEX_POINT ( 'NONE', #66 ) ;
#1369 = LINE ( 'NONE', #183, #477 ) ;
#1370 = VERTEX_POINT ( 'NONE', #1378 ) ;
#1371 = ORIENTED_EDGE ( 'NONE', *, *, #269, .F. ) ;
#1372 = LINE ( 'NONE', #1397, #1251 ) ;
#1373 = ORIENTED_EDGE ( 'NONE', *, *, #792, .T. ) ;
#1374 = CARTESIAN_POINT ( 'NONE',  ( 3.650000000000000355, 0.8000000000000000444, -1.500000000000000000 ) ) ;
#1375 = DIRECTION ( 'NONE',  ( -1.000000000000000000, -7.709882115452476194E-16, 0.000000000000000000 ) ) ;
#1376 = VERTEX_POINT ( 'NONE', #270 ) ;
#1377 = PLANE ( 'NONE',  #686 ) ;
#1378 = CARTESIAN_POINT ( 'NONE',  ( 1.800000000000000488, 0.2500000000000008882, -1.600000000000000089 ) ) ;
#1379 =( LENGTH_UNIT ( ) NAMED_UNIT ( * ) SI_UNIT ( .MILLI., .METRE. ) );
#1380 = ORIENTED_EDGE ( 'NONE', *, *, #1342, .T. ) ;
#1381 = VERTEX_POINT ( 'NONE', #1173 ) ;
#1382 = DIRECTION ( 'NONE',  ( -0.000000000000000000, -1.000000000000000000, -0.000000000000000000 ) ) ;
#1383 = ORIENTED_EDGE ( 'NONE', *, *, #831, .T. ) ;
#1384 = CARTESIAN_POINT ( 'NONE',  ( 3.399999999999998579, 2.549999999999999822, -3.149999999999999023 ) ) ;
#1385 = PRESENTATION_LAYER_ASSIGNMENT (  '', '', ( #1151 ) ) ;
#1386 = ADVANCED_FACE ( 'NONE', ( #832 ), #1389, .T. ) ;
#1387 = VECTOR ( 'NONE', #367, 1000.000000000000000 ) ;
#1388 = VERTEX_POINT ( 'NONE', #54 ) ;
#1389 = PLANE ( 'NONE',  #667 ) ;
#1390 = CARTESIAN_POINT ( 'NONE',  ( -3.149999999999999911, 0.8000000000000000444, -1.500000000000000000 ) ) ;
#1391 = ORIENTED_EDGE ( 'NONE', *, *, #783, .F. ) ;
#1392 = CARTESIAN_POINT ( 'NONE',  ( -1.900000000000000133, 0.000000000000000000, -1.500000000000000000 ) ) ;
#1393 = FILL_AREA_STYLE ('',( #177 ) ) ;
#1394 = ADVANCED_FACE ( 'NONE', ( #164 ), #736, .T. ) ;
#1395 = CARTESIAN_POINT ( 'NONE',  ( -3.150000000000000355, 2.549999999999999822, 3.149999999999999023 ) ) ;
#1396 = DIRECTION ( 'NONE',  ( 0.000000000000000000, -1.000000000000000000, 0.000000000000000000 ) ) ;
#1397 = CARTESIAN_POINT ( 'NONE',  ( 3.149999999999999911, 0.2500000000000009437, -1.500000000000000000 ) ) ;
#1398 = ORIENTED_EDGE ( 'NONE', *, *, #276, .F. ) ;
#1399 = DIRECTION ( 'NONE',  ( 0.000000000000000000, -1.000000000000000000, 0.000000000000000000 ) ) ;
#1400 = CARTESIAN_POINT ( 'NONE',  ( -3.149999999999999911, 1.000000000000000000, 1.600000000000000089 ) ) ;
#1401 = PLANE ( 'NONE',  #1229 ) ;
#1402 = EDGE_CURVE ( 'NONE', #16, #40, #626, .T. ) ;
#1403 = DIRECTION ( 'NONE',  ( 0.000000000000000000, 1.000000000000000000, 0.000000000000000000 ) ) ;
#1404 = MECHANICAL_DESIGN_GEOMETRIC_PRESENTATION_REPRESENTATION (  '', ( #377 ), #617 ) ;
#1405 =( NAMED_UNIT ( * ) SI_UNIT ( $, .STERADIAN. ) SOLID_ANGLE_UNIT ( ) );
#1406 = CARTESIAN_POINT ( 'NONE',  ( 3.399999999999999467, 2.549999999999999822, 3.149999999999996803 ) ) ;
#1407 = EDGE_CURVE ( 'NONE', #459, #684, #479, .T. ) ;
#1408 = VECTOR ( 'NONE', #700, 1000.000000000000000 ) ;
#1409 = LINE ( 'NONE', #751, #1027 ) ;
#1410 = SURFACE_SIDE_STYLE ('',( #202 ) ) ;
#1411 = VECTOR ( 'NONE', #207, 1000.000000000000000 ) ;
#1412 = DIRECTION ( 'NONE',  ( 0.000000000000000000, -1.000000000000000000, 0.000000000000000000 ) ) ;
#1413 = SURFACE_STYLE_USAGE ( .BOTH. , #438 ) ;
#1414 = COLOUR_RGB ( '',0.2980392156862745057, 0.2980392156862745057, 0.2980392156862745057 ) ;
#1415 = DIRECTION ( 'NONE',  ( -0.000000000000000000, -1.000000000000000000, 0.000000000000000000 ) ) ;
#1416 = CARTESIAN_POINT ( 'NONE',  ( 3.400000000000000355, 1.000000000000000000, 1.600000000000000089 ) ) ;
#1417 =( NAMED_UNIT ( * ) SI_UNIT ( $, .STERADIAN. ) SOLID_ANGLE_UNIT ( ) );
#1418 = ORIENTED_EDGE ( 'NONE', *, *, #1433, .T. ) ;
#1419 = SURFACE_SIDE_STYLE ('',( #999 ) ) ;
#1420 = EDGE_CURVE ( 'NONE', #914, #156, #1369, .T. ) ;
#1421 = FACE_OUTER_BOUND ( 'NONE', #576, .T. ) ;
#1422 = DIRECTION ( 'NONE',  ( -1.000000000000000000, -3.212450881438533227E-16, 0.000000000000000000 ) ) ;
#1423 = ORIENTED_EDGE ( 'NONE', *, *, #583, .T. ) ;
#1424 =( NAMED_UNIT ( * ) SI_UNIT ( $, .STERADIAN. ) SOLID_ANGLE_UNIT ( ) );
#1425 = ADVANCED_FACE ( 'NONE', ( #1104 ), #877, .T. ) ;
#1426 = ORIENTED_EDGE ( 'NONE', *, *, #1407, .T. ) ;
#1427 =( NAMED_UNIT ( * ) PLANE_ANGLE_UNIT ( ) SI_UNIT ( $, .RADIAN. ) );
#1428 = VECTOR ( 'NONE', #1179, 1000.000000000000000 ) ;
#1429 = FACE_OUTER_BOUND ( 'NONE', #705, .T. ) ;
#1430 = VECTOR ( 'NONE', #847, 1000.000000000000000 ) ;
#1431 =( GEOMETRIC_REPRESENTATION_CONTEXT ( 3 ) GLOBAL_UNCERTAINTY_ASSIGNED_CONTEXT ( ( #791 ) ) GLOBAL_UNIT_ASSIGNED_CONTEXT ( ( #1364, #704, #598 ) ) REPRESENTATION_CONTEXT ( 'NONE', 'WORKASPACE' ) );
#1432 = LINE ( 'NONE', #1106, #644 ) ;
#1433 = EDGE_CURVE ( 'NONE', #607, #1368, #1311, .T. ) ;
#1434 =( NAMED_UNIT ( * ) PLANE_ANGLE_UNIT ( ) SI_UNIT ( $, .RADIAN. ) );
#1435 = UNCERTAINTY_MEASURE_WITH_UNIT (LENGTH_MEASURE( 1.000000000000000082E-05 ), #1058, 'distance_accuracy_value', 'NONE');
#1436 = DIRECTION ( 'NONE',  ( 0.000000000000000000, 0.000000000000000000, -1.000000000000000000 ) ) ;
#1437 = DIRECTION ( 'NONE',  ( 1.000000000000000000, 0.000000000000000000, 0.000000000000000000 ) ) ;
#1438 = CARTESIAN_POINT ( 'NONE',  ( 3.400000000000000355, 0.8000000000000000444, 1.500000000000000000 ) ) ;
#1439 = CYLINDRICAL_SURFACE ( 'NONE', #837, 0.2500000000000002220 ) ;
#1440 = EDGE_CURVE ( 'NONE', #76, #1254, #993, .T. ) ;
ENDSEC;
END-ISO-10303-21;
