ISO-10303-21;
HEADER;
FILE_DESCRIPTION (( 'STEP AP214' ),
    '1' );
FILE_NAME ('BMRA00060630220MA1.STEP',
    '2025-08-27T07:30:08',
    ( '' ),
    ( '' ),
    'SwSTEP 2.0',
    'SolidWorks 2024',
    '' );
FILE_SCHEMA (( 'AUTOMOTIVE_DESIGN' ));
ENDSEC;

DATA;
#1 = ORIENTED_EDGE ( 'NONE', *, *, #1871, .F. ) ;
#2 = CARTESIAN_POINT ( 'NONE',  ( -0.5727548347504189952, 2.825000000000000622, -0.4560148599948500303 ) ) ;
#3 = DIRECTION ( 'NONE',  ( 1.000000000000000000, 0.000000000000000000, 0.000000000000000000 ) ) ;
#4 = CARTESIAN_POINT ( 'NONE',  ( -3.100000000000000089, 2.825000000000000178, -3.099999999999998757 ) ) ;
#5 = LINE ( 'NONE', #4057, #4293 ) ;
#6 = ORIENTED_EDGE ( 'NONE', *, *, #3605, .T. ) ;
#7 = CARTESIAN_POINT ( 'NONE',  ( 1.096433100163570540, 2.825000000000001066, -0.3697873365691913827 ) ) ;
#8 = CARTESIAN_POINT ( 'NONE',  ( -0.1318108974358976893, 2.774999999999999911, -0.1025641025641010340 ) ) ;
#9 = EDGE_LOOP ( 'NONE', ( #303, #2147, #189, #325 ) ) ;
#10 = CARTESIAN_POINT ( 'NONE',  ( -0.3059586771111802439, 2.775000000000000799, -0.7275966644056054422 ) ) ;
#11 = CARTESIAN_POINT ( 'NONE',  ( 0.5128205128205136631, 2.774999999999999911, -0.4999999999999985012 ) ) ;
#12 = ORIENTED_EDGE ( 'NONE', *, *, #4397, .F. ) ;
#13 = CARTESIAN_POINT ( 'NONE',  ( 0.5666513263584064264, 2.774999999999999911, -0.04391081711009106603 ) ) ;
#14 = ORIENTED_EDGE ( 'NONE', *, *, #1870, .F. ) ;
#15 = VECTOR ( 'NONE', #2730, 1000.000000000000000 ) ;
#16 = CARTESIAN_POINT ( 'NONE',  ( 0.2159228054939217600, 2.775000000000001243, -0.9583016753824314948 ) ) ;
#17 = CARTESIAN_POINT ( 'NONE',  ( -1.600000000000000311, 0.1499999999999999944, 1.600000000000000089 ) ) ;
#18 =( NAMED_UNIT ( * ) SI_UNIT ( $, .STERADIAN. ) SOLID_ANGLE_UNIT ( ) );
#19 = CARTESIAN_POINT ( 'NONE',  ( 0.5243641246724373151, 2.824999999999998845, -0.6752931148003514794 ) ) ;
#20 = CARTESIAN_POINT ( 'NONE',  ( -0.8226450651136633097, 2.774999999999999467, -0.9148232825177048388 ) ) ;
#21 = LINE ( 'NONE', #1186, #3775 ) ;
#22 = FILL_AREA_STYLE ('',( #2743 ) ) ;
#23 = CARTESIAN_POINT ( 'NONE',  ( 1.085152246695129108, 2.774999999999999467, -0.7055041209753445397 ) ) ;
#24 = CARTESIAN_POINT ( 'NONE',  ( -0.5384615384615378808, 2.825000000000000178, -0.7203525641025625426 ) ) ;
#25 = ORIENTED_EDGE ( 'NONE', *, *, #3048, .F. ) ;
#26 = EDGE_CURVE ( 'NONE', #1285, #1201, #3888, .T. ) ;
#27 = LINE ( 'NONE', #2240, #956 ) ;
#28 = SURFACE_STYLE_USAGE ( .BOTH. , #3067 ) ;
#29 = LINE ( 'NONE', #1096, #938 ) ;
#30 = CARTESIAN_POINT ( 'NONE',  ( 0.7604166666666676289, 2.774999999999999911, -0.07692307692307542855 ) ) ;
#31 = CIRCLE ( 'NONE', #577, 0.1999999999999996503 ) ;
#32 = ORIENTED_EDGE ( 'NONE', *, *, #3966, .F. ) ;
#33 = CARTESIAN_POINT ( 'NONE',  ( 0.9998032616381695714, 2.774999999999999467, -0.6631449869253421836 ) ) ;
#34 = AXIS2_PLACEMENT_3D ( 'NONE', #3047, #4538, #1198 ) ;
#35 = VERTEX_POINT ( 'NONE', #1680 ) ;
#36 = UNCERTAINTY_MEASURE_WITH_UNIT (LENGTH_MEASURE( 1.000000000000000082E-05 ), #3043, 'distance_accuracy_value', 'NONE');
#37 = CARTESIAN_POINT ( 'NONE',  ( 0.7272160101832636503, 2.774999999999999911, -0.9213346257194287015 ) ) ;
#38 = ORIENTED_EDGE ( 'NONE', *, *, #128, .T. ) ;
#39 = CARTESIAN_POINT ( 'NONE',  ( 0.4553987007027988643, 2.775000000000000355, -0.2229972992513165608 ) ) ;
#40 = CARTESIAN_POINT ( 'NONE',  ( 1.091801674932491473, 2.774999999999999023, -0.3309843472952718191 ) ) ;
#41 = EDGE_LOOP ( 'NONE', ( #707, #1436, #1028, #872 ) ) ;
#42 = AXIS2_PLACEMENT_3D ( 'NONE', #4336, #2491, #3982 ) ;
#43 = CARTESIAN_POINT ( 'NONE',  ( 0.2159228054939217600, 2.825000000000001066, -0.9583016753824314948 ) ) ;
#44 = CARTESIAN_POINT ( 'NONE',  ( -0.4534073042180760682, 2.825000000000000622, -0.7864674410876393296 ) ) ;
#45 = PLANE ( 'NONE',  #2669 ) ;
#46 = CARTESIAN_POINT ( 'NONE',  ( 0.6056897927740464427, 2.824999999999998845, -0.8552250950067891155 ) ) ;
#47 = CARTESIAN_POINT ( 'NONE',  ( -0.9797016046777040632, 2.774999999999999467, -0.7437255589688551716 ) ) ;
#48 = CARTESIAN_POINT ( 'NONE',  ( -0.9550907263937988834, 2.775000000000000355, -0.8101215690838008410 ) ) ;
#49 = CARTESIAN_POINT ( 'NONE',  ( 0.1385138300438621961, 2.824999999999999734, -0.5195311916253010365 ) ) ;
#50 = CARTESIAN_POINT ( 'NONE',  ( 1.003504263523292472, 2.775000000000000355, -0.8993850162498245870 ) ) ;
#51 = MECHANICAL_DESIGN_GEOMETRIC_PRESENTATION_REPRESENTATION (  '', ( #279 ), #976 ) ;
#52 = CARTESIAN_POINT ( 'NONE',  ( -0.5848108453881426527, 2.825000000000000178, -0.5788399692513522821 ) ) ;
#53 = ORIENTED_EDGE ( 'NONE', *, *, #2866, .F. ) ;
#54 = ADVANCED_FACE ( 'NONE', ( #649 ), #1745, .T. ) ;
#55 = CARTESIAN_POINT ( 'NONE',  ( 1.004411468141751085, 2.774999999999999911, -0.1016226726148330844 ) ) ;
#56 = CARTESIAN_POINT ( 'NONE',  ( -3.275000000000000355, 0.07499999999999933109, 1.500000000000000000 ) ) ;
#57 = CARTESIAN_POINT ( 'NONE',  ( 0.8819106667655070009, 2.775000000000000799, -0.1160675986004362087 ) ) ;
#58 = DIRECTION ( 'NONE',  ( 0.000000000000000000, 0.000000000000000000, 1.000000000000000000 ) ) ;
#59 = ORIENTED_EDGE ( 'NONE', *, *, #4748, .T. ) ;
#60 = EDGE_CURVE ( 'NONE', #2527, #1833, #4693, .T. ) ;
#61 = DIRECTION ( 'NONE',  ( -1.000000000000000000, 0.000000000000000000, 0.000000000000000000 ) ) ;
#62 = CARTESIAN_POINT ( 'NONE',  ( -1.075189446341948241, 2.824999999999999289, -0.7275966644056048871 ) ) ;
#63 = ORIENTED_EDGE ( 'NONE', *, *, #2566, .F. ) ;
#64 = CARTESIAN_POINT ( 'NONE',  ( 0.3205128205128203178, 2.774999999999999911, -0.7283653846153831379 ) ) ;
#65 = ORIENTED_EDGE ( 'NONE', *, *, #4695, .T. ) ;
#66 = CARTESIAN_POINT ( 'NONE',  ( 0.3090868341471582625, 2.775000000000000355, -0.8141094990281101396 ) ) ;
#67 = B_SPLINE_SURFACE_WITH_KNOTS ( 'NONE', 3, 1, ( 
 ( #3441, #1937 ),
 ( #1557, #3080 ),
 ( #897, #2719 ),
 ( #4526, #1583 ),
 ( #1183, #1263 ),
 ( #98, #854 ),
 ( #2340, #481 ),
 ( #4213, #1961 ),
 ( #877, #2368 ),
 ( #4235, #579 ),
 ( #919, #188 ) ),
 .UNSPECIFIED., .F., .F., .F.,
 ( 4, 1, 1, 1, 1, 1, 1, 1, 4 ),
 ( 2, 2 ),
 ( 0.000000000000000000, 0.1105883385953361775, 0.2245417540535958600, 0.3425034940501039959, 0.4643240984173580554, 0.5907560327017665758, 0.7222274753555144589, 0.8588428362087242585, 1.000000000000000000 ),
 ( 0.000000000000000000, 1.000000000000000000 ),
 .UNSPECIFIED. ) ;
#68 = CARTESIAN_POINT ( 'NONE',  ( 0.2177724505829597423, 2.825000000000000622, -0.4818703942471362911 ) ) ;
#69 = CARTESIAN_POINT ( 'NONE',  ( 3.225000000000001421, 0.07500000000000019151, 1.500000000000000000 ) ) ;
#70 = CARTESIAN_POINT ( 'NONE',  ( -1.002306367443236423, 2.774999999999999911, -0.9081334160426974833 ) ) ;
#71 = CARTESIAN_POINT ( 'NONE',  ( -0.9871794871794865589, 2.774999999999999911, -0.6923076923076907363 ) ) ;
#72 = DIRECTION ( 'NONE',  ( 0.000000000000000000, 0.000000000000000000, -1.000000000000000000 ) ) ;
#73 = CARTESIAN_POINT ( 'NONE',  ( 0.6248202980008596974, 2.825000000000000178, -0.005210481817908207622 ) ) ;
#74 = FACE_OUTER_BOUND ( 'NONE', #41, .T. ) ;
#75 = CARTESIAN_POINT ( 'NONE',  ( 1.045218853619390043, 2.774999999999999911, -0.8280135706951003982 ) ) ;
#76 = CARTESIAN_POINT ( 'NONE',  ( 0.3205128205128203178, 2.774999999999999911, -0.7283653846153831379 ) ) ;
#77 = B_SPLINE_CURVE_WITH_KNOTS ( 'NONE', 3,
 ( #11, #1448, #2954, #4758, #746, #3721, #2250, #4421, #2579, #4112, #3744, #1471, #2173, #1030, #2532, #1421, #2979, #4442, #1102, #2602, #4088, #2227, #380 ),
 .UNSPECIFIED., .F., .F.,
 ( 4, 1, 1, 1, 1, 1, 1, 1, 1, 1, 1, 1, 1, 1, 1, 1, 1, 1, 1, 1, 4 ),
 ( 0.000000000000000000, 0.07295106587586651370, 0.1415836941865450671, 0.2059264601708669651, 0.2653013571846054020, 0.3205972327139282041, 0.3718165030988103137, 0.4187897697094520866, 0.4616987286157646087, 0.5021335821035655123, 0.5408043152926480523, 0.5781805253279662660, 0.6142968652075145863, 0.6496782432647874028, 0.6842994600896378232, 0.7183589527723608370, 0.7520808646475967141, 0.8176524386023854563, 0.8797220764054372033, 0.9399655597309874988, 1.000000000000000000 ),
 .UNSPECIFIED. ) ;
#78 = EDGE_LOOP ( 'NONE', ( #848, #4707, #3644, #4753, #2950, #4438, #1060, #755, #3894, #2307, #1546, #2997 ) ) ;
#79 = PRESENTATION_LAYER_ASSIGNMENT (  '', '', ( #4046 ) ) ;
#80 = CARTESIAN_POINT ( 'NONE',  ( 0.1385138300438621961, 2.774999999999999467, -0.5195311916253010365 ) ) ;
#81 = CARTESIAN_POINT ( 'NONE',  ( 1.102564102564103532, 2.774999999999999911, -0.4995993589743574770 ) ) ;
#82 = CARTESIAN_POINT ( 'NONE',  ( 1.875000000000001776, -0.1749999999999993505, -1.500000000000000000 ) ) ;
#83 = CARTESIAN_POINT ( 'NONE',  ( -3.275000000000000355, 1.275000000000000355, 1.500000000000000000 ) ) ;
#84 =( LENGTH_UNIT ( ) NAMED_UNIT ( * ) SI_UNIT ( .MILLI., .METRE. ) );
#85 = VERTEX_POINT ( 'NONE', #4715 ) ;
#86 = STYLED_ITEM ( 'NONE', ( #3196 ), #2394 ) ;
#87 = FILL_AREA_STYLE_COLOUR ( '', #2627 ) ;
#88 = CARTESIAN_POINT ( 'NONE',  ( -3.149999999999999911, 1.636074467135545163, 1.600000000000000977 ) ) ;
#89 = ORIENTED_EDGE ( 'NONE', *, *, #178, .F. ) ;
#90 = CARTESIAN_POINT ( 'NONE',  ( 0.6192026798470070537, 2.774999999999999911, -0.1322850230234662028 ) ) ;
#91 = VECTOR ( 'NONE', #2315, 1000.000000000000000 ) ;
#92 = CARTESIAN_POINT ( 'NONE',  ( 1.068742688633500082, 2.775000000000000799, -0.2290568790191876425 ) ) ;
#93 = EDGE_CURVE ( 'NONE', #3190, #3412, #587, .T. ) ;
#94 = ORIENTED_EDGE ( 'NONE', *, *, #3546, .F. ) ;
#95 = DIRECTION ( 'NONE',  ( 1.000000000000000000, 0.000000000000000000, 0.000000000000000000 ) ) ;
#96 = CARTESIAN_POINT ( 'NONE',  ( 1.033228202738523782, 2.774999999999999467, -0.1473843982179181278 ) ) ;
#97 = CARTESIAN_POINT ( 'NONE',  ( 0.7604166666666676289, 2.775000000000000799, -0.07692307692307542855 ) ) ;
#98 = CARTESIAN_POINT ( 'NONE',  ( 1.003787627568891061, 2.774999999999999467, -0.3639209096807292654 ) ) ;
#99 = CARTESIAN_POINT ( 'NONE',  ( 0.1464358321538457852, 2.774999999999999467, -0.3994534110037841201 ) ) ;
#100 = CARTESIAN_POINT ( 'NONE',  ( 0.01382211538461514296, 2.774999999999999911, -0.9230769230769216849 ) ) ;
#101 = MECHANICAL_DESIGN_GEOMETRIC_PRESENTATION_REPRESENTATION (  '', ( #1097 ), #4448 ) ;
#102 = CARTESIAN_POINT ( 'NONE',  ( -0.4490150650220922079, 2.774999999999999911, -0.7382584791864081897 ) ) ;
#103 = CARTESIAN_POINT ( 'NONE',  ( 0.2064238393370619040, 2.825000000000000622, -0.8152931048998598440 ) ) ;
#104 = FILL_AREA_STYLE_COLOUR ( '', #822 ) ;
#105 = ORIENTED_EDGE ( 'NONE', *, *, #2420, .T. ) ;
#106 = EDGE_CURVE ( 'NONE', #478, #4491, #3205, .T. ) ;
#107 = FACE_OUTER_BOUND ( 'NONE', #1782, .T. ) ;
#108 = LINE ( 'NONE', #492, #4601 ) ;
#109 = CARTESIAN_POINT ( 'NONE',  ( 0.1123234665109219127, 2.774999999999999467, -1.013763736449899699 ) ) ;
#110 = DIRECTION ( 'NONE',  ( -0.000000000000000000, 0.000000000000000000, 1.000000000000000000 ) ) ;
#111 = EDGE_LOOP ( 'NONE', ( #1858, #3666, #3613, #3280 ) ) ;
#112 = FILL_AREA_STYLE ('',( #2434 ) ) ;
#113 = CARTESIAN_POINT ( 'NONE',  ( 0.01382211538461514296, 2.825000000000000178, -0.9230769230769216849 ) ) ;
#114 = ORIENTED_EDGE ( 'NONE', *, *, #3727, .T. ) ;
#115 = CARTESIAN_POINT ( 'NONE',  ( 0.5245639267230247649, 2.824999999999996181, -0.3252297478939839559 ) ) ;
#116 = COLOUR_RGB ( '',0.1098039215686274495, 0.1098039215686274495, 0.1098039215686274495 ) ;
#117 = ORIENTED_EDGE ( 'NONE', *, *, #3078, .F. ) ;
#118 = LINE ( 'NONE', #2717, #1515 ) ;
#119 = STYLED_ITEM ( 'NONE', ( #567 ), #1484 ) ;
#120 = SURFACE_STYLE_FILL_AREA ( #1608 ) ;
#121 = VECTOR ( 'NONE', #2349, 1000.000000000000000 ) ;
#122 = CARTESIAN_POINT ( 'NONE',  ( 0.3190755814768209131, 2.774999999999999911, -0.6868242596087864582 ) ) ;
#123 = CARTESIAN_POINT ( 'NONE',  ( 0.5478939712765036330, 2.825000000000000622, -0.9388800818919919022 ) ) ;
#124 = CARTESIAN_POINT ( 'NONE',  ( -3.300000000000000266, 2.725000000000000533, -1.599999999999998757 ) ) ;
#125 = CARTESIAN_POINT ( 'NONE',  ( 0.7109300120628695430, 2.825000000000000622, 0.02252684024548010089 ) ) ;
#126 = FACE_OUTER_BOUND ( 'NONE', #331, .T. ) ;
#127 = CARTESIAN_POINT ( 'NONE',  ( 0.1349322730347350952, 2.825000000000000178, -0.8896602575737417862 ) ) ;
#128 = EDGE_CURVE ( 'NONE', #3621, #4396, #1205, .T. ) ;
#129 = DIRECTION ( 'NONE',  ( 0.000000000000000000, -0.000000000000000000, -1.000000000000000000 ) ) ;
#130 = VECTOR ( 'NONE', #1346, 1000.000000000000114 ) ;
#131 = ORIENTED_EDGE ( 'NONE', *, *, #419, .T. ) ;
#132 = PRESENTATION_LAYER_ASSIGNMENT (  '', '', ( #279 ) ) ;
#133 = CARTESIAN_POINT ( 'NONE',  ( 1.011180380052054684, 2.775000000000000799, -0.5699654051316406234 ) ) ;
#134 = CARTESIAN_POINT ( 'NONE',  ( 0.7339735621884266870, 2.824999999999999734, 0.02524504924210548701 ) ) ;
#135 = CARTESIAN_POINT ( 'NONE',  ( 0.9749599358974369023, 2.825000000000000178, -0.2485977564102548887 ) ) ;
#136 = FACE_OUTER_BOUND ( 'NONE', #2231, .T. ) ;
#137 = ORIENTED_EDGE ( 'NONE', *, *, #2384, .T. ) ;
#138 = SURFACE_STYLE_USAGE ( .BOTH. , #2359 ) ;
#139 = CARTESIAN_POINT ( 'NONE',  ( -0.9010416666666660745, 2.774999999999999911, -0.1025641025641009785 ) ) ;
#140 = ORIENTED_EDGE ( 'NONE', *, *, #869, .F. ) ;
#141 = CARTESIAN_POINT ( 'NONE',  ( 3.375000000000000888, 1.525000000000001243, 1.500000000000000000 ) ) ;
#142 = CARTESIAN_POINT ( 'NONE',  ( 0.6382037491450669453, 2.824999999999996625, -0.1169344930150459927 ) ) ;
#143 = ORIENTED_EDGE ( 'NONE', *, *, #3689, .F. ) ;
#144 = CARTESIAN_POINT ( 'NONE',  ( 1.007602786396706751, 2.775000000000000799, -0.3960465385410101846 ) ) ;
#145 = CARTESIAN_POINT ( 'NONE',  ( 0.9487000189283927298, 2.825000000000000622, -0.1902592057888075894 ) ) ;
#146 = DIRECTION ( 'NONE',  ( -0.000000000000000000, -0.000000000000000000, -1.000000000000000000 ) ) ;
#147 = EDGE_CURVE ( 'NONE', #3509, #1693, #1311, .T. ) ;
#148 = CARTESIAN_POINT ( 'NONE',  ( 0.4767678876123549458, 2.825000000000000622, -0.1674336310984921861 ) ) ;
#149 = CARTESIAN_POINT ( 'NONE',  ( 3.100000000000000533, 2.825000000000000178, 3.100000000000001421 ) ) ;
#150 = CARTESIAN_POINT ( 'NONE',  ( 0.2305875901122536320, 2.774999999999999911, -0.7271758207913655569 ) ) ;
#151 = CARTESIAN_POINT ( 'NONE',  ( 0.2980933530481197358, 2.824999999999999289, -0.6067929976867492137 ) ) ;
#152 = CARTESIAN_POINT ( 'NONE',  ( 0.7653675467207435856, 2.774999999999999911, 0.02552521479611232630 ) ) ;
#153 = ORIENTED_EDGE ( 'NONE', *, *, #3997, .T. ) ;
#154 = SURFACE_SIDE_STYLE ('',( #3505 ) ) ;
#155 = ADVANCED_FACE ( 'NONE', ( #2447 ), #2516, .T. ) ;
#156 = EDGE_CURVE ( 'NONE', #3422, #2401, #1404, .T. ) ;
#157 = SURFACE_STYLE_USAGE ( .BOTH. , #4325 ) ;
#158 = CARTESIAN_POINT ( 'NONE',  ( 0.2307692307692305322, 2.824999999999996625, -0.7203525641025626536 ) ) ;
#159 = CARTESIAN_POINT ( 'NONE',  ( 1.019436823856902041, 2.775000000000000355, -0.1236226003094494097 ) ) ;
#160 = DIRECTION ( 'NONE',  ( 1.000000000000000000, 0.000000000000000000, 0.000000000000000000 ) ) ;
#161 = ORIENTED_EDGE ( 'NONE', *, *, #3865, .F. ) ;
#162 = CARTESIAN_POINT ( 'NONE',  ( 0.2305875901122536320, 2.825000000000000178, -0.7271758207913655569 ) ) ;
#163 = CARTESIAN_POINT ( 'NONE',  ( -0.6011539906555153356, 2.775000000000000355, -0.8634301744603615214 ) ) ;
#164 = DIRECTION ( 'NONE',  ( -1.000000000000000000, -4.216341781888074059E-16, 0.000000000000000000 ) ) ;
#165 = CARTESIAN_POINT ( 'NONE',  ( 0.7653648528270287077, 2.825000000000000178, -1.025501649876548349 ) ) ;
#166 = ORIENTED_EDGE ( 'NONE', *, *, #1780, .T. ) ;
#167 = EDGE_CURVE ( 'NONE', #4185, #3147, #3366, .T. ) ;
#168 = SURFACE_STYLE_FILL_AREA ( #3464 ) ;
#169 = DIRECTION ( 'NONE',  ( 8.131516293641283255E-16, 1.355252715606880543E-16, 1.000000000000000000 ) ) ;
#170 = ORIENTED_EDGE ( 'NONE', *, *, #3554, .T. ) ;
#171 = VECTOR ( 'NONE', #761, 1000.000000000000000 ) ;
#172 = CARTESIAN_POINT ( 'NONE',  ( 0.6041400709714440653, 2.774999999999999911, -0.9829390888979427920 ) ) ;
#173 = CARTESIAN_POINT ( 'NONE',  ( 3.100000000000000089, 0.000000000000000000, -3.099999999999999645 ) ) ;
#174 = CARTESIAN_POINT ( 'NONE',  ( -0.6011539906555153356, 2.825000000000000622, -0.8634301744603615214 ) ) ;
#175 = CARTESIAN_POINT ( 'NONE',  ( 0.1954314450748911580, 2.775000000000000355, -0.8320466706723170791 ) ) ;
#176 = EDGE_LOOP ( 'NONE', ( #1622, #2736, #1980, #2295 ) ) ;
#177 = DIRECTION ( 'NONE',  ( 0.000000000000000000, -0.000000000000000000, -1.000000000000000000 ) ) ;
#178 = EDGE_CURVE ( 'NONE', #1600, #3323, #4028, .T. ) ;
#179 = CARTESIAN_POINT ( 'NONE',  ( 0.8929186592610665052, 2.824999999999997069, -0.005909177136580415213 ) ) ;
#180 = CARTESIAN_POINT ( 'NONE',  ( -0.03190407373322010076, 2.825000000000000178, -0.9196649512025438788 ) ) ;
#181 = ORIENTED_EDGE ( 'NONE', *, *, #156, .T. ) ;
#182 = ADVANCED_FACE ( 'NONE', ( #4123 ), #429, .T. ) ;
#183 = CARTESIAN_POINT ( 'NONE',  ( -0.04691298100616272254, 2.775000000000000355, -1.020402574789529782 ) ) ;
#184 = CARTESIAN_POINT ( 'NONE',  ( -0.6011539906555153356, 2.824999999999999734, -0.8634301744603615214 ) ) ;
#185 = CARTESIAN_POINT ( 'NONE',  ( 2.300000000000002043, 1.636074467135545163, 1.600000000000001643 ) ) ;
#186 = ORIENTED_EDGE ( 'NONE', *, *, #2873, .F. ) ;
#187 = DIRECTION ( 'NONE',  ( -0.000000000000000000, -0.000000000000000000, -1.000000000000000000 ) ) ;
#188 = CARTESIAN_POINT ( 'NONE',  ( 1.012820512820513663, 2.825000000000000178, -0.4999999999999985012 ) ) ;
#189 = ORIENTED_EDGE ( 'NONE', *, *, #3583, .T. ) ;
#190 = CARTESIAN_POINT ( 'NONE',  ( 0.6665583437991784432, 2.774999999999999467, -1.011831386535916755 ) ) ;
#191 = VECTOR ( 'NONE', #3588, 1000.000000000000000 ) ;
#192 = EDGE_CURVE ( 'NONE', #4230, #3090, #2303, .T. ) ;
#193 = FILL_AREA_STYLE ('',( #2009 ) ) ;
#194 = DIRECTION ( 'NONE',  ( 1.000000000000000000, 0.000000000000000000, -0.000000000000000000 ) ) ;
#195 = VECTOR ( 'NONE', #1472, 1000.000000000000000 ) ;
#196 = CARTESIAN_POINT ( 'NONE',  ( -3.475000000000000533, 1.425000000000000266, -1.500000000000000000 ) ) ;
#197 = CARTESIAN_POINT ( 'NONE',  ( 0.1727574579972938895, 2.825000000000001066, -0.4284449268011606415 ) ) ;
#198 = AXIS2_PLACEMENT_3D ( 'NONE', #2134, #1336, #3608 ) ;
#199 = SURFACE_STYLE_USAGE ( .BOTH. , #1746 ) ;
#200 = LINE ( 'NONE', #972, #2701 ) ;
#201 = VECTOR ( 'NONE', #2877, 1000.000000000000000 ) ;
#202 = CARTESIAN_POINT ( 'NONE',  ( 0.4767678876123549458, 2.775000000000000355, -0.1674336310984921861 ) ) ;
#203 = CARTESIAN_POINT ( 'NONE',  ( 0.3002136515931210226, 2.775000000000000355, -0.8409297928603075567 ) ) ;
#204 = EDGE_CURVE ( 'NONE', #4160, #4108, #2721, .T. ) ;
#205 = CARTESIAN_POINT ( 'NONE',  ( 0.5129150875056489589, 2.824999999999999734, -0.5394807262443188645 ) ) ;
#206 = ORIENTED_EDGE ( 'NONE', *, *, #3606, .F. ) ;
#207 = AXIS2_PLACEMENT_3D ( 'NONE', #4436, #372, #2573 ) ;
#208 = CARTESIAN_POINT ( 'NONE',  ( 0.3196312974950044072, 2.824999999999999289, -0.7577174950857638036 ) ) ;
#209 = LINE ( 'NONE', #3233, #4138 ) ;
#210 = CARTESIAN_POINT ( 'NONE',  ( -1.875000000000000888, -0.1749999999999998224, 1.500000000000000000 ) ) ;
#211 = ADVANCED_FACE ( 'NONE', ( #800 ), #3108, .T. ) ;
#212 = ORIENTED_EDGE ( 'NONE', *, *, #1402, .T. ) ;
#213 = CARTESIAN_POINT ( 'NONE',  ( 0.8573186838286832590, 2.824999999999999289, -0.1003683113377901309 ) ) ;
#214 = FILL_AREA_STYLE_COLOUR ( '', #1789 ) ;
#215 = ORIENTED_EDGE ( 'NONE', *, *, #2155, .T. ) ;
#216 = CARTESIAN_POINT ( 'NONE',  ( 0.4253779571050816388, 2.825000000000000178, -0.5921285058453618078 ) ) ;
#217 = PLANE ( 'NONE',  #2456 ) ;
#218 = DIRECTION ( 'NONE',  ( 1.000000000000000000, 6.195440985631461234E-16, -0.000000000000000000 ) ) ;
#219 = LINE ( 'NONE', #3980, #1707 ) ;
#220 = LINE ( 'NONE', #3204, #1989 ) ;
#221 = SURFACE_SIDE_STYLE ('',( #2886 ) ) ;
#222 = B_SPLINE_CURVE_WITH_KNOTS ( 'NONE', 3,
 ( #1823, #3296, #1434, #1090, #2592, #729, #2210, #367, #1846, #4485, #4815, #3733, #1510, #1539, #2648, #417, #1894, #4385, #1044 ),
 .UNSPECIFIED., .F., .F.,
 ( 4, 1, 1, 1, 1, 1, 1, 1, 1, 1, 1, 1, 1, 1, 1, 1, 4 ),
 ( 0.000000000000000000, 0.06879079439061787371, 0.1351032894311275934, 0.1989786743106512212, 0.2619042997808561646, 0.3234949693679691762, 0.3851953779660511334, 0.4469692387407741552, 0.5097647767031320276, 0.5722505688473681351, 0.6334051756611527306, 0.6932511629217524840, 0.7525831627856699457, 0.8125792661534211314, 0.8732750849201916798, 0.9355499428950291296, 1.000000000000000000 ),
 .UNSPECIFIED. ) ;
#223 = CARTESIAN_POINT ( 'NONE',  ( -0.7785865478392629546, 2.774999999999999467, -0.9224714266288369657 ) ) ;
#224 = CYLINDRICAL_SURFACE ( 'NONE', #4772, 0.09999999999999982514 ) ;
#225 = CARTESIAN_POINT ( 'NONE',  ( 0.5489088676973101766, 2.775000000000000799, -0.06012918530623084790 ) ) ;
#226 = VERTEX_POINT ( 'NONE', #1239 ) ;
#227 = CARTESIAN_POINT ( 'NONE',  ( -0.6011539906555153356, 2.775000000000000355, -0.8634301744603615214 ) ) ;
#228 = DIRECTION ( 'NONE',  ( -8.131516293641283255E-16, 1.355252715606880543E-16, 1.000000000000000000 ) ) ;
#229 = CARTESIAN_POINT ( 'NONE',  ( 0.07820778850785309322, 2.825000000000000178, -0.9150196830524810476 ) ) ;
#230 = CARTESIAN_POINT ( 'NONE',  ( -0.07394055386944296815, 2.775000000000000355, -0.9082013755499858121 ) ) ;
#231 = SURFACE_STYLE_FILL_AREA ( #2459 ) ;
#232 = VERTEX_POINT ( 'NONE', #3517 ) ;
#233 = CARTESIAN_POINT ( 'NONE',  ( -1.062112541637203256, 2.825000000000000178, -0.7942762944410201031 ) ) ;
#234 = VERTEX_POINT ( 'NONE', #2290 ) ;
#235 = EDGE_CURVE ( 'NONE', #4248, #1091, #2741, .T. ) ;
#236 = CARTESIAN_POINT ( 'NONE',  ( 0.4464540091017548118, 2.824999999999999734, -0.7454713277561085816 ) ) ;
#237 = DIRECTION ( 'NONE',  ( -0.000000000000000000, -1.000000000000000000, -0.000000000000000000 ) ) ;
#238 = DIRECTION ( 'NONE',  ( -0.000000000000000000, -0.000000000000000000, -1.000000000000000000 ) ) ;
#239 = AXIS2_PLACEMENT_3D ( 'NONE', #3496, #1916, #4576 ) ;
#240 = DIRECTION ( 'NONE',  ( -0.000000000000000000, -1.000000000000000000, -0.000000000000000000 ) ) ;
#241 = FACE_OUTER_BOUND ( 'NONE', #3715, .T. ) ;
#242 = VECTOR ( 'NONE', #2217, 1000.000000000000000 ) ;
#243 = CARTESIAN_POINT ( 'NONE',  ( 0.9610589976571684012, 2.775000000000000355, -0.7854785162539204002 ) ) ;
#244 = CARTESIAN_POINT ( 'NONE',  ( 0.4253919780518758409, 2.775000000000000799, -0.4076721250497887805 ) ) ;
#245 = CARTESIAN_POINT ( 'NONE',  ( 0.8929186592610665052, 2.774999999999999911, -0.005909177136580415213 ) ) ;
#246 = VERTEX_POINT ( 'NONE', #1534 ) ;
#247 = ADVANCED_FACE ( 'NONE', ( #3083 ), #1676, .T. ) ;
#248 = CARTESIAN_POINT ( 'NONE',  ( -0.7479207684644965104, 2.774999999999999911, -0.9228783217033696973 ) ) ;
#249 = AXIS2_PLACEMENT_3D ( 'NONE', #3023, #58, #4083 ) ;
#250 = CARTESIAN_POINT ( 'NONE',  ( 3.299999999999999822, 2.725000000000000533, -3.099999999999999645 ) ) ;
#251 = FACE_OUTER_BOUND ( 'NONE', #3803, .T. ) ;
#252 = CARTESIAN_POINT ( 'NONE',  ( -0.2179487179487182014, 2.774999999999999911, -0.6923076923076908473 ) ) ;
#253 = DIRECTION ( 'NONE',  ( -0.000000000000000000, 1.000000000000000000, -0.000000000000000000 ) ) ;
#254 = EDGE_LOOP ( 'NONE', ( #1391, #4471, #2347, #1349 ) ) ;
#255 = DIRECTION ( 'NONE',  ( 0.000000000000000000, 0.000000000000000000, -1.000000000000000000 ) ) ;
#256 = ORIENTED_EDGE ( 'NONE', *, *, #4149, .F. ) ;
#257 = CARTESIAN_POINT ( 'NONE',  ( 0.7495247504607350786, 2.774999999999999467, -1.025508635292706749 ) ) ;
#258 = ADVANCED_FACE ( 'NONE', ( #1561 ), #3062, .F. ) ;
#259 =( NAMED_UNIT ( * ) SI_UNIT ( $, .STERADIAN. ) SOLID_ANGLE_UNIT ( ) );
#260 = CARTESIAN_POINT ( 'NONE',  ( -0.05341429588289518804, 2.774999999999999911, -0.9148232825177052829 ) ) ;
#261 = LINE ( 'NONE', #1310, #2708 ) ;
#262 = SURFACE_SIDE_STYLE ('',( #991 ) ) ;
#263 = SURFACE_STYLE_FILL_AREA ( #4656 ) ;
#264 = MECHANICAL_DESIGN_GEOMETRIC_PRESENTATION_REPRESENTATION (  '', ( #4010 ), #3471 ) ;
#265 = PRESENTATION_LAYER_ASSIGNMENT (  '', '', ( #962 ) ) ;
#266 = ADVANCED_FACE ( 'NONE', ( #4553 ), #2468, .T. ) ;
#267 = DIRECTION ( 'NONE',  ( -0.000000000000000000, -0.000000000000000000, -1.000000000000000000 ) ) ;
#268 = CARTESIAN_POINT ( 'NONE',  ( 0.7713439046252754672, 2.774999999999999467, -0.9224973094065528345 ) ) ;
#269 = CARTESIAN_POINT ( 'NONE',  ( 0.5324445765267472597, 2.774999999999999911, -0.07830730281977875407 ) ) ;
#270 = ORIENTED_EDGE ( 'NONE', *, *, #443, .T. ) ;
#271 = CARTESIAN_POINT ( 'NONE',  ( -0.5711778751916654073, 2.775000000000001243, -0.5996230017977893789 ) ) ;
#272 = LINE ( 'NONE', #1757, #422 ) ;
#273 = COLOUR_RGB ( '',0.1098039215686274495, 0.1098039215686274495, 0.1098039215686274495 ) ;
#274 = CYLINDRICAL_SURFACE ( 'NONE', #4391, 0.04999999999999969746 ) ;
#275 = CARTESIAN_POINT ( 'NONE',  ( 0.1406913998028935520, 2.825000000000000622, -1.004245046074672576 ) ) ;
#276 = CARTESIAN_POINT ( 'NONE',  ( 3.275000000000001243, 0.07500000000000019151, 1.500000000000000000 ) ) ;
#277 = ORIENTED_EDGE ( 'NONE', *, *, #156, .F. ) ;
#278 = ORIENTED_EDGE ( 'NONE', *, *, #93, .T. ) ;
#279 = STYLED_ITEM ( 'NONE', ( #3072 ), #2666 ) ;
#280 = AXIS2_PLACEMENT_3D ( 'NONE', #4025, #2960, #3675 ) ;
#281 = LINE ( 'NONE', #2557, #2027 ) ;
#282 = ORIENTED_EDGE ( 'NONE', *, *, #563, .T. ) ;
#283 = CARTESIAN_POINT ( 'NONE',  ( 0.7932220343658562545, 2.775000000000001243, -0.9213368273956581422 ) ) ;
#284 = DIRECTION ( 'NONE',  ( -1.000000000000000000, 0.000000000000000000, 0.000000000000000000 ) ) ;
#285 = CARTESIAN_POINT ( 'NONE',  ( -3.375000000000000888, 1.425000000000000266, 1.500000000000000000 ) ) ;
#286 = EDGE_CURVE ( 'NONE', #4670, #4533, #960, .T. ) ;
#287 = CARTESIAN_POINT ( 'NONE',  ( 0.7811965653153879474, 2.824999999999996625, 0.02529479197459682388 ) ) ;
#288 = DIRECTION ( 'NONE',  ( -1.000000000000000000, 0.000000000000000000, 1.398970545142586788E-16 ) ) ;
#289 = CARTESIAN_POINT ( 'NONE',  ( 3.375000000000001776, -0.07499999999999890088, 1.500000000000000000 ) ) ;
#290 = DIRECTION ( 'NONE',  ( 1.000000000000000000, 0.000000000000000000, 0.000000000000000000 ) ) ;
#291 = CARTESIAN_POINT ( 'NONE',  ( 0.9707492074450450037, 2.775000000000000355, -0.7643031487219331677 ) ) ;
#292 = CARTESIAN_POINT ( 'NONE',  ( 0.3205128205128203178, 2.825000000000000178, -0.7283653846153831379 ) ) ;
#293 = VERTEX_POINT ( 'NONE', #3976 ) ;
#294 = ADVANCED_FACE ( 'NONE', ( #625 ), #4331, .F. ) ;
#295 = EDGE_CURVE ( 'NONE', #4103, #3846, #4284, .T. ) ;
#296 = CARTESIAN_POINT ( 'NONE',  ( -0.6743330480681141159, 2.824999999999999289, -0.4702923089977001925 ) ) ;
#297 = CARTESIAN_POINT ( 'NONE',  ( -0.2179487179487182014, 2.774999999999999911, -0.6923076923076908473 ) ) ;
#298 = CARTESIAN_POINT ( 'NONE',  ( 0.9944438882438003668, 2.825000000000001510, -0.6909879312842898136 ) ) ;
#299 = CARTESIAN_POINT ( 'NONE',  ( 0.1672645611089649542, 2.825000000000000622, -0.9914494953910930608 ) ) ;
#300 = FILL_AREA_STYLE ('',( #4367 ) ) ;
#301 = ORIENTED_EDGE ( 'NONE', *, *, #979, .T. ) ;
#302 = CARTESIAN_POINT ( 'NONE',  ( 0.3333333333333330928, 2.825000000000000178, 1.543945593702915236E-15 ) ) ;
#303 = ORIENTED_EDGE ( 'NONE', *, *, #3225, .F. ) ;
#304 = CARTESIAN_POINT ( 'NONE',  ( 3.299999999999999822, 0.000000000000000000, -1.599999999999998979 ) ) ;
#305 = CARTESIAN_POINT ( 'NONE',  ( -0.5319917398476576853, 2.774999999999999467, -0.9373720143971766561 ) ) ;
#306 = ORIENTED_EDGE ( 'NONE', *, *, #979, .F. ) ;
#307 = VECTOR ( 'NONE', #4126, 1000.000000000000000 ) ;
#308 = EDGE_CURVE ( 'NONE', #226, #234, #825, .T. ) ;
#309 = CARTESIAN_POINT ( 'NONE',  ( -0.1876540630409157528, 2.774999999999999467, -0.9542266772126408725 ) ) ;
#310 = VECTOR ( 'NONE', #852, 1000.000000000000000 ) ;
#311 = CARTESIAN_POINT ( 'NONE',  ( 1.600000000000001199, 0.000000000000000000, -1.599999999999999645 ) ) ;
#312 = CARTESIAN_POINT ( 'NONE',  ( 0.7574118589743599195, 2.774999999999999911, 0.02564102564102713547 ) ) ;
#313 = CARTESIAN_POINT ( 'NONE',  ( -0.8987274714173447698, 2.774999999999999467, -0.8767917222203750471 ) ) ;
#314 = CARTESIAN_POINT ( 'NONE',  ( -0.7632288917765317482, 2.825000000000000178, -0.9228726281443694335 ) ) ;
#315 = SURFACE_STYLE_USAGE ( .BOTH. , #1041 ) ;
#316 = CARTESIAN_POINT ( 'NONE',  ( 0.7574118589743599195, 2.824999999999997513, -1.025641025641024218 ) ) ;
#317 = CARTESIAN_POINT ( 'NONE',  ( -0.7275641025641019777, 2.825000000000000178, -0.4138621794871779613 ) ) ;
#318 = EDGE_LOOP ( 'NONE', ( #2599, #4394, #1397, #3537 ) ) ;
#319 = AXIS2_PLACEMENT_3D ( 'NONE', #4669, #4709, #668 ) ;
#320 = CARTESIAN_POINT ( 'NONE',  ( -0.7181218491904293177, 2.774999999999999911, -0.4237188385010659530 ) ) ;
#321 = CARTESIAN_POINT ( 'NONE',  ( 1.018377291294505715, 2.774999999999999467, -0.8773035634402296390 ) ) ;
#322 = DIRECTION ( 'NONE',  ( 1.000000000000000000, 0.000000000000000000, 0.000000000000000000 ) ) ;
#323 = ADVANCED_FACE ( 'NONE', ( #671 ), #1104, .T. ) ;
#324 = CARTESIAN_POINT ( 'NONE',  ( 1.875000000000001776, -0.1749999999999993505, -1.500000000000000000 ) ) ;
#325 = ORIENTED_EDGE ( 'NONE', *, *, #2993, .T. ) ;
#326 = DIRECTION ( 'NONE',  ( 0.000000000000000000, 1.000000000000000000, 0.000000000000000000 ) ) ;
#327 = ORIENTED_EDGE ( 'NONE', *, *, #4463, .T. ) ;
#328 = EDGE_CURVE ( 'NONE', #1884, #1106, #3312, .T. ) ;
#329 = CARTESIAN_POINT ( 'NONE',  ( -1.051229269061545013, 2.825000000000000622, -0.8250962698609219936 ) ) ;
#330 = CARTESIAN_POINT ( 'NONE',  ( -0.4601439350836101783, 2.775000000000000355, -0.8141094990281099175 ) ) ;
#331 = EDGE_LOOP ( 'NONE', ( #3438, #1784, #1803, #4007 ) ) ;
#332 = CARTESIAN_POINT ( 'NONE',  ( 0.1922425738393500061, 2.774999999999999467, -0.9760787700601927241 ) ) ;
#333 = B_SPLINE_CURVE_WITH_KNOTS ( 'NONE', 3,
 ( #2170, #376, #4439, #1444, #7, #3281, #1125, #2998, #3716, #3643, #3355, #4109, #1783, #1054, #4727, #1099, #4798, #4038, #2951, #4467, #2576, #1076, #1392, #2245, #716, #2629, #1027 ),
 .UNSPECIFIED., .F., .F.,
 ( 4, 1, 1, 1, 1, 1, 1, 1, 1, 1, 1, 1, 1, 1, 1, 1, 1, 1, 1, 1, 1, 1, 1, 1, 4 ),
 ( 0.000000000000000000, 0.06506328961727912696, 0.1267731664665229241, 0.1855157632260791001, 0.2407646791677150178, 0.2929797960235980825, 0.3422503727797674977, 0.3889192861856602956, 0.4327756640583102499, 0.4746284326311175916, 0.5147746906379533360, 0.5536058934984422475, 0.5914264064311728353, 0.6280281199460671093, 0.6638036341103205062, 0.6989843361316637749, 0.7335914893067052578, 0.7676284691511398028, 0.8012083477865921122, 0.8342638397266231021, 0.8669806947287762577, 0.8997197415181606983, 0.9327019124985381771, 0.9661758834327496270, 0.9999999999999998890 ),
 .UNSPECIFIED. ) ;
#334 = DIRECTION ( 'NONE',  ( -9.403954806578297874E-32, 1.000000000000000000, -1.355252715606880543E-16 ) ) ;
#335 = CARTESIAN_POINT ( 'NONE',  ( 0.6631724940778187527, 2.774999999999999467, -0.8988471344253704531 ) ) ;
#336 = CARTESIAN_POINT ( 'NONE',  ( 0.2305875901122536320, 2.774999999999999911, -0.7271758207913655569 ) ) ;
#337 = CARTESIAN_POINT ( 'NONE',  ( -0.8431713231002113673, 2.825000000000000178, -0.9082013755499858121 ) ) ;
#338 = FACE_OUTER_BOUND ( 'NONE', #3930, .T. ) ;
#339 = CARTESIAN_POINT ( 'NONE',  ( 0.9329257007799015566, 2.824999999999996625, -0.9697097385799295921 ) ) ;
#340 = CARTESIAN_POINT ( 'NONE',  ( -0.5388790119365028941, 2.824999999999999734, -0.7095016578430347609 ) ) ;
#341 = ORIENTED_EDGE ( 'NONE', *, *, #399, .F. ) ;
#342 = VECTOR ( 'NONE', #676, 1000.000000000000000 ) ;
#343 = CARTESIAN_POINT ( 'NONE',  ( 1.100114192512928968, 2.774999999999999911, -0.5886669655333365281 ) ) ;
#344 = CARTESIAN_POINT ( 'NONE',  ( 1.004773896235911401, 2.825000000000000622, -0.6337877575812023156 ) ) ;
#345 = CIRCLE ( 'NONE', #652, 0.09999999999999982514 ) ;
#346 = AXIS2_PLACEMENT_3D ( 'NONE', #3300, #2550, #3 ) ;
#347 = DIRECTION ( 'NONE',  ( -1.000000000000000000, 0.000000000000000000, -6.938893903907226405E-16 ) ) ;
#348 = ADVANCED_FACE ( 'NONE', ( #695 ), #2198, .T. ) ;
#349 = EDGE_LOOP ( 'NONE', ( #524, #4039, #4768, #694, #2789, #3058, #641, #2485 ) ) ;
#350 = DIRECTION ( 'NONE',  ( -1.000000000000000000, 0.000000000000000000, 0.000000000000000000 ) ) ;
#351 = ORIENTED_EDGE ( 'NONE', *, *, #1912, .F. ) ;
#352 = AXIS2_PLACEMENT_3D ( 'NONE', #3175, #2106, #4648 ) ;
#353 = CARTESIAN_POINT ( 'NONE',  ( -0.3076923076923079869, 2.824999999999997957, -0.6923076923076908473 ) ) ;
#354 = CARTESIAN_POINT ( 'NONE',  ( -0.4690171176376474738, 2.775000000000000355, -0.8409297928603075567 ) ) ;
#355 = LINE ( 'NONE', #3692, #195 ) ;
#356 = ORIENTED_EDGE ( 'NONE', *, *, #4685, .T. ) ;
#357 = CARTESIAN_POINT ( 'NONE',  ( 0.7109300120628695430, 2.775000000000000355, 0.02252684024548010089 ) ) ;
#358 = EDGE_CURVE ( 'NONE', #614, #1301, #2608, .T. ) ;
#359 = AXIS2_PLACEMENT_3D ( 'NONE', #3458, #1952, #3847 ) ;
#360 = CARTESIAN_POINT ( 'NONE',  ( 0.01842948717948694748, 2.824999999999999734, -1.025641025641024218 ) ) ;
#361 = CARTESIAN_POINT ( 'NONE',  ( 0.9487000189283927298, 2.775000000000000355, -0.1902592057888075894 ) ) ;
#362 = LINE ( 'NONE', #4453, #1717 ) ;
#363 = STYLED_ITEM ( 'NONE', ( #438 ), #2241 ) ;
#364 = CARTESIAN_POINT ( 'NONE',  ( -0.9846692751695937940, 2.774999999999999467, -0.7185765928435561278 ) ) ;
#365 = LINE ( 'NONE', #2158, #1117 ) ;
#366 = CARTESIAN_POINT ( 'NONE',  ( 0.01842948717948694748, 2.774999999999999911, -1.025641025641024218 ) ) ;
#367 = CARTESIAN_POINT ( 'NONE',  ( -0.2522738412163027522, 2.824999999999999734, -0.8821359335528100587 ) ) ;
#368 = ORIENTED_EDGE ( 'NONE', *, *, #4344, .T. ) ;
#369 = CARTESIAN_POINT ( 'NONE',  ( 0.8924864524479161343, 2.774999999999999467, -0.9943676656230990840 ) ) ;
#370 = EDGE_CURVE ( 'NONE', #4759, #3553, #874, .T. ) ;
#371 = CARTESIAN_POINT ( 'NONE',  ( 0.9507099237231620981, 2.824999999999999734, -0.8051312947558653121 ) ) ;
#372 = DIRECTION ( 'NONE',  ( 0.000000000000000000, 1.000000000000000000, 0.000000000000000000 ) ) ;
#373 = CARTESIAN_POINT ( 'NONE',  ( -0.6342984961960331791, 2.824999999999999289, -0.8896602575737413421 ) ) ;
#374 = CARTESIAN_POINT ( 'NONE',  ( 0.6884733603390890133, 2.825000000000001066, -1.018177342756662940 ) ) ;
#375 = VERTEX_POINT ( 'NONE', #2363 ) ;
#376 = CARTESIAN_POINT ( 'NONE',  ( 1.102377935551554389, 2.825000000000000178, -0.4843068138483847540 ) ) ;
#377 = FACE_OUTER_BOUND ( 'NONE', #4543, .T. ) ;
#378 = ORIENTED_EDGE ( 'NONE', *, *, #563, .F. ) ;
#379 = FILL_AREA_STYLE_COLOUR ( '', #556 ) ;
#380 = CARTESIAN_POINT ( 'NONE',  ( 0.7604166666666676289, 2.775000000000000799, -0.07692307692307542855 ) ) ;
#381 = ORIENTED_EDGE ( 'NONE', *, *, #3851, .T. ) ;
#382 = DIRECTION ( 'NONE',  ( 0.000000000000000000, 0.000000000000000000, -1.000000000000000000 ) ) ;
#383 = CARTESIAN_POINT ( 'NONE',  ( 0.3196312974950044072, 2.824999999999998845, -0.7577174950857638036 ) ) ;
#384 = ADVANCED_FACE ( 'NONE', ( #2335 ), #3784, .T. ) ;
#385 = CARTESIAN_POINT ( 'NONE',  ( -0.6868436725665272302, 2.774999999999999467, -1.020548191202840016 ) ) ;
#386 = DIRECTION ( 'NONE',  ( -4.336808689942032724E-15, 0.000000000000000000, 1.000000000000000000 ) ) ;
#387 =( GEOMETRIC_REPRESENTATION_CONTEXT ( 3 ) GLOBAL_UNCERTAINTY_ASSIGNED_CONTEXT ( ( #2278 ) ) GLOBAL_UNIT_ASSIGNED_CONTEXT ( ( #3589, #3272, #3655 ) ) REPRESENTATION_CONTEXT ( 'NONE', 'WORKASPACE' ) );
#388 = CARTESIAN_POINT ( 'NONE',  ( 0.6631724940778187527, 2.824999999999997957, -0.8988471344253704531 ) ) ;
#389 = CARTESIAN_POINT ( 'NONE',  ( -0.7785865478392629546, 2.774999999999999467, -0.9224714266288369657 ) ) ;
#390 = CARTESIAN_POINT ( 'NONE',  ( 3.375000000000000888, 1.525000000000001243, -1.500000000000000000 ) ) ;
#391 = CARTESIAN_POINT ( 'NONE',  ( 0.05110892004033909530, 2.825000000000000178, -0.4237188385010659530 ) ) ;
#392 = DIRECTION ( 'NONE',  ( -0.000000000000000000, 0.000000000000000000, 1.000000000000000000 ) ) ;
#393 = CARTESIAN_POINT ( 'NONE',  ( 0.7574118589743599195, 2.825000000000000178, -1.025641025641024218 ) ) ;
#394 = ORIENTED_EDGE ( 'NONE', *, *, #2903, .F. ) ;
#395 = CARTESIAN_POINT ( 'NONE',  ( 1.032541129076057995, 2.774999999999999911, -0.8536509606361881719 ) ) ;
#396 = DIRECTION ( 'NONE',  ( -0.6840139935696788465, 0.000000000000000000, 0.7294688866571756858 ) ) ;
#397 = VECTOR ( 'NONE', #1595, 1000.000000000000000 ) ;
#398 = CARTESIAN_POINT ( 'NONE',  ( 0.9584323439841666570, 2.825000000000001066, -0.2084199415790968235 ) ) ;
#399 = EDGE_CURVE ( 'NONE', #2662, #1735, #3411, .T. ) ;
#400 = EDGE_LOOP ( 'NONE', ( #4540, #1672, #3399, #3597 ) ) ;
#401 = CARTESIAN_POINT ( 'NONE',  ( -3.475000000000000533, 1.425000000000000266, 1.500000000000000000 ) ) ;
#402 = ORIENTED_EDGE ( 'NONE', *, *, #4668, .F. ) ;
#403 = CARTESIAN_POINT ( 'NONE',  ( 3.275000000000001243, 0.07500000000000019151, -1.500000000000000000 ) ) ;
#404 = ORIENTED_EDGE ( 'NONE', *, *, #286, .F. ) ;
#405 = CARTESIAN_POINT ( 'NONE',  ( 0.4335287518695518094, 2.774999999999999467, -0.3256779226004349326 ) ) ;
#406 = CARTESIAN_POINT ( 'NONE',  ( 1.045218853619390043, 2.825000000000000178, -0.8280135706951003982 ) ) ;
#407 = ORIENTED_EDGE ( 'NONE', *, *, #1958, .T. ) ;
#408 = CARTESIAN_POINT ( 'NONE',  ( 0.3002136515931210226, 2.825000000000000178, -0.8409297928603075567 ) ) ;
#409 = CARTESIAN_POINT ( 'NONE',  ( 0.01382211538461514296, 2.774999999999999911, -0.9230769230769216849 ) ) ;
#410 = FACE_OUTER_BOUND ( 'NONE', #1483, .T. ) ;
#411 = CARTESIAN_POINT ( 'NONE',  ( 0.5359587007724038177, 2.774999999999999467, -0.7279305106239652989 ) ) ;
#412 = CARTESIAN_POINT ( 'NONE',  ( -0.8627483476181332378, 2.774999999999999911, -0.8997846473150359348 ) ) ;
#413 = ADVANCED_FACE ( 'NONE', ( #527, #3877 ), #1734, .T. ) ;
#414 = CARTESIAN_POINT ( 'NONE',  ( -0.5533079637368465420, 2.774999999999999467, -0.9583016753824308287 ) ) ;
#415 = UNCERTAINTY_MEASURE_WITH_UNIT (LENGTH_MEASURE( 1.000000000000000082E-05 ), #2718, 'distance_accuracy_value', 'NONE');
#416 = CARTESIAN_POINT ( 'NONE',  ( 0.3333333333333330928, 2.774999999999999911, -0.1025641025641010340 ) ) ;
#417 = CARTESIAN_POINT ( 'NONE',  ( -0.04691298100616272254, 2.825000000000000622, -1.020402574789529782 ) ) ;
#418 = ORIENTED_EDGE ( 'NONE', *, *, #3568, .T. ) ;
#419 = EDGE_CURVE ( 'NONE', #3768, #3029, #890, .T. ) ;
#420 = SURFACE_STYLE_USAGE ( .BOTH. , #1899 ) ;
#421 = CARTESIAN_POINT ( 'NONE',  ( 0.9673133004256404543, 2.774999999999999467, -0.2279711352682945724 ) ) ;
#422 = VECTOR ( 'NONE', #1343, 1000.000000000000000 ) ;
#423 = DIRECTION ( 'NONE',  ( -0.000000000000000000, -0.000000000000000000, -1.000000000000000000 ) ) ;
#424 = CARTESIAN_POINT ( 'NONE',  ( 1.012820512820513663, 2.774999999999999911, -0.4999999999999985012 ) ) ;
#425 = VECTOR ( 'NONE', #3401, 1000.000000000000000 ) ;
#426 = ORIENTED_EDGE ( 'NONE', *, *, #3161, .T. ) ;
#427 = COLOUR_RGB ( '',0.1098039215686274495, 0.1098039215686274495, 0.1098039215686274495 ) ;
#428 = UNCERTAINTY_MEASURE_WITH_UNIT (LENGTH_MEASURE( 1.000000000000000082E-05 ), #2366, 'distance_accuracy_value', 'NONE');
#429 = B_SPLINE_SURFACE_WITH_KNOTS ( 'NONE', 3, 1, ( 
 ( #776, #1143 ),
 ( #2542, #3292 ),
 ( #389, #2910 ),
 ( #3703, #675 ),
 ( #20, #2262 ),
 ( #4786, #1066 ),
 ( #412, #1505 ),
 ( #2644, #3318 ),
 ( #313, #3344 ),
 ( #2588, #1867 ),
 ( #3754, #1891 ),
 ( #3390, #752 ),
 ( #48, #2563 ),
 ( #4380, #2157 ),
 ( #4048, #1794 ),
 ( #3652, #4763 ),
 ( #364, #1429 ),
 ( #2938, #4406 ),
 ( #1456, #2179 ) ),
 .UNSPECIFIED., .F., .F., .F.,
 ( 4, 1, 1, 1, 1, 1, 1, 1, 1, 1, 1, 1, 1, 1, 1, 1, 4 ),
 ( 2, 2 ),
 ( 0.000000000000000000, 0.06443867159524289956, 0.1265469112716776090, 0.1868871534365706133, 0.2458775355894551873, 0.3040408846912667218, 0.3621912180726606922, 0.4209759327916447469, 0.4806602832796660896, 0.5406002749537577312, 0.6006890983494534986, 0.6619357897571956917, 0.7244425059139825152, 0.7890383938817434606, 0.8563137570509942176, 0.9263520282058634869, 0.9999999999999998890 ),
 ( 0.000000000000000000, 1.000000000000000000 ),
 .UNSPECIFIED. ) ;
#430 = LINE ( 'NONE', #1129, #4747 ) ;
#431 = CARTESIAN_POINT ( 'NONE',  ( 0.6056897927740464427, 2.774999999999999911, -0.8552250950067891155 ) ) ;
#432 = ORIENTED_EDGE ( 'NONE', *, *, #3245, .F. ) ;
#433 = CARTESIAN_POINT ( 'NONE',  ( 0.6054676557778315704, 2.774999999999999911, -0.1450841605479225860 ) ) ;
#434 = B_SPLINE_SURFACE_WITH_KNOTS ( 'NONE', 3, 1, ( 
 ( #4635, #1685 ),
 ( #908, #2404 ),
 ( #1793, #1769 ),
 ( #569, #1039 ),
 ( #2541, #2802 ),
 ( #1250, #2377 ),
 ( #3137, #2047 ),
 ( #3507, #4609 ),
 ( #521, #3891 ),
 ( #928, #3548 ),
 ( #3187, #4659 ),
 ( #4246, #1999 ),
 ( #159, #1638 ),
 ( #3526, #1268 ),
 ( #4027, #3160 ),
 ( #2773, #2885 ),
 ( #2156, #674 ),
 ( #3651, #542 ),
 ( #3269, #3291 ),
 ( #2021, #179 ),
 ( #2429, #1316 ),
 ( #1013, #2515 ),
 ( #4001, #4738 ),
 ( #648, #2133 ),
 ( #3630, #287 ),
 ( #1403, #2909 ),
 ( #312, #2562 ) ),
 .UNSPECIFIED., .F., .F., .F.,
 ( 4, 1, 1, 1, 1, 1, 1, 1, 1, 1, 1, 1, 1, 1, 1, 1, 1, 1, 1, 1, 1, 1, 1, 1, 4 ),
 ( 2, 2 ),
 ( 0.000000000000000000, 0.06506328961727912696, 0.1267731664665229241, 0.1855157632260791001, 0.2407646791677150178, 0.2929797960235980825, 0.3422503727797674977, 0.3889192861856602956, 0.4327756640583102499, 0.4746284326311175916, 0.5147746906379533360, 0.5536058934984422475, 0.5914264064311728353, 0.6280281199460671093, 0.6638036341103205062, 0.6989843361316637749, 0.7335914893067052578, 0.7676284691511398028, 0.8012083477865921122, 0.8342638397266231021, 0.8669806947287762577, 0.8997197415181606983, 0.9327019124985381771, 0.9661758834327496270, 0.9999999999999998890 ),
 ( 0.000000000000000000, 1.000000000000000000 ),
 .UNSPECIFIED. ) ;
#435 = ORIENTED_EDGE ( 'NONE', *, *, #2355, .T. ) ;
#436 = CARTESIAN_POINT ( 'NONE',  ( 0.1406913998028935520, 2.825000000000000178, -1.004245046074672576 ) ) ;
#437 = CARTESIAN_POINT ( 'NONE',  ( -0.6569073027198464310, 2.825000000000000178, -1.013763736449899699 ) ) ;
#438 = PRESENTATION_STYLE_ASSIGNMENT (( #4501 ) ) ;
#439 = CARTESIAN_POINT ( 'NONE',  ( 0.5128526691162911266, 2.774999999999999911, -0.5134238238149916311 ) ) ;
#440 = CARTESIAN_POINT ( 'NONE',  ( -0.5124180029230135380, 2.775000000000000799, -0.9150284759770734855 ) ) ;
#441 = CARTESIAN_POINT ( 'NONE',  ( -0.6999852128707426679, 2.774999999999999467, -0.4426514632451224451 ) ) ;
#442 = AXIS2_PLACEMENT_3D ( 'NONE', #56, #1171, #1850 ) ;
#443 = EDGE_CURVE ( 'NONE', #2149, #4348, #576, .T. ) ;
#444 = DIRECTION ( 'NONE',  ( 0.000000000000000000, 0.000000000000000000, -1.000000000000000000 ) ) ;
#445 = ORIENTED_EDGE ( 'NONE', *, *, #1216, .F. ) ;
#446 = SURFACE_STYLE_USAGE ( .BOTH. , #2020 ) ;
#447 = EDGE_CURVE ( 'NONE', #1244, #1026, #1300, .T. ) ;
#448 = CARTESIAN_POINT ( 'NONE',  ( 0.5478939712765036330, 2.775000000000000355, -0.9388800818919919022 ) ) ;
#449 = CARTESIAN_POINT ( 'NONE',  ( 0.9263282616342507492, 2.775000000000001243, -0.1580386971920373362 ) ) ;
#450 = LINE ( 'NONE', #83, #3864 ) ;
#451 = CARTESIAN_POINT ( 'NONE',  ( -0.09351757838736494965, 2.825000000000001066, -0.8997846473150364899 ) ) ;
#452 = ORIENTED_EDGE ( 'NONE', *, *, #4492, .F. ) ;
#453 = SURFACE_STYLE_USAGE ( .BOTH. , #2978 ) ;
#454 = CARTESIAN_POINT ( 'NONE',  ( 0.7493564974990087890, 2.774999999999999911, -0.9224965097491351074 ) ) ;
#455 = ORIENTED_EDGE ( 'NONE', *, *, #4464, .T. ) ;
#456 = CARTESIAN_POINT ( 'NONE',  ( 0.5701512349436944627, 2.774999999999999911, -0.1915620476248589832 ) ) ;
#457 = CARTESIAN_POINT ( 'NONE',  ( 0.1964759344803493346, 2.824999999999999734, -0.4560148599948500303 ) ) ;
#458 = CARTESIAN_POINT ( 'NONE',  ( 3.375000000000000888, 1.425000000000001155, -1.500000000000000000 ) ) ;
#459 = CARTESIAN_POINT ( 'NONE',  ( 0.2670380396288051239, 2.774999999999999467, -0.5496627275973573479 ) ) ;
#460 = CARTESIAN_POINT ( 'NONE',  ( -0.9846692751695937940, 2.774999999999999467, -0.7185765928435561278 ) ) ;
#461 = DIRECTION ( 'NONE',  ( -1.000000000000000000, 0.000000000000000000, -4.336808689942031936E-15 ) ) ;
#462 = CARTESIAN_POINT ( 'NONE',  ( 0.1183894230769228229, 2.774999999999999911, -0.3693910256410241622 ) ) ;
#463 = CARTESIAN_POINT ( 'NONE',  ( 1.091549181648882927, 2.775000000000000355, -0.6690023366053138298 ) ) ;
#464 = DIRECTION ( 'NONE',  ( 0.000000000000000000, 0.000000000000000000, -1.000000000000000000 ) ) ;
#465 = ORIENTED_EDGE ( 'NONE', *, *, #570, .T. ) ;
#466 = FILL_AREA_STYLE ('',( #4413 ) ) ;
#467 = CARTESIAN_POINT ( 'NONE',  ( 0.4333530185803529111, 2.825000000000000178, -0.6744437501406772562 ) ) ;
#468 =( NAMED_UNIT ( * ) PLANE_ANGLE_UNIT ( ) SI_UNIT ( $, .RADIAN. ) );
#469 = CARTESIAN_POINT ( 'NONE',  ( 0.7495247504607350786, 2.774999999999999467, -1.025508635292706749 ) ) ;
#470 = CARTESIAN_POINT ( 'NONE',  ( -0.4487179487179481230, 2.774999999999999911, -0.7283653846153830269 ) ) ;
#471 = ORIENTED_EDGE ( 'NONE', *, *, #3748, .T. ) ;
#472 =( LENGTH_UNIT ( ) NAMED_UNIT ( * ) SI_UNIT ( .MILLI., .METRE. ) );
#473 = CARTESIAN_POINT ( 'NONE',  ( -0.8161437502369313091, 2.825000000000000622, -1.020402574789529782 ) ) ;
#474 = ORIENTED_EDGE ( 'NONE', *, *, #26, .F. ) ;
#475 = CARTESIAN_POINT ( 'NONE',  ( 0.6948943004759680075, 2.824999999999997069, -0.08725871485469427480 ) ) ;
#476 = VECTOR ( 'NONE', #3488, 1000.000000000000000 ) ;
#477 = EDGE_CURVE ( 'NONE', #2281, #1895, #4641, .T. ) ;
#478 = VERTEX_POINT ( 'NONE', #550 ) ;
#479 = CARTESIAN_POINT ( 'NONE',  ( 1.012820512820513663, 2.774999999999999911, -0.4999999999999985012 ) ) ;
#480 = CARTESIAN_POINT ( 'NONE',  ( 0.9584323439841666570, 2.825000000000001066, -0.2084199415790968235 ) ) ;
#481 = CARTESIAN_POINT ( 'NONE',  ( 1.007602786396706751, 2.825000000000001066, -0.3960465385410101846 ) ) ;
#482 = CARTESIAN_POINT ( 'NONE',  ( 0.2980933530481197358, 2.774999999999999467, -0.6067929976867492137 ) ) ;
#483 = FILL_AREA_STYLE ('',( #2342 ) ) ;
#484 = CARTESIAN_POINT ( 'NONE',  ( 0.5489088676973101766, 2.825000000000001066, -0.06012918530623084790 ) ) ;
#485 = PRESENTATION_LAYER_ASSIGNMENT (  '', '', ( #1097 ) ) ;
#486 = CARTESIAN_POINT ( 'NONE',  ( -0.6868436725665272302, 2.774999999999999467, -1.020548191202840016 ) ) ;
#487 = CARTESIAN_POINT ( 'NONE',  ( -0.6130502233680995561, 2.774999999999999911, -0.5414259252811634004 ) ) ;
#488 = PLANE ( 'NONE',  #1451 ) ;
#489 = ORIENTED_EDGE ( 'NONE', *, *, #3796, .F. ) ;
#490 = DIRECTION ( 'NONE',  ( -0.000000000000000000, -1.000000000000000000, 0.000000000000000000 ) ) ;
#491 = CARTESIAN_POINT ( 'NONE',  ( 0.2295218042926009394, 2.774999999999999467, -0.6879296472581010180 ) ) ;
#492 = CARTESIAN_POINT ( 'NONE',  ( 3.150000000000000355, 0.1499999999999999667, 1.599999999999999201 ) ) ;
#493 = CARTESIAN_POINT ( 'NONE',  ( 0.8573186838286832590, 2.824999999999999289, -0.1003683113377901309 ) ) ;
#494 = CARTESIAN_POINT ( 'NONE',  ( 0.7493564974990087890, 2.825000000000000178, -0.9224965097491351074 ) ) ;
#495 = ORIENTED_EDGE ( 'NONE', *, *, #2966, .T. ) ;
#496 = EDGE_CURVE ( 'NONE', #2892, #2504, #3596, .T. ) ;
#497 = CARTESIAN_POINT ( 'NONE',  ( 0.01842948717948694748, 2.774999999999999911, -1.025641025641024218 ) ) ;
#498 = CARTESIAN_POINT ( 'NONE',  ( 0.5204226192722772870, 2.774999999999999467, -0.6450875411017262806 ) ) ;
#499 = ORIENTED_EDGE ( 'NONE', *, *, #4805, .F. ) ;
#500 = CARTESIAN_POINT ( 'NONE',  ( 0.7273710007563970459, 2.824999999999997513, -0.07857801301689076867 ) ) ;
#501 = AXIS2_PLACEMENT_3D ( 'NONE', #3841, #490, #3477 ) ;
#502 = EDGE_LOOP ( 'NONE', ( #1696, #4746, #1797, #3042 ) ) ;
#503 = AXIS2_PLACEMENT_3D ( 'NONE', #2466, #3908, #560 ) ;
#504 = CARTESIAN_POINT ( 'NONE',  ( -3.375000000000000888, -0.1749999999999999056, 1.500000000000000000 ) ) ;
#505 = DIRECTION ( 'NONE',  ( -1.000000000000000000, 0.000000000000000000, 0.000000000000000000 ) ) ;
#506 = COLOUR_RGB ( '',0.1098039215686274495, 0.1098039215686274495, 0.1098039215686274495 ) ;
#507 = EDGE_CURVE ( 'NONE', #2892, #538, #2388, .T. ) ;
#508 = CARTESIAN_POINT ( 'NONE',  ( 0.5025565240087276342, 2.824999999999999289, -0.1194990643741983133 ) ) ;
#509 = DIRECTION ( 'NONE',  ( 0.000000000000000000, 0.000000000000000000, -1.000000000000000000 ) ) ;
#510 = PRESENTATION_LAYER_ASSIGNMENT (  '', '', ( #1904 ) ) ;
#511 = CARTESIAN_POINT ( 'NONE',  ( 0.2270702691164277753, 2.775000000000000799, -0.7603390806142014124 ) ) ;
#512 = PRODUCT ( 'BMRA00060630220MA1', 'BMRA00060630220MA1', '', ( #3514 ) ) ;
#513 = LINE ( 'NONE', #3112, #2301 ) ;
#514 = VECTOR ( 'NONE', #2229, 1000.000000000000000 ) ;
#515 = VECTOR ( 'NONE', #4714, 1000.000000000000000 ) ;
#516 = EDGE_LOOP ( 'NONE', ( #1021, #3125, #3354, #3489 ) ) ;
#517 = CARTESIAN_POINT ( 'NONE',  ( -0.6227949370769225723, 2.774999999999999911, -0.3994534110037840646 ) ) ;
#518 =( GEOMETRIC_REPRESENTATION_CONTEXT ( 3 ) GLOBAL_UNCERTAINTY_ASSIGNED_CONTEXT ( ( #1548 ) ) GLOBAL_UNIT_ASSIGNED_CONTEXT ( ( #4276, #4615, #931 ) ) REPRESENTATION_CONTEXT ( 'NONE', 'WORKASPACE' ) );
#519 = CARTESIAN_POINT ( 'NONE',  ( 1.004773896235911401, 2.825000000000001510, -0.6337877575812023156 ) ) ;
#520 = CARTESIAN_POINT ( 'NONE',  ( -0.2179487179487182014, 2.774999999999999911, -0.6923076923076908473 ) ) ;
#521 = CARTESIAN_POINT ( 'NONE',  ( 1.068742688633500082, 2.775000000000000799, -0.2290568790191876425 ) ) ;
#522 = CARTESIAN_POINT ( 'NONE',  ( -0.5537764327264668163, 2.774999999999999911, -0.7977372043095231069 ) ) ;
#523 = SURFACE_SIDE_STYLE ('',( #3822 ) ) ;
#524 = ORIENTED_EDGE ( 'NONE', *, *, #1062, .F. ) ;
#525 = CARTESIAN_POINT ( 'NONE',  ( -0.1609939885891588096, 2.775000000000000355, -0.8468179629232409633 ) ) ;
#526 = DIRECTION ( 'NONE',  ( 1.000000000000000000, -0.000000000000000000, 0.000000000000000000 ) ) ;
#527 = FACE_BOUND ( 'NONE', #3739, .T. ) ;
#528 = ORIENTED_EDGE ( 'NONE', *, *, #167, .F. ) ;
#529 = APPLICATION_PROTOCOL_DEFINITION ( 'draft international standard', 'automotive_design', 1998, #4372 ) ;
#530 = DIRECTION ( 'NONE',  ( 0.000000000000000000, 0.000000000000000000, -1.000000000000000000 ) ) ;
#531 = SURFACE_STYLE_FILL_AREA ( #3880 ) ;
#532 = VERTEX_POINT ( 'NONE', #620 ) ;
#533 = CARTESIAN_POINT ( 'NONE',  ( 0.4654411759927756798, 2.825000000000001066, -0.1940958912913772205 ) ) ;
#534 = CARTESIAN_POINT ( 'NONE',  ( -0.5421605001143406932, 2.825000000000001066, -0.7603390806142015235 ) ) ;
#535 = ADVANCED_FACE ( 'NONE', ( #2807 ), #3511, .T. ) ;
#536 = CARTESIAN_POINT ( 'NONE',  ( 0.02131000076627187489, 2.775000000000000355, -0.9228783217033698083 ) ) ;
#537 = SURFACE_SIDE_STYLE ('',( #1615 ) ) ;
#538 = VERTEX_POINT ( 'NONE', #4706 ) ;
#539 =( NAMED_UNIT ( * ) SI_UNIT ( $, .STERADIAN. ) SOLID_ANGLE_UNIT ( ) );
#540 = EDGE_CURVE ( 'NONE', #3684, #1624, #3096, .T. ) ;
#541 =( LENGTH_UNIT ( ) NAMED_UNIT ( * ) SI_UNIT ( .MILLI., .METRE. ) );
#542 = CARTESIAN_POINT ( 'NONE',  ( 0.9335959815916509141, 2.824999999999996625, -0.03085165000063179105 ) ) ;
#543 = VECTOR ( 'NONE', #1677, 1000.000000000000000 ) ;
#544 = CARTESIAN_POINT ( 'NONE',  ( -0.4865868531245766682, 2.774999999999999911, -0.5750846970111856971 ) ) ;
#545 = SURFACE_STYLE_USAGE ( .BOTH. , #523 ) ;
#546 = ORIENTED_EDGE ( 'NONE', *, *, #1841, .F. ) ;
#547 = EDGE_CURVE ( 'NONE', #4037, #875, #914, .T. ) ;
#548 = CARTESIAN_POINT ( 'NONE',  ( 0.1827485698126441738, 2.825000000000000622, -0.8482435178723403135 ) ) ;
#549 = CARTESIAN_POINT ( 'NONE',  ( -0.5390011579732539859, 2.775000000000000355, -0.7406231494660243664 ) ) ;
#550 = CARTESIAN_POINT ( 'NONE',  ( 3.100000000000000089, 2.725000000000000533, -3.299999999999998934 ) ) ;
#551 = CARTESIAN_POINT ( 'NONE',  ( 0.9131170472027875240, 2.825000000000001066, -0.9830308463818231424 ) ) ;
#552 =( GEOMETRIC_REPRESENTATION_CONTEXT ( 3 ) GLOBAL_UNCERTAINTY_ASSIGNED_CONTEXT ( ( #1921 ) ) GLOBAL_UNIT_ASSIGNED_CONTEXT ( ( #3855, #1889, #3809 ) ) REPRESENTATION_CONTEXT ( 'NONE', 'WORKASPACE' ) );
#553 = DIRECTION ( 'NONE',  ( 0.000000000000000000, 0.000000000000000000, 1.000000000000000000 ) ) ;
#554 = EDGE_LOOP ( 'NONE', ( #4419, #2659, #1861, #2805 ) ) ;
#555 = COLOUR_RGB ( '',0.1098039215686274495, 0.1098039215686274495, 0.1098039215686274495 ) ;
#556 = COLOUR_RGB ( '',0.1098039215686274495, 0.1098039215686274495, 0.1098039215686274495 ) ;
#557 = CARTESIAN_POINT ( 'NONE',  ( 0.7339729119469785568, 2.825000000000000622, -1.025247587366936441 ) ) ;
#558 = CARTESIAN_POINT ( 'NONE',  ( 0.4253919780518758409, 2.825000000000001066, -0.4076721250497887805 ) ) ;
#559 = CARTESIAN_POINT ( 'NONE',  ( -3.099999999999998757, 2.725000000000000533, 3.300000000000001599 ) ) ;
#560 = DIRECTION ( 'NONE',  ( 0.000000000000000000, 0.000000000000000000, -1.000000000000000000 ) ) ;
#561 = CARTESIAN_POINT ( 'NONE',  ( -0.5397089649381675569, 2.774999999999999467, -0.6879296472581007960 ) ) ;
#562 = CARTESIAN_POINT ( 'NONE',  ( -0.5384615384615378808, 2.774999999999999911, -0.7203525641025625426 ) ) ;
#563 = EDGE_CURVE ( 'NONE', #4084, #2969, #954, .T. ) ;
#564 = FILL_AREA_STYLE ('',( #3587 ) ) ;
#565 = CARTESIAN_POINT ( 'NONE',  ( -3.225000000000000533, 0.02499999999999963363, 1.500000000000000000 ) ) ;
#566 =( NAMED_UNIT ( * ) PLANE_ANGLE_UNIT ( ) SI_UNIT ( $, .RADIAN. ) );
#567 = PRESENTATION_STYLE_ASSIGNMENT (( #1340 ) ) ;
#568 = CARTESIAN_POINT ( 'NONE',  ( 0.5171205492075107157, 2.775000000000000355, -0.09815813799341226165 ) ) ;
#569 = CARTESIAN_POINT ( 'NONE',  ( 1.100135566214636373, 2.774999999999999467, -0.4109296346544944467 ) ) ;
#570 = EDGE_CURVE ( 'NONE', #2969, #4306, #933, .T. ) ;
#571 = CARTESIAN_POINT ( 'NONE',  ( -0.5737993241558771995, 2.775000000000000355, -0.8320466706723169681 ) ) ;
#572 = LINE ( 'NONE', #596, #811 ) ;
#573 = VERTEX_POINT ( 'NONE', #3925 ) ;
#574 = CARTESIAN_POINT ( 'NONE',  ( 0.03600528524931189550, 2.825000000000000622, -0.9224885583009789780 ) ) ;
#575 = CARTESIAN_POINT ( 'NONE',  ( -0.2104708354469359277, 2.824999999999999734, -0.7437255589688556157 ) ) ;
#576 = LINE ( 'NONE', #3557, #4175 ) ;
#577 = AXIS2_PLACEMENT_3D ( 'NONE', #2478, #2498, #1687 ) ;
#578 = CARTESIAN_POINT ( 'NONE',  ( 3.100000000000000089, 2.725000000000000533, -3.099999999999999645 ) ) ;
#579 = CARTESIAN_POINT ( 'NONE',  ( 1.012706572480658984, 2.825000000000000622, -0.4879787492114229797 ) ) ;
#580 = ORIENTED_EDGE ( 'NONE', *, *, #2081, .F. ) ;
#581 = CARTESIAN_POINT ( 'NONE',  ( 0.4230769230769240163, 2.774999999999999911, -0.4995993589743574770 ) ) ;
#582 = DIRECTION ( 'NONE',  ( 0.000000000000000000, 0.000000000000000000, -1.000000000000000000 ) ) ;
#583 = CARTESIAN_POINT ( 'NONE',  ( -0.7479207684644965104, 2.825000000000000178, -0.9228783217033696973 ) ) ;
#584 = CARTESIAN_POINT ( 'NONE',  ( 0.2307692307692305322, 2.774999999999999911, -0.7203525641025626536 ) ) ;
#585 = STYLED_ITEM ( 'NONE', ( #1567 ), #784 ) ;
#586 = DIRECTION ( 'NONE',  ( -0.000000000000000000, -1.000000000000000000, -0.000000000000000000 ) ) ;
#587 = LINE ( 'NONE', #1357, #4018 ) ;
#588 = VECTOR ( 'NONE', #4480, 1000.000000000000000 ) ;
#589 = MECHANICAL_DESIGN_GEOMETRIC_PRESENTATION_REPRESENTATION (  '', ( #2207 ), #3394 ) ;
#590 = LINE ( 'NONE', #2043, #3939 ) ;
#591 = DIRECTION ( 'NONE',  ( 0.000000000000000000, -0.000000000000000000, -1.000000000000000000 ) ) ;
#592 =( GEOMETRIC_REPRESENTATION_CONTEXT ( 3 ) GLOBAL_UNCERTAINTY_ASSIGNED_CONTEXT ( ( #2616 ) ) GLOBAL_UNIT_ASSIGNED_CONTEXT ( ( #1788, #2956, #3672 ) ) REPRESENTATION_CONTEXT ( 'NONE', 'WORKASPACE' ) );
#593 = FILL_AREA_STYLE ('',( #4269 ) ) ;
#594 = LINE ( 'NONE', #4658, #3694 ) ;
#595 = VERTEX_POINT ( 'NONE', #4617 ) ;
#596 = CARTESIAN_POINT ( 'NONE',  ( 3.475000000000000533, 1.425000000000001155, 1.500000000000000000 ) ) ;
#597 = ADVANCED_FACE ( 'NONE', ( #3577 ), #1275, .F. ) ;
#598 = CARTESIAN_POINT ( 'NONE',  ( 0.1123234665109219127, 2.824999999999999289, -1.013763736449899699 ) ) ;
#599 =( GEOMETRIC_REPRESENTATION_CONTEXT ( 3 ) GLOBAL_UNCERTAINTY_ASSIGNED_CONTEXT ( ( #2965 ) ) GLOBAL_UNIT_ASSIGNED_CONTEXT ( ( #2177, #1813, #18 ) ) REPRESENTATION_CONTEXT ( 'NONE', 'WORKASPACE' ) );
#600 = CARTESIAN_POINT ( 'NONE',  ( -0.5537764327264668163, 2.774999999999999911, -0.7977372043095231069 ) ) ;
#601 = CARTESIAN_POINT ( 'NONE',  ( 0.7574118589743599195, 2.774999999999999911, 0.02564102564102713547 ) ) ;
#602 = EDGE_LOOP ( 'NONE', ( #4622, #161, #546, #1473 ) ) ;
#603 =( GEOMETRIC_REPRESENTATION_CONTEXT ( 3 ) GLOBAL_UNCERTAINTY_ASSIGNED_CONTEXT ( ( #3014 ) ) GLOBAL_UNIT_ASSIGNED_CONTEXT ( ( #2013, #1994, #1590 ) ) REPRESENTATION_CONTEXT ( 'NONE', 'WORKASPACE' ) );
#604 = FACE_OUTER_BOUND ( 'NONE', #1280, .T. ) ;
#605 = VERTEX_POINT ( 'NONE', #2029 ) ;
#606 = CARTESIAN_POINT ( 'NONE',  ( 0.4333530185803529111, 2.774999999999999911, -0.6744437501406772562 ) ) ;
#607 = CARTESIAN_POINT ( 'NONE',  ( -3.225000000000000533, 1.275000000000000355, 1.500000000000000000 ) ) ;
#608 = CARTESIAN_POINT ( 'NONE',  ( 0.2532723837120318122, 2.825000000000000178, -0.5285439729531483666 ) ) ;
#609 =( NAMED_UNIT ( * ) SI_UNIT ( $, .STERADIAN. ) SOLID_ANGLE_UNIT ( ) );
#610 = DIRECTION ( 'NONE',  ( 1.000000000000000000, 0.000000000000000000, 0.000000000000000000 ) ) ;
#611 = CARTESIAN_POINT ( 'NONE',  ( 0.7339729119469785568, 2.825000000000000178, -1.025247587366936441 ) ) ;
#612 = SURFACE_STYLE_FILL_AREA ( #3984 ) ;
#613 = CARTESIAN_POINT ( 'NONE',  ( 0.4395238819646595241, 2.825000000000001066, -0.2887872462846109434 ) ) ;
#614 = VERTEX_POINT ( 'NONE', #601 ) ;
#615 = CARTESIAN_POINT ( 'NONE',  ( 3.100000000000000089, 2.825000000000000178, -3.099999999999999645 ) ) ;
#616 = AXIS2_PLACEMENT_3D ( 'NONE', #4147, #2318, #4217 ) ;
#617 = CARTESIAN_POINT ( 'NONE',  ( 0.2159228054939217600, 2.825000000000001510, -0.9583016753824314948 ) ) ;
#618 = CARTESIAN_POINT ( 'NONE',  ( -0.2041927924666211425, 2.825000000000000622, -0.7674306174969840466 ) ) ;
#619 = EDGE_CURVE ( 'NONE', #4103, #2892, #1666, .T. ) ;
#620 = CARTESIAN_POINT ( 'NONE',  ( -0.2179487179487182014, 2.825000000000000178, -0.6923076923076908473 ) ) ;
#621 = VECTOR ( 'NONE', #3565, 1000.000000000000000 ) ;
#622 = EDGE_LOOP ( 'NONE', ( #1932, #3533, #4182, #2603 ) ) ;
#623 = CARTESIAN_POINT ( 'NONE',  ( -0.9045559846267287041, 2.774999999999999467, -0.9893617955463950286 ) ) ;
#624 = ORIENTED_EDGE ( 'NONE', *, *, #3661, .F. ) ;
#625 = FACE_OUTER_BOUND ( 'NONE', #1233, .T. ) ;
#626 =( NAMED_UNIT ( * ) PLANE_ANGLE_UNIT ( ) SI_UNIT ( $, .RADIAN. ) );
#627 = CARTESIAN_POINT ( 'NONE',  ( -0.1353252153959602910, 2.774999999999999467, -0.9893617955463952507 ) ) ;
#628 = DIRECTION ( 'NONE',  ( -0.000000000000000000, -1.000000000000000000, -0.000000000000000000 ) ) ;
#629 = CARTESIAN_POINT ( 'NONE',  ( 0.7495247504607350786, 2.824999999999999289, -1.025508635292706749 ) ) ;
#630 = CARTESIAN_POINT ( 'NONE',  ( 0.8566838319640198707, 2.825000000000000622, -0.8987728124010159192 ) ) ;
#631 = CARTESIAN_POINT ( 'NONE',  ( 0.5666513263584064264, 2.774999999999999911, -0.04391081711009106603 ) ) ;
#632 = ORIENTED_EDGE ( 'NONE', *, *, #803, .T. ) ;
#633 = CARTESIAN_POINT ( 'NONE',  ( 0.5128205128205136631, 2.825000000000001066, -0.4999999999999985012 ) ) ;
#634 = CARTESIAN_POINT ( 'NONE',  ( 0.9143969315168467560, 2.825000000000000178, -0.8545410316257859851 ) ) ;
#635 = CARTESIAN_POINT ( 'NONE',  ( -3.299999999999999822, 0.000000000000000000, 1.600000000000000977 ) ) ;
#636 = DIRECTION ( 'NONE',  ( 1.000000000000000000, 0.000000000000000000, 0.000000000000000000 ) ) ;
#637 = VERTEX_POINT ( 'NONE', #1691 ) ;
#638 = ORIENTED_EDGE ( 'NONE', *, *, #477, .T. ) ;
#639 = ADVANCED_FACE ( 'NONE', ( #2055 ), #224, .T. ) ;
#640 = CARTESIAN_POINT ( 'NONE',  ( -0.8765275849223305160, 2.775000000000000799, -1.002813578924636850 ) ) ;
#641 = ORIENTED_EDGE ( 'NONE', *, *, #4287, .T. ) ;
#642 = CARTESIAN_POINT ( 'NONE',  ( 0.4881075228634341179, 2.824999999999999734, -0.8566440590146814360 ) ) ;
#643 = CARTESIAN_POINT ( 'NONE',  ( 1.012663315896817906, 2.774999999999999911, -0.5120193064337249522 ) ) ;
#644 = CARTESIAN_POINT ( 'NONE',  ( 0.01842948717948694748, 2.774999999999999911, -1.025641025641024218 ) ) ;
#645 = EDGE_CURVE ( 'NONE', #2581, #1325, #1997, .T. ) ;
#646 = EDGE_CURVE ( 'NONE', #4376, #3331, #4296, .T. ) ;
#647 = DIRECTION ( 'NONE',  ( -0.000000000000000000, -1.000000000000000000, -0.000000000000000000 ) ) ;
#648 = CARTESIAN_POINT ( 'NONE',  ( 0.8046126327235845199, 2.774999999999999911, 0.02227426384466096865 ) ) ;
#649 = FACE_OUTER_BOUND ( 'NONE', #1598, .T. ) ;
#650 =( NAMED_UNIT ( * ) PLANE_ANGLE_UNIT ( ) SI_UNIT ( $, .RADIAN. ) );
#651 =( NAMED_UNIT ( * ) PLANE_ANGLE_UNIT ( ) SI_UNIT ( $, .RADIAN. ) );
#652 = AXIS2_PLACEMENT_3D ( 'NONE', #889, #526, #873 ) ;
#653 = VECTOR ( 'NONE', #326, 1000.000000000000000 ) ;
#654 = CARTESIAN_POINT ( 'NONE',  ( -3.475000000000000533, 1.425000000000000266, -1.500000000000000000 ) ) ;
#655 = CARTESIAN_POINT ( 'NONE',  ( 0.9274705170018658906, 2.774999999999999911, -0.8397882903237644525 ) ) ;
#656 = CARTESIAN_POINT ( 'NONE',  ( 0.4395238819646595241, 2.775000000000000799, -0.2887872462846109434 ) ) ;
#657 = EDGE_LOOP ( 'NONE', ( #4595, #89, #4514, #4164 ) ) ;
#658 = CARTESIAN_POINT ( 'NONE',  ( -0.6512933371217127787, 2.775000000000000799, -0.4959350349268773495 ) ) ;
#659 = LINE ( 'NONE', #2144, #2925 ) ;
#660 = COLOUR_RGB ( '',0.1098039215686274495, 0.1098039215686274495, 0.1098039215686274495 ) ;
#661 = FACE_OUTER_BOUND ( 'NONE', #3573, .T. ) ;
#662 = CARTESIAN_POINT ( 'NONE',  ( 0.02131000076627187489, 2.825000000000000622, -0.9228783217033698083 ) ) ;
#663 = CARTESIAN_POINT ( 'NONE',  ( -0.6712385608919564373, 2.774999999999999467, -0.9083981455678119543 ) ) ;
#664 = EDGE_CURVE ( 'NONE', #1301, #1116, #3156, .T. ) ;
#665 = ORIENTED_EDGE ( 'NONE', *, *, #178, .T. ) ;
#666 = DIRECTION ( 'NONE',  ( 0.000000000000000000, -1.000000000000000000, 0.000000000000000000 ) ) ;
#667 = VERTEX_POINT ( 'NONE', #4315 ) ;
#668 = DIRECTION ( 'NONE',  ( 0.000000000000000000, -0.000000000000000000, -1.000000000000000000 ) ) ;
#669 = CARTESIAN_POINT ( 'NONE',  ( -0.5124180029230135380, 2.775000000000000799, -0.9150284759770734855 ) ) ;
#670 = ORIENTED_EDGE ( 'NONE', *, *, #1535, .F. ) ;
#671 = FACE_OUTER_BOUND ( 'NONE', #886, .T. ) ;
#672 = DIRECTION ( 'NONE',  ( 0.000000000000000000, 1.000000000000000000, 0.000000000000000000 ) ) ;
#673 = SURFACE_STYLE_FILL_AREA ( #1503 ) ;
#674 = CARTESIAN_POINT ( 'NONE',  ( 0.9528566718299222860, 2.824999999999996181, -0.04589497213267649395 ) ) ;
#675 = CARTESIAN_POINT ( 'NONE',  ( -0.8011348429639887359, 2.825000000000000178, -0.9196649512025439899 ) ) ;
#676 = DIRECTION ( 'NONE',  ( -8.673617379884035472E-16, 1.000000000000000000, -0.000000000000000000 ) ) ;
#677 = EDGE_CURVE ( 'NONE', #3903, #1833, #200, .T. ) ;
#678 = CARTESIAN_POINT ( 'NONE',  ( 0.8045638197246285372, 2.774999999999999023, -1.022560491751152378 ) ) ;
#679 = CARTESIAN_POINT ( 'NONE',  ( -3.149999999999999911, 1.636074467135544719, -1.599999999999999201 ) ) ;
#680 = ORIENTED_EDGE ( 'NONE', *, *, #192, .F. ) ;
#681 = ADVANCED_FACE ( 'NONE', ( #1246 ), #3052, .T. ) ;
#682 = CARTESIAN_POINT ( 'NONE',  ( -0.6999852128707426679, 2.774999999999999467, -0.4426514632451224451 ) ) ;
#683 = FILL_AREA_STYLE ('',( #4033 ) ) ;
#684 = DIRECTION ( 'NONE',  ( -1.000000000000000000, 0.000000000000000000, 0.000000000000000000 ) ) ;
#685 = CARTESIAN_POINT ( 'NONE',  ( -0.9871794871794865589, 2.774999999999999911, -0.6923076923076907363 ) ) ;
#686 = CARTESIAN_POINT ( 'NONE',  ( 3.100000000000000089, 2.825000000000000178, -3.199999999999999289 ) ) ;
#687 = ORIENTED_EDGE ( 'NONE', *, *, #1841, .T. ) ;
#688 = DIRECTION ( 'NONE',  ( 1.000000000000000000, -0.000000000000000000, -1.398970545142586788E-16 ) ) ;
#689 = ORIENTED_EDGE ( 'NONE', *, *, #619, .F. ) ;
#690 =( GEOMETRIC_REPRESENTATION_CONTEXT ( 3 ) GLOBAL_UNCERTAINTY_ASSIGNED_CONTEXT ( ( #3026 ) ) GLOBAL_UNIT_ASSIGNED_CONTEXT ( ( #4482, #2763, #3884 ) ) REPRESENTATION_CONTEXT ( 'NONE', 'WORKASPACE' ) );
#691 = CARTESIAN_POINT ( 'NONE',  ( -0.7839211398342348369, 2.775000000000000355, -1.024910102138550716 ) ) ;
#692 = CARTESIAN_POINT ( 'NONE',  ( -0.4534073042180760682, 2.775000000000000355, -0.7864674410876393296 ) ) ;
#693 = PLANE ( 'NONE',  #1741 ) ;
#694 = ORIENTED_EDGE ( 'NONE', *, *, #3546, .T. ) ;
#695 = FACE_OUTER_BOUND ( 'NONE', #554, .T. ) ;
#696 = AXIS2_PLACEMENT_3D ( 'NONE', #4696, #1360, #290 ) ;
#697 = CARTESIAN_POINT ( 'NONE',  ( 0.006001877454236573782, 2.775000000000000355, -0.9228726281443698776 ) ) ;
#698 = PRESENTATION_STYLE_ASSIGNMENT (( #1478 ) ) ;
#699 = CARTESIAN_POINT ( 'NONE',  ( 0.6945165945470462843, 2.775000000000001243, -0.9131365532646894545 ) ) ;
#700 = CARTESIAN_POINT ( 'NONE',  ( -3.099999999999998757, 0.000000000000000000, 3.300000000000001599 ) ) ;
#701 = LINE ( 'NONE', #2180, #4313 ) ;
#702 = DIRECTION ( 'NONE',  ( 1.000000000000000000, 0.000000000000000000, 0.000000000000000000 ) ) ;
#703 = PRESENTATION_LAYER_ASSIGNMENT (  '', '', ( #86 ) ) ;
#704 = CARTESIAN_POINT ( 'NONE',  ( 0.8496117684155091165, 2.774999999999999467, -1.011877035271268710 ) ) ;
#705 = EDGE_CURVE ( 'NONE', #4468, #595, #970, .T. ) ;
#706 = CARTESIAN_POINT ( 'NONE',  ( -0.5397089649381675569, 2.824999999999999734, -0.6879296472581007960 ) ) ;
#707 = ORIENTED_EDGE ( 'NONE', *, *, #3198, .F. ) ;
#708 = CIRCLE ( 'NONE', #2352, 0.05000000000000012768 ) ;
#709 = CIRCLE ( 'NONE', #4522, 0.2000000000000000944 ) ;
#710 = DIRECTION ( 'NONE',  ( -0.000000000000000000, -1.000000000000000000, -0.000000000000000000 ) ) ;
#711 = EDGE_CURVE ( 'NONE', #3903, #1106, #734, .T. ) ;
#712 = CARTESIAN_POINT ( 'NONE',  ( -0.4487179487179481230, 2.774999999999999911, -0.7283653846153830269 ) ) ;
#713 = CARTESIAN_POINT ( 'NONE',  ( -3.150000000000000355, 0.1499999999999999944, 1.600000000000000089 ) ) ;
#714 = STYLED_ITEM ( 'NONE', ( #1034 ), #3633 ) ;
#715 = EDGE_LOOP ( 'NONE', ( #3840, #402, #1394, #455 ) ) ;
#716 = CARTESIAN_POINT ( 'NONE',  ( 0.7811965653153879474, 2.824999999999999734, 0.02529479197459682388 ) ) ;
#717 = ORIENTED_EDGE ( 'NONE', *, *, #358, .T. ) ;
#718 =( NAMED_UNIT ( * ) PLANE_ANGLE_UNIT ( ) SI_UNIT ( $, .RADIAN. ) );
#719 = CARTESIAN_POINT ( 'NONE',  ( -0.5319917398476576853, 2.825000000000000178, -0.9373720143971766561 ) ) ;
#720 = ORIENTED_EDGE ( 'NONE', *, *, #774, .T. ) ;
#721 = CARTESIAN_POINT ( 'NONE',  ( 0.3158234650126924281, 2.775000000000000355, -0.7864674410876395516 ) ) ;
#722 = CARTESIAN_POINT ( 'NONE',  ( -0.4495994717357638115, 2.824999999999999734, -0.7577174950857636926 ) ) ;
#723 = CARTESIAN_POINT ( 'NONE',  ( 0.5129150875056489589, 2.774999999999999467, -0.5394807262443188645 ) ) ;
#724 = CARTESIAN_POINT ( 'NONE',  ( 0.2064238393370619040, 2.775000000000000355, -0.8152931048998598440 ) ) ;
#725 = ADVANCED_FACE ( 'NONE', ( #661 ), #274, .F. ) ;
#726 = LINE ( 'NONE', #4029, #342 ) ;
#727 = DIRECTION ( 'NONE',  ( -0.000000000000000000, -1.000000000000000000, -0.000000000000000000 ) ) ;
#728 = CARTESIAN_POINT ( 'NONE',  ( 1.102564102564103532, 2.774999999999999911, -0.4995993589743574770 ) ) ;
#729 = CARTESIAN_POINT ( 'NONE',  ( -0.2819984998307762392, 2.825000000000000178, -0.8250962698609222157 ) ) ;
#730 = ORIENTED_EDGE ( 'NONE', *, *, #3278, .F. ) ;
#731 = CARTESIAN_POINT ( 'NONE',  ( 1.102020788239024940, 2.774999999999999911, -0.5448897110645464226 ) ) ;
#732 = CARTESIAN_POINT ( 'NONE',  ( 0.9274705170018658906, 2.825000000000000178, -0.8397882903237644525 ) ) ;
#733 = PRESENTATION_LAYER_ASSIGNMENT (  '', '', ( #2207 ) ) ;
#734 = CIRCLE ( 'NONE', #346, 0.09999999999999982514 ) ;
#735 = DIRECTION ( 'NONE',  ( -1.000000000000000000, 0.000000000000000000, 0.000000000000000000 ) ) ;
#736 = CARTESIAN_POINT ( 'NONE',  ( -0.7117043364721702403, 2.824999999999998845, -0.9196078486019396703 ) ) ;
#737 = ORIENTED_EDGE ( 'NONE', *, *, #2446, .F. ) ;
#738 = STYLED_ITEM ( 'NONE', ( #4267 ), #54 ) ;
#739 = B_SPLINE_CURVE_WITH_KNOTS ( 'NONE', 3,
 ( #3534, #2413, #2338, #3144, #918, #2786, #144, #3901, #3829, #2314, #479 ),
 .UNSPECIFIED., .F., .F.,
 ( 4, 1, 1, 1, 1, 1, 1, 1, 4 ),
 ( 0.000000000000000000, 0.1105883385953361775, 0.2245417540535958600, 0.3425034940501039959, 0.4643240984173580554, 0.5907560327017665758, 0.7222274753555144589, 0.8588428362087242585, 1.000000000000000000 ),
 .UNSPECIFIED. ) ;
#740 = CARTESIAN_POINT ( 'NONE',  ( 3.375000000000001776, -0.1749999999999989342, 1.500000000000000000 ) ) ;
#741 = DIRECTION ( 'NONE',  ( -0.000000000000000000, 1.000000000000000000, -0.000000000000000000 ) ) ;
#742 = ORIENTED_EDGE ( 'NONE', *, *, #664, .T. ) ;
#743 = ADVANCED_FACE ( 'NONE', ( #2872 ), #2118, .F. ) ;
#744 = VECTOR ( 'NONE', #1646, 1000.000000000000000 ) ;
#745 = DIRECTION ( 'NONE',  ( -0.000000000000000000, 1.000000000000000000, -0.000000000000000000 ) ) ;
#746 = CARTESIAN_POINT ( 'NONE',  ( 0.5170084279484052914, 2.774999999999999467, -0.3879164761725383270 ) ) ;
#747 = ORIENTED_EDGE ( 'NONE', *, *, #3661, .T. ) ;
#748 = CARTESIAN_POINT ( 'NONE',  ( 0.05094080682055936171, 2.775000000000000355, -1.024879913850619495 ) ) ;
#749 = CARTESIAN_POINT ( 'NONE',  ( -0.7398361180263263170, 2.825000000000000622, -1.025384323799473529 ) ) ;
#750 = CARTESIAN_POINT ( 'NONE',  ( 0.7272160101832636503, 2.824999999999998845, -0.9213346257194287015 ) ) ;
#751 = PRESENTATION_LAYER_ASSIGNMENT (  '', '', ( #3800 ) ) ;
#752 = CARTESIAN_POINT ( 'NONE',  ( -0.9434952937813325669, 2.824999999999999734, -0.8292151163326848540 ) ) ;
#753 = UNCERTAINTY_MEASURE_WITH_UNIT (LENGTH_MEASURE( 1.000000000000000082E-05 ), #3913, 'distance_accuracy_value', 'NONE');
#754 = DIRECTION ( 'NONE',  ( -0.000000000000000000, -0.000000000000000000, -1.000000000000000000 ) ) ;
#755 = ORIENTED_EDGE ( 'NONE', *, *, #2343, .T. ) ;
#756 = CARTESIAN_POINT ( 'NONE',  ( 3.149999999999999911, 1.636074467135544719, -1.599999999999999201 ) ) ;
#757 = CARTESIAN_POINT ( 'NONE',  ( -0.7508012820512814933, 2.774999999999999911, -1.025641025641024218 ) ) ;
#758 = CARTESIAN_POINT ( 'NONE',  ( 0.9140248192247500958, 2.774999999999999467, -0.1437655922473460579 ) ) ;
#759 = ORIENTED_EDGE ( 'NONE', *, *, #3088, .F. ) ;
#760 = CARTESIAN_POINT ( 'NONE',  ( 3.299999999999999822, 2.725000000000000533, -1.599999999999998979 ) ) ;
#761 = DIRECTION ( 'NONE',  ( -0.000000000000000000, -1.000000000000000000, -0.000000000000000000 ) ) ;
#762 = B_SPLINE_SURFACE_WITH_KNOTS ( 'NONE', 3, 1, ( 
 ( #1957, #1232 ),
 ( #1761, #4369 ),
 ( #2876, #2419 ),
 ( #4445, #1683 ),
 ( #3193, #2704 ),
 ( #80, #2302 ),
 ( #4199, #1247 ),
 ( #3793, #3890 ),
 ( #2726, #2325 ),
 ( #2771, #1292 ),
 ( #862, #2403 ),
 ( #4535, #2750 ),
 ( #491, #4607 ),
 ( #2376, #1617 ),
 ( #2801, #158 ) ),
 .UNSPECIFIED., .F., .F., .F.,
 ( 4, 1, 1, 1, 1, 1, 1, 1, 1, 1, 1, 1, 4 ),
 ( 2, 2 ),
 ( 0.000000000000000000, 0.1108026438013187398, 0.2128292023477702244, 0.3061013098231110119, 0.3906473211160102488, 0.4669244693608515795, 0.5344810392840303459, 0.5935869409656725493, 0.6445570045087177791, 0.7362004526293731699, 0.8250240256188642318, 0.9119855848297582224, 1.000000000000000000 ),
 ( 0.000000000000000000, 1.000000000000000000 ),
 .UNSPECIFIED. ) ;
#763 = ORIENTED_EDGE ( 'NONE', *, *, #3758, .F. ) ;
#764 = EDGE_CURVE ( 'NONE', #4376, #3208, #4771, .T. ) ;
#765 = CARTESIAN_POINT ( 'NONE',  ( -0.7619668478208254658, 2.825000000000000622, -1.025394612311206988 ) ) ;
#766 = LINE ( 'NONE', #403, #3446 ) ;
#767 = ORIENTED_EDGE ( 'NONE', *, *, #3839, .F. ) ;
#768 = CARTESIAN_POINT ( 'NONE',  ( 0.5852262295126440250, 2.775000000000000355, -0.02924747907340788031 ) ) ;
#769 = ORIENTED_EDGE ( 'NONE', *, *, #1032, .T. ) ;
#770 = CARTESIAN_POINT ( 'NONE',  ( -0.2104708354469359277, 2.774999999999999467, -0.7437255589688556157 ) ) ;
#771 = CARTESIAN_POINT ( 'NONE',  ( 0.9673133004256404543, 2.774999999999999467, -0.2279711352682945724 ) ) ;
#772 = FILL_AREA_STYLE ('',( #2234 ) ) ;
#773 = VECTOR ( 'NONE', #218, 1000.000000000000000 ) ;
#774 = EDGE_CURVE ( 'NONE', #1951, #4775, #3258, .T. ) ;
#775 = CARTESIAN_POINT ( 'NONE',  ( 0.5128205128205136631, 2.824999999999998845, -0.4999999999999985012 ) ) ;
#776 = CARTESIAN_POINT ( 'NONE',  ( -0.7554086538461532996, 2.774999999999999911, -0.9230769230769215739 ) ) ;
#777 = PLANE ( 'NONE',  #3426 ) ;
#778 = AXIS2_PLACEMENT_3D ( 'NONE', #4524, #3338, #1180 ) ;
#779 = CARTESIAN_POINT ( 'NONE',  ( -3.149999999999999911, 1.636074467135545163, 1.600000000000001199 ) ) ;
#780 = SURFACE_STYLE_USAGE ( .BOTH. , #4459 ) ;
#781 = VERTEX_POINT ( 'NONE', #2895 ) ;
#782 = CARTESIAN_POINT ( 'NONE',  ( 1.045218853619390043, 2.774999999999999911, -0.8280135706951003982 ) ) ;
#783 = VECTOR ( 'NONE', #1059, 1000.000000000000000 ) ;
#784 = MANIFOLD_SOLID_BREP ( 'Boss-Extrude3[2]', #2620 ) ;
#785 = PRESENTATION_STYLE_ASSIGNMENT (( #4488 ) ) ;
#786 = CARTESIAN_POINT ( 'NONE',  ( 0.7936146651925104489, 2.824999999999998845, -0.07829166081267513455 ) ) ;
#787 = CARTESIAN_POINT ( 'NONE',  ( 0.9610589976571684012, 2.775000000000000355, -0.7854785162539204002 ) ) ;
#788 = ORIENTED_EDGE ( 'NONE', *, *, #664, .F. ) ;
#789 = CARTESIAN_POINT ( 'NONE',  ( -0.9045559846267287041, 2.824999999999999289, -0.9893617955463950286 ) ) ;
#790 = VERTEX_POINT ( 'NONE', #1149 ) ;
#791 = CARTESIAN_POINT ( 'NONE',  ( 0.6382037491450669453, 2.774999999999999467, -0.1169344930150459927 ) ) ;
#792 = CARTESIAN_POINT ( 'NONE',  ( 1.100114192512928968, 2.825000000000000178, -0.5886669655333365281 ) ) ;
#793 = ADVANCED_FACE ( 'NONE', ( #1192 ), #4365, .F. ) ;
#794 = ORIENTED_EDGE ( 'NONE', *, *, #2155, .F. ) ;
#795 = CARTESIAN_POINT ( 'NONE',  ( 0.2568127663077550693, 2.825000000000000622, -0.9150284759770733745 ) ) ;
#796 = CARTESIAN_POINT ( 'NONE',  ( 0.2980933530481197358, 2.824999999999999734, -0.6067929976867492137 ) ) ;
#797 = SURFACE_SIDE_STYLE ('',( #120 ) ) ;
#798 = CARTESIAN_POINT ( 'NONE',  ( 0.5515750791170866973, 2.774999999999999467, -0.7714154762967102563 ) ) ;
#799 = CARTESIAN_POINT ( 'NONE',  ( -0.9302247578199275280, 2.775000000000001243, -0.8468179629232408523 ) ) ;
#800 = FACE_OUTER_BOUND ( 'NONE', #3993, .T. ) ;
#801 = CARTESIAN_POINT ( 'NONE',  ( -0.6569073027198464310, 2.774999999999999911, -1.013763736449899699 ) ) ;
#802 = UNCERTAINTY_MEASURE_WITH_UNIT (LENGTH_MEASURE( 1.000000000000000082E-05 ), #541, 'distance_accuracy_value', 'NONE');
#803 = EDGE_CURVE ( 'NONE', #1832, #1461, #1944, .T. ) ;
#804 = CARTESIAN_POINT ( 'NONE',  ( -0.6512933371217127787, 2.775000000000000799, -0.4959350349268773495 ) ) ;
#805 = FACE_OUTER_BOUND ( 'NONE', #3718, .T. ) ;
#806 = VERTEX_POINT ( 'NONE', #2677 ) ;
#807 = SURFACE_STYLE_FILL_AREA ( #2624 ) ;
#808 = CARTESIAN_POINT ( 'NONE',  ( 0.7109325222508863229, 2.775000000000000355, -1.022517042084254424 ) ) ;
#809 = CARTESIAN_POINT ( 'NONE',  ( 0.01842948717948694748, 2.774999999999999911, -1.025641025641024218 ) ) ;
#810 = CIRCLE ( 'NONE', #4240, 0.09999999999999982514 ) ;
#811 = VECTOR ( 'NONE', #2049, 1000.000000000000000 ) ;
#812 = FACE_OUTER_BOUND ( 'NONE', #2389, .T. ) ;
#813 = CARTESIAN_POINT ( 'NONE',  ( 0.5315228882858616943, 2.825000000000001066, -0.9206964640295565161 ) ) ;
#814 = ORIENTED_EDGE ( 'NONE', *, *, #1181, .T. ) ;
#815 = AXIS2_PLACEMENT_3D ( 'NONE', #1120, #2323, #2702 ) ;
#816 = UNCERTAINTY_MEASURE_WITH_UNIT (LENGTH_MEASURE( 1.000000000000000082E-05 ), #3045, 'distance_accuracy_value', 'NONE');
#817 = EDGE_CURVE ( 'NONE', #4533, #4569, #2299, .T. ) ;
#818 = PLANE ( 'NONE',  #1056 ) ;
#819 = LINE ( 'NONE', #4571, #3525 ) ;
#820 = VERTEX_POINT ( 'NONE', #861 ) ;
#821 = VECTOR ( 'NONE', #1744, 1000.000000000000000 ) ;
#822 = COLOUR_RGB ( '',0.1098039215686274495, 0.1098039215686274495, 0.1098039215686274495 ) ;
#823 = CARTESIAN_POINT ( 'NONE',  ( 0.4654411759927756798, 2.775000000000000799, -0.1940958912913772205 ) ) ;
#824 = ORIENTED_EDGE ( 'NONE', *, *, #1004, .F. ) ;
#825 = CIRCLE ( 'NONE', #1438, 0.1000000000000002554 ) ;
#826 =( NAMED_UNIT ( * ) SI_UNIT ( $, .STERADIAN. ) SOLID_ANGLE_UNIT ( ) );
#827 = CARTESIAN_POINT ( 'NONE',  ( 0.8819106667655070009, 2.775000000000000799, -0.1160675986004362087 ) ) ;
#828 = CARTESIAN_POINT ( 'NONE',  ( -0.8469674239053437415, 2.774999999999999467, -1.012910677759645051 ) ) ;
#829 = DIRECTION ( 'NONE',  ( -0.000000000000000000, -1.000000000000000000, -0.000000000000000000 ) ) ;
#830 = CARTESIAN_POINT ( 'NONE',  ( 0.7495249692642870221, 2.824999999999999734, 0.02550778122422457661 ) ) ;
#831 = CARTESIAN_POINT ( 'NONE',  ( 0.09489772116265426938, 2.825000000000000178, -0.4702923089977004700 ) ) ;
#832 = DIRECTION ( 'NONE',  ( 1.000000000000000000, 0.000000000000000000, 0.000000000000000000 ) ) ;
#833 = AXIS2_PLACEMENT_3D ( 'NONE', #685, #1488, #2167 ) ;
#834 = DIRECTION ( 'NONE',  ( 0.000000000000000000, -0.000000000000000000, 1.000000000000000000 ) ) ;
#835 = CARTESIAN_POINT ( 'NONE',  ( 3.299999999999999822, 0.000000000000000000, -3.099999999999999645 ) ) ;
#836 = ORIENTED_EDGE ( 'NONE', *, *, #4630, .F. ) ;
#837 = ADVANCED_FACE ( 'NONE', ( #3451 ), #3860, .T. ) ;
#838 = PRESENTATION_LAYER_ASSIGNMENT (  '', '', ( #3552 ) ) ;
#839 = CARTESIAN_POINT ( 'NONE',  ( 0.1183894230769228229, 2.825000000000000178, -0.3693910256410241622 ) ) ;
#840 = CARTESIAN_POINT ( 'NONE',  ( 0.4287423406231311573, 2.825000000000000178, -0.6346885884154123136 ) ) ;
#841 = CARTESIAN_POINT ( 'NONE',  ( 0.6243236898695023740, 2.774999999999999467, -0.9943770142167318582 ) ) ;
#842 = CARTESIAN_POINT ( 'NONE',  ( 0.9723730278400001259, 2.824999999999999734, -0.2416196321585314666 ) ) ;
#843 = LINE ( 'NONE', #2275, #1200 ) ;
#844 = EDGE_CURVE ( 'NONE', #1616, #4176, #1487, .T. ) ;
#845 = ORIENTED_EDGE ( 'NONE', *, *, #677, .F. ) ;
#846 = FACE_OUTER_BOUND ( 'NONE', #2635, .T. ) ;
#847 = CARTESIAN_POINT ( 'NONE',  ( 0.7604166666666676289, 2.774999999999999911, -0.9230769230769216849 ) ) ;
#848 = ORIENTED_EDGE ( 'NONE', *, *, #917, .T. ) ;
#849 = CARTESIAN_POINT ( 'NONE',  ( 0.4230769230769240163, 2.774999999999999911, -0.4995993589743574770 ) ) ;
#850 = VERTEX_POINT ( 'NONE', #390 ) ;
#851 = DIRECTION ( 'NONE',  ( 0.6837766319733928899, 0.000000000000000000, -0.7296913851534243545 ) ) ;
#852 = DIRECTION ( 'NONE',  ( 0.000000000000000000, 1.000000000000000000, 0.000000000000000000 ) ) ;
#853 = CARTESIAN_POINT ( 'NONE',  ( -3.100000000000000089, 0.000000000000000000, -3.299999999999998046 ) ) ;
#854 = CARTESIAN_POINT ( 'NONE',  ( 1.003787627568891061, 2.824999999999999734, -0.3639209096807292654 ) ) ;
#855 = CARTESIAN_POINT ( 'NONE',  ( -1.076338176063667884, 2.774999999999999911, -0.7042136602413466839 ) ) ;
#856 =( LENGTH_UNIT ( ) NAMED_UNIT ( * ) SI_UNIT ( .MILLI., .METRE. ) );
#857 = CARTESIAN_POINT ( 'NONE',  ( 3.475000000000000533, 1.425000000000001155, 1.500000000000000000 ) ) ;
#858 = VECTOR ( 'NONE', #1872, 1000.000000000000000 ) ;
#859 = ORIENTED_EDGE ( 'NONE', *, *, #2755, .T. ) ;
#860 = EDGE_CURVE ( 'NONE', #234, #790, #726, .T. ) ;
#861 = CARTESIAN_POINT ( 'NONE',  ( -3.300000000000002043, 1.636074467135545163, 1.600000000000000977 ) ) ;
#862 = CARTESIAN_POINT ( 'NONE',  ( 0.2112568887243104487, 2.775000000000000355, -0.6249979495618054326 ) ) ;
#863 = CARTESIAN_POINT ( 'NONE',  ( 0.5844210811452387189, 2.774999999999999911, -0.9699535255631022146 ) ) ;
#864 = DIRECTION ( 'NONE',  ( 1.000000000000000000, 0.000000000000000000, -1.398970545142586788E-16 ) ) ;
#865 = B_SPLINE_SURFACE_WITH_KNOTS ( 'NONE', 3, 1, ( 
 ( #2138, #316 ),
 ( #1772, #1407 ),
 ( #1821, #971 ),
 ( #678, #2865 ),
 ( #2912, #4314 ),
 ( #704, #1070 ),
 ( #1796, #2567 ),
 ( #4383, #3681 ),
 ( #2474, #1043 ),
 ( #3963, #339 ),
 ( #2160, #3295 ),
 ( #4765, #4791 ),
 ( #1893, #2268 ),
 ( #50, #1940 ),
 ( #3369, #3016 ),
 ( #3759, #4148 ),
 ( #75, #4531 ),
 ( #4074, #1459 ),
 ( #4428, #3815 ),
 ( #2673, #1538 ),
 ( #23, #4483 ),
 ( #463, #1922 ),
 ( #1188, #1114 ),
 ( #3706, #3395 ),
 ( #1146, #3788 ),
 ( #2697, #4174 ),
 ( #728, #2967 ) ),
 .UNSPECIFIED., .F., .F., .F.,
 ( 4, 1, 1, 1, 1, 1, 1, 1, 1, 1, 1, 1, 1, 1, 1, 1, 1, 1, 1, 1, 1, 1, 1, 1, 4 ),
 ( 2, 2 ),
 ( 0.000000000000000000, 0.03378811616271037294, 0.06719393237388003592, 0.09986241085682528995, 0.1325666121262582264, 0.1651511732547863709, 0.1979131873557920251, 0.2313190035669616396, 0.2650832782673732679, 0.2992553087581148463, 0.3343985665049786227, 0.3699428235093077943, 0.4062835607000609972, 0.4440638196985082220, 0.4829977068727756007, 0.5233544466133044359, 0.5655365896041489870, 0.6096129240658193504, 0.6563908113764169716, 0.7058854949364571363, 0.7583245002617310382, 0.8138317829411501059, 0.8727945590393898501, 0.9347222295400741121, 1.000000000000000000 ),
 ( 0.000000000000000000, 1.000000000000000000 ),
 .UNSPECIFIED. ) ;
#866 = CARTESIAN_POINT ( 'NONE',  ( 3.100000000000000533, 2.825000000000000178, 3.200000000000000622 ) ) ;
#867 = CARTESIAN_POINT ( 'NONE',  ( 1.600000000000001199, 0.1499999999999999944, -1.599999999999999645 ) ) ;
#868 = ORIENTED_EDGE ( 'NONE', *, *, #507, .F. ) ;
#869 = EDGE_CURVE ( 'NONE', #850, #573, #365, .T. ) ;
#870 = MECHANICAL_DESIGN_GEOMETRIC_PRESENTATION_REPRESENTATION (  '', ( #4435 ), #3284 ) ;
#871 = DIRECTION ( 'NONE',  ( -1.000000000000000000, 0.000000000000000000, 0.000000000000000000 ) ) ;
#872 = ORIENTED_EDGE ( 'NONE', *, *, #2873, .T. ) ;
#873 = DIRECTION ( 'NONE',  ( 0.000000000000000000, 0.000000000000000000, -1.000000000000000000 ) ) ;
#874 = LINE ( 'NONE', #1177, #3241 ) ;
#875 = VERTEX_POINT ( 'NONE', #1430 ) ;
#876 =( NAMED_UNIT ( * ) PLANE_ANGLE_UNIT ( ) SI_UNIT ( $, .RADIAN. ) );
#877 = CARTESIAN_POINT ( 'NONE',  ( 1.012482357888849549, 2.774999999999999911, -0.4643230374413515049 ) ) ;
#878 = PRESENTATION_STYLE_ASSIGNMENT (( #3417 ) ) ;
#879 = FACE_OUTER_BOUND ( 'NONE', #111, .T. ) ;
#880 = DIRECTION ( 'NONE',  ( -0.000000000000000000, -1.000000000000000000, 0.000000000000000000 ) ) ;
#881 = VERTEX_POINT ( 'NONE', #2963 ) ;
#882 = CARTESIAN_POINT ( 'NONE',  ( 1.012820512820513663, 2.774999999999999911, -0.4999999999999985012 ) ) ;
#883 = CARTESIAN_POINT ( 'NONE',  ( 0.4230769230769240163, 2.825000000000000178, -0.4995993589743574770 ) ) ;
#884 = CARTESIAN_POINT ( 'NONE',  ( 0.3196312974950044072, 2.774999999999999467, -0.7577174950857638036 ) ) ;
#885 = CARTESIAN_POINT ( 'NONE',  ( -0.07394055386944296815, 2.825000000000000622, -0.9082013755499858121 ) ) ;
#886 = EDGE_LOOP ( 'NONE', ( #1222, #2254, #3066, #2362 ) ) ;
#887 = CARTESIAN_POINT ( 'NONE',  ( 0.2307692307692305322, 2.825000000000000178, -0.7203525641025626536 ) ) ;
#888 = CARTESIAN_POINT ( 'NONE',  ( 0.006001877454236573782, 2.775000000000000355, -0.9228726281443698776 ) ) ;
#889 = CARTESIAN_POINT ( 'NONE',  ( -3.100000000000000089, 2.725000000000000533, -3.199999999999998401 ) ) ;
#890 = LINE ( 'NONE', #4278, #2707 ) ;
#891 = EDGE_CURVE ( 'NONE', #4013, #2073, #2204, .T. ) ;
#892 = MECHANICAL_DESIGN_GEOMETRIC_PRESENTATION_REPRESENTATION (  '', ( #962 ), #964 ) ;
#893 = VERTEX_POINT ( 'NONE', #4740 ) ;
#894 = CARTESIAN_POINT ( 'NONE',  ( 3.375000000000001776, -0.1749999999999989342, 1.500000000000000000 ) ) ;
#895 = CIRCLE ( 'NONE', #3091, 0.1000000000000002554 ) ;
#896 = CARTESIAN_POINT ( 'NONE',  ( -3.099999999999998757, 2.725000000000000533, 3.300000000000001599 ) ) ;
#897 = CARTESIAN_POINT ( 'NONE',  ( 0.9840960449335014459, 2.775000000000000355, -0.2756376146130529170 ) ) ;
#898 = ORIENTED_EDGE ( 'NONE', *, *, #3818, .T. ) ;
#899 = CARTESIAN_POINT ( 'NONE',  ( -0.5628069298937066200, 2.825000000000000622, -0.8152931048998596220 ) ) ;
#900 = VECTOR ( 'NONE', #4529, 1000.000000000000000 ) ;
#901 = CARTESIAN_POINT ( 'NONE',  ( 0.05752643275859807559, 2.825000000000000178, -0.9196078486019402254 ) ) ;
#902 = FACE_OUTER_BOUND ( 'NONE', #4318, .T. ) ;
#903 = ORIENTED_EDGE ( 'NONE', *, *, #2553, .F. ) ;
#904 = EDGE_CURVE ( 'NONE', #4304, #3422, #3653, .T. ) ;
#905 = DIRECTION ( 'NONE',  ( 0.000000000000000000, 0.000000000000000000, -1.000000000000000000 ) ) ;
#906 = FACE_OUTER_BOUND ( 'NONE', #2122, .T. ) ;
#907 =( NAMED_UNIT ( * ) SI_UNIT ( $, .STERADIAN. ) SOLID_ANGLE_UNIT ( ) );
#908 = CARTESIAN_POINT ( 'NONE',  ( 1.102377935551554389, 2.774999999999999911, -0.4843068138483847540 ) ) ;
#909 = CARTESIAN_POINT ( 'NONE',  ( -0.6172715677431103165, 2.774999999999999911, -0.8773390903124936857 ) ) ;
#910 = CARTESIAN_POINT ( 'NONE',  ( -0.1120501623980287437, 2.824999999999999734, -0.8893012916925303601 ) ) ;
#911 = ORIENTED_EDGE ( 'NONE', *, *, #295, .F. ) ;
#912 = CARTESIAN_POINT ( 'NONE',  ( 0.2064238393370619040, 2.825000000000000622, -0.8152931048998598440 ) ) ;
#913 = CARTESIAN_POINT ( 'NONE',  ( -0.5864821994181245168, 2.775000000000000355, -0.8482435178723402025 ) ) ;
#914 = LINE ( 'NONE', #2411, #3704 ) ;
#915 = CARTESIAN_POINT ( 'NONE',  ( -0.4358974358974352925, 2.774999999999999911, -0.1025641025641009785 ) ) ;
#916 = ORIENTED_EDGE ( 'NONE', *, *, #443, .F. ) ;
#917 = EDGE_CURVE ( 'NONE', #1976, #246, #4520, .T. ) ;
#918 = CARTESIAN_POINT ( 'NONE',  ( 0.9981980944976260872, 2.775000000000000799, -0.3332280191897459276 ) ) ;
#919 = CARTESIAN_POINT ( 'NONE',  ( 1.012820512820513663, 2.774999999999999911, -0.4999999999999985012 ) ) ;
#920 = ORIENTED_EDGE ( 'NONE', *, *, #3430, .T. ) ;
#921 = CARTESIAN_POINT ( 'NONE',  ( 0.6243236898695023740, 2.825000000000000178, -0.9943770142167318582 ) ) ;
#922 = CARTESIAN_POINT ( 'NONE',  ( 0.4233516023273723450, 2.824999999999999734, -0.4527707561715451634 ) ) ;
#923 = CARTESIAN_POINT ( 'NONE',  ( -0.5973724428115916307, 2.774999999999999911, -0.5609101263062352682 ) ) ;
#924 = EDGE_CURVE ( 'NONE', #4803, #3329, #701, .T. ) ;
#925 = DIRECTION ( 'NONE',  ( 0.000000000000000000, 0.000000000000000000, -1.000000000000000000 ) ) ;
#926 = DIRECTION ( 'NONE',  ( 1.445602896647339706E-15, 0.000000000000000000, -1.000000000000000000 ) ) ;
#927 = CYLINDRICAL_SURFACE ( 'NONE', #3947, 0.09999999999999982514 ) ;
#928 = CARTESIAN_POINT ( 'NONE',  ( 1.057932747459269907, 2.774999999999999467, -0.1998469328449147819 ) ) ;
#929 = CARTESIAN_POINT ( 'NONE',  ( 0.5204226192722772870, 2.824999999999999289, -0.6450875411017262806 ) ) ;
#930 = VERTEX_POINT ( 'NONE', #4100 ) ;
#931 =( NAMED_UNIT ( * ) SI_UNIT ( $, .STERADIAN. ) SOLID_ANGLE_UNIT ( ) );
#932 = CARTESIAN_POINT ( 'NONE',  ( -0.1120501623980287437, 2.824999999999999734, -0.8893012916925303601 ) ) ;
#933 = LINE ( 'NONE', #3953, #3485 ) ;
#934 = CARTESIAN_POINT ( 'NONE',  ( 0.8496117684155091165, 2.824999999999999289, -1.011877035271268710 ) ) ;
#935 = EDGE_LOOP ( 'NONE', ( #3922, #898, #1826, #1955, #2923, #2103, #2115, #2784, #687, #3504, #270, #4687 ) ) ;
#936 = FILL_AREA_STYLE_COLOUR ( '', #3833 ) ;
#937 = ORIENTED_EDGE ( 'NONE', *, *, #1714, .T. ) ;
#938 = VECTOR ( 'NONE', #3021, 1000.000000000000000 ) ;
#939 = CARTESIAN_POINT ( 'NONE',  ( 0.5016974641273129754, 2.775000000000000355, -0.8795417539689036612 ) ) ;
#940 = LINE ( 'NONE', #2064, #1037 ) ;
#941 = CARTESIAN_POINT ( 'NONE',  ( -0.5384615384615378808, 2.825000000000000178, -0.7203525641025625426 ) ) ;
#942 = DIRECTION ( 'NONE',  ( -2.891205793294678326E-16, -1.000000000000000000, 0.000000000000000000 ) ) ;
#943 = LINE ( 'NONE', #562, #515 ) ;
#944 = SURFACE_STYLE_USAGE ( .BOTH. , #262 ) ;
#945 =( NAMED_UNIT ( * ) SI_UNIT ( $, .STERADIAN. ) SOLID_ANGLE_UNIT ( ) );
#946 = EDGE_CURVE ( 'NONE', #4306, #1370, #21, .T. ) ;
#947 = CARTESIAN_POINT ( 'NONE',  ( 0.4253919780518758409, 2.825000000000001066, -0.4076721250497887805 ) ) ;
#948 = ORIENTED_EDGE ( 'NONE', *, *, #4178, .F. ) ;
#949 = CARTESIAN_POINT ( 'NONE',  ( -0.5727548347504189952, 2.775000000000000355, -0.4560148599948500303 ) ) ;
#950 = DIRECTION ( 'NONE',  ( -8.533093391690703102E-14, -1.000000000000000000, -1.143578717980361479E-12 ) ) ;
#951 = ORIENTED_EDGE ( 'NONE', *, *, #3879, .F. ) ;
#952 = CARTESIAN_POINT ( 'NONE',  ( 0.9779747266956556606, 2.825000000000000178, -0.2575205391149205658 ) ) ;
#953 = CARTESIAN_POINT ( 'NONE',  ( -0.2041927924666211425, 2.775000000000000355, -0.7674306174969840466 ) ) ;
#954 = LINE ( 'NONE', #185, #744 ) ;
#955 = ORIENTED_EDGE ( 'NONE', *, *, #2810, .F. ) ;
#956 = VECTOR ( 'NONE', #710, 1000.000000000000000 ) ;
#957 = EDGE_CURVE ( 'NONE', #4386, #1116, #2676, .T. ) ;
#958 = CARTESIAN_POINT ( 'NONE',  ( -0.9805330148588279338, 2.774999999999999467, -0.9321730855556880080 ) ) ;
#959 = EDGE_LOOP ( 'NONE', ( #2084, #1854, #4701, #3376 ) ) ;
#960 = LINE ( 'NONE', #1718, #3319 ) ;
#961 = VECTOR ( 'NONE', #1816, 1000.000000000000000 ) ;
#962 = STYLED_ITEM ( 'NONE', ( #1541 ), #4016 ) ;
#963 = CARTESIAN_POINT ( 'NONE',  ( 0.1561805458626690235, 2.775000000000000355, -0.5414259252811636225 ) ) ;
#964 =( GEOMETRIC_REPRESENTATION_CONTEXT ( 3 ) GLOBAL_UNCERTAINTY_ASSIGNED_CONTEXT ( ( #36 ) ) GLOBAL_UNIT_ASSIGNED_CONTEXT ( ( #3043, #651, #1771 ) ) REPRESENTATION_CONTEXT ( 'NONE', 'WORKASPACE' ) );
#965 = AXIS2_PLACEMENT_3D ( 'NONE', #4270, #1926, #3093 ) ;
#966 = DIRECTION ( 'NONE',  ( -1.000000000000000000, 0.000000000000000000, 0.000000000000000000 ) ) ;
#967 = VECTOR ( 'NONE', #2769, 1000.000000000000000 ) ;
#968 = CARTESIAN_POINT ( 'NONE',  ( -3.375000000000000888, 1.525000000000000355, 1.500000000000000000 ) ) ;
#969 = STYLED_ITEM ( 'NONE', ( #4146 ), #211 ) ;
#970 = B_SPLINE_CURVE_WITH_KNOTS ( 'NONE', 3,
 ( #1413, #4077, #4434, #2216, #2499, #344, #2595, #298, #2919, #1779, #3660, #3990, #371, #2972, #732, #634, #4390, #1024, #2572, #1849, #1095, #1050, #3350 ),
 .UNSPECIFIED., .F., .F.,
 ( 4, 1, 1, 1, 1, 1, 1, 1, 1, 1, 1, 1, 1, 1, 1, 1, 1, 1, 1, 1, 4 ),
 ( 0.000000000000000000, 0.06568119799063880382, 0.1284864641740648405, 0.1881751303280078391, 0.2451061306699862385, 0.2994484245294753988, 0.3508229360093821358, 0.3999416805337775993, 0.4466717436323718315, 0.4912545333734981701, 0.5333763442704365643, 0.5738527549682236328, 0.6125263117194527096, 0.6495971364453292374, 0.6855320415538501688, 0.7201057860682007483, 0.7538376629736497359, 0.8189254160467135391, 0.8804934616501637334, 0.9403113338460570292, 1.000000000000000000 ),
 .UNSPECIFIED. ) ;
#971 = CARTESIAN_POINT ( 'NONE',  ( 0.7811808553686530043, 2.824999999999998401, -1.025224475332468188 ) ) ;
#972 = CARTESIAN_POINT ( 'NONE',  ( 3.299999999999999822, 2.825000000000000178, -3.099999999999999645 ) ) ;
#973 = AXIS2_PLACEMENT_3D ( 'NONE', #2853, #4666, #1369 ) ;
#974 = CARTESIAN_POINT ( 'NONE',  ( 0.6454192370453731842, 2.825000000000000622, 0.004547713497229749664 ) ) ;
#975 = ORIENTED_EDGE ( 'NONE', *, *, #328, .F. ) ;
#976 =( GEOMETRIC_REPRESENTATION_CONTEXT ( 3 ) GLOBAL_UNCERTAINTY_ASSIGNED_CONTEXT ( ( #2683 ) ) GLOBAL_UNIT_ASSIGNED_CONTEXT ( ( #472, #2409, #2712 ) ) REPRESENTATION_CONTEXT ( 'NONE', 'WORKASPACE' ) );
#977 = CARTESIAN_POINT ( 'NONE',  ( -3.475000000000000533, 1.425000000000000266, 1.500000000000000000 ) ) ;
#978 = CARTESIAN_POINT ( 'NONE',  ( 0.5515750791170866973, 2.824999999999999734, -0.7714154762967102563 ) ) ;
#979 = EDGE_CURVE ( 'NONE', #4793, #4347, #4263, .T. ) ;
#980 = CARTESIAN_POINT ( 'NONE',  ( 0.1922425738393500061, 2.824999999999999289, -0.9760787700601927241 ) ) ;
#981 = CARTESIAN_POINT ( 'NONE',  ( -0.5469349304270572087, 2.775000000000000355, -0.7793575988472847271 ) ) ;
#982 = DIRECTION ( 'NONE',  ( -0.000000000000000000, -1.000000000000000000, -0.000000000000000000 ) ) ;
#983 = ORIENTED_EDGE ( 'NONE', *, *, #1912, .T. ) ;
#984 = DIRECTION ( 'NONE',  ( -0.000000000000000000, 0.000000000000000000, -1.000000000000000000 ) ) ;
#985 = ORIENTED_EDGE ( 'NONE', *, *, #3769, .T. ) ;
#986 = CARTESIAN_POINT ( 'NONE',  ( 0.4648440800804598538, 2.825000000000000178, -0.8055003720672746503 ) ) ;
#987 = CARTESIAN_POINT ( 'NONE',  ( 0.7109325222508863229, 2.825000000000001066, -1.022517042084254424 ) ) ;
#988 =( LENGTH_UNIT ( ) NAMED_UNIT ( * ) SI_UNIT ( .MILLI., .METRE. ) );
#989 = CARTESIAN_POINT ( 'NONE',  ( -0.3076923076923079869, 2.774999999999999911, -0.6923076923076908473 ) ) ;
#990 = CARTESIAN_POINT ( 'NONE',  ( 0.1964759344803493346, 2.774999999999999467, -0.4560148599948500303 ) ) ;
#991 = SURFACE_STYLE_FILL_AREA ( #564 ) ;
#992 = CARTESIAN_POINT ( 'NONE',  ( 3.475000000000001865, -0.07499999999999890088, 1.500000000000000000 ) ) ;
#993 = CARTESIAN_POINT ( 'NONE',  ( 0.9795521775968828448, 2.774999999999999911, -0.7415029617217052671 ) ) ;
#994 = PLANE ( 'NONE',  #2056 ) ;
#995 = DIRECTION ( 'NONE',  ( -0.000000000000000000, 1.000000000000000000, -0.000000000000000000 ) ) ;
#996 = ORIENTED_EDGE ( 'NONE', *, *, #2479, .T. ) ;
#997 = EDGE_CURVE ( 'NONE', #1833, #4491, #3781, .T. ) ;
#998 = CARTESIAN_POINT ( 'NONE',  ( -0.6307169391869059671, 2.824999999999998401, -0.5195311916253009255 ) ) ;
#999 = CARTESIAN_POINT ( 'NONE',  ( 3.299999999999999822, 2.825000000000000178, -1.599999999999998979 ) ) ;
#1000 = AXIS2_PLACEMENT_3D ( 'NONE', #289, #1431, #1113 ) ;
#1001 = CARTESIAN_POINT ( 'NONE',  ( 0.3202157042086763439, 2.825000000000001066, -0.7382584791864084117 ) ) ;
#1002 = DIRECTION ( 'NONE',  ( -0.000000000000000000, -0.000000000000000000, -1.000000000000000000 ) ) ;
#1003 = ORIENTED_EDGE ( 'NONE', *, *, #3865, .T. ) ;
#1004 = EDGE_CURVE ( 'NONE', #2581, #246, #940, .T. ) ;
#1005 = EDGE_CURVE ( 'NONE', #3262, #3636, #2442, .T. ) ;
#1006 = LINE ( 'NONE', #3263, #2829 ) ;
#1007 = ORIENTED_EDGE ( 'NONE', *, *, #1553, .T. ) ;
#1008 = CARTESIAN_POINT ( 'NONE',  ( 0.4759834483714149300, 2.774999999999999911, -0.8319511443593208266 ) ) ;
#1009 = FILL_AREA_STYLE_COLOUR ( '', #2834 ) ;
#1010 = CARTESIAN_POINT ( 'NONE',  ( -0.04691298100616272254, 2.775000000000000355, -1.020402574789529782 ) ) ;
#1011 = VECTOR ( 'NONE', #2260, 1000.000000000000000 ) ;
#1012 = CARTESIAN_POINT ( 'NONE',  ( 0.1183894230769228367, 2.825000000000000178, -0.3693910256410242177 ) ) ;
#1013 = CARTESIAN_POINT ( 'NONE',  ( 0.8498625632391269002, 2.774999999999999467, 0.01173874744273438984 ) ) ;
#1014 = DIRECTION ( 'NONE',  ( -0.000000000000000000, -1.000000000000000000, -0.000000000000000000 ) ) ;
#1015 = CARTESIAN_POINT ( 'NONE',  ( -3.375000000000000888, -0.07499999999999976130, 1.500000000000000000 ) ) ;
#1016 = DIRECTION ( 'NONE',  ( 2.891205793294679312E-16, 0.000000000000000000, -1.000000000000000000 ) ) ;
#1017 = ADVANCED_FACE ( 'NONE', ( #2038 ), #217, .F. ) ;
#1018 = CARTESIAN_POINT ( 'NONE',  ( 0.9610589976571684012, 2.825000000000001510, -0.7854785162539204002 ) ) ;
#1019 = B_SPLINE_CURVE_WITH_KNOTS ( 'NONE', 3,
 ( #3835, #391, #4172, #831, #2292, #49, #3785, #2646, #1964, #1536, #1166, #2670, #1612, #1920, #1218 ),
 .UNSPECIFIED., .F., .F.,
 ( 4, 1, 1, 1, 1, 1, 1, 1, 1, 1, 1, 1, 4 ),
 ( 0.000000000000000000, 0.1108026438013187398, 0.2128292023477702244, 0.3061013098231110119, 0.3906473211160102488, 0.4669244693608515795, 0.5344810392840303459, 0.5935869409656725493, 0.6445570045087177791, 0.7362004526293731699, 0.8250240256188642318, 0.9119855848297582224, 1.000000000000000000 ),
 .UNSPECIFIED. ) ;
#1020 = CARTESIAN_POINT ( 'NONE',  ( 0.7109300120628695430, 2.825000000000000622, 0.02252684024548010089 ) ) ;
#1021 = ORIENTED_EDGE ( 'NONE', *, *, #3285, .T. ) ;
#1022 = CARTESIAN_POINT ( 'NONE',  ( -0.5579738805064581308, 2.824999999999999734, -0.6249979495618050995 ) ) ;
#1023 = LINE ( 'NONE', #2804, #2374 ) ;
#1024 = CARTESIAN_POINT ( 'NONE',  ( 0.8816764861927038899, 2.824999999999999734, -0.8831980422629713834 ) ) ;
#1025 = CARTESIAN_POINT ( 'NONE',  ( 0.2736991249204051013, 2.825000000000000178, -0.8911747892307443353 ) ) ;
#1026 = VERTEX_POINT ( 'NONE', #4357 ) ;
#1027 = CARTESIAN_POINT ( 'NONE',  ( 0.7574118589743599195, 2.825000000000000178, 0.02564102564102713547 ) ) ;
#1028 = ORIENTED_EDGE ( 'NONE', *, *, #2105, .T. ) ;
#1029 = CARTESIAN_POINT ( 'NONE',  ( -0.8469674239053437415, 2.824999999999999734, -1.012910677759645051 ) ) ;
#1030 = CARTESIAN_POINT ( 'NONE',  ( 0.5810424208159744586, 2.775000000000000355, -0.1748381595179664683 ) ) ;
#1031 = EDGE_LOOP ( 'NONE', ( #845, #1713, #1528, #1728, #2365, #3119, #3100, #1160 ) ) ;
#1032 = EDGE_CURVE ( 'NONE', #35, #875, #4694, .T. ) ;
#1033 = CARTESIAN_POINT ( 'NONE',  ( 0.7574118589743599195, 2.774999999999999911, 0.02564102564102713547 ) ) ;
#1034 = PRESENTATION_STYLE_ASSIGNMENT (( #4734 ) ) ;
#1035 = CARTESIAN_POINT ( 'NONE',  ( 3.375000000000000888, 1.425000000000001155, 1.500000000000000000 ) ) ;
#1036 = FACE_OUTER_BOUND ( 'NONE', #4417, .T. ) ;
#1037 = VECTOR ( 'NONE', #3563, 1000.000000000000000 ) ;
#1038 = EDGE_CURVE ( 'NONE', #2483, #2281, #590, .T. ) ;
#1039 = CARTESIAN_POINT ( 'NONE',  ( 1.100135566214636373, 2.824999999999996625, -0.4109296346544944467 ) ) ;
#1040 = DIRECTION ( 'NONE',  ( -0.000000000000000000, 1.000000000000000000, -0.000000000000000000 ) ) ;
#1041 = SURFACE_SIDE_STYLE ('',( #1406 ) ) ;
#1042 = AXIS2_PLACEMENT_3D ( 'NONE', #4780, #2580, #1809 ) ;
#1043 = CARTESIAN_POINT ( 'NONE',  ( 0.9131170472027875240, 2.824999999999998401, -0.9830308463818231424 ) ) ;
#1044 = CARTESIAN_POINT ( 'NONE',  ( 0.01842948717948694748, 2.825000000000000178, -1.025641025641024218 ) ) ;
#1045 = AXIS2_PLACEMENT_3D ( 'NONE', #4241, #4604, #4532 ) ;
#1046 = EDGE_LOOP ( 'NONE', ( #2152, #3228, #278, #1581, #2438, #2977 ) ) ;
#1047 = ADVANCED_FACE ( 'NONE', ( #2517 ), #2069, .T. ) ;
#1048 = CARTESIAN_POINT ( 'NONE',  ( -0.7181218491904293177, 2.824999999999999734, -0.4237188385010659530 ) ) ;
#1049 = CARTESIAN_POINT ( 'NONE',  ( -0.4865868531245766682, 2.825000000000000178, -0.5750846970111856971 ) ) ;
#1050 = CARTESIAN_POINT ( 'NONE',  ( 0.7713439046252754672, 2.824999999999999734, -0.9224973094065528345 ) ) ;
#1051 = DIRECTION ( 'NONE',  ( -1.000000000000000000, 0.000000000000000000, 0.000000000000000000 ) ) ;
#1052 = DIRECTION ( 'NONE',  ( -1.000000000000000000, 0.000000000000000000, 0.000000000000000000 ) ) ;
#1053 = ORIENTED_EDGE ( 'NONE', *, *, #3522, .F. ) ;
#1054 = CARTESIAN_POINT ( 'NONE',  ( 1.004411468141751085, 2.825000000000000178, -0.1016226726148330844 ) ) ;
#1055 = ORIENTED_EDGE ( 'NONE', *, *, #4332, .F. ) ;
#1056 = AXIS2_PLACEMENT_3D ( 'NONE', #1856, #61, #3358 ) ;
#1057 = AXIS2_PLACEMENT_3D ( 'NONE', #3935, #4355, #2088 ) ;
#1058 = PLANE ( 'NONE',  #4294 ) ;
#1059 = DIRECTION ( 'NONE',  ( -1.000000000000000000, 0.000000000000000000, 0.000000000000000000 ) ) ;
#1060 = ORIENTED_EDGE ( 'NONE', *, *, #147, .T. ) ;
#1061 = FILL_AREA_STYLE_COLOUR ( '', #1751 ) ;
#1062 = EDGE_CURVE ( 'NONE', #4160, #293, #4337, .T. ) ;
#1063 = CARTESIAN_POINT ( 'NONE',  ( -0.1609939885891588096, 2.775000000000000355, -0.8468179629232409633 ) ) ;
#1064 =( NAMED_UNIT ( * ) PLANE_ANGLE_UNIT ( ) SI_UNIT ( $, .RADIAN. ) );
#1065 = CARTESIAN_POINT ( 'NONE',  ( 0.7493564974990087890, 2.824999999999998845, -0.9224965097491351074 ) ) ;
#1066 = CARTESIAN_POINT ( 'NONE',  ( -0.8431713231002113673, 2.825000000000000178, -0.9082013755499858121 ) ) ;
#1067 = CARTESIAN_POINT ( 'NONE',  ( -0.9550907263937988834, 2.825000000000000622, -0.8101215690838008410 ) ) ;
#1068 = PLANE ( 'NONE',  #1705 ) ;
#1069 = ADVANCED_FACE ( 'NONE', ( #241 ), #2298, .T. ) ;
#1070 = CARTESIAN_POINT ( 'NONE',  ( 0.8496117684155091165, 2.824999999999996625, -1.011877035271268710 ) ) ;
#1071 = ORIENTED_EDGE ( 'NONE', *, *, #3466, .F. ) ;
#1072 = CARTESIAN_POINT ( 'NONE',  ( -0.4711374161826486495, 2.825000000000000178, -0.6067929976867492137 ) ) ;
#1073 = CARTESIAN_POINT ( 'NONE',  ( 3.300000000000001599, 0.000000000000000000, 3.100000000000001421 ) ) ;
#1074 = CARTESIAN_POINT ( 'NONE',  ( 3.225000000000001421, 0.02500000000000028241, -1.500000000000000000 ) ) ;
#1075 = ORIENTED_EDGE ( 'NONE', *, *, #4250, .F. ) ;
#1076 = CARTESIAN_POINT ( 'NONE',  ( 0.8498625632391269002, 2.824999999999999734, 0.01173874744273438984 ) ) ;
#1077 = ORIENTED_EDGE ( 'NONE', *, *, #705, .T. ) ;
#1078 = PRESENTATION_LAYER_ASSIGNMENT (  '', '', ( #2820 ) ) ;
#1079 = CARTESIAN_POINT ( 'NONE',  ( -0.1876540630409157528, 2.774999999999999467, -0.9542266772126408725 ) ) ;
#1080 = CARTESIAN_POINT ( 'NONE',  ( -0.6019662081218031258, 2.774999999999999023, -0.9914494953910926167 ) ) ;
#1081 = FACE_OUTER_BOUND ( 'NONE', #3004, .T. ) ;
#1082 = ORIENTED_EDGE ( 'NONE', *, *, #370, .F. ) ;
#1083 = CARTESIAN_POINT ( 'NONE',  ( 0.5430638968098548958, 2.824999999999999734, -0.2497341104987072791 ) ) ;
#1084 = DIRECTION ( 'NONE',  ( -0.000000000000000000, -0.000000000000000000, -1.000000000000000000 ) ) ;
#1085 = CARTESIAN_POINT ( 'NONE',  ( 0.5299318541352645573, 2.824999999999999289, -0.7028536553115479757 ) ) ;
#1086 = CARTESIAN_POINT ( 'NONE',  ( -2.875000000000000888, 1.325000000000000178, -1.500000000000000000 ) ) ;
#1087 = DIRECTION ( 'NONE',  ( 1.000000000000000000, 4.336808689942017736E-16, 0.000000000000000000 ) ) ;
#1088 = UNCERTAINTY_MEASURE_WITH_UNIT (LENGTH_MEASURE( 1.000000000000000082E-05 ), #2578, 'distance_accuracy_value', 'NONE');
#1089 = DIRECTION ( 'NONE',  ( 0.6837766319733927789, 0.000000000000000000, -0.7296913851534244655 ) ) ;
#1090 = CARTESIAN_POINT ( 'NONE',  ( -0.3005791658935405009, 2.824999999999998401, -0.7616892090910587498 ) ) ;
#1091 = VERTEX_POINT ( 'NONE', #4059 ) ;
#1092 = VECTOR ( 'NONE', #3950, 1000.000000000000000 ) ;
#1093 = EDGE_CURVE ( 'NONE', #1443, #2197, #4082, .T. ) ;
#1094 = CARTESIAN_POINT ( 'NONE',  ( 0.8274065859288004532, 2.775000000000000799, -1.018140170866314920 ) ) ;
#1095 = CARTESIAN_POINT ( 'NONE',  ( 0.7932220343658562545, 2.825000000000001510, -0.9213368273956581422 ) ) ;
#1096 = CARTESIAN_POINT ( 'NONE',  ( -3.149999999999999911, 0.1499999999999999667, 1.600000000000000977 ) ) ;
#1097 = STYLED_ITEM ( 'NONE', ( #4513 ), #3719 ) ;
#1098 = ORIENTED_EDGE ( 'NONE', *, *, #4332, .T. ) ;
#1099 = CARTESIAN_POINT ( 'NONE',  ( 0.9710482675733460578, 2.825000000000001066, -0.06280087840786101328 ) ) ;
#1100 = ORIENTED_EDGE ( 'NONE', *, *, #1535, .T. ) ;
#1101 = CARTESIAN_POINT ( 'NONE',  ( -0.3059586771111802439, 2.824999999999998845, -0.7275966644056054422 ) ) ;
#1102 = CARTESIAN_POINT ( 'NONE',  ( 0.6632884561242239352, 2.775000000000000799, -0.1010718833780178127 ) ) ;
#1103 = VERTEX_POINT ( 'NONE', #740 ) ;
#1104 = PLANE ( 'NONE',  #4560 ) ;
#1105 = EDGE_CURVE ( 'NONE', #2283, #478, #1853, .T. ) ;
#1106 = VERTEX_POINT ( 'NONE', #4418 ) ;
#1107 = CARTESIAN_POINT ( 'NONE',  ( 0.9749599358974369023, 2.774999999999999911, -0.2485977564102548887 ) ) ;
#1108 = CARTESIAN_POINT ( 'NONE',  ( -0.7508012820512814933, 2.825000000000000178, -1.025641025641024218 ) ) ;
#1109 = CARTESIAN_POINT ( 'NONE',  ( 3.299999999999999822, 2.825000000000000178, 1.599999999999999867 ) ) ;
#1110 = LINE ( 'NONE', #3676, #4440 ) ;
#1111 = CARTESIAN_POINT ( 'NONE',  ( 0.1169179575319034825, 2.775000000000000799, -0.8999571463734045151 ) ) ;
#1112 = CARTESIAN_POINT ( 'NONE',  ( -0.7554086538461532996, 2.824999999999999734, -0.9230769230769215739 ) ) ;
#1113 = DIRECTION ( 'NONE',  ( -1.000000000000000000, 0.000000000000000000, 0.000000000000000000 ) ) ;
#1114 = CARTESIAN_POINT ( 'NONE',  ( 1.096504866204770945, 2.824999999999997957, -0.6300287699652677986 ) ) ;
#1115 = CARTESIAN_POINT ( 'NONE',  ( -0.6130502233680995561, 2.825000000000000178, -0.5414259252811634004 ) ) ;
#1116 = VERTEX_POINT ( 'NONE', #2223 ) ;
#1117 = VECTOR ( 'NONE', #2911, 1000.000000000000000 ) ;
#1118 = CARTESIAN_POINT ( 'NONE',  ( -1.875000000000000888, 0.02500000000000020262, 1.500000000000000000 ) ) ;
#1119 = EDGE_CURVE ( 'NONE', #3492, #4386, #333, .T. ) ;
#1120 = CARTESIAN_POINT ( 'NONE',  ( 1.875000000000001776, 0.02500000000000066058, 1.500000000000000000 ) ) ;
#1121 = AXIS2_PLACEMENT_3D ( 'NONE', #2680, #1902, #4512 ) ;
#1122 = CARTESIAN_POINT ( 'NONE',  ( 1.012820512820513663, 2.774999999999999911, -0.4999999999999985012 ) ) ;
#1123 = LINE ( 'NONE', #2975, #2026 ) ;
#1124 = EDGE_LOOP ( 'NONE', ( #4498, #452, #985, #4054 ) ) ;
#1125 = CARTESIAN_POINT ( 'NONE',  ( 1.085387114082941862, 2.825000000000001066, -0.2946821704858552105 ) ) ;
#1126 = ORIENTED_EDGE ( 'NONE', *, *, #1159, .F. ) ;
#1127 = EDGE_CURVE ( 'NONE', #3903, #4401, #2899, .T. ) ;
#1128 = AXIS2_PLACEMENT_3D ( 'NONE', #3723, #2636, #382 ) ;
#1129 = CARTESIAN_POINT ( 'NONE',  ( -0.9010416666666660745, 2.774999999999999911, -0.1025641025641009785 ) ) ;
#1130 = AXIS2_PLACEMENT_3D ( 'NONE', #2445, #2861, #4000 ) ;
#1131 = CARTESIAN_POINT ( 'NONE',  ( -0.4490150650220922079, 2.774999999999999911, -0.7382584791864081897 ) ) ;
#1132 = ORIENTED_EDGE ( 'NONE', *, *, #705, .F. ) ;
#1133 = CARTESIAN_POINT ( 'NONE',  ( 0.5489088676973101766, 2.775000000000000799, -0.06012918530623084790 ) ) ;
#1134 = CARTESIAN_POINT ( 'NONE',  ( 1.102564102564103532, 2.774999999999999911, -0.4995993589743574770 ) ) ;
#1135 = CIRCLE ( 'NONE', #3874, 0.1999999999999996503 ) ;
#1136 = EDGE_LOOP ( 'NONE', ( #2902, #1053, #1500, #2605, #1880, #2682, #4275, #1075, #903, #140, #1906, #4340 ) ) ;
#1137 = VECTOR ( 'NONE', #240, 1000.000000000000000 ) ;
#1138 = CARTESIAN_POINT ( 'NONE',  ( 0.08238709666424112732, 2.774999999999999467, -1.020548191202840238 ) ) ;
#1139 = CARTESIAN_POINT ( 'NONE',  ( 0.8259386066623227718, 2.775000000000000799, -0.08709130006245340005 ) ) ;
#1140 = DIRECTION ( 'NONE',  ( 0.000000000000000000, 0.000000000000000000, -1.000000000000000000 ) ) ;
#1141 = CARTESIAN_POINT ( 'NONE',  ( -3.225000000000000533, 0.07499999999999933109, -1.500000000000000000 ) ) ;
#1142 = CARTESIAN_POINT ( 'NONE',  ( -0.9734235616973895278, 2.774999999999999911, -0.7674306174969839356 ) ) ;
#1143 = CARTESIAN_POINT ( 'NONE',  ( -0.7554086538461532996, 2.825000000000000178, -0.9230769230769215739 ) ) ;
#1144 = CARTESIAN_POINT ( 'NONE',  ( -0.7785865478392629546, 2.824999999999999734, -0.9224714266288369657 ) ) ;
#1145 = UNCERTAINTY_MEASURE_WITH_UNIT (LENGTH_MEASURE( 1.000000000000000082E-05 ), #3116, 'distance_accuracy_value', 'NONE');
#1146 = CARTESIAN_POINT ( 'NONE',  ( 1.102020788239024940, 2.774999999999999911, -0.5448897110645464226 ) ) ;
#1147 = ORIENTED_EDGE ( 'NONE', *, *, #2427, .F. ) ;
#1148 = CARTESIAN_POINT ( 'NONE',  ( 1.102379845726646046, 2.774999999999999911, -0.5149588970139289401 ) ) ;
#1149 = CARTESIAN_POINT ( 'NONE',  ( 3.475000000000000533, 1.425000000000001155, -1.500000000000000000 ) ) ;
#1150 = CARTESIAN_POINT ( 'NONE',  ( -0.5159583855187366286, 2.774999999999999911, -0.5285439729531481445 ) ) ;
#1151 = CARTESIAN_POINT ( 'NONE',  ( 0.9707492074450450037, 2.775000000000000355, -0.7643031487219331677 ) ) ;
#1152 = ORIENTED_EDGE ( 'NONE', *, *, #1721, .F. ) ;
#1153 = UNCERTAINTY_MEASURE_WITH_UNIT (LENGTH_MEASURE( 1.000000000000000082E-05 ), #84, 'distance_accuracy_value', 'NONE');
#1154 = CARTESIAN_POINT ( 'NONE',  ( -0.2522738412163027522, 2.774999999999999467, -0.8821359335528100587 ) ) ;
#1155 = CARTESIAN_POINT ( 'NONE',  ( -1.002306367443236423, 2.825000000000000178, -0.9081334160426974833 ) ) ;
#1156 = EDGE_LOOP ( 'NONE', ( #3265, #341, #418, #4441 ) ) ;
#1157 = CARTESIAN_POINT ( 'NONE',  ( 0.5513607816365577730, 2.774999999999999467, -0.2289772337857501061 ) ) ;
#1158 = ADVANCED_FACE ( 'NONE', ( #2528 ), #4754, .F. ) ;
#1159 = EDGE_CURVE ( 'NONE', #4084, #4013, #1804, .T. ) ;
#1160 = ORIENTED_EDGE ( 'NONE', *, *, #60, .T. ) ;
#1161 = CARTESIAN_POINT ( 'NONE',  ( 0.5200487985727331175, 2.825000000000001066, -0.3552726086110721271 ) ) ;
#1162 = CARTESIAN_POINT ( 'NONE',  ( -0.5124180029230135380, 2.825000000000001066, -0.9150284759770734855 ) ) ;
#1163 = DIRECTION ( 'NONE',  ( -0.000000000000000000, -0.000000000000000000, -1.000000000000000000 ) ) ;
#1164 = TOROIDAL_SURFACE ( 'NONE', #1855, 0.09999999999999986677, 0.1000000000000000056 ) ;
#1165 = CARTESIAN_POINT ( 'NONE',  ( 0.7604166666666677399, 2.775000000000000355, -0.9230769230769217959 ) ) ;
#1166 = CARTESIAN_POINT ( 'NONE',  ( 0.2112568887243104487, 2.825000000000000622, -0.6249979495618054326 ) ) ;
#1167 = CARTESIAN_POINT ( 'NONE',  ( -0.6743330480681141159, 2.774999999999999467, -0.4702923089977001925 ) ) ;
#1168 = ORIENTED_EDGE ( 'NONE', *, *, #1279, .T. ) ;
#1169 = AXIS2_PLACEMENT_3D ( 'NONE', #2168, #1442, #1830 ) ;
#1170 = CIRCLE ( 'NONE', #1644, 0.1999999999999996503 ) ;
#1171 = DIRECTION ( 'NONE',  ( -1.000000000000000000, 0.000000000000000000, 0.000000000000000000 ) ) ;
#1172 = CARTESIAN_POINT ( 'NONE',  ( 0.8573186838286832590, 2.774999999999999467, -0.1003683113377901309 ) ) ;
#1173 = CARTESIAN_POINT ( 'NONE',  ( 0.6382459298838599748, 2.824999999999999734, -0.8831464565782503051 ) ) ;
#1174 = EDGE_LOOP ( 'NONE', ( #2462, #767, #3297, #1708 ) ) ;
#1175 = CARTESIAN_POINT ( 'NONE',  ( -3.199999999999999734, 2.825000000000000178, -3.099999999999998757 ) ) ;
#1176 = ORIENTED_EDGE ( 'NONE', *, *, #4086, .T. ) ;
#1177 = CARTESIAN_POINT ( 'NONE',  ( 0.9749599358974369023, 2.774999999999999911, -0.2485977564102548887 ) ) ;
#1178 = CARTESIAN_POINT ( 'NONE',  ( 1.032541129076057995, 2.825000000000000178, -0.8536509606361881719 ) ) ;
#1179 = VERTEX_POINT ( 'NONE', #2922 ) ;
#1180 = DIRECTION ( 'NONE',  ( -1.000000000000000000, -2.710505431213761085E-16, 0.000000000000000000 ) ) ;
#1181 = EDGE_CURVE ( 'NONE', #1895, #4037, #4395, .T. ) ;
#1182 = CARTESIAN_POINT ( 'NONE',  ( 0.1183894230769228367, 2.825000000000000622, -0.3693910256410242177 ) ) ;
#1183 = CARTESIAN_POINT ( 'NONE',  ( 0.9981980944976260872, 2.775000000000000799, -0.3332280191897459276 ) ) ;
#1184 = CARTESIAN_POINT ( 'NONE',  ( -0.9045559846267287041, 2.774999999999999467, -0.9893617955463950286 ) ) ;
#1185 = CARTESIAN_POINT ( 'NONE',  ( -2.875000000000000888, 1.325000000000000178, 1.500000000000000000 ) ) ;
#1186 = CARTESIAN_POINT ( 'NONE',  ( 3.299999999999999822, 0.000000000000000000, 1.599999999999999867 ) ) ;
#1187 = DIRECTION ( 'NONE',  ( -0.7294688866571756858, 0.000000000000000000, -0.6840139935696788465 ) ) ;
#1188 = CARTESIAN_POINT ( 'NONE',  ( 1.096504866204770945, 2.775000000000000355, -0.6300287699652677986 ) ) ;
#1189 = EDGE_CURVE ( 'NONE', #4401, #1884, #810, .T. ) ;
#1190 = FACE_BOUND ( 'NONE', #2575, .T. ) ;
#1191 = ORIENTED_EDGE ( 'NONE', *, *, #26, .T. ) ;
#1192 = FACE_OUTER_BOUND ( 'NONE', #1422, .T. ) ;
#1193 = DIRECTION ( 'NONE',  ( 0.000000000000000000, -1.000000000000000000, 0.000000000000000000 ) ) ;
#1194 = CARTESIAN_POINT ( 'NONE',  ( 0.9710482675733460578, 2.775000000000000799, -0.06280087840786101328 ) ) ;
#1195 = CARTESIAN_POINT ( 'NONE',  ( 0.4464540091017548118, 2.774999999999999467, -0.7454713277561085816 ) ) ;
#1196 = CARTESIAN_POINT ( 'NONE',  ( -0.5021927296019632614, 2.774999999999999911, -0.5496627275973572369 ) ) ;
#1197 = AXIS2_PLACEMENT_3D ( 'NONE', #4015, #666, #2148 ) ;
#1198 = DIRECTION ( 'NONE',  ( 1.000000000000000000, 4.216341781888073566E-16, 0.000000000000000000 ) ) ;
#1199 = CARTESIAN_POINT ( 'NONE',  ( -0.2041927924666211425, 2.825000000000000622, -0.7674306174969840466 ) ) ;
#1200 = VECTOR ( 'NONE', #3427, 1000.000000000000000 ) ;
#1201 = VERTEX_POINT ( 'NONE', #866 ) ;
#1202 = CARTESIAN_POINT ( 'NONE',  ( -0.01469037060346627468, 2.824999999999997957, -1.024910102138550272 ) ) ;
#1203 = CARTESIAN_POINT ( 'NONE',  ( 0.5129150875056489589, 2.774999999999999467, -0.5394807262443188645 ) ) ;
#1204 = ORIENTED_EDGE ( 'NONE', *, *, #1181, .F. ) ;
#1205 = CIRCLE ( 'NONE', #42, 0.09999999999999982514 ) ;
#1206 = DIRECTION ( 'NONE',  ( -0.000000000000000000, 1.000000000000000000, -0.000000000000000000 ) ) ;
#1207 = B_SPLINE_SURFACE_WITH_KNOTS ( 'NONE', 3, 1, ( 
 ( #30, #2652 ),
 ( #2626, #3765 ),
 ( #4202, #786 ),
 ( #2354, #4566 ),
 ( #1172, #493 ),
 ( #57, #1972 ),
 ( #2679, #4537 ),
 ( #758, #3738 ),
 ( #449, #1949 ),
 ( #3454, #2274 ),
 ( #4153, #1877 ),
 ( #1225, #398 ),
 ( #421, #1901 ),
 ( #3375, #842 ),
 ( #3404, #135 ) ),
 .UNSPECIFIED., .F., .F., .F.,
 ( 4, 1, 1, 1, 1, 1, 1, 1, 1, 1, 1, 1, 4 ),
 ( 2, 2 ),
 ( 0.000000000000000000, 0.1128134007444583226, 0.2253938839207295652, 0.3395948145627009640, 0.4596754102248635232, 0.5217351900879327875, 0.5839258387389163474, 0.6481741447653692756, 0.7138810381130664684, 0.7810044549073894560, 0.8514509275565553814, 0.9240506926641779417, 1.000000000000000000 ),
 ( 0.000000000000000000, 1.000000000000000000 ),
 .UNSPECIFIED. ) ;
#1208 = MECHANICAL_DESIGN_GEOMETRIC_PRESENTATION_REPRESENTATION (  '', ( #2859 ), #592 ) ;
#1209 = VECTOR ( 'NONE', #586, 1000.000000000000000 ) ;
#1210 = CARTESIAN_POINT ( 'NONE',  ( 0.5810424208159744586, 2.825000000000000622, -0.1748381595179664683 ) ) ;
#1211 = SURFACE_SIDE_STYLE ('',( #168 ) ) ;
#1212 = CARTESIAN_POINT ( 'NONE',  ( -3.100000000000000089, 2.725000000000000533, -3.299999999999998046 ) ) ;
#1213 = CARTESIAN_POINT ( 'NONE',  ( 0.3200309219550162010, 2.775000000000000355, -0.7144368676959154119 ) ) ;
#1214 = DIRECTION ( 'NONE',  ( -0.000000000000000000, -0.000000000000000000, -1.000000000000000000 ) ) ;
#1215 = DIRECTION ( 'NONE',  ( -0.000000000000000000, -1.000000000000000000, -0.000000000000000000 ) ) ;
#1216 = EDGE_CURVE ( 'NONE', #667, #2569, #2356, .T. ) ;
#1217 = CIRCLE ( 'NONE', #1057, 0.09999999999999982514 ) ;
#1218 = CARTESIAN_POINT ( 'NONE',  ( 0.2307692307692305322, 2.825000000000000178, -0.7203525641025626536 ) ) ;
#1219 = CARTESIAN_POINT ( 'NONE',  ( -0.4358974358974352925, 2.825000000000000178, 1.596070698149334083E-15 ) ) ;
#1220 = AXIS2_PLACEMENT_3D ( 'NONE', #1840, #4478, #1140 ) ;
#1221 = FACE_OUTER_BOUND ( 'NONE', #1156, .T. ) ;
#1222 = ORIENTED_EDGE ( 'NONE', *, *, #2343, .F. ) ;
#1223 = PLANE ( 'NONE',  #3475 ) ;
#1224 = CARTESIAN_POINT ( 'NONE',  ( 0.4333530185803529111, 2.774999999999999911, -0.6744437501406772562 ) ) ;
#1225 = CARTESIAN_POINT ( 'NONE',  ( 0.9584323439841666570, 2.775000000000000799, -0.2084199415790968235 ) ) ;
#1226 = CARTESIAN_POINT ( 'NONE',  ( 0.7604166666666676289, 2.774999999999999911, -0.9230769230769216849 ) ) ;
#1227 = VERTEX_POINT ( 'NONE', #1319 ) ;
#1228 = CARTESIAN_POINT ( 'NONE',  ( 0.007263921409943199618, 2.824999999999998401, -1.025394612311206988 ) ) ;
#1229 = CARTESIAN_POINT ( 'NONE',  ( -0.8469674239053437415, 2.824999999999999734, -1.012910677759645051 ) ) ;
#1230 = EDGE_LOOP ( 'NONE', ( #4075, #1620, #2121, #368 ) ) ;
#1231 = CARTESIAN_POINT ( 'NONE',  ( 0.7273710007563970459, 2.775000000000000355, -0.07857801301689076867 ) ) ;
#1232 = CARTESIAN_POINT ( 'NONE',  ( 0.04166666666666641455, 2.824999999999996625, -0.4138621794871780168 ) ) ;
#1233 = EDGE_LOOP ( 'NONE', ( #426, #4631, #2392, #2631 ) ) ;
#1234 = EDGE_CURVE ( 'NONE', #4157, #2440, #4177, .T. ) ;
#1235 = CARTESIAN_POINT ( 'NONE',  ( 0.5701512349436944627, 2.825000000000000178, -0.1915620476248589832 ) ) ;
#1236 = DIRECTION ( 'NONE',  ( -1.000000000000000000, 0.000000000000000000, 2.891205793294671917E-15 ) ) ;
#1237 = FACE_OUTER_BOUND ( 'NONE', #602, .T. ) ;
#1238 = CARTESIAN_POINT ( 'NONE',  ( 0.1279620659136691541, 2.774999999999999911, -0.3796517501818753026 ) ) ;
#1239 = CARTESIAN_POINT ( 'NONE',  ( 3.375000000000001776, -0.1749999999999989342, -1.500000000000000000 ) ) ;
#1240 = CARTESIAN_POINT ( 'NONE',  ( -0.4534073042180760682, 2.775000000000000355, -0.7864674410876393296 ) ) ;
#1241 = B_SPLINE_CURVE_WITH_KNOTS ( 'NONE', 3,
 ( #847, #454, #37, #1523, #3073, #4542, #2732, #431, #3848, #2280, #1599, #2758, #3771, #1954, #4229, #2386, #1931, #498, #3409, #3432, #1203, #3054, #3876 ),
 .UNSPECIFIED., .F., .F.,
 ( 4, 1, 1, 1, 1, 1, 1, 1, 1, 1, 1, 1, 1, 1, 1, 1, 1, 1, 1, 1, 4 ),
 ( 0.000000000000000000, 0.06038661931106207442, 0.1208832485859960698, 0.1827546186251395310, 0.2478110297583511201, 0.2812991000432488731, 0.3150876241506569975, 0.3497023955502751580, 0.3848565811185556407, 0.4209661972261024010, 0.4585111882611390688, 0.4971747221273122297, 0.5376020478662694169, 0.5805030184200115073, 0.6274675400267046843, 0.6783882095592432826, 0.7339832205925603814, 0.7937467045508348473, 0.8577136721607320213, 0.9266978643613859035, 1.000000000000000000 ),
 .UNSPECIFIED. ) ;
#1242 = FACE_OUTER_BOUND ( 'NONE', #1124, .T. ) ;
#1243 = CARTESIAN_POINT ( 'NONE',  ( 0.2826439161061918282, 2.825000000000000178, -0.5750846970111859191 ) ) ;
#1244 = VERTEX_POINT ( 'NONE', #977 ) ;
#1245 =( GEOMETRIC_REPRESENTATION_CONTEXT ( 3 ) GLOBAL_UNCERTAINTY_ASSIGNED_CONTEXT ( ( #428 ) ) GLOBAL_UNIT_ASSIGNED_CONTEXT ( ( #2366, #876, #826 ) ) REPRESENTATION_CONTEXT ( 'NONE', 'WORKASPACE' ) );
#1246 = FACE_OUTER_BOUND ( 'NONE', #2992, .T. ) ;
#1247 = CARTESIAN_POINT ( 'NONE',  ( 0.1561805458626690235, 2.824999999999997069, -0.5414259252811636225 ) ) ;
#1248 = CARTESIAN_POINT ( 'NONE',  ( 0.9335959815916509141, 2.774999999999999467, -0.03085165000063179105 ) ) ;
#1249 = ADVANCED_FACE ( 'NONE', ( #4298 ), #3000, .T. ) ;
#1250 = CARTESIAN_POINT ( 'NONE',  ( 1.091801674932491473, 2.774999999999999023, -0.3309843472952718191 ) ) ;
#1251 = B_SPLINE_SURFACE_WITH_KNOTS ( 'NONE', 3, 1, ( 
 ( #2958, #360 ),
 ( #2584, #2639 ),
 ( #748, #4476 ),
 ( #1138, #4118 ),
 ( #2232, #2285 ),
 ( #4449, #436 ),
 ( #3725, #2255 ),
 ( #332, #1812 ),
 ( #16, #43 ),
 ( #1530, #1914 ),
 ( #4165, #795 ),
 ( #2663, #2176 ),
 ( #4423, #3413 ),
 ( #3750, #408 ),
 ( #66, #3315 ),
 ( #721, #4783 ),
 ( #2199, #383 ),
 ( #3777, #1838 ),
 ( #2982, #1555 ) ),
 .UNSPECIFIED., .F., .F., .F.,
 ( 4, 1, 1, 1, 1, 1, 1, 1, 1, 1, 1, 1, 1, 1, 1, 1, 4 ),
 ( 2, 2 ),
 ( 0.000000000000000000, 0.06947546024967035661, 0.1365167976177989462, 0.2007888236092608691, 0.2638296728558259807, 0.3257350229654198404, 0.3872906922152911657, 0.4495092187626025249, 0.5129678195454412393, 0.5762752154930611548, 0.6375801002639243098, 0.6979026059171019591, 0.7571720884269852458, 0.8165985284886554396, 0.8766531708928196887, 0.9372896424102401536, 1.000000000000000000 ),
 ( 0.000000000000000000, 1.000000000000000000 ),
 .UNSPECIFIED. ) ;
#1252 = CIRCLE ( 'NONE', #3983, 0.09999999999999982514 ) ;
#1253 = DIRECTION ( 'NONE',  ( 1.000000000000000000, -0.000000000000000000, 2.098455817713879073E-16 ) ) ;
#1254 = CARTESIAN_POINT ( 'NONE',  ( -0.1458899945710031565, 2.824999999999999289, -0.8626087061277910584 ) ) ;
#1255 = EDGE_LOOP ( 'NONE', ( #2628, #4058, #1852, #3102 ) ) ;
#1256 = DIRECTION ( 'NONE',  ( 1.355252715606880296E-16, 0.000000000000000000, -1.000000000000000000 ) ) ;
#1257 = CARTESIAN_POINT ( 'NONE',  ( -0.9313688495656732291, 2.825000000000001066, -0.9732710323001174668 ) ) ;
#1258 = ORIENTED_EDGE ( 'NONE', *, *, #3915, .T. ) ;
#1259 = CARTESIAN_POINT ( 'NONE',  ( 0.6632884561242239352, 2.775000000000000799, -0.1010718833780178127 ) ) ;
#1260 = ORIENTED_EDGE ( 'NONE', *, *, #540, .F. ) ;
#1261 = DIRECTION ( 'NONE',  ( 0.000000000000000000, 0.000000000000000000, 1.000000000000000000 ) ) ;
#1262 = CARTESIAN_POINT ( 'NONE',  ( 0.9006199649087756054, 2.825000000000000622, -0.1310185498722285236 ) ) ;
#1263 = CARTESIAN_POINT ( 'NONE',  ( 0.9981980944976260872, 2.825000000000001066, -0.3332280191897459276 ) ) ;
#1264 = CARTESIAN_POINT ( 'NONE',  ( -0.5537764327264668163, 2.825000000000000178, -0.7977372043095231069 ) ) ;
#1265 = CARTESIAN_POINT ( 'NONE',  ( 0.09799220833881168435, 2.824999999999999734, -0.9083981455678123984 ) ) ;
#1266 = CARTESIAN_POINT ( 'NONE',  ( 0.3108310950157655017, 2.775000000000000799, -0.6461944431780065612 ) ) ;
#1267 = ORIENTED_EDGE ( 'NONE', *, *, #3689, .T. ) ;
#1268 = CARTESIAN_POINT ( 'NONE',  ( 1.004411468141751085, 2.824999999999997069, -0.1016226726148330844 ) ) ;
#1269 = ADVANCED_FACE ( 'NONE', ( #2425 ), #1681, .T. ) ;
#1270 = CARTESIAN_POINT ( 'NONE',  ( -0.5021927296019632614, 2.774999999999999911, -0.5496627275973572369 ) ) ;
#1271 = CARTESIAN_POINT ( 'NONE',  ( 0.6191419908816900852, 2.825000000000000622, -0.8681926533092070297 ) ) ;
#1272 = ORIENTED_EDGE ( 'NONE', *, *, #1318, .T. ) ;
#1273 = DIRECTION ( 'NONE',  ( 1.000000000000000000, -0.000000000000000000, 1.355252715606880296E-16 ) ) ;
#1274 = CARTESIAN_POINT ( 'NONE',  ( -0.5384615384615378808, 2.824999999999999289, -0.7203525641025625426 ) ) ;
#1275 = PLANE ( 'NONE',  #1362 ) ;
#1276 = VECTOR ( 'NONE', #2057, 1000.000000000000000 ) ;
#1277 = STYLED_ITEM ( 'NONE', ( #4606 ), #1269 ) ;
#1278 = CARTESIAN_POINT ( 'NONE',  ( 0.8713617645491592567, 2.825000000000000622, -1.004106841940005213 ) ) ;
#1279 = EDGE_CURVE ( 'NONE', #2440, #2581, #4125, .T. ) ;
#1280 = EDGE_LOOP ( 'NONE', ( #3772, #4797, #3734, #3055, #689, #1304, #2522, #3076, #3139, #948, #4572, #4233 ) ) ;
#1281 = CARTESIAN_POINT ( 'NONE',  ( 0.6948943004759680075, 2.825000000000000178, -0.08725871485469427480 ) ) ;
#1282 = VECTOR ( 'NONE', #3397, 1000.000000000000000 ) ;
#1283 = CARTESIAN_POINT ( 'NONE',  ( 0.9749599358974369023, 2.825000000000000178, -0.2485977564102548887 ) ) ;
#1284 = LINE ( 'NONE', #2414, #1566 ) ;
#1285 = VERTEX_POINT ( 'NONE', #4145 ) ;
#1286 = CARTESIAN_POINT ( 'NONE',  ( 0.5478939712765036330, 2.825000000000001066, -0.9388800818919919022 ) ) ;
#1287 = CARTESIAN_POINT ( 'NONE',  ( -0.6712385608919564373, 2.824999999999999289, -0.9083981455678119543 ) ) ;
#1288 = PRESENTATION_STYLE_ASSIGNMENT (( #4652 ) ) ;
#1289 = CARTESIAN_POINT ( 'NONE',  ( 0.1827485698126441738, 2.825000000000000622, -0.8482435178723403135 ) ) ;
#1290 = CARTESIAN_POINT ( 'NONE',  ( 0.2368002829517482644, 2.824999999999998845, -0.5060221396711119812 ) ) ;
#1291 = ORIENTED_EDGE ( 'NONE', *, *, #1547, .T. ) ;
#1292 = CARTESIAN_POINT ( 'NONE',  ( 0.1980528940391032000, 2.824999999999995737, -0.5996230017977891569 ) ) ;
#1293 = CARTESIAN_POINT ( 'NONE',  ( 0.2881600287699265794, 2.774999999999999911, -0.8665378504550251826 ) ) ;
#1294 = CARTESIAN_POINT ( 'NONE',  ( -0.5514583186478088095, 2.775000000000000355, -0.4818703942471360691 ) ) ;
#1295 = CARTESIAN_POINT ( 'NONE',  ( 0.5605800304531002309, 2.824999999999999734, -0.7907958660753955371 ) ) ;
#1296 = EDGE_LOOP ( 'NONE', ( #2415, #435, #3456, #4726, #3592, #3687 ) ) ;
#1297 = EDGE_CURVE ( 'NONE', #2313, #1633, #2261, .T. ) ;
#1298 = CARTESIAN_POINT ( 'NONE',  ( -0.01469037060346627468, 2.774999999999999911, -1.024910102138550272 ) ) ;
#1299 = CARTESIAN_POINT ( 'NONE',  ( -0.5737993241558771995, 2.775000000000000355, -0.8320466706723169681 ) ) ;
#1300 = LINE ( 'NONE', #2482, #2066 ) ;
#1301 = VERTEX_POINT ( 'NONE', #1533 ) ;
#1302 = CARTESIAN_POINT ( 'NONE',  ( 0.9140248192247500958, 2.824999999999999734, -0.1437655922473460579 ) ) ;
#1303 = FACE_OUTER_BOUND ( 'NONE', #1296, .T. ) ;
#1304 = ORIENTED_EDGE ( 'NONE', *, *, #4614, .F. ) ;
#1305 = EDGE_CURVE ( 'NONE', #1633, #4185, #1586, .T. ) ;
#1306 = CARTESIAN_POINT ( 'NONE',  ( 0.6041400709714440653, 2.825000000000000622, -0.9829390888979427920 ) ) ;
#1307 = DIRECTION ( 'NONE',  ( -1.000000000000000000, 1.204669080539449837E-16, -0.000000000000000000 ) ) ;
#1308 = DIRECTION ( 'NONE',  ( 0.000000000000000000, 0.000000000000000000, 1.000000000000000000 ) ) ;
#1309 = CARTESIAN_POINT ( 'NONE',  ( -1.076923076923076428, 2.825000000000000178, -0.6923076923076907363 ) ) ;
#1310 = CARTESIAN_POINT ( 'NONE',  ( -0.2179487179487182014, 2.825000000000000178, -0.6923076923076908473 ) ) ;
#1311 = LINE ( 'NONE', #2842, #821 ) ;
#1312 = CARTESIAN_POINT ( 'NONE',  ( -0.8226450651136633097, 2.774999999999999467, -0.9148232825177048388 ) ) ;
#1313 = MECHANICAL_DESIGN_GEOMETRIC_PRESENTATION_REPRESENTATION (  '', ( #2816 ), #690 ) ;
#1314 = CARTESIAN_POINT ( 'NONE',  ( 1.008145073054340868, 2.774999999999999911, -0.6026704796771124029 ) ) ;
#1315 = FILL_AREA_STYLE_COLOUR ( '', #4317 ) ;
#1316 = CARTESIAN_POINT ( 'NONE',  ( 0.8715519783047001035, 2.824999999999997069, 0.003585878591947570197 ) ) ;
#1317 = AXIS2_PLACEMENT_3D ( 'NONE', #3104, #1261, #95 ) ;
#1318 = EDGE_CURVE ( 'NONE', #3217, #806, #4070, .T. ) ;
#1319 = CARTESIAN_POINT ( 'NONE',  ( 0.1183894230769228367, 2.775000000000000355, -0.3693910256410242177 ) ) ;
#1320 = DIRECTION ( 'NONE',  ( 0.000000000000000000, 1.000000000000000000, -0.000000000000000000 ) ) ;
#1321 = ORIENTED_EDGE ( 'NONE', *, *, #3136, .T. ) ;
#1322 = CARTESIAN_POINT ( 'NONE',  ( 0.05094080682055936171, 2.825000000000000622, -1.024879913850619495 ) ) ;
#1323 = CARTESIAN_POINT ( 'NONE',  ( -0.2104708354469359277, 2.774999999999999467, -0.7437255589688556157 ) ) ;
#1324 = DIRECTION ( 'NONE',  ( 0.000000000000000000, -1.355252715606880543E-16, -1.000000000000000000 ) ) ;
#1325 = VERTEX_POINT ( 'NONE', #3766 ) ;
#1326 = CARTESIAN_POINT ( 'NONE',  ( -0.4358974358974352925, 2.774999999999999911, 1.596070698149334083E-15 ) ) ;
#1327 = ORIENTED_EDGE ( 'NONE', *, *, #1773, .T. ) ;
#1328 = AXIS2_PLACEMENT_3D ( 'NONE', #4180, #3482, #864 ) ;
#1329 = CARTESIAN_POINT ( 'NONE',  ( 0.4648440800804598538, 2.774999999999999911, -0.8055003720672746503 ) ) ;
#1330 = PRESENTATION_STYLE_ASSIGNMENT (( #4650 ) ) ;
#1331 = CARTESIAN_POINT ( 'NONE',  ( 0.2307692307692305322, 2.774999999999999911, -0.7203525641025626536 ) ) ;
#1332 = EDGE_CURVE ( 'NONE', #614, #4386, #843, .T. ) ;
#1333 = CARTESIAN_POINT ( 'NONE',  ( -0.3071074068328994433, 2.775000000000000355, -0.7042136602413469060 ) ) ;
#1334 = LINE ( 'NONE', #968, #3170 ) ;
#1335 = MECHANICAL_DESIGN_GEOMETRIC_PRESENTATION_REPRESENTATION (  '', ( #714 ), #3218 ) ;
#1336 = DIRECTION ( 'NONE',  ( -0.000000000000000000, -1.000000000000000000, 0.000000000000000000 ) ) ;
#1337 = CARTESIAN_POINT ( 'NONE',  ( -0.8011348429639887359, 2.774999999999999911, -0.9196649512025439899 ) ) ;
#1338 = EDGE_CURVE ( 'NONE', #1554, #1716, #450, .T. ) ;
#1339 = DIRECTION ( 'NONE',  ( -0.000000000000000000, 1.000000000000000000, -0.000000000000000000 ) ) ;
#1340 = SURFACE_STYLE_USAGE ( .BOTH. , #2402 ) ;
#1341 = CARTESIAN_POINT ( 'NONE',  ( 0.6248202980008596974, 2.774999999999999911, -0.005210481817908207622 ) ) ;
#1342 = ORIENTED_EDGE ( 'NONE', *, *, #2993, .F. ) ;
#1343 = DIRECTION ( 'NONE',  ( 0.000000000000000000, 0.000000000000000000, 1.000000000000000000 ) ) ;
#1344 = CARTESIAN_POINT ( 'NONE',  ( 0.9749599358974369023, 2.825000000000000178, -0.2485977564102548887 ) ) ;
#1345 = CARTESIAN_POINT ( 'NONE',  ( -0.5390011579732539859, 2.824999999999999734, -0.7406231494660243664 ) ) ;
#1346 = DIRECTION ( 'NONE',  ( 0.6837766319733928899, 0.000000000000000000, -0.7296913851534243545 ) ) ;
#1347 = ORIENTED_EDGE ( 'NONE', *, *, #3020, .T. ) ;
#1348 = CARTESIAN_POINT ( 'NONE',  ( -0.9313688495656732291, 2.775000000000000799, -0.9732710323001174668 ) ) ;
#1349 = ORIENTED_EDGE ( 'NONE', *, *, #2596, .T. ) ;
#1350 = CARTESIAN_POINT ( 'NONE',  ( 0.4549719527060302471, 2.775000000000000355, -0.7768026439312690767 ) ) ;
#1351 = VECTOR ( 'NONE', #2191, 1000.000000000000000 ) ;
#1352 = CARTESIAN_POINT ( 'NONE',  ( -3.299999999999999822, 2.825000000000000178, 1.600000000000000977 ) ) ;
#1353 = VECTOR ( 'NONE', #995, 1000.000000000000000 ) ;
#1354 = CARTESIAN_POINT ( 'NONE',  ( -0.1621380803349047883, 2.775000000000000355, -0.9732710323001175778 ) ) ;
#1355 = CARTESIAN_POINT ( 'NONE',  ( 0.1183894230769228367, 2.775000000000000355, -0.3693910256410242177 ) ) ;
#1356 = ADVANCED_FACE ( 'NONE', ( #812 ), #1573, .F. ) ;
#1357 = CARTESIAN_POINT ( 'NONE',  ( -3.149999999999999911, 2.825000000000000178, 1.600000000000000977 ) ) ;
#1358 = COLOUR_RGB ( '',0.1098039215686274495, 0.1098039215686274495, 0.1098039215686274495 ) ;
#1359 = CARTESIAN_POINT ( 'NONE',  ( -3.275000000000000355, 1.275000000000000355, 1.500000000000000000 ) ) ;
#1360 = DIRECTION ( 'NONE',  ( -0.000000000000000000, -0.000000000000000000, -1.000000000000000000 ) ) ;
#1361 = CARTESIAN_POINT ( 'NONE',  ( 0.9507099237231620981, 2.825000000000000622, -0.8051312947558653121 ) ) ;
#1362 = AXIS2_PLACEMENT_3D ( 'NONE', #2781, #1712, #3897 ) ;
#1363 = CARTESIAN_POINT ( 'NONE',  ( 0.4891595602032277612, 2.825000000000000622, -0.1426214566728900568 ) ) ;
#1364 = ORIENTED_EDGE ( 'NONE', *, *, #2930, .F. ) ;
#1365 = EDGE_CURVE ( 'NONE', #35, #3348, #4472, .T. ) ;
#1366 = FACE_OUTER_BOUND ( 'NONE', #4031, .T. ) ;
#1367 = CARTESIAN_POINT ( 'NONE',  ( 0.02939465120444207519, 2.825000000000000622, -1.025384323799473307 ) ) ;
#1368 = CARTESIAN_POINT ( 'NONE',  ( -0.5864821994181245168, 2.824999999999999734, -0.8482435178723402025 ) ) ;
#1369 = DIRECTION ( 'NONE',  ( -1.000000000000000000, 0.000000000000000000, 0.000000000000000000 ) ) ;
#1370 = VERTEX_POINT ( 'NONE', #3405 ) ;
#1371 = CARTESIAN_POINT ( 'NONE',  ( 0.9883962072284862010, 2.774999999999999911, -0.08122877059401305277 ) ) ;
#1372 = CARTESIAN_POINT ( 'NONE',  ( -1.075189446341948241, 2.824999999999999289, -0.7275966644056048871 ) ) ;
#1373 = ORIENTED_EDGE ( 'NONE', *, *, #2810, .T. ) ;
#1374 = CARTESIAN_POINT ( 'NONE',  ( 0.5016974641273129754, 2.825000000000000622, -0.8795417539689036612 ) ) ;
#1375 = CARTESIAN_POINT ( 'NONE',  ( 0.4759834483714149300, 2.825000000000000622, -0.8319511443593208266 ) ) ;
#1376 = EDGE_CURVE ( 'NONE', #806, #1693, #1544, .T. ) ;
#1377 = CARTESIAN_POINT ( 'NONE',  ( 0.8566838319640198707, 2.774999999999999467, -0.8987728124010159192 ) ) ;
#1378 = CARTESIAN_POINT ( 'NONE',  ( -0.2113022456280595207, 2.775000000000000355, -0.9321730855556883411 ) ) ;
#1379 = CARTESIAN_POINT ( 'NONE',  ( 3.299999999999999378, 1.636074467135544719, -1.599999999999999201 ) ) ;
#1380 = CARTESIAN_POINT ( 'NONE',  ( -0.1318108974358976893, 2.774999999999999911, -0.1025641025641010340 ) ) ;
#1381 = FILL_AREA_STYLE_COLOUR ( '', #2090 ) ;
#1382 = CARTESIAN_POINT ( 'NONE',  ( 0.9998032616381695714, 2.825000000000000178, -0.6631449869253421836 ) ) ;
#1383 = CARTESIAN_POINT ( 'NONE',  ( 0.5489088676973101766, 2.825000000000001066, -0.06012918530623084790 ) ) ;
#1384 = VERTEX_POINT ( 'NONE', #2808 ) ;
#1385 = CARTESIAN_POINT ( 'NONE',  ( -0.5973724428115916307, 2.824999999999999734, -0.5609101263062352682 ) ) ;
#1386 = LINE ( 'NONE', #3574, #4163 ) ;
#1387 = EDGE_CURVE ( 'NONE', #4803, #1443, #2412, .T. ) ;
#1388 =( GEOMETRIC_REPRESENTATION_CONTEXT ( 3 ) GLOBAL_UNCERTAINTY_ASSIGNED_CONTEXT ( ( #4133 ) ) GLOBAL_UNIT_ASSIGNED_CONTEXT ( ( #4427, #1747, #2989 ) ) REPRESENTATION_CONTEXT ( 'NONE', 'WORKASPACE' ) );
#1389 = CARTESIAN_POINT ( 'NONE',  ( 0.9840960449335014459, 2.825000000000000622, -0.2756376146130529170 ) ) ;
#1390 =( LENGTH_UNIT ( ) NAMED_UNIT ( * ) SI_UNIT ( .MILLI., .METRE. ) );
#1391 = ORIENTED_EDGE ( 'NONE', *, *, #1509, .F. ) ;
#1392 = CARTESIAN_POINT ( 'NONE',  ( 0.8275401729205681400, 2.824999999999999289, 0.01796744798163248807 ) ) ;
#1393 = VECTOR ( 'NONE', #2908, 1000.000000000000000 ) ;
#1394 = ORIENTED_EDGE ( 'NONE', *, *, #4724, .T. ) ;
#1395 = CARTESIAN_POINT ( 'NONE',  ( -1.069809935124309552, 2.775000000000000799, -0.7616892090910594160 ) ) ;
#1396 = CARTESIAN_POINT ( 'NONE',  ( 3.375000000000001776, -0.07499999999999890088, -1.500000000000000000 ) ) ;
#1397 = ORIENTED_EDGE ( 'NONE', *, *, #3927, .T. ) ;
#1398 = CARTESIAN_POINT ( 'NONE',  ( 0.4891595602032277612, 2.775000000000000355, -0.1426214566728900568 ) ) ;
#1399 = CARTESIAN_POINT ( 'NONE',  ( -3.375000000000000888, 1.525000000000000355, -1.500000000000000000 ) ) ;
#1400 = LINE ( 'NONE', #4736, #1393 ) ;
#1401 = VECTOR ( 'NONE', #1732, 1000.000000000000000 ) ;
#1402 = EDGE_CURVE ( 'NONE', #1776, #3492, #3031, .T. ) ;
#1403 = CARTESIAN_POINT ( 'NONE',  ( 0.7653675467207435856, 2.774999999999999911, 0.02552521479611232630 ) ) ;
#1404 = LINE ( 'NONE', #700, #2703 ) ;
#1405 = B_SPLINE_CURVE_WITH_KNOTS ( 'NONE', 3,
 ( #1108, #1863, #3060, #4550, #437, #4451, #4095, #2201, #2586, #3387, #1162, #2609, #2691, #4068, #3034, #44, #722, #3341, #3751 ),
 .UNSPECIFIED., .F., .F.,
 ( 4, 1, 1, 1, 1, 1, 1, 1, 1, 1, 1, 1, 1, 1, 1, 1, 4 ),
 ( 0.000000000000000000, 0.06947546024967046763, 0.1365167976177988352, 0.2007888236092608691, 0.2638296728558259807, 0.3257350229654198404, 0.3872906922152912768, 0.4495092187626026359, 0.5129678195454413503, 0.5762752154930612658, 0.6375801002639245318, 0.6979026059171020702, 0.7571720884269853569, 0.8165985284886555506, 0.8766531708928197997, 0.9372896424102402646, 1.000000000000000000 ),
 .UNSPECIFIED. ) ;
#1406 = SURFACE_STYLE_FILL_AREA ( #2964 ) ;
#1407 = CARTESIAN_POINT ( 'NONE',  ( 0.7653648528270287077, 2.824999999999997513, -1.025501649876548349 ) ) ;
#1408 = CARTESIAN_POINT ( 'NONE',  ( 0.8816764861927038899, 2.774999999999999467, -0.8831980422629713834 ) ) ;
#1409 = CARTESIAN_POINT ( 'NONE',  ( 0.7574118589743599195, 2.774999999999999911, -1.025641025641024218 ) ) ;
#1410 = ORIENTED_EDGE ( 'NONE', *, *, #2128, .T. ) ;
#1411 = CARTESIAN_POINT ( 'NONE',  ( -0.5466274930663451714, 2.775000000000000355, -0.6560075750649613235 ) ) ;
#1412 = CARTESIAN_POINT ( 'NONE',  ( -0.6412687033170992867, 2.825000000000000178, -0.3796517501818752471 ) ) ;
#1413 = CARTESIAN_POINT ( 'NONE',  ( 1.012820512820513663, 2.825000000000000178, -0.4999999999999985012 ) ) ;
#1414 = FILL_AREA_STYLE ('',( #4011 ) ) ;
#1415 = FACE_OUTER_BOUND ( 'NONE', #2025, .T. ) ;
#1416 = EDGE_CURVE ( 'NONE', #930, #614, #4003, .T. ) ;
#1417 = ORIENTED_EDGE ( 'NONE', *, *, #3255, .F. ) ;
#1418 = CARTESIAN_POINT ( 'NONE',  ( 3.150000000000000355, 1.636074467135545163, 1.599999999999999423 ) ) ;
#1419 = EDGE_LOOP ( 'NONE', ( #4612, #975, #1995, #3688 ) ) ;
#1420 = CARTESIAN_POINT ( 'NONE',  ( -1.075189446341948241, 2.774999999999999467, -0.7275966644056048871 ) ) ;
#1421 = CARTESIAN_POINT ( 'NONE',  ( 0.6054676557778315704, 2.774999999999999911, -0.1450841605479225860 ) ) ;
#1422 = EDGE_LOOP ( 'NONE', ( #3275, #3994, #580, #1003 ) ) ;
#1423 = SURFACE_STYLE_USAGE ( .BOTH. , #2604 ) ;
#1424 = EDGE_CURVE ( 'NONE', #1624, #4248, #1723, .T. ) ;
#1425 = CARTESIAN_POINT ( 'NONE',  ( -0.4358974358974352925, 2.774999999999999911, -0.1025641025641009785 ) ) ;
#1426 = PLANE ( 'NONE',  #4256 ) ;
#1427 = AXIS2_PLACEMENT_3D ( 'NONE', #4722, #950, #3968 ) ;
#1428 = CARTESIAN_POINT ( 'NONE',  ( 0.5243641246724373151, 2.774999999999999911, -0.6752931148003514794 ) ) ;
#1429 = CARTESIAN_POINT ( 'NONE',  ( -0.9846692751695937940, 2.824999999999999734, -0.7185765928435561278 ) ) ;
#1430 = CARTESIAN_POINT ( 'NONE',  ( -3.225000000000000533, 0.02499999999999963363, -1.500000000000000000 ) ) ;
#1431 = DIRECTION ( 'NONE',  ( -0.000000000000000000, -0.000000000000000000, -1.000000000000000000 ) ) ;
#1432 =( GEOMETRIC_REPRESENTATION_CONTEXT ( 3 ) GLOBAL_UNCERTAINTY_ASSIGNED_CONTEXT ( ( #802 ) ) GLOBAL_UNIT_ASSIGNED_CONTEXT ( ( #541, #2019, #2749 ) ) REPRESENTATION_CONTEXT ( 'NONE', 'WORKASPACE' ) );
#1433 = DIRECTION ( 'NONE',  ( 1.355252715606880543E-16, -0.000000000000000000, -1.000000000000000000 ) ) ;
#1434 = CARTESIAN_POINT ( 'NONE',  ( -0.3059586771111802439, 2.825000000000001066, -0.7275966644056054422 ) ) ;
#1435 = CIRCLE ( 'NONE', #1045, 0.04999999999999969746 ) ;
#1436 = ORIENTED_EDGE ( 'NONE', *, *, #1871, .T. ) ;
#1437 = CARTESIAN_POINT ( 'NONE',  ( 1.102564102564103532, 2.774999999999999911, -0.4995993589743574770 ) ) ;
#1438 = AXIS2_PLACEMENT_3D ( 'NONE', #4446, #3337, #2560 ) ;
#1439 = VECTOR ( 'NONE', #3960, 1000.000000000000000 ) ;
#1440 = DIRECTION ( 'NONE',  ( -0.000000000000000000, -0.000000000000000000, -1.000000000000000000 ) ) ;
#1441 = DIRECTION ( 'NONE',  ( -1.000000000000000000, 0.000000000000000000, 0.000000000000000000 ) ) ;
#1442 = DIRECTION ( 'NONE',  ( 1.000000000000000000, 0.000000000000000000, 0.000000000000000000 ) ) ;
#1443 = VERTEX_POINT ( 'NONE', #2350 ) ;
#1444 = CARTESIAN_POINT ( 'NONE',  ( 1.100135566214636373, 2.824999999999999734, -0.4109296346544944467 ) ) ;
#1445 = EDGE_LOOP ( 'NONE', ( #3523, #4113, #763, #2141 ) ) ;
#1446 = MECHANICAL_DESIGN_GEOMETRIC_PRESENTATION_REPRESENTATION (  '', ( #2794 ), #4643 ) ;
#1447 = CARTESIAN_POINT ( 'NONE',  ( -0.2928817724064352035, 2.775000000000000799, -0.7942762944410204362 ) ) ;
#1448 = CARTESIAN_POINT ( 'NONE',  ( 0.5128546405540896913, 2.774999999999999911, -0.4866432289131831235 ) ) ;
#1449 = EDGE_LOOP ( 'NONE', ( #32, #1364, #1983, #2556 ) ) ;
#1450 = DIRECTION ( 'NONE',  ( 0.000000000000000000, 0.000000000000000000, 1.000000000000000000 ) ) ;
#1451 = AXIS2_PLACEMENT_3D ( 'NONE', #4559, #1966, #129 ) ;
#1452 = CARTESIAN_POINT ( 'NONE',  ( 0.5357796059907107278, 2.825000000000000622, -0.2724734849857158303 ) ) ;
#1453 = ADVANCED_FACE ( 'NONE', ( #3157 ), #994, .F. ) ;
#1454 = PRESENTATION_STYLE_ASSIGNMENT (( #4045 ) ) ;
#1455 = CARTESIAN_POINT ( 'NONE',  ( 0.6945165945470462843, 2.825000000000000178, -0.9131365532646894545 ) ) ;
#1456 = CARTESIAN_POINT ( 'NONE',  ( -0.9871794871794865589, 2.774999999999999911, -0.6923076923076907363 ) ) ;
#1457 = DIRECTION ( 'NONE',  ( -0.000000000000000000, -1.000000000000000000, -0.000000000000000000 ) ) ;
#1458 = DIRECTION ( 'NONE',  ( 4.336808689942017736E-16, -1.000000000000000000, 0.000000000000000000 ) ) ;
#1459 = CARTESIAN_POINT ( 'NONE',  ( 1.057428760813275082, 2.824999999999998401, -0.8008191513119444771 ) ) ;
#1460 = CARTESIAN_POINT ( 'NONE',  ( -3.099999999999998757, 2.725000000000000533, 3.100000000000002309 ) ) ;
#1461 = VERTEX_POINT ( 'NONE', #2371 ) ;
#1462 = CARTESIAN_POINT ( 'NONE',  ( 1.096504866204770945, 2.775000000000000355, -0.6300287699652677986 ) ) ;
#1463 = DIRECTION ( 'NONE',  ( 0.000000000000000000, 1.000000000000000000, -0.000000000000000000 ) ) ;
#1464 = ADVANCED_FACE ( 'NONE', ( #2269 ), #2539, .T. ) ;
#1465 = ORIENTED_EDGE ( 'NONE', *, *, #2479, .F. ) ;
#1466 = DIRECTION ( 'NONE',  ( 1.000000000000000000, 0.000000000000000000, 0.000000000000000000 ) ) ;
#1467 = B_SPLINE_CURVE_WITH_KNOTS ( 'NONE', 3,
 ( #3753, #1213, #122, #1609, #482, #3107, #459, #1938, #1962, #3467, #4577, #3442, #99, #1238, #2720 ),
 .UNSPECIFIED., .F., .F.,
 ( 4, 1, 1, 1, 1, 1, 1, 1, 1, 1, 1, 1, 4 ),
 ( 0.000000000000000000, 0.09868359718800531755, 0.1956354369625601664, 0.2928171151783298676, 0.3917185922877373661, 0.4448284794206612824, 0.5043221969528338677, 0.5704332993909428939, 0.6426131106036514495, 0.7223398365756665829, 0.8079573173963708888, 0.9004882931788357192, 1.000000000000000000 ),
 .UNSPECIFIED. ) ;
#1468 = EDGE_LOOP ( 'NONE', ( #528, #1152, #12, #499, #3529, #4584, #1204, #4196, #794, #2125, #4562, #3071 ) ) ;
#1469 = MECHANICAL_DESIGN_GEOMETRIC_PRESENTATION_REPRESENTATION (  '', ( #2820 ), #1388 ) ;
#1470 = PRESENTATION_STYLE_ASSIGNMENT (( #453 ) ) ;
#1471 = CARTESIAN_POINT ( 'NONE',  ( 0.5604195998280047109, 2.774999999999999467, -0.2096626008922249929 ) ) ;
#1472 = DIRECTION ( 'NONE',  ( -0.6840139935696788465, 0.000000000000000000, 0.7294688866571756858 ) ) ;
#1473 = ORIENTED_EDGE ( 'NONE', *, *, #2175, .T. ) ;
#1474 = FILL_AREA_STYLE ('',( #1061 ) ) ;
#1475 = CARTESIAN_POINT ( 'NONE',  ( 1.003504263523292472, 2.825000000000000622, -0.8993850162498245870 ) ) ;
#1476 = CARTESIAN_POINT ( 'NONE',  ( 0.5604195998280047109, 2.824999999999999734, -0.2096626008922249929 ) ) ;
#1477 = CARTESIAN_POINT ( 'NONE',  ( -0.7508012820512814933, 2.825000000000000622, -1.025641025641024218 ) ) ;
#1478 = SURFACE_STYLE_USAGE ( .BOTH. , #3009 ) ;
#1479 = CARTESIAN_POINT ( 'NONE',  ( 0.5814572578153761606, 2.775000000000000355, -0.8254970466595061840 ) ) ;
#1480 = CARTESIAN_POINT ( 'NONE',  ( 0.1680767785752531884, 2.775000000000000355, -0.8634301744603617434 ) ) ;
#1481 = CARTESIAN_POINT ( 'NONE',  ( 3.100000000000000089, 0.000000000000000000, -3.299999999999998934 ) ) ;
#1482 = DIRECTION ( 'NONE',  ( -1.000000000000000000, 0.000000000000000000, 0.000000000000000000 ) ) ;
#1483 = EDGE_LOOP ( 'NONE', ( #1098, #2778, #4422, #407 ) ) ;
#1484 = ADVANCED_FACE ( 'NONE', ( #906 ), #3670, .F. ) ;
#1485 = CARTESIAN_POINT ( 'NONE',  ( 0.8496117684155091165, 2.774999999999999467, -1.011877035271268710 ) ) ;
#1486 = B_SPLINE_CURVE_WITH_KNOTS ( 'NONE', 3,
 ( #3064, #4506, #441, #1167, #804, #3420, #487, #923, #3909, #2444, #3502, #3130, #561, #3934, #3111 ),
 .UNSPECIFIED., .F., .F.,
 ( 4, 1, 1, 1, 1, 1, 1, 1, 1, 1, 1, 1, 4 ),
 ( 0.000000000000000000, 0.1108026438013185316, 0.2128292023477700301, 0.3061013098231108454, 0.3906473211160101378, 0.4669244693608515240, 0.5344810392840302349, 0.5935869409656725493, 0.6445570045087176680, 0.7362004526293731699, 0.8250240256188642318, 0.9119855848297582224, 1.000000000000000000 ),
 .UNSPECIFIED. ) ;
#1487 = LINE ( 'NONE', #1542, #961 ) ;
#1488 = DIRECTION ( 'NONE',  ( -0.000000000000000000, 0.000000000000000000, -1.000000000000000000 ) ) ;
#1489 = DIRECTION ( 'NONE',  ( -0.000000000000000000, -1.000000000000000000, -0.000000000000000000 ) ) ;
#1490 = VECTOR ( 'NONE', #4702, 1000.000000000000000 ) ;
#1491 = EDGE_LOOP ( 'NONE', ( #3852, #206, #1176, #3460 ) ) ;
#1492 = CARTESIAN_POINT ( 'NONE',  ( -3.100000000000000089, 2.725000000000000533, -3.299999999999998046 ) ) ;
#1493 = CARTESIAN_POINT ( 'NONE',  ( 0.8816764861927038899, 2.774999999999999467, -0.8831980422629713834 ) ) ;
#1494 = ORIENTED_EDGE ( 'NONE', *, *, #4590, .F. ) ;
#1495 = CARTESIAN_POINT ( 'NONE',  ( -0.1621380803349047883, 2.775000000000000355, -0.9732710323001175778 ) ) ;
#1496 = CARTESIAN_POINT ( 'NONE',  ( -0.4534073042180760682, 2.825000000000001066, -0.7864674410876393296 ) ) ;
#1497 = EDGE_LOOP ( 'NONE', ( #3671, #2916, #3486, #4642 ) ) ;
#1498 = CARTESIAN_POINT ( 'NONE',  ( 0.5324445765267472597, 2.774999999999999911, -0.07830730281977875407 ) ) ;
#1499 = CARTESIAN_POINT ( 'NONE',  ( 1.096504866204770945, 2.825000000000000622, -0.6300287699652677986 ) ) ;
#1500 = ORIENTED_EDGE ( 'NONE', *, *, #3430, .F. ) ;
#1501 = CARTESIAN_POINT ( 'NONE',  ( 0.5129208757836352106, 2.825000000000000178, -0.4607203589705665125 ) ) ;
#1502 = CARTESIAN_POINT ( 'NONE',  ( 0.8573186838286832590, 2.774999999999999467, -0.1003683113377901309 ) ) ;
#1503 = FILL_AREA_STYLE ('',( #4404 ) ) ;
#1504 = CARTESIAN_POINT ( 'NONE',  ( 0.5605800304531002309, 2.824999999999998401, -0.7907958660753955371 ) ) ;
#1505 = CARTESIAN_POINT ( 'NONE',  ( -0.8627483476181332378, 2.825000000000000178, -0.8997846473150359348 ) ) ;
#1506 = CARTESIAN_POINT ( 'NONE',  ( -0.9863288524852651395, 2.825000000000000178, -0.7012094257416779941 ) ) ;
#1507 = CARTESIAN_POINT ( 'NONE',  ( -0.4955316443103631174, 2.774999999999999467, -0.8911747892307440022 ) ) ;
#1508 = CARTESIAN_POINT ( 'NONE',  ( -0.3461538461538464229, 2.825000000000000178, 1.543945593702915236E-15 ) ) ;
#1509 = EDGE_CURVE ( 'NONE', #232, #3509, #355, .T. ) ;
#1510 = CARTESIAN_POINT ( 'NONE',  ( -0.1353252153959602910, 2.824999999999999734, -0.9893617955463952507 ) ) ;
#1511 = ORIENTED_EDGE ( 'NONE', *, *, #3796, .T. ) ;
#1512 = VECTOR ( 'NONE', #1253, 1000.000000000000000 ) ;
#1513 = CARTESIAN_POINT ( 'NONE',  ( 0.9329257007799015566, 2.774999999999999467, -0.9697097385799295921 ) ) ;
#1514 = SURFACE_STYLE_FILL_AREA ( #466 ) ;
#1515 = VECTOR ( 'NONE', #851, 1000.000000000000114 ) ;
#1516 = ADVANCED_FACE ( 'NONE', ( #1081 ), #693, .T. ) ;
#1517 = ADVANCED_FACE ( 'NONE', ( #3202 ), #2818, .T. ) ;
#1518 = DIRECTION ( 'NONE',  ( -0.000000000000000000, 1.000000000000000000, -0.000000000000000000 ) ) ;
#1519 = CARTESIAN_POINT ( 'NONE',  ( 0.1922425738393500061, 2.774999999999999467, -0.9760787700601927241 ) ) ;
#1520 = PRESENTATION_LAYER_ASSIGNMENT (  '', '', ( #3622 ) ) ;
#1521 = ORIENTED_EDGE ( 'NONE', *, *, #1004, .T. ) ;
#1522 = CARTESIAN_POINT ( 'NONE',  ( -0.2684824204679857607, 2.824999999999998845, -0.8544216433553009082 ) ) ;
#1523 = CARTESIAN_POINT ( 'NONE',  ( 0.6945165945470462843, 2.775000000000001243, -0.9131365532646894545 ) ) ;
#1524 = ORIENTED_EDGE ( 'NONE', *, *, #4613, .F. ) ;
#1525 = CARTESIAN_POINT ( 'NONE',  ( 0.5146512188056980852, 2.824999999999997069, -0.4230508558345834613 ) ) ;
#1526 = CARTESIAN_POINT ( 'NONE',  ( 1.085387114082941862, 2.775000000000000799, -0.2946821704858552105 ) ) ;
#1527 = AXIS2_PLACEMENT_3D ( 'NONE', #2480, #2145, #1051 ) ;
#1528 = ORIENTED_EDGE ( 'NONE', *, *, #3198, .T. ) ;
#1529 = VECTOR ( 'NONE', #3342, 1000.000000000000000 ) ;
#1530 = CARTESIAN_POINT ( 'NONE',  ( 0.2372390293831106722, 2.774999999999999467, -0.9373720143971766561 ) ) ;
#1531 = CARTESIAN_POINT ( 'NONE',  ( 0.9263282616342507492, 2.775000000000001243, -0.1580386971920373362 ) ) ;
#1532 = CARTESIAN_POINT ( 'NONE',  ( 0.5129150875056489589, 2.824999999999998401, -0.5394807262443188645 ) ) ;
#1533 = CARTESIAN_POINT ( 'NONE',  ( 0.4230769230769240163, 2.774999999999999911, -0.4995993589743574770 ) ) ;
#1534 = CARTESIAN_POINT ( 'NONE',  ( -0.9871794871794865589, 2.825000000000000178, -0.6923076923076907363 ) ) ;
#1535 = EDGE_CURVE ( 'NONE', #1026, #2483, #895, .T. ) ;
#1536 = CARTESIAN_POINT ( 'NONE',  ( 0.1980528940391032000, 2.824999999999999289, -0.5996230017977891569 ) ) ;
#1537 = UNCERTAINTY_MEASURE_WITH_UNIT (LENGTH_MEASURE( 1.000000000000000082E-05 ), #856, 'distance_accuracy_value', 'NONE');
#1538 = CARTESIAN_POINT ( 'NONE',  ( 1.077472541388005078, 2.824999999999997957, -0.7396681743620140415 ) ) ;
#1539 = CARTESIAN_POINT ( 'NONE',  ( -0.1072968156915620336, 2.825000000000000622, -1.002813578924636628 ) ) ;
#1540 = ORIENTED_EDGE ( 'NONE', *, *, #3340, .F. ) ;
#1541 = PRESENTATION_STYLE_ASSIGNMENT (( #420 ) ) ;
#1542 = CARTESIAN_POINT ( 'NONE',  ( 0.04166666666666641455, 2.774999999999999911, -0.4138621794871780168 ) ) ;
#1543 = CARTESIAN_POINT ( 'NONE',  ( -3.375000000000000888, -0.1749999999999999056, -1.500000000000000000 ) ) ;
#1544 = LINE ( 'NONE', #915, #1276 ) ;
#1545 = B_SPLINE_SURFACE_WITH_KNOTS ( 'NONE', 3, 1, ( 
 ( #76, #3473 ),
 ( #3421, #2320 ),
 ( #3041, #3816 ),
 ( #1266, #4582 ),
 ( #3131, #151 ),
 ( #3521, #1243 ),
 ( #2745, #2674 ),
 ( #4150, #608 ),
 ( #4629, #1290 ),
 ( #4310, #4335 ),
 ( #990, #2423 ),
 ( #1722, #197 ),
 ( #2109, #3628 ),
 ( #3542, #3182 ),
 ( #1355, #1012 ) ),
 .UNSPECIFIED., .F., .F., .F.,
 ( 4, 1, 1, 1, 1, 1, 1, 1, 1, 1, 1, 1, 4 ),
 ( 2, 2 ),
 ( 0.000000000000000000, 0.09868359718800531755, 0.1956354369625601664, 0.2928171151783298676, 0.3917185922877373661, 0.4448284794206612824, 0.5043221969528338677, 0.5704332993909428939, 0.6426131106036514495, 0.7223398365756665829, 0.8079573173963708888, 0.9004882931788357192, 1.000000000000000000 ),
 ( 0.000000000000000000, 1.000000000000000000 ),
 .UNSPECIFIED. ) ;
#1546 = ORIENTED_EDGE ( 'NONE', *, *, #1806, .T. ) ;
#1547 = EDGE_CURVE ( 'NONE', #3382, #3238, #3620, .T. ) ;
#1548 = UNCERTAINTY_MEASURE_WITH_UNIT (LENGTH_MEASURE( 1.000000000000000082E-05 ), #4276, 'distance_accuracy_value', 'NONE');
#1549 = DIRECTION ( 'NONE',  ( 0.000000000000000000, -0.000000000000000000, 1.000000000000000000 ) ) ;
#1550 = CARTESIAN_POINT ( 'NONE',  ( -1.076338176063667884, 2.825000000000000178, -0.7042136602413466839 ) ) ;
#1551 = ORIENTED_EDGE ( 'NONE', *, *, #3927, .F. ) ;
#1552 = CARTESIAN_POINT ( 'NONE',  ( 0.5128205128205136631, 2.774999999999999911, -0.4999999999999985012 ) ) ;
#1553 = EDGE_CURVE ( 'NONE', #1116, #1776, #3954, .T. ) ;
#1554 = VERTEX_POINT ( 'NONE', #1359 ) ;
#1555 = CARTESIAN_POINT ( 'NONE',  ( 0.3205128205128203178, 2.824999999999999734, -0.7283653846153831379 ) ) ;
#1556 = CARTESIAN_POINT ( 'NONE',  ( 0.1464358321538457852, 2.824999999999999734, -0.3994534110037841201 ) ) ;
#1557 = CARTESIAN_POINT ( 'NONE',  ( 0.9779747266956556606, 2.774999999999999911, -0.2575205391149205658 ) ) ;
#1558 = PRESENTATION_LAYER_ASSIGNMENT (  '', '', ( #2816 ) ) ;
#1559 = CARTESIAN_POINT ( 'NONE',  ( -0.9805330148588279338, 2.774999999999999467, -0.9321730855556880080 ) ) ;
#1560 = DIRECTION ( 'NONE',  ( 1.000000000000000000, 0.000000000000000000, 0.000000000000000000 ) ) ;
#1561 = FACE_OUTER_BOUND ( 'NONE', #4081, .T. ) ;
#1562 = SURFACE_STYLE_FILL_AREA ( #22 ) ;
#1563 = LINE ( 'NONE', #366, #3582 ) ;
#1564 = CARTESIAN_POINT ( 'NONE',  ( 0.1183894230769228367, 2.825000000000000622, -0.3693910256410242177 ) ) ;
#1565 = ORIENTED_EDGE ( 'NONE', *, *, #2137, .F. ) ;
#1566 = VECTOR ( 'NONE', #2391, 1000.000000000000000 ) ;
#1567 = PRESENTATION_STYLE_ASSIGNMENT (( #28 ) ) ;
#1568 = CARTESIAN_POINT ( 'NONE',  ( -0.4358974358974352925, 2.825000000000000178, -0.1025641025641009785 ) ) ;
#1569 = AXIS2_PLACEMENT_3D ( 'NONE', #1396, #2905, #871 ) ;
#1570 = PRESENTATION_LAYER_ASSIGNMENT (  '', '', ( #1791 ) ) ;
#1571 = DIRECTION ( 'NONE',  ( -0.000000000000000000, 1.000000000000000000, -0.000000000000000000 ) ) ;
#1572 = CARTESIAN_POINT ( 'NONE',  ( -0.5964733112334745790, 2.774999999999999911, -0.4284449268011605305 ) ) ;
#1573 = PLANE ( 'NONE',  #34 ) ;
#1574 = ORIENTED_EDGE ( 'NONE', *, *, #4668, .T. ) ;
#1575 = EDGE_CURVE ( 'NONE', #3806, #3217, #3610, .T. ) ;
#1576 = SURFACE_STYLE_FILL_AREA ( #3165 ) ;
#1577 = CARTESIAN_POINT ( 'NONE',  ( -1.037713189698753924, 2.825000000000000178, -0.8544216433553006862 ) ) ;
#1578 = EDGE_LOOP ( 'NONE', ( #4710, #1417, #1168, #1521 ) ) ;
#1579 = CARTESIAN_POINT ( 'NONE',  ( 0.6192026798470070537, 2.824999999999997069, -0.1322850230234662028 ) ) ;
#1580 = CARTESIAN_POINT ( 'NONE',  ( 1.067967899881629990, 2.825000000000000622, -0.7713152487957540826 ) ) ;
#1581 = ORIENTED_EDGE ( 'NONE', *, *, #1968, .F. ) ;
#1582 = CARTESIAN_POINT ( 'NONE',  ( 0.2826439161061918282, 2.825000000000000622, -0.5750846970111859191 ) ) ;
#1583 = CARTESIAN_POINT ( 'NONE',  ( 0.9919851232965695154, 2.824999999999998845, -0.3037415152074784963 ) ) ;
#1584 = EDGE_CURVE ( 'NONE', #538, #4021, #118, .T. ) ;
#1585 = CARTESIAN_POINT ( 'NONE',  ( -1.051229269061545013, 2.775000000000000355, -0.8250962698609219936 ) ) ;
#1586 = LINE ( 'NONE', #3082, #3778 ) ;
#1587 = CARTESIAN_POINT ( 'NONE',  ( 2.875000000000000888, 1.325000000000000844, 1.500000000000000000 ) ) ;
#1588 = CARTESIAN_POINT ( 'NONE',  ( -2.875000000000000888, 1.325000000000000178, -1.500000000000000000 ) ) ;
#1589 = CARTESIAN_POINT ( 'NONE',  ( 0.2302296112575145381, 2.775000000000000355, -0.7406231494660244774 ) ) ;
#1590 =( NAMED_UNIT ( * ) SI_UNIT ( $, .STERADIAN. ) SOLID_ANGLE_UNIT ( ) );
#1591 = VERTEX_POINT ( 'NONE', #1605 ) ;
#1592 = DIRECTION ( 'NONE',  ( 0.000000000000000000, 0.000000000000000000, -1.000000000000000000 ) ) ;
#1593 = FILL_AREA_STYLE ('',( #4564 ) ) ;
#1594 = DIRECTION ( 'NONE',  ( 1.355252715606881282E-16, 0.000000000000000000, 1.000000000000000000 ) ) ;
#1595 = DIRECTION ( 'NONE',  ( -0.000000000000000000, -1.000000000000000000, -0.000000000000000000 ) ) ;
#1596 = CARTESIAN_POINT ( 'NONE',  ( -0.2154385059388253809, 2.825000000000001066, -0.7185765928435562389 ) ) ;
#1597 = VECTOR ( 'NONE', #4719, 1000.000000000000000 ) ;
#1598 = EDGE_LOOP ( 'NONE', ( #2980, #1, #2760, #3122 ) ) ;
#1599 = CARTESIAN_POINT ( 'NONE',  ( 0.5705746054747302676, 2.775000000000000355, -0.8087926559968990903 ) ) ;
#1600 = VERTEX_POINT ( 'NONE', #1602 ) ;
#1601 =( GEOMETRIC_REPRESENTATION_CONTEXT ( 3 ) GLOBAL_UNCERTAINTY_ASSIGNED_CONTEXT ( ( #1537 ) ) GLOBAL_UNIT_ASSIGNED_CONTEXT ( ( #856, #4192, #1986 ) ) REPRESENTATION_CONTEXT ( 'NONE', 'WORKASPACE' ) );
#1602 = CARTESIAN_POINT ( 'NONE',  ( 0.7604166666666676289, 2.775000000000000799, -0.07692307692307542855 ) ) ;
#1603 = CARTESIAN_POINT ( 'NONE',  ( 0.5430638968098548958, 2.824999999999996625, -0.2497341104987072791 ) ) ;
#1604 = ORIENTED_EDGE ( 'NONE', *, *, #3109, .F. ) ;
#1605 = CARTESIAN_POINT ( 'NONE',  ( -3.299999999999999822, 0.000000000000000000, 1.600000000000000977 ) ) ;
#1606 = VECTOR ( 'NONE', #253, 1000.000000000000000 ) ;
#1607 = DIRECTION ( 'NONE',  ( -0.000000000000000000, -1.000000000000000000, 0.000000000000000000 ) ) ;
#1608 = FILL_AREA_STYLE ('',( #2692 ) ) ;
#1609 = CARTESIAN_POINT ( 'NONE',  ( 0.3108310950157655017, 2.775000000000000799, -0.6461944431780065612 ) ) ;
#1610 = VECTOR ( 'NONE', #2830, 1000.000000000000000 ) ;
#1611 = CARTESIAN_POINT ( 'NONE',  ( 0.6047381026606675203, 2.825000000000000622, -0.01644878723389832029 ) ) ;
#1612 = CARTESIAN_POINT ( 'NONE',  ( 0.2295218042926009394, 2.824999999999999734, -0.6879296472581010180 ) ) ;
#1613 = EDGE_CURVE ( 'NONE', #2283, #3382, #345, .T. ) ;
#1614 = DIRECTION ( 'NONE',  ( 0.000000000000000000, 0.000000000000000000, 1.000000000000000000 ) ) ;
#1615 = SURFACE_STYLE_FILL_AREA ( #4195 ) ;
#1616 = VERTEX_POINT ( 'NONE', #3490 ) ;
#1617 = CARTESIAN_POINT ( 'NONE',  ( 0.2303517572942654079, 2.824999999999996181, -0.7095016578430348719 ) ) ;
#1618 = CARTESIAN_POINT ( 'NONE',  ( 0.1406913998028935520, 2.775000000000000355, -1.004245046074672576 ) ) ;
#1619 = B_SPLINE_CURVE_WITH_KNOTS ( 'NONE', 3,
 ( #1344, #952, #1389, #1759, #3617, #3259, #3279, #2457, #3949, #1710, #4751 ),
 .UNSPECIFIED., .F., .F.,
 ( 4, 1, 1, 1, 1, 1, 1, 1, 4 ),
 ( 0.000000000000000000, 0.1105883385953361775, 0.2245417540535958600, 0.3425034940501039959, 0.4643240984173580554, 0.5907560327017665758, 0.7222274753555144589, 0.8588428362087242585, 1.000000000000000000 ),
 .UNSPECIFIED. ) ;
#1620 = ORIENTED_EDGE ( 'NONE', *, *, #4583, .F. ) ;
#1621 = CARTESIAN_POINT ( 'NONE',  ( -1.076923076923076428, 2.825000000000000178, -0.6923076923076907363 ) ) ;
#1622 = ORIENTED_EDGE ( 'NONE', *, *, #1093, .F. ) ;
#1623 = CARTESIAN_POINT ( 'NONE',  ( 0.5296230089566487109, 2.774999999999999911, -0.2975812670182314545 ) ) ;
#1624 = VERTEX_POINT ( 'NONE', #141 ) ;
#1625 = CARTESIAN_POINT ( 'NONE',  ( -3.275000000000000355, 0.07499999999999933109, -1.500000000000000000 ) ) ;
#1626 = CARTESIAN_POINT ( 'NONE',  ( 3.100000000000000533, 0.000000000000000000, 3.300000000000001599 ) ) ;
#1627 = PLANE ( 'NONE',  #239 ) ;
#1628 = CARTESIAN_POINT ( 'NONE',  ( 0.4553987007027988643, 2.825000000000000622, -0.2229972992513165608 ) ) ;
#1629 = CARTESIAN_POINT ( 'NONE',  ( -0.5390011579732539859, 2.825000000000000622, -0.7406231494660243664 ) ) ;
#1630 = CARTESIAN_POINT ( 'NONE',  ( 0.2302296112575145381, 2.825000000000000622, -0.7406231494660244774 ) ) ;
#1631 = COLOUR_RGB ( '',0.1098039215686274495, 0.1098039215686274495, 0.1098039215686274495 ) ;
#1632 = ADVANCED_FACE ( 'NONE', ( #4807 ), #3699, .F. ) ;
#1633 = VERTEX_POINT ( 'NONE', #3827 ) ;
#1634 = AXIS2_PLACEMENT_3D ( 'NONE', #1035, #3267, #966 ) ;
#1635 = SURFACE_STYLE_USAGE ( .BOTH. , #154 ) ;
#1636 = DIRECTION ( 'NONE',  ( 1.000000000000000000, 0.000000000000000000, -1.398970545142586541E-16 ) ) ;
#1637 = FACE_OUTER_BOUND ( 'NONE', #4064, .T. ) ;
#1638 = CARTESIAN_POINT ( 'NONE',  ( 1.019436823856902041, 2.824999999999997513, -0.1236226003094494097 ) ) ;
#1639 = ADVANCED_FACE ( 'NONE', ( #4574 ), #762, .T. ) ;
#1640 = VECTOR ( 'NONE', #169, 1000.000000000000000 ) ;
#1641 = CARTESIAN_POINT ( 'NONE',  ( -0.4583996742150029391, 2.825000000000001510, -0.6461944431780063391 ) ) ;
#1642 = ORIENTED_EDGE ( 'NONE', *, *, #3769, .F. ) ;
#1643 = CIRCLE ( 'NONE', #4361, 0.04999999999999969746 ) ;
#1644 = AXIS2_PLACEMENT_3D ( 'NONE', #578, #1607, #530 ) ;
#1645 = CARTESIAN_POINT ( 'NONE',  ( -0.1742645245505639595, 2.774999999999999911, -0.8292151163326848540 ) ) ;
#1646 = DIRECTION ( 'NONE',  ( 1.000000000000000000, 0.000000000000000000, -6.938893903907226405E-16 ) ) ;
#1647 = CARTESIAN_POINT ( 'NONE',  ( 0.7811808553686530043, 2.825000000000001066, -1.025224475332468188 ) ) ;
#1648 = VERTEX_POINT ( 'NONE', #2351 ) ;
#1649 = CARTESIAN_POINT ( 'NONE',  ( 0.5929038674528313013, 2.824999999999999734, -0.1594363983542914087 ) ) ;
#1650 = CARTESIAN_POINT ( 'NONE',  ( -3.225000000000000533, 1.325000000000000178, 1.500000000000000000 ) ) ;
#1651 = EDGE_LOOP ( 'NONE', ( #143, #737, #59, #859 ) ) ;
#1652 = CARTESIAN_POINT ( 'NONE',  ( 0.4253779571050816388, 2.774999999999999467, -0.5921285058453618078 ) ) ;
#1653 = CARTESIAN_POINT ( 'NONE',  ( -0.6172715677431103165, 2.825000000000000178, -0.8773390903124936857 ) ) ;
#1654 = CARTESIAN_POINT ( 'NONE',  ( 0.2064238393370619040, 2.775000000000000355, -0.8152931048998598440 ) ) ;
#1655 = CARTESIAN_POINT ( 'NONE',  ( 3.100000000000000533, 2.825000000000000178, 3.300000000000001599 ) ) ;
#1656 = CARTESIAN_POINT ( 'NONE',  ( -3.099999999999999201, 2.825000000000000178, 3.200000000000001510 ) ) ;
#1657 = ADVANCED_FACE ( 'NONE', ( #107 ), #1223, .T. ) ;
#1658 = PRESENTATION_STYLE_ASSIGNMENT (( #157 ) ) ;
#1659 = FACE_OUTER_BOUND ( 'NONE', #176, .T. ) ;
#1660 = CARTESIAN_POINT ( 'NONE',  ( 0.3090868341471582625, 2.775000000000000355, -0.8141094990281101396 ) ) ;
#1661 = PLANE ( 'NONE',  #2360 ) ;
#1662 = VERTEX_POINT ( 'NONE', #1945 ) ;
#1663 = STYLED_ITEM ( 'NONE', ( #1330 ), #1017 ) ;
#1664 = CARTESIAN_POINT ( 'NONE',  ( 0.007263921409943199618, 2.775000000000000355, -1.025394612311206988 ) ) ;
#1665 = CARTESIAN_POINT ( 'NONE',  ( -0.1609939885891588096, 2.825000000000000622, -0.8468179629232409633 ) ) ;
#1666 = LINE ( 'NONE', #2079, #4099 ) ;
#1667 =( GEOMETRIC_REPRESENTATION_CONTEXT ( 3 ) GLOBAL_UNCERTAINTY_ASSIGNED_CONTEXT ( ( #753 ) ) GLOBAL_UNIT_ASSIGNED_CONTEXT ( ( #3913, #566, #539 ) ) REPRESENTATION_CONTEXT ( 'NONE', 'WORKASPACE' ) );
#1668 = MECHANICAL_DESIGN_GEOMETRIC_PRESENTATION_REPRESENTATION (  '', ( #3235 ), #4085 ) ;
#1669 = ORIENTED_EDGE ( 'NONE', *, *, #4397, .T. ) ;
#1670 = CARTESIAN_POINT ( 'NONE',  ( 0.8259386066623227718, 2.825000000000001066, -0.08709130006245340005 ) ) ;
#1671 = LINE ( 'NONE', #4646, #4215 ) ;
#1672 = ORIENTED_EDGE ( 'NONE', *, *, #2018, .F. ) ;
#1673 = CARTESIAN_POINT ( 'NONE',  ( 0.7109325222508863229, 2.775000000000000355, -1.022517042084254424 ) ) ;
#1674 = DIRECTION ( 'NONE',  ( -1.000000000000000000, 0.000000000000000000, -2.098455817713879812E-16 ) ) ;
#1675 = CARTESIAN_POINT ( 'NONE',  ( 0.1385138300438621961, 2.774999999999999467, -0.5195311916253010365 ) ) ;
#1676 = TOROIDAL_SURFACE ( 'NONE', #4398, 0.09999999999999986677, 0.1000000000000000056 ) ;
#1677 = DIRECTION ( 'NONE',  ( -0.000000000000000000, -0.000000000000000000, -1.000000000000000000 ) ) ;
#1678 = CARTESIAN_POINT ( 'NONE',  ( 3.100000000000000089, 2.725000000000000533, -3.199999999999999289 ) ) ;
#1679 = ADVANCED_FACE ( 'NONE', ( #1637 ), #3868, .T. ) ;
#1680 = CARTESIAN_POINT ( 'NONE',  ( -3.225000000000000533, 0.02499999999999963363, 1.500000000000000000 ) ) ;
#1681 = PLANE ( 'NONE',  #2130 ) ;
#1682 = CARTESIAN_POINT ( 'NONE',  ( 1.012355805109520501, 2.825000000000000622, -0.5355316392281752602 ) ) ;
#1683 = CARTESIAN_POINT ( 'NONE',  ( 0.09489772116265426938, 2.824999999999996625, -0.4702923089977004700 ) ) ;
#1684 = CARTESIAN_POINT ( 'NONE',  ( 0.4767678876123549458, 2.825000000000000622, -0.1674336310984921861 ) ) ;
#1685 = CARTESIAN_POINT ( 'NONE',  ( 1.102564102564103532, 2.824999999999997069, -0.4995993589743574770 ) ) ;
#1686 = CARTESIAN_POINT ( 'NONE',  ( -0.5864821994181245168, 2.775000000000000355, -0.8482435178723402025 ) ) ;
#1687 = DIRECTION ( 'NONE',  ( 0.000000000000000000, 0.000000000000000000, -1.000000000000000000 ) ) ;
#1688 = EDGE_LOOP ( 'NONE', ( #2878, #2476, #1260, #4127 ) ) ;
#1689 = DIRECTION ( 'NONE',  ( -0.000000000000000000, 1.000000000000000000, -0.000000000000000000 ) ) ;
#1690 = LINE ( 'NONE', #3192, #1092 ) ;
#1691 = CARTESIAN_POINT ( 'NONE',  ( 0.01842948717948694748, 2.774999999999999911, -1.025641025641024218 ) ) ;
#1692 = ADVANCED_FACE ( 'NONE', ( #1659 ), #3423, .T. ) ;
#1693 = VERTEX_POINT ( 'NONE', #1568 ) ;
#1694 = CARTESIAN_POINT ( 'NONE',  ( 0.9263282616342507492, 2.825000000000001510, -0.1580386971920373362 ) ) ;
#1695 = CARTESIAN_POINT ( 'NONE',  ( 3.375000000000001776, -0.07499999999999890088, 1.500000000000000000 ) ) ;
#1696 = ORIENTED_EDGE ( 'NONE', *, *, #2614, .T. ) ;
#1697 = CARTESIAN_POINT ( 'NONE',  ( 0.4287423406231311573, 2.774999999999999911, -0.6346885884154123136 ) ) ;
#1698 = ADVANCED_FACE ( 'NONE', ( #4245 ), #2959, .T. ) ;
#1699 = CARTESIAN_POINT ( 'NONE',  ( 0.4335287518695518094, 2.824999999999999734, -0.3256779226004349326 ) ) ;
#1700 = CARTESIAN_POINT ( 'NONE',  ( 0.1179374321090558009, 2.775000000000000355, -0.4959350349268773495 ) ) ;
#1701 = CARTESIAN_POINT ( 'NONE',  ( -3.275000000000000355, 0.07499999999999933109, 1.500000000000000000 ) ) ;
#1702 = CARTESIAN_POINT ( 'NONE',  ( 1.875000000000001776, 0.02500000000000066058, 1.500000000000000000 ) ) ;
#1703 = DIRECTION ( 'NONE',  ( -0.000000000000000000, -0.000000000000000000, -1.000000000000000000 ) ) ;
#1704 = B_SPLINE_CURVE_WITH_KNOTS ( 'NONE', 3,
 ( #97, #4477, #4167, #1139, #1502, #827, #3701, #2640, #1531, #3008, #361, #1839, #771, #1888, #3414 ),
 .UNSPECIFIED., .F., .F.,
 ( 4, 1, 1, 1, 1, 1, 1, 1, 1, 1, 1, 1, 4 ),
 ( 0.000000000000000000, 0.1128134007444583226, 0.2253938839207295652, 0.3395948145627009640, 0.4596754102248635232, 0.5217351900879327875, 0.5839258387389163474, 0.6481741447653692756, 0.7138810381130664684, 0.7810044549073894560, 0.8514509275565553814, 0.9240506926641779417, 1.000000000000000000 ),
 .UNSPECIFIED. ) ;
#1705 = AXIS2_PLACEMENT_3D ( 'NONE', #2565, #1458, #1087 ) ;
#1706 = CARTESIAN_POINT ( 'NONE',  ( 0.5025565240087276342, 2.774999999999999467, -0.1194990643741983133 ) ) ;
#1708 = ORIENTED_EDGE ( 'NONE', *, *, #1547, .F. ) ;
#1707 = VECTOR ( 'NONE', #4675, 1000.000000000000000 ) ;
#1709 = CARTESIAN_POINT ( 'NONE',  ( 0.5243641246724373151, 2.825000000000000178, -0.6752931148003514794 ) ) ;
#1710 = CARTESIAN_POINT ( 'NONE',  ( 1.012706572480658984, 2.825000000000000622, -0.4879787492114229797 ) ) ;
#1711 = CARTESIAN_POINT ( 'NONE',  ( -0.1858599571630303871, 2.825000000000000622, -0.8101215690838011740 ) ) ;
#1712 = DIRECTION ( 'NONE',  ( -1.000000000000000000, 0.000000000000000000, 0.000000000000000000 ) ) ;
#1713 = ORIENTED_EDGE ( 'NONE', *, *, #1127, .T. ) ;
#1714 = EDGE_CURVE ( 'NONE', #2239, #1776, #4359, .T. ) ;
#1715 = CARTESIAN_POINT ( 'NONE',  ( -1.002306367443236423, 2.825000000000000178, -0.9081334160426974833 ) ) ;
#1716 = VERTEX_POINT ( 'NONE', #2915 ) ;
#1717 = VECTOR ( 'NONE', #3702, 1000.000000000000000 ) ;
#1718 = CARTESIAN_POINT ( 'NONE',  ( -3.300000000000000266, 0.000000000000000000, -1.599999999999998757 ) ) ;
#1719 = CARTESIAN_POINT ( 'NONE',  ( 0.1980528940391032000, 2.774999999999999467, -0.5996230017977891569 ) ) ;
#1720 = CARTESIAN_POINT ( 'NONE',  ( -0.2928817724064352035, 2.775000000000000799, -0.7942762944410204362 ) ) ;
#1721 = EDGE_CURVE ( 'NONE', #1179, #4185, #594, .T. ) ;
#1722 = CARTESIAN_POINT ( 'NONE',  ( 0.1727574579972938895, 2.775000000000001243, -0.4284449268011606415 ) ) ;
#1723 = LINE ( 'NONE', #2514, #425 ) ;
#1724 = DIRECTION ( 'NONE',  ( 1.000000000000000000, 0.000000000000000000, 0.000000000000000000 ) ) ;
#1725 = CARTESIAN_POINT ( 'NONE',  ( -3.300000000000000266, 2.825000000000000178, -1.599999999999998757 ) ) ;
#1726 = CARTESIAN_POINT ( 'NONE',  ( 0.8566838319640198707, 2.774999999999999467, -0.8987728124010159192 ) ) ;
#1727 = CARTESIAN_POINT ( 'NONE',  ( 0.4231701536359103732, 2.775000000000000355, -0.4837049774048616246 ) ) ;
#1728 = ORIENTED_EDGE ( 'NONE', *, *, #2866, .T. ) ;
#1729 = CARTESIAN_POINT ( 'NONE',  ( -0.4491998472757522953, 2.775000000000000355, -0.7144368676959153008 ) ) ;
#1730 = DIRECTION ( 'NONE',  ( -1.000000000000000000, 0.000000000000000000, 0.000000000000000000 ) ) ;
#1731 = CARTESIAN_POINT ( 'NONE',  ( 0.08238709666424112732, 2.824999999999999734, -1.020548191202840238 ) ) ;
#1732 = DIRECTION ( 'NONE',  ( -0.000000000000000000, 1.000000000000000000, -0.000000000000000000 ) ) ;
#1733 = EDGE_CURVE ( 'NONE', #4348, #1103, #3635, .T. ) ;
#1734 = PLANE ( 'NONE',  #3870 ) ;
#1735 = VERTEX_POINT ( 'NONE', #292 ) ;
#1736 = CARTESIAN_POINT ( 'NONE',  ( -1.076923076923076428, 2.825000000000000178, -0.6923076923076907363 ) ) ;
#1737 = EDGE_LOOP ( 'NONE', ( #4494, #2976, #717, #742 ) ) ;
#1738 = CARTESIAN_POINT ( 'NONE',  ( 0.5315228882858616943, 2.775000000000000799, -0.9206964640295565161 ) ) ;
#1739 = MECHANICAL_DESIGN_GEOMETRIC_PRESENTATION_REPRESENTATION (  '', ( #1663 ), #3087 ) ;
#1740 = CARTESIAN_POINT ( 'NONE',  ( 0.9944438882438003668, 2.775000000000001243, -0.6909879312842898136 ) ) ;
#1741 = AXIS2_PLACEMENT_3D ( 'NONE', #4063, #3335, #1835 ) ;
#1742 = CARTESIAN_POINT ( 'NONE',  ( -0.07394055386944296815, 2.775000000000000355, -0.9082013755499858121 ) ) ;
#1743 = DIRECTION ( 'NONE',  ( -0.000000000000000000, -0.000000000000000000, -1.000000000000000000 ) ) ;
#1744 = DIRECTION ( 'NONE',  ( 1.000000000000000000, 0.000000000000000000, 0.000000000000000000 ) ) ;
#1745 = TOROIDAL_SURFACE ( 'NONE', #198, 0.1000000000000002970, 0.1000000000000000056 ) ;
#1746 = SURFACE_SIDE_STYLE ('',( #263 ) ) ;
#1747 =( NAMED_UNIT ( * ) PLANE_ANGLE_UNIT ( ) SI_UNIT ( $, .RADIAN. ) );
#1748 = ADVANCED_FACE ( 'NONE', ( #1775 ), #927, .T. ) ;
#1749 = SURFACE_SIDE_STYLE ('',( #612 ) ) ;
#1750 = CARTESIAN_POINT ( 'NONE',  ( 0.7604166666666676289, 2.825000000000001066, -0.9230769230769216849 ) ) ;
#1751 = COLOUR_RGB ( '',0.1098039215686274495, 0.1098039215686274495, 0.1098039215686274495 ) ;
#1752 = CARTESIAN_POINT ( 'NONE',  ( 0.7109300120628695430, 2.775000000000000355, 0.02252684024548010089 ) ) ;
#1753 = ORIENTED_EDGE ( 'NONE', *, *, #2538, .F. ) ;
#1754 = AXIS2_PLACEMENT_3D ( 'NONE', #3764, #1829, #1441 ) ;
#1755 = CARTESIAN_POINT ( 'NONE',  ( -0.7275641025641019777, 2.824999999999999734, -0.4138621794871779613 ) ) ;
#1756 = CIRCLE ( 'NONE', #280, 0.1000000000000002554 ) ;
#1757 = CARTESIAN_POINT ( 'NONE',  ( 0.3333333333333330928, 2.825000000000000178, -0.1025641025641010340 ) ) ;
#1758 = CARTESIAN_POINT ( 'NONE',  ( -3.225000000000000533, 0.07499999999999933109, 1.500000000000000000 ) ) ;
#1759 = CARTESIAN_POINT ( 'NONE',  ( 0.9919851232965695154, 2.824999999999998845, -0.3037415152074784963 ) ) ;
#1760 = DIRECTION ( 'NONE',  ( 0.000000000000000000, 0.000000000000000000, -1.000000000000000000 ) ) ;
#1761 = CARTESIAN_POINT ( 'NONE',  ( 0.05110892004033909530, 2.774999999999999911, -0.4237188385010659530 ) ) ;
#1762 = VERTEX_POINT ( 'NONE', #679 ) ;
#1763 = ORIENTED_EDGE ( 'NONE', *, *, #1721, .T. ) ;
#1764 = CARTESIAN_POINT ( 'NONE',  ( -0.8161437502369313091, 2.775000000000000355, -1.020402574789529782 ) ) ;
#1765 = VERTEX_POINT ( 'NONE', #2270 ) ;
#1766 = PLANE ( 'NONE',  #2266 ) ;
#1767 = CARTESIAN_POINT ( 'NONE',  ( 3.100000000000000533, 2.725000000000000533, 3.300000000000001599 ) ) ;
#1768 = FACE_OUTER_BOUND ( 'NONE', #4329, .T. ) ;
#1769 = CARTESIAN_POINT ( 'NONE',  ( 1.102015196719697832, 2.824999999999997069, -0.4545099133172914585 ) ) ;
#1770 = DIRECTION ( 'NONE',  ( 0.000000000000000000, 0.000000000000000000, 1.000000000000000000 ) ) ;
#1771 =( NAMED_UNIT ( * ) SI_UNIT ( $, .STERADIAN. ) SOLID_ANGLE_UNIT ( ) );
#1772 = CARTESIAN_POINT ( 'NONE',  ( 0.7653648528270287077, 2.774999999999999911, -1.025501649876548349 ) ) ;
#1773 = EDGE_CURVE ( 'NONE', #3348, #1554, #2183, .T. ) ;
#1774 = CARTESIAN_POINT ( 'NONE',  ( 0.9143969315168467560, 2.774999999999999911, -0.8545410316257859851 ) ) ;
#1775 = FACE_OUTER_BOUND ( 'NONE', #1419, .T. ) ;
#1776 = VERTEX_POINT ( 'NONE', #393 ) ;
#1777 = CARTESIAN_POINT ( 'NONE',  ( -0.5388790119365028941, 2.824999999999999289, -0.7095016578430347609 ) ) ;
#1778 = CARTESIAN_POINT ( 'NONE',  ( -0.5021927296019632614, 2.825000000000000178, -0.5496627275973572369 ) ) ;
#1779 = CARTESIAN_POINT ( 'NONE',  ( 0.9795521775968828448, 2.825000000000000178, -0.7415029617217052671 ) ) ;
#1780 = EDGE_CURVE ( 'NONE', #2281, #1765, #3370, .T. ) ;
#1781 = CARTESIAN_POINT ( 'NONE',  ( 0.3158234650126924281, 2.825000000000000622, -0.7864674410876395516 ) ) ;
#1782 = EDGE_LOOP ( 'NONE', ( #1930, #2101, #114, #4360 ) ) ;
#1783 = CARTESIAN_POINT ( 'NONE',  ( 1.019436823856902041, 2.825000000000000622, -0.1236226003094494097 ) ) ;
#1784 = ORIENTED_EDGE ( 'NONE', *, *, #1882, .F. ) ;
#1785 = CARTESIAN_POINT ( 'NONE',  ( -1.021504610447070860, 2.824999999999999734, -0.8821359335528095036 ) ) ;
#1786 = CARTESIAN_POINT ( 'NONE',  ( -0.5124180029230135380, 2.825000000000001510, -0.9150284759770734855 ) ) ;
#1787 = ORIENTED_EDGE ( 'NONE', *, *, #447, .T. ) ;
#1788 =( LENGTH_UNIT ( ) NAMED_UNIT ( * ) SI_UNIT ( .MILLI., .METRE. ) );
#1789 = COLOUR_RGB ( '',0.1098039215686274495, 0.1098039215686274495, 0.1098039215686274495 ) ;
#1790 = CARTESIAN_POINT ( 'NONE',  ( -0.1072968156915620336, 2.775000000000000355, -1.002813578924636628 ) ) ;
#1791 = STYLED_ITEM ( 'NONE', ( #1470 ), #2632 ) ;
#1792 = SURFACE_STYLE_FILL_AREA ( #772 ) ;
#1793 = CARTESIAN_POINT ( 'NONE',  ( 1.102015196719697832, 2.774999999999999911, -0.4545099133172914585 ) ) ;
#1794 = CARTESIAN_POINT ( 'NONE',  ( -0.9734235616973895278, 2.825000000000000178, -0.7674306174969839356 ) ) ;
#1795 = CARTESIAN_POINT ( 'NONE',  ( -0.8812809316287976147, 2.825000000000000622, -0.8893012916925305822 ) ) ;
#1796 = CARTESIAN_POINT ( 'NONE',  ( 0.8713617645491592567, 2.775000000000000355, -1.004106841940005213 ) ) ;
#1797 = ORIENTED_EDGE ( 'NONE', *, *, #2074, .F. ) ;
#1798 = EDGE_CURVE ( 'NONE', #4304, #4160, #4014, .T. ) ;
#1799 = CARTESIAN_POINT ( 'NONE',  ( -0.6307169391869059671, 2.774999999999999023, -0.5195311916253009255 ) ) ;
#1800 = DIRECTION ( 'NONE',  ( 0.000000000000000000, 0.000000000000000000, 1.000000000000000000 ) ) ;
#1801 = CARTESIAN_POINT ( 'NONE',  ( -1.115384615384614975, 2.774999999999999911, 1.596070698149334083E-15 ) ) ;
#1802 = CARTESIAN_POINT ( 'NONE',  ( -0.7117043364721702403, 2.774999999999999467, -0.9196078486019396703 ) ) ;
#1803 = ORIENTED_EDGE ( 'NONE', *, *, #4225, .T. ) ;
#1804 = LINE ( 'NONE', #1418, #1973 ) ;
#1805 = ORIENTED_EDGE ( 'NONE', *, *, #4813, .T. ) ;
#1806 = EDGE_CURVE ( 'NONE', #4021, #893, #2973, .T. ) ;
#1807 = CARTESIAN_POINT ( 'NONE',  ( -0.7619668478208254658, 2.775000000000000355, -1.025394612311206988 ) ) ;
#1808 = CARTESIAN_POINT ( 'NONE',  ( -0.5769881953914187678, 2.825000000000002398, -0.9760787700601936123 ) ) ;
#1809 = DIRECTION ( 'NONE',  ( 1.355252715606881282E-16, 0.000000000000000000, 1.000000000000000000 ) ) ;
#1810 = ORIENTED_EDGE ( 'NONE', *, *, #4613, .T. ) ;
#1811 = CARTESIAN_POINT ( 'NONE',  ( 0.7495249692642870221, 2.774999999999999467, 0.02550778122422457661 ) ) ;
#1812 = CARTESIAN_POINT ( 'NONE',  ( 0.1922425738393500061, 2.824999999999998845, -0.9760787700601927241 ) ) ;
#1813 =( NAMED_UNIT ( * ) PLANE_ANGLE_UNIT ( ) SI_UNIT ( $, .RADIAN. ) );
#1814 = CARTESIAN_POINT ( 'NONE',  ( 0.7272160101832636503, 2.774999999999999911, -0.9213346257194287015 ) ) ;
#1815 = CARTESIAN_POINT ( 'NONE',  ( 0.2302296112575145381, 2.775000000000000355, -0.7406231494660244774 ) ) ;
#1816 = DIRECTION ( 'NONE',  ( -0.000000000000000000, 1.000000000000000000, -0.000000000000000000 ) ) ;
#1817 = FILL_AREA_STYLE_COLOUR ( '', #4548 ) ;
#1818 = UNCERTAINTY_MEASURE_WITH_UNIT (LENGTH_MEASURE( 1.000000000000000082E-05 ), #4197, 'distance_accuracy_value', 'NONE');
#1819 =( GEOMETRIC_REPRESENTATION_CONTEXT ( 3 ) GLOBAL_UNCERTAINTY_ASSIGNED_CONTEXT ( ( #1145 ) ) GLOBAL_UNIT_ASSIGNED_CONTEXT ( ( #3116, #468, #907 ) ) REPRESENTATION_CONTEXT ( 'NONE', 'WORKASPACE' ) );
#1820 = MECHANICAL_DESIGN_GEOMETRIC_PRESENTATION_REPRESENTATION (  '', ( #585 ), #3696 ) ;
#1821 = CARTESIAN_POINT ( 'NONE',  ( 0.7811808553686530043, 2.775000000000000799, -1.025224475332468188 ) ) ;
#1822 = EDGE_CURVE ( 'NONE', #1648, #3288, #222, .T. ) ;
#1823 = CARTESIAN_POINT ( 'NONE',  ( -0.3076923076923079869, 2.825000000000000178, -0.6923076923076908473 ) ) ;
#1824 = VECTOR ( 'NONE', #1040, 1000.000000000000000 ) ;
#1825 = CIRCLE ( 'NONE', #4173, 0.2000000000000000944 ) ;
#1826 = ORIENTED_EDGE ( 'NONE', *, *, #540, .T. ) ;
#1827 = LINE ( 'NONE', #4794, #3231 ) ;
#1828 = VECTOR ( 'NONE', #3971, 1000.000000000000000 ) ;
#1829 = DIRECTION ( 'NONE',  ( -0.000000000000000000, -0.000000000000000000, -1.000000000000000000 ) ) ;
#1830 = DIRECTION ( 'NONE',  ( 0.000000000000000000, 0.000000000000000000, -1.000000000000000000 ) ) ;
#1831 = VECTOR ( 'NONE', #1084, 1000.000000000000000 ) ;
#1832 = VERTEX_POINT ( 'NONE', #1564 ) ;
#1833 = VERTEX_POINT ( 'NONE', #835 ) ;
#1834 = CARTESIAN_POINT ( 'NONE',  ( -0.4690171176376474738, 2.825000000000001066, -0.8409297928603075567 ) ) ;
#1835 = DIRECTION ( 'NONE',  ( 0.6837766319733928899, 0.000000000000000000, -0.7296913851534243545 ) ) ;
#1836 = ORIENTED_EDGE ( 'NONE', *, *, #419, .F. ) ;
#1837 = CARTESIAN_POINT ( 'NONE',  ( 0.6885635996514561930, 2.774999999999999467, 0.01815669647052182978 ) ) ;
#1838 = CARTESIAN_POINT ( 'NONE',  ( 0.3202157042086763439, 2.825000000000000622, -0.7382584791864084117 ) ) ;
#1839 = CARTESIAN_POINT ( 'NONE',  ( 0.9584323439841666570, 2.775000000000000799, -0.2084199415790968235 ) ) ;
#1840 = CARTESIAN_POINT ( 'NONE',  ( -3.149999999999999911, 2.825000000000000178, 1.600000000000000977 ) ) ;
#1841 = EDGE_CURVE ( 'NONE', #3331, #1384, #1435, .T. ) ;
#1842 = CARTESIAN_POINT ( 'NONE',  ( 0.6056897927740464427, 2.774999999999999911, -0.8552250950067891155 ) ) ;
#1843 = CARTESIAN_POINT ( 'NONE',  ( 0.1954314450748911580, 2.775000000000000355, -0.8320466706723170791 ) ) ;
#1844 = CARTESIAN_POINT ( 'NONE',  ( -0.9652076502451697460, 2.824999999999999734, -0.7895888403497008934 ) ) ;
#1845 = LINE ( 'NONE', #779, #4203 ) ;
#1846 = CARTESIAN_POINT ( 'NONE',  ( -0.2330755982124676773, 2.825000000000000178, -0.9081334160426974833 ) ) ;
#1847 = EDGE_LOOP ( 'NONE', ( #4283, #105, #4260, #181 ) ) ;
#1848 = CARTESIAN_POINT ( 'NONE',  ( 0.8045638197246285372, 2.774999999999999023, -1.022560491751152378 ) ) ;
#1849 = CARTESIAN_POINT ( 'NONE',  ( 0.8255850755804666763, 2.825000000000000622, -0.9131058866468276802 ) ) ;
#1850 = DIRECTION ( 'NONE',  ( 0.000000000000000000, 0.000000000000000000, 1.000000000000000000 ) ) ;
#1851 = CARTESIAN_POINT ( 'NONE',  ( 3.275000000000001243, 0.07500000000000019151, -1.500000000000000000 ) ) ;
#1852 = ORIENTED_EDGE ( 'NONE', *, *, #1733, .F. ) ;
#1853 = LINE ( 'NONE', #1492, #2924 ) ;
#1854 = ORIENTED_EDGE ( 'NONE', *, *, #4481, .T. ) ;
#1855 = AXIS2_PLACEMENT_3D ( 'NONE', #4050, #4812, #4382 ) ;
#1856 = CARTESIAN_POINT ( 'NONE',  ( 3.299999999999999822, 2.825000000000000178, -1.599999999999998979 ) ) ;
#1857 = LINE ( 'NONE', #2151, #783 ) ;
#1858 = ORIENTED_EDGE ( 'NONE', *, *, #2711, .F. ) ;
#1859 = CARTESIAN_POINT ( 'NONE',  ( 0.6667639556407118917, 2.774999999999999911, 0.01203766673021191419 ) ) ;
#1860 = ADVANCED_FACE ( 'NONE', ( #902 ), #3089, .F. ) ;
#1861 = ORIENTED_EDGE ( 'NONE', *, *, #677, .T. ) ;
#1862 = FACE_OUTER_BOUND ( 'NONE', #1255, .T. ) ;
#1863 = CARTESIAN_POINT ( 'NONE',  ( -0.7398361180263263170, 2.825000000000000178, -1.025384323799473529 ) ) ;
#1864 = DIRECTION ( 'NONE',  ( 1.000000000000000000, 0.000000000000000000, 4.336808689942032724E-15 ) ) ;
#1865 = CARTESIAN_POINT ( 'NONE',  ( 0.6191419908816900852, 2.824999999999999289, -0.8681926533092070297 ) ) ;
#1866 = VECTOR ( 'NONE', #3415, 1000.000000000000000 ) ;
#1867 = CARTESIAN_POINT ( 'NONE',  ( -0.9151207638017715418, 2.824999999999999734, -0.8626087061277909473 ) ) ;
#1868 = FACE_OUTER_BOUND ( 'NONE', #400, .T. ) ;
#1869 = UNCERTAINTY_MEASURE_WITH_UNIT (LENGTH_MEASURE( 1.000000000000000082E-05 ), #3856, 'distance_accuracy_value', 'NONE');
#1870 = EDGE_CURVE ( 'NONE', #1091, #1951, #513, .T. ) ;
#1871 = EDGE_CURVE ( 'NONE', #4401, #4638, #1825, .T. ) ;
#1872 = DIRECTION ( 'NONE',  ( -2.891205793294679312E-16, 0.000000000000000000, 1.000000000000000000 ) ) ;
#1873 = ORIENTED_EDGE ( 'NONE', *, *, #1924, .T. ) ;
#1874 = CARTESIAN_POINT ( 'NONE',  ( -0.5159583855187366286, 2.825000000000000178, -0.5285439729531481445 ) ) ;
#1875 = PRESENTATION_STYLE_ASSIGNMENT (( #4105 ) ) ;
#1876 = DIRECTION ( 'NONE',  ( -1.156482317317870147E-15, 0.000000000000000000, -1.000000000000000000 ) ) ;
#1877 = CARTESIAN_POINT ( 'NONE',  ( 0.9487000189283927298, 2.825000000000000622, -0.1902592057888075894 ) ) ;
#1878 = EDGE_LOOP ( 'NONE', ( #4187, #2251, #3658, #327 ) ) ;
#1879 = CARTESIAN_POINT ( 'NONE',  ( 1.012355805109520501, 2.774999999999999467, -0.5355316392281752602 ) ) ;
#1880 = ORIENTED_EDGE ( 'NONE', *, *, #2821, .F. ) ;
#1881 = UNCERTAINTY_MEASURE_WITH_UNIT (LENGTH_MEASURE( 1.000000000000000082E-05 ), #988, 'distance_accuracy_value', 'NONE');
#1882 = EDGE_CURVE ( 'NONE', #1227, #1832, #1941, .T. ) ;
#1883 = FACE_OUTER_BOUND ( 'NONE', #1651, .T. ) ;
#1884 = VERTEX_POINT ( 'NONE', #3065 ) ;
#1885 = CARTESIAN_POINT ( 'NONE',  ( 0.5200487985727331175, 2.775000000000000799, -0.3552726086110721271 ) ) ;
#1886 = VERTEX_POINT ( 'NONE', #3448 ) ;
#1887 = CARTESIAN_POINT ( 'NONE',  ( 0.5146512188056980852, 2.825000000000000178, -0.4230508558345834613 ) ) ;
#1888 = CARTESIAN_POINT ( 'NONE',  ( 0.9723730278400001259, 2.774999999999999467, -0.2416196321585314666 ) ) ;
#1889 =( NAMED_UNIT ( * ) PLANE_ANGLE_UNIT ( ) SI_UNIT ( $, .RADIAN. ) );
#1890 = CARTESIAN_POINT ( 'NONE',  ( -3.300000000000000266, 0.000000000000000000, -1.599999999999998757 ) ) ;
#1891 = CARTESIAN_POINT ( 'NONE',  ( -0.9302247578199275280, 2.825000000000001510, -0.8468179629232408523 ) ) ;
#1892 = CARTESIAN_POINT ( 'NONE',  ( -0.5319917398476576853, 2.774999999999999467, -0.9373720143971766561 ) ) ;
#1893 = CARTESIAN_POINT ( 'NONE',  ( 0.9873113191272260281, 2.775000000000000799, -0.9195112630745699844 ) ) ;
#1894 = CARTESIAN_POINT ( 'NONE',  ( -0.01469037060346627468, 2.825000000000000178, -1.024910102138550272 ) ) ;
#1895 = VERTEX_POINT ( 'NONE', #2724 ) ;
#1896 = COLOUR_RGB ( '',0.1098039215686274495, 0.1098039215686274495, 0.1098039215686274495 ) ;
#1897 = ADVANCED_FACE ( 'NONE', ( #1190, #805, #3503, #3887 ), #488, .F. ) ;
#1898 = PRESENTATION_LAYER_ASSIGNMENT (  '', '', ( #1277 ) ) ;
#1899 = SURFACE_SIDE_STYLE ('',( #3659 ) ) ;
#1900 = FACE_OUTER_BOUND ( 'NONE', #3957, .T. ) ;
#1901 = CARTESIAN_POINT ( 'NONE',  ( 0.9673133004256404543, 2.824999999999999734, -0.2279711352682945724 ) ) ;
#1902 = DIRECTION ( 'NONE',  ( -0.000000000000000000, -0.000000000000000000, -1.000000000000000000 ) ) ;
#1903 = ADVANCED_FACE ( 'NONE', ( #1221 ), #1545, .T. ) ;
#1904 = STYLED_ITEM ( 'NONE', ( #3183 ), #155 ) ;
#1905 = CARTESIAN_POINT ( 'NONE',  ( 0.9872435418751639435, 2.774999999999999467, -0.7169716526612467389 ) ) ;
#1906 = ORIENTED_EDGE ( 'NONE', *, *, #2276, .F. ) ;
#1907 = LINE ( 'NONE', #2333, #476 ) ;
#1908 = ORIENTED_EDGE ( 'NONE', *, *, #3057, .F. ) ;
#1909 = CARTESIAN_POINT ( 'NONE',  ( 0.6665583437991784432, 2.824999999999999289, -1.011831386535916755 ) ) ;
#1910 = CARTESIAN_POINT ( 'NONE',  ( 0.5129208757836352106, 2.774999999999999911, -0.4607203589705665125 ) ) ;
#1911 = COLOUR_RGB ( '',0.1098039215686274495, 0.1098039215686274495, 0.1098039215686274495 ) ;
#1912 = EDGE_CURVE ( 'NONE', #478, #3306, #4790, .T. ) ;
#1913 = EDGE_LOOP ( 'NONE', ( #378, #2762, #4370, #2638 ) ) ;
#1914 = CARTESIAN_POINT ( 'NONE',  ( 0.2372390293831106722, 2.824999999999999289, -0.9373720143971766561 ) ) ;
#1915 = CARTESIAN_POINT ( 'NONE',  ( -3.100000000000000089, 2.825000000000000178, -3.199999999999998401 ) ) ;
#1916 = DIRECTION ( 'NONE',  ( -6.195440985631461234E-16, 1.000000000000000000, 0.000000000000000000 ) ) ;
#1917 = CARTESIAN_POINT ( 'NONE',  ( 0.5359587007724038177, 2.824999999999998401, -0.7279305106239652989 ) ) ;
#1918 = SURFACE_SIDE_STYLE ('',( #4504 ) ) ;
#1919 = CARTESIAN_POINT ( 'NONE',  ( 0.7339735621884266870, 2.824999999999999734, 0.02524504924210548701 ) ) ;
#1920 = CARTESIAN_POINT ( 'NONE',  ( 0.2303517572942654079, 2.824999999999999734, -0.7095016578430348719 ) ) ;
#1921 = UNCERTAINTY_MEASURE_WITH_UNIT (LENGTH_MEASURE( 1.000000000000000082E-05 ), #3855, 'distance_accuracy_value', 'NONE');
#1922 = CARTESIAN_POINT ( 'NONE',  ( 1.091549181648882927, 2.824999999999997957, -0.6690023366053138298 ) ) ;
#1923 = ORIENTED_EDGE ( 'NONE', *, *, #60, .F. ) ;
#1924 = EDGE_CURVE ( 'NONE', #781, #3621, #1334, .T. ) ;
#1925 =( NAMED_UNIT ( * ) SI_UNIT ( $, .STERADIAN. ) SOLID_ANGLE_UNIT ( ) );
#1926 = DIRECTION ( 'NONE',  ( -0.000000000000000000, 0.000000000000000000, -1.000000000000000000 ) ) ;
#1927 = CARTESIAN_POINT ( 'NONE',  ( 0.6884733603390890133, 2.775000000000000799, -1.018177342756662940 ) ) ;
#1928 = CARTESIAN_POINT ( 'NONE',  ( 0.2159228054939217600, 2.775000000000001243, -0.9583016753824314948 ) ) ;
#1929 = FACE_OUTER_BOUND ( 'NONE', #1847, .T. ) ;
#1930 = ORIENTED_EDGE ( 'NONE', *, *, #3025, .T. ) ;
#1931 = CARTESIAN_POINT ( 'NONE',  ( 0.5243641246724373151, 2.774999999999999911, -0.6752931148003514794 ) ) ;
#1932 = ORIENTED_EDGE ( 'NONE', *, *, #4319, .F. ) ;
#1933 = CARTESIAN_POINT ( 'NONE',  ( 0.5657287930671113241, 2.825000000000000178, -0.9551402963102229027 ) ) ;
#1934 = CARTESIAN_POINT ( 'NONE',  ( 0.5128546405540896913, 2.774999999999999911, -0.4866432289131831235 ) ) ;
#1935 = CARTESIAN_POINT ( 'NONE',  ( 1.096433100163570540, 2.775000000000000799, -0.3697873365691913827 ) ) ;
#1936 = FACE_OUTER_BOUND ( 'NONE', #2689, .T. ) ;
#1937 = CARTESIAN_POINT ( 'NONE',  ( 0.9749599358974369023, 2.825000000000000178, -0.2485977564102548887 ) ) ;
#1938 = CARTESIAN_POINT ( 'NONE',  ( 0.2532723837120318122, 2.775000000000000355, -0.5285439729531483666 ) ) ;
#1939 = SURFACE_SIDE_STYLE ('',( #1562 ) ) ;
#1940 = CARTESIAN_POINT ( 'NONE',  ( 1.003504263523292472, 2.824999999999997957, -0.8993850162498245870 ) ) ;
#1941 = LINE ( 'NONE', #2372, #2933 ) ;
#1942 = ORIENTED_EDGE ( 'NONE', *, *, #4748, .F. ) ;
#1943 = AXIS2_PLACEMENT_3D ( 'NONE', #2339, #3830, #1236 ) ;
#1944 = LINE ( 'NONE', #839, #3549 ) ;
#1945 = CARTESIAN_POINT ( 'NONE',  ( -3.299999999999999822, 0.000000000000000000, -3.099999999999998757 ) ) ;
#1946 = CARTESIAN_POINT ( 'NONE',  ( 0.9528566718299222860, 2.774999999999999467, -0.04589497213267649395 ) ) ;
#1947 = AXIS2_PLACEMENT_3D ( 'NONE', #2996, #2552, #1760 ) ;
#1948 = CARTESIAN_POINT ( 'NONE',  ( 0.7574118589743599195, 2.774999999999999911, -1.025641025641024218 ) ) ;
#1949 = CARTESIAN_POINT ( 'NONE',  ( 0.9263282616342507492, 2.825000000000001510, -0.1580386971920373362 ) ) ;
#1950 = FILL_AREA_STYLE ('',( #4247 ) ) ;
#1951 = VERTEX_POINT ( 'NONE', #3586 ) ;
#1952 = DIRECTION ( 'NONE',  ( 0.000000000000000000, 1.000000000000000000, -0.000000000000000000 ) ) ;
#1953 = COLOUR_RGB ( '',0.1098039215686274495, 0.1098039215686274495, 0.1098039215686274495 ) ;
#1954 = CARTESIAN_POINT ( 'NONE',  ( 0.5432652116370386697, 2.775000000000001243, -0.7506679233198355616 ) ) ;
#1955 = ORIENTED_EDGE ( 'NONE', *, *, #1424, .T. ) ;
#1956 = CARTESIAN_POINT ( 'NONE',  ( 0.4233516023273723450, 2.774999999999999467, -0.4527707561715451634 ) ) ;
#1957 = CARTESIAN_POINT ( 'NONE',  ( 0.04166666666666641455, 2.774999999999999911, -0.4138621794871780168 ) ) ;
#1958 = EDGE_CURVE ( 'NONE', #3636, #1370, #2490, .T. ) ;
#1959 = ORIENTED_EDGE ( 'NONE', *, *, #3372, .F. ) ;
#1960 = CARTESIAN_POINT ( 'NONE',  ( 0.9673133004256404543, 2.824999999999999734, -0.2279711352682945724 ) ) ;
#1961 = CARTESIAN_POINT ( 'NONE',  ( 1.010673590191919047, 2.824999999999999734, -0.4295055053740809425 ) ) ;
#1962 = CARTESIAN_POINT ( 'NONE',  ( 0.2368002829517482644, 2.774999999999999467, -0.5060221396711119812 ) ) ;
#1963 = SURFACE_STYLE_USAGE ( .BOTH. , #3812 ) ;
#1964 = CARTESIAN_POINT ( 'NONE',  ( 0.1844199238426257881, 2.825000000000001066, -0.5788399692513525041 ) ) ;
#1965 = DIRECTION ( 'NONE',  ( -1.000000000000000000, 0.000000000000000000, 0.000000000000000000 ) ) ;
#1966 = DIRECTION ( 'NONE',  ( 0.000000000000000000, -1.000000000000000000, 0.000000000000000000 ) ) ;
#1967 = ORIENTED_EDGE ( 'NONE', *, *, #4784, .T. ) ;
#1968 = EDGE_CURVE ( 'NONE', #3029, #3412, #2068, .T. ) ;
#1969 = SURFACE_SIDE_STYLE ('',( #807 ) ) ;
#1970 = CARTESIAN_POINT ( 'NONE',  ( 0.7495249692642870221, 2.774999999999999467, 0.02550778122422457661 ) ) ;
#1971 = CARTESIAN_POINT ( 'NONE',  ( 0.4231706425504854208, 2.774999999999999467, -0.5156271840412858243 ) ) ;
#1972 = CARTESIAN_POINT ( 'NONE',  ( 0.8819106667655070009, 2.825000000000001066, -0.1160675986004362087 ) ) ;
#1973 = VECTOR ( 'NONE', #3330, 1000.000000000000000 ) ;
#1974 = CARTESIAN_POINT ( 'NONE',  ( 0.7272160101832636503, 2.825000000000000178, -0.9213346257194287015 ) ) ;
#1975 = AXIS2_PLACEMENT_3D ( 'NONE', #3115, #4586, #1592 ) ;
#1976 = VERTEX_POINT ( 'NONE', #3911 ) ;
#1977 = VECTOR ( 'NONE', #4723, 1000.000000000000000 ) ;
#1978 = CARTESIAN_POINT ( 'NONE',  ( 0.3205128205128203178, 2.774999999999999911, -0.7283653846153831379 ) ) ;
#1979 = CARTESIAN_POINT ( 'NONE',  ( -0.009355778608494593612, 2.825000000000000622, -0.9224714266288372988 ) ) ;
#1980 = ORIENTED_EDGE ( 'NONE', *, *, #924, .T. ) ;
#1981 = MECHANICAL_DESIGN_GEOMETRIC_PRESENTATION_REPRESENTATION (  '', ( #738 ), #2059 ) ;
#1982 = CARTESIAN_POINT ( 'NONE',  ( 0.4767678876123549458, 2.775000000000000355, -0.1674336310984921861 ) ) ;
#1983 = ORIENTED_EDGE ( 'NONE', *, *, #3437, .T. ) ;
#1984 = COLOUR_RGB ( '',0.1098039215686274495, 0.1098039215686274495, 0.1098039215686274495 ) ;
#1985 = CARTESIAN_POINT ( 'NONE',  ( 0.7574118589743599195, 2.774999999999999911, -1.025641025641024218 ) ) ;
#1986 =( NAMED_UNIT ( * ) SI_UNIT ( $, .STERADIAN. ) SOLID_ANGLE_UNIT ( ) );
#1987 =( GEOMETRIC_REPRESENTATION_CONTEXT ( 3 ) GLOBAL_UNCERTAINTY_ASSIGNED_CONTEXT ( ( #816 ) ) GLOBAL_UNIT_ASSIGNED_CONTEXT ( ( #3045, #4510, #4795 ) ) REPRESENTATION_CONTEXT ( 'NONE', 'WORKASPACE' ) );
#1988 = CARTESIAN_POINT ( 'NONE',  ( 0.4891595602032277612, 2.825000000000000622, -0.1426214566728900568 ) ) ;
#1989 = VECTOR ( 'NONE', #2132, 1000.000000000000000 ) ;
#1990 = DIRECTION ( 'NONE',  ( 0.000000000000000000, 0.000000000000000000, 1.000000000000000000 ) ) ;
#1991 = SURFACE_STYLE_FILL_AREA ( #3858 ) ;
#1992 = CARTESIAN_POINT ( 'NONE',  ( 0.2307692307692305322, 2.825000000000000178, -0.7203525641025626536 ) ) ;
#1993 = EDGE_CURVE ( 'NONE', #532, #1648, #261, .T. ) ;
#1994 =( NAMED_UNIT ( * ) PLANE_ANGLE_UNIT ( ) SI_UNIT ( $, .RADIAN. ) );
#1995 = ORIENTED_EDGE ( 'NONE', *, *, #1189, .F. ) ;
#1996 = CARTESIAN_POINT ( 'NONE',  ( -0.6227949370769225723, 2.825000000000001066, -0.3994534110037840646 ) ) ;
#1997 = LINE ( 'NONE', #4585, #2931 ) ;
#1998 = DIRECTION ( 'NONE',  ( -0.000000000000000000, 0.000000000000000000, -1.000000000000000000 ) ) ;
#1999 = CARTESIAN_POINT ( 'NONE',  ( 1.033228202738523782, 2.824999999999996181, -0.1473843982179181278 ) ) ;
#2000 = CARTESIAN_POINT ( 'NONE',  ( -0.5628069298937066200, 2.775000000000000355, -0.8152931048998596220 ) ) ;
#2001 = LINE ( 'NONE', #867, #3599 ) ;
#2002 = ORIENTED_EDGE ( 'NONE', *, *, #2092, .T. ) ;
#2003 = CARTESIAN_POINT ( 'NONE',  ( -0.05341429588289518804, 2.825000000000000178, -0.9148232825177052829 ) ) ;
#2004 = DIRECTION ( 'NONE',  ( -9.403954806578297874E-32, -1.000000000000000000, 1.355252715606880543E-16 ) ) ;
#2005 = ORIENTED_EDGE ( 'NONE', *, *, #4782, .F. ) ;
#2006 =( NAMED_UNIT ( * ) PLANE_ANGLE_UNIT ( ) SI_UNIT ( $, .RADIAN. ) );
#2007 = ORIENTED_EDGE ( 'NONE', *, *, #1376, .T. ) ;
#2008 = DIRECTION ( 'NONE',  ( -0.000000000000000000, -1.000000000000000000, 0.000000000000000000 ) ) ;
#2009 = FILL_AREA_STYLE_COLOUR ( '', #427 ) ;
#2010 = DIRECTION ( 'NONE',  ( -0.000000000000000000, -0.000000000000000000, -1.000000000000000000 ) ) ;
#2011 = CARTESIAN_POINT ( 'NONE',  ( -1.600000000000000311, 0.000000000000000000, 1.599999999999999867 ) ) ;
#2012 = VECTOR ( 'NONE', #727, 1000.000000000000000 ) ;
#2013 =( LENGTH_UNIT ( ) NAMED_UNIT ( * ) SI_UNIT ( .MILLI., .METRE. ) );
#2014 = ORIENTED_EDGE ( 'NONE', *, *, #2393, .T. ) ;
#2015 = VECTOR ( 'NONE', #187, 1000.000000000000000 ) ;
#2016 = CARTESIAN_POINT ( 'NONE',  ( -0.5964733112334745790, 2.825000000000001066, -0.4284449268011605305 ) ) ;
#2017 = EDGE_CURVE ( 'NONE', #4084, #3262, #2884, .T. ) ;
#2018 = EDGE_CURVE ( 'NONE', #3329, #2197, #4266, .T. ) ;
#2019 =( NAMED_UNIT ( * ) PLANE_ANGLE_UNIT ( ) SI_UNIT ( $, .RADIAN. ) );
#2020 = SURFACE_SIDE_STYLE ('',( #3135 ) ) ;
#2021 = CARTESIAN_POINT ( 'NONE',  ( 0.8929186592610665052, 2.774999999999999911, -0.005909177136580415213 ) ) ;
#2022 = VECTOR ( 'NONE', #3146, 1000.000000000000000 ) ;
#2023 = CARTESIAN_POINT ( 'NONE',  ( -0.5159583855187366286, 2.825000000000001066, -0.5285439729531481445 ) ) ;
#2024 =( NAMED_UNIT ( * ) SI_UNIT ( $, .STERADIAN. ) SOLID_ANGLE_UNIT ( ) );
#2025 = EDGE_LOOP ( 'NONE', ( #256, #4411, #4236, #1511 ) ) ;
#2026 = VECTOR ( 'NONE', #3992, 1000.000000000000000 ) ;
#2027 = VECTOR ( 'NONE', #2531, 1000.000000000000000 ) ;
#2028 = CARTESIAN_POINT ( 'NONE',  ( -0.1959768810144013329, 2.774999999999999911, -0.7895888403497006713 ) ) ;
#2029 = CARTESIAN_POINT ( 'NONE',  ( 0.7604166666666676289, 2.774999999999999911, -0.9230769230769216849 ) ) ;
#2030 = CARTESIAN_POINT ( 'NONE',  ( 0.9329257007799015566, 2.824999999999999289, -0.9697097385799295921 ) ) ;
#2031 = EDGE_LOOP ( 'NONE', ( #2002, #131, #2331, #394 ) ) ;
#2032 = EDGE_CURVE ( 'NONE', #4108, #1662, #4289, .T. ) ;
#2033 = CARTESIAN_POINT ( 'NONE',  ( 0.7494142150669487190, 2.825000000000000178, -0.07747408274399827932 ) ) ;
#2034 = CARTESIAN_POINT ( 'NONE',  ( -0.7554086538461532996, 2.774999999999999911, -0.9230769230769215739 ) ) ;
#2035 = CARTESIAN_POINT ( 'NONE',  ( -1.875000000000000888, 0.02500000000000020262, 1.500000000000000000 ) ) ;
#2036 = EDGE_LOOP ( 'NONE', ( #3113, #3098, #2809, #474 ) ) ;
#2037 = CARTESIAN_POINT ( 'NONE',  ( 0.7574118589743599195, 2.825000000000000622, -1.025641025641024218 ) ) ;
#2038 = FACE_OUTER_BOUND ( 'NONE', #2337, .T. ) ;
#2039 = CARTESIAN_POINT ( 'NONE',  ( -0.6910229807229154586, 2.825000000000000622, -0.9150196830524812697 ) ) ;
#2040 = CARTESIAN_POINT ( 'NONE',  ( 0.01382211538461514296, 2.825000000000000178, -0.9230769230769216849 ) ) ;
#2041 = DIRECTION ( 'NONE',  ( -1.000000000000000000, 1.204669080539449837E-16, -0.000000000000000000 ) ) ;
#2042 =( LENGTH_UNIT ( ) NAMED_UNIT ( * ) SI_UNIT ( .MILLI., .METRE. ) );
#2043 = CARTESIAN_POINT ( 'NONE',  ( -3.375000000000000888, -0.1749999999999998224, 1.500000000000000000 ) ) ;
#2044 = CARTESIAN_POINT ( 'NONE',  ( 1.012355805109520501, 2.774999999999999467, -0.5355316392281752602 ) ) ;
#2045 = CARTESIAN_POINT ( 'NONE',  ( 0.4891595602032277612, 2.775000000000000355, -0.1426214566728900568 ) ) ;
#2046 = EDGE_CURVE ( 'NONE', #4157, #893, #943, .T. ) ;
#2047 = CARTESIAN_POINT ( 'NONE',  ( 1.085387114082941862, 2.824999999999997957, -0.2946821704858552105 ) ) ;
#2048 = CARTESIAN_POINT ( 'NONE',  ( -0.5727548347504189952, 2.825000000000001510, -0.4560148599948500303 ) ) ;
#2049 = DIRECTION ( 'NONE',  ( -8.673617379884035472E-16, 1.000000000000000000, -0.000000000000000000 ) ) ;
#2050 = ORIENTED_EDGE ( 'NONE', *, *, #1822, .T. ) ;
#2051 = AXIS2_PLACEMENT_3D ( 'NONE', #173, #2793, #582 ) ;
#2052 = EDGE_CURVE ( 'NONE', #1201, #1884, #3242, .T. ) ;
#2053 = CARTESIAN_POINT ( 'NONE',  ( 0.09799220833881168435, 2.824999999999999734, -0.9083981455678123984 ) ) ;
#2054 = CARTESIAN_POINT ( 'NONE',  ( -0.1959768810144013329, 2.825000000000000178, -0.7895888403497006713 ) ) ;
#2055 = FACE_OUTER_BOUND ( 'NONE', #2036, .T. ) ;
#2056 = AXIS2_PLACEMENT_3D ( 'NONE', #2823, #2450, #834 ) ;
#2057 = DIRECTION ( 'NONE',  ( -0.000000000000000000, 1.000000000000000000, -0.000000000000000000 ) ) ;
#2058 = ORIENTED_EDGE ( 'NONE', *, *, #2566, .T. ) ;
#2059 =( GEOMETRIC_REPRESENTATION_CONTEXT ( 3 ) GLOBAL_UNCERTAINTY_ASSIGNED_CONTEXT ( ( #2671 ) ) GLOBAL_UNIT_ASSIGNED_CONTEXT ( ( #2042, #3543, #4002 ) ) REPRESENTATION_CONTEXT ( 'NONE', 'WORKASPACE' ) );
#2060 = CARTESIAN_POINT ( 'NONE',  ( -0.7508012820512814933, 2.774999999999999911, -1.025641025641024218 ) ) ;
#2061 = LINE ( 'NONE', #2035, #4742 ) ;
#2062 = ORIENTED_EDGE ( 'NONE', *, *, #817, .F. ) ;
#2063 = CARTESIAN_POINT ( 'NONE',  ( 0.4231706425504854208, 2.825000000000000178, -0.5156271840412858243 ) ) ;
#2064 = CARTESIAN_POINT ( 'NONE',  ( -0.9871794871794865589, 2.774999999999999911, -0.6923076923076907363 ) ) ;
#2065 = CARTESIAN_POINT ( 'NONE',  ( 0.06924555636002571735, 2.774999999999999911, -0.4426514632451225006 ) ) ;
#2066 = VECTOR ( 'NONE', #2832, 1000.000000000000000 ) ;
#2067 = PLANE ( 'NONE',  #2735 ) ;
#2068 = LINE ( 'NONE', #2469, #1439 ) ;
#2069 = CYLINDRICAL_SURFACE ( 'NONE', #3616, 0.09999999999999982514 ) ;
#2070 = CARTESIAN_POINT ( 'NONE',  ( 1.008145073054340868, 2.825000000000001066, -0.6026704796771124029 ) ) ;
#2071 = FILL_AREA_STYLE ('',( #1315 ) ) ;
#2072 = CARTESIAN_POINT ( 'NONE',  ( 0.8498625632391269002, 2.774999999999999467, 0.01173874744273438984 ) ) ;
#2073 = VERTEX_POINT ( 'NONE', #1379 ) ;
#2074 = EDGE_CURVE ( 'NONE', #85, #4160, #1217, .T. ) ;
#2075 = CARTESIAN_POINT ( 'NONE',  ( -0.7117043364721702403, 2.774999999999999467, -0.9196078486019396703 ) ) ;
#2076 = LINE ( 'NONE', #4637, #3155 ) ;
#2077 = CARTESIAN_POINT ( 'NONE',  ( 0.2372390293831106722, 2.824999999999999734, -0.9373720143971766561 ) ) ;
#2078 = CARTESIAN_POINT ( 'NONE',  ( -0.5737993241558771995, 2.824999999999999734, -0.8320466706723169681 ) ) ;
#2079 = CARTESIAN_POINT ( 'NONE',  ( -0.4358974358974352925, 2.774999999999999911, 1.596070698149334083E-15 ) ) ;
#2080 = B_SPLINE_CURVE_WITH_KNOTS ( 'NONE', 3,
 ( #3555, #1367, #1322, #1731, #598, #275, #299, #980, #617, #2077, #2896, #1025, #4392, #2874, #2098, #1781, #208, #1001, #4323 ),
 .UNSPECIFIED., .F., .F.,
 ( 4, 1, 1, 1, 1, 1, 1, 1, 1, 1, 1, 1, 1, 1, 1, 1, 4 ),
 ( 0.000000000000000000, 0.06947546024967035661, 0.1365167976177989462, 0.2007888236092608691, 0.2638296728558259807, 0.3257350229654198404, 0.3872906922152911657, 0.4495092187626025249, 0.5129678195454412393, 0.5762752154930611548, 0.6375801002639243098, 0.6979026059171019591, 0.7571720884269852458, 0.8165985284886554396, 0.8766531708928196887, 0.9372896424102401536, 1.000000000000000000 ),
 .UNSPECIFIED. ) ;
#2081 = EDGE_CURVE ( 'NONE', #1384, #2149, #2513, .T. ) ;
#2082 = ORIENTED_EDGE ( 'NONE', *, *, #4261, .T. ) ;
#2083 = FACE_OUTER_BOUND ( 'NONE', #9, .T. ) ;
#2084 = ORIENTED_EDGE ( 'NONE', *, *, #93, .F. ) ;
#2085 = CARTESIAN_POINT ( 'NONE',  ( 0.5844210811452387189, 2.774999999999999911, -0.9699535255631022146 ) ) ;
#2086 = CARTESIAN_POINT ( 'NONE',  ( 2.875000000000000888, 1.525000000000001021, 1.500000000000000000 ) ) ;
#2087 = DIRECTION ( 'NONE',  ( 0.000000000000000000, 0.000000000000000000, 1.000000000000000000 ) ) ;
#2088 = DIRECTION ( 'NONE',  ( 1.000000000000000000, 0.000000000000000000, 0.000000000000000000 ) ) ;
#2089 = CARTESIAN_POINT ( 'NONE',  ( -3.299999999999998934, 2.825000000000000178, 3.100000000000002309 ) ) ;
#2090 = COLOUR_RGB ( '',0.1098039215686274495, 0.1098039215686274495, 0.1098039215686274495 ) ;
#2091 = FACE_OUTER_BOUND ( 'NONE', #318, .T. ) ;
#2092 = EDGE_CURVE ( 'NONE', #3310, #3768, #220, .T. ) ;
#2093 = CARTESIAN_POINT ( 'NONE',  ( -3.099999999999999201, 2.725000000000000533, 3.200000000000001510 ) ) ;
#2094 = CARTESIAN_POINT ( 'NONE',  ( 0.4335287518695518094, 2.774999999999999467, -0.3256779226004349326 ) ) ;
#2095 = ORIENTED_EDGE ( 'NONE', *, *, #2596, .F. ) ;
#2096 = CARTESIAN_POINT ( 'NONE',  ( -0.5384615384615378808, 2.774999999999999911, -0.7203525641025625426 ) ) ;
#2097 = CARTESIAN_POINT ( 'NONE',  ( -2.875000000000000888, 1.525000000000000355, -1.500000000000000000 ) ) ;
#2098 = CARTESIAN_POINT ( 'NONE',  ( 0.3090868341471582625, 2.825000000000000622, -0.8141094990281101396 ) ) ;
#2099 = CARTESIAN_POINT ( 'NONE',  ( -0.09351757838736494965, 2.775000000000000799, -0.8997846473150364899 ) ) ;
#2100 = CARTESIAN_POINT ( 'NONE',  ( 0.4817962448998260316, 2.775000000000000355, -0.1575471108123385200 ) ) ;
#2101 = ORIENTED_EDGE ( 'NONE', *, *, #1005, .T. ) ;
#2102 = DIRECTION ( 'NONE',  ( 0.000000000000000000, 1.000000000000000000, -0.000000000000000000 ) ) ;
#2103 = ORIENTED_EDGE ( 'NONE', *, *, #1870, .T. ) ;
#2104 = CARTESIAN_POINT ( 'NONE',  ( 0.4389638700728081822, 2.825000000000001066, -0.7114042542885943288 ) ) ;
#2105 = EDGE_CURVE ( 'NONE', #4638, #2401, #4677, .T. ) ;
#2106 = DIRECTION ( 'NONE',  ( 1.000000000000000000, 7.228014483236690639E-16, -0.000000000000000000 ) ) ;
#2107 = CARTESIAN_POINT ( 'NONE',  ( 0.9394692835919435936, 2.775000000000000355, -0.8232075637777256372 ) ) ;
#2108 = LINE ( 'NONE', #4691, #621 ) ;
#2109 = CARTESIAN_POINT ( 'NONE',  ( 0.1464358321538457852, 2.774999999999999467, -0.3994534110037841201 ) ) ;
#2110 = VECTOR ( 'NONE', #741, 1000.000000000000000 ) ;
#2111 = CARTESIAN_POINT ( 'NONE',  ( 0.7574118589743599195, 2.825000000000000178, -1.025641025641024218 ) ) ;
#2112 = PLANE ( 'NONE',  #4352 ) ;
#2113 = CARTESIAN_POINT ( 'NONE',  ( 0.7604166666666676289, 2.774999999999999911, -0.9230769230769216849 ) ) ;
#2114 = CARTESIAN_POINT ( 'NONE',  ( 0.5171205492075107157, 2.825000000000000622, -0.09815813799341226165 ) ) ;
#2115 = ORIENTED_EDGE ( 'NONE', *, *, #4295, .T. ) ;
#2116 = CARTESIAN_POINT ( 'NONE',  ( -0.6743330480681141159, 2.774999999999999467, -0.4702923089977001925 ) ) ;
#2117 = CARTESIAN_POINT ( 'NONE',  ( -1.599999999999999867, 0.1499999999999999944, -1.600000000000000089 ) ) ;
#2118 = PLANE ( 'NONE',  #3313 ) ;
#2119 = DIRECTION ( 'NONE',  ( -1.000000000000000000, -0.000000000000000000, -0.000000000000000000 ) ) ;
#2120 = SURFACE_SIDE_STYLE ('',( #2189 ) ) ;
#2121 = ORIENTED_EDGE ( 'NONE', *, *, #3818, .F. ) ;
#2122 = EDGE_LOOP ( 'NONE', ( #1126, #2452, #3790, #624 ) ) ;
#2123 = VECTOR ( 'NONE', #4008, 1000.000000000000000 ) ;
#2124 = CARTESIAN_POINT ( 'NONE',  ( -0.8765275849223305160, 2.825000000000001066, -1.002813578924636850 ) ) ;
#2125 = ORIENTED_EDGE ( 'NONE', *, *, #4570, .F. ) ;
#2126 = VECTOR ( 'NONE', #3558, 1000.000000000000000 ) ;
#2127 = CARTESIAN_POINT ( 'NONE',  ( 0.5478939712765036330, 2.775000000000000355, -0.9388800818919919022 ) ) ;
#2128 = EDGE_CURVE ( 'NONE', #85, #1285, #3797, .T. ) ;
#2129 = CARTESIAN_POINT ( 'NONE',  ( 0.9143969315168467560, 2.774999999999999911, -0.8545410316257859851 ) ) ;
#2130 = AXIS2_PLACEMENT_3D ( 'NONE', #3184, #4657, #591 ) ;
#2131 = CARTESIAN_POINT ( 'NONE',  ( -0.1294967021865766066, 2.774999999999999911, -0.8767917222203753802 ) ) ;
#2132 = DIRECTION ( 'NONE',  ( 1.000000000000000000, 0.000000000000000000, 0.000000000000000000 ) ) ;
#2133 = CARTESIAN_POINT ( 'NONE',  ( 0.8046126327235845199, 2.824999999999997069, 0.02227426384466096865 ) ) ;
#2134 = CARTESIAN_POINT ( 'NONE',  ( 3.100000000000000533, 2.725000000000000533, 3.100000000000001421 ) ) ;
#2135 = CLOSED_SHELL ( 'NONE', ( #258, #1158, #2220, #3637, #4107, #2530, #597, #1356, #725, #2843, #4023, #1453, #3948, #4272 ) ) ;
#2136 = CARTESIAN_POINT ( 'NONE',  ( -1.875000000000000888, 0.02500000000000020262, -1.500000000000000000 ) ) ;
#2137 = EDGE_CURVE ( 'NONE', #2483, #3462, #4692, .T. ) ;
#2138 = CARTESIAN_POINT ( 'NONE',  ( 0.7574118589743599195, 2.774999999999999911, -1.025641025641024218 ) ) ;
#2139 = CARTESIAN_POINT ( 'NONE',  ( 0.9795521775968828448, 2.825000000000001066, -0.7415029617217052671 ) ) ;
#2140 = CARTESIAN_POINT ( 'NONE',  ( 0.5666513263584064264, 2.825000000000000178, -0.04391081711009106603 ) ) ;
#2141 = ORIENTED_EDGE ( 'NONE', *, *, #2355, .F. ) ;
#2142 = CARTESIAN_POINT ( 'NONE',  ( -0.5397089649381675569, 2.774999999999999467, -0.6879296472581007960 ) ) ;
#2143 = COLOUR_RGB ( '',0.1098039215686274495, 0.1098039215686274495, 0.1098039215686274495 ) ;
#2144 = CARTESIAN_POINT ( 'NONE',  ( 3.225000000000001421, 0.02500000000000028241, 1.500000000000000000 ) ) ;
#2145 = DIRECTION ( 'NONE',  ( -0.000000000000000000, -0.000000000000000000, -1.000000000000000000 ) ) ;
#2146 = CARTESIAN_POINT ( 'NONE',  ( -2.875000000000000888, 1.525000000000000355, 1.500000000000000000 ) ) ;
#2147 = ORIENTED_EDGE ( 'NONE', *, *, #4717, .F. ) ;
#2148 = DIRECTION ( 'NONE',  ( 0.000000000000000000, -0.000000000000000000, -1.000000000000000000 ) ) ;
#2149 = VERTEX_POINT ( 'NONE', #4120 ) ;
#2150 = CARTESIAN_POINT ( 'NONE',  ( -1.002306367443236423, 2.774999999999999911, -0.9081334160426974833 ) ) ;
#2151 = CARTESIAN_POINT ( 'NONE',  ( -0.9871794871794865589, 2.825000000000000178, -0.6923076923076907363 ) ) ;
#2152 = ORIENTED_EDGE ( 'NONE', *, *, #4287, .F. ) ;
#2153 = DIRECTION ( 'NONE',  ( 1.000000000000000000, 0.000000000000000000, 0.000000000000000000 ) ) ;
#2154 = CARTESIAN_POINT ( 'NONE',  ( 3.275000000000001243, 0.07500000000000019151, 1.500000000000000000 ) ) ;
#2155 = EDGE_CURVE ( 'NONE', #2334, #3462, #1756, .T. ) ;
#2156 = CARTESIAN_POINT ( 'NONE',  ( 0.9528566718299222860, 2.774999999999999467, -0.04589497213267649395 ) ) ;
#2157 = CARTESIAN_POINT ( 'NONE',  ( -0.9652076502451697460, 2.824999999999999734, -0.7895888403497008934 ) ) ;
#2158 = CARTESIAN_POINT ( 'NONE',  ( 2.875000000000000888, 1.525000000000001021, -1.500000000000000000 ) ) ;
#2159 = DIRECTION ( 'NONE',  ( -0.000000000000000000, -0.000000000000000000, -1.000000000000000000 ) ) ;
#2160 = CARTESIAN_POINT ( 'NONE',  ( 0.9521298765930668040, 2.774999999999999911, -0.9548576596665691030 ) ) ;
#2161 = CARTESIAN_POINT ( 'NONE',  ( -3.275000000000000355, 0.07499999999999933109, 1.500000000000000000 ) ) ;
#2162 = VERTEX_POINT ( 'NONE', #311 ) ;
#2163 = EDGE_CURVE ( 'NONE', #605, #595, #3650, .T. ) ;
#2164 = CARTESIAN_POINT ( 'NONE',  ( -0.6508413461538457012, 2.825000000000000622, -0.3693910256410241622 ) ) ;
#2165 = CARTESIAN_POINT ( 'NONE',  ( 2.875000000000000888, 1.325000000000000844, 1.500000000000000000 ) ) ;
#2166 = VECTOR ( 'NONE', #2537, 1000.000000000000000 ) ;
#2167 = DIRECTION ( 'NONE',  ( -1.000000000000000000, 0.000000000000000000, 0.000000000000000000 ) ) ;
#2168 = CARTESIAN_POINT ( 'NONE',  ( 3.100000000000000533, 2.725000000000000533, 3.200000000000000622 ) ) ;
#2169 = VERTEX_POINT ( 'NONE', #4424 ) ;
#2170 = CARTESIAN_POINT ( 'NONE',  ( 1.102564102564103532, 2.825000000000000178, -0.4995993589743574770 ) ) ;
#2171 = ORIENTED_EDGE ( 'NONE', *, *, #946, .F. ) ;
#2172 = PLANE ( 'NONE',  #319 ) ;
#2173 = CARTESIAN_POINT ( 'NONE',  ( 0.5701512349436944627, 2.774999999999999911, -0.1915620476248589832 ) ) ;
#2174 = ORIENTED_EDGE ( 'NONE', *, *, #4225, .F. ) ;
#2175 = EDGE_CURVE ( 'NONE', #3331, #3336, #4737, .T. ) ;
#2176 = CARTESIAN_POINT ( 'NONE',  ( 0.2736991249204051013, 2.824999999999999734, -0.8911747892307443353 ) ) ;
#2177 =( LENGTH_UNIT ( ) NAMED_UNIT ( * ) SI_UNIT ( .MILLI., .METRE. ) );
#2178 = CARTESIAN_POINT ( 'NONE',  ( -0.9010416666666660745, 2.825000000000000178, -0.1025641025641009785 ) ) ;
#2179 = CARTESIAN_POINT ( 'NONE',  ( -0.9871794871794865589, 2.825000000000000178, -0.6923076923076907363 ) ) ;
#2180 = CARTESIAN_POINT ( 'NONE',  ( 0.3333333333333330928, 2.774999999999999911, 1.543945593702915236E-15 ) ) ;
#2181 = CYLINDRICAL_SURFACE ( 'NONE', #3124, 0.1000000000000002554 ) ;
#2182 = PRESENTATION_STYLE_ASSIGNMENT (( #2844 ) ) ;
#2183 = LINE ( 'NONE', #2161, #2777 ) ;
#2184 = ORIENTED_EDGE ( 'NONE', *, *, #1119, .T. ) ;
#2185 = CARTESIAN_POINT ( 'NONE',  ( 0.8713617645491592567, 2.775000000000000355, -1.004106841940005213 ) ) ;
#2186 = DIRECTION ( 'NONE',  ( 0.000000000000000000, 0.000000000000000000, -1.000000000000000000 ) ) ;
#2187 = ADVANCED_FACE ( 'NONE', ( #1036 ), #1426, .F. ) ;
#2188 = CARTESIAN_POINT ( 'NONE',  ( -2.300000000000002043, 1.636074467135545163, 1.600000000000001643 ) ) ;
#2189 = SURFACE_STYLE_FILL_AREA ( #300 ) ;
#2190 = ORIENTED_EDGE ( 'NONE', *, *, #547, .T. ) ;
#2191 = DIRECTION ( 'NONE',  ( -0.000000000000000000, -0.000000000000000000, 1.000000000000000000 ) ) ;
#2192 = B_SPLINE_SURFACE_WITH_KNOTS ( 'NONE', 3, 1, ( 
 ( #3440, #1477 ),
 ( #2984, #749 ),
 ( #2233, #3726 ),
 ( #385, #2813 ),
 ( #2927, #4400 ),
 ( #4062, #2634 ),
 ( #1080, #3003 ),
 ( #4470, #1808 ),
 ( #3264, #4375 ),
 ( #305, #719 ),
 ( #669, #1786 ),
 ( #3646, #3691 ),
 ( #3309, #2196 ),
 ( #354, #1834 ),
 ( #330, #3359 ),
 ( #692, #1496 ),
 ( #4779, #3334 ),
 ( #1131, #3669 ),
 ( #3287, #4802 ) ),
 .UNSPECIFIED., .F., .F., .F.,
 ( 4, 1, 1, 1, 1, 1, 1, 1, 1, 1, 1, 1, 1, 1, 1, 1, 4 ),
 ( 2, 2 ),
 ( 0.000000000000000000, 0.06947546024967046763, 0.1365167976177988352, 0.2007888236092608691, 0.2638296728558259807, 0.3257350229654198404, 0.3872906922152912768, 0.4495092187626026359, 0.5129678195454413503, 0.5762752154930612658, 0.6375801002639245318, 0.6979026059171020702, 0.7571720884269853569, 0.8165985284886555506, 0.8766531708928197997, 0.9372896424102402646, 1.000000000000000000 ),
 ( 0.000000000000000000, 1.000000000000000000 ),
 .UNSPECIFIED. ) ;
#2193 = ORIENTED_EDGE ( 'NONE', *, *, #1416, .T. ) ;
#2194 = ADVANCED_FACE ( 'NONE', ( #2540 ), #4452, .F. ) ;
#2195 = CARTESIAN_POINT ( 'NONE',  ( -0.1621380803349047883, 2.824999999999998401, -0.9732710323001175778 ) ) ;
#2196 = CARTESIAN_POINT ( 'NONE',  ( -0.4810707404608419724, 2.825000000000001066, -0.8665378504550249605 ) ) ;
#2197 = VERTEX_POINT ( 'NONE', #2641 ) ;
#2198 = CYLINDRICAL_SURFACE ( 'NONE', #1128, 0.1999999999999996503 ) ;
#2199 = CARTESIAN_POINT ( 'NONE',  ( 0.3196312974950044072, 2.774999999999999467, -0.7577174950857638036 ) ) ;
#2200 = CARTESIAN_POINT ( 'NONE',  ( -0.6508413461538455902, 2.774999999999999911, -0.3693910256410241066 ) ) ;
#2201 = CARTESIAN_POINT ( 'NONE',  ( -0.5769881953914187678, 2.825000000000001954, -0.9760787700601936123 ) ) ;
#2202 = CARTESIAN_POINT ( 'NONE',  ( 0.5930766007118475347, 2.775000000000000355, -0.8410404509024651531 ) ) ;
#2203 = CARTESIAN_POINT ( 'NONE',  ( 0.7604166666666676289, 2.774999999999999911, -0.07692307692307542855 ) ) ;
#2204 = LINE ( 'NONE', #2263, #2774 ) ;
#2205 = CARTESIAN_POINT ( 'NONE',  ( -0.5384615384615378808, 2.774999999999999911, -0.7203525641025625426 ) ) ;
#2206 = UNCERTAINTY_MEASURE_WITH_UNIT (LENGTH_MEASURE( 1.000000000000000082E-05 ), #2845, 'distance_accuracy_value', 'NONE');
#2207 = STYLED_ITEM ( 'NONE', ( #3709 ), #1748 ) ;
#2208 = COLOUR_RGB ( '',0.7921568627450980005, 0.8196078431372548767, 0.9333333333333333481 ) ;
#2209 = CARTESIAN_POINT ( 'NONE',  ( 2.875000000000000888, 1.525000000000001021, 1.500000000000000000 ) ) ;
#2210 = CARTESIAN_POINT ( 'NONE',  ( -0.2684824204679857607, 2.825000000000001066, -0.8544216433553009082 ) ) ;
#2211 = VECTOR ( 'NONE', #3154, 1000.000000000000000 ) ;
#2212 = ORIENTED_EDGE ( 'NONE', *, *, #4497, .T. ) ;
#2213 = CARTESIAN_POINT ( 'NONE',  ( 0.9131170472027875240, 2.775000000000000799, -0.9830308463818231424 ) ) ;
#2214 = AXIS2_PLACEMENT_3D ( 'NONE', #3234, #2004, #1324 ) ;
#2215 = B_SPLINE_CURVE_WITH_KNOTS ( 'NONE', 3,
 ( #2871, #4342, #3989, #1848, #1094, #1485, #2185, #369, #2213, #1513, #4770, #2650, #3019, #4104, #321, #395, #782, #3298, #2571, #3277, #2622, #4412, #1462, #343, #731, #1148, #1437 ),
 .UNSPECIFIED., .F., .F.,
 ( 4, 1, 1, 1, 1, 1, 1, 1, 1, 1, 1, 1, 1, 1, 1, 1, 1, 1, 1, 1, 1, 1, 1, 1, 4 ),
 ( 0.000000000000000000, 0.03378811616271037294, 0.06719393237388003592, 0.09986241085682528995, 0.1325666121262582264, 0.1651511732547863709, 0.1979131873557920251, 0.2313190035669616396, 0.2650832782673732679, 0.2992553087581148463, 0.3343985665049786227, 0.3699428235093077943, 0.4062835607000609972, 0.4440638196985082220, 0.4829977068727756007, 0.5233544466133044359, 0.5655365896041489870, 0.6096129240658193504, 0.6563908113764169716, 0.7058854949364571363, 0.7583245002617310382, 0.8138317829411501059, 0.8727945590393898501, 0.9347222295400741121, 1.000000000000000000 ),
 .UNSPECIFIED. ) ;
#2216 = CARTESIAN_POINT ( 'NONE',  ( 1.011180380052054684, 2.825000000000001066, -0.5699654051316406234 ) ) ;
#2217 = DIRECTION ( 'NONE',  ( -0.000000000000000000, 1.000000000000000000, -0.000000000000000000 ) ) ;
#2218 = CARTESIAN_POINT ( 'NONE',  ( -3.149999999999999911, 0.1499999999999999944, -1.600000000000000089 ) ) ;
#2219 = AXIS2_PLACEMENT_3D ( 'NONE', #4228, #1273, #1256 ) ;
#2220 = ADVANCED_FACE ( 'NONE', ( #1768 ), #2259, .T. ) ;
#2221 = CARTESIAN_POINT ( 'NONE',  ( 0.4759834483714149300, 2.825000000000000178, -0.8319511443593208266 ) ) ;
#2222 = ORIENTED_EDGE ( 'NONE', *, *, #2792, .F. ) ;
#2223 = CARTESIAN_POINT ( 'NONE',  ( 0.4230769230769240163, 2.825000000000000178, -0.4995993589743574770 ) ) ;
#2224 = DIRECTION ( 'NONE',  ( 1.000000000000000000, -2.891205793294678326E-16, 0.000000000000000000 ) ) ;
#2225 = ORIENTED_EDGE ( 'NONE', *, *, #957, .T. ) ;
#2226 = CARTESIAN_POINT ( 'NONE',  ( -0.2819984998307762392, 2.774999999999999911, -0.8250962698609222157 ) ) ;
#2227 = CARTESIAN_POINT ( 'NONE',  ( 0.7494142150669487190, 2.774999999999999911, -0.07747408274399827932 ) ) ;
#2228 = ORIENTED_EDGE ( 'NONE', *, *, #2930, .T. ) ;
#2229 = DIRECTION ( 'NONE',  ( 0.000000000000000000, 0.000000000000000000, -1.000000000000000000 ) ) ;
#2230 = ADVANCED_FACE ( 'NONE', ( #1237 ), #3752, .F. ) ;
#2231 = EDGE_LOOP ( 'NONE', ( #3362, #2095, #1272, #2007 ) ) ;
#2232 = CARTESIAN_POINT ( 'NONE',  ( 0.1123234665109219127, 2.774999999999999467, -1.013763736449899699 ) ) ;
#2233 = CARTESIAN_POINT ( 'NONE',  ( -0.7182899624102090375, 2.774999999999999911, -1.024879913850619717 ) ) ;
#2234 = FILL_AREA_STYLE_COLOUR ( '', #2143 ) ;
#2235 = CARTESIAN_POINT ( 'NONE',  ( 0.6382459298838599748, 2.824999999999998401, -0.8831464565782503051 ) ) ;
#2236 = CARTESIAN_POINT ( 'NONE',  ( 0.05752643275859807559, 2.774999999999999911, -0.9196078486019402254 ) ) ;
#2237 = DIRECTION ( 'NONE',  ( 0.000000000000000000, -1.355252715606880543E-16, -1.000000000000000000 ) ) ;
#2238 = CARTESIAN_POINT ( 'NONE',  ( -0.5466274930663451714, 2.825000000000000622, -0.6560075750649613235 ) ) ;
#2239 = VERTEX_POINT ( 'NONE', #1985 ) ;
#2240 = CARTESIAN_POINT ( 'NONE',  ( -3.149999999999999911, 2.825000000000000178, -1.599999999999999201 ) ) ;
#2241 = ADVANCED_FACE ( 'NONE', ( #410 ), #45, .F. ) ;
#2242 = DIRECTION ( 'NONE',  ( -0.000000000000000000, 1.000000000000000000, -0.000000000000000000 ) ) ;
#2243 = CARTESIAN_POINT ( 'NONE',  ( -0.4583996742150029391, 2.775000000000000355, -0.6461944431780063391 ) ) ;
#2244 = ORIENTED_EDGE ( 'NONE', *, *, #4717, .T. ) ;
#2245 = CARTESIAN_POINT ( 'NONE',  ( 0.8046126327235845199, 2.825000000000000178, 0.02227426384466096865 ) ) ;
#2246 = PLANE ( 'NONE',  #4222 ) ;
#2247 = ORIENTED_EDGE ( 'NONE', *, *, #2913, .T. ) ;
#2248 = VECTOR ( 'NONE', #754, 1000.000000000000000 ) ;
#2249 = CARTESIAN_POINT ( 'NONE',  ( -0.3076923076923079869, 2.774999999999999911, -0.6923076923076908473 ) ) ;
#2250 = CARTESIAN_POINT ( 'NONE',  ( 0.5245639267230247649, 2.774999999999999467, -0.3252297478939839559 ) ) ;
#2251 = ORIENTED_EDGE ( 'NONE', *, *, #3972, .F. ) ;
#2252 = CARTESIAN_POINT ( 'NONE',  ( 0.4465279269561069908, 2.774999999999999467, -0.2544684931091701352 ) ) ;
#2253 = CARTESIAN_POINT ( 'NONE',  ( 0.9873113191272260281, 2.825000000000001066, -0.9195112630745699844 ) ) ;
#2254 = ORIENTED_EDGE ( 'NONE', *, *, #1376, .F. ) ;
#2255 = CARTESIAN_POINT ( 'NONE',  ( 0.1672645611089649542, 2.825000000000000178, -0.9914494953910930608 ) ) ;
#2256 = ADVANCED_FACE ( 'NONE', ( #3465 ), #1627, .F. ) ;
#2257 = CARTESIAN_POINT ( 'NONE',  ( 1.046101115931490577, 2.775000000000001243, -0.1727178691692597134 ) ) ;
#2258 = CARTESIAN_POINT ( 'NONE',  ( 0.3190755814768209131, 2.825000000000000178, -0.6868242596087864582 ) ) ;
#2259 = CYLINDRICAL_SURFACE ( 'NONE', #4567, 0.09999999999999982514 ) ;
#2260 = DIRECTION ( 'NONE',  ( -2.891205793294678819E-16, -0.000000000000000000, 1.000000000000000000 ) ) ;
#2261 = LINE ( 'NONE', #2289, #3311 ) ;
#2262 = CARTESIAN_POINT ( 'NONE',  ( -0.8226450651136633097, 2.824999999999999734, -0.9148232825177048388 ) ) ;
#2263 = CARTESIAN_POINT ( 'NONE',  ( 2.299999999999999378, 1.636074467135544719, -1.599999999999998535 ) ) ;
#2264 = CARTESIAN_POINT ( 'NONE',  ( -0.7508012820512814933, 2.774999999999999911, -1.025641025641024218 ) ) ;
#2265 = UNCERTAINTY_MEASURE_WITH_UNIT (LENGTH_MEASURE( 1.000000000000000082E-05 ), #3044, 'distance_accuracy_value', 'NONE');
#2266 = AXIS2_PLACEMENT_3D ( 'NONE', #3603, #3767, #4353 ) ;
#2267 = AXIS2_PLACEMENT_3D ( 'NONE', #1326, #984, #2463 ) ;
#2268 = CARTESIAN_POINT ( 'NONE',  ( 0.9873113191272260281, 2.824999999999998401, -0.9195112630745699844 ) ) ;
#2269 = FACE_OUTER_BOUND ( 'NONE', #254, .T. ) ;
#2270 = CARTESIAN_POINT ( 'NONE',  ( -1.875000000000000888, 0.02500000000000020262, 1.500000000000000000 ) ) ;
#2271 = ORIENTED_EDGE ( 'NONE', *, *, #1584, .F. ) ;
#2272 = DIRECTION ( 'NONE',  ( -0.000000000000000000, -0.000000000000000000, -1.000000000000000000 ) ) ;
#2273 = CARTESIAN_POINT ( 'NONE',  ( -3.100000000000000089, 0.000000000000000000, -3.099999999999998757 ) ) ;
#2274 = CARTESIAN_POINT ( 'NONE',  ( 0.9379974258784250507, 2.825000000000000178, -0.1734384960248693541 ) ) ;
#2275 = CARTESIAN_POINT ( 'NONE',  ( 0.7574118589743599195, 2.774999999999999911, 0.02564102564102713547 ) ) ;
#2276 = EDGE_CURVE ( 'NONE', #790, #850, #1252, .T. ) ;
#2277 = ORIENTED_EDGE ( 'NONE', *, *, #1332, .T. ) ;
#2278 = UNCERTAINTY_MEASURE_WITH_UNIT (LENGTH_MEASURE( 1.000000000000000082E-05 ), #3589, 'distance_accuracy_value', 'NONE');
#2279 = CARTESIAN_POINT ( 'NONE',  ( -0.1876540630409157528, 2.824999999999997513, -0.9542266772126408725 ) ) ;
#2280 = CARTESIAN_POINT ( 'NONE',  ( 0.5814572578153761606, 2.775000000000000355, -0.8254970466595061840 ) ) ;
#2281 = VERTEX_POINT ( 'NONE', #3780 ) ;
#2282 = CARTESIAN_POINT ( 'NONE',  ( 0.7494142150669487190, 2.774999999999999911, -0.07747408274399827932 ) ) ;
#2283 = VERTEX_POINT ( 'NONE', #1212 ) ;
#2284 = B_SPLINE_CURVE_WITH_KNOTS ( 'NONE', 3,
 ( #4528, #855, #3832, #4191, #2740, #1585, #4214, #3416, #70, #1559, #3081, #4168, #1184, #2693, #828, #4552, #2341, #3061, #2316 ),
 .UNSPECIFIED., .F., .F.,
 ( 4, 1, 1, 1, 1, 1, 1, 1, 1, 1, 1, 1, 1, 1, 1, 1, 4 ),
 ( 0.000000000000000000, 0.06879079439061787371, 0.1351032894311276211, 0.1989786743106512490, 0.2619042997808561091, 0.3234949693679692317, 0.3851953779660512445, 0.4469692387407741552, 0.5097647767031319166, 0.5722505688473681351, 0.6334051756611527306, 0.6932511629217524840, 0.7525831627856698347, 0.8125792661534211314, 0.8732750849201915688, 0.9355499428950291296, 1.000000000000000000 ),
 .UNSPECIFIED. ) ;
#2285 = CARTESIAN_POINT ( 'NONE',  ( 0.1123234665109219127, 2.824999999999998845, -1.013763736449899699 ) ) ;
#2286 = CARTESIAN_POINT ( 'NONE',  ( 0.2670380396288051239, 2.824999999999999734, -0.5496627275973573479 ) ) ;
#2287 = DIRECTION ( 'NONE',  ( -1.000000000000000000, 0.000000000000000000, -1.355252715606880296E-16 ) ) ;
#2288 = CARTESIAN_POINT ( 'NONE',  ( 0.5204226192722772870, 2.774999999999999467, -0.6450875411017262806 ) ) ;
#2289 = CARTESIAN_POINT ( 'NONE',  ( -3.225000000000000533, 1.325000000000000178, 1.500000000000000000 ) ) ;
#2290 = CARTESIAN_POINT ( 'NONE',  ( 3.475000000000001865, -0.07499999999999890088, -1.500000000000000000 ) ) ;
#2291 = EDGE_CURVE ( 'NONE', #1591, #293, #3128, .T. ) ;
#2292 = CARTESIAN_POINT ( 'NONE',  ( 0.1179374321090558009, 2.825000000000000622, -0.4959350349268773495 ) ) ;
#2293 = CARTESIAN_POINT ( 'NONE',  ( 1.012820512820513663, 2.825000000000000178, -0.4999999999999985012 ) ) ;
#2294 = VECTOR ( 'NONE', #1703, 1000.000000000000000 ) ;
#2295 = ORIENTED_EDGE ( 'NONE', *, *, #2018, .T. ) ;
#2296 = COLOUR_RGB ( '',0.1098039215686274495, 0.1098039215686274495, 0.1098039215686274495 ) ;
#2297 = ADVANCED_FACE ( 'NONE', ( #2739 ), #67, .T. ) ;
#2298 = B_SPLINE_SURFACE_WITH_KNOTS ( 'NONE', 3, 1, ( 
 ( #4363, #1755 ),
 ( #320, #1048 ),
 ( #682, #3256 ),
 ( #2116, #296 ),
 ( #658, #4388 ),
 ( #1799, #998 ),
 ( #4032, #4721 ),
 ( #2497, #1385 ),
 ( #3988, #3614 ),
 ( #271, #2893 ),
 ( #2917, #1022 ),
 ( #1411, #2523 ),
 ( #2142, #3638 ),
 ( #3276, #1777 ),
 ( #4749, #4371 ) ),
 .UNSPECIFIED., .F., .F., .F.,
 ( 4, 1, 1, 1, 1, 1, 1, 1, 1, 1, 1, 1, 4 ),
 ( 2, 2 ),
 ( 0.000000000000000000, 0.1108026438013185316, 0.2128292023477700301, 0.3061013098231108454, 0.3906473211160101378, 0.4669244693608515240, 0.5344810392840302349, 0.5935869409656725493, 0.6445570045087176680, 0.7362004526293731699, 0.8250240256188642318, 0.9119855848297582224, 1.000000000000000000 ),
 ( 0.000000000000000000, 1.000000000000000000 ),
 .UNSPECIFIED. ) ;
#2299 = LINE ( 'NONE', #4509, #121 ) ;
#2300 = AXIS2_PLACEMENT_3D ( 'NONE', #1185, #2694, #4170 ) ;
#2301 = VECTOR ( 'NONE', #2400, 1000.000000000000000 ) ;
#2302 = CARTESIAN_POINT ( 'NONE',  ( 0.1385138300438621961, 2.824999999999996181, -0.5195311916253010365 ) ) ;
#2303 = B_SPLINE_CURVE_WITH_KNOTS ( 'NONE', 3,
 ( #3677, #336, #1815, #2962, #4426, #4071, #724, #1843, #4811, #1480, #2987, #4454, #1111, #2613, #4098, #2236, #3730, #3834, #100 ),
 .UNSPECIFIED., .F., .F.,
 ( 4, 1, 1, 1, 1, 1, 1, 1, 1, 1, 1, 1, 1, 1, 1, 1, 4 ),
 ( 0.000000000000000000, 0.06196540068706235527, 0.1221219056382955165, 0.1809884968498414737, 0.2399332164519025201, 0.2999058311065241345, 0.3599888474769871172, 0.4217757417416460042, 0.4865758264211264561, 0.5515348046197412479, 0.6150175427599797739, 0.6772586166616568759, 0.7397299623627132670, 0.8030501026629510708, 0.8664951320156980552, 0.9319734741771488196, 1.000000000000000000 ),
 .UNSPECIFIED. ) ;
#2304 = CARTESIAN_POINT ( 'NONE',  ( 0.5016974641273129754, 2.775000000000000355, -0.8795417539689036612 ) ) ;
#2305 = CARTESIAN_POINT ( 'NONE',  ( 0.05094080682055936171, 2.775000000000000355, -1.024879913850619495 ) ) ;
#2306 = CARTESIAN_POINT ( 'NONE',  ( -0.1742645245505639595, 2.825000000000000178, -0.8292151163326848540 ) ) ;
#2307 = ORIENTED_EDGE ( 'NONE', *, *, #1584, .T. ) ;
#2308 = CARTESIAN_POINT ( 'NONE',  ( -0.3005791658935405009, 2.774999999999998579, -0.7616892090910587498 ) ) ;
#2309 = CARTESIAN_POINT ( 'NONE',  ( -0.7619668478208254658, 2.825000000000000622, -1.025394612311206988 ) ) ;
#2310 = ORIENTED_EDGE ( 'NONE', *, *, #1613, .T. ) ;
#2311 = CARTESIAN_POINT ( 'NONE',  ( 0.5296230089566487109, 2.824999999999997069, -0.2975812670182314545 ) ) ;
#2312 = VECTOR ( 'NONE', #1689, 1000.000000000000000 ) ;
#2313 = VERTEX_POINT ( 'NONE', #1650 ) ;
#2314 = CARTESIAN_POINT ( 'NONE',  ( 1.012706572480658984, 2.775000000000000355, -0.4879787492114229797 ) ) ;
#2315 = DIRECTION ( 'NONE',  ( -1.000000000000000000, 0.000000000000000000, 1.398970545142586788E-16 ) ) ;
#2316 = CARTESIAN_POINT ( 'NONE',  ( -0.7508012820512814933, 2.774999999999999911, -1.025641025641024218 ) ) ;
#2317 = CARTESIAN_POINT ( 'NONE',  ( 0.5666513263584064264, 2.825000000000000178, -0.04391081711009106603 ) ) ;
#2318 = DIRECTION ( 'NONE',  ( 0.7296913851534245765, 0.000000000000000000, 0.6837766319733928899 ) ) ;
#2319 = LINE ( 'NONE', #2209, #307 ) ;
#2320 = CARTESIAN_POINT ( 'NONE',  ( 0.3200309219550162010, 2.825000000000000178, -0.7144368676959154119 ) ) ;
#2321 = ORIENTED_EDGE ( 'NONE', *, *, #1038, .T. ) ;
#2322 = B_SPLINE_CURVE_WITH_KNOTS ( 'NONE', 3,
 ( #3127, #2738, #3535, #1670, #213, #4234, #1262, #1302, #1694, #3145, #145, #480, #1960, #4212, #1283 ),
 .UNSPECIFIED., .F., .F.,
 ( 4, 1, 1, 1, 1, 1, 1, 1, 1, 1, 1, 1, 4 ),
 ( 0.000000000000000000, 0.1128134007444583226, 0.2253938839207295652, 0.3395948145627009640, 0.4596754102248635232, 0.5217351900879327875, 0.5839258387389163474, 0.6481741447653692756, 0.7138810381130664684, 0.7810044549073894560, 0.8514509275565553814, 0.9240506926641779417, 1.000000000000000000 ),
 .UNSPECIFIED. ) ;
#2323 = DIRECTION ( 'NONE',  ( -1.204669080539449837E-16, -1.000000000000000000, 0.000000000000000000 ) ) ;
#2324 = DIRECTION ( 'NONE',  ( 1.000000000000000000, 0.000000000000000000, 0.000000000000000000 ) ) ;
#2325 = CARTESIAN_POINT ( 'NONE',  ( 0.1844199238426257881, 2.824999999999997513, -0.5788399692513525041 ) ) ;
#2326 = EDGE_CURVE ( 'NONE', #2073, #2969, #4259, .T. ) ;
#2327 = CARTESIAN_POINT ( 'NONE',  ( 0.6665583437991784432, 2.774999999999999467, -1.011831386535916755 ) ) ;
#2328 = CARTESIAN_POINT ( 'NONE',  ( 0.02939465120444207519, 2.775000000000000355, -1.025384323799473307 ) ) ;
#2329 = DIRECTION ( 'NONE',  ( 1.000000000000000000, 0.000000000000000000, 0.000000000000000000 ) ) ;
#2330 =( NAMED_UNIT ( * ) PLANE_ANGLE_UNIT ( ) SI_UNIT ( $, .RADIAN. ) );
#2331 = ORIENTED_EDGE ( 'NONE', *, *, #1968, .T. ) ;
#2332 = SURFACE_SIDE_STYLE ('',( #2385 ) ) ;
#2333 = CARTESIAN_POINT ( 'NONE',  ( -2.875000000000000888, 1.525000000000000355, 1.500000000000000000 ) ) ;
#2334 = VERTEX_POINT ( 'NONE', #3536 ) ;
#2335 = FACE_OUTER_BOUND ( 'NONE', #3825, .T. ) ;
#2336 = AXIS2_PLACEMENT_3D ( 'NONE', #3222, #2010, #2369 ) ;
#2337 = EDGE_LOOP ( 'NONE', ( #2714, #747, #445, #6, #2058, #3357 ) ) ;
#2338 = CARTESIAN_POINT ( 'NONE',  ( 0.9840960449335014459, 2.775000000000000355, -0.2756376146130529170 ) ) ;
#2339 = CARTESIAN_POINT ( 'NONE',  ( -3.300000000000000266, 2.825000000000000178, -1.599999999999998757 ) ) ;
#2340 = CARTESIAN_POINT ( 'NONE',  ( 1.007602786396706751, 2.775000000000000799, -0.3960465385410101846 ) ) ;
#2341 = CARTESIAN_POINT ( 'NONE',  ( -0.7839211398342348369, 2.775000000000000355, -1.024910102138550716 ) ) ;
#2342 = FILL_AREA_STYLE_COLOUR ( '', #273 ) ;
#2343 = EDGE_CURVE ( 'NONE', #1693, #3846, #3929, .T. ) ;
#2344 = CARTESIAN_POINT ( 'NONE',  ( -0.3076923076923079869, 2.774999999999999911, -0.6923076923076908473 ) ) ;
#2345 = LINE ( 'NONE', #857, #543 ) ;
#2346 = B_SPLINE_SURFACE_WITH_KNOTS ( 'NONE', 3, 1, ( 
 ( #1165, #3343 ),
 ( #4762, #1065 ),
 ( #1814, #750 ),
 ( #699, #1455 ),
 ( #335, #388 ),
 ( #4810, #2235 ),
 ( #3728, #1865 ),
 ( #1842, #46 ),
 ( #2202, #3036 ),
 ( #1479, #3365 ),
 ( #2937, #4405 ),
 ( #3317, #1504 ),
 ( #798, #2667 ),
 ( #4144, #4785 ),
 ( #411, #1917 ),
 ( #2961, #1085 ),
 ( #1428, #19 ),
 ( #2288, #4047 ),
 ( #2587, #2986 ),
 ( #3389, #4069 ),
 ( #723, #1532 ),
 ( #439, #3010 ),
 ( #3782, #775 ) ),
 .UNSPECIFIED., .F., .F., .F.,
 ( 4, 1, 1, 1, 1, 1, 1, 1, 1, 1, 1, 1, 1, 1, 1, 1, 1, 1, 1, 1, 4 ),
 ( 2, 2 ),
 ( 0.000000000000000000, 0.06038661931106207442, 0.1208832485859960698, 0.1827546186251395310, 0.2478110297583511201, 0.2812991000432488731, 0.3150876241506569975, 0.3497023955502751580, 0.3848565811185556407, 0.4209661972261024010, 0.4585111882611390688, 0.4971747221273122297, 0.5376020478662694169, 0.5805030184200115073, 0.6274675400267046843, 0.6783882095592432826, 0.7339832205925603814, 0.7937467045508348473, 0.8577136721607320213, 0.9266978643613859035, 1.000000000000000000 ),
 ( 0.000000000000000000, 1.000000000000000000 ),
 .UNSPECIFIED. ) ;
#2347 = ORIENTED_EDGE ( 'NONE', *, *, #1575, .T. ) ;
#2348 = PRESENTATION_LAYER_ASSIGNMENT (  '', '', ( #4435 ) ) ;
#2349 = DIRECTION ( 'NONE',  ( -1.355252715606880543E-16, 0.000000000000000000, 1.000000000000000000 ) ) ;
#2350 = CARTESIAN_POINT ( 'NONE',  ( 0.3333333333333330928, 2.825000000000000178, 1.543945593702915236E-15 ) ) ;
#2351 = CARTESIAN_POINT ( 'NONE',  ( -0.3076923076923079869, 2.825000000000000178, -0.6923076923076908473 ) ) ;
#2352 = AXIS2_PLACEMENT_3D ( 'NONE', #4056, #3374, #3662 ) ;
#2353 = CARTESIAN_POINT ( 'NONE',  ( 0.4648440800804598538, 2.774999999999999911, -0.8055003720672746503 ) ) ;
#2354 = CARTESIAN_POINT ( 'NONE',  ( 0.8259386066623227718, 2.775000000000000799, -0.08709130006245340005 ) ) ;
#2355 = EDGE_CURVE ( 'NONE', #1762, #2169, #1284, .T. ) ;
#2356 = LINE ( 'NONE', #4591, #1512 ) ;
#2357 = DIRECTION ( 'NONE',  ( 1.355252715606880543E-16, -0.000000000000000000, -1.000000000000000000 ) ) ;
#2358 = VERTEX_POINT ( 'NONE', #3902 ) ;
#2359 = SURFACE_SIDE_STYLE ('',( #1576 ) ) ;
#2360 = AXIS2_PLACEMENT_3D ( 'NONE', #3872, #3097, #4568 ) ;
#2361 = CARTESIAN_POINT ( 'NONE',  ( -0.7508012820512814933, 2.825000000000000178, -1.025641025641024218 ) ) ;
#2362 = ORIENTED_EDGE ( 'NONE', *, *, #295, .T. ) ;
#2363 = CARTESIAN_POINT ( 'NONE',  ( 3.475000000000001865, -0.07499999999999890088, 1.500000000000000000 ) ) ;
#2364 = EDGE_CURVE ( 'NONE', #1103, #375, #2583, .T. ) ;
#2365 = ORIENTED_EDGE ( 'NONE', *, *, #570, .F. ) ;
#2366 =( LENGTH_UNIT ( ) NAMED_UNIT ( * ) SI_UNIT ( .MILLI., .METRE. ) );
#2367 = DIRECTION ( 'NONE',  ( 0.000000000000000000, 0.000000000000000000, 1.000000000000000000 ) ) ;
#2368 = CARTESIAN_POINT ( 'NONE',  ( 1.012482357888849549, 2.825000000000000178, -0.4643230374413515049 ) ) ;
#2369 = DIRECTION ( 'NONE',  ( -1.000000000000000000, 0.000000000000000000, 0.000000000000000000 ) ) ;
#2370 = CARTESIAN_POINT ( 'NONE',  ( 0.2305875901122536320, 2.825000000000000178, -0.7271758207913655569 ) ) ;
#2371 = CARTESIAN_POINT ( 'NONE',  ( -0.1318108974358976893, 2.825000000000000178, -0.1025641025641010340 ) ) ;
#2372 = CARTESIAN_POINT ( 'NONE',  ( 0.1183894230769228367, 2.775000000000000355, -0.3693910256410242177 ) ) ;
#2373 = ORIENTED_EDGE ( 'NONE', *, *, #1553, .F. ) ;
#2374 = VECTOR ( 'NONE', #2430, 1000.000000000000000 ) ;
#2375 = CARTESIAN_POINT ( 'NONE',  ( 1.004773896235911401, 2.775000000000000355, -0.6337877575812023156 ) ) ;
#2376 = CARTESIAN_POINT ( 'NONE',  ( 0.2303517572942654079, 2.774999999999999467, -0.7095016578430348719 ) ) ;
#2377 = CARTESIAN_POINT ( 'NONE',  ( 1.091801674932491473, 2.824999999999995737, -0.3309843472952718191 ) ) ;
#2378 = PRESENTATION_LAYER_ASSIGNMENT (  '', '', ( #4010 ) ) ;
#2379 = COLOUR_RGB ( '',0.7921568627450980005, 0.8196078431372548767, 0.9333333333333333481 ) ;
#2380 = CARTESIAN_POINT ( 'NONE',  ( -0.4583996742150029391, 2.775000000000000355, -0.6461944431780063391 ) ) ;
#2381 = CARTESIAN_POINT ( 'NONE',  ( -0.9010416666666660745, 2.774999999999999911, -0.1025641025641009785 ) ) ;
#2382 = PRESENTATION_LAYER_ASSIGNMENT (  '', '', ( #119 ) ) ;
#2383 = ORIENTED_EDGE ( 'NONE', *, *, #1365, .F. ) ;
#2384 = EDGE_CURVE ( 'NONE', #1765, #35, #2061, .T. ) ;
#2385 = SURFACE_STYLE_FILL_AREA ( #112 ) ;
#2386 = CARTESIAN_POINT ( 'NONE',  ( 0.5299318541352645573, 2.775000000000000355, -0.7028536553115479757 ) ) ;
#2387 = VECTOR ( 'NONE', #829, 1000.000000000000000 ) ;
#2388 = LINE ( 'NONE', #3532, #1606 ) ;
#2389 = EDGE_LOOP ( 'NONE', ( #2190, #3664, #2836, #153 ) ) ;
#2390 = VECTOR ( 'NONE', #628, 1000.000000000000000 ) ;
#2391 = DIRECTION ( 'NONE',  ( -1.000000000000000000, 0.000000000000000000, -6.938893903907226405E-16 ) ) ;
#2392 = ORIENTED_EDGE ( 'NONE', *, *, #646, .F. ) ;
#2393 = EDGE_CURVE ( 'NONE', #2504, #4021, #1671, .T. ) ;
#2394 = ADVANCED_FACE ( 'NONE', ( #1303 ), #3495, .F. ) ;
#2395 = CIRCLE ( 'NONE', #1754, 0.04999999999999969746 ) ;
#2396 = CARTESIAN_POINT ( 'NONE',  ( 0.6885635996514561930, 2.824999999999999734, 0.01815669647052182978 ) ) ;
#2397 = CARTESIAN_POINT ( 'NONE',  ( -0.5737993241558771995, 2.825000000000000622, -0.8320466706723169681 ) ) ;
#2398 =( NAMED_UNIT ( * ) PLANE_ANGLE_UNIT ( ) SI_UNIT ( $, .RADIAN. ) );
#2399 = CARTESIAN_POINT ( 'NONE',  ( 0.03600528524931189550, 2.775000000000000355, -0.9224885583009789780 ) ) ;
#2400 = DIRECTION ( 'NONE',  ( 1.000000000000000000, 6.195440985631461234E-16, -0.000000000000000000 ) ) ;
#2401 = VERTEX_POINT ( 'NONE', #1626 ) ;
#2402 = SURFACE_SIDE_STYLE ('',( #3917 ) ) ;
#2403 = CARTESIAN_POINT ( 'NONE',  ( 0.2112568887243104487, 2.824999999999997069, -0.6249979495618054326 ) ) ;
#2404 = CARTESIAN_POINT ( 'NONE',  ( 1.102377935551554389, 2.824999999999997069, -0.4843068138483847540 ) ) ;
#2405 = EDGE_CURVE ( 'NONE', #3323, #3553, #2322, .T. ) ;
#2406 = CARTESIAN_POINT ( 'NONE',  ( -0.6712385608919564373, 2.774999999999999467, -0.9083981455678119543 ) ) ;
#2407 = CARTESIAN_POINT ( 'NONE',  ( -0.1294967021865766066, 2.825000000000000178, -0.8767917222203753802 ) ) ;
#2408 = ORIENTED_EDGE ( 'NONE', *, *, #2711, .T. ) ;
#2409 =( NAMED_UNIT ( * ) PLANE_ANGLE_UNIT ( ) SI_UNIT ( $, .RADIAN. ) );
#2410 = CARTESIAN_POINT ( 'NONE',  ( -0.1742645245505639595, 2.825000000000000178, -0.8292151163326848540 ) ) ;
#2411 = CARTESIAN_POINT ( 'NONE',  ( -1.875000000000000888, 0.02500000000000020262, -1.500000000000000000 ) ) ;
#2412 = LINE ( 'NONE', #3142, #2126 ) ;
#2413 = CARTESIAN_POINT ( 'NONE',  ( 0.9779747266956556606, 2.774999999999999911, -0.2575205391149205658 ) ) ;
#2414 = CARTESIAN_POINT ( 'NONE',  ( -2.299999999999999378, 1.636074467135544719, -1.599999999999998535 ) ) ;
#2415 = ORIENTED_EDGE ( 'NONE', *, *, #3942, .F. ) ;
#2416 = CARTESIAN_POINT ( 'NONE',  ( 0.6451108629711983511, 2.775000000000000355, -1.004148404861761934 ) ) ;
#2417 = CARTESIAN_POINT ( 'NONE',  ( 4.700000000000000178, 0.1499999999999999944, 1.600000000000001199 ) ) ;
#2418 = CARTESIAN_POINT ( 'NONE',  ( 0.2226032761644232416, 2.775000000000000355, -0.6560075750649614346 ) ) ;
#2419 = CARTESIAN_POINT ( 'NONE',  ( 0.06924555636002571735, 2.824999999999996625, -0.4426514632451225006 ) ) ;
#2420 = EDGE_CURVE ( 'NONE', #4638, #4304, #2761, .T. ) ;
#2421 = CARTESIAN_POINT ( 'NONE',  ( 0.01382211538461514296, 2.774999999999999911, -0.9230769230769216849 ) ) ;
#2422 = VECTOR ( 'NONE', #1307, 1000.000000000000000 ) ;
#2423 = CARTESIAN_POINT ( 'NONE',  ( 0.1964759344803493346, 2.824999999999999289, -0.4560148599948500303 ) ) ;
#2424 = VECTOR ( 'NONE', #238, 1000.000000000000000 ) ;
#2425 = FACE_OUTER_BOUND ( 'NONE', #4547, .T. ) ;
#2426 = MANIFOLD_SOLID_BREP ( 'Cut-Extrude2', #4093 ) ;
#2427 = EDGE_CURVE ( 'NONE', #478, #3903, #1170, .T. ) ;
#2428 = CARTESIAN_POINT ( 'NONE',  ( 0.6454192370453731842, 2.775000000000000355, 0.004547713497229749664 ) ) ;
#2429 = CARTESIAN_POINT ( 'NONE',  ( 0.8715519783047001035, 2.774999999999999911, 0.003585878591947570197 ) ) ;
#2430 = DIRECTION ( 'NONE',  ( 0.000000000000000000, 0.000000000000000000, 1.000000000000000000 ) ) ;
#2431 = VERTEX_POINT ( 'NONE', #2060 ) ;
#2432 = STYLED_ITEM ( 'NONE', ( #3260 ), #3418 ) ;
#2433 = MECHANICAL_DESIGN_GEOMETRIC_PRESENTATION_REPRESENTATION (  '', ( #1791 ), #4327 ) ;
#2434 = FILL_AREA_STYLE_COLOUR ( '', #3629 ) ;
#2435 = CARTESIAN_POINT ( 'NONE',  ( -0.09351757838736494965, 2.825000000000001066, -0.8997846473150364899 ) ) ;
#2436 = DIRECTION ( 'NONE',  ( -1.000000000000000000, 0.000000000000000000, 0.000000000000000000 ) ) ;
#2437 = CARTESIAN_POINT ( 'NONE',  ( 0.8924864524479161343, 2.824999999999999734, -0.9943676656230990840 ) ) ;
#2438 = ORIENTED_EDGE ( 'NONE', *, *, #3088, .T. ) ;
#2439 = SURFACE_STYLE_USAGE ( .BOTH. , #4282 ) ;
#2440 = VERTEX_POINT ( 'NONE', #2034 ) ;
#2441 = CARTESIAN_POINT ( 'NONE',  ( 0.4233526939787273236, 2.825000000000000622, -0.5467614652548478116 ) ) ;
#2442 = LINE ( 'NONE', #2417, #2850 ) ;
#2443 = FACE_OUTER_BOUND ( 'NONE', #1468, .T. ) ;
#2444 = CARTESIAN_POINT ( 'NONE',  ( -0.5711778751916654073, 2.775000000000001243, -0.5996230017977893789 ) ) ;
#2445 = CARTESIAN_POINT ( 'NONE',  ( 3.100000000000000533, 2.825000000000000178, 3.100000000000001421 ) ) ;
#2446 = EDGE_CURVE ( 'NONE', #3090, #2358, #4189, .T. ) ;
#2447 = FACE_OUTER_BOUND ( 'NONE', #3360, .T. ) ;
#2448 = DIRECTION ( 'NONE',  ( -1.000000000000000000, 0.000000000000000000, -1.445602896647339706E-15 ) ) ;
#2449 = FILL_AREA_STYLE_COLOUR ( '', #3388 ) ;
#2450 = DIRECTION ( 'NONE',  ( 0.000000000000000000, 1.000000000000000000, 0.000000000000000000 ) ) ;
#2451 = CARTESIAN_POINT ( 'NONE',  ( 0.4465279269561069908, 2.774999999999999467, -0.2544684931091701352 ) ) ;
#2452 = ORIENTED_EDGE ( 'NONE', *, *, #2017, .T. ) ;
#2453 = CARTESIAN_POINT ( 'NONE',  ( -0.7332254839814567049, 2.774999999999999911, -0.9224885583009792001 ) ) ;
#2454 = CARTESIAN_POINT ( 'NONE',  ( 0.5359587007724038177, 2.824999999999999734, -0.7279305106239652989 ) ) ;
#2455 = ORIENTED_EDGE ( 'NONE', *, *, #3078, .T. ) ;
#2456 = AXIS2_PLACEMENT_3D ( 'NONE', #3609, #926, #2448 ) ;
#2457 = CARTESIAN_POINT ( 'NONE',  ( 1.010673590191919047, 2.824999999999999734, -0.4295055053740809425 ) ) ;
#2458 = CARTESIAN_POINT ( 'NONE',  ( -0.2154385059388253809, 2.775000000000000799, -0.7185765928435562389 ) ) ;
#2459 = FILL_AREA_STYLE ('',( #4303 ) ) ;
#2460 = AXIS2_PLACEMENT_3D ( 'NONE', #2941, #2159, #3270 ) ;
#2461 = STYLED_ITEM ( 'NONE', ( #1288 ), #1517 ) ;
#2462 = ORIENTED_EDGE ( 'NONE', *, *, #1613, .F. ) ;
#2463 = DIRECTION ( 'NONE',  ( -1.000000000000000000, 0.000000000000000000, 0.000000000000000000 ) ) ;
#2464 = VERTEX_POINT ( 'NONE', #853 ) ;
#2465 = CARTESIAN_POINT ( 'NONE',  ( 0.5315228882858616943, 2.825000000000001510, -0.9206964640295565161 ) ) ;
#2466 = CARTESIAN_POINT ( 'NONE',  ( -3.099999999999998757, 2.825000000000000178, 3.100000000000002309 ) ) ;
#2467 = CARTESIAN_POINT ( 'NONE',  ( -0.3005791658935405009, 2.774999999999998579, -0.7616892090910587498 ) ) ;
#2468 = B_SPLINE_SURFACE_WITH_KNOTS ( 'NONE', 3, 1, ( 
 ( #581, #3958 ),
 ( #2509, #2063 ),
 ( #3562, #2441 ),
 ( #1652, #216 ),
 ( #1697, #3148 ),
 ( #606, #3931 ),
 ( #2790, #3538 ),
 ( #3221, #236 ),
 ( #1350, #3998 ),
 ( #1329, #4711 ),
 ( #1008, #1375 ),
 ( #3602, #642 ),
 ( #939, #4623 ),
 ( #4690, #3199 ),
 ( #1738, #2465 ),
 ( #2127, #1286 ),
 ( #4262, #4671 ),
 ( #2085, #2837 ),
 ( #172, #1306 ),
 ( #4351, #921 ),
 ( #2416, #2487 ),
 ( #190, #3904 ),
 ( #2815, #2881 ),
 ( #1673, #987 ),
 ( #3581, #557 ),
 ( #257, #4307 ),
 ( #3239, #2037 ) ),
 .UNSPECIFIED., .F., .F., .F.,
 ( 4, 1, 1, 1, 1, 1, 1, 1, 1, 1, 1, 1, 1, 1, 1, 1, 1, 1, 1, 1, 1, 1, 1, 1, 4 ),
 ( 2, 2 ),
 ( 0.000000000000000000, 0.06859462225874241037, 0.1332460424433009605, 0.1943125864682561932, 0.2512792231169661550, 0.3045134392563466630, 0.3542349066533249102, 0.4004805887739889547, 0.4434107549384918578, 0.4840148686163449621, 0.5232523007732030607, 0.5610423727283602169, 0.5979002393643999547, 0.6335184888561955496, 0.6683143511696514327, 0.7024956712863816843, 0.7366853535134583186, 0.7702931693607890651, 0.8034372550192491191, 0.8359129516660290804, 0.8684602457892910410, 0.9008465382431825041, 0.9334665246307077835, 0.9662575752981232835, 1.000000000000000000 ),
 ( 0.000000000000000000, 1.000000000000000000 ),
 .UNSPECIFIED. ) ;
#2469 = CARTESIAN_POINT ( 'NONE',  ( -4.700000000000000178, 0.1499999999999999944, 1.600000000000000089 ) ) ;
#2470 = VECTOR ( 'NONE', #2551, 1000.000000000000114 ) ;
#2471 =( LENGTH_UNIT ( ) NAMED_UNIT ( * ) SI_UNIT ( .MILLI., .METRE. ) );
#2472 = AXIS2_PLACEMENT_3D ( 'NONE', #69, #146, #505 ) ;
#2473 = CARTESIAN_POINT ( 'NONE',  ( 0.7109325222508863229, 2.825000000000000622, -1.022517042084254424 ) ) ;
#2474 = CARTESIAN_POINT ( 'NONE',  ( 0.9131170472027875240, 2.775000000000000799, -0.9830308463818231424 ) ) ;
#2475 = CARTESIAN_POINT ( 'NONE',  ( 0.4654411759927756798, 2.825000000000001066, -0.1940958912913772205 ) ) ;
#2476 = ORIENTED_EDGE ( 'NONE', *, *, #3851, .F. ) ;
#2477 = CARTESIAN_POINT ( 'NONE',  ( -0.4487179487179481230, 2.774999999999999911, -0.7283653846153830269 ) ) ;
#2478 = CARTESIAN_POINT ( 'NONE',  ( -3.100000000000000089, 2.725000000000000533, -3.099999999999998757 ) ) ;
#2479 = EDGE_CURVE ( 'NONE', #781, #1244, #4362, .T. ) ;
#2480 = CARTESIAN_POINT ( 'NONE',  ( 3.225000000000000533, 1.275000000000001243, 1.500000000000000000 ) ) ;
#2481 = CARTESIAN_POINT ( 'NONE',  ( 3.149999999999999911, 0.1499999999999999944, 1.600000000000000755 ) ) ;
#2482 = CARTESIAN_POINT ( 'NONE',  ( -3.475000000000000533, 1.425000000000000266, 1.500000000000000000 ) ) ;
#2483 = VERTEX_POINT ( 'NONE', #504 ) ;
#2484 = FACE_OUTER_BOUND ( 'NONE', #2898, .T. ) ;
#2485 = ORIENTED_EDGE ( 'NONE', *, *, #2291, .T. ) ;
#2486 = CARTESIAN_POINT ( 'NONE',  ( 0.4881075228634341179, 2.824999999999999289, -0.8566440590146814360 ) ) ;
#2487 = CARTESIAN_POINT ( 'NONE',  ( 0.6451108629711983511, 2.825000000000001066, -1.004148404861761934 ) ) ;
#2488 = CARTESIAN_POINT ( 'NONE',  ( 1.600000000000000755, 0.1499999999999999944, 1.600000000000000533 ) ) ;
#2489 = CARTESIAN_POINT ( 'NONE',  ( -0.2330755982124676773, 2.774999999999999911, -0.9081334160426974833 ) ) ;
#2490 = LINE ( 'NONE', #3224, #2390 ) ;
#2491 = DIRECTION ( 'NONE',  ( 0.000000000000000000, 0.000000000000000000, 1.000000000000000000 ) ) ;
#2492 = B_SPLINE_CURVE_WITH_KNOTS ( 'NONE', 3,
 ( #4806, #3363, #1501, #1887, #3385, #1161, #4142, #3674, #1452, #1083, #4067, #1476, #1235, #1210, #1649, #4619, #3171, #4211, #3853, #1281, #4644, #2033, #2737 ),
 .UNSPECIFIED., .F., .F.,
 ( 4, 1, 1, 1, 1, 1, 1, 1, 1, 1, 1, 1, 1, 1, 1, 1, 1, 1, 1, 1, 4 ),
 ( 0.000000000000000000, 0.07295106587586651370, 0.1415836941865450671, 0.2059264601708669651, 0.2653013571846054020, 0.3205972327139282041, 0.3718165030988103137, 0.4187897697094520866, 0.4616987286157646087, 0.5021335821035655123, 0.5408043152926480523, 0.5781805253279662660, 0.6142968652075145863, 0.6496782432647874028, 0.6842994600896378232, 0.7183589527723608370, 0.7520808646475967141, 0.8176524386023854563, 0.8797220764054372033, 0.9399655597309874988, 1.000000000000000000 ),
 .UNSPECIFIED. ) ;
#2493 = CARTESIAN_POINT ( 'NONE',  ( 1.875000000000001776, -0.1749999999999993505, 1.500000000000000000 ) ) ;
#2494 = CARTESIAN_POINT ( 'NONE',  ( 0.8816764861927038899, 2.825000000000000622, -0.8831980422629713834 ) ) ;
#2495 = DIRECTION ( 'NONE',  ( 1.000000000000000000, 0.000000000000000000, 0.000000000000000000 ) ) ;
#2496 = EDGE_LOOP ( 'NONE', ( #3174, #2952, #3164, #301 ) ) ;
#2497 = CARTESIAN_POINT ( 'NONE',  ( -0.5973724428115916307, 2.774999999999999911, -0.5609101263062352682 ) ) ;
#2498 = DIRECTION ( 'NONE',  ( -0.000000000000000000, -1.000000000000000000, 0.000000000000000000 ) ) ;
#2499 = CARTESIAN_POINT ( 'NONE',  ( 1.008145073054340868, 2.825000000000000178, -0.6026704796771124029 ) ) ;
#2500 = CARTESIAN_POINT ( 'NONE',  ( -0.2179487179487182014, 2.774999999999999911, -0.6923076923076908473 ) ) ;
#2501 = CARTESIAN_POINT ( 'NONE',  ( -0.5469349304270572087, 2.824999999999999734, -0.7793575988472847271 ) ) ;
#2502 = ORIENTED_EDGE ( 'NONE', *, *, #167, .T. ) ;
#2503 = VECTOR ( 'NONE', #735, 1000.000000000000000 ) ;
#2504 = VERTEX_POINT ( 'NONE', #2506 ) ;
#2505 = AXIS2_PLACEMENT_3D ( 'NONE', #3105, #2367, #3854 ) ;
#2506 = CARTESIAN_POINT ( 'NONE',  ( -0.7275641025641019777, 2.774999999999999911, -0.4138621794871779613 ) ) ;
#2507 = ORIENTED_EDGE ( 'NONE', *, *, #1093, .T. ) ;
#2508 = CARTESIAN_POINT ( 'NONE',  ( 0.5159765821064861147, 2.824999999999999289, -0.9010096940888878692 ) ) ;
#2509 = CARTESIAN_POINT ( 'NONE',  ( 0.4231706425504854208, 2.774999999999999467, -0.5156271840412858243 ) ) ;
#2510 = ADVANCED_FACE ( 'NONE', ( #604 ), #2172, .F. ) ;
#2511 = SURFACE_SIDE_STYLE ('',( #3740 ) ) ;
#2512 = CARTESIAN_POINT ( 'NONE',  ( -0.1120501623980287437, 2.774999999999999467, -0.8893012916925303601 ) ) ;
#2513 = LINE ( 'NONE', #1702, #3246 ) ;
#2514 = CARTESIAN_POINT ( 'NONE',  ( 2.875000000000000888, 1.525000000000001021, 1.500000000000000000 ) ) ;
#2515 = CARTESIAN_POINT ( 'NONE',  ( 0.8498625632391269002, 2.824999999999996625, 0.01173874744273438984 ) ) ;
#2516 = CYLINDRICAL_SURFACE ( 'NONE', #4321, 0.09999999999999982514 ) ;
#2517 = FACE_OUTER_BOUND ( 'NONE', #502, .T. ) ;
#2518 = CARTESIAN_POINT ( 'NONE',  ( -3.299999999999999822, 2.725000000000000533, -3.099999999999998757 ) ) ;
#2519 = FACE_OUTER_BOUND ( 'NONE', #349, .T. ) ;
#2520 = CARTESIAN_POINT ( 'NONE',  ( 0.9394692835919435936, 2.775000000000000355, -0.8232075637777256372 ) ) ;
#2521 = CARTESIAN_POINT ( 'NONE',  ( 0.4286932138571240558, 2.825000000000001066, -0.3652990455678192805 ) ) ;
#2522 = ORIENTED_EDGE ( 'NONE', *, *, #1318, .F. ) ;
#2523 = CARTESIAN_POINT ( 'NONE',  ( -0.5466274930663451714, 2.825000000000000178, -0.6560075750649613235 ) ) ;
#2524 = LINE ( 'NONE', #3230, #2123 ) ;
#2525 = PLANE ( 'NONE',  #2548 ) ;
#2526 = CARTESIAN_POINT ( 'NONE',  ( -0.6523128116988650138, 2.775000000000000799, -0.8999571463734044041 ) ) ;
#2527 = VERTEX_POINT ( 'NONE', #304 ) ;
#2528 = FACE_OUTER_BOUND ( 'NONE', #2854, .T. ) ;
#2529 = ORIENTED_EDGE ( 'NONE', *, *, #3210, .F. ) ;
#2530 = ADVANCED_FACE ( 'NONE', ( #4757 ), #1058, .F. ) ;
#2531 = DIRECTION ( 'NONE',  ( 1.000000000000000000, -0.000000000000000000, 1.445602896647339706E-15 ) ) ;
#2532 = CARTESIAN_POINT ( 'NONE',  ( 0.5929038674528313013, 2.774999999999999467, -0.1594363983542914087 ) ) ;
#2533 = ORIENTED_EDGE ( 'NONE', *, *, #3972, .T. ) ;
#2534 = MECHANICAL_DESIGN_GEOMETRIC_PRESENTATION_REPRESENTATION (  '', ( #4166 ), #1819 ) ;
#2535 = PRESENTATION_STYLE_ASSIGNMENT (( #1423 ) ) ;
#2536 = AXIS2_PLACEMENT_3D ( 'NONE', #1460, #2968, #3682 ) ;
#2537 = DIRECTION ( 'NONE',  ( -0.000000000000000000, -0.000000000000000000, -1.000000000000000000 ) ) ;
#2538 = EDGE_CURVE ( 'NONE', #293, #3422, #709, .T. ) ;
#2539 = PLANE ( 'NONE',  #4699 ) ;
#2540 = FACE_OUTER_BOUND ( 'NONE', #959, .T. ) ;
#2541 = CARTESIAN_POINT ( 'NONE',  ( 1.096433100163570540, 2.775000000000000799, -0.3697873365691913827 ) ) ;
#2542 = CARTESIAN_POINT ( 'NONE',  ( -0.7632288917765317482, 2.774999999999999911, -0.9228726281443694335 ) ) ;
#2543 = CARTESIAN_POINT ( 'NONE',  ( 3.150000000000000355, 1.636074467135545163, 1.600000000000000977 ) ) ;
#2544 = CARTESIAN_POINT ( 'NONE',  ( -0.7554086538461532996, 2.824999999999999734, -0.9230769230769215739 ) ) ;
#2545 = DIRECTION ( 'NONE',  ( 0.000000000000000000, 1.000000000000000000, 0.000000000000000000 ) ) ;
#2546 = CARTESIAN_POINT ( 'NONE',  ( 0.7811965653153879474, 2.774999999999999467, 0.02529479197459682388 ) ) ;
#2547 = ORIENTED_EDGE ( 'NONE', *, *, #4216, .F. ) ;
#2548 = AXIS2_PLACEMENT_3D ( 'NONE', #4, #3403, #3301 ) ;
#2549 = CARTESIAN_POINT ( 'NONE',  ( -0.5514583186478088095, 2.825000000000000622, -0.4818703942471360691 ) ) ;
#2550 = DIRECTION ( 'NONE',  ( 0.000000000000000000, -0.000000000000000000, 1.000000000000000000 ) ) ;
#2551 = DIRECTION ( 'NONE',  ( 0.6837766319733927789, 0.000000000000000000, -0.7296913851534244655 ) ) ;
#2552 = DIRECTION ( 'NONE',  ( 1.000000000000000000, 0.000000000000000000, 0.000000000000000000 ) ) ;
#2553 = EDGE_CURVE ( 'NONE', #573, #2921, #1006, .T. ) ;
#2554 = ORIENTED_EDGE ( 'NONE', *, *, #3879, .T. ) ;
#2555 = CARTESIAN_POINT ( 'NONE',  ( -1.875000000000000888, -0.1749999999999998224, -1.500000000000000000 ) ) ;
#2556 = ORIENTED_EDGE ( 'NONE', *, *, #3396, .T. ) ;
#2557 = CARTESIAN_POINT ( 'NONE',  ( 3.299999999999999822, 0.000000000000000000, -1.599999999999998979 ) ) ;
#2558 = DIRECTION ( 'NONE',  ( 7.228014483236690639E-16, -1.000000000000000000, -0.000000000000000000 ) ) ;
#2559 = ORIENTED_EDGE ( 'NONE', *, *, #4149, .T. ) ;
#2560 = DIRECTION ( 'NONE',  ( -1.000000000000000000, 0.000000000000000000, 0.000000000000000000 ) ) ;
#2561 = CARTESIAN_POINT ( 'NONE',  ( -0.1858599571630303871, 2.775000000000000355, -0.8101215690838011740 ) ) ;
#2562 = CARTESIAN_POINT ( 'NONE',  ( 0.7574118589743599195, 2.824999999999997069, 0.02564102564102713547 ) ) ;
#2563 = CARTESIAN_POINT ( 'NONE',  ( -0.9550907263937988834, 2.825000000000000622, -0.8101215690838008410 ) ) ;
#2564 = CARTESIAN_POINT ( 'NONE',  ( -0.8627483476181332378, 2.825000000000000178, -0.8997846473150359348 ) ) ;
#2565 = CARTESIAN_POINT ( 'NONE',  ( 2.875000000000000888, 1.525000000000001021, 1.500000000000000000 ) ) ;
#2566 = EDGE_CURVE ( 'NONE', #2162, #2527, #281, .T. ) ;
#2567 = CARTESIAN_POINT ( 'NONE',  ( 0.8713617645491592567, 2.824999999999997957, -1.004106841940005213 ) ) ;
#2568 =( LENGTH_UNIT ( ) NAMED_UNIT ( * ) SI_UNIT ( .MILLI., .METRE. ) );
#2569 = VERTEX_POINT ( 'NONE', #2835 ) ;
#2570 = ADVANCED_FACE ( 'NONE', ( #2484 ), #4328, .T. ) ;
#2571 = CARTESIAN_POINT ( 'NONE',  ( 1.067967899881629990, 2.775000000000000355, -0.7713152487957540826 ) ) ;
#2572 = CARTESIAN_POINT ( 'NONE',  ( 0.8566838319640198707, 2.824999999999999734, -0.8987728124010159192 ) ) ;
#2573 = DIRECTION ( 'NONE',  ( 0.000000000000000000, 0.000000000000000000, 1.000000000000000000 ) ) ;
#2574 = LINE ( 'NONE', #3328, #2828 ) ;
#2575 = EDGE_LOOP ( 'NONE', ( #1267, #3074, #2050, #2675, #2654, #632, #4647, #3955, #2507, #4326, #2833, #2408 ) ) ;
#2576 = CARTESIAN_POINT ( 'NONE',  ( 0.8715519783047001035, 2.825000000000000178, 0.003585878591947570197 ) ) ;
#2577 = ORIENTED_EDGE ( 'NONE', *, *, #328, .T. ) ;
#2578 =( LENGTH_UNIT ( ) NAMED_UNIT ( * ) SI_UNIT ( .MILLI., .METRE. ) );
#2579 = CARTESIAN_POINT ( 'NONE',  ( 0.5357796059907107278, 2.775000000000000355, -0.2724734849857158303 ) ) ;
#2580 = DIRECTION ( 'NONE',  ( -1.000000000000000000, 0.000000000000000000, 1.355252715606881282E-16 ) ) ;
#2581 = VERTEX_POINT ( 'NONE', #4019 ) ;
#2582 = DIRECTION ( 'NONE',  ( -0.000000000000000000, 1.000000000000000000, -0.000000000000000000 ) ) ;
#2583 = CIRCLE ( 'NONE', #3910, 0.1000000000000002554 ) ;
#2584 = CARTESIAN_POINT ( 'NONE',  ( 0.02939465120444207519, 2.775000000000000355, -1.025384323799473307 ) ) ;
#2585 = VECTOR ( 'NONE', #3079, 1000.000000000000000 ) ;
#2586 = CARTESIAN_POINT ( 'NONE',  ( -0.5533079637368465420, 2.824999999999999734, -0.9583016753824308287 ) ) ;
#2587 = CARTESIAN_POINT ( 'NONE',  ( 0.5169186890546458857, 2.775000000000000355, -0.6124354972819464615 ) ) ;
#2588 = CARTESIAN_POINT ( 'NONE',  ( -0.9151207638017715418, 2.774999999999999467, -0.8626087061277909473 ) ) ;
#2589 = LINE ( 'NONE', #4072, #2012 ) ;
#2590 = PLANE ( 'NONE',  #3735 ) ;
#2591 = ADVANCED_FACE ( 'NONE', ( #2083 ), #3378, .T. ) ;
#2592 = CARTESIAN_POINT ( 'NONE',  ( -0.2928817724064352035, 2.825000000000001066, -0.7942762944410204362 ) ) ;
#2593 = ORIENTED_EDGE ( 'NONE', *, *, #1958, .F. ) ;
#2594 = CARTESIAN_POINT ( 'NONE',  ( -0.4487179487179481230, 2.825000000000000178, -0.7283653846153830269 ) ) ;
#2595 = CARTESIAN_POINT ( 'NONE',  ( 0.9998032616381695714, 2.824999999999999289, -0.6631449869253421836 ) ) ;
#2596 = EDGE_CURVE ( 'NONE', #3217, #3509, #430, .T. ) ;
#2597 = CARTESIAN_POINT ( 'NONE',  ( 2.875000000000000888, 1.325000000000000844, -1.500000000000000000 ) ) ;
#2598 = CARTESIAN_POINT ( 'NONE',  ( -0.6523128116988650138, 2.825000000000000178, -0.8999571463734044041 ) ) ;
#2599 = ORIENTED_EDGE ( 'NONE', *, *, #1402, .F. ) ;
#2600 = ORIENTED_EDGE ( 'NONE', *, *, #1806, .F. ) ;
#2601 = CARTESIAN_POINT ( 'NONE',  ( -0.2928817724064352035, 2.824999999999998845, -0.7942762944410204362 ) ) ;
#2602 = CARTESIAN_POINT ( 'NONE',  ( 0.6948943004759680075, 2.774999999999999911, -0.08725871485469427480 ) ) ;
#2603 = ORIENTED_EDGE ( 'NONE', *, *, #3255, .T. ) ;
#2604 = SURFACE_SIDE_STYLE ('',( #4022 ) ) ;
#2605 = ORIENTED_EDGE ( 'NONE', *, *, #4311, .F. ) ;
#2606 = B_SPLINE_CURVE_WITH_KNOTS ( 'NONE', 3,
 ( #4201, #1971, #3424, #4536, #2678, #1224, #3094, #1195, #3819, #2353, #4152, #3794, #2304, #3843, #2705, #448, #4179, #863, #3453, #841, #2727, #2327, #1927, #808, #3068, #469, #1948 ),
 .UNSPECIFIED., .F., .F.,
 ( 4, 1, 1, 1, 1, 1, 1, 1, 1, 1, 1, 1, 1, 1, 1, 1, 1, 1, 1, 1, 1, 1, 1, 1, 4 ),
 ( 0.000000000000000000, 0.06859462225874241037, 0.1332460424433009605, 0.1943125864682561932, 0.2512792231169661550, 0.3045134392563466630, 0.3542349066533249102, 0.4004805887739889547, 0.4434107549384918578, 0.4840148686163449621, 0.5232523007732030607, 0.5610423727283602169, 0.5979002393643999547, 0.6335184888561955496, 0.6683143511696514327, 0.7024956712863816843, 0.7366853535134583186, 0.7702931693607890651, 0.8034372550192491191, 0.8359129516660290804, 0.8684602457892910410, 0.9008465382431825041, 0.9334665246307077835, 0.9662575752981232835, 1.000000000000000000 ),
 .UNSPECIFIED. ) ;
#2607 = CARTESIAN_POINT ( 'NONE',  ( -0.2041927924666211425, 2.775000000000000355, -0.7674306174969840466 ) ) ;
#2608 = B_SPLINE_CURVE_WITH_KNOTS ( 'NONE', 3,
 ( #1033, #1811, #3695, #357, #1837, #1859, #3648, #3361, #4732, #768, #13, #1133, #1498, #4114, #3625, #1398, #1982, #823, #39, #2252, #3383, #405, #3030, #4573, #1956, #4519, #849 ),
 .UNSPECIFIED., .F., .F.,
 ( 4, 1, 1, 1, 1, 1, 1, 1, 1, 1, 1, 1, 1, 1, 1, 1, 1, 1, 1, 1, 1, 1, 1, 1, 4 ),
 ( 0.000000000000000000, 0.03378714634699097469, 0.06662165772429384791, 0.09928487809597232039, 0.1313611650426505517, 0.1635851875953430734, 0.1961039269870678559, 0.2289022543238167784, 0.2621580559050073478, 0.2959912222583162000, 0.3302178457247997856, 0.3650598258919539041, 0.4009507373401076658, 0.4376203820767376462, 0.4757075294370918805, 0.5153806916250482928, 0.5564135414931642432, 0.5997648298727310534, 0.6464241555840871678, 0.6964314445175666668, 0.7497815178015574400, 0.8065733069755323115, 0.8674355315653994314, 0.9318867532508740004, 1.000000000000000000 ),
 .UNSPECIFIED. ) ;
#2609 = CARTESIAN_POINT ( 'NONE',  ( -0.4955316443103631174, 2.824999999999999734, -0.8911747892307440022 ) ) ;
#2610 = CARTESIAN_POINT ( 'NONE',  ( 0.7604166666666676289, 2.774999999999999911, -0.9230769230769216849 ) ) ;
#2611 = VECTOR ( 'NONE', #3150, 1000.000000000000000 ) ;
#2612 = DIRECTION ( 'NONE',  ( -0.000000000000000000, -0.000000000000000000, -1.000000000000000000 ) ) ;
#2613 = CARTESIAN_POINT ( 'NONE',  ( 0.09799220833881168435, 2.774999999999999467, -0.9083981455678123984 ) ) ;
#2614 = EDGE_CURVE ( 'NONE', #3238, #4108, #3914, .T. ) ;
#2615 = DIRECTION ( 'NONE',  ( -1.000000000000000000, 0.000000000000000000, 0.000000000000000000 ) ) ;
#2616 = UNCERTAINTY_MEASURE_WITH_UNIT (LENGTH_MEASURE( 1.000000000000000082E-05 ), #1788, 'distance_accuracy_value', 'NONE');
#2617 = MECHANICAL_DESIGN_GEOMETRIC_PRESENTATION_REPRESENTATION (  '', ( #2461 ), #2929 ) ;
#2618 = FACE_OUTER_BOUND ( 'NONE', #1491, .T. ) ;
#2619 = CARTESIAN_POINT ( 'NONE',  ( -0.5973724428115916307, 2.825000000000000178, -0.5609101263062352682 ) ) ;
#2620 = CLOSED_SHELL ( 'NONE', ( #4115, #3985, #4649, #4116, #743, #2256, #2729, #294, #2230, #793, #1860, #4766, #3598, #3169 ) ) ;
#2621 = VERTEX_POINT ( 'NONE', #3027 ) ;
#2622 = CARTESIAN_POINT ( 'NONE',  ( 1.085152246695129108, 2.774999999999999467, -0.7055041209753445397 ) ) ;
#2623 = PRESENTATION_LAYER_ASSIGNMENT (  '', '', ( #4705 ) ) ;
#2624 = FILL_AREA_STYLE ('',( #3400 ) ) ;
#2625 = LINE ( 'NONE', #757, #2983 ) ;
#2626 = CARTESIAN_POINT ( 'NONE',  ( 0.7714902871397377737, 2.774999999999999467, -0.07737958572637536336 ) ) ;
#2627 = COLOUR_RGB ( '',0.1098039215686274495, 0.1098039215686274495, 0.1098039215686274495 ) ;
#2628 = ORIENTED_EDGE ( 'NONE', *, *, #3522, .T. ) ;
#2629 = CARTESIAN_POINT ( 'NONE',  ( 0.7653675467207435856, 2.825000000000000178, 0.02552521479611232630 ) ) ;
#2630 = FILL_AREA_STYLE ('',( #1009 ) ) ;
#2631 = ORIENTED_EDGE ( 'NONE', *, *, #764, .T. ) ;
#2632 = ADVANCED_FACE ( 'NONE', ( #3308 ), #818, .F. ) ;
#2633 = CARTESIAN_POINT ( 'NONE',  ( -0.2522738412163027522, 2.824999999999997513, -0.8821359335528100587 ) ) ;
#2634 = CARTESIAN_POINT ( 'NONE',  ( -0.6285393694278750276, 2.825000000000001066, -1.004245046074672576 ) ) ;
#2635 = EDGE_LOOP ( 'NONE', ( #3881, #759, #1836, #3817 ) ) ;
#2636 = DIRECTION ( 'NONE',  ( -0.000000000000000000, -1.000000000000000000, -0.000000000000000000 ) ) ;
#2637 = CARTESIAN_POINT ( 'NONE',  ( 1.102377935551554389, 2.774999999999999911, -0.4843068138483847540 ) ) ;
#2638 = ORIENTED_EDGE ( 'NONE', *, *, #2326, .T. ) ;
#2639 = CARTESIAN_POINT ( 'NONE',  ( 0.02939465120444207519, 2.825000000000000178, -1.025384323799473307 ) ) ;
#2640 = CARTESIAN_POINT ( 'NONE',  ( 0.9140248192247500958, 2.774999999999999467, -0.1437655922473460579 ) ) ;
#2641 = CARTESIAN_POINT ( 'NONE',  ( -0.3461538461538464229, 2.825000000000000178, 1.543945593702915236E-15 ) ) ;
#2642 = DIRECTION ( 'NONE',  ( -0.000000000000000000, -0.000000000000000000, -1.000000000000000000 ) ) ;
#2643 = CARTESIAN_POINT ( 'NONE',  ( -0.9151207638017715418, 2.774999999999999467, -0.8626087061277909473 ) ) ;
#2644 = CARTESIAN_POINT ( 'NONE',  ( -0.8812809316287976147, 2.775000000000000355, -0.8893012916925305822 ) ) ;
#2645 = CARTESIAN_POINT ( 'NONE',  ( -0.8011348429639887359, 2.825000000000000178, -0.9196649512025439899 ) ) ;
#2646 = CARTESIAN_POINT ( 'NONE',  ( 0.1718583264191766991, 2.824999999999999734, -0.5609101263062353793 ) ) ;
#2647 = LINE ( 'NONE', #3732, #858 ) ;
#2648 = CARTESIAN_POINT ( 'NONE',  ( -0.07773665467457528677, 2.825000000000000178, -1.012910677759645273 ) ) ;
#2649 = EDGE_LOOP ( 'NONE', ( #215, #1565, #670, #3236 ) ) ;
#2650 = CARTESIAN_POINT ( 'NONE',  ( 0.9702578660136663702, 2.774999999999999467, -0.9380683257227572236 ) ) ;
#2651 = LINE ( 'NONE', #2188, #4678 ) ;
#2652 = CARTESIAN_POINT ( 'NONE',  ( 0.7604166666666676289, 2.825000000000000178, -0.07692307692307542855 ) ) ;
#2653 = LINE ( 'NONE', #8, #2110 ) ;
#2654 = ORIENTED_EDGE ( 'NONE', *, *, #3114, .T. ) ;
#2655 = VECTOR ( 'NONE', #1433, 1000.000000000000000 ) ;
#2656 = ADVANCED_FACE ( 'NONE', ( #4061 ), #4156, .T. ) ;
#2657 = CARTESIAN_POINT ( 'NONE',  ( -0.2330755982124676773, 2.824999999999997957, -0.9081334160426974833 ) ) ;
#2658 = DIRECTION ( 'NONE',  ( -0.000000000000000000, -1.000000000000000000, -0.000000000000000000 ) ) ;
#2659 = ORIENTED_EDGE ( 'NONE', *, *, #2427, .T. ) ;
#2660 = CARTESIAN_POINT ( 'NONE',  ( 0.5430638968098548958, 2.774999999999999467, -0.2497341104987072791 ) ) ;
#2661 = CARTESIAN_POINT ( 'NONE',  ( 1.057428760813275082, 2.825000000000001066, -0.8008191513119444771 ) ) ;
#2662 = VERTEX_POINT ( 'NONE', #1978 ) ;
#2663 = CARTESIAN_POINT ( 'NONE',  ( 0.2736991249204051013, 2.774999999999999911, -0.8911747892307443353 ) ) ;
#2664 = LINE ( 'NONE', #1915, #91 ) ;
#2665 = DIRECTION ( 'NONE',  ( -1.000000000000000000, 0.000000000000000000, 0.000000000000000000 ) ) ;
#2666 = ADVANCED_FACE ( 'NONE', ( #2756 ), #4183, .F. ) ;
#2667 = CARTESIAN_POINT ( 'NONE',  ( 0.5515750791170866973, 2.824999999999998401, -0.7714154762967102563 ) ) ;
#2668 = CARTESIAN_POINT ( 'NONE',  ( -0.8627483476181332378, 2.774999999999999911, -0.8997846473150359348 ) ) ;
#2669 = AXIS2_PLACEMENT_3D ( 'NONE', #3035, #2287, #3831 ) ;
#2670 = CARTESIAN_POINT ( 'NONE',  ( 0.2226032761644232416, 2.825000000000000622, -0.6560075750649614346 ) ) ;
#2671 = UNCERTAINTY_MEASURE_WITH_UNIT (LENGTH_MEASURE( 1.000000000000000082E-05 ), #2042, 'distance_accuracy_value', 'NONE');
#2672 = CIRCLE ( 'NONE', #1947, 0.09999999999999982514 ) ;
#2673 = CARTESIAN_POINT ( 'NONE',  ( 1.077472541388005078, 2.775000000000000355, -0.7396681743620140415 ) ) ;
#2674 = CARTESIAN_POINT ( 'NONE',  ( 0.2670380396288051239, 2.824999999999999289, -0.5496627275973573479 ) ) ;
#2675 = ORIENTED_EDGE ( 'NONE', *, *, #2754, .T. ) ;
#2676 = B_SPLINE_CURVE_WITH_KNOTS ( 'NONE', 3,
 ( #3498, #830, #1919, #125, #2396, #3813, #3038, #73, #1611, #4579, #2317, #484, #3444, #2742, #508, #1988, #148, #533, #1628, #3883, #3391, #1699, #3906, #558, #922, #4625, #3518 ),
 .UNSPECIFIED., .F., .F.,
 ( 4, 1, 1, 1, 1, 1, 1, 1, 1, 1, 1, 1, 1, 1, 1, 1, 1, 1, 1, 1, 1, 1, 1, 1, 4 ),
 ( 0.000000000000000000, 0.03378714634699097469, 0.06662165772429384791, 0.09928487809597232039, 0.1313611650426505517, 0.1635851875953430734, 0.1961039269870678559, 0.2289022543238167784, 0.2621580559050073478, 0.2959912222583162000, 0.3302178457247997856, 0.3650598258919539041, 0.4009507373401076658, 0.4376203820767376462, 0.4757075294370918805, 0.5153806916250482928, 0.5564135414931642432, 0.5997648298727310534, 0.6464241555840871678, 0.6964314445175666668, 0.7497815178015574400, 0.8065733069755323115, 0.8674355315653994314, 0.9318867532508740004, 1.000000000000000000 ),
 .UNSPECIFIED. ) ;
#2677 = CARTESIAN_POINT ( 'NONE',  ( -0.4358974358974352925, 2.774999999999999911, -0.1025641025641009785 ) ) ;
#2678 = CARTESIAN_POINT ( 'NONE',  ( 0.4287423406231311573, 2.774999999999999911, -0.6346885884154123136 ) ) ;
#2679 = CARTESIAN_POINT ( 'NONE',  ( 0.9006199649087756054, 2.775000000000000355, -0.1310185498722285236 ) ) ;
#2680 = CARTESIAN_POINT ( 'NONE',  ( -3.225000000000000533, 0.07499999999999933109, 1.500000000000000000 ) ) ;
#2681 = CARTESIAN_POINT ( 'NONE',  ( -0.1959768810144013329, 2.825000000000000178, -0.7895888403497006713 ) ) ;
#2682 = ORIENTED_EDGE ( 'NONE', *, *, #3161, .F. ) ;
#2683 = UNCERTAINTY_MEASURE_WITH_UNIT (LENGTH_MEASURE( 1.000000000000000082E-05 ), #472, 'distance_accuracy_value', 'NONE');
#2684 = CARTESIAN_POINT ( 'NONE',  ( -0.3071074068328994433, 2.775000000000000355, -0.7042136602413469060 ) ) ;
#2685 = CARTESIAN_POINT ( 'NONE',  ( -1.051229269061545013, 2.825000000000000622, -0.8250962698609219936 ) ) ;
#2686 = ORIENTED_EDGE ( 'NONE', *, *, #4295, .F. ) ;
#2687 = CARTESIAN_POINT ( 'NONE',  ( 0.5128546405540896913, 2.824999999999997069, -0.4866432289131831235 ) ) ;
#2688 = CARTESIAN_POINT ( 'NONE',  ( 1.077472541388005078, 2.825000000000000622, -0.7396681743620140415 ) ) ;
#2689 = EDGE_LOOP ( 'NONE', ( #1908, #1342, #4689, #2228 ) ) ;
#2690 = CARTESIAN_POINT ( 'NONE',  ( -0.2154385059388253809, 2.775000000000000799, -0.7185765928435562389 ) ) ;
#2691 = CARTESIAN_POINT ( 'NONE',  ( -0.4810707404608419724, 2.825000000000000622, -0.8665378504550249605 ) ) ;
#2692 = FILL_AREA_STYLE_COLOUR ( '', #3711 ) ;
#2693 = CARTESIAN_POINT ( 'NONE',  ( -0.8765275849223305160, 2.775000000000000799, -1.002813578924636850 ) ) ;
#2694 = DIRECTION ( 'NONE',  ( -1.000000000000000000, 0.000000000000000000, 0.000000000000000000 ) ) ;
#2695 = CARTESIAN_POINT ( 'NONE',  ( -0.5769881953914187678, 2.775000000000001688, -0.9760787700601936123 ) ) ;
#2696 = ADVANCED_FACE ( 'NONE', ( #846 ), #3120, .F. ) ;
#2697 = CARTESIAN_POINT ( 'NONE',  ( 1.102379845726646046, 2.774999999999999911, -0.5149588970139289401 ) ) ;
#2698 = VECTOR ( 'NONE', #1457, 1000.000000000000000 ) ;
#2699 = PRESENTATION_STYLE_ASSIGNMENT (( #4219 ) ) ;
#2700 = ORIENTED_EDGE ( 'NONE', *, *, #946, .T. ) ;
#2701 = VECTOR ( 'NONE', #2800, 1000.000000000000000 ) ;
#2702 = DIRECTION ( 'NONE',  ( 1.000000000000000000, -1.204669080539449837E-16, 0.000000000000000000 ) ) ;
#2703 = VECTOR ( 'NONE', #3012, 1000.000000000000000 ) ;
#2704 = CARTESIAN_POINT ( 'NONE',  ( 0.1179374321090558009, 2.824999999999997069, -0.4959350349268773495 ) ) ;
#2705 = CARTESIAN_POINT ( 'NONE',  ( 0.5315228882858616943, 2.775000000000000799, -0.9206964640295565161 ) ) ;
#2706 = CARTESIAN_POINT ( 'NONE',  ( -0.6412687033170992867, 2.774999999999999911, -0.3796517501818752471 ) ) ;
#2707 = VECTOR ( 'NONE', #3168, 1000.000000000000000 ) ;
#2708 = VECTOR ( 'NONE', #4654, 1000.000000000000000 ) ;
#2709 = CARTESIAN_POINT ( 'NONE',  ( -0.2104708354469359277, 2.824999999999999734, -0.7437255589688556157 ) ) ;
#2710 = ORIENTED_EDGE ( 'NONE', *, *, #4724, .F. ) ;
#2711 = EDGE_CURVE ( 'NONE', #881, #2358, #4065, .T. ) ;
#2712 =( NAMED_UNIT ( * ) SI_UNIT ( $, .STERADIAN. ) SOLID_ANGLE_UNIT ( ) );
#2713 = CARTESIAN_POINT ( 'NONE',  ( 0.01382211538461514296, 2.774999999999999911, -0.9230769230769216849 ) ) ;
#2714 = ORIENTED_EDGE ( 'NONE', *, *, #891, .F. ) ;
#2715 = CARTESIAN_POINT ( 'NONE',  ( 0.5170084279484052914, 2.824999999999996181, -0.3879164761725383270 ) ) ;
#2716 = ORIENTED_EDGE ( 'NONE', *, *, #619, .T. ) ;
#2717 = CARTESIAN_POINT ( 'NONE',  ( -1.115384615384614975, 2.825000000000000178, 1.596070698149334083E-15 ) ) ;
#2718 =( LENGTH_UNIT ( ) NAMED_UNIT ( * ) SI_UNIT ( .MILLI., .METRE. ) );
#2719 = CARTESIAN_POINT ( 'NONE',  ( 0.9840960449335014459, 2.825000000000000622, -0.2756376146130529170 ) ) ;
#2720 = CARTESIAN_POINT ( 'NONE',  ( 0.1183894230769228367, 2.775000000000000355, -0.3693910256410242177 ) ) ;
#2721 = LINE ( 'NONE', #124, #900 ) ;
#2722 = LINE ( 'NONE', #462, #3512 ) ;
#2723 = CARTESIAN_POINT ( 'NONE',  ( 0.1519592014876581798, 2.825000000000000178, -0.8773390903124935747 ) ) ;
#2724 = CARTESIAN_POINT ( 'NONE',  ( -1.875000000000000888, -0.1749999999999998224, -1.500000000000000000 ) ) ;
#2725 = ORIENTED_EDGE ( 'NONE', *, *, #2405, .T. ) ;
#2726 = CARTESIAN_POINT ( 'NONE',  ( 0.1844199238426257881, 2.775000000000000799, -0.5788399692513525041 ) ) ;
#2727 = CARTESIAN_POINT ( 'NONE',  ( 0.6451108629711983511, 2.775000000000000355, -1.004148404861761934 ) ) ;
#2728 = CARTESIAN_POINT ( 'NONE',  ( -0.5324304862790200099, 2.774999999999999467, -0.5060221396711119812 ) ) ;
#2729 = ADVANCED_FACE ( 'NONE', ( #251 ), #3594, .F. ) ;
#2730 = DIRECTION ( 'NONE',  ( -0.000000000000000000, -1.000000000000000000, -0.000000000000000000 ) ) ;
#2731 = ORIENTED_EDGE ( 'NONE', *, *, #1105, .F. ) ;
#2732 = CARTESIAN_POINT ( 'NONE',  ( 0.6191419908816900852, 2.775000000000000355, -0.8681926533092070297 ) ) ;
#2733 = ORIENTED_EDGE ( 'NONE', *, *, #3997, .F. ) ;
#2734 = CARTESIAN_POINT ( 'NONE',  ( 0.5128205128205136631, 2.824999999999997069, -0.4999999999999985012 ) ) ;
#2735 = AXIS2_PLACEMENT_3D ( 'NONE', #2796, #1965, #1614 ) ;
#2736 = ORIENTED_EDGE ( 'NONE', *, *, #1387, .F. ) ;
#2737 = CARTESIAN_POINT ( 'NONE',  ( 0.7604166666666676289, 2.825000000000000622, -0.07692307692307542855 ) ) ;
#2738 = CARTESIAN_POINT ( 'NONE',  ( 0.7714902871397377737, 2.824999999999999734, -0.07737958572637536336 ) ) ;
#2739 = FACE_OUTER_BOUND ( 'NONE', #3433, .T. ) ;
#2740 = CARTESIAN_POINT ( 'NONE',  ( -1.062112541637203256, 2.774999999999999911, -0.7942762944410201031 ) ) ;
#2741 = LINE ( 'NONE', #1587, #2387 ) ;
#2742 = CARTESIAN_POINT ( 'NONE',  ( 0.5171205492075107157, 2.825000000000000622, -0.09815813799341226165 ) ) ;
#2743 = FILL_AREA_STYLE_COLOUR ( '', #1631 ) ;
#2744 = CARTESIAN_POINT ( 'NONE',  ( 0.1169179575319034825, 2.775000000000000799, -0.8999571463734045151 ) ) ;
#2745 = CARTESIAN_POINT ( 'NONE',  ( 0.2670380396288051239, 2.774999999999999467, -0.5496627275973573479 ) ) ;
#2746 = EDGE_LOOP ( 'NONE', ( #2373, #788, #1347, #937 ) ) ;
#2747 = MECHANICAL_DESIGN_GEOMETRIC_PRESENTATION_REPRESENTATION (  '', ( #86 ), #4597 ) ;
#2748 = EDGE_CURVE ( 'NONE', #3329, #1616, #3232, .T. ) ;
#2749 =( NAMED_UNIT ( * ) SI_UNIT ( $, .STERADIAN. ) SOLID_ANGLE_UNIT ( ) );
#2750 = CARTESIAN_POINT ( 'NONE',  ( 0.2226032761644232416, 2.824999999999997069, -0.6560075750649614346 ) ) ;
#2751 = CARTESIAN_POINT ( 'NONE',  ( 0.2736991249204051013, 2.774999999999999911, -0.8911747892307443353 ) ) ;
#2752 = CARTESIAN_POINT ( 'NONE',  ( -0.1609939885891588096, 2.825000000000000622, -0.8468179629232409633 ) ) ;
#2753 = ORIENTED_EDGE ( 'NONE', *, *, #2291, .F. ) ;
#2754 = EDGE_CURVE ( 'NONE', #3288, #1735, #2080, .T. ) ;
#2755 = EDGE_CURVE ( 'NONE', #3849, #532, #4345, .T. ) ;
#2756 = FACE_OUTER_BOUND ( 'NONE', #2031, .T. ) ;
#2757 = AXIS2_PLACEMENT_3D ( 'NONE', #2381, #110, #160 ) ;
#2758 = CARTESIAN_POINT ( 'NONE',  ( 0.5605800304531002309, 2.774999999999999467, -0.7907958660753955371 ) ) ;
#2759 = CARTESIAN_POINT ( 'NONE',  ( 0.7494142150669487190, 2.824999999999997069, -0.07747408274399827932 ) ) ;
#2760 = ORIENTED_EDGE ( 'NONE', *, *, #1189, .T. ) ;
#2761 = LINE ( 'NONE', #896, #3209 ) ;
#2762 = ORIENTED_EDGE ( 'NONE', *, *, #1159, .T. ) ;
#2763 =( NAMED_UNIT ( * ) PLANE_ANGLE_UNIT ( ) SI_UNIT ( $, .RADIAN. ) );
#2764 = CARTESIAN_POINT ( 'NONE',  ( 0.2222958388037115651, 2.825000000000000622, -0.7793575988472850602 ) ) ;
#2765 = DIRECTION ( 'NONE',  ( 1.000000000000000000, 0.000000000000000000, 0.000000000000000000 ) ) ;
#2766 = EDGE_CURVE ( 'NONE', #1026, #2334, #3991, .T. ) ;
#2767 = VERTEX_POINT ( 'NONE', #4301 ) ;
#2768 = CARTESIAN_POINT ( 'NONE',  ( -0.6412687033170992867, 2.774999999999999911, -0.3796517501818752471 ) ) ;
#2769 = DIRECTION ( 'NONE',  ( 7.228014483236690639E-16, -1.000000000000000000, -0.000000000000000000 ) ) ;
#2770 = DIRECTION ( 'NONE',  ( -0.6840139935696788465, 0.000000000000000000, 0.7294688866571756858 ) ) ;
#2771 = CARTESIAN_POINT ( 'NONE',  ( 0.1980528940391032000, 2.774999999999999467, -0.5996230017977891569 ) ) ;
#2772 = VECTOR ( 'NONE', #4598, 1000.000000000000000 ) ;
#2773 = CARTESIAN_POINT ( 'NONE',  ( 0.9710482675733460578, 2.775000000000000799, -0.06280087840786101328 ) ) ;
#2774 = VECTOR ( 'NONE', #3755, 1000.000000000000000 ) ;
#2775 = CARTESIAN_POINT ( 'NONE',  ( -0.5021927296019632614, 2.825000000000001066, -0.5496627275973572369 ) ) ;
#2776 = CARTESIAN_POINT ( 'NONE',  ( -0.009355778608494593612, 2.825000000000000622, -0.9224714266288372988 ) ) ;
#2777 = VECTOR ( 'NONE', #2545, 1000.000000000000000 ) ;
#2778 = ORIENTED_EDGE ( 'NONE', *, *, #3605, .F. ) ;
#2779 = CARTESIAN_POINT ( 'NONE',  ( 0.2270702691164277753, 2.825000000000001066, -0.7603390806142014124 ) ) ;
#2780 = CARTESIAN_POINT ( 'NONE',  ( -0.5386431791185147810, 2.824999999999999289, -0.7271758207913654459 ) ) ;
#2781 = CARTESIAN_POINT ( 'NONE',  ( -1.875000000000000888, -0.1749999999999998224, 1.500000000000000000 ) ) ;
#2782 = EDGE_CURVE ( 'NONE', #4569, #1591, #3214, .T. ) ;
#2783 = CARTESIAN_POINT ( 'NONE',  ( 0.9521298765930668040, 2.825000000000000178, -0.9548576596665691030 ) ) ;
#2784 = ORIENTED_EDGE ( 'NONE', *, *, #646, .T. ) ;
#2785 = B_SPLINE_CURVE_WITH_KNOTS ( 'NONE', 3,
 ( #2264, #3039, #4505, #486, #801, #3445, #3756, #2695, #414, #1892, #440, #1507, #3731, #3063, #3368, #1240, #3085, #102, #3814 ),
 .UNSPECIFIED., .F., .F.,
 ( 4, 1, 1, 1, 1, 1, 1, 1, 1, 1, 1, 1, 1, 1, 1, 1, 4 ),
 ( 0.000000000000000000, 0.06947546024967046763, 0.1365167976177988352, 0.2007888236092608691, 0.2638296728558259807, 0.3257350229654198404, 0.3872906922152912768, 0.4495092187626026359, 0.5129678195454413503, 0.5762752154930612658, 0.6375801002639245318, 0.6979026059171020702, 0.7571720884269853569, 0.8165985284886555506, 0.8766531708928197997, 0.9372896424102402646, 1.000000000000000000 ),
 .UNSPECIFIED. ) ;
#2786 = CARTESIAN_POINT ( 'NONE',  ( 1.003787627568891061, 2.774999999999999467, -0.3639209096807292654 ) ) ;
#2787 = PRESENTATION_STYLE_ASSIGNMENT (( #4620 ) ) ;
#2788 = CARTESIAN_POINT ( 'NONE',  ( 3.300000000000002043, 1.636074467135545163, 1.600000000000000977 ) ) ;
#2789 = ORIENTED_EDGE ( 'NONE', *, *, #3367, .F. ) ;
#2790 = CARTESIAN_POINT ( 'NONE',  ( 0.4389638700728081822, 2.775000000000000799, -0.7114042542885943288 ) ) ;
#2791 = PRESENTATION_LAYER_ASSIGNMENT (  '', '', ( #3487 ) ) ;
#2792 = EDGE_CURVE ( 'NONE', #3553, #4468, #1619, .T. ) ;
#2793 = DIRECTION ( 'NONE',  ( 0.000000000000000000, 1.000000000000000000, -0.000000000000000000 ) ) ;
#2794 = STYLED_ITEM ( 'NONE', ( #1454 ), #2187 ) ;
#2795 = CARTESIAN_POINT ( 'NONE',  ( 3.225000000000000533, 1.325000000000001066, -1.500000000000000000 ) ) ;
#2796 = CARTESIAN_POINT ( 'NONE',  ( 0.3333333333333330928, 2.774999999999999911, -0.1025641025641010340 ) ) ;
#2797 = CARTESIAN_POINT ( 'NONE',  ( 3.150000000000000355, 2.825000000000000178, 1.599999999999999201 ) ) ;
#2798 = VERTEX_POINT ( 'NONE', #4683 ) ;
#2799 = ADVANCED_FACE ( 'NONE', ( #4725 ), #2525, .F. ) ;
#2800 = DIRECTION ( 'NONE',  ( -0.000000000000000000, -1.000000000000000000, -0.000000000000000000 ) ) ;
#2801 = CARTESIAN_POINT ( 'NONE',  ( 0.2307692307692305322, 2.774999999999999911, -0.7203525641025626536 ) ) ;
#2802 = CARTESIAN_POINT ( 'NONE',  ( 1.096433100163570540, 2.824999999999997957, -0.3697873365691913827 ) ) ;
#2803 = CARTESIAN_POINT ( 'NONE',  ( -0.5469349304270572087, 2.775000000000000355, -0.7793575988472847271 ) ) ;
#2804 = CARTESIAN_POINT ( 'NONE',  ( 0.3333333333333330928, 2.774999999999999911, -0.1025641025641010340 ) ) ;
#2805 = ORIENTED_EDGE ( 'NONE', *, *, #997, .T. ) ;
#2806 = CARTESIAN_POINT ( 'NONE',  ( -0.1294967021865766066, 2.825000000000000178, -0.8767917222203753802 ) ) ;
#2807 = FACE_OUTER_BOUND ( 'NONE', #1445, .T. ) ;
#2808 = CARTESIAN_POINT ( 'NONE',  ( 3.225000000000001421, 0.02500000000000028241, 1.500000000000000000 ) ) ;
#2809 = ORIENTED_EDGE ( 'NONE', *, *, #3314, .F. ) ;
#2810 = EDGE_CURVE ( 'NONE', #2464, #1662, #1135, .T. ) ;
#2811 = CARTESIAN_POINT ( 'NONE',  ( 0.5128205128205136631, 2.774999999999999911, -0.4999999999999985012 ) ) ;
#2812 = DIRECTION ( 'NONE',  ( -1.000000000000000000, -0.000000000000000000, 1.398970545142586541E-16 ) ) ;
#2813 = CARTESIAN_POINT ( 'NONE',  ( -0.6868436725665272302, 2.825000000000000178, -1.020548191202840016 ) ) ;
#2814 = ORIENTED_EDGE ( 'NONE', *, *, #869, .T. ) ;
#2815 = CARTESIAN_POINT ( 'NONE',  ( 0.6884733603390890133, 2.775000000000000799, -1.018177342756662940 ) ) ;
#2816 = STYLED_ITEM ( 'NONE', ( #4193 ), #4232 ) ;
#2817 = CARTESIAN_POINT ( 'NONE',  ( -0.5386431791185147810, 2.825000000000000178, -0.7271758207913654459 ) ) ;
#2818 = CYLINDRICAL_SURFACE ( 'NONE', #503, 0.2000000000000000944 ) ;
#2819 = CARTESIAN_POINT ( 'NONE',  ( 0.1680767785752531884, 2.775000000000000355, -0.8634301744603617434 ) ) ;
#2820 = STYLED_ITEM ( 'NONE', ( #2887 ), #4066 ) ;
#2821 = EDGE_CURVE ( 'NONE', #3336, #3410, #2395, .T. ) ;
#2822 = DIRECTION ( 'NONE',  ( -0.000000000000000000, 1.000000000000000000, -0.000000000000000000 ) ) ;
#2823 = CARTESIAN_POINT ( 'NONE',  ( -3.225000000000000533, 1.325000000000000178, 1.500000000000000000 ) ) ;
#2824 = CARTESIAN_POINT ( 'NONE',  ( 0.5324445765267472597, 2.825000000000000178, -0.07830730281977875407 ) ) ;
#2825 = CARTESIAN_POINT ( 'NONE',  ( -0.5421605001143406932, 2.775000000000000799, -0.7603390806142015235 ) ) ;
#2826 = PLANE ( 'NONE',  #1427 ) ;
#2827 = ORIENTED_EDGE ( 'NONE', *, *, #1780, .F. ) ;
#2828 = VECTOR ( 'NONE', #636, 1000.000000000000000 ) ;
#2829 = VECTOR ( 'NONE', #2855, 1000.000000000000000 ) ;
#2830 = DIRECTION ( 'NONE',  ( -0.000000000000000000, -0.000000000000000000, -1.000000000000000000 ) ) ;
#2831 = CARTESIAN_POINT ( 'NONE',  ( -0.5386431791185147810, 2.774999999999999911, -0.7271758207913654459 ) ) ;
#2832 = DIRECTION ( 'NONE',  ( -2.891205793294678326E-16, -1.000000000000000000, 0.000000000000000000 ) ) ;
#2833 = ORIENTED_EDGE ( 'NONE', *, *, #4216, .T. ) ;
#2834 = COLOUR_RGB ( '',0.1098039215686274495, 0.1098039215686274495, 0.1098039215686274495 ) ;
#2835 = CARTESIAN_POINT ( 'NONE',  ( 3.149999999999999911, 0.1499999999999999944, -1.599999999999999423 ) ) ;
#2836 = ORIENTED_EDGE ( 'NONE', *, *, #2384, .F. ) ;
#2837 = CARTESIAN_POINT ( 'NONE',  ( 0.5844210811452387189, 2.825000000000000622, -0.9699535255631022146 ) ) ;
#2838 = CARTESIAN_POINT ( 'NONE',  ( 0.5128205128205136631, 2.774999999999999911, -0.4999999999999985012 ) ) ;
#2839 = CARTESIAN_POINT ( 'NONE',  ( -3.375000000000000888, 1.425000000000000266, -1.500000000000000000 ) ) ;
#2840 = CARTESIAN_POINT ( 'NONE',  ( -0.3059586771111802439, 2.775000000000000799, -0.7275966644056054422 ) ) ;
#2841 = DIRECTION ( 'NONE',  ( 0.000000000000000000, 1.000000000000000000, -0.000000000000000000 ) ) ;
#2842 = CARTESIAN_POINT ( 'NONE',  ( -0.9010416666666660745, 2.825000000000000178, -0.1025641025641009785 ) ) ;
#2843 = ADVANCED_FACE ( 'NONE', ( #1900 ), #2948, .F. ) ;
#2844 = SURFACE_STYLE_USAGE ( .BOTH. , #1749 ) ;
#2845 =( LENGTH_UNIT ( ) NAMED_UNIT ( * ) SI_UNIT ( .MILLI., .METRE. ) );
#2846 = CARTESIAN_POINT ( 'NONE',  ( 0.6885635996514561930, 2.824999999999999734, 0.01815669647052182978 ) ) ;
#2847 = ORIENTED_EDGE ( 'NONE', *, *, #4630, .T. ) ;
#2848 = VECTOR ( 'NONE', #1730, 1000.000000000000000 ) ;
#2849 = CARTESIAN_POINT ( 'NONE',  ( -0.6508413461538457012, 2.775000000000000355, -0.3693910256410241622 ) ) ;
#2850 = VECTOR ( 'NONE', #1674, 1000.000000000000000 ) ;
#2851 = CARTESIAN_POINT ( 'NONE',  ( 0.01382211538461514296, 2.824999999999999734, -0.9230769230769216849 ) ) ;
#2852 = CARTESIAN_POINT ( 'NONE',  ( -0.1858599571630303871, 2.775000000000000355, -0.8101215690838011740 ) ) ;
#2853 = CARTESIAN_POINT ( 'NONE',  ( 3.375000000000000888, 1.425000000000001155, 1.500000000000000000 ) ) ;
#2854 = EDGE_LOOP ( 'NONE', ( #1258, #4092, #1540, #3828 ) ) ;
#2855 = DIRECTION ( 'NONE',  ( -0.000000000000000000, -1.000000000000000000, -0.000000000000000000 ) ) ;
#2856 = ORIENTED_EDGE ( 'NONE', *, *, #2393, .F. ) ;
#2857 = DIRECTION ( 'NONE',  ( 1.000000000000000000, 0.000000000000000000, -2.891205793294671522E-15 ) ) ;
#2858 = PLANE ( 'NONE',  #3977 ) ;
#2859 = STYLED_ITEM ( 'NONE', ( #2535 ), #348 ) ;
#2860 = CARTESIAN_POINT ( 'NONE',  ( 0.007263921409943199618, 2.775000000000000355, -1.025394612311206988 ) ) ;
#2861 = DIRECTION ( 'NONE',  ( 0.000000000000000000, 1.000000000000000000, -0.000000000000000000 ) ) ;
#2862 = VECTOR ( 'NONE', #2119, 1000.000000000000000 ) ;
#2863 =( NAMED_UNIT ( * ) PLANE_ANGLE_UNIT ( ) SI_UNIT ( $, .RADIAN. ) );
#2864 = COLOUR_RGB ( '',0.1098039215686274495, 0.1098039215686274495, 0.1098039215686274495 ) ;
#2865 = CARTESIAN_POINT ( 'NONE',  ( 0.8045638197246285372, 2.824999999999996181, -1.022560491751152378 ) ) ;
#2866 = EDGE_CURVE ( 'NONE', #3253, #4306, #3713, .T. ) ;
#2867 = CARTESIAN_POINT ( 'NONE',  ( 0.7932220343658562545, 2.825000000000002398, -0.9213368273956581422 ) ) ;
#2868 = CARTESIAN_POINT ( 'NONE',  ( 0.4230769230769240163, 2.774999999999999911, -0.4995993589743574770 ) ) ;
#2869 = ORIENTED_EDGE ( 'NONE', *, *, #997, .F. ) ;
#2870 = CARTESIAN_POINT ( 'NONE',  ( -0.7554086538461532996, 2.774999999999999911, -0.9230769230769215739 ) ) ;
#2871 = CARTESIAN_POINT ( 'NONE',  ( 0.7574118589743599195, 2.774999999999999911, -1.025641025641024218 ) ) ;
#2872 = FACE_OUTER_BOUND ( 'NONE', #1878, .T. ) ;
#2873 = EDGE_CURVE ( 'NONE', #2401, #3253, #3176, .T. ) ;
#2874 = CARTESIAN_POINT ( 'NONE',  ( 0.3002136515931210226, 2.825000000000000622, -0.8409297928603075567 ) ) ;
#2875 = CARTESIAN_POINT ( 'NONE',  ( -0.2154385059388253809, 2.825000000000001066, -0.7185765928435562389 ) ) ;
#2876 = CARTESIAN_POINT ( 'NONE',  ( 0.06924555636002571735, 2.774999999999999911, -0.4426514632451225006 ) ) ;
#2877 = DIRECTION ( 'NONE',  ( -0.000000000000000000, 1.000000000000000000, -0.000000000000000000 ) ) ;
#2878 = ORIENTED_EDGE ( 'NONE', *, *, #2276, .T. ) ;
#2879 = CARTESIAN_POINT ( 'NONE',  ( -0.9805330148588279338, 2.824999999999999734, -0.9321730855556880080 ) ) ;
#2880 = ORIENTED_EDGE ( 'NONE', *, *, #1416, .F. ) ;
#2881 = CARTESIAN_POINT ( 'NONE',  ( 0.6884733603390890133, 2.825000000000001510, -1.018177342756662940 ) ) ;
#2882 = CARTESIAN_POINT ( 'NONE',  ( 0.8255850755804666763, 2.775000000000000355, -0.9131058866468276802 ) ) ;
#2883 = CARTESIAN_POINT ( 'NONE',  ( -3.475000000000000533, 1.425000000000000266, 1.500000000000000000 ) ) ;
#2884 = LINE ( 'NONE', #2797, #1209 ) ;
#2885 = CARTESIAN_POINT ( 'NONE',  ( 0.9710482675733460578, 2.824999999999997957, -0.06280087840786101328 ) ) ;
#2886 = SURFACE_STYLE_FILL_AREA ( #3247 ) ;
#2887 = PRESENTATION_STYLE_ASSIGNMENT (( #315 ) ) ;
#2888 = AXIS2_PLACEMENT_3D ( 'NONE', #149, #237, #509 ) ;
#2889 = CARTESIAN_POINT ( 'NONE',  ( 0.9944438882438003668, 2.825000000000002398, -0.6909879312842898136 ) ) ;
#2890 = CARTESIAN_POINT ( 'NONE',  ( 0.4233516023273723450, 2.774999999999999467, -0.4527707561715451634 ) ) ;
#2891 = CARTESIAN_POINT ( 'NONE',  ( 0.8715519783047001035, 2.774999999999999911, 0.003585878591947570197 ) ) ;
#2892 = VERTEX_POINT ( 'NONE', #1801 ) ;
#2893 = CARTESIAN_POINT ( 'NONE',  ( -0.5711778751916654073, 2.825000000000001066, -0.5996230017977893789 ) ) ;
#2894 = CARTESIAN_POINT ( 'NONE',  ( 0.5432652116370386697, 2.825000000000001510, -0.7506679233198355616 ) ) ;
#2895 = CARTESIAN_POINT ( 'NONE',  ( -3.375000000000000888, 1.525000000000000355, 1.500000000000000000 ) ) ;
#2896 = CARTESIAN_POINT ( 'NONE',  ( 0.2568127663077550693, 2.825000000000001066, -0.9150284759770733745 ) ) ;
#2897 =( NAMED_UNIT ( * ) PLANE_ANGLE_UNIT ( ) SI_UNIT ( $, .RADIAN. ) );
#2898 = EDGE_LOOP ( 'NONE', ( #1494, #911, #2716, #3516 ) ) ;
#2899 = LINE ( 'NONE', #760, #1351 ) ;
#2900 = ADVANCED_FACE ( 'NONE', ( #4414 ), #4036, .T. ) ;
#2901 = VECTOR ( 'NONE', #1571, 1000.000000000000000 ) ;
#2902 = ORIENTED_EDGE ( 'NONE', *, *, #308, .F. ) ;
#2903 = EDGE_CURVE ( 'NONE', #3310, #3412, #29, .T. ) ;
#2904 = CARTESIAN_POINT ( 'NONE',  ( -1.051229269061545013, 2.775000000000000355, -0.8250962698609219936 ) ) ;
#2905 = DIRECTION ( 'NONE',  ( -0.000000000000000000, 0.000000000000000000, -1.000000000000000000 ) ) ;
#2906 = ORIENTED_EDGE ( 'NONE', *, *, #4432, .T. ) ;
#2907 = LINE ( 'NONE', #3266, #171 ) ;
#2908 = DIRECTION ( 'NONE',  ( -0.000000000000000000, 1.000000000000000000, -0.000000000000000000 ) ) ;
#2909 = CARTESIAN_POINT ( 'NONE',  ( 0.7653675467207435856, 2.824999999999997069, 0.02552521479611232630 ) ) ;
#2910 = CARTESIAN_POINT ( 'NONE',  ( -0.7785865478392629546, 2.824999999999999734, -0.9224714266288369657 ) ) ;
#2911 = DIRECTION ( 'NONE',  ( -1.000000000000000000, -4.336808689942017736E-16, -0.000000000000000000 ) ) ;
#2912 = CARTESIAN_POINT ( 'NONE',  ( 0.8274065859288004532, 2.775000000000000799, -1.018140170866314920 ) ) ;
#2913 = EDGE_CURVE ( 'NONE', #4775, #3208, #708, .T. ) ;
#2914 = CARTESIAN_POINT ( 'NONE',  ( 0.8255850755804666763, 2.825000000000001510, -0.9131058866468276802 ) ) ;
#2915 = CARTESIAN_POINT ( 'NONE',  ( -3.275000000000000355, 1.275000000000000355, -1.500000000000000000 ) ) ;
#2916 = ORIENTED_EDGE ( 'NONE', *, *, #1798, .T. ) ;
#2917 = CARTESIAN_POINT ( 'NONE',  ( -0.5579738805064581308, 2.774999999999999911, -0.6249979495618050995 ) ) ;
#2918 = PLANE ( 'NONE',  #3472 ) ;
#2919 = CARTESIAN_POINT ( 'NONE',  ( 0.9872435418751639435, 2.824999999999999289, -0.7169716526612467389 ) ) ;
#2920 = SURFACE_STYLE_FILL_AREA ( #1414 ) ;
#2921 = VERTEX_POINT ( 'NONE', #2597 ) ;
#2922 = CARTESIAN_POINT ( 'NONE',  ( -3.225000000000000533, 1.325000000000000178, -1.500000000000000000 ) ) ;
#2923 = ORIENTED_EDGE ( 'NONE', *, *, #235, .T. ) ;
#2924 = VECTOR ( 'NONE', #688, 1000.000000000000000 ) ;
#2925 = VECTOR ( 'NONE', #4661, 1000.000000000000000 ) ;
#2926 = DIRECTION ( 'NONE',  ( 0.000000000000000000, -0.000000000000000000, 1.000000000000000000 ) ) ;
#2927 = CARTESIAN_POINT ( 'NONE',  ( -0.6569073027198464310, 2.774999999999999911, -1.013763736449899699 ) ) ;
#2928 = EDGE_LOOP ( 'NONE', ( #4507, #3001, #3261, #1805 ) ) ;
#2929 =( GEOMETRIC_REPRESENTATION_CONTEXT ( 3 ) GLOBAL_UNCERTAINTY_ASSIGNED_CONTEXT ( ( #3680 ) ) GLOBAL_UNIT_ASSIGNED_CONTEXT ( ( #4674, #2398, #4286 ) ) REPRESENTATION_CONTEXT ( 'NONE', 'WORKASPACE' ) );
#2930 = EDGE_CURVE ( 'NONE', #3647, #3601, #3351, .T. ) ;
#2931 = VECTOR ( 'NONE', #3916, 1000.000000000000000 ) ;
#2932 =( GEOMETRIC_REPRESENTATION_CONTEXT ( 3 ) GLOBAL_UNCERTAINTY_ASSIGNED_CONTEXT ( ( #3393 ) ) GLOBAL_UNIT_ASSIGNED_CONTEXT ( ( #3961, #2863, #609 ) ) REPRESENTATION_CONTEXT ( 'NONE', 'WORKASPACE' ) );
#2933 = VECTOR ( 'NONE', #3789, 1000.000000000000000 ) ;
#2934 = CARTESIAN_POINT ( 'NONE',  ( 0.01382211538461514296, 2.774999999999999911, -0.9230769230769216849 ) ) ;
#2935 =( NAMED_UNIT ( * ) SI_UNIT ( $, .STERADIAN. ) SOLID_ANGLE_UNIT ( ) );
#2936 = EDGE_CURVE ( 'NONE', #3190, #820, #2651, .T. ) ;
#2937 = CARTESIAN_POINT ( 'NONE',  ( 0.5705746054747302676, 2.775000000000000355, -0.8087926559968990903 ) ) ;
#2938 = CARTESIAN_POINT ( 'NONE',  ( -0.9863288524852651395, 2.774999999999999911, -0.7012094257416779941 ) ) ;
#2939 = VECTOR ( 'NONE', #2582, 1000.000000000000000 ) ;
#2940 = CARTESIAN_POINT ( 'NONE',  ( -0.9151207638017715418, 2.824999999999999734, -0.8626087061277909473 ) ) ;
#2941 = CARTESIAN_POINT ( 'NONE',  ( -3.225000000000000533, 1.275000000000000355, 1.500000000000000000 ) ) ;
#2942 = CARTESIAN_POINT ( 'NONE',  ( 3.275000000000000355, 1.275000000000001243, 1.500000000000000000 ) ) ;
#2943 = AXIS2_PLACEMENT_3D ( 'NONE', #3153, #2841, #925 ) ;
#2944 =( NAMED_UNIT ( * ) PLANE_ANGLE_UNIT ( ) SI_UNIT ( $, .RADIAN. ) );
#2945 = ORIENTED_EDGE ( 'NONE', *, *, #844, .F. ) ;
#2946 = CARTESIAN_POINT ( 'NONE',  ( -0.4501551877539476387, 2.825000000000000178, -0.6868242596087863472 ) ) ;
#2947 = CARTESIAN_POINT ( 'NONE',  ( 3.225000000000000533, 1.325000000000001066, 1.500000000000000000 ) ) ;
#2948 = PLANE ( 'NONE',  #442 ) ;
#2949 = CARTESIAN_POINT ( 'NONE',  ( -3.275000000000000355, 0.07499999999999933109, 1.500000000000000000 ) ) ;
#2950 = ORIENTED_EDGE ( 'NONE', *, *, #3966, .T. ) ;
#2951 = CARTESIAN_POINT ( 'NONE',  ( 0.9134783955253211740, 2.825000000000000622, -0.01768456296167191660 ) ) ;
#2952 = ORIENTED_EDGE ( 'NONE', *, *, #2163, .F. ) ;
#2953 = CARTESIAN_POINT ( 'NONE',  ( -0.2113022456280595207, 2.775000000000000355, -0.9321730855556883411 ) ) ;
#2954 = CARTESIAN_POINT ( 'NONE',  ( 0.5129208757836352106, 2.774999999999999911, -0.4607203589705665125 ) ) ;
#2955 = ORIENTED_EDGE ( 'NONE', *, *, #4086, .F. ) ;
#2956 =( NAMED_UNIT ( * ) PLANE_ANGLE_UNIT ( ) SI_UNIT ( $, .RADIAN. ) );
#2957 = EDGE_CURVE ( 'NONE', #3849, #4208, #4078, .T. ) ;
#2958 = CARTESIAN_POINT ( 'NONE',  ( 0.01842948717948694748, 2.774999999999999911, -1.025641025641024218 ) ) ;
#2959 = B_SPLINE_SURFACE_WITH_KNOTS ( 'NONE', 3, 1, ( 
 ( #3158, #3452 ),
 ( #1970, #3480 ),
 ( #4634, #134 ),
 ( #1752, #1020 ),
 ( #3274, #2846 ),
 ( #4316, #3207 ),
 ( #2428, #974 ),
 ( #1341, #3918 ),
 ( #3964, #3591 ),
 ( #4297, #3612 ),
 ( #631, #2140 ),
 ( #225, #1383 ),
 ( #269, #2824 ),
 ( #568, #2114 ),
 ( #1706, #3547 ),
 ( #2045, #1363 ),
 ( #202, #1684 ),
 ( #4679, #2475 ),
 ( #3227, #3252 ),
 ( #2451, #3941 ),
 ( #656, #613 ),
 ( #2094, #4698 ),
 ( #3186, #2521 ),
 ( #244, #947 ),
 ( #2890, #4745 ),
 ( #1727, #4006 ),
 ( #2868, #4339 ) ),
 .UNSPECIFIED., .F., .F., .F.,
 ( 4, 1, 1, 1, 1, 1, 1, 1, 1, 1, 1, 1, 1, 1, 1, 1, 1, 1, 1, 1, 1, 1, 1, 1, 4 ),
 ( 2, 2 ),
 ( 0.000000000000000000, 0.03378714634699097469, 0.06662165772429384791, 0.09928487809597232039, 0.1313611650426505517, 0.1635851875953430734, 0.1961039269870678559, 0.2289022543238167784, 0.2621580559050073478, 0.2959912222583162000, 0.3302178457247997856, 0.3650598258919539041, 0.4009507373401076658, 0.4376203820767376462, 0.4757075294370918805, 0.5153806916250482928, 0.5564135414931642432, 0.5997648298727310534, 0.6464241555840871678, 0.6964314445175666668, 0.7497815178015574400, 0.8065733069755323115, 0.8674355315653994314, 0.9318867532508740004, 1.000000000000000000 ),
 ( 0.000000000000000000, 1.000000000000000000 ),
 .UNSPECIFIED. ) ;
#2960 = DIRECTION ( 'NONE',  ( 0.000000000000000000, 0.000000000000000000, 1.000000000000000000 ) ) ;
#2961 = CARTESIAN_POINT ( 'NONE',  ( 0.5299318541352645573, 2.775000000000000355, -0.7028536553115479757 ) ) ;
#2962 = CARTESIAN_POINT ( 'NONE',  ( 0.2270702691164277753, 2.775000000000000799, -0.7603390806142014124 ) ) ;
#2963 = CARTESIAN_POINT ( 'NONE',  ( 0.2307692307692305322, 2.825000000000000178, -0.7203525641025626536 ) ) ;
#2964 = FILL_AREA_STYLE ('',( #1817 ) ) ;
#2965 = UNCERTAINTY_MEASURE_WITH_UNIT (LENGTH_MEASURE( 1.000000000000000082E-05 ), #2177, 'distance_accuracy_value', 'NONE');
#2966 = EDGE_CURVE ( 'NONE', #1886, #4468, #2974, .T. ) ;
#2967 = CARTESIAN_POINT ( 'NONE',  ( 1.102564102564103532, 2.824999999999997513, -0.4995993589743574770 ) ) ;
#2968 = DIRECTION ( 'NONE',  ( -0.000000000000000000, -1.000000000000000000, 0.000000000000000000 ) ) ;
#2969 = VERTEX_POINT ( 'NONE', #2995 ) ;
#2970 = VECTOR ( 'NONE', #1089, 1000.000000000000114 ) ;
#2971 = DIRECTION ( 'NONE',  ( -0.000000000000000000, -0.000000000000000000, -1.000000000000000000 ) ) ;
#2972 = CARTESIAN_POINT ( 'NONE',  ( 0.9394692835919435936, 2.825000000000000622, -0.8232075637777256372 ) ) ;
#2973 = B_SPLINE_CURVE_WITH_KNOTS ( 'NONE', 3,
 ( #317, #2991, #3760, #4429, #3657, #4767, #1115, #2619, #52, #4053, #4410, #2238, #706, #340, #24 ),
 .UNSPECIFIED., .F., .F.,
 ( 4, 1, 1, 1, 1, 1, 1, 1, 1, 1, 1, 1, 4 ),
 ( 0.000000000000000000, 0.1108026438013185316, 0.2128292023477700301, 0.3061013098231108454, 0.3906473211160101378, 0.4669244693608515240, 0.5344810392840302349, 0.5935869409656725493, 0.6445570045087176680, 0.7362004526293731699, 0.8250240256188642318, 0.9119855848297582224, 1.000000000000000000 ),
 .UNSPECIFIED. ) ;
#2974 = LINE ( 'NONE', #1122, #242 ) ;
#2975 = CARTESIAN_POINT ( 'NONE',  ( -0.6508413461538457012, 2.775000000000000355, -0.3693910256410241622 ) ) ;
#2976 = ORIENTED_EDGE ( 'NONE', *, *, #1332, .F. ) ;
#2977 = ORIENTED_EDGE ( 'NONE', *, *, #2782, .T. ) ;
#2978 = SURFACE_SIDE_STYLE ('',( #3408 ) ) ;
#2979 = CARTESIAN_POINT ( 'NONE',  ( 0.6192026798470070537, 2.774999999999999911, -0.1322850230234662028 ) ) ;
#2980 = ORIENTED_EDGE ( 'NONE', *, *, #3314, .T. ) ;
#2981 = CARTESIAN_POINT ( 'NONE',  ( 0.6041400709714440653, 2.825000000000000178, -0.9829390888979427920 ) ) ;
#2982 = CARTESIAN_POINT ( 'NONE',  ( 0.3205128205128203178, 2.774999999999999911, -0.7283653846153831379 ) ) ;
#2983 = VECTOR ( 'NONE', #2242, 1000.000000000000000 ) ;
#2984 = CARTESIAN_POINT ( 'NONE',  ( -0.7398361180263263170, 2.774999999999999911, -1.025384323799473529 ) ) ;
#2985 = SURFACE_SIDE_STYLE ('',( #1792 ) ) ;
#2986 = CARTESIAN_POINT ( 'NONE',  ( 0.5169186890546458857, 2.824999999999999289, -0.6124354972819464615 ) ) ;
#2987 = CARTESIAN_POINT ( 'NONE',  ( 0.1519592014876581798, 2.774999999999999911, -0.8773390903124935747 ) ) ;
#2988 = CARTESIAN_POINT ( 'NONE',  ( -0.9797016046777040632, 2.824999999999999734, -0.7437255589688551716 ) ) ;
#2989 =( NAMED_UNIT ( * ) SI_UNIT ( $, .STERADIAN. ) SOLID_ANGLE_UNIT ( ) );
#2990 = LINE ( 'NONE', #4457, #2248 ) ;
#2991 = CARTESIAN_POINT ( 'NONE',  ( -0.7181218491904293177, 2.825000000000000178, -0.4237188385010659530 ) ) ;
#2992 = EDGE_LOOP ( 'NONE', ( #1132, #4781, #4800, #3975 ) ) ;
#2993 = EDGE_CURVE ( 'NONE', #2431, #4281, #2625, .T. ) ;
#2994 = DIRECTION ( 'NONE',  ( -1.000000000000000000, -8.673617379884035472E-16, 0.000000000000000000 ) ) ;
#2995 = CARTESIAN_POINT ( 'NONE',  ( 3.300000000000002043, 1.636074467135545163, 1.600000000000000977 ) ) ;
#2996 = CARTESIAN_POINT ( 'NONE',  ( -3.099999999999998757, 2.725000000000000533, 3.200000000000002842 ) ) ;
#2997 = ORIENTED_EDGE ( 'NONE', *, *, #4319, .T. ) ;
#2998 = CARTESIAN_POINT ( 'NONE',  ( 1.077499923725433240, 2.824999999999999289, -0.2607551852093097366 ) ) ;
#2999 = CARTESIAN_POINT ( 'NONE',  ( 0.7713439046252754672, 2.774999999999999467, -0.9224973094065528345 ) ) ;
#3000 = B_SPLINE_SURFACE_WITH_KNOTS ( 'NONE', 3, 1, ( 
 ( #2477, #3967 ),
 ( #1729, #4341 ),
 ( #3188, #3229 ),
 ( #2380, #1641 ),
 ( #3892, #4610 ),
 ( #544, #3162 ),
 ( #1270, #2775 ),
 ( #4660, #2023 ),
 ( #3528, #4636 ),
 ( #1294, #4273 ),
 ( #949, #2048 ),
 ( #4221, #2016 ),
 ( #517, #1996 ),
 ( #2768, #3206 ),
 ( #4244, #3524 ) ),
 .UNSPECIFIED., .F., .F., .F.,
 ( 4, 1, 1, 1, 1, 1, 1, 1, 1, 1, 1, 1, 4 ),
 ( 2, 2 ),
 ( 0.000000000000000000, 0.09868359718800531755, 0.1956354369625601664, 0.2928171151783298676, 0.3917185922877373661, 0.4448284794206612824, 0.5043221969528338677, 0.5704332993909428939, 0.6426131106036513385, 0.7223398365756664719, 0.8079573173963708888, 0.9004882931788357192, 1.000000000000000000 ),
 ( 0.000000000000000000, 1.000000000000000000 ),
 .UNSPECIFIED. ) ;
#3001 = ORIENTED_EDGE ( 'NONE', *, *, #4344, .F. ) ;
#3002 = CARTESIAN_POINT ( 'NONE',  ( -0.1072968156915620336, 2.775000000000000355, -1.002813578924636628 ) ) ;
#3003 = CARTESIAN_POINT ( 'NONE',  ( -0.6019662081218031258, 2.824999999999999289, -0.9914494953910926167 ) ) ;
#3004 = EDGE_LOOP ( 'NONE', ( #2271, #868, #3693, #2014 ) ) ;
#3005 = CARTESIAN_POINT ( 'NONE',  ( -0.4358974358974352925, 2.774999999999999911, 1.596070698149334083E-15 ) ) ;
#3006 = CARTESIAN_POINT ( 'NONE',  ( 1.102020788239024940, 2.825000000000000178, -0.5448897110645464226 ) ) ;
#3007 = CARTESIAN_POINT ( 'NONE',  ( -0.1959768810144013329, 2.774999999999999911, -0.7895888403497006713 ) ) ;
#3008 = CARTESIAN_POINT ( 'NONE',  ( 0.9379974258784250507, 2.774999999999999911, -0.1734384960248693541 ) ) ;
#3009 = SURFACE_SIDE_STYLE ('',( #673 ) ) ;
#3010 = CARTESIAN_POINT ( 'NONE',  ( 0.5128526691162911266, 2.824999999999998845, -0.5134238238149916311 ) ) ;
#3011 = CARTESIAN_POINT ( 'NONE',  ( -0.9434952937813325669, 2.774999999999999467, -0.8292151163326848540 ) ) ;
#3012 = DIRECTION ( 'NONE',  ( 1.000000000000000000, 0.000000000000000000, -1.398970545142586541E-16 ) ) ;
#3013 = SURFACE_STYLE_USAGE ( .BOTH. , #1939 ) ;
#3014 = UNCERTAINTY_MEASURE_WITH_UNIT (LENGTH_MEASURE( 1.000000000000000082E-05 ), #2013, 'distance_accuracy_value', 'NONE');
#3015 = MECHANICAL_DESIGN_GEOMETRIC_PRESENTATION_REPRESENTATION (  '', ( #119 ), #3159 ) ;
#3016 = CARTESIAN_POINT ( 'NONE',  ( 1.018377291294505715, 2.824999999999996625, -0.8773035634402296390 ) ) ;
#3017 = PRESENTATION_LAYER_ASSIGNMENT (  '', '', ( #738 ) ) ;
#3018 = ORIENTED_EDGE ( 'NONE', *, *, #1305, .T. ) ;
#3019 = CARTESIAN_POINT ( 'NONE',  ( 0.9873113191272260281, 2.775000000000000799, -0.9195112630745699844 ) ) ;
#3020 = EDGE_CURVE ( 'NONE', #1301, #2239, #2606, .T. ) ;
#3021 = DIRECTION ( 'NONE',  ( 0.000000000000000000, 0.000000000000000000, 1.000000000000000000 ) ) ;
#3022 = CARTESIAN_POINT ( 'NONE',  ( 0.2372390293831106722, 2.774999999999999467, -0.9373720143971766561 ) ) ;
#3023 = CARTESIAN_POINT ( 'NONE',  ( -3.299999999999999822, 2.825000000000000178, 1.600000000000000977 ) ) ;
#3024 = ORIENTED_EDGE ( 'NONE', *, *, #2766, .F. ) ;
#3025 = EDGE_CURVE ( 'NONE', #2569, #3262, #108, .T. ) ;
#3026 = UNCERTAINTY_MEASURE_WITH_UNIT (LENGTH_MEASURE( 1.000000000000000082E-05 ), #4482, 'distance_accuracy_value', 'NONE');
#3027 = CARTESIAN_POINT ( 'NONE',  ( -2.875000000000000888, 1.525000000000000355, 1.500000000000000000 ) ) ;
#3028 = CARTESIAN_POINT ( 'NONE',  ( -0.03190407373322010076, 2.774999999999999911, -0.9196649512025438788 ) ) ;
#3029 = VERTEX_POINT ( 'NONE', #3481 ) ;
#3030 = CARTESIAN_POINT ( 'NONE',  ( 0.4286932138571240558, 2.775000000000000799, -0.3652990455678192805 ) ) ;
#3031 = B_SPLINE_CURVE_WITH_KNOTS ( 'NONE', 3,
 ( #4618, #165, #1647, #4280, #3899, #934, #1278, #2437, #551, #2030, #2783, #3926, #2253, #1475, #3805, #1178, #406, #2661, #1580, #2688, #3724, #4447, #1499, #792, #3006, #4474, #4140 ),
 .UNSPECIFIED., .F., .F.,
 ( 4, 1, 1, 1, 1, 1, 1, 1, 1, 1, 1, 1, 1, 1, 1, 1, 1, 1, 1, 1, 1, 1, 1, 1, 4 ),
 ( 0.000000000000000000, 0.03378811616271037294, 0.06719393237388003592, 0.09986241085682528995, 0.1325666121262582264, 0.1651511732547863709, 0.1979131873557920251, 0.2313190035669616396, 0.2650832782673732679, 0.2992553087581148463, 0.3343985665049786227, 0.3699428235093077943, 0.4062835607000609972, 0.4440638196985082220, 0.4829977068727756007, 0.5233544466133044359, 0.5655365896041489870, 0.6096129240658193504, 0.6563908113764169716, 0.7058854949364571363, 0.7583245002617310382, 0.8138317829411501059, 0.8727945590393898501, 0.9347222295400741121, 1.000000000000000000 ),
 .UNSPECIFIED. ) ;
#3032 = ORIENTED_EDGE ( 'NONE', *, *, #1773, .F. ) ;
#3033 = CARTESIAN_POINT ( 'NONE',  ( 3.225000000000000533, 1.325000000000001066, -1.500000000000000000 ) ) ;
#3034 = CARTESIAN_POINT ( 'NONE',  ( -0.4601439350836101783, 2.825000000000000622, -0.8141094990281099175 ) ) ;
#3035 = CARTESIAN_POINT ( 'NONE',  ( 1.600000000000001199, 0.1499999999999999944, -1.599999999999999645 ) ) ;
#3036 = CARTESIAN_POINT ( 'NONE',  ( 0.5930766007118475347, 2.824999999999999289, -0.8410404509024651531 ) ) ;
#3037 =( NAMED_UNIT ( * ) SI_UNIT ( $, .STERADIAN. ) SOLID_ANGLE_UNIT ( ) );
#3038 = CARTESIAN_POINT ( 'NONE',  ( 0.6454192370453731842, 2.825000000000000622, 0.004547713497229749664 ) ) ;
#3039 = CARTESIAN_POINT ( 'NONE',  ( -0.7398361180263263170, 2.774999999999999911, -1.025384323799473529 ) ) ;
#3040 = DIRECTION ( 'NONE',  ( -0.000000000000000000, 1.000000000000000000, -0.000000000000000000 ) ) ;
#3041 = CARTESIAN_POINT ( 'NONE',  ( 0.3190755814768209131, 2.774999999999999911, -0.6868242596087864582 ) ) ;
#3042 = ORIENTED_EDGE ( 'NONE', *, *, #4432, .F. ) ;
#3043 =( LENGTH_UNIT ( ) NAMED_UNIT ( * ) SI_UNIT ( .MILLI., .METRE. ) );
#3044 =( LENGTH_UNIT ( ) NAMED_UNIT ( * ) SI_UNIT ( .MILLI., .METRE. ) );
#3045 =( LENGTH_UNIT ( ) NAMED_UNIT ( * ) SI_UNIT ( .MILLI., .METRE. ) );
#3046 = CARTESIAN_POINT ( 'NONE',  ( -0.6227949370769225723, 2.774999999999999911, -0.3994534110037840646 ) ) ;
#3047 = CARTESIAN_POINT ( 'NONE',  ( -1.875000000000000888, 0.02500000000000020262, 1.500000000000000000 ) ) ;
#3048 = EDGE_CURVE ( 'NONE', #930, #3492, #4565, .T. ) ;
#3049 = CARTESIAN_POINT ( 'NONE',  ( -0.4487179487179481230, 2.825000000000000178, -0.7283653846153830269 ) ) ;
#3050 = ORIENTED_EDGE ( 'NONE', *, *, #1305, .F. ) ;
#3051 = VECTOR ( 'NONE', #2087, 1000.000000000000000 ) ;
#3052 = B_SPLINE_SURFACE_WITH_KNOTS ( 'NONE', 3, 1, ( 
 ( #882, #3889 ),
 ( #4268, #3866 ),
 ( #2044, #1682 ),
 ( #133, #3185 ),
 ( #1314, #2070 ),
 ( #2375, #519 ),
 ( #3590, #1382 ),
 ( #3251, #2889 ),
 ( #3273, #3611 ),
 ( #993, #2139 ),
 ( #291, #4358 ),
 ( #243, #1018 ),
 ( #4697, #1361 ),
 ( #2520, #4005 ),
 ( #655, #3634 ),
 ( #1774, #4744 ),
 ( #3986, #4384 ),
 ( #1408, #2494 ),
 ( #1726, #630 ),
 ( #3226, #2914 ),
 ( #4718, #2867 ),
 ( #268, #4338 ),
 ( #2113, #1750 ) ),
 .UNSPECIFIED., .F., .F., .F.,
 ( 4, 1, 1, 1, 1, 1, 1, 1, 1, 1, 1, 1, 1, 1, 1, 1, 1, 1, 1, 1, 4 ),
 ( 2, 2 ),
 ( 0.000000000000000000, 0.06568119799063880382, 0.1284864641740648405, 0.1881751303280078391, 0.2451061306699862385, 0.2994484245294753988, 0.3508229360093821358, 0.3999416805337775993, 0.4466717436323718315, 0.4912545333734981701, 0.5333763442704365643, 0.5738527549682236328, 0.6125263117194527096, 0.6495971364453292374, 0.6855320415538501688, 0.7201057860682007483, 0.7538376629736497359, 0.8189254160467135391, 0.8804934616501637334, 0.9403113338460570292, 1.000000000000000000 ),
 ( 0.000000000000000000, 1.000000000000000000 ),
 .UNSPECIFIED. ) ;
#3053 = FILL_AREA_STYLE ('',( #379 ) ) ;
#3054 = CARTESIAN_POINT ( 'NONE',  ( 0.5128526691162911266, 2.774999999999999911, -0.5134238238149916311 ) ) ;
#3055 = ORIENTED_EDGE ( 'NONE', *, *, #496, .F. ) ;
#3056 = CARTESIAN_POINT ( 'NONE',  ( 0.5146512188056980852, 2.774999999999999911, -0.4230508558345834613 ) ) ;
#3057 = EDGE_CURVE ( 'NONE', #4281, #3601, #1405, .T. ) ;
#3058 = ORIENTED_EDGE ( 'NONE', *, *, #3758, .T. ) ;
#3059 = PLANE ( 'NONE',  #778 ) ;
#3060 = CARTESIAN_POINT ( 'NONE',  ( -0.7182899624102090375, 2.825000000000000178, -1.024879913850619717 ) ) ;
#3061 = CARTESIAN_POINT ( 'NONE',  ( -0.7619668478208254658, 2.775000000000000355, -1.025394612311206988 ) ) ;
#3062 = PLANE ( 'NONE',  #2300 ) ;
#3063 = CARTESIAN_POINT ( 'NONE',  ( -0.4690171176376474738, 2.775000000000000355, -0.8409297928603075567 ) ) ;
#3064 = CARTESIAN_POINT ( 'NONE',  ( -0.7275641025641019777, 2.774999999999999911, -0.4138621794871779613 ) ) ;
#3065 = CARTESIAN_POINT ( 'NONE',  ( 3.200000000000000178, 2.825000000000000178, 3.100000000000001421 ) ) ;
#3066 = ORIENTED_EDGE ( 'NONE', *, *, #4614, .T. ) ;
#3067 = SURFACE_SIDE_STYLE ('',( #1514 ) ) ;
#3068 = CARTESIAN_POINT ( 'NONE',  ( 0.7339729119469785568, 2.774999999999999911, -1.025247587366936441 ) ) ;
#3069 = CARTESIAN_POINT ( 'NONE',  ( -0.5727548347504189952, 2.775000000000000355, -0.4560148599948500303 ) ) ;
#3070 = CARTESIAN_POINT ( 'NONE',  ( 3.475000000000000533, 1.425000000000001155, 1.500000000000000000 ) ) ;
#3071 = ORIENTED_EDGE ( 'NONE', *, *, #3915, .F. ) ;
#3072 = PRESENTATION_STYLE_ASSIGNMENT (( #138 ) ) ;
#3073 = CARTESIAN_POINT ( 'NONE',  ( 0.6631724940778187527, 2.774999999999999467, -0.8988471344253704531 ) ) ;
#3074 = ORIENTED_EDGE ( 'NONE', *, *, #1993, .T. ) ;
#3075 = CARTESIAN_POINT ( 'NONE',  ( 0.6948943004759680075, 2.774999999999999911, -0.08725871485469427480 ) ) ;
#3076 = ORIENTED_EDGE ( 'NONE', *, *, #1575, .F. ) ;
#3077 = B_SPLINE_CURVE_WITH_KNOTS ( 'NONE', 3,
 ( #941, #2817, #1629, #534, #3129, #1264, #899, #2397, #3519, #174, #1653, #3151, #4285, #1287, #2039, #3540, #3933, #583, #2544 ),
 .UNSPECIFIED., .F., .F.,
 ( 4, 1, 1, 1, 1, 1, 1, 1, 1, 1, 1, 1, 1, 1, 1, 1, 4 ),
 ( 0.000000000000000000, 0.06196540068706235527, 0.1221219056382955165, 0.1809884968498414737, 0.2399332164519025201, 0.2999058311065241345, 0.3599888474769871172, 0.4217757417416460042, 0.4865758264211264561, 0.5515348046197412479, 0.6150175427599797739, 0.6772586166616568759, 0.7397299623627132670, 0.8030501026629512928, 0.8664951320156980552, 0.9319734741771488196, 1.000000000000000000 ),
 .UNSPECIFIED. ) ;
#3078 = EDGE_CURVE ( 'NONE', #3306, #3382, #2664, .T. ) ;
#3079 = DIRECTION ( 'NONE',  ( -0.000000000000000000, -1.000000000000000000, -0.000000000000000000 ) ) ;
#3080 = CARTESIAN_POINT ( 'NONE',  ( 0.9779747266956556606, 2.825000000000000178, -0.2575205391149205658 ) ) ;
#3081 = CARTESIAN_POINT ( 'NONE',  ( -0.9568848322716844157, 2.775000000000000355, -0.9542266772126410945 ) ) ;
#3082 = CARTESIAN_POINT ( 'NONE',  ( -2.875000000000000888, 1.325000000000000178, 1.500000000000000000 ) ) ;
#3083 = FACE_OUTER_BOUND ( 'NONE', #1174, .T. ) ;
#3084 = AXIS2_PLACEMENT_3D ( 'NONE', #615, #1320, #3593 ) ;
#3085 = CARTESIAN_POINT ( 'NONE',  ( -0.4495994717357638115, 2.774999999999999467, -0.7577174950857636926 ) ) ;
#3086 = CARTESIAN_POINT ( 'NONE',  ( 0.2270702691164277753, 2.825000000000001066, -0.7603390806142014124 ) ) ;
#3087 =( GEOMETRIC_REPRESENTATION_CONTEXT ( 3 ) GLOBAL_UNCERTAINTY_ASSIGNED_CONTEXT ( ( #4073 ) ) GLOBAL_UNIT_ASSIGNED_CONTEXT ( ( #3932, #4672, #3937 ) ) REPRESENTATION_CONTEXT ( 'NONE', 'WORKASPACE' ) );
#3088 = EDGE_CURVE ( 'NONE', #3029, #4569, #3364, .T. ) ;
#3089 = PLANE ( 'NONE',  #3787 ) ;
#3090 = VERTEX_POINT ( 'NONE', #409 ) ;
#3091 = AXIS2_PLACEMENT_3D ( 'NONE', #3179, #1308, #2324 ) ;
#3092 = VECTOR ( 'NONE', #1339, 1000.000000000000000 ) ;
#3093 = DIRECTION ( 'NONE',  ( -1.000000000000000000, 0.000000000000000000, 0.000000000000000000 ) ) ;
#3094 = CARTESIAN_POINT ( 'NONE',  ( 0.4389638700728081822, 2.775000000000000799, -0.7114042542885943288 ) ) ;
#3095 = FACE_OUTER_BOUND ( 'NONE', #657, .T. ) ;
#3096 = CIRCLE ( 'NONE', #973, 0.09999999999999982514 ) ;
#3097 = DIRECTION ( 'NONE',  ( -1.398970545142586541E-16, 0.000000000000000000, -1.000000000000000000 ) ) ;
#3098 = ORIENTED_EDGE ( 'NONE', *, *, #2420, .F. ) ;
#3099 = CARTESIAN_POINT ( 'NONE',  ( -0.7839211398342348369, 2.825000000000000622, -1.024910102138550716 ) ) ;
#3100 = ORIENTED_EDGE ( 'NONE', *, *, #3757, .T. ) ;
#3101 = CARTESIAN_POINT ( 'NONE',  ( 0.5810424208159744586, 2.775000000000000355, -0.1748381595179664683 ) ) ;
#3102 = ORIENTED_EDGE ( 'NONE', *, *, #3527, .T. ) ;
#3103 = PRESENTATION_LAYER_ASSIGNMENT (  '', '', ( #363 ) ) ;
#3104 = CARTESIAN_POINT ( 'NONE',  ( 0.000000000000000000, 0.000000000000000000, 0.000000000000000000 ) ) ;
#3105 = CARTESIAN_POINT ( 'NONE',  ( -3.375000000000000888, 1.425000000000000266, 1.500000000000000000 ) ) ;
#3106 = DIRECTION ( 'NONE',  ( 0.000000000000000000, 0.000000000000000000, 1.000000000000000000 ) ) ;
#3107 = CARTESIAN_POINT ( 'NONE',  ( 0.2826439161061918282, 2.775000000000000355, -0.5750846970111859191 ) ) ;
#3108 = CYLINDRICAL_SURFACE ( 'NONE', #3867, 0.1999999999999996503 ) ;
#3109 = EDGE_CURVE ( 'NONE', #1600, #4759, #1704, .T. ) ;
#3110 = DIRECTION ( 'NONE',  ( -0.6840139935696788465, 0.000000000000000000, 0.7294688866571756858 ) ) ;
#3111 = CARTESIAN_POINT ( 'NONE',  ( -0.5384615384615378808, 2.774999999999999911, -0.7203525641025625426 ) ) ;
#3112 = CARTESIAN_POINT ( 'NONE',  ( 3.225000000000000533, 1.325000000000001066, 1.500000000000000000 ) ) ;
#3113 = ORIENTED_EDGE ( 'NONE', *, *, #3372, .T. ) ;
#3114 = EDGE_CURVE ( 'NONE', #1735, #1832, #3683, .T. ) ;
#3115 = CARTESIAN_POINT ( 'NONE',  ( -3.100000000000000089, 2.825000000000000178, -3.099999999999998757 ) ) ;
#3116 =( LENGTH_UNIT ( ) NAMED_UNIT ( * ) SI_UNIT ( .MILLI., .METRE. ) );
#3117 = CARTESIAN_POINT ( 'NONE',  ( -0.6508413461538457012, 2.775000000000000355, -0.3693910256410241622 ) ) ;
#3118 = PLANE ( 'NONE',  #2757 ) ;
#3119 = ORIENTED_EDGE ( 'NONE', *, *, #2326, .F. ) ;
#3120 = PLANE ( 'NONE',  #2219 ) ;
#3121 = CARTESIAN_POINT ( 'NONE',  ( -0.9805330148588279338, 2.824999999999999734, -0.9321730855556880080 ) ) ;
#3122 = ORIENTED_EDGE ( 'NONE', *, *, #2052, .F. ) ;
#3123 = CARTESIAN_POINT ( 'NONE',  ( 0.5357796059907107278, 2.824999999999997513, -0.2724734849857158303 ) ) ;
#3124 = AXIS2_PLACEMENT_3D ( 'NONE', #1015, #4764, #4456 ) ;
#3125 = ORIENTED_EDGE ( 'NONE', *, *, #477, .F. ) ;
#3126 = ADVANCED_FACE ( 'NONE', ( #1936 ), #2192, .T. ) ;
#3127 = CARTESIAN_POINT ( 'NONE',  ( 0.7604166666666676289, 2.825000000000000622, -0.07692307692307542855 ) ) ;
#3128 = LINE ( 'NONE', #4600, #1866 ) ;
#3129 = CARTESIAN_POINT ( 'NONE',  ( -0.5469349304270572087, 2.825000000000000622, -0.7793575988472847271 ) ) ;
#3130 = CARTESIAN_POINT ( 'NONE',  ( -0.5466274930663451714, 2.775000000000000355, -0.6560075750649613235 ) ) ;
#3131 = CARTESIAN_POINT ( 'NONE',  ( 0.2980933530481197358, 2.774999999999999467, -0.6067929976867492137 ) ) ;
#3132 = CARTESIAN_POINT ( 'NONE',  ( 0.7574118589743599195, 2.774999999999999911, 0.02564102564102713547 ) ) ;
#3133 = ORIENTED_EDGE ( 'NONE', *, *, #358, .F. ) ;
#3134 = CIRCLE ( 'NONE', #1169, 0.09999999999999982514 ) ;
#3135 = SURFACE_STYLE_FILL_AREA ( #1593 ) ;
#3136 = EDGE_CURVE ( 'NONE', #4793, #1600, #77, .T. ) ;
#3137 = CARTESIAN_POINT ( 'NONE',  ( 1.085387114082941862, 2.775000000000000799, -0.2946821704858552105 ) ) ;
#3138 = CARTESIAN_POINT ( 'NONE',  ( -0.2179487179487182014, 2.825000000000000178, -0.6923076923076908473 ) ) ;
#3139 = ORIENTED_EDGE ( 'NONE', *, *, #3437, .F. ) ;
#3140 = CARTESIAN_POINT ( 'NONE',  ( 0.01842948717948694748, 2.825000000000000178, -1.025641025641024218 ) ) ;
#3141 = DIRECTION ( 'NONE',  ( -0.000000000000000000, -1.000000000000000000, -0.000000000000000000 ) ) ;
#3142 = CARTESIAN_POINT ( 'NONE',  ( 0.3333333333333330928, 2.774999999999999911, 1.543945593702915236E-15 ) ) ;
#3143 = ORIENTED_EDGE ( 'NONE', *, *, #2046, .T. ) ;
#3144 = CARTESIAN_POINT ( 'NONE',  ( 0.9919851232965695154, 2.774999999999999023, -0.3037415152074784963 ) ) ;
#3145 = CARTESIAN_POINT ( 'NONE',  ( 0.9379974258784250507, 2.825000000000000178, -0.1734384960248693541 ) ) ;
#3146 = DIRECTION ( 'NONE',  ( 0.000000000000000000, 0.000000000000000000, 1.000000000000000000 ) ) ;
#3147 = VERTEX_POINT ( 'NONE', #4020 ) ;
#3148 = CARTESIAN_POINT ( 'NONE',  ( 0.4287423406231311573, 2.825000000000000622, -0.6346885884154123136 ) ) ;
#3149 = EDGE_CURVE ( 'NONE', #246, #4518, #1857, .T. ) ;
#3150 = DIRECTION ( 'NONE',  ( -0.000000000000000000, 1.000000000000000000, -0.000000000000000000 ) ) ;
#3151 = CARTESIAN_POINT ( 'NONE',  ( -0.6342984961960331791, 2.825000000000000178, -0.8896602575737413421 ) ) ;
#3152 = CARTESIAN_POINT ( 'NONE',  ( 0.1519592014876581798, 2.774999999999999911, -0.8773390903124935747 ) ) ;
#3153 = CARTESIAN_POINT ( 'NONE',  ( -3.099999999999998757, 2.825000000000000178, 3.100000000000002309 ) ) ;
#3154 = DIRECTION ( 'NONE',  ( 1.000000000000000000, 0.000000000000000000, -1.398970545142586541E-16 ) ) ;
#3155 = VECTOR ( 'NONE', #3257, 1000.000000000000000 ) ;
#3156 = LINE ( 'NONE', #3940, #3092 ) ;
#3157 = FACE_OUTER_BOUND ( 'NONE', #4466, .T. ) ;
#3158 = CARTESIAN_POINT ( 'NONE',  ( 0.7574118589743599195, 2.774999999999999911, 0.02564102564102713547 ) ) ;
#3159 =( GEOMETRIC_REPRESENTATION_CONTEXT ( 3 ) GLOBAL_UNCERTAINTY_ASSIGNED_CONTEXT ( ( #2206 ) ) GLOBAL_UNIT_ASSIGNED_CONTEXT ( ( #2845, #3571, #4443 ) ) REPRESENTATION_CONTEXT ( 'NONE', 'WORKASPACE' ) );
#3160 = CARTESIAN_POINT ( 'NONE',  ( 0.9883962072284862010, 2.824999999999997069, -0.08122877059401305277 ) ) ;
#3161 = EDGE_CURVE ( 'NONE', #3208, #3336, #766, .T. ) ;
#3162 = CARTESIAN_POINT ( 'NONE',  ( -0.4865868531245766682, 2.825000000000001066, -0.5750846970111856971 ) ) ;
#3163 = CARTESIAN_POINT ( 'NONE',  ( 0.5169186890546458857, 2.825000000000000622, -0.6124354972819464615 ) ) ;
#3164 = ORIENTED_EDGE ( 'NONE', *, *, #3245, .T. ) ;
#3165 = FILL_AREA_STYLE ('',( #87 ) ) ;
#3166 = CARTESIAN_POINT ( 'NONE',  ( -0.6172715677431103165, 2.774999999999999911, -0.8773390903124936857 ) ) ;
#3167 = B_SPLINE_CURVE_WITH_KNOTS ( 'NONE', 3,
 ( #424, #643, #1879, #4131, #3978, #3356, #33, #1740, #1905, #3406, #1151, #787, #3240, #2107, #4712, #2129, #3626, #1493, #1377, #2882, #283, #2999, #1226 ),
 .UNSPECIFIED., .F., .F.,
 ( 4, 1, 1, 1, 1, 1, 1, 1, 1, 1, 1, 1, 1, 1, 1, 1, 1, 1, 1, 1, 4 ),
 ( 0.000000000000000000, 0.06568119799063880382, 0.1284864641740648405, 0.1881751303280078391, 0.2451061306699862385, 0.2994484245294753988, 0.3508229360093821358, 0.3999416805337775993, 0.4466717436323718315, 0.4912545333734981701, 0.5333763442704365643, 0.5738527549682236328, 0.6125263117194527096, 0.6495971364453292374, 0.6855320415538501688, 0.7201057860682007483, 0.7538376629736497359, 0.8189254160467135391, 0.8804934616501637334, 0.9403113338460570292, 1.000000000000000000 ),
 .UNSPECIFIED. ) ;
#3168 = DIRECTION ( 'NONE',  ( -1.355252715606880543E-16, 0.000000000000000000, 1.000000000000000000 ) ) ;
#3169 = ADVANCED_FACE ( 'NONE', ( #4730 ), #4041, .T. ) ;
#3170 = VECTOR ( 'NONE', #1743, 1000.000000000000000 ) ;
#3171 = CARTESIAN_POINT ( 'NONE',  ( 0.6192026798470070537, 2.825000000000000178, -0.1322850230234662028 ) ) ;
#3172 =( NAMED_UNIT ( * ) PLANE_ANGLE_UNIT ( ) SI_UNIT ( $, .RADIAN. ) );
#3173 = DIRECTION ( 'NONE',  ( -1.000000000000000000, -4.216341781888074059E-16, 0.000000000000000000 ) ) ;
#3174 = ORIENTED_EDGE ( 'NONE', *, *, #3748, .F. ) ;
#3175 = CARTESIAN_POINT ( 'NONE',  ( 3.275000000000001243, 0.07500000000000019151, 1.500000000000000000 ) ) ;
#3176 = CIRCLE ( 'NONE', #207, 0.2000000000000000944 ) ;
#3177 = SURFACE_SIDE_STYLE ('',( #3539 ) ) ;
#3178 = LINE ( 'NONE', #3499, #2422 ) ;
#3179 = CARTESIAN_POINT ( 'NONE',  ( -3.375000000000000888, -0.07499999999999976130, 1.500000000000000000 ) ) ;
#3180 = FILL_AREA_STYLE_COLOUR ( '', #2296 ) ;
#3181 = CARTESIAN_POINT ( 'NONE',  ( 0.1954314450748911580, 2.825000000000000622, -0.8320466706723170791 ) ) ;
#3182 = CARTESIAN_POINT ( 'NONE',  ( 0.1279620659136691541, 2.824999999999999734, -0.3796517501818753026 ) ) ;
#3183 = PRESENTATION_STYLE_ASSIGNMENT (( #4739 ) ) ;
#3184 = CARTESIAN_POINT ( 'NONE',  ( -3.100000000000000089, 0.000000000000000000, -3.099999999999998757 ) ) ;
#3185 = CARTESIAN_POINT ( 'NONE',  ( 1.011180380052054684, 2.825000000000001954, -0.5699654051316406234 ) ) ;
#3186 = CARTESIAN_POINT ( 'NONE',  ( 0.4286932138571240558, 2.775000000000000799, -0.3652990455678192805 ) ) ;
#3187 = CARTESIAN_POINT ( 'NONE',  ( 1.046101115931490577, 2.775000000000001243, -0.1727178691692597134 ) ) ;
#3188 = CARTESIAN_POINT ( 'NONE',  ( -0.4501551877539476387, 2.774999999999999911, -0.6868242596087863472 ) ) ;
#3189 = CARTESIAN_POINT ( 'NONE',  ( -0.4358974358974352925, 2.825000000000000178, 1.596070698149334083E-15 ) ) ;
#3190 = VERTEX_POINT ( 'NONE', #88 ) ;
#3191 = CARTESIAN_POINT ( 'NONE',  ( 0.05752643275859807559, 2.825000000000000178, -0.9196078486019402254 ) ) ;
#3192 = CARTESIAN_POINT ( 'NONE',  ( -3.375000000000000888, -0.1749999999999998224, -1.500000000000000000 ) ) ;
#3193 = CARTESIAN_POINT ( 'NONE',  ( 0.1179374321090558009, 2.775000000000000355, -0.4959350349268773495 ) ) ;
#3194 = CARTESIAN_POINT ( 'NONE',  ( 1.019436823856902041, 2.775000000000000355, -0.1236226003094494097 ) ) ;
#3195 = CARTESIAN_POINT ( 'NONE',  ( 0.01382211538461514296, 2.774999999999999911, -0.9230769230769216849 ) ) ;
#3196 = PRESENTATION_STYLE_ASSIGNMENT (( #2439 ) ) ;
#3197 = EDGE_LOOP ( 'NONE', ( #3761, #4605, #1959, #3741 ) ) ;
#3198 = EDGE_CURVE ( 'NONE', #4401, #3253, #819, .T. ) ;
#3199 = CARTESIAN_POINT ( 'NONE',  ( 0.5159765821064861147, 2.824999999999999734, -0.9010096940888878692 ) ) ;
#3200 = VECTOR ( 'NONE', #267, 1000.000000000000000 ) ;
#3201 = CARTESIAN_POINT ( 'NONE',  ( 0.1844199238426257881, 2.775000000000000799, -0.5788399692513525041 ) ) ;
#3202 = FACE_OUTER_BOUND ( 'NONE', #1497, .T. ) ;
#3203 = CARTESIAN_POINT ( 'NONE',  ( -3.300000000000000266, 0.000000000000000000, -1.599999999999998757 ) ) ;
#3204 = CARTESIAN_POINT ( 'NONE',  ( -4.700000000000000178, 0.1499999999999999944, -1.600000000000000089 ) ) ;
#3205 = LINE ( 'NONE', #3569, #3551 ) ;
#3206 = CARTESIAN_POINT ( 'NONE',  ( -0.6412687033170992867, 2.825000000000001066, -0.3796517501818752471 ) ) ;
#3207 = CARTESIAN_POINT ( 'NONE',  ( 0.6667639556407118917, 2.825000000000000178, 0.01203766673021191419 ) ) ;
#3208 = VERTEX_POINT ( 'NONE', #3802 ) ;
#3209 = VECTOR ( 'NONE', #2812, 1000.000000000000000 ) ;
#3210 = EDGE_CURVE ( 'NONE', #2621, #3147, #1907, .T. ) ;
#3211 = CARTESIAN_POINT ( 'NONE',  ( -0.6342984961960331791, 2.774999999999999911, -0.8896602575737413421 ) ) ;
#3212 = DIRECTION ( 'NONE',  ( -0.000000000000000000, -1.000000000000000000, -0.000000000000000000 ) ) ;
#3213 = MECHANICAL_DESIGN_GEOMETRIC_PRESENTATION_REPRESENTATION (  '', ( #2432 ), #3747 ) ;
#3214 = LINE ( 'NONE', #635, #2862 ) ;
#3215 = LINE ( 'NONE', #3896, #1401 ) ;
#3216 = DIRECTION ( 'NONE',  ( -7.667488413976600262E-14, 1.000000000000000000, 1.283697207382492124E-12 ) ) ;
#3217 = VERTEX_POINT ( 'NONE', #139 ) ;
#3218 =( GEOMETRIC_REPRESENTATION_CONTEXT ( 3 ) GLOBAL_UNCERTAINTY_ASSIGNED_CONTEXT ( ( #1881 ) ) GLOBAL_UNIT_ASSIGNED_CONTEXT ( ( #988, #626, #259 ) ) REPRESENTATION_CONTEXT ( 'NONE', 'WORKASPACE' ) );
#3219 = CARTESIAN_POINT ( 'NONE',  ( -1.037713189698753924, 2.774999999999999911, -0.8544216433553006862 ) ) ;
#3220 = EDGE_LOOP ( 'NONE', ( #471, #3624, #2725, #3429, #1077 ) ) ;
#3221 = CARTESIAN_POINT ( 'NONE',  ( 0.4464540091017548118, 2.774999999999999467, -0.7454713277561085816 ) ) ;
#3222 = CARTESIAN_POINT ( 'NONE',  ( 3.225000000000000533, 1.275000000000001243, 1.500000000000000000 ) ) ;
#3223 = CARTESIAN_POINT ( 'NONE',  ( -0.2684824204679857607, 2.775000000000000799, -0.8544216433553009082 ) ) ;
#3224 = CARTESIAN_POINT ( 'NONE',  ( 1.600000000000000755, 0.1499999999999999944, 1.600000000000000533 ) ) ;
#3225 = EDGE_CURVE ( 'NONE', #4518, #4281, #4034, .T. ) ;
#3226 = CARTESIAN_POINT ( 'NONE',  ( 0.8255850755804666763, 2.775000000000000355, -0.9131058866468276802 ) ) ;
#3227 = CARTESIAN_POINT ( 'NONE',  ( 0.4553987007027988643, 2.775000000000000355, -0.2229972992513165608 ) ) ;
#3228 = ORIENTED_EDGE ( 'NONE', *, *, #2936, .F. ) ;
#3229 = CARTESIAN_POINT ( 'NONE',  ( -0.4501551877539476387, 2.825000000000001066, -0.6868242596087863472 ) ) ;
#3230 = CARTESIAN_POINT ( 'NONE',  ( -3.100000000000000089, 0.000000000000000000, -3.299999999999998046 ) ) ;
#3231 = VECTOR ( 'NONE', #2971, 1000.000000000000000 ) ;
#3232 = LINE ( 'NONE', #3969, #2470 ) ;
#3233 = CARTESIAN_POINT ( 'NONE',  ( -3.225000000000000533, 1.325000000000000178, 1.500000000000000000 ) ) ;
#3234 = CARTESIAN_POINT ( 'NONE',  ( -2.300000000000002043, 1.636074467135545163, 1.600000000000001643 ) ) ;
#3235 = STYLED_ITEM ( 'NONE', ( #1875 ), #837 ) ;
#3236 = ORIENTED_EDGE ( 'NONE', *, *, #2766, .T. ) ;
#3237 = CARTESIAN_POINT ( 'NONE',  ( -1.076338176063667884, 2.774999999999999911, -0.7042136602413466839 ) ) ;
#3238 = VERTEX_POINT ( 'NONE', #1175 ) ;
#3239 = CARTESIAN_POINT ( 'NONE',  ( 0.7574118589743599195, 2.774999999999999911, -1.025641025641024218 ) ) ;
#3240 = CARTESIAN_POINT ( 'NONE',  ( 0.9507099237231620981, 2.774999999999999467, -0.8051312947558653121 ) ) ;
#3241 = VECTOR ( 'NONE', #1206, 1000.000000000000000 ) ;
#3242 = CIRCLE ( 'NONE', #1130, 0.1000000000000002554 ) ;
#3243 = CARTESIAN_POINT ( 'NONE',  ( -0.09351757838736494965, 2.775000000000000799, -0.8997846473150364899 ) ) ;
#3244 = CARTESIAN_POINT ( 'NONE',  ( -3.299999999999999822, 2.825000000000000178, -3.099999999999998757 ) ) ;
#3245 = EDGE_CURVE ( 'NONE', #605, #4793, #1241, .T. ) ;
#3246 = VECTOR ( 'NONE', #2041, 1000.000000000000000 ) ;
#3247 = FILL_AREA_STYLE ('',( #3936 ) ) ;
#3248 = PRESENTATION_STYLE_ASSIGNMENT (( #199 ) ) ;
#3249 = LINE ( 'NONE', #1380, #4589 ) ;
#3250 = CARTESIAN_POINT ( 'NONE',  ( 1.600000000000001199, 0.000000000000000000, -1.599999999999999645 ) ) ;
#3251 = CARTESIAN_POINT ( 'NONE',  ( 0.9944438882438003668, 2.775000000000001243, -0.6909879312842898136 ) ) ;
#3252 = CARTESIAN_POINT ( 'NONE',  ( 0.4553987007027988643, 2.825000000000000622, -0.2229972992513165608 ) ) ;
#3253 = VERTEX_POINT ( 'NONE', #4517 ) ;
#3254 = ADVANCED_FACE ( 'NONE', ( #1883 ), #3339, .T. ) ;
#3255 = EDGE_CURVE ( 'NONE', #2440, #1976, #3215, .T. ) ;
#3256 = CARTESIAN_POINT ( 'NONE',  ( -0.6999852128707426679, 2.824999999999999289, -0.4426514632451224451 ) ) ;
#3257 = DIRECTION ( 'NONE',  ( -0.000000000000000000, -0.000000000000000000, -1.000000000000000000 ) ) ;
#3258 = LINE ( 'NONE', #2947, #1977 ) ;
#3259 = CARTESIAN_POINT ( 'NONE',  ( 1.003787627568891061, 2.824999999999999734, -0.3639209096807292654 ) ) ;
#3260 = PRESENTATION_STYLE_ASSIGNMENT (( #3618 ) ) ;
#3261 = ORIENTED_EDGE ( 'NONE', *, *, #2364, .F. ) ;
#3262 = VERTEX_POINT ( 'NONE', #2481 ) ;
#3263 = CARTESIAN_POINT ( 'NONE',  ( 2.875000000000000888, 1.325000000000000844, -1.500000000000000000 ) ) ;
#3264 = CARTESIAN_POINT ( 'NONE',  ( -0.5533079637368465420, 2.774999999999999467, -0.9583016753824308287 ) ) ;
#3265 = ORIENTED_EDGE ( 'NONE', *, *, #3114, .F. ) ;
#3266 = CARTESIAN_POINT ( 'NONE',  ( 1.600000000000001199, 0.1499999999999999944, -1.599999999999999645 ) ) ;
#3267 = DIRECTION ( 'NONE',  ( -0.000000000000000000, -0.000000000000000000, -1.000000000000000000 ) ) ;
#3268 = CARTESIAN_POINT ( 'NONE',  ( -3.375000000000000888, -0.1749999999999999056, 1.500000000000000000 ) ) ;
#3269 = CARTESIAN_POINT ( 'NONE',  ( 0.9134783955253211740, 2.775000000000000355, -0.01768456296167191660 ) ) ;
#3270 = DIRECTION ( 'NONE',  ( -1.000000000000000000, 0.000000000000000000, 0.000000000000000000 ) ) ;
#3271 = CIRCLE ( 'NONE', #3654, 0.05000000000000012768 ) ;
#3272 =( NAMED_UNIT ( * ) PLANE_ANGLE_UNIT ( ) SI_UNIT ( $, .RADIAN. ) );
#3273 = CARTESIAN_POINT ( 'NONE',  ( 0.9872435418751639435, 2.774999999999999467, -0.7169716526612467389 ) ) ;
#3274 = CARTESIAN_POINT ( 'NONE',  ( 0.6885635996514561930, 2.774999999999999467, 0.01815669647052182978 ) ) ;
#3275 = ORIENTED_EDGE ( 'NONE', *, *, #4311, .T. ) ;
#3276 = CARTESIAN_POINT ( 'NONE',  ( -0.5388790119365028941, 2.774999999999999467, -0.7095016578430347609 ) ) ;
#3277 = CARTESIAN_POINT ( 'NONE',  ( 1.077472541388005078, 2.775000000000000355, -0.7396681743620140415 ) ) ;
#3278 = EDGE_CURVE ( 'NONE', #2313, #1179, #209, .T. ) ;
#3279 = CARTESIAN_POINT ( 'NONE',  ( 1.007602786396706751, 2.825000000000001066, -0.3960465385410101846 ) ) ;
#3280 = ORIENTED_EDGE ( 'NONE', *, *, #2446, .T. ) ;
#3281 = CARTESIAN_POINT ( 'NONE',  ( 1.091801674932491473, 2.824999999999998845, -0.3309843472952718191 ) ) ;
#3282 = PRESENTATION_LAYER_ASSIGNMENT (  '', '', ( #2432 ) ) ;
#3283 = EDGE_LOOP ( 'NONE', ( #2814, #4662, #3863, #381 ) ) ;
#3284 =( GEOMETRIC_REPRESENTATION_CONTEXT ( 3 ) GLOBAL_UNCERTAINTY_ASSIGNED_CONTEXT ( ( #3786 ) ) GLOBAL_UNIT_ASSIGNED_CONTEXT ( ( #4258, #3172, #3928 ) ) REPRESENTATION_CONTEXT ( 'NONE', 'WORKASPACE' ) );
#3285 = EDGE_CURVE ( 'NONE', #3462, #1895, #1690, .T. ) ;
#3286 = CARTESIAN_POINT ( 'NONE',  ( -0.7839211398342348369, 2.825000000000000622, -1.024910102138550716 ) ) ;
#3287 = CARTESIAN_POINT ( 'NONE',  ( -0.4487179487179481230, 2.774999999999999911, -0.7283653846153830269 ) ) ;
#3288 = VERTEX_POINT ( 'NONE', #3140 ) ;
#3289 = FACE_OUTER_BOUND ( 'NONE', #1688, .T. ) ;
#3290 =( LENGTH_UNIT ( ) NAMED_UNIT ( * ) SI_UNIT ( .MILLI., .METRE. ) );
#3291 = CARTESIAN_POINT ( 'NONE',  ( 0.9134783955253211740, 2.824999999999997513, -0.01768456296167191660 ) ) ;
#3292 = CARTESIAN_POINT ( 'NONE',  ( -0.7632288917765317482, 2.825000000000000178, -0.9228726281443694335 ) ) ;
#3293 = CARTESIAN_POINT ( 'NONE',  ( -3.099999999999998757, 2.825000000000000178, 3.300000000000001599 ) ) ;
#3294 = FACE_OUTER_BOUND ( 'NONE', #2649, .T. ) ;
#3295 = CARTESIAN_POINT ( 'NONE',  ( 0.9521298765930668040, 2.824999999999997513, -0.9548576596665691030 ) ) ;
#3296 = CARTESIAN_POINT ( 'NONE',  ( -0.3071074068328994433, 2.825000000000000622, -0.7042136602413469060 ) ) ;
#3297 = ORIENTED_EDGE ( 'NONE', *, *, #2614, .F. ) ;
#3298 = CARTESIAN_POINT ( 'NONE',  ( 1.057428760813275082, 2.775000000000000799, -0.8008191513119444771 ) ) ;
#3299 = B_SPLINE_CURVE_WITH_KNOTS ( 'NONE', 3,
 ( #989, #1333, #2840, #2467, #1720, #4354, #3223, #3649, #2489, #1378, #309, #1354, #627, #1790, #4044, #1010, #3604, #2860, #644 ),
 .UNSPECIFIED., .F., .F.,
 ( 4, 1, 1, 1, 1, 1, 1, 1, 1, 1, 1, 1, 1, 1, 1, 1, 4 ),
 ( 0.000000000000000000, 0.06879079439061787371, 0.1351032894311275934, 0.1989786743106512212, 0.2619042997808561646, 0.3234949693679691762, 0.3851953779660511334, 0.4469692387407741552, 0.5097647767031320276, 0.5722505688473681351, 0.6334051756611527306, 0.6932511629217524840, 0.7525831627856699457, 0.8125792661534211314, 0.8732750849201916798, 0.9355499428950291296, 1.000000000000000000 ),
 .UNSPECIFIED. ) ;
#3300 = CARTESIAN_POINT ( 'NONE',  ( 3.200000000000000178, 2.725000000000000533, -3.099999999999999645 ) ) ;
#3301 = DIRECTION ( 'NONE',  ( 0.000000000000000000, -0.000000000000000000, -1.000000000000000000 ) ) ;
#3302 = CARTESIAN_POINT ( 'NONE',  ( -0.7554086538461532996, 2.774999999999999911, -0.9230769230769215739 ) ) ;
#3303 = ADVANCED_FACE ( 'NONE', ( #4684 ), #4799, .T. ) ;
#3304 = ORIENTED_EDGE ( 'NONE', *, *, #1993, .F. ) ;
#3305 = CARTESIAN_POINT ( 'NONE',  ( 3.200000000000000178, 2.725000000000000533, 3.100000000000001421 ) ) ;
#3306 = VERTEX_POINT ( 'NONE', #686 ) ;
#3307 = VECTOR ( 'NONE', #350, 1000.000000000000000 ) ;
#3308 = FACE_OUTER_BOUND ( 'NONE', #1031, .T. ) ;
#3309 = CARTESIAN_POINT ( 'NONE',  ( -0.4810707404608419724, 2.775000000000000355, -0.8665378504550249605 ) ) ;
#3310 = VERTEX_POINT ( 'NONE', #2218 ) ;
#3311 = VECTOR ( 'NONE', #1560, 1000.000000000000000 ) ;
#3312 = LINE ( 'NONE', #4760, #514 ) ;
#3313 = AXIS2_PLACEMENT_3D ( 'NONE', #2165, #322, #2186 ) ;
#3314 = EDGE_CURVE ( 'NONE', #1201, #4638, #3134, .T. ) ;
#3315 = CARTESIAN_POINT ( 'NONE',  ( 0.3090868341471582625, 2.825000000000000178, -0.8141094990281101396 ) ) ;
#3316 = DIRECTION ( 'NONE',  ( 0.000000000000000000, 1.355252715606880543E-16, 1.000000000000000000 ) ) ;
#3317 = CARTESIAN_POINT ( 'NONE',  ( 0.5605800304531002309, 2.774999999999999467, -0.7907958660753955371 ) ) ;
#3318 = CARTESIAN_POINT ( 'NONE',  ( -0.8812809316287976147, 2.825000000000000622, -0.8893012916925305822 ) ) ;
#3319 = VECTOR ( 'NONE', #2857, 1000.000000000000000 ) ;
#3320 = CARTESIAN_POINT ( 'NONE',  ( -0.9434952937813325669, 2.824999999999999734, -0.8292151163326848540 ) ) ;
#3321 = FACE_OUTER_BOUND ( 'NONE', #2928, .T. ) ;
#3322 = LINE ( 'NONE', #992, #3200 ) ;
#3323 = VERTEX_POINT ( 'NONE', #4393 ) ;
#3324 = MECHANICAL_DESIGN_GEOMETRIC_PRESENTATION_REPRESENTATION (  '', ( #3800 ), #599 ) ;
#3325 = FACE_OUTER_BOUND ( 'NONE', #4242, .T. ) ;
#3326 = CARTESIAN_POINT ( 'NONE',  ( -0.2179487179487182014, 2.774999999999999911, -0.6923076923076908473 ) ) ;
#3327 = AXIS2_PLACEMENT_3D ( 'NONE', #1678, #3981, #3607 ) ;
#3328 = CARTESIAN_POINT ( 'NONE',  ( -0.1318108974358976893, 2.825000000000000178, -0.1025641025641010340 ) ) ;
#3329 = VERTEX_POINT ( 'NONE', #4012 ) ;
#3330 = DIRECTION ( 'NONE',  ( -1.355252715606881282E-16, -1.355252715606880543E-16, -1.000000000000000000 ) ) ;
#3331 = VERTEX_POINT ( 'NONE', #276 ) ;
#3332 = CARTESIAN_POINT ( 'NONE',  ( -0.2684824204679857607, 2.775000000000000799, -0.8544216433553009082 ) ) ;
#3333 = B_SPLINE_CURVE_WITH_KNOTS ( 'NONE', 3,
 ( #3845, #494, #1974, #4226, #4611, #1173, #1271, #4155, #3798, #3639, #3615, #1295, #978, #2894, #2454, #4364, #1709, #929, #3163, #4274, #205, #3921, #633 ),
 .UNSPECIFIED., .F., .F.,
 ( 4, 1, 1, 1, 1, 1, 1, 1, 1, 1, 1, 1, 1, 1, 1, 1, 1, 1, 1, 1, 4 ),
 ( 0.000000000000000000, 0.06038661931106207442, 0.1208832485859960698, 0.1827546186251395310, 0.2478110297583511201, 0.2812991000432488731, 0.3150876241506569975, 0.3497023955502751580, 0.3848565811185556407, 0.4209661972261024010, 0.4585111882611390688, 0.4971747221273122297, 0.5376020478662694169, 0.5805030184200115073, 0.6274675400267046843, 0.6783882095592432826, 0.7339832205925603814, 0.7937467045508348473, 0.8577136721607320213, 0.9266978643613859035, 1.000000000000000000 ),
 .UNSPECIFIED. ) ;
#3334 = CARTESIAN_POINT ( 'NONE',  ( -0.4495994717357638115, 2.825000000000000178, -0.7577174950857636926 ) ) ;
#3335 = DIRECTION ( 'NONE',  ( 0.7296913851534244655, 0.000000000000000000, 0.6837766319733930009 ) ) ;
#3336 = VERTEX_POINT ( 'NONE', #1851 ) ;
#3337 = DIRECTION ( 'NONE',  ( 0.000000000000000000, 0.000000000000000000, 1.000000000000000000 ) ) ;
#3338 = DIRECTION ( 'NONE',  ( -2.710505431213761085E-16, 1.000000000000000000, 0.000000000000000000 ) ) ;
#3339 = B_SPLINE_SURFACE_WITH_KNOTS ( 'NONE', 3, 1, ( 
 ( #2713, #113 ),
 ( #888, #4159 ),
 ( #3381, #1979 ),
 ( #3028, #4493 ),
 ( #4184, #2003 ),
 ( #230, #4277 ),
 ( #2099, #2435 ),
 ( #3970, #932 ),
 ( #4616, #2806 ),
 ( #4302, #3924 ),
 ( #525, #1665 ),
 ( #1645, #2410 ),
 ( #2852, #1711 ),
 ( #2028, #2054 ),
 ( #953, #618 ),
 ( #1323, #575 ),
 ( #2458, #2875 ),
 ( #3595, #3556 ),
 ( #252, #3510 ) ),
 .UNSPECIFIED., .F., .F., .F.,
 ( 4, 1, 1, 1, 1, 1, 1, 1, 1, 1, 1, 1, 1, 1, 1, 1, 4 ),
 ( 2, 2 ),
 ( 0.000000000000000000, 0.06443867159524288568, 0.1265469112716776090, 0.1868871534365704190, 0.2458775355894552983, 0.3040408846912666663, 0.3621912180726604702, 0.4209759327916445248, 0.4806602832796659230, 0.5406002749537577312, 0.6006890983494533875, 0.6619357897571956917, 0.7244425059139825152, 0.7890383938817434606, 0.8563137570509942176, 0.9263520282058632649, 0.9999999999999998890 ),
 ( 0.000000000000000000, 1.000000000000000000 ),
 .UNSPECIFIED. ) ;
#3340 = EDGE_CURVE ( 'NONE', #2621, #781, #4415, .T. ) ;
#3341 = CARTESIAN_POINT ( 'NONE',  ( -0.4490150650220922079, 2.825000000000000178, -0.7382584791864081897 ) ) ;
#3342 = DIRECTION ( 'NONE',  ( -0.000000000000000000, 1.000000000000000000, -0.000000000000000000 ) ) ;
#3343 = CARTESIAN_POINT ( 'NONE',  ( 0.7604166666666677399, 2.824999999999999289, -0.9230769230769217959 ) ) ;
#3344 = CARTESIAN_POINT ( 'NONE',  ( -0.8987274714173447698, 2.824999999999999734, -0.8767917222203750471 ) ) ;
#3345 = UNCERTAINTY_MEASURE_WITH_UNIT (LENGTH_MEASURE( 1.000000000000000082E-05 ), #2568, 'distance_accuracy_value', 'NONE');
#3346 = LINE ( 'NONE', #416, #4809 ) ;
#3347 = DIRECTION ( 'NONE',  ( 0.000000000000000000, 0.000000000000000000, -1.000000000000000000 ) ) ;
#3348 = VERTEX_POINT ( 'NONE', #2949 ) ;
#3349 = DIRECTION ( 'NONE',  ( 1.000000000000000000, 0.000000000000000000, -0.000000000000000000 ) ) ;
#3350 = CARTESIAN_POINT ( 'NONE',  ( 0.7604166666666676289, 2.825000000000000178, -0.9230769230769216849 ) ) ;
#3351 = LINE ( 'NONE', #712, #3665 ) ;
#3352 = CARTESIAN_POINT ( 'NONE',  ( -0.7479207684644965104, 2.824999999999999289, -0.9228783217033696973 ) ) ;
#3353 = PRODUCT_DEFINITION ( 'UNKNOWN', '', #4051, #3673 ) ;
#3354 = ORIENTED_EDGE ( 'NONE', *, *, #1038, .F. ) ;
#3355 = CARTESIAN_POINT ( 'NONE',  ( 1.046101115931490577, 2.825000000000001510, -0.1727178691692597134 ) ) ;
#3356 = CARTESIAN_POINT ( 'NONE',  ( 1.004773896235911401, 2.775000000000000355, -0.6337877575812023156 ) ) ;
#3357 = ORIENTED_EDGE ( 'NONE', *, *, #3757, .F. ) ;
#3358 = DIRECTION ( 'NONE',  ( 0.000000000000000000, 0.000000000000000000, 1.000000000000000000 ) ) ;
#3359 = CARTESIAN_POINT ( 'NONE',  ( -0.4601439350836101783, 2.825000000000001066, -0.8141094990281099175 ) ) ;
#3360 = EDGE_LOOP ( 'NONE', ( #2310, #117, #351, #2731 ) ) ;
#3361 = CARTESIAN_POINT ( 'NONE',  ( 0.6248202980008596974, 2.774999999999999911, -0.005210481817908207622 ) ) ;
#3362 = ORIENTED_EDGE ( 'NONE', *, *, #147, .F. ) ;
#3363 = CARTESIAN_POINT ( 'NONE',  ( 0.5128546405540896913, 2.825000000000000178, -0.4866432289131831235 ) ) ;
#3364 = LINE ( 'NONE', #17, #2585 ) ;
#3365 = CARTESIAN_POINT ( 'NONE',  ( 0.5814572578153761606, 2.824999999999999289, -0.8254970466595061840 ) ) ;
#3366 = LINE ( 'NONE', #1086, #588 ) ;
#3367 = EDGE_CURVE ( 'NONE', #2169, #4670, #5, .T. ) ;
#3368 = CARTESIAN_POINT ( 'NONE',  ( -0.4601439350836101783, 2.775000000000000355, -0.8141094990281099175 ) ) ;
#3369 = CARTESIAN_POINT ( 'NONE',  ( 1.018377291294505715, 2.774999999999999467, -0.8773035634402296390 ) ) ;
#3370 = LINE ( 'NONE', #4102, #1282 ) ;
#3371 = EDGE_LOOP ( 'NONE', ( #2225, #1007, #212, #2184 ) ) ;
#3372 = EDGE_CURVE ( 'NONE', #1285, #4304, #2672, .T. ) ;
#3373 = FACE_OUTER_BOUND ( 'NONE', #1230, .T. ) ;
#3374 = DIRECTION ( 'NONE',  ( -0.000000000000000000, -0.000000000000000000, -1.000000000000000000 ) ) ;
#3375 = CARTESIAN_POINT ( 'NONE',  ( 0.9723730278400001259, 2.774999999999999467, -0.2416196321585314666 ) ) ;
#3376 = ORIENTED_EDGE ( 'NONE', *, *, #2903, .T. ) ;
#3377 = PLANE ( 'NONE',  #249 ) ;
#3378 = B_SPLINE_SURFACE_WITH_KNOTS ( 'NONE', 3, 1, ( 
 ( #3668, #1736 ),
 ( #3237, #3600 ),
 ( #1420, #1372 ),
 ( #1395, #4040 ),
 ( #4305, #233 ),
 ( #2904, #329 ),
 ( #3219, #4374 ),
 ( #3974, #1785 ),
 ( #2150, #1715 ),
 ( #958, #2879 ),
 ( #4349, #3579 ),
 ( #1348, #4688 ),
 ( #623, #3995 ),
 ( #640, #2124 ),
 ( #3623, #1029 ),
 ( #1764, #3645 ),
 ( #691, #3286 ),
 ( #1807, #765 ),
 ( #3743, #3770 ) ),
 .UNSPECIFIED., .F., .F., .F.,
 ( 4, 1, 1, 1, 1, 1, 1, 1, 1, 1, 1, 1, 1, 1, 1, 1, 4 ),
 ( 2, 2 ),
 ( 0.000000000000000000, 0.06879079439061787371, 0.1351032894311276211, 0.1989786743106512490, 0.2619042997808561091, 0.3234949693679692317, 0.3851953779660512445, 0.4469692387407741552, 0.5097647767031319166, 0.5722505688473681351, 0.6334051756611527306, 0.6932511629217524840, 0.7525831627856698347, 0.8125792661534211314, 0.8732750849201915688, 0.9355499428950291296, 1.000000000000000000 ),
 ( 0.000000000000000000, 1.000000000000000000 ),
 .UNSPECIFIED. ) ;
#3379 = ORIENTED_EDGE ( 'NONE', *, *, #3136, .F. ) ;
#3380 = CARTESIAN_POINT ( 'NONE',  ( -3.199999999999999734, 2.725000000000000533, -3.099999999999998757 ) ) ;
#3381 = CARTESIAN_POINT ( 'NONE',  ( -0.009355778608494593612, 2.775000000000000355, -0.9224714266288372988 ) ) ;
#3382 = VERTEX_POINT ( 'NONE', #4465 ) ;
#3383 = CARTESIAN_POINT ( 'NONE',  ( 0.4395238819646595241, 2.775000000000000799, -0.2887872462846109434 ) ) ;
#3384 = CARTESIAN_POINT ( 'NONE',  ( 1.102015196719697832, 2.774999999999999911, -0.4545099133172914585 ) ) ;
#3385 = CARTESIAN_POINT ( 'NONE',  ( 0.5170084279484052914, 2.824999999999999289, -0.3879164761725383270 ) ) ;
#3386 = AXIS2_PLACEMENT_3D ( 'NONE', #4450, #334, #3316 ) ;
#3387 = CARTESIAN_POINT ( 'NONE',  ( -0.5319917398476576853, 2.824999999999999734, -0.9373720143971766561 ) ) ;
#3388 = COLOUR_RGB ( '',0.1098039215686274495, 0.1098039215686274495, 0.1098039215686274495 ) ;
#3389 = CARTESIAN_POINT ( 'NONE',  ( 0.5146668753540009078, 2.774999999999999467, -0.5772134063592786468 ) ) ;
#3390 = CARTESIAN_POINT ( 'NONE',  ( -0.9434952937813325669, 2.774999999999999467, -0.8292151163326848540 ) ) ;
#3391 = CARTESIAN_POINT ( 'NONE',  ( 0.4395238819646595241, 2.825000000000001066, -0.2887872462846109434 ) ) ;
#3392 = CARTESIAN_POINT ( 'NONE',  ( 0.1183894230769228229, 2.774999999999999911, -0.3693910256410241622 ) ) ;
#3393 = UNCERTAINTY_MEASURE_WITH_UNIT (LENGTH_MEASURE( 1.000000000000000082E-05 ), #3961, 'distance_accuracy_value', 'NONE');
#3394 =( GEOMETRIC_REPRESENTATION_CONTEXT ( 3 ) GLOBAL_UNCERTAINTY_ASSIGNED_CONTEXT ( ( #3345 ) ) GLOBAL_UNIT_ASSIGNED_CONTEXT ( ( #2568, #2944, #4030 ) ) REPRESENTATION_CONTEXT ( 'NONE', 'WORKASPACE' ) );
#3395 = CARTESIAN_POINT ( 'NONE',  ( 1.100114192512928968, 2.824999999999997513, -0.5886669655333365281 ) ) ;
#3396 = EDGE_CURVE ( 'NONE', #3806, #232, #1123, .T. ) ;
#3397 = DIRECTION ( 'NONE',  ( 0.000000000000000000, 1.000000000000000000, 0.000000000000000000 ) ) ;
#3398 = COLOUR_RGB ( '',0.1098039215686274495, 0.1098039215686274495, 0.1098039215686274495 ) ;
#3399 = ORIENTED_EDGE ( 'NONE', *, *, #2748, .T. ) ;
#3400 = FILL_AREA_STYLE_COLOUR ( '', #506 ) ;
#3401 = DIRECTION ( 'NONE',  ( -1.000000000000000000, -4.336808689942017736E-16, -0.000000000000000000 ) ) ;
#3402 = EDGE_CURVE ( 'NONE', #1461, #3474, #2574, .T. ) ;
#3403 = DIRECTION ( 'NONE',  ( 0.000000000000000000, -1.000000000000000000, 0.000000000000000000 ) ) ;
#3404 = CARTESIAN_POINT ( 'NONE',  ( 0.9749599358974369023, 2.774999999999999911, -0.2485977564102548887 ) ) ;
#3405 = CARTESIAN_POINT ( 'NONE',  ( 1.600000000000000755, 0.000000000000000000, 1.600000000000000533 ) ) ;
#3406 = CARTESIAN_POINT ( 'NONE',  ( 0.9795521775968828448, 2.774999999999999911, -0.7415029617217052671 ) ) ;
#3407 = VERTEX_POINT ( 'NONE', #324 ) ;
#3408 = SURFACE_STYLE_FILL_AREA ( #3053 ) ;
#3409 = CARTESIAN_POINT ( 'NONE',  ( 0.5169186890546458857, 2.775000000000000355, -0.6124354972819464615 ) ) ;
#3410 = VERTEX_POINT ( 'NONE', #1074 ) ;
#3411 = LINE ( 'NONE', #64, #201 ) ;
#3412 = VERTEX_POINT ( 'NONE', #713 ) ;
#3413 = CARTESIAN_POINT ( 'NONE',  ( 0.2881600287699265794, 2.824999999999999734, -0.8665378504550251826 ) ) ;
#3414 = CARTESIAN_POINT ( 'NONE',  ( 0.9749599358974369023, 2.774999999999999911, -0.2485977564102548887 ) ) ;
#3415 = DIRECTION ( 'NONE',  ( -0.000000000000000000, -0.000000000000000000, 1.000000000000000000 ) ) ;
#3416 = CARTESIAN_POINT ( 'NONE',  ( -1.021504610447070860, 2.774999999999999467, -0.8821359335528095036 ) ) ;
#3417 = SURFACE_STYLE_USAGE ( .BOTH. , #1918 ) ;
#3418 = ADVANCED_FACE ( 'NONE', ( #1415 ), #3641, .F. ) ;
#3419 = CARTESIAN_POINT ( 'NONE',  ( 0.2307692307692305322, 2.774999999999999911, -0.7203525641025626536 ) ) ;
#3420 = CARTESIAN_POINT ( 'NONE',  ( -0.6307169391869059671, 2.774999999999999023, -0.5195311916253009255 ) ) ;
#3421 = CARTESIAN_POINT ( 'NONE',  ( 0.3200309219550162010, 2.775000000000000355, -0.7144368676959154119 ) ) ;
#3422 = VERTEX_POINT ( 'NONE', #3844 ) ;
#3423 = PLANE ( 'NONE',  #965 ) ;
#3424 = CARTESIAN_POINT ( 'NONE',  ( 0.4233526939787273236, 2.774999999999999911, -0.5467614652548478116 ) ) ;
#3425 = CARTESIAN_POINT ( 'NONE',  ( -0.4865868531245766682, 2.774999999999999911, -0.5750846970111856971 ) ) ;
#3426 = AXIS2_PLACEMENT_3D ( 'NONE', #3392, #1187, #4554 ) ;
#3427 = DIRECTION ( 'NONE',  ( -0.000000000000000000, 1.000000000000000000, -0.000000000000000000 ) ) ;
#3428 = CARTESIAN_POINT ( 'NONE',  ( -0.2170980832544967265, 2.825000000000000622, -0.7012094257416779941 ) ) ;
#3429 = ORIENTED_EDGE ( 'NONE', *, *, #2792, .T. ) ;
#3430 = EDGE_CURVE ( 'NONE', #2798, #3407, #4511, .T. ) ;
#3431 = CARTESIAN_POINT ( 'NONE',  ( 0.2302296112575145381, 2.825000000000000622, -0.7406231494660244774 ) ) ;
#3432 = CARTESIAN_POINT ( 'NONE',  ( 0.5146668753540009078, 2.774999999999999467, -0.5772134063592786468 ) ) ;
#3433 = EDGE_LOOP ( 'NONE', ( #2222, #1082, #1967, #495 ) ) ;
#3434 = CARTESIAN_POINT ( 'NONE',  ( 0.5701512349436944627, 2.824999999999997069, -0.1915620476248589832 ) ) ;
#3435 = PRODUCT_DEFINITION_SHAPE ( 'NONE', 'NONE',  #3353 ) ;
#3436 = CARTESIAN_POINT ( 'NONE',  ( 1.077499923725433240, 2.774999999999999467, -0.2607551852093097366 ) ) ;
#3437 = EDGE_CURVE ( 'NONE', #3647, #3806, #4777, .T. ) ;
#3438 = ORIENTED_EDGE ( 'NONE', *, *, #803, .F. ) ;
#3439 = APPLICATION_PROTOCOL_DEFINITION ( 'draft international standard', 'automotive_design', 1998, #4769 ) ;
#3440 = CARTESIAN_POINT ( 'NONE',  ( -0.7508012820512814933, 2.774999999999999911, -1.025641025641024218 ) ) ;
#3441 = CARTESIAN_POINT ( 'NONE',  ( 0.9749599358974369023, 2.774999999999999911, -0.2485977564102548887 ) ) ;
#3442 = CARTESIAN_POINT ( 'NONE',  ( 0.1727574579972938895, 2.775000000000001243, -0.4284449268011606415 ) ) ;
#3443 = FILL_AREA_STYLE_COLOUR ( '', #1358 ) ;
#3444 = CARTESIAN_POINT ( 'NONE',  ( 0.5324445765267472597, 2.825000000000000178, -0.07830730281977875407 ) ) ;
#3445 = CARTESIAN_POINT ( 'NONE',  ( -0.6285393694278750276, 2.775000000000000355, -1.004245046074672576 ) ) ;
#3446 = VECTOR ( 'NONE', #2558, 1000.000000000000000 ) ;
#3447 = LINE ( 'NONE', #1508, #2970 ) ;
#3448 = CARTESIAN_POINT ( 'NONE',  ( 1.012820512820513663, 2.774999999999999911, -0.4999999999999985012 ) ) ;
#3449 = ORIENTED_EDGE ( 'NONE', *, *, #4784, .F. ) ;
#3450 = PRESENTATION_LAYER_ASSIGNMENT (  '', '', ( #714 ) ) ;
#3451 = FACE_OUTER_BOUND ( 'NONE', #3197, .T. ) ;
#3452 = CARTESIAN_POINT ( 'NONE',  ( 0.7574118589743599195, 2.825000000000000178, 0.02564102564102713547 ) ) ;
#3453 = CARTESIAN_POINT ( 'NONE',  ( 0.6041400709714440653, 2.774999999999999911, -0.9829390888979427920 ) ) ;
#3454 = CARTESIAN_POINT ( 'NONE',  ( 0.9379974258784250507, 2.774999999999999911, -0.1734384960248693541 ) ) ;
#3455 = CARTESIAN_POINT ( 'NONE',  ( -0.05341429588289518804, 2.825000000000000178, -0.9148232825177052829 ) ) ;
#3456 = ORIENTED_EDGE ( 'NONE', *, *, #3367, .T. ) ;
#3457 = ADVANCED_FACE ( 'NONE', ( #3095 ), #1207, .T. ) ;
#3458 = CARTESIAN_POINT ( 'NONE',  ( 0.000000000000000000, 0.1499999999999999944, 0.000000000000000000 ) ) ;
#3459 = CARTESIAN_POINT ( 'NONE',  ( -0.8765275849223305160, 2.825000000000001066, -1.002813578924636850 ) ) ;
#3460 = ORIENTED_EDGE ( 'NONE', *, *, #4492, .T. ) ;
#3461 = CARTESIAN_POINT ( 'NONE',  ( 0.5129208757836352106, 2.824999999999997069, -0.4607203589705665125 ) ) ;
#3462 = VERTEX_POINT ( 'NONE', #1543 ) ;
#3463 = CARTESIAN_POINT ( 'NONE',  ( -0.6508413461538455902, 2.774999999999999911, -0.3693910256410241066 ) ) ;
#3464 = FILL_AREA_STYLE ('',( #936 ) ) ;
#3465 = FACE_OUTER_BOUND ( 'NONE', #4593, .T. ) ;
#3466 = EDGE_CURVE ( 'NONE', #637, #2662, #4556, .T. ) ;
#3467 = CARTESIAN_POINT ( 'NONE',  ( 0.2177724505829597423, 2.775000000000000355, -0.4818703942471362911 ) ) ;
#3468 = DIRECTION ( 'NONE',  ( 0.000000000000000000, 0.000000000000000000, -1.000000000000000000 ) ) ;
#3469 = CARTESIAN_POINT ( 'NONE',  ( 0.04166666666666641455, 2.825000000000000178, -0.4138621794871780168 ) ) ;
#3470 = CARTESIAN_POINT ( 'NONE',  ( 0.2154543365043015968, 2.774999999999999911, -0.7977372043095231069 ) ) ;
#3471 =( GEOMETRIC_REPRESENTATION_CONTEXT ( 3 ) GLOBAL_UNCERTAINTY_ASSIGNED_CONTEXT ( ( #4789 ) ) GLOBAL_UNIT_ASSIGNED_CONTEXT ( ( #2471, #650, #945 ) ) REPRESENTATION_CONTEXT ( 'NONE', 'WORKASPACE' ) );
#3472 = AXIS2_PLACEMENT_3D ( 'NONE', #4389, #1800, #3349 ) ;
#3473 = CARTESIAN_POINT ( 'NONE',  ( 0.3205128205128203178, 2.824999999999999734, -0.7283653846153831379 ) ) ;
#3474 = VERTEX_POINT ( 'NONE', #4356 ) ;
#3475 = AXIS2_PLACEMENT_3D ( 'NONE', #3506, #1193, #177 ) ;
#3476 = MECHANICAL_DESIGN_GEOMETRIC_PRESENTATION_REPRESENTATION (  '', ( #4705 ), #1432 ) ;
#3477 = DIRECTION ( 'NONE',  ( 0.000000000000000000, 0.000000000000000000, -1.000000000000000000 ) ) ;
#3478 = VECTOR ( 'NONE', #3912, 1000.000000000000000 ) ;
#3479 = CARTESIAN_POINT ( 'NONE',  ( 0.4253779571050816388, 2.824999999999999734, -0.5921285058453618078 ) ) ;
#3480 = CARTESIAN_POINT ( 'NONE',  ( 0.7495249692642870221, 2.824999999999999734, 0.02550778122422457661 ) ) ;
#3481 = CARTESIAN_POINT ( 'NONE',  ( -1.600000000000000311, 0.1499999999999999944, 1.600000000000000089 ) ) ;
#3482 = DIRECTION ( 'NONE',  ( 1.398970545142586788E-16, -0.000000000000000000, 1.000000000000000000 ) ) ;
#3483 = B_SPLINE_SURFACE_WITH_KNOTS ( 'NONE', 3, 1, ( 
 ( #584, #1992 ),
 ( #150, #2370 ),
 ( #1589, #1630 ),
 ( #511, #3086 ),
 ( #4603, #2764 ),
 ( #3470, #4265 ),
 ( #1654, #103 ),
 ( #175, #3181 ),
 ( #3859, #1289 ),
 ( #2819, #4288 ),
 ( #3152, #2723 ),
 ( #4581, #127 ),
 ( #2744, #3541 ),
 ( #4218, #1265 ),
 ( #4239, #4628 ),
 ( #3885, #901 ),
 ( #2399, #4194 ),
 ( #536, #4558 ),
 ( #2421, #2040 ) ),
 .UNSPECIFIED., .F., .F., .F.,
 ( 4, 1, 1, 1, 1, 1, 1, 1, 1, 1, 1, 1, 1, 1, 1, 1, 4 ),
 ( 2, 2 ),
 ( 0.000000000000000000, 0.06196540068706235527, 0.1221219056382955165, 0.1809884968498414737, 0.2399332164519025201, 0.2999058311065241345, 0.3599888474769871172, 0.4217757417416460042, 0.4865758264211264561, 0.5515348046197412479, 0.6150175427599797739, 0.6772586166616568759, 0.7397299623627132670, 0.8030501026629510708, 0.8664951320156980552, 0.9319734741771488196, 1.000000000000000000 ),
 ( 0.000000000000000000, 1.000000000000000000 ),
 .UNSPECIFIED. ) ;
#3484 = ADVANCED_FACE ( 'NONE', ( #3869 ), #434, .T. ) ;
#3485 = VECTOR ( 'NONE', #3141, 1000.000000000000000 ) ;
#3486 = ORIENTED_EDGE ( 'NONE', *, *, #1062, .T. ) ;
#3487 = STYLED_ITEM ( 'NONE', ( #785 ), #2799 ) ;
#3488 = DIRECTION ( 'NONE',  ( -0.000000000000000000, -0.000000000000000000, -1.000000000000000000 ) ) ;
#3489 = ORIENTED_EDGE ( 'NONE', *, *, #2137, .T. ) ;
#3490 = CARTESIAN_POINT ( 'NONE',  ( 0.04166666666666641455, 2.774999999999999911, -0.4138621794871780168 ) ) ;
#3491 = CARTESIAN_POINT ( 'NONE',  ( 0.5929038674528313013, 2.824999999999996625, -0.1594363983542914087 ) ) ;
#3492 = VERTEX_POINT ( 'NONE', #4502 ) ;
#3493 = MECHANICAL_DESIGN_GEOMETRIC_PRESENTATION_REPRESENTATION (  '', ( #363 ), #552 ) ;
#3494 = SHAPE_DEFINITION_REPRESENTATION ( #3435, #3836 ) ;
#3495 = PLANE ( 'NONE',  #1943 ) ;
#3496 = CARTESIAN_POINT ( 'NONE',  ( 3.225000000000000533, 1.325000000000001066, 1.500000000000000000 ) ) ;
#3497 =( NAMED_UNIT ( * ) PLANE_ANGLE_UNIT ( ) SI_UNIT ( $, .RADIAN. ) );
#3498 = CARTESIAN_POINT ( 'NONE',  ( 0.7574118589743599195, 2.825000000000000178, 0.02564102564102713547 ) ) ;
#3499 = CARTESIAN_POINT ( 'NONE',  ( 1.875000000000001776, 0.02500000000000066058, -1.500000000000000000 ) ) ;
#3500 = SURFACE_SIDE_STYLE ('',( #1991 ) ) ;
#3501 = ADVANCED_FACE ( 'NONE', ( #4425 ), #2346, .T. ) ;
#3502 = CARTESIAN_POINT ( 'NONE',  ( -0.5579738805064581308, 2.774999999999999911, -0.6249979495618050995 ) ) ;
#3503 = FACE_BOUND ( 'NONE', #3371, .T. ) ;
#3504 = ORIENTED_EDGE ( 'NONE', *, *, #2081, .T. ) ;
#3505 = SURFACE_STYLE_FILL_AREA ( #4632 ) ;
#3506 = CARTESIAN_POINT ( 'NONE',  ( 0.000000000000000000, 0.1499999999999999944, 0.000000000000000000 ) ) ;
#3507 = CARTESIAN_POINT ( 'NONE',  ( 1.077499923725433240, 2.774999999999999467, -0.2607551852093097366 ) ) ;
#3508 = CARTESIAN_POINT ( 'NONE',  ( 3.149999999999999911, 2.825000000000000178, -1.599999999999999201 ) ) ;
#3509 = VERTEX_POINT ( 'NONE', #2178 ) ;
#3510 = CARTESIAN_POINT ( 'NONE',  ( -0.2179487179487182014, 2.825000000000000178, -0.6923076923076908473 ) ) ;
#3511 = PLANE ( 'NONE',  #2214 ) ;
#3512 = VECTOR ( 'NONE', #3110, 1000.000000000000000 ) ;
#3513 = ORIENTED_EDGE ( 'NONE', *, *, #399, .T. ) ;
#3514 = PRODUCT_CONTEXT ( 'NONE', #4372, 'mechanical' ) ;
#3515 = DIRECTION ( 'NONE',  ( -1.000000000000000000, 0.000000000000000000, 0.000000000000000000 ) ) ;
#3516 = ORIENTED_EDGE ( 'NONE', *, *, #507, .T. ) ;
#3517 = CARTESIAN_POINT ( 'NONE',  ( -0.6508413461538457012, 2.825000000000000622, -0.3693910256410241622 ) ) ;
#3518 = CARTESIAN_POINT ( 'NONE',  ( 0.4230769230769240163, 2.825000000000000178, -0.4995993589743574770 ) ) ;
#3519 = CARTESIAN_POINT ( 'NONE',  ( -0.5864821994181245168, 2.825000000000000622, -0.8482435178723402025 ) ) ;
#3520 = LINE ( 'NONE', #196, #3898 ) ;
#3521 = CARTESIAN_POINT ( 'NONE',  ( 0.2826439161061918282, 2.775000000000000355, -0.5750846970111859191 ) ) ;
#3522 = EDGE_CURVE ( 'NONE', #3407, #226, #362, .T. ) ;
#3523 = ORIENTED_EDGE ( 'NONE', *, *, #4481, .F. ) ;
#3524 = CARTESIAN_POINT ( 'NONE',  ( -0.6508413461538457012, 2.825000000000001510, -0.3693910256410241622 ) ) ;
#3525 = VECTOR ( 'NONE', #2658, 1000.000000000000000 ) ;
#3526 = CARTESIAN_POINT ( 'NONE',  ( 1.004411468141751085, 2.774999999999999911, -0.1016226726148330844 ) ) ;
#3527 = EDGE_CURVE ( 'NONE', #4348, #3407, #1110, .T. ) ;
#3528 = CARTESIAN_POINT ( 'NONE',  ( -0.5324304862790200099, 2.774999999999999467, -0.5060221396711119812 ) ) ;
#3529 = ORIENTED_EDGE ( 'NONE', *, *, #3554, .F. ) ;
#3530 = CARTESIAN_POINT ( 'NONE',  ( 0.2154543365043015968, 2.825000000000000178, -0.7977372043095231069 ) ) ;
#3531 = CARTESIAN_POINT ( 'NONE',  ( -0.5628069298937066200, 2.775000000000000355, -0.8152931048998596220 ) ) ;
#3532 = CARTESIAN_POINT ( 'NONE',  ( -1.115384615384614975, 2.774999999999999911, 1.596070698149334083E-15 ) ) ;
#3533 = ORIENTED_EDGE ( 'NONE', *, *, #2046, .F. ) ;
#3534 = CARTESIAN_POINT ( 'NONE',  ( 0.9749599358974369023, 2.774999999999999911, -0.2485977564102548887 ) ) ;
#3535 = CARTESIAN_POINT ( 'NONE',  ( 0.7936146651925104489, 2.824999999999998845, -0.07829166081267513455 ) ) ;
#3536 = CARTESIAN_POINT ( 'NONE',  ( -3.475000000000000977, -0.07499999999999976130, -1.500000000000000000 ) ) ;
#3537 = ORIENTED_EDGE ( 'NONE', *, *, #3048, .T. ) ;
#3538 = CARTESIAN_POINT ( 'NONE',  ( 0.4389638700728081822, 2.825000000000001510, -0.7114042542885943288 ) ) ;
#3539 = SURFACE_STYLE_FILL_AREA ( #193 ) ;
#3540 = CARTESIAN_POINT ( 'NONE',  ( -0.7117043364721702403, 2.824999999999999734, -0.9196078486019396703 ) ) ;
#3541 = CARTESIAN_POINT ( 'NONE',  ( 0.1169179575319034825, 2.825000000000001066, -0.8999571463734045151 ) ) ;
#3542 = CARTESIAN_POINT ( 'NONE',  ( 0.1279620659136691541, 2.774999999999999911, -0.3796517501818753026 ) ) ;
#3543 =( NAMED_UNIT ( * ) PLANE_ANGLE_UNIT ( ) SI_UNIT ( $, .RADIAN. ) );
#3544 = MECHANICAL_DESIGN_GEOMETRIC_PRESENTATION_REPRESENTATION (  '', ( #1277 ), #1667 ) ;
#3545 = CIRCLE ( 'NONE', #3084, 0.09999999999999982514 ) ;
#3546 = EDGE_CURVE ( 'NONE', #1662, #4670, #4097, .T. ) ;
#3547 = CARTESIAN_POINT ( 'NONE',  ( 0.5025565240087276342, 2.824999999999999289, -0.1194990643741983133 ) ) ;
#3548 = CARTESIAN_POINT ( 'NONE',  ( 1.057932747459269907, 2.824999999999996625, -0.1998469328449147819 ) ) ;
#3549 = VECTOR ( 'NONE', #396, 1000.000000000000000 ) ;
#3550 = LINE ( 'NONE', #999, #1490 ) ;
#3551 = VECTOR ( 'NONE', #4655, 1000.000000000000000 ) ;
#3552 = STYLED_ITEM ( 'NONE', ( #2699 ), #1897 ) ;
#3553 = VERTEX_POINT ( 'NONE', #4479 ) ;
#3554 = EDGE_CURVE ( 'NONE', #875, #3823, #1643, .T. ) ;
#3555 = CARTESIAN_POINT ( 'NONE',  ( 0.01842948717948694748, 2.825000000000000178, -1.025641025641024218 ) ) ;
#3556 = CARTESIAN_POINT ( 'NONE',  ( -0.2170980832544967265, 2.825000000000000622, -0.7012094257416779941 ) ) ;
#3557 = CARTESIAN_POINT ( 'NONE',  ( 1.875000000000001776, -0.1749999999999993505, 1.500000000000000000 ) ) ;
#3558 = DIRECTION ( 'NONE',  ( -0.000000000000000000, 1.000000000000000000, -0.000000000000000000 ) ) ;
#3559 = ORIENTED_EDGE ( 'NONE', *, *, #3839, .T. ) ;
#3560 = DIRECTION ( 'NONE',  ( -0.000000000000000000, 1.000000000000000000, -0.000000000000000000 ) ) ;
#3561 = ORIENTED_EDGE ( 'NONE', *, *, #764, .F. ) ;
#3562 = CARTESIAN_POINT ( 'NONE',  ( 0.4233526939787273236, 2.774999999999999911, -0.5467614652548478116 ) ) ;
#3563 = DIRECTION ( 'NONE',  ( -0.000000000000000000, 1.000000000000000000, -0.000000000000000000 ) ) ;
#3564 = CARTESIAN_POINT ( 'NONE',  ( -0.7508012820512814933, 2.825000000000000178, -1.025641025641024218 ) ) ;
#3565 = DIRECTION ( 'NONE',  ( -0.000000000000000000, 1.000000000000000000, -0.000000000000000000 ) ) ;
#3566 = MECHANICAL_DESIGN_GEOMETRIC_PRESENTATION_REPRESENTATION (  '', ( #3552 ), #603 ) ;
#3567 = CARTESIAN_POINT ( 'NONE',  ( -0.3461538461538464229, 2.774999999999999911, 1.543945593702915236E-15 ) ) ;
#3568 = EDGE_CURVE ( 'NONE', #2662, #1227, #1467, .T. ) ;
#3569 = CARTESIAN_POINT ( 'NONE',  ( 3.100000000000000089, 2.825000000000000178, -3.299999999999998934 ) ) ;
#3570 = CARTESIAN_POINT ( 'NONE',  ( -0.7554086538461532996, 2.774999999999999911, -0.9230769230769215739 ) ) ;
#3571 =( NAMED_UNIT ( * ) PLANE_ANGLE_UNIT ( ) SI_UNIT ( $, .RADIAN. ) );
#3572 = SURFACE_STYLE_FILL_AREA ( #2071 ) ;
#3573 = EDGE_LOOP ( 'NONE', ( #170, #1524, #2383, #769 ) ) ;
#3574 = CARTESIAN_POINT ( 'NONE',  ( -1.599999999999999867, 0.1499999999999999944, -1.600000000000000089 ) ) ;
#3575 = CARTESIAN_POINT ( 'NONE',  ( 0.1169179575319034825, 2.825000000000001066, -0.8999571463734045151 ) ) ;
#3576 = CARTESIAN_POINT ( 'NONE',  ( -0.6172715677431103165, 2.824999999999999289, -0.8773390903124936857 ) ) ;
#3577 = FACE_OUTER_BOUND ( 'NONE', #3580, .T. ) ;
#3578 = EDGE_LOOP ( 'NONE', ( #3133, #2880, #1551, #4151 ) ) ;
#3579 = CARTESIAN_POINT ( 'NONE',  ( -0.9568848322716844157, 2.825000000000000622, -0.9542266772126410945 ) ) ;
#3580 = EDGE_LOOP ( 'NONE', ( #814, #2733, #2827, #638 ) ) ;
#3581 = CARTESIAN_POINT ( 'NONE',  ( 0.7339729119469785568, 2.774999999999999911, -1.025247587366936441 ) ) ;
#3582 = VECTOR ( 'NONE', #3040, 1000.000000000000000 ) ;
#3583 = EDGE_CURVE ( 'NONE', #1325, #2431, #2284, .T. ) ;
#3584 = CARTESIAN_POINT ( 'NONE',  ( 0.1718583264191766991, 2.774999999999999467, -0.5609101263062353793 ) ) ;
#3585 = LINE ( 'NONE', #2883, #2424 ) ;
#3586 = CARTESIAN_POINT ( 'NONE',  ( 3.225000000000000533, 1.325000000000001066, 1.500000000000000000 ) ) ;
#3587 = FILL_AREA_STYLE_COLOUR ( '', #3398 ) ;
#3588 = DIRECTION ( 'NONE',  ( -0.000000000000000000, -1.000000000000000000, -0.000000000000000000 ) ) ;
#3589 =( LENGTH_UNIT ( ) NAMED_UNIT ( * ) SI_UNIT ( .MILLI., .METRE. ) );
#3590 = CARTESIAN_POINT ( 'NONE',  ( 0.9998032616381695714, 2.774999999999999467, -0.6631449869253421836 ) ) ;
#3591 = CARTESIAN_POINT ( 'NONE',  ( 0.6047381026606675203, 2.825000000000000622, -0.01644878723389832029 ) ) ;
#3592 = ORIENTED_EDGE ( 'NONE', *, *, #3905, .F. ) ;
#3593 = DIRECTION ( 'NONE',  ( 0.000000000000000000, 0.000000000000000000, -1.000000000000000000 ) ) ;
#3594 = CYLINDRICAL_SURFACE ( 'NONE', #1527, 0.05000000000000012768 ) ;
#3595 = CARTESIAN_POINT ( 'NONE',  ( -0.2170980832544967265, 2.775000000000000355, -0.7012094257416779941 ) ) ;
#3596 = LINE ( 'NONE', #4686, #130 ) ;
#3597 = ORIENTED_EDGE ( 'NONE', *, *, #844, .T. ) ;
#3598 = ADVANCED_FACE ( 'NONE', ( #3810 ), #1766, .F. ) ;
#3599 = VECTOR ( 'NONE', #2357, 1000.000000000000000 ) ;
#3600 = CARTESIAN_POINT ( 'NONE',  ( -1.076338176063667884, 2.825000000000000178, -0.7042136602413466839 ) ) ;
#3601 = VERTEX_POINT ( 'NONE', #3049 ) ;
#3602 = CARTESIAN_POINT ( 'NONE',  ( 0.4881075228634341179, 2.774999999999999467, -0.8566440590146814360 ) ) ;
#3603 = CARTESIAN_POINT ( 'NONE',  ( 3.375000000000001776, -0.07499999999999890088, 1.500000000000000000 ) ) ;
#3604 = CARTESIAN_POINT ( 'NONE',  ( -0.01469037060346627468, 2.774999999999999911, -1.024910102138550272 ) ) ;
#3605 = EDGE_CURVE ( 'NONE', #667, #2162, #2907, .T. ) ;
#3606 = EDGE_CURVE ( 'NONE', #3973, #1461, #2653, .T. ) ;
#3607 = DIRECTION ( 'NONE',  ( 0.000000000000000000, 0.000000000000000000, -1.000000000000000000 ) ) ;
#3608 = DIRECTION ( 'NONE',  ( 0.000000000000000000, 0.000000000000000000, -1.000000000000000000 ) ) ;
#3609 = CARTESIAN_POINT ( 'NONE',  ( 3.299999999999999822, 2.825000000000000178, -1.599999999999998979 ) ) ;
#3610 = LINE ( 'NONE', #3463, #2772 ) ;
#3611 = CARTESIAN_POINT ( 'NONE',  ( 0.9872435418751639435, 2.825000000000000178, -0.7169716526612467389 ) ) ;
#3612 = CARTESIAN_POINT ( 'NONE',  ( 0.5852262295126440250, 2.825000000000000622, -0.02924747907340788031 ) ) ;
#3613 = ORIENTED_EDGE ( 'NONE', *, *, #192, .T. ) ;
#3614 = CARTESIAN_POINT ( 'NONE',  ( -0.5848108453881426527, 2.824999999999999734, -0.5788399692513522821 ) ) ;
#3615 = CARTESIAN_POINT ( 'NONE',  ( 0.5705746054747302676, 2.825000000000000622, -0.8087926559968990903 ) ) ;
#3616 = AXIS2_PLACEMENT_3D ( 'NONE', #4291, #3962, #610 ) ;
#3617 = CARTESIAN_POINT ( 'NONE',  ( 0.9981980944976260872, 2.825000000000001066, -0.3332280191897459276 ) ) ;
#3618 = SURFACE_STYLE_USAGE ( .BOTH. , #2120 ) ;
#3619 = ORIENTED_EDGE ( 'NONE', *, *, #1297, .T. ) ;
#3620 = CIRCLE ( 'NONE', #1975, 0.09999999999999982514 ) ;
#3621 = VERTEX_POINT ( 'NONE', #1399 ) ;
#3622 = STYLED_ITEM ( 'NONE', ( #878 ), #247 ) ;
#3623 = CARTESIAN_POINT ( 'NONE',  ( -0.8469674239053437415, 2.774999999999999467, -1.012910677759645051 ) ) ;
#3624 = ORIENTED_EDGE ( 'NONE', *, *, #4782, .T. ) ;
#3625 = CARTESIAN_POINT ( 'NONE',  ( 0.5025565240087276342, 2.774999999999999467, -0.1194990643741983133 ) ) ;
#3626 = CARTESIAN_POINT ( 'NONE',  ( 0.9007671107137472655, 2.774999999999999911, -0.8679230225139414889 ) ) ;
#3627 = CARTESIAN_POINT ( 'NONE',  ( -0.1742645245505639595, 2.774999999999999911, -0.8292151163326848540 ) ) ;
#3628 = CARTESIAN_POINT ( 'NONE',  ( 0.1464358321538457852, 2.824999999999999289, -0.3994534110037841201 ) ) ;
#3629 = COLOUR_RGB ( '',0.1098039215686274495, 0.1098039215686274495, 0.1098039215686274495 ) ;
#3630 = CARTESIAN_POINT ( 'NONE',  ( 0.7811965653153879474, 2.774999999999999467, 0.02529479197459682388 ) ) ;
#3631 = CARTESIAN_POINT ( 'NONE',  ( -3.100000000000000089, 2.725000000000000533, -3.199999999999998401 ) ) ;
#3632 = CARTESIAN_POINT ( 'NONE',  ( -0.7275641025641019777, 2.825000000000000178, -0.4138621794871779613 ) ) ;
#3633 = ADVANCED_FACE ( 'NONE', ( #4377 ), #3377, .F. ) ;
#3634 = CARTESIAN_POINT ( 'NONE',  ( 0.9274705170018658906, 2.825000000000001066, -0.8397882903237644525 ) ) ;
#3635 = LINE ( 'NONE', #3987, #1597 ) ;
#3636 = VERTEX_POINT ( 'NONE', #2488 ) ;
#3637 = ADVANCED_FACE ( 'NONE', ( #377 ), #2246, .F. ) ;
#3638 = CARTESIAN_POINT ( 'NONE',  ( -0.5397089649381675569, 2.824999999999999289, -0.6879296472581007960 ) ) ;
#3639 = CARTESIAN_POINT ( 'NONE',  ( 0.5814572578153761606, 2.825000000000000622, -0.8254970466595061840 ) ) ;
#3640 = CARTESIAN_POINT ( 'NONE',  ( 0.1349322730347350952, 2.825000000000000178, -0.8896602575737417862 ) ) ;
#3641 = PLANE ( 'NONE',  #1328 ) ;
#3642 = ORIENTED_EDGE ( 'NONE', *, *, #2017, .F. ) ;
#3643 = CARTESIAN_POINT ( 'NONE',  ( 1.057932747459269907, 2.824999999999999734, -0.1998469328449147819 ) ) ;
#3644 = ORIENTED_EDGE ( 'NONE', *, *, #3225, .T. ) ;
#3645 = CARTESIAN_POINT ( 'NONE',  ( -0.8161437502369313091, 2.825000000000000622, -1.020402574789529782 ) ) ;
#3646 = CARTESIAN_POINT ( 'NONE',  ( -0.4955316443103631174, 2.774999999999999467, -0.8911747892307440022 ) ) ;
#3647 = VERTEX_POINT ( 'NONE', #3717 ) ;
#3648 = CARTESIAN_POINT ( 'NONE',  ( 0.6454192370453731842, 2.775000000000000355, 0.004547713497229749664 ) ) ;
#3649 = CARTESIAN_POINT ( 'NONE',  ( -0.2522738412163027522, 2.774999999999999467, -0.8821359335528100587 ) ) ;
#3650 = LINE ( 'NONE', #2610, #1529 ) ;
#3651 = CARTESIAN_POINT ( 'NONE',  ( 0.9335959815916509141, 2.774999999999999467, -0.03085165000063179105 ) ) ;
#3652 = CARTESIAN_POINT ( 'NONE',  ( -0.9797016046777040632, 2.774999999999999467, -0.7437255589688551716 ) ) ;
#3653 = LINE ( 'NONE', #3293, #2698 ) ;
#3654 = AXIS2_PLACEMENT_3D ( 'NONE', #607, #3999, #2153 ) ;
#3655 =( NAMED_UNIT ( * ) SI_UNIT ( $, .STERADIAN. ) SOLID_ANGLE_UNIT ( ) );
#3656 = EDGE_CURVE ( 'NONE', #1886, #605, #3167, .T. ) ;
#3657 = CARTESIAN_POINT ( 'NONE',  ( -0.6512933371217127787, 2.825000000000001066, -0.4959350349268773495 ) ) ;
#3658 = ORIENTED_EDGE ( 'NONE', *, *, #235, .F. ) ;
#3659 = SURFACE_STYLE_FILL_AREA ( #683 ) ;
#3660 = CARTESIAN_POINT ( 'NONE',  ( 0.9707492074450450037, 2.825000000000000622, -0.7643031487219331677 ) ) ;
#3661 = EDGE_CURVE ( 'NONE', #4013, #2569, #4204, .T. ) ;
#3662 = DIRECTION ( 'NONE',  ( -1.000000000000000000, 0.000000000000000000, 0.000000000000000000 ) ) ;
#3663 = CARTESIAN_POINT ( 'NONE',  ( -0.7332254839814567049, 2.774999999999999911, -0.9224885583009792001 ) ) ;
#3664 = ORIENTED_EDGE ( 'NONE', *, *, #1032, .F. ) ;
#3665 = VECTOR ( 'NONE', #1518, 1000.000000000000000 ) ;
#3666 = ORIENTED_EDGE ( 'NONE', *, *, #4685, .F. ) ;
#3667 = AXIS2_PLACEMENT_3D ( 'NONE', #3380, #1549, #3801 ) ;
#3668 = CARTESIAN_POINT ( 'NONE',  ( -1.076923076923076428, 2.774999999999999911, -0.6923076923076907363 ) ) ;
#3669 = CARTESIAN_POINT ( 'NONE',  ( -0.4490150650220922079, 2.825000000000000622, -0.7382584791864081897 ) ) ;
#3670 = PLANE ( 'NONE',  #1042 ) ;
#3671 = ORIENTED_EDGE ( 'NONE', *, *, #904, .F. ) ;
#3672 =( NAMED_UNIT ( * ) SI_UNIT ( $, .STERADIAN. ) SOLID_ANGLE_UNIT ( ) );
#3673 = PRODUCT_DEFINITION_CONTEXT ( 'detailed design', #4769, 'design' ) ;
#3674 = CARTESIAN_POINT ( 'NONE',  ( 0.5296230089566487109, 2.825000000000000178, -0.2975812670182314545 ) ) ;
#3675 = DIRECTION ( 'NONE',  ( 1.000000000000000000, 0.000000000000000000, 0.000000000000000000 ) ) ;
#3676 = CARTESIAN_POINT ( 'NONE',  ( 1.875000000000001776, -0.1749999999999993505, 1.500000000000000000 ) ) ;
#3677 = CARTESIAN_POINT ( 'NONE',  ( 0.2307692307692305322, 2.774999999999999911, -0.7203525641025626536 ) ) ;
#3678 = CARTESIAN_POINT ( 'NONE',  ( -0.8226450651136633097, 2.824999999999999734, -0.9148232825177048388 ) ) ;
#3679 = CYLINDRICAL_SURFACE ( 'NONE', #1000, 0.1000000000000002554 ) ;
#3680 = UNCERTAINTY_MEASURE_WITH_UNIT (LENGTH_MEASURE( 1.000000000000000082E-05 ), #4674, 'distance_accuracy_value', 'NONE');
#3681 = CARTESIAN_POINT ( 'NONE',  ( 0.8924864524479161343, 2.824999999999997069, -0.9943676656230990840 ) ) ;
#3682 = DIRECTION ( 'NONE',  ( 0.000000000000000000, 0.000000000000000000, -1.000000000000000000 ) ) ;
#3683 = B_SPLINE_CURVE_WITH_KNOTS ( 'NONE', 3,
 ( #4119, #4500, #2258, #4143, #796, #1582, #2286, #3808, #3779, #68, #457, #4808, #1556, #4525, #1182 ),
 .UNSPECIFIED., .F., .F.,
 ( 4, 1, 1, 1, 1, 1, 1, 1, 1, 1, 1, 1, 4 ),
 ( 0.000000000000000000, 0.09868359718800531755, 0.1956354369625601664, 0.2928171151783298676, 0.3917185922877373661, 0.4448284794206612824, 0.5043221969528338677, 0.5704332993909428939, 0.6426131106036514495, 0.7223398365756665829, 0.8079573173963708888, 0.9004882931788357192, 1.000000000000000000 ),
 .UNSPECIFIED. ) ;
#3684 = VERTEX_POINT ( 'NONE', #3070 ) ;
#3685 = CARTESIAN_POINT ( 'NONE',  ( -0.6227949370769225723, 2.825000000000000178, -0.3994534110037840646 ) ) ;
#3686 = CARTESIAN_POINT ( 'NONE',  ( -0.6910229807229154586, 2.824999999999999734, -0.9150196830524812697 ) ) ;
#3687 = ORIENTED_EDGE ( 'NONE', *, *, #2092, .F. ) ;
#3688 = ORIENTED_EDGE ( 'NONE', *, *, #1127, .F. ) ;
#3689 = EDGE_CURVE ( 'NONE', #2358, #532, #4322, .T. ) ;
#3690 = CARTESIAN_POINT ( 'NONE',  ( -0.1353252153959602910, 2.774999999999999467, -0.9893617955463952507 ) ) ;
#3691 = CARTESIAN_POINT ( 'NONE',  ( -0.4955316443103631174, 2.825000000000000178, -0.8911747892307440022 ) ) ;
#3692 = CARTESIAN_POINT ( 'NONE',  ( -0.6508413461538455902, 2.825000000000000178, -0.3693910256410241066 ) ) ;
#3693 = ORIENTED_EDGE ( 'NONE', *, *, #496, .T. ) ;
#3694 = VECTOR ( 'NONE', #2495, 1000.000000000000000 ) ;
#3695 = CARTESIAN_POINT ( 'NONE',  ( 0.7339735621884266870, 2.774999999999999467, 0.02524504924210548701 ) ) ;
#3696 =( GEOMETRIC_REPRESENTATION_CONTEXT ( 3 ) GLOBAL_UNCERTAINTY_ASSIGNED_CONTEXT ( ( #1818 ) ) GLOBAL_UNIT_ASSIGNED_CONTEXT ( ( #4197, #3763, #1925 ) ) REPRESENTATION_CONTEXT ( 'NONE', 'WORKASPACE' ) );
#3697 = MECHANICAL_DESIGN_GEOMETRIC_PRESENTATION_REPRESENTATION (  '', ( #3622 ), #4633 ) ;
#3698 = CARTESIAN_POINT ( 'NONE',  ( -0.2170980832544967265, 2.775000000000000355, -0.7012094257416779941 ) ) ;
#3700 = DIRECTION ( 'NONE',  ( -0.7294688866571756858, 0.000000000000000000, -0.6840139935696788465 ) ) ;
#3699 = PLANE ( 'NONE',  #3386 ) ;
#3701 = CARTESIAN_POINT ( 'NONE',  ( 0.9006199649087756054, 2.775000000000000355, -0.1310185498722285236 ) ) ;
#3702 = DIRECTION ( 'NONE',  ( 1.000000000000000000, 2.710505431213761085E-16, -0.000000000000000000 ) ) ;
#3703 = CARTESIAN_POINT ( 'NONE',  ( -0.8011348429639887359, 2.774999999999999911, -0.9196649512025439899 ) ) ;
#3704 = VECTOR ( 'NONE', #164, 1000.000000000000000 ) ;
#3705 = CARTESIAN_POINT ( 'NONE',  ( -3.299999999999998934, 2.725000000000000533, 3.100000000000002309 ) ) ;
#3706 = CARTESIAN_POINT ( 'NONE',  ( 1.100114192512928968, 2.774999999999999911, -0.5886669655333365281 ) ) ;
#3707 = STYLED_ITEM ( 'NONE', ( #3875 ), #2696 ) ;
#3708 = ADVANCED_FACE ( 'NONE', ( #136 ), #3118, .T. ) ;
#3709 = PRESENTATION_STYLE_ASSIGNMENT (( #780 ) ) ;
#3710 = EDGE_LOOP ( 'NONE', ( #983, #951, #4210, #1147 ) ) ;
#3711 = COLOUR_RGB ( '',0.1098039215686274495, 0.1098039215686274495, 0.1098039215686274495 ) ;
#3712 = LINE ( 'NONE', #1118, #4546 ) ;
#3713 = LINE ( 'NONE', #1073, #4249 ) ;
#3714 = CARTESIAN_POINT ( 'NONE',  ( -0.7554086538461532996, 2.824999999999999289, -0.9230769230769215739 ) ) ;
#3715 = EDGE_LOOP ( 'NONE', ( #2600, #2856, #4017, #3143 ) ) ;
#3716 = CARTESIAN_POINT ( 'NONE',  ( 1.068742688633500082, 2.825000000000001066, -0.2290568790191876425 ) ) ;
#3717 = CARTESIAN_POINT ( 'NONE',  ( -0.4487179487179481230, 2.774999999999999911, -0.7283653846153830269 ) ) ;
#3718 = EDGE_LOOP ( 'NONE', ( #1191, #4220, #2577, #2554, #2455, #1291, #2906, #1410 ) ) ;
#3719 = ADVANCED_FACE ( 'NONE', ( #1929 ), #1661, .F. ) ;
#3720 = CARTESIAN_POINT ( 'NONE',  ( -0.2330755982124676773, 2.774999999999999911, -0.9081334160426974833 ) ) ;
#3721 = CARTESIAN_POINT ( 'NONE',  ( 0.5200487985727331175, 2.775000000000000799, -0.3552726086110721271 ) ) ;
#3722 = ORIENTED_EDGE ( 'NONE', *, *, #2782, .F. ) ;
#3723 = CARTESIAN_POINT ( 'NONE',  ( 3.100000000000000089, 2.825000000000000178, -3.099999999999999645 ) ) ;
#3724 = CARTESIAN_POINT ( 'NONE',  ( 1.085152246695129108, 2.824999999999999289, -0.7055041209753445397 ) ) ;
#3725 = CARTESIAN_POINT ( 'NONE',  ( 0.1672645611089649542, 2.775000000000000355, -0.9914494953910930608 ) ) ;
#3726 = CARTESIAN_POINT ( 'NONE',  ( -0.7182899624102090375, 2.825000000000000622, -1.024879913850619717 ) ) ;
#3727 = EDGE_CURVE ( 'NONE', #3636, #667, #2001, .T. ) ;
#3728 = CARTESIAN_POINT ( 'NONE',  ( 0.6191419908816900852, 2.775000000000000355, -0.8681926533092070297 ) ) ;
#3729 = CARTESIAN_POINT ( 'NONE',  ( -0.9550907263937988834, 2.775000000000000355, -0.8101215690838008410 ) ) ;
#3730 = CARTESIAN_POINT ( 'NONE',  ( 0.03600528524931189550, 2.775000000000000355, -0.9224885583009789780 ) ) ;
#3731 = CARTESIAN_POINT ( 'NONE',  ( -0.4810707404608419724, 2.775000000000000355, -0.8665378504550249605 ) ) ;
#3732 = CARTESIAN_POINT ( 'NONE',  ( -3.200000000000000178, 2.825000000000000178, -3.099999999999998757 ) ) ;
#3733 = CARTESIAN_POINT ( 'NONE',  ( -0.1621380803349047883, 2.825000000000000622, -0.9732710323001175778 ) ) ;
#3734 = ORIENTED_EDGE ( 'NONE', *, *, #4515, .F. ) ;
#3735 = AXIS2_PLACEMENT_3D ( 'NONE', #4101, #392, #832 ) ;
#3736 = CARTESIAN_POINT ( 'NONE',  ( -0.1318108974358976893, 2.774999999999999911, -0.1025641025641010340 ) ) ;
#3737 = SURFACE_SIDE_STYLE ('',( #2920 ) ) ;
#3738 = CARTESIAN_POINT ( 'NONE',  ( 0.9140248192247500958, 2.824999999999999734, -0.1437655922473460579 ) ) ;
#3739 = EDGE_LOOP ( 'NONE', ( #4350, #3449, #1604, #3379, #432 ) ) ;
#3740 = SURFACE_STYLE_FILL_AREA ( #2630 ) ;
#3741 = ORIENTED_EDGE ( 'NONE', *, *, #2128, .F. ) ;
#3742 = UNCERTAINTY_MEASURE_WITH_UNIT (LENGTH_MEASURE( 1.000000000000000082E-05 ), #1390, 'distance_accuracy_value', 'NONE');
#3743 = CARTESIAN_POINT ( 'NONE',  ( -0.7508012820512814933, 2.774999999999999911, -1.025641025641024218 ) ) ;
#3744 = CARTESIAN_POINT ( 'NONE',  ( 0.5513607816365577730, 2.774999999999999467, -0.2289772337857501061 ) ) ;
#3745 = ORIENTED_EDGE ( 'NONE', *, *, #645, .T. ) ;
#3746 = CARTESIAN_POINT ( 'NONE',  ( 0.5170084279484052914, 2.774999999999999467, -0.3879164761725383270 ) ) ;
#3747 =( GEOMETRIC_REPRESENTATION_CONTEXT ( 3 ) GLOBAL_UNCERTAINTY_ASSIGNED_CONTEXT ( ( #3742 ) ) GLOBAL_UNIT_ASSIGNED_CONTEXT ( ( #1390, #2897, #4437 ) ) REPRESENTATION_CONTEXT ( 'NONE', 'WORKASPACE' ) );
#3748 = EDGE_CURVE ( 'NONE', #595, #4347, #3333, .T. ) ;
#3749 = EDGE_LOOP ( 'NONE', ( #4461, #824, #3745, #2244 ) ) ;
#3750 = CARTESIAN_POINT ( 'NONE',  ( 0.3002136515931210226, 2.775000000000000355, -0.8409297928603075567 ) ) ;
#3751 = CARTESIAN_POINT ( 'NONE',  ( -0.4487179487179481230, 2.825000000000000178, -0.7283653846153830269 ) ) ;
#3752 = CYLINDRICAL_SURFACE ( 'NONE', #2472, 0.04999999999999969746 ) ;
#3753 = CARTESIAN_POINT ( 'NONE',  ( 0.3205128205128203178, 2.774999999999999911, -0.7283653846153831379 ) ) ;
#3754 = CARTESIAN_POINT ( 'NONE',  ( -0.9302247578199275280, 2.775000000000001243, -0.8468179629232408523 ) ) ;
#3755 = DIRECTION ( 'NONE',  ( 1.000000000000000000, 0.000000000000000000, -6.938893903907226405E-16 ) ) ;
#3756 = CARTESIAN_POINT ( 'NONE',  ( -0.6019662081218031258, 2.774999999999999023, -0.9914494953910926167 ) ) ;
#3757 = EDGE_CURVE ( 'NONE', #2073, #2527, #3550, .T. ) ;
#3758 = EDGE_CURVE ( 'NONE', #2169, #820, #3945, .T. ) ;
#3759 = CARTESIAN_POINT ( 'NONE',  ( 1.032541129076057995, 2.774999999999999911, -0.8536509606361881719 ) ) ;
#3760 = CARTESIAN_POINT ( 'NONE',  ( -0.6999852128707426679, 2.824999999999999734, -0.4426514632451224451 ) ) ;
#3761 = ORIENTED_EDGE ( 'NONE', *, *, #2074, .T. ) ;
#3762 = CYLINDRICAL_SURFACE ( 'NONE', #2460, 0.05000000000000012768 ) ;
#3763 =( NAMED_UNIT ( * ) PLANE_ANGLE_UNIT ( ) SI_UNIT ( $, .RADIAN. ) );
#3764 = CARTESIAN_POINT ( 'NONE',  ( 3.225000000000001421, 0.07500000000000019151, -1.500000000000000000 ) ) ;
#3765 = CARTESIAN_POINT ( 'NONE',  ( 0.7714902871397377737, 2.824999999999999734, -0.07737958572637536336 ) ) ;
#3766 = CARTESIAN_POINT ( 'NONE',  ( -1.076923076923076428, 2.774999999999999911, -0.6923076923076907363 ) ) ;
#3767 = DIRECTION ( 'NONE',  ( -0.000000000000000000, 0.000000000000000000, -1.000000000000000000 ) ) ;
#3768 = VERTEX_POINT ( 'NONE', #2117 ) ;
#3769 = EDGE_CURVE ( 'NONE', #2767, #4803, #1023, .T. ) ;
#3770 = CARTESIAN_POINT ( 'NONE',  ( -0.7508012820512814933, 2.825000000000000178, -1.025641025641024218 ) ) ;
#3771 = CARTESIAN_POINT ( 'NONE',  ( 0.5515750791170866973, 2.774999999999999467, -0.7714154762967102563 ) ) ;
#3772 = ORIENTED_EDGE ( 'NONE', *, *, #1279, .F. ) ;
#3773 = CARTESIAN_POINT ( 'NONE',  ( 0.6451108629711983511, 2.825000000000000622, -1.004148404861761934 ) ) ;
#3774 = CARTESIAN_POINT ( 'NONE',  ( 0.7604166666666676289, 2.774999999999999911, -0.07692307692307542855 ) ) ;
#3775 = VECTOR ( 'NONE', #461, 1000.000000000000000 ) ;
#3776 = ORIENTED_EDGE ( 'NONE', *, *, #924, .F. ) ;
#3777 = CARTESIAN_POINT ( 'NONE',  ( 0.3202157042086763439, 2.775000000000000799, -0.7382584791864084117 ) ) ;
#3778 = VECTOR ( 'NONE', #1214, 1000.000000000000000 ) ;
#3779 = CARTESIAN_POINT ( 'NONE',  ( 0.2368002829517482644, 2.824999999999999289, -0.5060221396711119812 ) ) ;
#3780 = CARTESIAN_POINT ( 'NONE',  ( -1.875000000000000888, -0.1749999999999998224, 1.500000000000000000 ) ) ;
#3781 = CIRCLE ( 'NONE', #2051, 0.1999999999999996503 ) ;
#3782 = CARTESIAN_POINT ( 'NONE',  ( 0.5128205128205136631, 2.774999999999999911, -0.4999999999999985012 ) ) ;
#3783 = SURFACE_STYLE_FILL_AREA ( #4578 ) ;
#3784 = B_SPLINE_SURFACE_WITH_KNOTS ( 'NONE', 3, 1, ( 
 ( #1552, #2734 ),
 ( #1934, #2687 ),
 ( #1910, #3461 ),
 ( #3056, #1525 ),
 ( #3746, #2715 ),
 ( #1885, #4496 ),
 ( #4161, #115 ),
 ( #1623, #2311 ),
 ( #3850, #3123 ),
 ( #2660, #1603 ),
 ( #1157, #3804 ),
 ( #4186, #4544 ),
 ( #456, #3434 ),
 ( #3101, #4596 ),
 ( #3826, #3491 ),
 ( #433, #4137 ),
 ( #90, #1579 ),
 ( #791, #142 ),
 ( #1259, #4209 ),
 ( #3075, #475 ),
 ( #1231, #500 ),
 ( #2282, #2759 ),
 ( #3774, #4231 ) ),
 .UNSPECIFIED., .F., .F., .F.,
 ( 4, 1, 1, 1, 1, 1, 1, 1, 1, 1, 1, 1, 1, 1, 1, 1, 1, 1, 1, 1, 4 ),
 ( 2, 2 ),
 ( 0.000000000000000000, 0.07295106587586651370, 0.1415836941865450671, 0.2059264601708669651, 0.2653013571846054020, 0.3205972327139282041, 0.3718165030988103137, 0.4187897697094520866, 0.4616987286157646087, 0.5021335821035655123, 0.5408043152926480523, 0.5781805253279662660, 0.6142968652075145863, 0.6496782432647874028, 0.6842994600896378232, 0.7183589527723608370, 0.7520808646475967141, 0.8176524386023854563, 0.8797220764054372033, 0.9399655597309874988, 1.000000000000000000 ),
 ( 0.000000000000000000, 1.000000000000000000 ),
 .UNSPECIFIED. ) ;
#3785 = CARTESIAN_POINT ( 'NONE',  ( 0.1561805458626690235, 2.825000000000000622, -0.5414259252811636225 ) ) ;
#3786 = UNCERTAINTY_MEASURE_WITH_UNIT (LENGTH_MEASURE( 1.000000000000000082E-05 ), #4258, 'distance_accuracy_value', 'NONE');
#3787 = AXIS2_PLACEMENT_3D ( 'NONE', #3862, #2765, #464 ) ;
#3788 = CARTESIAN_POINT ( 'NONE',  ( 1.102020788239024940, 2.824999999999997513, -0.5448897110645464226 ) ) ;
#3789 = DIRECTION ( 'NONE',  ( -0.000000000000000000, 1.000000000000000000, -0.000000000000000000 ) ) ;
#3790 = ORIENTED_EDGE ( 'NONE', *, *, #3025, .F. ) ;
#3791 = EDGE_CURVE ( 'NONE', #3474, #1443, #272, .T. ) ;
#3792 =( NAMED_UNIT ( * ) PLANE_ANGLE_UNIT ( ) SI_UNIT ( $, .RADIAN. ) );
#3793 = CARTESIAN_POINT ( 'NONE',  ( 0.1718583264191766991, 2.774999999999999467, -0.5609101263062353793 ) ) ;
#3794 = CARTESIAN_POINT ( 'NONE',  ( 0.4881075228634341179, 2.774999999999999467, -0.8566440590146814360 ) ) ;
#3795 = CARTESIAN_POINT ( 'NONE',  ( 0.1672645611089649542, 2.775000000000000355, -0.9914494953910930608 ) ) ;
#3796 = EDGE_CURVE ( 'NONE', #4491, #2464, #2524, .T. ) ;
#3797 = CIRCLE ( 'NONE', #2943, 0.1000000000000002554 ) ;
#3798 = CARTESIAN_POINT ( 'NONE',  ( 0.5930766007118475347, 2.825000000000000622, -0.8410404509024651531 ) ) ;
#3799 = ORIENTED_EDGE ( 'NONE', *, *, #1365, .T. ) ;
#3800 = STYLED_ITEM ( 'NONE', ( #698 ), #2194 ) ;
#3801 = DIRECTION ( 'NONE',  ( 1.000000000000000000, 0.000000000000000000, 0.000000000000000000 ) ) ;
#3802 = CARTESIAN_POINT ( 'NONE',  ( 3.275000000000000355, 1.275000000000001243, -1.500000000000000000 ) ) ;
#3803 = EDGE_LOOP ( 'NONE', ( #2247, #3561, #2686, #720 ) ) ;
#3804 = CARTESIAN_POINT ( 'NONE',  ( 0.5513607816365577730, 2.824999999999996625, -0.2289772337857501061 ) ) ;
#3805 = CARTESIAN_POINT ( 'NONE',  ( 1.018377291294505715, 2.824999999999999289, -0.8773035634402296390 ) ) ;
#3806 = VERTEX_POINT ( 'NONE', #2849 ) ;
#3807 = CARTESIAN_POINT ( 'NONE',  ( 0.3333333333333330928, 2.774999999999999911, 1.543945593702915236E-15 ) ) ;
#3808 = CARTESIAN_POINT ( 'NONE',  ( 0.2532723837120318122, 2.825000000000000622, -0.5285439729531483666 ) ) ;
#3809 =( NAMED_UNIT ( * ) SI_UNIT ( $, .STERADIAN. ) SOLID_ANGLE_UNIT ( ) );
#3810 = FACE_OUTER_BOUND ( 'NONE', #935, .T. ) ;
#3811 = CARTESIAN_POINT ( 'NONE',  ( -0.8987274714173447698, 2.774999999999999467, -0.8767917222203750471 ) ) ;
#3812 = SURFACE_SIDE_STYLE ('',( #3783 ) ) ;
#3813 = CARTESIAN_POINT ( 'NONE',  ( 0.6667639556407118917, 2.825000000000000178, 0.01203766673021191419 ) ) ;
#3814 = CARTESIAN_POINT ( 'NONE',  ( -0.4487179487179481230, 2.774999999999999911, -0.7283653846153830269 ) ) ;
#3815 = CARTESIAN_POINT ( 'NONE',  ( 1.067967899881629990, 2.824999999999997957, -0.7713152487957540826 ) ) ;
#3816 = CARTESIAN_POINT ( 'NONE',  ( 0.3190755814768209131, 2.824999999999999734, -0.6868242596087864582 ) ) ;
#3817 = ORIENTED_EDGE ( 'NONE', *, *, #3905, .T. ) ;
#3818 = EDGE_CURVE ( 'NONE', #375, #3684, #572, .T. ) ;
#3819 = CARTESIAN_POINT ( 'NONE',  ( 0.4549719527060302471, 2.775000000000000355, -0.7768026439312690767 ) ) ;
#3820 = CARTESIAN_POINT ( 'NONE',  ( 0.08238709666424112732, 2.774999999999999467, -1.020548191202840238 ) ) ;
#3821 = MECHANICAL_DESIGN_GEOMETRIC_PRESENTATION_REPRESENTATION (  '', ( #4046 ), #387 ) ;
#3822 = SURFACE_STYLE_FILL_AREA ( #1950 ) ;
#3823 = VERTEX_POINT ( 'NONE', #4299 ) ;
#3824 = CARTESIAN_POINT ( 'NONE',  ( -1.062112541637203256, 2.825000000000000178, -0.7942762944410201031 ) ) ;
#3825 = EDGE_LOOP ( 'NONE', ( #2005, #306, #1321, #665 ) ) ;
#3826 = CARTESIAN_POINT ( 'NONE',  ( 0.5929038674528313013, 2.774999999999999467, -0.1594363983542914087 ) ) ;
#3827 = CARTESIAN_POINT ( 'NONE',  ( -2.875000000000000888, 1.325000000000000178, 1.500000000000000000 ) ) ;
#3828 = ORIENTED_EDGE ( 'NONE', *, *, #3210, .T. ) ;
#3829 = CARTESIAN_POINT ( 'NONE',  ( 1.012482357888849549, 2.774999999999999911, -0.4643230374413515049 ) ) ;
#3830 = DIRECTION ( 'NONE',  ( -2.891205793294671917E-15, 0.000000000000000000, -1.000000000000000000 ) ) ;
#3831 = DIRECTION ( 'NONE',  ( -1.355252715606880296E-16, 0.000000000000000000, 1.000000000000000000 ) ) ;
#3832 = CARTESIAN_POINT ( 'NONE',  ( -1.075189446341948241, 2.774999999999999467, -0.7275966644056048871 ) ) ;
#3833 = COLOUR_RGB ( '',0.7921568627450980005, 0.8196078431372548767, 0.9333333333333333481 ) ;
#3834 = CARTESIAN_POINT ( 'NONE',  ( 0.02131000076627187489, 2.775000000000000355, -0.9228783217033698083 ) ) ;
#3835 = CARTESIAN_POINT ( 'NONE',  ( 0.04166666666666641455, 2.825000000000000178, -0.4138621794871780168 ) ) ;
#3836 = ADVANCED_BREP_SHAPE_REPRESENTATION ( 'BMRA00060630220MA1', ( #4016, #784, #2426, #1317 ), #1245 ) ;
#3837 = CARTESIAN_POINT ( 'NONE',  ( -1.599999999999999867, 0.000000000000000000, -1.600000000000000089 ) ) ;
#3838 = CARTESIAN_POINT ( 'NONE',  ( 3.100000000000000533, 2.725000000000000533, 3.100000000000001421 ) ) ;
#3839 = EDGE_CURVE ( 'NONE', #4108, #2283, #31, .T. ) ;
#3840 = ORIENTED_EDGE ( 'NONE', *, *, #1822, .F. ) ;
#3841 = CARTESIAN_POINT ( 'NONE',  ( -3.099999999999998757, 2.725000000000000533, 3.100000000000002309 ) ) ;
#3842 = PRESENTATION_STYLE_ASSIGNMENT (( #446 ) ) ;
#3843 = CARTESIAN_POINT ( 'NONE',  ( 0.5159765821064861147, 2.774999999999999467, -0.9010096940888878692 ) ) ;
#3844 = CARTESIAN_POINT ( 'NONE',  ( -3.099999999999998757, 0.000000000000000000, 3.300000000000001599 ) ) ;
#3845 = CARTESIAN_POINT ( 'NONE',  ( 0.7604166666666676289, 2.825000000000000178, -0.9230769230769216849 ) ) ;
#3846 = VERTEX_POINT ( 'NONE', #3189 ) ;
#3847 = DIRECTION ( 'NONE',  ( 0.000000000000000000, 0.000000000000000000, 1.000000000000000000 ) ) ;
#3848 = CARTESIAN_POINT ( 'NONE',  ( 0.5930766007118475347, 2.775000000000000355, -0.8410404509024651531 ) ) ;
#3849 = VERTEX_POINT ( 'NONE', #297 ) ;
#3850 = CARTESIAN_POINT ( 'NONE',  ( 0.5357796059907107278, 2.775000000000000355, -0.2724734849857158303 ) ) ;
#3851 = EDGE_CURVE ( 'NONE', #1624, #850, #2076, .T. ) ;
#3852 = ORIENTED_EDGE ( 'NONE', *, *, #3402, .F. ) ;
#3853 = CARTESIAN_POINT ( 'NONE',  ( 0.6632884561242239352, 2.825000000000001066, -0.1010718833780178127 ) ) ;
#3854 = DIRECTION ( 'NONE',  ( 1.000000000000000000, 0.000000000000000000, 0.000000000000000000 ) ) ;
#3855 =( LENGTH_UNIT ( ) NAMED_UNIT ( * ) SI_UNIT ( .MILLI., .METRE. ) );
#3856 =( LENGTH_UNIT ( ) NAMED_UNIT ( * ) SI_UNIT ( .MILLI., .METRE. ) );
#3857 = CARTESIAN_POINT ( 'NONE',  ( 3.299999999999999822, 0.000000000000000000, 1.599999999999999867 ) ) ;
#3858 = FILL_AREA_STYLE ('',( #3180 ) ) ;
#3859 = CARTESIAN_POINT ( 'NONE',  ( 0.1827485698126441738, 2.775000000000000355, -0.8482435178723403135 ) ) ;
#3860 = TOROIDAL_SURFACE ( 'NONE', #501, 0.1000000000000002970, 0.1000000000000000056 ) ;
#3861 = AXIS2_PLACEMENT_3D ( 'NONE', #4076, #2994, #4462 ) ;
#3862 = CARTESIAN_POINT ( 'NONE',  ( 1.875000000000001776, -0.1749999999999993505, 1.500000000000000000 ) ) ;
#3863 = ORIENTED_EDGE ( 'NONE', *, *, #1424, .F. ) ;
#3864 = VECTOR ( 'NONE', #423, 1000.000000000000000 ) ;
#3865 = EDGE_CURVE ( 'NONE', #1384, #3410, #659, .T. ) ;
#3866 = CARTESIAN_POINT ( 'NONE',  ( 1.012663315896817906, 2.825000000000001066, -0.5120193064337249522 ) ) ;
#3867 = AXIS2_PLACEMENT_3D ( 'NONE', #4237, #1215, #3468 ) ;
#3868 = PLANE ( 'NONE',  #4549 ) ;
#3869 = FACE_OUTER_BOUND ( 'NONE', #4110, .T. ) ;
#3870 = AXIS2_PLACEMENT_3D ( 'NONE', #2100, #3216, #4254 ) ;
#3871 = CARTESIAN_POINT ( 'NONE',  ( -0.5386431791185147810, 2.774999999999999911, -0.7271758207913654459 ) ) ;
#3872 = CARTESIAN_POINT ( 'NONE',  ( -3.099999999999998757, 2.825000000000000178, 3.300000000000001599 ) ) ;
#3873 = ORIENTED_EDGE ( 'NONE', *, *, #2748, .F. ) ;
#3874 = AXIS2_PLACEMENT_3D ( 'NONE', #2273, #1463, #4773 ) ;
#3875 = PRESENTATION_STYLE_ASSIGNMENT (( #4206 ) ) ;
#3876 = CARTESIAN_POINT ( 'NONE',  ( 0.5128205128205136631, 2.774999999999999911, -0.4999999999999985012 ) ) ;
#3877 = FACE_OUTER_BOUND ( 'NONE', #3578, .T. ) ;
#3878 = ORIENTED_EDGE ( 'NONE', *, *, #1119, .F. ) ;
#3879 = EDGE_CURVE ( 'NONE', #1106, #3306, #3545, .T. ) ;
#3880 = FILL_AREA_STYLE ('',( #214 ) ) ;
#3881 = ORIENTED_EDGE ( 'NONE', *, *, #817, .T. ) ;
#3882 = CARTESIAN_POINT ( 'NONE',  ( -3.100000000000000089, 2.725000000000000533, -3.099999999999998757 ) ) ;
#3883 = CARTESIAN_POINT ( 'NONE',  ( 0.4465279269561069908, 2.824999999999999289, -0.2544684931091701352 ) ) ;
#3884 =( NAMED_UNIT ( * ) SI_UNIT ( $, .STERADIAN. ) SOLID_ANGLE_UNIT ( ) );
#3885 = CARTESIAN_POINT ( 'NONE',  ( 0.05752643275859807559, 2.774999999999999911, -0.9196078486019402254 ) ) ;
#3886 = ADVANCED_FACE ( 'NONE', ( #1366 ), #2826, .F. ) ;
#3887 = FACE_BOUND ( 'NONE', #78, .T. ) ;
#3888 = LINE ( 'NONE', #1656, #2211 ) ;
#3889 = CARTESIAN_POINT ( 'NONE',  ( 1.012820512820513663, 2.825000000000001066, -0.4999999999999985012 ) ) ;
#3890 = CARTESIAN_POINT ( 'NONE',  ( 0.1718583264191766991, 2.824999999999996181, -0.5609101263062353793 ) ) ;
#3891 = CARTESIAN_POINT ( 'NONE',  ( 1.068742688633500082, 2.824999999999997957, -0.2290568790191876425 ) ) ;
#3892 = CARTESIAN_POINT ( 'NONE',  ( -0.4711374161826486495, 2.774999999999999911, -0.6067929976867492137 ) ) ;
#3893 = CARTESIAN_POINT ( 'NONE',  ( -0.1858599571630303871, 2.825000000000000622, -0.8101215690838011740 ) ) ;
#3894 = ORIENTED_EDGE ( 'NONE', *, *, #4590, .T. ) ;
#3895 = CARTESIAN_POINT ( 'NONE',  ( 0.1954314450748911580, 2.825000000000000622, -0.8320466706723170791 ) ) ;
#3896 = CARTESIAN_POINT ( 'NONE',  ( -0.7554086538461532996, 2.774999999999999911, -0.9230769230769215739 ) ) ;
#3897 = DIRECTION ( 'NONE',  ( 0.000000000000000000, 0.000000000000000000, 1.000000000000000000 ) ) ;
#3898 = VECTOR ( 'NONE', #942, 1000.000000000000000 ) ;
#3899 = CARTESIAN_POINT ( 'NONE',  ( 0.8274065859288004532, 2.825000000000001066, -1.018140170866314920 ) ) ;
#3900 = ORIENTED_EDGE ( 'NONE', *, *, #4261, .F. ) ;
#3901 = CARTESIAN_POINT ( 'NONE',  ( 1.010673590191919047, 2.774999999999999467, -0.4295055053740809425 ) ) ;
#3902 = CARTESIAN_POINT ( 'NONE',  ( 0.01382211538461514296, 2.824999999999999734, -0.9230769230769216849 ) ) ;
#3903 = VERTEX_POINT ( 'NONE', #250 ) ;
#3904 = CARTESIAN_POINT ( 'NONE',  ( 0.6665583437991784432, 2.824999999999999734, -1.011831386535916755 ) ) ;
#3905 = EDGE_CURVE ( 'NONE', #3768, #4533, #1386, .T. ) ;
#3906 = CARTESIAN_POINT ( 'NONE',  ( 0.4286932138571240558, 2.825000000000001066, -0.3652990455678192805 ) ) ;
#3907 = CARTESIAN_POINT ( 'NONE',  ( 0.05110892004033909530, 2.774999999999999911, -0.4237188385010659530 ) ) ;
#3908 = DIRECTION ( 'NONE',  ( -0.000000000000000000, -1.000000000000000000, -0.000000000000000000 ) ) ;
#3909 = CARTESIAN_POINT ( 'NONE',  ( -0.5848108453881426527, 2.774999999999999911, -0.5788399692513522821 ) ) ;
#3910 = AXIS2_PLACEMENT_3D ( 'NONE', #1695, #553, #3515 ) ;
#3911 = CARTESIAN_POINT ( 'NONE',  ( -0.7554086538461532996, 2.824999999999999734, -0.9230769230769215739 ) ) ;
#3912 = DIRECTION ( 'NONE',  ( 0.000000000000000000, 0.000000000000000000, -1.000000000000000000 ) ) ;
#3913 =( LENGTH_UNIT ( ) NAMED_UNIT ( * ) SI_UNIT ( .MILLI., .METRE. ) );
#3914 = CIRCLE ( 'NONE', #3667, 0.09999999999999982514 ) ;
#3915 = EDGE_CURVE ( 'NONE', #3147, #3621, #4320, .T. ) ;
#3916 = DIRECTION ( 'NONE',  ( -1.000000000000000000, 0.000000000000000000, 0.000000000000000000 ) ) ;
#3917 = SURFACE_STYLE_FILL_AREA ( #593 ) ;
#3918 = CARTESIAN_POINT ( 'NONE',  ( 0.6248202980008596974, 2.825000000000000178, -0.005210481817908207622 ) ) ;
#3919 = CARTESIAN_POINT ( 'NONE',  ( 0.3205128205128203178, 2.774999999999999911, -0.7283653846153831379 ) ) ;
#3920 = CARTESIAN_POINT ( 'NONE',  ( -0.5390011579732539859, 2.775000000000000355, -0.7406231494660243664 ) ) ;
#3921 = CARTESIAN_POINT ( 'NONE',  ( 0.5128526691162911266, 2.825000000000000178, -0.5134238238149916311 ) ) ;
#3922 = ORIENTED_EDGE ( 'NONE', *, *, #2364, .T. ) ;
#3923 = CARTESIAN_POINT ( 'NONE',  ( -0.04691298100616272254, 2.824999999999998401, -1.020402574789529782 ) ) ;
#3924 = CARTESIAN_POINT ( 'NONE',  ( -0.1458899945710031565, 2.824999999999999289, -0.8626087061277910584 ) ) ;
#3925 = CARTESIAN_POINT ( 'NONE',  ( 2.875000000000000888, 1.525000000000001021, -1.500000000000000000 ) ) ;
#3926 = CARTESIAN_POINT ( 'NONE',  ( 0.9702578660136663702, 2.824999999999999734, -0.9380683257227572236 ) ) ;
#3927 = EDGE_CURVE ( 'NONE', #2239, #930, #2215, .T. ) ;
#3928 =( NAMED_UNIT ( * ) SI_UNIT ( $, .STERADIAN. ) SOLID_ANGLE_UNIT ( ) );
#3929 = LINE ( 'NONE', #4621, #2022 ) ;
#3930 = EDGE_LOOP ( 'NONE', ( #1669, #730, #836, #4255 ) ) ;
#3931 = CARTESIAN_POINT ( 'NONE',  ( 0.4333530185803529111, 2.825000000000000622, -0.6744437501406772562 ) ) ;
#3932 =( LENGTH_UNIT ( ) NAMED_UNIT ( * ) SI_UNIT ( .MILLI., .METRE. ) );
#3933 = CARTESIAN_POINT ( 'NONE',  ( -0.7332254839814567049, 2.825000000000000178, -0.9224885583009792001 ) ) ;
#3934 = CARTESIAN_POINT ( 'NONE',  ( -0.5388790119365028941, 2.774999999999999467, -0.7095016578430347609 ) ) ;
#3935 = CARTESIAN_POINT ( 'NONE',  ( -3.200000000000001954, 2.725000000000000533, 3.100000000000002309 ) ) ;
#3936 = FILL_AREA_STYLE_COLOUR ( '', #660 ) ;
#3937 =( NAMED_UNIT ( * ) SI_UNIT ( $, .STERADIAN. ) SOLID_ANGLE_UNIT ( ) );
#3938 = CARTESIAN_POINT ( 'NONE',  ( -0.7632288917765317482, 2.774999999999999911, -0.9228726281443694335 ) ) ;
#3939 = VECTOR ( 'NONE', #1724, 1000.000000000000000 ) ;
#3940 = CARTESIAN_POINT ( 'NONE',  ( 0.4230769230769240163, 2.774999999999999911, -0.4995993589743574770 ) ) ;
#3941 = CARTESIAN_POINT ( 'NONE',  ( 0.4465279269561069908, 2.824999999999999289, -0.2544684931091701352 ) ) ;
#3942 = EDGE_CURVE ( 'NONE', #1762, #3310, #27, .T. ) ;
#3943 = ORIENTED_EDGE ( 'NONE', *, *, #3466, .T. ) ;
#3944 = CARTESIAN_POINT ( 'NONE',  ( -0.6523128116988650138, 2.775000000000000799, -0.8999571463734044041 ) ) ;
#3945 = LINE ( 'NONE', #4682, #4624 ) ;
#3946 = MECHANICAL_DESIGN_GEOMETRIC_PRESENTATION_REPRESENTATION (  '', ( #1904 ), #2932 ) ;
#3947 = AXIS2_PLACEMENT_3D ( 'NONE', #4792, #3347, #1482 ) ;
#3948 = ADVANCED_FACE ( 'NONE', ( #3325 ), #2918, .T. ) ;
#3949 = CARTESIAN_POINT ( 'NONE',  ( 1.012482357888849549, 2.825000000000000178, -0.4643230374413515049 ) ) ;
#3950 = DIRECTION ( 'NONE',  ( 1.000000000000000000, 0.000000000000000000, 0.000000000000000000 ) ) ;
#3951 = PRESENTATION_LAYER_ASSIGNMENT (  '', '', ( #2859 ) ) ;
#3952 = VECTOR ( 'NONE', #2822, 1000.000000000000000 ) ;
#3953 = CARTESIAN_POINT ( 'NONE',  ( 3.299999999999999822, 2.825000000000000178, 1.599999999999999867 ) ) ;
#3954 = B_SPLINE_CURVE_WITH_KNOTS ( 'NONE', 3,
 ( #883, #4198, #4563, #3479, #840, #467, #2104, #4080, #4330, #986, #2221, #2486, #1374, #2508, #813, #123, #1933, #4473, #2981, #4495, #3773, #1909, #374, #2473, #611, #629, #2111 ),
 .UNSPECIFIED., .F., .F.,
 ( 4, 1, 1, 1, 1, 1, 1, 1, 1, 1, 1, 1, 1, 1, 1, 1, 1, 1, 1, 1, 1, 1, 1, 1, 4 ),
 ( 0.000000000000000000, 0.06859462225874241037, 0.1332460424433009605, 0.1943125864682561932, 0.2512792231169661550, 0.3045134392563466630, 0.3542349066533249102, 0.4004805887739889547, 0.4434107549384918578, 0.4840148686163449621, 0.5232523007732030607, 0.5610423727283602169, 0.5979002393643999547, 0.6335184888561955496, 0.6683143511696514327, 0.7024956712863816843, 0.7366853535134583186, 0.7702931693607890651, 0.8034372550192491191, 0.8359129516660290804, 0.8684602457892910410, 0.9008465382431825041, 0.9334665246307077835, 0.9662575752981232835, 1.000000000000000000 ),
 .UNSPECIFIED. ) ;
#3955 = ORIENTED_EDGE ( 'NONE', *, *, #3791, .T. ) ;
#3956 = CARTESIAN_POINT ( 'NONE',  ( -3.375000000000000888, -0.1749999999999998224, 1.500000000000000000 ) ) ;
#3957 = EDGE_LOOP ( 'NONE', ( #4728, #3965, #3032, #1810 ) ) ;
#3958 = CARTESIAN_POINT ( 'NONE',  ( 0.4230769230769240163, 2.825000000000000622, -0.4995993589743574770 ) ) ;
#3959 = LINE ( 'NONE', #1701, #2166 ) ;
#3960 = DIRECTION ( 'NONE',  ( -1.000000000000000000, -0.000000000000000000, -0.000000000000000000 ) ) ;
#3961 =( LENGTH_UNIT ( ) NAMED_UNIT ( * ) SI_UNIT ( .MILLI., .METRE. ) );
#3962 = DIRECTION ( 'NONE',  ( -2.891205793294679312E-16, 0.000000000000000000, 1.000000000000000000 ) ) ;
#3963 = CARTESIAN_POINT ( 'NONE',  ( 0.9329257007799015566, 2.774999999999999467, -0.9697097385799295921 ) ) ;
#3964 = CARTESIAN_POINT ( 'NONE',  ( 0.6047381026606675203, 2.775000000000000355, -0.01644878723389832029 ) ) ;
#3965 = ORIENTED_EDGE ( 'NONE', *, *, #1338, .F. ) ;
#3966 = EDGE_CURVE ( 'NONE', #3601, #232, #3979, .T. ) ;
#3967 = CARTESIAN_POINT ( 'NONE',  ( -0.4487179487179481230, 2.825000000000001066, -0.7283653846153830269 ) ) ;
#3968 = DIRECTION ( 'NONE',  ( 0.000000000000000000, 1.143578717980361479E-12, -1.000000000000000000 ) ) ;
#3969 = CARTESIAN_POINT ( 'NONE',  ( -0.3461538461538464229, 2.774999999999999911, 1.543945593702915236E-15 ) ) ;
#3970 = CARTESIAN_POINT ( 'NONE',  ( -0.1120501623980287437, 2.774999999999999467, -0.8893012916925303601 ) ) ;
#3971 = DIRECTION ( 'NONE',  ( -0.000000000000000000, -0.000000000000000000, -1.000000000000000000 ) ) ;
#3972 = EDGE_CURVE ( 'NONE', #1091, #2921, #1827, .T. ) ;
#3973 = VERTEX_POINT ( 'NONE', #3736 ) ;
#3974 = CARTESIAN_POINT ( 'NONE',  ( -1.021504610447070860, 2.774999999999999467, -0.8821359335528095036 ) ) ;
#3975 = ORIENTED_EDGE ( 'NONE', *, *, #2163, .T. ) ;
#3976 = CARTESIAN_POINT ( 'NONE',  ( -3.299999999999998934, 0.000000000000000000, 3.100000000000002309 ) ) ;
#3977 = AXIS2_PLACEMENT_3D ( 'NONE', #2839, #1990, #194 ) ;
#3978 = CARTESIAN_POINT ( 'NONE',  ( 1.008145073054340868, 2.774999999999999911, -0.6026704796771124029 ) ) ;
#3979 = B_SPLINE_CURVE_WITH_KNOTS ( 'NONE', 3,
 ( #2594, #4487, #2946, #4750, #1072, #1049, #1778, #1874, #4055, #2549, #2, #4128, #3685, #1412, #2164 ),
 .UNSPECIFIED., .F., .F.,
 ( 4, 1, 1, 1, 1, 1, 1, 1, 1, 1, 1, 1, 4 ),
 ( 0.000000000000000000, 0.09868359718800531755, 0.1956354369625601664, 0.2928171151783298676, 0.3917185922877373661, 0.4448284794206612824, 0.5043221969528338677, 0.5704332993909428939, 0.6426131106036513385, 0.7223398365756664719, 0.8079573173963708888, 0.9004882931788357192, 1.000000000000000000 ),
 .UNSPECIFIED. ) ;
#3980 = CARTESIAN_POINT ( 'NONE',  ( -1.076923076923076428, 2.774999999999999911, -0.6923076923076907363 ) ) ;
#3981 = DIRECTION ( 'NONE',  ( 1.000000000000000000, -0.000000000000000000, 0.000000000000000000 ) ) ;
#3982 = DIRECTION ( 'NONE',  ( 1.000000000000000000, 0.000000000000000000, 0.000000000000000000 ) ) ;
#3983 = AXIS2_PLACEMENT_3D ( 'NONE', #458, #3106, #2665 ) ;
#3984 = FILL_AREA_STYLE ('',( #1381 ) ) ;
#3985 = ADVANCED_FACE ( 'NONE', ( #3373 ), #4433, .F. ) ;
#3986 = CARTESIAN_POINT ( 'NONE',  ( 0.9007671107137472655, 2.774999999999999911, -0.8679230225139414889 ) ) ;
#3987 = CARTESIAN_POINT ( 'NONE',  ( 3.375000000000001776, -0.1749999999999989342, 1.500000000000000000 ) ) ;
#3988 = CARTESIAN_POINT ( 'NONE',  ( -0.5848108453881426527, 2.774999999999999911, -0.5788399692513522821 ) ) ;
#3989 = CARTESIAN_POINT ( 'NONE',  ( 0.7811808553686530043, 2.775000000000000799, -1.025224475332468188 ) ) ;
#3990 = CARTESIAN_POINT ( 'NONE',  ( 0.9610589976571684012, 2.825000000000000622, -0.7854785162539204002 ) ) ;
#3991 = LINE ( 'NONE', #4664, #1610 ) ;
#3992 = DIRECTION ( 'NONE',  ( -0.000000000000000000, 1.000000000000000000, -0.000000000000000000 ) ) ;
#3993 = EDGE_LOOP ( 'NONE', ( #4755, #3559, #2559, #1373 ) ) ;
#3994 = ORIENTED_EDGE ( 'NONE', *, *, #4497, .F. ) ;
#3995 = CARTESIAN_POINT ( 'NONE',  ( -0.9045559846267287041, 2.824999999999999289, -0.9893617955463950286 ) ) ;
#3996 = ORIENTED_EDGE ( 'NONE', *, *, #2755, .F. ) ;
#3997 = EDGE_CURVE ( 'NONE', #1765, #4037, #3712, .T. ) ;
#3998 = CARTESIAN_POINT ( 'NONE',  ( 0.4549719527060302471, 2.825000000000001066, -0.7768026439312690767 ) ) ;
#3999 = DIRECTION ( 'NONE',  ( -0.000000000000000000, -0.000000000000000000, -1.000000000000000000 ) ) ;
#4000 = DIRECTION ( 'NONE',  ( 0.000000000000000000, 0.000000000000000000, -1.000000000000000000 ) ) ;
#4001 = CARTESIAN_POINT ( 'NONE',  ( 0.8275401729205681400, 2.774999999999999467, 0.01796744798163248807 ) ) ;
#4002 =( NAMED_UNIT ( * ) SI_UNIT ( $, .STERADIAN. ) SOLID_ANGLE_UNIT ( ) );
#4003 = B_SPLINE_CURVE_WITH_KNOTS ( 'NONE', 3,
 ( #1134, #2637, #3384, #4162, #1935, #40, #1526, #3436, #92, #4545, #2257, #96, #3194, #55, #1371, #1194, #1946, #1248, #4608, #245, #2891, #2072, #4460, #4430, #2546, #152, #3132 ),
 .UNSPECIFIED., .F., .F.,
 ( 4, 1, 1, 1, 1, 1, 1, 1, 1, 1, 1, 1, 1, 1, 1, 1, 1, 1, 1, 1, 1, 1, 1, 1, 4 ),
 ( 0.000000000000000000, 0.06506328961727912696, 0.1267731664665229241, 0.1855157632260791001, 0.2407646791677150178, 0.2929797960235980825, 0.3422503727797674977, 0.3889192861856602956, 0.4327756640583102499, 0.4746284326311175916, 0.5147746906379533360, 0.5536058934984422475, 0.5914264064311728353, 0.6280281199460671093, 0.6638036341103205062, 0.6989843361316637749, 0.7335914893067052578, 0.7676284691511398028, 0.8012083477865921122, 0.8342638397266231021, 0.8669806947287762577, 0.8997197415181606983, 0.9327019124985381771, 0.9661758834327496270, 0.9999999999999998890 ),
 .UNSPECIFIED. ) ;
#4004 = CARTESIAN_POINT ( 'NONE',  ( 3.300000000000001599, 2.725000000000000533, 3.100000000000001421 ) ) ;
#4005 = CARTESIAN_POINT ( 'NONE',  ( 0.9394692835919435936, 2.825000000000001510, -0.8232075637777256372 ) ) ;
#4006 = CARTESIAN_POINT ( 'NONE',  ( 0.4231701536359103732, 2.825000000000000622, -0.4837049774048616246 ) ) ;
#4007 = ORIENTED_EDGE ( 'NONE', *, *, #3606, .T. ) ;
#4008 = DIRECTION ( 'NONE',  ( -1.000000000000000000, -0.000000000000000000, 1.398970545142586541E-16 ) ) ;
#4009 = COLOUR_RGB ( '',0.1098039215686274495, 0.1098039215686274495, 0.1098039215686274495 ) ;
#4010 = STYLED_ITEM ( 'NONE', ( #3248 ), #1047 ) ;
#4011 = FILL_AREA_STYLE_COLOUR ( '', #1911 ) ;
#4012 = CARTESIAN_POINT ( 'NONE',  ( -0.3461538461538464229, 2.774999999999999911, 1.543945593702915236E-15 ) ) ;
#4013 = VERTEX_POINT ( 'NONE', #756 ) ;
#4014 = CIRCLE ( 'NONE', #2536, 0.2000000000000000944 ) ;
#4015 = CARTESIAN_POINT ( 'NONE',  ( -2.875000000000000888, 1.525000000000000355, 1.500000000000000000 ) ) ;
#4016 = MANIFOLD_SOLID_BREP ( 'Boss-Extrude3[1]', #2135 ) ;
#4017 = ORIENTED_EDGE ( 'NONE', *, *, #4515, .T. ) ;
#4018 = VECTOR ( 'NONE', #1014, 1000.000000000000000 ) ;
#4019 = CARTESIAN_POINT ( 'NONE',  ( -0.9871794871794865589, 2.774999999999999911, -0.6923076923076907363 ) ) ;
#4020 = CARTESIAN_POINT ( 'NONE',  ( -2.875000000000000888, 1.525000000000000355, -1.500000000000000000 ) ) ;
#4021 = VERTEX_POINT ( 'NONE', #3632 ) ;
#4022 = SURFACE_STYLE_FILL_AREA ( #1474 ) ;
#4023 = ADVANCED_FACE ( 'NONE', ( #338 ), #3762, .F. ) ;
#4024 = CARTESIAN_POINT ( 'NONE',  ( -2.875000000000000888, 1.325000000000000178, 1.500000000000000000 ) ) ;
#4025 = CARTESIAN_POINT ( 'NONE',  ( -3.375000000000000888, -0.07499999999999976130, -1.500000000000000000 ) ) ;
#4026 = MECHANICAL_DESIGN_GEOMETRIC_PRESENTATION_REPRESENTATION (  '', ( #3707 ), #518 ) ;
#4027 = CARTESIAN_POINT ( 'NONE',  ( 0.9883962072284862010, 2.774999999999999911, -0.08122877059401305277 ) ) ;
#4028 = LINE ( 'NONE', #2203, #1824 ) ;
#4029 = CARTESIAN_POINT ( 'NONE',  ( 3.475000000000000533, 1.425000000000001155, -1.500000000000000000 ) ) ;
#4030 =( NAMED_UNIT ( * ) SI_UNIT ( $, .STERADIAN. ) SOLID_ANGLE_UNIT ( ) );
#4031 = EDGE_LOOP ( 'NONE', ( #1942, #680, #3900, #3873, #3776, #1642, #2955, #2174, #4373, #1071, #2710, #4667 ) ) ;
#4032 = CARTESIAN_POINT ( 'NONE',  ( -0.6130502233680995561, 2.774999999999999911, -0.5414259252811634004 ) ) ;
#4033 = FILL_AREA_STYLE_COLOUR ( '', #2379 ) ;
#4034 = B_SPLINE_CURVE_WITH_KNOTS ( 'NONE', 3,
 ( #1621, #1550, #62, #4135, #3824, #2685, #1577, #4207, #1155, #3121, #4594, #1257, #789, #3459, #1229, #473, #3099, #2309, #2361 ),
 .UNSPECIFIED., .F., .F.,
 ( 4, 1, 1, 1, 1, 1, 1, 1, 1, 1, 1, 1, 1, 1, 1, 1, 4 ),
 ( 0.000000000000000000, 0.06879079439061787371, 0.1351032894311276211, 0.1989786743106512490, 0.2619042997808561091, 0.3234949693679692317, 0.3851953779660512445, 0.4469692387407741552, 0.5097647767031319166, 0.5722505688473681351, 0.6334051756611527306, 0.6932511629217524840, 0.7525831627856698347, 0.8125792661534211314, 0.8732750849201915688, 0.9355499428950291296, 1.000000000000000000 ),
 .UNSPECIFIED. ) ;
#4035 = DIRECTION ( 'NONE',  ( -0.000000000000000000, -0.000000000000000000, -1.000000000000000000 ) ) ;
#4036 = PLANE ( 'NONE',  #833 ) ;
#4037 = VERTEX_POINT ( 'NONE', #2136 ) ;
#4038 = CARTESIAN_POINT ( 'NONE',  ( 0.9335959815916509141, 2.824999999999999734, -0.03085165000063179105 ) ) ;
#4039 = ORIENTED_EDGE ( 'NONE', *, *, #204, .T. ) ;
#4040 = CARTESIAN_POINT ( 'NONE',  ( -1.069809935124309552, 2.825000000000001066, -0.7616892090910594160 ) ) ;
#4041 = PLANE ( 'NONE',  #1569 ) ;
#4042 = ORIENTED_EDGE ( 'NONE', *, *, #4250, .T. ) ;
#4043 = DIRECTION ( 'NONE',  ( -1.000000000000000000, 0.000000000000000000, 0.000000000000000000 ) ) ;
#4044 = CARTESIAN_POINT ( 'NONE',  ( -0.07773665467457528677, 2.774999999999999911, -1.012910677759645273 ) ) ;
#4045 = SURFACE_STYLE_USAGE ( .BOTH. , #2985 ) ;
#4046 = STYLED_ITEM ( 'NONE', ( #2182 ), #4368 ) ;
#4047 = CARTESIAN_POINT ( 'NONE',  ( 0.5204226192722772870, 2.824999999999997957, -0.6450875411017262806 ) ) ;
#4048 = CARTESIAN_POINT ( 'NONE',  ( -0.9734235616973895278, 2.774999999999999911, -0.7674306174969839356 ) ) ;
#4049 = CARTESIAN_POINT ( 'NONE',  ( -0.9846692751695937940, 2.824999999999999734, -0.7185765928435561278 ) ) ;
#4050 = CARTESIAN_POINT ( 'NONE',  ( 3.100000000000000089, 2.725000000000000533, -3.099999999999999645 ) ) ;
#4051 = PRODUCT_DEFINITION_FORMATION_WITH_SPECIFIED_SOURCE ( 'ANY', '', #512, .NOT_KNOWN. ) ;
#4052 = CARTESIAN_POINT ( 'NONE',  ( 0.5128205128205136631, 2.825000000000001066, -0.4999999999999985012 ) ) ;
#4053 = CARTESIAN_POINT ( 'NONE',  ( -0.5711778751916654073, 2.825000000000001510, -0.5996230017977893789 ) ) ;
#4054 = ORIENTED_EDGE ( 'NONE', *, *, #1387, .T. ) ;
#4055 = CARTESIAN_POINT ( 'NONE',  ( -0.5324304862790200099, 2.824999999999999734, -0.5060221396711119812 ) ) ;
#4056 = CARTESIAN_POINT ( 'NONE',  ( 3.225000000000000533, 1.275000000000001243, -1.500000000000000000 ) ) ;
#4057 = CARTESIAN_POINT ( 'NONE',  ( -3.300000000000000266, 2.825000000000000178, -1.599999999999998757 ) ) ;
#4058 = ORIENTED_EDGE ( 'NONE', *, *, #4813, .F. ) ;
#4059 = CARTESIAN_POINT ( 'NONE',  ( 2.875000000000000888, 1.325000000000000844, 1.500000000000000000 ) ) ;
#4060 = ORIENTED_EDGE ( 'NONE', *, *, #4676, .F. ) ;
#4061 = FACE_OUTER_BOUND ( 'NONE', #715, .T. ) ;
#4062 = CARTESIAN_POINT ( 'NONE',  ( -0.6285393694278750276, 2.775000000000000355, -1.004245046074672576 ) ) ;
#4063 = CARTESIAN_POINT ( 'NONE',  ( -1.115384615384614975, 2.774999999999999911, 1.596070698149334083E-15 ) ) ;
#4064 = EDGE_LOOP ( 'NONE', ( #3304, #3996, #4486, #1574 ) ) ;
#4065 = B_SPLINE_CURVE_WITH_KNOTS ( 'NONE', 3,
 ( #887, #162, #3431, #2779, #4251, #3530, #912, #3895, #548, #4366, #4703, #3640, #3575, #2053, #229, #3191, #574, #662, #2851 ),
 .UNSPECIFIED., .F., .F.,
 ( 4, 1, 1, 1, 1, 1, 1, 1, 1, 1, 1, 1, 1, 1, 1, 1, 4 ),
 ( 0.000000000000000000, 0.06196540068706235527, 0.1221219056382955165, 0.1809884968498414737, 0.2399332164519025201, 0.2999058311065241345, 0.3599888474769871172, 0.4217757417416460042, 0.4865758264211264561, 0.5515348046197412479, 0.6150175427599797739, 0.6772586166616568759, 0.7397299623627132670, 0.8030501026629510708, 0.8664951320156980552, 0.9319734741771488196, 1.000000000000000000 ),
 .UNSPECIFIED. ) ;
#4066 = ADVANCED_FACE ( 'NONE', ( #4741 ), #1164, .T. ) ;
#4067 = CARTESIAN_POINT ( 'NONE',  ( 0.5513607816365577730, 2.824999999999999734, -0.2289772337857501061 ) ) ;
#4068 = CARTESIAN_POINT ( 'NONE',  ( -0.4690171176376474738, 2.825000000000000622, -0.8409297928603075567 ) ) ;
#4069 = CARTESIAN_POINT ( 'NONE',  ( 0.5146668753540009078, 2.824999999999998401, -0.5772134063592786468 ) ) ;
#4070 = LINE ( 'NONE', #4181, #4243 ) ;
#4071 = CARTESIAN_POINT ( 'NONE',  ( 0.2154543365043015968, 2.774999999999999911, -0.7977372043095231069 ) ) ;
#4072 = CARTESIAN_POINT ( 'NONE',  ( -3.100000000000000089, 2.825000000000000178, -3.299999999999998046 ) ) ;
#4073 = UNCERTAINTY_MEASURE_WITH_UNIT (LENGTH_MEASURE( 1.000000000000000082E-05 ), #3932, 'distance_accuracy_value', 'NONE');
#4074 = CARTESIAN_POINT ( 'NONE',  ( 1.057428760813275082, 2.775000000000000799, -0.8008191513119444771 ) ) ;
#4075 = ORIENTED_EDGE ( 'NONE', *, *, #860, .T. ) ;
#4076 = CARTESIAN_POINT ( 'NONE',  ( 3.475000000000000533, 1.425000000000001155, 1.500000000000000000 ) ) ;
#4077 = CARTESIAN_POINT ( 'NONE',  ( 1.012663315896817906, 2.825000000000000178, -0.5120193064337249522 ) ) ;
#4078 = LINE ( 'NONE', #3326, #2503 ) ;
#4079 = CARTESIAN_POINT ( 'NONE',  ( -0.7332254839814567049, 2.824999999999999289, -0.9224885583009792001 ) ) ;
#4080 = CARTESIAN_POINT ( 'NONE',  ( 0.4464540091017548118, 2.824999999999999289, -0.7454713277561085816 ) ) ;
#4081 = EDGE_LOOP ( 'NONE', ( #2502, #2529, #4089, #3018 ) ) ;
#4082 = LINE ( 'NONE', #302, #3307 ) ;
#4083 = DIRECTION ( 'NONE',  ( 1.000000000000000000, 0.000000000000000000, -0.000000000000000000 ) ) ;
#4084 = VERTEX_POINT ( 'NONE', #2543 ) ;
#4085 =( GEOMETRIC_REPRESENTATION_CONTEXT ( 3 ) GLOBAL_UNCERTAINTY_ASSIGNED_CONTEXT ( ( #2265 ) ) GLOBAL_UNIT_ASSIGNED_CONTEXT ( ( #3044, #3792, #4534 ) ) REPRESENTATION_CONTEXT ( 'NONE', 'WORKASPACE' ) );
#4086 = EDGE_CURVE ( 'NONE', #3973, #2767, #3249, .T. ) ;
#4087 = CARTESIAN_POINT ( 'NONE',  ( -0.2113022456280595207, 2.824999999999998401, -0.9321730855556883411 ) ) ;
#4088 = CARTESIAN_POINT ( 'NONE',  ( 0.7273710007563970459, 2.775000000000000355, -0.07857801301689076867 ) ) ;
#4089 = ORIENTED_EDGE ( 'NONE', *, *, #4695, .F. ) ;
#4090 = PRESENTATION_LAYER_ASSIGNMENT (  '', '', ( #2461 ) ) ;
#4091 = PRESENTATION_LAYER_ASSIGNMENT (  '', '', ( #585 ) ) ;
#4092 = ORIENTED_EDGE ( 'NONE', *, *, #1924, .F. ) ;
#4093 = CLOSED_SHELL ( 'NONE', ( #1897, #1484, #2187, #1017, #2194, #3633, #1517, #3719, #4232, #2632, #348, #3418, #211, #4368, #2394, #1269, #1657, #2241, #2666, #2696, #535, #1632, #247, #1047, #155, #837, #4066, #639, #1748, #54, #1698, #266, #4403, #3484, #413, #3501, #681, #2297, #3457, #384, #3254, #1679, #2656, #4756, #1903, #4200, #4458, #4527, #1692, #4171, #1639, #4557, #3886, #182, #2900, #2591, #3126, #1249, #1464, #3708, #323, #2570, #1516, #1069, #3303, #2510, #2799 ) ) ;
#4094 = CARTESIAN_POINT ( 'NONE',  ( -0.2179487179487182014, 2.774999999999999911, -0.6923076923076908473 ) ) ;
#4095 = CARTESIAN_POINT ( 'NONE',  ( -0.6019662081218031258, 2.824999999999998845, -0.9914494953910926167 ) ) ;
#4096 = DIRECTION ( 'NONE',  ( -0.000000000000000000, -0.000000000000000000, -1.000000000000000000 ) ) ;
#4097 = LINE ( 'NONE', #1890, #1011 ) ;
#4098 = CARTESIAN_POINT ( 'NONE',  ( 0.07820778850785309322, 2.774999999999999911, -0.9150196830524810476 ) ) ;
#4099 = VECTOR ( 'NONE', #2436, 1000.000000000000000 ) ;
#4100 = CARTESIAN_POINT ( 'NONE',  ( 1.102564102564103532, 2.774999999999999911, -0.4995993589743574770 ) ) ;
#4101 = CARTESIAN_POINT ( 'NONE',  ( -0.1318108974358976893, 2.774999999999999911, -0.1025641025641010340 ) ) ;
#4102 = CARTESIAN_POINT ( 'NONE',  ( -1.875000000000000888, -0.1749999999999998224, 1.500000000000000000 ) ) ;
#4103 = VERTEX_POINT ( 'NONE', #4788 ) ;
#4104 = CARTESIAN_POINT ( 'NONE',  ( 1.003504263523292472, 2.775000000000000355, -0.8993850162498245870 ) ) ;
#4105 = SURFACE_STYLE_USAGE ( .BOTH. , #1969 ) ;
#4106 = CARTESIAN_POINT ( 'NONE',  ( -0.5514583186478088095, 2.775000000000000355, -0.4818703942471360691 ) ) ;
#4107 = ADVANCED_FACE ( 'NONE', ( #3294 ), #2181, .T. ) ;
#4108 = VERTEX_POINT ( 'NONE', #2518 ) ;
#4109 = CARTESIAN_POINT ( 'NONE',  ( 1.033228202738523782, 2.824999999999999289, -0.1473843982179181278 ) ) ;
#4110 = EDGE_LOOP ( 'NONE', ( #3878, #25, #2193, #2277 ) ) ;
#4111 = CARTESIAN_POINT ( 'NONE',  ( -0.07773665467457528677, 2.774999999999999911, -1.012910677759645273 ) ) ;
#4112 = CARTESIAN_POINT ( 'NONE',  ( 0.5430638968098548958, 2.774999999999999467, -0.2497341104987072791 ) ) ;
#4113 = ORIENTED_EDGE ( 'NONE', *, *, #2936, .T. ) ;
#4114 = CARTESIAN_POINT ( 'NONE',  ( 0.5171205492075107157, 2.775000000000000355, -0.09815813799341226165 ) ) ;
#4115 = ADVANCED_FACE ( 'NONE', ( #3321 ), #3679, .T. ) ;
#4116 = ADVANCED_FACE ( 'NONE', ( #4408 ), #1068, .F. ) ;
#4117 = ORIENTED_EDGE ( 'NONE', *, *, #774, .F. ) ;
#4118 = CARTESIAN_POINT ( 'NONE',  ( 0.08238709666424112732, 2.824999999999999289, -1.020548191202840238 ) ) ;
#4119 = CARTESIAN_POINT ( 'NONE',  ( 0.3205128205128203178, 2.825000000000000178, -0.7283653846153831379 ) ) ;
#4120 = CARTESIAN_POINT ( 'NONE',  ( 1.875000000000001776, 0.02500000000000066058, 1.500000000000000000 ) ) ;
#4121 = DIRECTION ( 'NONE',  ( 1.000000000000000000, 0.000000000000000000, 0.000000000000000000 ) ) ;
#4122 = CARTESIAN_POINT ( 'NONE',  ( -0.9863288524852651395, 2.774999999999999911, -0.7012094257416779941 ) ) ;
#4123 = FACE_OUTER_BOUND ( 'NONE', #1578, .T. ) ;
#4124 = UNCERTAINTY_MEASURE_WITH_UNIT (LENGTH_MEASURE( 1.000000000000000082E-05 ), #3290, 'distance_accuracy_value', 'NONE');
#4125 = B_SPLINE_CURVE_WITH_KNOTS ( 'NONE', 3,
 ( #3570, #3938, #223, #1337, #1312, #4292, #2668, #4503, #3811, #2643, #799, #3011, #3729, #4169, #1142, #47, #460, #4122, #71 ),
 .UNSPECIFIED., .F., .F.,
 ( 4, 1, 1, 1, 1, 1, 1, 1, 1, 1, 1, 1, 1, 1, 1, 1, 4 ),
 ( 0.000000000000000000, 0.06443867159524289956, 0.1265469112716776090, 0.1868871534365706133, 0.2458775355894551873, 0.3040408846912667218, 0.3621912180726606922, 0.4209759327916447469, 0.4806602832796660896, 0.5406002749537577312, 0.6006890983494534986, 0.6619357897571956917, 0.7244425059139825152, 0.7890383938817434606, 0.8563137570509942176, 0.9263520282058634869, 0.9999999999999998890 ),
 .UNSPECIFIED. ) ;
#4126 = DIRECTION ( 'NONE',  ( -0.000000000000000000, -0.000000000000000000, -1.000000000000000000 ) ) ;
#4127 = ORIENTED_EDGE ( 'NONE', *, *, #4583, .T. ) ;
#4128 = CARTESIAN_POINT ( 'NONE',  ( -0.5964733112334745790, 2.825000000000000178, -0.4284449268011605305 ) ) ;
#4129 = VECTOR ( 'NONE', #672, 1000.000000000000000 ) ;
#4130 = CARTESIAN_POINT ( 'NONE',  ( -0.4501551877539476387, 2.774999999999999911, -0.6868242596087863472 ) ) ;
#4131 = CARTESIAN_POINT ( 'NONE',  ( 1.011180380052054684, 2.775000000000000799, -0.5699654051316406234 ) ) ;
#4132 = ORIENTED_EDGE ( 'NONE', *, *, #3340, .T. ) ;
#4133 = UNCERTAINTY_MEASURE_WITH_UNIT (LENGTH_MEASURE( 1.000000000000000082E-05 ), #4427, 'distance_accuracy_value', 'NONE');
#4134 = CARTESIAN_POINT ( 'NONE',  ( -0.07773665467457528677, 2.824999999999997957, -1.012910677759645273 ) ) ;
#4135 = CARTESIAN_POINT ( 'NONE',  ( -1.069809935124309552, 2.825000000000001066, -0.7616892090910594160 ) ) ;
#4136 = ORIENTED_EDGE ( 'NONE', *, *, #4570, .T. ) ;
#4137 = CARTESIAN_POINT ( 'NONE',  ( 0.6054676557778315704, 2.824999999999997069, -0.1450841605479225860 ) ) ;
#4138 = VECTOR ( 'NONE', #1002, 1000.000000000000000 ) ;
#4140 = CARTESIAN_POINT ( 'NONE',  ( 1.102564102564103532, 2.825000000000000178, -0.4995993589743574770 ) ) ;
#4139 = VECTOR ( 'NONE', #4645, 1000.000000000000000 ) ;
#4141 = ORIENTED_EDGE ( 'NONE', *, *, #1005, .F. ) ;
#4142 = CARTESIAN_POINT ( 'NONE',  ( 0.5245639267230247649, 2.824999999999999289, -0.3252297478939839559 ) ) ;
#4143 = CARTESIAN_POINT ( 'NONE',  ( 0.3108310950157655017, 2.825000000000001066, -0.6461944431780065612 ) ) ;
#4144 = CARTESIAN_POINT ( 'NONE',  ( 0.5432652116370386697, 2.775000000000001243, -0.7506679233198355616 ) ) ;
#4145 = CARTESIAN_POINT ( 'NONE',  ( -3.099999999999998757, 2.825000000000000178, 3.200000000000002842 ) ) ;
#4146 = PRESENTATION_STYLE_ASSIGNMENT (( #1963 ) ) ;
#4147 = CARTESIAN_POINT ( 'NONE',  ( -0.3461538461538464229, 2.774999999999999911, 1.543945593702915236E-15 ) ) ;
#4148 = CARTESIAN_POINT ( 'NONE',  ( 1.032541129076057995, 2.824999999999997513, -0.8536509606361881719 ) ) ;
#4149 = EDGE_CURVE ( 'NONE', #2283, #2464, #2589, .T. ) ;
#4150 = CARTESIAN_POINT ( 'NONE',  ( 0.2532723837120318122, 2.775000000000000355, -0.5285439729531483666 ) ) ;
#4151 = ORIENTED_EDGE ( 'NONE', *, *, #3020, .F. ) ;
#4152 = CARTESIAN_POINT ( 'NONE',  ( 0.4759834483714149300, 2.774999999999999911, -0.8319511443593208266 ) ) ;
#4153 = CARTESIAN_POINT ( 'NONE',  ( 0.9487000189283927298, 2.775000000000000355, -0.1902592057888075894 ) ) ;
#4154 = PRODUCT_RELATED_PRODUCT_CATEGORY ( 'part', '', ( #512 ) ) ;
#4155 = CARTESIAN_POINT ( 'NONE',  ( 0.6056897927740464427, 2.825000000000000178, -0.8552250950067891155 ) ) ;
#4156 = B_SPLINE_SURFACE_WITH_KNOTS ( 'NONE', 3, 1, ( 
 ( #2249, #353 ),
 ( #2684, #4158 ),
 ( #10, #1101 ),
 ( #2308, #4778 ),
 ( #1447, #2601 ),
 ( #2226, #4420 ),
 ( #3332, #1522 ),
 ( #1154, #2633 ),
 ( #3720, #2657 ),
 ( #2953, #4087 ),
 ( #1079, #2279 ),
 ( #1495, #2195 ),
 ( #3690, #4801 ),
 ( #3002, #4469 ),
 ( #4111, #4134 ),
 ( #183, #3923 ),
 ( #1298, #1202 ),
 ( #1664, #1228 ),
 ( #497, #4541 ) ),
 .UNSPECIFIED., .F., .F., .F.,
 ( 4, 1, 1, 1, 1, 1, 1, 1, 1, 1, 1, 1, 1, 1, 1, 1, 4 ),
 ( 2, 2 ),
 ( 0.000000000000000000, 0.06879079439061787371, 0.1351032894311275934, 0.1989786743106512212, 0.2619042997808561646, 0.3234949693679691762, 0.3851953779660511334, 0.4469692387407741552, 0.5097647767031320276, 0.5722505688473681351, 0.6334051756611527306, 0.6932511629217524840, 0.7525831627856699457, 0.8125792661534211314, 0.8732750849201916798, 0.9355499428950291296, 1.000000000000000000 ),
 ( 0.000000000000000000, 1.000000000000000000 ),
 .UNSPECIFIED. ) ;
#4157 = VERTEX_POINT ( 'NONE', #2205 ) ;
#4158 = CARTESIAN_POINT ( 'NONE',  ( -0.3071074068328994433, 2.824999999999998401, -0.7042136602413469060 ) ) ;
#4159 = CARTESIAN_POINT ( 'NONE',  ( 0.006001877454236573782, 2.825000000000000622, -0.9228726281443698776 ) ) ;
#4160 = VERTEX_POINT ( 'NONE', #3705 ) ;
#4161 = CARTESIAN_POINT ( 'NONE',  ( 0.5245639267230247649, 2.774999999999999467, -0.3252297478939839559 ) ) ;
#4162 = CARTESIAN_POINT ( 'NONE',  ( 1.100135566214636373, 2.774999999999999467, -0.4109296346544944467 ) ) ;
#4163 = VECTOR ( 'NONE', #3212, 1000.000000000000000 ) ;
#4164 = ORIENTED_EDGE ( 'NONE', *, *, #370, .T. ) ;
#4165 = CARTESIAN_POINT ( 'NONE',  ( 0.2568127663077550693, 2.775000000000000799, -0.9150284759770733745 ) ) ;
#4166 = STYLED_ITEM ( 'NONE', ( #3842 ), #1657 ) ;
#4167 = CARTESIAN_POINT ( 'NONE',  ( 0.7936146651925104489, 2.774999999999999023, -0.07829166081267513455 ) ) ;
#4168 = CARTESIAN_POINT ( 'NONE',  ( -0.9313688495656732291, 2.775000000000000799, -0.9732710323001174668 ) ) ;
#4169 = CARTESIAN_POINT ( 'NONE',  ( -0.9652076502451697460, 2.774999999999999467, -0.7895888403497008934 ) ) ;
#4170 = DIRECTION ( 'NONE',  ( 0.000000000000000000, 0.000000000000000000, 1.000000000000000000 ) ) ;
#4171 = ADVANCED_FACE ( 'NONE', ( #1868 ), #4530, .T. ) ;
#4172 = CARTESIAN_POINT ( 'NONE',  ( 0.06924555636002571735, 2.825000000000000178, -0.4426514632451225006 ) ) ;
#4173 = AXIS2_PLACEMENT_3D ( 'NONE', #3838, #880, #444 ) ;
#4174 = CARTESIAN_POINT ( 'NONE',  ( 1.102379845726646046, 2.824999999999997513, -0.5149588970139289401 ) ) ;
#4175 = VECTOR ( 'NONE', #982, 1000.000000000000000 ) ;
#4176 = VERTEX_POINT ( 'NONE', #3469 ) ;
#4177 = B_SPLINE_CURVE_WITH_KNOTS ( 'NONE', 3,
 ( #2096, #3871, #3920, #2825, #2803, #522, #2000, #571, #1686, #227, #909, #3211, #3944, #2406, #4681, #2075, #2453, #248, #2870 ),
 .UNSPECIFIED., .F., .F.,
 ( 4, 1, 1, 1, 1, 1, 1, 1, 1, 1, 1, 1, 1, 1, 1, 1, 4 ),
 ( 0.000000000000000000, 0.06196540068706235527, 0.1221219056382955165, 0.1809884968498414737, 0.2399332164519025201, 0.2999058311065241345, 0.3599888474769871172, 0.4217757417416460042, 0.4865758264211264561, 0.5515348046197412479, 0.6150175427599797739, 0.6772586166616568759, 0.7397299623627132670, 0.8030501026629512928, 0.8664951320156980552, 0.9319734741771488196, 1.000000000000000000 ),
 .UNSPECIFIED. ) ;
#4178 = EDGE_CURVE ( 'NONE', #2431, #3647, #2785, .T. ) ;
#4179 = CARTESIAN_POINT ( 'NONE',  ( 0.5657287930671113241, 2.774999999999999911, -0.9551402963102229027 ) ) ;
#4180 = CARTESIAN_POINT ( 'NONE',  ( -3.100000000000000089, 2.825000000000000178, -3.299999999999998046 ) ) ;
#4181 = CARTESIAN_POINT ( 'NONE',  ( -0.9010416666666660745, 2.774999999999999911, -0.1025641025641009785 ) ) ;
#4182 = ORIENTED_EDGE ( 'NONE', *, *, #1234, .T. ) ;
#4183 = PLANE ( 'NONE',  #359 ) ;
#4184 = CARTESIAN_POINT ( 'NONE',  ( -0.05341429588289518804, 2.774999999999999911, -0.9148232825177052829 ) ) ;
#4185 = VERTEX_POINT ( 'NONE', #1588 ) ;
#4186 = CARTESIAN_POINT ( 'NONE',  ( 0.5604195998280047109, 2.774999999999999467, -0.2096626008922249929 ) ) ;
#4187 = ORIENTED_EDGE ( 'NONE', *, *, #2553, .T. ) ;
#4188 = LINE ( 'NONE', #1625, #310 ) ;
#4189 = LINE ( 'NONE', #3195, #4139 ) ;
#4190 = DIRECTION ( 'NONE',  ( -1.000000000000000000, 0.000000000000000000, 0.000000000000000000 ) ) ;
#4191 = CARTESIAN_POINT ( 'NONE',  ( -1.069809935124309552, 2.775000000000000799, -0.7616892090910594160 ) ) ;
#4192 =( NAMED_UNIT ( * ) PLANE_ANGLE_UNIT ( ) SI_UNIT ( $, .RADIAN. ) );
#4193 = PRESENTATION_STYLE_ASSIGNMENT (( #3013 ) ) ;
#4194 = CARTESIAN_POINT ( 'NONE',  ( 0.03600528524931189550, 2.825000000000000622, -0.9224885583009789780 ) ) ;
#4195 = FILL_AREA_STYLE ('',( #104 ) ) ;
#4196 = ORIENTED_EDGE ( 'NONE', *, *, #3285, .F. ) ;
#4197 =( LENGTH_UNIT ( ) NAMED_UNIT ( * ) SI_UNIT ( .MILLI., .METRE. ) );
#4198 = CARTESIAN_POINT ( 'NONE',  ( 0.4231706425504854208, 2.824999999999999734, -0.5156271840412858243 ) ) ;
#4199 = CARTESIAN_POINT ( 'NONE',  ( 0.1561805458626690235, 2.775000000000000355, -0.5414259252811636225 ) ) ;
#4200 = ADVANCED_FACE ( 'NONE', ( #126 ), #777, .T. ) ;
#4201 = CARTESIAN_POINT ( 'NONE',  ( 0.4230769230769240163, 2.774999999999999911, -0.4995993589743574770 ) ) ;
#4202 = CARTESIAN_POINT ( 'NONE',  ( 0.7936146651925104489, 2.774999999999999023, -0.07829166081267513455 ) ) ;
#4203 = VECTOR ( 'NONE', #2237, 1000.000000000000000 ) ;
#4204 = LINE ( 'NONE', #3508, #15 ) ;
#4205 = EDGE_LOOP ( 'NONE', ( #2547, #2945, #2082, #356 ) ) ;
#4206 = SURFACE_STYLE_USAGE ( .BOTH. , #2332 ) ;
#4207 = CARTESIAN_POINT ( 'NONE',  ( -1.021504610447070860, 2.824999999999999734, -0.8821359335528095036 ) ) ;
#4208 = VERTEX_POINT ( 'NONE', #2344 ) ;
#4209 = CARTESIAN_POINT ( 'NONE',  ( 0.6632884561242239352, 2.824999999999997957, -0.1010718833780178127 ) ) ;
#4210 = ORIENTED_EDGE ( 'NONE', *, *, #711, .F. ) ;
#4211 = CARTESIAN_POINT ( 'NONE',  ( 0.6382037491450669453, 2.824999999999999734, -0.1169344930150459927 ) ) ;
#4212 = CARTESIAN_POINT ( 'NONE',  ( 0.9723730278400001259, 2.824999999999999734, -0.2416196321585314666 ) ) ;
#4213 = CARTESIAN_POINT ( 'NONE',  ( 1.010673590191919047, 2.774999999999999467, -0.4295055053740809425 ) ) ;
#4214 = CARTESIAN_POINT ( 'NONE',  ( -1.037713189698753924, 2.774999999999999911, -0.8544216433553006862 ) ) ;
#4215 = VECTOR ( 'NONE', #3560, 1000.000000000000000 ) ;
#4216 = EDGE_CURVE ( 'NONE', #4176, #881, #1019, .T. ) ;
#4217 = DIRECTION ( 'NONE',  ( 0.6837766319733927789, 0.000000000000000000, -0.7296913851534244655 ) ) ;
#4218 = CARTESIAN_POINT ( 'NONE',  ( 0.09799220833881168435, 2.774999999999999467, -0.9083981455678123984 ) ) ;
#4219 = SURFACE_STYLE_USAGE ( .BOTH. , #537 ) ;
#4220 = ORIENTED_EDGE ( 'NONE', *, *, #2052, .T. ) ;
#4221 = CARTESIAN_POINT ( 'NONE',  ( -0.5964733112334745790, 2.774999999999999911, -0.4284449268011605305 ) ) ;
#4222 = AXIS2_PLACEMENT_3D ( 'NONE', #401, #2224, #4490 ) ;
#4223 = CARTESIAN_POINT ( 'NONE',  ( 3.275000000000001243, 0.07500000000000019151, 1.500000000000000000 ) ) ;
#4224 = CARTESIAN_POINT ( 'NONE',  ( 0.3158234650126924281, 2.775000000000000355, -0.7864674410876395516 ) ) ;
#4225 = EDGE_CURVE ( 'NONE', #1227, #3973, #2722, .T. ) ;
#4226 = CARTESIAN_POINT ( 'NONE',  ( 0.6945165945470462843, 2.825000000000001510, -0.9131365532646894545 ) ) ;
#4227 = ORIENTED_EDGE ( 'NONE', *, *, #4464, .F. ) ;
#4228 = CARTESIAN_POINT ( 'NONE',  ( -1.599999999999999867, 0.1499999999999999944, -1.600000000000000089 ) ) ;
#4229 = CARTESIAN_POINT ( 'NONE',  ( 0.5359587007724038177, 2.774999999999999467, -0.7279305106239652989 ) ) ;
#4230 = VERTEX_POINT ( 'NONE', #3419 ) ;
#4231 = CARTESIAN_POINT ( 'NONE',  ( 0.7604166666666676289, 2.824999999999997069, -0.07692307692307542855 ) ) ;
#4232 = ADVANCED_FACE ( 'NONE', ( #74 ), #4580, .T. ) ;
#4233 = ORIENTED_EDGE ( 'NONE', *, *, #645, .F. ) ;
#4234 = CARTESIAN_POINT ( 'NONE',  ( 0.8819106667655070009, 2.825000000000001066, -0.1160675986004362087 ) ) ;
#4235 = CARTESIAN_POINT ( 'NONE',  ( 1.012706572480658984, 2.775000000000000355, -0.4879787492114229797 ) ) ;
#4236 = ORIENTED_EDGE ( 'NONE', *, *, #106, .T. ) ;
#4237 = CARTESIAN_POINT ( 'NONE',  ( -3.100000000000000089, 2.825000000000000178, -3.099999999999998757 ) ) ;
#4238 = CARTESIAN_POINT ( 'NONE',  ( 0.2295218042926009394, 2.774999999999999467, -0.6879296472581010180 ) ) ;
#4239 = CARTESIAN_POINT ( 'NONE',  ( 0.07820778850785309322, 2.774999999999999911, -0.9150196830524810476 ) ) ;
#4240 = AXIS2_PLACEMENT_3D ( 'NONE', #3305, #4776, #1466 ) ;
#4241 = CARTESIAN_POINT ( 'NONE',  ( 3.225000000000001421, 0.07500000000000019151, 1.500000000000000000 ) ) ;
#4242 = EDGE_LOOP ( 'NONE', ( #65, #4132, #996, #1787, #1100, #2321, #166, #137, #3799, #1327, #2847, #3619 ) ) ;
#4243 = VECTOR ( 'NONE', #2329, 1000.000000000000000 ) ;
#4244 = CARTESIAN_POINT ( 'NONE',  ( -0.6508413461538457012, 2.775000000000000355, -0.3693910256410241622 ) ) ;
#4245 = FACE_OUTER_BOUND ( 'NONE', #1737, .T. ) ;
#4246 = CARTESIAN_POINT ( 'NONE',  ( 1.033228202738523782, 2.774999999999999467, -0.1473843982179181278 ) ) ;
#4247 = FILL_AREA_STYLE_COLOUR ( '', #1953 ) ;
#4248 = VERTEX_POINT ( 'NONE', #2086 ) ;
#4249 = VECTOR ( 'NONE', #1876, 1000.000000000000000 ) ;
#4250 = EDGE_CURVE ( 'NONE', #2921, #4775, #4602, .T. ) ;
#4251 = CARTESIAN_POINT ( 'NONE',  ( 0.2222958388037115651, 2.825000000000000622, -0.7793575988472850602 ) ) ;
#4252 = VECTOR ( 'NONE', #4096, 1000.000000000000000 ) ;
#4253 = CARTESIAN_POINT ( 'NONE',  ( -0.5628069298937066200, 2.824999999999999734, -0.8152931048998596220 ) ) ;
#4254 = DIRECTION ( 'NONE',  ( 0.000000000000000000, -1.283697207382492124E-12, 1.000000000000000000 ) ) ;
#4255 = ORIENTED_EDGE ( 'NONE', *, *, #1338, .T. ) ;
#4256 = AXIS2_PLACEMENT_3D ( 'NONE', #1109, #386, #1864 ) ;
#4257 = LINE ( 'NONE', #894, #2015 ) ;
#4258 =( LENGTH_UNIT ( ) NAMED_UNIT ( * ) SI_UNIT ( .MILLI., .METRE. ) );
#4259 = LINE ( 'NONE', #2788, #1640 ) ;
#4260 = ORIENTED_EDGE ( 'NONE', *, *, #904, .T. ) ;
#4261 = EDGE_CURVE ( 'NONE', #1616, #4230, #4735, .T. ) ;
#4262 = CARTESIAN_POINT ( 'NONE',  ( 0.5657287930671113241, 2.774999999999999911, -0.9551402963102229027 ) ) ;
#4263 = LINE ( 'NONE', #2838, #2611 ) ;
#4264 = CARTESIAN_POINT ( 'NONE',  ( 0.04166666666666641455, 2.774999999999999911, -0.4138621794871780168 ) ) ;
#4265 = CARTESIAN_POINT ( 'NONE',  ( 0.2154543365043015968, 2.825000000000000178, -0.7977372043095231069 ) ) ;
#4266 = LINE ( 'NONE', #3567, #3952 ) ;
#4267 = PRESENTATION_STYLE_ASSIGNMENT (( #944 ) ) ;
#4268 = CARTESIAN_POINT ( 'NONE',  ( 1.012663315896817906, 2.774999999999999911, -0.5120193064337249522 ) ) ;
#4269 = FILL_AREA_STYLE_COLOUR ( '', #1896 ) ;
#4270 = CARTESIAN_POINT ( 'NONE',  ( 0.3333333333333330928, 2.774999999999999911, 1.543945593702915236E-15 ) ) ;
#4271 = CARTESIAN_POINT ( 'NONE',  ( 0.3202157042086763439, 2.775000000000000799, -0.7382584791864084117 ) ) ;
#4272 = ADVANCED_FACE ( 'NONE', ( #2443 ), #2858, .F. ) ;
#4273 = CARTESIAN_POINT ( 'NONE',  ( -0.5514583186478088095, 2.825000000000001510, -0.4818703942471360691 ) ) ;
#4274 = CARTESIAN_POINT ( 'NONE',  ( 0.5146668753540009078, 2.824999999999999734, -0.5772134063592786468 ) ) ;
#4275 = ORIENTED_EDGE ( 'NONE', *, *, #2913, .F. ) ;
#4276 =( LENGTH_UNIT ( ) NAMED_UNIT ( * ) SI_UNIT ( .MILLI., .METRE. ) );
#4277 = CARTESIAN_POINT ( 'NONE',  ( -0.07394055386944296815, 2.825000000000000622, -0.9082013755499858121 ) ) ;
#4278 = CARTESIAN_POINT ( 'NONE',  ( -1.599999999999999867, 0.1499999999999999944, -1.600000000000000089 ) ) ;
#4279 = VECTOR ( 'NONE', #284, 1000.000000000000000 ) ;
#4280 = CARTESIAN_POINT ( 'NONE',  ( 0.8045638197246285372, 2.824999999999998845, -1.022560491751152378 ) ) ;
#4281 = VERTEX_POINT ( 'NONE', #3564 ) ;
#4282 = SURFACE_SIDE_STYLE ('',( #531 ) ) ;
#4283 = ORIENTED_EDGE ( 'NONE', *, *, #2105, .F. ) ;
#4284 = LINE ( 'NONE', #3005, #2939 ) ;
#4285 = CARTESIAN_POINT ( 'NONE',  ( -0.6523128116988650138, 2.825000000000001066, -0.8999571463734044041 ) ) ;
#4286 =( NAMED_UNIT ( * ) SI_UNIT ( $, .STERADIAN. ) SOLID_ANGLE_UNIT ( ) );
#4287 = EDGE_CURVE ( 'NONE', #820, #1591, #4308, .T. ) ;
#4288 = CARTESIAN_POINT ( 'NONE',  ( 0.1680767785752531884, 2.825000000000000622, -0.8634301744603617434 ) ) ;
#4289 = LINE ( 'NONE', #3244, #4561 ) ;
#4290 = CARTESIAN_POINT ( 'NONE',  ( 3.299999999999999822, 0.000000000000000000, -1.599999999999998979 ) ) ;
#4291 = CARTESIAN_POINT ( 'NONE',  ( -3.200000000000000178, 2.725000000000000533, -3.099999999999998757 ) ) ;
#4292 = CARTESIAN_POINT ( 'NONE',  ( -0.8431713231002113673, 2.774999999999999911, -0.9082013755499858121 ) ) ;
#4293 = VECTOR ( 'NONE', #1489, 1000.000000000000000 ) ;
#4294 = AXIS2_PLACEMENT_3D ( 'NONE', #3956, #4729, #2926 ) ;
#4295 = EDGE_CURVE ( 'NONE', #1951, #4376, #4508, .T. ) ;
#4296 = LINE ( 'NONE', #4223, #967 ) ;
#4297 = CARTESIAN_POINT ( 'NONE',  ( 0.5852262295126440250, 2.775000000000000355, -0.02924747907340788031 ) ) ;
#4298 = FACE_OUTER_BOUND ( 'NONE', #1449, .T. ) ;
#4299 = CARTESIAN_POINT ( 'NONE',  ( -3.275000000000000355, 0.07499999999999933109, -1.500000000000000000 ) ) ;
#4300 = ORIENTED_EDGE ( 'NONE', *, *, #447, .F. ) ;
#4301 = CARTESIAN_POINT ( 'NONE',  ( 0.3333333333333330928, 2.774999999999999911, -0.1025641025641010340 ) ) ;
#4302 = CARTESIAN_POINT ( 'NONE',  ( -0.1458899945710031565, 2.774999999999999467, -0.8626087061277910584 ) ) ;
#4303 = FILL_AREA_STYLE_COLOUR ( '', #1984 ) ;
#4304 = VERTEX_POINT ( 'NONE', #559 ) ;
#4305 = CARTESIAN_POINT ( 'NONE',  ( -1.062112541637203256, 2.774999999999999911, -0.7942762944410201031 ) ) ;
#4306 = VERTEX_POINT ( 'NONE', #3857 ) ;
#4307 = CARTESIAN_POINT ( 'NONE',  ( 0.7495247504607350786, 2.824999999999999734, -1.025508635292706749 ) ) ;
#4308 = LINE ( 'NONE', #1352, #4733 ) ;
#4309 = CYLINDRICAL_SURFACE ( 'NONE', #1634, 0.09999999999999982514 ) ;
#4310 = CARTESIAN_POINT ( 'NONE',  ( 0.2177724505829597423, 2.775000000000000355, -0.4818703942471362911 ) ) ;
#4311 = EDGE_CURVE ( 'NONE', #3410, #2798, #3178, .T. ) ;
#4312 = FILL_AREA_STYLE_COLOUR ( '', #116 ) ;
#4313 = VECTOR ( 'NONE', #2615, 1000.000000000000000 ) ;
#4314 = CARTESIAN_POINT ( 'NONE',  ( 0.8274065859288004532, 2.824999999999998401, -1.018140170866314920 ) ) ;
#4315 = CARTESIAN_POINT ( 'NONE',  ( 1.600000000000001199, 0.1499999999999999944, -1.599999999999999645 ) ) ;
#4316 = CARTESIAN_POINT ( 'NONE',  ( 0.6667639556407118917, 2.774999999999999911, 0.01203766673021191419 ) ) ;
#4317 = COLOUR_RGB ( '',0.1098039215686274495, 0.1098039215686274495, 0.1098039215686274495 ) ;
#4318 = EDGE_LOOP ( 'NONE', ( #920, #4720, #916, #2212 ) ) ;
#4319 = EDGE_CURVE ( 'NONE', #893, #1976, #3077, .T. ) ;
#4320 = LINE ( 'NONE', #2097, #2848 ) ;
#4321 = AXIS2_PLACEMENT_3D ( 'NONE', #3631, #288, #1770 ) ;
#4322 = B_SPLINE_CURVE_WITH_KNOTS ( 'NONE', 3,
 ( #4539, #4592, #2776, #180, #3455, #885, #451, #910, #2407, #1254, #2752, #2306, #3893, #2681, #1199, #2709, #1596, #3428, #3138 ),
 .UNSPECIFIED., .F., .F.,
 ( 4, 1, 1, 1, 1, 1, 1, 1, 1, 1, 1, 1, 1, 1, 1, 1, 4 ),
 ( 0.000000000000000000, 0.06443867159524288568, 0.1265469112716776090, 0.1868871534365704190, 0.2458775355894552983, 0.3040408846912666663, 0.3621912180726604702, 0.4209759327916445248, 0.4806602832796659230, 0.5406002749537577312, 0.6006890983494533875, 0.6619357897571956917, 0.7244425059139825152, 0.7890383938817434606, 0.8563137570509942176, 0.9263520282058632649, 0.9999999999999998890 ),
 .UNSPECIFIED. ) ;
#4323 = CARTESIAN_POINT ( 'NONE',  ( 0.3205128205128203178, 2.825000000000000178, -0.7283653846153831379 ) ) ;
#4324 = CARTESIAN_POINT ( 'NONE',  ( -0.5421605001143406932, 2.775000000000000799, -0.7603390806142015235 ) ) ;
#4325 = SURFACE_SIDE_STYLE ('',( #231 ) ) ;
#4326 = ORIENTED_EDGE ( 'NONE', *, *, #4416, .T. ) ;
#4327 =( GEOMETRIC_REPRESENTATION_CONTEXT ( 3 ) GLOBAL_UNCERTAINTY_ASSIGNED_CONTEXT ( ( #1088 ) ) GLOBAL_UNIT_ASSIGNED_CONTEXT ( ( #2578, #718, #4516 ) ) REPRESENTATION_CONTEXT ( 'NONE', 'WORKASPACE' ) );
#4328 = PLANE ( 'NONE',  #2267 ) ;
#4329 = EDGE_LOOP ( 'NONE', ( #38, #4060, #1465, #1873 ) ) ;
#4330 = CARTESIAN_POINT ( 'NONE',  ( 0.4549719527060302471, 2.825000000000000622, -0.7768026439312690767 ) ) ;
#4331 = PLANE ( 'NONE',  #352 ) ;
#4332 = EDGE_CURVE ( 'NONE', #1370, #2162, #4716, .T. ) ;
#4333 = DIRECTION ( 'NONE',  ( -0.000000000000000000, -1.000000000000000000, -0.000000000000000000 ) ) ;
#4334 = CARTESIAN_POINT ( 'NONE',  ( -0.03190407373322010076, 2.774999999999999911, -0.9196649512025438788 ) ) ;
#4335 = CARTESIAN_POINT ( 'NONE',  ( 0.2177724505829597423, 2.825000000000000178, -0.4818703942471362911 ) ) ;
#4336 = CARTESIAN_POINT ( 'NONE',  ( -3.375000000000000888, 1.425000000000000266, -1.500000000000000000 ) ) ;
#4337 = LINE ( 'NONE', #2089, #191 ) ;
#4338 = CARTESIAN_POINT ( 'NONE',  ( 0.7713439046252754672, 2.825000000000000622, -0.9224973094065528345 ) ) ;
#4339 = CARTESIAN_POINT ( 'NONE',  ( 0.4230769230769240163, 2.825000000000000178, -0.4995993589743574770 ) ) ;
#4340 = ORIENTED_EDGE ( 'NONE', *, *, #860, .F. ) ;
#4341 = CARTESIAN_POINT ( 'NONE',  ( -0.4491998472757522953, 2.825000000000001510, -0.7144368676959153008 ) ) ;
#4342 = CARTESIAN_POINT ( 'NONE',  ( 0.7653648528270287077, 2.774999999999999911, -1.025501649876548349 ) ) ;
#4343 = CARTESIAN_POINT ( 'NONE',  ( 3.275000000000000355, 1.275000000000001243, 1.500000000000000000 ) ) ;
#4344 = EDGE_CURVE ( 'NONE', #375, #234, #3322, .T. ) ;
#4345 = LINE ( 'NONE', #2500, #2312 ) ;
#4346 = CARTESIAN_POINT ( 'NONE',  ( -0.5421605001143406932, 2.825000000000000178, -0.7603390806142015235 ) ) ;
#4347 = VERTEX_POINT ( 'NONE', #4052 ) ;
#4348 = VERTEX_POINT ( 'NONE', #2493 ) ;
#4349 = CARTESIAN_POINT ( 'NONE',  ( -0.9568848322716844157, 2.775000000000000355, -0.9542266772126410945 ) ) ;
#4350 = ORIENTED_EDGE ( 'NONE', *, *, #3656, .F. ) ;
#4351 = CARTESIAN_POINT ( 'NONE',  ( 0.6243236898695023740, 2.774999999999999467, -0.9943770142167318582 ) ) ;
#4352 = AXIS2_PLACEMENT_3D ( 'NONE', #1725, #4743, #1016 ) ;
#4353 = DIRECTION ( 'NONE',  ( -1.000000000000000000, 0.000000000000000000, 0.000000000000000000 ) ) ;
#4354 = CARTESIAN_POINT ( 'NONE',  ( -0.2819984998307762392, 2.774999999999999911, -0.8250962698609222157 ) ) ;
#4355 = DIRECTION ( 'NONE',  ( 0.000000000000000000, -0.000000000000000000, 1.000000000000000000 ) ) ;
#4356 = CARTESIAN_POINT ( 'NONE',  ( 0.3333333333333330928, 2.825000000000000178, -0.1025641025641010340 ) ) ;
#4357 = CARTESIAN_POINT ( 'NONE',  ( -3.475000000000000977, -0.07499999999999976130, 1.500000000000000000 ) ) ;
#4358 = CARTESIAN_POINT ( 'NONE',  ( 0.9707492074450450037, 2.825000000000001510, -0.7643031487219331677 ) ) ;
#4359 = LINE ( 'NONE', #1409, #1353 ) ;
#4360 = ORIENTED_EDGE ( 'NONE', *, *, #1216, .T. ) ;
#4361 = AXIS2_PLACEMENT_3D ( 'NONE', #1141, #2642, #4121 ) ;
#4362 = CIRCLE ( 'NONE', #2505, 0.09999999999999982514 ) ;
#4363 = CARTESIAN_POINT ( 'NONE',  ( -0.7275641025641019777, 2.774999999999999911, -0.4138621794871779613 ) ) ;
#4364 = CARTESIAN_POINT ( 'NONE',  ( 0.5299318541352645573, 2.825000000000000622, -0.7028536553115479757 ) ) ;
#4365 = PLANE ( 'NONE',  #815 ) ;
#4366 = CARTESIAN_POINT ( 'NONE',  ( 0.1680767785752531884, 2.825000000000000622, -0.8634301744603617434 ) ) ;
#4367 = FILL_AREA_STYLE_COLOUR ( '', #555 ) ;
#4368 = ADVANCED_FACE ( 'NONE', ( #2519 ), #2112, .F. ) ;
#4369 = CARTESIAN_POINT ( 'NONE',  ( 0.05110892004033909530, 2.824999999999996625, -0.4237188385010659530 ) ) ;
#4370 = ORIENTED_EDGE ( 'NONE', *, *, #891, .T. ) ;
#4371 = CARTESIAN_POINT ( 'NONE',  ( -0.5384615384615378808, 2.824999999999999734, -0.7203525641025625426 ) ) ;
#4372 = APPLICATION_CONTEXT ( 'automotive_design' ) ;
#4373 = ORIENTED_EDGE ( 'NONE', *, *, #3568, .F. ) ;
#4374 = CARTESIAN_POINT ( 'NONE',  ( -1.037713189698753924, 2.825000000000000178, -0.8544216433553006862 ) ) ;
#4375 = CARTESIAN_POINT ( 'NONE',  ( -0.5533079637368465420, 2.825000000000000178, -0.9583016753824308287 ) ) ;
#4376 = VERTEX_POINT ( 'NONE', #2942 ) ;
#4377 = FACE_OUTER_BOUND ( 'NONE', #1046, .T. ) ;
#4378 = LINE ( 'NONE', #4024, #4129 ) ;
#4379 = CARTESIAN_POINT ( 'NONE',  ( 0.2568127663077550693, 2.775000000000000799, -0.9150284759770733745 ) ) ;
#4380 = CARTESIAN_POINT ( 'NONE',  ( -0.9652076502451697460, 2.774999999999999467, -0.7895888403497008934 ) ) ;
#4381 = CARTESIAN_POINT ( 'NONE',  ( -0.8987274714173447698, 2.824999999999999734, -0.8767917222203750471 ) ) ;
#4382 = DIRECTION ( 'NONE',  ( 0.000000000000000000, 0.000000000000000000, -1.000000000000000000 ) ) ;
#4383 = CARTESIAN_POINT ( 'NONE',  ( 0.8924864524479161343, 2.774999999999999467, -0.9943676656230990840 ) ) ;
#4384 = CARTESIAN_POINT ( 'NONE',  ( 0.9007671107137472655, 2.825000000000001066, -0.8679230225139414889 ) ) ;
#4385 = CARTESIAN_POINT ( 'NONE',  ( 0.007263921409943199618, 2.825000000000000622, -1.025394612311206988 ) ) ;
#4386 = VERTEX_POINT ( 'NONE', #4409 ) ;
#4387 = PRESENTATION_LAYER_ASSIGNMENT (  '', '', ( #1663 ) ) ;
#4388 = CARTESIAN_POINT ( 'NONE',  ( -0.6512933371217127787, 2.825000000000000622, -0.4959350349268773495 ) ) ;
#4389 = CARTESIAN_POINT ( 'NONE',  ( -3.375000000000000888, 1.425000000000000266, 1.500000000000000000 ) ) ;
#4390 = CARTESIAN_POINT ( 'NONE',  ( 0.9007671107137472655, 2.825000000000000178, -0.8679230225139414889 ) ) ;
#4391 = AXIS2_PLACEMENT_3D ( 'NONE', #1758, #4035, #684 ) ;
#4392 = CARTESIAN_POINT ( 'NONE',  ( 0.2881600287699265794, 2.825000000000000178, -0.8665378504550251826 ) ) ;
#4393 = CARTESIAN_POINT ( 'NONE',  ( 0.7604166666666676289, 2.825000000000000622, -0.07692307692307542855 ) ) ;
#4394 = ORIENTED_EDGE ( 'NONE', *, *, #1714, .F. ) ;
#4395 = LINE ( 'NONE', #2555, #653 ) ;
#4396 = VERTEX_POINT ( 'NONE', #654 ) ;
#4397 = EDGE_CURVE ( 'NONE', #1716, #1179, #4663, .T. ) ;
#4398 = AXIS2_PLACEMENT_3D ( 'NONE', #3882, #2008, #72 ) ;
#4399 = CARTESIAN_POINT ( 'NONE',  ( -3.099999999999998757, 0.000000000000000000, 3.100000000000002309 ) ) ;
#4400 = CARTESIAN_POINT ( 'NONE',  ( -0.6569073027198464310, 2.825000000000000622, -1.013763736449899699 ) ) ;
#4401 = VERTEX_POINT ( 'NONE', #4004 ) ;
#4402 = CARTESIAN_POINT ( 'NONE',  ( -0.009355778608494593612, 2.775000000000000355, -0.9224714266288372988 ) ) ;
#4403 = ADVANCED_FACE ( 'NONE', ( #2091 ), #865, .T. ) ;
#4404 = FILL_AREA_STYLE_COLOUR ( '', #2864 ) ;
#4405 = CARTESIAN_POINT ( 'NONE',  ( 0.5705746054747302676, 2.824999999999999289, -0.8087926559968990903 ) ) ;
#4406 = CARTESIAN_POINT ( 'NONE',  ( -0.9863288524852651395, 2.825000000000000178, -0.7012094257416779941 ) ) ;
#4407 = CARTESIAN_POINT ( 'NONE',  ( -0.9302247578199275280, 2.825000000000001510, -0.8468179629232408523 ) ) ;
#4408 = FACE_OUTER_BOUND ( 'NONE', #3283, .T. ) ;
#4409 = CARTESIAN_POINT ( 'NONE',  ( 0.7574118589743599195, 2.825000000000000178, 0.02564102564102713547 ) ) ;
#4410 = CARTESIAN_POINT ( 'NONE',  ( -0.5579738805064581308, 2.825000000000000178, -0.6249979495618050995 ) ) ;
#4411 = ORIENTED_EDGE ( 'NONE', *, *, #1105, .T. ) ;
#4412 = CARTESIAN_POINT ( 'NONE',  ( 1.091549181648882927, 2.775000000000000355, -0.6690023366053138298 ) ) ;
#4413 = FILL_AREA_STYLE_COLOUR ( '', #2208 ) ;
#4414 = FACE_OUTER_BOUND ( 'NONE', #3749, .T. ) ;
#4415 = LINE ( 'NONE', #2146, #4521 ) ;
#4416 = EDGE_CURVE ( 'NONE', #2197, #4176, #3447, .T. ) ;
#4417 = EDGE_LOOP ( 'NONE', ( #282, #465, #2700, #2593, #4141, #3642 ) ) ;
#4418 = CARTESIAN_POINT ( 'NONE',  ( 3.200000000000000178, 2.825000000000000178, -3.099999999999999645 ) ) ;
#4419 = ORIENTED_EDGE ( 'NONE', *, *, #106, .F. ) ;
#4420 = CARTESIAN_POINT ( 'NONE',  ( -0.2819984998307762392, 2.824999999999997957, -0.8250962698609222157 ) ) ;
#4421 = CARTESIAN_POINT ( 'NONE',  ( 0.5296230089566487109, 2.774999999999999911, -0.2975812670182314545 ) ) ;
#4422 = ORIENTED_EDGE ( 'NONE', *, *, #3727, .F. ) ;
#4423 = CARTESIAN_POINT ( 'NONE',  ( 0.2881600287699265794, 2.774999999999999911, -0.8665378504550251826 ) ) ;
#4424 = CARTESIAN_POINT ( 'NONE',  ( -3.299999999999999378, 1.636074467135544719, -1.599999999999999201 ) ) ;
#4425 = FACE_OUTER_BOUND ( 'NONE', #2496, .T. ) ;
#4426 = CARTESIAN_POINT ( 'NONE',  ( 0.2222958388037115651, 2.775000000000000355, -0.7793575988472850602 ) ) ;
#4427 =( LENGTH_UNIT ( ) NAMED_UNIT ( * ) SI_UNIT ( .MILLI., .METRE. ) );
#4428 = CARTESIAN_POINT ( 'NONE',  ( 1.067967899881629990, 2.775000000000000355, -0.7713152487957540826 ) ) ;
#4429 = CARTESIAN_POINT ( 'NONE',  ( -0.6743330480681141159, 2.824999999999999734, -0.4702923089977001925 ) ) ;
#4430 = CARTESIAN_POINT ( 'NONE',  ( 0.8046126327235845199, 2.774999999999999911, 0.02227426384466096865 ) ) ;
#4431 = EDGE_LOOP ( 'NONE', ( #4523, #4227, #3943, #3513 ) ) ;
#4432 = EDGE_CURVE ( 'NONE', #3238, #85, #2647, .T. ) ;
#4433 = PLANE ( 'NONE',  #3861 ) ;
#4434 = CARTESIAN_POINT ( 'NONE',  ( 1.012355805109520501, 2.824999999999999734, -0.5355316392281752602 ) ) ;
#4435 = STYLED_ITEM ( 'NONE', ( #2787 ), #2426 ) ;
#4436 = CARTESIAN_POINT ( 'NONE',  ( 3.100000000000000533, 0.000000000000000000, 3.100000000000001421 ) ) ;
#4437 =( NAMED_UNIT ( * ) SI_UNIT ( $, .STERADIAN. ) SOLID_ANGLE_UNIT ( ) );
#4438 = ORIENTED_EDGE ( 'NONE', *, *, #1509, .T. ) ;
#4439 = CARTESIAN_POINT ( 'NONE',  ( 1.102015196719697832, 2.825000000000000178, -0.4545099133172914585 ) ) ;
#4440 = VECTOR ( 'NONE', #2612, 1000.000000000000000 ) ;
#4441 = ORIENTED_EDGE ( 'NONE', *, *, #1882, .T. ) ;
#4442 = CARTESIAN_POINT ( 'NONE',  ( 0.6382037491450669453, 2.774999999999999467, -0.1169344930150459927 ) ) ;
#4443 =( NAMED_UNIT ( * ) SI_UNIT ( $, .STERADIAN. ) SOLID_ANGLE_UNIT ( ) );
#4444 = ORIENTED_EDGE ( 'NONE', *, *, #3278, .T. ) ;
#4445 = CARTESIAN_POINT ( 'NONE',  ( 0.09489772116265426938, 2.774999999999999911, -0.4702923089977004700 ) ) ;
#4446 = CARTESIAN_POINT ( 'NONE',  ( 3.375000000000001776, -0.07499999999999890088, -1.500000000000000000 ) ) ;
#4447 = CARTESIAN_POINT ( 'NONE',  ( 1.091549181648882927, 2.825000000000000622, -0.6690023366053138298 ) ) ;
#4448 =( GEOMETRIC_REPRESENTATION_CONTEXT ( 3 ) GLOBAL_UNCERTAINTY_ASSIGNED_CONTEXT ( ( #1153 ) ) GLOBAL_UNIT_ASSIGNED_CONTEXT ( ( #84, #2330, #2024 ) ) REPRESENTATION_CONTEXT ( 'NONE', 'WORKASPACE' ) );
#4449 = CARTESIAN_POINT ( 'NONE',  ( 0.1406913998028935520, 2.775000000000000355, -1.004245046074672576 ) ) ;
#4450 = CARTESIAN_POINT ( 'NONE',  ( 2.300000000000002043, 1.636074467135545163, 1.600000000000001643 ) ) ;
#4451 = CARTESIAN_POINT ( 'NONE',  ( -0.6285393694278750276, 2.825000000000000622, -1.004245046074672576 ) ) ;
#4452 = PLANE ( 'NONE',  #1220 ) ;
#4453 = CARTESIAN_POINT ( 'NONE',  ( 3.375000000000001776, -0.1749999999999989342, -1.500000000000000000 ) ) ;
#4454 = CARTESIAN_POINT ( 'NONE',  ( 0.1349322730347350952, 2.774999999999999911, -0.8896602575737417862 ) ) ;
#4455 = CARTESIAN_POINT ( 'NONE',  ( -0.9871794871794865589, 2.825000000000000178, -0.6923076923076907363 ) ) ;
#4456 = DIRECTION ( 'NONE',  ( -1.000000000000000000, 0.000000000000000000, 0.000000000000000000 ) ) ;
#4457 = CARTESIAN_POINT ( 'NONE',  ( 1.875000000000001776, 0.02500000000000066058, 1.500000000000000000 ) ) ;
#4458 = ADVANCED_FACE ( 'NONE', ( #2618 ), #2590, .T. ) ;
#4459 = SURFACE_SIDE_STYLE ('',( #3572 ) ) ;
#4460 = CARTESIAN_POINT ( 'NONE',  ( 0.8275401729205681400, 2.774999999999999467, 0.01796744798163248807 ) ) ;
#4461 = ORIENTED_EDGE ( 'NONE', *, *, #3149, .F. ) ;
#4462 = DIRECTION ( 'NONE',  ( 8.673617379884035472E-16, -1.000000000000000000, 0.000000000000000000 ) ) ;
#4463 = EDGE_CURVE ( 'NONE', #4248, #573, #2319, .T. ) ;
#4464 = EDGE_CURVE ( 'NONE', #637, #3288, #1563, .T. ) ;
#4465 = CARTESIAN_POINT ( 'NONE',  ( -3.100000000000000089, 2.825000000000000178, -3.199999999999998401 ) ) ;
#4466 = EDGE_LOOP ( 'NONE', ( #1763, #3050, #4731, #4444 ) ) ;
#4467 = CARTESIAN_POINT ( 'NONE',  ( 0.8929186592610665052, 2.825000000000000178, -0.005909177136580415213 ) ) ;
#4468 = VERTEX_POINT ( 'NONE', #2293 ) ;
#4469 = CARTESIAN_POINT ( 'NONE',  ( -0.1072968156915620336, 2.824999999999998401, -1.002813578924636628 ) ) ;
#4470 = CARTESIAN_POINT ( 'NONE',  ( -0.5769881953914187678, 2.775000000000001688, -0.9760787700601936123 ) ) ;
#4471 = ORIENTED_EDGE ( 'NONE', *, *, #3396, .F. ) ;
#4472 = CIRCLE ( 'NONE', #1121, 0.04999999999999969746 ) ;
#4473 = CARTESIAN_POINT ( 'NONE',  ( 0.5844210811452387189, 2.825000000000000178, -0.9699535255631022146 ) ) ;
#4474 = CARTESIAN_POINT ( 'NONE',  ( 1.102379845726646046, 2.825000000000000178, -0.5149588970139289401 ) ) ;
#4475 = MECHANICAL_DESIGN_GEOMETRIC_PRESENTATION_REPRESENTATION (  '', ( #969 ), #1601 ) ;
#4476 = CARTESIAN_POINT ( 'NONE',  ( 0.05094080682055936171, 2.825000000000000178, -1.024879913850619495 ) ) ;
#4477 = CARTESIAN_POINT ( 'NONE',  ( 0.7714902871397377737, 2.774999999999999467, -0.07737958572637536336 ) ) ;
#4478 = DIRECTION ( 'NONE',  ( 1.000000000000000000, -0.000000000000000000, 0.000000000000000000 ) ) ;
#4479 = CARTESIAN_POINT ( 'NONE',  ( 0.9749599358974369023, 2.825000000000000178, -0.2485977564102548887 ) ) ;
#4480 = DIRECTION ( 'NONE',  ( 0.000000000000000000, 1.000000000000000000, 0.000000000000000000 ) ) ;
#4481 = EDGE_CURVE ( 'NONE', #3190, #1762, #1845, .T. ) ;
#4482 =( LENGTH_UNIT ( ) NAMED_UNIT ( * ) SI_UNIT ( .MILLI., .METRE. ) );
#4483 = CARTESIAN_POINT ( 'NONE',  ( 1.085152246695129108, 2.824999999999996625, -0.7055041209753445397 ) ) ;
#4484 = MECHANICAL_DESIGN_GEOMETRIC_PRESENTATION_REPRESENTATION (  '', ( #3487 ), #1987 ) ;
#4485 = CARTESIAN_POINT ( 'NONE',  ( -0.2113022456280595207, 2.825000000000000622, -0.9321730855556883411 ) ) ;
#4486 = ORIENTED_EDGE ( 'NONE', *, *, #2957, .T. ) ;
#4487 = CARTESIAN_POINT ( 'NONE',  ( -0.4491998472757522953, 2.825000000000000622, -0.7144368676959153008 ) ) ;
#4488 = SURFACE_STYLE_USAGE ( .BOTH. , #3737 ) ;
#4489 = CARTESIAN_POINT ( 'NONE',  ( -0.4491998472757522953, 2.775000000000000355, -0.7144368676959153008 ) ) ;
#4490 = DIRECTION ( 'NONE',  ( 2.891205793294678326E-16, 1.000000000000000000, 0.000000000000000000 ) ) ;
#4491 = VERTEX_POINT ( 'NONE', #1481 ) ;
#4492 = EDGE_CURVE ( 'NONE', #2767, #3474, #3346, .T. ) ;
#4493 = CARTESIAN_POINT ( 'NONE',  ( -0.03190407373322010076, 2.825000000000000178, -0.9196649512025438788 ) ) ;
#4494 = ORIENTED_EDGE ( 'NONE', *, *, #957, .F. ) ;
#4495 = CARTESIAN_POINT ( 'NONE',  ( 0.6243236898695023740, 2.824999999999999734, -0.9943770142167318582 ) ) ;
#4496 = CARTESIAN_POINT ( 'NONE',  ( 0.5200487985727331175, 2.824999999999997957, -0.3552726086110721271 ) ) ;
#4497 = EDGE_CURVE ( 'NONE', #2149, #2798, #2990, .T. ) ;
#4498 = ORIENTED_EDGE ( 'NONE', *, *, #3791, .F. ) ;
#4499 = FACE_OUTER_BOUND ( 'NONE', #4431, .T. ) ;
#4500 = CARTESIAN_POINT ( 'NONE',  ( 0.3200309219550162010, 2.825000000000000622, -0.7144368676959154119 ) ) ;
#4501 = SURFACE_STYLE_USAGE ( .BOTH. , #797 ) ;
#4502 = CARTESIAN_POINT ( 'NONE',  ( 1.102564102564103532, 2.825000000000000178, -0.4995993589743574770 ) ) ;
#4503 = CARTESIAN_POINT ( 'NONE',  ( -0.8812809316287976147, 2.775000000000000355, -0.8893012916925305822 ) ) ;
#4504 = SURFACE_STYLE_FILL_AREA ( #483 ) ;
#4505 = CARTESIAN_POINT ( 'NONE',  ( -0.7182899624102090375, 2.774999999999999911, -1.024879913850619717 ) ) ;
#4506 = CARTESIAN_POINT ( 'NONE',  ( -0.7181218491904293177, 2.774999999999999911, -0.4237188385010659530 ) ) ;
#4507 = ORIENTED_EDGE ( 'NONE', *, *, #308, .T. ) ;
#4508 = CIRCLE ( 'NONE', #2336, 0.05000000000000012768 ) ;
#4509 = CARTESIAN_POINT ( 'NONE',  ( -1.599999999999999867, 0.000000000000000000, -1.600000000000000089 ) ) ;
#4510 =( NAMED_UNIT ( * ) PLANE_ANGLE_UNIT ( ) SI_UNIT ( $, .RADIAN. ) );
#4511 = LINE ( 'NONE', #82, #397 ) ;
#4512 = DIRECTION ( 'NONE',  ( 1.000000000000000000, 0.000000000000000000, 0.000000000000000000 ) ) ;
#4513 = PRESENTATION_STYLE_ASSIGNMENT (( #545 ) ) ;
#4514 = ORIENTED_EDGE ( 'NONE', *, *, #3109, .T. ) ;
#4515 = EDGE_CURVE ( 'NONE', #2504, #4157, #1486, .T. ) ;
#4516 =( NAMED_UNIT ( * ) SI_UNIT ( $, .STERADIAN. ) SOLID_ANGLE_UNIT ( ) );
#4517 = CARTESIAN_POINT ( 'NONE',  ( 3.300000000000001599, 0.000000000000000000, 3.100000000000001421 ) ) ;
#4518 = VERTEX_POINT ( 'NONE', #1309 ) ;
#4519 = CARTESIAN_POINT ( 'NONE',  ( 0.4231701536359103732, 2.775000000000000355, -0.4837049774048616246 ) ) ;
#4520 = B_SPLINE_CURVE_WITH_KNOTS ( 'NONE', 3,
 ( #1112, #314, #1144, #2645, #3678, #337, #2564, #1795, #4381, #2940, #4407, #3320, #1067, #1844, #4787, #2988, #4049, #1506, #4455 ),
 .UNSPECIFIED., .F., .F.,
 ( 4, 1, 1, 1, 1, 1, 1, 1, 1, 1, 1, 1, 1, 1, 1, 1, 4 ),
 ( 0.000000000000000000, 0.06443867159524289956, 0.1265469112716776090, 0.1868871534365706133, 0.2458775355894551873, 0.3040408846912667218, 0.3621912180726606922, 0.4209759327916447469, 0.4806602832796660896, 0.5406002749537577312, 0.6006890983494534986, 0.6619357897571956917, 0.7244425059139825152, 0.7890383938817434606, 0.8563137570509942176, 0.9263520282058634869, 0.9999999999999998890 ),
 .UNSPECIFIED. ) ;
#4521 = VECTOR ( 'NONE', #1052, 1000.000000000000000 ) ;
#4522 = AXIS2_PLACEMENT_3D ( 'NONE', #4399, #2102, #255 ) ;
#4523 = ORIENTED_EDGE ( 'NONE', *, *, #2754, .F. ) ;
#4524 = CARTESIAN_POINT ( 'NONE',  ( 3.375000000000001776, -0.1749999999999989342, 1.500000000000000000 ) ) ;
#4525 = CARTESIAN_POINT ( 'NONE',  ( 0.1279620659136691541, 2.825000000000000178, -0.3796517501818753026 ) ) ;
#4526 = CARTESIAN_POINT ( 'NONE',  ( 0.9919851232965695154, 2.774999999999999023, -0.3037415152074784963 ) ) ;
#4527 = ADVANCED_FACE ( 'NONE', ( #1242 ), #2067, .T. ) ;
#4528 = CARTESIAN_POINT ( 'NONE',  ( -1.076923076923076428, 2.774999999999999911, -0.6923076923076907363 ) ) ;
#4529 = DIRECTION ( 'NONE',  ( 2.891205793294679312E-16, -0.000000000000000000, -1.000000000000000000 ) ) ;
#4530 = PLANE ( 'NONE',  #616 ) ;
#4531 = CARTESIAN_POINT ( 'NONE',  ( 1.045218853619390043, 2.824999999999997513, -0.8280135706951003982 ) ) ;
#4532 = DIRECTION ( 'NONE',  ( -1.000000000000000000, 0.000000000000000000, 0.000000000000000000 ) ) ;
#4533 = VERTEX_POINT ( 'NONE', #3837 ) ;
#4534 =( NAMED_UNIT ( * ) SI_UNIT ( $, .STERADIAN. ) SOLID_ANGLE_UNIT ( ) );
#4535 = CARTESIAN_POINT ( 'NONE',  ( 0.2226032761644232416, 2.775000000000000355, -0.6560075750649614346 ) ) ;
#4536 = CARTESIAN_POINT ( 'NONE',  ( 0.4253779571050816388, 2.774999999999999467, -0.5921285058453618078 ) ) ;
#4537 = CARTESIAN_POINT ( 'NONE',  ( 0.9006199649087756054, 2.825000000000000622, -0.1310185498722285236 ) ) ;
#4538 = DIRECTION ( 'NONE',  ( 4.216341781888073566E-16, -1.000000000000000000, 0.000000000000000000 ) ) ;
#4539 = CARTESIAN_POINT ( 'NONE',  ( 0.01382211538461514296, 2.824999999999999734, -0.9230769230769216849 ) ) ;
#4540 = ORIENTED_EDGE ( 'NONE', *, *, #4416, .F. ) ;
#4541 = CARTESIAN_POINT ( 'NONE',  ( 0.01842948717948694748, 2.824999999999997957, -1.025641025641024218 ) ) ;
#4542 = CARTESIAN_POINT ( 'NONE',  ( 0.6382459298838599748, 2.774999999999999467, -0.8831464565782503051 ) ) ;
#4543 = EDGE_LOOP ( 'NONE', ( #4136, #3024, #4300, #4680 ) ) ;
#4544 = CARTESIAN_POINT ( 'NONE',  ( 0.5604195998280047109, 2.824999999999996625, -0.2096626008922249929 ) ) ;
#4545 = CARTESIAN_POINT ( 'NONE',  ( 1.057932747459269907, 2.774999999999999467, -0.1998469328449147819 ) ) ;
#4546 = VECTOR ( 'NONE', #2272, 1000.000000000000000 ) ;
#4547 = EDGE_LOOP ( 'NONE', ( #2062, #404, #94, #955, #489, #2869, #1923, #63, #1055, #2171, #53, #186, #277, #1753, #2753, #3722 ) ) ;
#4548 = COLOUR_RGB ( '',0.1098039215686274495, 0.1098039215686274495, 0.1098039215686274495 ) ;
#4549 = AXIS2_PLACEMENT_3D ( 'NONE', #520, #1998, #4587 ) ;
#4550 = CARTESIAN_POINT ( 'NONE',  ( -0.6868436725665272302, 2.824999999999999734, -1.020548191202840016 ) ) ;
#4551 = PRESENTATION_LAYER_ASSIGNMENT (  '', '', ( #3235 ) ) ;
#4552 = CARTESIAN_POINT ( 'NONE',  ( -0.8161437502369313091, 2.775000000000000355, -1.020402574789529782 ) ) ;
#4553 = FACE_OUTER_BOUND ( 'NONE', #2746, .T. ) ;
#4554 = DIRECTION ( 'NONE',  ( -0.6840139935696788465, 0.000000000000000000, 0.7294688866571756858 ) ) ;
#4555 = PRESENTATION_LAYER_ASSIGNMENT (  '', '', ( #969 ) ) ;
#4556 = B_SPLINE_CURVE_WITH_KNOTS ( 'NONE', 3,
 ( #809, #2328, #2305, #3820, #109, #1618, #3795, #1519, #1928, #3022, #4379, #2751, #1293, #203, #1660, #4224, #884, #4271, #3919 ),
 .UNSPECIFIED., .F., .F.,
 ( 4, 1, 1, 1, 1, 1, 1, 1, 1, 1, 1, 1, 1, 1, 1, 1, 4 ),
 ( 0.000000000000000000, 0.06947546024967035661, 0.1365167976177989462, 0.2007888236092608691, 0.2638296728558259807, 0.3257350229654198404, 0.3872906922152911657, 0.4495092187626025249, 0.5129678195454412393, 0.5762752154930611548, 0.6375801002639243098, 0.6979026059171019591, 0.7571720884269852458, 0.8165985284886554396, 0.8766531708928196887, 0.9372896424102401536, 1.000000000000000000 ),
 .UNSPECIFIED. ) ;
#4557 = ADVANCED_FACE ( 'NONE', ( #879 ), #3483, .T. ) ;
#4558 = CARTESIAN_POINT ( 'NONE',  ( 0.02131000076627187489, 2.825000000000000622, -0.9228783217033698083 ) ) ;
#4559 = CARTESIAN_POINT ( 'NONE',  ( -3.100000000000000089, 2.825000000000000178, -3.099999999999998757 ) ) ;
#4560 = AXIS2_PLACEMENT_3D ( 'NONE', #4804, #4043, #1450 ) ;
#4561 = VECTOR ( 'NONE', #647, 1000.000000000000000 ) ;
#4562 = ORIENTED_EDGE ( 'NONE', *, *, #128, .F. ) ;
#4563 = CARTESIAN_POINT ( 'NONE',  ( 0.4233526939787273236, 2.825000000000000178, -0.5467614652548478116 ) ) ;
#4564 = FILL_AREA_STYLE_COLOUR ( '', #4009 ) ;
#4565 = LINE ( 'NONE', #81, #2901 ) ;
#4566 = CARTESIAN_POINT ( 'NONE',  ( 0.8259386066623227718, 2.825000000000001066, -0.08709130006245340005 ) ) ;
#4567 = AXIS2_PLACEMENT_3D ( 'NONE', #285, #1163, #4190 ) ;
#4568 = DIRECTION ( 'NONE',  ( -1.000000000000000000, 0.000000000000000000, 1.398970545142586541E-16 ) ) ;
#4569 = VERTEX_POINT ( 'NONE', #2011 ) ;
#4570 = EDGE_CURVE ( 'NONE', #4396, #2334, #3520, .T. ) ;
#4571 = CARTESIAN_POINT ( 'NONE',  ( 3.300000000000001599, 2.825000000000000178, 3.100000000000001421 ) ) ;
#4572 = ORIENTED_EDGE ( 'NONE', *, *, #3583, .F. ) ;
#4573 = CARTESIAN_POINT ( 'NONE',  ( 0.4253919780518758409, 2.775000000000000799, -0.4076721250497887805 ) ) ;
#4574 = FACE_OUTER_BOUND ( 'NONE', #4205, .T. ) ;
#4575 = B_SPLINE_CURVE_WITH_KNOTS ( 'NONE', 3,
 ( #2934, #697, #4402, #4334, #260, #1742, #3243, #2512, #2131, #4713, #1063, #3627, #2561, #3007, #2607, #770, #2690, #3698, #4094 ),
 .UNSPECIFIED., .F., .F.,
 ( 4, 1, 1, 1, 1, 1, 1, 1, 1, 1, 1, 1, 1, 1, 1, 1, 4 ),
 ( 0.000000000000000000, 0.06443867159524288568, 0.1265469112716776090, 0.1868871534365704190, 0.2458775355894552983, 0.3040408846912666663, 0.3621912180726604702, 0.4209759327916445248, 0.4806602832796659230, 0.5406002749537577312, 0.6006890983494533875, 0.6619357897571956917, 0.7244425059139825152, 0.7890383938817434606, 0.8563137570509942176, 0.9263520282058632649, 0.9999999999999998890 ),
 .UNSPECIFIED. ) ;
#4576 = DIRECTION ( 'NONE',  ( -1.000000000000000000, -6.195440985631461234E-16, 0.000000000000000000 ) ) ;
#4577 = CARTESIAN_POINT ( 'NONE',  ( 0.1964759344803493346, 2.774999999999999467, -0.4560148599948500303 ) ) ;
#4578 = FILL_AREA_STYLE ('',( #3443 ) ) ;
#4579 = CARTESIAN_POINT ( 'NONE',  ( 0.5852262295126440250, 2.825000000000000622, -0.02924747907340788031 ) ) ;
#4580 = CYLINDRICAL_SURFACE ( 'NONE', #2888, 0.2000000000000000944 ) ;
#4581 = CARTESIAN_POINT ( 'NONE',  ( 0.1349322730347350952, 2.774999999999999911, -0.8896602575737417862 ) ) ;
#4582 = CARTESIAN_POINT ( 'NONE',  ( 0.3108310950157655017, 2.825000000000000622, -0.6461944431780065612 ) ) ;
#4583 = EDGE_CURVE ( 'NONE', #3684, #790, #2345, .T. ) ;
#4584 = ORIENTED_EDGE ( 'NONE', *, *, #547, .F. ) ;
#4585 = CARTESIAN_POINT ( 'NONE',  ( -0.9871794871794865589, 2.774999999999999911, -0.6923076923076907363 ) ) ;
#4586 = DIRECTION ( 'NONE',  ( 0.000000000000000000, 1.000000000000000000, -0.000000000000000000 ) ) ;
#4587 = DIRECTION ( 'NONE',  ( -1.000000000000000000, 0.000000000000000000, 0.000000000000000000 ) ) ;
#4588 = CARTESIAN_POINT ( 'NONE',  ( -0.4711374161826486495, 2.774999999999999911, -0.6067929976867492137 ) ) ;
#4589 = VECTOR ( 'NONE', #702, 1000.000000000000000 ) ;
#4590 = EDGE_CURVE ( 'NONE', #3846, #538, #4653, .T. ) ;
#4591 = CARTESIAN_POINT ( 'NONE',  ( 4.700000000000001954, 0.1499999999999999944, -1.599999999999998979 ) ) ;
#4592 = CARTESIAN_POINT ( 'NONE',  ( 0.006001877454236573782, 2.825000000000000622, -0.9228726281443698776 ) ) ;
#4593 = EDGE_LOOP ( 'NONE', ( #4042, #4117, #14, #2533 ) ) ;
#4594 = CARTESIAN_POINT ( 'NONE',  ( -0.9568848322716844157, 2.825000000000000622, -0.9542266772126410945 ) ) ;
#4595 = ORIENTED_EDGE ( 'NONE', *, *, #2405, .F. ) ;
#4596 = CARTESIAN_POINT ( 'NONE',  ( 0.5810424208159744586, 2.824999999999997513, -0.1748381595179664683 ) ) ;
#4597 =( GEOMETRIC_REPRESENTATION_CONTEXT ( 3 ) GLOBAL_UNCERTAINTY_ASSIGNED_CONTEXT ( ( #415 ) ) GLOBAL_UNIT_ASSIGNED_CONTEXT ( ( #2718, #2006, #4599 ) ) REPRESENTATION_CONTEXT ( 'NONE', 'WORKASPACE' ) );
#4598 = DIRECTION ( 'NONE',  ( -0.6840139935696788465, 0.000000000000000000, 0.7294688866571756858 ) ) ;
#4599 =( NAMED_UNIT ( * ) SI_UNIT ( $, .STERADIAN. ) SOLID_ANGLE_UNIT ( ) );
#4600 = CARTESIAN_POINT ( 'NONE',  ( -3.299999999999999822, 0.000000000000000000, 3.100000000000002309 ) ) ;
#4601 = VECTOR ( 'NONE', #1594, 1000.000000000000000 ) ;
#4602 = LINE ( 'NONE', #2795, #773 ) ;
#4603 = CARTESIAN_POINT ( 'NONE',  ( 0.2222958388037115651, 2.775000000000000355, -0.7793575988472850602 ) ) ;
#4604 = DIRECTION ( 'NONE',  ( -0.000000000000000000, -0.000000000000000000, -1.000000000000000000 ) ) ;
#4605 = ORIENTED_EDGE ( 'NONE', *, *, #1798, .F. ) ;
#4606 = PRESENTATION_STYLE_ASSIGNMENT (( #1635 ) ) ;
#4607 = CARTESIAN_POINT ( 'NONE',  ( 0.2295218042926009394, 2.824999999999996181, -0.6879296472581010180 ) ) ;
#4608 = CARTESIAN_POINT ( 'NONE',  ( 0.9134783955253211740, 2.775000000000000355, -0.01768456296167191660 ) ) ;
#4609 = CARTESIAN_POINT ( 'NONE',  ( 1.077499923725433240, 2.824999999999996181, -0.2607551852093097366 ) ) ;
#4610 = CARTESIAN_POINT ( 'NONE',  ( -0.4711374161826486495, 2.825000000000001066, -0.6067929976867492137 ) ) ;
#4611 = CARTESIAN_POINT ( 'NONE',  ( 0.6631724940778187527, 2.824999999999999289, -0.8988471344253704531 ) ) ;
#4612 = ORIENTED_EDGE ( 'NONE', *, *, #711, .T. ) ;
#4613 = EDGE_CURVE ( 'NONE', #3348, #3823, #3959, .T. ) ;
#4614 = EDGE_CURVE ( 'NONE', #806, #4103, #4761, .T. ) ;
#4615 =( NAMED_UNIT ( * ) PLANE_ANGLE_UNIT ( ) SI_UNIT ( $, .RADIAN. ) );
#4616 = CARTESIAN_POINT ( 'NONE',  ( -0.1294967021865766066, 2.774999999999999911, -0.8767917222203753802 ) ) ;
#4617 = CARTESIAN_POINT ( 'NONE',  ( 0.7604166666666676289, 2.825000000000000178, -0.9230769230769216849 ) ) ;
#4618 = CARTESIAN_POINT ( 'NONE',  ( 0.7574118589743599195, 2.825000000000000178, -1.025641025641024218 ) ) ;
#4619 = CARTESIAN_POINT ( 'NONE',  ( 0.6054676557778315704, 2.825000000000000178, -0.1450841605479225860 ) ) ;
#4620 = SURFACE_STYLE_USAGE ( .BOTH. , #1211 ) ;
#4621 = CARTESIAN_POINT ( 'NONE',  ( -0.4358974358974352925, 2.825000000000000178, -0.1025641025641009785 ) ) ;
#4622 = ORIENTED_EDGE ( 'NONE', *, *, #2821, .T. ) ;
#4623 = CARTESIAN_POINT ( 'NONE',  ( 0.5016974641273129754, 2.825000000000001066, -0.8795417539689036612 ) ) ;
#4624 = VECTOR ( 'NONE', #228, 1000.000000000000000 ) ;
#4625 = CARTESIAN_POINT ( 'NONE',  ( 0.4231701536359103732, 2.825000000000000622, -0.4837049774048616246 ) ) ;
#4626 = CARTESIAN_POINT ( 'NONE',  ( 0.2112568887243104487, 2.775000000000000355, -0.6249979495618054326 ) ) ;
#4627 = PRESENTATION_LAYER_ASSIGNMENT (  '', '', ( #4166 ) ) ;
#4628 = CARTESIAN_POINT ( 'NONE',  ( 0.07820778850785309322, 2.825000000000000178, -0.9150196830524810476 ) ) ;
#4629 = CARTESIAN_POINT ( 'NONE',  ( 0.2368002829517482644, 2.774999999999999467, -0.5060221396711119812 ) ) ;
#4630 = EDGE_CURVE ( 'NONE', #1554, #2313, #3271, .T. ) ;
#4631 = ORIENTED_EDGE ( 'NONE', *, *, #2175, .F. ) ;
#4632 = FILL_AREA_STYLE ('',( #2449 ) ) ;
#4633 =( GEOMETRIC_REPRESENTATION_CONTEXT ( 3 ) GLOBAL_UNCERTAINTY_ASSIGNED_CONTEXT ( ( #1869 ) ) GLOBAL_UNIT_ASSIGNED_CONTEXT ( ( #3856, #3497, #3037 ) ) REPRESENTATION_CONTEXT ( 'NONE', 'WORKASPACE' ) );
#4634 = CARTESIAN_POINT ( 'NONE',  ( 0.7339735621884266870, 2.774999999999999467, 0.02524504924210548701 ) ) ;
#4635 = CARTESIAN_POINT ( 'NONE',  ( 1.102564102564103532, 2.774999999999999911, -0.4995993589743574770 ) ) ;
#4636 = CARTESIAN_POINT ( 'NONE',  ( -0.5324304862790200099, 2.825000000000000622, -0.5060221396711119812 ) ) ;
#4637 = CARTESIAN_POINT ( 'NONE',  ( 3.375000000000000888, 1.525000000000001243, 1.500000000000000000 ) ) ;
#4638 = VERTEX_POINT ( 'NONE', #1767 ) ;
#4639 = PRESENTATION_LAYER_ASSIGNMENT (  '', '', ( #2794 ) ) ;
#4640 = CARTESIAN_POINT ( 'NONE',  ( -0.6342984961960331791, 2.774999999999999911, -0.8896602575737413421 ) ) ;
#4641 = LINE ( 'NONE', #210, #1828 ) ;
#4642 = ORIENTED_EDGE ( 'NONE', *, *, #2538, .T. ) ;
#4643 =( GEOMETRIC_REPRESENTATION_CONTEXT ( 3 ) GLOBAL_UNCERTAINTY_ASSIGNED_CONTEXT ( ( #4124 ) ) GLOBAL_UNIT_ASSIGNED_CONTEXT ( ( #3290, #1064, #2935 ) ) REPRESENTATION_CONTEXT ( 'NONE', 'WORKASPACE' ) );
#4644 = CARTESIAN_POINT ( 'NONE',  ( 0.7273710007563970459, 2.825000000000000622, -0.07857801301689076867 ) ) ;
#4645 = DIRECTION ( 'NONE',  ( -0.000000000000000000, 1.000000000000000000, -0.000000000000000000 ) ) ;
#4646 = CARTESIAN_POINT ( 'NONE',  ( -0.7275641025641019777, 2.774999999999999911, -0.4138621794871779613 ) ) ;
#4647 = ORIENTED_EDGE ( 'NONE', *, *, #3402, .T. ) ;
#4648 = DIRECTION ( 'NONE',  ( -7.228014483236690639E-16, 1.000000000000000000, 0.000000000000000000 ) ) ;
#4649 = ADVANCED_FACE ( 'NONE', ( #3289 ), #4309, .T. ) ;
#4650 = SURFACE_STYLE_USAGE ( .BOTH. , #3177 ) ;
#4651 = CARTESIAN_POINT ( 'NONE',  ( 0.09489772116265426938, 2.774999999999999911, -0.4702923089977004700 ) ) ;
#4652 = SURFACE_STYLE_USAGE ( .BOTH. , #3500 ) ;
#4653 = LINE ( 'NONE', #1219, #4279 ) ;
#4654 = DIRECTION ( 'NONE',  ( -1.000000000000000000, 0.000000000000000000, 0.000000000000000000 ) ) ;
#4655 = DIRECTION ( 'NONE',  ( -0.000000000000000000, -1.000000000000000000, -0.000000000000000000 ) ) ;
#4656 = FILL_AREA_STYLE ('',( #4312 ) ) ;
#4657 = DIRECTION ( 'NONE',  ( 0.000000000000000000, -1.000000000000000000, 0.000000000000000000 ) ) ;
#4658 = CARTESIAN_POINT ( 'NONE',  ( -3.225000000000000533, 1.325000000000000178, -1.500000000000000000 ) ) ;
#4659 = CARTESIAN_POINT ( 'NONE',  ( 1.046101115931490577, 2.824999999999998401, -0.1727178691692597134 ) ) ;
#4660 = CARTESIAN_POINT ( 'NONE',  ( -0.5159583855187366286, 2.774999999999999911, -0.5285439729531481445 ) ) ;
#4661 = DIRECTION ( 'NONE',  ( -0.000000000000000000, -0.000000000000000000, -1.000000000000000000 ) ) ;
#4662 = ORIENTED_EDGE ( 'NONE', *, *, #4463, .F. ) ;
#4663 = CIRCLE ( 'NONE', #696, 0.05000000000000012768 ) ;
#4664 = CARTESIAN_POINT ( 'NONE',  ( -3.475000000000000977, -0.07499999999999976130, 1.500000000000000000 ) ) ;
#4665 = CARTESIAN_POINT ( 'NONE',  ( -0.5384615384615378808, 2.774999999999999911, -0.7203525641025625426 ) ) ;
#4666 = DIRECTION ( 'NONE',  ( 0.000000000000000000, 0.000000000000000000, 1.000000000000000000 ) ) ;
#4667 = ORIENTED_EDGE ( 'NONE', *, *, #2957, .F. ) ;
#4668 = EDGE_CURVE ( 'NONE', #4208, #1648, #1400, .T. ) ;
#4669 = CARTESIAN_POINT ( 'NONE',  ( -0.9198914160819969821, 2.774999999999999911, -0.8574458321924794957 ) ) ;
#4670 = VERTEX_POINT ( 'NONE', #3203 ) ;
#4671 = CARTESIAN_POINT ( 'NONE',  ( 0.5657287930671113241, 2.825000000000000622, -0.9551402963102229027 ) ) ;
#4672 =( NAMED_UNIT ( * ) PLANE_ANGLE_UNIT ( ) SI_UNIT ( $, .RADIAN. ) );
#4673 = CARTESIAN_POINT ( 'NONE',  ( 0.2303517572942654079, 2.774999999999999467, -0.7095016578430348719 ) ) ;
#4674 =( LENGTH_UNIT ( ) NAMED_UNIT ( * ) SI_UNIT ( .MILLI., .METRE. ) );
#4675 = DIRECTION ( 'NONE',  ( -0.000000000000000000, 1.000000000000000000, -0.000000000000000000 ) ) ;
#4676 = EDGE_CURVE ( 'NONE', #1244, #4396, #3585, .T. ) ;
#4677 = LINE ( 'NONE', #1655, #1137 ) ;
#4678 = VECTOR ( 'NONE', #347, 1000.000000000000000 ) ;
#4679 = CARTESIAN_POINT ( 'NONE',  ( 0.4654411759927756798, 2.775000000000000799, -0.1940958912913772205 ) ) ;
#4680 = ORIENTED_EDGE ( 'NONE', *, *, #4676, .T. ) ;
#4681 = CARTESIAN_POINT ( 'NONE',  ( -0.6910229807229154586, 2.775000000000000355, -0.9150196830524812697 ) ) ;
#4682 = CARTESIAN_POINT ( 'NONE',  ( -3.300000000000002043, 1.636074467135545163, 1.600000000000000977 ) ) ;
#4683 = CARTESIAN_POINT ( 'NONE',  ( 1.875000000000001776, 0.02500000000000066058, -1.500000000000000000 ) ) ;
#4684 = FACE_OUTER_BOUND ( 'NONE', #622, .T. ) ;
#4685 = EDGE_CURVE ( 'NONE', #4230, #881, #2108, .T. ) ;
#4686 = CARTESIAN_POINT ( 'NONE',  ( -1.115384615384614975, 2.774999999999999911, 1.596070698149334083E-15 ) ) ;
#4687 = ORIENTED_EDGE ( 'NONE', *, *, #1733, .T. ) ;
#4688 = CARTESIAN_POINT ( 'NONE',  ( -0.9313688495656732291, 2.825000000000001066, -0.9732710323001174668 ) ) ;
#4689 = ORIENTED_EDGE ( 'NONE', *, *, #4178, .T. ) ;
#4690 = CARTESIAN_POINT ( 'NONE',  ( 0.5159765821064861147, 2.774999999999999467, -0.9010096940888878692 ) ) ;
#4691 = CARTESIAN_POINT ( 'NONE',  ( 0.2307692307692305322, 2.774999999999999911, -0.7203525641025626536 ) ) ;
#4692 = LINE ( 'NONE', #3268, #1831 ) ;
#4693 = LINE ( 'NONE', #4290, #3478 ) ;
#4694 = LINE ( 'NONE', #565, #2294 ) ;
#4695 = EDGE_CURVE ( 'NONE', #1633, #2621, #4378, .T. ) ;
#4696 = CARTESIAN_POINT ( 'NONE',  ( -3.225000000000000533, 1.275000000000000355, -1.500000000000000000 ) ) ;
#4697 = CARTESIAN_POINT ( 'NONE',  ( 0.9507099237231620981, 2.774999999999999467, -0.8051312947558653121 ) ) ;
#4698 = CARTESIAN_POINT ( 'NONE',  ( 0.4335287518695518094, 2.824999999999999734, -0.3256779226004349326 ) ) ;
#4699 = AXIS2_PLACEMENT_3D ( 'NONE', #2200, #3700, #2770 ) ;
#4700 = VECTOR ( 'NONE', #1440, 1000.000000000000000 ) ;
#4701 = ORIENTED_EDGE ( 'NONE', *, *, #3942, .T. ) ;
#4702 = DIRECTION ( 'NONE',  ( -0.000000000000000000, -1.000000000000000000, -0.000000000000000000 ) ) ;
#4703 = CARTESIAN_POINT ( 'NONE',  ( 0.1519592014876581798, 2.825000000000000178, -0.8773390903124935747 ) ) ;
#4704 = CARTESIAN_POINT ( 'NONE',  ( -0.5537764327264668163, 2.824999999999999289, -0.7977372043095231069 ) ) ;
#4705 = STYLED_ITEM ( 'NONE', ( #1658 ), #639 ) ;
#4706 = CARTESIAN_POINT ( 'NONE',  ( -1.115384615384614975, 2.825000000000000178, 1.596070698149334083E-15 ) ) ;
#4707 = ORIENTED_EDGE ( 'NONE', *, *, #3149, .T. ) ;
#4708 = PRESENTATION_LAYER_ASSIGNMENT (  '', '', ( #3707 ) ) ;
#4709 = DIRECTION ( 'NONE',  ( 0.000000000000000000, -1.000000000000000000, 0.000000000000000000 ) ) ;
#4710 = ORIENTED_EDGE ( 'NONE', *, *, #917, .F. ) ;
#4711 = CARTESIAN_POINT ( 'NONE',  ( 0.4648440800804598538, 2.825000000000000622, -0.8055003720672746503 ) ) ;
#4712 = CARTESIAN_POINT ( 'NONE',  ( 0.9274705170018658906, 2.774999999999999911, -0.8397882903237644525 ) ) ;
#4713 = CARTESIAN_POINT ( 'NONE',  ( -0.1458899945710031565, 2.774999999999999467, -0.8626087061277910584 ) ) ;
#4714 = DIRECTION ( 'NONE',  ( -0.000000000000000000, 1.000000000000000000, -0.000000000000000000 ) ) ;
#4715 = CARTESIAN_POINT ( 'NONE',  ( -3.200000000000001954, 2.825000000000000178, 3.100000000000002309 ) ) ;
#4716 = LINE ( 'NONE', #3250, #2655 ) ;
#4717 = EDGE_CURVE ( 'NONE', #1325, #4518, #219, .T. ) ;
#4718 = CARTESIAN_POINT ( 'NONE',  ( 0.7932220343658562545, 2.775000000000001243, -0.9213368273956581422 ) ) ;
#4719 = DIRECTION ( 'NONE',  ( 1.000000000000000000, 2.710505431213761085E-16, -0.000000000000000000 ) ) ;
#4720 = ORIENTED_EDGE ( 'NONE', *, *, #3527, .F. ) ;
#4721 = CARTESIAN_POINT ( 'NONE',  ( -0.6130502233680995561, 2.824999999999999734, -0.5414259252811634004 ) ) ;
#4722 = CARTESIAN_POINT ( 'NONE',  ( -0.1506606468512286523, 2.774999999999999911, -0.8574458321924797177 ) ) ;
#4723 = DIRECTION ( 'NONE',  ( -0.000000000000000000, -0.000000000000000000, -1.000000000000000000 ) ) ;
#4724 = EDGE_CURVE ( 'NONE', #4208, #637, #3299, .T. ) ;
#4725 = FACE_OUTER_BOUND ( 'NONE', #3220, .T. ) ;
#4726 = ORIENTED_EDGE ( 'NONE', *, *, #286, .T. ) ;
#4727 = CARTESIAN_POINT ( 'NONE',  ( 0.9883962072284862010, 2.825000000000000178, -0.08122877059401305277 ) ) ;
#4728 = ORIENTED_EDGE ( 'NONE', *, *, #4805, .T. ) ;
#4729 = DIRECTION ( 'NONE',  ( 0.000000000000000000, 1.000000000000000000, 0.000000000000000000 ) ) ;
#4730 = FACE_OUTER_BOUND ( 'NONE', #1136, .T. ) ;
#4731 = ORIENTED_EDGE ( 'NONE', *, *, #1297, .F. ) ;
#4732 = CARTESIAN_POINT ( 'NONE',  ( 0.6047381026606675203, 2.775000000000000355, -0.01644878723389832029 ) ) ;
#4733 = VECTOR ( 'NONE', #4333, 1000.000000000000000 ) ;
#4734 = SURFACE_STYLE_USAGE ( .BOTH. , #2511 ) ;
#4735 = B_SPLINE_CURVE_WITH_KNOTS ( 'NONE', 3,
 ( #4264, #3907, #2065, #4651, #1700, #1675, #963, #3584, #3201, #1719, #4626, #2418, #4238, #4673, #1331 ),
 .UNSPECIFIED., .F., .F.,
 ( 4, 1, 1, 1, 1, 1, 1, 1, 1, 1, 1, 1, 4 ),
 ( 0.000000000000000000, 0.1108026438013187398, 0.2128292023477702244, 0.3061013098231110119, 0.3906473211160102488, 0.4669244693608515795, 0.5344810392840303459, 0.5935869409656725493, 0.6445570045087177791, 0.7362004526293731699, 0.8250240256188642318, 0.9119855848297582224, 1.000000000000000000 ),
 .UNSPECIFIED. ) ;
#4736 = CARTESIAN_POINT ( 'NONE',  ( -0.3076923076923079869, 2.774999999999999911, -0.6923076923076908473 ) ) ;
#4737 = LINE ( 'NONE', #2154, #4252 ) ;
#4738 = CARTESIAN_POINT ( 'NONE',  ( 0.8275401729205681400, 2.824999999999996181, 0.01796744798163248807 ) ) ;
#4739 = SURFACE_STYLE_USAGE ( .BOTH. , #221 ) ;
#4740 = CARTESIAN_POINT ( 'NONE',  ( -0.5384615384615378808, 2.825000000000000178, -0.7203525641025625426 ) ) ;
#4741 = FACE_OUTER_BOUND ( 'NONE', #3710, .T. ) ;
#4742 = VECTOR ( 'NONE', #3173, 1000.000000000000000 ) ;
#4743 = DIRECTION ( 'NONE',  ( 1.000000000000000000, -0.000000000000000000, 2.891205793294679312E-16 ) ) ;
#4744 = CARTESIAN_POINT ( 'NONE',  ( 0.9143969315168467560, 2.825000000000001066, -0.8545410316257859851 ) ) ;
#4745 = CARTESIAN_POINT ( 'NONE',  ( 0.4233516023273723450, 2.824999999999999734, -0.4527707561715451634 ) ) ;
#4746 = ORIENTED_EDGE ( 'NONE', *, *, #204, .F. ) ;
#4747 = VECTOR ( 'NONE', #745, 1000.000000000000000 ) ;
#4748 = EDGE_CURVE ( 'NONE', #3090, #3849, #4575, .T. ) ;
#4749 = CARTESIAN_POINT ( 'NONE',  ( -0.5384615384615378808, 2.774999999999999911, -0.7203525641025625426 ) ) ;
#4750 = CARTESIAN_POINT ( 'NONE',  ( -0.4583996742150029391, 2.825000000000000622, -0.6461944431780063391 ) ) ;
#4751 = CARTESIAN_POINT ( 'NONE',  ( 1.012820512820513663, 2.825000000000000178, -0.4999999999999985012 ) ) ;
#4752 = CARTESIAN_POINT ( 'NONE',  ( -0.6712385608919564373, 2.824999999999998401, -0.9083981455678119543 ) ) ;
#4753 = ORIENTED_EDGE ( 'NONE', *, *, #3057, .T. ) ;
#4754 = PLANE ( 'NONE',  #1197 ) ;
#4755 = ORIENTED_EDGE ( 'NONE', *, *, #2032, .F. ) ;
#4756 = ADVANCED_FACE ( 'NONE', ( #4499 ), #1251, .T. ) ;
#4757 = FACE_OUTER_BOUND ( 'NONE', #516, .T. ) ;
#4758 = CARTESIAN_POINT ( 'NONE',  ( 0.5146512188056980852, 2.774999999999999911, -0.4230508558345834613 ) ) ;
#4759 = VERTEX_POINT ( 'NONE', #1107 ) ;
#4760 = CARTESIAN_POINT ( 'NONE',  ( 3.200000000000000178, 2.825000000000000178, -3.099999999999998757 ) ) ;
#4761 = LINE ( 'NONE', #1425, #3051 ) ;
#4762 = CARTESIAN_POINT ( 'NONE',  ( 0.7493564974990087890, 2.774999999999999911, -0.9224965097491351074 ) ) ;
#4763 = CARTESIAN_POINT ( 'NONE',  ( -0.9797016046777040632, 2.824999999999999734, -0.7437255589688551716 ) ) ;
#4764 = DIRECTION ( 'NONE',  ( -0.000000000000000000, -0.000000000000000000, -1.000000000000000000 ) ) ;
#4765 = CARTESIAN_POINT ( 'NONE',  ( 0.9702578660136663702, 2.774999999999999467, -0.9380683257227572236 ) ) ;
#4766 = ADVANCED_FACE ( 'NONE', ( #1862 ), #3059, .F. ) ;
#4767 = CARTESIAN_POINT ( 'NONE',  ( -0.6307169391869059671, 2.824999999999998845, -0.5195311916253009255 ) ) ;
#4768 = ORIENTED_EDGE ( 'NONE', *, *, #2032, .T. ) ;
#4769 = APPLICATION_CONTEXT ( 'automotive_design' ) ;
#4770 = CARTESIAN_POINT ( 'NONE',  ( 0.9521298765930668040, 2.774999999999999911, -0.9548576596665691030 ) ) ;
#4771 = LINE ( 'NONE', #4343, #4700 ) ;
#4772 = AXIS2_PLACEMENT_3D ( 'NONE', #2093, #1636, #905 ) ;
#4773 = DIRECTION ( 'NONE',  ( 0.000000000000000000, 0.000000000000000000, -1.000000000000000000 ) ) ;
#4774 = CARTESIAN_POINT ( 'NONE',  ( -0.7479207684644965104, 2.774999999999999911, -0.9228783217033696973 ) ) ;
#4775 = VERTEX_POINT ( 'NONE', #3033 ) ;
#4776 = DIRECTION ( 'NONE',  ( 0.000000000000000000, 0.000000000000000000, 1.000000000000000000 ) ) ;
#4777 = B_SPLINE_CURVE_WITH_KNOTS ( 'NONE', 3,
 ( #470, #4489, #4130, #2243, #4588, #3425, #1196, #1150, #2728, #4106, #3069, #1572, #3046, #2706, #3117 ),
 .UNSPECIFIED., .F., .F.,
 ( 4, 1, 1, 1, 1, 1, 1, 1, 1, 1, 1, 1, 4 ),
 ( 0.000000000000000000, 0.09868359718800531755, 0.1956354369625601664, 0.2928171151783298676, 0.3917185922877373661, 0.4448284794206612824, 0.5043221969528338677, 0.5704332993909428939, 0.6426131106036513385, 0.7223398365756664719, 0.8079573173963708888, 0.9004882931788357192, 1.000000000000000000 ),
 .UNSPECIFIED. ) ;
#4778 = CARTESIAN_POINT ( 'NONE',  ( -0.3005791658935405009, 2.824999999999996181, -0.7616892090910587498 ) ) ;
#4779 = CARTESIAN_POINT ( 'NONE',  ( -0.4495994717357638115, 2.774999999999999467, -0.7577174950857636926 ) ) ;
#4780 = CARTESIAN_POINT ( 'NONE',  ( 3.150000000000000355, 2.825000000000000178, 1.599999999999999201 ) ) ;
#4781 = ORIENTED_EDGE ( 'NONE', *, *, #2966, .F. ) ;
#4782 = EDGE_CURVE ( 'NONE', #4347, #3323, #2492, .T. ) ;
#4783 = CARTESIAN_POINT ( 'NONE',  ( 0.3158234650126924281, 2.825000000000000178, -0.7864674410876395516 ) ) ;
#4784 = EDGE_CURVE ( 'NONE', #4759, #1886, #739, .T. ) ;
#4785 = CARTESIAN_POINT ( 'NONE',  ( 0.5432652116370386697, 2.825000000000000178, -0.7506679233198355616 ) ) ;
#4786 = CARTESIAN_POINT ( 'NONE',  ( -0.8431713231002113673, 2.774999999999999911, -0.9082013755499858121 ) ) ;
#4787 = CARTESIAN_POINT ( 'NONE',  ( -0.9734235616973895278, 2.825000000000000178, -0.7674306174969839356 ) ) ;
#4788 = CARTESIAN_POINT ( 'NONE',  ( -0.4358974358974352925, 2.774999999999999911, 1.596070698149334083E-15 ) ) ;
#4789 = UNCERTAINTY_MEASURE_WITH_UNIT (LENGTH_MEASURE( 1.000000000000000082E-05 ), #2471, 'distance_accuracy_value', 'NONE');
#4790 = CIRCLE ( 'NONE', #3327, 0.09999999999999982514 ) ;
#4791 = CARTESIAN_POINT ( 'NONE',  ( 0.9702578660136663702, 2.824999999999997069, -0.9380683257227572236 ) ) ;
#4792 = CARTESIAN_POINT ( 'NONE',  ( 3.200000000000000178, 2.725000000000000533, -3.099999999999998757 ) ) ;
#4793 = VERTEX_POINT ( 'NONE', #2811 ) ;
#4794 = CARTESIAN_POINT ( 'NONE',  ( 2.875000000000000888, 1.325000000000000844, 1.500000000000000000 ) ) ;
#4795 =( NAMED_UNIT ( * ) SI_UNIT ( $, .STERADIAN. ) SOLID_ANGLE_UNIT ( ) );
#4796 = CARTESIAN_POINT ( 'NONE',  ( -0.6910229807229154586, 2.775000000000000355, -0.9150196830524812697 ) ) ;
#4797 = ORIENTED_EDGE ( 'NONE', *, *, #1234, .F. ) ;
#4798 = CARTESIAN_POINT ( 'NONE',  ( 0.9528566718299222860, 2.824999999999999289, -0.04589497213267649395 ) ) ;
#4799 = B_SPLINE_SURFACE_WITH_KNOTS ( 'NONE', 3, 1, ( 
 ( #4665, #1274 ),
 ( #2831, #2780 ),
 ( #549, #1345 ),
 ( #4324, #4346 ),
 ( #981, #2501 ),
 ( #600, #4704 ),
 ( #3531, #4253 ),
 ( #1299, #2078 ),
 ( #913, #1368 ),
 ( #163, #184 ),
 ( #3166, #3576 ),
 ( #4640, #373 ),
 ( #2526, #2598 ),
 ( #663, #4752 ),
 ( #4796, #3686 ),
 ( #1802, #736 ),
 ( #3663, #4079 ),
 ( #4774, #3352 ),
 ( #3302, #3714 ) ),
 .UNSPECIFIED., .F., .F., .F.,
 ( 4, 1, 1, 1, 1, 1, 1, 1, 1, 1, 1, 1, 1, 1, 1, 1, 4 ),
 ( 2, 2 ),
 ( 0.000000000000000000, 0.06196540068706235527, 0.1221219056382955165, 0.1809884968498414737, 0.2399332164519025201, 0.2999058311065241345, 0.3599888474769871172, 0.4217757417416460042, 0.4865758264211264561, 0.5515348046197412479, 0.6150175427599797739, 0.6772586166616568759, 0.7397299623627132670, 0.8030501026629512928, 0.8664951320156980552, 0.9319734741771488196, 1.000000000000000000 ),
 ( 0.000000000000000000, 1.000000000000000000 ),
 .UNSPECIFIED. ) ;
#4800 = ORIENTED_EDGE ( 'NONE', *, *, #3656, .T. ) ;
#4801 = CARTESIAN_POINT ( 'NONE',  ( -0.1353252153959602910, 2.824999999999997513, -0.9893617955463952507 ) ) ;
#4802 = CARTESIAN_POINT ( 'NONE',  ( -0.4487179487179481230, 2.825000000000000622, -0.7283653846153830269 ) ) ;
#4803 = VERTEX_POINT ( 'NONE', #3807 ) ;
#4804 = CARTESIAN_POINT ( 'NONE',  ( -0.4358974358974352925, 2.774999999999999911, -0.1025641025641009785 ) ) ;
#4805 = EDGE_CURVE ( 'NONE', #3823, #1716, #4188, .T. ) ;
#4806 = CARTESIAN_POINT ( 'NONE',  ( 0.5128205128205136631, 2.825000000000001066, -0.4999999999999985012 ) ) ;
#4807 = FACE_OUTER_BOUND ( 'NONE', #1913, .T. ) ;
#4808 = CARTESIAN_POINT ( 'NONE',  ( 0.1727574579972938895, 2.825000000000001510, -0.4284449268011606415 ) ) ;
#4809 = VECTOR ( 'NONE', #4814, 1000.000000000000000 ) ;
#4810 = CARTESIAN_POINT ( 'NONE',  ( 0.6382459298838599748, 2.774999999999999467, -0.8831464565782503051 ) ) ;
#4811 = CARTESIAN_POINT ( 'NONE',  ( 0.1827485698126441738, 2.775000000000000355, -0.8482435178723403135 ) ) ;
#4812 = DIRECTION ( 'NONE',  ( -0.000000000000000000, -1.000000000000000000, 0.000000000000000000 ) ) ;
#4813 = EDGE_CURVE ( 'NONE', #1103, #226, #4257, .T. ) ;
#4814 = DIRECTION ( 'NONE',  ( -0.000000000000000000, 1.000000000000000000, -0.000000000000000000 ) ) ;
#4815 = CARTESIAN_POINT ( 'NONE',  ( -0.1876540630409157528, 2.824999999999999734, -0.9542266772126408725 ) ) ;
ENDSEC;
END-ISO-10303-21;
