ISO-10303-21;
HEADER;
FILE_DESCRIPTION (( 'STEP AP214' ),
    '1' );
FILE_NAME ('CSD18536KTT.STEP',
    '2023-04-05T03:28:01',
    ( '' ),
    ( '' ),
    'SwSTEP 2.0',
    'SolidWorks 2021',
    '' );
FILE_SCHEMA (( 'AUTOMOTIVE_DESIGN' ));
ENDSEC;

DATA;
#1 = AXIS2_PLACEMENT_3D ( 'NONE', #726, #2412, #1108 ) ;
#2 = EDGE_LOOP ( 'NONE', ( #1048, #1352, #1202, #1907, #804, #5, #2173, #363 ) ) ;
#3 = DIRECTION ( 'NONE',  ( -0.1305261922200526281, 0.9914448613738103822, 0.000000000000000000 ) ) ;
#4 = VECTOR ( 'NONE', #2393, 1000.000000000000114 ) ;
#5 = ORIENTED_EDGE ( 'NONE', *, *, #1728, .T. ) ;
#6 = CARTESIAN_POINT ( 'NONE',  ( 6.264999999999999680, 1.270000000000000018, 3.375000000000000444 ) ) ;
#7 = VECTOR ( 'NONE', #1154, 1000.000000000000114 ) ;
#8 = EDGE_LOOP ( 'NONE', ( #1766, #1101, #1832, #299 ) ) ;
#9 = DIRECTION ( 'NONE',  ( -0.1775237485613957167, -0.9841165168295419319, 0.000000000000000000 ) ) ;
#10 = LINE ( 'NONE', #750, #2125 ) ;
#11 = CARTESIAN_POINT ( 'NONE',  ( -4.635000000000000675, 3.180000000000000160, -0.6475000000000000755 ) ) ;
#12 = ORIENTED_EDGE ( 'NONE', *, *, #985, .F. ) ;
#13 = ADVANCED_FACE ( 'NONE', ( #412 ), #2268, .F. ) ;
#14 = LINE ( 'NONE', #1852, #1084 ) ;
#15 = VECTOR ( 'NONE', #1812, 1000.000000000000000 ) ;
#16 = ORIENTED_EDGE ( 'NONE', *, *, #1696, .T. ) ;
#17 = CARTESIAN_POINT ( 'NONE',  ( 6.264999999999997904, 1.270000000000000018, 5.080000000000000071 ) ) ;
#18 = STYLED_ITEM ( 'NONE', ( #1168 ), #1531 ) ;
#19 = CIRCLE ( 'NONE', #1814, 0.4313611460161461131 ) ;
#20 = ORIENTED_EDGE ( 'NONE', *, *, #333, .F. ) ;
#21 = FACE_OUTER_BOUND ( 'NONE', #1159, .T. ) ;
#22 = CARTESIAN_POINT ( 'NONE',  ( -5.059509628513009005, 2.825215701608376317, -2.122500000000000053 ) ) ;
#23 = CARTESIAN_POINT ( 'NONE',  ( -4.635000000000000675, 2.748638853983848218, 2.957500000000000018 ) ) ;
#24 = EDGE_CURVE ( 'NONE', #606, #1357, #580, .T. ) ;
#25 = VERTEX_POINT ( 'NONE', #233 ) ;
#26 = CARTESIAN_POINT ( 'NONE',  ( -5.538005399177347243, 0.3211313256863376764, 2.122500000000000053 ) ) ;
#27 = VECTOR ( 'NONE', #1115, 1000.000000000000000 ) ;
#28 = ORIENTED_EDGE ( 'NONE', *, *, #2373, .T. ) ;
#29 =( GEOMETRIC_REPRESENTATION_CONTEXT ( 3 ) GLOBAL_UNCERTAINTY_ASSIGNED_CONTEXT ( ( #1351 ) ) GLOBAL_UNIT_ASSIGNED_CONTEXT ( ( #1783, #864, #460 ) ) REPRESENTATION_CONTEXT ( 'NONE', 'WORKASPACE' ) );
#30 = DIRECTION ( 'NONE',  ( 1.000000000000000000, 0.000000000000000000, -3.339217470600206118E-16 ) ) ;
#31 = DIRECTION ( 'NONE',  ( -0.000000000000000000, -0.000000000000000000, -1.000000000000000000 ) ) ;
#32 = VECTOR ( 'NONE', #1820, 1000.000000000000000 ) ;
#33 = ORIENTED_EDGE ( 'NONE', *, *, #572, .F. ) ;
#34 = AXIS2_PLACEMENT_3D ( 'NONE', #663, #1413, #1660 ) ;
#35 = EDGE_LOOP ( 'NONE', ( #885, #866, #1945, #2129, #75, #1432, #558, #2287 ) ) ;
#36 = PLANE ( 'NONE',  #2357 ) ;
#37 = CIRCLE ( 'NONE', #1401, 0.4313611460161504430 ) ;
#38 = EDGE_CURVE ( 'NONE', #1989, #473, #252, .T. ) ;
#39 = ORIENTED_EDGE ( 'NONE', *, *, #2320, .T. ) ;
#40 = EDGE_CURVE ( 'NONE', #344, #1360, #1773, .T. ) ;
#41 = PLANE ( 'NONE',  #1572 ) ;
#42 = PLANE ( 'NONE',  #715 ) ;
#43 = ORIENTED_EDGE ( 'NONE', *, *, #548, .F. ) ;
#44 = LINE ( 'NONE', #422, #160 ) ;
#45 = CARTESIAN_POINT ( 'NONE',  ( 7.200326303877383260, 1.270000000000000018, -5.080000000000000071 ) ) ;
#46 = VERTEX_POINT ( 'NONE', #603 ) ;
#47 = PLANE ( 'NONE',  #1371 ) ;
#48 = DIRECTION ( 'NONE',  ( 2.404903436943050654E-16, 1.000000000000000000, -0.000000000000000000 ) ) ;
#49 = VERTEX_POINT ( 'NONE', #2102 ) ;
#50 =( GEOMETRIC_REPRESENTATION_CONTEXT ( 3 ) GLOBAL_UNCERTAINTY_ASSIGNED_CONTEXT ( ( #238 ) ) GLOBAL_UNIT_ASSIGNED_CONTEXT ( ( #1604, #1066, #668 ) ) REPRESENTATION_CONTEXT ( 'NONE', 'WORKASPACE' ) );
#51 =( NAMED_UNIT ( * ) PLANE_ANGLE_UNIT ( ) SI_UNIT ( $, .RADIAN. ) );
#52 = DIRECTION ( 'NONE',  ( -0.000000000000000000, -0.000000000000000000, -1.000000000000000000 ) ) ;
#53 = ADVANCED_FACE ( 'NONE', ( #803 ), #424, .F. ) ;
#54 = DIRECTION ( 'NONE',  ( -0.000000000000000000, -0.000000000000000000, -1.000000000000000000 ) ) ;
#55 = ORIENTED_EDGE ( 'NONE', *, *, #725, .T. ) ;
#56 = PLANE ( 'NONE',  #1359 ) ;
#57 = ORIENTED_EDGE ( 'NONE', *, *, #307, .T. ) ;
#58 = ORIENTED_EDGE ( 'NONE', *, *, #1225, .F. ) ;
#59 = LINE ( 'NONE', #416, #1755 ) ;
#60 = ORIENTED_EDGE ( 'NONE', *, *, #1968, .F. ) ;
#61 = DIRECTION ( 'NONE',  ( 0.1775237485614014621, 0.9841165168295409327, 0.000000000000000000 ) ) ;
#62 = DIRECTION ( 'NONE',  ( 1.000000000000000000, 0.000000000000000000, -0.000000000000000000 ) ) ;
#63 = ORIENTED_EDGE ( 'NONE', *, *, #64, .T. ) ;
#64 = EDGE_CURVE ( 'NONE', #126, #877, #995, .T. ) ;
#65 = CARTESIAN_POINT ( 'NONE',  ( 5.464999999999998082, 1.270000000000000018, -3.374999999999999556 ) ) ;
#66 = EDGE_CURVE ( 'NONE', #1030, #2420, #1261, .T. ) ;
#67 = ORIENTED_EDGE ( 'NONE', *, *, #1213, .T. ) ;
#68 = CARTESIAN_POINT ( 'NONE',  ( 0.2699999999999999067, 0.000000000000000000, 4.175000000000000711 ) ) ;
#69 = VECTOR ( 'NONE', #274, 1000.000000000000000 ) ;
#70 = EDGE_LOOP ( 'NONE', ( #1297, #2282, #2185, #919 ) ) ;
#71 = ADVANCED_FACE ( 'NONE', ( #568 ), #2079, .F. ) ;
#72 = SURFACE_STYLE_USAGE ( .BOTH. , #1749 ) ;
#73 = FACE_OUTER_BOUND ( 'NONE', #958, .T. ) ;
#74 = PLANE ( 'NONE',  #756 ) ;
#75 = ORIENTED_EDGE ( 'NONE', *, *, #505, .F. ) ;
#76 = AXIS2_PLACEMENT_3D ( 'NONE', #550, #2050, #348 ) ;
#77 = CARTESIAN_POINT ( 'NONE',  ( -5.536166538587405483, 0.2948343940969749832, -2.122500000000000053 ) ) ;
#78 = DIRECTION ( 'NONE',  ( 0.000000000000000000, -0.000000000000000000, 1.000000000000000000 ) ) ;
#79 = EDGE_CURVE ( 'NONE', #2245, #282, #1183, .T. ) ;
#80 = ORIENTED_EDGE ( 'NONE', *, *, #2071, .T. ) ;
#81 = DIRECTION ( 'NONE',  ( -1.000000000000000000, 0.000000000000000000, 0.000000000000000000 ) ) ;
#82 = EDGE_LOOP ( 'NONE', ( #2408, #28, #723, #1756 ) ) ;
#83 = DIRECTION ( 'NONE',  ( 1.000000000000000000, 0.000000000000000000, -0.000000000000000000 ) ) ;
#84 = ORIENTED_EDGE ( 'NONE', *, *, #1770, .F. ) ;
#85 = VECTOR ( 'NONE', #2285, 1000.000000000000000 ) ;
#86 = VECTOR ( 'NONE', #1931, 1000.000000000000000 ) ;
#87 = DIRECTION ( 'NONE',  ( -0.9841165168295412657, 0.1775237485613996302, 0.000000000000000000 ) ) ;
#88 = CLOSED_SHELL ( 'NONE', ( #1761, #1804, #2241, #991, #2215, #152 ) ) ;
#89 = ORIENTED_EDGE ( 'NONE', *, *, #1728, .F. ) ;
#90 = CARTESIAN_POINT ( 'NONE',  ( 4.813431933275228225, 4.599999999999998757, 3.673940397442060361E-16 ) ) ;
#91 = PLANE ( 'NONE',  #1703 ) ;
#92 = EDGE_CURVE ( 'NONE', #1456, #1280, #301, .T. ) ;
#93 = DIRECTION ( 'NONE',  ( -1.000000000000000000, 0.000000000000000000, 0.000000000000000000 ) ) ;
#94 = ORIENTED_EDGE ( 'NONE', *, *, #2149, .T. ) ;
#95 = DIRECTION ( 'NONE',  ( -1.000000000000000000, 0.000000000000000000, 0.000000000000000000 ) ) ;
#96 = EDGE_CURVE ( 'NONE', #732, #49, #1425, .T. ) ;
#97 = DIRECTION ( 'NONE',  ( -0.000000000000000000, -1.000000000000000000, -0.000000000000000000 ) ) ;
#98 = FACE_OUTER_BOUND ( 'NONE', #1094, .T. ) ;
#99 = ORIENTED_EDGE ( 'NONE', *, *, #1956, .F. ) ;
#100 = VECTOR ( 'NONE', #1398, 1000.000000000000000 ) ;
#101 = DIRECTION ( 'NONE',  ( -1.000000000000000000, 0.000000000000000000, 0.000000000000000000 ) ) ;
#102 = DIRECTION ( 'NONE',  ( 1.000000000000000000, 0.000000000000000000, -1.084202172485504040E-15 ) ) ;
#103 = CARTESIAN_POINT ( 'NONE',  ( -2.885000000000000231, 3.180000000000000160, -5.080000000000000071 ) ) ;
#104 = FACE_OUTER_BOUND ( 'NONE', #2156, .T. ) ;
#105 = VECTOR ( 'NONE', #2034, 1000.000000000000000 ) ;
#106 = ORIENTED_EDGE ( 'NONE', *, *, #1557, .F. ) ;
#107 = CARTESIAN_POINT ( 'NONE',  ( -4.635000000000000675, 3.180000000000000160, 0.6474999999999998535 ) ) ;
#108 = VECTOR ( 'NONE', #950, 1000.000000000000000 ) ;
#109 = ORIENTED_EDGE ( 'NONE', *, *, #2036, .T. ) ;
#110 = CARTESIAN_POINT ( 'NONE',  ( -5.285786294246656247, 1.570833648918777081, -3.187500000000000444 ) ) ;
#111 = VECTOR ( 'NONE', #288, 1000.000000000000114 ) ;
#112 = FACE_OUTER_BOUND ( 'NONE', #1588, .T. ) ;
#113 = ORIENTED_EDGE ( 'NONE', *, *, #648, .T. ) ;
#114 = EDGE_CURVE ( 'NONE', #336, #190, #1400, .T. ) ;
#115 = VECTOR ( 'NONE', #1695, 1000.000000000000114 ) ;
#116 = CARTESIAN_POINT ( 'NONE',  ( -5.059509628513002788, 2.825215701608374985, 2.957500000000000018 ) ) ;
#117 = CARTESIAN_POINT ( 'NONE',  ( -2.885000000000000231, 3.180000000000000160, -5.080000000000000071 ) ) ;
#118 = VERTEX_POINT ( 'NONE', #1208 ) ;
#119 = DIRECTION ( 'NONE',  ( -0.000000000000000000, -0.000000000000000000, -1.000000000000000000 ) ) ;
#120 = CARTESIAN_POINT ( 'NONE',  ( 6.264999999999999680, 0.000000000000000000, 5.080000000000000071 ) ) ;
#121 = EDGE_CURVE ( 'NONE', #1118, #2143, #1753, .T. ) ;
#122 = CARTESIAN_POINT ( 'NONE',  ( 2.813431933275228669, 4.599999999999998757, 2.449293598294707893E-16 ) ) ;
#123 = VERTEX_POINT ( 'NONE', #1232 ) ;
#124 = DIRECTION ( 'NONE',  ( -0.000000000000000000, -0.000000000000000000, -1.000000000000000000 ) ) ;
#125 = DIRECTION ( 'NONE',  ( -1.000000000000000000, 0.000000000000000000, 0.000000000000000000 ) ) ;
#126 = VERTEX_POINT ( 'NONE', #2163 ) ;
#127 = AXIS2_PLACEMENT_3D ( 'NONE', #1554, #1913, #235 ) ;
#128 = ADVANCED_FACE ( 'NONE', ( #811 ), #862, .F. ) ;
#129 = CARTESIAN_POINT ( 'NONE',  ( 6.264999999999998792, 1.270000000000000018, -3.375000000000000444 ) ) ;
#130 = DIRECTION ( 'NONE',  ( 0.000000000000000000, 1.000000000000000000, 0.000000000000000000 ) ) ;
#131 = VECTOR ( 'NONE', #452, 1000.000000000000000 ) ;
#132 = CARTESIAN_POINT ( 'NONE',  ( -4.635000000000000675, 2.774999999999991918, -3.187500000000000444 ) ) ;
#133 = AXIS2_PLACEMENT_3D ( 'NONE', #646, #622, #83 ) ;
#134 = ORIENTED_EDGE ( 'NONE', *, *, #324, .T. ) ;
#135 = FACE_OUTER_BOUND ( 'NONE', #1543, .T. ) ;
#136 = LINE ( 'NONE', #1797, #15 ) ;
#137 = ADVANCED_FACE ( 'NONE', ( #1584 ), #2137, .F. ) ;
#138 = ORIENTED_EDGE ( 'NONE', *, *, #1475, .F. ) ;
#139 = CARTESIAN_POINT ( 'NONE',  ( 5.464999999999998970, 0.000000000000000000, 4.175000000000000711 ) ) ;
#140 = CARTESIAN_POINT ( 'NONE',  ( 6.264999999999999680, 1.270000000000000018, 3.375000000000000444 ) ) ;
#141 = DIRECTION ( 'NONE',  ( -0.9975640502598243087, -0.06975647374412474733, 0.000000000000000000 ) ) ;
#142 = VERTEX_POINT ( 'NONE', #117 ) ;
#143 = AXIS2_PLACEMENT_3D ( 'NONE', #662, #2203, #1412 ) ;
#144 = LINE ( 'NONE', #129, #2379 ) ;
#145 = CARTESIAN_POINT ( 'NONE',  ( -2.831680738477104775, 2.774999999999999467, -2.122500000000000053 ) ) ;
#146 = DIRECTION ( 'NONE',  ( -0.000000000000000000, -0.000000000000000000, -1.000000000000000000 ) ) ;
#147 = EDGE_CURVE ( 'NONE', #118, #1003, #1780, .T. ) ;
#148 = ORIENTED_EDGE ( 'NONE', *, *, #1765, .T. ) ;
#149 = CARTESIAN_POINT ( 'NONE',  ( 7.549999999999999822, 1.270000000000000018, 3.775000000000000355 ) ) ;
#150 = CARTESIAN_POINT ( 'NONE',  ( -2.831680738477104775, 2.774999999999999467, 0.6474999999999998535 ) ) ;
#151 = PRESENTATION_LAYER_ASSIGNMENT (  '', '', ( #1189 ) ) ;
#152 = ADVANCED_FACE ( 'NONE', ( #104 ), #1042, .F. ) ;
#153 = EDGE_LOOP ( 'NONE', ( #226, #1223, #2236, #2153 ) ) ;
#154 = FACE_OUTER_BOUND ( 'NONE', #2117, .T. ) ;
#155 = CIRCLE ( 'NONE', #2028, 0.02636114601614787667 ) ;
#156 = CARTESIAN_POINT ( 'NONE',  ( -2.885000000000000231, 3.180000000000000160, 2.957500000000000018 ) ) ;
#157 = EDGE_LOOP ( 'NONE', ( #229, #1741, #1687, #1185 ) ) ;
#158 = DIRECTION ( 'NONE',  ( -0.000000000000000000, -0.000000000000000000, -1.000000000000000000 ) ) ;
#159 = DIRECTION ( 'NONE',  ( -1.000000000000000000, -1.020627281641181728E-16, 0.000000000000000000 ) ) ;
#160 = VECTOR ( 'NONE', #934, 1000.000000000000000 ) ;
#161 = LINE ( 'NONE', #714, #310 ) ;
#162 = EDGE_LOOP ( 'NONE', ( #329, #138, #302, #2296 ) ) ;
#163 = CYLINDRICAL_SURFACE ( 'NONE', #1477, 0.4313611460161461131 ) ;
#164 = DIRECTION ( 'NONE',  ( -0.000000000000000000, -0.000000000000000000, -1.000000000000000000 ) ) ;
#165 = ADVANCED_FACE ( 'NONE', ( #2321 ), #1598, .F. ) ;
#166 = ORIENTED_EDGE ( 'NONE', *, *, #2253, .T. ) ;
#167 = CARTESIAN_POINT ( 'NONE',  ( -4.660942439197039988, 2.753318583441008105, 3.187500000000000444 ) ) ;
#168 = PRODUCT_DEFINITION_SHAPE ( 'NONE', 'NONE',  #1889 ) ;
#169 = ORIENTED_EDGE ( 'NONE', *, *, #394, .T. ) ;
#170 = CARTESIAN_POINT ( 'NONE',  ( 7.200326303877383260, 1.270000000000000018, -5.080000000000000071 ) ) ;
#171 = CARTESIAN_POINT ( 'NONE',  ( -7.521748628133628323, -0.2500000000000001110, 2.122500000000000053 ) ) ;
#172 = CARTESIAN_POINT ( 'NONE',  ( -5.285786294246656247, 1.570833648918777081, -1.892500000000000293 ) ) ;
#173 = CARTESIAN_POINT ( 'NONE',  ( -5.059509628513014334, 2.825215701608377206, -3.187500000000000444 ) ) ;
#174 = VERTEX_POINT ( 'NONE', #2152 ) ;
#175 = CARTESIAN_POINT ( 'NONE',  ( -4.635000000000000675, -0.2500000000000002220, -0.6475000000000000755 ) ) ;
#176 = LINE ( 'NONE', #2390, #994 ) ;
#177 = CARTESIAN_POINT ( 'NONE',  ( 0.2699999999999981859, 0.000000000000000000, -4.174999999999998934 ) ) ;
#178 = VECTOR ( 'NONE', #52, 1000.000000000000000 ) ;
#179 = ORIENTED_EDGE ( 'NONE', *, *, #64, .F. ) ;
#180 = CARTESIAN_POINT ( 'NONE',  ( 5.464999999999998082, 0.000000000000000000, -3.374999999999999556 ) ) ;
#181 = EDGE_CURVE ( 'NONE', #526, #1867, #2335, .T. ) ;
#182 = CARTESIAN_POINT ( 'NONE',  ( 6.264999999999999680, 1.270000000000000018, 3.375000000000000444 ) ) ;
#183 = ORIENTED_EDGE ( 'NONE', *, *, #858, .T. ) ;
#184 = ADVANCED_FACE ( 'NONE', ( #2175 ), #483, .F. ) ;
#185 = LINE ( 'NONE', #376, #1592 ) ;
#186 = CARTESIAN_POINT ( 'NONE',  ( 5.464999999999998970, 0.000000000000000000, 3.375000000000000444 ) ) ;
#187 = DIRECTION ( 'NONE',  ( 0.06975647374412585755, -0.9975640502598243087, 0.000000000000000000 ) ) ;
#188 = VERTEX_POINT ( 'NONE', #651 ) ;
#189 = CARTESIAN_POINT ( 'NONE',  ( -7.549999999999999822, 0.1540134403552290421, -2.957500000000000018 ) ) ;
#190 = VERTEX_POINT ( 'NONE', #1006 ) ;
#191 = FACE_OUTER_BOUND ( 'NONE', #632, .T. ) ;
#192 = ORIENTED_EDGE ( 'NONE', *, *, #2313, .T. ) ;
#193 = CARTESIAN_POINT ( 'NONE',  ( -4.861276665733649693, 1.494256801294249648, 2.122500000000000053 ) ) ;
#194 = PLANE ( 'NONE',  #727 ) ;
#195 = EDGE_CURVE ( 'NONE', #1523, #242, #824, .T. ) ;
#196 = EDGE_CURVE ( 'NONE', #795, #1118, #1384, .T. ) ;
#197 = LINE ( 'NONE', #751, #428 ) ;
#198 = VECTOR ( 'NONE', #2227, 1000.000000000000000 ) ;
#199 = ORIENTED_EDGE ( 'NONE', *, *, #2259, .T. ) ;
#200 = VERTEX_POINT ( 'NONE', #2348 ) ;
#201 = CARTESIAN_POINT ( 'NONE',  ( -5.113495770664339801, 0.2445544780617996961, 2.957500000000000018 ) ) ;
#202 = AXIS2_PLACEMENT_3D ( 'NONE', #1131, #1111, #1281 ) ;
#203 = CARTESIAN_POINT ( 'NONE',  ( 5.464999999999998082, 1.270000000000000018, -4.175000000000000711 ) ) ;
#204 = ORIENTED_EDGE ( 'NONE', *, *, #2002, .T. ) ;
#205 = CYLINDRICAL_SURFACE ( 'NONE', #1789, 0.9999999999999995559 ) ;
#206 = PLANE ( 'NONE',  #569 ) ;
#207 = CARTESIAN_POINT ( 'NONE',  ( -4.635000000000000675, 2.774999999999989253, -0.6475000000000000755 ) ) ;
#208 = EDGE_CURVE ( 'NONE', #716, #1819, #1091, .T. ) ;
#209 = CARTESIAN_POINT ( 'NONE',  ( -5.538005399177347243, 0.3211313256863376764, 2.957500000000000018 ) ) ;
#210 = LINE ( 'NONE', #1866, #1712 ) ;
#211 = VERTEX_POINT ( 'NONE', #355 ) ;
#212 = DIRECTION ( 'NONE',  ( 0.2588190451025208505, 0.000000000000000000, -0.9659258262890683122 ) ) ;
#213 = COLOUR_RGB ( '',0.7921568627450980005, 0.8196078431372548767, 0.9333333333333333481 ) ;
#214 = CIRCLE ( 'NONE', #1657, 0.4313611460161504430 ) ;
#215 = PLANE ( 'NONE',  #441 ) ;
#216 = ORIENTED_EDGE ( 'NONE', *, *, #349, .T. ) ;
#217 = CARTESIAN_POINT ( 'NONE',  ( 0.2699999999999981859, 1.270000000000000018, -4.174999999999998934 ) ) ;
#218 = AXIS2_PLACEMENT_3D ( 'NONE', #755, #1697, #1506 ) ;
#219 = DIRECTION ( 'NONE',  ( -0.1775237485614014621, -0.9841165168295409327, 0.000000000000000000 ) ) ;
#220 = DIRECTION ( 'NONE',  ( -0.000000000000000000, -0.000000000000000000, -1.000000000000000000 ) ) ;
#221 = EDGE_CURVE ( 'NONE', #593, #1406, #2005, .T. ) ;
#222 = DIRECTION ( 'NONE',  ( -1.000000000000000000, 0.000000000000000000, 0.000000000000000000 ) ) ;
#223 = EDGE_CURVE ( 'NONE', #2416, #2365, #1442, .T. ) ;
#224 = VERTEX_POINT ( 'NONE', #700 ) ;
#225 = DIRECTION ( 'NONE',  ( 0.000000000000000000, 0.000000000000000000, 1.000000000000000000 ) ) ;
#226 = ORIENTED_EDGE ( 'NONE', *, *, #1495, .F. ) ;
#227 = LINE ( 'NONE', #979, #1373 ) ;
#228 = DIRECTION ( 'NONE',  ( -0.000000000000000000, -0.000000000000000000, -1.000000000000000000 ) ) ;
#229 = ORIENTED_EDGE ( 'NONE', *, *, #812, .F. ) ;
#230 = LINE ( 'NONE', #1709, #1794 ) ;
#231 = ADVANCED_FACE ( 'NONE', ( #2399 ), #888, .F. ) ;
#232 = AXIS2_PLACEMENT_3D ( 'NONE', #170, #1702, #698 ) ;
#233 = CARTESIAN_POINT ( 'NONE',  ( 2.813431933275228669, 4.699999999999999289, 2.449293598294707893E-16 ) ) ;
#234 = VERTEX_POINT ( 'NONE', #544 ) ;
#235 = DIRECTION ( 'NONE',  ( -1.526149685610094588E-15, 0.000000000000000000, -1.000000000000000000 ) ) ;
#236 = VECTOR ( 'NONE', #1345, 1000.000000000000000 ) ;
#237 = ADVANCED_FACE ( 'NONE', ( #1809 ), #1478, .F. ) ;
#238 = UNCERTAINTY_MEASURE_WITH_UNIT (LENGTH_MEASURE( 1.000000000000000082E-05 ), #1604, 'distance_accuracy_value', 'NONE');
#239 = ORIENTED_EDGE ( 'NONE', *, *, #890, .F. ) ;
#240 = FACE_OUTER_BOUND ( 'NONE', #1735, .T. ) ;
#241 = CARTESIAN_POINT ( 'NONE',  ( -5.507915166721035760, -0.1091790462582526433, 2.122500000000000053 ) ) ;
#242 = VERTEX_POINT ( 'NONE', #686 ) ;
#243 = LINE ( 'NONE', #982, #1486 ) ;
#244 = DIRECTION ( 'NONE',  ( 0.000000000000000000, 0.000000000000000000, 1.000000000000000000 ) ) ;
#245 = ORIENTED_EDGE ( 'NONE', *, *, #1366, .F. ) ;
#246 = LINE ( 'NONE', #605, #1498 ) ;
#247 = ORIENTED_EDGE ( 'NONE', *, *, #931, .T. ) ;
#248 = EDGE_CURVE ( 'NONE', #49, #1801, #930, .T. ) ;
#249 = CARTESIAN_POINT ( 'NONE',  ( 0.2699999999999999067, 0.000000000000000000, 4.175000000000000711 ) ) ;
#250 = CARTESIAN_POINT ( 'NONE',  ( -4.887219104930689006, 1.498936530751409535, 2.122500000000000053 ) ) ;
#251 = ORIENTED_EDGE ( 'NONE', *, *, #674, .T. ) ;
#252 = LINE ( 'NONE', #45, #409 ) ;
#253 = EDGE_LOOP ( 'NONE', ( #1762, #1717, #1287, #43 ) ) ;
#254 = VECTOR ( 'NONE', #873, 1000.000000000000000 ) ;
#255 = SURFACE_STYLE_FILL_AREA ( #1757 ) ;
#256 = DIRECTION ( 'NONE',  ( -0.1305261922200526281, 0.9914448613738103822, 0.000000000000000000 ) ) ;
#257 = EDGE_CURVE ( 'NONE', #513, #2024, #2044, .T. ) ;
#258 = ORIENTED_EDGE ( 'NONE', *, *, #343, .F. ) ;
#259 = CARTESIAN_POINT ( 'NONE',  ( -5.113495770664344242, 0.2445544780618006675, -2.957500000000000018 ) ) ;
#260 = DIRECTION ( 'NONE',  ( 1.000000000000000000, 0.000000000000000000, 0.000000000000000000 ) ) ;
#261 = ORIENTED_EDGE ( 'NONE', *, *, #825, .F. ) ;
#262 = EDGE_CURVE ( 'NONE', #200, #619, #366, .T. ) ;
#263 = DIRECTION ( 'NONE',  ( 0.1775237485614007960, 0.9841165168295410437, 0.000000000000000000 ) ) ;
#264 = AXIS2_PLACEMENT_3D ( 'NONE', #1776, #101, #1902 ) ;
#265 = ORIENTED_EDGE ( 'NONE', *, *, #949, .T. ) ;
#266 = SURFACE_STYLE_FILL_AREA ( #2177 ) ;
#267 = CARTESIAN_POINT ( 'NONE',  ( 5.813431933275229113, 4.700000000000000178, 5.080000000000000071 ) ) ;
#268 = DIRECTION ( 'NONE',  ( 0.1775237485613998800, 0.9841165168295412657, 0.000000000000000000 ) ) ;
#269 = VECTOR ( 'NONE', #507, 1000.000000000000000 ) ;
#270 = ORIENTED_EDGE ( 'NONE', *, *, #1968, .T. ) ;
#271 = FILL_AREA_STYLE ('',( #297 ) ) ;
#272 = DIRECTION ( 'NONE',  ( -1.000000000000000000, -0.000000000000000000, -0.000000000000000000 ) ) ;
#273 = VERTEX_POINT ( 'NONE', #1491 ) ;
#274 = DIRECTION ( 'NONE',  ( -1.000000000000000000, -0.000000000000000000, 1.084202172485504040E-15 ) ) ;
#275 = EDGE_CURVE ( 'NONE', #211, #224, #1058, .T. ) ;
#276 = EDGE_LOOP ( 'NONE', ( #1748, #757, #1782, #1737 ) ) ;
#277 = CARTESIAN_POINT ( 'NONE',  ( 0.000000000000000000, 0.000000000000000000, 0.000000000000000000 ) ) ;
#278 = CARTESIAN_POINT ( 'NONE',  ( -5.512062959980303489, 0.3164515962291772344, 2.957500000000000018 ) ) ;
#279 = EDGE_CURVE ( 'NONE', #898, #2024, #532, .T. ) ;
#280 = ORIENTED_EDGE ( 'NONE', *, *, #1463, .F. ) ;
#281 = DIRECTION ( 'NONE',  ( 1.000000000000000000, 0.000000000000000000, 0.000000000000000000 ) ) ;
#282 = VERTEX_POINT ( 'NONE', #1296 ) ;
#283 =( GEOMETRIC_REPRESENTATION_CONTEXT ( 3 ) GLOBAL_UNCERTAINTY_ASSIGNED_CONTEXT ( ( #1725 ) ) GLOBAL_UNIT_ASSIGNED_CONTEXT ( ( #2328, #51, #1354 ) ) REPRESENTATION_CONTEXT ( 'NONE', 'WORKASPACE' ) );
#284 = CARTESIAN_POINT ( 'NONE',  ( 6.264999999999998792, 1.270000000000000018, -3.375000000000000444 ) ) ;
#285 = PLANE ( 'NONE',  #2103 ) ;
#286 = LINE ( 'NONE', #103, #2255 ) ;
#287 = VECTOR ( 'NONE', #1038, 1000.000000000000000 ) ;
#288 = DIRECTION ( 'NONE',  ( 0.9841165168295412657, -0.1775237485613996302, 0.000000000000000000 ) ) ;
#289 = ADVANCED_FACE ( 'NONE', ( #741 ), #2240, .T. ) ;
#290 = CLOSED_SHELL ( 'NONE', ( #13, #289, #165, #1685, #2289, #2293, #920, #2362, #843, #184, #2422, #1555, #53, #1032, #1254, #71, #1627, #401 ) ) ;
#291 = EDGE_LOOP ( 'NONE', ( #169, #1269, #489, #1391 ) ) ;
#292 = DIRECTION ( 'NONE',  ( -0.1305261922200445235, -0.9914448613738112703, 0.000000000000000000 ) ) ;
#293 = LINE ( 'NONE', #1784, #447 ) ;
#294 = EDGE_CURVE ( 'NONE', #732, #1262, #2372, .T. ) ;
#295 = VERTEX_POINT ( 'NONE', #173 ) ;
#296 = DIRECTION ( 'NONE',  ( 1.000000000000000000, 4.328826186497491178E-15, 0.000000000000000000 ) ) ;
#297 = FILL_AREA_STYLE_COLOUR ( '', #213 ) ;
#298 = PLANE ( 'NONE',  #1504 ) ;
#299 = ORIENTED_EDGE ( 'NONE', *, *, #38, .T. ) ;
#300 = DIRECTION ( 'NONE',  ( -0.000000000000000000, -0.000000000000000000, -1.000000000000000000 ) ) ;
#301 = LINE ( 'NONE', #1222, #637 ) ;
#302 = ORIENTED_EDGE ( 'NONE', *, *, #949, .F. ) ;
#303 = CARTESIAN_POINT ( 'NONE',  ( -4.635000000000000675, 2.748638853983848218, -0.6475000000000000755 ) ) ;
#304 = VECTOR ( 'NONE', #2053, 1000.000000000000000 ) ;
#305 = VERTEX_POINT ( 'NONE', #912 ) ;
#306 = DIRECTION ( 'NONE',  ( -0.9841165168295410437, 0.1775237485614014898, 0.000000000000000000 ) ) ;
#307 = EDGE_CURVE ( 'NONE', #200, #421, #1649, .T. ) ;
#308 = DIRECTION ( 'NONE',  ( -1.020627281641181728E-16, 1.000000000000000000, -0.000000000000000000 ) ) ;
#309 = ORIENTED_EDGE ( 'NONE', *, *, #499, .T. ) ;
#310 = VECTOR ( 'NONE', #1465, 1000.000000000000000 ) ;
#311 = DIRECTION ( 'NONE',  ( -0.000000000000000000, -0.000000000000000000, -1.000000000000000000 ) ) ;
#312 = CARTESIAN_POINT ( 'NONE',  ( 0.2699999999999999067, 0.000000000000000000, 4.175000000000000711 ) ) ;
#313 = CARTESIAN_POINT ( 'NONE',  ( -2.831680738477104775, 2.774999999999999467, 2.957500000000000018 ) ) ;
#314 = VECTOR ( 'NONE', #514, 999.9999999999998863 ) ;
#315 = ORIENTED_EDGE ( 'NONE', *, *, #2313, .F. ) ;
#316 = FACE_OUTER_BOUND ( 'NONE', #2344, .T. ) ;
#317 = DIRECTION ( 'NONE',  ( -0.000000000000000000, -1.000000000000000000, -0.000000000000000000 ) ) ;
#318 = ORIENTED_EDGE ( 'NONE', *, *, #1379, .T. ) ;
#319 = LINE ( 'NONE', #881, #314 ) ;
#320 = EDGE_CURVE ( 'NONE', #1795, #46, #2031, .T. ) ;
#321 = DIRECTION ( 'NONE',  ( 0.000000000000000000, -0.000000000000000000, -1.000000000000000000 ) ) ;
#322 = ORIENTED_EDGE ( 'NONE', *, *, #121, .F. ) ;
#323 = CARTESIAN_POINT ( 'NONE',  ( 3.813431933275228225, 4.599999999999998757, 2.449293598294707893E-16 ) ) ;
#324 = EDGE_CURVE ( 'NONE', #1030, #1937, #2019, .T. ) ;
#325 = STYLED_ITEM ( 'NONE', ( #1240 ), #1472 ) ;
#326 = CARTESIAN_POINT ( 'NONE',  ( -4.635000000000000675, 2.748638853983848218, 2.122500000000000053 ) ) ;
#327 = AXIS2_PLACEMENT_3D ( 'NONE', #992, #1740, #62 ) ;
#328 = EDGE_CURVE ( 'NONE', #2041, #211, #1072, .T. ) ;
#329 = ORIENTED_EDGE ( 'NONE', *, *, #1446, .T. ) ;
#330 = CARTESIAN_POINT ( 'NONE',  ( -5.536166538587405483, 0.2948343940969783139, -2.122500000000000053 ) ) ;
#331 = DIRECTION ( 'NONE',  ( -1.000000000000000000, 0.000000000000000000, 0.000000000000000000 ) ) ;
#332 = ORIENTED_EDGE ( 'NONE', *, *, #2032, .F. ) ;
#333 = EDGE_CURVE ( 'NONE', #344, #1656, #161, .T. ) ;
#334 = CARTESIAN_POINT ( 'NONE',  ( 5.464999999999998082, 1.270000000000000018, -3.374999999999999556 ) ) ;
#335 = DIRECTION ( 'NONE',  ( -0.000000000000000000, -0.000000000000000000, -1.000000000000000000 ) ) ;
#336 = VERTEX_POINT ( 'NONE', #1096 ) ;
#337 = CARTESIAN_POINT ( 'NONE',  ( -4.635000000000000675, 2.774999999999994582, 0.4174999999999999267 ) ) ;
#338 = VECTOR ( 'NONE', #640, 1000.000000000000000 ) ;
#339 = CARTESIAN_POINT ( 'NONE',  ( -2.885000000000000231, 3.180000000000000160, 2.957500000000000018 ) ) ;
#340 = DIRECTION ( 'NONE',  ( 1.084202172485504040E-15, -0.000000000000000000, 1.000000000000000000 ) ) ;
#341 = PLANE ( 'NONE',  #143 ) ;
#342 = DIRECTION ( 'NONE',  ( -0.9975640502598243087, -0.06975647374412474733, 0.000000000000000000 ) ) ;
#343 = EDGE_CURVE ( 'NONE', #1120, #242, #1505, .T. ) ;
#344 = VERTEX_POINT ( 'NONE', #787 ) ;
#345 = CARTESIAN_POINT ( 'NONE',  ( -4.887219104930689006, 1.498936530751409535, -2.957500000000000018 ) ) ;
#346 = VECTOR ( 'NONE', #119, 1000.000000000000000 ) ;
#347 = VERTEX_POINT ( 'NONE', #207 ) ;
#348 = DIRECTION ( 'NONE',  ( 1.000000000000000000, 0.000000000000000000, -1.084202172485504040E-15 ) ) ;
#349 = EDGE_CURVE ( 'NONE', #1003, #728, #969, .T. ) ;
#350 = VECTOR ( 'NONE', #158, 1000.000000000000000 ) ;
#351 = LINE ( 'NONE', #1422, #287 ) ;
#352 = VERTEX_POINT ( 'NONE', #643 ) ;
#353 = FACE_OUTER_BOUND ( 'NONE', #981, .T. ) ;
#354 = AXIS2_PLACEMENT_3D ( 'NONE', #2078, #601, #1516 ) ;
#355 = CARTESIAN_POINT ( 'NONE',  ( 6.264999999999999680, 0.000000000000000000, -5.080000000000000071 ) ) ;
#356 = EDGE_CURVE ( 'NONE', #1397, #190, #2066, .T. ) ;
#357 = ORIENTED_EDGE ( 'NONE', *, *, #1054, .T. ) ;
#358 = DIRECTION ( 'NONE',  ( -0.000000000000000000, -0.000000000000000000, -1.000000000000000000 ) ) ;
#359 = DIRECTION ( 'NONE',  ( -0.1305261922200526281, 0.9914448613738103822, 0.000000000000000000 ) ) ;
#360 = ORIENTED_EDGE ( 'NONE', *, *, #1532, .T. ) ;
#361 = PLANE ( 'NONE',  #2307 ) ;
#362 = DIRECTION ( 'NONE',  ( -0.000000000000000000, -1.000000000000000000, -0.000000000000000000 ) ) ;
#363 = ORIENTED_EDGE ( 'NONE', *, *, #1055, .T. ) ;
#364 = DIRECTION ( 'NONE',  ( 0.1775237485613996580, 0.9841165168295413768, -0.000000000000000000 ) ) ;
#365 = DIRECTION ( 'NONE',  ( -0.9841165168295410437, 0.1775237485614014898, 0.000000000000000000 ) ) ;
#366 = LINE ( 'NONE', #874, #1236 ) ;
#367 = ORIENTED_EDGE ( 'NONE', *, *, #2228, .T. ) ;
#368 =( LENGTH_UNIT ( ) NAMED_UNIT ( * ) SI_UNIT ( .MILLI., .METRE. ) );
#369 = AXIS2_PLACEMENT_3D ( 'NONE', #1393, #2145, #1218 ) ;
#370 = ORIENTED_EDGE ( 'NONE', *, *, #1062, .T. ) ;
#371 = LINE ( 'NONE', #6, #2195 ) ;
#372 = ADVANCED_FACE ( 'NONE', ( #1145 ), #1392, .T. ) ;
#373 = EDGE_CURVE ( 'NONE', #2124, #118, #2252, .T. ) ;
#374 = DIRECTION ( 'NONE',  ( 0.000000000000000000, 0.000000000000000000, 1.000000000000000000 ) ) ;
#375 = ORIENTED_EDGE ( 'NONE', *, *, #1532, .F. ) ;
#376 = CARTESIAN_POINT ( 'NONE',  ( -2.885000000000000231, 3.180000000000000160, -0.6475000000000000755 ) ) ;
#377 = CARTESIAN_POINT ( 'NONE',  ( -2.885000000000000231, 3.180000000000000160, 5.080000000000000071 ) ) ;
#378 = LINE ( 'NONE', #933, #793 ) ;
#379 = VECTOR ( 'NONE', #2018, 1000.000000000000000 ) ;
#380 = DIRECTION ( 'NONE',  ( 1.000000000000000000, 0.000000000000000000, 0.000000000000000000 ) ) ;
#381 = EDGE_CURVE ( 'NONE', #282, #716, #230, .T. ) ;
#382 = EDGE_LOOP ( 'NONE', ( #1633, #1711 ) ) ;
#383 = VERTEX_POINT ( 'NONE', #579 ) ;
#384 = PRESENTATION_LAYER_ASSIGNMENT (  '', '', ( #1630 ) ) ;
#385 = FACE_OUTER_BOUND ( 'NONE', #814, .T. ) ;
#386 = ORIENTED_EDGE ( 'NONE', *, *, #1634, .F. ) ;
#387 = EDGE_CURVE ( 'NONE', #473, #1369, #44, .T. ) ;
#388 = LINE ( 'NONE', #2264, #592 ) ;
#389 = DIRECTION ( 'NONE',  ( -1.017433123740062993E-15, 0.000000000000000000, 1.000000000000000000 ) ) ;
#390 = AXIS2_PLACEMENT_3D ( 'NONE', #326, #2387, #1274 ) ;
#391 = ORIENTED_EDGE ( 'NONE', *, *, #1863, .T. ) ;
#392 = ORIENTED_EDGE ( 'NONE', *, *, #1742, .F. ) ;
#393 = DIRECTION ( 'NONE',  ( 0.1305261922200524893, -0.9914448613738103822, 0.000000000000000000 ) ) ;
#394 = EDGE_CURVE ( 'NONE', #1280, #473, #1540, .T. ) ;
#395 = VECTOR ( 'NONE', #734, 1000.000000000000000 ) ;
#396 = ORIENTED_EDGE ( 'NONE', *, *, #660, .T. ) ;
#397 = EDGE_CURVE ( 'NONE', #1801, #295, #589, .T. ) ;
#398 = DIRECTION ( 'NONE',  ( -0.1775237485613957167, -0.9841165168295419319, 0.000000000000000000 ) ) ;
#399 = CARTESIAN_POINT ( 'NONE',  ( 5.464999999999998082, 0.000000000000000000, -4.175000000000000711 ) ) ;
#400 = CARTESIAN_POINT ( 'NONE',  ( -5.536166538587405483, 0.2948343940969783139, 2.122500000000000053 ) ) ;
#401 = ADVANCED_FACE ( 'NONE', ( #1721 ), #2088, .T. ) ;
#402 = CARTESIAN_POINT ( 'NONE',  ( -5.285786294246656247, 1.570833648918777081, -1.892500000000000293 ) ) ;
#403 = VERTEX_POINT ( 'NONE', #2265 ) ;
#404 = PLANE ( 'NONE',  #752 ) ;
#405 = AXIS2_PLACEMENT_3D ( 'NONE', #1821, #493, #1244 ) ;
#406 = EDGE_CURVE ( 'NONE', #123, #1303, #411, .T. ) ;
#407 = ORIENTED_EDGE ( 'NONE', *, *, #1837, .T. ) ;
#408 = CARTESIAN_POINT ( 'NONE',  ( -5.113495770664344242, 0.2445544780618006675, 2.122500000000000053 ) ) ;
#409 = VECTOR ( 'NONE', #1323, 1000.000000000000000 ) ;
#410 = EDGE_LOOP ( 'NONE', ( #438, #1220, #2069, #396 ) ) ;
#411 = LINE ( 'NONE', #777, #236 ) ;
#412 = FACE_OUTER_BOUND ( 'NONE', #2, .T. ) ;
#413 = SHAPE_DEFINITION_REPRESENTATION ( #168, #433 ) ;
#414 = EDGE_CURVE ( 'NONE', #282, #188, #2100, .T. ) ;
#415 = ORIENTED_EDGE ( 'NONE', *, *, #1379, .F. ) ;
#416 = CARTESIAN_POINT ( 'NONE',  ( -7.521748628133628323, -0.2500000000000001110, -2.122500000000000053 ) ) ;
#417 = VECTOR ( 'NONE', #554, 1000.000000000000000 ) ;
#418 = ORIENTED_EDGE ( 'NONE', *, *, #882, .T. ) ;
#419 = FILL_AREA_STYLE ('',( #2096 ) ) ;
#420 = DIRECTION ( 'NONE',  ( 0.000000000000000000, 0.000000000000000000, 1.000000000000000000 ) ) ;
#421 = VERTEX_POINT ( 'NONE', #400 ) ;
#422 = CARTESIAN_POINT ( 'NONE',  ( 6.264999999999996128, 0.000000000000000000, -5.080000000000000071 ) ) ;
#423 = AXIS2_PLACEMENT_3D ( 'NONE', #77, #1551, #1358 ) ;
#424 = CYLINDRICAL_SURFACE ( 'NONE', #2016, 0.02636114601614614195 ) ;
#425 = EDGE_CURVE ( 'NONE', #679, #305, #2271, .T. ) ;
#426 = EDGE_LOOP ( 'NONE', ( #1181, #1556, #2368, #1713 ) ) ;
#427 = CARTESIAN_POINT ( 'NONE',  ( -4.861276665733649693, 1.494256801294249648, -2.957500000000000018 ) ) ;
#428 = VECTOR ( 'NONE', #281, 1000.000000000000000 ) ;
#429 = ORIENTED_EDGE ( 'NONE', *, *, #279, .F. ) ;
#430 = DIRECTION ( 'NONE',  ( 3.339217470600206118E-16, -0.000000000000000000, 1.000000000000000000 ) ) ;
#431 = LINE ( 'NONE', #785, #2087 ) ;
#432 = ORIENTED_EDGE ( 'NONE', *, *, #2299, .F. ) ;
#433 = ADVANCED_BREP_SHAPE_REPRESENTATION ( 'CSD18536KTT', ( #1472, #2354, #2359, #1531, #1507, #1831 ), #2026 ) ;
#434 = DIRECTION ( 'NONE',  ( -1.000000000000000000, 0.000000000000000000, 0.000000000000000000 ) ) ;
#435 = ORIENTED_EDGE ( 'NONE', *, *, #2309, .F. ) ;
#436 = CARTESIAN_POINT ( 'NONE',  ( -4.635000000000000675, 2.774999999999991918, 3.187500000000000444 ) ) ;
#437 = AXIS2_PLACEMENT_3D ( 'NONE', #1736, #1947, #1350 ) ;
#438 = ORIENTED_EDGE ( 'NONE', *, *, #439, .T. ) ;
#439 = EDGE_CURVE ( 'NONE', #2233, #496, #243, .T. ) ;
#440 = ADVANCED_FACE ( 'NONE', ( #1135 ), #56, .F. ) ;
#441 = AXIS2_PLACEMENT_3D ( 'NONE', #2235, #1704, #2419 ) ;
#442 = LINE ( 'NONE', #1729, #2083 ) ;
#443 = DIRECTION ( 'NONE',  ( -1.000000000000000000, 0.000000000000000000, 0.000000000000000000 ) ) ;
#444 = ORIENTED_EDGE ( 'NONE', *, *, #985, .T. ) ;
#445 = DIRECTION ( 'NONE',  ( -0.06975647374412553836, 0.9975640502598243087, 0.000000000000000000 ) ) ;
#446 = ORIENTED_EDGE ( 'NONE', *, *, #530, .F. ) ;
#447 = VECTOR ( 'NONE', #853, 1000.000000000000114 ) ;
#448 =( NAMED_UNIT ( * ) PLANE_ANGLE_UNIT ( ) SI_UNIT ( $, .RADIAN. ) );
#449 = DIRECTION ( 'NONE',  ( -0.9975640502598243087, -0.06975647374412474733, 0.000000000000000000 ) ) ;
#450 = LINE ( 'NONE', #2141, #687 ) ;
#451 = EDGE_LOOP ( 'NONE', ( #84, #1344, #199, #309 ) ) ;
#452 = DIRECTION ( 'NONE',  ( 1.000000000000000000, 0.000000000000000000, 0.000000000000000000 ) ) ;
#453 = EDGE_CURVE ( 'NONE', #619, #898, #1549, .T. ) ;
#454 = CARTESIAN_POINT ( 'NONE',  ( 5.464999999999998082, 0.000000000000000000, -4.175000000000000711 ) ) ;
#455 = VERTEX_POINT ( 'NONE', #1872 ) ;
#456 = PRODUCT_DEFINITION_FORMATION_WITH_SPECIFIED_SOURCE ( 'ANY', '', #1267, .NOT_KNOWN. ) ;
#457 = CARTESIAN_POINT ( 'NONE',  ( 5.464999999999998082, 1.270000000000000018, -3.374999999999999556 ) ) ;
#458 = VECTOR ( 'NONE', #292, 1000.000000000000114 ) ;
#459 = ORIENTED_EDGE ( 'NONE', *, *, #66, .T. ) ;
#460 =( NAMED_UNIT ( * ) SI_UNIT ( $, .STERADIAN. ) SOLID_ANGLE_UNIT ( ) );
#461 = CARTESIAN_POINT ( 'NONE',  ( 5.464999999999998970, 1.270000000000000018, 4.175000000000000711 ) ) ;
#462 = VECTOR ( 'NONE', #2297, 999.9999999999998863 ) ;
#463 = ORIENTED_EDGE ( 'NONE', *, *, #2089, .T. ) ;
#464 = FACE_OUTER_BOUND ( 'NONE', #2132, .T. ) ;
#465 = PLANE ( 'NONE',  #1834 ) ;
#466 = FACE_OUTER_BOUND ( 'NONE', #1316, .T. ) ;
#467 = VERTEX_POINT ( 'NONE', #11 ) ;
#468 = FACE_OUTER_BOUND ( 'NONE', #1427, .T. ) ;
#469 = DIRECTION ( 'NONE',  ( 0.1305261922200526836, -0.9914448613738103822, 0.000000000000000000 ) ) ;
#470 = CARTESIAN_POINT ( 'NONE',  ( -5.285786294246656247, 1.570833648918777081, 3.187500000000000444 ) ) ;
#471 = EDGE_CURVE ( 'NONE', #336, #529, #197, .T. ) ;
#472 = EDGE_CURVE ( 'NONE', #2420, #2249, #1419, .T. ) ;
#473 = VERTEX_POINT ( 'NONE', #2144 ) ;
#474 = PLANE ( 'NONE',  #1744 ) ;
#475 = DIRECTION ( 'NONE',  ( -0.000000000000000000, -0.000000000000000000, -1.000000000000000000 ) ) ;
#476 = ORIENTED_EDGE ( 'NONE', *, *, #1036, .F. ) ;
#477 = DIRECTION ( 'NONE',  ( -1.020627281641181605E-16, 1.000000000000000000, 0.000000000000000000 ) ) ;
#478 = SURFACE_STYLE_FILL_AREA ( #1204 ) ;
#479 = ORIENTED_EDGE ( 'NONE', *, *, #356, .F. ) ;
#480 = VECTOR ( 'NONE', #776, 1000.000000000000000 ) ;
#481 = DIRECTION ( 'NONE',  ( -0.000000000000000000, -1.000000000000000000, -0.000000000000000000 ) ) ;
#482 = LINE ( 'NONE', #494, #1905 ) ;
#483 = PLANE ( 'NONE',  #1124 ) ;
#484 = EDGE_CURVE ( 'NONE', #935, #1934, #1021, .T. ) ;
#485 = VERTEX_POINT ( 'NONE', #868 ) ;
#486 = SURFACE_STYLE_USAGE ( .BOTH. , #1198 ) ;
#487 = DIRECTION ( 'NONE',  ( -0.000000000000000000, -1.000000000000000000, -0.000000000000000000 ) ) ;
#488 = DIRECTION ( 'NONE',  ( 1.000000000000000000, 0.000000000000000000, -0.000000000000000000 ) ) ;
#489 = ORIENTED_EDGE ( 'NONE', *, *, #691, .F. ) ;
#490 = DIRECTION ( 'NONE',  ( 0.000000000000000000, 0.000000000000000000, 1.000000000000000000 ) ) ;
#491 =( NAMED_UNIT ( * ) PLANE_ANGLE_UNIT ( ) SI_UNIT ( $, .RADIAN. ) );
#492 = EDGE_LOOP ( 'NONE', ( #1771, #370, #459, #16, #1162, #2099, #1291, #1891 ) ) ;
#493 = DIRECTION ( 'NONE',  ( 0.000000000000000000, 0.000000000000000000, 1.000000000000000000 ) ) ;
#494 = CARTESIAN_POINT ( 'NONE',  ( 6.264999999999999680, 1.270000000000000018, 5.080000000000000071 ) ) ;
#495 = DIRECTION ( 'NONE',  ( 0.9841165168295411547, -0.1775237485614008237, 0.000000000000000000 ) ) ;
#496 = VERTEX_POINT ( 'NONE', #658 ) ;
#497 = FACE_OUTER_BOUND ( 'NONE', #590, .T. ) ;
#498 = CYLINDRICAL_SURFACE ( 'NONE', #629, 0.02636114601614787667 ) ;
#499 = EDGE_CURVE ( 'NONE', #25, #1811, #1915, .T. ) ;
#500 = ORIENTED_EDGE ( 'NONE', *, *, #1361, .T. ) ;
#501 = FACE_OUTER_BOUND ( 'NONE', #8, .T. ) ;
#502 = DIRECTION ( 'NONE',  ( -2.077513144882403750E-16, 0.000000000000000000, -1.000000000000000000 ) ) ;
#503 = FACE_OUTER_BOUND ( 'NONE', #2176, .T. ) ;
#504 = EDGE_LOOP ( 'NONE', ( #2147, #2166, #584, #767 ) ) ;
#505 = EDGE_CURVE ( 'NONE', #352, #118, #1830, .T. ) ;
#506 = DIRECTION ( 'NONE',  ( -1.000000000000000000, 0.000000000000000000, 0.000000000000000000 ) ) ;
#507 = DIRECTION ( 'NONE',  ( 1.000000000000000000, 4.328826186497491178E-15, 0.000000000000000000 ) ) ;
#508 = CIRCLE ( 'NONE', #1681, 0.4313611460161461131 ) ;
#509 = ADVANCED_FACE ( 'NONE', ( #501 ), #1817, .F. ) ;
#510 = EDGE_LOOP ( 'NONE', ( #1791, #2326, #1016, #500 ) ) ;
#511 = APPLICATION_PROTOCOL_DEFINITION ( 'draft international standard', 'automotive_design', 1998, #1623 ) ;
#512 = DIRECTION ( 'NONE',  ( -0.1775237485614007960, -0.9841165168295410437, 0.000000000000000000 ) ) ;
#513 = VERTEX_POINT ( 'NONE', #667 ) ;
#514 = DIRECTION ( 'NONE',  ( -0.1305261922200526281, 0.9914448613738103822, 0.000000000000000000 ) ) ;
#515 = ORIENTED_EDGE ( 'NONE', *, *, #1642, .F. ) ;
#516 = LINE ( 'NONE', #337, #350 ) ;
#517 = ADVANCED_FACE ( 'NONE', ( #154 ), #2353, .F. ) ;
#518 = DIRECTION ( 'NONE',  ( 0.000000000000000000, -1.000000000000000000, 0.000000000000000000 ) ) ;
#519 = VECTOR ( 'NONE', #272, 1000.000000000000000 ) ;
#520 = DIRECTION ( 'NONE',  ( -0.06975647374412585755, 0.9975640502598243087, 0.000000000000000000 ) ) ;
#521 = VECTOR ( 'NONE', #1255, 1000.000000000000000 ) ;
#522 = ORIENTED_EDGE ( 'NONE', *, *, #1607, .T. ) ;
#523 =( NAMED_UNIT ( * ) SI_UNIT ( $, .STERADIAN. ) SOLID_ANGLE_UNIT ( ) );
#524 = CARTESIAN_POINT ( 'NONE',  ( -4.635000000000000675, 2.774999999999999911, 2.957500000000000018 ) ) ;
#525 = CLOSED_SHELL ( 'NONE', ( #2391, #2179, #722, #1126, #616, #1209, #1522, #2198, #509, #772, #1954, #875, #1426, #630, #372, #2342 ) ) ;
#526 = VERTEX_POINT ( 'NONE', #1049 ) ;
#527 = PLANE ( 'NONE',  #76 ) ;
#528 = LINE ( 'NONE', #1818, #1694 ) ;
#529 = VERTEX_POINT ( 'NONE', #1433 ) ;
#530 = EDGE_CURVE ( 'NONE', #1573, #1921, #895, .T. ) ;
#531 = FACE_OUTER_BOUND ( 'NONE', #35, .T. ) ;
#532 = LINE ( 'NONE', #923, #813 ) ;
#533 = VERTEX_POINT ( 'NONE', #139 ) ;
#534 = PLANE ( 'NONE',  #999 ) ;
#535 = FACE_OUTER_BOUND ( 'NONE', #492, .T. ) ;
#536 = MECHANICAL_DESIGN_GEOMETRIC_PRESENTATION_REPRESENTATION (  '', ( #1189 ), #1308 ) ;
#537 = ORIENTED_EDGE ( 'NONE', *, *, #320, .T. ) ;
#538 = LINE ( 'NONE', #1665, #744 ) ;
#539 = VECTOR ( 'NONE', #626, 1000.000000000000000 ) ;
#540 = ORIENTED_EDGE ( 'NONE', *, *, #425, .T. ) ;
#541 = LINE ( 'NONE', #2042, #2142 ) ;
#542 = DIRECTION ( 'NONE',  ( -0.000000000000000000, 0.000000000000000000, -1.000000000000000000 ) ) ;
#543 = VECTOR ( 'NONE', #1227, 1000.000000000000000 ) ;
#544 = CARTESIAN_POINT ( 'NONE',  ( -4.635000000000000675, 3.180000000000000160, 3.187500000000000444 ) ) ;
#545 = ADVANCED_FACE ( 'NONE', ( #464 ), #1252, .T. ) ;
#546 = ORIENTED_EDGE ( 'NONE', *, *, #825, .T. ) ;
#547 = EDGE_CURVE ( 'NONE', #1357, #679, #1629, .T. ) ;
#548 = EDGE_CURVE ( 'NONE', #126, #1024, #2378, .T. ) ;
#549 = ORIENTED_EDGE ( 'NONE', *, *, #1194, .F. ) ;
#550 = CARTESIAN_POINT ( 'NONE',  ( 5.464999999999998082, 1.270000000000000018, -3.374999999999999556 ) ) ;
#551 = FACE_OUTER_BOUND ( 'NONE', #157, .T. ) ;
#552 = ORIENTED_EDGE ( 'NONE', *, *, #1247, .F. ) ;
#553 = PRODUCT_RELATED_PRODUCT_CATEGORY ( 'part', '', ( #1267 ) ) ;
#554 = DIRECTION ( 'NONE',  ( -0.000000000000000000, -0.000000000000000000, -1.000000000000000000 ) ) ;
#555 = CARTESIAN_POINT ( 'NONE',  ( -7.549999999999999822, 0.1540134403552290421, -2.957500000000000018 ) ) ;
#556 = CARTESIAN_POINT ( 'NONE',  ( -5.536166538587405483, 0.2948343940969783139, 2.957500000000000018 ) ) ;
#557 = VECTOR ( 'NONE', #2094, 1000.000000000000114 ) ;
#558 = ORIENTED_EDGE ( 'NONE', *, *, #783, .F. ) ;
#559 = AXIS2_PLACEMENT_3D ( 'NONE', #1476, #542, #1861 ) ;
#560 = EDGE_CURVE ( 'NONE', #383, #1573, #693, .T. ) ;
#561 = ORIENTED_EDGE ( 'NONE', *, *, #587, .T. ) ;
#562 = LINE ( 'NONE', #1471, #936 ) ;
#563 = DIRECTION ( 'NONE',  ( 1.000000000000000000, 4.328826186497491178E-15, 0.000000000000000000 ) ) ;
#564 = VERTEX_POINT ( 'NONE', #1445 ) ;
#565 = DIRECTION ( 'NONE',  ( 0.000000000000000000, 0.000000000000000000, 1.000000000000000000 ) ) ;
#566 = VECTOR ( 'NONE', #2140, 1000.000000000000000 ) ;
#567 = DIRECTION ( 'NONE',  ( -0.06975647374412553836, 0.9975640502598243087, 0.000000000000000000 ) ) ;
#568 = FACE_OUTER_BOUND ( 'NONE', #761, .T. ) ;
#569 = AXIS2_PLACEMENT_3D ( 'NONE', #900, #944, #1693 ) ;
#570 = ORIENTED_EDGE ( 'NONE', *, *, #1100, .F. ) ;
#571 = DIRECTION ( 'NONE',  ( -0.000000000000000000, -0.000000000000000000, -1.000000000000000000 ) ) ;
#572 = EDGE_CURVE ( 'NONE', #1953, #2377, #2172, .T. ) ;
#573 = VERTEX_POINT ( 'NONE', #1238 ) ;
#574 = VECTOR ( 'NONE', #612, 1000.000000000000114 ) ;
#575 = EDGE_CURVE ( 'NONE', #1559, #352, #37, .T. ) ;
#576 = CARTESIAN_POINT ( 'NONE',  ( 5.464999999999998970, 1.270000000000000018, 4.175000000000000711 ) ) ;
#577 = CARTESIAN_POINT ( 'NONE',  ( -2.466345057672078234, 0.000000000000000000, -5.080000000000000071 ) ) ;
#578 = CARTESIAN_POINT ( 'NONE',  ( 0.2699999999999981859, 1.270000000000000018, -4.174999999999998934 ) ) ;
#579 = CARTESIAN_POINT ( 'NONE',  ( -7.549999999999999822, 0.1540134403552290421, -2.122500000000000053 ) ) ;
#580 = LINE ( 'NONE', #402, #1025 ) ;
#581 = EDGE_CURVE ( 'NONE', #716, #728, #1603, .T. ) ;
#582 = ORIENTED_EDGE ( 'NONE', *, *, #733, .F. ) ;
#583 = CARTESIAN_POINT ( 'NONE',  ( -2.684888203667169737, 4.699999999999999289, 5.080000000000000071 ) ) ;
#584 = ORIENTED_EDGE ( 'NONE', *, *, #397, .F. ) ;
#585 = CARTESIAN_POINT ( 'NONE',  ( -2.831680738477104775, 2.774999999999999467, 2.957500000000000018 ) ) ;
#586 = CARTESIAN_POINT ( 'NONE',  ( -4.660942439197039988, 2.753318583441008105, -3.187500000000000444 ) ) ;
#587 = EDGE_CURVE ( 'NONE', #455, #403, #319, .T. ) ;
#588 = LINE ( 'NONE', #454, #1692 ) ;
#589 = LINE ( 'NONE', #22, #2232 ) ;
#590 = EDGE_LOOP ( 'NONE', ( #2294, #245, #1529, #57 ) ) ;
#591 = CARTESIAN_POINT ( 'NONE',  ( 5.464999999999998970, 1.270000000000000018, 4.175000000000000711 ) ) ;
#592 = VECTOR ( 'NONE', #1881, 1000.000000000000000 ) ;
#593 = VERTEX_POINT ( 'NONE', #2013 ) ;
#594 = CARTESIAN_POINT ( 'NONE',  ( 5.464999999999998970, 0.000000000000000000, 3.375000000000000444 ) ) ;
#595 = VECTOR ( 'NONE', #941, 1000.000000000000000 ) ;
#596 = UNCERTAINTY_MEASURE_WITH_UNIT (LENGTH_MEASURE( 1.000000000000000082E-05 ), #1011, 'distance_accuracy_value', 'NONE');
#597 = ORIENTED_EDGE ( 'NONE', *, *, #381, .T. ) ;
#598 = CARTESIAN_POINT ( 'NONE',  ( 5.464999999999998082, 0.000000000000000000, -3.374999999999999556 ) ) ;
#599 = DIRECTION ( 'NONE',  ( -1.000000000000000000, 0.000000000000000000, 0.000000000000000000 ) ) ;
#600 = VERTEX_POINT ( 'NONE', #334 ) ;
#601 = DIRECTION ( 'NONE',  ( 0.000000000000000000, 0.000000000000000000, 1.000000000000000000 ) ) ;
#602 = ADVANCED_FACE ( 'NONE', ( #1078 ), #2246, .F. ) ;
#603 = CARTESIAN_POINT ( 'NONE',  ( -2.831680738477104775, 2.774999999999999467, -3.187500000000000444 ) ) ;
#604 = ORIENTED_EDGE ( 'NONE', *, *, #121, .T. ) ;
#605 = CARTESIAN_POINT ( 'NONE',  ( -2.885000000000000231, 3.180000000000000160, 1.892500000000000071 ) ) ;
#606 = VERTEX_POINT ( 'NONE', #917 ) ;
#607 = COLOUR_RGB ( '',0.7921568627450980005, 0.8196078431372548767, 0.9333333333333333481 ) ;
#608 = LINE ( 'NONE', #598, #2165 ) ;
#609 = CARTESIAN_POINT ( 'NONE',  ( -2.466345057672078234, 0.000000000000000000, 5.080000000000000071 ) ) ;
#610 = ORIENTED_EDGE ( 'NONE', *, *, #279, .T. ) ;
#611 = VECTOR ( 'NONE', #1514, 1000.000000000000000 ) ;
#612 = DIRECTION ( 'NONE',  ( -0.1305261922200524893, 0.9914448613738102711, 0.000000000000000000 ) ) ;
#613 = ORIENTED_EDGE ( 'NONE', *, *, #940, .F. ) ;
#614 = EDGE_CURVE ( 'NONE', #1611, #1456, #562, .T. ) ;
#615 = ORIENTED_EDGE ( 'NONE', *, *, #758, .T. ) ;
#616 = ADVANCED_FACE ( 'NONE', ( #385 ), #2222, .F. ) ;
#617 = LINE ( 'NONE', #1758, #1810 ) ;
#618 = DIRECTION ( 'NONE',  ( -1.000000000000000000, 2.404903436943050654E-16, 0.000000000000000000 ) ) ;
#619 = VERTEX_POINT ( 'NONE', #2073 ) ;
#620 = CIRCLE ( 'NONE', #1799, 0.02636114601614787667 ) ;
#621 = CARTESIAN_POINT ( 'NONE',  ( 5.464999999999998970, 0.000000000000000000, 3.375000000000000444 ) ) ;
#622 = DIRECTION ( 'NONE',  ( 0.000000000000000000, 0.000000000000000000, 1.000000000000000000 ) ) ;
#623 = ORIENTED_EDGE ( 'NONE', *, *, #1779, .T. ) ;
#624 = CARTESIAN_POINT ( 'NONE',  ( -2.885000000000000231, 3.180000000000000160, -1.892500000000000293 ) ) ;
#625 = ORIENTED_EDGE ( 'NONE', *, *, #294, .F. ) ;
#626 = DIRECTION ( 'NONE',  ( 1.000000000000000000, 4.328826186497491178E-15, 0.000000000000000000 ) ) ;
#627 = LINE ( 'NONE', #1376, #2121 ) ;
#628 = DIRECTION ( 'NONE',  ( 0.000000000000000000, -0.000000000000000000, -1.000000000000000000 ) ) ;
#629 = AXIS2_PLACEMENT_3D ( 'NONE', #1981, #1995, #81 ) ;
#630 = ADVANCED_FACE ( 'NONE', ( #191 ), #927, .F. ) ;
#631 = AXIS2_PLACEMENT_3D ( 'NONE', #1320, #1095, #1648 ) ;
#632 = EDGE_LOOP ( 'NONE', ( #834, #239, #948, #360 ) ) ;
#633 = AXIS2_PLACEMENT_3D ( 'NONE', #709, #1268, #321 ) ;
#634 = CARTESIAN_POINT ( 'NONE',  ( 6.264999999999996128, 0.000000000000000000, -5.080000000000000071 ) ) ;
#635 = FACE_OUTER_BOUND ( 'NONE', #1044, .T. ) ;
#636 = ORIENTED_EDGE ( 'NONE', *, *, #195, .T. ) ;
#637 = VECTOR ( 'NONE', #1763, 1000.000000000000000 ) ;
#638 = DIRECTION ( 'NONE',  ( -0.1305261922200526281, 0.9914448613738103822, 0.000000000000000000 ) ) ;
#639 = ORIENTED_EDGE ( 'NONE', *, *, #40, .F. ) ;
#640 = DIRECTION ( 'NONE',  ( -0.000000000000000000, -0.000000000000000000, -1.000000000000000000 ) ) ;
#641 = ORIENTED_EDGE ( 'NONE', *, *, #2017, .T. ) ;
#642 = EDGE_CURVE ( 'NONE', #1360, #2138, #1300, .T. ) ;
#643 = CARTESIAN_POINT ( 'NONE',  ( -5.059509628513014334, 2.825215701608377206, 1.892500000000000071 ) ) ;
#644 = VECTOR ( 'NONE', #724, 1000.000000000000114 ) ;
#645 = CARTESIAN_POINT ( 'NONE',  ( -2.831680738477104775, 2.774999999999999467, -0.6475000000000000755 ) ) ;
#646 = CARTESIAN_POINT ( 'NONE',  ( -4.635000000000000675, 2.748638853983848218, -1.892500000000000293 ) ) ;
#647 = EDGE_LOOP ( 'NONE', ( #2171, #2064, #1033, #1059, #2291, #183 ) ) ;
#648 = EDGE_CURVE ( 'NONE', #1656, #2138, #508, .T. ) ;
#649 = AXIS2_PLACEMENT_3D ( 'NONE', #1249, #1625, #2008 ) ;
#650 = PLANE ( 'NONE',  #2097 ) ;
#651 = CARTESIAN_POINT ( 'NONE',  ( -4.887219104930690783, 1.498936530751410423, 2.957500000000000018 ) ) ;
#652 = VECTOR ( 'NONE', #2231, 1000.000000000000000 ) ;
#653 = ORIENTED_EDGE ( 'NONE', *, *, #1670, .T. ) ;
#654 = LINE ( 'NONE', #827, #539 ) ;
#655 = LINE ( 'NONE', #2194, #1064 ) ;
#656 = AXIS2_PLACEMENT_3D ( 'NONE', #1908, #1882, #1684 ) ;
#657 = VERTEX_POINT ( 'NONE', #2406 ) ;
#658 = CARTESIAN_POINT ( 'NONE',  ( -2.684888203667169737, 4.699999999999999289, -5.080000000000000071 ) ) ;
#659 = ORIENTED_EDGE ( 'NONE', *, *, #2092, .F. ) ;
#660 = EDGE_CURVE ( 'NONE', #791, #2233, #538, .T. ) ;
#661 = CARTESIAN_POINT ( 'NONE',  ( -2.466345057672078234, 0.000000000000000000, -5.080000000000000071 ) ) ;
#662 = CARTESIAN_POINT ( 'NONE',  ( 6.264999999999999680, 1.270000000000000018, 3.375000000000000444 ) ) ;
#663 = CARTESIAN_POINT ( 'NONE',  ( -4.635000000000000675, 2.748638853983848218, 3.187500000000000444 ) ) ;
#664 = ORIENTED_EDGE ( 'NONE', *, *, #147, .T. ) ;
#665 = CARTESIAN_POINT ( 'NONE',  ( 0.2699999999999981859, 1.270000000000000018, -4.174999999999998934 ) ) ;
#666 = VERTEX_POINT ( 'NONE', #1121 ) ;
#667 = CARTESIAN_POINT ( 'NONE',  ( -7.549999999999999822, 0.1540134403552290421, 2.122500000000000053 ) ) ;
#668 =( NAMED_UNIT ( * ) SI_UNIT ( $, .STERADIAN. ) SOLID_ANGLE_UNIT ( ) );
#669 = DIRECTION ( 'NONE',  ( -0.9914448613738103822, -0.1305261922200526281, 0.000000000000000000 ) ) ;
#670 = ORIENTED_EDGE ( 'NONE', *, *, #974, .F. ) ;
#671 = AXIS2_PLACEMENT_3D ( 'NONE', #1930, #1169, #956 ) ;
#672 = LINE ( 'NONE', #2347, #379 ) ;
#673 = DIRECTION ( 'NONE',  ( -0.9914448613738103822, -0.1305261922200526281, 0.000000000000000000 ) ) ;
#674 = EDGE_CURVE ( 'NONE', #1193, #1013, #1875, .T. ) ;
#675 = ORIENTED_EDGE ( 'NONE', *, *, #1083, .F. ) ;
#676 = CARTESIAN_POINT ( 'NONE',  ( -4.660942439197039988, 2.753318583441008105, -2.122500000000000053 ) ) ;
#677 = DIRECTION ( 'NONE',  ( 0.000000000000000000, 0.000000000000000000, -1.000000000000000000 ) ) ;
#678 = AXIS2_PLACEMENT_3D ( 'NONE', #323, #1057, #159 ) ;
#679 = VERTEX_POINT ( 'NONE', #2025 ) ;
#680 = CARTESIAN_POINT ( 'NONE',  ( 6.264999999999996128, 1.270000000000000018, -5.080000000000000071 ) ) ;
#681 = CARTESIAN_POINT ( 'NONE',  ( 6.264999999999999680, 1.270000000000000018, 5.080000000000000071 ) ) ;
#682 = LINE ( 'NONE', #1461, #1377 ) ;
#683 = VERTEX_POINT ( 'NONE', #2210 ) ;
#684 = EDGE_CURVE ( 'NONE', #529, #1611, #2039, .T. ) ;
#685 = FACE_OUTER_BOUND ( 'NONE', #1077, .T. ) ;
#686 = CARTESIAN_POINT ( 'NONE',  ( -2.885000000000000231, 3.180000000000000160, -0.6475000000000000755 ) ) ;
#687 = VECTOR ( 'NONE', #1885, 1000.000000000000000 ) ;
#688 = VERTEX_POINT ( 'NONE', #747 ) ;
#689 = SURFACE_STYLE_USAGE ( .BOTH. , #1839 ) ;
#690 = FACE_OUTER_BOUND ( 'NONE', #1533, .T. ) ;
#691 = EDGE_CURVE ( 'NONE', #1456, #1989, #759, .T. ) ;
#692 = ORIENTED_EDGE ( 'NONE', *, *, #882, .F. ) ;
#693 = LINE ( 'NONE', #1034, #778 ) ;
#694 = VECTOR ( 'NONE', #2216, 1000.000000000000000 ) ;
#695 = SURFACE_STYLE_USAGE ( .BOTH. , #1591 ) ;
#696 = CARTESIAN_POINT ( 'NONE',  ( 3.813431933275228225, 4.599999999999998757, 2.449293598294707893E-16 ) ) ;
#697 = ORIENTED_EDGE ( 'NONE', *, *, #472, .F. ) ;
#698 = DIRECTION ( 'NONE',  ( 0.2588190451025207950, 0.000000000000000000, 0.9659258262890683122 ) ) ;
#699 = CARTESIAN_POINT ( 'NONE',  ( 7.200326303877384149, 1.270000000000000018, 5.080000000000000071 ) ) ;
#700 = CARTESIAN_POINT ( 'NONE',  ( 6.264999999999999680, 1.270000000000000018, -5.080000000000000071 ) ) ;
#701 = VECTOR ( 'NONE', #449, 1000.000000000000114 ) ;
#702 = ORIENTED_EDGE ( 'NONE', *, *, #257, .F. ) ;
#703 = CARTESIAN_POINT ( 'NONE',  ( 2.813431933275228669, 4.599999999999998757, 2.449293598294707893E-16 ) ) ;
#704 = DIRECTION ( 'NONE',  ( 0.1775237485614014621, 0.9841165168295409327, 0.000000000000000000 ) ) ;
#705 = ORIENTED_EDGE ( 'NONE', *, *, #472, .T. ) ;
#706 = CARTESIAN_POINT ( 'NONE',  ( 5.464999999999998970, 1.270000000000000018, 4.175000000000000711 ) ) ;
#707 = ADVANCED_FACE ( 'NONE', ( #953 ), #527, .T. ) ;
#708 = AXIS2_PLACEMENT_3D ( 'NONE', #2065, #565, #712 ) ;
#709 = CARTESIAN_POINT ( 'NONE',  ( -2.885000000000000231, 3.180000000000000160, 0.4174999999999999267 ) ) ;
#710 = ORIENTED_EDGE ( 'NONE', *, *, #1420, .F. ) ;
#711 = EDGE_CURVE ( 'NONE', #1164, #200, #620, .T. ) ;
#712 = DIRECTION ( 'NONE',  ( 1.000000000000000000, 0.000000000000000000, 0.000000000000000000 ) ) ;
#713 = AXIS2_PLACEMENT_3D ( 'NONE', #1803, #2183, #502 ) ;
#714 = CARTESIAN_POINT ( 'NONE',  ( -5.507915166721035760, -0.1091790462582526433, 2.957500000000000018 ) ) ;
#715 = AXIS2_PLACEMENT_3D ( 'NONE', #1012, #2330, #1730 ) ;
#716 = VERTEX_POINT ( 'NONE', #167 ) ;
#717 = PRESENTATION_STYLE_ASSIGNMENT (( #689 ) ) ;
#718 = PLANE ( 'NONE',  #1825 ) ;
#719 = AXIS2_PLACEMENT_3D ( 'NONE', #209, #244, #1542 ) ;
#720 = ORIENTED_EDGE ( 'NONE', *, *, #114, .F. ) ;
#721 = DIRECTION ( 'NONE',  ( 0.000000000000000000, 0.000000000000000000, -1.000000000000000000 ) ) ;
#722 = ADVANCED_FACE ( 'NONE', ( #907 ), #361, .F. ) ;
#723 = ORIENTED_EDGE ( 'NONE', *, *, #2048, .F. ) ;
#724 = DIRECTION ( 'NONE',  ( 0.9975640502598241977, 0.06975647374412553836, 0.000000000000000000 ) ) ;
#725 = EDGE_CURVE ( 'NONE', #2041, #2143, #1868, .T. ) ;
#726 = CARTESIAN_POINT ( 'NONE',  ( 3.813431933275228225, 4.599999999999998757, 2.449293598294707893E-16 ) ) ;
#727 = AXIS2_PLACEMENT_3D ( 'NONE', #911, #2424, #932 ) ;
#728 = VERTEX_POINT ( 'NONE', #1484 ) ;
#729 = DIRECTION ( 'NONE',  ( -1.000000000000000000, 0.000000000000000000, -0.000000000000000000 ) ) ;
#730 = CARTESIAN_POINT ( 'NONE',  ( -2.885000000000000231, 3.180000000000000160, 0.6474999999999998535 ) ) ;
#731 =( GEOMETRIC_REPRESENTATION_CONTEXT ( 3 ) GLOBAL_UNCERTAINTY_ASSIGNED_CONTEXT ( ( #2314 ) ) GLOBAL_UNIT_ASSIGNED_CONTEXT ( ( #1375, #448, #1796 ) ) REPRESENTATION_CONTEXT ( 'NONE', 'WORKASPACE' ) );
#732 = VERTEX_POINT ( 'NONE', #1676 ) ;
#733 = EDGE_CURVE ( 'NONE', #909, #336, #371, .T. ) ;
#734 = DIRECTION ( 'NONE',  ( -1.000000000000000000, -0.000000000000000000, 1.084202172485504040E-15 ) ) ;
#735 = VECTOR ( 'NONE', #2029, 1000.000000000000000 ) ;
#736 = CARTESIAN_POINT ( 'NONE',  ( 5.464999999999998970, 1.270000000000000018, 4.175000000000000711 ) ) ;
#737 = ORIENTED_EDGE ( 'NONE', *, *, #788, .F. ) ;
#738 = LINE ( 'NONE', #2237, #1394 ) ;
#739 = CARTESIAN_POINT ( 'NONE',  ( -2.885000000000000231, 3.180000000000000160, -3.187500000000000444 ) ) ;
#740 = AXIS2_PLACEMENT_3D ( 'NONE', #1065, #477, #95 ) ;
#741 = FACE_OUTER_BOUND ( 'NONE', #859, .T. ) ;
#742 = EDGE_CURVE ( 'NONE', #1039, #909, #2281, .T. ) ;
#743 = ORIENTED_EDGE ( 'NONE', *, *, #2089, .F. ) ;
#744 = VECTOR ( 'NONE', #1459, 1000.000000000000000 ) ;
#745 = DIRECTION ( 'NONE',  ( 0.000000000000000000, 0.000000000000000000, -1.000000000000000000 ) ) ;
#746 = ORIENTED_EDGE ( 'NONE', *, *, #181, .F. ) ;
#747 = CARTESIAN_POINT ( 'NONE',  ( -4.635000000000000675, 3.180000000000000160, -3.187500000000000444 ) ) ;
#748 = ORIENTED_EDGE ( 'NONE', *, *, #547, .T. ) ;
#749 = CARTESIAN_POINT ( 'NONE',  ( 7.549999999999998934, 0.000000000000000000, -3.775000000000000355 ) ) ;
#750 = CARTESIAN_POINT ( 'NONE',  ( -2.466345057672078234, 0.000000000000000000, 5.080000000000000071 ) ) ;
#751 = CARTESIAN_POINT ( 'NONE',  ( 6.264999999999997904, 1.270000000000000018, 5.080000000000000071 ) ) ;
#752 = AXIS2_PLACEMENT_3D ( 'NONE', #1141, #1901, #225 ) ;
#753 = VECTOR ( 'NONE', #97, 1000.000000000000000 ) ;
#754 = EDGE_CURVE ( 'NONE', #1573, #852, #59, .T. ) ;
#755 = CARTESIAN_POINT ( 'NONE',  ( -5.538005399177347243, 0.3211313256863376764, -2.122500000000000053 ) ) ;
#756 = AXIS2_PLACEMENT_3D ( 'NONE', #1356, #1568, #1192 ) ;
#757 = ORIENTED_EDGE ( 'NONE', *, *, #2036, .F. ) ;
#758 = EDGE_CURVE ( 'NONE', #2249, #2401, #2131, .T. ) ;
#759 = LINE ( 'NONE', #2258, #1450 ) ;
#760 = EDGE_CURVE ( 'NONE', #795, #224, #771, .T. ) ;
#761 = EDGE_LOOP ( 'NONE', ( #2261, #1206, #664, #1216 ) ) ;
#762 = DIRECTION ( 'NONE',  ( -1.020627281641181728E-16, 1.000000000000000000, -0.000000000000000000 ) ) ;
#763 = LINE ( 'NONE', #1305, #1385 ) ;
#764 = VECTOR ( 'NONE', #849, 1000.000000000000114 ) ;
#765 = DIRECTION ( 'NONE',  ( 0.1775237485613998800, 0.9841165168295412657, 0.000000000000000000 ) ) ;
#766 = EDGE_CURVE ( 'NONE', #573, #1020, #1165, .T. ) ;
#767 = ORIENTED_EDGE ( 'NONE', *, *, #248, .F. ) ;
#768 = AXIS2_PLACEMENT_3D ( 'NONE', #145, #1608, #2358 ) ;
#769 = DIRECTION ( 'NONE',  ( 0.000000000000000000, 1.000000000000000000, 0.000000000000000000 ) ) ;
#770 = ORIENTED_EDGE ( 'NONE', *, *, #547, .F. ) ;
#771 = LINE ( 'NONE', #1544, #1053 ) ;
#772 = ADVANCED_FACE ( 'NONE', ( #1534 ), #1521, .F. ) ;
#773 = ORIENTED_EDGE ( 'NONE', *, *, #2133, .F. ) ;
#774 = AXIS2_PLACEMENT_3D ( 'NONE', #1970, #2337, #1935 ) ;
#775 = DIRECTION ( 'NONE',  ( 0.000000000000000000, 0.000000000000000000, -1.000000000000000000 ) ) ;
#776 = DIRECTION ( 'NONE',  ( -0.000000000000000000, -1.000000000000000000, -0.000000000000000000 ) ) ;
#777 = CARTESIAN_POINT ( 'NONE',  ( 0.2699999999999981859, 1.270000000000000018, -4.174999999999998934 ) ) ;
#778 = VECTOR ( 'NONE', #1786, 999.9999999999998863 ) ;
#779 = ORIENTED_EDGE ( 'NONE', *, *, #1787, .F. ) ;
#780 = ORIENTED_EDGE ( 'NONE', *, *, #1816, .F. ) ;
#781 = DIRECTION ( 'NONE',  ( 1.000000000000000000, 0.000000000000000000, 0.000000000000000000 ) ) ;
#782 = ORIENTED_EDGE ( 'NONE', *, *, #1824, .T. ) ;
#783 = EDGE_CURVE ( 'NONE', #403, #1559, #246, .T. ) ;
#784 = DIRECTION ( 'NONE',  ( -0.000000000000000000, -0.000000000000000000, -1.000000000000000000 ) ) ;
#785 = CARTESIAN_POINT ( 'NONE',  ( 5.464999999999998082, 1.270000000000000018, -4.175000000000000711 ) ) ;
#786 = EDGE_LOOP ( 'NONE', ( #1640, #1650, #1720, #942, #1646, #1624, #1337, #2273, #2093, #746, #1959, #479, #710, #476 ) ) ;
#787 = CARTESIAN_POINT ( 'NONE',  ( -5.507915166721035760, -0.1091790462582526433, 2.957500000000000018 ) ) ;
#788 = EDGE_CURVE ( 'NONE', #383, #2401, #1924, .T. ) ;
#789 = FACE_OUTER_BOUND ( 'NONE', #2383, .T. ) ;
#790 = ORIENTED_EDGE ( 'NONE', *, *, #1265, .F. ) ;
#791 = VERTEX_POINT ( 'NONE', #267 ) ;
#792 = CARTESIAN_POINT ( 'NONE',  ( 5.464999999999998970, 1.270000000000000018, 3.375000000000000444 ) ) ;
#793 = VECTOR ( 'NONE', #2085, 1000.000000000000000 ) ;
#794 = UNCERTAINTY_MEASURE_WITH_UNIT (LENGTH_MEASURE( 1.000000000000000082E-05 ), #368, 'distance_accuracy_value', 'NONE');
#795 = VERTEX_POINT ( 'NONE', #1175 ) ;
#796 = FACE_OUTER_BOUND ( 'NONE', #1462, .T. ) ;
#797 = CARTESIAN_POINT ( 'NONE',  ( 6.264999999999998792, 0.000000000000000000, -3.375000000000000444 ) ) ;
#798 = ORIENTED_EDGE ( 'NONE', *, *, #1187, .T. ) ;
#799 = DIRECTION ( 'NONE',  ( -0.9975640502598241977, -0.06975647374412552448, 0.000000000000000000 ) ) ;
#800 = EDGE_CURVE ( 'NONE', #683, #732, #1186, .T. ) ;
#801 = CARTESIAN_POINT ( 'NONE',  ( -5.285786294246656247, 1.570833648918777081, 2.122500000000000053 ) ) ;
#802 = EDGE_CURVE ( 'NONE', #1811, #25, #1929, .T. ) ;
#803 = FACE_OUTER_BOUND ( 'NONE', #2349, .T. ) ;
#804 = ORIENTED_EDGE ( 'NONE', *, *, #453, .T. ) ;
#805 = DIRECTION ( 'NONE',  ( 1.000000000000000000, 0.000000000000000000, 0.000000000000000000 ) ) ;
#806 = CARTESIAN_POINT ( 'NONE',  ( -4.635000000000000675, 2.774999999999999911, 0.4174999999999999267 ) ) ;
#807 = VERTEX_POINT ( 'NONE', #987 ) ;
#808 = CYLINDRICAL_SURFACE ( 'NONE', #671, 0.02636114601614614195 ) ;
#809 = ORIENTED_EDGE ( 'NONE', *, *, #581, .F. ) ;
#810 = LINE ( 'NONE', #2333, #574 ) ;
#811 = FACE_OUTER_BOUND ( 'NONE', #1415, .T. ) ;
#812 = EDGE_CURVE ( 'NONE', #1210, #1869, #973, .T. ) ;
#813 = VECTOR ( 'NONE', #1621, 1000.000000000000000 ) ;
#814 = EDGE_LOOP ( 'NONE', ( #1374, #924, #2304, #1085 ) ) ;
#815 = FACE_OUTER_BOUND ( 'NONE', #786, .T. ) ;
#816 = FACE_OUTER_BOUND ( 'NONE', #2229, .T. ) ;
#817 = PLANE ( 'NONE',  #1353 ) ;
#818 = EDGE_LOOP ( 'NONE', ( #247, #39, #332, #261 ) ) ;
#819 = VECTOR ( 'NONE', #571, 1000.000000000000000 ) ;
#820 = CARTESIAN_POINT ( 'NONE',  ( 0.2699999999999981859, 1.270000000000000018, -4.174999999999998934 ) ) ;
#821 = LINE ( 'NONE', #1751, #1137 ) ;
#822 = ORIENTED_EDGE ( 'NONE', *, *, #1213, .F. ) ;
#823 = CARTESIAN_POINT ( 'NONE',  ( 0.2699999999999981859, 0.000000000000000000, -4.174999999999998934 ) ) ;
#824 = LINE ( 'NONE', #1571, #2107 ) ;
#825 = EDGE_CURVE ( 'NONE', #1819, #666, #2106, .T. ) ;
#826 = ORIENTED_EDGE ( 'NONE', *, *, #275, .F. ) ;
#827 = CARTESIAN_POINT ( 'NONE',  ( -4.635000000000000675, 2.774999999999991918, 1.892500000000000071 ) ) ;
#828 = CARTESIAN_POINT ( 'NONE',  ( 0.2699999999999999067, 1.270000000000000018, 4.175000000000000711 ) ) ;
#829 = AXIS2_PLACEMENT_3D ( 'NONE', #217, #1706, #30 ) ;
#830 = ORIENTED_EDGE ( 'NONE', *, *, #1856, .F. ) ;
#831 = VECTOR ( 'NONE', #362, 1000.000000000000000 ) ;
#832 = SURFACE_STYLE_USAGE ( .BOTH. , #1037 ) ;
#833 = LINE ( 'NONE', #797, #86 ) ;
#834 = ORIENTED_EDGE ( 'NONE', *, *, #2113, .T. ) ;
#835 = VECTOR ( 'NONE', #1195, 1000.000000000000000 ) ;
#836 = EDGE_CURVE ( 'NONE', #347, #1523, #617, .T. ) ;
#837 = DIRECTION ( 'NONE',  ( 1.000000000000000000, 0.000000000000000000, -0.000000000000000000 ) ) ;
#838 = ORIENTED_EDGE ( 'NONE', *, *, #1537, .F. ) ;
#839 = SURFACE_STYLE_USAGE ( .BOTH. , #2350 ) ;
#840 = LINE ( 'NONE', #828, #1383 ) ;
#841 = VERTEX_POINT ( 'NONE', #68 ) ;
#842 = CARTESIAN_POINT ( 'NONE',  ( -5.059509628513012558, 2.825215701608376762, 1.892500000000000071 ) ) ;
#843 = ADVANCED_FACE ( 'NONE', ( #816 ), #47, .F. ) ;
#844 = CIRCLE ( 'NONE', #1270, 0.9999999999999995559 ) ;
#845 = FACE_OUTER_BOUND ( 'NONE', #2336, .T. ) ;
#846 = FACE_OUTER_BOUND ( 'NONE', #1170, .T. ) ;
#847 = ORIENTED_EDGE ( 'NONE', *, *, #1055, .F. ) ;
#848 = LINE ( 'NONE', #2385, #1910 ) ;
#849 = DIRECTION ( 'NONE',  ( -0.1775237485614007960, -0.9841165168295410437, 0.000000000000000000 ) ) ;
#850 = CARTESIAN_POINT ( 'NONE',  ( -4.635000000000000675, -0.2500000000000002220, -0.6475000000000000755 ) ) ;
#851 = AXIS2_PLACEMENT_3D ( 'NONE', #1258, #340, #102 ) ;
#852 = VERTEX_POINT ( 'NONE', #2311 ) ;
#853 = DIRECTION ( 'NONE',  ( 0.9975640502598241977, 0.06975647374412553836, 0.000000000000000000 ) ) ;
#854 = CARTESIAN_POINT ( 'NONE',  ( -4.635000000000000675, 2.748638853983848218, 0.6474999999999998535 ) ) ;
#855 = VECTOR ( 'NONE', #389, 1000.000000000000000 ) ;
#856 = ORIENTED_EDGE ( 'NONE', *, *, #1247, .T. ) ;
#857 = DIRECTION ( 'NONE',  ( 0.9841165168295412657, -0.1775237485613996302, 0.000000000000000000 ) ) ;
#858 = EDGE_CURVE ( 'NONE', #1277, #1606, #1338, .T. ) ;
#859 = EDGE_LOOP ( 'NONE', ( #1229, #1113, #280, #1190, #1470, #702, #659, #435 ) ) ;
#860 = PLANE ( 'NONE',  #768 ) ;
#861 = EDGE_CURVE ( 'NONE', #1801, #606, #627, .T. ) ;
#862 = PLANE ( 'NONE',  #2322 ) ;
#863 = ORIENTED_EDGE ( 'NONE', *, *, #1395, .F. ) ;
#864 =( NAMED_UNIT ( * ) PLANE_ANGLE_UNIT ( ) SI_UNIT ( $, .RADIAN. ) );
#865 = LINE ( 'NONE', #1587, #2006 ) ;
#866 = ORIENTED_EDGE ( 'NONE', *, *, #1443, .F. ) ;
#867 = AXIS2_PLACEMENT_3D ( 'NONE', #1224, #2009, #2168 ) ;
#868 = CARTESIAN_POINT ( 'NONE',  ( 5.464999999999998970, 0.000000000000000000, 3.375000000000000444 ) ) ;
#869 = CARTESIAN_POINT ( 'NONE',  ( -5.512062959980303489, 0.3164515962291772344, 2.122500000000000053 ) ) ;
#870 = CARTESIAN_POINT ( 'NONE',  ( 0.2699999999999981859, 1.270000000000000018, -4.174999999999998934 ) ) ;
#871 = ORIENTED_EDGE ( 'NONE', *, *, #1843, .F. ) ;
#872 = VECTOR ( 'NONE', #2077, 999.9999999999998863 ) ;
#873 = DIRECTION ( 'NONE',  ( 1.000000000000000000, 0.000000000000000000, 0.000000000000000000 ) ) ;
#874 = CARTESIAN_POINT ( 'NONE',  ( -5.536166538587405483, 0.2948343940969749832, 2.957500000000000018 ) ) ;
#875 = ADVANCED_FACE ( 'NONE', ( #2081 ), #404, .F. ) ;
#876 = ADVANCED_FACE ( 'NONE', ( #963 ), #36, .F. ) ;
#877 = VERTEX_POINT ( 'NONE', #107 ) ;
#878 =( LENGTH_UNIT ( ) NAMED_UNIT ( * ) SI_UNIT ( .MILLI., .METRE. ) );
#879 = DIRECTION ( 'NONE',  ( 1.000000000000000000, 0.000000000000000000, 0.000000000000000000 ) ) ;
#880 = ORIENTED_EDGE ( 'NONE', *, *, #2205, .T. ) ;
#881 = CARTESIAN_POINT ( 'NONE',  ( -2.831680738477104775, 2.774999999999999467, 1.892500000000000071 ) ) ;
#882 = EDGE_CURVE ( 'NONE', #573, #1937, #655, .T. ) ;
#883 = DIRECTION ( 'NONE',  ( 0.000000000000000000, 0.000000000000000000, -1.000000000000000000 ) ) ;
#884 = DIRECTION ( 'NONE',  ( 0.000000000000000000, 0.000000000000000000, 1.000000000000000000 ) ) ;
#885 = ORIENTED_EDGE ( 'NONE', *, *, #2320, .F. ) ;
#886 = PLANE ( 'NONE',  #1474 ) ;
#887 = AXIS2_PLACEMENT_3D ( 'NONE', #997, #1746, #1387 ) ;
#888 = PLANE ( 'NONE',  #1677 ) ;
#889 = AXIS2_PLACEMENT_3D ( 'NONE', #806, #48, #618 ) ;
#890 = EDGE_CURVE ( 'NONE', #1934, #1346, #136, .T. ) ;
#891 = ORIENTED_EDGE ( 'NONE', *, *, #1475, .T. ) ;
#892 = DIRECTION ( 'NONE',  ( -1.000000000000000000, 0.000000000000000000, 0.000000000000000000 ) ) ;
#893 = DIRECTION ( 'NONE',  ( -1.000000000000000000, 2.404903436943050654E-16, 0.000000000000000000 ) ) ;
#894 = ORIENTED_EDGE ( 'NONE', *, *, #2373, .F. ) ;
#895 = LINE ( 'NONE', #2157, #4 ) ;
#896 = AXIS2_PLACEMENT_3D ( 'NONE', #1979, #1014, #78 ) ;
#897 = DIRECTION ( 'NONE',  ( -1.020627281641181728E-16, 1.000000000000000000, -0.000000000000000000 ) ) ;
#898 = VERTEX_POINT ( 'NONE', #1958 ) ;
#899 = LINE ( 'NONE', #2213, #1636 ) ;
#900 = CARTESIAN_POINT ( 'NONE',  ( -4.635000000000000675, 2.774999999999999911, -2.122500000000000053 ) ) ;
#901 = CARTESIAN_POINT ( 'NONE',  ( -4.635000000000000675, 2.748638853983848218, -1.892500000000000293 ) ) ;
#902 = VERTEX_POINT ( 'NONE', #1031 ) ;
#903 = CARTESIAN_POINT ( 'NONE',  ( -2.831680738477104775, 2.774999999999999467, 3.187500000000000444 ) ) ;
#904 = CARTESIAN_POINT ( 'NONE',  ( -4.635000000000000675, 2.748638853983848218, -2.122500000000000053 ) ) ;
#905 = EDGE_CURVE ( 'NONE', #1039, #485, #2325, .T. ) ;
#906 = ORIENTED_EDGE ( 'NONE', *, *, #2119, .T. ) ;
#907 = FACE_OUTER_BOUND ( 'NONE', #984, .T. ) ;
#908 = ADVANCED_FACE ( 'NONE', ( #1045 ), #1250, .F. ) ;
#909 = VERTEX_POINT ( 'NONE', #1212 ) ;
#910 = LINE ( 'NONE', #1319, #304 ) ;
#911 = CARTESIAN_POINT ( 'NONE',  ( -4.635000000000000675, 2.748638853983848218, 1.892500000000000071 ) ) ;
#912 = CARTESIAN_POINT ( 'NONE',  ( -4.635000000000000675, 2.774999999999990141, -1.892500000000000293 ) ) ;
#913 = CIRCLE ( 'NONE', #1769, 0.02636114601614180514 ) ;
#914 = ORIENTED_EDGE ( 'NONE', *, *, #2119, .F. ) ;
#915 = DIRECTION ( 'NONE',  ( 0.9841165168295412657, -0.1775237485613996302, 0.000000000000000000 ) ) ;
#916 = ORIENTED_EDGE ( 'NONE', *, *, #1463, .T. ) ;
#917 = CARTESIAN_POINT ( 'NONE',  ( -5.285786294246656247, 1.570833648918777081, -1.892500000000000293 ) ) ;
#918 = CARTESIAN_POINT ( 'NONE',  ( 6.264999999999999680, 0.000000000000000000, 3.375000000000000444 ) ) ;
#919 = ORIENTED_EDGE ( 'NONE', *, *, #760, .F. ) ;
#920 = ADVANCED_FACE ( 'NONE', ( #690 ), #498, .F. ) ;
#921 = DIRECTION ( 'NONE',  ( -1.000000000000000000, 0.000000000000000000, 0.000000000000000000 ) ) ;
#922 = LINE ( 'NONE', #1668, #1781 ) ;
#923 = CARTESIAN_POINT ( 'NONE',  ( -7.521748628133628323, -0.2500000000000001110, 2.957500000000000018 ) ) ;
#924 = ORIENTED_EDGE ( 'NONE', *, *, #2188, .F. ) ;
#925 = FACE_OUTER_BOUND ( 'NONE', #410, .T. ) ;
#926 = EDGE_LOOP ( 'NONE', ( #1984, #1174, #989, #67 ) ) ;
#927 = PLANE ( 'NONE',  #202 ) ;
#928 = VECTOR ( 'NONE', #2279, 1000.000000000000000 ) ;
#929 = ORIENTED_EDGE ( 'NONE', *, *, #1824, .F. ) ;
#930 = CIRCLE ( 'NONE', #2303, 0.4313611460161504430 ) ;
#931 = EDGE_CURVE ( 'NONE', #1819, #986, #1075, .T. ) ;
#932 = DIRECTION ( 'NONE',  ( 1.000000000000000000, 0.000000000000000000, -0.000000000000000000 ) ) ;
#933 = CARTESIAN_POINT ( 'NONE',  ( 0.2699999999999999067, 1.270000000000000018, 4.175000000000000711 ) ) ;
#934 = DIRECTION ( 'NONE',  ( -1.000000000000000000, -0.000000000000000000, -0.000000000000000000 ) ) ;
#935 = VERTEX_POINT ( 'NONE', #665 ) ;
#936 = VECTOR ( 'NONE', #1510, 1000.000000000000000 ) ;
#937 = CARTESIAN_POINT ( 'NONE',  ( 7.549999999999999822, 0.000000000000000000, 3.775000000000000355 ) ) ;
#938 = ORIENTED_EDGE ( 'NONE', *, *, #2400, .T. ) ;
#939 = DIRECTION ( 'NONE',  ( -0.9914448613738103822, -0.1305261922200524893, 0.000000000000000000 ) ) ;
#940 = EDGE_CURVE ( 'NONE', #1348, #976, #865, .T. ) ;
#941 = DIRECTION ( 'NONE',  ( -0.000000000000000000, -0.000000000000000000, -1.000000000000000000 ) ) ;
#942 = ORIENTED_EDGE ( 'NONE', *, *, #1576, .F. ) ;
#943 = CARTESIAN_POINT ( 'NONE',  ( 3.813431933275228225, 4.599999999999998757, 2.449293598294707893E-16 ) ) ;
#944 = DIRECTION ( 'NONE',  ( 2.404903436943050654E-16, 1.000000000000000000, -0.000000000000000000 ) ) ;
#945 = CARTESIAN_POINT ( 'NONE',  ( -5.285786294246656247, 1.570833648918777081, 3.187500000000000444 ) ) ;
#946 = VECTOR ( 'NONE', #2375, 1000.000000000000000 ) ;
#947 = PRESENTATION_LAYER_ASSIGNMENT (  '', '', ( #325 ) ) ;
#948 = ORIENTED_EDGE ( 'NONE', *, *, #484, .F. ) ;
#949 = EDGE_CURVE ( 'NONE', #2212, #600, #1613, .T. ) ;
#950 = DIRECTION ( 'NONE',  ( -0.000000000000000000, -0.000000000000000000, -1.000000000000000000 ) ) ;
#951 = VECTOR ( 'NONE', #563, 1000.000000000000000 ) ;
#952 = ORIENTED_EDGE ( 'NONE', *, *, #788, .T. ) ;
#953 = FACE_OUTER_BOUND ( 'NONE', #1152, .T. ) ;
#954 = VECTOR ( 'NONE', #1966, 1000.000000000000000 ) ;
#955 = ORIENTED_EDGE ( 'NONE', *, *, #221, .F. ) ;
#956 = DIRECTION ( 'NONE',  ( -1.000000000000000000, 0.000000000000000000, 0.000000000000000000 ) ) ;
#957 = DIRECTION ( 'NONE',  ( -0.000000000000000000, -0.000000000000000000, -1.000000000000000000 ) ) ;
#958 = EDGE_LOOP ( 'NONE', ( #790, #515, #641, #1785 ) ) ;
#959 = VECTOR ( 'NONE', #469, 999.9999999999998863 ) ;
#960 = EDGE_CURVE ( 'NONE', #1303, #2090, #840, .T. ) ;
#961 = ORIENTED_EDGE ( 'NONE', *, *, #1004, .T. ) ;
#962 = COLOUR_RGB ( '',0.7921568627450980005, 0.8196078431372548767, 0.9333333333333333481 ) ;
#963 = FACE_OUTER_BOUND ( 'NONE', #153, .T. ) ;
#964 = LINE ( 'NONE', #339, #2339 ) ;
#965 = ORIENTED_EDGE ( 'NONE', *, *, #760, .T. ) ;
#966 = VECTOR ( 'NONE', #2263, 1000.000000000000114 ) ;
#967 = LINE ( 'NONE', #1050, #753 ) ;
#968 = ORIENTED_EDGE ( 'NONE', *, *, #2327, .F. ) ;
#969 = LINE ( 'NONE', #1333, #970 ) ;
#970 = VECTOR ( 'NONE', #765, 1000.000000000000114 ) ;
#971 = ORIENTED_EDGE ( 'NONE', *, *, #1742, .T. ) ;
#972 = VERTEX_POINT ( 'NONE', #1574 ) ;
#973 = LINE ( 'NONE', #594, #1610 ) ;
#974 = EDGE_CURVE ( 'NONE', #1921, #1109, #1417, .T. ) ;
#975 = CARTESIAN_POINT ( 'NONE',  ( -5.285786294246656247, 1.570833648918777081, 3.187500000000000444 ) ) ;
#976 = VERTEX_POINT ( 'NONE', #1601 ) ;
#977 = EDGE_CURVE ( 'NONE', #1024, #1523, #1388, .T. ) ;
#978 = EDGE_CURVE ( 'NONE', #2015, #1039, #1199, .T. ) ;
#979 = CARTESIAN_POINT ( 'NONE',  ( 6.264999999999998792, 1.270000000000000018, -3.375000000000000444 ) ) ;
#980 = CARTESIAN_POINT ( 'NONE',  ( -2.885000000000000231, 3.180000000000000160, 5.080000000000000071 ) ) ;
#981 = EDGE_LOOP ( 'NONE', ( #692, #1496, #2224, #1444, #1826, #838, #2052, #432 ) ) ;
#982 = CARTESIAN_POINT ( 'NONE',  ( 5.813431933275229113, 4.700000000000000178, -5.080000000000000071 ) ) ;
#983 = VECTOR ( 'NONE', #1936, 1000.000000000000000 ) ;
#984 = EDGE_LOOP ( 'NONE', ( #1499, #830, #1418, #2396 ) ) ;
#985 = EDGE_CURVE ( 'NONE', #1164, #1492, #1429, .T. ) ;
#986 = VERTEX_POINT ( 'NONE', #1018 ) ;
#987 = CARTESIAN_POINT ( 'NONE',  ( -2.466345057672078234, 0.000000000000000000, 5.080000000000000071 ) ) ;
#988 = VECTOR ( 'NONE', #883, 1000.000000000000000 ) ;
#989 = ORIENTED_EDGE ( 'NONE', *, *, #1166, .F. ) ;
#990 = LINE ( 'NONE', #249, #85 ) ;
#991 = ADVANCED_FACE ( 'NONE', ( #1768 ), #91, .F. ) ;
#992 = CARTESIAN_POINT ( 'NONE',  ( -4.635000000000000675, 2.748638853983848218, -3.187500000000000444 ) ) ;
#993 = ORIENTED_EDGE ( 'NONE', *, *, #1956, .T. ) ;
#994 = VECTOR ( 'NONE', #704, 1000.000000000000114 ) ;
#995 = LINE ( 'NONE', #2254, #1698 ) ;
#996 = EDGE_LOOP ( 'NONE', ( #1063, #561, #1977, #1878 ) ) ;
#997 = CARTESIAN_POINT ( 'NONE',  ( -5.536166538587405483, 0.2948343940969749832, 2.957500000000000018 ) ) ;
#998 = DIRECTION ( 'NONE',  ( -1.000000000000000000, 0.000000000000000000, 0.000000000000000000 ) ) ;
#999 = AXIS2_PLACEMENT_3D ( 'NONE', #2021, #745, #729 ) ;
#1000 = ORIENTED_EDGE ( 'NONE', *, *, #1899, .F. ) ;
#1001 = DIRECTION ( 'NONE',  ( 1.000000000000000000, 0.000000000000000000, -3.339217470600206118E-16 ) ) ;
#1002 = VECTOR ( 'NONE', #1570, 1000.000000000000000 ) ;
#1003 = VERTEX_POINT ( 'NONE', #1971 ) ;
#1004 = EDGE_CURVE ( 'NONE', #852, #1109, #293, .T. ) ;
#1005 = DIRECTION ( 'NONE',  ( 2.077513144882403750E-16, 0.000000000000000000, 1.000000000000000000 ) ) ;
#1006 = CARTESIAN_POINT ( 'NONE',  ( 6.264999999999997904, 0.000000000000000000, 5.080000000000000071 ) ) ;
#1007 = EDGE_CURVE ( 'NONE', #1600, #1869, #2351, .T. ) ;
#1008 = ORIENTED_EDGE ( 'NONE', *, *, #1787, .T. ) ;
#1009 = CARTESIAN_POINT ( 'NONE',  ( -2.831680738477104775, 2.774999999999999467, -1.892500000000000293 ) ) ;
#1010 = ORIENTED_EDGE ( 'NONE', *, *, #2361, .F. ) ;
#1011 =( LENGTH_UNIT ( ) NAMED_UNIT ( * ) SI_UNIT ( .MILLI., .METRE. ) );
#1012 = CARTESIAN_POINT ( 'NONE',  ( -5.285786294246656247, 1.570833648918777081, 3.187500000000000444 ) ) ;
#1013 = VERTEX_POINT ( 'NONE', #1469 ) ;
#1014 = DIRECTION ( 'NONE',  ( -0.000000000000000000, 1.000000000000000000, 0.000000000000000000 ) ) ;
#1015 = ADVANCED_FACE ( 'NONE', ( #535 ), #1098, .F. ) ;
#1016 = ORIENTED_EDGE ( 'NONE', *, *, #978, .F. ) ;
#1017 = PRESENTATION_STYLE_ASSIGNMENT (( #839 ) ) ;
#1018 = CARTESIAN_POINT ( 'NONE',  ( -4.635000000000000675, 2.774999999999990141, 1.892500000000000071 ) ) ;
#1019 = VECTOR ( 'NONE', #1143, 1000.000000000000114 ) ;
#1020 = VERTEX_POINT ( 'NONE', #345 ) ;
#1021 = LINE ( 'NONE', #1772, #543 ) ;
#1022 = AXIS2_PLACEMENT_3D ( 'NONE', #1368, #443, #420 ) ;
#1023 = DIRECTION ( 'NONE',  ( -0.000000000000000000, -0.000000000000000000, -1.000000000000000000 ) ) ;
#1024 = VERTEX_POINT ( 'NONE', #150 ) ;
#1025 = VECTOR ( 'NONE', #1128, 1000.000000000000114 ) ;
#1026 = FACE_OUTER_BOUND ( 'NONE', #510, .T. ) ;
#1027 = PLANE ( 'NONE',  #851 ) ;
#1028 = CARTESIAN_POINT ( 'NONE',  ( -2.684888203667169737, 4.699999999999999289, 5.080000000000000071 ) ) ;
#1029 = CARTESIAN_POINT ( 'NONE',  ( -7.521748628133628323, -0.2500000000000001110, 2.957500000000000018 ) ) ;
#1030 = VERTEX_POINT ( 'NONE', #2207 ) ;
#1031 = CARTESIAN_POINT ( 'NONE',  ( -5.059509628513014334, 2.825215701608377206, 3.187500000000000444 ) ) ;
#1032 = ADVANCED_FACE ( 'NONE', ( #2402 ), #718, .F. ) ;
#1033 = ORIENTED_EDGE ( 'NONE', *, *, #2104, .T. ) ;
#1034 = CARTESIAN_POINT ( 'NONE',  ( -7.549999999999999822, 0.1540134403552290421, -2.122500000000000053 ) ) ;
#1035 = DIRECTION ( 'NONE',  ( -0.000000000000000000, -0.000000000000000000, -1.000000000000000000 ) ) ;
#1036 = EDGE_CURVE ( 'NONE', #533, #485, #1279, .T. ) ;
#1037 = SURFACE_SIDE_STYLE ('',( #1228 ) ) ;
#1038 = DIRECTION ( 'NONE',  ( -0.000000000000000000, -0.000000000000000000, -1.000000000000000000 ) ) ;
#1039 = VERTEX_POINT ( 'NONE', #1827 ) ;
#1040 = FACE_OUTER_BOUND ( 'NONE', #1548, .T. ) ;
#1041 = LINE ( 'NONE', #1028, #1150 ) ;
#1042 = PLANE ( 'NONE',  #2189 ) ;
#1043 = VECTOR ( 'NONE', #1658, 1000.000000000000000 ) ;
#1044 = EDGE_LOOP ( 'NONE', ( #204, #938, #2181, #2356 ) ) ;
#1045 = FACE_OUTER_BOUND ( 'NONE', #2221, .T. ) ;
#1046 = VECTOR ( 'NONE', #1260, 1000.000000000000000 ) ;
#1047 = AXIS2_PLACEMENT_3D ( 'NONE', #2366, #306, #1590 ) ;
#1048 = ORIENTED_EDGE ( 'NONE', *, *, #2400, .F. ) ;
#1049 = CARTESIAN_POINT ( 'NONE',  ( 7.200326303877384149, 0.000000000000000000, 5.080000000000000071 ) ) ;
#1050 = CARTESIAN_POINT ( 'NONE',  ( 5.464999999999998082, 1.270000000000000018, -3.374999999999999556 ) ) ;
#1051 = DIRECTION ( 'NONE',  ( 0.9975640502598241977, 0.06975647374412553836, 0.000000000000000000 ) ) ;
#1052 = EDGE_LOOP ( 'NONE', ( #58, #60, #1602, #1745, #2060, #1865, #1480, #2001 ) ) ;
#1053 = VECTOR ( 'NONE', #1364, 1000.000000000000000 ) ;
#1054 = EDGE_CURVE ( 'NONE', #1024, #1120, #2022, .T. ) ;
#1055 = EDGE_CURVE ( 'NONE', #1360, #188, #176, .T. ) ;
#1056 = DIRECTION ( 'NONE',  ( 0.9914448613738113814, -0.1305261922200445512, 0.000000000000000000 ) ) ;
#1057 = DIRECTION ( 'NONE',  ( -1.020627281641181728E-16, 1.000000000000000000, 0.000000000000000000 ) ) ;
#1058 = LINE ( 'NONE', #2425, #198 ) ;
#1059 = ORIENTED_EDGE ( 'NONE', *, *, #2133, .T. ) ;
#1060 =( NAMED_UNIT ( * ) PLANE_ANGLE_UNIT ( ) SI_UNIT ( $, .RADIAN. ) );
#1061 = CARTESIAN_POINT ( 'NONE',  ( 5.464999999999998082, 1.270000000000000018, -3.374999999999999556 ) ) ;
#1062 = EDGE_CURVE ( 'NONE', #1193, #1030, #1840, .T. ) ;
#1063 = ORIENTED_EDGE ( 'NONE', *, *, #2032, .T. ) ;
#1064 = VECTOR ( 'NONE', #512, 1000.000000000000114 ) ;
#1065 = CARTESIAN_POINT ( 'NONE',  ( 3.813431933275228225, 4.699999999999999289, 2.449293598294707893E-16 ) ) ;
#1066 =( NAMED_UNIT ( * ) PLANE_ANGLE_UNIT ( ) SI_UNIT ( $, .RADIAN. ) );
#1067 = DIRECTION ( 'NONE',  ( 0.1305261922200526281, -0.9914448613738103822, 0.000000000000000000 ) ) ;
#1068 = ORIENTED_EDGE ( 'NONE', *, *, #2309, .T. ) ;
#1069 = AXIS2_PLACEMENT_3D ( 'NONE', #156, #1448, #1774 ) ;
#1070 = ADVANCED_FACE ( 'NONE', ( #1081 ), #1835, .T. ) ;
#1071 = DIRECTION ( 'NONE',  ( -1.020627281641181605E-16, 1.000000000000000000, 0.000000000000000000 ) ) ;
#1072 = LINE ( 'NONE', #1454, #2148 ) ;
#1073 = ORIENTED_EDGE ( 'NONE', *, *, #1119, .T. ) ;
#1074 = SURFACE_STYLE_FILL_AREA ( #1086 ) ;
#1075 = LINE ( 'NONE', #1626, #1290 ) ;
#1076 = VECTOR ( 'NONE', #359, 999.9999999999998863 ) ;
#1077 = EDGE_LOOP ( 'NONE', ( #1842, #720, #582, #2317 ) ) ;
#1078 = FACE_OUTER_BOUND ( 'NONE', #1652, .T. ) ;
#1079 = CARTESIAN_POINT ( 'NONE',  ( -4.635000000000000675, 2.774999999999990141, -3.187500000000000444 ) ) ;
#1080 = EDGE_LOOP ( 'NONE', ( #546, #1700, #1850, #1577, #1386, #1884, #597, #1926 ) ) ;
#1081 = FACE_OUTER_BOUND ( 'NONE', #1806, .T. ) ;
#1082 = CARTESIAN_POINT ( 'NONE',  ( -7.549999999999999822, 0.1540134403552290421, -2.122500000000000053 ) ) ;
#1083 = EDGE_CURVE ( 'NONE', #123, #1815, #2162, .T. ) ;
#1084 = VECTOR ( 'NONE', #769, 1000.000000000000000 ) ;
#1085 = ORIENTED_EDGE ( 'NONE', *, *, #114, .T. ) ;
#1086 = FILL_AREA_STYLE ('',( #1673 ) ) ;
#1088 = EDGE_CURVE ( 'NONE', #1020, #2377, #672, .T. ) ;
#1087 = CARTESIAN_POINT ( 'NONE',  ( 5.464999999999998970, 0.000000000000000000, 4.175000000000000711 ) ) ;
#1089 = EDGE_LOOP ( 'NONE', ( #1123, #367, #2038, #1838 ) ) ;
#1090 = CARTESIAN_POINT ( 'NONE',  ( -5.538005399177347243, 0.3211313256863376764, 2.957500000000000018 ) ) ;
#1091 = CIRCLE ( 'NONE', #34, 0.02636114601614180514 ) ;
#1092 = VECTOR ( 'NONE', #857, 1000.000000000000114 ) ;
#1093 = CARTESIAN_POINT ( 'NONE',  ( 5.464999999999998970, 1.270000000000000018, 3.375000000000000444 ) ) ;
#1094 = EDGE_LOOP ( 'NONE', ( #1903, #636, #258, #2027 ) ) ;
#1095 = DIRECTION ( 'NONE',  ( -0.000000000000000000, -0.000000000000000000, -1.000000000000000000 ) ) ;
#1096 = CARTESIAN_POINT ( 'NONE',  ( 6.264999999999997904, 1.270000000000000018, 5.080000000000000071 ) ) ;
#1097 = ORIENTED_EDGE ( 'NONE', *, *, #733, .T. ) ;
#1098 = PLANE ( 'NONE',  #2369 ) ;
#1099 = DIRECTION ( 'NONE',  ( -0.9975640502598243087, -0.06975647374412474733, 0.000000000000000000 ) ) ;
#1100 = EDGE_CURVE ( 'NONE', #142, #1299, #286, .T. ) ;
#1101 = ORIENTED_EDGE ( 'NONE', *, *, #1410, .F. ) ;
#1102 = DIRECTION ( 'NONE',  ( 0.000000000000000000, 0.000000000000000000, -1.000000000000000000 ) ) ;
#1103 = CARTESIAN_POINT ( 'NONE',  ( -4.635000000000000675, 2.748638853983848218, -3.187500000000000444 ) ) ;
#1104 = ORIENTED_EDGE ( 'NONE', *, *, #2076, .T. ) ;
#1105 = CARTESIAN_POINT ( 'NONE',  ( -5.285786294246656247, 1.570833648918777081, 3.187500000000000444 ) ) ;
#1106 = FACE_OUTER_BOUND ( 'NONE', #1731, .T. ) ;
#1107 = STYLED_ITEM ( 'NONE', ( #1962 ), #1507 ) ;
#1108 = DIRECTION ( 'NONE',  ( -1.000000000000000000, 0.000000000000000000, 0.000000000000000000 ) ) ;
#1109 = VERTEX_POINT ( 'NONE', #1438 ) ;
#1110 = ORIENTED_EDGE ( 'NONE', *, *, #1537, .T. ) ;
#1111 = DIRECTION ( 'NONE',  ( 1.000000000000000000, 0.000000000000000000, -2.077513144882403750E-16 ) ) ;
#1112 = EDGE_CURVE ( 'NONE', #224, #2233, #1231, .T. ) ;
#1113 = ORIENTED_EDGE ( 'NONE', *, *, #1961, .T. ) ;
#1114 = FACE_OUTER_BOUND ( 'NONE', #1089, .T. ) ;
#1115 = DIRECTION ( 'NONE',  ( 1.000000000000000000, 0.000000000000000000, 0.000000000000000000 ) ) ;
#1116 = CARTESIAN_POINT ( 'NONE',  ( -7.549999999999999822, 0.1540134403552290421, 2.957500000000000018 ) ) ;
#1117 = DIRECTION ( 'NONE',  ( 1.000000000000000000, 0.000000000000000000, 0.000000000000000000 ) ) ;
#1118 = VERTEX_POINT ( 'NONE', #1638 ) ;
#1119 = EDGE_CURVE ( 'NONE', #841, #564, #2386, .T. ) ;
#1120 = VERTEX_POINT ( 'NONE', #1583 ) ;
#1121 = CARTESIAN_POINT ( 'NONE',  ( -2.831680738477104775, 2.774999999999999467, 3.187500000000000444 ) ) ;
#1122 = CARTESIAN_POINT ( 'NONE',  ( -4.635000000000000675, 2.774999999999990141, 3.187500000000000444 ) ) ;
#1123 = ORIENTED_EDGE ( 'NONE', *, *, #294, .T. ) ;
#1124 = AXIS2_PLACEMENT_3D ( 'NONE', #1029, #445, #1943 ) ;
#1125 = DIRECTION ( 'NONE',  ( -0.9841165168295412657, 0.1775237485613996302, 0.000000000000000000 ) ) ;
#1126 = ADVANCED_FACE ( 'NONE', ( #685 ), #341, .F. ) ;
#1127 = CARTESIAN_POINT ( 'NONE',  ( 6.264999999999999680, 0.000000000000000000, 3.375000000000000444 ) ) ;
#1128 = DIRECTION ( 'NONE',  ( 0.9841165168295412657, -0.1775237485613996302, 0.000000000000000000 ) ) ;
#1129 = DIRECTION ( 'NONE',  ( -0.000000000000000000, -0.000000000000000000, -1.000000000000000000 ) ) ;
#1130 = ORIENTED_EDGE ( 'NONE', *, *, #742, .T. ) ;
#1131 = CARTESIAN_POINT ( 'NONE',  ( 0.2699999999999981859, 1.270000000000000018, -4.174999999999998934 ) ) ;
#1132 = ORIENTED_EDGE ( 'NONE', *, *, #453, .F. ) ;
#1133 = CYLINDRICAL_SURFACE ( 'NONE', #631, 0.4313611460161461131 ) ;
#1134 = CARTESIAN_POINT ( 'NONE',  ( -5.113495770664344242, 0.2445544780618006675, 2.957500000000000018 ) ) ;
#1135 = FACE_OUTER_BOUND ( 'NONE', #1628, .T. ) ;
#1136 = EDGE_CURVE ( 'NONE', #273, #2082, #482, .T. ) ;
#1137 = VECTOR ( 'NONE', #2111, 1000.000000000000000 ) ;
#1138 = CARTESIAN_POINT ( 'NONE',  ( -5.285786294246656247, 1.570833648918777081, 3.187500000000000444 ) ) ;
#1139 = VECTOR ( 'NONE', #2248, 1000.000000000000000 ) ;
#1140 = ORIENTED_EDGE ( 'NONE', *, *, #858, .F. ) ;
#1141 = CARTESIAN_POINT ( 'NONE',  ( 5.464999999999998082, 1.270000000000000018, -4.175000000000000711 ) ) ;
#1142 = EDGE_LOOP ( 'NONE', ( #782, #1829, #2046, #2340, #1449, #1957, #748, #540 ) ) ;
#1143 = DIRECTION ( 'NONE',  ( 0.1775237485614014621, 0.9841165168295409327, 0.000000000000000000 ) ) ;
#1144 = ORIENTED_EDGE ( 'NONE', *, *, #691, .T. ) ;
#1145 = FACE_OUTER_BOUND ( 'NONE', #2290, .T. ) ;
#1146 = CARTESIAN_POINT ( 'NONE',  ( -5.538005399177347243, 0.3211313256863376764, -2.957500000000000018 ) ) ;
#1147 = ADVANCED_FACE ( 'NONE', ( #2334 ), #650, .F. ) ;
#1148 = EDGE_LOOP ( 'NONE', ( #2033, #20, #89, #610 ) ) ;
#1149 = CARTESIAN_POINT ( 'NONE',  ( 0.000000000000000000, 0.000000000000000000, 0.000000000000000000 ) ) ;
#1150 = VECTOR ( 'NONE', #2371, 1000.000000000000000 ) ;
#1151 = EDGE_CURVE ( 'NONE', #877, #467, #1221, .T. ) ;
#1152 = EDGE_LOOP ( 'NONE', ( #1539, #1513, #1594, #604 ) ) ;
#1153 = VECTOR ( 'NONE', #915, 1000.000000000000114 ) ;
#1154 = DIRECTION ( 'NONE',  ( 0.9841165168295412657, -0.1775237485613996302, 0.000000000000000000 ) ) ;
#1155 = EDGE_LOOP ( 'NONE', ( #653, #1329, #415, #1335 ) ) ;
#1156 = VECTOR ( 'NONE', #1663, 1000.000000000000000 ) ;
#1157 = DIRECTION ( 'NONE',  ( 0.9841165168295411547, -0.1775237485614008237, 0.000000000000000000 ) ) ;
#1158 = CARTESIAN_POINT ( 'NONE',  ( 6.264999999999996128, 1.270000000000000018, -5.080000000000000071 ) ) ;
#1159 = EDGE_LOOP ( 'NONE', ( #623, #955, #1949, #1264 ) ) ;
#1160 = DIRECTION ( 'NONE',  ( -0.000000000000000000, -0.000000000000000000, -1.000000000000000000 ) ) ;
#1161 = VECTOR ( 'NONE', #1985, 1000.000000000000000 ) ;
#1162 = ORIENTED_EDGE ( 'NONE', *, *, #560, .T. ) ;
#1163 = DIRECTION ( 'NONE',  ( 0.000000000000000000, 0.000000000000000000, 1.000000000000000000 ) ) ;
#1164 = VERTEX_POINT ( 'NONE', #1990 ) ;
#1165 = LINE ( 'NONE', #427, #7 ) ;
#1166 = EDGE_CURVE ( 'NONE', #1606, #807, #2151, .T. ) ;
#1167 = VERTEX_POINT ( 'NONE', #1207 ) ;
#1168 = PRESENTATION_STYLE_ASSIGNMENT (( #72 ) ) ;
#1169 = DIRECTION ( 'NONE',  ( -0.000000000000000000, -0.000000000000000000, -1.000000000000000000 ) ) ;
#1170 = EDGE_LOOP ( 'NONE', ( #2105, #1722, #1569, #863 ) ) ;
#1171 = VECTOR ( 'NONE', #256, 999.9999999999998863 ) ;
#1172 = DIRECTION ( 'NONE',  ( -0.000000000000000000, 1.000000000000000000, 0.000000000000000000 ) ) ;
#1173 = AXIS2_PLACEMENT_3D ( 'NONE', #1134, #365, #219 ) ;
#1174 = ORIENTED_EDGE ( 'NONE', *, *, #1562, .F. ) ;
#1175 = CARTESIAN_POINT ( 'NONE',  ( 6.264999999999999680, 1.270000000000000018, -3.375000000000000444 ) ) ;
#1176 = VECTOR ( 'NONE', #228, 1000.000000000000000 ) ;
#1177 = ORIENTED_EDGE ( 'NONE', *, *, #1112, .T. ) ;
#1178 = EDGE_CURVE ( 'NONE', #2365, #2416, #844, .T. ) ;
#1179 = LINE ( 'NONE', #621, #131 ) ;
#1180 = CARTESIAN_POINT ( 'NONE',  ( 6.264999999999999680, 0.000000000000000000, 5.080000000000000071 ) ) ;
#1181 = ORIENTED_EDGE ( 'NONE', *, *, #181, .T. ) ;
#1182 = VECTOR ( 'NONE', #164, 1000.000000000000000 ) ;
#1183 = LINE ( 'NONE', #470, #1339 ) ;
#1184 = CARTESIAN_POINT ( 'NONE',  ( -5.059509628513002788, 2.825215701608374985, 2.957500000000000018 ) ) ;
#1185 = ORIENTED_EDGE ( 'NONE', *, *, #1495, .T. ) ;
#1186 = LINE ( 'NONE', #1009, #1171 ) ;
#1187 = EDGE_CURVE ( 'NONE', #1277, #496, #1041, .T. ) ;
#1188 = CARTESIAN_POINT ( 'NONE',  ( -4.887219104930689006, 1.498936530751409535, -3.187500000000000444 ) ) ;
#1189 = STYLED_ITEM ( 'NONE', ( #717 ), #433 ) ;
#1190 = ORIENTED_EDGE ( 'NONE', *, *, #648, .F. ) ;
#1191 = PLANE ( 'NONE',  #829 ) ;
#1192 = DIRECTION ( 'NONE',  ( 1.000000000000000000, 0.000000000000000000, 0.000000000000000000 ) ) ;
#1193 = VERTEX_POINT ( 'NONE', #1778 ) ;
#1194 = EDGE_CURVE ( 'NONE', #657, #1164, #1792, .T. ) ;
#1195 = DIRECTION ( 'NONE',  ( -1.000000000000000000, 0.000000000000000000, 0.000000000000000000 ) ) ;
#1196 = AXIS2_PLACEMENT_3D ( 'NONE', #706, #1203, #1407 ) ;
#1197 = ORIENTED_EDGE ( 'NONE', *, *, #1239, .F. ) ;
#1198 = SURFACE_SIDE_STYLE ('',( #266 ) ) ;
#1199 = LINE ( 'NONE', #461, #1511 ) ;
#1200 = ADVANCED_FACE ( 'NONE', ( #1245 ), #860, .F. ) ;
#1201 = PLANE ( 'NONE',  #1948 ) ;
#1202 = ORIENTED_EDGE ( 'NONE', *, *, #711, .T. ) ;
#1203 = DIRECTION ( 'NONE',  ( -1.000000000000000000, 0.000000000000000000, -0.000000000000000000 ) ) ;
#1204 = FILL_AREA_STYLE ('',( #1975 ) ) ;
#1205 = PLANE ( 'NONE',  #327 ) ;
#1206 = ORIENTED_EDGE ( 'NONE', *, *, #373, .T. ) ;
#1207 = CARTESIAN_POINT ( 'NONE',  ( 6.264999999999996128, 1.270000000000000018, -5.080000000000000071 ) ) ;
#1208 = CARTESIAN_POINT ( 'NONE',  ( -5.285786294246656247, 1.570833648918777081, 1.892500000000000071 ) ) ;
#1209 = ADVANCED_FACE ( 'NONE', ( #2004 ), #886, .F. ) ;
#1210 = VERTEX_POINT ( 'NONE', #186 ) ;
#1211 = FILL_AREA_STYLE_COLOUR ( '', #1349 ) ;
#1212 = CARTESIAN_POINT ( 'NONE',  ( 6.264999999999999680, 1.270000000000000018, 3.375000000000000444 ) ) ;
#1213 = EDGE_CURVE ( 'NONE', #1606, #142, #1464, .T. ) ;
#1214 = FACE_OUTER_BOUND ( 'NONE', #1251, .T. ) ;
#1215 = VECTOR ( 'NONE', #61, 1000.000000000000114 ) ;
#1216 = ORIENTED_EDGE ( 'NONE', *, *, #1765, .F. ) ;
#1217 = CARTESIAN_POINT ( 'NONE',  ( -5.536166538587405483, 0.2948343940969783139, -2.122500000000000053 ) ) ;
#1218 = DIRECTION ( 'NONE',  ( -1.000000000000000000, 0.000000000000000000, 0.000000000000000000 ) ) ;
#1219 = PLANE ( 'NONE',  #1069 ) ;
#1220 = ORIENTED_EDGE ( 'NONE', *, *, #1187, .F. ) ;
#1221 = LINE ( 'NONE', #1978, #100 ) ;
#1222 = CARTESIAN_POINT ( 'NONE',  ( 7.549999999999998934, 1.270000000000000018, -3.775000000000000355 ) ) ;
#1223 = ORIENTED_EDGE ( 'NONE', *, *, #1136, .F. ) ;
#1224 = CARTESIAN_POINT ( 'NONE',  ( 0.000000000000000000, 0.000000000000000000, -5.080000000000000071 ) ) ;
#1225 = EDGE_CURVE ( 'NONE', #972, #2082, #2054, .T. ) ;
#1226 = ORIENTED_EDGE ( 'NONE', *, *, #1883, .F. ) ;
#1227 = DIRECTION ( 'NONE',  ( 2.077513144882403750E-16, 0.000000000000000000, 1.000000000000000000 ) ) ;
#1228 = SURFACE_STYLE_FILL_AREA ( #271 ) ;
#1229 = ORIENTED_EDGE ( 'NONE', *, *, #2071, .F. ) ;
#1230 = LINE ( 'NONE', #1272, #1311 ) ;
#1231 = LINE ( 'NONE', #1822, #2059 ) ;
#1232 = CARTESIAN_POINT ( 'NONE',  ( 0.2699999999999981859, 1.270000000000000018, -4.174999999999998934 ) ) ;
#1233 = ORIENTED_EDGE ( 'NONE', *, *, #614, .F. ) ;
#1234 =( NAMED_UNIT ( * ) PLANE_ANGLE_UNIT ( ) SI_UNIT ( $, .RADIAN. ) );
#1235 = CARTESIAN_POINT ( 'NONE',  ( 5.464999999999998970, 1.270000000000000018, 3.375000000000000444 ) ) ;
#1236 = VECTOR ( 'NONE', #342, 1000.000000000000114 ) ;
#1237 = ORIENTED_EDGE ( 'NONE', *, *, #1088, .T. ) ;
#1238 = CARTESIAN_POINT ( 'NONE',  ( -5.285786294246656247, 1.570833648918777081, -2.957500000000000018 ) ) ;
#1239 = EDGE_CURVE ( 'NONE', #305, #1795, #1871, .T. ) ;
#1240 = PRESENTATION_STYLE_ASSIGNMENT (( #695 ) ) ;
#1241 = LINE ( 'NONE', #2382, #1139 ) ;
#1242 = ORIENTED_EDGE ( 'NONE', *, *, #754, .T. ) ;
#1243 = AXIS2_PLACEMENT_3D ( 'NONE', #1688, #939, #393 ) ;
#1244 = DIRECTION ( 'NONE',  ( 1.000000000000000000, 0.000000000000000000, 0.000000000000000000 ) ) ;
#1245 = FACE_OUTER_BOUND ( 'NONE', #1847, .T. ) ;
#1246 = CARTESIAN_POINT ( 'NONE',  ( -5.512062959980303489, 0.3164515962291772344, -2.122500000000000053 ) ) ;
#1247 = EDGE_CURVE ( 'NONE', #295, #1953, #922, .T. ) ;
#1248 = ORIENTED_EDGE ( 'NONE', *, *, #754, .F. ) ;
#1249 = CARTESIAN_POINT ( 'NONE',  ( 5.813431933275229113, 4.700000000000000178, 5.080000000000000071 ) ) ;
#1250 = PLANE ( 'NONE',  #867 ) ;
#1251 = EDGE_LOOP ( 'NONE', ( #179, #1483, #357, #906 ) ) ;
#1252 = PLANE ( 'NONE',  #1196 ) ;
#1253 = VECTOR ( 'NONE', #2135, 1000.000000000000000 ) ;
#1254 = ADVANCED_FACE ( 'NONE', ( #531 ), #194, .F. ) ;
#1255 = DIRECTION ( 'NONE',  ( -1.000000000000000000, -0.000000000000000000, 3.339217470600206118E-16 ) ) ;
#1256 = ORIENTED_EDGE ( 'NONE', *, *, #1088, .F. ) ;
#1257 = VECTOR ( 'NONE', #1512, 1000.000000000000000 ) ;
#1258 = CARTESIAN_POINT ( 'NONE',  ( 5.464999999999998082, 1.270000000000000018, -3.374999999999999556 ) ) ;
#1259 = DIRECTION ( 'NONE',  ( -0.1775237485614007960, -0.9841165168295410437, 0.000000000000000000 ) ) ;
#1260 = DIRECTION ( 'NONE',  ( -0.000000000000000000, -0.000000000000000000, -1.000000000000000000 ) ) ;
#1261 = CIRCLE ( 'NONE', #218, 0.02636114601614787667 ) ;
#1262 = VERTEX_POINT ( 'NONE', #739 ) ;
#1263 = DIRECTION ( 'NONE',  ( 2.404903436943050654E-16, 1.000000000000000000, -0.000000000000000000 ) ) ;
#1264 = ORIENTED_EDGE ( 'NONE', *, *, #974, .T. ) ;
#1265 = EDGE_CURVE ( 'NONE', #2269, #1815, #763, .T. ) ;
#1266 = DIRECTION ( 'NONE',  ( 1.000000000000000000, 0.000000000000000000, 0.000000000000000000 ) ) ;
#1267 = PRODUCT ( 'CSD18536KTT', 'CSD18536KTT', '', ( #2091 ) ) ;
#1268 = DIRECTION ( 'NONE',  ( 0.000000000000000000, -1.000000000000000000, 0.000000000000000000 ) ) ;
#1269 = ORIENTED_EDGE ( 'NONE', *, *, #38, .F. ) ;
#1270 = AXIS2_PLACEMENT_3D ( 'NONE', #1965, #1071, #506 ) ;
#1271 = DIRECTION ( 'NONE',  ( -0.000000000000000000, -0.000000000000000000, -1.000000000000000000 ) ) ;
#1272 = CARTESIAN_POINT ( 'NONE',  ( 5.464999999999998082, 1.270000000000000018, -4.175000000000000711 ) ) ;
#1273 = DIRECTION ( 'NONE',  ( -0.000000000000000000, -0.000000000000000000, -1.000000000000000000 ) ) ;
#1274 = DIRECTION ( 'NONE',  ( -1.000000000000000000, 0.000000000000000000, 0.000000000000000000 ) ) ;
#1275 = EDGE_CURVE ( 'NONE', #2024, #1656, #1659, .T. ) ;
#1276 = CIRCLE ( 'NONE', #774, 0.02636114601614787667 ) ;
#1277 = VERTEX_POINT ( 'NONE', #1490 ) ;
#1278 = CARTESIAN_POINT ( 'NONE',  ( -4.861276665733649693, 1.494256801294249648, 2.957500000000000018 ) ) ;
#1279 = LINE ( 'NONE', #1087, #1738 ) ;
#1280 = VERTEX_POINT ( 'NONE', #749 ) ;
#1281 = DIRECTION ( 'NONE',  ( -2.077513144882403750E-16, 0.000000000000000000, -1.000000000000000000 ) ) ;
#1282 = VECTOR ( 'NONE', #146, 1000.000000000000000 ) ;
#1283 = VERTEX_POINT ( 'NONE', #1502 ) ;
#1284 = FACE_OUTER_BOUND ( 'NONE', #2049, .T. ) ;
#1285 = DIRECTION ( 'NONE',  ( -0.9841165168295412657, 0.1775237485613996302, 0.000000000000000000 ) ) ;
#1286 = ADVANCED_FACE ( 'NONE', ( #1284 ), #2043, .F. ) ;
#1287 = ORIENTED_EDGE ( 'NONE', *, *, #977, .F. ) ;
#1288 = ORIENTED_EDGE ( 'NONE', *, *, #320, .F. ) ;
#1289 = DIRECTION ( 'NONE',  ( -0.000000000000000000, -0.000000000000000000, -1.000000000000000000 ) ) ;
#1290 = VECTOR ( 'NONE', #2155, 1000.000000000000000 ) ;
#1291 = ORIENTED_EDGE ( 'NONE', *, *, #1301, .T. ) ;
#1292 = LINE ( 'NONE', #1105, #611 ) ;
#1293 = DIRECTION ( 'NONE',  ( -1.000000000000000000, -0.000000000000000000, 3.339217470600206118E-16 ) ) ;
#1294 = FACE_OUTER_BOUND ( 'NONE', #2007, .T. ) ;
#1295 = PRESENTATION_LAYER_ASSIGNMENT (  '', '', ( #18 ) ) ;
#1296 = CARTESIAN_POINT ( 'NONE',  ( -4.887219104930689006, 1.498936530751409535, 3.187500000000000444 ) ) ;
#1297 = ORIENTED_EDGE ( 'NONE', *, *, #2169, .T. ) ;
#1298 = APPLICATION_PROTOCOL_DEFINITION ( 'draft international standard', 'automotive_design', 1998, #1501 ) ;
#1299 = VERTEX_POINT ( 'NONE', #577 ) ;
#1300 = LINE ( 'NONE', #201, #819 ) ;
#1301 = EDGE_CURVE ( 'NONE', #1921, #593, #2332, .T. ) ;
#1302 = CARTESIAN_POINT ( 'NONE',  ( -4.887219104930689006, 1.498936530751409535, -1.892500000000000293 ) ) ;
#1303 = VERTEX_POINT ( 'NONE', #2238 ) ;
#1304 = LINE ( 'NONE', #585, #1043 ) ;
#1305 = CARTESIAN_POINT ( 'NONE',  ( 0.2699999999999981859, 0.000000000000000000, -4.174999999999998934 ) ) ;
#1306 = CARTESIAN_POINT ( 'NONE',  ( -2.885000000000000231, 3.180000000000000160, 0.4174999999999999267 ) ) ;
#1307 = EDGE_CURVE ( 'NONE', #49, #688, #388, .T. ) ;
#1308 =( GEOMETRIC_REPRESENTATION_CONTEXT ( 3 ) GLOBAL_UNCERTAINTY_ASSIGNED_CONTEXT ( ( #794 ) ) GLOBAL_UNIT_ASSIGNED_CONTEXT ( ( #368, #1234, #1994 ) ) REPRESENTATION_CONTEXT ( 'NONE', 'WORKASPACE' ) );
#1309 = ORIENTED_EDGE ( 'NONE', *, *, #1361, .F. ) ;
#1310 = CARTESIAN_POINT ( 'NONE',  ( 6.264999999999999680, 1.270000000000000018, 3.375000000000000444 ) ) ;
#1311 = VECTOR ( 'NONE', #311, 1000.000000000000000 ) ;
#1312 = ORIENTED_EDGE ( 'NONE', *, *, #1589, .T. ) ;
#1313 = DIRECTION ( 'NONE',  ( -0.2588190451025208505, -0.000000000000000000, -0.9659258262890683122 ) ) ;
#1314 = DIRECTION ( 'NONE',  ( -0.000000000000000000, -1.000000000000000000, -0.000000000000000000 ) ) ;
#1315 = LINE ( 'NONE', #182, #831 ) ;
#1316 = EDGE_LOOP ( 'NONE', ( #1618, #697, #2352, #134 ) ) ;
#1317 = ADVANCED_FACE ( 'NONE', ( #1106 ), #206, .F. ) ;
#1318 = VECTOR ( 'NONE', #1439, 1000.000000000000000 ) ;
#1319 = CARTESIAN_POINT ( 'NONE',  ( 0.2699999999999981859, 1.270000000000000018, -4.174999999999998934 ) ) ;
#1320 = CARTESIAN_POINT ( 'NONE',  ( -5.538005399177347243, 0.3211313256863376764, -2.122500000000000053 ) ) ;
#1321 = LINE ( 'NONE', #555, #872 ) ;
#1322 = CARTESIAN_POINT ( 'NONE',  ( -4.887219104930689006, 1.498936530751409535, 3.187500000000000444 ) ) ;
#1323 = DIRECTION ( 'NONE',  ( -0.000000000000000000, -1.000000000000000000, -0.000000000000000000 ) ) ;
#1324 = ORIENTED_EDGE ( 'NONE', *, *, #1837, .F. ) ;
#1325 = DIRECTION ( 'NONE',  ( -0.1775237485613957167, -0.9841165168295419319, 0.000000000000000000 ) ) ;
#1326 = CARTESIAN_POINT ( 'NONE',  ( 7.200326303877384149, 1.270000000000000018, 5.080000000000000071 ) ) ;
#1327 = PRODUCT_DEFINITION_CONTEXT ( 'detailed design', #1501, 'design' ) ;
#1328 = PLANE ( 'NONE',  #1972 ) ;
#1329 = ORIENTED_EDGE ( 'NONE', *, *, #1928, .F. ) ;
#1330 = ADVANCED_FACE ( 'NONE', ( #21 ), #1133, .T. ) ;
#1331 = CARTESIAN_POINT ( 'NONE',  ( -4.887219104930689006, 1.498936530751409535, -1.892500000000000293 ) ) ;
#1332 = ORIENTED_EDGE ( 'NONE', *, *, #802, .T. ) ;
#1333 = CARTESIAN_POINT ( 'NONE',  ( -4.887219104930689006, 1.498936530751409535, 1.892500000000000071 ) ) ;
#1334 = EDGE_CURVE ( 'NONE', #902, #2245, #2075, .T. ) ;
#1335 = ORIENTED_EDGE ( 'NONE', *, *, #1410, .T. ) ;
#1336 = AXIS2_PLACEMENT_3D ( 'NONE', #1645, #2343, #2355 ) ;
#1337 = ORIENTED_EDGE ( 'NONE', *, *, #387, .F. ) ;
#1338 = LINE ( 'NONE', #583, #557 ) ;
#1339 = VECTOR ( 'NONE', #2308, 1000.000000000000114 ) ;
#1340 = EDGE_CURVE ( 'NONE', #573, #1953, #1848, .T. ) ;
#1341 = ORIENTED_EDGE ( 'NONE', *, *, #505, .T. ) ;
#1342 = CARTESIAN_POINT ( 'NONE',  ( 7.549999999999998934, 1.270000000000000018, -3.775000000000000355 ) ) ;
#1343 = PLANE ( 'NONE',  #133 ) ;
#1344 = ORIENTED_EDGE ( 'NONE', *, *, #223, .F. ) ;
#1345 = DIRECTION ( 'NONE',  ( 2.077513144882403750E-16, 0.000000000000000000, 1.000000000000000000 ) ) ;
#1346 = VERTEX_POINT ( 'NONE', #1893 ) ;
#1347 = ADVANCED_FACE ( 'NONE', ( #353 ), #2411, .T. ) ;
#1348 = VERTEX_POINT ( 'NONE', #2316 ) ;
#1349 = COLOUR_RGB ( '',0.7921568627450980005, 0.8196078431372548767, 0.9333333333333333481 ) ;
#1350 = DIRECTION ( 'NONE',  ( -1.000000000000000000, 0.000000000000000000, 0.000000000000000000 ) ) ;
#1351 = UNCERTAINTY_MEASURE_WITH_UNIT (LENGTH_MEASURE( 1.000000000000000082E-05 ), #1783, 'distance_accuracy_value', 'NONE');
#1352 = ORIENTED_EDGE ( 'NONE', *, *, #1194, .T. ) ;
#1353 = AXIS2_PLACEMENT_3D ( 'NONE', #1389, #2312, #628 ) ;
#1354 =( NAMED_UNIT ( * ) SI_UNIT ( $, .STERADIAN. ) SOLID_ANGLE_UNIT ( ) );
#1355 = CARTESIAN_POINT ( 'NONE',  ( 5.464999999999998970, 1.270000000000000018, 4.175000000000000711 ) ) ;
#1356 = CARTESIAN_POINT ( 'NONE',  ( 0.000000000000000000, 0.000000000000000000, 5.080000000000000071 ) ) ;
#1357 = VERTEX_POINT ( 'NONE', #1331 ) ;
#1358 = DIRECTION ( 'NONE',  ( 0.9975640502598243087, 0.06975647374412474733, 0.000000000000000000 ) ) ;
#1359 = AXIS2_PLACEMENT_3D ( 'NONE', #1896, #567, #799 ) ;
#1360 = VERTEX_POINT ( 'NONE', #2276 ) ;
#1361 = EDGE_CURVE ( 'NONE', #2015, #533, #2084, .T. ) ;
#1362 = VECTOR ( 'NONE', #124, 1000.000000000000000 ) ;
#1363 = ORIENTED_EDGE ( 'NONE', *, *, #1607, .F. ) ;
#1364 = DIRECTION ( 'NONE',  ( -0.000000000000000000, -0.000000000000000000, -1.000000000000000000 ) ) ;
#1365 = ORIENTED_EDGE ( 'NONE', *, *, #221, .T. ) ;
#1366 = EDGE_CURVE ( 'NONE', #619, #513, #1916, .T. ) ;
#1367 = DIRECTION ( 'NONE',  ( 0.000000000000000000, 0.000000000000000000, -1.000000000000000000 ) ) ;
#1368 = CARTESIAN_POINT ( 'NONE',  ( 5.464999999999998082, 1.270000000000000018, -4.175000000000000711 ) ) ;
#1369 = VERTEX_POINT ( 'NONE', #634 ) ;
#1370 = ADVANCED_FACE ( 'NONE', ( #240 ), #808, .F. ) ;
#1371 = AXIS2_PLACEMENT_3D ( 'NONE', #2270, #1714, #1565 ) ;
#1372 = CARTESIAN_POINT ( 'NONE',  ( -5.285786294246656247, 1.570833648918777081, 1.892500000000000071 ) ) ;
#1373 = VECTOR ( 'NONE', #1904, 1000.000000000000000 ) ;
#1374 = ORIENTED_EDGE ( 'NONE', *, *, #2284, .T. ) ;
#1375 =( LENGTH_UNIT ( ) NAMED_UNIT ( * ) SI_UNIT ( .MILLI., .METRE. ) );
#1376 = CARTESIAN_POINT ( 'NONE',  ( -5.059509628513012558, 2.825215701608376762, -1.892500000000000293 ) ) ;
#1377 = VECTOR ( 'NONE', #1051, 1000.000000000000114 ) ;
#1378 = ORIENTED_EDGE ( 'NONE', *, *, #1178, .T. ) ;
#1379 = EDGE_CURVE ( 'NONE', #1167, #2212, #227, .T. ) ;
#1380 = CARTESIAN_POINT ( 'NONE',  ( 6.264999999999999680, 0.000000000000000000, 3.375000000000000444 ) ) ;
#1381 = FACE_OUTER_BOUND ( 'NONE', #1409, .T. ) ;
#1382 = EDGE_LOOP ( 'NONE', ( #1686, #1969, #386, #2095, #993, #2012, #55, #1585, #2020, #94, #1073, #1973 ) ) ;
#1383 = VECTOR ( 'NONE', #879, 1000.000000000000000 ) ;
#1384 = LINE ( 'NONE', #457, #69 ) ;
#1385 = VECTOR ( 'NONE', #1293, 1000.000000000000000 ) ;
#1386 = ORIENTED_EDGE ( 'NONE', *, *, #1334, .T. ) ;
#1387 = DIRECTION ( 'NONE',  ( 0.9975640502598243087, 0.06975647374412474733, 0.000000000000000000 ) ) ;
#1388 = LINE ( 'NONE', #2364, #566 ) ;
#1389 = CARTESIAN_POINT ( 'NONE',  ( -2.885000000000000231, 3.180000000000000160, -2.122500000000000053 ) ) ;
#1390 = FACE_OUTER_BOUND ( 'NONE', #253, .T. ) ;
#1391 = ORIENTED_EDGE ( 'NONE', *, *, #92, .T. ) ;
#1392 = PLANE ( 'NONE',  #656 ) ;
#1393 = CARTESIAN_POINT ( 'NONE',  ( -4.635000000000000675, 2.748638853983848218, -2.122500000000000053 ) ) ;
#1394 = VECTOR ( 'NONE', #775, 1000.000000000000000 ) ;
#1395 = EDGE_CURVE ( 'NONE', #2363, #234, #442, .T. ) ;
#1396 = PLANE ( 'NONE',  #1022 ) ;
#1397 = VERTEX_POINT ( 'NONE', #1380 ) ;
#1398 = DIRECTION ( 'NONE',  ( -0.000000000000000000, -0.000000000000000000, -1.000000000000000000 ) ) ;
#1399 = ADVANCED_FACE ( 'NONE', ( #2295 ), #41, .T. ) ;
#1400 = LINE ( 'NONE', #1609, #1578 ) ;
#1401 = AXIS2_PLACEMENT_3D ( 'NONE', #2197, #1802, #2182 ) ;
#1402 = EDGE_CURVE ( 'NONE', #1346, #533, #990, .T. ) ;
#1403 = ORIENTED_EDGE ( 'NONE', *, *, #1911, .T. ) ;
#1404 = LINE ( 'NONE', #175, #2262 ) ;
#1405 = DIRECTION ( 'NONE',  ( 1.000000000000000000, 0.000000000000000000, -0.000000000000000000 ) ) ;
#1406 = VERTEX_POINT ( 'NONE', #1739 ) ;
#1407 = DIRECTION ( 'NONE',  ( -0.000000000000000000, 0.000000000000000000, 1.000000000000000000 ) ) ;
#1408 = CARTESIAN_POINT ( 'NONE',  ( -5.059509628513014334, 2.825215701608377206, -1.892500000000000293 ) ) ;
#1409 = EDGE_LOOP ( 'NONE', ( #1288, #1000, #2072, #33, #552, #2405, #2323, #2306 ) ) ;
#1410 = EDGE_CURVE ( 'NONE', #1167, #1369, #1567, .T. ) ;
#1411 = CARTESIAN_POINT ( 'NONE',  ( -5.507915166721035760, -0.1091790462582526433, -2.122500000000000053 ) ) ;
#1412 = DIRECTION ( 'NONE',  ( 1.017433123740062993E-15, 0.000000000000000000, -1.000000000000000000 ) ) ;
#1413 = DIRECTION ( 'NONE',  ( -0.000000000000000000, -0.000000000000000000, -1.000000000000000000 ) ) ;
#1414 = EDGE_CURVE ( 'NONE', #1406, #1020, #1558, .T. ) ;
#1415 = EDGE_LOOP ( 'NONE', ( #2112, #856, #1423, #418, #2120, #1662, #743, #1566 ) ) ;
#1416 = DIRECTION ( 'NONE',  ( 0.000000000000000000, -0.000000000000000000, 1.000000000000000000 ) ) ;
#1417 = LINE ( 'NONE', #2178, #338 ) ;
#1418 = ORIENTED_EDGE ( 'NONE', *, *, #742, .F. ) ;
#1419 = LINE ( 'NONE', #1217, #1161 ) ;
#1420 = EDGE_CURVE ( 'NONE', #485, #1397, #1179, .T. ) ;
#1421 = PLANE ( 'NONE',  #713 ) ;
#1422 = CARTESIAN_POINT ( 'NONE',  ( -4.887219104930689006, 1.498936530751409535, 3.187500000000000444 ) ) ;
#1423 = ORIENTED_EDGE ( 'NONE', *, *, #1340, .F. ) ;
#1424 = DIRECTION ( 'NONE',  ( 0.1305261922200526836, -0.9914448613738103822, 0.000000000000000000 ) ) ;
#1425 = LINE ( 'NONE', #624, #835 ) ;
#1426 = ADVANCED_FACE ( 'NONE', ( #796 ), #1939, .F. ) ;
#1427 = EDGE_LOOP ( 'NONE', ( #615, #737, #1581, #705 ) ) ;
#1428 = DIRECTION ( 'NONE',  ( -0.000000000000000000, 1.000000000000000000, 0.000000000000000000 ) ) ;
#1429 = LINE ( 'NONE', #278, #1938 ) ;
#1430 = CARTESIAN_POINT ( 'NONE',  ( 5.464999999999998082, 0.000000000000000000, -4.175000000000000711 ) ) ;
#1431 = PLANE ( 'NONE',  #889 ) ;
#1432 = ORIENTED_EDGE ( 'NONE', *, *, #575, .F. ) ;
#1433 = CARTESIAN_POINT ( 'NONE',  ( 7.200326303877384149, 1.270000000000000018, 5.080000000000000071 ) ) ;
#1434 = PRESENTATION_LAYER_ASSIGNMENT (  '', '', ( #1944 ) ) ;
#1435 =( NAMED_UNIT ( * ) SI_UNIT ( $, .STERADIAN. ) SOLID_ANGLE_UNIT ( ) );
#1436 = PLANE ( 'NONE',  #1336 ) ;
#1437 = ORIENTED_EDGE ( 'NONE', *, *, #208, .F. ) ;
#1438 = CARTESIAN_POINT ( 'NONE',  ( -5.507915166721035760, -0.1091790462582526433, -2.957500000000000018 ) ) ;
#1439 = DIRECTION ( 'NONE',  ( -0.000000000000000000, -0.000000000000000000, -1.000000000000000000 ) ) ;
#1440 = ORIENTED_EDGE ( 'NONE', *, *, #572, .T. ) ;
#1441 = DIRECTION ( 'NONE',  ( 0.000000000000000000, 0.000000000000000000, 1.000000000000000000 ) ) ;
#1442 = CIRCLE ( 'NONE', #1, 0.9999999999999995559 ) ;
#1443 = EDGE_CURVE ( 'NONE', #728, #986, #2051, .T. ) ;
#1444 = ORIENTED_EDGE ( 'NONE', *, *, #1779, .F. ) ;
#1445 = CARTESIAN_POINT ( 'NONE',  ( 5.464999999999998970, 0.000000000000000000, 4.175000000000000711 ) ) ;
#1446 = EDGE_CURVE ( 'NONE', #1283, #1517, #608, .T. ) ;
#1447 = DIRECTION ( 'NONE',  ( -1.000000000000000000, 0.000000000000000000, 1.148823494024375695E-16 ) ) ;
#1448 = DIRECTION ( 'NONE',  ( 0.000000000000000000, -1.000000000000000000, 0.000000000000000000 ) ) ;
#1449 = ORIENTED_EDGE ( 'NONE', *, *, #861, .T. ) ;
#1450 = VECTOR ( 'NONE', #1313, 1000.000000000000114 ) ;
#1451 = LINE ( 'NONE', #1833, #32 ) ;
#1452 = CARTESIAN_POINT ( 'NONE',  ( -4.635000000000000675, 2.748638853983848218, -3.187500000000000444 ) ) ;
#1453 = DIRECTION ( 'NONE',  ( -0.9659258262890683122, 0.000000000000000000, -0.2588190451025207950 ) ) ;
#1454 = CARTESIAN_POINT ( 'NONE',  ( 6.264999999999999680, 0.000000000000000000, 5.080000000000000071 ) ) ;
#1455 = ADVANCED_FACE ( 'NONE', ( #73 ), #1191, .T. ) ;
#1456 = VERTEX_POINT ( 'NONE', #1342 ) ;
#1457 = CARTESIAN_POINT ( 'NONE',  ( -5.059509628513002788, 2.825215701608374985, -2.122500000000000053 ) ) ;
#1458 = VERTEX_POINT ( 'NONE', #586 ) ;
#1459 = DIRECTION ( 'NONE',  ( -0.000000000000000000, -0.000000000000000000, -1.000000000000000000 ) ) ;
#1460 = AXIS2_PLACEMENT_3D ( 'NONE', #820, #430, #1001 ) ;
#1461 = CARTESIAN_POINT ( 'NONE',  ( -7.521748628133628323, -0.2500000000000001110, 2.957500000000000018 ) ) ;
#1462 = EDGE_LOOP ( 'NONE', ( #880, #375, #392, #2160 ) ) ;
#1463 = EDGE_CURVE ( 'NONE', #2138, #1672, #1536, .T. ) ;
#1464 = LINE ( 'NONE', #377, #417 ) ;
#1465 = DIRECTION ( 'NONE',  ( -0.000000000000000000, -0.000000000000000000, -1.000000000000000000 ) ) ;
#1466 = CLOSED_SHELL ( 'NONE', ( #1716, #1147, #876, #1870, #1754, #602, #2394, #1927, #1669, #908, #1982, #1070, #137, #1399, #545, #1879, #707, #1654, #1455, #1494 ) ) ;
#1467 = ORIENTED_EDGE ( 'NONE', *, *, #978, .T. ) ;
#1468 = FACE_BOUND ( 'NONE', #382, .T. ) ;
#1469 = CARTESIAN_POINT ( 'NONE',  ( -4.887219104930690783, 1.498936530751410423, -2.122500000000000053 ) ) ;
#1470 = ORIENTED_EDGE ( 'NONE', *, *, #1275, .F. ) ;
#1471 = CARTESIAN_POINT ( 'NONE',  ( 7.549999999999999822, 1.270000000000000018, 3.775000000000000355 ) ) ;
#1472 = MANIFOLD_SOLID_BREP ( 'Cut-Extrude3', #1466 ) ;
#1473 = ORIENTED_EDGE ( 'NONE', *, *, #660, .F. ) ;
#1474 = AXIS2_PLACEMENT_3D ( 'NONE', #699, #1453, #2398 ) ;
#1475 = EDGE_CURVE ( 'NONE', #600, #1517, #967, .T. ) ;
#1476 = CARTESIAN_POINT ( 'NONE',  ( -4.635000000000000675, 2.748638853983848218, -2.957500000000000018 ) ) ;
#1477 = AXIS2_PLACEMENT_3D ( 'NONE', #2230, #358, #892 ) ;
#1478 = PLANE ( 'NONE',  #1991 ) ;
#1479 = VECTOR ( 'NONE', #1005, 1000.000000000000000 ) ;
#1480 = ORIENTED_EDGE ( 'NONE', *, *, #196, .F. ) ;
#1481 = CARTESIAN_POINT ( 'NONE',  ( -4.887219104930689006, 1.498936530751409535, -3.187500000000000444 ) ) ;
#1482 = LINE ( 'NONE', #177, #1156 ) ;
#1483 = ORIENTED_EDGE ( 'NONE', *, *, #548, .T. ) ;
#1484 = CARTESIAN_POINT ( 'NONE',  ( -4.660942439197039988, 2.753318583441008105, 1.892500000000000071 ) ) ;
#1485 = AXIS2_PLACEMENT_3D ( 'NONE', #313, #673, #1560 ) ;
#1486 = VECTOR ( 'NONE', #1732, 1000.000000000000000 ) ;
#1487 = CARTESIAN_POINT ( 'NONE',  ( -2.831680738477104775, 2.774999999999999467, -3.187500000000000444 ) ) ;
#1488 = ORIENTED_EDGE ( 'NONE', *, *, #1642, .T. ) ;
#1489 = CARTESIAN_POINT ( 'NONE',  ( 7.200326303877383260, 1.270000000000000018, -5.080000000000000071 ) ) ;
#1490 = CARTESIAN_POINT ( 'NONE',  ( -2.684888203667169737, 4.699999999999999289, 5.080000000000000071 ) ) ;
#1491 = CARTESIAN_POINT ( 'NONE',  ( 6.264999999999999680, 1.270000000000000018, 5.080000000000000071 ) ) ;
#1492 = VERTEX_POINT ( 'NONE', #869 ) ;
#1493 = LINE ( 'NONE', #1278, #1153 ) ;
#1494 = ADVANCED_FACE ( 'NONE', ( #845 ), #1421, .T. ) ;
#1495 = EDGE_CURVE ( 'NONE', #2082, #1869, #1951, .T. ) ;
#1496 = ORIENTED_EDGE ( 'NONE', *, *, #766, .T. ) ;
#1497 = DIRECTION ( 'NONE',  ( -1.017433123740062993E-15, 0.000000000000000000, 1.000000000000000000 ) ) ;
#1498 = VECTOR ( 'NONE', #998, 1000.000000000000000 ) ;
#1499 = ORIENTED_EDGE ( 'NONE', *, *, #1420, .T. ) ;
#1500 = MECHANICAL_DESIGN_GEOMETRIC_PRESENTATION_REPRESENTATION (  '', ( #325 ), #2318 ) ;
#1501 = APPLICATION_CONTEXT ( 'automotive_design' ) ;
#1502 = CARTESIAN_POINT ( 'NONE',  ( 6.264999999999998792, 0.000000000000000000, -3.375000000000000444 ) ) ;
#1503 = DIRECTION ( 'NONE',  ( -0.000000000000000000, -0.000000000000000000, -1.000000000000000000 ) ) ;
#1504 = AXIS2_PLACEMENT_3D ( 'NONE', #2184, #669, #1067 ) ;
#1505 = LINE ( 'NONE', #1306, #1718 ) ;
#1506 = DIRECTION ( 'NONE',  ( -1.000000000000000000, 0.000000000000000000, 0.000000000000000000 ) ) ;
#1507 = MANIFOLD_SOLID_BREP ( 'Cut-Extrude4', #88 ) ;
#1508 = EDGE_CURVE ( 'NONE', #2082, #795, #1986, .T. ) ;
#1509 = EDGE_LOOP ( 'NONE', ( #2074, #2392, #1440, #1256 ) ) ;
#1510 = DIRECTION ( 'NONE',  ( -1.148823494024375695E-16, 0.000000000000000000, -1.000000000000000000 ) ) ;
#1511 = VECTOR ( 'NONE', #677, 1000.000000000000000 ) ;
#1512 = DIRECTION ( 'NONE',  ( 0.000000000000000000, -1.000000000000000000, 0.000000000000000000 ) ) ;
#1513 = ORIENTED_EDGE ( 'NONE', *, *, #2169, .F. ) ;
#1514 = DIRECTION ( 'NONE',  ( -0.000000000000000000, -0.000000000000000000, -1.000000000000000000 ) ) ;
#1515 = CARTESIAN_POINT ( 'NONE',  ( -7.521748628133628323, -0.2500000000000001110, 2.122500000000000053 ) ) ;
#1516 = DIRECTION ( 'NONE',  ( 1.000000000000000000, 0.000000000000000000, -0.000000000000000000 ) ) ;
#1517 = VERTEX_POINT ( 'NONE', #1631 ) ;
#1518 = CARTESIAN_POINT ( 'NONE',  ( -5.285786294246656247, 1.570833648918777081, -1.892500000000000293 ) ) ;
#1519 = AXIS2_PLACEMENT_3D ( 'NONE', #2256, #1129, #2266 ) ;
#1520 = ORIENTED_EDGE ( 'NONE', *, *, #381, .F. ) ;
#1521 = PLANE ( 'NONE',  #127 ) ;
#1522 = ADVANCED_FACE ( 'NONE', ( #1999 ), #2380, .F. ) ;
#1523 = VERTEX_POINT ( 'NONE', #645 ) ;
#1524 = ADVANCED_FACE ( 'NONE', ( #1579 ), #2329, .T. ) ;
#1525 = VECTOR ( 'NONE', #1974, 1000.000000000000114 ) ;
#1526 = FACE_OUTER_BOUND ( 'NONE', #451, .T. ) ;
#1527 = CARTESIAN_POINT ( 'NONE',  ( -4.635000000000000675, 2.748638853983848218, 1.892500000000000071 ) ) ;
#1528 = CARTESIAN_POINT ( 'NONE',  ( -4.635000000000000675, 2.748638853983848218, -1.892500000000000293 ) ) ;
#1529 = ORIENTED_EDGE ( 'NONE', *, *, #262, .F. ) ;
#1530 = DIRECTION ( 'NONE',  ( -0.1775237485614007960, -0.9841165168295410437, 0.000000000000000000 ) ) ;
#1531 = MANIFOLD_SOLID_BREP ( 'LPattern1[2]', #290 ) ;
#1532 = EDGE_CURVE ( 'NONE', #935, #1734, #1894, .T. ) ;
#1533 = EDGE_LOOP ( 'NONE', ( #1068, #1535, #1963, #444 ) ) ;
#1534 = FACE_OUTER_BOUND ( 'NONE', #1155, .T. ) ;
#1535 = ORIENTED_EDGE ( 'NONE', *, *, #307, .F. ) ;
#1536 = LINE ( 'NONE', #408, #1019 ) ;
#1537 = EDGE_CURVE ( 'NONE', #2401, #852, #1321, .T. ) ;
#1538 = LINE ( 'NONE', #2286, #519 ) ;
#1539 = ORIENTED_EDGE ( 'NONE', *, *, #725, .F. ) ;
#1540 = LINE ( 'NONE', #2277, #115 ) ;
#1541 = AXIS2_PLACEMENT_3D ( 'NONE', #1917, #54, #599 ) ;
#1542 = DIRECTION ( 'NONE',  ( 1.000000000000000000, 0.000000000000000000, 0.000000000000000000 ) ) ;
#1543 = EDGE_LOOP ( 'NONE', ( #1727, #1309, #106, #2331 ) ) ;
#1544 = CARTESIAN_POINT ( 'NONE',  ( 6.264999999999999680, 1.270000000000000018, 5.080000000000000071 ) ) ;
#1545 = ORIENTED_EDGE ( 'NONE', *, *, #1899, .T. ) ;
#1546 = DIRECTION ( 'NONE',  ( 1.000000000000000000, 0.000000000000000000, 0.000000000000000000 ) ) ;
#1547 = CYLINDRICAL_SURFACE ( 'NONE', #1541, 0.02636114601614787667 ) ;
#1548 = EDGE_LOOP ( 'NONE', ( #192, #822, #1140, #798 ) ) ;
#1549 = LINE ( 'NONE', #1116, #462 ) ;
#1550 = EDGE_CURVE ( 'NONE', #2143, #2269, #1906, .T. ) ;
#1551 = DIRECTION ( 'NONE',  ( 0.06975647374412474733, -0.9975640502598243087, 0.000000000000000000 ) ) ;
#1552 = DIRECTION ( 'NONE',  ( -0.000000000000000000, -0.000000000000000000, -1.000000000000000000 ) ) ;
#1553 = ORIENTED_EDGE ( 'NONE', *, *, #257, .T. ) ;
#1554 = CARTESIAN_POINT ( 'NONE',  ( 6.264999999999998792, 1.270000000000000018, -3.375000000000000444 ) ) ;
#1555 = ADVANCED_FACE ( 'NONE', ( #1294 ), #2055, .F. ) ;
#1556 = ORIENTED_EDGE ( 'NONE', *, *, #2410, .F. ) ;
#1557 = EDGE_CURVE ( 'NONE', #1934, #2015, #378, .T. ) ;
#1558 = LINE ( 'NONE', #259, #1215 ) ;
#1559 = VERTEX_POINT ( 'NONE', #1683 ) ;
#1560 = DIRECTION ( 'NONE',  ( 0.1305261922200526281, -0.9914448613738103822, 0.000000000000000000 ) ) ;
#1561 = VECTOR ( 'NONE', #212, 1000.000000000000114 ) ;
#1562 = EDGE_CURVE ( 'NONE', #807, #1299, #10, .T. ) ;
#1563 = EDGE_LOOP ( 'NONE', ( #2108, #613, #1674, #891 ) ) ;
#1564 = LINE ( 'NONE', #2139, #1710 ) ;
#1565 = DIRECTION ( 'NONE',  ( -0.06975647374412585755, 0.9975640502598243087, 0.000000000000000000 ) ) ;
#1566 = ORIENTED_EDGE ( 'NONE', *, *, #861, .F. ) ;
#1567 = LINE ( 'NONE', #1158, #1253 ) ;
#1568 = DIRECTION ( 'NONE',  ( -0.000000000000000000, 0.000000000000000000, 1.000000000000000000 ) ) ;
#1569 = ORIENTED_EDGE ( 'NONE', *, *, #2211, .F. ) ;
#1570 = DIRECTION ( 'NONE',  ( 0.000000000000000000, -1.000000000000000000, 0.000000000000000000 ) ) ;
#1571 = CARTESIAN_POINT ( 'NONE',  ( -2.831680738477104775, 2.774999999999999467, -0.6475000000000000755 ) ) ;
#1572 = AXIS2_PLACEMENT_3D ( 'NONE', #2110, #1367, #2305 ) ;
#1573 = VERTEX_POINT ( 'NONE', #1708 ) ;
#1574 = CARTESIAN_POINT ( 'NONE',  ( 5.464999999999998970, 1.270000000000000018, 3.375000000000000444 ) ) ;
#1575 = VECTOR ( 'NONE', #260, 1000.000000000000000 ) ;
#1576 = EDGE_CURVE ( 'NONE', #1517, #976, #588, .T. ) ;
#1577 = ORIENTED_EDGE ( 'NONE', *, *, #1883, .T. ) ;
#1578 = VECTOR ( 'NONE', #1743, 1000.000000000000000 ) ;
#1579 = FACE_OUTER_BOUND ( 'NONE', #504, .T. ) ;
#1580 = FACE_OUTER_BOUND ( 'NONE', #2301, .T. ) ;
#1581 = ORIENTED_EDGE ( 'NONE', *, *, #1696, .F. ) ;
#1582 = LINE ( 'NONE', #2413, #2267 ) ;
#1583 = CARTESIAN_POINT ( 'NONE',  ( -2.885000000000000231, 3.180000000000000160, 0.6474999999999998535 ) ) ;
#1584 = FACE_OUTER_BOUND ( 'NONE', #1052, .T. ) ;
#1585 = ORIENTED_EDGE ( 'NONE', *, *, #1550, .T. ) ;
#1586 = LINE ( 'NONE', #2154, #458 ) ;
#1587 = CARTESIAN_POINT ( 'NONE',  ( 5.464999999999998082, 1.270000000000000018, -4.175000000000000711 ) ) ;
#1588 = EDGE_LOOP ( 'NONE', ( #2374, #2196, #1332, #2315 ) ) ;
#1589 = EDGE_CURVE ( 'NONE', #1989, #1167, #1538, .T. ) ;
#1590 = DIRECTION ( 'NONE',  ( -0.1775237485614014621, -0.9841165168295409327, 0.000000000000000000 ) ) ;
#1591 = SURFACE_SIDE_STYLE ('',( #2199 ) ) ;
#1592 = VECTOR ( 'NONE', #921, 1000.000000000000000 ) ;
#1593 = LINE ( 'NONE', #1805, #2127 ) ;
#1594 = ORIENTED_EDGE ( 'NONE', *, *, #196, .T. ) ;
#1595 = ADVANCED_FACE ( 'NONE', ( #466 ), #1547, .F. ) ;
#1596 = LINE ( 'NONE', #661, #735 ) ;
#1597 = DIRECTION ( 'NONE',  ( -0.1305261922200524893, 0.9914448613738102711, 0.000000000000000000 ) ) ;
#1598 = PLANE ( 'NONE',  #1485 ) ;
#1599 = AXIS2_PLACEMENT_3D ( 'NONE', #1528, #1919, #380 ) ;
#1600 = VERTEX_POINT ( 'NONE', #1180 ) ;
#1601 = CARTESIAN_POINT ( 'NONE',  ( 5.464999999999998082, 0.000000000000000000, -4.175000000000000711 ) ) ;
#1602 = ORIENTED_EDGE ( 'NONE', *, *, #960, .F. ) ;
#1603 = LINE ( 'NONE', #1998, #1362 ) ;
#1604 =( LENGTH_UNIT ( ) NAMED_UNIT ( * ) SI_UNIT ( .MILLI., .METRE. ) );
#1605 = DIRECTION ( 'NONE',  ( 1.000000000000000000, 0.000000000000000000, 0.000000000000000000 ) ) ;
#1606 = VERTEX_POINT ( 'NONE', #980 ) ;
#1607 = EDGE_CURVE ( 'NONE', #902, #352, #821, .T. ) ;
#1608 = DIRECTION ( 'NONE',  ( -0.9914448613738103822, -0.1305261922200526281, 0.000000000000000000 ) ) ;
#1609 = CARTESIAN_POINT ( 'NONE',  ( 6.264999999999997904, 1.270000000000000018, 5.080000000000000071 ) ) ;
#1610 = VECTOR ( 'NONE', #805, 1000.000000000000000 ) ;
#1611 = VERTEX_POINT ( 'NONE', #1952 ) ;
#1612 = FILL_AREA_STYLE_COLOUR ( '', #962 ) ;
#1613 = LINE ( 'NONE', #1061, #946 ) ;
#1614 = AXIS2_PLACEMENT_3D ( 'NONE', #1527, #784, #1546 ) ;
#1615 = ORIENTED_EDGE ( 'NONE', *, *, #642, .F. ) ;
#1616 = DIRECTION ( 'NONE',  ( -0.1775237485613957167, -0.9841165168295419319, 0.000000000000000000 ) ) ;
#1617 = DIRECTION ( 'NONE',  ( 0.000000000000000000, -1.000000000000000000, 0.000000000000000000 ) ) ;
#1618 = ORIENTED_EDGE ( 'NONE', *, *, #2299, .T. ) ;
#1619 = CARTESIAN_POINT ( 'NONE',  ( 0.2699999999999999067, 1.270000000000000018, 4.175000000000000711 ) ) ;
#1620 = CARTESIAN_POINT ( 'NONE',  ( -2.885000000000000231, 3.180000000000000160, 5.080000000000000071 ) ) ;
#1621 = DIRECTION ( 'NONE',  ( -0.000000000000000000, -0.000000000000000000, -1.000000000000000000 ) ) ;
#1622 = ADVANCED_FACE ( 'NONE', ( #1941 ), #1343, .T. ) ;
#1623 = APPLICATION_CONTEXT ( 'automotive_design' ) ;
#1624 = ORIENTED_EDGE ( 'NONE', *, *, #1670, .F. ) ;
#1625 = DIRECTION ( 'NONE',  ( 1.020627281641181728E-16, -1.000000000000000000, 0.000000000000000000 ) ) ;
#1626 = CARTESIAN_POINT ( 'NONE',  ( -4.635000000000000675, 2.774999999999994582, 2.957500000000000018 ) ) ;
#1627 = ADVANCED_FACE ( 'NONE', ( #635 ), #42, .F. ) ;
#1628 = EDGE_LOOP ( 'NONE', ( #961, #670, #446, #1242 ) ) ;
#1629 = LINE ( 'NONE', #2341, #1525 ) ;
#1630 = STYLED_ITEM ( 'NONE', ( #2130 ), #2354 ) ;
#1631 = CARTESIAN_POINT ( 'NONE',  ( 5.464999999999998082, 0.000000000000000000, -3.374999999999999556 ) ) ;
#1632 = CARTESIAN_POINT ( 'NONE',  ( 0.2699999999999981859, 0.000000000000000000, -4.174999999999998934 ) ) ;
#1633 = ORIENTED_EDGE ( 'NONE', *, *, #499, .F. ) ;
#1634 = EDGE_CURVE ( 'NONE', #807, #1600, #2098, .T. ) ;
#1635 = FACE_OUTER_BOUND ( 'NONE', #291, .T. ) ;
#1636 = VECTOR ( 'NONE', #1271, 1000.000000000000000 ) ;
#1637 = DIRECTION ( 'NONE',  ( -0.000000000000000000, -0.000000000000000000, -1.000000000000000000 ) ) ;
#1638 = CARTESIAN_POINT ( 'NONE',  ( 5.464999999999998082, 1.270000000000000018, -3.374999999999999556 ) ) ;
#1639 = CARTESIAN_POINT ( 'NONE',  ( -5.113495770664339801, 0.2445544780617996961, -2.122500000000000053 ) ) ;
#1640 = ORIENTED_EDGE ( 'NONE', *, *, #1402, .F. ) ;
#1641 = CARTESIAN_POINT ( 'NONE',  ( -2.831680738477104775, 2.774999999999999467, 0.6474999999999998535 ) ) ;
#1642 = EDGE_CURVE ( 'NONE', #174, #2269, #431, .T. ) ;
#1643 = ORIENTED_EDGE ( 'NONE', *, *, #484, .T. ) ;
#1644 = DIRECTION ( 'NONE',  ( 1.000000000000000000, 0.000000000000000000, -0.000000000000000000 ) ) ;
#1645 = CARTESIAN_POINT ( 'NONE',  ( -2.885000000000000231, 3.180000000000000160, 5.080000000000000071 ) ) ;
#1646 = ORIENTED_EDGE ( 'NONE', *, *, #1446, .F. ) ;
#1647 = CARTESIAN_POINT ( 'NONE',  ( -5.285786294246656247, 1.570833648918777081, -3.187500000000000444 ) ) ;
#1648 = DIRECTION ( 'NONE',  ( -1.000000000000000000, 0.000000000000000000, 0.000000000000000000 ) ) ;
#1649 = LINE ( 'NONE', #556, #1318 ) ;
#1650 = ORIENTED_EDGE ( 'NONE', *, *, #2113, .F. ) ;
#1651 = DIRECTION ( 'NONE',  ( -1.000000000000000000, 0.000000000000000000, 0.000000000000000000 ) ) ;
#1652 = EDGE_LOOP ( 'NONE', ( #1177, #1473, #773, #2278, #2280, #965 ) ) ;
#1653 = CARTESIAN_POINT ( 'NONE',  ( 5.464999999999998970, 1.270000000000000018, 3.375000000000000444 ) ) ;
#1654 = ADVANCED_FACE ( 'NONE', ( #1580 ), #1396, .T. ) ;
#1655 = COLOUR_RGB ( '',0.2509803921568627416, 0.2509803921568627416, 0.2509803921568627416 ) ;
#1656 = VERTEX_POINT ( 'NONE', #241 ) ;
#1657 = AXIS2_PLACEMENT_3D ( 'NONE', #1103, #374, #1666 ) ;
#1658 = DIRECTION ( 'NONE',  ( -0.000000000000000000, -0.000000000000000000, -1.000000000000000000 ) ) ;
#1659 = LINE ( 'NONE', #1515, #644 ) ;
#1660 = DIRECTION ( 'NONE',  ( 1.000000000000000000, 0.000000000000000000, 0.000000000000000000 ) ) ;
#1661 = CLOSED_SHELL ( 'NONE', ( #1015, #1347, #1200, #2062, #1524, #128, #1595, #2164, #231, #440, #1330, #517, #1370, #1317, #1675, #237, #1286, #1622 ) ) ;
#1662 = ORIENTED_EDGE ( 'NONE', *, *, #1062, .F. ) ;
#1663 = DIRECTION ( 'NONE',  ( 2.077513144882403750E-16, 0.000000000000000000, 1.000000000000000000 ) ) ;
#1664 = ORIENTED_EDGE ( 'NONE', *, *, #333, .T. ) ;
#1665 = CARTESIAN_POINT ( 'NONE',  ( 5.813431933275229113, 4.700000000000000178, 5.080000000000000071 ) ) ;
#1666 = DIRECTION ( 'NONE',  ( 1.000000000000000000, 0.000000000000000000, 0.000000000000000000 ) ) ;
#1667 = ORIENTED_EDGE ( 'NONE', *, *, #92, .F. ) ;
#1668 = CARTESIAN_POINT ( 'NONE',  ( -5.059509628513012558, 2.825215701608376762, -3.187500000000000444 ) ) ;
#1669 = ADVANCED_FACE ( 'NONE', ( #2146 ), #74, .T. ) ;
#1670 = EDGE_CURVE ( 'NONE', #1369, #1283, #833, .T. ) ;
#1671 = DIRECTION ( 'NONE',  ( 0.9975640502598243087, 0.06975647374412585755, -0.000000000000000000 ) ) ;
#1672 = VERTEX_POINT ( 'NONE', #250 ) ;
#1673 = FILL_AREA_STYLE_COLOUR ( '', #607 ) ;
#1674 = ORIENTED_EDGE ( 'NONE', *, *, #1911, .F. ) ;
#1675 = ADVANCED_FACE ( 'NONE', ( #1381 ), #1205, .F. ) ;
#1676 = CARTESIAN_POINT ( 'NONE',  ( -2.885000000000000231, 3.180000000000000160, -1.892500000000000293 ) ) ;
#1677 = AXIS2_PLACEMENT_3D ( 'NONE', #1082, #1671, #520 ) ;
#1678 = VECTOR ( 'NONE', #1616, 1000.000000000000227 ) ;
#1679 = CARTESIAN_POINT ( 'NONE',  ( -4.635000000000000675, 2.774999999999991918, -1.892500000000000293 ) ) ;
#1680 = ORIENTED_EDGE ( 'NONE', *, *, #471, .T. ) ;
#1681 = AXIS2_PLACEMENT_3D ( 'NONE', #26, #1887, #1266 ) ;
#1682 = CARTESIAN_POINT ( 'NONE',  ( 5.464999999999998970, 1.270000000000000018, 3.375000000000000444 ) ) ;
#1683 = CARTESIAN_POINT ( 'NONE',  ( -4.635000000000000675, 3.180000000000000160, 1.892500000000000071 ) ) ;
#1684 = DIRECTION ( 'NONE',  ( 0.000000000000000000, -0.000000000000000000, 1.000000000000000000 ) ) ;
#1685 = ADVANCED_FACE ( 'NONE', ( #846 ), #1219, .F. ) ;
#1686 = ORIENTED_EDGE ( 'NONE', *, *, #812, .T. ) ;
#1687 = ORIENTED_EDGE ( 'NONE', *, *, #1225, .T. ) ;
#1688 = CARTESIAN_POINT ( 'NONE',  ( 6.264999999999999680, 1.270000000000000018, 5.080000000000000071 ) ) ;
#1689 = VECTOR ( 'NONE', #487, 1000.000000000000000 ) ;
#1690 = FACE_OUTER_BOUND ( 'NONE', #70, .T. ) ;
#1691 = EDGE_LOOP ( 'NONE', ( #1104, #1667, #1233, #2257 ) ) ;
#1692 = VECTOR ( 'NONE', #1023, 1000.000000000000000 ) ;
#1693 = DIRECTION ( 'NONE',  ( -1.000000000000000000, 2.404903436943050654E-16, 0.000000000000000000 ) ) ;
#1694 = VECTOR ( 'NONE', #308, 1000.000000000000000 ) ;
#1695 = DIRECTION ( 'NONE',  ( -0.2588190451025208505, -0.000000000000000000, -0.9659258262890683122 ) ) ;
#1696 = EDGE_CURVE ( 'NONE', #2420, #383, #2367, .T. ) ;
#1697 = DIRECTION ( 'NONE',  ( -0.000000000000000000, -0.000000000000000000, -1.000000000000000000 ) ) ;
#1698 = VECTOR ( 'NONE', #1172, 1000.000000000000000 ) ;
#1699 = CARTESIAN_POINT ( 'NONE',  ( -5.536166538587405483, 0.2948343940969749832, 2.122500000000000053 ) ) ;
#1700 = ORIENTED_EDGE ( 'NONE', *, *, #2381, .T. ) ;
#1701 = DIRECTION ( 'NONE',  ( -1.000000000000000000, 0.000000000000000000, -0.000000000000000000 ) ) ;
#1702 = DIRECTION ( 'NONE',  ( -0.9659258262890683122, 0.000000000000000000, 0.2588190451025207950 ) ) ;
#1703 = AXIS2_PLACEMENT_3D ( 'NONE', #303, #2338, #1405 ) ;
#1704 = DIRECTION ( 'NONE',  ( -1.000000000000000000, 0.000000000000000000, 0.000000000000000000 ) ) ;
#1705 = ORIENTED_EDGE ( 'NONE', *, *, #1557, .T. ) ;
#1706 = DIRECTION ( 'NONE',  ( 3.339217470600206118E-16, 0.000000000000000000, 1.000000000000000000 ) ) ;
#1707 = VECTOR ( 'NONE', #2030, 1000.000000000000000 ) ;
#1708 = CARTESIAN_POINT ( 'NONE',  ( -7.521748628133628323, -0.2500000000000001110, -2.122500000000000053 ) ) ;
#1709 = CARTESIAN_POINT ( 'NONE',  ( -4.887219104930689006, 1.498936530751409535, 3.187500000000000444 ) ) ;
#1710 = VECTOR ( 'NONE', #1946, 1000.000000000000114 ) ;
#1711 = ORIENTED_EDGE ( 'NONE', *, *, #802, .F. ) ;
#1712 = VECTOR ( 'NONE', #1530, 1000.000000000000114 ) ;
#1713 = ORIENTED_EDGE ( 'NONE', *, *, #2188, .T. ) ;
#1714 = DIRECTION ( 'NONE',  ( 0.9975640502598243087, 0.06975647374412585755, -0.000000000000000000 ) ) ;
#1715 = DIRECTION ( 'NONE',  ( -0.000000000000000000, -0.000000000000000000, -1.000000000000000000 ) ) ;
#1716 = ADVANCED_FACE ( 'NONE', ( #112 ), #2200, .F. ) ;
#1717 = ORIENTED_EDGE ( 'NONE', *, *, #836, .T. ) ;
#1718 = VECTOR ( 'NONE', #220, 1000.000000000000000 ) ;
#1719 = CARTESIAN_POINT ( 'NONE',  ( -7.549999999999999822, 0.1540134403552290421, 2.957500000000000018 ) ) ;
#1720 = ORIENTED_EDGE ( 'NONE', *, *, #2205, .F. ) ;
#1721 = FACE_OUTER_BOUND ( 'NONE', #1080, .T. ) ;
#1722 = ORIENTED_EDGE ( 'NONE', *, *, #783, .T. ) ;
#1723 = ORIENTED_EDGE ( 'NONE', *, *, #2274, .F. ) ;
#1724 = CARTESIAN_POINT ( 'NONE',  ( -5.536166538587405483, 0.2948343940969749832, -2.957500000000000018 ) ) ;
#1725 = UNCERTAINTY_MEASURE_WITH_UNIT (LENGTH_MEASURE( 1.000000000000000082E-05 ), #2328, 'distance_accuracy_value', 'NONE');
#1726 = CARTESIAN_POINT ( 'NONE',  ( -5.536166538587405483, 0.2948343940969783139, -2.957500000000000018 ) ) ;
#1727 = ORIENTED_EDGE ( 'NONE', *, *, #1402, .T. ) ;
#1728 = EDGE_CURVE ( 'NONE', #898, #344, #682, .T. ) ;
#1729 = CARTESIAN_POINT ( 'NONE',  ( -2.885000000000000231, 3.180000000000000160, 3.187500000000000444 ) ) ;
#1730 = DIRECTION ( 'NONE',  ( -0.9841165168295412657, 0.1775237485613996302, 0.000000000000000000 ) ) ;
#1731 = EDGE_LOOP ( 'NONE', ( #2136, #537, #779, #929 ) ) ;
#1732 = DIRECTION ( 'NONE',  ( -1.000000000000000000, -1.020627281641181728E-16, 0.000000000000000000 ) ) ;
#1733 = COLOUR_RGB ( '',0.7921568627450980005, 0.8196078431372548767, 0.9333333333333333481 ) ;
#1734 = VERTEX_POINT ( 'NONE', #1988 ) ;
#1735 = EDGE_LOOP ( 'NONE', ( #2388, #1545, #1197, #1914 ) ) ;
#1736 = CARTESIAN_POINT ( 'NONE',  ( 3.813431933275228225, 4.699999999999999289, 2.449293598294707893E-16 ) ) ;
#1737 = ORIENTED_EDGE ( 'NONE', *, *, #1843, .T. ) ;
#1738 = VECTOR ( 'NONE', #2035, 1000.000000000000000 ) ;
#1739 = CARTESIAN_POINT ( 'NONE',  ( -5.113495770664339801, 0.2445544780617996961, -2.957500000000000018 ) ) ;
#1740 = DIRECTION ( 'NONE',  ( 0.000000000000000000, 0.000000000000000000, 1.000000000000000000 ) ) ;
#1741 = ORIENTED_EDGE ( 'NONE', *, *, #2067, .F. ) ;
#1742 = EDGE_CURVE ( 'NONE', #1348, #935, #2014, .T. ) ;
#1743 = DIRECTION ( 'NONE',  ( -0.000000000000000000, -1.000000000000000000, -0.000000000000000000 ) ) ;
#1744 = AXIS2_PLACEMENT_3D ( 'NONE', #277, #1428, #1416 ) ;
#1745 = ORIENTED_EDGE ( 'NONE', *, *, #406, .F. ) ;
#1746 = DIRECTION ( 'NONE',  ( 0.06975647374412474733, -0.9975640502598243087, 0.000000000000000000 ) ) ;
#1747 = DIRECTION ( 'NONE',  ( 1.000000000000000000, 4.328826186497491178E-15, 0.000000000000000000 ) ) ;
#1748 = ORIENTED_EDGE ( 'NONE', *, *, #1119, .F. ) ;
#1749 = SURFACE_SIDE_STYLE ('',( #478 ) ) ;
#1750 = DIRECTION ( 'NONE',  ( -1.000000000000000000, -0.000000000000000000, 1.084202172485504040E-15 ) ) ;
#1751 = CARTESIAN_POINT ( 'NONE',  ( -5.059509628513009005, 2.825215701608376317, 2.957500000000000018 ) ) ;
#1752 = ORIENTED_EDGE ( 'NONE', *, *, #614, .T. ) ;
#1753 = LINE ( 'NONE', #65, #954 ) ;
#1754 = ADVANCED_FACE ( 'NONE', ( #2000 ), #1436, .F. ) ;
#1755 = VECTOR ( 'NONE', #2118, 1000.000000000000000 ) ;
#1756 = ORIENTED_EDGE ( 'NONE', *, *, #195, .F. ) ;
#1757 = FILL_AREA_STYLE ('',( #1211 ) ) ;
#1758 = CARTESIAN_POINT ( 'NONE',  ( -4.635000000000000675, 2.774999999999991918, -0.6475000000000000755 ) ) ;
#1759 = DIRECTION ( 'NONE',  ( -1.020627281641181728E-16, 1.000000000000000000, -0.000000000000000000 ) ) ;
#1760 = ORIENTED_EDGE ( 'NONE', *, *, #373, .F. ) ;
#1761 = ADVANCED_FACE ( 'NONE', ( #98 ), #298, .F. ) ;
#1762 = ORIENTED_EDGE ( 'NONE', *, *, #2274, .T. ) ;
#1763 = DIRECTION ( 'NONE',  ( -0.000000000000000000, -1.000000000000000000, -0.000000000000000000 ) ) ;
#1764 = MECHANICAL_DESIGN_GEOMETRIC_PRESENTATION_REPRESENTATION (  '', ( #18 ), #283 ) ;
#1765 = EDGE_CURVE ( 'NONE', #1672, #1003, #351, .T. ) ;
#1766 = ORIENTED_EDGE ( 'NONE', *, *, #387, .T. ) ;
#1767 = CARTESIAN_POINT ( 'NONE',  ( -2.885000000000000231, 3.180000000000000160, 3.187500000000000444 ) ) ;
#1768 = FACE_OUTER_BOUND ( 'NONE', #82, .T. ) ;
#1769 = AXIS2_PLACEMENT_3D ( 'NONE', #1452, #1637, #2003 ) ;
#1770 = EDGE_CURVE ( 'NONE', #2365, #1811, #528, .T. ) ;
#1771 = ORIENTED_EDGE ( 'NONE', *, *, #674, .F. ) ;
#1772 = CARTESIAN_POINT ( 'NONE',  ( 0.2699999999999981859, 1.270000000000000018, -4.174999999999998934 ) ) ;
#1773 = CIRCLE ( 'NONE', #719, 0.4313611460161461131 ) ;
#1774 = DIRECTION ( 'NONE',  ( 0.000000000000000000, -0.000000000000000000, -1.000000000000000000 ) ) ;
#1775 = ORIENTED_EDGE ( 'NONE', *, *, #223, .T. ) ;
#1776 = CARTESIAN_POINT ( 'NONE',  ( 5.464999999999998970, 1.270000000000000018, 4.175000000000000711 ) ) ;
#1777 = FACE_OUTER_BOUND ( 'NONE', #162, .T. ) ;
#1778 = CARTESIAN_POINT ( 'NONE',  ( -5.285786294246652695, 1.570833648918776193, -2.122500000000000053 ) ) ;
#1779 = EDGE_CURVE ( 'NONE', #1109, #1406, #19, .T. ) ;
#1780 = LINE ( 'NONE', #1372, #111 ) ;
#1781 = VECTOR ( 'NONE', #9, 1000.000000000000227 ) ;
#1782 = ORIENTED_EDGE ( 'NONE', *, *, #960, .T. ) ;
#1783 =( LENGTH_UNIT ( ) NAMED_UNIT ( * ) SI_UNIT ( .MILLI., .METRE. ) );
#1784 = CARTESIAN_POINT ( 'NONE',  ( -7.521748628133628323, -0.2500000000000001110, -2.957500000000000018 ) ) ;
#1785 = ORIENTED_EDGE ( 'NONE', *, *, #1083, .T. ) ;
#1786 = DIRECTION ( 'NONE',  ( 0.06975647374412585755, -0.9975640502598243087, 0.000000000000000000 ) ) ;
#1787 = EDGE_CURVE ( 'NONE', #683, #46, #1593, .T. ) ;
#1788 = DIRECTION ( 'NONE',  ( 1.148823494024375695E-16, 0.000000000000000000, 1.000000000000000000 ) ) ;
#1789 = AXIS2_PLACEMENT_3D ( 'NONE', #943, #762, #2275 ) ;
#1790 = CARTESIAN_POINT ( 'NONE',  ( 4.813431933275228225, 4.699999999999999289, 3.673940397442060361E-16 ) ) ;
#1791 = ORIENTED_EDGE ( 'NONE', *, *, #1036, .T. ) ;
#1792 = LINE ( 'NONE', #116, #2220 ) ;
#1793 = DIRECTION ( 'NONE',  ( 0.1775237485613996580, 0.9841165168295413768, -0.000000000000000000 ) ) ;
#1794 = VECTOR ( 'NONE', #2288, 1000.000000000000114 ) ;
#1795 = VERTEX_POINT ( 'NONE', #1079 ) ;
#1796 =( NAMED_UNIT ( * ) SI_UNIT ( $, .STERADIAN. ) SOLID_ANGLE_UNIT ( ) );
#1797 = CARTESIAN_POINT ( 'NONE',  ( 0.2699999999999999067, 1.270000000000000018, 4.175000000000000711 ) ) ;
#1798 = LINE ( 'NONE', #122, #2068 ) ;
#1799 = AXIS2_PLACEMENT_3D ( 'NONE', #1090, #1289, #1844 ) ;
#1800 = CARTESIAN_POINT ( 'NONE',  ( 5.813431933275229113, 4.700000000000000178, -5.080000000000000071 ) ) ;
#1801 = VERTEX_POINT ( 'NONE', #1408 ) ;
#1802 = DIRECTION ( 'NONE',  ( 0.000000000000000000, 0.000000000000000000, 1.000000000000000000 ) ) ;
#1803 = CARTESIAN_POINT ( 'NONE',  ( 0.2699999999999981859, 1.270000000000000018, -4.174999999999998934 ) ) ;
#1804 = ADVANCED_FACE ( 'NONE', ( #503 ), #2159, .F. ) ;
#1805 = CARTESIAN_POINT ( 'NONE',  ( -2.831680738477104775, 2.774999999999999467, -2.122500000000000053 ) ) ;
#1806 = EDGE_LOOP ( 'NONE', ( #1775, #1378 ) ) ;
#1807 = DIRECTION ( 'NONE',  ( 0.1305261922200445235, 0.9914448613738112703, 0.000000000000000000 ) ) ;
#1808 = CARTESIAN_POINT ( 'NONE',  ( -2.466345057672078234, 0.000000000000000000, 5.080000000000000071 ) ) ;
#1809 = FACE_OUTER_BOUND ( 'NONE', #1509, .T. ) ;
#1810 = VECTOR ( 'NONE', #1747, 1000.000000000000000 ) ;
#1811 = VERTEX_POINT ( 'NONE', #1790 ) ;
#1812 = DIRECTION ( 'NONE',  ( -0.000000000000000000, -1.000000000000000000, -0.000000000000000000 ) ) ;
#1813 = MECHANICAL_DESIGN_GEOMETRIC_PRESENTATION_REPRESENTATION (  '', ( #1107 ), #50 ) ;
#1814 = AXIS2_PLACEMENT_3D ( 'NONE', #2395, #884, #1605 ) ;
#1815 = VERTEX_POINT ( 'NONE', #1632 ) ;
#1816 = EDGE_CURVE ( 'NONE', #564, #1210, #1241, .T. ) ;
#1817 = PLANE ( 'NONE',  #2109 ) ;
#1818 = CARTESIAN_POINT ( 'NONE',  ( 4.813431933275228225, 4.599999999999998757, 3.673940397442060361E-16 ) ) ;
#1819 = VERTEX_POINT ( 'NONE', #1122 ) ;
#1820 = DIRECTION ( 'NONE',  ( -1.000000000000000000, -0.000000000000000000, 3.339217470600206118E-16 ) ) ;
#1821 = CARTESIAN_POINT ( 'NONE',  ( -4.635000000000000675, 2.748638853983848218, 3.187500000000000444 ) ) ;
#1822 = CARTESIAN_POINT ( 'NONE',  ( 6.264999999999999680, 1.270000000000000018, -5.080000000000000071 ) ) ;
#1823 = DIRECTION ( 'NONE',  ( 0.1775237485613996580, 0.9841165168295413768, -0.000000000000000000 ) ) ;
#1824 = EDGE_CURVE ( 'NONE', #305, #683, #1846, .T. ) ;
#1825 = AXIS2_PLACEMENT_3D ( 'NONE', #524, #1263, #893 ) ;
#1826 = ORIENTED_EDGE ( 'NONE', *, *, #1004, .F. ) ;
#1827 = CARTESIAN_POINT ( 'NONE',  ( 5.464999999999998970, 1.270000000000000018, 3.375000000000000444 ) ) ;
#1828 = CARTESIAN_POINT ( 'NONE',  ( -2.885000000000000231, 3.180000000000000160, -3.187500000000000444 ) ) ;
#1829 = ORIENTED_EDGE ( 'NONE', *, *, #800, .T. ) ;
#1830 = LINE ( 'NONE', #842, #1678 ) ;
#1831 = AXIS2_PLACEMENT_3D ( 'NONE', #1149, #1163, #1922 ) ;
#1832 = ORIENTED_EDGE ( 'NONE', *, *, #1589, .F. ) ;
#1833 = CARTESIAN_POINT ( 'NONE',  ( 0.2699999999999981859, 0.000000000000000000, -4.174999999999998934 ) ) ;
#1834 = AXIS2_PLACEMENT_3D ( 'NONE', #1184, #1157, #2191 ) ;
#1835 = PLANE ( 'NONE',  #678 ) ;
#1836 = CARTESIAN_POINT ( 'NONE',  ( -2.885000000000000231, 3.180000000000000160, -2.122500000000000053 ) ) ;
#1837 = EDGE_CURVE ( 'NONE', #1357, #1013, #2040, .T. ) ;
#1838 = ORIENTED_EDGE ( 'NONE', *, *, #96, .F. ) ;
#1839 = SURFACE_SIDE_STYLE ('',( #1074 ) ) ;
#1840 = LINE ( 'NONE', #1457, #764 ) ;
#1841 = VECTOR ( 'NONE', #296, 1000.000000000000000 ) ;
#1842 = ORIENTED_EDGE ( 'NONE', *, *, #356, .T. ) ;
#1843 = EDGE_CURVE ( 'NONE', #2090, #564, #1877, .T. ) ;
#1844 = DIRECTION ( 'NONE',  ( -1.000000000000000000, 0.000000000000000000, 0.000000000000000000 ) ) ;
#1845 = EDGE_CURVE ( 'NONE', #688, #295, #214, .T. ) ;
#1846 = LINE ( 'NONE', #1679, #951 ) ;
#1847 = EDGE_LOOP ( 'NONE', ( #1008, #1859, #625, #1933 ) ) ;
#1848 = LINE ( 'NONE', #172, #2247 ) ;
#1849 = CARTESIAN_POINT ( 'NONE',  ( -7.549999999999999822, 0.1540134403552290421, 2.122500000000000053 ) ) ;
#1850 = ORIENTED_EDGE ( 'NONE', *, *, #1395, .T. ) ;
#1851 = DIRECTION ( 'NONE',  ( -0.000000000000000000, 0.000000000000000000, -1.000000000000000000 ) ) ;
#1852 = CARTESIAN_POINT ( 'NONE',  ( 6.264999999999999680, 0.000000000000000000, 5.080000000000000071 ) ) ;
#1853 = EDGE_CURVE ( 'NONE', #46, #1262, #2063, .T. ) ;
#1854 = ORIENTED_EDGE ( 'NONE', *, *, #414, .T. ) ;
#1855 = DIRECTION ( 'NONE',  ( -1.000000000000000000, 0.000000000000000000, -0.000000000000000000 ) ) ;
#1856 = EDGE_CURVE ( 'NONE', #909, #1397, #1315, .T. ) ;
#1857 = VECTOR ( 'NONE', #2239, 1000.000000000000000 ) ;
#1858 = DIRECTION ( 'NONE',  ( -0.1305261922200526281, 0.9914448613738103822, 0.000000000000000000 ) ) ;
#1859 = ORIENTED_EDGE ( 'NONE', *, *, #1853, .T. ) ;
#1860 = DIRECTION ( 'NONE',  ( 0.000000000000000000, -1.000000000000000000, 0.000000000000000000 ) ) ;
#1861 = DIRECTION ( 'NONE',  ( -1.000000000000000000, 0.000000000000000000, 0.000000000000000000 ) ) ;
#1862 = DIRECTION ( 'NONE',  ( 1.000000000000000000, 0.000000000000000000, 0.000000000000000000 ) ) ;
#1863 = EDGE_CURVE ( 'NONE', #1118, #174, #1890, .T. ) ;
#1864 = CYLINDRICAL_SURFACE ( 'NONE', #1519, 0.4313611460161452804 ) ;
#1865 = ORIENTED_EDGE ( 'NONE', *, *, #1863, .F. ) ;
#1866 = CARTESIAN_POINT ( 'NONE',  ( -5.059509628513002788, 2.825215701608374985, 2.122500000000000053 ) ) ;
#1867 = VERTEX_POINT ( 'NONE', #2260 ) ;
#1868 = LINE ( 'NONE', #180, #395 ) ;
#1869 = VERTEX_POINT ( 'NONE', #918 ) ;
#1870 = ADVANCED_FACE ( 'NONE', ( #1690 ), #215, .F. ) ;
#1871 = LINE ( 'NONE', #2226, #1707 ) ;
#1872 = CARTESIAN_POINT ( 'NONE',  ( -2.831680738477104775, 2.774999999999999467, 1.892500000000000071 ) ) ;
#1873 = ORIENTED_EDGE ( 'NONE', *, *, #1414, .T. ) ;
#1874 = EDGE_LOOP ( 'NONE', ( #1110, #1248, #1993, #952 ) ) ;
#1875 = LINE ( 'NONE', #2061, #2114 ) ;
#1876 = VECTOR ( 'NONE', #187, 999.9999999999998863 ) ;
#1877 = LINE ( 'NONE', #736, #1257 ) ;
#1878 = ORIENTED_EDGE ( 'NONE', *, *, #2381, .F. ) ;
#1879 = ADVANCED_FACE ( 'NONE', ( #551 ), #1328, .T. ) ;
#1880 = VECTOR ( 'NONE', #781, 1000.000000000000000 ) ;
#1881 = DIRECTION ( 'NONE',  ( -0.000000000000000000, -0.000000000000000000, -1.000000000000000000 ) ) ;
#1882 = DIRECTION ( 'NONE',  ( -0.000000000000000000, 1.000000000000000000, 0.000000000000000000 ) ) ;
#1883 = EDGE_CURVE ( 'NONE', #234, #902, #2208, .T. ) ;
#1884 = ORIENTED_EDGE ( 'NONE', *, *, #79, .T. ) ;
#1885 = DIRECTION ( 'NONE',  ( 0.000000000000000000, -1.000000000000000000, 0.000000000000000000 ) ) ;
#1886 = ORIENTED_EDGE ( 'NONE', *, *, #581, .T. ) ;
#1887 = DIRECTION ( 'NONE',  ( 0.000000000000000000, 0.000000000000000000, 1.000000000000000000 ) ) ;
#1888 = LINE ( 'NONE', #1326, #2300 ) ;
#1889 = PRODUCT_DEFINITION ( 'UNKNOWN', '', #456, #1327 ) ;
#1890 = LINE ( 'NONE', #203, #595 ) ;
#1891 = ORIENTED_EDGE ( 'NONE', *, *, #2327, .T. ) ;
#1892 = DIRECTION ( 'NONE',  ( -1.000000000000000000, 0.000000000000000000, 0.000000000000000000 ) ) ;
#1893 = CARTESIAN_POINT ( 'NONE',  ( 0.2699999999999999067, 0.000000000000000000, 4.175000000000000711 ) ) ;
#1894 = LINE ( 'NONE', #578, #1857 ) ;
#1895 = VECTOR ( 'NONE', #1858, 999.9999999999998863 ) ;
#1896 = CARTESIAN_POINT ( 'NONE',  ( -7.521748628133628323, -0.2500000000000001110, -2.122500000000000053 ) ) ;
#1897 = ORIENTED_EDGE ( 'NONE', *, *, #2002, .F. ) ;
#1898 = AXIS2_PLACEMENT_3D ( 'NONE', #1909, #2116, #222 ) ;
#1899 = EDGE_CURVE ( 'NONE', #1458, #1795, #913, .T. ) ;
#1900 = ORIENTED_EDGE ( 'NONE', *, *, #2067, .T. ) ;
#1901 = DIRECTION ( 'NONE',  ( -1.000000000000000000, 0.000000000000000000, 0.000000000000000000 ) ) ;
#1902 = DIRECTION ( 'NONE',  ( 0.000000000000000000, 0.000000000000000000, 1.000000000000000000 ) ) ;
#1903 = ORIENTED_EDGE ( 'NONE', *, *, #977, .T. ) ;
#1904 = DIRECTION ( 'NONE',  ( 1.526149685610094588E-15, -0.000000000000000000, 1.000000000000000000 ) ) ;
#1905 = VECTOR ( 'NONE', #300, 1000.000000000000000 ) ;
#1906 = LINE ( 'NONE', #399, #1176 ) ;
#1907 = ORIENTED_EDGE ( 'NONE', *, *, #262, .T. ) ;
#1908 = CARTESIAN_POINT ( 'NONE',  ( 0.000000000000000000, 1.270000000000000018, 0.000000000000000000 ) ) ;
#1909 = CARTESIAN_POINT ( 'NONE',  ( -4.635000000000000675, 2.748638853983848218, 2.957500000000000018 ) ) ;
#1910 = VECTOR ( 'NONE', #2202, 1000.000000000000000 ) ;
#1911 = EDGE_CURVE ( 'NONE', #600, #1348, #1230, .T. ) ;
#1912 = ORIENTED_EDGE ( 'NONE', *, *, #1151, .T. ) ;
#1913 = DIRECTION ( 'NONE',  ( 1.000000000000000000, 0.000000000000000000, -1.526149685610094588E-15 ) ) ;
#1914 = ORIENTED_EDGE ( 'NONE', *, *, #425, .F. ) ;
#1915 = CIRCLE ( 'NONE', #740, 0.9999999999999995559 ) ;
#1916 = LINE ( 'NONE', #1719, #178 ) ;
#1917 = CARTESIAN_POINT ( 'NONE',  ( -5.538005399177347243, 0.3211313256863376764, -2.122500000000000053 ) ) ;
#1918 = EDGE_LOOP ( 'NONE', ( #2080, #2057, #1363, #1226 ) ) ;
#1919 = DIRECTION ( 'NONE',  ( -0.000000000000000000, -0.000000000000000000, -1.000000000000000000 ) ) ;
#1920 = LINE ( 'NONE', #823, #1479 ) ;
#1921 = VERTEX_POINT ( 'NONE', #1411 ) ;
#1922 = DIRECTION ( 'NONE',  ( 1.000000000000000000, 0.000000000000000000, 0.000000000000000000 ) ) ;
#1923 = ORIENTED_EDGE ( 'NONE', *, *, #406, .T. ) ;
#1924 = LINE ( 'NONE', #2302, #2047 ) ;
#1925 = LINE ( 'NONE', #1188, #1987 ) ;
#1926 = ORIENTED_EDGE ( 'NONE', *, *, #208, .T. ) ;
#1927 = ADVANCED_FACE ( 'NONE', ( #1040 ), #285, .F. ) ;
#1928 = EDGE_CURVE ( 'NONE', #2212, #1283, #144, .T. ) ;
#1929 = CIRCLE ( 'NONE', #437, 0.9999999999999995559 ) ;
#1930 = CARTESIAN_POINT ( 'NONE',  ( -4.635000000000000675, 2.748638853983848218, -2.122500000000000053 ) ) ;
#1931 = DIRECTION ( 'NONE',  ( 1.526149685610094588E-15, -0.000000000000000000, 1.000000000000000000 ) ) ;
#1932 = ORIENTED_EDGE ( 'NONE', *, *, #2048, .T. ) ;
#1933 = ORIENTED_EDGE ( 'NONE', *, *, #800, .F. ) ;
#1934 = VERTEX_POINT ( 'NONE', #1619 ) ;
#1935 = DIRECTION ( 'NONE',  ( -1.000000000000000000, 0.000000000000000000, 0.000000000000000000 ) ) ;
#1936 = DIRECTION ( 'NONE',  ( 1.000000000000000000, 4.328826186497491178E-15, 0.000000000000000000 ) ) ;
#1937 = VERTEX_POINT ( 'NONE', #2370 ) ;
#1938 = VECTOR ( 'NONE', #475, 1000.000000000000000 ) ;
#1939 = PLANE ( 'NONE',  #1460 ) ;
#1940 = EDGE_CURVE ( 'NONE', #791, #1277, #848, .T. ) ;
#1941 = FACE_OUTER_BOUND ( 'NONE', #1142, .T. ) ;
#1942 = ORIENTED_EDGE ( 'NONE', *, *, #2149, .F. ) ;
#1943 = DIRECTION ( 'NONE',  ( -0.9975640502598241977, -0.06975647374412552448, 0.000000000000000000 ) ) ;
#1944 = STYLED_ITEM ( 'NONE', ( #1017 ), #2359 ) ;
#1945 = ORIENTED_EDGE ( 'NONE', *, *, #349, .F. ) ;
#1946 = DIRECTION ( 'NONE',  ( 0.1775237485614014621, 0.9841165168295409327, 0.000000000000000000 ) ) ;
#1947 = DIRECTION ( 'NONE',  ( -1.020627281641181605E-16, 1.000000000000000000, 0.000000000000000000 ) ) ;
#1948 = AXIS2_PLACEMENT_3D ( 'NONE', #854, #2376, #488 ) ;
#1949 = ORIENTED_EDGE ( 'NONE', *, *, #1301, .F. ) ;
#1950 = VECTOR ( 'NONE', #2360, 1000.000000000000114 ) ;
#1951 = LINE ( 'NONE', #140, #2403 ) ;
#1952 = CARTESIAN_POINT ( 'NONE',  ( 7.549999999999999822, 1.270000000000000018, 3.775000000000000355 ) ) ;
#1953 = VERTEX_POINT ( 'NONE', #1647 ) ;
#1954 = ADVANCED_FACE ( 'NONE', ( #1777 ), #1027, .F. ) ;
#1955 = CARTESIAN_POINT ( 'NONE',  ( 7.200326303877384149, 0.000000000000000000, 5.080000000000000071 ) ) ;
#1956 = EDGE_CURVE ( 'NONE', #1299, #211, #1596, .T. ) ;
#1957 = ORIENTED_EDGE ( 'NONE', *, *, #24, .T. ) ;
#1958 = CARTESIAN_POINT ( 'NONE',  ( -7.521748628133628323, -0.2500000000000001110, 2.957500000000000018 ) ) ;
#1959 = ORIENTED_EDGE ( 'NONE', *, *, #2284, .F. ) ;
#1960 = CARTESIAN_POINT ( 'NONE',  ( -4.635000000000000675, 2.774999999999991918, 0.6474999999999998535 ) ) ;
#1961 = EDGE_CURVE ( 'NONE', #2124, #1672, #2250, .T. ) ;
#1962 = PRESENTATION_STYLE_ASSIGNMENT (( #832 ) ) ;
#1963 = ORIENTED_EDGE ( 'NONE', *, *, #711, .F. ) ;
#1964 = LINE ( 'NONE', #284, #1002 ) ;
#1965 = CARTESIAN_POINT ( 'NONE',  ( 3.813431933275228225, 4.599999999999998757, 2.449293598294707893E-16 ) ) ;
#1966 = DIRECTION ( 'NONE',  ( 0.000000000000000000, -1.000000000000000000, 0.000000000000000000 ) ) ;
#1967 = PRESENTATION_LAYER_ASSIGNMENT (  '', '', ( #1107 ) ) ;
#1968 = EDGE_CURVE ( 'NONE', #2090, #972, #738, .T. ) ;
#1969 = ORIENTED_EDGE ( 'NONE', *, *, #1007, .F. ) ;
#1970 = CARTESIAN_POINT ( 'NONE',  ( -5.538005399177347243, 0.3211313256863376764, 2.122500000000000053 ) ) ;
#1971 = CARTESIAN_POINT ( 'NONE',  ( -4.887219104930689006, 1.498936530751409535, 1.892500000000000071 ) ) ;
#1972 = AXIS2_PLACEMENT_3D ( 'NONE', #1093, #2186, #2397 ) ;
#1973 = ORIENTED_EDGE ( 'NONE', *, *, #1816, .T. ) ;
#1974 = DIRECTION ( 'NONE',  ( 0.1775237485613998800, 0.9841165168295412657, 0.000000000000000000 ) ) ;
#1975 = FILL_AREA_STYLE_COLOUR ( '', #1733 ) ;
#1976 = CARTESIAN_POINT ( 'NONE',  ( -5.536166538587405483, 0.2948343940969749832, -2.122500000000000053 ) ) ;
#1977 = ORIENTED_EDGE ( 'NONE', *, *, #2180, .F. ) ;
#1978 = CARTESIAN_POINT ( 'NONE',  ( -4.635000000000000675, 3.180000000000000160, 0.4174999999999999267 ) ) ;
#1979 = CARTESIAN_POINT ( 'NONE',  ( 0.000000000000000000, 1.270000000000000018, 0.000000000000000000 ) ) ;
#1980 = ORIENTED_EDGE ( 'NONE', *, *, #1550, .F. ) ;
#1981 = CARTESIAN_POINT ( 'NONE',  ( -5.538005399177347243, 0.3211313256863376764, 2.957500000000000018 ) ) ;
#1982 = ADVANCED_FACE ( 'NONE', ( #1526 ), #205, .F. ) ;
#1983 = LINE ( 'NONE', #1828, #2421 ) ;
#1984 = ORIENTED_EDGE ( 'NONE', *, *, #1100, .T. ) ;
#1985 = DIRECTION ( 'NONE',  ( -0.000000000000000000, -0.000000000000000000, -1.000000000000000000 ) ) ;
#1986 = LINE ( 'NONE', #681, #988 ) ;
#1987 = VECTOR ( 'NONE', #268, 1000.000000000000114 ) ;
#1988 = CARTESIAN_POINT ( 'NONE',  ( 0.2699999999999981859, 0.000000000000000000, -4.174999999999998934 ) ) ;
#1989 = VERTEX_POINT ( 'NONE', #1489 ) ;
#1990 = CARTESIAN_POINT ( 'NONE',  ( -5.512062959980303489, 0.3164515962291772344, 2.957500000000000018 ) ) ;
#1991 = AXIS2_PLACEMENT_3D ( 'NONE', #2056, #1823, #1285 ) ;
#1992 = CARTESIAN_POINT ( 'NONE',  ( -5.059509628513002788, 2.825215701608374985, -2.122500000000000053 ) ) ;
#1993 = ORIENTED_EDGE ( 'NONE', *, *, #560, .F. ) ;
#1994 =( NAMED_UNIT ( * ) SI_UNIT ( $, .STERADIAN. ) SOLID_ANGLE_UNIT ( ) );
#1995 = DIRECTION ( 'NONE',  ( -0.000000000000000000, -0.000000000000000000, -1.000000000000000000 ) ) ;
#1996 = AXIS2_PLACEMENT_3D ( 'NONE', #17, #721, #1701 ) ;
#1997 = ORIENTED_EDGE ( 'NONE', *, *, #1366, .T. ) ;
#1998 = CARTESIAN_POINT ( 'NONE',  ( -4.660942439197039988, 2.753318583441008105, 2.957500000000000018 ) ) ;
#1999 = FACE_OUTER_BOUND ( 'NONE', #1691, .T. ) ;
#2000 = FACE_OUTER_BOUND ( 'NONE', #926, .T. ) ;
#2001 = ORIENTED_EDGE ( 'NONE', *, *, #1508, .F. ) ;
#2002 = EDGE_CURVE ( 'NONE', #2245, #657, #1292, .T. ) ;
#2003 = DIRECTION ( 'NONE',  ( 1.000000000000000000, 0.000000000000000000, 0.000000000000000000 ) ) ;
#2004 = FACE_OUTER_BOUND ( 'NONE', #426, .T. ) ;
#2005 = LINE ( 'NONE', #1639, #1046 ) ;
#2006 = VECTOR ( 'NONE', #317, 1000.000000000000000 ) ;
#2007 = EDGE_LOOP ( 'NONE', ( #809, #1520, #1854, #847, #2414, #916, #148, #216 ) ) ;
#2008 = DIRECTION ( 'NONE',  ( 1.000000000000000000, 1.020627281641181728E-16, 0.000000000000000000 ) ) ;
#2009 = DIRECTION ( 'NONE',  ( -0.000000000000000000, 0.000000000000000000, 1.000000000000000000 ) ) ;
#2010 = VECTOR ( 'NONE', #398, 1000.000000000000227 ) ;
#2011 = AXIS2_PLACEMENT_3D ( 'NONE', #696, #897, #125 ) ;
#2012 = ORIENTED_EDGE ( 'NONE', *, *, #328, .F. ) ;
#2013 = CARTESIAN_POINT ( 'NONE',  ( -5.113495770664339801, 0.2445544780617996961, -2.122500000000000053 ) ) ;
#2014 = LINE ( 'NONE', #870, #521 ) ;
#2015 = VERTEX_POINT ( 'NONE', #576 ) ;
#2016 = AXIS2_PLACEMENT_3D ( 'NONE', #23, #1552, #434 ) ;
#2017 = EDGE_CURVE ( 'NONE', #174, #123, #910, .T. ) ;
#2018 = DIRECTION ( 'NONE',  ( -0.000000000000000000, -0.000000000000000000, -1.000000000000000000 ) ) ;
#2019 = LINE ( 'NONE', #1246, #1282 ) ;
#2020 = ORIENTED_EDGE ( 'NONE', *, *, #1265, .T. ) ;
#2021 = CARTESIAN_POINT ( 'NONE',  ( 0.2699999999999999067, 1.270000000000000018, 4.175000000000000711 ) ) ;
#2022 = LINE ( 'NONE', #1641, #1076 ) ;
#2023 = AXIS2_PLACEMENT_3D ( 'NONE', #2251, #364, #1125 ) ;
#2024 = VERTEX_POINT ( 'NONE', #171 ) ;
#2025 = CARTESIAN_POINT ( 'NONE',  ( -4.660942439197039988, 2.753318583441008105, -1.892500000000000293 ) ) ;
#2026 =( GEOMETRIC_REPRESENTATION_CONTEXT ( 3 ) GLOBAL_UNCERTAINTY_ASSIGNED_CONTEXT ( ( #2272 ) ) GLOBAL_UNIT_ASSIGNED_CONTEXT ( ( #878, #1060, #523 ) ) REPRESENTATION_CONTEXT ( 'NONE', 'WORKASPACE' ) );
#2027 = ORIENTED_EDGE ( 'NONE', *, *, #1054, .F. ) ;
#2028 = AXIS2_PLACEMENT_3D ( 'NONE', #1146, #1035, #1892 ) ;
#2029 = DIRECTION ( 'NONE',  ( 1.000000000000000000, 0.000000000000000000, 0.000000000000000000 ) ) ;
#2030 = DIRECTION ( 'NONE',  ( -0.000000000000000000, -0.000000000000000000, -1.000000000000000000 ) ) ;
#2031 = LINE ( 'NONE', #132, #269 ) ;
#2032 = EDGE_CURVE ( 'NONE', #666, #455, #1304, .T. ) ;
#2033 = ORIENTED_EDGE ( 'NONE', *, *, #1275, .T. ) ;
#2034 = DIRECTION ( 'NONE',  ( -0.000000000000000000, -1.000000000000000000, -0.000000000000000000 ) ) ;
#2036 = EDGE_CURVE ( 'NONE', #1303, #841, #541, .T. ) ;
#2035 = DIRECTION ( 'NONE',  ( 0.000000000000000000, 0.000000000000000000, -1.000000000000000000 ) ) ;
#2037 = VECTOR ( 'NONE', #957, 1000.000000000000000 ) ;
#2038 = ORIENTED_EDGE ( 'NONE', *, *, #1307, .F. ) ;
#2039 = LINE ( 'NONE', #2417, #1561 ) ;
#2040 = LINE ( 'NONE', #1302, #2319 ) ;
#2041 = VERTEX_POINT ( 'NONE', #2423 ) ;
#2042 = CARTESIAN_POINT ( 'NONE',  ( 0.2699999999999999067, 1.270000000000000018, 4.175000000000000711 ) ) ;
#2043 = PLANE ( 'NONE',  #2023 ) ;
#2044 = LINE ( 'NONE', #1849, #1876 ) ;
#2045 = FACE_OUTER_BOUND ( 'NONE', #1918, .T. ) ;
#2046 = ORIENTED_EDGE ( 'NONE', *, *, #96, .T. ) ;
#2047 = VECTOR ( 'NONE', #2292, 1000.000000000000000 ) ;
#2048 = EDGE_CURVE ( 'NONE', #242, #467, #185, .T. ) ;
#2049 = EDGE_LOOP ( 'NONE', ( #463, #251, #1324, #2086 ) ) ;
#2050 = DIRECTION ( 'NONE',  ( 1.084202172485504040E-15, 0.000000000000000000, 1.000000000000000000 ) ) ;
#2051 = CIRCLE ( 'NONE', #1614, 0.02636114601614180514 ) ;
#2052 = ORIENTED_EDGE ( 'NONE', *, *, #758, .F. ) ;
#2053 = DIRECTION ( 'NONE',  ( -1.000000000000000000, -0.000000000000000000, 3.339217470600206118E-16 ) ) ;
#2054 = LINE ( 'NONE', #1682, #27 ) ;
#2055 = PLANE ( 'NONE',  #1173 ) ;
#2056 = CARTESIAN_POINT ( 'NONE',  ( -5.285786294246656247, 1.570833648918777081, -1.892500000000000293 ) ) ;
#2057 = ORIENTED_EDGE ( 'NONE', *, *, #575, .T. ) ;
#2058 = LINE ( 'NONE', #937, #928 ) ;
#2059 = VECTOR ( 'NONE', #1597, 1000.000000000000114 ) ;
#2060 = ORIENTED_EDGE ( 'NONE', *, *, #2017, .F. ) ;
#2061 = CARTESIAN_POINT ( 'NONE',  ( -4.861276665733649693, 1.494256801294249648, -2.122500000000000053 ) ) ;
#2062 = ADVANCED_FACE ( 'NONE', ( #1114 ), #817, .F. ) ;
#2063 = LINE ( 'NONE', #1487, #1895 ) ;
#2064 = ORIENTED_EDGE ( 'NONE', *, *, #1634, .T. ) ;
#2065 = CARTESIAN_POINT ( 'NONE',  ( -5.538005399177347243, 0.3211313256863376764, -2.122500000000000053 ) ) ;
#2066 = LINE ( 'NONE', #1127, #855 ) ;
#2067 = EDGE_CURVE ( 'NONE', #972, #1210, #450, .T. ) ;
#2068 = VECTOR ( 'NONE', #1759, 1000.000000000000000 ) ;
#2069 = ORIENTED_EDGE ( 'NONE', *, *, #1940, .F. ) ;
#2070 = LINE ( 'NONE', #1699, #2225 ) ;
#2071 = EDGE_CURVE ( 'NONE', #2124, #1492, #210, .T. ) ;
#2072 = ORIENTED_EDGE ( 'NONE', *, *, #2253, .F. ) ;
#2073 = CARTESIAN_POINT ( 'NONE',  ( -7.549999999999999822, 0.1540134403552290421, 2.957500000000000018 ) ) ;
#2074 = ORIENTED_EDGE ( 'NONE', *, *, #766, .F. ) ;
#2075 = LINE ( 'NONE', #2214, #2010 ) ;
#2076 = EDGE_CURVE ( 'NONE', #1867, #1280, #2058, .T. ) ;
#2077 = DIRECTION ( 'NONE',  ( 0.06975647374412585755, -0.9975640502598243087, 0.000000000000000000 ) ) ;
#2078 = CARTESIAN_POINT ( 'NONE',  ( -4.635000000000000675, 2.748638853983848218, 3.187500000000000444 ) ) ;
#2079 = PLANE ( 'NONE',  #2409 ) ;
#2080 = ORIENTED_EDGE ( 'NONE', *, *, #2211, .T. ) ;
#2081 = FACE_OUTER_BOUND ( 'NONE', #1563, .T. ) ;
#2082 = VERTEX_POINT ( 'NONE', #1310 ) ;
#2083 = VECTOR ( 'NONE', #2122, 1000.000000000000000 ) ;
#2084 = LINE ( 'NONE', #1355, #480 ) ;
#2085 = DIRECTION ( 'NONE',  ( 1.000000000000000000, 0.000000000000000000, 0.000000000000000000 ) ) ;
#2086 = ORIENTED_EDGE ( 'NONE', *, *, #24, .F. ) ;
#2087 = VECTOR ( 'NONE', #2123, 1000.000000000000000 ) ;
#2088 = PLANE ( 'NONE',  #354 ) ;
#2089 = EDGE_CURVE ( 'NONE', #606, #1193, #2244, .T. ) ;
#2090 = VERTEX_POINT ( 'NONE', #591 ) ;
#2091 = PRODUCT_CONTEXT ( 'NONE', #1623, 'mechanical' ) ;
#2092 = EDGE_CURVE ( 'NONE', #421, #513, #2070, .T. ) ;
#2093 = ORIENTED_EDGE ( 'NONE', *, *, #2076, .F. ) ;
#2094 = DIRECTION ( 'NONE',  ( -0.1305261922200445235, -0.9914448613738112703, 0.000000000000000000 ) ) ;
#2095 = ORIENTED_EDGE ( 'NONE', *, *, #1562, .T. ) ;
#2096 = FILL_AREA_STYLE_COLOUR ( '', #1655 ) ;
#2097 = AXIS2_PLACEMENT_3D ( 'NONE', #1808, #130, #2187 ) ;
#2098 = LINE ( 'NONE', #609, #1575 ) ;
#2099 = ORIENTED_EDGE ( 'NONE', *, *, #530, .T. ) ;
#2100 = LINE ( 'NONE', #1322, #2345 ) ;
#2101 = MECHANICAL_DESIGN_GEOMETRIC_PRESENTATION_REPRESENTATION (  '', ( #1944 ), #731 ) ;
#2102 = CARTESIAN_POINT ( 'NONE',  ( -4.635000000000000675, 3.180000000000000160, -1.892500000000000293 ) ) ;
#2103 = AXIS2_PLACEMENT_3D ( 'NONE', #2161, #1056, #1807 ) ;
#2104 = EDGE_CURVE ( 'NONE', #1600, #273, #14, .T. ) ;
#2105 = ORIENTED_EDGE ( 'NONE', *, *, #2180, .T. ) ;
#2106 = LINE ( 'NONE', #436, #983 ) ;
#2107 = VECTOR ( 'NONE', #638, 999.9999999999998863 ) ;
#2108 = ORIENTED_EDGE ( 'NONE', *, *, #1576, .T. ) ;
#2109 = AXIS2_PLACEMENT_3D ( 'NONE', #680, #490, #1644 ) ;
#2110 = CARTESIAN_POINT ( 'NONE',  ( 0.2699999999999999067, 1.270000000000000018, 4.175000000000000711 ) ) ;
#2111 = DIRECTION ( 'NONE',  ( -0.000000000000000000, -0.000000000000000000, -1.000000000000000000 ) ) ;
#2112 = ORIENTED_EDGE ( 'NONE', *, *, #397, .T. ) ;
#2113 = EDGE_CURVE ( 'NONE', #1734, #1346, #1482, .T. ) ;
#2114 = VECTOR ( 'NONE', #2234, 1000.000000000000114 ) ;
#2115 = PLANE ( 'NONE',  #264 ) ;
#2116 = DIRECTION ( 'NONE',  ( -0.000000000000000000, 0.000000000000000000, -1.000000000000000000 ) ) ;
#2117 = EDGE_LOOP ( 'NONE', ( #1010, #770, #407, #968, #1365, #1873, #1237, #166 ) ) ;
#2118 = DIRECTION ( 'NONE',  ( -0.000000000000000000, -0.000000000000000000, -1.000000000000000000 ) ) ;
#2119 = EDGE_CURVE ( 'NONE', #1120, #877, #2415, .T. ) ;
#2120 = ORIENTED_EDGE ( 'NONE', *, *, #324, .F. ) ;
#2121 = VECTOR ( 'NONE', #1325, 1000.000000000000227 ) ;
#2122 = DIRECTION ( 'NONE',  ( -1.000000000000000000, 0.000000000000000000, 0.000000000000000000 ) ) ;
#2123 = DIRECTION ( 'NONE',  ( 0.000000000000000000, -1.000000000000000000, 0.000000000000000000 ) ) ;
#2124 = VERTEX_POINT ( 'NONE', #801 ) ;
#2125 = VECTOR ( 'NONE', #1503, 1000.000000000000000 ) ;
#2126 = PLANE ( 'NONE',  #423 ) ;
#2127 = VECTOR ( 'NONE', #335, 1000.000000000000000 ) ;
#2128 = DIRECTION ( 'NONE',  ( -0.000000000000000000, 0.000000000000000000, -1.000000000000000000 ) ) ;
#2129 = ORIENTED_EDGE ( 'NONE', *, *, #147, .F. ) ;
#2130 = PRESENTATION_STYLE_ASSIGNMENT (( #486 ) ) ;
#2131 = LINE ( 'NONE', #1724, #701 ) ;
#2132 = EDGE_LOOP ( 'NONE', ( #780, #871, #270, #1900 ) ) ;
#2133 = EDGE_CURVE ( 'NONE', #273, #791, #810, .T. ) ;
#2134 = VECTOR ( 'NONE', #518, 1000.000000000000000 ) ;
#2135 = DIRECTION ( 'NONE',  ( -0.000000000000000000, -1.000000000000000000, -0.000000000000000000 ) ) ;
#2136 = ORIENTED_EDGE ( 'NONE', *, *, #1239, .T. ) ;
#2137 = PLANE ( 'NONE',  #896 ) ;
#2138 = VERTEX_POINT ( 'NONE', #2346 ) ;
#2139 = CARTESIAN_POINT ( 'NONE',  ( -5.113495770664344242, 0.2445544780618006675, -2.122500000000000053 ) ) ;
#2140 = DIRECTION ( 'NONE',  ( -0.000000000000000000, -0.000000000000000000, -1.000000000000000000 ) ) ;
#2141 = CARTESIAN_POINT ( 'NONE',  ( 5.464999999999998970, 1.270000000000000018, 3.375000000000000444 ) ) ;
#2142 = VECTOR ( 'NONE', #1860, 1000.000000000000000 ) ;
#2143 = VERTEX_POINT ( 'NONE', #2150 ) ;
#2144 = CARTESIAN_POINT ( 'NONE',  ( 7.200326303877383260, 0.000000000000000000, -5.080000000000000071 ) ) ;
#2145 = DIRECTION ( 'NONE',  ( -0.000000000000000000, -0.000000000000000000, -1.000000000000000000 ) ) ;
#2146 = FACE_OUTER_BOUND ( 'NONE', #647, .T. ) ;
#2147 = ORIENTED_EDGE ( 'NONE', *, *, #1307, .T. ) ;
#2148 = VECTOR ( 'NONE', #2204, 1000.000000000000000 ) ;
#2149 = EDGE_CURVE ( 'NONE', #1815, #841, #1920, .T. ) ;
#2150 = CARTESIAN_POINT ( 'NONE',  ( 5.464999999999998082, 0.000000000000000000, -3.374999999999999556 ) ) ;
#2151 = LINE ( 'NONE', #1620, #959 ) ;
#2152 = CARTESIAN_POINT ( 'NONE',  ( 5.464999999999998082, 1.270000000000000018, -4.175000000000000711 ) ) ;
#2153 = ORIENTED_EDGE ( 'NONE', *, *, #1007, .T. ) ;
#2154 = CARTESIAN_POINT ( 'NONE',  ( -2.684888203667169737, 4.699999999999999289, -5.080000000000000071 ) ) ;
#2155 = DIRECTION ( 'NONE',  ( -0.000000000000000000, -0.000000000000000000, -1.000000000000000000 ) ) ;
#2156 = EDGE_LOOP ( 'NONE', ( #63, #1912, #894, #1723 ) ) ;
#2157 = CARTESIAN_POINT ( 'NONE',  ( -7.521748628133628323, -0.2500000000000001110, -2.122500000000000053 ) ) ;
#2158 = CARTESIAN_POINT ( 'NONE',  ( 7.549999999999999822, 1.270000000000000018, 3.775000000000000355 ) ) ;
#2159 = PLANE ( 'NONE',  #633 ) ;
#2160 = ORIENTED_EDGE ( 'NONE', *, *, #940, .T. ) ;
#2161 = CARTESIAN_POINT ( 'NONE',  ( -2.684888203667169737, 4.699999999999999289, 5.080000000000000071 ) ) ;
#2162 = LINE ( 'NONE', #2174, #2134 ) ;
#2163 = CARTESIAN_POINT ( 'NONE',  ( -4.635000000000000675, 2.774999999999990141, 0.6474999999999998535 ) ) ;
#2164 = ADVANCED_FACE ( 'NONE', ( #468 ), #2126, .F. ) ;
#2165 = VECTOR ( 'NONE', #1750, 1000.000000000000000 ) ;
#2166 = ORIENTED_EDGE ( 'NONE', *, *, #1845, .T. ) ;
#2167 = LINE ( 'NONE', #676, #346 ) ;
#2168 = DIRECTION ( 'NONE',  ( 1.000000000000000000, 0.000000000000000000, 0.000000000000000000 ) ) ;
#2169 = EDGE_CURVE ( 'NONE', #795, #2041, #1964, .T. ) ;
#2170 = CARTESIAN_POINT ( 'NONE',  ( 6.264999999999998792, 1.270000000000000018, -3.375000000000000444 ) ) ;
#2171 = ORIENTED_EDGE ( 'NONE', *, *, #1166, .T. ) ;
#2172 = LINE ( 'NONE', #110, #1092 ) ;
#2173 = ORIENTED_EDGE ( 'NONE', *, *, #40, .T. ) ;
#2174 = CARTESIAN_POINT ( 'NONE',  ( 0.2699999999999981859, 1.270000000000000018, -4.174999999999998934 ) ) ;
#2175 = FACE_OUTER_BOUND ( 'NONE', #1148, .T. ) ;
#2176 = EDGE_LOOP ( 'NONE', ( #2209, #1932, #2298, #914 ) ) ;
#2177 = FILL_AREA_STYLE ('',( #1612 ) ) ;
#2178 = CARTESIAN_POINT ( 'NONE',  ( -5.507915166721035760, -0.1091790462582526433, -2.122500000000000053 ) ) ;
#2179 = ADVANCED_FACE ( 'NONE', ( #1026 ), #2115, .F. ) ;
#2180 = EDGE_CURVE ( 'NONE', #2363, #403, #964, .T. ) ;
#2181 = ORIENTED_EDGE ( 'NONE', *, *, #414, .F. ) ;
#2182 = DIRECTION ( 'NONE',  ( 1.000000000000000000, 0.000000000000000000, 0.000000000000000000 ) ) ;
#2183 = DIRECTION ( 'NONE',  ( 1.000000000000000000, 0.000000000000000000, -2.077513144882403750E-16 ) ) ;
#2184 = CARTESIAN_POINT ( 'NONE',  ( -2.831680738477104775, 2.774999999999999467, 0.4174999999999999267 ) ) ;
#2185 = ORIENTED_EDGE ( 'NONE', *, *, #275, .T. ) ;
#2186 = DIRECTION ( 'NONE',  ( 0.000000000000000000, 0.000000000000000000, -1.000000000000000000 ) ) ;
#2187 = DIRECTION ( 'NONE',  ( 0.000000000000000000, -0.000000000000000000, 1.000000000000000000 ) ) ;
#2188 = EDGE_CURVE ( 'NONE', #529, #526, #1888, .T. ) ;
#2189 = AXIS2_PLACEMENT_3D ( 'NONE', #850, #837, #2128 ) ;
#2190 = DIRECTION ( 'NONE',  ( 0.000000000000000000, 0.000000000000000000, 1.000000000000000000 ) ) ;
#2191 = DIRECTION ( 'NONE',  ( 0.1775237485614007960, 0.9841165168295410437, 0.000000000000000000 ) ) ;
#2192 = ORIENTED_EDGE ( 'NONE', *, *, #931, .F. ) ;
#2193 = DIRECTION ( 'NONE',  ( -0.000000000000000000, 1.000000000000000000, -0.000000000000000000 ) ) ;
#2194 = CARTESIAN_POINT ( 'NONE',  ( -5.059509628513002788, 2.825215701608374985, -2.957500000000000018 ) ) ;
#2195 = VECTOR ( 'NONE', #1497, 1000.000000000000000 ) ;
#2196 = ORIENTED_EDGE ( 'NONE', *, *, #1770, .T. ) ;
#2197 = CARTESIAN_POINT ( 'NONE',  ( -4.635000000000000675, 2.748638853983848218, 1.892500000000000071 ) ) ;
#2198 = ADVANCED_FACE ( 'NONE', ( #1635 ), #2384, .F. ) ;
#2199 = SURFACE_STYLE_FILL_AREA ( #419 ) ;
#2200 = CYLINDRICAL_SURFACE ( 'NONE', #2011, 0.9999999999999995559 ) ;
#2201 = ORIENTED_EDGE ( 'NONE', *, *, #684, .T. ) ;
#2202 = DIRECTION ( 'NONE',  ( -1.000000000000000000, -1.020627281641181728E-16, 0.000000000000000000 ) ) ;
#2203 = DIRECTION ( 'NONE',  ( 1.000000000000000000, -0.000000000000000000, 1.017433123740062993E-15 ) ) ;
#2204 = DIRECTION ( 'NONE',  ( -0.000000000000000000, -0.000000000000000000, -1.000000000000000000 ) ) ;
#2205 = EDGE_CURVE ( 'NONE', #976, #1734, #1451, .T. ) ;
#2206 = ORIENTED_EDGE ( 'NONE', *, *, #439, .F. ) ;
#2207 = CARTESIAN_POINT ( 'NONE',  ( -5.512062959980303489, 0.3164515962291772344, -2.122500000000000053 ) ) ;
#2208 = CIRCLE ( 'NONE', #405, 0.4313611460161504430 ) ;
#2209 = ORIENTED_EDGE ( 'NONE', *, *, #343, .T. ) ;
#2210 = CARTESIAN_POINT ( 'NONE',  ( -2.831680738477104775, 2.774999999999999467, -1.892500000000000293 ) ) ;
#2211 = EDGE_CURVE ( 'NONE', #234, #1559, #899, .T. ) ;
#2212 = VERTEX_POINT ( 'NONE', #2170 ) ;
#2213 = CARTESIAN_POINT ( 'NONE',  ( -4.635000000000000675, 3.180000000000000160, 2.957500000000000018 ) ) ;
#2214 = CARTESIAN_POINT ( 'NONE',  ( -5.059509628513012558, 2.825215701608376762, 3.187500000000000444 ) ) ;
#2215 = ADVANCED_FACE ( 'NONE', ( #1214 ), #1201, .T. ) ;
#2216 = DIRECTION ( 'NONE',  ( -0.000000000000000000, -0.000000000000000000, -1.000000000000000000 ) ) ;
#2217 = ORIENTED_EDGE ( 'NONE', *, *, #1112, .F. ) ;
#2218 = LINE ( 'NONE', #903, #2223 ) ;
#2219 = CARTESIAN_POINT ( 'NONE',  ( 6.264999999999999680, 0.000000000000000000, 5.080000000000000071 ) ) ;
#2220 = VECTOR ( 'NONE', #1259, 1000.000000000000114 ) ;
#2221 = EDGE_LOOP ( 'NONE', ( #570, #315, #2206, #2217, #826, #99 ) ) ;
#2222 = PLANE ( 'NONE',  #1996 ) ;
#2223 = VECTOR ( 'NONE', #3, 999.9999999999998863 ) ;
#2224 = ORIENTED_EDGE ( 'NONE', *, *, #1414, .F. ) ;
#2225 = VECTOR ( 'NONE', #1099, 1000.000000000000114 ) ;
#2226 = CARTESIAN_POINT ( 'NONE',  ( -4.635000000000000675, 2.774999999999994582, -2.122500000000000053 ) ) ;
#2227 = DIRECTION ( 'NONE',  ( 0.000000000000000000, 1.000000000000000000, 0.000000000000000000 ) ) ;
#2228 = EDGE_CURVE ( 'NONE', #1262, #688, #1983, .T. ) ;
#2229 = EDGE_LOOP ( 'NONE', ( #1553, #429, #1132, #1997 ) ) ;
#2230 = CARTESIAN_POINT ( 'NONE',  ( -5.538005399177347243, 0.3211313256863376764, 2.957500000000000018 ) ) ;
#2231 = DIRECTION ( 'NONE',  ( -1.000000000000000000, 0.000000000000000000, 0.000000000000000000 ) ) ;
#2232 = VECTOR ( 'NONE', #31, 1000.000000000000000 ) ;
#2233 = VERTEX_POINT ( 'NONE', #1800 ) ;
#2234 = DIRECTION ( 'NONE',  ( 0.9841165168295412657, -0.1775237485613996302, 0.000000000000000000 ) ) ;
#2235 = CARTESIAN_POINT ( 'NONE',  ( 6.264999999999999680, 0.000000000000000000, 5.080000000000000071 ) ) ;
#2236 = ORIENTED_EDGE ( 'NONE', *, *, #2104, .F. ) ;
#2237 = CARTESIAN_POINT ( 'NONE',  ( 5.464999999999998970, 1.270000000000000018, 4.175000000000000711 ) ) ;
#2238 = CARTESIAN_POINT ( 'NONE',  ( 0.2699999999999999067, 1.270000000000000018, 4.175000000000000711 ) ) ;
#2239 = DIRECTION ( 'NONE',  ( -0.000000000000000000, -1.000000000000000000, -0.000000000000000000 ) ) ;
#2240 = PLANE ( 'NONE',  #390 ) ;
#2241 = ADVANCED_FACE ( 'NONE', ( #1390 ), #1431, .F. ) ;
#2242 = ORIENTED_EDGE ( 'NONE', *, *, #1334, .F. ) ;
#2243 = LINE ( 'NONE', #149, #105 ) ;
#2244 = LINE ( 'NONE', #1518, #108 ) ;
#2245 = VERTEX_POINT ( 'NONE', #975 ) ;
#2246 = PLANE ( 'NONE',  #1243 ) ;
#2247 = VECTOR ( 'NONE', #1273, 1000.000000000000000 ) ;
#2248 = DIRECTION ( 'NONE',  ( 0.000000000000000000, 0.000000000000000000, -1.000000000000000000 ) ) ;
#2249 = VERTEX_POINT ( 'NONE', #1726 ) ;
#2250 = LINE ( 'NONE', #193, #966 ) ;
#2251 = CARTESIAN_POINT ( 'NONE',  ( -5.285786294246656247, 1.570833648918777081, -1.892500000000000293 ) ) ;
#2252 = LINE ( 'NONE', #945, #2037 ) ;
#2253 = EDGE_CURVE ( 'NONE', #2377, #1458, #1925, .T. ) ;
#2254 = CARTESIAN_POINT ( 'NONE',  ( -4.635000000000000675, 2.748638853983848218, 0.6474999999999998535 ) ) ;
#2255 = VECTOR ( 'NONE', #1424, 999.9999999999998863 ) ;
#2256 = CARTESIAN_POINT ( 'NONE',  ( -4.635000000000000675, 2.748638853983848218, 2.957500000000000018 ) ) ;
#2257 = ORIENTED_EDGE ( 'NONE', *, *, #2410, .T. ) ;
#2258 = CARTESIAN_POINT ( 'NONE',  ( 7.200326303877383260, 1.270000000000000018, -5.080000000000000071 ) ) ;
#2259 = EDGE_CURVE ( 'NONE', #2416, #25, #1798, .T. ) ;
#2260 = CARTESIAN_POINT ( 'NONE',  ( 7.549999999999999822, 0.000000000000000000, 3.775000000000000355 ) ) ;
#2261 = ORIENTED_EDGE ( 'NONE', *, *, #1961, .F. ) ;
#2262 = VECTOR ( 'NONE', #2193, 1000.000000000000000 ) ;
#2263 = DIRECTION ( 'NONE',  ( 0.9841165168295412657, -0.1775237485613996302, 0.000000000000000000 ) ) ;
#2264 = CARTESIAN_POINT ( 'NONE',  ( -4.635000000000000675, 3.180000000000000160, -2.122500000000000053 ) ) ;
#2265 = CARTESIAN_POINT ( 'NONE',  ( -2.885000000000000231, 3.180000000000000160, 1.892500000000000071 ) ) ;
#2266 = DIRECTION ( 'NONE',  ( -1.000000000000000000, 0.000000000000000000, 0.000000000000000000 ) ) ;
#2267 = VECTOR ( 'NONE', #1117, 1000.000000000000000 ) ;
#2268 = PLANE ( 'NONE',  #1898 ) ;
#2269 = VERTEX_POINT ( 'NONE', #1430 ) ;
#2270 = CARTESIAN_POINT ( 'NONE',  ( -7.549999999999999822, 0.1540134403552290421, 2.957500000000000018 ) ) ;
#2271 = CIRCLE ( 'NONE', #1599, 0.02636114601614180514 ) ;
#2272 = UNCERTAINTY_MEASURE_WITH_UNIT (LENGTH_MEASURE( 1.000000000000000082E-05 ), #878, 'distance_accuracy_value', 'NONE');
#2273 = ORIENTED_EDGE ( 'NONE', *, *, #394, .F. ) ;
#2274 = EDGE_CURVE ( 'NONE', #126, #347, #516, .T. ) ;
#2275 = DIRECTION ( 'NONE',  ( -1.000000000000000000, 0.000000000000000000, 0.000000000000000000 ) ) ;
#2276 = CARTESIAN_POINT ( 'NONE',  ( -5.113495770664339801, 0.2445544780617996961, 2.957500000000000018 ) ) ;
#2277 = CARTESIAN_POINT ( 'NONE',  ( 7.200326303877383260, 0.000000000000000000, -5.080000000000000071 ) ) ;
#2278 = ORIENTED_EDGE ( 'NONE', *, *, #1136, .T. ) ;
#2279 = DIRECTION ( 'NONE',  ( -1.148823494024375695E-16, 0.000000000000000000, -1.000000000000000000 ) ) ;
#2280 = ORIENTED_EDGE ( 'NONE', *, *, #1508, .T. ) ;
#2281 = LINE ( 'NONE', #792, #1880 ) ;
#2282 = ORIENTED_EDGE ( 'NONE', *, *, #328, .T. ) ;
#2283 = AXIS2_PLACEMENT_3D ( 'NONE', #2158, #1447, #1788 ) ;
#2284 = EDGE_CURVE ( 'NONE', #190, #526, #1582, .T. ) ;
#2285 = DIRECTION ( 'NONE',  ( 1.000000000000000000, 0.000000000000000000, 0.000000000000000000 ) ) ;
#2286 = CARTESIAN_POINT ( 'NONE',  ( 6.264999999999996128, 1.270000000000000018, -5.080000000000000071 ) ) ;
#2287 = ORIENTED_EDGE ( 'NONE', *, *, #587, .F. ) ;
#2288 = DIRECTION ( 'NONE',  ( 0.1775237485613998800, 0.9841165168295412657, 0.000000000000000000 ) ) ;
#2289 = ADVANCED_FACE ( 'NONE', ( #2045 ), #1864, .T. ) ;
#2290 = EDGE_LOOP ( 'NONE', ( #1705, #1467, #1130, #1097, #1680, #2201, #1752, #1144, #1312, #318, #265, #1403, #971, #1643 ) ) ;
#2291 = ORIENTED_EDGE ( 'NONE', *, *, #1940, .T. ) ;
#2292 = DIRECTION ( 'NONE',  ( -0.000000000000000000, -0.000000000000000000, -1.000000000000000000 ) ) ;
#2293 = ADVANCED_FACE ( 'NONE', ( #789 ), #465, .F. ) ;
#2294 = ORIENTED_EDGE ( 'NONE', *, *, #2092, .T. ) ;
#2295 = FACE_OUTER_BOUND ( 'NONE', #276, .T. ) ;
#2296 = ORIENTED_EDGE ( 'NONE', *, *, #1928, .T. ) ;
#2297 = DIRECTION ( 'NONE',  ( 0.06975647374412585755, -0.9975640502598243087, 0.000000000000000000 ) ) ;
#2298 = ORIENTED_EDGE ( 'NONE', *, *, #1151, .F. ) ;
#2299 = EDGE_CURVE ( 'NONE', #1937, #2249, #155, .T. ) ;
#2300 = VECTOR ( 'NONE', #1314, 1000.000000000000000 ) ;
#2301 = EDGE_LOOP ( 'NONE', ( #1980, #322, #391, #1488 ) ) ;
#2302 = CARTESIAN_POINT ( 'NONE',  ( -7.549999999999999822, 0.1540134403552290421, -2.122500000000000053 ) ) ;
#2303 = AXIS2_PLACEMENT_3D ( 'NONE', #901, #2190, #1862 ) ;
#2304 = ORIENTED_EDGE ( 'NONE', *, *, #471, .F. ) ;
#2305 = DIRECTION ( 'NONE',  ( -1.000000000000000000, 0.000000000000000000, -0.000000000000000000 ) ) ;
#2306 = ORIENTED_EDGE ( 'NONE', *, *, #1853, .F. ) ;
#2307 = AXIS2_PLACEMENT_3D ( 'NONE', #1653, #1102, #1855 ) ;
#2308 = DIRECTION ( 'NONE',  ( 0.9841165168295412657, -0.1775237485613996302, 0.000000000000000000 ) ) ;
#2309 = EDGE_CURVE ( 'NONE', #1492, #421, #1276, .T. ) ;
#2310 = ORIENTED_EDGE ( 'NONE', *, *, #1443, .T. ) ;
#2311 = CARTESIAN_POINT ( 'NONE',  ( -7.521748628133628323, -0.2500000000000001110, -2.957500000000000018 ) ) ;
#2312 = DIRECTION ( 'NONE',  ( 0.000000000000000000, -1.000000000000000000, 0.000000000000000000 ) ) ;
#2313 = EDGE_CURVE ( 'NONE', #496, #142, #1586, .T. ) ;
#2314 = UNCERTAINTY_MEASURE_WITH_UNIT (LENGTH_MEASURE( 1.000000000000000082E-05 ), #1375, 'distance_accuracy_value', 'NONE');
#2315 = ORIENTED_EDGE ( 'NONE', *, *, #2259, .F. ) ;
#2316 = CARTESIAN_POINT ( 'NONE',  ( 5.464999999999998082, 1.270000000000000018, -4.175000000000000711 ) ) ;
#2317 = ORIENTED_EDGE ( 'NONE', *, *, #1856, .T. ) ;
#2318 =( GEOMETRIC_REPRESENTATION_CONTEXT ( 3 ) GLOBAL_UNCERTAINTY_ASSIGNED_CONTEXT ( ( #596 ) ) GLOBAL_UNIT_ASSIGNED_CONTEXT ( ( #1011, #491, #1435 ) ) REPRESENTATION_CONTEXT ( 'NONE', 'WORKASPACE' ) );
#2319 = VECTOR ( 'NONE', #2407, 1000.000000000000000 ) ;
#2320 = EDGE_CURVE ( 'NONE', #986, #455, #654, .T. ) ;
#2321 = FACE_OUTER_BOUND ( 'NONE', #996, .T. ) ;
#2322 = AXIS2_PLACEMENT_3D ( 'NONE', #1992, #495, #263 ) ;
#2323 = ORIENTED_EDGE ( 'NONE', *, *, #2228, .F. ) ;
#2324 = PLANE ( 'NONE',  #887 ) ;
#2325 = LINE ( 'NONE', #1235, #1689 ) ;
#2326 = ORIENTED_EDGE ( 'NONE', *, *, #905, .F. ) ;
#2327 = EDGE_CURVE ( 'NONE', #593, #1013, #1564, .T. ) ;
#2328 =( LENGTH_UNIT ( ) NAMED_UNIT ( * ) SI_UNIT ( .MILLI., .METRE. ) );
#2329 = CYLINDRICAL_SURFACE ( 'NONE', #369, 0.4313611460161452804 ) ;
#2330 = DIRECTION ( 'NONE',  ( 0.1775237485613996580, 0.9841165168295413768, -0.000000000000000000 ) ) ;
#2331 = ORIENTED_EDGE ( 'NONE', *, *, #890, .T. ) ;
#2332 = CIRCLE ( 'NONE', #708, 0.4313611460161461131 ) ;
#2333 = CARTESIAN_POINT ( 'NONE',  ( 6.264999999999999680, 1.270000000000000018, 5.080000000000000071 ) ) ;
#2334 = FACE_OUTER_BOUND ( 'NONE', #1382, .T. ) ;
#2335 = LINE ( 'NONE', #1955, #1950 ) ;
#2336 = EDGE_LOOP ( 'NONE', ( #1942, #675, #1923, #109 ) ) ;
#2337 = DIRECTION ( 'NONE',  ( -0.000000000000000000, -0.000000000000000000, -1.000000000000000000 ) ) ;
#2338 = DIRECTION ( 'NONE',  ( 0.000000000000000000, 0.000000000000000000, 1.000000000000000000 ) ) ;
#2339 = VECTOR ( 'NONE', #1715, 1000.000000000000000 ) ;
#2340 = ORIENTED_EDGE ( 'NONE', *, *, #248, .T. ) ;
#2341 = CARTESIAN_POINT ( 'NONE',  ( -4.887219104930689006, 1.498936530751409535, -1.892500000000000293 ) ) ;
#2342 = ADVANCED_FACE ( 'NONE', ( #815 ), #474, .F. ) ;
#2343 = DIRECTION ( 'NONE',  ( 0.9914448613738103822, 0.1305261922200526836, -0.000000000000000000 ) ) ;
#2344 = EDGE_LOOP ( 'NONE', ( #113, #1615, #639, #1664 ) ) ;
#2345 = VECTOR ( 'NONE', #1160, 1000.000000000000000 ) ;
#2346 = CARTESIAN_POINT ( 'NONE',  ( -5.113495770664339801, 0.2445544780617996961, 2.122500000000000053 ) ) ;
#2347 = CARTESIAN_POINT ( 'NONE',  ( -4.887219104930689006, 1.498936530751409535, -1.892500000000000293 ) ) ;
#2348 = CARTESIAN_POINT ( 'NONE',  ( -5.536166538587405483, 0.2948343940969783139, 2.957500000000000018 ) ) ;
#2349 = EDGE_LOOP ( 'NONE', ( #1886, #2310, #2192, #1437 ) ) ;
#2350 = SURFACE_SIDE_STYLE ('',( #255 ) ) ;
#2351 = LINE ( 'NONE', #2219, #1182 ) ;
#2352 = ORIENTED_EDGE ( 'NONE', *, *, #66, .F. ) ;
#2353 = PLANE ( 'NONE',  #1047 ) ;
#2354 = MANIFOLD_SOLID_BREP ( 'Boss-Extrude2', #525 ) ;
#2355 = DIRECTION ( 'NONE',  ( -0.1305261922200526836, 0.9914448613738103822, 0.000000000000000000 ) ) ;
#2356 = ORIENTED_EDGE ( 'NONE', *, *, #79, .F. ) ;
#2357 = AXIS2_PLACEMENT_3D ( 'NONE', #120, #331, #1441 ) ;
#2358 = DIRECTION ( 'NONE',  ( 0.1305261922200526281, -0.9914448613738103822, 0.000000000000000000 ) ) ;
#2359 = MANIFOLD_SOLID_BREP ( 'Boss-Extrude4', #1661 ) ;
#2360 = DIRECTION ( 'NONE',  ( 0.2588190451025208505, 0.000000000000000000, -0.9659258262890683122 ) ) ;
#2361 = EDGE_CURVE ( 'NONE', #679, #1458, #2167, .T. ) ;
#2362 = ADVANCED_FACE ( 'NONE', ( #497 ), #2324, .F. ) ;
#2363 = VERTEX_POINT ( 'NONE', #1767 ) ;
#2364 = CARTESIAN_POINT ( 'NONE',  ( -2.831680738477104775, 2.774999999999999467, 0.4174999999999999267 ) ) ;
#2365 = VERTEX_POINT ( 'NONE', #90 ) ;
#2366 = CARTESIAN_POINT ( 'NONE',  ( -5.113495770664344242, 0.2445544780618006675, -2.122500000000000053 ) ) ;
#2367 = LINE ( 'NONE', #1976, #2404 ) ;
#2368 = ORIENTED_EDGE ( 'NONE', *, *, #684, .F. ) ;
#2369 = AXIS2_PLACEMENT_3D ( 'NONE', #904, #1851, #1651 ) ;
#2370 = CARTESIAN_POINT ( 'NONE',  ( -5.512062959980303489, 0.3164515962291772344, -2.957500000000000018 ) ) ;
#2371 = DIRECTION ( 'NONE',  ( -0.000000000000000000, -0.000000000000000000, -1.000000000000000000 ) ) ;
#2372 = LINE ( 'NONE', #1836, #694 ) ;
#2373 = EDGE_CURVE ( 'NONE', #347, #467, #1404, .T. ) ;
#2374 = ORIENTED_EDGE ( 'NONE', *, *, #1178, .F. ) ;
#2375 = DIRECTION ( 'NONE',  ( -1.000000000000000000, -0.000000000000000000, 1.084202172485504040E-15 ) ) ;
#2376 = DIRECTION ( 'NONE',  ( 0.000000000000000000, 0.000000000000000000, 1.000000000000000000 ) ) ;
#2377 = VERTEX_POINT ( 'NONE', #1481 ) ;
#2378 = LINE ( 'NONE', #1960, #1841 ) ;
#2379 = VECTOR ( 'NONE', #481, 1000.000000000000000 ) ;
#2380 = PLANE ( 'NONE',  #2283 ) ;
#2381 = EDGE_CURVE ( 'NONE', #666, #2363, #2218, .T. ) ;
#2382 = CARTESIAN_POINT ( 'NONE',  ( 5.464999999999998970, 0.000000000000000000, 4.175000000000000711 ) ) ;
#2383 = EDGE_LOOP ( 'NONE', ( #522, #1341, #1760, #80, #12, #549, #1897, #2242 ) ) ;
#2384 = PLANE ( 'NONE',  #232 ) ;
#2385 = CARTESIAN_POINT ( 'NONE',  ( 5.813431933275229113, 4.700000000000000178, 5.080000000000000071 ) ) ;
#2386 = LINE ( 'NONE', #312, #254 ) ;
#2387 = DIRECTION ( 'NONE',  ( -0.000000000000000000, 0.000000000000000000, -1.000000000000000000 ) ) ;
#2388 = ORIENTED_EDGE ( 'NONE', *, *, #2361, .T. ) ;
#2389 = PLANE ( 'NONE',  #649 ) ;
#2390 = CARTESIAN_POINT ( 'NONE',  ( -5.113495770664344242, 0.2445544780618006675, 2.957500000000000018 ) ) ;
#2391 = ADVANCED_FACE ( 'NONE', ( #135 ), #534, .F. ) ;
#2392 = ORIENTED_EDGE ( 'NONE', *, *, #1340, .T. ) ;
#2393 = DIRECTION ( 'NONE',  ( 0.9975640502598241977, 0.06975647374412553836, 0.000000000000000000 ) ) ;
#2394 = ADVANCED_FACE ( 'NONE', ( #1468, #925 ), #2389, .F. ) ;
#2395 = CARTESIAN_POINT ( 'NONE',  ( -5.538005399177347243, 0.3211313256863376764, -2.957500000000000018 ) ) ;
#2396 = ORIENTED_EDGE ( 'NONE', *, *, #905, .T. ) ;
#2397 = DIRECTION ( 'NONE',  ( -1.000000000000000000, 0.000000000000000000, -0.000000000000000000 ) ) ;
#2398 = DIRECTION ( 'NONE',  ( -0.2588190451025207950, 0.000000000000000000, 0.9659258262890683122 ) ) ;
#2399 = FACE_OUTER_BOUND ( 'NONE', #1874, .T. ) ;
#2400 = EDGE_CURVE ( 'NONE', #657, #188, #1493, .T. ) ;
#2401 = VERTEX_POINT ( 'NONE', #189 ) ;
#2402 = FACE_OUTER_BOUND ( 'NONE', #818, .T. ) ;
#2403 = VECTOR ( 'NONE', #1617, 1000.000000000000000 ) ;
#2404 = VECTOR ( 'NONE', #141, 1000.000000000000114 ) ;
#2405 = ORIENTED_EDGE ( 'NONE', *, *, #1845, .F. ) ;
#2406 = CARTESIAN_POINT ( 'NONE',  ( -5.285786294246652695, 1.570833648918776193, 2.957500000000000018 ) ) ;
#2407 = DIRECTION ( 'NONE',  ( -0.000000000000000000, -0.000000000000000000, -1.000000000000000000 ) ) ;
#2408 = ORIENTED_EDGE ( 'NONE', *, *, #836, .F. ) ;
#2409 = AXIS2_PLACEMENT_3D ( 'NONE', #1138, #1793, #87 ) ;
#2410 = EDGE_CURVE ( 'NONE', #1611, #1867, #2243, .T. ) ;
#2411 = PLANE ( 'NONE',  #559 ) ;
#2412 = DIRECTION ( 'NONE',  ( -1.020627281641181605E-16, 1.000000000000000000, 0.000000000000000000 ) ) ;
#2413 = CARTESIAN_POINT ( 'NONE',  ( 6.264999999999997904, 0.000000000000000000, 5.080000000000000071 ) ) ;
#2414 = ORIENTED_EDGE ( 'NONE', *, *, #642, .T. ) ;
#2415 = LINE ( 'NONE', #730, #652 ) ;
#2416 = VERTEX_POINT ( 'NONE', #703 ) ;
#2417 = CARTESIAN_POINT ( 'NONE',  ( 7.200326303877384149, 1.270000000000000018, 5.080000000000000071 ) ) ;
#2418 = MECHANICAL_DESIGN_GEOMETRIC_PRESENTATION_REPRESENTATION (  '', ( #1630 ), #29 ) ;
#2419 = DIRECTION ( 'NONE',  ( 0.000000000000000000, 0.000000000000000000, 1.000000000000000000 ) ) ;
#2420 = VERTEX_POINT ( 'NONE', #330 ) ;
#2421 = VECTOR ( 'NONE', #93, 1000.000000000000000 ) ;
#2422 = ADVANCED_FACE ( 'NONE', ( #316 ), #163, .T. ) ;
#2423 = CARTESIAN_POINT ( 'NONE',  ( 6.264999999999998792, 0.000000000000000000, -3.375000000000000444 ) ) ;
#2424 = DIRECTION ( 'NONE',  ( 0.000000000000000000, 0.000000000000000000, 1.000000000000000000 ) ) ;
#2425 = CARTESIAN_POINT ( 'NONE',  ( 6.264999999999999680, 0.000000000000000000, -5.080000000000000071 ) ) ;
ENDSEC;
END-ISO-10303-21;
