ISO-10303-21;
HEADER;
FILE_DESCRIPTION (( 'STEP AP214' ),
    '1' );
FILE_NAME ('CUI_DEVICES_DS04-254-2-02BK-SMT-TR.step',
    '2020-04-22T21:36:29',
    ( '' ),
    ( '' ),
    'SwSTEP 2.0',
    'SolidWorks 2020',
    '' );
FILE_SCHEMA (( 'AUTOMOTIVE_DESIGN' ));
ENDSEC;

DATA;
#1 = COLOUR_RGB ( '',0.7607843137254901578, 0.7607843137254901578, 0.0000000000000000000 ) ;
#2 = EDGE_LOOP ( 'NONE', ( #6631, #4509, #1453 ) ) ;
#3 = ORIENTED_EDGE ( 'NONE', *, *, #323, .T. ) ;
#4 = PRESENTATION_STYLE_ASSIGNMENT (( #1193 ) ) ;
#5 = LINE ( 'NONE', #3860, #7732 ) ;
#6 = DIRECTION ( 'NONE',  ( -2.837565599156477682E-11, 1.000000000000000000, -4.961769309790727612E-26 ) ) ;
#7 = SURFACE_SIDE_STYLE ('',( #695 ) ) ;
#8 = DIRECTION ( 'NONE',  ( 1.748601263784622143E-15, 0.0000000000000000000, -1.000000000000000000 ) ) ;
#9 = ORIENTED_EDGE ( 'NONE', *, *, #1758, .F. ) ;
#10 = SURFACE_SIDE_STYLE ('',( #1996 ) ) ;
#11 = DIRECTION ( 'NONE',  ( -5.288613215250233666E-09, 1.765092102736000626E-08, 0.9999999999999997780 ) ) ;
#12 = CARTESIAN_POINT ( 'NONE',  ( 0.4578091021353568602, -0.004205264535602351757, -0.2095942470915554690 ) ) ;
#13 = SURFACE_STYLE_USAGE ( .BOTH. , #6233 ) ;
#14 = FILL_AREA_STYLE_COLOUR ( '', #6276 ) ;
#15 = CARTESIAN_POINT ( 'NONE',  ( 0.5144963000306228551, -0.01715373501898830380, -0.1713582679653039842 ) ) ;
#16 = ORIENTED_EDGE ( 'NONE', *, *, #3280, .T. ) ;
#17 = CARTESIAN_POINT ( 'NONE',  ( 0.3928014512908299949, 0.1021333181416024388, -0.1329724411934976036 ) ) ;
#18 = UNCERTAINTY_MEASURE_WITH_UNIT (LENGTH_MEASURE( 1.000000000000000082E-05 ), #6280, 'distance_accuracy_value', 'NONE');
#19 =( GEOMETRIC_REPRESENTATION_CONTEXT ( 3 ) GLOBAL_UNCERTAINTY_ASSIGNED_CONTEXT ( ( #986 ) ) GLOBAL_UNIT_ASSIGNED_CONTEXT ( ( #7918, #3625, #1709 ) ) REPRESENTATION_CONTEXT ( 'NONE', 'WORKASPACE' ) );
#20 = CARTESIAN_POINT ( 'NONE',  ( 0.3928014512908296063, 0.1021333181416024527, -0.03297244119349760499 ) ) ;
#21 = ORIENTED_EDGE ( 'NONE', *, *, #3531, .F. ) ;
#22 = VERTEX_POINT ( 'NONE', #8065 ) ;
#23 = PLANE ( 'NONE',  #2839 ) ;
#24 = DIRECTION ( 'NONE',  ( -1.644517855226008195E-15, -1.000000000000000000, -2.890435660536364269E-30 ) ) ;
#25 = ORIENTED_EDGE ( 'NONE', *, *, #3424, .F. ) ;
#26 = MECHANICAL_DESIGN_GEOMETRIC_PRESENTATION_REPRESENTATION (  '', ( #1737 ), #803 ) ;
#27 = DIRECTION ( 'NONE',  ( -1.748601263784622143E-15, 0.0000000000000000000, 1.000000000000000000 ) ) ;
#28 = AXIS2_PLACEMENT_3D ( 'NONE', #8175, #8134, #1842 ) ;
#29 = EDGE_CURVE ( 'NONE', #886, #6565, #1841, .T. ) ;
#30 = VECTOR ( 'NONE', #7360, 39.37007874015748143 ) ;
#31 = CARTESIAN_POINT ( 'NONE',  ( 0.2461244040472859718, 0.003668751212429472927, -0.005563233721056699485 ) ) ;
#32 = ORIENTED_EDGE ( 'NONE', *, *, #6732, .T. ) ;
#33 = EDGE_CURVE ( 'NONE', #80, #7331, #2407, .T. ) ;
#34 =( CONVERSION_BASED_UNIT ( 'INCH', #5089 ) LENGTH_UNIT ( ) NAMED_UNIT ( #432 ) );
#35 = DIRECTION ( 'NONE',  ( 1.000000000000000000, -1.644517855226007801E-15, 1.748601263784622143E-15 ) ) ;
#36 = SURFACE_SIDE_STYLE ('',( #563 ) ) ;
#37 = CARTESIAN_POINT ( 'NONE',  ( 0.2148518768365310638, 0.02729079845652401456, -0.02726377977696224642 ) ) ;
#38 = AXIS2_PLACEMENT_3D ( 'NONE', #3052, #2594, #3211 ) ;
#39 = EDGE_CURVE ( 'NONE', #3647, #3374, #4915, .T. ) ;
#40 = ORIENTED_EDGE ( 'NONE', *, *, #86, .T. ) ;
#41 = AXIS2_PLACEMENT_3D ( 'NONE', #5357, #1612, #4766 ) ;
#42 = VECTOR ( 'NONE', #3824, 39.37007874015748143 ) ;
#43 = VERTEX_POINT ( 'NONE', #6088 ) ;
#44 = CARTESIAN_POINT ( 'NONE',  ( 0.1933643507908069936, -0.007659296307098001876, -0.1272637797769623214 ) ) ;
#45 = VERTEX_POINT ( 'NONE', #2275 ) ;
#46 = DIRECTION ( 'NONE',  ( 1.555145074134650487E-15, 0.9987523388778386524, 0.04993761694401192830 ) ) ;
#47 = SURFACE_STYLE_USAGE ( .BOTH. , #3289 ) ;
#48 =( CONVERSION_BASED_UNIT ( 'INCH', #85 ) LENGTH_UNIT ( ) NAMED_UNIT ( #7000 ) );
#49 = DIRECTION ( 'NONE',  ( 6.573244032422477783E-11, -1.000000000000000000, -7.815970093358505746E-14 ) ) ;
#50 = CIRCLE ( 'NONE', #4152, 0.007874015748031492484 ) ;
#51 =( NAMED_UNIT ( * ) PLANE_ANGLE_UNIT ( ) SI_UNIT ( $, .RADIAN. ) );
#52 = VERTEX_POINT ( 'NONE', #3687 ) ;
#53 = DIRECTION ( 'NONE',  ( -1.000000000000000000, 1.644517855226007801E-15, -8.234490263801784106E-12 ) ) ;
#54 = PRESENTATION_LAYER_ASSIGNMENT (  '', '', ( #3634 ) ) ;
#55 = VECTOR ( 'NONE', #2683, 39.37007874015748143 ) ;
#56 = DIRECTION ( 'NONE',  ( -1.000000000000000000, 1.644517855226007801E-15, -4.329683484489847320E-13 ) ) ;
#57 = CARTESIAN_POINT ( 'NONE',  ( 0.4754786166452386609, 0.03769413415677508317, -0.2244362336955049442 ) ) ;
#58 = LINE ( 'NONE', #7558, #1769 ) ;
#59 = ORIENTED_EDGE ( 'NONE', *, *, #5092, .F. ) ;
#60 = DIRECTION ( 'NONE',  ( 1.644517855226008195E-15, 1.000000000000000000, 2.890435660536364269E-30 ) ) ;
#61 = VECTOR ( 'NONE', #6022, 39.37007874015748143 ) ;
#62 = DIMENSIONAL_EXPONENTS ( 1.000000000000000000, 0.0000000000000000000, 0.0000000000000000000, 0.0000000000000000000, 0.0000000000000000000, 0.0000000000000000000, 0.0000000000000000000 ) ;
#63 = DIRECTION ( 'NONE',  ( 0.0000000000000000000, 0.0000000000000000000, 1.000000000000000000 ) ) ;
#64 = EDGE_LOOP ( 'NONE', ( #3115, #6804, #5446, #7699 ) ) ;
#65 =( LENGTH_UNIT ( ) NAMED_UNIT ( * ) SI_UNIT ( $, .METRE. ) );
#66 = FILL_AREA_STYLE ('',( #7684 ) ) ;
#67 = VERTEX_POINT ( 'NONE', #6212 ) ;
#68 = MECHANICAL_DESIGN_GEOMETRIC_PRESENTATION_REPRESENTATION (  '', ( #7737 ), #449 ) ;
#69 = CARTESIAN_POINT ( 'NONE',  ( 0.5037097929783023176, -0.008688119764421362370, -0.1878937010362589644 ) ) ;
#70 = ORIENTED_EDGE ( 'NONE', *, *, #6539, .F. ) ;
#71 = PRESENTATION_STYLE_ASSIGNMENT (( #4588 ) ) ;
#72 = FACE_OUTER_BOUND ( 'NONE', #4797, .T. ) ;
#73 = EDGE_LOOP ( 'NONE', ( #245, #4051, #7837, #92 ) ) ;
#74 = DIRECTION ( 'NONE',  ( -1.644517855226008195E-15, -1.000000000000000000, -2.890435660536364269E-30 ) ) ;
#75 = CARTESIAN_POINT ( 'NONE',  ( 0.5230445496231612701, -0.05876606348099620847, -0.1398622049738121320 ) ) ;
#76 = MECHANICAL_DESIGN_GEOMETRIC_PRESENTATION_REPRESENTATION (  '', ( #1523 ), #6309 ) ;
#77 = LINE ( 'NONE', #769, #640 ) ;
#78 = EDGE_CURVE ( 'NONE', #1693, #4181, #1036, .T. ) ;
#79 = EDGE_CURVE ( 'NONE', #6752, #5506, #3310, .T. ) ;
#80 = VERTEX_POINT ( 'NONE', #5592 ) ;
#81 = COLOUR_RGB ( '',0.7607843137254901578, 0.7607843137254901578, 0.0000000000000000000 ) ;
#82 = ORIENTED_EDGE ( 'NONE', *, *, #4205, .F. ) ;
#83 = ORIENTED_EDGE ( 'NONE', *, *, #485, .T. ) ;
#84 = SURFACE_STYLE_FILL_AREA ( #5769 ) ;
#85 = LENGTH_MEASURE_WITH_UNIT ( LENGTH_MEASURE( 0.02539999999999999897 ), #5681 );
#86 = EDGE_CURVE ( 'NONE', #4830, #2301, #8105, .T. ) ;
#87 = DIRECTION ( 'NONE',  ( 0.09052430460833847670, 0.8612812260087805427, 0.4999999999999888978 ) ) ;
#88 = UNCERTAINTY_MEASURE_WITH_UNIT (LENGTH_MEASURE( 1.000000000000000082E-05 ), #4621, 'distance_accuracy_value', 'NONE');
#89 = VECTOR ( 'NONE', #6922, 39.37007874015748143 ) ;
#90 = EDGE_CURVE ( 'NONE', #6296, #7869, #4270, .T. ) ;
#91 = SURFACE_STYLE_USAGE ( .BOTH. , #698 ) ;
#92 = ORIENTED_EDGE ( 'NONE', *, *, #4041, .F. ) ;
#93 = MECHANICAL_DESIGN_GEOMETRIC_PRESENTATION_REPRESENTATION (  '', ( #7889 ), #5542 ) ;
#94 = CARTESIAN_POINT ( 'NONE',  ( 0.2506952668928376649, 0.03516481420455543766, -0.1373012207214504010 ) ) ;
#95 = MECHANICAL_DESIGN_GEOMETRIC_PRESENTATION_REPRESENTATION (  '', ( #2750 ), #3806 ) ;
#96 =( NAMED_UNIT ( * ) PLANE_ANGLE_UNIT ( ) SI_UNIT ( $, .RADIAN. ) );
#97 = LINE ( 'NONE', #4611, #6513 ) ;
#98 = LENGTH_MEASURE_WITH_UNIT ( LENGTH_MEASURE( 0.02539999999999999897 ), #3706 );
#99 = DIRECTION ( 'NONE',  ( -2.073140270563762466E-12, 1.000000000000000000, -6.707523425575003250E-12 ) ) ;
#100 =( NAMED_UNIT ( * ) SI_UNIT ( $, .STERADIAN. ) SOLID_ANGLE_UNIT ( ) );
#101 = ORIENTED_EDGE ( 'NONE', *, *, #934, .F. ) ;
#102 = LINE ( 'NONE', #17, #1844 ) ;
#103 = DIRECTION ( 'NONE',  ( 0.06844477287628454587, 0.6512085141311769743, 0.7558060493201800289 ) ) ;
#104 = ORIENTED_EDGE ( 'NONE', *, *, #4404, .T. ) ;
#105 = ORIENTED_EDGE ( 'NONE', *, *, #7867, .F. ) ;
#106 = COLOUR_RGB ( '',0.7607843137254901578, 0.7607843137254901578, 0.0000000000000000000 ) ;
#107 = DIRECTION ( 'NONE',  ( -1.644517855226008195E-15, -1.000000000000000000, -2.890435660536364269E-30 ) ) ;
#108 = CARTESIAN_POINT ( 'NONE',  ( 0.2514430687598455672, 0.04500733388959481107, -0.1313957089104267617 ) ) ;
#109 = EDGE_LOOP ( 'NONE', ( #6293, #1142, #104, #6159 ) ) ;
#110 = FILL_AREA_STYLE ('',( #3271 ) ) ;
#111 = CARTESIAN_POINT ( 'NONE',  ( 0.2514430687598455672, 0.03516481420455543766, -0.1313957089104267617 ) ) ;
#112 = EDGE_LOOP ( 'NONE', ( #6965, #7407, #6615, #2759, #5603, #6419 ) ) ;
#113 = CARTESIAN_POINT ( 'NONE',  ( 0.3928014512908296063, 0.1021333181416024527, -0.03297244119349760499 ) ) ;
#114 = CARTESIAN_POINT ( 'NONE',  ( 0.5061831144100222835, -0.02488414520016216797, -0.1674212600913566884 ) ) ;
#115 = DIMENSIONAL_EXPONENTS ( 1.000000000000000000, 0.0000000000000000000, 0.0000000000000000000, 0.0000000000000000000, 0.0000000000000000000, 0.0000000000000000000, 0.0000000000000000000 ) ;
#116 = FACE_OUTER_BOUND ( 'NONE', #7354, .T. ) ;
#117 = CLOSED_SHELL ( 'NONE', ( #5598, #2256, #2521, #3685, #7089, #3186, #4892, #4154, #7571, #6366 ) ) ;
#118 = EDGE_LOOP ( 'NONE', ( #5742, #8050, #1585, #4277 ) ) ;
#119 = ORIENTED_EDGE ( 'NONE', *, *, #4030, .F. ) ;
#120 = LINE ( 'NONE', #2655, #6586 ) ;
#121 = EDGE_LOOP ( 'NONE', ( #5853, #957, #4310, #2830 ) ) ;
#122 = VECTOR ( 'NONE', #3589, 39.37007874015748143 ) ;
#123 = CARTESIAN_POINT ( 'NONE',  ( 0.2014422566030117379, -0.02496430041343659922, -0.1398622049738126871 ) ) ;
#124 = CARTESIAN_POINT ( 'NONE',  ( 0.5134983943101651960, -0.007659296307098530966, -0.1272637797763358503 ) ) ;
#125 = ADVANCED_FACE ( 'NONE', ( #7503 ), #8028, .F. ) ;
#126 = FILL_AREA_STYLE_COLOUR ( '', #1616 ) ;
#127 = EDGE_CURVE ( 'NONE', #7612, #2957, #4917, .T. ) ;
#128 = ORIENTED_EDGE ( 'NONE', *, *, #4921, .T. ) ;
#129 = LINE ( 'NONE', #4571, #3396 ) ;
#130 = PLANE ( 'NONE',  #7198 ) ;
#131 = FACE_OUTER_BOUND ( 'NONE', #5209, .T. ) ;
#132 =( LENGTH_UNIT ( ) NAMED_UNIT ( * ) SI_UNIT ( $, .METRE. ) );
#133 = EDGE_CURVE ( 'NONE', #5829, #4958, #7543, .T. ) ;
#134 = CARTESIAN_POINT ( 'NONE',  ( 0.4736274509820498357, 0.1217789874329369693, 0.01210629896398299730 ) ) ;
#135 = VERTEX_POINT ( 'NONE', #4273 ) ;
#136 = AXIS2_PLACEMENT_3D ( 'NONE', #1224, #5793, #1814 ) ;
#137 = CARTESIAN_POINT ( 'NONE',  ( 0.4754786166452386609, 0.03769413415677509011, 0.009278752882893157375 ) ) ;
#138 = CARTESIAN_POINT ( 'NONE',  ( 0.3140612938105268315, 0.1020939480628584861, -0.1821850396188913479 ) ) ;
#139 = VECTOR ( 'NONE', #143, 39.37007874015748143 ) ;
#140 = EDGE_CURVE ( 'NONE', #52, #4326, #4388, .T. ) ;
#141 = ORIENTED_EDGE ( 'NONE', *, *, #2888, .T. ) ;
#142 = DIRECTION ( 'NONE',  ( 1.644517855226008195E-15, 1.000000000000000000, 2.890435660536364269E-30 ) ) ;
#143 = DIRECTION ( 'NONE',  ( -1.748601263784622143E-15, 0.0000000000000000000, 1.000000000000000000 ) ) ;
#144 = ORIENTED_EDGE ( 'NONE', *, *, #7034, .F. ) ;
#145 = DIRECTION ( 'NONE',  ( -1.000000000000000000, 1.978471117674275325E-15, 7.913884470697103077E-16 ) ) ;
#146 = DIRECTION ( 'NONE',  ( 0.9945218953682689600, 0.1045284632676950626, 8.189380864547705479E-12 ) ) ;
#147 = VERTEX_POINT ( 'NONE', #6912 ) ;
#148 = CARTESIAN_POINT ( 'NONE',  ( 0.5154616257491037024, -0.02157683654261759870, -0.04741256265625300170 ) ) ;
#149 = CIRCLE ( 'NONE', #6781, 0.007874015748031501158 ) ;
#150 = CARTESIAN_POINT ( 'NONE',  ( -0.1216505027520426024, 0.03516481420455605522, -0.9878914526895611337 ) ) ;
#151 = PRESENTATION_STYLE_ASSIGNMENT (( #5296 ) ) ;
#152 = EDGE_LOOP ( 'NONE', ( #2231, #4362, #1086, #3684 ) ) ;
#153 = SURFACE_STYLE_USAGE ( .BOTH. , #5885 ) ;
#154 = DIRECTION ( 'NONE',  ( -1.000000000000000000, 1.644517855226007801E-15, -4.118119432544784945E-12 ) ) ;
#155 = VECTOR ( 'NONE', #2881, 39.37007874015748143 ) ;
#156 = VECTOR ( 'NONE', #380, 39.37007874015748143 ) ;
#157 = B_SPLINE_CURVE_WITH_KNOTS ( 'NONE', 3,
 ( #5901, #6645, #3988, #5397 ),
 .UNSPECIFIED., .F., .F.,
 ( 4, 4 ),
 ( 8.534847490080353907E-17, 0.0001438393068347749168 ),
 .UNSPECIFIED. ) ;
#158 = ORIENTED_EDGE ( 'NONE', *, *, #4644, .T. ) ;
#159 = COLOUR_RGB ( '',0.2509803921568627416, 0.2509803921568627416, 0.2509803921568627416 ) ;
#160 = FILL_AREA_STYLE ('',( #7094 ) ) ;
#161 = ORIENTED_EDGE ( 'NONE', *, *, #4935, .T. ) ;
#162 = DIRECTION ( 'NONE',  ( 1.748601263784622143E-15, 0.0000000000000000000, -1.000000000000000000 ) ) ;
#163 = ORIENTED_EDGE ( 'NONE', *, *, #2518, .F. ) ;
#164 = DIRECTION ( 'NONE',  ( -8.234490263801784106E-12, 1.353889066150678573E-26, 1.000000000000000000 ) ) ;
#165 = DIRECTION ( 'NONE',  ( 1.000000000000000000, -1.644517855226007801E-15, 1.748601263784622143E-15 ) ) ;
#166 = FILL_AREA_STYLE_COLOUR ( '', #7587 ) ;
#167 = UNCERTAINTY_MEASURE_WITH_UNIT (LENGTH_MEASURE( 1.000000000000000082E-05 ), #7712, 'distance_accuracy_value', 'NONE');
#168 = DIMENSIONAL_EXPONENTS ( 1.000000000000000000, 0.0000000000000000000, 0.0000000000000000000, 0.0000000000000000000, 0.0000000000000000000, 0.0000000000000000000, 0.0000000000000000000 ) ;
#169 = MECHANICAL_DESIGN_GEOMETRIC_PRESENTATION_REPRESENTATION (  '', ( #8104 ), #7969 ) ;
#170 = AXIS2_PLACEMENT_3D ( 'NONE', #1659, #1615, #4163 ) ;
#171 = CARTESIAN_POINT ( 'NONE',  ( 0.3928014512908299394, 0.1021333181416024388, -0.1821850396188912091 ) ) ;
#172 = ORIENTED_EDGE ( 'NONE', *, *, #437, .F. ) ;
#173 = CARTESIAN_POINT ( 'NONE',  ( 0.2313841284547877852, 0.03516481421120130901, -0.2197218416809251507 ) ) ;
#174 = FACE_OUTER_BOUND ( 'NONE', #6903, .T. ) ;
#175 = FACE_OUTER_BOUND ( 'NONE', #6880, .T. ) ;
#176 = CARTESIAN_POINT ( 'NONE',  ( 0.1843617094242556986, -0.01798479209465704554, -0.04822661442263162512 ) ) ;
#177 =( NAMED_UNIT ( * ) PLANE_ANGLE_UNIT ( ) SI_UNIT ( $, .RADIAN. ) );
#178 = DIRECTION ( 'NONE',  ( 1.644517855226008195E-15, 1.000000000000000000, 2.890435660536364269E-30 ) ) ;
#179 = ORIENTED_EDGE ( 'NONE', *, *, #4847, .F. ) ;
#180 = AXIS2_PLACEMENT_3D ( 'NONE', #1195, #5723, #1239 ) ;
#181 = SURFACE_STYLE_USAGE ( .BOTH. , #7111 ) ;
#182 = EDGE_CURVE ( 'NONE', #4181, #6388, #6215, .T. ) ;
#183 = EDGE_CURVE ( 'NONE', #5933, #7638, #6299, .T. ) ;
#184 = EDGE_CURVE ( 'NONE', #1763, #7097, #3839, .T. ) ;
#185 = LINE ( 'NONE', #7646, #2948 ) ;
#186 = MECHANICAL_DESIGN_GEOMETRIC_PRESENTATION_REPRESENTATION (  '', ( #1894 ), #4164 ) ;
#187 = ORIENTED_EDGE ( 'NONE', *, *, #4735, .F. ) ;
#188 = CARTESIAN_POINT ( 'NONE',  ( 0.2313841284562201672, 0.04240669873959744540, 0.01210629896319397221 ) ) ;
#189 = DIRECTION ( 'NONE',  ( 3.222191032513205850E-10, 0.0000000000000000000, 1.000000000000000000 ) ) ;
#190 = DIRECTION ( 'NONE',  ( 1.000000000000000000, -1.644517855226007801E-15, 1.748601263784621748E-15 ) ) ;
#191 = CARTESIAN_POINT ( 'NONE',  ( 0.1921925904901478632, -0.01880785086054885882, -0.1693440471051373131 ) ) ;
#192 = ORIENTED_EDGE ( 'NONE', *, *, #4795, .F. ) ;
#193 = ADVANCED_FACE ( 'NONE', ( #5595 ), #1270, .F. ) ;
#194 = EDGE_CURVE ( 'NONE', #6679, #1429, #3067, .T. ) ;
#195 = CARTESIAN_POINT ( 'NONE',  ( 0.5171395730376947553, -0.02375154730001928852, -0.04773622072118773735 ) ) ;
#196 = PRESENTATION_LAYER_ASSIGNMENT (  '', '', ( #5230 ) ) ;
#197 = LINE ( 'NONE', #2730, #3458 ) ;
#198 = ORIENTED_EDGE ( 'NONE', *, *, #2567, .F. ) ;
#199 = DIRECTION ( 'NONE',  ( 1.600365673315232923E-12, 1.000000000000000000, -3.637978807091997295E-12 ) ) ;
#200 =( NAMED_UNIT ( * ) SI_UNIT ( $, .STERADIAN. ) SOLID_ANGLE_UNIT ( ) );
#201 = ORIENTED_EDGE ( 'NONE', *, *, #7084, .T. ) ;
#202 = CARTESIAN_POINT ( 'NONE',  ( 0.4561674782086251878, 0.03516481420455509765, -0.1778562600920799708 ) ) ;
#203 = ORIENTED_EDGE ( 'NONE', *, *, #6963, .T. ) ;
#204 = VECTOR ( 'NONE', #3955, 39.37007874015748143 ) ;
#205 = ORIENTED_EDGE ( 'NONE', *, *, #6071, .F. ) ;
#206 = CARTESIAN_POINT ( 'NONE',  ( 0.3140612938105267204, 0.1021333181416025776, -0.1329724411934974648 ) ) ;
#207 = CARTESIAN_POINT ( 'NONE',  ( 0.2372226159726404382, 0.03516481420467359315, -0.02726377977696224642 ) ) ;
#208 = PLANE ( 'NONE',  #3620 ) ;
#209 = PRESENTATION_STYLE_ASSIGNMENT (( #5899 ) ) ;
#210 = VERTEX_POINT ( 'NONE', #1228 ) ;
#211 = DIRECTION ( 'NONE',  ( -1.000000000000000000, 1.734723475977064460E-15, 1.503638049432454012E-14 ) ) ;
#212 = LINE ( 'NONE', #3867, #4263 ) ;
#213 = DIRECTION ( 'NONE',  ( 1.000000000000000000, -1.734723475977064460E-15, -1.734723475977064460E-15 ) ) ;
#214 = SURFACE_STYLE_USAGE ( .BOTH. , #5859 ) ;
#215 = PLANE ( 'NONE',  #5333 ) ;
#216 = VERTEX_POINT ( 'NONE', #5555 ) ;
#217 =( NAMED_UNIT ( * ) PLANE_ANGLE_UNIT ( ) SI_UNIT ( $, .RADIAN. ) );
#218 = LINE ( 'NONE', #2756, #5824 ) ;
#219 = AXIS2_PLACEMENT_3D ( 'NONE', #5994, #4709, #2144 ) ;
#220 = MECHANICAL_DESIGN_GEOMETRIC_PRESENTATION_REPRESENTATION (  '', ( #2873 ), #2746 ) ;
#221 = DIMENSIONAL_EXPONENTS ( 1.000000000000000000, 0.0000000000000000000, 0.0000000000000000000, 0.0000000000000000000, 0.0000000000000000000, 0.0000000000000000000, 0.0000000000000000000 ) ;
#222 = CARTESIAN_POINT ( 'NONE',  ( 0.2813808601379161334, 0.1217789874329412297, -0.03198818922499370443 ) ) ;
#223 = EDGE_LOOP ( 'NONE', ( #1183, #7057, #144, #2373 ) ) ;
#224 = DIRECTION ( 'NONE',  ( 0.2761719274401004953, 0.9205747435090979591, -0.2761724245959000235 ) ) ;
#225 = ADVANCED_FACE ( 'NONE', ( #5048 ), #3151, .T. ) ;
#226 = FACE_OUTER_BOUND ( 'NONE', #2866, .T. ) ;
#227 = ADVANCED_FACE ( 'NONE', ( #7581 ), #2410, .T. ) ;
#228 = DIRECTION ( 'NONE',  ( 1.644517855226008195E-15, 1.000000000000000000, 2.890435660536364269E-30 ) ) ;
#229 = CARTESIAN_POINT ( 'NONE',  ( 0.3928014512908299394, 0.1021333181416024805, -0.1791535435558992695 ) ) ;
#230 = ORIENTED_EDGE ( 'NONE', *, *, #5761, .T. ) ;
#231 = EDGE_CURVE ( 'NONE', #7563, #2891, #5561, .T. ) ;
#232 =( LENGTH_UNIT ( ) NAMED_UNIT ( * ) SI_UNIT ( $, .METRE. ) );
#233 = MECHANICAL_DESIGN_GEOMETRIC_PRESENTATION_REPRESENTATION (  '', ( #2097 ), #3153 ) ;
#234 =( NAMED_UNIT ( * ) PLANE_ANGLE_UNIT ( ) SI_UNIT ( $, .RADIAN. ) );
#235 = ADVANCED_FACE ( 'NONE', ( #7736 ), #7167, .T. ) ;
#236 = EDGE_CURVE ( 'NONE', #2453, #7030, #7002, .T. ) ;
#237 = DIRECTION ( 'NONE',  ( -1.644517855226008195E-15, -1.000000000000000000, -2.890435660536364269E-30 ) ) ;
#238 = ORIENTED_EDGE ( 'NONE', *, *, #4344, .T. ) ;
#239 = EDGE_CURVE ( 'NONE', #1881, #5279, #1475, .T. ) ;
#240 = DIRECTION ( 'NONE',  ( -0.9945218953682686269, 0.1045284632676983516, -1.739022243102431967E-15 ) ) ;
#241 =( CONVERSION_BASED_UNIT ( 'INCH', #7211 ) LENGTH_UNIT ( ) NAMED_UNIT ( #6783 ) );
#242 = AXIS2_PLACEMENT_3D ( 'NONE', #406, #3412, #5281 ) ;
#243 = ORIENTED_EDGE ( 'NONE', *, *, #3279, .T. ) ;
#244 = ADVANCED_FACE ( 'NONE', ( #1311 ), #5175, .F. ) ;
#245 = ORIENTED_EDGE ( 'NONE', *, *, #273, .T. ) ;
#246 = DIRECTION ( 'NONE',  ( -1.748601263784622143E-15, 0.0000000000000000000, 1.000000000000000000 ) ) ;
#247 = ORIENTED_EDGE ( 'NONE', *, *, #1295, .F. ) ;
#248 = CARTESIAN_POINT ( 'NONE',  ( 0.1921925904901468085, -0.01880785086055354258, -0.04581343370862728942 ) ) ;
#249 = UNCERTAINTY_MEASURE_WITH_UNIT (LENGTH_MEASURE( 1.000000000000000082E-05 ), #1983, 'distance_accuracy_value', 'NONE');
#250 = CARTESIAN_POINT ( 'NONE',  ( 0.2019811918225118130, -0.01983667431789453914, -0.04581343370859897873 ) ) ;
#251 = ORIENTED_EDGE ( 'NONE', *, *, #5929, .T. ) ;
#252 = CARTESIAN_POINT ( 'NONE',  ( 0.3928014512908295508, 0.1021333181416024527, -0.03600393725668726147 ) ) ;
#253 = DIRECTION ( 'NONE',  ( 1.582776894139421601E-15, -3.956942235348554004E-16, 1.000000000000000000 ) ) ;
#254 = CARTESIAN_POINT ( 'NONE',  ( 0.5483132623143620599, -0.02585880784268914170, -0.1674212600910097992 ) ) ;
#255 = CARTESIAN_POINT ( 'NONE',  ( 0.5037097929778030503, -0.008688119764421362370, -0.1272637797764164524 ) ) ;
#256 = LINE ( 'NONE', #2758, #7306 ) ;
#257 = ORIENTED_EDGE ( 'NONE', *, *, #7913, .T. ) ;
#258 = LINE ( 'NONE', #7309, #6838 ) ;
#259 = DIRECTION ( 'NONE',  ( 0.0000000000000000000, 0.0000000000000000000, 1.000000000000000000 ) ) ;
#260 = DIRECTION ( 'NONE',  ( -0.05226423163383198817, -0.4972609476841254317, -0.8660254037844445918 ) ) ;
#261 = LINE ( 'NONE', #2763, #4918 ) ;
#262 = ORIENTED_EDGE ( 'NONE', *, *, #7971, .F. ) ;
#263 =( GEOMETRIC_REPRESENTATION_CONTEXT ( 3 ) GLOBAL_UNCERTAINTY_ASSIGNED_CONTEXT ( ( #249 ) ) GLOBAL_UNIT_ASSIGNED_CONTEXT ( ( #1983, #1939, #1351 ) ) REPRESENTATION_CONTEXT ( 'NONE', 'WORKASPACE' ) );
#264 = FACE_OUTER_BOUND ( 'NONE', #6839, .T. ) ;
#265 = EDGE_CURVE ( 'NONE', #2165, #5842, #77, .T. ) ;
#266 =( CONVERSION_BASED_UNIT ( 'INCH', #6035 ) LENGTH_UNIT ( ) NAMED_UNIT ( #7325 ) );
#267 = ORIENTED_EDGE ( 'NONE', *, *, #2070, .F. ) ;
#268 = LINE ( 'NONE', #2111, #5847 ) ;
#269 = DIMENSIONAL_EXPONENTS ( 1.000000000000000000, 0.0000000000000000000, 0.0000000000000000000, 0.0000000000000000000, 0.0000000000000000000, 0.0000000000000000000, 0.0000000000000000000 ) ;
#270 = AXIS2_PLACEMENT_3D ( 'NONE', #5825, #6543, #2725 ) ;
#271 = DIRECTION ( 'NONE',  ( -0.5730959463344971194, 0.8184658334308991812, -0.04092329167150090402 ) ) ;
#272 = EDGE_CURVE ( 'NONE', #5699, #5176, #5133, .T. ) ;
#273 = EDGE_CURVE ( 'NONE', #1442, #1766, #7695, .T. ) ;
#274 = AXIS2_PLACEMENT_3D ( 'NONE', #3951, #7673, #3298 ) ;
#275 = EDGE_CURVE ( 'NONE', #6344, #4561, #2379, .T. ) ;
#276 = ORIENTED_EDGE ( 'NONE', *, *, #1347, .F. ) ;
#277 = VERTEX_POINT ( 'NONE', #2974 ) ;
#278 = LENGTH_MEASURE_WITH_UNIT ( LENGTH_MEASURE( 0.02539999999999999897 ), #6678 );
#279 = ORIENTED_EDGE ( 'NONE', *, *, #1972, .F. ) ;
#280 = DIRECTION ( 'NONE',  ( -0.2873483586517949218, 0.9578261432953890653, -5.024577030849653123E-16 ) ) ;
#281 = LINE ( 'NONE', #4149, #3886 ) ;
#282 = STYLED_ITEM ( 'NONE', ( #8014 ), #2006 ) ;
#283 = EDGE_CURVE ( 'NONE', #1360, #2570, #3017, .T. ) ;
#284 = AXIS2_PLACEMENT_3D ( 'NONE', #6987, #755, #6454 ) ;
#285 = CARTESIAN_POINT ( 'NONE',  ( 0.5148390528695246937, -0.01990283707880566647, -0.1685087346391656304 ) ) ;
#286 =( GEOMETRIC_REPRESENTATION_CONTEXT ( 3 ) GLOBAL_UNCERTAINTY_ASSIGNED_CONTEXT ( ( #3328 ) ) GLOBAL_UNIT_ASSIGNED_CONTEXT ( ( #4622, #1389, #6621 ) ) REPRESENTATION_CONTEXT ( 'NONE', 'WORKASPACE' ) );
#287 = VERTEX_POINT ( 'NONE', #7362 ) ;
#288 = DIRECTION ( 'NONE',  ( -0.1045284632676950626, 0.9945218953682689600, -8.607386130680116915E-13 ) ) ;
#289 = EDGE_LOOP ( 'NONE', ( #342, #7300, #5649, #1683 ) ) ;
#290 = DIRECTION ( 'NONE',  ( 1.644517855226007801E-15, 1.000000000000000000, 2.890435660536363919E-30 ) ) ;
#291 = CARTESIAN_POINT ( 'NONE',  ( 0.3142156862761680269, 0.1217789874329372468, 0.01210629896398272669 ) ) ;
#292 =( LENGTH_UNIT ( ) NAMED_UNIT ( * ) SI_UNIT ( $, .METRE. ) );
#293 = PLANE ( 'NONE',  #4801 ) ;
#294 = DIRECTION ( 'NONE',  ( 1.000000000000000000, 0.0000000000000000000, -7.913884470697100119E-16 ) ) ;
#295 = DIRECTION ( 'NONE',  ( 1.748601263784621946E-15, 0.0000000000000000000, -1.000000000000000000 ) ) ;
#296 = ORIENTED_EDGE ( 'NONE', *, *, #3386, .T. ) ;
#297 = LINE ( 'NONE', #1834, #5255 ) ;
#298 = COLOUR_RGB ( '',0.7607843137254901578, 0.7607843137254901578, 0.0000000000000000000 ) ;
#299 = VECTOR ( 'NONE', #4192, 39.37007874015748143 ) ;
#300 = LINE ( 'NONE', #7157, #973 ) ;
#301 = LINE ( 'NONE', #4212, #5443 ) ;
#302 = DIRECTION ( 'NONE',  ( 1.000000000000000000, -1.644517855226007801E-15, 1.748601263784622143E-15 ) ) ;
#303 = SURFACE_STYLE_FILL_AREA ( #3349 ) ;
#304 = EDGE_LOOP ( 'NONE', ( #2142, #393, #6286, #3866 ) ) ;
#305 = AXIS2_PLACEMENT_3D ( 'NONE', #760, #5165, #7566 ) ;
#306 = AXIS2_PLACEMENT_3D ( 'NONE', #5161, #4541, #1252 ) ;
#307 = CARTESIAN_POINT ( 'NONE',  ( 0.4625214697563416189, 0.03516481420455509072, -0.1833849212005839169 ) ) ;
#308 = SURFACE_SIDE_STYLE ('',( #345 ) ) ;
#309 = ORIENTED_EDGE ( 'NONE', *, *, #7379, .T. ) ;
#310 = CIRCLE ( 'NONE', #6811, 0.007874015748031523709 ) ;
#311 = DIRECTION ( 'NONE',  ( 1.000000000000000000, -1.734723475977064460E-15, -7.913884470697101105E-16 ) ) ;
#312 = CIRCLE ( 'NONE', #1770, 0.005905511811019676337 ) ;
#313 = CARTESIAN_POINT ( 'NONE',  ( 0.5483132623143616158, -0.03570132752772850471, -0.06742126009100976591 ) ) ;
#314 = VECTOR ( 'NONE', #1116, 39.37007874015748143 ) ;
#315 = EDGE_LOOP ( 'NONE', ( #3501, #2603, #4438, #4679, #7262, #4908, #7904, #4398 ) ) ;
#316 = ORIENTED_EDGE ( 'NONE', *, *, #4382, .T. ) ;
#317 = EDGE_CURVE ( 'NONE', #6897, #3154, #6780, .T. ) ;
#318 = ORIENTED_EDGE ( 'NONE', *, *, #573, .F. ) ;
#319 = EDGE_CURVE ( 'NONE', #7245, #6674, #2350, .T. ) ;
#320 = FACE_OUTER_BOUND ( 'NONE', #6556, .T. ) ;
#321 = AXIS2_PLACEMENT_3D ( 'NONE', #3485, #7418, #6091 ) ;
#322 = UNCERTAINTY_MEASURE_WITH_UNIT (LENGTH_MEASURE( 1.000000000000000082E-05 ), #3292, 'distance_accuracy_value', 'NONE');
#323 = EDGE_CURVE ( 'NONE', #4248, #7958, #6160, .T. ) ;
#324 = DIMENSIONAL_EXPONENTS ( 1.000000000000000000, 0.0000000000000000000, 0.0000000000000000000, 0.0000000000000000000, 0.0000000000000000000, 0.0000000000000000000, 0.0000000000000000000 ) ;
#325 = VECTOR ( 'NONE', #271, 39.37007874015748854 ) ;
#326 = FACE_OUTER_BOUND ( 'NONE', #2540, .T. ) ;
#327 = VERTEX_POINT ( 'NONE', #4942 ) ;
#328 = ORIENTED_EDGE ( 'NONE', *, *, #677, .T. ) ;
#329 = EDGE_CURVE ( 'NONE', #3900, #2197, #8008, .T. ) ;
#330 = DIRECTION ( 'NONE',  ( -1.000000000000000000, 1.644517855226007801E-15, 1.460052178569153902E-13 ) ) ;
#331 = LINE ( 'NONE', #4651, #3819 ) ;
#332 = LINE ( 'NONE', #367, #710 ) ;
#333 = SURFACE_STYLE_USAGE ( .BOTH. , #2212 ) ;
#334 = EDGE_CURVE ( 'NONE', #5979, #7661, #4257, .T. ) ;
#335 = PRESENTATION_LAYER_ASSIGNMENT (  '', '', ( #4315 ) ) ;
#336 = FACE_OUTER_BOUND ( 'NONE', #5356, .T. ) ;
#337 = ORIENTED_EDGE ( 'NONE', *, *, #5451, .F. ) ;
#338 = DIRECTION ( 'NONE',  ( 1.000000000000000000, -1.644517855226007801E-15, -1.582776894139422193E-15 ) ) ;
#339 = VECTOR ( 'NONE', #7271, 39.37007874015748143 ) ;
#340 = SURFACE_SIDE_STYLE ('',( #4779 ) ) ;
#341 = CARTESIAN_POINT ( 'NONE',  ( 0.4625214697567746613, 0.04500733388959445719, -0.1317725596127886367 ) ) ;
#342 = ORIENTED_EDGE ( 'NONE', *, *, #2175, .F. ) ;
#343 = VECTOR ( 'NONE', #1610, 39.37007874015748143 ) ;
#344 = CARTESIAN_POINT ( 'NONE',  ( 0.4536010832257900693, 0.03516481420455512541, -0.07814324995940274965 ) ) ;
#345 = SURFACE_STYLE_FILL_AREA ( #4871 ) ;
#346 = ORIENTED_EDGE ( 'NONE', *, *, #4296, .F. ) ;
#347 = AXIS2_PLACEMENT_3D ( 'NONE', #7463, #4229, #5593 ) ;
#348 = COLOUR_RGB ( '',0.2509803921568627416, 0.2509803921568627416, 0.2509803921568627416 ) ;
#349 = DIRECTION ( 'NONE',  ( 4.215779961798154935E-13, -6.961681480880728311E-28, 1.000000000000000000 ) ) ;
#350 = ORIENTED_EDGE ( 'NONE', *, *, #4737, .F. ) ;
#351 = CARTESIAN_POINT ( 'NONE',  ( 0.2372226159768141274, 0.04500733388959483189, -0.1878937010363324056 ) ) ;
#352 = STYLED_ITEM ( 'NONE', ( #914 ), #6866 ) ;
#353 = ORIENTED_EDGE ( 'NONE', *, *, #3841, .F. ) ;
#354 = CARTESIAN_POINT ( 'NONE',  ( 0.1976409002969290729, -0.01405121771457832312, -0.1375000002494032592 ) ) ;
#355 = ORIENTED_EDGE ( 'NONE', *, *, #371, .T. ) ;
#356 = SURFACE_STYLE_FILL_AREA ( #6135 ) ;
#357 = ORIENTED_EDGE ( 'NONE', *, *, #6310, .F. ) ;
#358 = LINE ( 'NONE', #7338, #3935 ) ;
#359 = AXIS2_PLACEMENT_3D ( 'NONE', #4320, #572, #5604 ) ;
#360 = DIRECTION ( 'NONE',  ( -0.9947848906855178974, -0.1019952021607001824, -8.191546496927016518E-12 ) ) ;
#361 = CARTESIAN_POINT ( 'NONE',  ( 0.4920108682649401710, 0.04500733388959441555, -0.1878937010363552484 ) ) ;
#362 =( CONVERSION_BASED_UNIT ( 'INCH', #6249 ) LENGTH_UNIT ( ) NAMED_UNIT ( #5423 ) );
#363 = ORIENTED_EDGE ( 'NONE', *, *, #4441, .F. ) ;
#364 = LINE ( 'NONE', #2909, #8151 ) ;
#365 = ORIENTED_EDGE ( 'NONE', *, *, #6770, .F. ) ;
#366 = DIRECTION ( 'NONE',  ( 0.9040697402015712703, -1.084202172486047170E-15, -0.4273849609565868457 ) ) ;
#367 = CARTESIAN_POINT ( 'NONE',  ( 0.4578091021353568602, -0.004205264535602351757, -0.005563233721056288356 ) ) ;
#368 = SURFACE_STYLE_USAGE ( .BOTH. , #2286 ) ;
#369 = FACE_OUTER_BOUND ( 'NONE', #1363, .T. ) ;
#370 = EDGE_CURVE ( 'NONE', #4279, #7480, #3699, .T. ) ;
#371 = EDGE_CURVE ( 'NONE', #4109, #7676, #7403, .T. ) ;
#372 = DIMENSIONAL_EXPONENTS ( 1.000000000000000000, 0.0000000000000000000, 0.0000000000000000000, 0.0000000000000000000, 0.0000000000000000000, 0.0000000000000000000, 0.0000000000000000000 ) ;
#373 = ORIENTED_EDGE ( 'NONE', *, *, #7772, .T. ) ;
#374 = ADVANCED_FACE ( 'NONE', ( #1715 ), #1088, .T. ) ;
#375 = DIRECTION ( 'NONE',  ( 0.9947848906855175644, -0.1019952021607034437, 1.739482117046542862E-15 ) ) ;
#376 = DIRECTION ( 'NONE',  ( -1.748601263784621748E-15, 0.0000000000000000000, 1.000000000000000000 ) ) ;
#377 = CARTESIAN_POINT ( 'NONE',  ( 0.1843617094242558929, -0.01798479209465704554, -0.1674212600919229854 ) ) ;
#378 = SURFACE_STYLE_USAGE ( .BOTH. , #8003 ) ;
#379 = DIRECTION ( 'NONE',  ( 1.748601263784621748E-15, 1.482966057179117483E-32, -1.000000000000000000 ) ) ;
#380 = DIRECTION ( 'NONE',  ( 2.272092236576761367E-12, -1.000000000000000000, 7.155165349104004500E-12 ) ) ;
#381 = EDGE_LOOP ( 'NONE', ( #4256, #8058, #5122, #3473, #2199, #466, #7812, #1409, #2578, #4996, #5234, #5601, #3197, #7444 ) ) ;
#382 = SURFACE_SIDE_STYLE ('',( #2393 ) ) ;
#383 = ADVANCED_FACE ( 'NONE', ( #4216 ), #6075, .T. ) ;
#384 = DIRECTION ( 'NONE',  ( -1.000000000000000000, 1.644517855226007801E-15, -8.234490263801784106E-12 ) ) ;
#385 = CARTESIAN_POINT ( 'NONE',  ( 0.5463410757003656082, -0.06121462703867335681, -0.07529527583995378193 ) ) ;
#386 = ORIENTED_EDGE ( 'NONE', *, *, #2422, .T. ) ;
#387 = CARTESIAN_POINT ( 'NONE',  ( 0.1901773450124060461, -0.02333479306674138276, -0.1477395946475469346 ) ) ;
#388 = DIRECTION ( 'NONE',  ( 1.000000000000000000, -1.626303258728252509E-15, 8.234515500027385174E-12 ) ) ;
#389 = ORIENTED_EDGE ( 'NONE', *, *, #272, .F. ) ;
#390 = VECTOR ( 'NONE', #913, 39.37007874015748143 ) ;
#391 = SURFACE_SIDE_STYLE ('',( #6751 ) ) ;
#392 = ORIENTED_EDGE ( 'NONE', *, *, #3280, .F. ) ;
#393 = ORIENTED_EDGE ( 'NONE', *, *, #4027, .T. ) ;
#394 = LENGTH_MEASURE_WITH_UNIT ( LENGTH_MEASURE( 0.02539999999999999897 ), #2408 );
#395 = CARTESIAN_POINT ( 'NONE',  ( 0.3496518449916173887, 0.1021333181416025221, -0.1791535435558992695 ) ) ;
#396 = FILL_AREA_STYLE ('',( #7216 ) ) ;
#397 = UNCERTAINTY_MEASURE_WITH_UNIT (LENGTH_MEASURE( 1.000000000000000082E-05 ), #4671, 'distance_accuracy_value', 'NONE');
#398 = STYLED_ITEM ( 'NONE', ( #7264 ), #1686 ) ;
#399 = LINE ( 'NONE', #7535, #3653 ) ;
#400 = ORIENTED_EDGE ( 'NONE', *, *, #5516, .F. ) ;
#401 = CARTESIAN_POINT ( 'NONE',  ( 0.4754786166451601126, 0.1020939480628582363, 0.01210629896398299730 ) ) ;
#402 = ORIENTED_EDGE ( 'NONE', *, *, #1403, .T. ) ;
#403 = CARTESIAN_POINT ( 'NONE',  ( 0.1585494827869408929, -0.03570132752772788715, -0.1477362207218442802 ) ) ;
#404 = VECTOR ( 'NONE', #199, 39.37007874015748143 ) ;
#405 = DIRECTION ( 'NONE',  ( -1.000000000000000000, 1.644517855226007801E-15, -8.234490263801784106E-12 ) ) ;
#406 = CARTESIAN_POINT ( 'NONE',  ( 0.2514430687598455672, 0.03516481420455543766, -0.1313957089104267617 ) ) ;
#407 = LINE ( 'NONE', #4203, #6017 ) ;
#408 = LENGTH_MEASURE_WITH_UNIT ( LENGTH_MEASURE( 0.02539999999999999897 ), #7305 );
#409 = LINE ( 'NONE', #8040, #3518 ) ;
#410 = SURFACE_STYLE_FILL_AREA ( #6104 ) ;
#411 = CIRCLE ( 'NONE', #6121, 0.007874015748031494219 ) ;
#412 = MECHANICAL_DESIGN_GEOMETRIC_PRESENTATION_REPRESENTATION (  '', ( #6527 ), #5852 ) ;
#413 = LINE ( 'NONE', #4361, #1880 ) ;
#414 = EDGE_LOOP ( 'NONE', ( #1051, #7250, #7990, #1896 ) ) ;
#415 =( NAMED_UNIT ( * ) SI_UNIT ( $, .STERADIAN. ) SOLID_ANGLE_UNIT ( ) );
#416 = MECHANICAL_DESIGN_GEOMETRIC_PRESENTATION_REPRESENTATION (  '', ( #951 ), #1355 ) ;
#417 = DIRECTION ( 'NONE',  ( 1.748601263784622143E-15, 0.0000000000000000000, -1.000000000000000000 ) ) ;
#418 = CARTESIAN_POINT ( 'NONE',  ( 0.3928014512908298284, 0.08634591656677387261, -0.1319881892249935018 ) ) ;
#419 = DIRECTION ( 'NONE',  ( 1.777675229241740150E-13, -1.000000000000000000, 3.108296855845006447E-28 ) ) ;
#420 = EDGE_CURVE ( 'NONE', #2301, #7743, #1166, .T. ) ;
#421 = DIRECTION ( 'NONE',  ( 2.263719875351747549E-12, -2.261913600165000621E-11, -1.000000000000000000 ) ) ;
#422 = ORIENTED_EDGE ( 'NONE', *, *, #7177, .F. ) ;
#423 = CARTESIAN_POINT ( 'NONE',  ( 0.4696401291258294752, 0.04500733388959446413, -0.08789370103656818367 ) ) ;
#424 = EDGE_CURVE ( 'NONE', #716, #7855, #102, .T. ) ;
#425 = CIRCLE ( 'NONE', #3619, 0.007874015748031495954 ) ;
#426 = CARTESIAN_POINT ( 'NONE',  ( 0.4754786166453176532, 0.04500733388959445719, -0.08789370103648942723 ) ) ;
#427 = STYLED_ITEM ( 'NONE', ( #3447 ), #3126 ) ;
#428 = DIRECTION ( 'NONE',  ( 1.387778780775897814E-15, 0.0000000000000000000, 1.000000000000000000 ) ) ;
#429 = EDGE_LOOP ( 'NONE', ( #4414, #4078, #3902, #1150 ) ) ;
#430 = DIRECTION ( 'NONE',  ( -0.06844477288250365443, 0.6512085141311786396, 0.7558060493196154805 ) ) ;
#431 = DIRECTION ( 'NONE',  ( -0.9578261420740937782, -0.2873483627227721438, -1.479133655835075272E-08 ) ) ;
#432 = DIMENSIONAL_EXPONENTS ( 1.000000000000000000, 0.0000000000000000000, 0.0000000000000000000, 0.0000000000000000000, 0.0000000000000000000, 0.0000000000000000000, 0.0000000000000000000 ) ;
#433 = EDGE_CURVE ( 'NONE', #1987, #1344, #4330, .T. ) ;
#434 = LINE ( 'NONE', #2360, #5639 ) ;
#435 = AXIS2_PLACEMENT_3D ( 'NONE', #5307, #7779, #2080 ) ;
#436 = CIRCLE ( 'NONE', #3764, 0.01771653543307088671 ) ;
#437 = EDGE_CURVE ( 'NONE', #4326, #1875, #5028, .T. ) ;
#438 = VECTOR ( 'NONE', #4662, 39.37007874015748143 ) ;
#439 = VECTOR ( 'NONE', #6979, 39.37007874015748143 ) ;
#440 =( NAMED_UNIT ( * ) PLANE_ANGLE_UNIT ( ) SI_UNIT ( $, .RADIAN. ) );
#441 = DIRECTION ( 'NONE',  ( -0.05226423163383189796, -0.4972609476841246545, -0.8660254037844452579 ) ) ;
#442 = EDGE_LOOP ( 'NONE', ( #1833, #3083, #8143, #6869 ) ) ;
#443 = SURFACE_SIDE_STYLE ('',( #356 ) ) ;
#444 = PLANE ( 'NONE',  #7123 ) ;
#445 = LINE ( 'NONE', #7864, #4415 ) ;
#446 = AXIS2_PLACEMENT_3D ( 'NONE', #2962, #6810, #5488 ) ;
#447 = ORIENTED_EDGE ( 'NONE', *, *, #6539, .T. ) ;
#448 = CARTESIAN_POINT ( 'NONE',  ( 0.4625214697567746613, 0.04500733388959445719, -0.1317725596127886367 ) ) ;
#449 =( GEOMETRIC_REPRESENTATION_CONTEXT ( 3 ) GLOBAL_UNCERTAINTY_ASSIGNED_CONTEXT ( ( #564 ) ) GLOBAL_UNIT_ASSIGNED_CONTEXT ( ( #488, #7862, #4351 ) ) REPRESENTATION_CONTEXT ( 'NONE', 'WORKASPACE' ) );
#450 = ORIENTED_EDGE ( 'NONE', *, *, #4591, .F. ) ;
#451 = LINE ( 'NONE', #5438, #821 ) ;
#452 = CARTESIAN_POINT ( 'NONE',  ( 0.3140612938105267204, 0.1060309559368545484, -0.1327755907997967555 ) ) ;
#453 = PLANE ( 'NONE',  #359 ) ;
#454 = FILL_AREA_STYLE_COLOUR ( '', #574 ) ;
#455 = DIRECTION ( 'NONE',  ( 0.9945218953682686269, -0.1045284632676983794, 1.739022243102431967E-15 ) ) ;
#456 = SURFACE_STYLE_FILL_AREA ( #3618 ) ;
#457 = AXIS2_PLACEMENT_3D ( 'NONE', #2987, #1054, #4135 ) ;
#458 = ORIENTED_EDGE ( 'NONE', *, *, #1298, .T. ) ;
#459 = LINE ( 'NONE', #5573, #7880 ) ;
#460 = FILL_AREA_STYLE ('',( #7356 ) ) ;
#461 = DIRECTION ( 'NONE',  ( 1.748601263784622143E-15, 0.0000000000000000000, -1.000000000000000000 ) ) ;
#462 = CARTESIAN_POINT ( 'NONE',  ( 0.1843617094242555321, -0.02585880784268852761, -0.06742126009192295211 ) ) ;
#463 = STYLED_ITEM ( 'NONE', ( #3146 ), #5854 ) ;
#464 = PLANE ( 'NONE',  #1372 ) ;
#465 = CARTESIAN_POINT ( 'NONE',  ( 0.2372226159751999464, 0.03516481420455546542, -0.1878937010362536630 ) ) ;
#466 = ORIENTED_EDGE ( 'NONE', *, *, #1965, .F. ) ;
#467 = DIRECTION ( 'NONE',  ( 0.0000000000000000000, 0.0000000000000000000, 1.000000000000000000 ) ) ;
#468 = B_SPLINE_CURVE_WITH_KNOTS ( 'NONE', 3,
 ( #248, #4603, #5768, #2157, #2120, #1445, #4022, #6559, #1410, #860 ),
 .UNSPECIFIED., .F., .F.,
 ( 4, 3, 3, 4 ),
 ( 2.333535818903994216E-17, 5.232092011450765041E-05, 0.0001048841986583170041, 0.0001556114547149433497 ),
 .UNSPECIFIED. ) ;
#469 = VECTOR ( 'NONE', #5534, 39.37007874015748143 ) ;
#470 = ADVANCED_FACE ( 'NONE', ( #2635 ), #8130, .F. ) ;
#471 = CARTESIAN_POINT ( 'NONE',  ( 0.2453562723633100906, 0.03516481420455544460, -0.1339196358434976697 ) ) ;
#472 = LINE ( 'NONE', #6124, #4516 ) ;
#473 = VERTEX_POINT ( 'NONE', #5116 ) ;
#474 = EDGE_CURVE ( 'NONE', #5979, #6584, #6216, .T. ) ;
#475 = CARTESIAN_POINT ( 'NONE',  ( 0.3140612938105262764, 0.1021333181416026054, -0.08218503961889105092 ) ) ;
#476 = CARTESIAN_POINT ( 'NONE',  ( 0.1918262733044190094, -0.02049086673025977273, -0.1469431990579272151 ) ) ;
#477 = VERTEX_POINT ( 'NONE', #624 ) ;
#478 = DIRECTION ( 'NONE',  ( 0.0000000000000000000, 0.0000000000000000000, 1.000000000000000000 ) ) ;
#479 = VECTOR ( 'NONE', #4031, 39.37007874015748143 ) ;
#480 = EDGE_CURVE ( 'NONE', #2233, #2617, #5072, .T. ) ;
#481 = EDGE_CURVE ( 'NONE', #2523, #5176, #3873, .T. ) ;
#482 = CARTESIAN_POINT ( 'NONE',  ( 0.4920108682644408482, 0.02729079845652354619, -0.1272637797765127365 ) ) ;
#483 =( NAMED_UNIT ( * ) PLANE_ANGLE_UNIT ( ) SI_UNIT ( $, .RADIAN. ) );
#484 = ORIENTED_EDGE ( 'NONE', *, *, #4597, .F. ) ;
#485 = EDGE_CURVE ( 'NONE', #4976, #7709, #2477, .T. ) ;
#486 = ORIENTED_EDGE ( 'NONE', *, *, #3628, .F. ) ;
#487 = SURFACE_STYLE_FILL_AREA ( #1021 ) ;
#488 =( CONVERSION_BASED_UNIT ( 'INCH', #6180 ) LENGTH_UNIT ( ) NAMED_UNIT ( #3875 ) );
#489 = UNCERTAINTY_MEASURE_WITH_UNIT (LENGTH_MEASURE( 1.000000000000000082E-05 ), #1819, 'distance_accuracy_value', 'NONE');
#490 =( GEOMETRIC_REPRESENTATION_CONTEXT ( 3 ) GLOBAL_UNCERTAINTY_ASSIGNED_CONTEXT ( ( #5640 ) ) GLOBAL_UNIT_ASSIGNED_CONTEXT ( ( #2047, #7107, #1964 ) ) REPRESENTATION_CONTEXT ( 'NONE', 'WORKASPACE' ) );
#491 = EDGE_CURVE ( 'NONE', #495, #2719, #3173, .T. ) ;
#492 = VERTEX_POINT ( 'NONE', #7522 ) ;
#493 = DIRECTION ( 'NONE',  ( 0.9040697402463263588, -1.486758830204623752E-15, 0.4273849608619142981 ) ) ;
#494 = COLOUR_RGB ( '',0.7607843137254901578, 0.7607843137254901578, 0.0000000000000000000 ) ;
#495 = VERTEX_POINT ( 'NONE', #3751 ) ;
#496 = PRESENTATION_STYLE_ASSIGNMENT (( #3859 ) ) ;
#497 = CARTESIAN_POINT ( 'NONE',  ( 0.2506952668928372763, 0.03516481420455545848, -0.03139570891042674922 ) ) ;
#498 =( NAMED_UNIT ( * ) PLANE_ANGLE_UNIT ( ) SI_UNIT ( $, .RADIAN. ) );
#499 = LINE ( 'NONE', #5059, #7199 ) ;
#500 = FILL_AREA_STYLE ('',( #533 ) ) ;
#501 = PRESENTATION_LAYER_ASSIGNMENT (  '', '', ( #4082 ) ) ;
#502 = CARTESIAN_POINT ( 'NONE',  ( 0.1970056568980007028, -0.02450745300942713464, -0.06742126009192292435 ) ) ;
#503 = ORIENTED_EDGE ( 'NONE', *, *, #3947, .F. ) ;
#504 = CARTESIAN_POINT ( 'NONE',  ( 0.3140612938105263319, 0.1020939480628624274, -0.03297244119349746622 ) ) ;
#505 = DIRECTION ( 'NONE',  ( -1.748601263784621946E-15, 0.0000000000000000000, 1.000000000000000000 ) ) ;
#506 = LINE ( 'NONE', #6279, #5704 ) ;
#507 = DIRECTION ( 'NONE',  ( 1.748601263784621748E-15, 0.0000000000000000000, -1.000000000000000000 ) ) ;
#508 = DIRECTION ( 'NONE',  ( 4.118119432544784945E-12, -6.769445330773128887E-27, -1.000000000000000000 ) ) ;
#509 = PRESENTATION_STYLE_ASSIGNMENT (( #3132 ) ) ;
#510 = EDGE_LOOP ( 'NONE', ( #4872, #4372, #4236, #4750 ) ) ;
#511 = DIRECTION ( 'NONE',  ( 0.9578264256925002051, -0.2873474173281004851, 1.626303258728250340E-15 ) ) ;
#512 = LINE ( 'NONE', #4946, #6277 ) ;
#513 = VECTOR ( 'NONE', #5155, 39.37007874015748143 ) ;
#514 = DIRECTION ( 'NONE',  ( -1.729787034331768344E-15, -0.9987523388778467570, 0.04993761694385234762 ) ) ;
#515 = ORIENTED_EDGE ( 'NONE', *, *, #1684, .T. ) ;
#516 = CARTESIAN_POINT ( 'NONE',  ( 0.5483132623141999673, -0.03570132752772851858, -0.1477362207209310108 ) ) ;
#517 = ORIENTED_EDGE ( 'NONE', *, *, #7933, .F. ) ;
#518 = LINE ( 'NONE', #5548, #6952 ) ;
#519 = AXIS2_PLACEMENT_3D ( 'NONE', #2288, #5444, #5404 ) ;
#520 = FACE_OUTER_BOUND ( 'NONE', #4967, .T. ) ;
#521 = ORIENTED_EDGE ( 'NONE', *, *, #2168, .T. ) ;
#522 = DIRECTION ( 'NONE',  ( 0.09052430460837394832, 0.8612812260087769900, 0.4999999999999884537 ) ) ;
#523 = AXIS2_PLACEMENT_3D ( 'NONE', #5087, #3852, #3272 ) ;
#524 =( NAMED_UNIT ( * ) PLANE_ANGLE_UNIT ( ) SI_UNIT ( $, .RADIAN. ) );
#525 = EDGE_CURVE ( 'NONE', #67, #6296, #589, .T. ) ;
#526 = EDGE_CURVE ( 'NONE', #3775, #6888, #6412, .T. ) ;
#527 = ORIENTED_EDGE ( 'NONE', *, *, #6360, .T. ) ;
#528 = EDGE_LOOP ( 'NONE', ( #4590, #7206, #4680, #3221, #3561, #889, #7825, #3656 ) ) ;
#529 = FACE_BOUND ( 'NONE', #1524, .T. ) ;
#530 = DIRECTION ( 'NONE',  ( -0.9945218953682689600, -0.1045284632676950626, -8.189380864547703863E-12 ) ) ;
#531 = CARTESIAN_POINT ( 'NONE',  ( 0.4754786166447397266, 0.03516481420455509072, -0.02726377977664890331 ) ) ;
#532 = EDGE_CURVE ( 'NONE', #4490, #2499, #3260, .T. ) ;
#533 = FILL_AREA_STYLE_COLOUR ( '', #2861 ) ;
#534 = CARTESIAN_POINT ( 'NONE',  ( 0.3928014512908295508, 0.1198104834959331788, -0.07915354355589927782 ) ) ;
#535 = PRESENTATION_LAYER_ASSIGNMENT (  '', '', ( #3990 ) ) ;
#536 = ORIENTED_EDGE ( 'NONE', *, *, #7911, .T. ) ;
#537 = CARTESIAN_POINT ( 'NONE',  ( 0.5152090898307182254, -0.02393547695607490741, -0.1752952758393139521 ) ) ;
#538 = SURFACE_SIDE_STYLE ('',( #3745 ) ) ;
#539 =( NAMED_UNIT ( * ) PLANE_ANGLE_UNIT ( ) SI_UNIT ( $, .RADIAN. ) );
#540 = SHAPE_DEFINITION_REPRESENTATION ( #2774, #1602 ) ;
#541 = LINE ( 'NONE', #2926, #970 ) ;
#542 = CARTESIAN_POINT ( 'NONE',  ( 0.4696401291264987732, 0.03516481420455509765, -0.08789370103656818367 ) ) ;
#543 = ORIENTED_EDGE ( 'NONE', *, *, #2728, .F. ) ;
#544 = DIRECTION ( 'NONE',  ( 1.644517855226008195E-15, 1.000000000000000000, 2.890435660536364269E-30 ) ) ;
#545 =( GEOMETRIC_REPRESENTATION_CONTEXT ( 3 ) GLOBAL_UNCERTAINTY_ASSIGNED_CONTEXT ( ( #2823 ) ) GLOBAL_UNIT_ASSIGNED_CONTEXT ( ( #5796, #7427, #3811 ) ) REPRESENTATION_CONTEXT ( 'NONE', 'WORKASPACE' ) );
#546 = AXIS2_PLACEMENT_3D ( 'NONE', #7836, #876, #956 ) ;
#547 = DIRECTION ( 'NONE',  ( 1.000000000000000000, -1.582776894139425349E-15, -1.503638049432454012E-14 ) ) ;
#548 = ORIENTED_EDGE ( 'NONE', *, *, #3172, .F. ) ;
#549 = VECTOR ( 'NONE', #421, 39.37007874015748143 ) ;
#550 = DIRECTION ( 'NONE',  ( 1.644517855226008195E-15, 1.000000000000000000, 2.890435660536364269E-30 ) ) ;
#551 =( NAMED_UNIT ( * ) SI_UNIT ( $, .STERADIAN. ) SOLID_ANGLE_UNIT ( ) );
#552 = ORIENTED_EDGE ( 'NONE', *, *, #1965, .T. ) ;
#553 = CARTESIAN_POINT ( 'NONE',  ( 0.2313841284566568179, 0.03516481420455548623, -0.4075787404069425302 ) ) ;
#554 = ORIENTED_EDGE ( 'NONE', *, *, #7379, .F. ) ;
#555 = LINE ( 'NONE', #3679, #5243 ) ;
#556 = VECTOR ( 'NONE', #3735, 39.37007874015748854 ) ;
#557 = MECHANICAL_DESIGN_GEOMETRIC_PRESENTATION_REPRESENTATION (  '', ( #5865 ), #5206 ) ;
#558 = LINE ( 'NONE', #6337, #1859 ) ;
#559 = VERTEX_POINT ( 'NONE', #709 ) ;
#560 = FILL_AREA_STYLE ('',( #6956 ) ) ;
#561 = VECTOR ( 'NONE', #3759, 39.37007874015748143 ) ;
#562 = VECTOR ( 'NONE', #6, 39.37007874015748143 ) ;
#563 = SURFACE_STYLE_FILL_AREA ( #7622 ) ;
#564 = UNCERTAINTY_MEASURE_WITH_UNIT (LENGTH_MEASURE( 1.000000000000000082E-05 ), #488, 'distance_accuracy_value', 'NONE');
#565 = VECTOR ( 'NONE', #6408, 39.37007874015748143 ) ;
#566 = CIRCLE ( 'NONE', #5613, 0.007874015748031482076 ) ;
#567 = EDGE_LOOP ( 'NONE', ( #247, #2110, #5009, #5967, #1018, #8007, #4318, #4520 ) ) ;
#568 = EDGE_CURVE ( 'NONE', #844, #4377, #7561, .T. ) ;
#569 = EDGE_CURVE ( 'NONE', #4407, #5107, #7607, .T. ) ;
#570 = VERTEX_POINT ( 'NONE', #3134 ) ;
#571 = VERTEX_POINT ( 'NONE', #4416 ) ;
#572 = DIRECTION ( 'NONE',  ( -1.582776894139425349E-15, -1.000000000000000000, -2.505182696621675477E-30 ) ) ;
#573 = EDGE_CURVE ( 'NONE', #3137, #6003, #6941, .T. ) ;
#574 = COLOUR_RGB ( '',1.000000000000000000, 1.000000000000000000, 1.000000000000000000 ) ;
#575 = DIRECTION ( 'NONE',  ( 1.644517855226008195E-15, 1.000000000000000000, 2.890435660536364269E-30 ) ) ;
#576 = STYLED_ITEM ( 'NONE', ( #7745 ), #5045 ) ;
#577 = DIRECTION ( 'NONE',  ( -1.503638049432454012E-14, 6.123233995739238622E-17, -1.000000000000000000 ) ) ;
#578 = EDGE_CURVE ( 'NONE', #5893, #2947, #6365, .T. ) ;
#579 = ORIENTED_EDGE ( 'NONE', *, *, #5917, .T. ) ;
#580 = LINE ( 'NONE', #4860, #4057 ) ;
#581 = DIRECTION ( 'NONE',  ( -1.000000000000000000, 1.644517855226007801E-15, -8.234490263801784106E-12 ) ) ;
#582 = CARTESIAN_POINT ( 'NONE',  ( 0.5274311289181010665, -0.03078006768520877984, -0.04773622072110297182 ) ) ;
#583 =( NAMED_UNIT ( * ) SI_UNIT ( $, .STERADIAN. ) SOLID_ANGLE_UNIT ( ) );
#584 = EDGE_CURVE ( 'NONE', #752, #2457, #1840, .T. ) ;
#585 = APPLICATION_PROTOCOL_DEFINITION ( 'draft international standard', 'automotive_design', 1998, #1198 ) ;
#586 = CARTESIAN_POINT ( 'NONE',  ( 0.2313841284562201672, 0.04240669873959744540, 0.01210629896319397221 ) ) ;
#587 =( LENGTH_UNIT ( ) NAMED_UNIT ( * ) SI_UNIT ( $, .METRE. ) );
#588 = ORIENTED_EDGE ( 'NONE', *, *, #2825, .F. ) ;
#589 = LINE ( 'NONE', #2554, #3844 ) ;
#590 = CARTESIAN_POINT ( 'NONE',  ( 0.5483132623141996342, -0.02585880784268912436, -0.04773622072093100521 ) ) ;
#591 = ADVANCED_FACE ( 'NONE', ( #7112 ), #1459, .F. ) ;
#592 = ORIENTED_EDGE ( 'NONE', *, *, #773, .T. ) ;
#593 = COLOUR_RGB ( '',1.000000000000000000, 1.000000000000000000, 1.000000000000000000 ) ;
#594 = CARTESIAN_POINT ( 'NONE',  ( 0.4561674782086251878, 0.03516481420455509765, -0.1837617719031823249 ) ) ;
#595 = SURFACE_STYLE_FILL_AREA ( #1301 ) ;
#596 = ORIENTED_EDGE ( 'NONE', *, *, #317, .F. ) ;
#597 = DIRECTION ( 'NONE',  ( 1.748601263784601238E-15, -1.263142004425999922E-14, -1.000000000000000000 ) ) ;
#598 = ORIENTED_EDGE ( 'NONE', *, *, #5513, .T. ) ;
#599 = CARTESIAN_POINT ( 'NONE',  ( 0.4263694306917346633, -0.1011303416691849838, -0.1781545192269884115 ) ) ;
#600 =( GEOMETRIC_REPRESENTATION_CONTEXT ( 3 ) GLOBAL_UNCERTAINTY_ASSIGNED_CONTEXT ( ( #8108 ) ) GLOBAL_UNIT_ASSIGNED_CONTEXT ( ( #3575, #3047, #1156 ) ) REPRESENTATION_CONTEXT ( 'NONE', 'WORKASPACE' ) );
#601 = CARTESIAN_POINT ( 'NONE',  ( 0.3928014512908298839, 0.1198104834959331511, -0.1360039372566872740 ) ) ;
#602 = DIRECTION ( 'NONE',  ( -1.000000000000000000, 1.626303258728259609E-15, -2.168404344971012812E-15 ) ) ;
#603 = CARTESIAN_POINT ( 'NONE',  ( 0.4653510425003174467, 0.001406173138374004891, -0.005563233702158661836 ) ) ;
#604 = ORIENTED_EDGE ( 'NONE', *, *, #1245, .F. ) ;
#605 =( CONVERSION_BASED_UNIT ( 'INCH', #3769 ) LENGTH_UNIT ( ) NAMED_UNIT ( #1063 ) );
#606 = VECTOR ( 'NONE', #224, 39.37007874015748143 ) ;
#607 = DIRECTION ( 'NONE',  ( 0.05226423164096304086, -0.4972609476841247100, -0.8660254037840147134 ) ) ;
#608 = VECTOR ( 'NONE', #6841, 39.37007874015748143 ) ;
#609 = ORIENTED_EDGE ( 'NONE', *, *, #3432, .T. ) ;
#610 = VERTEX_POINT ( 'NONE', #7193 ) ;
#611 = VERTEX_POINT ( 'NONE', #2004 ) ;
#612 = DIRECTION ( 'NONE',  ( 1.748601263784621748E-15, 0.0000000000000000000, -1.000000000000000000 ) ) ;
#613 = CARTESIAN_POINT ( 'NONE',  ( 0.5463410757003660523, -0.06121462703867337068, -0.1752952758399538014 ) ) ;
#614 = AXIS2_PLACEMENT_3D ( 'NONE', #7336, #4187, #6712 ) ;
#615 =( LENGTH_UNIT ( ) NAMED_UNIT ( * ) SI_UNIT ( $, .METRE. ) );
#616 = LINE ( 'NONE', #4972, #7462 ) ;
#617 = MECHANICAL_DESIGN_GEOMETRIC_PRESENTATION_REPRESENTATION (  '', ( #4470 ), #1681 ) ;
#618 = ORIENTED_EDGE ( 'NONE', *, *, #2986, .F. ) ;
#619 = FACE_OUTER_BOUND ( 'NONE', #7934, .T. ) ;
#620 = CARTESIAN_POINT ( 'NONE',  ( 0.2813808601379161889, 0.1217789874329412297, -0.08316929158739536088 ) ) ;
#621 = DIRECTION ( 'NONE',  ( 1.000000000000000000, -1.644517855226007801E-15, 1.748601263784622143E-15 ) ) ;
#622 = SURFACE_SIDE_STYLE ('',( #4413 ) ) ;
#623 = ORIENTED_EDGE ( 'NONE', *, *, #2933, .T. ) ;
#624 = CARTESIAN_POINT ( 'NONE',  ( 0.4615064727377191645, 0.03516481420455510459, -0.08123784496912722641 ) ) ;
#625 = VECTOR ( 'NONE', #3455, 39.37007874015748143 ) ;
#626 = EDGE_CURVE ( 'NONE', #2074, #1133, #1424, .T. ) ;
#627 = ADVANCED_FACE ( 'NONE', ( #3417 ), #4656, .F. ) ;
#628 = DIRECTION ( 'NONE',  ( 0.0000000000000000000, 0.0000000000000000000, 1.000000000000000000 ) ) ;
#629 = ORIENTED_EDGE ( 'NONE', *, *, #6970, .F. ) ;
#630 = CARTESIAN_POINT ( 'NONE',  ( 0.4554196763377191814, 0.04500733388959449188, -0.07785626009188305330 ) ) ;
#631 = ORIENTED_EDGE ( 'NONE', *, *, #481, .T. ) ;
#632 = LINE ( 'NONE', #5664, #2031 ) ;
#633 = CARTESIAN_POINT ( 'NONE',  ( 0.4991006638888342284, 0.04500733388959441555, -0.02726377977645432632 ) ) ;
#634 = VERTEX_POINT ( 'NONE', #3956 ) ;
#635 = DIRECTION ( 'NONE',  ( -0.6691306063588773334, 0.7431448254773770357, -9.637352644315590806E-16 ) ) ;
#636 = ADVANCED_FACE ( 'NONE', ( #1501 ), #753, .F. ) ;
#637 = CLOSED_SHELL ( 'NONE', ( #1178, #1548, #6866, #6915, #3126, #1186, #3332, #2680, #7442, #2268, #2006, #5258, #235, #636, #1451, #1948, #5970, #6218, #4045, #7831 ) ) ;
#638 = ORIENTED_EDGE ( 'NONE', *, *, #2114, .F. ) ;
#639 = CARTESIAN_POINT ( 'NONE',  ( 0.5037097929778026062, -0.008688119764421345023, -0.02726377977641642608 ) ) ;
#640 = VECTOR ( 'NONE', #2614, 39.37007874015748854 ) ;
#641 = UNCERTAINTY_MEASURE_WITH_UNIT (LENGTH_MEASURE( 1.000000000000000082E-05 ), #362, 'distance_accuracy_value', 'NONE');
#642 = ORIENTED_EDGE ( 'NONE', *, *, #8120, .F. ) ;
#643 = ORIENTED_EDGE ( 'NONE', *, *, #3193, .T. ) ;
#644 = CARTESIAN_POINT ( 'NONE',  ( 0.5047076986982566016, -0.01818255847635047093, -0.1713582679653845309 ) ) ;
#645 = ORIENTED_EDGE ( 'NONE', *, *, #3643, .F. ) ;
#646 = DIRECTION ( 'NONE',  ( -8.234490263801784106E-12, 1.443931000916540009E-26, 1.000000000000000000 ) ) ;
#647 =( CONVERSION_BASED_UNIT ( 'INCH', #6348 ) LENGTH_UNIT ( ) NAMED_UNIT ( #372 ) );
#648 =( NAMED_UNIT ( * ) SI_UNIT ( $, .STERADIAN. ) SOLID_ANGLE_UNIT ( ) );
#649 = CARTESIAN_POINT ( 'NONE',  ( 0.4561674782056326372, 0.03516481420455511153, -0.07785626009207995135 ) ) ;
#650 = UNCERTAINTY_MEASURE_WITH_UNIT (LENGTH_MEASURE( 1.000000000000000082E-05 ), #2889, 'distance_accuracy_value', 'NONE');
#651 = AXIS2_PLACEMENT_3D ( 'NONE', #31, #1308, #5672 ) ;
#652 = CARTESIAN_POINT ( 'NONE',  ( 0.2313841284562629386, 0.04500733388959484577, -0.1878937010362536630 ) ) ;
#653 = ORIENTED_EDGE ( 'NONE', *, *, #3643, .T. ) ;
#654 = PRESENTATION_STYLE_ASSIGNMENT (( #1416 ) ) ;
#655 = FACE_OUTER_BOUND ( 'NONE', #5676, .T. ) ;
#656 = AXIS2_PLACEMENT_3D ( 'NONE', #385, #4130, #3139 ) ;
#657 = DIRECTION ( 'NONE',  ( -8.234490263801784106E-12, 1.353889066150678573E-26, 1.000000000000000000 ) ) ;
#658 = FACE_OUTER_BOUND ( 'NONE', #2, .T. ) ;
#659 = CARTESIAN_POINT ( 'NONE',  ( 0.3928014512908299394, 0.1198104834959331511, -0.1791535435558992695 ) ) ;
#660 = VERTEX_POINT ( 'NONE', #3375 ) ;
#661 = CARTESIAN_POINT ( 'NONE',  ( 0.4554196763377196255, 0.04500733388959447800, -0.1778562600918830727 ) ) ;
#662 = AXIS2_PLACEMENT_3D ( 'NONE', #5775, #7060, #1375 ) ;
#663 = CARTESIAN_POINT ( 'NONE',  ( 0.2372226159726408268, 0.03516481420455546542, -0.1272637797769622658 ) ) ;
#664 = ORIENTED_EDGE ( 'NONE', *, *, #2124, .F. ) ;
#665 = PLANE ( 'NONE',  #2075 ) ;
#666 = EDGE_CURVE ( 'NONE', #4725, #844, #218, .T. ) ;
#667 = DIRECTION ( 'NONE',  ( -8.234490263801784106E-12, -1.263142004424646236E-14, 1.000000000000000000 ) ) ;
#668 = EDGE_CURVE ( 'NONE', #7196, #5245, #5027, .T. ) ;
#669 =( NAMED_UNIT ( * ) SI_UNIT ( $, .STERADIAN. ) SOLID_ANGLE_UNIT ( ) );
#670 = EDGE_LOOP ( 'NONE', ( #1128, #5345, #4011 ) ) ;
#671 = LINE ( 'NONE', #1978, #561 ) ;
#672 = DIRECTION ( 'NONE',  ( 0.6691306063588773334, -0.7431448254773770357, 9.637352644315590806E-16 ) ) ;
#673 = VERTEX_POINT ( 'NONE', #1536 ) ;
#674 = ADVANCED_FACE ( 'NONE', ( #4039 ), #5285, .F. ) ;
#675 = CIRCLE ( 'NONE', #1075, 0.007874015748031527179 ) ;
#676 = DIRECTION ( 'NONE',  ( -1.644517855226008195E-15, -1.000000000000000000, -2.890435660536364269E-30 ) ) ;
#677 = EDGE_CURVE ( 'NONE', #3240, #52, #1642, .T. ) ;
#678 = SURFACE_STYLE_FILL_AREA ( #4345 ) ;
#679 = VERTEX_POINT ( 'NONE', #3303 ) ;
#680 = DIRECTION ( 'NONE',  ( 1.748601263784621946E-15, 0.0000000000000000000, -1.000000000000000000 ) ) ;
#681 = MECHANICAL_DESIGN_GEOMETRIC_PRESENTATION_REPRESENTATION (  '', ( #6253 ), #3085 ) ;
#682 = DIMENSIONAL_EXPONENTS ( 1.000000000000000000, 0.0000000000000000000, 0.0000000000000000000, 0.0000000000000000000, 0.0000000000000000000, 0.0000000000000000000, 0.0000000000000000000 ) ;
#683 = EDGE_CURVE ( 'NONE', #1422, #6760, #4576, .T. ) ;
#684 = AXIS2_PLACEMENT_3D ( 'NONE', #3788, #7518, #6316 ) ;
#685 = DIRECTION ( 'NONE',  ( -1.000000000000000000, 1.644517855226007801E-15, -1.748601263784621748E-15 ) ) ;
#686 = VECTOR ( 'NONE', #8039, 39.37007874015748143 ) ;
#687 = ORIENTED_EDGE ( 'NONE', *, *, #3521, .F. ) ;
#688 = PRESENTATION_LAYER_ASSIGNMENT (  '', '', ( #427 ) ) ;
#689 = ORIENTED_EDGE ( 'NONE', *, *, #5040, .F. ) ;
#690 = DIRECTION ( 'NONE',  ( 1.748601263784621748E-15, 0.0000000000000000000, -1.000000000000000000 ) ) ;
#691 = ORIENTED_EDGE ( 'NONE', *, *, #4735, .T. ) ;
#692 = LINE ( 'NONE', #3160, #5541 ) ;
#693 = CARTESIAN_POINT ( 'NONE',  ( 0.4536010832257904579, 0.04500733388959447800, -0.1781432499594027830 ) ) ;
#694 = CARTESIAN_POINT ( 'NONE',  ( 0.4754786166453179863, 0.04500733388959444331, -0.1272637797769618495 ) ) ;
#695 = SURFACE_STYLE_FILL_AREA ( #3863 ) ;
#696 = AXIS2_PLACEMENT_3D ( 'NONE', #6291, #107, #7687 ) ;
#697 = AXIS2_PLACEMENT_3D ( 'NONE', #4266, #4224, #7371 ) ;
#698 = SURFACE_SIDE_STYLE ('',( #7596 ) ) ;
#699 = VERTEX_POINT ( 'NONE', #2245 ) ;
#700 = DIRECTION ( 'NONE',  ( -1.644517855226007801E-15, -1.000000000000000000, -2.890435660536363919E-30 ) ) ;
#701 = VECTOR ( 'NONE', #621, 39.37007874015748143 ) ;
#702 = VECTOR ( 'NONE', #4004, 39.37007874015748143 ) ;
#703 = DIRECTION ( 'NONE',  ( -1.644517855226206988E-15, -1.000000000000000000, 1.136868377216000001E-13 ) ) ;
#704 = LINE ( 'NONE', #4650, #1871 ) ;
#705 = CARTESIAN_POINT ( 'NONE',  ( 0.2372226159768137110, 0.04500733388959485270, -0.08789370103633235842 ) ) ;
#706 = CARTESIAN_POINT ( 'NONE',  ( 0.5225010356770467546, -0.02585880784268908966, -0.06742126009122235974 ) ) ;
#707 = DIRECTION ( 'NONE',  ( -1.000000000000000000, 1.644517855226007801E-15, -4.436729704083846065E-13 ) ) ;
#708 = ORIENTED_EDGE ( 'NONE', *, *, #283, .F. ) ;
#709 = CARTESIAN_POINT ( 'NONE',  ( 0.3140612938105263319, 0.1021333181416026054, -0.03297244119349746622 ) ) ;
#710 = VECTOR ( 'NONE', #949, 39.37007874015748143 ) ;
#711 = CARTESIAN_POINT ( 'NONE',  ( 0.3928014512908299394, 0.1021333181416024388, -0.1821850396188912091 ) ) ;
#712 = ORIENTED_EDGE ( 'NONE', *, *, #7768, .T. ) ;
#713 = SURFACE_STYLE_FILL_AREA ( #7072 ) ;
#714 = LINE ( 'NONE', #1886, #5741 ) ;
#715 = FILL_AREA_STYLE_COLOUR ( '', #2536 ) ;
#716 = VERTEX_POINT ( 'NONE', #5492 ) ;
#717 = COLOUR_RGB ( '',0.7607843137254901578, 0.7607843137254901578, 0.0000000000000000000 ) ;
#718 = DIRECTION ( 'NONE',  ( -1.000000000000000000, 2.433329250326600975E-14, -1.748601263784622143E-15 ) ) ;
#719 = CARTESIAN_POINT ( 'NONE',  ( 0.2514430687583490975, 0.03516481420455545848, -0.07785626009152914195 ) ) ;
#720 = VERTEX_POINT ( 'NONE', #6151 ) ;
#721 = AXIS2_PLACEMENT_3D ( 'NONE', #75, #240, #2613 ) ;
#722 = CARTESIAN_POINT ( 'NONE',  ( 0.5171213436152469756, -0.02373449098435618382, -0.04773622072118789000 ) ) ;
#723 = FACE_OUTER_BOUND ( 'NONE', #7975, .T. ) ;
#724 = DIRECTION ( 'NONE',  ( 1.000000000000000000, -1.644517855226007801E-15, 1.748601263784622143E-15 ) ) ;
#725 = ORIENTED_EDGE ( 'NONE', *, *, #7865, .T. ) ;
#726 = PRESENTATION_STYLE_ASSIGNMENT (( #1265 ) ) ;
#727 = CARTESIAN_POINT ( 'NONE',  ( 0.1933643507908066883, -0.007659296307097984528, -0.08789370103680482771 ) ) ;
#728 = MECHANICAL_DESIGN_GEOMETRIC_PRESENTATION_REPRESENTATION (  '', ( #5512 ), #4708 ) ;
#729 = ADVANCED_FACE ( 'NONE', ( #2915 ), #4206, .T. ) ;
#730 = ADVANCED_FACE ( 'NONE', ( #7875 ), #7351, .T. ) ;
#731 = ORIENTED_EDGE ( 'NONE', *, *, #1634, .T. ) ;
#732 = STYLED_ITEM ( 'NONE', ( #1789 ), #6218 ) ;
#733 = ORIENTED_EDGE ( 'NONE', *, *, #5560, .T. ) ;
#734 = DIRECTION ( 'NONE',  ( 3.222191032513196544E-10, 0.0000000000000000000, 1.000000000000000000 ) ) ;
#735 = VERTEX_POINT ( 'NONE', #2382 ) ;
#736 = DIRECTION ( 'NONE',  ( 1.644517855226007801E-15, 1.000000000000000000, 2.875605999964572744E-30 ) ) ;
#737 =( LENGTH_UNIT ( ) NAMED_UNIT ( * ) SI_UNIT ( $, .METRE. ) );
#738 = SURFACE_STYLE_FILL_AREA ( #5845 ) ;
#739 = PRESENTATION_STYLE_ASSIGNMENT (( #5940 ) ) ;
#740 = UNCERTAINTY_MEASURE_WITH_UNIT (LENGTH_MEASURE( 1.000000000000000082E-05 ), #2109, 'distance_accuracy_value', 'NONE');
#741 = CIRCLE ( 'NONE', #5782, 0.005905511811027568461 ) ;
#742 = ADVANCED_FACE ( 'NONE', ( #5532 ), #6769, .F. ) ;
#743 = CARTESIAN_POINT ( 'NONE',  ( 0.1897048287127788002, -0.02376850682428404901, -0.1674213445113989507 ) ) ;
#744 = ORIENTED_EDGE ( 'NONE', *, *, #6473, .T. ) ;
#745 = FACE_OUTER_BOUND ( 'NONE', #2281, .T. ) ;
#746 = VECTOR ( 'NONE', #4397, 39.37007874015748143 ) ;
#747 = LINE ( 'NONE', #2715, #6795 ) ;
#748 = FACE_OUTER_BOUND ( 'NONE', #6057, .T. ) ;
#749 = DIRECTION ( 'NONE',  ( -0.05226423163383502740, -0.4972609476841255427, 0.8660254037844445918 ) ) ;
#750 = FACE_OUTER_BOUND ( 'NONE', #7689, .T. ) ;
#751 = FACE_OUTER_BOUND ( 'NONE', #7767, .T. ) ;
#752 = VERTEX_POINT ( 'NONE', #2077 ) ;
#753 = CYLINDRICAL_SURFACE ( 'NONE', #4101, 0.007874015748031497688 ) ;
#754 = AXIS2_PLACEMENT_3D ( 'NONE', #7087, #3232, #6431 ) ;
#755 = DIRECTION ( 'NONE',  ( 0.9040697402709132469, -1.486758830245055043E-15, -0.4273849608099042907 ) ) ;
#756 = ORIENTED_EDGE ( 'NONE', *, *, #2218, .T. ) ;
#757 = SURFACE_STYLE_FILL_AREA ( #2639 ) ;
#758 = ORIENTED_EDGE ( 'NONE', *, *, #6171, .T. ) ;
#759 = CIRCLE ( 'NONE', #4608, 0.007874015748031501158 ) ;
#760 = CARTESIAN_POINT ( 'NONE',  ( 0.5483132623140313244, -0.03570132752772851858, -0.1272637797760491352 ) ) ;
#761 = CARTESIAN_POINT ( 'NONE',  ( 0.5037097929778030503, -0.008688119764421362370, -0.1272637797764164524 ) ) ;
#762 = ORIENTED_EDGE ( 'NONE', *, *, #4234, .F. ) ;
#763 = DIRECTION ( 'NONE',  ( 1.644517855226007801E-15, 1.000000000000000000, 2.890435660536363919E-30 ) ) ;
#764 = CARTESIAN_POINT ( 'NONE',  ( 0.3140612938105267204, 0.1021333181416025776, -0.1329724411934974648 ) ) ;
#765 = FACE_OUTER_BOUND ( 'NONE', #6499, .T. ) ;
#766 = ORIENTED_EDGE ( 'NONE', *, *, #319, .F. ) ;
#767 = PLANE ( 'NONE',  #6248 ) ;
#768 = DIRECTION ( 'NONE',  ( 0.9945218953682686269, -0.1045284632676983794, 1.739022243102431967E-15 ) ) ;
#769 = CARTESIAN_POINT ( 'NONE',  ( 0.1896577093114369950, -0.02375406862796414220, -0.1477362207218441970 ) ) ;
#770 = EDGE_LOOP ( 'NONE', ( #7277, #3743, #1216, #7985 ) ) ;
#771 = SURFACE_STYLE_USAGE ( .BOTH. , #3397 ) ;
#772 = VERTEX_POINT ( 'NONE', #6555 ) ;
#773 = EDGE_CURVE ( 'NONE', #2526, #4248, #3973, .T. ) ;
#774 = ORIENTED_EDGE ( 'NONE', *, *, #4787, .T. ) ;
#775 = SURFACE_STYLE_FILL_AREA ( #3400 ) ;
#776 = AXIS2_PLACEMENT_3D ( 'NONE', #3394, #4866, #3550 ) ;
#777 = ADVANCED_FACE ( 'NONE', ( #855 ), #6006, .T. ) ;
#778 = LINE ( 'NONE', #4604, #3426 ) ;
#779 =( NAMED_UNIT ( * ) PLANE_ANGLE_UNIT ( ) SI_UNIT ( $, .RADIAN. ) );
#780 = EDGE_CURVE ( 'NONE', #1478, #147, #2858, .T. ) ;
#781 = STYLED_ITEM ( 'NONE', ( #906 ), #636 ) ;
#782 = ORIENTED_EDGE ( 'NONE', *, *, #7317, .T. ) ;
#783 = DIRECTION ( 'NONE',  ( 0.0000000000000000000, 0.0000000000000000000, 1.000000000000000000 ) ) ;
#784 = DIRECTION ( 'NONE',  ( -1.748601263784622143E-15, 0.0000000000000000000, 1.000000000000000000 ) ) ;
#785 = ADVANCED_FACE ( 'NONE', ( #6477 ), #932, .F. ) ;
#786 = CARTESIAN_POINT ( 'NONE',  ( 0.2024471205824045772, 0.03516481420455551399, -0.1272637797769623214 ) ) ;
#787 = DIRECTION ( 'NONE',  ( 2.698884520361153650E-13, -4.467119842926643659E-28, 1.000000000000000000 ) ) ;
#788 = DIRECTION ( 'NONE',  ( 0.9040697401960466895, -1.445602896647340100E-15, -0.4273849609682733863 ) ) ;
#789 = VERTEX_POINT ( 'NONE', #1559 ) ;
#790 = VECTOR ( 'NONE', #5426, 39.37007874015748143 ) ;
#791 = FACE_OUTER_BOUND ( 'NONE', #5925, .T. ) ;
#792 =( NAMED_UNIT ( * ) PLANE_ANGLE_UNIT ( ) SI_UNIT ( $, .RADIAN. ) );
#793 = ADVANCED_FACE ( 'NONE', ( #4018 ), #4098, .F. ) ;
#794 = DIMENSIONAL_EXPONENTS ( 1.000000000000000000, 0.0000000000000000000, 0.0000000000000000000, 0.0000000000000000000, 0.0000000000000000000, 0.0000000000000000000, 0.0000000000000000000 ) ;
#795 = DIRECTION ( 'NONE',  ( 8.234490263801784106E-12, -1.353889066150678860E-26, -1.000000000000000000 ) ) ;
#796 = VECTOR ( 'NONE', #5496, 39.37007874015748143 ) ;
#797 = ORIENTED_EDGE ( 'NONE', *, *, #5145, .F. ) ;
#798 = DIRECTION ( 'NONE',  ( 0.9040697402368811364, -1.445602896646377098E-15, 0.4273849608818943713 ) ) ;
#799 = VERTEX_POINT ( 'NONE', #2990 ) ;
#800 = CARTESIAN_POINT ( 'NONE',  ( 0.2453562723633097020, 0.03516481420455546542, -0.03391963584349765720 ) ) ;
#801 = ORIENTED_EDGE ( 'NONE', *, *, #334, .F. ) ;
#802 = STYLED_ITEM ( 'NONE', ( #6937 ), #1451 ) ;
#803 =( GEOMETRIC_REPRESENTATION_CONTEXT ( 3 ) GLOBAL_UNCERTAINTY_ASSIGNED_CONTEXT ( ( #6640 ) ) GLOBAL_UNIT_ASSIGNED_CONTEXT ( ( #7164, #4670, #1517 ) ) REPRESENTATION_CONTEXT ( 'NONE', 'WORKASPACE' ) );
#804 = DIRECTION ( 'NONE',  ( 1.555145074134924813E-15, 0.9987523388778462019, 0.04993761694386230493 ) ) ;
#805 = EDGE_LOOP ( 'NONE', ( #5241, #5552, #3483, #3801 ) ) ;
#806 = LINE ( 'NONE', #7804, #1069 ) ;
#807 = DIRECTION ( 'NONE',  ( 0.1045284632676983655, 0.9945218953682685159, 1.827786029713617844E-16 ) ) ;
#808 = SURFACE_SIDE_STYLE ('',( #7091 ) ) ;
#809 = CIRCLE ( 'NONE', #5458, 0.007874015748031494219 ) ;
#810 = VECTOR ( 'NONE', #7401, 39.37007874015748143 ) ;
#811 = ORIENTED_EDGE ( 'NONE', *, *, #1701, .F. ) ;
#812 = STYLED_ITEM ( 'NONE', ( #209 ), #8182 ) ;
#813 = ORIENTED_EDGE ( 'NONE', *, *, #1392, .F. ) ;
#814 = FILL_AREA_STYLE_COLOUR ( '', #5266 ) ;
#815 = VERTEX_POINT ( 'NONE', #7372 ) ;
#816 = AXIS2_PLACEMENT_3D ( 'NONE', #2475, #2718, #3301 ) ;
#817 =( CONVERSION_BASED_UNIT ( 'INCH', #7293 ) LENGTH_UNIT ( ) NAMED_UNIT ( #1592 ) );
#818 = CARTESIAN_POINT ( 'NONE',  ( 0.1843617094242558652, -0.01798479209465704554, -0.1477362207218441970 ) ) ;
#819 = CARTESIAN_POINT ( 'NONE',  ( 0.5483132623143616158, -0.02585880784268912436, -0.06742126009100976591 ) ) ;
#820 = UNCERTAINTY_MEASURE_WITH_UNIT (LENGTH_MEASURE( 1.000000000000000082E-05 ), #7726, 'distance_accuracy_value', 'NONE');
#821 = VECTOR ( 'NONE', #1694, 39.37007874015748143 ) ;
#822 = EDGE_CURVE ( 'NONE', #1429, #4820, #6792, .T. ) ;
#823 = VECTOR ( 'NONE', #1155, 39.37007874015748143 ) ;
#824 = ADVANCED_FACE ( 'NONE', ( #1725 ), #1772, .T. ) ;
#825 = ORIENTED_EDGE ( 'NONE', *, *, #5095, .F. ) ;
#826 = ADVANCED_FACE ( 'NONE', ( #520 ), #2900, .T. ) ;
#827 =( NAMED_UNIT ( * ) SI_UNIT ( $, .STERADIAN. ) SOLID_ANGLE_UNIT ( ) );
#828 = CARTESIAN_POINT ( 'NONE',  ( 0.3142156862761680269, 0.1217789874329372468, 0.01210629896398272669 ) ) ;
#829 = SURFACE_SIDE_STYLE ('',( #3300 ) ) ;
#830 = STYLED_ITEM ( 'NONE', ( #3219 ), #4501 ) ;
#831 = FILL_AREA_STYLE ('',( #5240 ) ) ;
#832 = VERTEX_POINT ( 'NONE', #1141 ) ;
#833 = VECTOR ( 'NONE', #7243, 39.37007874015748143 ) ;
#834 = CARTESIAN_POINT ( 'NONE',  ( 0.5230445496231609370, -0.05876606348099619459, -0.03986220497381212646 ) ) ;
#835 = EDGE_CURVE ( 'NONE', #3363, #7116, #3063, .T. ) ;
#836 = EDGE_CURVE ( 'NONE', #277, #1693, #4105, .T. ) ;
#837 = AXIS2_PLACEMENT_3D ( 'NONE', #2800, #7844, #915 ) ;
#838 = CARTESIAN_POINT ( 'NONE',  ( 0.4554196763416171190, 0.03516481420455510459, -0.1313957089112138266 ) ) ;
#839 = VECTOR ( 'NONE', #703, 39.37007874015748143 ) ;
#840 = VERTEX_POINT ( 'NONE', #8102 ) ;
#841 = EDGE_CURVE ( 'NONE', #6816, #495, #7935, .T. ) ;
#842 = DIRECTION ( 'NONE',  ( 1.644517855226007801E-15, 1.000000000000000000, 2.875605999964572744E-30 ) ) ;
#843 = CARTESIAN_POINT ( 'NONE',  ( 0.1585494827869409484, -0.03570132752772788715, -0.1674212600919230409 ) ) ;
#844 = VERTEX_POINT ( 'NONE', #4796 ) ;
#845 = COLOUR_RGB ( '',0.7607843137254901578, 0.7607843137254901578, 0.0000000000000000000 ) ;
#846 = ADVANCED_FACE ( 'NONE', ( #2452 ), #5753, .T. ) ;
#847 =( NAMED_UNIT ( * ) SI_UNIT ( $, .STERADIAN. ) SOLID_ANGLE_UNIT ( ) );
#848 = LINE ( 'NONE', #4091, #7161 ) ;
#849 = VERTEX_POINT ( 'NONE', #3723 ) ;
#850 = FACE_OUTER_BOUND ( 'NONE', #1165, .T. ) ;
#851 = DIMENSIONAL_EXPONENTS ( 1.000000000000000000, 0.0000000000000000000, 0.0000000000000000000, 0.0000000000000000000, 0.0000000000000000000, 0.0000000000000000000, 0.0000000000000000000 ) ;
#852 = CARTESIAN_POINT ( 'NONE',  ( 0.5225010356770470876, -0.02585880784268910701, -0.1674212600912223792 ) ) ;
#853 = VECTOR ( 'NONE', #4264, 39.37007874015748143 ) ;
#854 = VERTEX_POINT ( 'NONE', #4433 ) ;
#855 = FACE_OUTER_BOUND ( 'NONE', #2627, .T. ) ;
#856 = ORIENTED_EDGE ( 'NONE', *, *, #4030, .T. ) ;
#857 = DIRECTION ( 'NONE',  ( -1.748601263784621748E-15, -1.482966057179117483E-32, 1.000000000000000000 ) ) ;
#858 = MECHANICAL_DESIGN_GEOMETRIC_PRESENTATION_REPRESENTATION (  '', ( #2998 ), #5642 ) ;
#859 = EDGE_LOOP ( 'NONE', ( #782, #758, #309, #3974 ) ) ;
#860 = CARTESIAN_POINT ( 'NONE',  ( 0.1896577093114365509, -0.02375406862796411792, -0.04773622072184419141 ) ) ;
#861 = PRESENTATION_STYLE_ASSIGNMENT (( #6521 ) ) ;
#862 = SURFACE_STYLE_USAGE ( .BOTH. , #7816 ) ;
#863 = CARTESIAN_POINT ( 'NONE',  ( 0.4561674782085068935, 0.03516481420455509765, -0.1373012207222373826 ) ) ;
#864 = AXIS2_PLACEMENT_3D ( 'NONE', #6275, #5020, #1121 ) ;
#865 = FACE_OUTER_BOUND ( 'NONE', #2787, .T. ) ;
#866 = ORIENTED_EDGE ( 'NONE', *, *, #6377, .F. ) ;
#867 = LINE ( 'NONE', #2167, #1361 ) ;
#868 = DIRECTION ( 'NONE',  ( 1.000000000000000000, -1.644517855226007801E-15, 1.748601263784621748E-15 ) ) ;
#869 =( CONVERSION_BASED_UNIT ( 'INCH', #4767 ) LENGTH_UNIT ( ) NAMED_UNIT ( #4207 ) );
#870 = VECTOR ( 'NONE', #3000, 39.37007874015748143 ) ;
#871 = VERTEX_POINT ( 'NONE', #1181 ) ;
#872 = FILL_AREA_STYLE ('',( #6572 ) ) ;
#873 = EDGE_CURVE ( 'NONE', #3621, #611, #2265, .T. ) ;
#874 = PRESENTATION_LAYER_ASSIGNMENT (  '', '', ( #6461 ) ) ;
#875 = MECHANICAL_DESIGN_GEOMETRIC_PRESENTATION_REPRESENTATION (  '', ( #6050 ), #6978 ) ;
#876 = DIRECTION ( 'NONE',  ( -2.147404981299067777E-15, -0.2873478855662903175, 0.9578262852211679723 ) ) ;
#877 = ORIENTED_EDGE ( 'NONE', *, *, #5695, .F. ) ;
#878 = DIRECTION ( 'NONE',  ( 0.06844477287628467077, 0.6512085141311780845, -0.7558060493201791408 ) ) ;
#879 = LINE ( 'NONE', #4702, #927 ) ;
#880 = DIRECTION ( 'NONE',  ( -0.4273849608878791395, 7.028421992351837687E-16, 0.9040697402340519551 ) ) ;
#881 = EDGE_CURVE ( 'NONE', #660, #4716, #7538, .T. ) ;
#882 = ORIENTED_EDGE ( 'NONE', *, *, #7776, .F. ) ;
#883 = MECHANICAL_DESIGN_GEOMETRIC_PRESENTATION_REPRESENTATION (  '', ( #2498 ), #7125 ) ;
#884 = EDGE_CURVE ( 'NONE', #5978, #5245, #6428, .T. ) ;
#885 = DIRECTION ( 'NONE',  ( -1.000000000000000000, 1.644517855226007801E-15, -8.234490263801784106E-12 ) ) ;
#886 = VERTEX_POINT ( 'NONE', #7577 ) ;
#887 = ADVANCED_FACE ( 'NONE', ( #7038 ), #5707, .T. ) ;
#888 = CARTESIAN_POINT ( 'NONE',  ( 0.2506952668933101203, 0.03516481420455543766, -0.1373012207214504010 ) ) ;
#889 = ORIENTED_EDGE ( 'NONE', *, *, #3729, .F. ) ;
#890 = ORIENTED_EDGE ( 'NONE', *, *, #1280, .F. ) ;
#891 = CARTESIAN_POINT ( 'NONE',  ( 0.2070209957706382609, 0.02811385722240983265, -0.1878937010368048610 ) ) ;
#892 = ORIENTED_EDGE ( 'NONE', *, *, #4655, .F. ) ;
#893 = CARTESIAN_POINT ( 'NONE',  ( 0.4754786166455537422, 0.03516481420522438173, -0.02726377977696183702 ) ) ;
#894 = CARTESIAN_POINT ( 'NONE',  ( 0.2506952668935070183, 0.04500733388959481107, -0.1778562600915291614 ) ) ;
#895 = PRESENTATION_STYLE_ASSIGNMENT (( #862 ) ) ;
#896 = DIRECTION ( 'NONE',  ( 1.644517855226008195E-15, 1.000000000000000000, 2.890435660536364269E-30 ) ) ;
#897 = UNCERTAINTY_MEASURE_WITH_UNIT (LENGTH_MEASURE( 1.000000000000000082E-05 ), #2812, 'distance_accuracy_value', 'NONE');
#898 = DIMENSIONAL_EXPONENTS ( 1.000000000000000000, 0.0000000000000000000, 0.0000000000000000000, 0.0000000000000000000, 0.0000000000000000000, 0.0000000000000000000, 0.0000000000000000000 ) ;
#899 = PLANE ( 'NONE',  #4403 ) ;
#900 =( GEOMETRIC_REPRESENTATION_CONTEXT ( 3 ) GLOBAL_UNCERTAINTY_ASSIGNED_CONTEXT ( ( #3982 ) ) GLOBAL_UNIT_ASSIGNED_CONTEXT ( ( #241, #2773, #4673 ) ) REPRESENTATION_CONTEXT ( 'NONE', 'WORKASPACE' ) );
#901 = ORIENTED_EDGE ( 'NONE', *, *, #7728, .T. ) ;
#902 = CARTESIAN_POINT ( 'NONE',  ( 0.4518565694010655553, 0.05642465672427559448, -0.007578740406095623751 ) ) ;
#903 = SURFACE_STYLE_USAGE ( .BOTH. , #6727 ) ;
#904 = FILL_AREA_STYLE ('',( #4035 ) ) ;
#905 = LINE ( 'NONE', #3535, #7834 ) ;
#906 = PRESENTATION_STYLE_ASSIGNMENT (( #6496 ) ) ;
#907 =( BOUNDED_CURVE ( )  B_SPLINE_CURVE ( 3, ( #1825, #3610, #5524, #5483 ),
 .UNSPECIFIED., .F., .T. ) 
 B_SPLINE_CURVE_WITH_KNOTS ( ( 4, 4 ),
 ( 3.224255440381115445, 3.968322528260086024 ),
 .UNSPECIFIED. ) 
 CURVE ( )  GEOMETRIC_REPRESENTATION_ITEM ( )  RATIONAL_B_SPLINE_CURVE ( ( 1.000000000000000000, 0.9543933716775627740, 0.9543933716775627740, 1.000000000000000000 ) ) 
 REPRESENTATION_ITEM ( '' )  );
#908 = SURFACE_STYLE_FILL_AREA ( #7154 ) ;
#909 = ORIENTED_EDGE ( 'NONE', *, *, #7725, .T. ) ;
#910 = CARTESIAN_POINT ( 'NONE',  ( 0.2453562723632703446, 0.04500733388959483189, -0.03391963584349765720 ) ) ;
#911 = PRESENTATION_STYLE_ASSIGNMENT (( #4701 ) ) ;
#912 = STYLED_ITEM ( 'NONE', ( #7393 ), #730 ) ;
#913 = DIRECTION ( 'NONE',  ( -1.387778780775897222E-15, 0.0000000000000000000, -1.000000000000000000 ) ) ;
#914 = PRESENTATION_STYLE_ASSIGNMENT (( #1669 ) ) ;
#915 = DIRECTION ( 'NONE',  ( -0.09052430460425825443, 0.8612812260087766569, -0.5000000000007340795 ) ) ;
#916 = PRESENTATION_STYLE_ASSIGNMENT (( #5828 ) ) ;
#917 = ORIENTED_EDGE ( 'NONE', *, *, #1140, .F. ) ;
#918 = VECTOR ( 'NONE', #7972, 39.37007874015748143 ) ;
#919 = EDGE_CURVE ( 'NONE', #6125, #4716, #4635, .T. ) ;
#920 = PRESENTATION_STYLE_ASSIGNMENT (( #5459 ) ) ;
#921 = ADVANCED_FACE ( 'NONE', ( #72 ), #6251, .T. ) ;
#922 = FILL_AREA_STYLE ('',( #2978 ) ) ;
#923 = CARTESIAN_POINT ( 'NONE',  ( 0.2924077505034279323, 0.1060309559368545901, -0.03277559079979674994 ) ) ;
#924 = ORIENTED_EDGE ( 'NONE', *, *, #265, .T. ) ;
#925 = EDGE_CURVE ( 'NONE', #3039, #7760, #8185, .T. ) ;
#926 = DIRECTION ( 'NONE',  ( -0.05226423163383502740, -0.4972609476841255427, 0.8660254037844445918 ) ) ;
#927 = VECTOR ( 'NONE', #2141, 39.37007874015748143 ) ;
#928 = CARTESIAN_POINT ( 'NONE',  ( 0.5483132623141999673, -0.03570132752772851858, -0.1477362207209310108 ) ) ;
#929 =( GEOMETRIC_REPRESENTATION_CONTEXT ( 3 ) GLOBAL_UNCERTAINTY_ASSIGNED_CONTEXT ( ( #167 ) ) GLOBAL_UNIT_ASSIGNED_CONTEXT ( ( #7712, #1999, #5857 ) ) REPRESENTATION_CONTEXT ( 'NONE', 'WORKASPACE' ) );
#930 = EDGE_CURVE ( 'NONE', #6856, #2973, #558, .T. ) ;
#931 = ORIENTED_EDGE ( 'NONE', *, *, #3894, .F. ) ;
#932 = PLANE ( 'NONE',  #4369 ) ;
#933 = ORIENTED_EDGE ( 'NONE', *, *, #2979, .F. ) ;
#934 = EDGE_CURVE ( 'NONE', #6888, #7563, #5636, .T. ) ;
#935 = EDGE_LOOP ( 'NONE', ( #8069, #5469, #4218, #1522 ) ) ;
#936 = SURFACE_STYLE_FILL_AREA ( #982 ) ;
#937 = CARTESIAN_POINT ( 'NONE',  ( 0.4696401291287821134, 0.04500733388959446413, -0.03513779552499328440 ) ) ;
#938 = LINE ( 'NONE', #7378, #4153 ) ;
#939 = PRESENTATION_LAYER_ASSIGNMENT (  '', '', ( #7819 ) ) ;
#940 = VECTOR ( 'NONE', #3499, 39.37007874015748143 ) ;
#941 = DIRECTION ( 'NONE',  ( 0.4273849607902093228, -7.028421990745689274E-16, 0.9040697402802237992 ) ) ;
#942 = VECTOR ( 'NONE', #7614, 39.37007874015748143 ) ;
#943 = ORIENTED_EDGE ( 'NONE', *, *, #4491, .T. ) ;
#944 = DIRECTION ( 'NONE',  ( 0.9945218953682690710, 0.1045284632676950765, 8.189380864547705479E-12 ) ) ;
#945 = ORIENTED_EDGE ( 'NONE', *, *, #2478, .T. ) ;
#946 =( NAMED_UNIT ( * ) PLANE_ANGLE_UNIT ( ) SI_UNIT ( $, .RADIAN. ) );
#947 = LINE ( 'NONE', #291, #8081 ) ;
#948 = SURFACE_SIDE_STYLE ('',( #7265 ) ) ;
#949 = DIRECTION ( 'NONE',  ( -1.000000000000000000, 1.644517855226007801E-15, -1.748601263784622143E-15 ) ) ;
#950 = CARTESIAN_POINT ( 'NONE',  ( 0.2019811918225122294, -0.01983667431789455649, -0.1458134337085990051 ) ) ;
#951 = STYLED_ITEM ( 'NONE', ( #3203 ), #8133 ) ;
#952 = PRESENTATION_STYLE_ASSIGNMENT (( #181 ) ) ;
#953 =( LENGTH_UNIT ( ) NAMED_UNIT ( * ) SI_UNIT ( $, .METRE. ) );
#954 = CIRCLE ( 'NONE', #2028, 0.01771653543307088671 ) ;
#955 = DIMENSIONAL_EXPONENTS ( 1.000000000000000000, 0.0000000000000000000, 0.0000000000000000000, 0.0000000000000000000, 0.0000000000000000000, 0.0000000000000000000, 0.0000000000000000000 ) ;
#956 = DIRECTION ( 'NONE',  ( -1.000000000000000000, 1.644517855226007801E-15, -1.748601263784621354E-15 ) ) ;
#957 = ORIENTED_EDGE ( 'NONE', *, *, #6328, .T. ) ;
#958 = CARTESIAN_POINT ( 'NONE',  ( 0.1585494827869405321, -0.03570132752772788021, -0.06742126009192302150 ) ) ;
#959 = PRESENTATION_LAYER_ASSIGNMENT (  '', '', ( #8104 ) ) ;
#960 = VECTOR ( 'NONE', #6562, 39.37007874015748143 ) ;
#961 = DIRECTION ( 'NONE',  ( -1.000000000000000000, 1.644517855226007801E-15, -8.234490263801784106E-12 ) ) ;
#962 = CARTESIAN_POINT ( 'NONE',  ( 0.2148518768365315912, 0.03516481420455550011, -0.1878937010368047777 ) ) ;
#963 = CARTESIAN_POINT ( 'NONE',  ( 0.4554196763394125491, 0.03516481420455510459, -0.1778562600918830727 ) ) ;
#964 = LINE ( 'NONE', #4904, #5331 ) ;
#965 = ORIENTED_EDGE ( 'NONE', *, *, #5513, .F. ) ;
#966 = AXIS2_PLACEMENT_3D ( 'NONE', #553, #3100, #280 ) ;
#967 = CARTESIAN_POINT ( 'NONE',  ( 0.2070209957706377335, 0.02811385722240985000, -0.02726377977696231580 ) ) ;
#968 = CYLINDRICAL_SURFACE ( 'NONE', #3061, 0.007874015748031495954 ) ;
#969 = ORIENTED_EDGE ( 'NONE', *, *, #2916, .F. ) ;
#970 = VECTOR ( 'NONE', #3051, 39.37007874015748854 ) ;
#971 = DIRECTION ( 'NONE',  ( -1.644517855226007801E-15, -1.000000000000000000, -6.123233995736764803E-17 ) ) ;
#972 = ORIENTED_EDGE ( 'NONE', *, *, #3294, .F. ) ;
#973 = VECTOR ( 'NONE', #2724, 39.37007874015748854 ) ;
#974 = CARTESIAN_POINT ( 'NONE',  ( 0.5171213436152473086, -0.02373449098435620117, -0.1477362207211879164 ) ) ;
#975 = PRODUCT_DEFINITION ( 'UNKNOWN', '', #7579, #3998 ) ;
#976 = AXIS2_PLACEMENT_3D ( 'NONE', #7512, #8158, #3737 ) ;
#977 = VERTEX_POINT ( 'NONE', #7655 ) ;
#978 =( NAMED_UNIT ( * ) PLANE_ANGLE_UNIT ( ) SI_UNIT ( $, .RADIAN. ) );
#979 = ORIENTED_EDGE ( 'NONE', *, *, #4586, .T. ) ;
#980 = DIRECTION ( 'NONE',  ( -0.9945218953682690710, -0.1045284632676948683, -8.189822277139379500E-12 ) ) ;
#981 = EDGE_LOOP ( 'NONE', ( #6302, #5780, #7345, #6289 ) ) ;
#982 = FILL_AREA_STYLE ('',( #4639 ) ) ;
#983 = CARTESIAN_POINT ( 'NONE',  ( 0.3140612938105262764, 0.1021333181416026054, -0.08218503961889105092 ) ) ;
#984 = CARTESIAN_POINT ( 'NONE',  ( 0.4615064727374041942, 0.04500733388959447800, -0.03391963584585947628 ) ) ;
#985 = EDGE_CURVE ( 'NONE', #43, #7386, #1580, .T. ) ;
#986 = UNCERTAINTY_MEASURE_WITH_UNIT (LENGTH_MEASURE( 1.000000000000000082E-05 ), #7918, 'distance_accuracy_value', 'NONE');
#987 = ADVANCED_FACE ( 'NONE', ( #765 ), #7205, .T. ) ;
#988 = STYLED_ITEM ( 'NONE', ( #6470 ), #5264 ) ;
#989 = CARTESIAN_POINT ( 'NONE',  ( 0.5166854000888968512, -0.02333479306674192746, -0.1674178861655674366 ) ) ;
#990 = ORIENTED_EDGE ( 'NONE', *, *, #3027, .T. ) ;
#991 =( NAMED_UNIT ( * ) SI_UNIT ( $, .STERADIAN. ) SOLID_ANGLE_UNIT ( ) );
#992 = ORIENTED_EDGE ( 'NONE', *, *, #272, .T. ) ;
#993 = DIRECTION ( 'NONE',  ( -1.000000000000000000, 1.644517855226007801E-15, -1.495024203844846333E-13 ) ) ;
#994 = CARTESIAN_POINT ( 'NONE',  ( 0.1585494827869405321, -0.02585880784268849639, -0.04773622072184426079 ) ) ;
#995 = DIRECTION ( 'NONE',  ( -1.748601263784621748E-15, -1.482966057179117483E-32, 1.000000000000000000 ) ) ;
#996 = EDGE_CURVE ( 'NONE', #6705, #840, #3434, .T. ) ;
#997 = CARTESIAN_POINT ( 'NONE',  ( 0.2372226159726408268, 0.03516481420467357233, -0.1272637797769622658 ) ) ;
#998 = DIRECTION ( 'NONE',  ( -8.234490263801784106E-12, 1.353889066150678860E-26, 1.000000000000000000 ) ) ;
#999 = ORIENTED_EDGE ( 'NONE', *, *, #1810, .F. ) ;
#1000 = PLANE ( 'NONE',  #5777 ) ;
#1001 = COLOUR_RGB ( '',0.7607843137254901578, 0.7607843137254901578, 0.0000000000000000000 ) ;
#1002 = LINE ( 'NONE', #7961, #8098 ) ;
#1003 = LINE ( 'NONE', #1041, #3985 ) ;
#1004 = PLANE ( 'NONE',  #3815 ) ;
#1005 = CARTESIAN_POINT ( 'NONE',  ( 0.2018299626881680797, -0.02127552341817057560, -0.06809062815029152949 ) ) ;
#1006 = ORIENTED_EDGE ( 'NONE', *, *, #1635, .T. ) ;
#1007 = LINE ( 'NONE', #3552, #3671 ) ;
#1008 = DIRECTION ( 'NONE',  ( -0.9945218953682685159, 0.1045284632676983655, -1.739022243102431967E-15 ) ) ;
#1009 = EDGE_LOOP ( 'NONE', ( #5808, #813, #5225, #1632, #6067, #4542, #7560, #5148 ) ) ;
#1010 = CARTESIAN_POINT ( 'NONE',  ( 0.4696401291285066115, 0.03516481420455509765, -0.08001968528857600349 ) ) ;
#1011 = DIMENSIONAL_EXPONENTS ( 1.000000000000000000, 0.0000000000000000000, 0.0000000000000000000, 0.0000000000000000000, 0.0000000000000000000, 0.0000000000000000000, 0.0000000000000000000 ) ;
#1012 = ORIENTED_EDGE ( 'NONE', *, *, #2620, .T. ) ;
#1013 = CARTESIAN_POINT ( 'NONE',  ( 0.5146701546109772041, -0.01880785086054940006, -0.1458134337079936838 ) ) ;
#1014 = PRESENTATION_LAYER_ASSIGNMENT (  '', '', ( #352 ) ) ;
#1015 = ORIENTED_EDGE ( 'NONE', *, *, #881, .T. ) ;
#1016 = DIRECTION ( 'NONE',  ( -1.000000000000000000, 1.644517855226007801E-15, 1.748601263784621354E-15 ) ) ;
#1017 = CARTESIAN_POINT ( 'NONE',  ( 0.5483132623140308803, -0.02585880784268912436, -0.02726377977604912614 ) ) ;
#1018 = ORIENTED_EDGE ( 'NONE', *, *, #4380, .T. ) ;
#1019 = CARTESIAN_POINT ( 'NONE',  ( 0.5134983943101651960, -0.007659296307098530966, -0.1272637797763358503 ) ) ;
#1020 = PRESENTATION_STYLE_ASSIGNMENT (( #6714 ) ) ;
#1021 = FILL_AREA_STYLE ('',( #4916 ) ) ;
#1022 = VECTOR ( 'NONE', #3779, 39.37007874015748143 ) ;
#1023 = FACE_OUTER_BOUND ( 'NONE', #4473, .T. ) ;
#1024 = EDGE_CURVE ( 'NONE', #5533, #7386, #848, .T. ) ;
#1025 = CARTESIAN_POINT ( 'NONE',  ( 0.2006796306912806138, -0.02488414520016166837, -0.1477362207218441692 ) ) ;
#1026 = ADVANCED_FACE ( 'NONE', ( #3390 ), #7733, .T. ) ;
#1027 = ORIENTED_EDGE ( 'NONE', *, *, #2919, .T. ) ;
#1028 = CARTESIAN_POINT ( 'NONE',  ( 0.4536010832257904024, 0.04500733388959447800, -0.1370142308545209409 ) ) ;
#1029 = EDGE_LOOP ( 'NONE', ( #2737, #5694, #2781, #3269 ) ) ;
#1030 =( CONVERSION_BASED_UNIT ( 'INCH', #6761 ) LENGTH_UNIT ( ) NAMED_UNIT ( #5949 ) );
#1031 = DIRECTION ( 'NONE',  ( -1.555145074134650487E-15, -0.9987523388778386524, -0.04993761694401192830 ) ) ;
#1032 = ADVANCED_FACE ( 'NONE', ( #4626 ), #7127, .T. ) ;
#1033 = LINE ( 'NONE', #7473, #6814 ) ;
#1034 = CARTESIAN_POINT ( 'NONE',  ( 0.2924077505034283209, 0.1060309559368545762, -0.1327755907997967555 ) ) ;
#1035 =( NAMED_UNIT ( * ) PLANE_ANGLE_UNIT ( ) SI_UNIT ( $, .RADIAN. ) );
#1036 = CIRCLE ( 'NONE', #4748, 0.007874015748031490750 ) ;
#1037 = DIRECTION ( 'NONE',  ( 1.000000000000000000, -1.644517855226007801E-15, 1.748601263784622143E-15 ) ) ;
#1038 = ADVANCED_FACE ( 'NONE', ( #7850 ), #1396, .T. ) ;
#1039 = ORIENTED_EDGE ( 'NONE', *, *, #996, .F. ) ;
#1040 = LINE ( 'NONE', #3582, #606 ) ;
#1041 = CARTESIAN_POINT ( 'NONE',  ( 0.2313841284533489917, 0.03516481421632714627, 0.004564360868313389885 ) ) ;
#1042 = CARTESIAN_POINT ( 'NONE',  ( 0.2070209957706378445, 0.02811385722240985000, -0.08789370103680482771 ) ) ;
#1043 = EDGE_CURVE ( 'NONE', #2229, #7898, #1553, .T. ) ;
#1044 = LINE ( 'NONE', #4940, #7207 ) ;
#1045 = DIRECTION ( 'NONE',  ( 8.476642998634263651E-12, 1.000000000000000000, -2.115996267093998406E-11 ) ) ;
#1046 = ORIENTED_EDGE ( 'NONE', *, *, #2918, .T. ) ;
#1047 = MECHANICAL_DESIGN_GEOMETRIC_PRESENTATION_REPRESENTATION (  '', ( #3445 ), #5017 ) ;
#1048 = CARTESIAN_POINT ( 'NONE',  ( 0.2514430687598452341, 0.03516481420455545848, -0.08376177190259220806 ) ) ;
#1049 = STYLED_ITEM ( 'NONE', ( #3683 ), #824 ) ;
#1050 = CARTESIAN_POINT ( 'NONE',  ( 0.4991006638888346725, 0.04500733388959440168, -0.1272637797764543666 ) ) ;
#1051 = ORIENTED_EDGE ( 'NONE', *, *, #2018, .T. ) ;
#1052 = DIRECTION ( 'NONE',  ( -4.243133622236437059E-11, 0.0000000000000000000, -1.000000000000000000 ) ) ;
#1053 = DIRECTION ( 'NONE',  ( 0.0000000000000000000, 0.0000000000000000000, 1.000000000000000000 ) ) ;
#1054 = DIRECTION ( 'NONE',  ( 8.234490263801784106E-12, -1.353889066150678860E-26, -1.000000000000000000 ) ) ;
#1055 = VECTOR ( 'NONE', #3926, 39.37007874015748143 ) ;
#1056 =( NAMED_UNIT ( * ) SI_UNIT ( $, .STERADIAN. ) SOLID_ANGLE_UNIT ( ) );
#1057 = EDGE_LOOP ( 'NONE', ( #2342, #5997, #1254, #4826, #82, #5735 ) ) ;
#1058 = PRESENTATION_STYLE_ASSIGNMENT (( #1143 ) ) ;
#1059 = FILL_AREA_STYLE ('',( #4189 ) ) ;
#1060 = CARTESIAN_POINT ( 'NONE',  ( 0.1843617094242554766, -0.03570132752772790796, -0.06742126009192295211 ) ) ;
#1061 = DIRECTION ( 'NONE',  ( -1.000000000000000000, 1.644517855226007801E-15, -8.234490263801784106E-12 ) ) ;
#1062 = UNCERTAINTY_MEASURE_WITH_UNIT (LENGTH_MEASURE( 1.000000000000000082E-05 ), #34, 'distance_accuracy_value', 'NONE');
#1063 = DIMENSIONAL_EXPONENTS ( 1.000000000000000000, 0.0000000000000000000, 0.0000000000000000000, 0.0000000000000000000, 0.0000000000000000000, 0.0000000000000000000, 0.0000000000000000000 ) ;
#1064 = AXIS2_PLACEMENT_3D ( 'NONE', #8126, #7483, #5065 ) ;
#1065 = ORIENTED_EDGE ( 'NONE', *, *, #1505, .T. ) ;
#1066 = CARTESIAN_POINT ( 'NONE',  ( 0.3142156862761680824, 0.1020939480628585000, 0.01210629896319532876 ) ) ;
#1067 = EDGE_LOOP ( 'NONE', ( #161, #7423, #7986, #5026 ) ) ;
#1068 = CARTESIAN_POINT ( 'NONE',  ( 0.4578091021359867452, 0.003668751212429131620, -0.2095942470915554690 ) ) ;
#1069 = VECTOR ( 'NONE', #926, 39.37007874015748143 ) ;
#1070 = DIRECTION ( 'NONE',  ( 1.000000000000000000, -1.644517855226007801E-15, 1.748601263784622143E-15 ) ) ;
#1071 = PRESENTATION_STYLE_ASSIGNMENT (( #2871 ) ) ;
#1072 = DIRECTION ( 'NONE',  ( -1.748601263784622143E-15, 0.0000000000000000000, 1.000000000000000000 ) ) ;
#1073 = FILL_AREA_STYLE_COLOUR ( '', #2785 ) ;
#1074 = EDGE_CURVE ( 'NONE', #3319, #3464, #5968, .T. ) ;
#1075 = AXIS2_PLACEMENT_3D ( 'NONE', #5624, #4989, #511 ) ;
#1076 = ADVANCED_FACE ( 'NONE', ( #3472 ), #6466, .T. ) ;
#1077 = AXIS2_PLACEMENT_3D ( 'NONE', #108, #24, #6333 ) ;
#1078 = EDGE_CURVE ( 'NONE', #2973, #8015, #197, .T. ) ;
#1079 = VERTEX_POINT ( 'NONE', #5380 ) ;
#1080 = AXIS2_PLACEMENT_3D ( 'NONE', #4684, #4724, #5851 ) ;
#1081 =( NAMED_UNIT ( * ) PLANE_ANGLE_UNIT ( ) SI_UNIT ( $, .RADIAN. ) );
#1082 = CARTESIAN_POINT ( 'NONE',  ( 0.4144549945979165151, 0.1060309559368543680, -0.1327755907997965612 ) ) ;
#1083 = LINE ( 'NONE', #6777, #6332 ) ;
#1084 = CARTESIAN_POINT ( 'NONE',  ( 0.4754786166447402262, 0.03516481420455506990, -0.1272637797766489332 ) ) ;
#1085 = CARTESIAN_POINT ( 'NONE',  ( 0.3926470588251995686, 0.1217789874329370942, -0.007578740406095759059 ) ) ;
#1086 = ORIENTED_EDGE ( 'NONE', *, *, #3633, .F. ) ;
#1087 =( GEOMETRIC_REPRESENTATION_CONTEXT ( 3 ) GLOBAL_UNCERTAINTY_ASSIGNED_CONTEXT ( ( #2906 ) ) GLOBAL_UNIT_ASSIGNED_CONTEXT ( ( #4984, #3870, #5577 ) ) REPRESENTATION_CONTEXT ( 'NONE', 'WORKASPACE' ) );
#1088 = CYLINDRICAL_SURFACE ( 'NONE', #4506, 0.005905511811023620231 ) ;
#1089 = EDGE_CURVE ( 'NONE', #6037, #634, #472, .T. ) ;
#1090 = EDGE_CURVE ( 'NONE', #6007, #5773, #7928, .T. ) ;
#1091 = COLOUR_RGB ( '',0.7607843137254901578, 0.7607843137254901578, 0.0000000000000000000 ) ;
#1092 = CARTESIAN_POINT ( 'NONE',  ( 0.2490536793154355388, 0.001406169371563333135, -0.2171361863258070013 ) ) ;
#1093 = AXIS2_PLACEMENT_3D ( 'NONE', #1870, #6885, #6927 ) ;
#1094 = DIRECTION ( 'NONE',  ( -1.000000000000000000, 1.644517855226007801E-15, -4.329683484489847320E-13 ) ) ;
#1095 = ORIENTED_EDGE ( 'NONE', *, *, #7924, .T. ) ;
#1096 = DIRECTION ( 'NONE',  ( 1.644517855226008195E-15, 1.000000000000000000, 2.890435660536364269E-30 ) ) ;
#1097 = SURFACE_STYLE_USAGE ( .BOTH. , #2149 ) ;
#1098 = FACE_OUTER_BOUND ( 'NONE', #3149, .T. ) ;
#1099 = STYLED_ITEM ( 'NONE', ( #5635 ), #3186 ) ;
#1100 = ADVANCED_FACE ( 'NONE', ( #1762 ), #968, .T. ) ;
#1101 = VECTOR ( 'NONE', #228, 39.37007874015748143 ) ;
#1102 = MECHANICAL_DESIGN_GEOMETRIC_PRESENTATION_REPRESENTATION (  '', ( #5749 ), #4919 ) ;
#1103 = DIRECTION ( 'NONE',  ( -1.582776894139425349E-15, -1.000000000000000000, -2.505182696621675477E-30 ) ) ;
#1104 = FILL_AREA_STYLE ('',( #7412 ) ) ;
#1105 = VERTEX_POINT ( 'NONE', #4178 ) ;
#1106 = FILL_AREA_STYLE ('',( #4227 ) ) ;
#1107 = CARTESIAN_POINT ( 'NONE',  ( 0.2148518768365310638, 0.02729079845652401456, -0.02726377977696224642 ) ) ;
#1108 = DIRECTION ( 'NONE',  ( -1.000000000000000000, 1.644517855226007801E-15, -1.778650910268784726E-12 ) ) ;
#1109 = CARTESIAN_POINT ( 'NONE',  ( 0.2924077505034283764, 0.1060309559368545762, -0.1823818900125920572 ) ) ;
#1110 = VECTOR ( 'NONE', #4927, 39.37007874015748143 ) ;
#1111 = ORIENTED_EDGE ( 'NONE', *, *, #5409, .F. ) ;
#1112 = CARTESIAN_POINT ( 'NONE',  ( 0.2372226159726011085, 0.04500733388959485270, -0.03513779552499369380 ) ) ;
#1113 = AXIS2_PLACEMENT_3D ( 'NONE', #5554, #3194, #2534 ) ;
#1114 = EDGE_LOOP ( 'NONE', ( #3058, #4859, #3669, #3102 ) ) ;
#1115 = DIRECTION ( 'NONE',  ( 1.644517855226007801E-15, 1.000000000000000000, 2.875605999964572744E-30 ) ) ;
#1116 = DIRECTION ( 'NONE',  ( 1.387778780775897814E-15, 0.0000000000000000000, 1.000000000000000000 ) ) ;
#1117 = LINE ( 'NONE', #3659, #4806 ) ;
#1118 = DIRECTION ( 'NONE',  ( -1.644517855226007801E-15, -1.000000000000000000, -2.890435660536363919E-30 ) ) ;
#1119 = CARTESIAN_POINT ( 'NONE',  ( 0.4696401291281132040, 0.04500733388959445025, -0.1272637797769618495 ) ) ;
#1120 = ORIENTED_EDGE ( 'NONE', *, *, #2257, .T. ) ;
#1121 = DIRECTION ( 'NONE',  ( 0.5735764363508984998, 0.8191520442890949383, 1.002956481480260880E-15 ) ) ;
#1122 =( NAMED_UNIT ( * ) SI_UNIT ( $, .STERADIAN. ) SOLID_ANGLE_UNIT ( ) );
#1123 =( CONVERSION_BASED_UNIT ( 'INCH', #1836 ) LENGTH_UNIT ( ) NAMED_UNIT ( #4460 ) );
#1124 = FILL_AREA_STYLE_COLOUR ( '', #6993 ) ;
#1125 = VECTOR ( 'NONE', #7997, 39.37007874015748143 ) ;
#1126 = LINE ( 'NONE', #2252, #5884 ) ;
#1127 = LINE ( 'NONE', #3668, #549 ) ;
#1128 = ORIENTED_EDGE ( 'NONE', *, *, #1708, .F. ) ;
#1129 =( LENGTH_UNIT ( ) NAMED_UNIT ( * ) SI_UNIT ( $, .METRE. ) );
#1130 = EDGE_CURVE ( 'NONE', #5911, #570, #4300, .T. ) ;
#1131 = ADVANCED_FACE ( 'NONE', ( #6036 ), #4217, .F. ) ;
#1132 = DIRECTION ( 'NONE',  ( 0.5735764363501911767, -0.8191520442895903198, 1.002956481479023946E-15 ) ) ;
#1133 = VERTEX_POINT ( 'NONE', #2353 ) ;
#1134 = CARTESIAN_POINT ( 'NONE',  ( 0.5061831144098573043, -0.02488414520015543724, -0.1477362207212779832 ) ) ;
#1135 = ORIENTED_EDGE ( 'NONE', *, *, #6120, .F. ) ;
#1136 = EDGE_CURVE ( 'NONE', #22, #6721, #5420, .T. ) ;
#1137 = CARTESIAN_POINT ( 'NONE',  ( 0.2813808601379166330, 0.1217789874329412020, -0.1831692915873953942 ) ) ;
#1138 = PRESENTATION_LAYER_ASSIGNMENT (  '', '', ( #732 ) ) ;
#1139 = LINE ( 'NONE', #1771, #5341 ) ;
#1140 = EDGE_CURVE ( 'NONE', #611, #6344, #2309, .T. ) ;
#1141 = CARTESIAN_POINT ( 'NONE',  ( 0.5483132623143620599, -0.03570132752772851858, -0.1674212600910097992 ) ) ;
#1142 = ORIENTED_EDGE ( 'NONE', *, *, #3038, .T. ) ;
#1143 = SURFACE_STYLE_USAGE ( .BOTH. , #2365 ) ;
#1144 = ORIENTED_EDGE ( 'NONE', *, *, #4234, .T. ) ;
#1145 =( NAMED_UNIT ( * ) SI_UNIT ( $, .STERADIAN. ) SOLID_ANGLE_UNIT ( ) );
#1146 = FILL_AREA_STYLE_COLOUR ( '', #5232 ) ;
#1147 = CARTESIAN_POINT ( 'NONE',  ( 0.4920108682644409037, 0.03516481420455504908, -0.1272637797765127365 ) ) ;
#1148 = UNCERTAINTY_MEASURE_WITH_UNIT (LENGTH_MEASURE( 1.000000000000000082E-05 ), #4694, 'distance_accuracy_value', 'NONE');
#1149 = VECTOR ( 'NONE', #5616, 39.37007874015748143 ) ;
#1150 = ORIENTED_EDGE ( 'NONE', *, *, #3537, .T. ) ;
#1151 = VECTOR ( 'NONE', #213, 39.37007874015748143 ) ;
#1152 = ORIENTED_EDGE ( 'NONE', *, *, #1797, .F. ) ;
#1153 = FACE_OUTER_BOUND ( 'NONE', #1690, .T. ) ;
#1154 = SURFACE_STYLE_USAGE ( .BOTH. , #6971 ) ;
#1155 = DIRECTION ( 'NONE',  ( -1.644517855226008195E-15, -1.000000000000000000, -6.123233995736766036E-17 ) ) ;
#1156 =( NAMED_UNIT ( * ) SI_UNIT ( $, .STERADIAN. ) SOLID_ANGLE_UNIT ( ) );
#1157 = DIRECTION ( 'NONE',  ( 1.644517855226008195E-15, 1.000000000000000000, 2.890435660536364269E-30 ) ) ;
#1158 = EDGE_LOOP ( 'NONE', ( #6635, #3709, #2778, #8192, #6259, #1718, #6598, #4966 ) ) ;
#1159 = DIRECTION ( 'NONE',  ( 1.748601263784621946E-15, 0.0000000000000000000, -1.000000000000000000 ) ) ;
#1160 = LINE ( 'NONE', #1202, #4558 ) ;
#1161 = DIRECTION ( 'NONE',  ( -1.748601263784622143E-15, 0.0000000000000000000, 1.000000000000000000 ) ) ;
#1162 = FILL_AREA_STYLE ('',( #2472 ) ) ;
#1163 = PRESENTATION_STYLE_ASSIGNMENT (( #4213 ) ) ;
#1164 = DIRECTION ( 'NONE',  ( -1.729787034332033796E-15, -0.9987523388778386524, 0.04993761694401192830 ) ) ;
#1165 = EDGE_LOOP ( 'NONE', ( #1404, #7857, #4482, #5082 ) ) ;
#1166 = LINE ( 'NONE', #4458, #6352 ) ;
#1167 = CLOSED_SHELL ( 'NONE', ( #3176, #7525, #1026, #4242, #3422, #7489, #5920, #2479, #5254, #8031, #5051, #4601, #4692, #5249, #7573, #4390, #227, #6820, #742, #7186 ) ) ;
#1168 = FILL_AREA_STYLE_COLOUR ( '', #7653 ) ;
#1169 = VERTEX_POINT ( 'NONE', #5996 ) ;
#1170 = STYLED_ITEM ( 'NONE', ( #2996 ), #227 ) ;
#1171 = ORIENTED_EDGE ( 'NONE', *, *, #7670, .T. ) ;
#1172 = PLANE ( 'NONE',  #966 ) ;
#1173 = ORIENTED_EDGE ( 'NONE', *, *, #2413, .T. ) ;
#1174 = CARTESIAN_POINT ( 'NONE',  ( 0.4696401291287821134, 0.03516481420455509765, -0.03513779552499328440 ) ) ;
#1175 = EDGE_CURVE ( 'NONE', #2617, #6519, #4260, .T. ) ;
#1176 = PRESENTATION_LAYER_ASSIGNMENT (  '', '', ( #3970 ) ) ;
#1177 = ADVANCED_FACE ( 'NONE', ( #7451 ), #7321, .T. ) ;
#1178 = ADVANCED_FACE ( 'NONE', ( #3554 ), #1590, .F. ) ;
#1179 = SURFACE_SIDE_STYLE ('',( #2492 ) ) ;
#1180 =( CONVERSION_BASED_UNIT ( 'INCH', #4343 ) LENGTH_UNIT ( ) NAMED_UNIT ( #1436 ) );
#1181 = CARTESIAN_POINT ( 'NONE',  ( 0.4754786166454754714, 0.03516481420467318375, -0.1878937010364894467 ) ) ;
#1182 = VERTEX_POINT ( 'NONE', #6899 ) ;
#1183 = ORIENTED_EDGE ( 'NONE', *, *, #6175, .T. ) ;
#1184 = PRESENTATION_STYLE_ASSIGNMENT (( #5047 ) ) ;
#1185 = DIRECTION ( 'NONE',  ( -0.2761728443425008894, 0.9205744915801069572, 0.2761723474568014147 ) ) ;
#1186 = ADVANCED_FACE ( 'NONE', ( #7564 ), #3716, .T. ) ;
#1187 = STYLED_ITEM ( 'NONE', ( #2013 ), #1288 ) ;
#1188 = EDGE_CURVE ( 'NONE', #2494, #6944, #7165, .T. ) ;
#1189 = ORIENTED_EDGE ( 'NONE', *, *, #5145, .T. ) ;
#1190 = ORIENTED_EDGE ( 'NONE', *, *, #5706, .T. ) ;
#1191 = CARTESIAN_POINT ( 'NONE',  ( 0.2389260676734684674, 0.03516481420629898741, 0.01210629896319520213 ) ) ;
#1192 = ORIENTED_EDGE ( 'NONE', *, *, #835, .F. ) ;
#1193 = SURFACE_STYLE_USAGE ( .BOTH. , #5011 ) ;
#1194 = SURFACE_STYLE_FILL_AREA ( #6349 ) ;
#1195 = CARTESIAN_POINT ( 'NONE',  ( 0.2372226159726799066, 0.04500733388959485270, -0.08001968528830076532 ) ) ;
#1196 = AXIS2_PLACEMENT_3D ( 'NONE', #1613, #2831, #7303 ) ;
#1197 = ADVANCED_FACE ( 'NONE', ( #5032 ), #4947, .T. ) ;
#1198 = APPLICATION_CONTEXT ( 'automotive_design' ) ;
#1199 = CARTESIAN_POINT ( 'NONE',  ( 0.1916536552706495922, -0.02393547695607437659, -0.1398622049738126871 ) ) ;
#1200 = ORIENTED_EDGE ( 'NONE', *, *, #8124, .F. ) ;
#1201 = DIRECTION ( 'NONE',  ( 6.573244032422477783E-11, -1.000000000000000000, -7.815970093358505746E-14 ) ) ;
#1202 = CARTESIAN_POINT ( 'NONE',  ( 0.2453562723637038867, 0.04500733388959481801, -0.1812378449682614523 ) ) ;
#1203 = LINE ( 'NONE', #7602, #5445 ) ;
#1204 =( NAMED_UNIT ( * ) SI_UNIT ( $, .STERADIAN. ) SOLID_ANGLE_UNIT ( ) );
#1205 = DIRECTION ( 'NONE',  ( 0.09052430461245383753, -0.8612812260087806537, -0.4999999999992434385 ) ) ;
#1206 = FILL_AREA_STYLE_COLOUR ( '', #2558 ) ;
#1207 = VECTOR ( 'NONE', #6273, 39.37007874015748143 ) ;
#1208 = ORIENTED_EDGE ( 'NONE', *, *, #1130, .F. ) ;
#1209 = B_SPLINE_CURVE_WITH_KNOTS ( 'NONE', 3,
 ( #6606, #2827, #285, #5977, #7903, #7783, #4106, #4645, #989, #5233 ),
 .UNSPECIFIED., .F., .F.,
 ( 4, 3, 3, 4 ),
 ( 2.502699362472743278E-17, 5.232092011450763686E-05, 0.0001048841986583177359, 0.0001556114547149463313 ),
 .UNSPECIFIED. ) ;
#1210 = DIRECTION ( 'NONE',  ( -1.582776894139422193E-15, 3.382678050229427613E-31, -1.000000000000000000 ) ) ;
#1211 = PRESENTATION_LAYER_ASSIGNMENT (  '', '', ( #1745 ) ) ;
#1212 = CARTESIAN_POINT ( 'NONE',  ( 0.2490536793154355943, 0.003668751212429472927, -0.2095942470915550804 ) ) ;
#1213 = ORIENTED_EDGE ( 'NONE', *, *, #3879, .F. ) ;
#1214 = AXIS2_PLACEMENT_3D ( 'NONE', #5860, #178, #788 ) ;
#1215 = CARTESIAN_POINT ( 'NONE',  ( 0.5146701546111711600, -0.01880785086055407340, -0.06934404710450368936 ) ) ;
#1216 = ORIENTED_EDGE ( 'NONE', *, *, #39, .F. ) ;
#1217 = LINE ( 'NONE', #6901, #4288 ) ;
#1218 = CARTESIAN_POINT ( 'NONE',  ( 0.4696401291264987732, 0.03516481420455509765, -0.08789370103656818367 ) ) ;
#1219 = ORIENTED_EDGE ( 'NONE', *, *, #3999, .T. ) ;
#1220 = FILL_AREA_STYLE_COLOUR ( '', #2064 ) ;
#1221 = AXIS2_PLACEMENT_3D ( 'NONE', #2581, #7629, #7007 ) ;
#1222 = AXIS2_PLACEMENT_3D ( 'NONE', #3697, #4359, #2424 ) ;
#1223 = CARTESIAN_POINT ( 'NONE',  ( 0.4615064727377191645, 0.03516481420455510459, -0.08123784496912722641 ) ) ;
#1224 = CARTESIAN_POINT ( 'NONE',  ( 0.2685386460637520512, 0.04008607404707510008, -0.1878937010368047222 ) ) ;
#1225 = VERTEX_POINT ( 'NONE', #5744 ) ;
#1226 = AXIS2_PLACEMENT_3D ( 'NONE', #206, #5894, #6520 ) ;
#1227 =( NAMED_UNIT ( * ) PLANE_ANGLE_UNIT ( ) SI_UNIT ( $, .RADIAN. ) );
#1228 = CARTESIAN_POINT ( 'NONE',  ( 0.4561674782013412366, 0.04500733388959448494, -0.07785626009215870780 ) ) ;
#1229 = UNCERTAINTY_MEASURE_WITH_UNIT (LENGTH_MEASURE( 1.000000000000000082E-05 ), #3996, 'distance_accuracy_value', 'NONE');
#1230 = PRESENTATION_LAYER_ASSIGNMENT (  '', '', ( #1894 ) ) ;
#1231 = ORIENTED_EDGE ( 'NONE', *, *, #8021, .F. ) ;
#1232 = ORIENTED_EDGE ( 'NONE', *, *, #3774, .T. ) ;
#1233 = LINE ( 'NONE', #644, #7511 ) ;
#1234 = EDGE_CURVE ( 'NONE', #4830, #5699, #3757, .T. ) ;
#1235 = ORIENTED_EDGE ( 'NONE', *, *, #323, .F. ) ;
#1236 = FACE_OUTER_BOUND ( 'NONE', #64, .T. ) ;
#1237 = CARTESIAN_POINT ( 'NONE',  ( 0.1921925904901452264, -0.01880785086056255620, -0.04581343370861582637 ) ) ;
#1238 = COLOUR_RGB ( '',0.7607843137254901578, 0.7607843137254901578, 0.0000000000000000000 ) ;
#1239 = DIRECTION ( 'NONE',  ( 0.9040697402015722695, -1.084202172486048354E-15, -0.4273849609565851249 ) ) ;
#1240 = FACE_OUTER_BOUND ( 'NONE', #7128, .T. ) ;
#1241 = ADVANCED_FACE ( 'NONE', ( #4373 ), #6946, .T. ) ;
#1242 = MECHANICAL_DESIGN_GEOMETRIC_PRESENTATION_REPRESENTATION (  '', ( #2188 ), #7617 ) ;
#1243 = ORIENTED_EDGE ( 'NONE', *, *, #5966, .T. ) ;
#1244 = DIRECTION ( 'NONE',  ( -2.073140270563762466E-12, 1.000000000000000000, -6.707523425575003250E-12 ) ) ;
#1245 = EDGE_CURVE ( 'NONE', #4755, #4739, #6502, .T. ) ;
#1246 = DIRECTION ( 'NONE',  ( 1.000000000000000000, 0.0000000000000000000, 0.0000000000000000000 ) ) ;
#1247 = ORIENTED_EDGE ( 'NONE', *, *, #4737, .T. ) ;
#1248 = CARTESIAN_POINT ( 'NONE',  ( 0.4696401291285070001, 0.03516481420455507684, -0.1800196852885760368 ) ) ;
#1249 = MECHANICAL_DESIGN_GEOMETRIC_PRESENTATION_REPRESENTATION (  '', ( #7220 ), #4829 ) ;
#1250 = LINE ( 'NONE', #2556, #5053 ) ;
#1251 = ORIENTED_EDGE ( 'NONE', *, *, #7335, .F. ) ;
#1252 = DIRECTION ( 'NONE',  ( 1.000000000000000000, 2.710505431213753985E-15, 8.233431297854898054E-12 ) ) ;
#1253 = FILL_AREA_STYLE_COLOUR ( '', #5173 ) ;
#1254 = ORIENTED_EDGE ( 'NONE', *, *, #5301, .T. ) ;
#1255 = LINE ( 'NONE', #5827, #2571 ) ;
#1256 = DIRECTION ( 'NONE',  ( 8.679147678325226582E-12, 1.000000000000000000, 1.517638342855342944E-26 ) ) ;
#1257 = EDGE_LOOP ( 'NONE', ( #7175, #2547, #4002, #4535 ) ) ;
#1258 =( CONVERSION_BASED_UNIT ( 'INCH', #6951 ) LENGTH_UNIT ( ) NAMED_UNIT ( #2824 ) );
#1259 = MANIFOLD_SOLID_BREP ( '<SMT terminal>-<Imported1>', #2644 ) ;
#1260 = AXIS2_PLACEMENT_3D ( 'NONE', #1050, #4176, #384 ) ;
#1261 = DIRECTION ( 'NONE',  ( 1.777675229241740150E-13, -1.000000000000000000, 3.108296855845006447E-28 ) ) ;
#1262 = LINE ( 'NONE', #3228, #8110 ) ;
#1263 = CARTESIAN_POINT ( 'NONE',  ( 0.2006796306912835559, -0.02488414520015491682, -0.1674212600919229299 ) ) ;
#1264 = ORIENTED_EDGE ( 'NONE', *, *, #7532, .T. ) ;
#1265 = SURFACE_STYLE_USAGE ( .BOTH. , #2649 ) ;
#1266 =( GEOMETRIC_REPRESENTATION_CONTEXT ( 3 ) GLOBAL_UNCERTAINTY_ASSIGNED_CONTEXT ( ( #3814 ) ) GLOBAL_UNIT_ASSIGNED_CONTEXT ( ( #1748, #7481, #415 ) ) REPRESENTATION_CONTEXT ( 'NONE', 'WORKASPACE' ) );
#1267 = DIRECTION ( 'NONE',  ( 1.748601263784622143E-15, 0.0000000000000000000, -1.000000000000000000 ) ) ;
#1268 = DIMENSIONAL_EXPONENTS ( 1.000000000000000000, 0.0000000000000000000, 0.0000000000000000000, 0.0000000000000000000, 0.0000000000000000000, 0.0000000000000000000, 0.0000000000000000000 ) ;
#1269 = PLANE ( 'NONE',  #2995 ) ;
#1270 = CYLINDRICAL_SURFACE ( 'NONE', #6867, 0.007874015748031495954 ) ;
#1271 = VECTOR ( 'NONE', #3655, 39.37007874015748854 ) ;
#1272 = ORIENTED_EDGE ( 'NONE', *, *, #3537, .F. ) ;
#1273 = VERTEX_POINT ( 'NONE', #7076 ) ;
#1274 = CARTESIAN_POINT ( 'NONE',  ( 0.5054204884983559687, -0.02496430041343709189, -0.1752952758393945265 ) ) ;
#1275 = ORIENTED_EDGE ( 'NONE', *, *, #5396, .T. ) ;
#1276 = FACE_OUTER_BOUND ( 'NONE', #6607, .T. ) ;
#1277 = DIRECTION ( 'NONE',  ( 1.748601263784621748E-15, 0.0000000000000000000, -1.000000000000000000 ) ) ;
#1278 = CARTESIAN_POINT ( 'NONE',  ( 0.2506952668935066297, 0.04500733388959482495, -0.07785626009152914195 ) ) ;
#1279 = DIRECTION ( 'NONE',  ( 0.9945218953682689600, 0.1045284632676950626, 8.189380864547705479E-12 ) ) ;
#1280 = EDGE_CURVE ( 'NONE', #8177, #6200, #879, .T. ) ;
#1281 = ADVANCED_FACE ( 'NONE', ( #5250 ), #3348, .T. ) ;
#1282 = PRESENTATION_LAYER_ASSIGNMENT (  '', '', ( #2097 ) ) ;
#1283 = LINE ( 'NONE', #5061, #6130 ) ;
#1284 = EDGE_LOOP ( 'NONE', ( #6167, #296, #1189 ) ) ;
#1285 = EDGE_CURVE ( 'NONE', #5462, #3216, #5580, .T. ) ;
#1286 = PLANE ( 'NONE',  #5921 ) ;
#1287 = FACE_OUTER_BOUND ( 'NONE', #567, .T. ) ;
#1288 = MANIFOLD_SOLID_BREP ( 'Imported6', #637 ) ;
#1289 = PLANE ( 'NONE',  #2224 ) ;
#1290 = SURFACE_STYLE_USAGE ( .BOTH. , #4496 ) ;
#1291 = CARTESIAN_POINT ( 'NONE',  ( 0.4653510425003174467, 0.001406173138374004891, -0.2095942471104531024 ) ) ;
#1292 = PRESENTATION_STYLE_ASSIGNMENT (( #3749 ) ) ;
#1293 = VERTEX_POINT ( 'NONE', #1668 ) ;
#1294 = DIRECTION ( 'NONE',  ( 0.1045284632676983655, 0.9945218953682685159, 1.827786029713617844E-16 ) ) ;
#1295 = EDGE_CURVE ( 'NONE', #6003, #4669, #1339, .T. ) ;
#1296 = LINE ( 'NONE', #5740, #1607 ) ;
#1297 = ORIENTED_EDGE ( 'NONE', *, *, #3387, .T. ) ;
#1298 = EDGE_CURVE ( 'NONE', #3133, #2500, #4118, .T. ) ;
#1299 = DIRECTION ( 'NONE',  ( 1.000000000000000000, -1.644517855226007801E-15, 1.748601263784622143E-15 ) ) ;
#1300 = SURFACE_STYLE_USAGE ( .BOTH. , #3097 ) ;
#1301 = FILL_AREA_STYLE ('',( #1253 ) ) ;
#1302 = ORIENTED_EDGE ( 'NONE', *, *, #3544, .F. ) ;
#1303 = CARTESIAN_POINT ( 'NONE',  ( 0.2014422566030113770, -0.02496430041343658535, -0.07529527583995439255 ) ) ;
#1304 = ORIENTED_EDGE ( 'NONE', *, *, #3231, .T. ) ;
#1305 = AXIS2_PLACEMENT_3D ( 'NONE', #8189, #2535, #8067 ) ;
#1306 = FILL_AREA_STYLE_COLOUR ( '', #4842 ) ;
#1307 = CARTESIAN_POINT ( 'NONE',  ( 0.2077620812121374894, 0.04500733388959489434, -0.08789370103680482771 ) ) ;
#1308 = DIRECTION ( 'NONE',  ( 1.000000000000000000, -1.644517855226007998E-15, 1.748601263784621946E-15 ) ) ;
#1309 = ORIENTED_EDGE ( 'NONE', *, *, #2527, .T. ) ;
#1310 = FILL_AREA_STYLE_COLOUR ( '', #1918 ) ;
#1311 = FACE_OUTER_BOUND ( 'NONE', #6554, .T. ) ;
#1312 =( GEOMETRIC_REPRESENTATION_CONTEXT ( 3 ) GLOBAL_UNCERTAINTY_ASSIGNED_CONTEXT ( ( #7705 ) ) GLOBAL_UNIT_ASSIGNED_CONTEXT ( ( #7130, #7771, #3278 ) ) REPRESENTATION_CONTEXT ( 'NONE', 'WORKASPACE' ) );
#1313 = ORIENTED_EDGE ( 'NONE', *, *, #4295, .F. ) ;
#1314 = STYLED_ITEM ( 'NONE', ( #5224 ), #793 ) ;
#1315 = ORIENTED_EDGE ( 'NONE', *, *, #4444, .F. ) ;
#1316 = ORIENTED_EDGE ( 'NONE', *, *, #7323, .F. ) ;
#1317 = SURFACE_SIDE_STYLE ('',( #4970 ) ) ;
#1318 = DIRECTION ( 'NONE',  ( -1.000000000000000000, 1.644517855226007801E-15, -1.748601263784621748E-15 ) ) ;
#1319 = CARTESIAN_POINT ( 'NONE',  ( 0.5044156245189410637, 0.04500733388959440862, -0.8792322837135758684 ) ) ;
#1320 = CARTESIAN_POINT ( 'NONE',  ( 0.2506952668935066297, 0.04500733388959482495, -0.07785626009152914195 ) ) ;
#1321 = UNCERTAINTY_MEASURE_WITH_UNIT (LENGTH_MEASURE( 1.000000000000000082E-05 ), #3413, 'distance_accuracy_value', 'NONE');
#1322 = DIMENSIONAL_EXPONENTS ( 1.000000000000000000, 0.0000000000000000000, 0.0000000000000000000, 0.0000000000000000000, 0.0000000000000000000, 0.0000000000000000000, 0.0000000000000000000 ) ;
#1323 =( LENGTH_UNIT ( ) NAMED_UNIT ( * ) SI_UNIT ( $, .METRE. ) );
#1324 = ORIENTED_EDGE ( 'NONE', *, *, #5396, .F. ) ;
#1325 = FILL_AREA_STYLE ('',( #5063 ) ) ;
#1326 = DIRECTION ( 'NONE',  ( 0.05226423162670060241, -0.4972609476841257092, 0.8660254037848750253 ) ) ;
#1327 = AXIS2_PLACEMENT_3D ( 'NONE', #3012, #3545, #6155 ) ;
#1328 = DIRECTION ( 'NONE',  ( -9.825161517791774651E-12, 1.000000000000000000, 2.131628207298828060E-13 ) ) ;
#1329 = DIRECTION ( 'NONE',  ( -1.734723475977064066E-15, 6.123233995737051998E-17, -1.000000000000000000 ) ) ;
#1330 = PRODUCT_CONTEXT ( 'NONE', #7252, 'mechanical' ) ;
#1331 = CARTESIAN_POINT ( 'NONE',  ( 0.5483132623141995232, -0.03570132752772850471, -0.04773622072093100521 ) ) ;
#1332 = SURFACE_STYLE_FILL_AREA ( #3091 ) ;
#1333 = EDGE_LOOP ( 'NONE', ( #3601, #5637, #8087, #3648, #3714, #5767 ) ) ;
#1334 = CARTESIAN_POINT ( 'NONE',  ( 0.3496518449916168891, 0.1198104834959332482, -0.07915354355589923618 ) ) ;
#1335 = AXIS2_PLACEMENT_3D ( 'NONE', #2752, #7187, #5190 ) ;
#1336 = LINE ( 'NONE', #3876, #4914 ) ;
#1337 = EDGE_LOOP ( 'NONE', ( #2810, #251, #1302, #1864, #4287, #1935, #2461, #1609, #5217, #3297, #7929, #6955, #969, #4789 ) ) ;
#1338 = CYLINDRICAL_SURFACE ( 'NONE', #4677, 0.007874015748031495954 ) ;
#1339 = LINE ( 'NONE', #4121, #796 ) ;
#1340 = ORIENTED_EDGE ( 'NONE', *, *, #7666, .F. ) ;
#1341 = CARTESIAN_POINT ( 'NONE',  ( 0.4254818849634283695, 0.1217789874329370248, -0.1319881892249934463 ) ) ;
#1342 = EDGE_CURVE ( 'NONE', #4490, #6897, #301, .T. ) ;
#1343 =( NAMED_UNIT ( * ) SI_UNIT ( $, .STERADIAN. ) SOLID_ANGLE_UNIT ( ) );
#1344 = VERTEX_POINT ( 'NONE', #4081 ) ;
#1345 = PRESENTATION_LAYER_ASSIGNMENT (  '', '', ( #282 ) ) ;
#1346 = ADVANCED_FACE ( 'NONE', ( #1581 ), #2345, .T. ) ;
#1347 = EDGE_CURVE ( 'NONE', #2148, #2621, #1003, .T. ) ;
#1348 = MECHANICAL_DESIGN_GEOMETRIC_PRESENTATION_REPRESENTATION (  '', ( #1745 ), #4137 ) ;
#1349 = FACE_OUTER_BOUND ( 'NONE', #4920, .T. ) ;
#1350 = CARTESIAN_POINT ( 'NONE',  ( 0.4254818849634279254, 0.1217789874329370386, -0.03198818922499343381 ) ) ;
#1351 =( NAMED_UNIT ( * ) SI_UNIT ( $, .STERADIAN. ) SOLID_ANGLE_UNIT ( ) );
#1352 = EDGE_LOOP ( 'NONE', ( #4609, #2391, #6910, #2234 ) ) ;
#1353 = PRESENTATION_STYLE_ASSIGNMENT (( #4513 ) ) ;
#1354 = LENGTH_MEASURE_WITH_UNIT ( LENGTH_MEASURE( 0.02539999999999999897 ), #3657 );
#1355 =( GEOMETRIC_REPRESENTATION_CONTEXT ( 3 ) GLOBAL_UNCERTAINTY_ASSIGNED_CONTEXT ( ( #3174 ) ) GLOBAL_UNIT_ASSIGNED_CONTEXT ( ( #6353, #51, #3251 ) ) REPRESENTATION_CONTEXT ( 'NONE', 'WORKASPACE' ) );
#1356 = DIRECTION ( 'NONE',  ( 1.748601263784622143E-15, 0.0000000000000000000, -1.000000000000000000 ) ) ;
#1357 = CIRCLE ( 'NONE', #2176, 0.007874015748031494219 ) ;
#1358 = DIRECTION ( 'NONE',  ( -1.644517855226007801E-15, -1.000000000000000000, -6.123233995736764803E-17 ) ) ;
#1359 =( GEOMETRIC_REPRESENTATION_CONTEXT ( 3 ) GLOBAL_UNCERTAINTY_ASSIGNED_CONTEXT ( ( #7942 ) ) GLOBAL_UNIT_ASSIGNED_CONTEXT ( ( #5905, #4653, #100 ) ) REPRESENTATION_CONTEXT ( 'NONE', 'WORKASPACE' ) );
#1360 = VERTEX_POINT ( 'NONE', #5370 ) ;
#1361 = VECTOR ( 'NONE', #2045, 39.37007874015748143 ) ;
#1362 = VECTOR ( 'NONE', #8077, 39.37007874015748143 ) ;
#1363 = EDGE_LOOP ( 'NONE', ( #6687, #6322, #1095, #4385 ) ) ;
#1364 = CARTESIAN_POINT ( 'NONE',  ( 0.2021550464030783534, -0.01818255847634996092, -0.07135826796593867927 ) ) ;
#1365 = VERTEX_POINT ( 'NONE', #6112 ) ;
#1366 = CARTESIAN_POINT ( 'NONE',  ( 0.5037097929778030503, -0.008688119764421362370, -0.1272637797764164524 ) ) ;
#1367 =( LENGTH_UNIT ( ) NAMED_UNIT ( * ) SI_UNIT ( $, .METRE. ) );
#1368 = DIRECTION ( 'NONE',  ( 0.1045284632676983655, 0.9945218953682685159, 1.827786029713617844E-16 ) ) ;
#1369 = VECTOR ( 'NONE', #145, 39.37007874015748143 ) ;
#1370 = CARTESIAN_POINT ( 'NONE',  ( 0.1896956577293318902, -0.02377696569319186909, -0.1674213949568116311 ) ) ;
#1371 = ORIENTED_EDGE ( 'NONE', *, *, #2931, .F. ) ;
#1372 = AXIS2_PLACEMENT_3D ( 'NONE', #1752, #1205, #3210 ) ;
#1373 = PRESENTATION_LAYER_ASSIGNMENT (  '', '', ( #5993 ) ) ;
#1374 = CARTESIAN_POINT ( 'NONE',  ( 0.5134983943106640192, -0.007659296307098515354, -0.08789370103617834273 ) ) ;
#1375 = DIRECTION ( 'NONE',  ( -0.9040697403481670058, 1.445602896646373154E-15, -0.4273849606464854012 ) ) ;
#1376 = LINE ( 'NONE', #3336, #6463 ) ;
#1377 = CARTESIAN_POINT ( 'NONE',  ( 0.3928014512908295508, 0.1198104834959331788, -0.07915354355589927782 ) ) ;
#1378 = CARTESIAN_POINT ( 'NONE',  ( 0.1585494827869409484, -0.03078006768520820044, -0.1575787404068836606 ) ) ;
#1379 = ORIENTED_EDGE ( 'NONE', *, *, #2733, .T. ) ;
#1380 = DIMENSIONAL_EXPONENTS ( 1.000000000000000000, 0.0000000000000000000, 0.0000000000000000000, 0.0000000000000000000, 0.0000000000000000000, 0.0000000000000000000, 0.0000000000000000000 ) ;
#1381 = CARTESIAN_POINT ( 'NONE',  ( 0.2148518768365315357, 0.04500733388959486658, -0.1272637797769622658 ) ) ;
#1382 = ORIENTED_EDGE ( 'NONE', *, *, #2770, .F. ) ;
#1383 = DIRECTION ( 'NONE',  ( 1.748601263784621748E-15, 0.0000000000000000000, -1.000000000000000000 ) ) ;
#1384 = LINE ( 'NONE', #2559, #4682 ) ;
#1385 = DIRECTION ( 'NONE',  ( -1.000000000000000000, 1.644517855226007801E-15, -1.748601263784621748E-15 ) ) ;
#1386 = EDGE_LOOP ( 'NONE', ( #7590, #6264, #3940, #2364 ) ) ;
#1387 = AXIS2_PLACEMENT_3D ( 'NONE', #983, #5521, #6799 ) ;
#1388 = LINE ( 'NONE', #1341, #6004 ) ;
#1389 =( NAMED_UNIT ( * ) PLANE_ANGLE_UNIT ( ) SI_UNIT ( $, .RADIAN. ) );
#1390 = ORIENTED_EDGE ( 'NONE', *, *, #1392, .T. ) ;
#1391 = VECTOR ( 'NONE', #27, 39.37007874015748143 ) ;
#1392 = EDGE_CURVE ( 'NONE', #6816, #4833, #1624, .T. ) ;
#1393 = EDGE_CURVE ( 'NONE', #3884, #570, #3466, .T. ) ;
#1394 = CARTESIAN_POINT ( 'NONE',  ( 0.2514430687601995618, 0.03516481420455545848, -0.07785626009152914195 ) ) ;
#1395 =( NAMED_UNIT ( * ) SI_UNIT ( $, .STERADIAN. ) SOLID_ANGLE_UNIT ( ) );
#1396 = PLANE ( 'NONE',  #8068 ) ;
#1397 = EDGE_LOOP ( 'NONE', ( #6222, #5900, #3662, #2203 ) ) ;
#1398 = EDGE_CURVE ( 'NONE', #5389, #7326, #1461, .T. ) ;
#1399 = CARTESIAN_POINT ( 'NONE',  ( 0.2313841284562323797, 0.03516481420455547235, -0.1878937010368047777 ) ) ;
#1400 = CARTESIAN_POINT ( 'NONE',  ( 0.4254818849634279809, 0.1217789874329370386, -0.08316929158739508332 ) ) ;
#1401 = CARTESIAN_POINT ( 'NONE',  ( 0.1921925904901474469, -0.01880785086054883801, -0.06934404710513727976 ) ) ;
#1402 = VECTOR ( 'NONE', #2339, 39.37007874015748143 ) ;
#1403 = EDGE_CURVE ( 'NONE', #611, #4654, #7944, .T. ) ;
#1404 = ORIENTED_EDGE ( 'NONE', *, *, #1954, .F. ) ;
#1405 = AXIS2_PLACEMENT_3D ( 'NONE', #3965, #3389, #3270 ) ;
#1406 =( LENGTH_UNIT ( ) NAMED_UNIT ( * ) SI_UNIT ( $, .METRE. ) );
#1407 = ORIENTED_EDGE ( 'NONE', *, *, #4332, .F. ) ;
#1408 = EDGE_CURVE ( 'NONE', #7647, #6125, #7236, .T. ) ;
#1409 = ORIENTED_EDGE ( 'NONE', *, *, #2115, .F. ) ;
#1410 = CARTESIAN_POINT ( 'NONE',  ( 0.1901773450124056297, -0.02333479306674136541, -0.04773959464754692211 ) ) ;
#1411 = DIRECTION ( 'NONE',  ( 0.0000000000000000000, 1.000000000000000000, 0.0000000000000000000 ) ) ;
#1412 = PRESENTATION_LAYER_ASSIGNMENT (  '', '', ( #2873 ) ) ;
#1413 = CARTESIAN_POINT ( 'NONE',  ( 0.4144549945979165151, 0.1060309559368543680, -0.1327755907997965612 ) ) ;
#1414 = EDGE_LOOP ( 'NONE', ( #205, #6082, #687, #1144, #7894, #527 ) ) ;
#1415 = MECHANICAL_DESIGN_GEOMETRIC_PRESENTATION_REPRESENTATION (  '', ( #1945 ), #4066 ) ;
#1416 = SURFACE_STYLE_USAGE ( .BOTH. , #7105 ) ;
#1417 = AXIS2_PLACEMENT_3D ( 'NONE', #7741, #7897, #2078 ) ;
#1418 = DIRECTION ( 'NONE',  ( -1.644517855226008195E-15, -1.000000000000000000, -2.890435660536364269E-30 ) ) ;
#1419 = LENGTH_MEASURE_WITH_UNIT ( LENGTH_MEASURE( 0.02539999999999999897 ), #5237 );
#1420 = PLANE ( 'NONE',  #5790 ) ;
#1421 = LENGTH_MEASURE_WITH_UNIT ( LENGTH_MEASURE( 0.02539999999999999897 ), #3373 );
#1422 = VERTEX_POINT ( 'NONE', #4170 ) ;
#1423 = DIRECTION ( 'NONE',  ( 0.2761719275641929539, 0.9205747438996728649, 0.2761724231698924337 ) ) ;
#1424 = LINE ( 'NONE', #255, #6754 ) ;
#1425 = DIRECTION ( 'NONE',  ( 1.750032549430448036E-10, -1.000000000000000000, 3.060108979301698982E-25 ) ) ;
#1426 = ORIENTED_EDGE ( 'NONE', *, *, #2821, .F. ) ;
#1427 = CARTESIAN_POINT ( 'NONE',  ( 0.2514430687598452341, 0.03516481420455545848, -0.08376177190259220806 ) ) ;
#1428 = FILL_AREA_STYLE_COLOUR ( '', #4379 ) ;
#1429 = VERTEX_POINT ( 'NONE', #5989 ) ;
#1430 = CARTESIAN_POINT ( 'NONE',  ( 0.4383240990377192392, 0.04008607404707484334, -0.08789370103679740309 ) ) ;
#1431 = DIRECTION ( 'NONE',  ( 1.644517855226007801E-15, 1.000000000000000000, 0.0000000000000000000 ) ) ;
#1432 = ORIENTED_EDGE ( 'NONE', *, *, #6165, .T. ) ;
#1433 = DIRECTION ( 'NONE',  ( 1.644517855226008195E-15, 1.000000000000000000, 2.890435660536364269E-30 ) ) ;
#1434 = ORIENTED_EDGE ( 'NONE', *, *, #7075, .F. ) ;
#1435 = PLANE ( 'NONE',  #2017 ) ;
#1436 = DIMENSIONAL_EXPONENTS ( 1.000000000000000000, 0.0000000000000000000, 0.0000000000000000000, 0.0000000000000000000, 0.0000000000000000000, 0.0000000000000000000, 0.0000000000000000000 ) ;
#1437 = LENGTH_MEASURE_WITH_UNIT ( LENGTH_MEASURE( 0.02539999999999999897 ), #5836 );
#1438 = DIRECTION ( 'NONE',  ( 1.748601263784621946E-15, 0.0000000000000000000, -1.000000000000000000 ) ) ;
#1439 = ADVANCED_FACE ( 'NONE', ( #2969 ), #2886, .T. ) ;
#1440 = EDGE_CURVE ( 'NONE', #2331, #6721, #1791, .T. ) ;
#1441 = EDGE_CURVE ( 'NONE', #7697, #5421, #3598, .T. ) ;
#1442 = VERTEX_POINT ( 'NONE', #12 ) ;
#1443 = ORIENTED_EDGE ( 'NONE', *, *, #5504, .T. ) ;
#1444 = ORIENTED_EDGE ( 'NONE', *, *, #5558, .F. ) ;
#1445 = CARTESIAN_POINT ( 'NONE',  ( 0.1913399854045305659, -0.02169457574273151237, -0.04744894968734190283 ) ) ;
#1446 = VECTOR ( 'NONE', #1986, 39.37007874015748143 ) ;
#1447 = DIRECTION ( 'NONE',  ( -1.000000000000000000, 1.644517855226007801E-15, -8.234490263801784106E-12 ) ) ;
#1448 = DIRECTION ( 'NONE',  ( -1.000000000000000000, 1.644517855226007801E-15, -1.778650910260784742E-12 ) ) ;
#1449 = EDGE_CURVE ( 'NONE', #4061, #1611, #6194, .T. ) ;
#1450 = EDGE_CURVE ( 'NONE', #4197, #7898, #4938, .T. ) ;
#1451 = ADVANCED_FACE ( 'NONE', ( #6232 ), #4365, .F. ) ;
#1452 = COLOUR_RGB ( '',0.7607843137254901578, 0.7607843137254901578, 0.0000000000000000000 ) ;
#1453 = ORIENTED_EDGE ( 'NONE', *, *, #3027, .F. ) ;
#1454 = CARTESIAN_POINT ( 'NONE',  ( 0.5144963000303959255, -0.01715373501898830380, -0.1437992128471937414 ) ) ;
#1455 = CARTESIAN_POINT ( 'NONE',  ( 0.2148518768365311749, 0.04500733388959488740, -0.08789370103680475832 ) ) ;
#1456 = CARTESIAN_POINT ( 'NONE',  ( 0.3140612938105263319, 0.1021333181416026054, -0.03297244119349746622 ) ) ;
#1457 = VERTEX_POINT ( 'NONE', #5730 ) ;
#1458 = CARTESIAN_POINT ( 'NONE',  ( 0.4754786166455541863, 0.03516481420522436785, -0.1272637797769618495 ) ) ;
#1459 = PLANE ( 'NONE',  #5690 ) ;
#1460 = CARTESIAN_POINT ( 'NONE',  ( 0.4920108682644405151, 0.03516481420455506990, -0.02726377977651272058 ) ) ;
#1461 = CIRCLE ( 'NONE', #4125, 0.007874015748031482076 ) ;
#1462 = EDGE_LOOP ( 'NONE', ( #7846, #1340, #7734, #4134, #6637, #629 ) ) ;
#1463 = CARTESIAN_POINT ( 'NONE',  ( 0.1916536552706491758, -0.02393547695607435924, -0.03986220497381267464 ) ) ;
#1464 = PRESENTATION_STYLE_ASSIGNMENT (( #2221 ) ) ;
#1465 = PLANE ( 'NONE',  #2555 ) ;
#1466 = EDGE_LOOP ( 'NONE', ( #2487, #6932, #3189, #7416, #2579, #70 ) ) ;
#1467 = AXIS2_PLACEMENT_3D ( 'NONE', #3789, #4902, #3665 ) ;
#1468 = CARTESIAN_POINT ( 'NONE',  ( 0.4920108682649397824, 0.03516481420455506990, -0.08789370103635522902 ) ) ;
#1469 = AXIS2_PLACEMENT_3D ( 'NONE', #6828, #6202, #431 ) ;
#1470 = DIRECTION ( 'NONE',  ( 0.2761728431768883940, -0.9205744918961651369, 0.2761723475688889207 ) ) ;
#1471 = DIRECTION ( 'NONE',  ( -0.3079484342681049203, 7.228014483236687681E-16, 0.9514030490973962584 ) ) ;
#1472 = ORIENTED_EDGE ( 'NONE', *, *, #29, .T. ) ;
#1473 = CARTESIAN_POINT ( 'NONE',  ( 0.4754786166455537422, 0.03516481420522438173, -0.02726377977696183702 ) ) ;
#1474 = CARTESIAN_POINT ( 'NONE',  ( 0.1923664450707121554, -0.01715373501898775563, -0.04379921284782839486 ) ) ;
#1475 = LINE ( 'NONE', #4014, #8060 ) ;
#1476 = AXIS2_PLACEMENT_3D ( 'NONE', #5074, #7069, #63 ) ;
#1477 = AXIS2_PLACEMENT_3D ( 'NONE', #2562, #1934, #672 ) ;
#1478 = VERTEX_POINT ( 'NONE', #2431 ) ;
#1479 = AXIS2_PLACEMENT_3D ( 'NONE', #7823, #7298, #2164 ) ;
#1480 = ORIENTED_EDGE ( 'NONE', *, *, #6105, .F. ) ;
#1481 = ORIENTED_EDGE ( 'NONE', *, *, #568, .T. ) ;
#1482 = DIRECTION ( 'NONE',  ( -0.9945218953682685159, 0.1045284632676983655, -1.739022243102431967E-15 ) ) ;
#1483 = CIRCLE ( 'NONE', #1214, 0.005905511811023618496 ) ;
#1484 = LENGTH_MEASURE_WITH_UNIT ( LENGTH_MEASURE( 0.02539999999999999897 ), #6441 );
#1485 = UNCERTAINTY_MEASURE_WITH_UNIT (LENGTH_MEASURE( 1.000000000000000082E-05 ), #6265, 'distance_accuracy_value', 'NONE');
#1486 = DIMENSIONAL_EXPONENTS ( 1.000000000000000000, 0.0000000000000000000, 0.0000000000000000000, 0.0000000000000000000, 0.0000000000000000000, 0.0000000000000000000, 0.0000000000000000000 ) ;
#1487 = STYLED_ITEM ( 'NONE', ( #6688 ), #4069 ) ;
#1488 = VECTOR ( 'NONE', #5896, 39.37007874015748143 ) ;
#1489 = EDGE_CURVE ( 'NONE', #8155, #5935, #1203, .T. ) ;
#1490 = ORIENTED_EDGE ( 'NONE', *, *, #2380, .F. ) ;
#1491 = DIRECTION ( 'NONE',  ( 1.951563910474197493E-15, -6.123233995737086511E-17, 1.000000000000000000 ) ) ;
#1492 = CARTESIAN_POINT ( 'NONE',  ( 0.2443412753444519636, 0.04500733388959481801, -0.1833849212010567609 ) ) ;
#1493 = SURFACE_SIDE_STYLE ('',( #2716 ) ) ;
#1494 = DIRECTION ( 'NONE',  ( 1.000000000000000000, -1.644517855226007801E-15, 1.748601263784622143E-15 ) ) ;
#1495 = EDGE_CURVE ( 'NONE', #3198, #7760, #4383, .T. ) ;
#1496 = FILL_AREA_STYLE ('',( #2672 ) ) ;
#1497 = VECTOR ( 'NONE', #4336, 39.37007874015748143 ) ;
#1498 = ORIENTED_EDGE ( 'NONE', *, *, #7024, .T. ) ;
#1499 = AXIS2_PLACEMENT_3D ( 'NONE', #150, #6380, #5043 ) ;
#1500 = SURFACE_STYLE_FILL_AREA ( #7909 ) ;
#1501 = FACE_OUTER_BOUND ( 'NONE', #1414, .T. ) ;
#1502 = VECTOR ( 'NONE', #4781, 39.37007874015748143 ) ;
#1503 = CARTESIAN_POINT ( 'NONE',  ( 0.2506952668935070183, 0.03516481420455543766, -0.1778562600915291614 ) ) ;
#1504 =( GEOMETRIC_REPRESENTATION_CONTEXT ( 3 ) GLOBAL_UNCERTAINTY_ASSIGNED_CONTEXT ( ( #4486 ) ) GLOBAL_UNIT_ASSIGNED_CONTEXT ( ( #1667, #5535, #1122 ) ) REPRESENTATION_CONTEXT ( 'NONE', 'WORKASPACE' ) );
#1505 = EDGE_CURVE ( 'NONE', #5335, #3900, #506, .T. ) ;
#1506 = ORIENTED_EDGE ( 'NONE', *, *, #8030, .F. ) ;
#1507 = DIRECTION ( 'NONE',  ( 1.828542904681267652E-15, 0.04993761694386230493, -0.9987523388778462019 ) ) ;
#1508 = DIRECTION ( 'NONE',  ( 0.9945218953682686269, -0.1045284632676983516, 1.739022243102431967E-15 ) ) ;
#1509 = CARTESIAN_POINT ( 'NONE',  ( 0.4754786166453176532, 0.04500733388959445719, -0.08789370103648942723 ) ) ;
#1510 = CYLINDRICAL_SURFACE ( 'NONE', #2426, 0.01771653543307087283 ) ;
#1511 = ORIENTED_EDGE ( 'NONE', *, *, #2005, .T. ) ;
#1512 = VECTOR ( 'NONE', #4321, 39.37007874015748143 ) ;
#1513 = SURFACE_SIDE_STYLE ('',( #5922 ) ) ;
#1514 = PRESENTATION_LAYER_ASSIGNMENT (  '', '', ( #576 ) ) ;
#1515 = SURFACE_SIDE_STYLE ('',( #2647 ) ) ;
#1516 = ORIENTED_EDGE ( 'NONE', *, *, #7174, .T. ) ;
#1517 =( NAMED_UNIT ( * ) SI_UNIT ( $, .STERADIAN. ) SOLID_ANGLE_UNIT ( ) );
#1518 = DIRECTION ( 'NONE',  ( 4.118119432544784945E-12, -6.769445330773128887E-27, -1.000000000000000000 ) ) ;
#1519 = AXIS2_PLACEMENT_3D ( 'NONE', #6080, #6039, #388 ) ;
#1520 = B_SPLINE_CURVE_WITH_KNOTS ( 'NONE', 3,
 ( #1657, #3572, #7872, #4074 ),
 .UNSPECIFIED., .F., .F.,
 ( 4, 4 ),
 ( 0.0000000000000000000, 1.000000000000000000 ),
 .UNSPECIFIED. ) ;
#1521 = EDGE_LOOP ( 'NONE', ( #554, #2531, #2991, #7810 ) ) ;
#1522 = ORIENTED_EDGE ( 'NONE', *, *, #2726, .F. ) ;
#1523 = STYLED_ITEM ( 'NONE', ( #1937 ), #5867 ) ;
#1524 = EDGE_LOOP ( 'NONE', ( #5115, #6144, #2132, #7620 ) ) ;
#1525 =( NAMED_UNIT ( * ) PLANE_ANGLE_UNIT ( ) SI_UNIT ( $, .RADIAN. ) );
#1526 = DIRECTION ( 'NONE',  ( -1.748601263784621946E-15, 0.0000000000000000000, 1.000000000000000000 ) ) ;
#1527 =( LENGTH_UNIT ( ) NAMED_UNIT ( * ) SI_UNIT ( $, .METRE. ) );
#1528 = DIRECTION ( 'NONE',  ( -1.644517855226008195E-15, -1.000000000000000000, -6.123233995736766036E-17 ) ) ;
#1529 = ORIENTED_EDGE ( 'NONE', *, *, #1972, .T. ) ;
#1530 =( CONVERSION_BASED_UNIT ( 'INCH', #4687 ) LENGTH_UNIT ( ) NAMED_UNIT ( #5479 ) );
#1531 = CARTESIAN_POINT ( 'NONE',  ( 0.4561674782086251323, 0.04500733388959446413, -0.1313957089112138266 ) ) ;
#1532 = DIRECTION ( 'NONE',  ( -1.582776894139425349E-15, -1.000000000000000000, -2.505182696621675477E-30 ) ) ;
#1533 = CIRCLE ( 'NONE', #2085, 0.01771653543307086243 ) ;
#1534 = DIRECTION ( 'NONE',  ( 4.436729704083846065E-13, -7.267525157177840554E-28, -1.000000000000000000 ) ) ;
#1535 =( NAMED_UNIT ( * ) SI_UNIT ( $, .STERADIAN. ) SOLID_ANGLE_UNIT ( ) );
#1536 = CARTESIAN_POINT ( 'NONE',  ( 0.4696401291286639856, 0.03516481420483068970, -0.02726377977696183702 ) ) ;
#1537 = EDGE_CURVE ( 'NONE', #5784, #5788, #6383, .T. ) ;
#1538 = ADVANCED_FACE ( 'NONE', ( #7440 ), #4410, .F. ) ;
#1539 = EDGE_CURVE ( 'NONE', #2333, #8123, #704, .T. ) ;
#1540 = DIMENSIONAL_EXPONENTS ( 1.000000000000000000, 0.0000000000000000000, 0.0000000000000000000, 0.0000000000000000000, 0.0000000000000000000, 0.0000000000000000000, 0.0000000000000000000 ) ;
#1541 = CYLINDRICAL_SURFACE ( 'NONE', #3080, 0.005905511811027564992 ) ;
#1542 = EDGE_LOOP ( 'NONE', ( #3241, #5645, #3355, #7748 ) ) ;
#1543 = DIRECTION ( 'NONE',  ( 8.234490263801784106E-12, -1.353889066150678860E-26, -1.000000000000000000 ) ) ;
#1544 = CARTESIAN_POINT ( 'NONE',  ( 0.1896720897116644378, -0.02376973408140352351, -0.06742127273290378364 ) ) ;
#1545 = CARTESIAN_POINT ( 'NONE',  ( 0.3142156862761680269, 0.1217789874329372468, -0.007578740406095896970 ) ) ;
#1546 = DIRECTION ( 'NONE',  ( 0.9945218953682685159, -0.1045284632676983655, 1.927470528863118161E-15 ) ) ;
#1547 = VERTEX_POINT ( 'NONE', #7642 ) ;
#1548 = ADVANCED_FACE ( 'NONE', ( #175 ), #2046, .T. ) ;
#1549 = ADVANCED_FACE ( 'NONE', ( #3411 ), #7786, .T. ) ;
#1550 = DIRECTION ( 'NONE',  ( -1.000000000000000000, 0.0000000000000000000, 1.734723475977064066E-15 ) ) ;
#1551 = MECHANICAL_DESIGN_GEOMETRIC_PRESENTATION_REPRESENTATION (  '', ( #4869 ), #5941 ) ;
#1552 = SURFACE_SIDE_STYLE ('',( #7848 ) ) ;
#1553 = LINE ( 'NONE', #923, #1055 ) ;
#1554 = ORIENTED_EDGE ( 'NONE', *, *, #7080, .F. ) ;
#1555 = DIRECTION ( 'NONE',  ( -1.644517855226007801E-15, -1.000000000000000000, -2.890435660536363919E-30 ) ) ;
#1556 = LINE ( 'NONE', #6129, #2467 ) ;
#1557 = MECHANICAL_DESIGN_GEOMETRIC_PRESENTATION_REPRESENTATION (  '', ( #4082 ), #4854 ) ;
#1558 = ORIENTED_EDGE ( 'NONE', *, *, #7382, .T. ) ;
#1559 = CARTESIAN_POINT ( 'NONE',  ( 0.5096303506632000602, 0.02914268067976761439, -0.1878937010362102533 ) ) ;
#1560 = ORIENTED_EDGE ( 'NONE', *, *, #7177, .T. ) ;
#1561 = VERTEX_POINT ( 'NONE', #5945 ) ;
#1562 = FACE_OUTER_BOUND ( 'NONE', #5270, .T. ) ;
#1563 = DIRECTION ( 'NONE',  ( -1.729787034331768344E-15, -0.9987523388778467570, 0.04993761694385234762 ) ) ;
#1564 =( NAMED_UNIT ( * ) PLANE_ANGLE_UNIT ( ) SI_UNIT ( $, .RADIAN. ) );
#1565 = VECTOR ( 'NONE', #1776, 39.37007874015748143 ) ;
#1566 =( NAMED_UNIT ( * ) SI_UNIT ( $, .STERADIAN. ) SOLID_ANGLE_UNIT ( ) );
#1567 = PRESENTATION_LAYER_ASSIGNMENT (  '', '', ( #5424 ) ) ;
#1568 = ORIENTED_EDGE ( 'NONE', *, *, #4084, .F. ) ;
#1569 = CARTESIAN_POINT ( 'NONE',  ( 0.2506952668928376649, 0.04500733388959481107, -0.1313957089104267617 ) ) ;
#1570 = ORIENTED_EDGE ( 'NONE', *, *, #5464, .T. ) ;
#1571 = CARTESIAN_POINT ( 'NONE',  ( 0.3140612938105263319, 0.1020939480628585000, -0.03297244119349745928 ) ) ;
#1572 =( NAMED_UNIT ( * ) SI_UNIT ( $, .STERADIAN. ) SOLID_ANGLE_UNIT ( ) );
#1573 = DIRECTION ( 'NONE',  ( 1.000000000000000000, -1.644517855226007801E-15, -2.873049712194215800E-12 ) ) ;
#1574 = DIRECTION ( 'NONE',  ( -1.748601263784622143E-15, 0.0000000000000000000, 1.000000000000000000 ) ) ;
#1575 = STYLED_ITEM ( 'NONE', ( #8041 ), #742 ) ;
#1576 = CARTESIAN_POINT ( 'NONE',  ( 0.4754786166455541863, 0.03516481420522436785, -0.1272637797769618495 ) ) ;
#1577 = EDGE_LOOP ( 'NONE', ( #5096, #203, #2769, #2654 ) ) ;
#1578 = DIRECTION ( 'NONE',  ( -1.644517855226007801E-15, -1.000000000000000000, -2.890435660536363919E-30 ) ) ;
#1579 = SURFACE_SIDE_STYLE ('',( #1623 ) ) ;
#1580 = CIRCLE ( 'NONE', #5574, 0.005905511811027547645 ) ;
#1581 = FACE_OUTER_BOUND ( 'NONE', #1815, .T. ) ;
#1582 = DIRECTION ( 'NONE',  ( 1.000000000000000000, -1.644517855226007801E-15, 1.748601263784621748E-15 ) ) ;
#1583 = CARTESIAN_POINT ( 'NONE',  ( 0.4536010832257900693, 0.04500733388959449188, -0.07814324995940274965 ) ) ;
#1584 = CARTESIAN_POINT ( 'NONE',  ( 0.2490536793001599802, 0.001406169398807438544, -0.2171361863340747489 ) ) ;
#1585 = ORIENTED_EDGE ( 'NONE', *, *, #4382, .F. ) ;
#1586 =( GEOMETRIC_REPRESENTATION_CONTEXT ( 3 ) GLOBAL_UNCERTAINTY_ASSIGNED_CONTEXT ( ( #4722 ) ) GLOBAL_UNIT_ASSIGNED_CONTEXT ( ( #1845, #3674, #669 ) ) REPRESENTATION_CONTEXT ( 'NONE', 'WORKASPACE' ) );
#1587 =( CONVERSION_BASED_UNIT ( 'INCH', #3431 ) LENGTH_UNIT ( ) NAMED_UNIT ( #1703 ) );
#1588 = CARTESIAN_POINT ( 'NONE',  ( 0.4754786166447397266, 0.03516481420455509072, -0.02726377977664890331 ) ) ;
#1589 = ADVANCED_FACE ( 'NONE', ( #2092 ), #6446, .F. ) ;
#1590 = CYLINDRICAL_SURFACE ( 'NONE', #656, 0.007874015748031499423 ) ;
#1591 = VERTEX_POINT ( 'NONE', #3335 ) ;
#1592 = DIMENSIONAL_EXPONENTS ( 1.000000000000000000, 0.0000000000000000000, 0.0000000000000000000, 0.0000000000000000000, 0.0000000000000000000, 0.0000000000000000000, 0.0000000000000000000 ) ;
#1593 = VECTOR ( 'NONE', #6317, 39.37007874015748143 ) ;
#1594 = EDGE_CURVE ( 'NONE', #6705, #7878, #212, .T. ) ;
#1595 = CARTESIAN_POINT ( 'NONE',  ( 0.5171578838488019025, -0.02376851717063330552, -0.1477361528982525374 ) ) ;
#1596 = AXIS2_PLACEMENT_3D ( 'NONE', #786, #2591, #7017 ) ;
#1597 = ORIENTED_EDGE ( 'NONE', *, *, #2307, .T. ) ;
#1598 = ORIENTED_EDGE ( 'NONE', *, *, #2316, .T. ) ;
#1599 = CYLINDRICAL_SURFACE ( 'NONE', #2616, 0.01771653543307089712 ) ;
#1600 = VECTOR ( 'NONE', #1787, 39.37007874015748143 ) ;
#1601 = ORIENTED_EDGE ( 'NONE', *, *, #5300, .T. ) ;
#1602 = ADVANCED_BREP_SHAPE_REPRESENTATION ( 'CUI_DEVICES_DS04-254-2-02BK-SMT-TR', ( #6824, #4069, #6767, #6692, #1259, #1288, #3637, #4793 ), #2694 ) ;
#1603 = DIRECTION ( 'NONE',  ( 0.0000000000000000000, 0.0000000000000000000, 1.000000000000000000 ) ) ;
#1604 = CARTESIAN_POINT ( 'NONE',  ( 0.1972323944382716188, 0.02914268067976812787, -0.1272637797769623214 ) ) ;
#1605 = CARTESIAN_POINT ( 'NONE',  ( 0.2148518768365313136, 0.02729079845652401456, -0.1669308663911354407 ) ) ;
#1606 = AXIS2_PLACEMENT_3D ( 'NONE', #5710, #4319, #6146 ) ;
#1607 = VECTOR ( 'NONE', #6368, 39.37007874015748143 ) ;
#1608 = VECTOR ( 'NONE', #1671, 39.37007874015748143 ) ;
#1609 = ORIENTED_EDGE ( 'NONE', *, *, #3797, .T. ) ;
#1610 = DIRECTION ( 'NONE',  ( -0.9945218953682685159, 0.1045284632676983655, -1.739022243102431967E-15 ) ) ;
#1611 = VERTEX_POINT ( 'NONE', #4530 ) ;
#1612 = DIRECTION ( 'NONE',  ( -1.644517855226007801E-15, -1.000000000000000000, -2.890435660536363568E-30 ) ) ;
#1613 = CARTESIAN_POINT ( 'NONE',  ( 0.2003137495791377509, -0.03570132752772795653, -0.1878937010368048610 ) ) ;
#1614 = PLANE ( 'NONE',  #3295 ) ;
#1615 = DIRECTION ( 'NONE',  ( -1.748601263784621946E-15, 0.0000000000000000000, 1.000000000000000000 ) ) ;
#1616 = COLOUR_RGB ( '',0.7607843137254901578, 0.7607843137254901578, 0.0000000000000000000 ) ;
#1617 =( CONVERSION_BASED_UNIT ( 'INCH', #6025 ) LENGTH_UNIT ( ) NAMED_UNIT ( #2394 ) );
#1618 = AXIS2_PLACEMENT_3D ( 'NONE', #902, #5980, #290 ) ;
#1619 = AXIS2_PLACEMENT_3D ( 'NONE', #4769, #7953, #4895 ) ;
#1620 = ORIENTED_EDGE ( 'NONE', *, *, #273, .F. ) ;
#1621 = AXIS2_PLACEMENT_3D ( 'NONE', #7494, #3595, #4303 ) ;
#1622 = CIRCLE ( 'NONE', #7066, 0.007874015748031489015 ) ;
#1623 = SURFACE_STYLE_FILL_AREA ( #460 ) ;
#1624 = LINE ( 'NONE', #7962, #390 ) ;
#1625 = LINE ( 'NONE', #4255, #3608 ) ;
#1626 = VERTEX_POINT ( 'NONE', #3254 ) ;
#1627 = VECTOR ( 'NONE', #7520, 39.37007874015748854 ) ;
#1628 = AXIS2_PLACEMENT_3D ( 'NONE', #5881, #1470, #4009 ) ;
#1629 = LINE ( 'NONE', #344, #8020 ) ;
#1630 = DIRECTION ( 'NONE',  ( -1.748601263784621748E-15, -1.482966057179117483E-32, 1.000000000000000000 ) ) ;
#1631 = EDGE_LOOP ( 'NONE', ( #1200, #8001, #892, #7425 ) ) ;
#1632 = ORIENTED_EDGE ( 'NONE', *, *, #491, .T. ) ;
#1633 = CARTESIAN_POINT ( 'NONE',  ( 0.4536010832257899583, 0.03516481420455512541, -0.03701423085452092837 ) ) ;
#1634 = EDGE_CURVE ( 'NONE', #147, #3804, #2412, .T. ) ;
#1635 = EDGE_CURVE ( 'NONE', #5829, #3154, #97, .T. ) ;
#1636 = CIRCLE ( 'NONE', #7092, 0.01771653543307087283 ) ;
#1637 = ADVANCED_FACE ( 'NONE', ( #748 ), #2129, .F. ) ;
#1638 = EDGE_LOOP ( 'NONE', ( #262, #4551, #4478, #3654, #3064, #4809 ) ) ;
#1639 = CARTESIAN_POINT ( 'NONE',  ( 0.3140612938105263874, 0.1020939480628585000, -0.08218503961889132847 ) ) ;
#1640 = ORIENTED_EDGE ( 'NONE', *, *, #4393, .T. ) ;
#1641 = CARTESIAN_POINT ( 'NONE',  ( 0.2532616618757509430, 0.03516481420455545848, -0.2115157482809779665 ) ) ;
#1642 =( BOUNDED_CURVE ( )  B_SPLINE_CURVE ( 3, ( #5818, #137, #7717, #2051 ),
 .UNSPECIFIED., .F., .T. ) 
 B_SPLINE_CURVE_WITH_KNOTS ( ( 4, 4 ),
 ( 2.314863421232947971, 3.058929863299745922 ),
 .UNSPECIFIED. ) 
 CURVE ( )  GEOMETRIC_REPRESENTATION_ITEM ( )  RATIONAL_B_SPLINE_CURVE ( ( 1.000000000000000000, 0.9543934499307230590, 0.9543934499307230590, 1.000000000000000000 ) ) 
 REPRESENTATION_ITEM ( '' )  );
#1643 = SURFACE_SIDE_STYLE ('',( #7337 ) ) ;
#1644 = SURFACE_SIDE_STYLE ('',( #7178 ) ) ;
#1645 = DIRECTION ( 'NONE',  ( -0.9040697402393881310, 1.084202172485500884E-15, 0.4273849608765910579 ) ) ;
#1646 = LINE ( 'NONE', #4761, #299 ) ;
#1647 = UNCERTAINTY_MEASURE_WITH_UNIT (LENGTH_MEASURE( 1.000000000000000082E-05 ), #1724, 'distance_accuracy_value', 'NONE');
#1648 = DIMENSIONAL_EXPONENTS ( 1.000000000000000000, 0.0000000000000000000, 0.0000000000000000000, 0.0000000000000000000, 0.0000000000000000000, 0.0000000000000000000, 0.0000000000000000000 ) ;
#1649 = ADVANCED_FACE ( 'NONE', ( #131 ), #2670, .F. ) ;
#1650 = EDGE_CURVE ( 'NONE', #4015, #844, #947, .T. ) ;
#1651 = VECTOR ( 'NONE', #6706, 39.37007874015748143 ) ;
#1652 = DIRECTION ( 'NONE',  ( 1.000000000000000000, -1.582776894139425349E-15, -1.503638049432454012E-14 ) ) ;
#1653 = VERTEX_POINT ( 'NONE', #2243 ) ;
#1654 = CARTESIAN_POINT ( 'NONE',  ( 0.5146701546109767600, -0.01880785086054938618, -0.04581343370799370596 ) ) ;
#1655 = ORIENTED_EDGE ( 'NONE', *, *, #184, .F. ) ;
#1656 = LINE ( 'NONE', #403, #2696 ) ;
#1657 = CARTESIAN_POINT ( 'NONE',  ( 0.5171906553894760616, -0.02376973408140407168, -0.1477362080802064881 ) ) ;
#1658 = SURFACE_STYLE_USAGE ( .BOTH. , #4813 ) ;
#1659 = CARTESIAN_POINT ( 'NONE',  ( 0.2148518768365313136, 0.02729079845652401456, -0.1669308663911354407 ) ) ;
#1660 = DIRECTION ( 'NONE',  ( 1.927470528863118556E-15, 1.000000000000000000, 0.0000000000000000000 ) ) ;
#1661 = DIRECTION ( 'NONE',  ( -1.644517855226007801E-15, -1.000000000000000000, -6.123233995736764803E-17 ) ) ;
#1662 = MECHANICAL_DESIGN_GEOMETRIC_PRESENTATION_REPRESENTATION (  '', ( #4315 ), #600 ) ;
#1663 =( LENGTH_UNIT ( ) NAMED_UNIT ( * ) SI_UNIT ( $, .METRE. ) );
#1664 = VERTEX_POINT ( 'NONE', #1571 ) ;
#1665 = DIRECTION ( 'NONE',  ( -0.9945218953682686269, 0.1045284632676983516, -1.739022243102431967E-15 ) ) ;
#1666 = VECTOR ( 'NONE', #4008, 39.37007874015748143 ) ;
#1667 =( CONVERSION_BASED_UNIT ( 'INCH', #1707 ) LENGTH_UNIT ( ) NAMED_UNIT ( #5201 ) );
#1668 = CARTESIAN_POINT ( 'NONE',  ( 0.2443412753461447762, 0.04500733388959481801, -0.1317725596159386725 ) ) ;
#1669 = SURFACE_STYLE_USAGE ( .BOTH. , #7357 ) ;
#1670 = DIRECTION ( 'NONE',  ( -1.000000000000000000, 1.644517855226007801E-15, -4.118119432544784945E-12 ) ) ;
#1671 = DIRECTION ( 'NONE',  ( 0.2761719274401004953, 0.9205747435090979591, 0.2761724245959000235 ) ) ;
#1672 = ORIENTED_EDGE ( 'NONE', *, *, #2989, .F. ) ;
#1673 = DIRECTION ( 'NONE',  ( -0.4273849607752874813, 7.028421990500299298E-16, -0.9040697402872777122 ) ) ;
#1674 =( NAMED_UNIT ( * ) PLANE_ANGLE_UNIT ( ) SI_UNIT ( $, .RADIAN. ) );
#1675 =( LENGTH_UNIT ( ) NAMED_UNIT ( * ) SI_UNIT ( $, .METRE. ) );
#1676 = EDGE_LOOP ( 'NONE', ( #5453, #7851, #7651, #2088, #6185, #279 ) ) ;
#1677 = COLOUR_RGB ( '',0.7607843137254901578, 0.7607843137254901578, 0.0000000000000000000 ) ;
#1678 = LINE ( 'NONE', #1719, #2968 ) ;
#1679 = CARTESIAN_POINT ( 'NONE',  ( 0.1913399854045309545, -0.02169457574273152972, -0.1474489496873419014 ) ) ;
#1680 = DIRECTION ( 'NONE',  ( 1.000000000000000000, -1.644517855226007801E-15, 1.748601263784621748E-15 ) ) ;
#1681 =( GEOMETRIC_REPRESENTATION_CONTEXT ( 3 ) GLOBAL_UNCERTAINTY_ASSIGNED_CONTEXT ( ( #6300 ) ) GLOBAL_UNIT_ASSIGNED_CONTEXT ( ( #5575, #539, #583 ) ) REPRESENTATION_CONTEXT ( 'NONE', 'WORKASPACE' ) );
#1682 = VERTEX_POINT ( 'NONE', #2790 ) ;
#1683 = ORIENTED_EDGE ( 'NONE', *, *, #6633, .F. ) ;
#1684 = EDGE_CURVE ( 'NONE', #5471, #2270, #2283, .T. ) ;
#1685 = DIRECTION ( 'NONE',  ( 0.9945218953682686269, -0.1045284632676983516, 1.739022243102431967E-15 ) ) ;
#1686 = ADVANCED_FACE ( 'NONE', ( #2960 ), #3613, .T. ) ;
#1687 =( GEOMETRIC_REPRESENTATION_CONTEXT ( 3 ) GLOBAL_UNCERTAINTY_ASSIGNED_CONTEXT ( ( #6140 ) ) GLOBAL_UNIT_ASSIGNED_CONTEXT ( ( #647, #7141, #3325 ) ) REPRESENTATION_CONTEXT ( 'NONE', 'WORKASPACE' ) );
#1688 = CARTESIAN_POINT ( 'NONE',  ( 0.5172050357898659856, -0.02375406862796466609, -0.1674212600912659554 ) ) ;
#1689 = EDGE_CURVE ( 'NONE', #2499, #4958, #7871, .T. ) ;
#1690 = EDGE_LOOP ( 'NONE', ( #8111, #2139, #3273, #7662 ) ) ;
#1691 = DIRECTION ( 'NONE',  ( 4.670742959067553102E-12, 0.0000000000000000000, 1.000000000000000000 ) ) ;
#1692 = EDGE_CURVE ( 'NONE', #1626, #3505, #6098, .T. ) ;
#1693 = VERTEX_POINT ( 'NONE', #4811 ) ;
#1694 = DIRECTION ( 'NONE',  ( 1.000000000000000000, -1.644517855226007801E-15, 1.748601263784622143E-15 ) ) ;
#1695 = EDGE_CURVE ( 'NONE', #5437, #772, #6058, .T. ) ;
#1696 =( NAMED_UNIT ( * ) SI_UNIT ( $, .STERADIAN. ) SOLID_ANGLE_UNIT ( ) );
#1697 = DIRECTION ( 'NONE',  ( 1.748601263784621748E-15, 0.0000000000000000000, -1.000000000000000000 ) ) ;
#1698 = CARTESIAN_POINT ( 'NONE',  ( 0.3140612938105263319, 0.1021333181416026054, -0.03297244119349746622 ) ) ;
#1699 = DIRECTION ( 'NONE',  ( -1.000000000000000000, 1.644517855226007801E-15, 3.935361670218154972E-13 ) ) ;
#1700 = DIRECTION ( 'NONE',  ( -8.234490263801784106E-12, 1.353889066150678573E-26, 1.000000000000000000 ) ) ;
#1701 = EDGE_CURVE ( 'NONE', #5716, #6721, #6648, .T. ) ;
#1702 = AXIS2_PLACEMENT_3D ( 'NONE', #1107, #6796, #4228 ) ;
#1703 = DIMENSIONAL_EXPONENTS ( 1.000000000000000000, 0.0000000000000000000, 0.0000000000000000000, 0.0000000000000000000, 0.0000000000000000000, 0.0000000000000000000, 0.0000000000000000000 ) ;
#1704 = SURFACE_STYLE_USAGE ( .BOTH. , #6887 ) ;
#1705 = ORIENTED_EDGE ( 'NONE', *, *, #5762, .T. ) ;
#1706 = DIRECTION ( 'NONE',  ( 1.000000000000000000, -1.734723475977064460E-15, -1.734723475977064460E-15 ) ) ;
#1707 = LENGTH_MEASURE_WITH_UNIT ( LENGTH_MEASURE( 0.02539999999999999897 ), #5495 );
#1708 = EDGE_CURVE ( 'NONE', #1273, #6697, #6387, .T. ) ;
#1709 =( NAMED_UNIT ( * ) SI_UNIT ( $, .STERADIAN. ) SOLID_ANGLE_UNIT ( ) );
#1710 = CARTESIAN_POINT ( 'NONE',  ( 0.5054375802373487492, -0.02312085409984026424, -0.04773622072128668598 ) ) ;
#1711 = SURFACE_STYLE_FILL_AREA ( #7359 ) ;
#1712 = DIRECTION ( 'NONE',  ( -0.4273849608040032333, 7.028421990972483826E-16, 0.9040697402737026822 ) ) ;
#1713 = VERTEX_POINT ( 'NONE', #5486 ) ;
#1714 = PRESENTATION_LAYER_ASSIGNMENT (  '', '', ( #1170 ) ) ;
#1715 = FACE_OUTER_BOUND ( 'NONE', #3345, .T. ) ;
#1716 = CARTESIAN_POINT ( 'NONE',  ( 0.5106414460763897267, -0.02755782159619302521, -0.1674212600913200510 ) ) ;
#1717 = DIRECTION ( 'NONE',  ( -0.2873474124831008614, -0.9578264271459973056, -5.024560486131912112E-16 ) ) ;
#1718 = ORIENTED_EDGE ( 'NONE', *, *, #5092, .T. ) ;
#1719 = CARTESIAN_POINT ( 'NONE',  ( 0.3140612938105263319, 0.1020939480628585000, -0.03297244119349745928 ) ) ;
#1720 = CARTESIAN_POINT ( 'NONE',  ( 0.1916282702576113661, -0.02108063623287759897, -0.1472385231635905956 ) ) ;
#1721 = ORIENTED_EDGE ( 'NONE', *, *, #6488, .T. ) ;
#1722 = LINE ( 'NONE', #6749, #4312 ) ;
#1723 = AXIS2_PLACEMENT_3D ( 'NONE', #4550, #885, #2804 ) ;
#1724 =( CONVERSION_BASED_UNIT ( 'INCH', #4185 ) LENGTH_UNIT ( ) NAMED_UNIT ( #3304 ) );
#1725 = FACE_OUTER_BOUND ( 'NONE', #6009, .T. ) ;
#1726 = ORIENTED_EDGE ( 'NONE', *, *, #33, .T. ) ;
#1727 = VERTEX_POINT ( 'NONE', #7950 ) ;
#1728 = SURFACE_STYLE_FILL_AREA ( #7417 ) ;
#1729 = FACE_OUTER_BOUND ( 'NONE', #2883, .T. ) ;
#1730 = CARTESIAN_POINT ( 'NONE',  ( 0.5483132623141996342, -0.02585880784268912436, -0.04773622072093100521 ) ) ;
#1731 = UNCERTAINTY_MEASURE_WITH_UNIT (LENGTH_MEASURE( 1.000000000000000082E-05 ), #2159, 'distance_accuracy_value', 'NONE');
#1732 = PRESENTATION_LAYER_ASSIGNMENT (  '', '', ( #802 ) ) ;
#1733 = ORIENTED_EDGE ( 'NONE', *, *, #3578, .F. ) ;
#1734 = CARTESIAN_POINT ( 'NONE',  ( 0.2532616618757510540, 0.03516481420455543766, -0.1370142308537339038 ) ) ;
#1735 = ORIENTED_EDGE ( 'NONE', *, *, #2888, .F. ) ;
#1736 = SURFACE_STYLE_FILL_AREA ( #5485 ) ;
#1737 = STYLED_ITEM ( 'NONE', ( #3392 ), #1948 ) ;
#1738 = LINE ( 'NONE', #6808, #5715 ) ;
#1739 = FACE_OUTER_BOUND ( 'NONE', #2959, .T. ) ;
#1740 =( CONVERSION_BASED_UNIT ( 'INCH', #2285 ) LENGTH_UNIT ( ) NAMED_UNIT ( #6367 ) );
#1741 = CARTESIAN_POINT ( 'NONE',  ( 0.4536010832257904024, 0.03516481420455510459, -0.1370142308545209409 ) ) ;
#1742 = PLANE ( 'NONE',  #7747 ) ;
#1743 = AXIS2_PLACEMENT_3D ( 'NONE', #1212, #8010, #6285 ) ;
#1744 = EDGE_CURVE ( 'NONE', #7033, #5933, #7347, .T. ) ;
#1745 = STYLED_ITEM ( 'NONE', ( #5631 ), #2225 ) ;
#1746 = EDGE_LOOP ( 'NONE', ( #192, #1309, #4348, #1843 ) ) ;
#1747 = EDGE_CURVE ( 'NONE', #7408, #477, #7043, .T. ) ;
#1748 =( CONVERSION_BASED_UNIT ( 'INCH', #4977 ) LENGTH_UNIT ( ) NAMED_UNIT ( #4723 ) );
#1749 = SURFACE_STYLE_USAGE ( .BOTH. , #1579 ) ;
#1750 = DIRECTION ( 'NONE',  ( 1.644517855226007801E-15, 1.000000000000000000, 2.875605999964572744E-30 ) ) ;
#1751 = CARTESIAN_POINT ( 'NONE',  ( 0.4144549945979160710, 0.1060309559368543958, -0.03198818922499343381 ) ) ;
#1752 = CARTESIAN_POINT ( 'NONE',  ( 0.5092218448044582013, -0.01405121771457883313, -0.1776574805637725907 ) ) ;
#1753 = COLOUR_RGB ( '',1.000000000000000000, 1.000000000000000000, 1.000000000000000000 ) ;
#1754 = CARTESIAN_POINT ( 'NONE',  ( 0.2313841284563810663, 0.03516481420463420798, -0.1878937010362536630 ) ) ;
#1755 = ORIENTED_EDGE ( 'NONE', *, *, #5407, .F. ) ;
#1756 = CIRCLE ( 'NONE', #1619, 0.01771653543307087283 ) ;
#1757 = SURFACE_STYLE_USAGE ( .BOTH. , #382 ) ;
#1758 = EDGE_CURVE ( 'NONE', #3181, #5829, #6762, .T. ) ;
#1759 = COLOUR_RGB ( '',1.000000000000000000, 1.000000000000000000, 1.000000000000000000 ) ;
#1760 = LINE ( 'NONE', #6238, #3433 ) ;
#1761 = VECTOR ( 'NONE', #2542, 39.37007874015748143 ) ;
#1762 = FACE_OUTER_BOUND ( 'NONE', #73, .T. ) ;
#1763 = VERTEX_POINT ( 'NONE', #6610 ) ;
#1764 = CARTESIAN_POINT ( 'NONE',  ( 0.2313841284561837519, 0.1217789874329373717, -0.2272637797765943435 ) ) ;
#1765 = CARTESIAN_POINT ( 'NONE',  ( 0.5037097929778030503, -0.008688119764421362370, -0.1272637797764164524 ) ) ;
#1766 = VERTEX_POINT ( 'NONE', #2420 ) ;
#1767 = DIRECTION ( 'NONE',  ( 1.748601263784621946E-15, 0.0000000000000000000, -1.000000000000000000 ) ) ;
#1768 = AXIS2_PLACEMENT_3D ( 'NONE', #6859, #7405, #1717 ) ;
#1769 = VECTOR ( 'NONE', #5113, 39.37007874015748854 ) ;
#1770 = AXIS2_PLACEMENT_3D ( 'NONE', #6500, #4080, #189 ) ;
#1771 = CARTESIAN_POINT ( 'NONE',  ( 0.2532616618757507210, 0.04500733388959482495, -0.07814324995916692440 ) ) ;
#1772 = PLANE ( 'NONE',  #2793 ) ;
#1773 = ORIENTED_EDGE ( 'NONE', *, *, #2361, .T. ) ;
#1774 = EDGE_LOOP ( 'NONE', ( #4085, #7606, #7342, #1213, #2949, #6746 ) ) ;
#1775 = SURFACE_STYLE_USAGE ( .BOTH. , #6213 ) ;
#1776 = DIRECTION ( 'NONE',  ( 8.234490263801784106E-12, -1.353889066150678860E-26, -1.000000000000000000 ) ) ;
#1777 = AXIS2_PLACEMENT_3D ( 'NONE', #6764, #6100, #5567 ) ;
#1778 = EDGE_LOOP ( 'NONE', ( #631, #6861, #7044, #5956, #5663, #16, #2828, #5564 ) ) ;
#1779 = CARTESIAN_POINT ( 'NONE',  ( 0.3926470588251994576, 0.1020939480628583751, -0.007578740406095759927 ) ) ;
#1780 =( GEOMETRIC_REPRESENTATION_CONTEXT ( 3 ) GLOBAL_UNCERTAINTY_ASSIGNED_CONTEXT ( ( #3652 ) ) GLOBAL_UNIT_ASSIGNED_CONTEXT ( ( #6214, #6341, #7001 ) ) REPRESENTATION_CONTEXT ( 'NONE', 'WORKASPACE' ) );
#1781 = ORIENTED_EDGE ( 'NONE', *, *, #1393, .F. ) ;
#1782 = SURFACE_STYLE_USAGE ( .BOTH. , #2376 ) ;
#1783 = LINE ( 'NONE', #6650, #61 ) ;
#1784 = CARTESIAN_POINT ( 'NONE',  ( 0.4754786166452393825, 0.03516481420455506990, -0.1878937010364914451 ) ) ;
#1785 = LINE ( 'NONE', #997, #5908 ) ;
#1786 = VECTOR ( 'NONE', #7409, 39.37007874015748143 ) ;
#1787 = DIRECTION ( 'NONE',  ( -9.092110181669310719E-13, -9.570555026740999025E-12, -1.000000000000000000 ) ) ;
#1788 = VERTEX_POINT ( 'NONE', #4514 ) ;
#1789 = PRESENTATION_STYLE_ASSIGNMENT (( #2386 ) ) ;
#1790 = DIRECTION ( 'NONE',  ( -0.4273849607944149032, 7.028421990814850682E-16, -0.9040697402782356118 ) ) ;
#1791 = LINE ( 'NONE', #5651, #7435 ) ;
#1792 = FILL_AREA_STYLE ('',( #1124 ) ) ;
#1793 = VECTOR ( 'NONE', #1261, 39.37007874015748143 ) ;
#1794 = LINE ( 'NONE', #3627, #5622 ) ;
#1795 = EDGE_CURVE ( 'NONE', #5661, #5138, #6957, .T. ) ;
#1796 = VERTEX_POINT ( 'NONE', #8037 ) ;
#1797 = EDGE_CURVE ( 'NONE', #45, #854, #4240, .T. ) ;
#1798 = CARTESIAN_POINT ( 'NONE',  ( 0.1910850544201971313, -0.02219340420294460201, -0.1675417980482702407 ) ) ;
#1799 = ADVANCED_FACE ( 'NONE', ( #3892 ), #7472, .F. ) ;
#1800 = PRESENTATION_LAYER_ASSIGNMENT (  '', '', ( #5112 ) ) ;
#1801 =( CONVERSION_BASED_UNIT ( 'INCH', #4259 ) LENGTH_UNIT ( ) NAMED_UNIT ( #6051 ) );
#1802 = FILL_AREA_STYLE ('',( #4507 ) ) ;
#1803 = EDGE_LOOP ( 'NONE', ( #5164, #6772, #7980, #3820 ) ) ;
#1804 = CARTESIAN_POINT ( 'NONE',  ( 0.5047076986982562685, -0.01818255847635045705, -0.07135826796538452532 ) ) ;
#1805 = FILL_AREA_STYLE_COLOUR ( '', #6257 ) ;
#1806 = ORIENTED_EDGE ( 'NONE', *, *, #1285, .F. ) ;
#1807 = EDGE_CURVE ( 'NONE', #4638, #7521, #149, .T. ) ;
#1808 = DIRECTION ( 'NONE',  ( -8.105384419199200945E-12, -1.000000000000000000, -1.460875864723001212E-11 ) ) ;
#1809 =( GEOMETRIC_REPRESENTATION_CONTEXT ( 3 ) GLOBAL_UNCERTAINTY_ASSIGNED_CONTEXT ( ( #3152 ) ) GLOBAL_UNIT_ASSIGNED_CONTEXT ( ( #1530, #2204, #991 ) ) REPRESENTATION_CONTEXT ( 'NONE', 'WORKASPACE' ) );
#1810 = EDGE_CURVE ( 'NONE', #3137, #80, #3043, .T. ) ;
#1811 = PRESENTATION_LAYER_ASSIGNMENT (  '', '', ( #7889 ) ) ;
#1812 =( GEOMETRIC_REPRESENTATION_CONTEXT ( 3 ) GLOBAL_UNCERTAINTY_ASSIGNED_CONTEXT ( ( #4885 ) ) GLOBAL_UNIT_ASSIGNED_CONTEXT ( ( #2704, #5271, #4637 ) ) REPRESENTATION_CONTEXT ( 'NONE', 'WORKASPACE' ) );
#1813 = LINE ( 'NONE', #1895, #3388 ) ;
#1814 = DIRECTION ( 'NONE',  ( 1.000000000000000000, -1.644517855226007801E-15, 1.748601263784621748E-15 ) ) ;
#1815 = EDGE_LOOP ( 'NONE', ( #5030, #2939, #1012 ) ) ;
#1816 =( CONVERSION_BASED_UNIT ( 'INCH', #7460 ) LENGTH_UNIT ( ) NAMED_UNIT ( #2880 ) );
#1817 = ORIENTED_EDGE ( 'NONE', *, *, #6672, .T. ) ;
#1818 = CARTESIAN_POINT ( 'NONE',  ( 0.5150364717968899386, -0.02049086673026023764, -0.06821428175520072301 ) ) ;
#1819 =( CONVERSION_BASED_UNIT ( 'INCH', #8107 ) LENGTH_UNIT ( ) NAMED_UNIT ( #7114 ) );
#1820 = CARTESIAN_POINT ( 'NONE',  ( 0.3928014512908295508, 0.1020939480628583751, -0.08218503961889118969 ) ) ;
#1821 = UNCERTAINTY_MEASURE_WITH_UNIT (LENGTH_MEASURE( 1.000000000000000082E-05 ), #266, 'distance_accuracy_value', 'NONE');
#1822 = AXIS2_PLACEMENT_3D ( 'NONE', #418, #4903, #6854 ) ;
#1823 = VERTEX_POINT ( 'NONE', #2611 ) ;
#1824 = VERTEX_POINT ( 'NONE', #4281 ) ;
#1825 = CARTESIAN_POINT ( 'NONE',  ( 0.4679366774458565970, 0.03516481420506866601, -0.2272637797758073896 ) ) ;
#1826 = AXIS2_PLACEMENT_3D ( 'NONE', #6809, #1115, #6306 ) ;
#1827 = ORIENTED_EDGE ( 'NONE', *, *, #7641, .T. ) ;
#1828 = DIRECTION ( 'NONE',  ( -0.1045284632676950626, 0.9945218953682689600, -8.607386130680116915E-13 ) ) ;
#1829 = CARTESIAN_POINT ( 'NONE',  ( 0.5044156245189415078, 0.03516481420455502133, -0.9792322837135759572 ) ) ;
#1830 = CARTESIAN_POINT ( 'NONE',  ( 0.2506952668932707629, 0.04500733388959481107, -0.1373012207214504010 ) ) ;
#1831 = FILL_AREA_STYLE_COLOUR ( '', #7102 ) ;
#1832 = CARTESIAN_POINT ( 'NONE',  ( 0.1933316831047186823, -0.02413076081869562281, -0.06742126009192292435 ) ) ;
#1833 = ORIENTED_EDGE ( 'NONE', *, *, #1024, .T. ) ;
#1834 = CARTESIAN_POINT ( 'NONE',  ( 0.4696401291258298638, 0.04500733388959445025, -0.1878937010365682170 ) ) ;
#1835 = CARTESIAN_POINT ( 'NONE',  ( 0.2148518768365311749, 0.03516481420455551399, -0.08789370103680475832 ) ) ;
#1836 = LENGTH_MEASURE_WITH_UNIT ( LENGTH_MEASURE( 0.02539999999999999897 ), #3832 );
#1837 = DIRECTION ( 'NONE',  ( 8.234490263801784106E-12, -1.353889066150678860E-26, -1.000000000000000000 ) ) ;
#1838 = FACE_OUTER_BOUND ( 'NONE', #8176, .T. ) ;
#1839 = ORIENTED_EDGE ( 'NONE', *, *, #1130, .T. ) ;
#1840 = LINE ( 'NONE', #7678, #4245 ) ;
#1841 = CIRCLE ( 'NONE', #1702, 0.01771653543307086937 ) ;
#1842 = DIRECTION ( 'NONE',  ( 0.0000000000000000000, 0.0000000000000000000, 1.000000000000000000 ) ) ;
#1843 = ORIENTED_EDGE ( 'NONE', *, *, #1441, .T. ) ;
#1844 = VECTOR ( 'NONE', #6283, 39.37007874015748143 ) ;
#1845 =( CONVERSION_BASED_UNIT ( 'INCH', #8139 ) LENGTH_UNIT ( ) NAMED_UNIT ( #2136 ) );
#1846 = ORIENTED_EDGE ( 'NONE', *, *, #584, .T. ) ;
#1847 =( NAMED_UNIT ( * ) SI_UNIT ( $, .STERADIAN. ) SOLID_ANGLE_UNIT ( ) );
#1848 =( CONVERSION_BASED_UNIT ( 'INCH', #4995 ) LENGTH_UNIT ( ) NAMED_UNIT ( #2721 ) );
#1849 = ORIENTED_EDGE ( 'NONE', *, *, #2005, .F. ) ;
#1850 = LINE ( 'NONE', #6831, #4577 ) ;
#1851 =( GEOMETRIC_REPRESENTATION_CONTEXT ( 3 ) GLOBAL_UNCERTAINTY_ASSIGNED_CONTEXT ( ( #897 ) ) GLOBAL_UNIT_ASSIGNED_CONTEXT ( ( #2812, #5890, #5934 ) ) REPRESENTATION_CONTEXT ( 'NONE', 'WORKASPACE' ) );
#1852 = EDGE_CURVE ( 'NONE', #7676, #1344, #5526, .T. ) ;
#1853 =( NAMED_UNIT ( * ) SI_UNIT ( $, .STERADIAN. ) SOLID_ANGLE_UNIT ( ) );
#1854 = LINE ( 'NONE', #764, #4554 ) ;
#1855 = DIRECTION ( 'NONE',  ( -6.938893903907237213E-14, -0.2873478855663175180, -0.9578262852211598677 ) ) ;
#1856 = ORIENTED_EDGE ( 'NONE', *, *, #6314, .T. ) ;
#1857 = EDGE_CURVE ( 'NONE', #6984, #5666, #7657, .T. ) ;
#1858 = SURFACE_STYLE_FILL_AREA ( #560 ) ;
#1859 = VECTOR ( 'NONE', #2607, 39.37007874015748143 ) ;
#1860 = DIRECTION ( 'NONE',  ( 8.234490263801784106E-12, -1.353889066150678860E-26, -1.000000000000000000 ) ) ;
#1861 = AXIS2_PLACEMENT_3D ( 'NONE', #7492, #6330, #514 ) ;
#1862 = EDGE_CURVE ( 'NONE', #2458, #3391, #1738, .T. ) ;
#1863 = EDGE_LOOP ( 'NONE', ( #2054, #3882, #1940, #1856, #7507, #2196, #2618, #965 ) ) ;
#1864 = ORIENTED_EDGE ( 'NONE', *, *, #2361, .F. ) ;
#1865 = CARTESIAN_POINT ( 'NONE',  ( 0.5044156245189410637, 0.03516481420455504214, -0.8792322837135758684 ) ) ;
#1866 = ORIENTED_EDGE ( 'NONE', *, *, #884, .T. ) ;
#1867 =( CONVERSION_BASED_UNIT ( 'INCH', #5565 ) LENGTH_UNIT ( ) NAMED_UNIT ( #3827 ) );
#1868 = LINE ( 'NONE', #2961, #7257 ) ;
#1869 = PLANE ( 'NONE',  #3113 ) ;
#1870 = CARTESIAN_POINT ( 'NONE',  ( 0.4920108682644408482, 0.02729079845652354619, -0.1272637797765127365 ) ) ;
#1871 = VECTOR ( 'NONE', #1328, 39.37007874015748143 ) ;
#1872 = DIRECTION ( 'NONE',  ( 0.5735764363501911767, -0.8191520442895903198, 1.002956481479023946E-15 ) ) ;
#1873 = LENGTH_MEASURE_WITH_UNIT ( LENGTH_MEASURE( 0.02539999999999999897 ), #1323 );
#1874 = VECTOR ( 'NONE', #311, 39.37007874015748143 ) ;
#1875 = VERTEX_POINT ( 'NONE', #5090 ) ;
#1876 = CARTESIAN_POINT ( 'NONE',  ( 0.2415117427309083908, 0.001406160534555473286, -0.2095942475937732086 ) ) ;
#1877 = FACE_OUTER_BOUND ( 'NONE', #1521, .T. ) ;
#1878 =( NAMED_UNIT ( * ) PLANE_ANGLE_UNIT ( ) SI_UNIT ( $, .RADIAN. ) );
#1879 = CARTESIAN_POINT ( 'NONE',  ( 0.3140612938105263874, 0.1060309559368545623, -0.08238189001259203781 ) ) ;
#1880 = VECTOR ( 'NONE', #1037, 39.37007874015748143 ) ;
#1881 = VERTEX_POINT ( 'NONE', #7621 ) ;
#1882 = DIRECTION ( 'NONE',  ( 1.748601263784622143E-15, 0.0000000000000000000, -1.000000000000000000 ) ) ;
#1883 = COLOUR_RGB ( '',1.000000000000000000, 1.000000000000000000, 1.000000000000000000 ) ;
#1884 = ORIENTED_EDGE ( 'NONE', *, *, #3478, .F. ) ;
#1885 = STYLED_ITEM ( 'NONE', ( #509 ), #2521 ) ;
#1886 = CARTESIAN_POINT ( 'NONE',  ( 0.1585494827869409484, -0.03570132752772788715, -0.1674212600919230409 ) ) ;
#1887 = DIRECTION ( 'NONE',  ( -1.000000000000000000, 1.978471117674275325E-15, 7.913884470697103077E-16 ) ) ;
#1888 = EDGE_LOOP ( 'NONE', ( #1481, #3787, #357, #4675, #7973, #5484, #1933, #1672, #1443, #3938, #6097, #276, #2674, #5572 ) ) ;
#1889 = CARTESIAN_POINT ( 'NONE',  ( 0.1896577093114365509, -0.02375406862796411792, -0.04773622072184419141 ) ) ;
#1890 = SURFACE_SIDE_STYLE ('',( #6949 ) ) ;
#1891 = ORIENTED_EDGE ( 'NONE', *, *, #480, .F. ) ;
#1892 = CARTESIAN_POINT ( 'NONE',  ( 0.2532616618757511096, 0.04500733388959481107, -0.1781432499591669438 ) ) ;
#1893 = VECTOR ( 'NONE', #5856, 39.37007874015748143 ) ;
#1894 = STYLED_ITEM ( 'NONE', ( #3607 ), #3176 ) ;
#1895 = CARTESIAN_POINT ( 'NONE',  ( 0.5037097929783018735, -0.008688119764421345023, -0.08789370103625893105 ) ) ;
#1896 = ORIENTED_EDGE ( 'NONE', *, *, #8079, .F. ) ;
#1897 = PRESENTATION_LAYER_ASSIGNMENT (  '', '', ( #830 ) ) ;
#1898 = LINE ( 'NONE', #4436, #5759 ) ;
#1899 = DIRECTION ( 'NONE',  ( 8.234490263801784106E-12, -1.353889066150678860E-26, -1.000000000000000000 ) ) ;
#1900 = EDGE_CURVE ( 'NONE', #5510, #7563, #1943, .T. ) ;
#1901 = EDGE_CURVE ( 'NONE', #1169, #6644, #1985, .T. ) ;
#1902 = UNCERTAINTY_MEASURE_WITH_UNIT (LENGTH_MEASURE( 1.000000000000000082E-05 ), #817, 'distance_accuracy_value', 'NONE');
#1903 = EDGE_CURVE ( 'NONE', #977, #1225, #7088, .T. ) ;
#1904 = VECTOR ( 'NONE', #7120, 39.37007874015748143 ) ;
#1905 = ORIENTED_EDGE ( 'NONE', *, *, #5158, .T. ) ;
#1906 = ORIENTED_EDGE ( 'NONE', *, *, #7133, .F. ) ;
#1907 = FACE_OUTER_BOUND ( 'NONE', #381, .T. ) ;
#1908 = ORIENTED_EDGE ( 'NONE', *, *, #8171, .F. ) ;
#1909 =( NAMED_UNIT ( * ) PLANE_ANGLE_UNIT ( ) SI_UNIT ( $, .RADIAN. ) );
#1910 = CARTESIAN_POINT ( 'NONE',  ( 0.2453562723636247278, 0.03516481420455546542, -0.08123784496837958835 ) ) ;
#1911 = STYLED_ITEM ( 'NONE', ( #7266 ), #4879 ) ;
#1912 = DIRECTION ( 'NONE',  ( -1.644517855226007801E-15, -1.000000000000000000, -6.123233995736764803E-17 ) ) ;
#1913 = EDGE_CURVE ( 'NONE', #4293, #2233, #5833, .T. ) ;
#1914 = CARTESIAN_POINT ( 'NONE',  ( 0.1923664450707125717, -0.01715373501898777298, -0.1437992128478284004 ) ) ;
#1915 = UNCERTAINTY_MEASURE_WITH_UNIT (LENGTH_MEASURE( 1.000000000000000082E-05 ), #2363, 'distance_accuracy_value', 'NONE');
#1916 = DIMENSIONAL_EXPONENTS ( 1.000000000000000000, 0.0000000000000000000, 0.0000000000000000000, 0.0000000000000000000, 0.0000000000000000000, 0.0000000000000000000, 0.0000000000000000000 ) ;
#1917 = ADVANCED_FACE ( 'NONE', ( #2854 ), #767, .F. ) ;
#1918 = COLOUR_RGB ( '',0.7607843137254901578, 0.7607843137254901578, 0.0000000000000000000 ) ;
#1919 = ORIENTED_EDGE ( 'NONE', *, *, #7913, .F. ) ;
#1920 = FACE_OUTER_BOUND ( 'NONE', #152, .T. ) ;
#1921 = CARTESIAN_POINT ( 'NONE',  ( 0.3928014512908295508, 0.1198104834959331788, -0.07915354355589927782 ) ) ;
#1922 = CARTESIAN_POINT ( 'NONE',  ( 0.2372226159726014416, 0.03516481420455546542, -0.1351377955249936924 ) ) ;
#1923 = CARTESIAN_POINT ( 'NONE',  ( 0.4754786166447397266, 0.04500733388959445719, -0.02726377977664890331 ) ) ;
#1924 =( NAMED_UNIT ( * ) SI_UNIT ( $, .STERADIAN. ) SOLID_ANGLE_UNIT ( ) );
#1925 = CARTESIAN_POINT ( 'NONE',  ( 0.1933643507908070769, -0.007659296307098001876, -0.1878937010368048610 ) ) ;
#1926 = CARTESIAN_POINT ( 'NONE',  ( 0.2514430687595301528, 0.04500733388959482495, -0.03730122072145040241 ) ) ;
#1927 = ORIENTED_EDGE ( 'NONE', *, *, #2626, .F. ) ;
#1928 = DIRECTION ( 'NONE',  ( -1.000000000000000000, -3.408447766453399072E-14, -1.748601263784622143E-15 ) ) ;
#1929 =( GEOMETRIC_REPRESENTATION_CONTEXT ( 3 ) GLOBAL_UNCERTAINTY_ASSIGNED_CONTEXT ( ( #397 ) ) GLOBAL_UNIT_ASSIGNED_CONTEXT ( ( #4671, #7210, #3358 ) ) REPRESENTATION_CONTEXT ( 'NONE', 'WORKASPACE' ) );
#1930 = CARTESIAN_POINT ( 'NONE',  ( 0.3496518449916169446, 0.1198104834959332482, -0.03600393725668660921 ) ) ;
#1931 = VERTEX_POINT ( 'NONE', #2069 ) ;
#1932 = LINE ( 'NONE', #3265, #6676 ) ;
#1933 = ORIENTED_EDGE ( 'NONE', *, *, #39, .T. ) ;
#1934 = DIRECTION ( 'NONE',  ( -1.748601263784621946E-15, 0.0000000000000000000, 1.000000000000000000 ) ) ;
#1935 = ORIENTED_EDGE ( 'NONE', *, *, #334, .T. ) ;
#1936 =( NAMED_UNIT ( * ) PLANE_ANGLE_UNIT ( ) SI_UNIT ( $, .RADIAN. ) );
#1937 = PRESENTATION_STYLE_ASSIGNMENT (( #5001 ) ) ;
#1938 = SURFACE_SIDE_STYLE ('',( #6295 ) ) ;
#1939 =( NAMED_UNIT ( * ) PLANE_ANGLE_UNIT ( ) SI_UNIT ( $, .RADIAN. ) );
#1940 = ORIENTED_EDGE ( 'NONE', *, *, #526, .F. ) ;
#1941 =( NAMED_UNIT ( * ) PLANE_ANGLE_UNIT ( ) SI_UNIT ( $, .RADIAN. ) );
#1942 = VECTOR ( 'NONE', #6184, 39.37007874015748143 ) ;
#1943 = LINE ( 'NONE', #3276, #2546 ) ;
#1944 = LENGTH_MEASURE_WITH_UNIT ( LENGTH_MEASURE( 0.02539999999999999897 ), #4962 );
#1945 = STYLED_ITEM ( 'NONE', ( #4785 ), #7525 ) ;
#1946 = PRESENTATION_LAYER_ASSIGNMENT (  '', '', ( #3539 ) ) ;
#1947 = ORIENTED_EDGE ( 'NONE', *, *, #2478, .F. ) ;
#1948 = ADVANCED_FACE ( 'NONE', ( #7129 ), #6628, .T. ) ;
#1949 = ORIENTED_EDGE ( 'NONE', *, *, #2933, .F. ) ;
#1950 = CARTESIAN_POINT ( 'NONE',  ( 0.4679366774381520933, 0.03516481420463383328, -0.2272637797750199917 ) ) ;
#1951 = ORIENTED_EDGE ( 'NONE', *, *, #5850, .T. ) ;
#1952 = DIRECTION ( 'NONE',  ( -1.000000000000000000, 1.644517855226007801E-15, -1.778650910260784742E-12 ) ) ;
#1953 = FACE_OUTER_BOUND ( 'NONE', #1888, .T. ) ;
#1954 = EDGE_CURVE ( 'NONE', #5324, #6752, #806, .T. ) ;
#1955 = CARTESIAN_POINT ( 'NONE',  ( 0.2313841284563806500, 0.03516481420463422880, -0.08789370103625360198 ) ) ;
#1956 = VECTOR ( 'NONE', #4445, 39.37007874015748143 ) ;
#1957 = EDGE_CURVE ( 'NONE', #1713, #7308, #3474, .T. ) ;
#1958 = LINE ( 'NONE', #5772, #4536 ) ;
#1959 = EDGE_CURVE ( 'NONE', #8112, #5033, #268, .T. ) ;
#1960 = ORIENTED_EDGE ( 'NONE', *, *, #8168, .F. ) ;
#1961 = CARTESIAN_POINT ( 'NONE',  ( 0.2514430687594518266, 0.03516481420455543766, -0.1373012207214504010 ) ) ;
#1962 = CARTESIAN_POINT ( 'NONE',  ( 0.4920108682644409037, 0.03516481420455504908, -0.1272637797765127365 ) ) ;
#1963 = SURFACE_STYLE_USAGE ( .BOTH. , #1493 ) ;
#1964 =( NAMED_UNIT ( * ) SI_UNIT ( $, .STERADIAN. ) SOLID_ANGLE_UNIT ( ) );
#1965 = EDGE_CURVE ( 'NONE', #4326, #673, #3928, .T. ) ;
#1966 = LINE ( 'NONE', #4497, #6423 ) ;
#1967 = CYLINDRICAL_SURFACE ( 'NONE', #2438, 0.01771653543307086243 ) ;
#1968 = ORIENTED_EDGE ( 'NONE', *, *, #7575, .T. ) ;
#1969 = CARTESIAN_POINT ( 'NONE',  ( 0.3496518449916173887, 0.1021333181416025221, -0.1791535435558992695 ) ) ;
#1970 = DIMENSIONAL_EXPONENTS ( 1.000000000000000000, 0.0000000000000000000, 0.0000000000000000000, 0.0000000000000000000, 0.0000000000000000000, 0.0000000000000000000, 0.0000000000000000000 ) ;
#1971 = DIRECTION ( 'NONE',  ( -1.000000000000000000, 1.644517855226007801E-15, -8.234490263801784106E-12 ) ) ;
#1972 = EDGE_CURVE ( 'NONE', #5437, #2957, #4012, .T. ) ;
#1973 = ORIENTED_EDGE ( 'NONE', *, *, #6325, .T. ) ;
#1974 = SURFACE_SIDE_STYLE ('',( #713 ) ) ;
#1975 = CARTESIAN_POINT ( 'NONE',  ( 0.3140612938105263874, 0.1060309559368545623, -0.08238189001259203781 ) ) ;
#1976 = DIRECTION ( 'NONE',  ( -5.224987109642144261E-11, 0.0000000000000000000, -1.000000000000000000 ) ) ;
#1977 = VERTEX_POINT ( 'NONE', #6469 ) ;
#1978 = CARTESIAN_POINT ( 'NONE',  ( 0.4554196763414990468, 0.03516481420455510459, -0.1373012207222373826 ) ) ;
#1979 =( LENGTH_UNIT ( ) NAMED_UNIT ( * ) SI_UNIT ( $, .METRE. ) );
#1980 = ORIENTED_EDGE ( 'NONE', *, *, #3631, .F. ) ;
#1981 = VECTOR ( 'NONE', #6254, 39.37007874015748143 ) ;
#1982 = DIRECTION ( 'NONE',  ( 0.4273849608040032333, -7.028421990972483826E-16, -0.9040697402737026822 ) ) ;
#1983 =( CONVERSION_BASED_UNIT ( 'INCH', #7619 ) LENGTH_UNIT ( ) NAMED_UNIT ( #6432 ) );
#1984 = ORIENTED_EDGE ( 'NONE', *, *, #2305, .T. ) ;
#1985 = LINE ( 'NONE', #7693, #6118 ) ;
#1986 = DIRECTION ( 'NONE',  ( 2.002473881159522504E-11, 1.000000000000000000, 3.501529842257294026E-26 ) ) ;
#1987 = VERTEX_POINT ( 'NONE', #4593 ) ;
#1988 = ORIENTED_EDGE ( 'NONE', *, *, #6310, .T. ) ;
#1989 = DIRECTION ( 'NONE',  ( -2.431700674155225860E-12, -1.000000000000000000, -4.252089701634316427E-27 ) ) ;
#1990 = ORIENTED_EDGE ( 'NONE', *, *, #3282, .F. ) ;
#1991 =( NAMED_UNIT ( * ) SI_UNIT ( $, .STERADIAN. ) SOLID_ANGLE_UNIT ( ) );
#1992 = DIRECTION ( 'NONE',  ( 0.9945218953682689600, 0.1045284632676950626, 8.189380864547705479E-12 ) ) ;
#1993 = LINE ( 'NONE', #1955, #6411 ) ;
#1994 = UNCERTAINTY_MEASURE_WITH_UNIT (LENGTH_MEASURE( 1.000000000000000082E-05 ), #1617, 'distance_accuracy_value', 'NONE');
#1995 = ORIENTED_EDGE ( 'NONE', *, *, #3979, .F. ) ;
#1996 = SURFACE_STYLE_FILL_AREA ( #1325 ) ;
#1997 = CARTESIAN_POINT ( 'NONE',  ( 0.4144549945979165151, 0.1060309559368543680, -0.1327755907997965612 ) ) ;
#1998 = STYLED_ITEM ( 'NONE', ( #4749 ), #1178 ) ;
#1999 =( NAMED_UNIT ( * ) PLANE_ANGLE_UNIT ( ) SI_UNIT ( $, .RADIAN. ) );
#2000 = DIRECTION ( 'NONE',  ( -1.000000000000000000, 1.644517855226007801E-15, -1.778650912061784734E-12 ) ) ;
#2001 = DIRECTION ( 'NONE',  ( 1.000000000000000000, 1.622150117326477356E-11, 9.859911151360783998E-12 ) ) ;
#2002 = DIRECTION ( 'NONE',  ( 0.9578264256925002051, -0.2873474173281004851, 0.0000000000000000000 ) ) ;
#2003 = ORIENTED_EDGE ( 'NONE', *, *, #677, .F. ) ;
#2004 = CARTESIAN_POINT ( 'NONE',  ( 0.2006796306912835559, -0.02488414520015491682, -0.1674212600919229299 ) ) ;
#2005 = EDGE_CURVE ( 'NONE', #4941, #6760, #6550, .T. ) ;
#2006 = ADVANCED_FACE ( 'NONE', ( #850 ), #1435, .F. ) ;
#2007 = PRESENTATION_LAYER_ASSIGNMENT (  '', '', ( #6379 ) ) ;
#2008 = EDGE_CURVE ( 'NONE', #2652, #2165, #5322, .T. ) ;
#2009 = LINE ( 'NONE', #1503, #155 ) ;
#2010 = EDGE_LOOP ( 'NONE', ( #6192, #3479, #4757, #6403 ) ) ;
#2011 = FACE_OUTER_BOUND ( 'NONE', #112, .T. ) ;
#2012 = CARTESIAN_POINT ( 'NONE',  ( 0.2453562723638220422, 0.04500733388959481801, -0.1812378449679858949 ) ) ;
#2013 = PRESENTATION_STYLE_ASSIGNMENT (( #3959 ) ) ;
#2014 = ORIENTED_EDGE ( 'NONE', *, *, #4988, .F. ) ;
#2015 = DIRECTION ( 'NONE',  ( -0.9945218953682685159, 0.1045284632676983655, -1.739022243102431967E-15 ) ) ;
#2016 = ORIENTED_EDGE ( 'NONE', *, *, #6870, .F. ) ;
#2017 = AXIS2_PLACEMENT_3D ( 'NONE', #5585, #3060, #3556 ) ;
#2018 = EDGE_CURVE ( 'NONE', #135, #4374, #3342, .T. ) ;
#2019 = AXIS2_PLACEMENT_3D ( 'NONE', #4299, #2516, #4418 ) ;
#2020 = VECTOR ( 'NONE', #1712, 39.37007874015748854 ) ;
#2021 =( NAMED_UNIT ( * ) PLANE_ANGLE_UNIT ( ) SI_UNIT ( $, .RADIAN. ) );
#2022 = VERTEX_POINT ( 'NONE', #3024 ) ;
#2023 = DIRECTION ( 'NONE',  ( -0.9945218953682685159, 0.1045284632676983655, -1.739022243102431967E-15 ) ) ;
#2024 = MECHANICAL_DESIGN_GEOMETRIC_PRESENTATION_REPRESENTATION (  '', ( #812 ), #7190 ) ;
#2025 = DIMENSIONAL_EXPONENTS ( 1.000000000000000000, 0.0000000000000000000, 0.0000000000000000000, 0.0000000000000000000, 0.0000000000000000000, 0.0000000000000000000, 0.0000000000000000000 ) ;
#2026 = CARTESIAN_POINT ( 'NONE',  ( 0.1921418968833506769, -0.01929016831111244820, -0.06892388780233671408 ) ) ;
#2027 = CARTESIAN_POINT ( 'NONE',  ( 0.4578091021353568602, -0.004205264535602351757, -0.2095942470915554690 ) ) ;
#2028 = AXIS2_PLACEMENT_3D ( 'NONE', #3994, #7149, #2131 ) ;
#2029 = B_SPLINE_CURVE_WITH_KNOTS ( 'NONE', 3,
 ( #6716, #4271, #3563, #1818, #4349, #3649, #3605, #2950, #6090, #5475 ),
 .UNSPECIFIED., .F., .F.,
 ( 4, 3, 3, 4 ),
 ( 2.474505902355471424E-17, 5.232092011450783337E-05, 0.0001048841986583178443, 0.0001556114547149465752 ),
 .UNSPECIFIED. ) ;
#2030 = ORIENTED_EDGE ( 'NONE', *, *, #7026, .F. ) ;
#2031 = VECTOR ( 'NONE', #4543, 39.37007874015748143 ) ;
#2032 = VECTOR ( 'NONE', #6972, 39.37007874015748143 ) ;
#2033 = ORIENTED_EDGE ( 'NONE', *, *, #6574, .F. ) ;
#2034 = DIRECTION ( 'NONE',  ( -1.644517855226007801E-15, -1.000000000000000000, -2.875605999964572744E-30 ) ) ;
#2035 = ORIENTED_EDGE ( 'NONE', *, *, #4935, .F. ) ;
#2036 = CARTESIAN_POINT ( 'NONE',  ( 0.4383240990377196833, 0.04008607404707482946, -0.1878937010367973948 ) ) ;
#2037 = CYLINDRICAL_SURFACE ( 'NONE', #8042, 0.007874015748031482076 ) ;
#2038 = CARTESIAN_POINT ( 'NONE',  ( 0.2372226159726408268, 0.04500733388959483189, -0.1272637797769622658 ) ) ;
#2039 = STYLED_ITEM ( 'NONE', ( #3880 ), #3422 ) ;
#2040 = CARTESIAN_POINT ( 'NONE',  ( 0.1897414014858934961, -0.02373449098435563565, -0.1674212600919229299 ) ) ;
#2041 = ORIENTED_EDGE ( 'NONE', *, *, #8084, .T. ) ;
#2042 =( NAMED_UNIT ( * ) PLANE_ANGLE_UNIT ( ) SI_UNIT ( $, .RADIAN. ) );
#2043 = COLOUR_RGB ( '',0.7607843137254901578, 0.7607843137254901578, 0.0000000000000000000 ) ;
#2044 = COLOUR_RGB ( '',0.2509803921568627416, 0.2509803921568627416, 0.2509803921568627416 ) ;
#2045 = DIRECTION ( 'NONE',  ( -0.1045284632676950626, 0.9945218953682689600, -8.607386130680116915E-13 ) ) ;
#2046 = PLANE ( 'NONE',  #5183 ) ;
#2047 =( CONVERSION_BASED_UNIT ( 'INCH', #2093 ) LENGTH_UNIT ( ) NAMED_UNIT ( #3511 ) );
#2048 = DIRECTION ( 'NONE',  ( 1.000000000000000000, -1.644517855226007801E-15, 1.748601263784621748E-15 ) ) ;
#2049 = LINE ( 'NONE', #2633, #5995 ) ;
#2050 = ORIENTED_EDGE ( 'NONE', *, *, #2370, .T. ) ;
#2051 = CARTESIAN_POINT ( 'NONE',  ( 0.4754786166450025164, 0.03516481420311536044, 0.004564358673763484371 ) ) ;
#2052 = PRESENTATION_LAYER_ASSIGNMENT (  '', '', ( #5629 ) ) ;
#2053 = PLANE ( 'NONE',  #284 ) ;
#2054 = ORIENTED_EDGE ( 'NONE', *, *, #7330, .F. ) ;
#2055 = FILL_AREA_STYLE_COLOUR ( '', #81 ) ;
#2056 = ADVANCED_FACE ( 'NONE', ( #2312 ), #4304, .F. ) ;
#2057 = LINE ( 'NONE', #5988, #55 ) ;
#2058 = EDGE_CURVE ( 'NONE', #4173, #2508, #6904, .T. ) ;
#2059 = VERTEX_POINT ( 'NONE', #6666 ) ;
#2060 = CARTESIAN_POINT ( 'NONE',  ( 0.4754786166451601126, 0.1217789874329369693, -0.2272637797765947876 ) ) ;
#2061 = CARTESIAN_POINT ( 'NONE',  ( 0.3496518449916173887, 0.1198104834959332482, -0.1791535435558992695 ) ) ;
#2062 = ORIENTED_EDGE ( 'NONE', *, *, #2414, .T. ) ;
#2063 = EDGE_CURVE ( 'NONE', #4374, #7775, #2937, .T. ) ;
#2064 = COLOUR_RGB ( '',0.7607843137254901578, 0.7607843137254901578, 0.0000000000000000000 ) ;
#2065 = FILL_AREA_STYLE ('',( #1306 ) ) ;
#2066 = EDGE_CURVE ( 'NONE', #4976, #4941, #2445, .T. ) ;
#2067 = CARTESIAN_POINT ( 'NONE',  ( 0.4561674782086246327, 0.03516481420455511153, -0.03139570891121379326 ) ) ;
#2068 = ORIENTED_EDGE ( 'NONE', *, *, #1449, .F. ) ;
#2069 = CARTESIAN_POINT ( 'NONE',  ( 0.3928014512908295508, 0.1021333181416024527, -0.08218503961889120357 ) ) ;
#2070 = EDGE_CURVE ( 'NONE', #4545, #5716, #7454, .T. ) ;
#2071 = CARTESIAN_POINT ( 'NONE',  ( 0.1906878136562551729, -0.02272122477122753489, -0.06747477588125748438 ) ) ;
#2072 = VECTOR ( 'NONE', #3188, 39.37007874015748143 ) ;
#2073 =( NAMED_UNIT ( * ) PLANE_ANGLE_UNIT ( ) SI_UNIT ( $, .RADIAN. ) );
#2074 = VERTEX_POINT ( 'NONE', #1765 ) ;
#2075 = AXIS2_PLACEMENT_3D ( 'NONE', #2638, #1383, #7959 ) ;
#2076 = EDGE_CURVE ( 'NONE', #5869, #7647, #3204, .T. ) ;
#2077 = CARTESIAN_POINT ( 'NONE',  ( 0.4998417493303337622, 0.02811385722240937468, -0.02726377977644824785 ) ) ;
#2078 = DIRECTION ( 'NONE',  ( 0.0000000000000000000, 0.0000000000000000000, 1.000000000000000000 ) ) ;
#2079 = ORIENTED_EDGE ( 'NONE', *, *, #6434, .F. ) ;
#2080 = DIRECTION ( 'NONE',  ( 0.9040697402368811364, -1.445602896646377098E-15, 0.4273849608818943713 ) ) ;
#2081 = LINE ( 'NONE', #1910, #1956 ) ;
#2082 =( NAMED_UNIT ( * ) PLANE_ANGLE_UNIT ( ) SI_UNIT ( $, .RADIAN. ) );
#2083 = DIRECTION ( 'NONE',  ( -1.644517855226007801E-15, -1.000000000000000000, -2.875605999964572744E-30 ) ) ;
#2084 = UNCERTAINTY_MEASURE_WITH_UNIT (LENGTH_MEASURE( 1.000000000000000082E-05 ), #1180, 'distance_accuracy_value', 'NONE');
#2085 = AXIS2_PLACEMENT_3D ( 'NONE', #7826, #4647, #3491 ) ;
#2086 = DIMENSIONAL_EXPONENTS ( 1.000000000000000000, 0.0000000000000000000, 0.0000000000000000000, 0.0000000000000000000, 0.0000000000000000000, 0.0000000000000000000, 0.0000000000000000000 ) ;
#2087 =( CONVERSION_BASED_UNIT ( 'INCH', #4028 ) LENGTH_UNIT ( ) NAMED_UNIT ( #2174 ) );
#2088 = ORIENTED_EDGE ( 'NONE', *, *, #5358, .T. ) ;
#2089 = FILL_AREA_STYLE_COLOUR ( '', #4978 ) ;
#2090 = AXIS2_PLACEMENT_3D ( 'NONE', #1641, #5428, #6177 ) ;
#2091 = FACE_OUTER_BOUND ( 'NONE', #5919, .T. ) ;
#2092 = FACE_OUTER_BOUND ( 'NONE', #770, .T. ) ;
#2093 = LENGTH_MEASURE_WITH_UNIT ( LENGTH_MEASURE( 0.02539999999999999897 ), #132 );
#2094 = PRESENTATION_STYLE_ASSIGNMENT (( #3338 ) ) ;
#2095 = ORIENTED_EDGE ( 'NONE', *, *, #1708, .T. ) ;
#2096 =( NAMED_UNIT ( * ) SI_UNIT ( $, .STERADIAN. ) SOLID_ANGLE_UNIT ( ) );
#2097 = STYLED_ITEM ( 'NONE', ( #5413 ), #6877 ) ;
#2098 = CARTESIAN_POINT ( 'NONE',  ( 0.4561674782084671476, 0.03516481420455511153, -0.03730122072223737706 ) ) ;
#2099 = ORIENTED_EDGE ( 'NONE', *, *, #3999, .F. ) ;
#2100 = CARTESIAN_POINT ( 'NONE',  ( 0.2019811918225133951, -0.01983667431789038968, -0.1693440471051540219 ) ) ;
#2101 = DIRECTION ( 'NONE',  ( 1.748601263784621748E-15, 0.0000000000000000000, -1.000000000000000000 ) ) ;
#2102 = STYLED_ITEM ( 'NONE', ( #3822 ), #7320 ) ;
#2103 = LINE ( 'NONE', #5954, #1904 ) ;
#2104 = SURFACE_SIDE_STYLE ('',( #2685 ) ) ;
#2105 = ORIENTED_EDGE ( 'NONE', *, *, #6106, .T. ) ;
#2106 = EDGE_CURVE ( 'NONE', #5533, #7221, #2357, .T. ) ;
#2107 = CARTESIAN_POINT ( 'NONE',  ( 0.1843617094242554211, -0.03570132752772790796, -0.04773622072184419141 ) ) ;
#2108 = CARTESIAN_POINT ( 'NONE',  ( 0.2313841284562234701, 0.03516481420601216823, -0.1272637797769622658 ) ) ;
#2109 =( CONVERSION_BASED_UNIT ( 'INCH', #4053 ) LENGTH_UNIT ( ) NAMED_UNIT ( #794 ) );
#2110 = ORIENTED_EDGE ( 'NONE', *, *, #5095, .T. ) ;
#2111 = CARTESIAN_POINT ( 'NONE',  ( 0.4536010832257904579, 0.03516481420455510459, -0.1781432499594027830 ) ) ;
#2112 = CARTESIAN_POINT ( 'NONE',  ( 0.1902427840463768449, -0.02326537358669318600, -0.06742126009192291047 ) ) ;
#2113 = DIRECTION ( 'NONE',  ( -0.6691306063588781106, 0.7431448254773763695, -1.084202172485503842E-15 ) ) ;
#2114 = EDGE_CURVE ( 'NONE', #7661, #1875, #3510, .T. ) ;
#2115 = EDGE_CURVE ( 'NONE', #2508, #3452, #7930, .T. ) ;
#2116 = EDGE_CURVE ( 'NONE', #7743, #3339, #7495, .T. ) ;
#2117 = ORIENTED_EDGE ( 'NONE', *, *, #6266, .F. ) ;
#2118 = EDGE_LOOP ( 'NONE', ( #2117, #4993, #2263, #979 ) ) ;
#2119 = EDGE_LOOP ( 'NONE', ( #267, #6085, #4334, #2156, #7004, #6591, #2740, #811 ) ) ;
#2120 = CARTESIAN_POINT ( 'NONE',  ( 0.1916282702576109498, -0.02108063623287758162, -0.04723852316359060388 ) ) ;
#2121 = AXIS2_PLACEMENT_3D ( 'NONE', #5540, #2596, #6237 ) ;
#2122 = DIRECTION ( 'NONE',  ( -1.000000000000000000, 2.290257463050552884E-10, 1.899046197220153931E-13 ) ) ;
#2123 = CARTESIAN_POINT ( 'NONE',  ( 0.3140612938105267204, 0.1021333181416025776, -0.1329724411934974648 ) ) ;
#2124 = EDGE_CURVE ( 'NONE', #5877, #5297, #8092, .T. ) ;
#2125 = AXIS2_PLACEMENT_3D ( 'NONE', #3576, #1700, #4244 ) ;
#2126 = EDGE_LOOP ( 'NONE', ( #4167, #3724, #486, #5416 ) ) ;
#2127 = CARTESIAN_POINT ( 'NONE',  ( 0.1897414014858934961, -0.02373449098435563565, -0.1674212600919229299 ) ) ;
#2128 = CARTESIAN_POINT ( 'NONE',  ( 0.4561674782085069491, 0.04500733388959446413, -0.1373012207222373826 ) ) ;
#2129 = PLANE ( 'NONE',  #7036 ) ;
#2130 = SURFACE_SIDE_STYLE ('',( #6690 ) ) ;
#2131 = DIRECTION ( 'NONE',  ( -0.6691306063588805531, -0.7431448254773741491, -5.510156374387435141E-12 ) ) ;
#2132 = ORIENTED_EDGE ( 'NONE', *, *, #2213, .F. ) ;
#2133 =( GEOMETRIC_REPRESENTATION_CONTEXT ( 3 ) GLOBAL_UNCERTAINTY_ASSIGNED_CONTEXT ( ( #6563 ) ) GLOBAL_UNIT_ASSIGNED_CONTEXT ( ( #4912, #483, #2404 ) ) REPRESENTATION_CONTEXT ( 'NONE', 'WORKASPACE' ) );
#2134 = SURFACE_STYLE_USAGE ( .BOTH. , #5948 ) ;
#2135 = DIRECTION ( 'NONE',  ( 8.234490263801784106E-12, -1.353889066150678573E-26, -1.000000000000000000 ) ) ;
#2136 = DIMENSIONAL_EXPONENTS ( 1.000000000000000000, 0.0000000000000000000, 0.0000000000000000000, 0.0000000000000000000, 0.0000000000000000000, 0.0000000000000000000, 0.0000000000000000000 ) ;
#2137 = FILL_AREA_STYLE_COLOUR ( '', #4784 ) ;
#2138 = PRESENTATION_LAYER_ASSIGNMENT (  '', '', ( #1998 ) ) ;
#2139 = ORIENTED_EDGE ( 'NONE', *, *, #6175, .F. ) ;
#2140 = LINE ( 'NONE', #4658, #3526 ) ;
#2141 = DIRECTION ( 'NONE',  ( 1.748601263784601238E-15, -1.263142004425999922E-14, -1.000000000000000000 ) ) ;
#2142 = ORIENTED_EDGE ( 'NONE', *, *, #4555, .F. ) ;
#2143 = AXIS2_PLACEMENT_3D ( 'NONE', #4290, #1750, #8085 ) ;
#2144 = DIRECTION ( 'NONE',  ( -0.9040697402684464423, 1.626303258728254482E-15, -0.4273849608151225055 ) ) ;
#2145 = CARTESIAN_POINT ( 'NONE',  ( 0.5151853795052333540, -0.02096163172394870100, -0.04719003121126832956 ) ) ;
#2146 = PRESENTATION_LAYER_ASSIGNMENT (  '', '', ( #1737 ) ) ;
#2147 = CARTESIAN_POINT ( 'NONE',  ( 0.2514430687598456782, 0.03516481420455543766, -0.1837617719025922414 ) ) ;
#2148 = VERTEX_POINT ( 'NONE', #4467 ) ;
#2149 = SURFACE_SIDE_STYLE ('',( #6510 ) ) ;
#2150 = CARTESIAN_POINT ( 'NONE',  ( 0.1905251482467712476, -0.03467250407036570614, -0.08789370103680482771 ) ) ;
#2151 = VECTOR ( 'NONE', #5081, 39.37007874015748143 ) ;
#2152 = ORIENTED_EDGE ( 'NONE', *, *, #8021, .T. ) ;
#2153 = MECHANICAL_DESIGN_GEOMETRIC_PRESENTATION_REPRESENTATION (  '', ( #5861 ), #7052 ) ;
#2154 = EDGE_LOOP ( 'NONE', ( #6458, #2105, #1382, #2385 ) ) ;
#2155 = EDGE_CURVE ( 'NONE', #67, #7221, #5721, .T. ) ;
#2156 = ORIENTED_EDGE ( 'NONE', *, *, #1650, .F. ) ;
#2157 = CARTESIAN_POINT ( 'NONE',  ( 0.1918262733044185930, -0.02049086673025975885, -0.04694319905792721653 ) ) ;
#2158 = EDGE_CURVE ( 'NONE', #6200, #6622, #5460, .T. ) ;
#2159 =( CONVERSION_BASED_UNIT ( 'INCH', #2782 ) LENGTH_UNIT ( ) NAMED_UNIT ( #2938 ) );
#2160 =( NAMED_UNIT ( * ) SI_UNIT ( $, .STERADIAN. ) SOLID_ANGLE_UNIT ( ) );
#2161 = EDGE_CURVE ( 'NONE', #6940, #2523, #6374, .T. ) ;
#2162 = AXIS2_PLACEMENT_3D ( 'NONE', #4072, #6445, #4572 ) ;
#2163 = AXIS2_PLACEMENT_3D ( 'NONE', #3327, #4104, #6604 ) ;
#2164 = DIRECTION ( 'NONE',  ( 0.0000000000000000000, 1.000000000000000000, 0.0000000000000000000 ) ) ;
#2165 = VERTEX_POINT ( 'NONE', #3101 ) ;
#2166 = CARTESIAN_POINT ( 'NONE',  ( 0.1838181954782060479, -0.05876606348099561172, -0.07529527584204262491 ) ) ;
#2167 = CARTESIAN_POINT ( 'NONE',  ( 0.5134983943106640192, -0.007659296307098515354, -0.08789370103617834273 ) ) ;
#2168 = EDGE_CURVE ( 'NONE', #3481, #6443, #5665, .T. ) ;
#2169 = CARTESIAN_POINT ( 'NONE',  ( 0.4578091021359867452, 0.003668751212429131620, -0.005563233721056288356 ) ) ;
#2170 = FACE_OUTER_BOUND ( 'NONE', #6708, .T. ) ;
#2171 =( NAMED_UNIT ( * ) SI_UNIT ( $, .STERADIAN. ) SOLID_ANGLE_UNIT ( ) );
#2172 = AXIS2_PLACEMENT_3D ( 'NONE', #3676, #1096, #1052 ) ;
#2173 = LINE ( 'NONE', #7109, #7055 ) ;
#2174 = DIMENSIONAL_EXPONENTS ( 1.000000000000000000, 0.0000000000000000000, 0.0000000000000000000, 0.0000000000000000000, 0.0000000000000000000, 0.0000000000000000000, 0.0000000000000000000 ) ;
#2175 = EDGE_CURVE ( 'NONE', #8093, #610, #6292, .T. ) ;
#2176 = AXIS2_PLACEMENT_3D ( 'NONE', #1463, #1508, #878 ) ;
#2177 = ORIENTED_EDGE ( 'NONE', *, *, #2728, .T. ) ;
#2178 = LINE ( 'NONE', #4700, #8009 ) ;
#2179 = FILL_AREA_STYLE ('',( #7797 ) ) ;
#2180 = CARTESIAN_POINT ( 'NONE',  ( 0.1794316161830393219, -0.03078006768520823513, -0.1674212600919229854 ) ) ;
#2181 = CARTESIAN_POINT ( 'NONE',  ( 0.2924077505034283209, 0.1060309559368545762, -0.1327755907997967555 ) ) ;
#2182 = LINE ( 'NONE', #1509, #438 ) ;
#2183 = SURFACE_STYLE_FILL_AREA ( #4663 ) ;
#2184 = ORIENTED_EDGE ( 'NONE', *, *, #6684, .F. ) ;
#2185 = MECHANICAL_DESIGN_GEOMETRIC_PRESENTATION_REPRESENTATION (  '', ( #7083 ), #2714 ) ;
#2186 = CARTESIAN_POINT ( 'NONE',  ( 0.3140612938105267204, 0.1021333181416025776, -0.1329724411934974648 ) ) ;
#2187 = PRESENTATION_STYLE_ASSIGNMENT (( #3471 ) ) ;
#2188 = STYLED_ITEM ( 'NONE', ( #2573 ), #5258 ) ;
#2189 = CARTESIAN_POINT ( 'NONE',  ( 0.3140612938105266649, 0.1021333181416025776, -0.1821850396188910703 ) ) ;
#2190 = DIRECTION ( 'NONE',  ( 1.644517855226008195E-15, 1.000000000000000000, 2.890435660536364269E-30 ) ) ;
#2191 = ORIENTED_EDGE ( 'NONE', *, *, #7335, .T. ) ;
#2192 = CARTESIAN_POINT ( 'NONE',  ( 0.3928014512908299394, 0.1020939480628622748, -0.1791535435558992695 ) ) ;
#2193 = DIMENSIONAL_EXPONENTS ( 1.000000000000000000, 0.0000000000000000000, 0.0000000000000000000, 0.0000000000000000000, 0.0000000000000000000, 0.0000000000000000000, 0.0000000000000000000 ) ;
#2194 = CARTESIAN_POINT ( 'NONE',  ( 0.3928014512908298839, 0.1198104834959331511, -0.1360039372566872740 ) ) ;
#2195 = CIRCLE ( 'NONE', #1519, 0.007874015748031516770 ) ;
#2196 = ORIENTED_EDGE ( 'NONE', *, *, #5514, .T. ) ;
#2197 = VERTEX_POINT ( 'NONE', #2604 ) ;
#2198 = MECHANICAL_DESIGN_GEOMETRIC_PRESENTATION_REPRESENTATION (  '', ( #463 ), #4188 ) ;
#2199 = ORIENTED_EDGE ( 'NONE', *, *, #5103, .F. ) ;
#2200 = CARTESIAN_POINT ( 'NONE',  ( 0.2019811918225122294, -0.01983667431789455649, -0.1458134337085990051 ) ) ;
#2201 = FILL_AREA_STYLE ('',( #6092 ) ) ;
#2202 = AXIS2_PLACEMENT_3D ( 'NONE', #1394, #4510, #763 ) ;
#2203 = ORIENTED_EDGE ( 'NONE', *, *, #6430, .T. ) ;
#2204 =( NAMED_UNIT ( * ) PLANE_ANGLE_UNIT ( ) SI_UNIT ( $, .RADIAN. ) );
#2205 = EDGE_LOOP ( 'NONE', ( #7656, #5708, #4838, #3890 ) ) ;
#2206 = SURFACE_SIDE_STYLE ('',( #1736 ) ) ;
#2207 = FILL_AREA_STYLE ('',( #5359 ) ) ;
#2208 = FILL_AREA_STYLE ('',( #4691 ) ) ;
#2209 = COLOUR_RGB ( '',1.000000000000000000, 1.000000000000000000, 1.000000000000000000 ) ;
#2210 =( CONVERSION_BASED_UNIT ( 'INCH', #408 ) LENGTH_UNIT ( ) NAMED_UNIT ( #2661 ) );
#2211 = CARTESIAN_POINT ( 'NONE',  ( 0.4920108682637896469, 0.02729079845652356354, 0.05177338557781805545 ) ) ;
#2212 = SURFACE_SIDE_STYLE ('',( #410 ) ) ;
#2213 = EDGE_CURVE ( 'NONE', #977, #4197, #7032, .T. ) ;
#2214 = MECHANICAL_DESIGN_GEOMETRIC_PRESENTATION_REPRESENTATION (  '', ( #7246 ), #2878 ) ;
#2215 = VECTOR ( 'NONE', #3156, 39.37007874015748143 ) ;
#2216 = LINE ( 'NONE', #1576, #1600 ) ;
#2217 = EDGE_LOOP ( 'NONE', ( #3009, #7191, #4107, #1529 ) ) ;
#2218 = EDGE_CURVE ( 'NONE', #4099, #3287, #6863, .T. ) ;
#2219 = CARTESIAN_POINT ( 'NONE',  ( 0.3928014512908298839, 0.1021333181416024388, -0.1360039372566872740 ) ) ;
#2220 = CARTESIAN_POINT ( 'NONE',  ( 0.3829589316058804593, 0.001406169436130047957, -0.2171361863450986807 ) ) ;
#2221 = SURFACE_STYLE_USAGE ( .BOTH. , #7884 ) ;
#2222 = DIRECTION ( 'NONE',  ( 1.644517855226008195E-15, 1.000000000000000000, 2.890435660536364269E-30 ) ) ;
#2223 = VERTEX_POINT ( 'NONE', #3183 ) ;
#2224 = AXIS2_PLACEMENT_3D ( 'NONE', #5903, #7751, #2631 ) ;
#2225 = ADVANCED_FACE ( 'NONE', ( #7567 ), #8142, .F. ) ;
#2226 =( LENGTH_UNIT ( ) NAMED_UNIT ( * ) SI_UNIT ( $, .METRE. ) );
#2227 = COLOUR_RGB ( '',1.000000000000000000, 1.000000000000000000, 1.000000000000000000 ) ;
#2228 =( NAMED_UNIT ( * ) SI_UNIT ( $, .STERADIAN. ) SOLID_ANGLE_UNIT ( ) );
#2229 = VERTEX_POINT ( 'NONE', #6902 ) ;
#2230 = CARTESIAN_POINT ( 'NONE',  ( 0.5151853795052337981, -0.02096163172394871835, -0.1471900312112683351 ) ) ;
#2231 = ORIENTED_EDGE ( 'NONE', *, *, #2766, .F. ) ;
#2232 =( NAMED_UNIT ( * ) SI_UNIT ( $, .STERADIAN. ) SOLID_ANGLE_UNIT ( ) );
#2233 = VERTEX_POINT ( 'NONE', #8180 ) ;
#2234 = ORIENTED_EDGE ( 'NONE', *, *, #2066, .T. ) ;
#2235 = CARTESIAN_POINT ( 'NONE',  ( 0.3140612938105267204, 0.1060309559368545484, -0.1319881892249936406 ) ) ;
#2236 = DIRECTION ( 'NONE',  ( 1.644517855226008195E-15, 1.000000000000000000, 2.890435660536364269E-30 ) ) ;
#2237 = DIRECTION ( 'NONE',  ( 0.0000000000000000000, 1.000000000000000000, 0.0000000000000000000 ) ) ;
#2238 = MECHANICAL_DESIGN_GEOMETRIC_PRESENTATION_REPRESENTATION (  '', ( #6347 ), #4232 ) ;
#2239 = UNCERTAINTY_MEASURE_WITH_UNIT (LENGTH_MEASURE( 1.000000000000000082E-05 ), #5021, 'distance_accuracy_value', 'NONE');
#2240 = PRESENTATION_LAYER_ASSIGNMENT (  '', '', ( #3445 ) ) ;
#2241 = ORIENTED_EDGE ( 'NONE', *, *, #1692, .F. ) ;
#2242 = EDGE_LOOP ( 'NONE', ( #4707, #3262, #8044, #7784 ) ) ;
#2243 = CARTESIAN_POINT ( 'NONE',  ( 0.4696401291264991618, 0.03516481420455507684, -0.1878937010365682170 ) ) ;
#2244 =( LENGTH_UNIT ( ) NAMED_UNIT ( * ) SI_UNIT ( $, .METRE. ) );
#2245 = CARTESIAN_POINT ( 'NONE',  ( 0.5172050357898659856, -0.02375406862796466609, -0.1674212600912659554 ) ) ;
#2246 = VECTOR ( 'NONE', #1661, 39.37007874015748143 ) ;
#2247 = ORIENTED_EDGE ( 'NONE', *, *, #1295, .T. ) ;
#2248 = CARTESIAN_POINT ( 'NONE',  ( 0.4696401291258294752, 0.04500733388959446413, -0.08789370103656818367 ) ) ;
#2249 = CARTESIAN_POINT ( 'NONE',  ( 0.2389260676367348513, 0.03516481420750823539, -0.2272637797758069733 ) ) ;
#2250 = DIRECTION ( 'NONE',  ( -1.644517855226008195E-15, -1.000000000000000000, -0.0000000000000000000 ) ) ;
#2251 = SURFACE_STYLE_FILL_AREA ( #5497 ) ;
#2252 = CARTESIAN_POINT ( 'NONE',  ( 0.4754786166451601126, 0.1020939480628582363, 0.01210629896319561152 ) ) ;
#2253 = EDGE_CURVE ( 'NONE', #8093, #2846, #4425, .T. ) ;
#2254 = CARTESIAN_POINT ( 'NONE',  ( 0.4754786166453180418, 0.04500733388959444331, -0.1878937010364894467 ) ) ;
#2255 = ORIENTED_EDGE ( 'NONE', *, *, #3729, .T. ) ;
#2256 = ADVANCED_FACE ( 'NONE', ( #5291 ), #1465, .F. ) ;
#2257 = EDGE_CURVE ( 'NONE', #2074, #7334, #7688, .T. ) ;
#2258 =( GEOMETRIC_REPRESENTATION_CONTEXT ( 3 ) GLOBAL_UNCERTAINTY_ASSIGNED_CONTEXT ( ( #7634 ) ) GLOBAL_UNIT_ASSIGNED_CONTEXT ( ( #7364, #5543, #2397 ) ) REPRESENTATION_CONTEXT ( 'NONE', 'WORKASPACE' ) );
#2259 = LENGTH_MEASURE_WITH_UNIT ( LENGTH_MEASURE( 0.02539999999999999897 ), #2226 );
#2260 = CARTESIAN_POINT ( 'NONE',  ( 0.1843617094242556986, -0.01798479209465704554, -0.04822661442263162512 ) ) ;
#2261 = DIRECTION ( 'NONE',  ( 1.644517855226008195E-15, 1.000000000000000000, 2.890435660536364269E-30 ) ) ;
#2262 = ORIENTED_EDGE ( 'NONE', *, *, #1495, .F. ) ;
#2263 = ORIENTED_EDGE ( 'NONE', *, *, #2317, .F. ) ;
#2264 = AXIS2_PLACEMENT_3D ( 'NONE', #377, #7273, #4861 ) ;
#2265 = B_SPLINE_CURVE_WITH_KNOTS ( 'NONE', 3,
 ( #4957, #3808, #2493, #1263 ),
 .UNSPECIFIED., .F., .F.,
 ( 4, 4 ),
 ( 2.028273369395585233E-16, 0.0001438460554596459272 ),
 .UNSPECIFIED. ) ;
#2266 = EDGE_CURVE ( 'NONE', #2499, #3154, #261, .T. ) ;
#2267 = CARTESIAN_POINT ( 'NONE',  ( 0.4754786166452190099, 0.04240671319253163513, 0.01210629896319561152 ) ) ;
#2268 = ADVANCED_FACE ( 'NONE', ( #7160 ), #1510, .T. ) ;
#2269 = AXIS2_PLACEMENT_3D ( 'NONE', #1010, #5422, #1053 ) ;
#2270 = VERTEX_POINT ( 'NONE', #5918 ) ;
#2271 = DIRECTION ( 'NONE',  ( -1.644517855226008195E-15, -1.000000000000000000, -6.123233995736766036E-17 ) ) ;
#2272 = EDGE_LOOP ( 'NONE', ( #7139, #3912, #6274, #6416 ) ) ;
#2273 =( NAMED_UNIT ( * ) SI_UNIT ( $, .STERADIAN. ) SOLID_ANGLE_UNIT ( ) );
#2274 = VECTOR ( 'NONE', #5660, 39.37007874015748143 ) ;
#2275 = CARTESIAN_POINT ( 'NONE',  ( 0.5061831144100222835, -0.02488414520016216797, -0.1674212600913566884 ) ) ;
#2276 = CARTESIAN_POINT ( 'NONE',  ( 0.2018299441358810120, -0.02127569993138964458, -0.1470670064287320222 ) ) ;
#2277 = FILL_AREA_STYLE ('',( #7940 ) ) ;
#2278 =( NAMED_UNIT ( * ) SI_UNIT ( $, .STERADIAN. ) SOLID_ANGLE_UNIT ( ) );
#2279 = PRESENTATION_LAYER_ASSIGNMENT (  '', '', ( #6253 ) ) ;
#2280 = FACE_OUTER_BOUND ( 'NONE', #6170, .T. ) ;
#2281 = EDGE_LOOP ( 'NONE', ( #5816, #6992, #4054, #3368 ) ) ;
#2282 = ORIENTED_EDGE ( 'NONE', *, *, #5417, .T. ) ;
#2283 = LINE ( 'NONE', #6020, #2940 ) ;
#2284 = FILL_AREA_STYLE ('',( #5401 ) ) ;
#2285 = LENGTH_MEASURE_WITH_UNIT ( LENGTH_MEASURE( 0.02539999999999999897 ), #3615 );
#2286 = SURFACE_SIDE_STYLE ('',( #6062 ) ) ;
#2287 = LINE ( 'NONE', #5531, #1402 ) ;
#2288 = CARTESIAN_POINT ( 'NONE',  ( 0.2703607577135457296, -0.06735471599197999371, -0.02687027388247394469 ) ) ;
#2289 = MECHANICAL_DESIGN_GEOMETRIC_PRESENTATION_REPRESENTATION (  '', ( #3748 ), #5733 ) ;
#2290 = VECTOR ( 'NONE', #5647, 39.37007874015748143 ) ;
#2291 = DIMENSIONAL_EXPONENTS ( 1.000000000000000000, 0.0000000000000000000, 0.0000000000000000000, 0.0000000000000000000, 0.0000000000000000000, 0.0000000000000000000, 0.0000000000000000000 ) ;
#2292 = FILL_AREA_STYLE_COLOUR ( '', #4666 ) ;
#2293 = ORIENTED_EDGE ( 'NONE', *, *, #2116, .F. ) ;
#2294 = DIRECTION ( 'NONE',  ( 1.000000000000000000, -1.644517855226007801E-15, 1.748601263784621748E-15 ) ) ;
#2295 = VECTOR ( 'NONE', #7453, 39.37007874015748143 ) ;
#2296 = STYLED_ITEM ( 'NONE', ( #4549 ), #3332 ) ;
#2297 =( LENGTH_UNIT ( ) NAMED_UNIT ( * ) SI_UNIT ( $, .METRE. ) );
#2298 =( NAMED_UNIT ( * ) PLANE_ANGLE_UNIT ( ) SI_UNIT ( $, .RADIAN. ) );
#2299 = LINE ( 'NONE', #1084, #2975 ) ;
#2300 = CARTESIAN_POINT ( 'NONE',  ( 0.5483132623141999673, -0.03570132752772851858, -0.1477362207209310108 ) ) ;
#2301 = VERTEX_POINT ( 'NONE', #229 ) ;
#2302 = CARTESIAN_POINT ( 'NONE',  ( 0.4561674782086251323, 0.03516481420455509765, -0.1313957089112138266 ) ) ;
#2303 = VECTOR ( 'NONE', #3257, 39.37007874015748143 ) ;
#2304 = VECTOR ( 'NONE', #7618, 39.37007874015748143 ) ;
#2305 = EDGE_CURVE ( 'NONE', #6134, #2947, #4050, .T. ) ;
#2306 = SURFACE_STYLE_USAGE ( .BOTH. , #6034 ) ;
#2307 = EDGE_CURVE ( 'NONE', #2891, #4739, #1625, .T. ) ;
#2308 = CARTESIAN_POINT ( 'NONE',  ( 0.4554196763377191814, 0.04500733388959449188, -0.07785626009188305330 ) ) ;
#2309 = LINE ( 'NONE', #3639, #7677 ) ;
#2310 = EDGE_LOOP ( 'NONE', ( #5008, #6646, #1235, #6878, #3611, #3284 ) ) ;
#2311 = ADVANCED_FACE ( 'NONE', ( #4742 ), #3587, .T. ) ;
#2312 = FACE_OUTER_BOUND ( 'NONE', #981, .T. ) ;
#2313 = ORIENTED_EDGE ( 'NONE', *, *, #2775, .F. ) ;
#2314 = CARTESIAN_POINT ( 'NONE',  ( 0.4536010832257899028, 0.03516481420455512541, -0.003641732532867354363 ) ) ;
#2315 = AXIS2_PLACEMENT_3D ( 'NONE', #3291, #2783, #5804 ) ;
#2316 = EDGE_CURVE ( 'NONE', #2719, #8155, #4864, .T. ) ;
#2317 = EDGE_CURVE ( 'NONE', #6505, #7682, #6114, .T. ) ;
#2318 = ORIENTED_EDGE ( 'NONE', *, *, #3486, .T. ) ;
#2319 = LENGTH_MEASURE_WITH_UNIT ( LENGTH_MEASURE( 0.02539999999999999897 ), #7213 );
#2320 = ORIENTED_EDGE ( 'NONE', *, *, #2317, .T. ) ;
#2321 = EDGE_CURVE ( 'NONE', #1682, #634, #3351, .T. ) ;
#2322 = FACE_OUTER_BOUND ( 'NONE', #2217, .T. ) ;
#2323 = CARTESIAN_POINT ( 'NONE',  ( 0.2490536793154355943, 0.003668751212508218531, -0.005563233721056699485 ) ) ;
#2324 = CARTESIAN_POINT ( 'NONE',  ( 0.4561674782085069491, 0.04500733388959446413, -0.1373012207222373826 ) ) ;
#2325 = CARTESIAN_POINT ( 'NONE',  ( 0.5483132623141995232, -0.03570132752772850471, -0.04773622072093100521 ) ) ;
#2326 = AXIS2_PLACEMENT_3D ( 'NONE', #4076, #5319, #294 ) ;
#2327 = FACE_OUTER_BOUND ( 'NONE', #5425, .T. ) ;
#2328 = UNCERTAINTY_MEASURE_WITH_UNIT (LENGTH_MEASURE( 1.000000000000000082E-05 ), #7156, 'distance_accuracy_value', 'NONE');
#2329 = EDGE_CURVE ( 'NONE', #7155, #4833, #6742, .T. ) ;
#2330 = AXIS2_PLACEMENT_3D ( 'NONE', #6227, #4771, #3006 ) ;
#2331 = VERTEX_POINT ( 'NONE', #1085 ) ;
#2332 = DIRECTION ( 'NONE',  ( -0.4273849608099042907, 7.028421991069578798E-16, -0.9040697402709132469 ) ) ;
#2333 = VERTEX_POINT ( 'NONE', #1754 ) ;
#2334 =( CONVERSION_BASED_UNIT ( 'INCH', #4239 ) LENGTH_UNIT ( ) NAMED_UNIT ( #6594 ) );
#2335 = DIRECTION ( 'NONE',  ( -1.090273704650695340E-09, 0.0000000000000000000, 1.000000000000000000 ) ) ;
#2336 = CARTESIAN_POINT ( 'NONE',  ( 0.5225010356770466435, -0.03570132752772847001, -0.06742126009122235974 ) ) ;
#2337 = DIRECTION ( 'NONE',  ( 1.644517855226008195E-15, 1.000000000000000000, 2.890435660536364269E-30 ) ) ;
#2338 = LINE ( 'NONE', #3495, #4405 ) ;
#2339 = DIRECTION ( 'NONE',  ( 1.644517855226008195E-15, 1.000000000000000000, 2.890435660536364269E-30 ) ) ;
#2340 = VECTOR ( 'NONE', #7879, 39.37007874015748143 ) ;
#2341 = CARTESIAN_POINT ( 'NONE',  ( 0.2506952668945302554, 0.03516481420455545848, -0.07785626009156855487 ) ) ;
#2342 = ORIENTED_EDGE ( 'NONE', *, *, #2428, .T. ) ;
#2343 = PLANE ( 'NONE',  #864 ) ;
#2344 = AXIS2_PLACEMENT_3D ( 'NONE', #4808, #1491, #2829 ) ;
#2345 = SPHERICAL_SURFACE ( 'NONE', #2932, 0.007874015748031495954 ) ;
#2346 = FILL_AREA_STYLE_COLOUR ( '', #3551 ) ;
#2347 = FACE_OUTER_BOUND ( 'NONE', #4468, .T. ) ;
#2348 = DIRECTION ( 'NONE',  ( 0.0000000000000000000, 0.0000000000000000000, 1.000000000000000000 ) ) ;
#2349 = ORIENTED_EDGE ( 'NONE', *, *, #4491, .F. ) ;
#2350 = LINE ( 'NONE', #2929, #5820 ) ;
#2351 = MECHANICAL_DESIGN_GEOMETRIC_PRESENTATION_REPRESENTATION (  '', ( #8157 ), #3403 ) ;
#2352 = CARTESIAN_POINT ( 'NONE',  ( 0.4754786166452389939, 0.03516481420455509072, -0.08789370103649142563 ) ) ;
#2353 = CARTESIAN_POINT ( 'NONE',  ( 0.4998417493303342063, 0.02811385722240935386, -0.1272637797764482603 ) ) ;
#2354 = ORIENTED_EDGE ( 'NONE', *, *, #7911, .F. ) ;
#2355 = AXIS2_PLACEMENT_3D ( 'NONE', #5892, #4756, #5343 ) ;
#2356 = CARTESIAN_POINT ( 'NONE',  ( 0.3142156862761680269, 0.1217789874329372468, 0.01210629896398272669 ) ) ;
#2357 = LINE ( 'NONE', #4133, #2943 ) ;
#2358 = DIMENSIONAL_EXPONENTS ( 1.000000000000000000, 0.0000000000000000000, 0.0000000000000000000, 0.0000000000000000000, 0.0000000000000000000, 0.0000000000000000000, 0.0000000000000000000 ) ;
#2359 = ORIENTED_EDGE ( 'NONE', *, *, #7498, .T. ) ;
#2360 = CARTESIAN_POINT ( 'NONE',  ( 0.2532616618757507210, 0.03516481420455545848, -0.07814324995916692440 ) ) ;
#2361 = EDGE_CURVE ( 'NONE', #6584, #6239, #6778, .T. ) ;
#2362 = MECHANICAL_DESIGN_GEOMETRIC_PRESENTATION_REPRESENTATION (  '', ( #352 ), #4867 ) ;
#2363 =( CONVERSION_BASED_UNIT ( 'INCH', #2319 ) LENGTH_UNIT ( ) NAMED_UNIT ( #3356 ) );
#2364 = ORIENTED_EDGE ( 'NONE', *, *, #6870, .T. ) ;
#2365 = SURFACE_SIDE_STYLE ('',( #6753 ) ) ;
#2366 = CARTESIAN_POINT ( 'NONE',  ( 0.2313841284562628275, 0.04500733388959484577, -0.1272637797769622658 ) ) ;
#2367 = VECTOR ( 'NONE', #4971, 39.37007874015748143 ) ;
#2368 = DIRECTION ( 'NONE',  ( -0.5730959463344971194, 0.8184658334308991812, -0.04092329167150090402 ) ) ;
#2369 = DIRECTION ( 'NONE',  ( -0.09052430460421928560, 0.8612812260087807648, -0.5000000000007341905 ) ) ;
#2370 = EDGE_CURVE ( 'NONE', #3198, #1293, #6821, .T. ) ;
#2371 = EDGE_CURVE ( 'NONE', #1591, #6989, #7965, .T. ) ;
#2372 = EDGE_CURVE ( 'NONE', #2621, #5620, #1127, .T. ) ;
#2373 = ORIENTED_EDGE ( 'NONE', *, *, #4642, .T. ) ;
#2374 = DIRECTION ( 'NONE',  ( 1.000000000000000000, -1.644517855226007801E-15, 1.748601263784621748E-15 ) ) ;
#2375 = VERTEX_POINT ( 'NONE', #4825 ) ;
#2376 = SURFACE_SIDE_STYLE ('',( #3003 ) ) ;
#2377 = CARTESIAN_POINT ( 'NONE',  ( 0.4920108682649397824, 0.02729079845652356354, -0.08789370103635522902 ) ) ;
#2378 = DIRECTION ( 'NONE',  ( -1.000000000000000000, 1.644517855226007801E-15, -8.234490263801784106E-12 ) ) ;
#2379 = B_SPLINE_CURVE_WITH_KNOTS ( 'NONE', 3,
 ( #4906, #5455, #1798, #5931, #7445, #5579 ),
 .UNSPECIFIED., .F., .F.,
 ( 4, 2, 4 ),
 ( 1.084202172485504314E-19, 7.684400780240825376E-05, 0.0001536880156048163991 ),
 .UNSPECIFIED. ) ;
#2380 = EDGE_CURVE ( 'NONE', #7647, #1079, #7276, .T. ) ;
#2381 = DIRECTION ( 'NONE',  ( -0.06844477287005698574, 0.6512085141311785286, -0.7558060493207426900 ) ) ;
#2382 = CARTESIAN_POINT ( 'NONE',  ( 0.4554196763394125491, 0.03516481420455510459, -0.1778562600918830727 ) ) ;
#2383 = VECTOR ( 'NONE', #2455, 39.37007874015748143 ) ;
#2384 = FACE_OUTER_BOUND ( 'NONE', #6480, .T. ) ;
#2385 = ORIENTED_EDGE ( 'NONE', *, *, #7436, .F. ) ;
#2386 = SURFACE_STYLE_USAGE ( .BOTH. , #6933 ) ;
#2387 = FACE_OUTER_BOUND ( 'NONE', #442, .T. ) ;
#2388 = DIRECTION ( 'NONE',  ( -1.644517855226008195E-15, -1.000000000000000000, -6.123233995736766036E-17 ) ) ;
#2389 =( NAMED_UNIT ( * ) PLANE_ANGLE_UNIT ( ) SI_UNIT ( $, .RADIAN. ) );
#2390 = CARTESIAN_POINT ( 'NONE',  ( 0.5050327824129667853, -0.02127552341817109255, -0.1470668526629188011 ) ) ;
#2391 = ORIENTED_EDGE ( 'NONE', *, *, #2918, .F. ) ;
#2392 = VECTOR ( 'NONE', #1928, 39.37007874015748143 ) ;
#2393 = SURFACE_STYLE_FILL_AREA ( #4294 ) ;
#2394 = DIMENSIONAL_EXPONENTS ( 1.000000000000000000, 0.0000000000000000000, 0.0000000000000000000, 0.0000000000000000000, 0.0000000000000000000, 0.0000000000000000000, 0.0000000000000000000 ) ;
#2395 =( LENGTH_UNIT ( ) NAMED_UNIT ( * ) SI_UNIT ( $, .METRE. ) );
#2396 = COLOUR_RGB ( '',0.7607843137254901578, 0.7607843137254901578, 0.0000000000000000000 ) ;
#2397 =( NAMED_UNIT ( * ) SI_UNIT ( $, .STERADIAN. ) SOLID_ANGLE_UNIT ( ) );
#2398 = ORIENTED_EDGE ( 'NONE', *, *, #6732, .F. ) ;
#2399 = LINE ( 'NONE', #516, #6802 ) ;
#2400 =( CONVERSION_BASED_UNIT ( 'INCH', #8057 ) LENGTH_UNIT ( ) NAMED_UNIT ( #1970 ) );
#2401 = VECTOR ( 'NONE', #6381, 39.37007874015748143 ) ;
#2402 = COLOUR_RGB ( '',0.7607843137254901578, 0.7607843137254901578, 0.0000000000000000000 ) ;
#2403 = CARTESIAN_POINT ( 'NONE',  ( 0.2506952668945306439, 0.03516481420455543766, -0.1778562600915685743 ) ) ;
#2404 =( NAMED_UNIT ( * ) SI_UNIT ( $, .STERADIAN. ) SOLID_ANGLE_UNIT ( ) );
#2405 = ORIENTED_EDGE ( 'NONE', *, *, #2266, .F. ) ;
#2406 = CARTESIAN_POINT ( 'NONE',  ( 0.1585494827869405321, -0.03570132752772788021, -0.06742126009192302150 ) ) ;
#2407 = LINE ( 'NONE', #5520, #2905 ) ;
#2408 =( LENGTH_UNIT ( ) NAMED_UNIT ( * ) SI_UNIT ( $, .METRE. ) );
#2409 =( LENGTH_UNIT ( ) NAMED_UNIT ( * ) SI_UNIT ( $, .METRE. ) );
#2410 = PLANE ( 'NONE',  #3179 ) ;
#2411 = UNCERTAINTY_MEASURE_WITH_UNIT (LENGTH_MEASURE( 1.000000000000000082E-05 ), #1258, 'distance_accuracy_value', 'NONE');
#2412 = CIRCLE ( 'NONE', #662, 0.005905511811027568461 ) ;
#2413 = EDGE_CURVE ( 'NONE', #3339, #2617, #5452, .T. ) ;
#2414 = EDGE_CURVE ( 'NONE', #6840, #7565, #964, .T. ) ;
#2415 = ORIENTED_EDGE ( 'NONE', *, *, #5344, .T. ) ;
#2416 = DIRECTION ( 'NONE',  ( 1.748601263784621748E-15, 0.0000000000000000000, -1.000000000000000000 ) ) ;
#2417 = ORIENTED_EDGE ( 'NONE', *, *, #3138, .F. ) ;
#2418 = CARTESIAN_POINT ( 'NONE',  ( 0.5106414460763892826, -0.02755782159619300786, -0.06742126009132004549 ) ) ;
#2419 = VECTOR ( 'NONE', #4893, 39.37007874015748143 ) ;
#2420 = CARTESIAN_POINT ( 'NONE',  ( 0.2490536793147662964, -0.004205264535602010016, -0.2095942470915550804 ) ) ;
#2421 = LINE ( 'NONE', #2336, #2367 ) ;
#2422 = EDGE_CURVE ( 'NONE', #660, #52, #6197, .T. ) ;
#2423 = CARTESIAN_POINT ( 'NONE',  ( 0.3140612938105263319, 0.1060309559368545623, -0.03277559079979674994 ) ) ;
#2424 = DIRECTION ( 'NONE',  ( -0.3079484342811877884, 0.0000000000000000000, -0.9514030490931616457 ) ) ;
#2425 = CIRCLE ( 'NONE', #7447, 0.007874015748027556397 ) ;
#2426 = AXIS2_PLACEMENT_3D ( 'NONE', #6504, #7238, #1546 ) ;
#2427 = LINE ( 'NONE', #6771, #1207 ) ;
#2428 = EDGE_CURVE ( 'NONE', #6200, #7196, #6921, .T. ) ;
#2429 = ORIENTED_EDGE ( 'NONE', *, *, #3430, .F. ) ;
#2430 = CARTESIAN_POINT ( 'NONE',  ( 0.3928014512908299394, 0.1198104834959331511, -0.1791535435558992695 ) ) ;
#2431 = CARTESIAN_POINT ( 'NONE',  ( 0.2443412753461443876, 0.04500733388959483189, -0.03177255961593866002 ) ) ;
#2432 = FACE_OUTER_BOUND ( 'NONE', #4100, .T. ) ;
#2433 = EDGE_CURVE ( 'NONE', #4664, #4353, #5837, .T. ) ;
#2434 = DIRECTION ( 'NONE',  ( 1.748601263784622143E-15, 0.0000000000000000000, -1.000000000000000000 ) ) ;
#2435 = VECTOR ( 'NONE', #3503, 39.37007874015748143 ) ;
#2436 =( NAMED_UNIT ( * ) PLANE_ANGLE_UNIT ( ) SI_UNIT ( $, .RADIAN. ) );
#2437 = ORIENTED_EDGE ( 'NONE', *, *, #3525, .T. ) ;
#2438 = AXIS2_PLACEMENT_3D ( 'NONE', #5069, #6321, #7605 ) ;
#2439 = DIRECTION ( 'NONE',  ( -8.234490263801784106E-12, 1.353889066150678860E-26, 1.000000000000000000 ) ) ;
#2440 = VECTOR ( 'NONE', #211, 39.37007874015748143 ) ;
#2441 = CYLINDRICAL_SURFACE ( 'NONE', #1476, 0.007874015748027556397 ) ;
#2442 = VECTOR ( 'NONE', #1912, 39.37007874015748143 ) ;
#2443 = ORIENTED_EDGE ( 'NONE', *, *, #5454, .T. ) ;
#2444 = DIRECTION ( 'NONE',  ( 1.555145074134650487E-15, 0.9987523388778386524, 0.04993761694401192830 ) ) ;
#2445 = LINE ( 'NONE', #4220, #5456 ) ;
#2446 = VERTEX_POINT ( 'NONE', #465 ) ;
#2447 = LINE ( 'NONE', #4340, #5372 ) ;
#2448 = VECTOR ( 'NONE', #2641, 39.37007874015748143 ) ;
#2449 = CIRCLE ( 'NONE', #306, 0.007874015748031516770 ) ;
#2450 =( LENGTH_UNIT ( ) NAMED_UNIT ( * ) SI_UNIT ( $, .METRE. ) );
#2451 = VECTOR ( 'NONE', #99, 39.37007874015748143 ) ;
#2452 = FACE_OUTER_BOUND ( 'NONE', #8186, .T. ) ;
#2453 = VERTEX_POINT ( 'NONE', #2845 ) ;
#2454 = LINE ( 'NONE', #2992, #6462 ) ;
#2455 = DIRECTION ( 'NONE',  ( -1.000000000000000000, 1.644517855226007801E-15, -1.778650912156784690E-12 ) ) ;
#2456 = MECHANICAL_DESIGN_GEOMETRIC_PRESENTATION_REPRESENTATION (  '', ( #4949 ), #4564 ) ;
#2457 = VERTEX_POINT ( 'NONE', #5374 ) ;
#2458 = VERTEX_POINT ( 'NONE', #6031 ) ;
#2459 = LINE ( 'NONE', #4317, #608 ) ;
#2460 =( GEOMETRIC_REPRESENTATION_CONTEXT ( 3 ) GLOBAL_UNCERTAINTY_ASSIGNED_CONTEXT ( ( #5478 ) ) GLOBAL_UNIT_ASSIGNED_CONTEXT ( ( #2708, #2659, #4606 ) ) REPRESENTATION_CONTEXT ( 'NONE', 'WORKASPACE' ) );
#2461 = ORIENTED_EDGE ( 'NONE', *, *, #2114, .T. ) ;
#2462 = CARTESIAN_POINT ( 'NONE',  ( 0.3928014512908298839, 0.1060309559368544097, -0.1327755907997966167 ) ) ;
#2463 = LENGTH_MEASURE_WITH_UNIT ( LENGTH_MEASURE( 0.02539999999999999897 ), #3736 );
#2464 = DIRECTION ( 'NONE',  ( -0.1045284632676950626, 0.9945218953682689600, -8.607386130680116915E-13 ) ) ;
#2465 = DIRECTION ( 'NONE',  ( 0.05226423164096315188, -0.4972609476841257092, -0.8660254037840142693 ) ) ;
#2466 = CARTESIAN_POINT ( 'NONE',  ( 0.2148518768365315912, 0.04500733388959486658, -0.1878937010368047777 ) ) ;
#2467 = VECTOR ( 'NONE', #2898, 39.37007874015748143 ) ;
#2468 = CARTESIAN_POINT ( 'NONE',  ( 0.1916536552706496754, -0.02393547695607437659, -0.1752952758399544120 ) ) ;
#2469 = VERTEX_POINT ( 'NONE', #2890 ) ;
#2470 = DIRECTION ( 'NONE',  ( 1.644517855226008195E-15, 1.000000000000000000, -2.890435660536364269E-30 ) ) ;
#2471 = CARTESIAN_POINT ( 'NONE',  ( 0.4754786166453175977, 0.04500733388959445719, -0.02726377977696183702 ) ) ;
#2472 = FILL_AREA_STYLE_COLOUR ( '', #5128 ) ;
#2473 = CIRCLE ( 'NONE', #2330, 0.007874015748031495954 ) ;
#2474 = CARTESIAN_POINT ( 'NONE',  ( 0.3140612938105268315, 0.1060309559368545484, -0.1823818900125920572 ) ) ;
#2475 = CARTESIAN_POINT ( 'NONE',  ( 0.3928014512908298839, 0.1198104834959331511, -0.1360039372566872740 ) ) ;
#2476 = EDGE_LOOP ( 'NONE', ( #4538, #2868, #6095, #2014, #6923, #5728, #536, #3675 ) ) ;
#2477 = LINE ( 'NONE', #1334, #7153 ) ;
#2478 = EDGE_CURVE ( 'NONE', #6793, #871, #7920, .T. ) ;
#2479 = ADVANCED_FACE ( 'NONE', ( #2551 ), #1967, .T. ) ;
#2480 = AXIS2_PLACEMENT_3D ( 'NONE', #7233, #1507, #5288 ) ;
#2481 = SURFACE_STYLE_USAGE ( .BOTH. , #7562 ) ;
#2482 = VERTEX_POINT ( 'NONE', #15 ) ;
#2483 = CARTESIAN_POINT ( 'NONE',  ( 0.1585494827869409762, -0.02585880784268851026, -0.1674212600919230409 ) ) ;
#2484 = ORIENTED_EDGE ( 'NONE', *, *, #370, .T. ) ;
#2485 = FACE_OUTER_BOUND ( 'NONE', #1158, .T. ) ;
#2486 = FILL_AREA_STYLE ('',( #1805 ) ) ;
#2487 = ORIENTED_EDGE ( 'NONE', *, *, #7323, .T. ) ;
#2488 = CYLINDRICAL_SURFACE ( 'NONE', #5505, 0.007874015748031495954 ) ;
#2489 = COLOUR_RGB ( '',0.7607843137254901578, 0.7607843137254901578, 0.0000000000000000000 ) ;
#2490 = EDGE_CURVE ( 'NONE', #4669, #3642, #8099, .T. ) ;
#2491 =( GEOMETRIC_REPRESENTATION_CONTEXT ( 3 ) GLOBAL_UNCERTAINTY_ASSIGNED_CONTEXT ( ( #5559 ) ) GLOBAL_UNIT_ASSIGNED_CONTEXT ( ( #6043, #4717, #6636 ) ) REPRESENTATION_CONTEXT ( 'NONE', 'WORKASPACE' ) );
#2492 = SURFACE_STYLE_FILL_AREA ( #7945 ) ;
#2493 = CARTESIAN_POINT ( 'NONE',  ( 0.2014251648637899184, -0.02312085409984407022, -0.1674212600919203486 ) ) ;
#2494 = VERTEX_POINT ( 'NONE', #1926 ) ;
#2495 =( NAMED_UNIT ( * ) SI_UNIT ( $, .STERADIAN. ) SOLID_ANGLE_UNIT ( ) );
#2496 = DIRECTION ( 'NONE',  ( 0.0000000000000000000, 0.0000000000000000000, 1.000000000000000000 ) ) ;
#2497 = UNCERTAINTY_MEASURE_WITH_UNIT (LENGTH_MEASURE( 1.000000000000000082E-05 ), #869, 'distance_accuracy_value', 'NONE');
#2498 = STYLED_ITEM ( 'NONE', ( #1353 ), #6824 ) ;
#2499 = VERTEX_POINT ( 'NONE', #5114 ) ;
#2500 = VERTEX_POINT ( 'NONE', #7020 ) ;
#2501 = FACE_OUTER_BOUND ( 'NONE', #1803, .T. ) ;
#2502 = CIRCLE ( 'NONE', #6199, 0.007874015748027554662 ) ;
#2503 = ORIENTED_EDGE ( 'NONE', *, *, #7820, .T. ) ;
#2504 = FILL_AREA_STYLE ('',( #7549 ) ) ;
#2505 = CARTESIAN_POINT ( 'NONE',  ( 0.2443412753444515473, 0.04500733388959483189, -0.08338492120105671368 ) ) ;
#2506 = SURFACE_STYLE_FILL_AREA ( #2583 ) ;
#2507 = LINE ( 'NONE', #1741, #2032 ) ;
#2508 = VERTEX_POINT ( 'NONE', #542 ) ;
#2509 = LINE ( 'NONE', #3663, #8149 ) ;
#2510 = DIRECTION ( 'NONE',  ( -0.09052430460425825443, 0.8612812260087766569, -0.5000000000007340795 ) ) ;
#2511 = CARTESIAN_POINT ( 'NONE',  ( 0.5048815532786112836, -0.01983667431789086846, -0.04581343370805756460 ) ) ;
#2512 =( NAMED_UNIT ( * ) SI_UNIT ( $, .STERADIAN. ) SOLID_ANGLE_UNIT ( ) );
#2513 = ORIENTED_EDGE ( 'NONE', *, *, #2490, .T. ) ;
#2514 = CARTESIAN_POINT ( 'NONE',  ( 0.4144549945979160710, 0.1060309559368543958, -0.03277559079979654871 ) ) ;
#2515 = CLOSED_SHELL ( 'NONE', ( #7821, #7279, #6060, #2577, #244, #591, #921, #3591, #7073, #3519, #7380, #729, #2533, #4381, #6823, #5611, #7912, #3378, #4026, #887, #5711, #1032, #8179, #5522, #6719, #6685, #2056, #6119, #6270, #3079, #6724, #5406, #3026, #3037, #2311, #1131, #2864, #6575, #193, #2677, #5268, #7668, #7683, #6930, #5870, #3581, #1538, #6738, #4193, #7280, #6928, #5801, #1549, #1076, #5196, #1281, #1038, #3330, #7873, #1917, #374, #1649, #7730, #7229, #7222, #470, #3337, #826, #785, #7584, #6485, #4094, #627, #987, #6219, #3784, #3934, #674, #1589, #4631, #4698, #6573, #8183, #4632, #225, #5556, #3681, #3226, #7635, #2765, #1177, #6715, #7422, #1197, #6913, #6011, #6164, #3185, #6425, #1100, #1346, #7585, #3376, #5502 ) ) ;
#2516 = DIRECTION ( 'NONE',  ( -1.644517855226007801E-15, -1.000000000000000000, -2.875605999964572744E-30 ) ) ;
#2517 = ORIENTED_EDGE ( 'NONE', *, *, #2775, .T. ) ;
#2518 = EDGE_CURVE ( 'NONE', #3391, #3181, #5025, .T. ) ;
#2519 = FACE_OUTER_BOUND ( 'NONE', #4346, .T. ) ;
#2520 = AXIS2_PLACEMENT_3D ( 'NONE', #3795, #7645, #6985 ) ;
#2521 = ADVANCED_FACE ( 'NONE', ( #6361 ), #3708, .F. ) ;
#2522 = SURFACE_STYLE_USAGE ( .BOTH. , #5582 ) ;
#2523 = VERTEX_POINT ( 'NONE', #5192 ) ;
#2524 = LINE ( 'NONE', #1889, #7978 ) ;
#2525 = CARTESIAN_POINT ( 'NONE',  ( 0.5146701546111727144, -0.01880785086056308703, -0.06934404710451520792 ) ) ;
#2526 = VERTEX_POINT ( 'NONE', #254 ) ;
#2527 = EDGE_CURVE ( 'NONE', #2197, #7813, #1483, .T. ) ;
#2528 =( GEOMETRIC_REPRESENTATION_CONTEXT ( 3 ) GLOBAL_UNCERTAINTY_ASSIGNED_CONTEXT ( ( #1915 ) ) GLOBAL_UNIT_ASSIGNED_CONTEXT ( ( #2363, #978, #5551 ) ) REPRESENTATION_CONTEXT ( 'NONE', 'WORKASPACE' ) );
#2529 = EDGE_CURVE ( 'NONE', #3923, #4602, #954, .T. ) ;
#2530 = CARTESIAN_POINT ( 'NONE',  ( 0.2372226159726408268, 0.04500733388959483189, -0.1272637797769622658 ) ) ;
#2531 = ORIENTED_EDGE ( 'NONE', *, *, #7776, .T. ) ;
#2532 =( NAMED_UNIT ( * ) PLANE_ANGLE_UNIT ( ) SI_UNIT ( $, .RADIAN. ) );
#2533 = ADVANCED_FACE ( 'NONE', ( #5815 ), #4574, .T. ) ;
#2534 = DIRECTION ( 'NONE',  ( -0.1045284632676950626, 0.9945218953682689600, -8.607386130680116915E-13 ) ) ;
#2535 = DIRECTION ( 'NONE',  ( 1.644517855226008195E-15, 1.000000000000000000, 2.890435660536364269E-30 ) ) ;
#2536 = COLOUR_RGB ( '',0.2509803921568627416, 0.2509803921568627416, 0.2509803921568627416 ) ;
#2537 = EDGE_LOOP ( 'NONE', ( #1598, #2398, #1407, #1264 ) ) ;
#2538 = ORIENTED_EDGE ( 'NONE', *, *, #2666, .F. ) ;
#2539 = CARTESIAN_POINT ( 'NONE',  ( 0.5048815532788070159, -0.01983667431788591756, -0.1693440471045957740 ) ) ;
#2540 = EDGE_LOOP ( 'NONE', ( #5179, #6704, #2313, #725 ) ) ;
#2541 = DIRECTION ( 'NONE',  ( 0.0000000000000000000, 0.0000000000000000000, 1.000000000000000000 ) ) ;
#2542 = DIRECTION ( 'NONE',  ( 1.644517855226008195E-15, 1.000000000000000000, -6.888556729901376831E-28 ) ) ;
#2543 = MECHANICAL_DESIGN_GEOMETRIC_PRESENTATION_REPRESENTATION (  '', ( #3990 ), #929 ) ;
#2544 =( NAMED_UNIT ( * ) SI_UNIT ( $, .STERADIAN. ) SOLID_ANGLE_UNIT ( ) );
#2545 = CARTESIAN_POINT ( 'NONE',  ( 0.2453562723636251441, 0.03516481420455544460, -0.1812378449683796078 ) ) ;
#2546 = VECTOR ( 'NONE', #4475, 39.37007874015748143 ) ;
#2547 = ORIENTED_EDGE ( 'NONE', *, *, #2663, .F. ) ;
#2548 =( CONVERSION_BASED_UNIT ( 'INCH', #3166 ) LENGTH_UNIT ( ) NAMED_UNIT ( #8000 ) );
#2549 = CARTESIAN_POINT ( 'NONE',  ( 0.4536010832257904024, 0.04500733388959447800, -0.1370142308545209409 ) ) ;
#2550 = CARTESIAN_POINT ( 'NONE',  ( 0.4754786166447397266, 0.04500733388959445719, -0.02726377977664890331 ) ) ;
#2551 = FACE_OUTER_BOUND ( 'NONE', #6392, .T. ) ;
#2552 = AXIS2_PLACEMENT_3D ( 'NONE', #6849, #1157, #6228 ) ;
#2553 = ORIENTED_EDGE ( 'NONE', *, *, #371, .F. ) ;
#2554 = CARTESIAN_POINT ( 'NONE',  ( 0.2514430687595305969, 0.04500733388959481107, -0.1373012207214504010 ) ) ;
#2555 = AXIS2_PLACEMENT_3D ( 'NONE', #2061, #5876, #1431 ) ;
#2556 = CARTESIAN_POINT ( 'NONE',  ( 0.4554196763377196255, 0.04500733388959447800, -0.1778562600918830727 ) ) ;
#2557 = ORIENTED_EDGE ( 'NONE', *, *, #2872, .T. ) ;
#2558 = COLOUR_RGB ( '',1.000000000000000000, 1.000000000000000000, 1.000000000000000000 ) ;
#2559 = CARTESIAN_POINT ( 'NONE',  ( 0.3142156862761680269, 0.1020939480628585000, -0.007578740406095896970 ) ) ;
#2560 = ORIENTED_EDGE ( 'NONE', *, *, #1862, .T. ) ;
#2561 = FILL_AREA_STYLE_COLOUR ( '', #5213 ) ;
#2562 = CARTESIAN_POINT ( 'NONE',  ( 0.1843617094242554766, -0.01798479209465702819, -0.04773622072184419141 ) ) ;
#2563 = ORIENTED_EDGE ( 'NONE', *, *, #7666, .T. ) ;
#2564 = LINE ( 'NONE', #3143, #1391 ) ;
#2565 = ADVANCED_FACE ( 'NONE', ( #5318 ), #215, .F. ) ;
#2566 =( GEOMETRIC_REPRESENTATION_CONTEXT ( 3 ) GLOBAL_UNCERTAINTY_ASSIGNED_CONTEXT ( ( #5897 ) ) GLOBAL_UNIT_ASSIGNED_CONTEXT ( ( #4846, #1564, #2278 ) ) REPRESENTATION_CONTEXT ( 'NONE', 'WORKASPACE' ) );
#2567 = EDGE_CURVE ( 'NONE', #1225, #7898, #7789, .T. ) ;
#2568 = EDGE_CURVE ( 'NONE', #3920, #5389, #2049, .T. ) ;
#2569 = SURFACE_SIDE_STYLE ('',( #678 ) ) ;
#2570 = VERTEX_POINT ( 'NONE', #2792 ) ;
#2571 = VECTOR ( 'NONE', #597, 39.37007874015748143 ) ;
#2572 = MECHANICAL_DESIGN_GEOMETRIC_PRESENTATION_REPRESENTATION (  '', ( #2039 ), #3623 ) ;
#2573 = PRESENTATION_STYLE_ASSIGNMENT (( #5712 ) ) ;
#2574 = EDGE_CURVE ( 'NONE', #3137, #752, #2173, .T. ) ;
#2575 = VECTOR ( 'NONE', #260, 39.37007874015748854 ) ;
#2576 = AXIS2_PLACEMENT_3D ( 'NONE', #5696, #3799, #6329 ) ;
#2577 = ADVANCED_FACE ( 'NONE', ( #751 ), #7226, .F. ) ;
#2578 = ORIENTED_EDGE ( 'NONE', *, *, #2058, .F. ) ;
#2579 = ORIENTED_EDGE ( 'NONE', *, *, #773, .F. ) ;
#2580 = ORIENTED_EDGE ( 'NONE', *, *, #2106, .T. ) ;
#2581 = CARTESIAN_POINT ( 'NONE',  ( 0.5225010356768849951, -0.01798479209465760759, -0.1477362207211436185 ) ) ;
#2582 = CARTESIAN_POINT ( 'NONE',  ( 0.4679366774458565970, 0.03516481420506866601, 0.01210629896319561152 ) ) ;
#2583 = FILL_AREA_STYLE ('',( #6926 ) ) ;
#2584 = VECTOR ( 'NONE', #6729, 39.37007874015748143 ) ;
#2585 = CARTESIAN_POINT ( 'NONE',  ( 0.3140612938105267204, 0.1021333181416025776, -0.1329724411934974648 ) ) ;
#2586 = PRESENTATION_STYLE_ASSIGNMENT (( #4485 ) ) ;
#2587 = UNCERTAINTY_MEASURE_WITH_UNIT (LENGTH_MEASURE( 1.000000000000000082E-05 ), #6235, 'distance_accuracy_value', 'NONE');
#2588 = DIRECTION ( 'NONE',  ( 1.644517855225896177E-15, 1.000000000000000000, 6.394884621841000123E-14 ) ) ;
#2589 = ORIENTED_EDGE ( 'NONE', *, *, #1450, .T. ) ;
#2590 = CARTESIAN_POINT ( 'NONE',  ( 0.5152090898304260147, -0.02393547695607489006, -0.03986220497317212452 ) ) ;
#2591 = DIRECTION ( 'NONE',  ( -1.748601263784621748E-15, -1.482966057179117483E-32, 1.000000000000000000 ) ) ;
#2592 = LINE ( 'NONE', #5110, #7893 ) ;
#2593 = LINE ( 'NONE', #3834, #701 ) ;
#2594 = DIRECTION ( 'NONE',  ( -8.234490263801784106E-12, 1.353889066150678860E-26, 1.000000000000000000 ) ) ;
#2595 = ORIENTED_EDGE ( 'NONE', *, *, #3633, .T. ) ;
#2596 = DIRECTION ( 'NONE',  ( 0.09052430461245383753, -0.8612812260087806537, -0.4999999999992434385 ) ) ;
#2597 = MECHANICAL_DESIGN_GEOMETRIC_PRESENTATION_REPRESENTATION (  '', ( #5098 ), #3121 ) ;
#2598 = FACE_OUTER_BOUND ( 'NONE', #859, .T. ) ;
#2599 = ORIENTED_EDGE ( 'NONE', *, *, #6364, .T. ) ;
#2600 = CIRCLE ( 'NONE', #6033, 0.01771653543307086937 ) ;
#2601 = SURFACE_STYLE_FILL_AREA ( #66 ) ;
#2602 = CARTESIAN_POINT ( 'NONE',  ( 0.2514430687598451231, 0.04500733388959482495, -0.03139570891042674922 ) ) ;
#2603 = ORIENTED_EDGE ( 'NONE', *, *, #2257, .F. ) ;
#2604 = CARTESIAN_POINT ( 'NONE',  ( 0.4615064727374434961, 0.03516481420455510459, -0.03391963584585947628 ) ) ;
#2605 = ORIENTED_EDGE ( 'NONE', *, *, #7627, .F. ) ;
#2606 = LINE ( 'NONE', #5671, #2304 ) ;
#2607 = DIRECTION ( 'NONE',  ( -2.080127042981477371E-11, 1.000000000000000000, -6.394884622287363119E-13 ) ) ;
#2608 = ORIENTED_EDGE ( 'NONE', *, *, #6054, .F. ) ;
#2609 = CARTESIAN_POINT ( 'NONE',  ( 0.4578091021359874113, 0.003668751212429131620, -0.4075787404069421416 ) ) ;
#2610 = MECHANICAL_DESIGN_GEOMETRIC_PRESENTATION_REPRESENTATION (  '', ( #4060 ), #3534 ) ;
#2611 = CARTESIAN_POINT ( 'NONE',  ( 0.2532616618757510540, 0.03516481420455543766, -0.1370142308537339038 ) ) ;
#2612 = DIMENSIONAL_EXPONENTS ( 1.000000000000000000, 0.0000000000000000000, 0.0000000000000000000, 0.0000000000000000000, 0.0000000000000000000, 0.0000000000000000000, 0.0000000000000000000 ) ;
#2613 = DIRECTION ( 'NONE',  ( 0.09052430460837825044, 0.8612812260087766569, -0.4999999999999882316 ) ) ;
#2614 = DIRECTION ( 'NONE',  ( 0.9947848906855175644, -0.1019952021607034437, 1.739482117046542862E-15 ) ) ;
#2615 = CIRCLE ( 'NONE', #219, 0.007874015748031506362 ) ;
#2616 = AXIS2_PLACEMENT_3D ( 'NONE', #4143, #5226, #980 ) ;
#2617 = VERTEX_POINT ( 'NONE', #5153 ) ;
#2618 = ORIENTED_EDGE ( 'NONE', *, *, #3947, .T. ) ;
#2619 = PRESENTATION_STYLE_ASSIGNMENT (( #6303 ) ) ;
#2620 = EDGE_CURVE ( 'NONE', #4716, #1442, #6914, .T. ) ;
#2621 = VERTEX_POINT ( 'NONE', #6450 ) ;
#2622 = CARTESIAN_POINT ( 'NONE',  ( 0.2021550464030783534, -0.01818255847634996092, -0.07135826796593867927 ) ) ;
#2623 = VECTOR ( 'NONE', #302, 39.37007874015748143 ) ;
#2624 = DIRECTION ( 'NONE',  ( -3.362227163310207537E-12, 4.918510043635005372E-12, -1.000000000000000000 ) ) ;
#2625 = DIRECTION ( 'NONE',  ( -0.05226423163383491638, -0.4972609476841245435, 0.8660254037844449249 ) ) ;
#2626 = EDGE_CURVE ( 'NONE', #5893, #5033, #5468, .T. ) ;
#2627 = EDGE_LOOP ( 'NONE', ( #2727, #5689, #4157, #3529 ) ) ;
#2628 =( BOUNDED_CURVE ( )  B_SPLINE_CURVE ( 3, ( #4166, #7269, #5950, #3462 ),
 .UNSPECIFIED., .F., .T. ) 
 B_SPLINE_CURVE_WITH_KNOTS ( ( 4, 4 ),
 ( 5.456455938445438747, 6.200522249646922113 ),
 .UNSPECIFIED. ) 
 CURVE ( )  GEOMETRIC_REPRESENTATION_ITEM ( )  RATIONAL_B_SPLINE_CURVE ( ( 1.000000000000000000, 0.9543934657876853578, 0.9543934657876853578, 1.000000000000000000 ) ) 
 REPRESENTATION_ITEM ( '' )  );
#2629 = LINE ( 'NONE', #2471, #3482 ) ;
#2630 = EDGE_CURVE ( 'NONE', #3039, #3647, #905, .T. ) ;
#2631 = DIRECTION ( 'NONE',  ( 1.644517855226008195E-15, 1.000000000000000000, 0.0000000000000000000 ) ) ;
#2632 = DIRECTION ( 'NONE',  ( -1.000000000000000000, 1.644517855226007801E-15, -8.234490263801784106E-12 ) ) ;
#2633 = CARTESIAN_POINT ( 'NONE',  ( 0.1843617094242558652, -0.02585880784268854496, -0.1477362207218441970 ) ) ;
#2634 = ORIENTED_EDGE ( 'NONE', *, *, #2825, .T. ) ;
#2635 = FACE_OUTER_BOUND ( 'NONE', #429, .T. ) ;
#2636 = LINE ( 'NONE', #20, #3871 ) ;
#2637 = ORIENTED_EDGE ( 'NONE', *, *, #525, .F. ) ;
#2638 = CARTESIAN_POINT ( 'NONE',  ( 0.1794316161830389056, -0.03078006768520821779, -0.06742126009192295211 ) ) ;
#2639 = FILL_AREA_STYLE ('',( #1428 ) ) ;
#2640 = VERTEX_POINT ( 'NONE', #1034 ) ;
#2641 = DIRECTION ( 'NONE',  ( 1.000000000000000000, -1.644517855226007801E-15, 1.748601263784622143E-15 ) ) ;
#2642 = SURFACE_STYLE_USAGE ( .BOTH. , #1890 ) ;
#2643 = ORIENTED_EDGE ( 'NONE', *, *, #1393, .T. ) ;
#2644 = CLOSED_SHELL ( 'NONE', ( #8133, #777, #6263, #4501, #8182, #730, #2225, #5569, #4999, #6726, #125, #3881, #383, #6311, #4126, #5045, #1439, #5854, #793, #6773 ) ) ;
#2645 = AXIS2_PLACEMENT_3D ( 'NONE', #37, #1438, #2113 ) ;
#2646 =( LENGTH_UNIT ( ) NAMED_UNIT ( * ) SI_UNIT ( $, .METRE. ) );
#2647 = SURFACE_STYLE_FILL_AREA ( #5259 ) ;
#2648 = EDGE_LOOP ( 'NONE', ( #141, #3399, #5054, #3817, #2705, #3001 ) ) ;
#2649 = SURFACE_SIDE_STYLE ('',( #1858 ) ) ;
#2650 = PRESENTATION_STYLE_ASSIGNMENT (( #1782 ) ) ;
#2651 = CARTESIAN_POINT ( 'NONE',  ( 0.4144549945979165706, 0.1060309559368543680, -0.1823818900125918629 ) ) ;
#2652 = VERTEX_POINT ( 'NONE', #4075 ) ;
#2653 = MECHANICAL_DESIGN_GEOMETRIC_PRESENTATION_REPRESENTATION (  '', ( #5168 ), #263 ) ;
#2654 = ORIENTED_EDGE ( 'NONE', *, *, #183, .F. ) ;
#2655 = CARTESIAN_POINT ( 'NONE',  ( 0.2514430687595301528, 0.04500733388959482495, -0.03730122072145040241 ) ) ;
#2656 = ORIENTED_EDGE ( 'NONE', *, *, #6830, .T. ) ;
#2657 = LENGTH_MEASURE_WITH_UNIT ( LENGTH_MEASURE( 0.02539999999999999897 ), #5139 );
#2658 = FILL_AREA_STYLE_COLOUR ( '', #5000 ) ;
#2659 =( NAMED_UNIT ( * ) PLANE_ANGLE_UNIT ( ) SI_UNIT ( $, .RADIAN. ) );
#2660 = FACE_OUTER_BOUND ( 'NONE', #5515, .T. ) ;
#2661 = DIMENSIONAL_EXPONENTS ( 1.000000000000000000, 0.0000000000000000000, 0.0000000000000000000, 0.0000000000000000000, 0.0000000000000000000, 0.0000000000000000000, 0.0000000000000000000 ) ;
#2662 = EDGE_CURVE ( 'NONE', #216, #2223, #2338, .T. ) ;
#2663 = EDGE_CURVE ( 'NONE', #1977, #7030, #4732, .T. ) ;
#2664 = FILL_AREA_STYLE ('',( #126 ) ) ;
#2665 = ORIENTED_EDGE ( 'NONE', *, *, #4787, .F. ) ;
#2666 = EDGE_CURVE ( 'NONE', #3642, #7021, #6101, .T. ) ;
#2667 = CARTESIAN_POINT ( 'NONE',  ( 0.4561674782086246882, 0.03516481420455511153, -0.08376177190318229160 ) ) ;
#2668 = LINE ( 'NONE', #1455, #4547 ) ;
#2669 = MECHANICAL_DESIGN_GEOMETRIC_PRESENTATION_REPRESENTATION (  '', ( #6379 ), #19 ) ;
#2670 = PLANE ( 'NONE',  #1335 ) ;
#2671 = SPHERICAL_SURFACE ( 'NONE', #8173, 0.007874015748031495954 ) ;
#2672 = FILL_AREA_STYLE_COLOUR ( '', #7340 ) ;
#2673 = CARTESIAN_POINT ( 'NONE',  ( 0.4554196763415385152, 0.04500733388959447800, -0.1837617719029067676 ) ) ;
#2674 = ORIENTED_EDGE ( 'NONE', *, *, #5963, .T. ) ;
#2675 = DIRECTION ( 'NONE',  ( 1.644517855226008195E-15, 1.000000000000000000, 2.890435660536364269E-30 ) ) ;
#2676 = UNCERTAINTY_MEASURE_WITH_UNIT (LENGTH_MEASURE( 1.000000000000000082E-05 ), #2087, 'distance_accuracy_value', 'NONE');
#2677 = ADVANCED_FACE ( 'NONE', ( #7267 ), #5982, .F. ) ;
#2678 = CARTESIAN_POINT ( 'NONE',  ( 0.1585494827869409762, -0.02585880784268851026, -0.1674212600919230409 ) ) ;
#2679 = VERTEX_POINT ( 'NONE', #950 ) ;
#2680 = ADVANCED_FACE ( 'NONE', ( #3616 ), #7996, .T. ) ;
#2681 = DIRECTION ( 'NONE',  ( 1.748601263784621946E-15, 0.0000000000000000000, -1.000000000000000000 ) ) ;
#2682 = AXIS2_PLACEMENT_3D ( 'NONE', #534, #3082, #4933 ) ;
#2683 = DIRECTION ( 'NONE',  ( 8.234490263801784106E-12, -1.353889066150678860E-26, -1.000000000000000000 ) ) ;
#2684 = ORIENTED_EDGE ( 'NONE', *, *, #4084, .T. ) ;
#2685 = SURFACE_STYLE_FILL_AREA ( #5166 ) ;
#2686 = ORIENTED_EDGE ( 'NONE', *, *, #1807, .F. ) ;
#2687 = VECTOR ( 'NONE', #993, 39.37007874015748143 ) ;
#2688 = AXIS2_PLACEMENT_3D ( 'NONE', #6312, #7103, #3296 ) ;
#2689 = VECTOR ( 'NONE', #3793, 39.37007874015748143 ) ;
#2690 = CARTESIAN_POINT ( 'NONE',  ( 0.5149982620534931943, -0.02037404134002669329, -0.04688347909477697667 ) ) ;
#2691 =( NAMED_UNIT ( * ) PLANE_ANGLE_UNIT ( ) SI_UNIT ( $, .RADIAN. ) );
#2692 = ORIENTED_EDGE ( 'NONE', *, *, #6782, .F. ) ;
#2693 = FILL_AREA_STYLE_COLOUR ( '', #7249 ) ;
#2694 =( GEOMETRIC_REPRESENTATION_CONTEXT ( 3 ) GLOBAL_UNCERTAINTY_ASSIGNED_CONTEXT ( ( #2676 ) ) GLOBAL_UNIT_ASSIGNED_CONTEXT ( ( #2087, #3986, #1204 ) ) REPRESENTATION_CONTEXT ( 'NONE', 'WORKASPACE' ) );
#2695 = CARTESIAN_POINT ( 'NONE',  ( 0.1897231720634453001, -0.02375154730001874034, -0.06742126009192291047 ) ) ;
#2696 = VECTOR ( 'NONE', #4399, 39.37007874015748143 ) ;
#2697 = CARTESIAN_POINT ( 'NONE',  ( 0.5274311289181013995, -0.03078006768520879718, -0.1477362207211029843 ) ) ;
#2698 = PRESENTATION_LAYER_ASSIGNMENT (  '', '', ( #5865 ) ) ;
#2699 = EDGE_LOOP ( 'NONE', ( #2191, #3571, #2050, #158 ) ) ;
#2700 =( GEOMETRIC_REPRESENTATION_CONTEXT ( 3 ) GLOBAL_UNCERTAINTY_ASSIGNED_CONTEXT ( ( #4150 ) ) GLOBAL_UNIT_ASSIGNED_CONTEXT ( ( #3978, #3364, #1991 ) ) REPRESENTATION_CONTEXT ( 'NONE', 'WORKASPACE' ) );
#2701 = COLOUR_RGB ( '',0.7607843137254901578, 0.7607843137254901578, 0.0000000000000000000 ) ;
#2702 = DIRECTION ( 'NONE',  ( -1.644517855226007801E-15, -1.000000000000000000, 6.888556729901404633E-28 ) ) ;
#2703 = ORIENTED_EDGE ( 'NONE', *, *, #1957, .T. ) ;
#2704 =( CONVERSION_BASED_UNIT ( 'INCH', #4020 ) LENGTH_UNIT ( ) NAMED_UNIT ( #324 ) );
#2705 = ORIENTED_EDGE ( 'NONE', *, *, #7983, .F. ) ;
#2706 = FILL_AREA_STYLE_COLOUR ( '', #6669 ) ;
#2707 = CARTESIAN_POINT ( 'NONE',  ( 0.2453562723632707610, 0.04500733388959481801, -0.1339196358434976697 ) ) ;
#2708 =( CONVERSION_BASED_UNIT ( 'INCH', #1484 ) LENGTH_UNIT ( ) NAMED_UNIT ( #682 ) );
#2709 = DIRECTION ( 'NONE',  ( 8.234490263801784106E-12, -1.353889066150678573E-26, -1.000000000000000000 ) ) ;
#2710 = STYLED_ITEM ( 'NONE', ( #6983 ), #4848 ) ;
#2711 = COLOUR_RGB ( '',1.000000000000000000, 1.000000000000000000, 1.000000000000000000 ) ;
#2712 = ORIENTED_EDGE ( 'NONE', *, *, #2822, .F. ) ;
#2713 =( NAMED_UNIT ( * ) SI_UNIT ( $, .STERADIAN. ) SOLID_ANGLE_UNIT ( ) );
#2714 =( GEOMETRIC_REPRESENTATION_CONTEXT ( 3 ) GLOBAL_UNCERTAINTY_ASSIGNED_CONTEXT ( ( #6217 ) ) GLOBAL_UNIT_ASSIGNED_CONTEXT ( ( #1740, #498, #5441 ) ) REPRESENTATION_CONTEXT ( 'NONE', 'WORKASPACE' ) );
#2715 = CARTESIAN_POINT ( 'NONE',  ( 0.2031529521231687785, -0.008688119764420850627, -0.02726377977696231580 ) ) ;
#2716 = SURFACE_STYLE_FILL_AREA ( #7106 ) ;
#2717 = CARTESIAN_POINT ( 'NONE',  ( 0.4920108682644405151, 0.03516481420455506990, -0.02726377977651272058 ) ) ;
#2718 = DIRECTION ( 'NONE',  ( -1.503638049432454012E-14, 6.123233995739238622E-17, -1.000000000000000000 ) ) ;
#2719 = VERTEX_POINT ( 'NONE', #6765 ) ;
#2720 = COLOUR_RGB ( '',0.7607843137254901578, 0.7607843137254901578, 0.0000000000000000000 ) ;
#2721 = DIMENSIONAL_EXPONENTS ( 1.000000000000000000, 0.0000000000000000000, 0.0000000000000000000, 0.0000000000000000000, 0.0000000000000000000, 0.0000000000000000000, 0.0000000000000000000 ) ;
#2722 = CARTESIAN_POINT ( 'NONE',  ( 0.2372226159726802952, 0.03516481420455546542, -0.1800196852883007848 ) ) ;
#2723 = ORIENTED_EDGE ( 'NONE', *, *, #5819, .T. ) ;
#2724 = DIRECTION ( 'NONE',  ( 1.729787034331967531E-15, 0.9987523388778406508, -0.04993761694397202966 ) ) ;
#2725 = DIRECTION ( 'NONE',  ( -0.9040697402395224680, 1.445602896648307638E-15, 0.4273849608763067853 ) ) ;
#2726 = EDGE_CURVE ( 'NONE', #2853, #6644, #2913, .T. ) ;
#2727 = ORIENTED_EDGE ( 'NONE', *, *, #5917, .F. ) ;
#2728 = EDGE_CURVE ( 'NONE', #673, #4354, #3005, .T. ) ;
#2729 = PRESENTATION_LAYER_ASSIGNMENT (  '', '', ( #5512 ) ) ;
#2730 = CARTESIAN_POINT ( 'NONE',  ( 0.4754786166453179863, 0.04500733388959444331, -0.1272637797769618495 ) ) ;
#2731 = ORIENTED_EDGE ( 'NONE', *, *, #4247, .F. ) ;
#2732 = FILL_AREA_STYLE_COLOUR ( '', #3600 ) ;
#2733 = EDGE_CURVE ( 'NONE', #4407, #4109, #1756, .T. ) ;
#2734 = CARTESIAN_POINT ( 'NONE',  ( 0.1897414014858930797, -0.02373449098435562871, -0.06742126009192291047 ) ) ;
#2735 = COLOUR_RGB ( '',0.7607843137254901578, 0.7607843137254901578, 0.0000000000000000000 ) ;
#2736 = FILL_AREA_STYLE ('',( #4518 ) ) ;
#2737 = ORIENTED_EDGE ( 'NONE', *, *, #5819, .F. ) ;
#2738 = VECTOR ( 'NONE', #5419, 39.37007874015748143 ) ;
#2739 = ORIENTED_EDGE ( 'NONE', *, *, #140, .F. ) ;
#2740 = ORIENTED_EDGE ( 'NONE', *, *, #1440, .T. ) ;
#2741 = CARTESIAN_POINT ( 'NONE',  ( 0.4625214697563018729, 0.03516481420455510459, -0.08338492120050514100 ) ) ;
#2742 =( LENGTH_UNIT ( ) NAMED_UNIT ( * ) SI_UNIT ( $, .METRE. ) );
#2743 = SURFACE_SIDE_STYLE ('',( #4640 ) ) ;
#2744 = CARTESIAN_POINT ( 'NONE',  ( 0.2453562723637034704, 0.04500733388959483189, -0.08123784496826143287 ) ) ;
#2745 = UNCERTAINTY_MEASURE_WITH_UNIT (LENGTH_MEASURE( 1.000000000000000082E-05 ), #6953, 'distance_accuracy_value', 'NONE');
#2746 =( GEOMETRIC_REPRESENTATION_CONTEXT ( 3 ) GLOBAL_UNCERTAINTY_ASSIGNED_CONTEXT ( ( #4965 ) ) GLOBAL_UNIT_ASSIGNED_CONTEXT ( ( #5108, #2042, #2713 ) ) REPRESENTATION_CONTEXT ( 'NONE', 'WORKASPACE' ) );
#2747 = SURFACE_STYLE_FILL_AREA ( #7866 ) ;
#2748 = ORIENTED_EDGE ( 'NONE', *, *, #6364, .F. ) ;
#2749 = SURFACE_STYLE_FILL_AREA ( #7905 ) ;
#2750 = STYLED_ITEM ( 'NONE', ( #726 ), #6820 ) ;
#2751 = LINE ( 'NONE', #4032, #1893 ) ;
#2752 = CARTESIAN_POINT ( 'NONE',  ( 0.4615064727378376253, 0.03516481420455509072, -0.1339196358446783641 ) ) ;
#2753 = CARTESIAN_POINT ( 'NONE',  ( 0.4254818849634283695, 0.1217789874329370248, -0.1319881892249934463 ) ) ;
#2754 = ORIENTED_EDGE ( 'NONE', *, *, #7144, .T. ) ;
#2755 = DIRECTION ( 'NONE',  ( 0.0000000000000000000, 1.000000000000000000, 0.0000000000000000000 ) ) ;
#2756 = CARTESIAN_POINT ( 'NONE',  ( 0.2313841284561837519, 0.1020939480628586249, 0.01210629896398258791 ) ) ;
#2757 = AXIS2_PLACEMENT_3D ( 'NONE', #1751, #7557, #5687 ) ;
#2758 = CARTESIAN_POINT ( 'NONE',  ( 0.1933643507908065773, -0.007659296307097984528, -0.02726377977696231580 ) ) ;
#2759 = ORIENTED_EDGE ( 'NONE', *, *, #5760, .T. ) ;
#2760 = FACE_OUTER_BOUND ( 'NONE', #7531, .T. ) ;
#2761 = DIRECTION ( 'NONE',  ( 0.0000000000000000000, 0.0000000000000000000, 1.000000000000000000 ) ) ;
#2762 = VECTOR ( 'NONE', #1447, 39.37007874015748143 ) ;
#2763 = CARTESIAN_POINT ( 'NONE',  ( 0.3928014512908295508, 0.1060309559368544235, -0.03277559079979661116 ) ) ;
#2764 = EDGE_LOOP ( 'NONE', ( #931, #7586, #6301, #1046 ) ) ;
#2765 = ADVANCED_FACE ( 'NONE', ( #7431 ), #293, .T. ) ;
#2766 = EDGE_CURVE ( 'NONE', #7408, #210, #7874, .T. ) ;
#2767 = CARTESIAN_POINT ( 'NONE',  ( 0.5166199610547631549, -0.02326537358669374111, -0.04773622072119201171 ) ) ;
#2768 = FILL_AREA_STYLE_COLOUR ( '', #7932 ) ;
#2769 = ORIENTED_EDGE ( 'NONE', *, *, #3029, .F. ) ;
#2770 = EDGE_CURVE ( 'NONE', #4820, #7290, #4928, .T. ) ;
#2771 = FILL_AREA_STYLE ('',( #3969 ) ) ;
#2772 = LINE ( 'NONE', #6595, #3914 ) ;
#2773 =( NAMED_UNIT ( * ) PLANE_ANGLE_UNIT ( ) SI_UNIT ( $, .RADIAN. ) );
#2774 = PRODUCT_DEFINITION_SHAPE ( 'NONE', 'NONE',  #975 ) ;
#2775 = EDGE_CURVE ( 'NONE', #7033, #752, #1622, .T. ) ;
#2776 = ORIENTED_EDGE ( 'NONE', *, *, #3294, .T. ) ;
#2777 = CARTESIAN_POINT ( 'NONE',  ( 0.5483132623143620599, -0.02585880784268914170, -0.1674212600910097992 ) ) ;
#2778 = ORIENTED_EDGE ( 'NONE', *, *, #2989, .T. ) ;
#2779 = EDGE_CURVE ( 'NONE', #5666, #3609, #6226, .T. ) ;
#2780 = CYLINDRICAL_SURFACE ( 'NONE', #1417, 0.005905511811023620231 ) ;
#2781 = ORIENTED_EDGE ( 'NONE', *, *, #6430, .F. ) ;
#2782 = LENGTH_MEASURE_WITH_UNIT ( LENGTH_MEASURE( 0.02539999999999999897 ), #2742 );
#2783 = DIRECTION ( 'NONE',  ( -0.09052430460421928560, 0.8612812260087807648, -0.5000000000007341905 ) ) ;
#2784 = CARTESIAN_POINT ( 'NONE',  ( 0.4561674782013416807, 0.04500733388959446413, -0.1778562600921587411 ) ) ;
#2785 = COLOUR_RGB ( '',0.7607843137254901578, 0.7607843137254901578, 0.0000000000000000000 ) ;
#2786 = FILL_AREA_STYLE_COLOUR ( '', #6400 ) ;
#2787 = EDGE_LOOP ( 'NONE', ( #1065, #5906, #4462, #2901 ) ) ;
#2788 = FILL_AREA_STYLE_COLOUR ( '', #2209 ) ;
#2789 = CARTESIAN_POINT ( 'NONE',  ( 0.4625214697569317024, 0.03516481420455510459, -0.03177255961239490445 ) ) ;
#2790 = CARTESIAN_POINT ( 'NONE',  ( 0.4554196763414986582, 0.03516481420455512541, -0.03730122072223737706 ) ) ;
#2791 = CARTESIAN_POINT ( 'NONE',  ( 0.5135310619964214007, -0.02413076081869613976, -0.04773622072121743581 ) ) ;
#2792 = CARTESIAN_POINT ( 'NONE',  ( 0.2532616618757507210, 0.03516481420455545848, -0.07814324995916692440 ) ) ;
#2793 = AXIS2_PLACEMENT_3D ( 'NONE', #354, #7333, #441 ) ;
#2794 = LENGTH_MEASURE_WITH_UNIT ( LENGTH_MEASURE( 0.02539999999999999897 ), #6452 );
#2795 = DIRECTION ( 'NONE',  ( 0.1045284632676983655, 0.9945218953682685159, 1.827786029713617844E-16 ) ) ;
#2796 = VECTOR ( 'NONE', #1887, 39.37007874015748143 ) ;
#2797 = ORIENTED_EDGE ( 'NONE', *, *, #7583, .T. ) ;
#2798 = DIRECTION ( 'NONE',  ( -0.9040697402711028730, 1.486758830245369207E-15, -0.4273849608095032782 ) ) ;
#2799 = LINE ( 'NONE', #7841, #702 ) ;
#2800 = CARTESIAN_POINT ( 'NONE',  ( 0.5152090898304263478, -0.02393547695607490741, -0.1398622049731721440 ) ) ;
#2801 = ORIENTED_EDGE ( 'NONE', *, *, #437, .T. ) ;
#2802 = PLANE ( 'NONE',  #4721 ) ;
#2803 = AXIS2_PLACEMENT_3D ( 'NONE', #7993, #4690, #2335 ) ;
#2804 = DIRECTION ( 'NONE',  ( 8.234490263801784106E-12, -1.353889066150678573E-26, -1.000000000000000000 ) ) ;
#2805 = EDGE_LOOP ( 'NONE', ( #7270, #4006, #5131, #6346 ) ) ;
#2806 = DIRECTION ( 'NONE',  ( -1.000000000000000000, -6.824337234613477078E-11, -1.067819642909784613E-12 ) ) ;
#2807 = CARTESIAN_POINT ( 'NONE',  ( 0.5154616257491041464, -0.02157683654261761605, -0.1474125626562529934 ) ) ;
#2808 = VECTOR ( 'NONE', #7719, 39.37007874015748143 ) ;
#2809 = AXIS2_PLACEMENT_3D ( 'NONE', #633, #7530, #4376 ) ;
#2810 = ORIENTED_EDGE ( 'NONE', *, *, #4448, .F. ) ;
#2811 = PRESENTATION_LAYER_ASSIGNMENT (  '', '', ( #5861 ) ) ;
#2812 =( CONVERSION_BASED_UNIT ( 'INCH', #3441 ) LENGTH_UNIT ( ) NAMED_UNIT ( #1268 ) );
#2813 = ORIENTED_EDGE ( 'NONE', *, *, #2371, .F. ) ;
#2814 = FACE_OUTER_BOUND ( 'NONE', #1462, .T. ) ;
#2815 = CIRCLE ( 'NONE', #7054, 0.005905511811027552849 ) ;
#2816 = ORIENTED_EDGE ( 'NONE', *, *, #4544, .F. ) ;
#2817 = DIRECTION ( 'NONE',  ( 7.515307820595736171E-13, -1.000000000000000000, 2.344791028037013343E-13 ) ) ;
#2818 = SURFACE_SIDE_STYLE ('',( #936 ) ) ;
#2819 = FACE_OUTER_BOUND ( 'NONE', #7740, .T. ) ;
#2820 = LINE ( 'NONE', #984, #7840 ) ;
#2821 = EDGE_CURVE ( 'NONE', #2333, #2446, #3201, .T. ) ;
#2822 = EDGE_CURVE ( 'NONE', #6679, #1133, #5339, .T. ) ;
#2823 = UNCERTAINTY_MEASURE_WITH_UNIT (LENGTH_MEASURE( 1.000000000000000082E-05 ), #5796, 'distance_accuracy_value', 'NONE');
#2824 = DIMENSIONAL_EXPONENTS ( 1.000000000000000000, 0.0000000000000000000, 0.0000000000000000000, 0.0000000000000000000, 0.0000000000000000000, 0.0000000000000000000, 0.0000000000000000000 ) ;
#2825 = EDGE_CURVE ( 'NONE', #7260, #7030, #6002, .T. ) ;
#2826 = VECTOR ( 'NONE', #6350, 39.37007874015748143 ) ;
#2827 = CARTESIAN_POINT ( 'NONE',  ( 0.5147244003127863232, -0.01932396423582117412, -0.1688944472908094074 ) ) ;
#2828 = ORIENTED_EDGE ( 'NONE', *, *, #424, .T. ) ;
#2829 = DIRECTION ( 'NONE',  ( 1.000000000000000000, 0.0000000000000000000, -1.951563910474197493E-15 ) ) ;
#2830 = ORIENTED_EDGE ( 'NONE', *, *, #6832, .F. ) ;
#2831 = DIRECTION ( 'NONE',  ( 0.9945218953682686269, -0.1045284632676983794, 1.739022243102431967E-15 ) ) ;
#2832 = CARTESIAN_POINT ( 'NONE',  ( 0.2372226159726802952, 0.04500733388959483189, -0.1800196852883007848 ) ) ;
#2833 = CIRCLE ( 'NONE', #8109, 0.007874015748027556397 ) ;
#2834 = DIRECTION ( 'NONE',  ( 1.644517855226007801E-15, 1.000000000000000000, 2.875605999964572744E-30 ) ) ;
#2835 = CIRCLE ( 'NONE', #5481, 0.007874015748031506362 ) ;
#2836 = EDGE_CURVE ( 'NONE', #7047, #3884, #1117, .T. ) ;
#2837 = PLANE ( 'NONE',  #2326 ) ;
#2838 = DIRECTION ( 'NONE',  ( 0.6691306063588773334, -0.7431448254773770357, 9.637352644315590806E-16 ) ) ;
#2839 = AXIS2_PLACEMENT_3D ( 'NONE', #1430, #3961, #6657 ) ;
#2840 = PLANE ( 'NONE',  #7572 ) ;
#2841 = AXIS2_PLACEMENT_3D ( 'NONE', #1921, #4328, #3207 ) ;
#2842 = ORIENTED_EDGE ( 'NONE', *, *, #1043, .F. ) ;
#2843 = CARTESIAN_POINT ( 'NONE',  ( 0.5225010356770470876, -0.01798479209465760759, -0.1674212600912223792 ) ) ;
#2844 = CARTESIAN_POINT ( 'NONE',  ( 0.5146701546111731584, -0.01880785086056310437, -0.1693440471045152274 ) ) ;
#2845 = CARTESIAN_POINT ( 'NONE',  ( 0.2372226159751995300, 0.03516481420455547929, -0.08789370103625360198 ) ) ;
#2846 = VERTEX_POINT ( 'NONE', #6189 ) ;
#2847 = AXIS2_PLACEMENT_3D ( 'NONE', #6061, #7952, #4161 ) ;
#2848 =( NAMED_UNIT ( * ) SI_UNIT ( $, .STERADIAN. ) SOLID_ANGLE_UNIT ( ) );
#2849 =( NAMED_UNIT ( * ) PLANE_ANGLE_UNIT ( ) SI_UNIT ( $, .RADIAN. ) );
#2850 = CIRCLE ( 'NONE', #7488, 0.007874015748031495954 ) ;
#2851 = CARTESIAN_POINT ( 'NONE',  ( 0.2313841284563810663, 0.03516481420463420798, -0.1878937010362536630 ) ) ;
#2852 = CARTESIAN_POINT ( 'NONE',  ( 0.2021550464030787142, -0.01818255847634997827, -0.1437992128478284004 ) ) ;
#2853 = VERTEX_POINT ( 'NONE', #6268 ) ;
#2854 = FACE_OUTER_BOUND ( 'NONE', #109, .T. ) ;
#2855 = CARTESIAN_POINT ( 'NONE',  ( 0.5171906553894760616, -0.02376973408140407168, -0.1477362080802064881 ) ) ;
#2856 = VECTOR ( 'NONE', #1356, 39.37007874015748143 ) ;
#2857 = ORIENTED_EDGE ( 'NONE', *, *, #4587, .F. ) ;
#2858 = LINE ( 'NONE', #4715, #7798 ) ;
#2859 = ORIENTED_EDGE ( 'NONE', *, *, #6633, .T. ) ;
#2860 = FACE_OUTER_BOUND ( 'NONE', #1386, .T. ) ;
#2861 = COLOUR_RGB ( '',0.7607843137254901578, 0.7607843137254901578, 0.0000000000000000000 ) ;
#2862 = ORIENTED_EDGE ( 'NONE', *, *, #1539, .F. ) ;
#2863 = DIRECTION ( 'NONE',  ( 1.000000000000000000, -1.644517855226007801E-15, 1.748601263784621748E-15 ) ) ;
#2864 = ADVANCED_FACE ( 'NONE', ( #7475 ), #3120, .T. ) ;
#2865 = EDGE_CURVE ( 'NONE', #5979, #2508, #616, .T. ) ;
#2866 = EDGE_LOOP ( 'NONE', ( #1304, #3588, #1827, #708 ) ) ;
#2867 = DIRECTION ( 'NONE',  ( -0.09052430461248955895, 0.8612812260087768790, 0.4999999999992434385 ) ) ;
#2868 = ORIENTED_EDGE ( 'NONE', *, *, #1954, .T. ) ;
#2869 = FACE_OUTER_BOUND ( 'NONE', #2205, .T. ) ;
#2870 =( CONVERSION_BASED_UNIT ( 'INCH', #7828 ) LENGTH_UNIT ( ) NAMED_UNIT ( #2025 ) );
#2871 = SURFACE_STYLE_USAGE ( .BOTH. , #948 ) ;
#2872 = EDGE_CURVE ( 'NONE', #1365, #6519, #3162, .T. ) ;
#2873 = STYLED_ITEM ( 'NONE', ( #654 ), #6263 ) ;
#2874 = DIRECTION ( 'NONE',  ( 1.644517855226008195E-15, 1.000000000000000000, -2.890435660536364269E-30 ) ) ;
#2875 =( NAMED_UNIT ( * ) PLANE_ANGLE_UNIT ( ) SI_UNIT ( $, .RADIAN. ) );
#2876 = LINE ( 'NONE', #5363, #4581 ) ;
#2877 = LENGTH_MEASURE_WITH_UNIT ( LENGTH_MEASURE( 0.02539999999999999897 ), #7998 );
#2878 =( GEOMETRIC_REPRESENTATION_CONTEXT ( 3 ) GLOBAL_UNCERTAINTY_ASSIGNED_CONTEXT ( ( #1902 ) ) GLOBAL_UNIT_ASSIGNED_CONTEXT ( ( #817, #7899, #4147 ) ) REPRESENTATION_CONTEXT ( 'NONE', 'WORKASPACE' ) );
#2879 = PRESENTATION_LAYER_ASSIGNMENT (  '', '', ( #6050 ) ) ;
#2880 = DIMENSIONAL_EXPONENTS ( 1.000000000000000000, 0.0000000000000000000, 0.0000000000000000000, 0.0000000000000000000, 0.0000000000000000000, 0.0000000000000000000, 0.0000000000000000000 ) ;
#2881 = DIRECTION ( 'NONE',  ( 1.000000000000000000, -1.644517855226007801E-15, 3.368510880617784864E-12 ) ) ;
#2882 = EDGE_CURVE ( 'NONE', #5933, #7021, #7513, .T. ) ;
#2883 = EDGE_LOOP ( 'NONE', ( #4092, #2859, #5937, #3908, #5303, #3594 ) ) ;
#2884 = CARTESIAN_POINT ( 'NONE',  ( 0.4536010832257899583, 0.04500733388959449188, -0.03701423085452092837 ) ) ;
#2885 = PRESENTATION_STYLE_ASSIGNMENT (( #1749 ) ) ;
#2886 = PLANE ( 'NONE',  #6647 ) ;
#2887 = DIRECTION ( 'NONE',  ( 1.000000000000000000, -1.644517855226007801E-15, 1.748601263784621748E-15 ) ) ;
#2888 = EDGE_CURVE ( 'NONE', #2223, #8055, #499, .T. ) ;
#2889 =( CONVERSION_BASED_UNIT ( 'INCH', #5875 ) LENGTH_UNIT ( ) NAMED_UNIT ( #62 ) );
#2890 = CARTESIAN_POINT ( 'NONE',  ( 0.2453562723636247278, 0.03516481420455546542, -0.08123784496837958835 ) ) ;
#2891 = VERTEX_POINT ( 'NONE', #7593 ) ;
#2892 = PRESENTATION_LAYER_ASSIGNMENT (  '', '', ( #2498 ) ) ;
#2893 = CARTESIAN_POINT ( 'NONE',  ( 0.4536010832257899583, 0.04500733388959449188, -0.03701423085452092837 ) ) ;
#2894 = CIRCLE ( 'NONE', #5669, 0.007874015748031495954 ) ;
#2895 = DIRECTION ( 'NONE',  ( -1.644517855226206988E-15, -1.000000000000000000, 1.136868377216000001E-13 ) ) ;
#2896 = ORIENTED_EDGE ( 'NONE', *, *, #7808, .F. ) ;
#2897 = ORIENTED_EDGE ( 'NONE', *, *, #4488, .F. ) ;
#2898 = DIRECTION ( 'NONE',  ( -1.000000000000000000, 1.644517855226007801E-15, -1.778650912061784734E-12 ) ) ;
#2899 = ORIENTED_EDGE ( 'NONE', *, *, #6713, .F. ) ;
#2900 = CYLINDRICAL_SURFACE ( 'NONE', #4762, 0.005905511811027547645 ) ;
#2901 = ORIENTED_EDGE ( 'NONE', *, *, #3122, .T. ) ;
#2902 = DIRECTION ( 'NONE',  ( -1.644517855226007801E-15, -1.000000000000000000, -6.123233995736764803E-17 ) ) ;
#2903 = PLANE ( 'NONE',  #347 ) ;
#2904 = LINE ( 'NONE', #6756, #6290 ) ;
#2905 = VECTOR ( 'NONE', #3725, 39.37007874015748143 ) ;
#2906 = UNCERTAINTY_MEASURE_WITH_UNIT (LENGTH_MEASURE( 1.000000000000000082E-05 ), #4984, 'distance_accuracy_value', 'NONE');
#2907 = VECTOR ( 'NONE', #6116, 39.37007874015748143 ) ;
#2908 = ORIENTED_EDGE ( 'NONE', *, *, #6472, .F. ) ;
#2909 = CARTESIAN_POINT ( 'NONE',  ( 0.2313841284562323797, 0.04500733388959484577, -0.1878937010368047777 ) ) ;
#2910 = ORIENTED_EDGE ( 'NONE', *, *, #5215, .T. ) ;
#2911 = DIRECTION ( 'NONE',  ( 4.389509589141790047E-12, -1.000000000000000000, -9.023892744152991248E-12 ) ) ;
#2912 = FILL_AREA_STYLE ('',( #454 ) ) ;
#2913 = LINE ( 'NONE', #5442, #4276 ) ;
#2914 = CARTESIAN_POINT ( 'NONE',  ( 0.4754786166451601126, 0.1217789874329369693, 0.01210629896398299730 ) ) ;
#2915 = FACE_OUTER_BOUND ( 'NONE', #3450, .T. ) ;
#2916 = EDGE_CURVE ( 'NONE', #6037, #4512, #6797, .T. ) ;
#2917 = PRESENTATION_LAYER_ASSIGNMENT (  '', '', ( #781 ) ) ;
#2918 = EDGE_CURVE ( 'NONE', #7709, #4215, #3077, .T. ) ;
#2919 = EDGE_CURVE ( 'NONE', #2967, #6331, #5568, .T. ) ;
#2920 = CARTESIAN_POINT ( 'NONE',  ( 0.1585494827869405321, -0.03078006768520818656, -0.05757874040688364115 ) ) ;
#2921 = VERTEX_POINT ( 'NONE', #1830 ) ;
#2922 = CARTESIAN_POINT ( 'NONE',  ( 0.5134983943101647519, -0.007659296307098515354, -0.02726377977633583430 ) ) ;
#2923 = CARTESIAN_POINT ( 'NONE',  ( 0.2453562723632707610, 0.04500733388959481801, -0.1339196358434976697 ) ) ;
#2924 = STYLED_ITEM ( 'NONE', ( #151 ), #1026 ) ;
#2925 = CARTESIAN_POINT ( 'NONE',  ( 0.4578091021359867452, 0.003668751212429131620, -0.2095942470915554690 ) ) ;
#2926 = CARTESIAN_POINT ( 'NONE',  ( 0.2443412753456723763, 0.04500733388959481801, -0.1317725596147574785 ) ) ;
#2927 = CARTESIAN_POINT ( 'NONE',  ( 0.2443412753455935782, 0.03516481420455544460, -0.1317725596143638211 ) ) ;
#2928 = ORIENTED_EDGE ( 'NONE', *, *, #6106, .F. ) ;
#2929 = CARTESIAN_POINT ( 'NONE',  ( 0.2031529521231691948, -0.008688119764420866240, -0.1272637797769623214 ) ) ;
#2930 = EDGE_CURVE ( 'NONE', #4181, #6697, #4446, .T. ) ;
#2931 = EDGE_CURVE ( 'NONE', #815, #8112, #2507, .T. ) ;
#2932 = AXIS2_PLACEMENT_3D ( 'NONE', #2925, #2250, #5448 ) ;
#2933 = EDGE_CURVE ( 'NONE', #5763, #3287, #7551, .T. ) ;
#2934 = DIRECTION ( 'NONE',  ( -1.000000000000000000, 1.644517855226007801E-15, -8.234490263801784106E-12 ) ) ;
#2935 = DIRECTION ( 'NONE',  ( 1.000000000000000000, -1.644517855226007998E-15, -1.748601263784621946E-15 ) ) ;
#2936 = ORIENTED_EDGE ( 'NONE', *, *, #3029, .T. ) ;
#2937 = LINE ( 'NONE', #4832, #4391 ) ;
#2938 = DIMENSIONAL_EXPONENTS ( 1.000000000000000000, 0.0000000000000000000, 0.0000000000000000000, 0.0000000000000000000, 0.0000000000000000000, 0.0000000000000000000, 0.0000000000000000000 ) ;
#2939 = ORIENTED_EDGE ( 'NONE', *, *, #919, .T. ) ;
#2940 = VECTOR ( 'NONE', #7388, 39.37007874015748143 ) ;
#2941 = CARTESIAN_POINT ( 'NONE',  ( 0.5149982620534936384, -0.02037404134002670369, -0.1468834790947769753 ) ) ;
#2942 = EDGE_CURVE ( 'NONE', #6674, #5107, #5102, .T. ) ;
#2943 = VECTOR ( 'NONE', #4873, 39.37007874015748143 ) ;
#2944 = ORIENTED_EDGE ( 'NONE', *, *, #2161, .T. ) ;
#2945 =( LENGTH_UNIT ( ) NAMED_UNIT ( * ) SI_UNIT ( $, .METRE. ) );
#2946 = DIRECTION ( 'NONE',  ( 1.748601263784621946E-15, 0.0000000000000000000, -1.000000000000000000 ) ) ;
#2947 = VERTEX_POINT ( 'NONE', #2784 ) ;
#2948 = VECTOR ( 'NONE', #4537, 39.37007874015748143 ) ;
#2949 = ORIENTED_EDGE ( 'NONE', *, *, #33, .F. ) ;
#2950 = CARTESIAN_POINT ( 'NONE',  ( 0.5162468380955167468, -0.02281331161264291488, -0.06746322549319072603 ) ) ;
#2951 = SURFACE_SIDE_STYLE ('',( #7339 ) ) ;
#2952 = LENGTH_MEASURE_WITH_UNIT ( LENGTH_MEASURE( 0.02539999999999999897 ), #1527 );
#2953 = AXIS2_PLACEMENT_3D ( 'NONE', #1303, #6994, #3846 ) ;
#2954 = VECTOR ( 'NONE', #7013, 39.37007874015748143 ) ;
#2955 = DIRECTION ( 'NONE',  ( -8.234490263801784106E-12, 1.353889066150678860E-26, 1.000000000000000000 ) ) ;
#2956 = VECTOR ( 'NONE', #1164, 39.37007874015748854 ) ;
#2957 = VERTEX_POINT ( 'NONE', #819 ) ;
#2958 = CARTESIAN_POINT ( 'NONE',  ( 0.2443412753448057362, 0.03516481420455546542, -0.03177255961278904750 ) ) ;
#2959 = EDGE_LOOP ( 'NONE', ( #2731, #6282, #7214, #1135, #8135, #7283, #257, #2665, #7122, #350, #1884, #450, #2035, #1371 ) ) ;
#2960 = FACE_OUTER_BOUND ( 'NONE', #6343, .T. ) ;
#2961 = CARTESIAN_POINT ( 'NONE',  ( 0.4561674782085065605, 0.04500733388959448494, -0.03730122072223737706 ) ) ;
#2962 = CARTESIAN_POINT ( 'NONE',  ( 0.4696401291287826130, 0.03516481420455507684, -0.1351377955249933038 ) ) ;
#2963 =( NAMED_UNIT ( * ) SI_UNIT ( $, .STERADIAN. ) SOLID_ANGLE_UNIT ( ) );
#2964 = PRESENTATION_LAYER_ASSIGNMENT (  '', '', ( #3748 ) ) ;
#2965 = AXIS2_PLACEMENT_3D ( 'NONE', #4322, #575, #6846 ) ;
#2966 =( CONVERSION_BASED_UNIT ( 'INCH', #6109 ) LENGTH_UNIT ( ) NAMED_UNIT ( #2358 ) );
#2967 = VERTEX_POINT ( 'NONE', #124 ) ;
#2968 = VECTOR ( 'NONE', #2444, 39.37007874015748854 ) ;
#2969 = FACE_OUTER_BOUND ( 'NONE', #6545, .T. ) ;
#2970 =( NAMED_UNIT ( * ) SI_UNIT ( $, .STERADIAN. ) SOLID_ANGLE_UNIT ( ) );
#2971 =( LENGTH_UNIT ( ) NAMED_UNIT ( * ) SI_UNIT ( $, .METRE. ) );
#2972 = DIRECTION ( 'NONE',  ( -2.837565599156477682E-11, 1.000000000000000000, -4.961769309790727612E-26 ) ) ;
#2973 = VERTEX_POINT ( 'NONE', #694 ) ;
#2974 = CARTESIAN_POINT ( 'NONE',  ( 0.2490536793147662964, -0.004205264535602010016, -0.005563233721056699485 ) ) ;
#2975 = VECTOR ( 'NONE', #6196, 39.37007874015748143 ) ;
#2976 = AXIS2_PLACEMENT_3D ( 'NONE', #1427, #142, #2761 ) ;
#2977 =( NAMED_UNIT ( * ) SI_UNIT ( $, .STERADIAN. ) SOLID_ANGLE_UNIT ( ) );
#2978 = FILL_AREA_STYLE_COLOUR ( '', #6040 ) ;
#2979 = EDGE_CURVE ( 'NONE', #1105, #7260, #7632, .T. ) ;
#2980 = LENGTH_MEASURE_WITH_UNIT ( LENGTH_MEASURE( 0.02539999999999999897 ), #1675 );
#2981 = EDGE_LOOP ( 'NONE', ( #5986, #389, #7370, #40 ) ) ;
#2982 = CIRCLE ( 'NONE', #446, 0.007874015748031499423 ) ;
#2983 = SURFACE_SIDE_STYLE ('',( #6601 ) ) ;
#2984 = DIRECTION ( 'NONE',  ( -0.9040697402684464423, 1.626303258728254482E-15, -0.4273849608151225055 ) ) ;
#2985 = ORIENTED_EDGE ( 'NONE', *, *, #4896, .F. ) ;
#2986 = EDGE_CURVE ( 'NONE', #3339, #1365, #3946, .T. ) ;
#2987 = CARTESIAN_POINT ( 'NONE',  ( 0.5225010356770467546, -0.01798479209465759024, -0.06742126009122235974 ) ) ;
#2988 = SURFACE_SIDE_STYLE ('',( #4876 ) ) ;
#2989 = EDGE_CURVE ( 'NONE', #5620, #3374, #1993, .T. ) ;
#2990 = CARTESIAN_POINT ( 'NONE',  ( 0.1972323944382713412, 0.02914268067976814522, -0.08789370103680482771 ) ) ;
#2991 = ORIENTED_EDGE ( 'NONE', *, *, #5850, .F. ) ;
#2992 = CARTESIAN_POINT ( 'NONE',  ( 0.3140612938105262764, 0.1021333181416026054, -0.08218503961889105092 ) ) ;
#2993 =( LENGTH_UNIT ( ) NAMED_UNIT ( * ) SI_UNIT ( $, .METRE. ) );
#2994 = DIRECTION ( 'NONE',  ( -2.171873791922962805E-11, 0.0000000000000000000, 1.000000000000000000 ) ) ;
#2995 = AXIS2_PLACEMENT_3D ( 'NONE', #2150, #768, #807 ) ;
#2996 = PRESENTATION_STYLE_ASSIGNMENT (( #6342 ) ) ;
#2997 = UNCERTAINTY_MEASURE_WITH_UNIT (LENGTH_MEASURE( 1.000000000000000082E-05 ), #1587, 'distance_accuracy_value', 'NONE');
#2998 = STYLED_ITEM ( 'NONE', ( #2586 ), #5803 ) ;
#2999 = ORIENTED_EDGE ( 'NONE', *, *, #4837, .T. ) ;
#3000 = DIRECTION ( 'NONE',  ( 1.644517855226008195E-15, 1.000000000000000000, -6.888556729901376831E-28 ) ) ;
#3001 = ORIENTED_EDGE ( 'NONE', *, *, #4087, .F. ) ;
#3002 = LINE ( 'NONE', #7426, #6001 ) ;
#3003 = SURFACE_STYLE_FILL_AREA ( #5172 ) ;
#3004 = DIRECTION ( 'NONE',  ( 6.059249513075213418E-12, -1.655655939024010114E-12, 1.000000000000000000 ) ) ;
#3005 = LINE ( 'NONE', #5530, #686 ) ;
#3006 = DIRECTION ( 'NONE',  ( -6.938893903907228378E-14, -0.2873478855663174070, 0.9578262852211597567 ) ) ;
#3007 = SURFACE_SIDE_STYLE ('',( #456 ) ) ;
#3008 = AXIS2_PLACEMENT_3D ( 'NONE', #2260, #2681, #5120 ) ;
#3009 = ORIENTED_EDGE ( 'NONE', *, *, #127, .F. ) ;
#3010 = CARTESIAN_POINT ( 'NONE',  ( 0.4754786166454750829, 0.03516481420467319763, -0.08789370103648942723 ) ) ;
#3011 = AXIS2_PLACEMENT_3D ( 'NONE', #1112, #8070, #1691 ) ;
#3012 = CARTESIAN_POINT ( 'NONE',  ( 0.4561674782086251323, 0.03516481420455509765, -0.1313957089112138266 ) ) ;
#3013 = DIRECTION ( 'NONE',  ( 1.000000000000000000, -1.644517855226007801E-15, 1.748601263784621748E-15 ) ) ;
#3014 = DIRECTION ( 'NONE',  ( -0.9945218953682689600, -0.1045284632676950626, -8.189380864547703863E-12 ) ) ;
#3015 = CARTESIAN_POINT ( 'NONE',  ( 0.2006796306912831396, -0.02488414520015490641, -0.06742126009192291047 ) ) ;
#3016 = ORIENTED_EDGE ( 'NONE', *, *, #1024, .F. ) ;
#3017 = LINE ( 'NONE', #3632, #8190 ) ;
#3018 = VECTOR ( 'NONE', #1108, 39.37007874015748143 ) ;
#3019 =( GEOMETRIC_REPRESENTATION_CONTEXT ( 3 ) GLOBAL_UNCERTAINTY_ASSIGNED_CONTEXT ( ( #3727 ) ) GLOBAL_UNIT_ASSIGNED_CONTEXT ( ( #1816, #4309, #4347 ) ) REPRESENTATION_CONTEXT ( 'NONE', 'WORKASPACE' ) );
#3020 = FACE_OUTER_BOUND ( 'NONE', #935, .T. ) ;
#3021 = ORIENTED_EDGE ( 'NONE', *, *, #5848, .F. ) ;
#3022 = MECHANICAL_DESIGN_GEOMETRIC_PRESENTATION_REPRESENTATION (  '', ( #3418 ), #490 ) ;
#3023 = CARTESIAN_POINT ( 'NONE',  ( 0.5152090898307177813, -0.02393547695607489006, -0.07529527583931391876 ) ) ;
#3024 = CARTESIAN_POINT ( 'NONE',  ( 0.5146701546109772041, -0.01880785086054940006, -0.1458134337079936838 ) ) ;
#3025 = EDGE_LOOP ( 'NONE', ( #2553, #5499, #3732, #6900 ) ) ;
#3026 = ADVANCED_FACE ( 'NONE', ( #3905 ), #208, .T. ) ;
#3027 = EDGE_CURVE ( 'NONE', #4181, #277, #4548, .T. ) ;
#3028 = VECTOR ( 'NONE', #1992, 39.37007874015748143 ) ;
#3029 = EDGE_CURVE ( 'NONE', #7638, #7692, #3402, .T. ) ;
#3030 = DIRECTION ( 'NONE',  ( -8.234490263801784106E-12, 1.353889066150678860E-26, 1.000000000000000000 ) ) ;
#3031 = ORIENTED_EDGE ( 'NONE', *, *, #6131, .T. ) ;
#3032 = FACE_OUTER_BOUND ( 'NONE', #6371, .T. ) ;
#3033 = ORIENTED_EDGE ( 'NONE', *, *, #3983, .F. ) ;
#3034 = DIRECTION ( 'NONE',  ( -1.000000000000000000, 1.644517855226007801E-15, -8.234490263801784106E-12 ) ) ;
#3035 = PRESENTATION_LAYER_ASSIGNMENT (  '', '', ( #1945 ) ) ;
#3036 = DIRECTION ( 'NONE',  ( 1.644517855226008195E-15, 1.000000000000000000, 2.890435660536364269E-30 ) ) ;
#3037 = ADVANCED_FACE ( 'NONE', ( #3861 ), #7665, .F. ) ;
#3038 = EDGE_CURVE ( 'NONE', #2500, #1727, #7100, .T. ) ;
#3039 = VERTEX_POINT ( 'NONE', #2038 ) ;
#3040 = DIRECTION ( 'NONE',  ( 4.196190604145846758E-13, -6.871954312449809553E-28, -1.000000000000000000 ) ) ;
#3041 = ORIENTED_EDGE ( 'NONE', *, *, #3937, .T. ) ;
#3042 = SURFACE_STYLE_FILL_AREA ( #6223 ) ;
#3043 = LINE ( 'NONE', #639, #6652 ) ;
#3044 = DIRECTION ( 'NONE',  ( 8.234490263801784106E-12, -1.353889066150678573E-26, -1.000000000000000000 ) ) ;
#3045 = CARTESIAN_POINT ( 'NONE',  ( 0.3496518449916168891, 0.1198104834959332482, -0.07915354355589923618 ) ) ;
#3046 = CARTESIAN_POINT ( 'NONE',  ( 0.3496518449916169446, 0.1198104834959332482, -0.03600393725668660921 ) ) ;
#3047 =( NAMED_UNIT ( * ) PLANE_ANGLE_UNIT ( ) SI_UNIT ( $, .RADIAN. ) );
#3048 = ORIENTED_EDGE ( 'NONE', *, *, #1089, .T. ) ;
#3049 = DIRECTION ( 'NONE',  ( 0.1045284632676983655, 0.9945218953682685159, 1.827786029713617844E-16 ) ) ;
#3050 = PRESENTATION_STYLE_ASSIGNMENT (( #13 ) ) ;
#3051 = DIRECTION ( 'NONE',  ( 0.4273849608879177753, -7.028421992352470748E-16, -0.9040697402340335254 ) ) ;
#3052 = CARTESIAN_POINT ( 'NONE',  ( 0.4920108682644404596, 0.02729079845652356354, -0.02726377977651272058 ) ) ;
#3053 = ORIENTED_EDGE ( 'NONE', *, *, #5560, .F. ) ;
#3054 = AXIS2_PLACEMENT_3D ( 'NONE', #3913, #2135, #3341 ) ;
#3055 = CARTESIAN_POINT ( 'NONE',  ( 0.5054377417277423623, -0.02312123604650298536, -0.06742126009136263642 ) ) ;
#3056 = VECTOR ( 'NONE', #3508, 39.37007874015748143 ) ;
#3057 =( CONVERSION_BASED_UNIT ( 'INCH', #6288 ) LENGTH_UNIT ( ) NAMED_UNIT ( #1322 ) );
#3058 = ORIENTED_EDGE ( 'NONE', *, *, #4453, .T. ) ;
#3059 = DIRECTION ( 'NONE',  ( -1.644517855226008195E-15, -1.000000000000000000, -2.890435660536364269E-30 ) ) ;
#3060 = DIRECTION ( 'NONE',  ( 0.09052430460833847670, 0.8612812260087805427, 0.4999999999999888978 ) ) ;
#3061 = AXIS2_PLACEMENT_3D ( 'NONE', #6664, #2935, #7406 ) ;
#3062 = AXIS2_PLACEMENT_3D ( 'NONE', #2602, #7650, #1976 ) ;
#3063 = LINE ( 'NONE', #6084, #790 ) ;
#3064 = ORIENTED_EDGE ( 'NONE', *, *, #3293, .F. ) ;
#3065 =( LENGTH_UNIT ( ) NAMED_UNIT ( * ) SI_UNIT ( $, .METRE. ) );
#3066 = EDGE_LOOP ( 'NONE', ( #6600, #6203, #6044, #1891 ) ) ;
#3067 = LINE ( 'NONE', #1147, #6207 ) ;
#3068 = UNCERTAINTY_MEASURE_WITH_UNIT (LENGTH_MEASURE( 1.000000000000000082E-05 ), #4089, 'distance_accuracy_value', 'NONE');
#3069 = COLOUR_RGB ( '',0.7607843137254901578, 0.7607843137254901578, 0.0000000000000000000 ) ;
#3070 = EDGE_LOOP ( 'NONE', ( #3362, #4457, #642, #1990, #762, #5655 ) ) ;
#3071 = CARTESIAN_POINT ( 'NONE',  ( 0.4696401291286643742, 0.03516481420483066889, -0.1272637797769618495 ) ) ;
#3072 = ADVANCED_FACE ( 'NONE', ( #6397 ), #5142, .F. ) ;
#3073 = ORIENTED_EDGE ( 'NONE', *, *, #2574, .T. ) ;
#3074 =( LENGTH_UNIT ( ) NAMED_UNIT ( * ) SI_UNIT ( $, .METRE. ) );
#3075 = VECTOR ( 'NONE', #1267, 39.37007874015748143 ) ;
#3076 = CYLINDRICAL_SURFACE ( 'NONE', #976, 0.01771653543307086937 ) ;
#3077 = LINE ( 'NONE', #3046, #2442 ) ;
#3078 = LENGTH_MEASURE_WITH_UNIT ( LENGTH_MEASURE( 0.02539999999999999897 ), #5491 );
#3079 = ADVANCED_FACE ( 'NONE', ( #2660 ), #7704, .F. ) ;
#3080 = AXIS2_PLACEMENT_3D ( 'NONE', #838, #5367, #5985 ) ;
#3081 = VECTOR ( 'NONE', #5124, 39.37007874015748143 ) ;
#3082 = DIRECTION ( 'NONE',  ( -1.000000000000000000, 1.644517855226007801E-15, -1.582776894139444281E-15 ) ) ;
#3083 = ORIENTED_EDGE ( 'NONE', *, *, #7025, .T. ) ;
#3084 = LINE ( 'NONE', #3010, #469 ) ;
#3085 =( GEOMETRIC_REPRESENTATION_CONTEXT ( 3 ) GLOBAL_UNCERTAINTY_ASSIGNED_CONTEXT ( ( #18 ) ) GLOBAL_UNIT_ASSIGNED_CONTEXT ( ( #6280, #1878, #1924 ) ) REPRESENTATION_CONTEXT ( 'NONE', 'WORKASPACE' ) );
#3086 = CARTESIAN_POINT ( 'NONE',  ( 0.5134983943106644633, -0.007659296307098530966, -0.1878937010361783622 ) ) ;
#3087 = EDGE_CURVE ( 'NONE', #2957, #849, #938, .T. ) ;
#3088 = DIRECTION ( 'NONE',  ( 0.0000000000000000000, 0.0000000000000000000, 1.000000000000000000 ) ) ;
#3089 = LINE ( 'NONE', #706, #6683 ) ;
#3090 = PRESENTATION_LAYER_ASSIGNMENT (  '', '', ( #1487 ) ) ;
#3091 = FILL_AREA_STYLE ('',( #1206 ) ) ;
#3092 = ORIENTED_EDGE ( 'NONE', *, *, #6171, .F. ) ;
#3093 = AXIS2_PLACEMENT_3D ( 'NONE', #134, #1534, #707 ) ;
#3094 = CARTESIAN_POINT ( 'NONE',  ( 0.3140612938105266649, 0.1020939480628624135, -0.1821850396188910703 ) ) ;
#3095 = COLOUR_RGB ( '',0.7607843137254901578, 0.7607843137254901578, 0.0000000000000000000 ) ;
#3096 = ORIENTED_EDGE ( 'NONE', *, *, #7025, .F. ) ;
#3097 = SURFACE_SIDE_STYLE ('',( #2601 ) ) ;
#3098 = DIRECTION ( 'NONE',  ( 1.748601263784621748E-15, 0.0000000000000000000, -1.000000000000000000 ) ) ;
#3099 = ORIENTED_EDGE ( 'NONE', *, *, #4086, .T. ) ;
#3100 = DIRECTION ( 'NONE',  ( 0.9578261432953891763, 0.2873483586517949773, 1.674856004652267247E-15 ) ) ;
#3101 = CARTESIAN_POINT ( 'NONE',  ( 0.1896577093114369950, -0.02375406862796414220, -0.1477362207218441970 ) ) ;
#3102 = ORIENTED_EDGE ( 'NONE', *, *, #8071, .T. ) ;
#3103 = DIRECTION ( 'NONE',  ( 0.4273849607944149032, -7.028421990814850682E-16, 0.9040697402782356118 ) ) ;
#3104 = VECTOR ( 'NONE', #3911, 39.37007874015748143 ) ;
#3105 = MECHANICAL_DESIGN_GEOMETRIC_PRESENTATION_REPRESENTATION (  '', ( #2296 ), #3361 ) ;
#3106 = DIRECTION ( 'NONE',  ( 0.9945218953682689600, 0.1045284632676950626, 8.189380864547705479E-12 ) ) ;
#3107 = AXIS2_PLACEMENT_3D ( 'NONE', #7400, #379, #6072 ) ;
#3108 = DIRECTION ( 'NONE',  ( 2.698884520361153650E-13, -4.467119842926643659E-28, 1.000000000000000000 ) ) ;
#3109 = DIRECTION ( 'NONE',  ( 1.285586259847828171E-12, 2.654901211753999955E-11, -1.000000000000000000 ) ) ;
#3110 = ORIENTED_EDGE ( 'NONE', *, *, #4641, .T. ) ;
#3111 = DIRECTION ( 'NONE',  ( 0.0000000000000000000, 1.000000000000000000, 0.0000000000000000000 ) ) ;
#3112 = CARTESIAN_POINT ( 'NONE',  ( 0.4754786166447663720, 0.03516481420231098304, 0.004564358673431905856 ) ) ;
#3113 = AXIS2_PLACEMENT_3D ( 'NONE', #7664, #530, #2464 ) ;
#3114 = ORIENTED_EDGE ( 'NONE', *, *, #1692, .T. ) ;
#3115 = ORIENTED_EDGE ( 'NONE', *, *, #6266, .T. ) ;
#3116 = COLOUR_RGB ( '',0.7607843137254901578, 0.7607843137254901578, 0.0000000000000000000 ) ;
#3117 = ORIENTED_EDGE ( 'NONE', *, *, #5247, .T. ) ;
#3118 = CARTESIAN_POINT ( 'NONE',  ( 0.2031529521231691948, -0.008688119764420866240, -0.1272637797769623214 ) ) ;
#3119 = LENGTH_MEASURE_WITH_UNIT ( LENGTH_MEASURE( 0.02539999999999999897 ), #615 );
#3120 = CYLINDRICAL_SURFACE ( 'NONE', #2965, 0.005905511811027556318 ) ;
#3121 =( GEOMETRIC_REPRESENTATION_CONTEXT ( 3 ) GLOBAL_UNCERTAINTY_ASSIGNED_CONTEXT ( ( #2411 ) ) GLOBAL_UNIT_ASSIGNED_CONTEXT ( ( #1258, #1936, #8059 ) ) REPRESENTATION_CONTEXT ( 'NONE', 'WORKASPACE' ) );
#3122 = EDGE_CURVE ( 'NONE', #5421, #5335, #2820, .T. ) ;
#3123 = EDGE_CURVE ( 'NONE', #4739, #3415, #3524, .T. ) ;
#3124 = DIRECTION ( 'NONE',  ( 0.9945218953682686269, -0.1045284632676983516, 1.739022243102431967E-15 ) ) ;
#3125 = VERTEX_POINT ( 'NONE', #6139 ) ;
#3126 = ADVANCED_FACE ( 'NONE', ( #6047 ), #5348, .F. ) ;
#3127 = FACE_OUTER_BOUND ( 'NONE', #3070, .T. ) ;
#3128 = CYLINDRICAL_SURFACE ( 'NONE', #684, 0.005905511811027564992 ) ;
#3129 = CARTESIAN_POINT ( 'NONE',  ( 0.4754786166452386609, 0.03516481427301544616, -0.2218021207972381836 ) ) ;
#3130 = DIRECTION ( 'NONE',  ( 0.4273849607752874813, -7.028421990500299298E-16, 0.9040697402872777122 ) ) ;
#3131 = DIRECTION ( 'NONE',  ( 0.0000000000000000000, 0.0000000000000000000, 1.000000000000000000 ) ) ;
#3132 = SURFACE_STYLE_USAGE ( .BOTH. , #8169 ) ;
#3133 = VERTEX_POINT ( 'NONE', #4065 ) ;
#3134 = CARTESIAN_POINT ( 'NONE',  ( 0.4144549945979165706, 0.1060309559368543680, -0.1823818900125918629 ) ) ;
#3135 = EDGE_CURVE ( 'NONE', #1788, #3809, #281, .T. ) ;
#3136 = DIRECTION ( 'NONE',  ( -8.234490263801784106E-12, 1.443931000916540009E-26, 1.000000000000000000 ) ) ;
#3137 = VERTEX_POINT ( 'NONE', #6010 ) ;
#3138 = EDGE_CURVE ( 'NONE', #7322, #6697, #445, .T. ) ;
#3139 = DIRECTION ( 'NONE',  ( 0.0000000000000000000, 0.0000000000000000000, 1.000000000000000000 ) ) ;
#3140 = ORIENTED_EDGE ( 'NONE', *, *, #4132, .T. ) ;
#3141 = CARTESIAN_POINT ( 'NONE',  ( 0.4144549945979160710, 0.1060309559368543958, -0.03277559079979654871 ) ) ;
#3142 = ORIENTED_EDGE ( 'NONE', *, *, #1810, .T. ) ;
#3143 = CARTESIAN_POINT ( 'NONE',  ( 0.2148518768365315912, 0.03516481420455550011, -0.1878937010368047777 ) ) ;
#3144 = VECTOR ( 'NONE', #288, 39.37007874015748143 ) ;
#3145 = PRESENTATION_LAYER_ASSIGNMENT (  '', '', ( #6844 ) ) ;
#3146 = PRESENTATION_STYLE_ASSIGNMENT (( #6335 ) ) ;
#3147 = SURFACE_STYLE_USAGE ( .BOTH. , #1938 ) ;
#3148 = CARTESIAN_POINT ( 'NONE',  ( 0.4578091021359867452, 0.003668751212429131620, -0.2095942470915554690 ) ) ;
#3149 = EDGE_LOOP ( 'NONE', ( #4584, #1721, #7288, #5591, #4044 ) ) ;
#3150 = CARTESIAN_POINT ( 'NONE',  ( 0.4754786166453180418, 0.04500733388959444331, -0.1878937010364894467 ) ) ;
#3151 = CYLINDRICAL_SURFACE ( 'NONE', #1305, 0.005905511811027547645 ) ;
#3152 = UNCERTAINTY_MEASURE_WITH_UNIT (LENGTH_MEASURE( 1.000000000000000082E-05 ), #1530, 'distance_accuracy_value', 'NONE');
#3153 =( GEOMETRIC_REPRESENTATION_CONTEXT ( 3 ) GLOBAL_UNCERTAINTY_ASSIGNED_CONTEXT ( ( #5714 ) ) GLOBAL_UNIT_ASSIGNED_CONTEXT ( ( #4703, #7311, #3546 ) ) REPRESENTATION_CONTEXT ( 'NONE', 'WORKASPACE' ) );
#3154 = VERTEX_POINT ( 'NONE', #5391 ) ;
#3155 = ORIENTED_EDGE ( 'NONE', *, *, #4544, .T. ) ;
#3156 = DIRECTION ( 'NONE',  ( -1.748601263784622143E-15, 0.0000000000000000000, 1.000000000000000000 ) ) ;
#3157 = MECHANICAL_DESIGN_GEOMETRIC_PRESENTATION_REPRESENTATION (  '', ( #2102 ), #1687 ) ;
#3158 = ORIENTED_EDGE ( 'NONE', *, *, #2124, .T. ) ;
#3159 = CARTESIAN_POINT ( 'NONE',  ( 0.2514430687583490975, 0.03516481420455545848, -0.07785626009152914195 ) ) ;
#3160 = CARTESIAN_POINT ( 'NONE',  ( 0.4554196763377191814, 0.04500733388959449188, -0.07785626009188305330 ) ) ;
#3161 = LINE ( 'NONE', #1237, #7478 ) ;
#3162 = LINE ( 'NONE', #2585, #823 ) ;
#3163 =( LENGTH_UNIT ( ) NAMED_UNIT ( * ) SI_UNIT ( $, .METRE. ) );
#3164 = LINE ( 'NONE', #1413, #6258 ) ;
#3165 = EDGE_LOOP ( 'NONE', ( #2692, #1027, #6451, #21, #5088, #353, #7652, #6074 ) ) ;
#3166 = LENGTH_MEASURE_WITH_UNIT ( LENGTH_MEASURE( 0.02539999999999999897 ), #4451 );
#3167 = CARTESIAN_POINT ( 'NONE',  ( 0.5483132623141995232, -0.03570132752772850471, -0.04773622072093100521 ) ) ;
#3168 = CARTESIAN_POINT ( 'NONE',  ( 0.4754786166452393825, 0.03516481420455506990, -0.1878937010364914451 ) ) ;
#3169 = EDGE_CURVE ( 'NONE', #7878, #7290, #4804, .T. ) ;
#3170 =( CONVERSION_BASED_UNIT ( 'INCH', #7559 ) LENGTH_UNIT ( ) NAMED_UNIT ( #269 ) );
#3171 = ORIENTED_EDGE ( 'NONE', *, *, #424, .F. ) ;
#3172 = EDGE_CURVE ( 'NONE', #5877, #5245, #1646, .T. ) ;
#3173 = LINE ( 'NONE', #6857, #7410 ) ;
#3174 = UNCERTAINTY_MEASURE_WITH_UNIT (LENGTH_MEASURE( 1.000000000000000082E-05 ), #6353, 'distance_accuracy_value', 'NONE');
#3175 = COLOUR_RGB ( '',0.7607843137254901578, 0.7607843137254901578, 0.0000000000000000000 ) ;
#3176 = ADVANCED_FACE ( 'NONE', ( #2327 ), #6834, .F. ) ;
#3177 = FACE_OUTER_BOUND ( 'NONE', #2118, .T. ) ;
#3178 = ORIENTED_EDGE ( 'NONE', *, *, #7541, .F. ) ;
#3179 = AXIS2_PLACEMENT_3D ( 'NONE', #2697, #3932, #5221 ) ;
#3180 = SURFACE_STYLE_USAGE ( .BOTH. , #3800 ) ;
#3181 = VERTEX_POINT ( 'NONE', #1639 ) ;
#3182 = EDGE_CURVE ( 'NONE', #1360, #6944, #1139, .T. ) ;
#3183 = CARTESIAN_POINT ( 'NONE',  ( 0.1585494827869408929, -0.03570132752772788715, -0.1477362207218442802 ) ) ;
#3184 = ORIENTED_EDGE ( 'NONE', *, *, #5041, .T. ) ;
#3185 = ADVANCED_FACE ( 'NONE', ( #8022 ), #3682, .T. ) ;
#3186 = ADVANCED_FACE ( 'NONE', ( #6209 ), #5589, .T. ) ;
#3187 = MECHANICAL_DESIGN_GEOMETRIC_PRESENTATION_REPRESENTATION (  '', ( #781 ), #7926 ) ;
#3188 = DIRECTION ( 'NONE',  ( -2.085096165010846546E-13, 3.400221813223966042E-28, 1.000000000000000000 ) ) ;
#3189 = ORIENTED_EDGE ( 'NONE', *, *, #5212, .F. ) ;
#3190 =( LENGTH_UNIT ( ) NAMED_UNIT ( * ) SI_UNIT ( $, .METRE. ) );
#3191 = CARTESIAN_POINT ( 'NONE',  ( 0.2031529521231693058, -0.008688119764420866240, -0.1878937010368048610 ) ) ;
#3192 = VECTOR ( 'NONE', #724, 39.37007874015748143 ) ;
#3193 = EDGE_CURVE ( 'NONE', #679, #6705, #436, .T. ) ;
#3194 = DIRECTION ( 'NONE',  ( -0.9945218953682689600, -0.1045284632676950626, -8.189380864547703863E-12 ) ) ;
#3195 = STYLED_ITEM ( 'NONE', ( #3266 ), #1259 ) ;
#3196 = ORIENTED_EDGE ( 'NONE', *, *, #5198, .T. ) ;
#3197 = ORIENTED_EDGE ( 'NONE', *, *, #1074, .F. ) ;
#3198 = VERTEX_POINT ( 'NONE', #8061 ) ;
#3199 = LINE ( 'NONE', #2462, #556 ) ;
#3200 = DIRECTION ( 'NONE',  ( -0.9945218953682686269, 0.1045284632676983516, -1.739022243102431967E-15 ) ) ;
#3201 = LINE ( 'NONE', #6812, #42 ) ;
#3202 = CARTESIAN_POINT ( 'NONE',  ( 0.4754786166452190099, 0.04240671319253163513, -0.2272637797758073896 ) ) ;
#3203 = PRESENTATION_STYLE_ASSIGNMENT (( #91 ) ) ;
#3204 = CIRCLE ( 'NONE', #1469, 0.007874015748031490750 ) ;
#3205 = EDGE_LOOP ( 'NONE', ( #484, #365, #1866, #548 ) ) ;
#3206 = CARTESIAN_POINT ( 'NONE',  ( 0.2313841284562279110, 0.03769412923981661778, -0.2244362367348592957 ) ) ;
#3207 = DIRECTION ( 'NONE',  ( 1.000000000000000000, 0.0000000000000000000, -7.913884470697100119E-16 ) ) ;
#3208 =( NAMED_UNIT ( * ) PLANE_ANGLE_UNIT ( ) SI_UNIT ( $, .RADIAN. ) );
#3209 = CARTESIAN_POINT ( 'NONE',  ( 0.2031529521231693058, -0.008688119764420866240, -0.1878937010368048610 ) ) ;
#3210 = DIRECTION ( 'NONE',  ( 0.05226423162670049832, -0.4972609476841248211, 0.8660254037848753583 ) ) ;
#3211 = DIRECTION ( 'NONE',  ( 0.6691306063588805531, 0.7431448254773741491, 5.509915440571327071E-12 ) ) ;
#3212 = ORIENTED_EDGE ( 'NONE', *, *, #5464, .F. ) ;
#3213 = DIRECTION ( 'NONE',  ( 1.000000000000000000, -1.644517855226007801E-15, -2.328659748462362256E-10 ) ) ;
#3214 = VECTOR ( 'NONE', #1045, 39.37007874015748143 ) ;
#3215 = DIRECTION ( 'NONE',  ( -1.748601263784622143E-15, 0.0000000000000000000, 1.000000000000000000 ) ) ;
#3216 = VERTEX_POINT ( 'NONE', #2403 ) ;
#3217 = CIRCLE ( 'NONE', #3500, 0.007874015748031501158 ) ;
#3218 = ORIENTED_EDGE ( 'NONE', *, *, #6475, .T. ) ;
#3219 = PRESENTATION_STYLE_ASSIGNMENT (( #3921 ) ) ;
#3220 = DIRECTION ( 'NONE',  ( -1.644517855226007801E-15, -1.000000000000000000, -6.123233995736764803E-17 ) ) ;
#3221 = ORIENTED_EDGE ( 'NONE', *, *, #8121, .F. ) ;
#3222 = B_SPLINE_CURVE_WITH_KNOTS ( 'NONE', 3,
 ( #7348, #2791, #6649, #6099 ),
 .UNSPECIFIED., .F., .F.,
 ( 4, 4 ),
 ( 0.0000000000000000000, 1.000000000000000000 ),
 .UNSPECIFIED. ) ;
#3223 =( GEOMETRIC_REPRESENTATION_CONTEXT ( 3 ) GLOBAL_UNCERTAINTY_ASSIGNED_CONTEXT ( ( #4643 ) ) GLOBAL_UNIT_ASSIGNED_CONTEXT ( ( #1030, #7301, #7948 ) ) REPRESENTATION_CONTEXT ( 'NONE', 'WORKASPACE' ) );
#3224 = AXIS2_PLACEMENT_3D ( 'NONE', #5276, #2709, #4607 ) ;
#3225 = EDGE_CURVE ( 'NONE', #1561, #3609, #1262, .T. ) ;
#3226 = ADVANCED_FACE ( 'NONE', ( #7654 ), #6465, .T. ) ;
#3227 =( CONVERSION_BASED_UNIT ( 'INCH', #6464 ) LENGTH_UNIT ( ) NAMED_UNIT ( #3461 ) );
#3228 = CARTESIAN_POINT ( 'NONE',  ( 0.2021550464030787697, -0.01818255847634997827, -0.1713582679659386987 ) ) ;
#3229 = SURFACE_STYLE_USAGE ( .BOTH. , #2569 ) ;
#3230 = ORIENTED_EDGE ( 'NONE', *, *, #1245, .T. ) ;
#3231 = EDGE_CURVE ( 'NONE', #1360, #3287, #6803, .T. ) ;
#3232 = DIRECTION ( 'NONE',  ( 1.748601263784621946E-15, 0.0000000000000000000, -1.000000000000000000 ) ) ;
#3233 = MECHANICAL_DESIGN_GEOMETRIC_PRESENTATION_REPRESENTATION (  '', ( #6141 ), #3891 ) ;
#3234 = DIRECTION ( 'NONE',  ( 0.9040697404025195283, -1.626303258728255665E-15, 0.4273849605315106492 ) ) ;
#3235 = PRESENTATION_LAYER_ASSIGNMENT (  '', '', ( #1099 ) ) ;
#3236 = DIRECTION ( 'NONE',  ( -1.582776894139422193E-15, 3.382678050229427613E-31, -1.000000000000000000 ) ) ;
#3237 = DIRECTION ( 'NONE',  ( 1.644517855226007801E-15, 1.000000000000000000, 2.890435660536363919E-30 ) ) ;
#3238 = MECHANICAL_DESIGN_GEOMETRIC_PRESENTATION_REPRESENTATION (  '', ( #3897 ), #5350 ) ;
#3239 = EDGE_CURVE ( 'NONE', #6388, #7322, #6997, .T. ) ;
#3240 = VERTEX_POINT ( 'NONE', #3851 ) ;
#3241 = ORIENTED_EDGE ( 'NONE', *, *, #822, .F. ) ;
#3242 = FILL_AREA_STYLE ('',( #6345 ) ) ;
#3243 = ORIENTED_EDGE ( 'NONE', *, *, #7132, .F. ) ;
#3244 = LINE ( 'NONE', #2622, #5739 ) ;
#3245 = DIRECTION ( 'NONE',  ( 1.750032549430448036E-10, -1.000000000000000000, 3.060108979301698982E-25 ) ) ;
#3246 = LINE ( 'NONE', #5770, #1512 ) ;
#3247 =( NAMED_UNIT ( * ) SI_UNIT ( $, .STERADIAN. ) SOLID_ANGLE_UNIT ( ) );
#3248 = UNCERTAINTY_MEASURE_WITH_UNIT (LENGTH_MEASURE( 1.000000000000000082E-05 ), #6611, 'distance_accuracy_value', 'NONE');
#3249 = DIMENSIONAL_EXPONENTS ( 1.000000000000000000, 0.0000000000000000000, 0.0000000000000000000, 0.0000000000000000000, 0.0000000000000000000, 0.0000000000000000000, 0.0000000000000000000 ) ;
#3250 = MECHANICAL_DESIGN_GEOMETRIC_PRESENTATION_REPRESENTATION (  '', ( #5230 ), #8132 ) ;
#3251 =( NAMED_UNIT ( * ) SI_UNIT ( $, .STERADIAN. ) SOLID_ANGLE_UNIT ( ) );
#3252 = ORIENTED_EDGE ( 'NONE', *, *, #2836, .F. ) ;
#3253 = LINE ( 'NONE', #3086, #7600 ) ;
#3254 = CARTESIAN_POINT ( 'NONE',  ( 0.4615064727376408382, 0.04500733388959445719, -0.1812378449690091042 ) ) ;
#3255 = DIRECTION ( 'NONE',  ( -1.644517855226008195E-15, -1.000000000000000000, 0.0000000000000000000 ) ) ;
#3256 = PRESENTATION_STYLE_ASSIGNMENT (( #1290 ) ) ;
#3257 = DIRECTION ( 'NONE',  ( 0.1045284632676983655, 0.9945218953682685159, 1.827786029713617844E-16 ) ) ;
#3258 = CARTESIAN_POINT ( 'NONE',  ( 0.4578091021359867452, 0.003668751212429131620, -0.2095942470915554690 ) ) ;
#3259 = ORIENTED_EDGE ( 'NONE', *, *, #8121, .T. ) ;
#3260 = LINE ( 'NONE', #2514, #2392 ) ;
#3261 = DIRECTION ( 'NONE',  ( 1.644517855226008195E-15, 1.000000000000000000, 2.890435660536364269E-30 ) ) ;
#3262 = ORIENTED_EDGE ( 'NONE', *, *, #1495, .T. ) ;
#3263 = PRESENTATION_STYLE_ASSIGNMENT (( #4580 ) ) ;
#3264 = AXIS2_PLACEMENT_3D ( 'NONE', #6103, #6813, #1118 ) ;
#3265 = CARTESIAN_POINT ( 'NONE',  ( 0.2924077505034279323, 0.1060309559368545901, -0.03277559079979674994 ) ) ;
#3266 = PRESENTATION_STYLE_ASSIGNMENT (( #5915 ) ) ;
#3267 = ORIENTED_EDGE ( 'NONE', *, *, #668, .F. ) ;
#3268 = CARTESIAN_POINT ( 'NONE',  ( 0.5144963000306225220, -0.01715373501898828645, -0.07135826796530392313 ) ) ;
#3269 = ORIENTED_EDGE ( 'NONE', *, *, #5966, .F. ) ;
#3270 = DIRECTION ( 'NONE',  ( 1.000000000000000000, -1.644517855226007801E-15, 1.748601263784621748E-15 ) ) ;
#3271 = FILL_AREA_STYLE_COLOUR ( '', #6005 ) ;
#3272 = DIRECTION ( 'NONE',  ( 0.0000000000000000000, 0.0000000000000000000, 1.000000000000000000 ) ) ;
#3273 = ORIENTED_EDGE ( 'NONE', *, *, #1489, .F. ) ;
#3274 =( LENGTH_UNIT ( ) NAMED_UNIT ( * ) SI_UNIT ( $, .METRE. ) );
#3275 = PRESENTATION_LAYER_ASSIGNMENT (  '', '', ( #4060 ) ) ;
#3276 = CARTESIAN_POINT ( 'NONE',  ( 0.2031529521231687785, -0.008688119764420850627, -0.02726377977696231580 ) ) ;
#3277 = CARTESIAN_POINT ( 'NONE',  ( 0.4625214697567742173, 0.04500733388959447800, -0.03177255961278863117 ) ) ;
#3278 =( NAMED_UNIT ( * ) SI_UNIT ( $, .STERADIAN. ) SOLID_ANGLE_UNIT ( ) );
#3279 = EDGE_CURVE ( 'NONE', #477, #4173, #3807, .T. ) ;
#3280 = EDGE_CURVE ( 'NONE', #1365, #716, #1854, .T. ) ;
#3281 = PRESENTATION_LAYER_ASSIGNMENT (  '', '', ( #8157 ) ) ;
#3282 = EDGE_CURVE ( 'NONE', #5119, #473, #566, .T. ) ;
#3283 = STYLED_ITEM ( 'NONE', ( #2619 ), #6692 ) ;
#3284 = ORIENTED_EDGE ( 'NONE', *, *, #3531, .T. ) ;
#3285 = ORIENTED_EDGE ( 'NONE', *, *, #6916, .T. ) ;
#3286 = LINE ( 'NONE', #4521, #89 ) ;
#3287 = VERTEX_POINT ( 'NONE', #3313 ) ;
#3288 = CARTESIAN_POINT ( 'NONE',  ( 0.2490536793154355388, 0.001406169371563333135, 0.001978705513195248324 ) ) ;
#3289 = SURFACE_SIDE_STYLE ('',( #84 ) ) ;
#3290 = AXIS2_PLACEMENT_3D ( 'NONE', #176, #3371, #6407 ) ;
#3291 = CARTESIAN_POINT ( 'NONE',  ( 0.5092218448041275769, -0.01405121771457883313, -0.1375000002488119544 ) ) ;
#3292 =( CONVERSION_BASED_UNIT ( 'INCH', #3365 ) LENGTH_UNIT ( ) NAMED_UNIT ( #4042 ) );
#3293 = EDGE_CURVE ( 'NONE', #1547, #1079, #3357, .T. ) ;
#3294 = EDGE_CURVE ( 'NONE', #6984, #4570, #2606, .T. ) ;
#3295 = AXIS2_PLACEMENT_3D ( 'NONE', #3533, #1532, #4730 ) ;
#3296 = DIRECTION ( 'NONE',  ( -0.9945218953682690710, -0.1045284632676948683, -8.189822277139379500E-12 ) ) ;
#3297 = ORIENTED_EDGE ( 'NONE', *, *, #3122, .F. ) ;
#3298 = DIRECTION ( 'NONE',  ( 1.748601263784621748E-15, 0.0000000000000000000, -1.000000000000000000 ) ) ;
#3299 = CARTESIAN_POINT ( 'NONE',  ( 0.2532616618757511096, 0.03516481420455543766, -0.1781432499591669438 ) ) ;
#3300 = SURFACE_STYLE_FILL_AREA ( #904 ) ;
#3301 = DIRECTION ( 'NONE',  ( -1.000000000000000000, 0.0000000000000000000, 1.503638049432454012E-14 ) ) ;
#3302 = EDGE_LOOP ( 'NONE', ( #1735, #6535, #5697, #2184 ) ) ;
#3303 = CARTESIAN_POINT ( 'NONE',  ( 0.5096303506627006819, 0.02914268067976761439, -0.1272637797763677414 ) ) ;
#3304 = DIMENSIONAL_EXPONENTS ( 1.000000000000000000, 0.0000000000000000000, 0.0000000000000000000, 0.0000000000000000000, 0.0000000000000000000, 0.0000000000000000000, 0.0000000000000000000 ) ;
#3305 = CARTESIAN_POINT ( 'NONE',  ( 0.4561674782085065605, 0.04500733388959448494, -0.03730122072223737706 ) ) ;
#3306 = ORIENTED_EDGE ( 'NONE', *, *, #3889, .T. ) ;
#3307 = ORIENTED_EDGE ( 'NONE', *, *, #86, .F. ) ;
#3308 =( CONVERSION_BASED_UNIT ( 'INCH', #5123 ) LENGTH_UNIT ( ) NAMED_UNIT ( #5834 ) );
#3309 = ORIENTED_EDGE ( 'NONE', *, *, #1758, .T. ) ;
#3310 = CIRCLE ( 'NONE', #8052, 0.007874015748031494219 ) ;
#3311 = VECTOR ( 'NONE', #1358, 39.37007874015748143 ) ;
#3312 = LINE ( 'NONE', #3887, #7368 ) ;
#3313 = CARTESIAN_POINT ( 'NONE',  ( 0.2514430687567349998, 0.04500733388959482495, -0.07785626009156855487 ) ) ;
#3314 = ORIENTED_EDGE ( 'NONE', *, *, #7275, .F. ) ;
#3315 = DIRECTION ( 'NONE',  ( -1.748601263784621748E-15, 0.0000000000000000000, 1.000000000000000000 ) ) ;
#3316 = DIRECTION ( 'NONE',  ( -1.748601263784621748E-15, -1.482966057179117483E-32, 1.000000000000000000 ) ) ;
#3317 = CARTESIAN_POINT ( 'NONE',  ( 0.2372226159726799066, 0.03516481420455547929, -0.08789370103621420294 ) ) ;
#3318 = AXIS2_PLACEMENT_3D ( 'NONE', #7739, #7136, #4599 ) ;
#3319 = VERTEX_POINT ( 'NONE', #7536 ) ;
#3320 = AXIS2_PLACEMENT_3D ( 'NONE', #111, #7085, #6547 ) ;
#3321 = FILL_AREA_STYLE_COLOUR ( '', #1452 ) ;
#3322 = EDGE_LOOP ( 'NONE', ( #3960, #1839, #1781, #3252 ) ) ;
#3323 = ORIENTED_EDGE ( 'NONE', *, *, #3991, .T. ) ;
#3324 = SURFACE_SIDE_STYLE ('',( #775 ) ) ;
#3325 =( NAMED_UNIT ( * ) SI_UNIT ( $, .STERADIAN. ) SOLID_ANGLE_UNIT ( ) );
#3326 = DIRECTION ( 'NONE',  ( -1.000000000000000000, 1.644517855226007801E-15, -8.234490263801784106E-12 ) ) ;
#3327 = CARTESIAN_POINT ( 'NONE',  ( 0.4561674782086246882, 0.03516481420455511153, -0.07785626009207995135 ) ) ;
#3328 = UNCERTAINTY_MEASURE_WITH_UNIT (LENGTH_MEASURE( 1.000000000000000082E-05 ), #4622, 'distance_accuracy_value', 'NONE');
#3329 = STYLED_ITEM ( 'NONE', ( #5078 ), #1241 ) ;
#3330 = ADVANCED_FACE ( 'NONE', ( #5792 ), #3766, .T. ) ;
#3331 = LINE ( 'NONE', #4489, #7960 ) ;
#3332 = ADVANCED_FACE ( 'NONE', ( #723 ), #4472, .F. ) ;
#3333 = VERTEX_POINT ( 'NONE', #3966 ) ;
#3334 = LINE ( 'NONE', #1374, #6661 ) ;
#3335 = CARTESIAN_POINT ( 'NONE',  ( 0.5483132623141999673, -0.03570132752772851858, -0.1477362207209310108 ) ) ;
#3336 = CARTESIAN_POINT ( 'NONE',  ( 0.2924077505034283209, 0.1060309559368545762, -0.1327755907997967555 ) ) ;
#3337 = ADVANCED_FACE ( 'NONE', ( #7849 ), #5257, .F. ) ;
#3338 = SURFACE_STYLE_USAGE ( .BOTH. , #4036 ) ;
#3339 = VERTEX_POINT ( 'NONE', #2189 ) ;
#3340 = CYLINDRICAL_SURFACE ( 'NONE', #7623, 0.007874015748031495954 ) ;
#3341 = DIRECTION ( 'NONE',  ( -1.000000000000000000, 1.644517855226007801E-15, -8.234490263801784106E-12 ) ) ;
#3342 = CIRCLE ( 'NONE', #5050, 0.005905511811023618496 ) ;
#3343 = DIRECTION ( 'NONE',  ( 1.000000000000000000, -1.644517855226007801E-15, 9.344843119434783951E-12 ) ) ;
#3344 = EDGE_CURVE ( 'NONE', #2333, #4356, #4710, .T. ) ;
#3345 = EDGE_LOOP ( 'NONE', ( #6558, #458, #2605, #3306 ) ) ;
#3346 = AXIS2_PLACEMENT_3D ( 'NONE', #6734, #577, #4975 ) ;
#3347 = CARTESIAN_POINT ( 'NONE',  ( 0.4920108682649397824, 0.04500733388959443637, -0.08789370103635522902 ) ) ;
#3348 = PLANE ( 'NONE',  #7432 ) ;
#3349 = FILL_AREA_STYLE ('',( #6620 ) ) ;
#3350 = ORIENTED_EDGE ( 'NONE', *, *, #2919, .F. ) ;
#3351 = CIRCLE ( 'NONE', #3477, 0.005905511811027556318 ) ;
#3352 = MECHANICAL_DESIGN_GEOMETRIC_PRESENTATION_REPRESENTATION (  '', ( #5726 ), #1359 ) ;
#3353 = DIRECTION ( 'NONE',  ( 1.000000000000000000, -1.644517855226007801E-15, 1.748601263784621748E-15 ) ) ;
#3354 = DIRECTION ( 'NONE',  ( 1.000000000000000000, -1.644517855226007801E-15, 1.748601263784621748E-15 ) ) ;
#3355 = ORIENTED_EDGE ( 'NONE', *, *, #3780, .T. ) ;
#3356 = DIMENSIONAL_EXPONENTS ( 1.000000000000000000, 0.0000000000000000000, 0.0000000000000000000, 0.0000000000000000000, 0.0000000000000000000, 0.0000000000000000000, 0.0000000000000000000 ) ;
#3357 =( BOUNDED_CURVE ( )  B_SPLINE_CURVE ( 3, ( #4511, #7037, #5831, #5002 ),
 .UNSPECIFIED., .F., .T. ) 
 B_SPLINE_CURVE_WITH_KNOTS ( ( 4, 4 ),
 ( 5.456455938445438747, 6.200522249646922113 ),
 .UNSPECIFIED. ) 
 CURVE ( )  GEOMETRIC_REPRESENTATION_ITEM ( )  RATIONAL_B_SPLINE_CURVE ( ( 1.000000000000000000, 0.9543934657876853578, 0.9543934657876853578, 1.000000000000000000 ) ) 
 REPRESENTATION_ITEM ( '' )  );
#3358 =( NAMED_UNIT ( * ) SI_UNIT ( $, .STERADIAN. ) SOLID_ANGLE_UNIT ( ) );
#3359 = ORIENTED_EDGE ( 'NONE', *, *, #3631, .T. ) ;
#3360 = VECTOR ( 'NONE', #6788, 39.37007874015748143 ) ;
#3361 =( GEOMETRIC_REPRESENTATION_CONTEXT ( 3 ) GLOBAL_UNCERTAINTY_ASSIGNED_CONTEXT ( ( #2745 ) ) GLOBAL_UNIT_ASSIGNED_CONTEXT ( ( #6953, #2021, #1395 ) ) REPRESENTATION_CONTEXT ( 'NONE', 'WORKASPACE' ) );
#3362 = ORIENTED_EDGE ( 'NONE', *, *, #5301, .F. ) ;
#3363 = VERTEX_POINT ( 'NONE', #5379 ) ;
#3364 =( NAMED_UNIT ( * ) PLANE_ANGLE_UNIT ( ) SI_UNIT ( $, .RADIAN. ) );
#3365 = LENGTH_MEASURE_WITH_UNIT ( LENGTH_MEASURE( 0.02539999999999999897 ), #7781 );
#3366 = VECTOR ( 'NONE', #7482, 39.37007874015748143 ) ;
#3367 = LENGTH_MEASURE_WITH_UNIT ( LENGTH_MEASURE( 0.02539999999999999897 ), #7259 );
#3368 = ORIENTED_EDGE ( 'NONE', *, *, #7024, .F. ) ;
#3369 = LINE ( 'NONE', #5313, #343 ) ;
#3370 = AXIS2_PLACEMENT_3D ( 'NONE', #4652, #3993, #7189 ) ;
#3371 = DIRECTION ( 'NONE',  ( 1.748601263784621946E-15, 0.0000000000000000000, -1.000000000000000000 ) ) ;
#3372 = SURFACE_STYLE_FILL_AREA ( #1496 ) ;
#3373 =( LENGTH_UNIT ( ) NAMED_UNIT ( * ) SI_UNIT ( $, .METRE. ) );
#3374 = VERTEX_POINT ( 'NONE', #2108 ) ;
#3375 = CARTESIAN_POINT ( 'NONE',  ( 0.4653510425003174467, 0.001406173138374004891, -0.005563233702158661836 ) ) ;
#3376 = ADVANCED_FACE ( 'NONE', ( #4747 ), #7282, .T. ) ;
#3377 = CIRCLE ( 'NONE', #5895, 0.007874015748031495954 ) ;
#3378 = ADVANCED_FACE ( 'NONE', ( #3715 ), #4870, .F. ) ;
#3379 = CARTESIAN_POINT ( 'NONE',  ( 0.4920108682649401710, 0.04500733388959441555, -0.1878937010363552484 ) ) ;
#3380 = ORIENTED_EDGE ( 'NONE', *, *, #6964, .T. ) ;
#3381 = DIRECTION ( 'NONE',  ( -5.450240952997740675E-10, 0.0000000000000000000, -1.000000000000000000 ) ) ;
#3382 = SURFACE_SIDE_STYLE ('',( #5327 ) ) ;
#3383 = CIRCLE ( 'NONE', #4048, 0.01771653543307087283 ) ;
#3384 = CARTESIAN_POINT ( 'NONE',  ( 0.4554196763413806415, 0.04500733388959449188, -0.03730122072223737706 ) ) ;
#3385 = VERTEX_POINT ( 'NONE', #471 ) ;
#3386 = EDGE_CURVE ( 'NONE', #7647, #1766, #2835, .T. ) ;
#3387 = EDGE_CURVE ( 'NONE', #7480, #6211, #512, .T. ) ;
#3388 = VECTOR ( 'NONE', #3106, 39.37007874015748143 ) ;
#3389 = DIRECTION ( 'NONE',  ( -1.644517855226007801E-15, -1.000000000000000000, -2.890435660536363568E-30 ) ) ;
#3390 = FACE_OUTER_BOUND ( 'NONE', #2154, .T. ) ;
#3391 = VERTEX_POINT ( 'NONE', #1975 ) ;
#3392 = PRESENTATION_STYLE_ASSIGNMENT (( #153 ) ) ;
#3393 = AXIS2_PLACEMENT_3D ( 'NONE', #3421, #2798, #7838 ) ;
#3394 = CARTESIAN_POINT ( 'NONE',  ( 0.5054204884983556356, -0.02496430041343707454, -0.07529527583939450708 ) ) ;
#3395 = ORIENTED_EDGE ( 'NONE', *, *, #5006, .T. ) ;
#3396 = VECTOR ( 'NONE', #6491, 39.37007874015748143 ) ;
#3397 = SURFACE_SIDE_STYLE ('',( #6515 ) ) ;
#3398 = EDGE_LOOP ( 'NONE', ( #3678, #2899, #7413, #6016 ) ) ;
#3399 = ORIENTED_EDGE ( 'NONE', *, *, #5093, .T. ) ;
#3400 = FILL_AREA_STYLE ('',( #2706 ) ) ;
#3401 = PRESENTATION_STYLE_ASSIGNMENT (( #7815 ) ) ;
#3402 = LINE ( 'NONE', #3981, #960 ) ;
#3403 =( GEOMETRIC_REPRESENTATION_CONTEXT ( 3 ) GLOBAL_UNCERTAINTY_ASSIGNED_CONTEXT ( ( #8029 ) ) GLOBAL_UNIT_ASSIGNED_CONTEXT ( ( #7363, #1674, #6588 ) ) REPRESENTATION_CONTEXT ( 'NONE', 'WORKASPACE' ) );
#3404 = UNCERTAINTY_MEASURE_WITH_UNIT (LENGTH_MEASURE( 1.000000000000000082E-05 ), #3308, 'distance_accuracy_value', 'NONE');
#3405 = AXIS2_PLACEMENT_3D ( 'NONE', #6479, #3901, #734 ) ;
#3406 = DIMENSIONAL_EXPONENTS ( 1.000000000000000000, 0.0000000000000000000, 0.0000000000000000000, 0.0000000000000000000, 0.0000000000000000000, 0.0000000000000000000, 0.0000000000000000000 ) ;
#3407 = CARTESIAN_POINT ( 'NONE',  ( 0.4615064727378371812, 0.03516481420455510459, -0.03391963584467835857 ) ) ;
#3408 = ORIENTED_EDGE ( 'NONE', *, *, #6165, .F. ) ;
#3409 = VECTOR ( 'NONE', #2388, 39.37007874015748143 ) ;
#3410 = DIRECTION ( 'NONE',  ( -2.633310236532794139E-11, 0.0000000000000000000, -1.000000000000000000 ) ) ;
#3411 = FACE_OUTER_BOUND ( 'NONE', #7553, .T. ) ;
#3412 = DIRECTION ( 'NONE',  ( 1.644517855226008195E-15, 1.000000000000000000, 2.890435660536364269E-30 ) ) ;
#3413 =( CONVERSION_BASED_UNIT ( 'INCH', #7225 ) LENGTH_UNIT ( ) NAMED_UNIT ( #1916 ) );
#3414 = CARTESIAN_POINT ( 'NONE',  ( 0.4254818849634279254, 0.1217789874329370386, -0.03198818922499343381 ) ) ;
#3415 = VERTEX_POINT ( 'NONE', #6370 ) ;
#3416 = FILL_AREA_STYLE_COLOUR ( '', #3783 ) ;
#3417 = FACE_OUTER_BOUND ( 'NONE', #4923, .T. ) ;
#3418 = STYLED_ITEM ( 'NONE', ( #3952 ), #6976 ) ;
#3419 = CARTESIAN_POINT ( 'NONE',  ( 0.3928014512908298839, 0.1021333181416024805, -0.1360039372566872740 ) ) ;
#3420 = ORIENTED_EDGE ( 'NONE', *, *, #5409, .T. ) ;
#3421 = CARTESIAN_POINT ( 'NONE',  ( 0.4625214697563412303, 0.03516481420455510459, -0.08338492120058389745 ) ) ;
#3422 = ADVANCED_FACE ( 'NONE', ( #2519 ), #1338, .F. ) ;
#3423 = DIRECTION ( 'NONE',  ( 1.644517855226008195E-15, 1.000000000000000000, 2.890435660536364269E-30 ) ) ;
#3424 = EDGE_CURVE ( 'NONE', #216, #4654, #714, .T. ) ;
#3425 =( NAMED_UNIT ( * ) PLANE_ANGLE_UNIT ( ) SI_UNIT ( $, .RADIAN. ) );
#3426 = VECTOR ( 'NONE', #5101, 39.37007874015748143 ) ;
#3427 = CARTESIAN_POINT ( 'NONE',  ( 0.2070209957706382609, 0.02811385722240983265, -0.1878937010368048610 ) ) ;
#3428 =( LENGTH_UNIT ( ) NAMED_UNIT ( * ) SI_UNIT ( $, .METRE. ) );
#3429 = ORIENTED_EDGE ( 'NONE', *, *, #7933, .T. ) ;
#3430 = EDGE_CURVE ( 'NONE', #2229, #2059, #1932, .T. ) ;
#3431 = LENGTH_MEASURE_WITH_UNIT ( LENGTH_MEASURE( 0.02539999999999999897 ), #232 );
#3432 = EDGE_CURVE ( 'NONE', #4783, #1987, #8138, .T. ) ;
#3433 = VECTOR ( 'NONE', #547, 39.37007874015748143 ) ;
#3434 = LINE ( 'NONE', #5924, #5693 ) ;
#3435 = VERTEX_POINT ( 'NONE', #2012 ) ;
#3436 = CARTESIAN_POINT ( 'NONE',  ( 0.4625214697563023170, 0.03516481420455509072, -0.1833849212005051743 ) ) ;
#3437 = EDGE_CURVE ( 'NONE', #7958, #1182, #2449, .T. ) ;
#3438 = CARTESIAN_POINT ( 'NONE',  ( 0.4679366774458565970, 0.03516481420506866601, 0.01210629896319561152 ) ) ;
#3439 = VERTEX_POINT ( 'NONE', #2483 ) ;
#3440 = EDGE_CURVE ( 'NONE', #3039, #1293, #5351, .T. ) ;
#3441 = LENGTH_MEASURE_WITH_UNIT ( LENGTH_MEASURE( 0.02539999999999999897 ), #1406 );
#3442 = EDGE_LOOP ( 'NONE', ( #59, #1988, #7486, #1490, #4450 ) ) ;
#3443 = VERTEX_POINT ( 'NONE', #630 ) ;
#3444 = LINE ( 'NONE', #3641, #1497 ) ;
#3445 = STYLED_ITEM ( 'NONE', ( #3896 ), #235 ) ;
#3446 = PLANE ( 'NONE',  #7369 ) ;
#3447 = PRESENTATION_STYLE_ASSIGNMENT (( #5309 ) ) ;
#3448 = PRESENTATION_LAYER_ASSIGNMENT (  '', '', ( #1575 ) ) ;
#3449 =( LENGTH_UNIT ( ) NAMED_UNIT ( * ) SI_UNIT ( $, .METRE. ) );
#3450 = EDGE_LOOP ( 'NONE', ( #2999, #5764, #6548, #105, #6032 ) ) ;
#3451 = PRESENTATION_STYLE_ASSIGNMENT (( #6529 ) ) ;
#3452 = VERTEX_POINT ( 'NONE', #7074 ) ;
#3453 = FACE_OUTER_BOUND ( 'NONE', #2699, .T. ) ;
#3454 =( NAMED_UNIT ( * ) PLANE_ANGLE_UNIT ( ) SI_UNIT ( $, .RADIAN. ) );
#3455 = DIRECTION ( 'NONE',  ( -1.748601263784622143E-15, 0.0000000000000000000, 1.000000000000000000 ) ) ;
#3456 = CARTESIAN_POINT ( 'NONE',  ( 0.1585494827869409762, -0.03570132752772788715, -0.1878937010368049165 ) ) ;
#3457 = PRESENTATION_STYLE_ASSIGNMENT (( #368 ) ) ;
#3458 = VECTOR ( 'NONE', #1094, 39.37007874015748143 ) ;
#3459 = CARTESIAN_POINT ( 'NONE',  ( 0.4263694306917346633, -0.1011303416691849838, -0.03700296158562334237 ) ) ;
#3460 = CARTESIAN_POINT ( 'NONE',  ( 0.1843617094242555321, -0.01798479209465702819, -0.06742126009192295211 ) ) ;
#3461 = DIMENSIONAL_EXPONENTS ( 1.000000000000000000, 0.0000000000000000000, 0.0000000000000000000, 0.0000000000000000000, 0.0000000000000000000, 0.0000000000000000000, 0.0000000000000000000 ) ;
#3462 = CARTESIAN_POINT ( 'NONE',  ( 0.2389260676734684674, 0.03516481420629898741, 0.01210629896319520213 ) ) ;
#3463 = PRESENTATION_LAYER_ASSIGNMENT (  '', '', ( #3195 ) ) ;
#3464 = VERTEX_POINT ( 'NONE', #5626 ) ;
#3465 = CARTESIAN_POINT ( 'NONE',  ( 0.3926470588251994576, 0.1217789874329371080, 0.01210629896398286200 ) ) ;
#3466 = LINE ( 'NONE', #1082, #5038 ) ;
#3467 = CARTESIAN_POINT ( 'NONE',  ( 0.1585494827869410039, -0.02585880784268851026, -0.1878937010368049165 ) ) ;
#3468 = LINE ( 'NONE', #963, #4024 ) ;
#3469 = VERTEX_POINT ( 'NONE', #4991 ) ;
#3470 = FACE_OUTER_BOUND ( 'NONE', #1466, .T. ) ;
#3471 = SURFACE_STYLE_USAGE ( .BOTH. , #1552 ) ;
#3472 = FACE_OUTER_BOUND ( 'NONE', #5754, .T. ) ;
#3473 = ORIENTED_EDGE ( 'NONE', *, *, #329, .F. ) ;
#3474 = LINE ( 'NONE', #3436, #404 ) ;
#3475 = CARTESIAN_POINT ( 'NONE',  ( 0.4998417493308334181, 0.02811385722240935386, -0.1878937010362907722 ) ) ;
#3476 = EDGE_CURVE ( 'NONE', #2375, #4508, #1384, .T. ) ;
#3477 = AXIS2_PLACEMENT_3D ( 'NONE', #8049, #2222, #5415 ) ;
#3478 = EDGE_CURVE ( 'NONE', #6134, #3505, #7852, .T. ) ;
#3479 = ORIENTED_EDGE ( 'NONE', *, *, #2063, .T. ) ;
#3480 = VECTOR ( 'NONE', #5806, 39.37007874015748143 ) ;
#3481 = VERTEX_POINT ( 'NONE', #1215 ) ;
#3482 = VECTOR ( 'NONE', #56, 39.37007874015748143 ) ;
#3483 = ORIENTED_EDGE ( 'NONE', *, *, #3087, .T. ) ;
#3484 = PRESENTATION_LAYER_ASSIGNMENT (  '', '', ( #5726 ) ) ;
#3485 = CARTESIAN_POINT ( 'NONE',  ( 0.5054204884980638690, -0.02496430041343707454, -0.03986220497325271284 ) ) ;
#3486 = EDGE_CURVE ( 'NONE', #886, #3415, #3756, .T. ) ;
#3487 = COLOUR_RGB ( '',0.7607843137254901578, 0.7607843137254901578, 0.0000000000000000000 ) ;
#3488 = VECTOR ( 'NONE', #2465, 39.37007874015748143 ) ;
#3489 =( CONVERSION_BASED_UNIT ( 'INCH', #3367 ) LENGTH_UNIT ( ) NAMED_UNIT ( #7716 ) );
#3490 = ORIENTED_EDGE ( 'NONE', *, *, #194, .T. ) ;
#3491 = DIRECTION ( 'NONE',  ( 0.0000000000000000000, 1.000000000000000000, 0.0000000000000000000 ) ) ;
#3492 = ORIENTED_EDGE ( 'NONE', *, *, #140, .T. ) ;
#3493 = CARTESIAN_POINT ( 'NONE',  ( 0.2313841284562624390, 0.04500733388959485964, -0.02726377977696224642 ) ) ;
#3494 = MECHANICAL_DESIGN_GEOMETRIC_PRESENTATION_REPRESENTATION (  '', ( #6929 ), #5073 ) ;
#3495 = CARTESIAN_POINT ( 'NONE',  ( 0.1585494827869409484, -0.03570132752772788715, -0.1674212600919230409 ) ) ;
#3496 = MECHANICAL_DESIGN_GEOMETRIC_PRESENTATION_REPRESENTATION (  '', ( #1099 ), #7595 ) ;
#3497 = FILL_AREA_STYLE_COLOUR ( '', #593 ) ;
#3498 = B_SPLINE_CURVE_WITH_KNOTS ( 'NONE', 3,
 ( #7395, #1832, #502, #4325 ),
 .UNSPECIFIED., .F., .F.,
 ( 4, 4 ),
 ( 0.0000000000000000000, 1.000000000000000000 ),
 .UNSPECIFIED. ) ;
#3499 = DIRECTION ( 'NONE',  ( 8.234490263801784106E-12, -1.353889066150678860E-26, -1.000000000000000000 ) ) ;
#3500 = AXIS2_PLACEMENT_3D ( 'NONE', #8083, #505, #6154 ) ;
#3501 = ORIENTED_EDGE ( 'NONE', *, *, #5659, .T. ) ;
#3502 = CARTESIAN_POINT ( 'NONE',  ( 0.2021550464030787142, -0.01818255847634997827, -0.1437992128478284004 ) ) ;
#3503 = DIRECTION ( 'NONE',  ( 2.002473881159522504E-11, 1.000000000000000000, 3.501529842257294026E-26 ) ) ;
#3504 = DIRECTION ( 'NONE',  ( 1.644517855226008195E-15, 1.000000000000000000, -6.888556729901376831E-28 ) ) ;
#3505 = VERTEX_POINT ( 'NONE', #4463 ) ;
#3506 = DIRECTION ( 'NONE',  ( -1.644517855226008195E-15, -1.000000000000000000, -6.123233995736766036E-17 ) ) ;
#3507 = VECTOR ( 'NONE', #6046, 39.37007874015748143 ) ;
#3508 = DIRECTION ( 'NONE',  ( -0.5730959463349096783, -0.8184658334306108562, 0.04092329167148960056 ) ) ;
#3509 = ORIENTED_EDGE ( 'NONE', *, *, #6475, .F. ) ;
#3510 = LINE ( 'NONE', #6038, #7449 ) ;
#3511 = DIMENSIONAL_EXPONENTS ( 1.000000000000000000, 0.0000000000000000000, 0.0000000000000000000, 0.0000000000000000000, 0.0000000000000000000, 0.0000000000000000000, 0.0000000000000000000 ) ;
#3512 = EDGE_LOOP ( 'NONE', ( #825, #318, #3142, #1726 ) ) ;
#3513 = CARTESIAN_POINT ( 'NONE',  ( 0.5161749314448847992, -0.02272122477122810388, -0.1476827049318611140 ) ) ;
#3514 = VECTOR ( 'NONE', #4713, 39.37007874015748143 ) ;
#3515 = EDGE_LOOP ( 'NONE', ( #1219, #6947, #6667, #3016 ) ) ;
#3516 = DIRECTION ( 'NONE',  ( -1.000000000000000000, 1.644517855226007801E-15, -8.234490263801784106E-12 ) ) ;
#3517 = ORIENTED_EDGE ( 'NONE', *, *, #2307, .F. ) ;
#3518 = VECTOR ( 'NONE', #1279, 39.37007874015748143 ) ;
#3519 = ADVANCED_FACE ( 'NONE', ( #7117 ), #5823, .F. ) ;
#3520 = EDGE_LOOP ( 'NONE', ( #8113, #7868, #3717, #6327 ) ) ;
#3521 = EDGE_CURVE ( 'NONE', #6995, #5279, #1357, .T. ) ;
#3522 = DIRECTION ( 'NONE',  ( 8.234490263801784106E-12, -1.353889066150678860E-26, -1.000000000000000000 ) ) ;
#3523 = PLANE ( 'NONE',  #7863 ) ;
#3524 = LINE ( 'NONE', #7989, #5214 ) ;
#3525 = EDGE_CURVE ( 'NONE', #679, #789, #2057, .T. ) ;
#3526 = VECTOR ( 'NONE', #6736, 39.37007874015748143 ) ;
#3527 = VERTEX_POINT ( 'NONE', #1544 ) ;
#3528 = LINE ( 'NONE', #6056, #479 ) ;
#3529 = ORIENTED_EDGE ( 'NONE', *, *, #183, .T. ) ;
#3530 =( LENGTH_UNIT ( ) NAMED_UNIT ( * ) SI_UNIT ( $, .METRE. ) );
#3531 = EDGE_CURVE ( 'NONE', #5799, #2022, #4047, .T. ) ;
#3532 = DIRECTION ( 'NONE',  ( -1.000000000000000000, 1.644517855226007998E-15, -1.748601263784621946E-15 ) ) ;
#3533 = CARTESIAN_POINT ( 'NONE',  ( 6.005042999305103378E-16, 0.1198104834959337478, -0.1000000000000000056 ) ) ;
#3534 =( GEOMETRIC_REPRESENTATION_CONTEXT ( 3 ) GLOBAL_UNCERTAINTY_ASSIGNED_CONTEXT ( ( #4389 ) ) GLOBAL_UNIT_ASSIGNED_CONTEXT ( ( #2548, #7261, #827 ) ) REPRESENTATION_CONTEXT ( 'NONE', 'WORKASPACE' ) );
#3535 = CARTESIAN_POINT ( 'NONE',  ( 0.2372226159726408268, 0.04500733388959483189, -0.1272637797769622658 ) ) ;
#3536 = PLANE ( 'NONE',  #3264 ) ;
#3537 = EDGE_CURVE ( 'NONE', #7045, #7308, #7981, .T. ) ;
#3538 = COLOUR_RGB ( '',1.000000000000000000, 1.000000000000000000, 1.000000000000000000 ) ;
#3539 = STYLED_ITEM ( 'NONE', ( #1058 ), #6773 ) ;
#3540 =( NAMED_UNIT ( * ) SI_UNIT ( $, .STERADIAN. ) SOLID_ANGLE_UNIT ( ) );
#3541 = VERTEX_POINT ( 'NONE', #5914 ) ;
#3542 = CARTESIAN_POINT ( 'NONE',  ( 0.2313841284562624390, 0.04500733388959485964, -0.02726377977696224642 ) ) ;
#3543 = CARTESIAN_POINT ( 'NONE',  ( 0.2532616618757513316, 0.03516481420455543766, -0.3115157482809779443 ) ) ;
#3544 = EDGE_CURVE ( 'NONE', #6239, #210, #2815, .T. ) ;
#3545 = DIRECTION ( 'NONE',  ( 1.644517855226008195E-15, 1.000000000000000000, 2.890435660536364269E-30 ) ) ;
#3546 =( NAMED_UNIT ( * ) SI_UNIT ( $, .STERADIAN. ) SOLID_ANGLE_UNIT ( ) );
#3547 =( NAMED_UNIT ( * ) SI_UNIT ( $, .STERADIAN. ) SOLID_ANGLE_UNIT ( ) );
#3548 = CARTESIAN_POINT ( 'NONE',  ( 0.2014251648637913061, -0.02312085409983976811, -0.06742126009192030145 ) ) ;
#3549 = EDGE_LOOP ( 'NONE', ( #3178, #3048, #6750, #6842 ) ) ;
#3550 = DIRECTION ( 'NONE',  ( -0.09052430461248955895, 0.8612812260087768790, 0.4999999999992434385 ) ) ;
#3551 = COLOUR_RGB ( '',0.7607843137254901578, 0.7607843137254901578, 0.0000000000000000000 ) ;
#3552 = CARTESIAN_POINT ( 'NONE',  ( 0.3928014512908295508, 0.1021333181416024527, -0.08218503961889120357 ) ) ;
#3553 = AXIS2_PLACEMENT_3D ( 'NONE', #4853, #4282, #7510 ) ;
#3554 = FACE_OUTER_BOUND ( 'NONE', #1057, .T. ) ;
#3555 = ORIENTED_EDGE ( 'NONE', *, *, #934, .T. ) ;
#3556 = DIRECTION ( 'NONE',  ( -0.05226423163383491638, -0.4972609476841245435, 0.8660254037844449249 ) ) ;
#3557 = VERTEX_POINT ( 'NONE', #3347 ) ;
#3558 = CARTESIAN_POINT ( 'NONE',  ( 0.5148239132102100379, -0.01982654722438631847, -0.1465978456254273532 ) ) ;
#3559 = ORIENTED_EDGE ( 'NONE', *, *, #6208, .T. ) ;
#3560 = SURFACE_STYLE_USAGE ( .BOTH. , #391 ) ;
#3561 = ORIENTED_EDGE ( 'NONE', *, *, #7976, .T. ) ;
#3562 = ORIENTED_EDGE ( 'NONE', *, *, #2066, .F. ) ;
#3563 = CARTESIAN_POINT ( 'NONE',  ( 0.5148390528695243606, -0.01990283707880563871, -0.06850873463916559714 ) ) ;
#3564 = FACE_OUTER_BOUND ( 'NONE', #2537, .T. ) ;
#3565 = DIRECTION ( 'NONE',  ( 0.4273849607752874813, -7.028421990500299298E-16, 0.9040697402872777122 ) ) ;
#3566 = UNCERTAINTY_MEASURE_WITH_UNIT (LENGTH_MEASURE( 1.000000000000000082E-05 ), #5080, 'distance_accuracy_value', 'NONE');
#3567 = DIMENSIONAL_EXPONENTS ( 1.000000000000000000, 0.0000000000000000000, 0.0000000000000000000, 0.0000000000000000000, 0.0000000000000000000, 0.0000000000000000000, 0.0000000000000000000 ) ;
#3568 = AXIS2_PLACEMENT_3D ( 'NONE', #6386, #685, #3237 ) ;
#3569 = ORIENTED_EDGE ( 'NONE', *, *, #1795, .F. ) ;
#3570 = CARTESIAN_POINT ( 'NONE',  ( 0.3926470588251994576, 0.1020939480628583751, -0.007578740406095759927 ) ) ;
#3571 = ORIENTED_EDGE ( 'NONE', *, *, #5558, .T. ) ;
#3572 = CARTESIAN_POINT ( 'NONE',  ( 0.5135310619964218448, -0.02413076081869615711, -0.1477362207212174483 ) ) ;
#3573 = PLANE ( 'NONE',  #2847 ) ;
#3574 = FILL_AREA_STYLE_COLOUR ( '', #7195 ) ;
#3575 =( CONVERSION_BASED_UNIT ( 'INCH', #3078 ) LENGTH_UNIT ( ) NAMED_UNIT ( #1540 ) );
#3576 = CARTESIAN_POINT ( 'NONE',  ( 0.4383240990372200274, 0.04008607404707484334, -0.02726377977695487037 ) ) ;
#3577 = VECTOR ( 'NONE', #3516, 39.37007874015748143 ) ;
#3578 = EDGE_CURVE ( 'NONE', #5763, #1105, #312, .T. ) ;
#3579 = CYLINDRICAL_SURFACE ( 'NONE', #2688, 0.01771653543307089712 ) ;
#3580 = ORIENTED_EDGE ( 'NONE', *, *, #2213, .T. ) ;
#3581 = ADVANCED_FACE ( 'NONE', ( #226 ), #3918, .T. ) ;
#3582 = CARTESIAN_POINT ( 'NONE',  ( 0.4653510425003174467, 0.001406173138374004891, -0.2095942471104531024 ) ) ;
#3583 = CARTESIAN_POINT ( 'NONE',  ( 0.2313841284562628275, 0.04500733388959484577, -0.1272637797769622658 ) ) ;
#3584 =( GEOMETRIC_REPRESENTATION_CONTEXT ( 3 ) GLOBAL_UNCERTAINTY_ASSIGNED_CONTEXT ( ( #740 ) ) GLOBAL_UNIT_ASSIGNED_CONTEXT ( ( #2109, #2691, #6626 ) ) REPRESENTATION_CONTEXT ( 'NONE', 'WORKASPACE' ) );
#3585 = CARTESIAN_POINT ( 'NONE',  ( 0.4144549945979161820, 0.1060309559368543958, -0.08238189001259182964 ) ) ;
#3586 = FILL_AREA_STYLE_COLOUR ( '', #2043 ) ;
#3587 = CYLINDRICAL_SURFACE ( 'NONE', #4665, 0.005905511811023620231 ) ;
#3588 = ORIENTED_EDGE ( 'NONE', *, *, #2218, .F. ) ;
#3589 = DIRECTION ( 'NONE',  ( -1.000000000000000000, 1.644517855226007801E-15, 1.748601263784622143E-15 ) ) ;
#3590 = STYLED_ITEM ( 'NONE', ( #4992 ), #1186 ) ;
#3591 = ADVANCED_FACE ( 'NONE', ( #5369 ), #7881, .T. ) ;
#3592 = DIRECTION ( 'NONE',  ( 1.644517855226008195E-15, 1.000000000000000000, 2.890435660536364269E-30 ) ) ;
#3593 = FACE_OUTER_BOUND ( 'NONE', #7163, .T. ) ;
#3594 = ORIENTED_EDGE ( 'NONE', *, *, #1797, .T. ) ;
#3595 = DIRECTION ( 'NONE',  ( -8.234490263801784106E-12, 1.353889066150678860E-26, 1.000000000000000000 ) ) ;
#3596 = CARTESIAN_POINT ( 'NONE',  ( 0.4754786166451605012, 0.1217789874329369693, -0.2272637797762137590 ) ) ;
#3597 = ORIENTED_EDGE ( 'NONE', *, *, #5866, .F. ) ;
#3598 = CIRCLE ( 'NONE', #1467, 0.005905511811023620231 ) ;
#3599 = DIRECTION ( 'NONE',  ( -9.092110181669310719E-13, -9.570555026740999025E-12, -1.000000000000000000 ) ) ;
#3600 = COLOUR_RGB ( '',0.7607843137254901578, 0.7607843137254901578, 0.0000000000000000000 ) ;
#3601 = ORIENTED_EDGE ( 'NONE', *, *, #7134, .T. ) ;
#3602 =( LENGTH_UNIT ( ) NAMED_UNIT ( * ) SI_UNIT ( $, .METRE. ) );
#3603 = CIRCLE ( 'NONE', #7181, 0.007874015748031508097 ) ;
#3604 = EDGE_LOOP ( 'NONE', ( #3323, #4985, #6826, #4498 ) ) ;
#3605 = CARTESIAN_POINT ( 'NONE',  ( 0.5158907604264441060, -0.02226315452805443032, -0.06758385864288164735 ) ) ;
#3606 = CARTESIAN_POINT ( 'NONE',  ( 0.1896577093114365509, -0.02375406862796411792, -0.04773622072184419141 ) ) ;
#3607 = PRESENTATION_STYLE_ASSIGNMENT (( #4720 ) ) ;
#3608 = VECTOR ( 'NONE', #7885, 39.37007874015748143 ) ;
#3609 = VERTEX_POINT ( 'NONE', #5874 ) ;
#3610 = CARTESIAN_POINT ( 'NONE',  ( 0.4700169603338608115, 0.03516481425069641759, -0.2272637797758073619 ) ) ;
#3611 = ORIENTED_EDGE ( 'NONE', *, *, #8174, .F. ) ;
#3612 = PLANE ( 'NONE',  #41 ) ;
#3613 = PLANE ( 'NONE',  #1196 ) ;
#3614 =( CONVERSION_BASED_UNIT ( 'INCH', #2463 ) LENGTH_UNIT ( ) NAMED_UNIT ( #955 ) );
#3615 =( LENGTH_UNIT ( ) NAMED_UNIT ( * ) SI_UNIT ( $, .METRE. ) );
#3616 = FACE_OUTER_BOUND ( 'NONE', #5625, .T. ) ;
#3617 = DIRECTION ( 'NONE',  ( 1.000000000000000000, -1.644517855226007801E-15, 1.748601263784621748E-15 ) ) ;
#3618 = FILL_AREA_STYLE ('',( #1073 ) ) ;
#3619 = AXIS2_PLACEMENT_3D ( 'NONE', #1068, #4729, #7263 ) ;
#3620 = AXIS2_PLACEMENT_3D ( 'NONE', #1319, #2083, #4484 ) ;
#3621 = VERTEX_POINT ( 'NONE', #2100 ) ;
#3622 = MECHANICAL_DESIGN_GEOMETRIC_PRESENTATION_REPRESENTATION (  '', ( #4805 ), #2700 ) ;
#3623 =( GEOMETRIC_REPRESENTATION_CONTEXT ( 3 ) GLOBAL_UNCERTAINTY_ASSIGNED_CONTEXT ( ( #5392 ) ) GLOBAL_UNIT_ASSIGNED_CONTEXT ( ( #5031, #5743, #6945 ) ) REPRESENTATION_CONTEXT ( 'NONE', 'WORKASPACE' ) );
#3624 = DIRECTION ( 'NONE',  ( 8.234490263801784106E-12, -1.353889066150678860E-26, -1.000000000000000000 ) ) ;
#3625 =( NAMED_UNIT ( * ) PLANE_ANGLE_UNIT ( ) SI_UNIT ( $, .RADIAN. ) );
#3626 = FACE_OUTER_BOUND ( 'NONE', #4439, .T. ) ;
#3627 = CARTESIAN_POINT ( 'NONE',  ( 0.2506952668935070183, 0.04500733388959481107, -0.1778562600915291614 ) ) ;
#3628 = EDGE_CURVE ( 'NONE', #2853, #1611, #300, .T. ) ;
#3629 = DIRECTION ( 'NONE',  ( -0.2761728443425008894, 0.9205744915801069572, -0.2761723474568014147 ) ) ;
#3630 = ORIENTED_EDGE ( 'NONE', *, *, #3780, .F. ) ;
#3631 = EDGE_CURVE ( 'NONE', #7245, #6007, #6580, .T. ) ;
#3632 = CARTESIAN_POINT ( 'NONE',  ( 0.2532616618757507210, 0.04500733388959482495, -0.07814324995916692440 ) ) ;
#3633 = EDGE_CURVE ( 'NONE', #6239, #477, #2799, .T. ) ;
#3634 = STYLED_ITEM ( 'NONE', ( #1163 ), #4692 ) ;
#3635 = AXIS2_PLACEMENT_3D ( 'NONE', #3543, #7439, #376 ) ;
#3636 = CARTESIAN_POINT ( 'NONE',  ( 0.5061831144100219504, -0.02488414520016214715, -0.06742126009135666898 ) ) ;
#3637 = MANIFOLD_SOLID_BREP ( 'LPattern1[3]', #5807 ) ;
#3638 = CARTESIAN_POINT ( 'NONE',  ( 0.2490536793154355943, 0.003668751212429472927, -0.2095942470915550804 ) ) ;
#3639 = CARTESIAN_POINT ( 'NONE',  ( 0.5463410757003660523, -0.06121462703867337068, -0.1674212600919223193 ) ) ;
#3640 = ORIENTED_EDGE ( 'NONE', *, *, #4847, .T. ) ;
#3641 = CARTESIAN_POINT ( 'NONE',  ( 0.1585494827869405599, -0.02585880784268849639, -0.06742126009192302150 ) ) ;
#3642 = VERTEX_POINT ( 'NONE', #8046 ) ;
#3643 = EDGE_CURVE ( 'NONE', #3557, #4179, #4429, .T. ) ;
#3644 = CYLINDRICAL_SURFACE ( 'NONE', #4183, 0.007874015748031492484 ) ;
#3645 = EDGE_CURVE ( 'NONE', #3798, #6888, #3217, .T. ) ;
#3646 = PRESENTATION_LAYER_ASSIGNMENT (  '', '', ( #7737 ) ) ;
#3647 = VERTEX_POINT ( 'NONE', #3583 ) ;
#3648 = ORIENTED_EDGE ( 'NONE', *, *, #2371, .T. ) ;
#3649 = CARTESIAN_POINT ( 'NONE',  ( 0.5155227596967738579, -0.02169457574273200504, -0.06770853112578203992 ) ) ;
#3650 = CYLINDRICAL_SURFACE ( 'NONE', #5094, 0.007874015748031490750 ) ;
#3651 = DIRECTION ( 'NONE',  ( 8.234490263801784106E-12, -1.353889066150678860E-26, -1.000000000000000000 ) ) ;
#3652 = UNCERTAINTY_MEASURE_WITH_UNIT (LENGTH_MEASURE( 1.000000000000000082E-05 ), #6214, 'distance_accuracy_value', 'NONE');
#3653 = VECTOR ( 'NONE', #4430, 39.37007874015748143 ) ;
#3654 = ORIENTED_EDGE ( 'NONE', *, *, #3739, .F. ) ;
#3655 = DIRECTION ( 'NONE',  ( -0.9947848906855178974, -0.1019952021607001824, -8.191546496927016518E-12 ) ) ;
#3656 = ORIENTED_EDGE ( 'NONE', *, *, #569, .F. ) ;
#3657 =( LENGTH_UNIT ( ) NAMED_UNIT ( * ) SI_UNIT ( $, .METRE. ) );
#3658 = CARTESIAN_POINT ( 'NONE',  ( 0.3928014512908295508, 0.1020939480628583751, -0.03297244119349732744 ) ) ;
#3659 = CARTESIAN_POINT ( 'NONE',  ( 0.4254818849634283695, 0.1217789874329370248, -0.1319881892249934463 ) ) ;
#3660 = PRESENTATION_LAYER_ASSIGNMENT (  '', '', ( #4974 ) ) ;
#3661 = FILL_AREA_STYLE ('',( #2292 ) ) ;
#3662 = ORIENTED_EDGE ( 'NONE', *, *, #6205, .F. ) ;
#3663 = CARTESIAN_POINT ( 'NONE',  ( 0.3926470588251994576, 0.1020939480628583751, -0.007578740406095759927 ) ) ;
#3664 = PLANE ( 'NONE',  #3635 ) ;
#3665 = DIRECTION ( 'NONE',  ( -2.633310236532794139E-11, 0.0000000000000000000, -1.000000000000000000 ) ) ;
#3666 = CARTESIAN_POINT ( 'NONE',  ( 0.5061831144098568602, -0.02488414520015541989, -0.04773622072127796379 ) ) ;
#3667 = CARTESIAN_POINT ( 'NONE',  ( 0.5163375968542005534, -0.03467250407036624738, -0.1272637797763124801 ) ) ;
#3668 = CARTESIAN_POINT ( 'NONE',  ( 0.2313841284562230538, 0.03516481420601218905, -0.02726377977696224642 ) ) ;
#3669 = ORIENTED_EDGE ( 'NONE', *, *, #8084, .F. ) ;
#3670 = CARTESIAN_POINT ( 'NONE',  ( 0.4144549945979161820, 0.1060309559368543958, -0.08238189001259182964 ) ) ;
#3671 = VECTOR ( 'NONE', #3506, 39.37007874015748143 ) ;
#3672 = PRESENTATION_LAYER_ASSIGNMENT (  '', '', ( #2750 ) ) ;
#3673 = DIRECTION ( 'NONE',  ( 0.0000000000000000000, -0.2873478937908954256, -0.9578262827537863400 ) ) ;
#3674 =( NAMED_UNIT ( * ) PLANE_ANGLE_UNIT ( ) SI_UNIT ( $, .RADIAN. ) );
#3675 = ORIENTED_EDGE ( 'NONE', *, *, #5605, .F. ) ;
#3676 = CARTESIAN_POINT ( 'NONE',  ( 0.4554196763416171190, 0.03516481420455510459, -0.1313957089112138266 ) ) ;
#3677 = DIRECTION ( 'NONE',  ( 0.3079484342924089790, -7.228014483236700500E-16, -0.9514030490895296621 ) ) ;
#3678 = ORIENTED_EDGE ( 'NONE', *, *, #6830, .F. ) ;
#3679 = CARTESIAN_POINT ( 'NONE',  ( 0.2453562723633100906, 0.03516481420455544460, -0.1339196358434976697 ) ) ;
#3680 =( GEOMETRIC_REPRESENTATION_CONTEXT ( 3 ) GLOBAL_UNCERTAINTY_ASSIGNED_CONTEXT ( ( #2497 ) ) GLOBAL_UNIT_ASSIGNED_CONTEXT ( ( #869, #6059, #1572 ) ) REPRESENTATION_CONTEXT ( 'NONE', 'WORKASPACE' ) );
#3681 = ADVANCED_FACE ( 'NONE', ( #2387 ), #3664, .T. ) ;
#3682 = PLANE ( 'NONE',  #4815 ) ;
#3683 = PRESENTATION_STYLE_ASSIGNMENT (( #3560 ) ) ;
#3684 = ORIENTED_EDGE ( 'NONE', *, *, #3544, .T. ) ;
#3685 = ADVANCED_FACE ( 'NONE', ( #4822 ), #4250, .F. ) ;
#3686 = PRESENTATION_STYLE_ASSIGNMENT (( #6837 ) ) ;
#3687 = CARTESIAN_POINT ( 'NONE',  ( 0.4754786166450025164, 0.03516481420311536044, 0.004564358673763484371 ) ) ;
#3688 = CARTESIAN_POINT ( 'NONE',  ( 0.1838181954782064642, -0.05876606348099563254, -0.1752952758420426582 ) ) ;
#3689 = FILL_AREA_STYLE_COLOUR ( '', #4500 ) ;
#3690 = EDGE_CURVE ( 'NONE', #3557, #7692, #4120, .T. ) ;
#3691 = ORIENTED_EDGE ( 'NONE', *, *, #3690, .T. ) ;
#3692 = PLANE ( 'NONE',  #7758 ) ;
#3693 = ORIENTED_EDGE ( 'NONE', *, *, #370, .F. ) ;
#3694 =( LENGTH_UNIT ( ) NAMED_UNIT ( * ) SI_UNIT ( $, .METRE. ) );
#3695 = DIRECTION ( 'NONE',  ( 8.279256909673125927E-11, 0.0000000000000000000, -1.000000000000000000 ) ) ;
#3696 = SURFACE_STYLE_USAGE ( .BOTH. , #7592 ) ;
#3697 = CARTESIAN_POINT ( 'NONE',  ( 0.4554196763416168414, 0.04500733388959449188, -0.03139570891121379326 ) ) ;
#3698 = CARTESIAN_POINT ( 'NONE',  ( 0.1905251482467716362, -0.03467250407036572002, -0.1878937010368048610 ) ) ;
#3699 = CIRCLE ( 'NONE', #776, 0.007874015748031495954 ) ;
#3700 = DIRECTION ( 'NONE',  ( 2.521108322106260382E-13, 1.000000000000000000, 4.408561494778652430E-28 ) ) ;
#3701 = ORIENTED_EDGE ( 'NONE', *, *, #7976, .F. ) ;
#3702 = DIRECTION ( 'NONE',  ( 0.9945218953682687379, -0.1045284632676985181, 2.168404344971013601E-15 ) ) ;
#3703 = PLANE ( 'NONE',  #2841 ) ;
#3704 = DIRECTION ( 'NONE',  ( -1.748601263784622143E-15, 0.0000000000000000000, 1.000000000000000000 ) ) ;
#3705 = LINE ( 'NONE', #2550, #7385 ) ;
#3706 =( LENGTH_UNIT ( ) NAMED_UNIT ( * ) SI_UNIT ( $, .METRE. ) );
#3707 = FACE_OUTER_BOUND ( 'NONE', #289, .T. ) ;
#3708 = PLANE ( 'NONE',  #816 ) ;
#3709 = ORIENTED_EDGE ( 'NONE', *, *, #2372, .T. ) ;
#3710 = MECHANICAL_DESIGN_GEOMETRIC_PRESENTATION_REPRESENTATION (  '', ( #3970 ), #1851 ) ;
#3711 = DIRECTION ( 'NONE',  ( -1.387778780775897222E-15, 0.0000000000000000000, -1.000000000000000000 ) ) ;
#3712 =( NAMED_UNIT ( * ) PLANE_ANGLE_UNIT ( ) SI_UNIT ( $, .RADIAN. ) );
#3713 = AXIS2_PLACEMENT_3D ( 'NONE', #3967, #3354, #5882 ) ;
#3714 = ORIENTED_EDGE ( 'NONE', *, *, #4745, .T. ) ;
#3715 = FACE_OUTER_BOUND ( 'NONE', #4899, .T. ) ;
#3716 = PLANE ( 'NONE',  #6890 ) ;
#3717 = ORIENTED_EDGE ( 'NONE', *, *, #4247, .T. ) ;
#3718 = CARTESIAN_POINT ( 'NONE',  ( 0.2372226159726799066, 0.03516481420455547929, -0.08001968528830076532 ) ) ;
#3719 = VERTEX_POINT ( 'NONE', #2923 ) ;
#3720 = PLANE ( 'NONE',  #4704 ) ;
#3721 = VECTOR ( 'NONE', #428, 39.37007874015748143 ) ;
#3722 =( LENGTH_UNIT ( ) NAMED_UNIT ( * ) SI_UNIT ( $, .METRE. ) );
#3723 = CARTESIAN_POINT ( 'NONE',  ( 0.5225010356770467546, -0.02585880784268908966, -0.06742126009122235974 ) ) ;
#3724 = ORIENTED_EDGE ( 'NONE', *, *, #1449, .T. ) ;
#3725 = DIRECTION ( 'NONE',  ( 0.9945218953682689600, 0.1045284632676950626, 8.189380864547705479E-12 ) ) ;
#3726 = EDGE_CURVE ( 'NONE', #2446, #5387, #7310, .T. ) ;
#3727 = UNCERTAINTY_MEASURE_WITH_UNIT (LENGTH_MEASURE( 1.000000000000000082E-05 ), #1816, 'distance_accuracy_value', 'NONE');
#3728 = AXIS2_PLACEMENT_3D ( 'NONE', #4751, #7284, #5298 ) ;
#3729 = EDGE_CURVE ( 'NONE', #6674, #5773, #4211, .T. ) ;
#3730 = VERTEX_POINT ( 'NONE', #5411 ) ;
#3731 = VECTOR ( 'NONE', #3700, 39.37007874015748143 ) ;
#3732 = ORIENTED_EDGE ( 'NONE', *, *, #569, .T. ) ;
#3733 = CARTESIAN_POINT ( 'NONE',  ( 0.2453562723633097020, 0.03516481420455546542, -0.03391963584349765720 ) ) ;
#3734 = ORIENTED_EDGE ( 'NONE', *, *, #3123, .T. ) ;
#3735 = DIRECTION ( 'NONE',  ( -1.555145074134650487E-15, -0.9987523388778386524, -0.04993761694401192830 ) ) ;
#3736 =( LENGTH_UNIT ( ) NAMED_UNIT ( * ) SI_UNIT ( $, .METRE. ) );
#3737 = DIRECTION ( 'NONE',  ( 1.927470528863118556E-15, 1.000000000000000000, 0.0000000000000000000 ) ) ;
#3738 = CARTESIAN_POINT ( 'NONE',  ( 0.3829589316058804593, 0.001406169436130047957, 0.001978705532486876081 ) ) ;
#3739 = EDGE_CURVE ( 'NONE', #1079, #5260, #7917, .T. ) ;
#3740 = EDGE_CURVE ( 'NONE', #3133, #571, #1002, .T. ) ;
#3741 = VECTOR ( 'NONE', #1256, 39.37007874015748143 ) ;
#3742 = FACE_OUTER_BOUND ( 'NONE', #2764, .T. ) ;
#3743 = ORIENTED_EDGE ( 'NONE', *, *, #5700, .T. ) ;
#3744 = FACE_OUTER_BOUND ( 'NONE', #3322, .T. ) ;
#3745 = SURFACE_STYLE_FILL_AREA ( #6817 ) ;
#3746 = LENGTH_MEASURE_WITH_UNIT ( LENGTH_MEASURE( 0.02539999999999999897 ), #5023 );
#3747 = SURFACE_STYLE_FILL_AREA ( #4367 ) ;
#3748 = STYLED_ITEM ( 'NONE', ( #5109 ), #3881 ) ;
#3749 = SURFACE_STYLE_USAGE ( .BOTH. , #622 ) ;
#3750 = ORIENTED_EDGE ( 'NONE', *, *, #4295, .T. ) ;
#3751 = CARTESIAN_POINT ( 'NONE',  ( 0.3928014512908296063, 0.1020939480628622886, -0.03297244119349760499 ) ) ;
#3752 = UNCERTAINTY_MEASURE_WITH_UNIT (LENGTH_MEASURE( 1.000000000000000082E-05 ), #2966, 'distance_accuracy_value', 'NONE');
#3753 = AXIS2_PLACEMENT_3D ( 'NONE', #3903, #736, #7176 ) ;
#3754 = SURFACE_STYLE_FILL_AREA ( #4945 ) ;
#3755 = ORIENTED_EDGE ( 'NONE', *, *, #4944, .T. ) ;
#3756 = LINE ( 'NONE', #5077, #7476 ) ;
#3757 = LINE ( 'NONE', #6860, #2796 ) ;
#3758 = ORIENTED_EDGE ( 'NONE', *, *, #6328, .F. ) ;
#3759 = DIRECTION ( 'NONE',  ( 2.521108322106260382E-13, 1.000000000000000000, 4.408561494778652430E-28 ) ) ;
#3760 =( NAMED_UNIT ( * ) PLANE_ANGLE_UNIT ( ) SI_UNIT ( $, .RADIAN. ) );
#3761 = ORIENTED_EDGE ( 'NONE', *, *, #3239, .T. ) ;
#3762 = SURFACE_SIDE_STYLE ('',( #7570 ) ) ;
#3763 = MECHANICAL_DESIGN_GEOMETRIC_PRESENTATION_REPRESENTATION (  '', ( #2710 ), #6934 ) ;
#3764 = AXIS2_PLACEMENT_3D ( 'NONE', #482, #3030, #5550 ) ;
#3765 = AXIS2_PLACEMENT_3D ( 'NONE', #7995, #2337, #4856 ) ;
#3766 = PLANE ( 'NONE',  #6935 ) ;
#3767 = PRESENTATION_STYLE_ASSIGNMENT (( #3229 ) ) ;
#3768 = EDGE_LOOP ( 'NONE', ( #733, #4865, #4764, #1232 ) ) ;
#3769 = LENGTH_MEASURE_WITH_UNIT ( LENGTH_MEASURE( 0.02539999999999999897 ), #3190 );
#3770 = CARTESIAN_POINT ( 'NONE',  ( 0.2490536793001599802, 0.001406169398807438544, 0.001978705521462981610 ) ) ;
#3771 = PRESENTATION_LAYER_ASSIGNMENT (  '', '', ( #2188 ) ) ;
#3772 = VERTEX_POINT ( 'NONE', #3167 ) ;
#3773 = EDGE_CURVE ( 'NONE', #5869, #1693, #4409, .T. ) ;
#3774 = EDGE_CURVE ( 'NONE', #3435, #3971, #1160, .T. ) ;
#3775 = VERTEX_POINT ( 'NONE', #6936 ) ;
#3776 = LINE ( 'NONE', #6391, #6324 ) ;
#3777 = CIRCLE ( 'NONE', #457, 0.01771653543307088671 ) ;
#3778 = ORIENTED_EDGE ( 'NONE', *, *, #4586, .F. ) ;
#3779 = DIRECTION ( 'NONE',  ( 0.9945218953682689600, 0.1045284632676950626, 8.189380864547705479E-12 ) ) ;
#3780 = EDGE_CURVE ( 'NONE', #6679, #3541, #5614, .T. ) ;
#3781 = DIRECTION ( 'NONE',  ( 8.234490263801784106E-12, -1.353889066150678860E-26, -1.000000000000000000 ) ) ;
#3782 = LINE ( 'NONE', #7552, #8004 ) ;
#3783 = COLOUR_RGB ( '',0.7607843137254901578, 0.7607843137254901578, 0.0000000000000000000 ) ;
#3784 = ADVANCED_FACE ( 'NONE', ( #655 ), #3128, .T. ) ;
#3785 = DIRECTION ( 'NONE',  ( 1.748601263784621946E-15, 0.0000000000000000000, -1.000000000000000000 ) ) ;
#3786 = ADVANCED_FACE ( 'NONE', ( #619 ), #3703, .F. ) ;
#3787 = ORIENTED_EDGE ( 'NONE', *, *, #6206, .F. ) ;
#3788 = CARTESIAN_POINT ( 'NONE',  ( 0.2506952668928376649, 0.03516481420455543766, -0.1313957089104267617 ) ) ;
#3789 = CARTESIAN_POINT ( 'NONE',  ( 0.4561674782086246327, 0.04500733388959448494, -0.03139570891121379326 ) ) ;
#3790 = EDGE_CURVE ( 'NONE', #7714, #815, #5685, .T. ) ;
#3791 = CARTESIAN_POINT ( 'NONE',  ( 0.0000000000000000000, 0.0000000000000000000, 0.0000000000000000000 ) ) ;
#3792 = DIRECTION ( 'NONE',  ( -1.748601263784621946E-15, 0.0000000000000000000, 1.000000000000000000 ) ) ;
#3793 = DIRECTION ( 'NONE',  ( 1.779922736996477388E-11, -1.000000000000000000, 2.202682480880311385E-13 ) ) ;
#3794 = ORIENTED_EDGE ( 'NONE', *, *, #5771, .F. ) ;
#3795 = CARTESIAN_POINT ( 'NONE',  ( 0.4696401291285066115, 0.04500733388959446413, -0.08001968528857600349 ) ) ;
#3796 = CARTESIAN_POINT ( 'NONE',  ( 0.5096303506627002378, 0.02914268067976763174, -0.02726377977636772892 ) ) ;
#3797 = EDGE_CURVE ( 'NONE', #1875, #4354, #2629, .T. ) ;
#3798 = VERTEX_POINT ( 'NONE', #1835 ) ;
#3799 = DIRECTION ( 'NONE',  ( 1.644517855226008195E-15, 1.000000000000000000, 2.890435660536364269E-30 ) ) ;
#3800 = SURFACE_SIDE_STYLE ('',( #595 ) ) ;
#3801 = ORIENTED_EDGE ( 'NONE', *, *, #4744, .T. ) ;
#3802 =( NAMED_UNIT ( * ) PLANE_ANGLE_UNIT ( ) SI_UNIT ( $, .RADIAN. ) );
#3803 = CARTESIAN_POINT ( 'NONE',  ( 0.3496518449916174442, 0.1198104834959332204, -0.1360039372566866356 ) ) ;
#3804 = VERTEX_POINT ( 'NONE', #3831 ) ;
#3805 = AXIS2_PLACEMENT_3D ( 'NONE', #5650, #1159, #3702 ) ;
#3806 =( GEOMETRIC_REPRESENTATION_CONTEXT ( 3 ) GLOBAL_UNCERTAINTY_ASSIGNED_CONTEXT ( ( #7465 ) ) GLOBAL_UNIT_ASSIGNED_CONTEXT ( ( #605, #2532, #5795 ) ) REPRESENTATION_CONTEXT ( 'NONE', 'WORKASPACE' ) );
#3807 = LINE ( 'NONE', #1223, #7070 ) ;
#3808 = CARTESIAN_POINT ( 'NONE',  ( 0.2018299626881688569, -0.02127552341816710615, -0.1680906281502946020 ) ) ;
#3809 = VERTEX_POINT ( 'NONE', #6230 ) ;
#3810 = CYLINDRICAL_SURFACE ( 'NONE', #8161, 0.007874015748031509832 ) ;
#3811 =( NAMED_UNIT ( * ) SI_UNIT ( $, .STERADIAN. ) SOLID_ANGLE_UNIT ( ) );
#3812 = FACE_OUTER_BOUND ( 'NONE', #315, .T. ) ;
#3813 = SURFACE_STYLE_FILL_AREA ( #4437 ) ;
#3814 = UNCERTAINTY_MEASURE_WITH_UNIT (LENGTH_MEASURE( 1.000000000000000082E-05 ), #1748, 'distance_accuracy_value', 'NONE');
#3815 = AXIS2_PLACEMENT_3D ( 'NONE', #6656, #2887, #3315 ) ;
#3816 = ORIENTED_EDGE ( 'NONE', *, *, #3486, .F. ) ;
#3817 = ORIENTED_EDGE ( 'NONE', *, *, #8171, .T. ) ;
#3818 = LINE ( 'NONE', #891, #4596 ) ;
#3819 = VECTOR ( 'NONE', #4812, 39.37007874015748143 ) ;
#3820 = ORIENTED_EDGE ( 'NONE', *, *, #1959, .T. ) ;
#3821 = CARTESIAN_POINT ( 'NONE',  ( 0.2148518768365315912, 0.04500733388959486658, -0.1878937010368047777 ) ) ;
#3822 = PRESENTATION_STYLE_ASSIGNMENT (( #47 ) ) ;
#3823 = PRESENTATION_STYLE_ASSIGNMENT (( #3696 ) ) ;
#3824 = DIRECTION ( 'NONE',  ( 1.000000000000000000, -1.243065535181522807E-11, -2.549634902058215512E-12 ) ) ;
#3825 = CARTESIAN_POINT ( 'NONE',  ( 0.2924077505034279323, 0.1060309559368545901, -0.03198818922499363504 ) ) ;
#3826 = UNCERTAINTY_MEASURE_WITH_UNIT (LENGTH_MEASURE( 1.000000000000000082E-05 ), #2334, 'distance_accuracy_value', 'NONE');
#3827 = DIMENSIONAL_EXPONENTS ( 1.000000000000000000, 0.0000000000000000000, 0.0000000000000000000, 0.0000000000000000000, 0.0000000000000000000, 0.0000000000000000000, 0.0000000000000000000 ) ;
#3828 = DIRECTION ( 'NONE',  ( 6.044810485495209289E-12, 1.000000000000000000, 1.023181539495001156E-11 ) ) ;
#3829 = ORIENTED_EDGE ( 'NONE', *, *, #5760, .F. ) ;
#3830 = CARTESIAN_POINT ( 'NONE',  ( 0.2313841284562201672, 0.04240669873959744540, -0.2272637797758057243 ) ) ;
#3831 = CARTESIAN_POINT ( 'NONE',  ( 0.2506952668932703188, 0.04500733388959482495, -0.03730122072145040241 ) ) ;
#3832 =( LENGTH_UNIT ( ) NAMED_UNIT ( * ) SI_UNIT ( $, .METRE. ) );
#3833 = CARTESIAN_POINT ( 'NONE',  ( 0.2490536793154355943, 0.003668751212429472927, -0.005563233721056699485 ) ) ;
#3834 = CARTESIAN_POINT ( 'NONE',  ( 0.2148518768365315912, 0.03516481420455550011, -0.1878937010368047777 ) ) ;
#3835 = FILL_AREA_STYLE_COLOUR ( '', #7315 ) ;
#3836 = ORIENTED_EDGE ( 'NONE', *, *, #6117, .T. ) ;
#3837 = DIRECTION ( 'NONE',  ( 0.9945218953682689600, 0.1045284632676950626, 8.189380864547705479E-12 ) ) ;
#3838 = EDGE_CURVE ( 'NONE', #5799, #2482, #6551, .T. ) ;
#3839 = CIRCLE ( 'NONE', #4884, 0.007874015748031516770 ) ;
#3840 = EDGE_CURVE ( 'NONE', #8093, #5435, #5729, .T. ) ;
#3841 = EDGE_CURVE ( 'NONE', #2846, #2482, #3253, .T. ) ;
#3842 = CARTESIAN_POINT ( 'NONE',  ( 0.4536010832257904024, 0.04500733388959447800, -0.1370142308545209409 ) ) ;
#3843 = ORIENTED_EDGE ( 'NONE', *, *, #7679, .F. ) ;
#3844 = VECTOR ( 'NONE', #4499, 39.37007874015748143 ) ;
#3845 = ORIENTED_EDGE ( 'NONE', *, *, #7275, .T. ) ;
#3846 = DIRECTION ( 'NONE',  ( 0.06844477287628467077, 0.6512085141311780845, 0.7558060493201791408 ) ) ;
#3847 = ORIENTED_EDGE ( 'NONE', *, *, #780, .T. ) ;
#3848 = EDGE_CURVE ( 'NONE', #4638, #1478, #8125, .T. ) ;
#3849 = MECHANICAL_DESIGN_GEOMETRIC_PRESENTATION_REPRESENTATION (  '', ( #1575 ), #7281 ) ;
#3850 = CARTESIAN_POINT ( 'NONE',  ( 0.2415117421193332392, 0.001406162577626337683, -0.2095942470915550804 ) ) ;
#3851 = CARTESIAN_POINT ( 'NONE',  ( 0.4754786166452190099, 0.04240671319253163513, 0.01210629896319561152 ) ) ;
#3852 = DIRECTION ( 'NONE',  ( 1.644517855226008195E-15, 1.000000000000000000, 2.890435660536364269E-30 ) ) ;
#3853 = ORIENTED_EDGE ( 'NONE', *, *, #275, .F. ) ;
#3854 = VECTOR ( 'NONE', #3109, 39.37007874015748143 ) ;
#3855 = SURFACE_STYLE_FILL_AREA ( #4387 ) ;
#3856 = ORIENTED_EDGE ( 'NONE', *, *, #3885, .T. ) ;
#3857 = ORIENTED_EDGE ( 'NONE', *, *, #480, .T. ) ;
#3858 = ORIENTED_EDGE ( 'NONE', *, *, #2070, .T. ) ;
#3859 = SURFACE_STYLE_USAGE ( .BOTH. , #1317 ) ;
#3860 = CARTESIAN_POINT ( 'NONE',  ( 0.4254818849634279254, 0.1217789874329370386, -0.03198818922499343381 ) ) ;
#3861 = FACE_OUTER_BOUND ( 'NONE', #8103, .T. ) ;
#3862 = MECHANICAL_DESIGN_GEOMETRIC_PRESENTATION_REPRESENTATION (  '', ( #802 ), #7691 ) ;
#3863 = FILL_AREA_STYLE ('',( #1831 ) ) ;
#3864 = LINE ( 'NONE', #4449, #2954 ) ;
#3865 = VECTOR ( 'NONE', #5998, 39.37007874015748143 ) ;
#3866 = ORIENTED_EDGE ( 'NONE', *, *, #4487, .F. ) ;
#3867 = CARTESIAN_POINT ( 'NONE',  ( 0.4920108682644409037, 0.04500733388959441555, -0.1272637797765127365 ) ) ;
#3868 = SURFACE_SIDE_STYLE ('',( #6195 ) ) ;
#3869 = CARTESIAN_POINT ( 'NONE',  ( 0.2313841284562319633, 0.03516481420455548623, -0.08789370103680475832 ) ) ;
#3870 =( NAMED_UNIT ( * ) PLANE_ANGLE_UNIT ( ) SI_UNIT ( $, .RADIAN. ) );
#3871 = VECTOR ( 'NONE', #5157, 39.37007874015748143 ) ;
#3872 = ORIENTED_EDGE ( 'NONE', *, *, #4745, .F. ) ;
#3873 = LINE ( 'NONE', #1969, #7278 ) ;
#3874 = AXIS2_PLACEMENT_3D ( 'NONE', #6931, #3785, #5394 ) ;
#3875 = DIMENSIONAL_EXPONENTS ( 1.000000000000000000, 0.0000000000000000000, 0.0000000000000000000, 0.0000000000000000000, 0.0000000000000000000, 0.0000000000000000000, 0.0000000000000000000 ) ;
#3876 = CARTESIAN_POINT ( 'NONE',  ( 0.5483132623141996342, -0.02585880784268912436, -0.04773622072093100521 ) ) ;
#3877 = ORIENTED_EDGE ( 'NONE', *, *, #5805, .F. ) ;
#3878 = CARTESIAN_POINT ( 'NONE',  ( 0.4518565694010656109, 0.1020939480628582641, -0.007578740406095623751 ) ) ;
#3879 = EDGE_CURVE ( 'NONE', #7331, #6443, #5085, .T. ) ;
#3880 = PRESENTATION_STYLE_ASSIGNMENT (( #1300 ) ) ;
#3881 = ADVANCED_FACE ( 'NONE', ( #1287 ), #5774, .F. ) ;
#3882 = ORIENTED_EDGE ( 'NONE', *, *, #3645, .T. ) ;
#3883 = DIRECTION ( 'NONE',  ( 1.000000000000000000, -1.644517855226007801E-15, 1.748601263784622143E-15 ) ) ;
#3884 = VERTEX_POINT ( 'NONE', #1997 ) ;
#3885 = EDGE_CURVE ( 'NONE', #3181, #1664, #5902, .T. ) ;
#3886 = VECTOR ( 'NONE', #6718, 39.37007874015748143 ) ;
#3887 = CARTESIAN_POINT ( 'NONE',  ( 0.2313841284562234701, 0.03516481420601216823, -0.1272637797769622658 ) ) ;
#3888 = DIRECTION ( 'NONE',  ( -0.8191520442890951603, 0.5735764363508986108, -1.432370299875668212E-15 ) ) ;
#3889 = EDGE_CURVE ( 'NONE', #3927, #571, #4672, .T. ) ;
#3890 = ORIENTED_EDGE ( 'NONE', *, *, #8120, .T. ) ;
#3891 =( GEOMETRIC_REPRESENTATION_CONTEXT ( 3 ) GLOBAL_UNCERTAINTY_ASSIGNED_CONTEXT ( ( #3566 ) ) GLOBAL_UNIT_ASSIGNED_CONTEXT ( ( #5080, #3802, #1847 ) ) REPRESENTATION_CONTEXT ( 'NONE', 'WORKASPACE' ) );
#3892 = FACE_OUTER_BOUND ( 'NONE', #2648, .T. ) ;
#3893 = VECTOR ( 'NONE', #4421, 39.37007874015748143 ) ;
#3894 = EDGE_CURVE ( 'NONE', #4833, #4215, #5149, .T. ) ;
#3895 = CARTESIAN_POINT ( 'NONE',  ( 0.1914011193520336329, -0.02157683654261705747, -0.06774491815687146146 ) ) ;
#3896 = PRESENTATION_STYLE_ASSIGNMENT (( #4630 ) ) ;
#3897 = STYLED_ITEM ( 'NONE', ( #1464 ), #4601 ) ;
#3898 = AXIS2_PLACEMENT_3D ( 'NONE', #4620, #3423, #3381 ) ;
#3899 = ORIENTED_EDGE ( 'NONE', *, *, #133, .F. ) ;
#3900 = VERTEX_POINT ( 'NONE', #2789 ) ;
#3901 = DIRECTION ( 'NONE',  ( -1.644517855226008195E-15, -1.000000000000000000, -2.890435660536364269E-30 ) ) ;
#3902 = ORIENTED_EDGE ( 'NONE', *, *, #6131, .F. ) ;
#3903 = CARTESIAN_POINT ( 'NONE',  ( -0.1216505027520430049, 0.03516481420455606910, -0.8878914526895611559 ) ) ;
#3904 = PRESENTATION_LAYER_ASSIGNMENT (  '', '', ( #4949 ) ) ;
#3905 = FACE_OUTER_BOUND ( 'NONE', #1337, .T. ) ;
#3906 = UNCERTAINTY_MEASURE_WITH_UNIT (LENGTH_MEASURE( 1.000000000000000082E-05 ), #1848, 'distance_accuracy_value', 'NONE');
#3907 = CARTESIAN_POINT ( 'NONE',  ( 0.1897231389294810333, -0.02375153757764750587, -0.1674212770789574034 ) ) ;
#3908 = ORIENTED_EDGE ( 'NONE', *, *, #8174, .T. ) ;
#3909 = DIRECTION ( 'NONE',  ( 1.582776894139444281E-15, 0.0000000000000000000, -1.000000000000000000 ) ) ;
#3910 = CARTESIAN_POINT ( 'NONE',  ( 1.771695132572813897E-16, 0.1021333181416031466, 2.410722045319873436E-21 ) ) ;
#3911 = DIRECTION ( 'NONE',  ( 1.582776894139444281E-15, 0.0000000000000000000, -1.000000000000000000 ) ) ;
#3912 = ORIENTED_EDGE ( 'NONE', *, *, #1857, .F. ) ;
#3913 = CARTESIAN_POINT ( 'NONE',  ( 0.5044156245189400645, 0.03516481420455502133, -0.1878937010362531634 ) ) ;
#3914 = VECTOR ( 'NONE', #3236, 39.37007874015748143 ) ;
#3915 = CARTESIAN_POINT ( 'NONE',  ( 0.4625214697569321465, 0.03516481420455509072, -0.1317725596123949239 ) ) ;
#3916 = ORIENTED_EDGE ( 'NONE', *, *, #2529, .T. ) ;
#3917 = AXIS2_PLACEMENT_3D ( 'NONE', #7954, #6768, #2381 ) ;
#3918 = CYLINDRICAL_SURFACE ( 'NONE', #2976, 0.005905511811027564992 ) ;
#3919 = DIRECTION ( 'NONE',  ( -1.644517855226007801E-15, -1.000000000000000000, -2.890435660536363919E-30 ) ) ;
#3920 = VERTEX_POINT ( 'NONE', #5314 ) ;
#3921 = SURFACE_STYLE_USAGE ( .BOTH. , #7078 ) ;
#3922 = FILL_AREA_STYLE_COLOUR ( '', #5596 ) ;
#3923 = VERTEX_POINT ( 'NONE', #7785 ) ;
#3924 =( GEOMETRIC_REPRESENTATION_CONTEXT ( 3 ) GLOBAL_UNCERTAINTY_ASSIGNED_CONTEXT ( ( #3068 ) ) GLOBAL_UNIT_ASSIGNED_CONTEXT ( ( #4089, #4746, #4786 ) ) REPRESENTATION_CONTEXT ( 'NONE', 'WORKASPACE' ) );
#3925 = CARTESIAN_POINT ( 'NONE',  ( 0.1843617094242554766, -0.01798479209465702819, -0.04773622072184419141 ) ) ;
#3926 = DIRECTION ( 'NONE',  ( -0.5730959463344974525, 0.8184658334308990701, 0.04092329167149891256 ) ) ;
#3927 = VERTEX_POINT ( 'NONE', #2128 ) ;
#3928 = LINE ( 'NONE', #1473, #4526 ) ;
#3929 = DIMENSIONAL_EXPONENTS ( 1.000000000000000000, 0.0000000000000000000, 0.0000000000000000000, 0.0000000000000000000, 0.0000000000000000000, 0.0000000000000000000, 0.0000000000000000000 ) ;
#3930 =( BOUNDED_CURVE ( )  B_SPLINE_CURVE ( 3, ( #3438, #7892, #6630, #2267 ),
 .UNSPECIFIED., .F., .T. ) 
 B_SPLINE_CURVE_WITH_KNOTS ( ( 4, 4 ),
 ( 3.224255440381115445, 3.968322528260086024 ),
 .UNSPECIFIED. ) 
 CURVE ( )  GEOMETRIC_REPRESENTATION_ITEM ( )  RATIONAL_B_SPLINE_CURVE ( ( 1.000000000000000000, 0.9543933716775627740, 0.9543933716775627740, 1.000000000000000000 ) ) 
 REPRESENTATION_ITEM ( '' )  );
#3931 = FILL_AREA_STYLE ('',( #4629 ) ) ;
#3932 = DIRECTION ( 'NONE',  ( -8.234490263801784106E-12, 1.353889066150678573E-26, 1.000000000000000000 ) ) ;
#3933 = ADVANCED_FACE ( 'NONE', ( #2091 ), #5810, .F. ) ;
#3934 = ADVANCED_FACE ( 'NONE', ( #3453 ), #130, .F. ) ;
#3935 = VECTOR ( 'NONE', #3522, 39.37007874015748143 ) ;
#3936 = VECTOR ( 'NONE', #7589, 39.37007874015748143 ) ;
#3937 = EDGE_CURVE ( 'NONE', #327, #4479, #3334, .T. ) ;
#3938 = ORIENTED_EDGE ( 'NONE', *, *, #5811, .T. ) ;
#3939 =( NAMED_UNIT ( * ) PLANE_ANGLE_UNIT ( ) SI_UNIT ( $, .RADIAN. ) );
#3940 = ORIENTED_EDGE ( 'NONE', *, *, #5300, .F. ) ;
#3941 = LINE ( 'NONE', #1950, #746 ) ;
#3942 = ORIENTED_EDGE ( 'NONE', *, *, #6587, .T. ) ;
#3943 = SURFACE_STYLE_USAGE ( .BOTH. , #3324 ) ;
#3944 = CARTESIAN_POINT ( 'NONE',  ( 0.4625214697563810318, 0.04500733388959445719, -0.1833849212006233298 ) ) ;
#3945 =( CONVERSION_BASED_UNIT ( 'INCH', #5347 ) LENGTH_UNIT ( ) NAMED_UNIT ( #2612 ) );
#3946 = LINE ( 'NONE', #2123, #1488 ) ;
#3947 = EDGE_CURVE ( 'NONE', #1796, #6128, #2668, .T. ) ;
#3948 = AXIS2_PLACEMENT_3D ( 'NONE', #6187, #6925, #3044 ) ;
#3949 = EDGE_LOOP ( 'NONE', ( #890, #6375, #664, #5482, #3267, #4301 ) ) ;
#3950 = DIRECTION ( 'NONE',  ( 0.05226423162670060241, -0.4972609476841257092, 0.8660254037848750253 ) ) ;
#3951 = CARTESIAN_POINT ( 'NONE',  ( 0.3140612938105223906, 0.1060309559368545623, -0.03198818922499363504 ) ) ;
#3952 = PRESENTATION_STYLE_ASSIGNMENT (( #5813 ) ) ;
#3953 =( NAMED_UNIT ( * ) SI_UNIT ( $, .STERADIAN. ) SOLID_ANGLE_UNIT ( ) );
#3954 = ORIENTED_EDGE ( 'NONE', *, *, #2433, .F. ) ;
#3955 = DIRECTION ( 'NONE',  ( 0.1045284632676983655, 0.9945218953682685159, 1.827786029713617844E-16 ) ) ;
#3956 = CARTESIAN_POINT ( 'NONE',  ( 0.4536010832257899583, 0.03516481420455512541, -0.03701423085452092837 ) ) ;
#3957 = DIRECTION ( 'NONE',  ( 1.644517855226008195E-15, 1.000000000000000000, 2.890435660536364269E-30 ) ) ;
#3958 = ORIENTED_EDGE ( 'NONE', *, *, #7241, .T. ) ;
#3959 = SURFACE_STYLE_USAGE ( .BOTH. , #7762 ) ;
#3960 = ORIENTED_EDGE ( 'NONE', *, *, #8071, .F. ) ;
#3961 = DIRECTION ( 'NONE',  ( -8.234490263801784106E-12, 1.353889066150678573E-26, 1.000000000000000000 ) ) ;
#3962 = ORIENTED_EDGE ( 'NONE', *, *, #3476, .F. ) ;
#3963 = PRESENTATION_LAYER_ASSIGNMENT (  '', '', ( #6347 ) ) ;
#3964 = VECTOR ( 'NONE', #6323, 39.37007874015748143 ) ;
#3965 = CARTESIAN_POINT ( 'NONE',  ( 0.2077620812121379057, 0.04500733388959488046, -0.1878937010368048610 ) ) ;
#3966 = CARTESIAN_POINT ( 'NONE',  ( 0.2443412753441369656, 0.03516481420455544460, -0.1833849212018047736 ) ) ;
#3967 = CARTESIAN_POINT ( 'NONE',  ( 0.3140612938105263319, 0.1060309559368545623, -0.03198818922499363504 ) ) ;
#3968 = ORIENTED_EDGE ( 'NONE', *, *, #7134, .F. ) ;
#3969 = FILL_AREA_STYLE_COLOUR ( '', #7696 ) ;
#3970 = STYLED_ITEM ( 'NONE', ( #7811 ), #777 ) ;
#3971 = VERTEX_POINT ( 'NONE', #1492 ) ;
#3972 = PRESENTATION_LAYER_ASSIGNMENT (  '', '', ( #1049 ) ) ;
#3973 = LINE ( 'NONE', #2777, #6501 ) ;
#3974 = ORIENTED_EDGE ( 'NONE', *, *, #2979, .T. ) ;
#3975 = FACE_OUTER_BOUND ( 'NONE', #6334, .T. ) ;
#3976 = EDGE_CURVE ( 'NONE', #3775, #6622, #2751, .T. ) ;
#3977 = ORIENTED_EDGE ( 'NONE', *, *, #1900, .F. ) ;
#3978 =( CONVERSION_BASED_UNIT ( 'INCH', #2657 ) LENGTH_UNIT ( ) NAMED_UNIT ( #7835 ) );
#3979 = EDGE_CURVE ( 'NONE', #327, #4179, #867, .T. ) ;
#3980 = DIRECTION ( 'NONE',  ( 0.2761728437764086608, -0.9205744939126326853, 0.2761723402478091782 ) ) ;
#3981 = CARTESIAN_POINT ( 'NONE',  ( 0.4754786166452389939, 0.03516481420455509072, -0.08789370103649142563 ) ) ;
#3982 = UNCERTAINTY_MEASURE_WITH_UNIT (LENGTH_MEASURE( 1.000000000000000082E-05 ), #241, 'distance_accuracy_value', 'NONE');
#3983 = EDGE_CURVE ( 'NONE', #7775, #3804, #7750, .T. ) ;
#3984 = DIMENSIONAL_EXPONENTS ( 1.000000000000000000, 0.0000000000000000000, 0.0000000000000000000, 0.0000000000000000000, 0.0000000000000000000, 0.0000000000000000000, 0.0000000000000000000 ) ;
#3985 = VECTOR ( 'NONE', #6618, 39.37007874015748143 ) ;
#3986 =( NAMED_UNIT ( * ) PLANE_ANGLE_UNIT ( ) SI_UNIT ( $, .RADIAN. ) );
#3987 = ORIENTED_EDGE ( 'NONE', *, *, #7983, .T. ) ;
#3988 = CARTESIAN_POINT ( 'NONE',  ( 0.2018299441358805957, -0.02127569993138964111, -0.04706700642873200974 ) ) ;
#3989 = CARTESIAN_POINT ( 'NONE',  ( 0.2506952668933096762, 0.03516481420455545848, -0.03730122072145040241 ) ) ;
#3990 = STYLED_ITEM ( 'NONE', ( #4494 ), #1548 ) ;
#3991 = EDGE_CURVE ( 'NONE', #6382, #4830, #6530, .T. ) ;
#3992 = CARTESIAN_POINT ( 'NONE',  ( 0.2031529521231693058, -0.008688119764420866240, -0.1878937010368048610 ) ) ;
#3993 = DIRECTION ( 'NONE',  ( -1.644517855226007801E-15, -1.000000000000000000, -2.890435660536363568E-30 ) ) ;
#3994 = CARTESIAN_POINT ( 'NONE',  ( 0.5225010356768845510, -0.01798479209465759024, -0.04773622072114360598 ) ) ;
#3995 = EDGE_LOOP ( 'NONE', ( #3033, #3958, #8025, #731 ) ) ;
#3996 =( CONVERSION_BASED_UNIT ( 'INCH', #7151 ) LENGTH_UNIT ( ) NAMED_UNIT ( #1011 ) );
#3997 = CARTESIAN_POINT ( 'NONE',  ( 0.2412266368237435954, 0.1020939480628625523, -0.4075787404069424746 ) ) ;
#3998 = PRODUCT_DEFINITION_CONTEXT ( 'detailed design', #1198, 'design' ) ;
#3999 = EDGE_CURVE ( 'NONE', #5533, #1457, #5597, .T. ) ;
#4000 = VECTOR ( 'NONE', #1070, 39.37007874015748143 ) ;
#4001 = DIRECTION ( 'NONE',  ( 1.000000000000000000, -1.644517855226007801E-15, 1.748601263784621748E-15 ) ) ;
#4002 = ORIENTED_EDGE ( 'NONE', *, *, #5504, .F. ) ;
#4003 = VECTOR ( 'NONE', #795, 39.37007874015748143 ) ;
#4004 = DIRECTION ( 'NONE',  ( 4.389509589141790047E-12, -1.000000000000000000, -9.023892744152991248E-12 ) ) ;
#4005 = CARTESIAN_POINT ( 'NONE',  ( 0.4696401291287826130, 0.04500733388959445025, -0.1351377955249933038 ) ) ;
#4006 = ORIENTED_EDGE ( 'NONE', *, *, #7924, .F. ) ;
#4007 = VECTOR ( 'NONE', #4337, 39.37007874015748143 ) ;
#4008 = DIRECTION ( 'NONE',  ( -1.000000000000000000, 1.644517855226007801E-15, -8.234490263801784106E-12 ) ) ;
#4009 = DIRECTION ( 'NONE',  ( 0.9578261432953980581, 0.2873483586517651123, 8.673617379884026006E-15 ) ) ;
#4010 =( LENGTH_UNIT ( ) NAMED_UNIT ( * ) SI_UNIT ( $, .METRE. ) );
#4011 = ORIENTED_EDGE ( 'NONE', *, *, #5706, .F. ) ;
#4012 = LINE ( 'NONE', #7208, #3865 ) ;
#4013 = LINE ( 'NONE', #6511, #5898 ) ;
#4014 = CARTESIAN_POINT ( 'NONE',  ( 0.1933643507908065773, -0.007659296307097984528, -0.02726377977696231580 ) ) ;
#4015 = VERTEX_POINT ( 'NONE', #828 ) ;
#4016 = PRESENTATION_LAYER_ASSIGNMENT (  '', '', ( #6141 ) ) ;
#4017 = AXIS2_PLACEMENT_3D ( 'NONE', #7411, #1103, #6174 ) ;
#4018 = FACE_OUTER_BOUND ( 'NONE', #805, .T. ) ;
#4019 = ORIENTED_EDGE ( 'NONE', *, *, #283, .T. ) ;
#4020 = LENGTH_MEASURE_WITH_UNIT ( LENGTH_MEASURE( 0.02539999999999999897 ), #5677 );
#4021 = ORIENTED_EDGE ( 'NONE', *, *, #3840, .T. ) ;
#4022 = CARTESIAN_POINT ( 'NONE',  ( 0.1909719846748593186, -0.02226315452805393072, -0.04757362217023924228 ) ) ;
#4023 = FILL_AREA_STYLE_COLOUR ( '', #4595 ) ;
#4024 = VECTOR ( 'NONE', #7724, 39.37007874015748143 ) ;
#4025 = VECTOR ( 'NONE', #11, 39.37007874015748143 ) ;
#4026 = ADVANCED_FACE ( 'NONE', ( #174 ), #6609, .T. ) ;
#4027 = EDGE_CURVE ( 'NONE', #5510, #1881, #747, .T. ) ;
#4028 = LENGTH_MEASURE_WITH_UNIT ( LENGTH_MEASURE( 0.02539999999999999897 ), #3449 );
#4029 = ORIENTED_EDGE ( 'NONE', *, *, #5605, .T. ) ;
#4030 = EDGE_CURVE ( 'NONE', #1664, #4958, #451, .T. ) ;
#4031 = DIRECTION ( 'NONE',  ( 4.215779961798154935E-13, -6.961681480880728311E-28, 1.000000000000000000 ) ) ;
#4032 = CARTESIAN_POINT ( 'NONE',  ( 0.2031529521231688895, -0.008688119764420850627, -0.08789370103680482771 ) ) ;
#4033 = CARTESIAN_POINT ( 'NONE',  ( 0.2077620812121374894, 0.03516481420455552093, -0.08789370103680482771 ) ) ;
#4034 = LINE ( 'NONE', #7787, #625 ) ;
#4035 = FILL_AREA_STYLE_COLOUR ( '', #6284 ) ;
#4036 = SURFACE_SIDE_STYLE ('',( #7754 ) ) ;
#4037 = EDGE_LOOP ( 'NONE', ( #7506, #2016, #5841, #6967, #7172, #4934, #3140, #4887 ) ) ;
#4038 = PLANE ( 'NONE',  #7227 ) ;
#4039 = FACE_OUTER_BOUND ( 'NONE', #2242, .T. ) ;
#4040 = VECTOR ( 'NONE', #360, 39.37007874015748854 ) ;
#4041 = EDGE_CURVE ( 'NONE', #1442, #6125, #425, .T. ) ;
#4042 = DIMENSIONAL_EXPONENTS ( 1.000000000000000000, 0.0000000000000000000, 0.0000000000000000000, 0.0000000000000000000, 0.0000000000000000000, 0.0000000000000000000, 0.0000000000000000000 ) ;
#4043 = PLANE ( 'NONE',  #4534 ) ;
#4044 = ORIENTED_EDGE ( 'NONE', *, *, #919, .F. ) ;
#4045 = ADVANCED_FACE ( 'NONE', ( #2869 ), #3612, .F. ) ;
#4046 = CARTESIAN_POINT ( 'NONE',  ( 0.4754786166447402262, 0.04500733388959444331, -0.1272637797766489332 ) ) ;
#4047 = LINE ( 'NONE', #2844, #5490 ) ;
#4048 = AXIS2_PLACEMENT_3D ( 'NONE', #4953, #1767, #635 ) ;
#4049 = LINE ( 'NONE', #843, #1101 ) ;
#4050 = LINE ( 'NONE', #6073, #7702 ) ;
#4051 = ORIENTED_EDGE ( 'NONE', *, *, #3386, .F. ) ;
#4052 = COLOUR_RGB ( '',0.7607843137254901578, 0.7607843137254901578, 0.0000000000000000000 ) ;
#4053 = LENGTH_MEASURE_WITH_UNIT ( LENGTH_MEASURE( 0.02539999999999999897 ), #4010 );
#4054 = ORIENTED_EDGE ( 'NONE', *, *, #5407, .T. ) ;
#4055 = DIRECTION ( 'NONE',  ( -1.748601263784622143E-15, 0.0000000000000000000, 1.000000000000000000 ) ) ;
#4056 = CARTESIAN_POINT ( 'NONE',  ( 0.1897048612523385136, -0.02376851717063274000, -0.06742132791485797028 ) ) ;
#4057 = VECTOR ( 'NONE', #3049, 39.37007874015748143 ) ;
#4058 = DIRECTION ( 'NONE',  ( -1.644517855226008195E-15, -1.000000000000000000, -2.890435660536364269E-30 ) ) ;
#4059 = ORIENTED_EDGE ( 'NONE', *, *, #4504, .F. ) ;
#4060 = STYLED_ITEM ( 'NONE', ( #6404 ), #6311 ) ;
#4061 = VERTEX_POINT ( 'NONE', #7870 ) ;
#4062 = ORIENTED_EDGE ( 'NONE', *, *, #1074, .T. ) ;
#4063 = FILL_AREA_STYLE ('',( #7529 ) ) ;
#4064 = CARTESIAN_POINT ( 'NONE',  ( 0.2313841284533489917, 0.03516481421632714627, -0.2197218416809251507 ) ) ;
#4065 = CARTESIAN_POINT ( 'NONE',  ( 0.4615064727374438847, 0.03516481420455509072, -0.1339196358458594749 ) ) ;
#4066 =( GEOMETRIC_REPRESENTATION_CONTEXT ( 3 ) GLOBAL_UNCERTAINTY_ASSIGNED_CONTEXT ( ( #2997 ) ) GLOBAL_UNIT_ASSIGNED_CONTEXT ( ( #1587, #5293, #2848 ) ) REPRESENTATION_CONTEXT ( 'NONE', 'WORKASPACE' ) );
#4067 = UNCERTAINTY_MEASURE_WITH_UNIT (LENGTH_MEASURE( 1.000000000000000082E-05 ), #7799, 'distance_accuracy_value', 'NONE');
#4068 = VECTOR ( 'NONE', #8024, 39.37007874015748143 ) ;
#4069 = MANIFOLD_SOLID_BREP ( 'Combine5', #5147 ) ;
#4070 = ORIENTED_EDGE ( 'NONE', *, *, #1188, .F. ) ;
#4071 = CARTESIAN_POINT ( 'NONE',  ( 0.5037097929783018735, -0.008688119764421345023, -0.08789370103625893105 ) ) ;
#4072 = CARTESIAN_POINT ( 'NONE',  ( 0.2514430687598456782, 0.04500733388959481107, -0.1837617719025922414 ) ) ;
#4073 =( LENGTH_UNIT ( ) NAMED_UNIT ( * ) SI_UNIT ( $, .METRE. ) );
#4074 = CARTESIAN_POINT ( 'NONE',  ( 0.5061831144098573043, -0.02488414520015543724, -0.1477362207212779832 ) ) ;
#4075 = CARTESIAN_POINT ( 'NONE',  ( 0.1921925904901472248, -0.01880785086055355992, -0.1458134337086272880 ) ) ;
#4076 = CARTESIAN_POINT ( 'NONE',  ( 0.3928014512908299394, 0.1198104834959331511, -0.1791535435558992695 ) ) ;
#4077 = VECTOR ( 'NONE', #4802, 39.37007874015748143 ) ;
#4078 = ORIENTED_EDGE ( 'NONE', *, *, #7527, .T. ) ;
#4079 = DIRECTION ( 'NONE',  ( -0.4273849607752874813, 7.028421990500299298E-16, -0.9040697402872777122 ) ) ;
#4080 = DIRECTION ( 'NONE',  ( -1.644517855226008195E-15, -1.000000000000000000, -2.890435660536364269E-30 ) ) ;
#4081 = CARTESIAN_POINT ( 'NONE',  ( 0.2313841284562323242, 0.04500733388959484577, -0.1272637797769622658 ) ) ;
#4082 = STYLED_ITEM ( 'NONE', ( #4868 ), #7573 ) ;
#4083 = LINE ( 'NONE', #800, #5489 ) ;
#4084 = EDGE_CURVE ( 'NONE', #7308, #1626, #8036, .T. ) ;
#4085 = ORIENTED_EDGE ( 'NONE', *, *, #6970, .T. ) ;
#4086 = EDGE_CURVE ( 'NONE', #277, #1766, #3002, .T. ) ;
#4087 = EDGE_CURVE ( 'NONE', #2223, #3730, #1656, .T. ) ;
#4088 = FILL_AREA_STYLE ('',( #4175 ) ) ;
#4089 =( CONVERSION_BASED_UNIT ( 'INCH', #6123 ) LENGTH_UNIT ( ) NAMED_UNIT ( #2291 ) );
#4090 = VECTOR ( 'NONE', #3651, 39.37007874015748143 ) ;
#4091 = CARTESIAN_POINT ( 'NONE',  ( 0.2532616618757511096, 0.04500733388959481107, -0.1781432499591669438 ) ) ;
#4092 = ORIENTED_EDGE ( 'NONE', *, *, #6673, .F. ) ;
#4093 = DIMENSIONAL_EXPONENTS ( 1.000000000000000000, 0.0000000000000000000, 0.0000000000000000000, 0.0000000000000000000, 0.0000000000000000000, 0.0000000000000000000, 0.0000000000000000000 ) ;
#4094 = ADVANCED_FACE ( 'NONE', ( #1276 ), #7471, .T. ) ;
#4095 = CARTESIAN_POINT ( 'NONE',  ( 0.5166199610547635990, -0.02326537358669375499, -0.1477362207211920520 ) ) ;
#4096 = VECTOR ( 'NONE', #1882, 39.37007874015748143 ) ;
#4097 = EDGE_LOOP ( 'NONE', ( #5832, #2816, #6198, #5628 ) ) ;
#4098 = PLANE ( 'NONE',  #7158 ) ;
#4099 = VERTEX_POINT ( 'NONE', #3159 ) ;
#4100 = EDGE_LOOP ( 'NONE', ( #5720, #5099, #2405, #6183 ) ) ;
#4101 = AXIS2_PLACEMENT_3D ( 'NONE', #834, #5907, #5984 ) ;
#4102 = CARTESIAN_POINT ( 'NONE',  ( 0.4561674782056326372, 0.03516481420455511153, -0.07785626009207995135 ) ) ;
#4103 = CARTESIAN_POINT ( 'NONE',  ( 0.5134983943101647519, -0.007659296307098515354, -0.02726377977633583430 ) ) ;
#4104 = DIRECTION ( 'NONE',  ( -3.349940197328361899E-10, 5.509065224505827021E-25, -1.000000000000000000 ) ) ;
#4105 = CIRCLE ( 'NONE', #6757, 0.007874015748031495954 ) ;
#4106 = CARTESIAN_POINT ( 'NONE',  ( 0.5158907604264444391, -0.02226315452805445114, -0.1675838586428816668 ) ) ;
#4107 = ORIENTED_EDGE ( 'NONE', *, *, #5151, .T. ) ;
#4108 = DIRECTION ( 'NONE',  ( -0.9040697403481670058, 1.445602896646373154E-15, -0.4273849606464854012 ) ) ;
#4109 = VERTEX_POINT ( 'NONE', #3821 ) ;
#4110 = SURFACE_STYLE_USAGE ( .BOTH. , #2206 ) ;
#4111 = CARTESIAN_POINT ( 'NONE',  ( 0.4615064727376408382, 0.04500733388959445719, -0.1812378449690091042 ) ) ;
#4112 = PLANE ( 'NONE',  #7608 ) ;
#4113 = CARTESIAN_POINT ( 'NONE',  ( 0.2313841284562625222, 0.04500733388959485964, -0.08789370103625360198 ) ) ;
#4114 = PRESENTATION_LAYER_ASSIGNMENT (  '', '', ( #3329 ) ) ;
#4115 = DIRECTION ( 'NONE',  ( -6.071532165918824830E-14, -0.2873478855663197939, 0.9578262852211589795 ) ) ;
#4116 = SURFACE_STYLE_USAGE ( .BOTH. , #3007 ) ;
#4117 = PRESENTATION_STYLE_ASSIGNMENT (( #4738 ) ) ;
#4118 = CIRCLE ( 'NONE', #1327, 0.005905511811023618496 ) ;
#4119 = ORIENTED_EDGE ( 'NONE', *, *, #8188, .F. ) ;
#4120 = LINE ( 'NONE', #6069, #6424 ) ;
#4121 = CARTESIAN_POINT ( 'NONE',  ( 0.5134983943101647519, -0.007659296307098515354, -0.02726377977633583430 ) ) ;
#4122 = PLANE ( 'NONE',  #1822 ) ;
#4123 = DIRECTION ( 'NONE',  ( 1.644517855226008195E-15, 1.000000000000000000, 2.890435660536364269E-30 ) ) ;
#4124 = EDGE_LOOP ( 'NONE', ( #4070, #2443, #6917, #5951, #2908, #5292, #4261, #5070, #588, #933, #1733, #623, #6304, #4420 ) ) ;
#4125 = AXIS2_PLACEMENT_3D ( 'NONE', #6776, #6070, #8002 ) ;
#4126 = ADVANCED_FACE ( 'NONE', ( #6968 ), #4443, .F. ) ;
#4127 = EDGE_CURVE ( 'NONE', #1169, #5661, #8073, .T. ) ;
#4128 = CYLINDRICAL_SURFACE ( 'NONE', #3008, 0.01771653543307087283 ) ;
#4129 = AXIS2_PLACEMENT_3D ( 'NONE', #2169, #3532, #5439 ) ;
#4130 = DIRECTION ( 'NONE',  ( -0.9945218953682686269, 0.1045284632676983516, -1.739022243102431967E-15 ) ) ;
#4131 = ORIENTED_EDGE ( 'NONE', *, *, #7641, .F. ) ;
#4132 = EDGE_CURVE ( 'NONE', #4061, #6644, #3199, .T. ) ;
#4133 = CARTESIAN_POINT ( 'NONE',  ( 0.2532616618757511096, 0.04500733388959481107, -0.1781432499591669438 ) ) ;
#4134 = ORIENTED_EDGE ( 'NONE', *, *, #7219, .T. ) ;
#4135 = DIRECTION ( 'NONE',  ( -0.6691306063588805531, -0.7431448254773741491, -5.510156374387435141E-12 ) ) ;
#4136 = AXIS2_PLACEMENT_3D ( 'NONE', #7027, #3261, #5783 ) ;
#4137 =( GEOMETRIC_REPRESENTATION_CONTEXT ( 3 ) GLOBAL_UNCERTAINTY_ASSIGNED_CONTEXT ( ( #3906 ) ) GLOBAL_UNIT_ASSIGNED_CONTEXT ( ( #1848, #3760, #1343 ) ) REPRESENTATION_CONTEXT ( 'NONE', 'WORKASPACE' ) );
#4138 = EDGE_CURVE ( 'NONE', #4353, #3125, #4799, .T. ) ;
#4139 = ORIENTED_EDGE ( 'NONE', *, *, #4086, .F. ) ;
#4140 = LENGTH_MEASURE_WITH_UNIT ( LENGTH_MEASURE( 0.02539999999999999897 ), #8062 );
#4141 = EDGE_LOOP ( 'NONE', ( #3877, #355, #4579, #3758 ) ) ;
#4142 = EDGE_CURVE ( 'NONE', #7813, #1682, #4924, .T. ) ;
#4143 = CARTESIAN_POINT ( 'NONE',  ( 0.5225010356778660991, -0.01798479209465759024, -0.1669308663904348899 ) ) ;
#4144 = VECTOR ( 'NONE', #46, 39.37007874015748854 ) ;
#4145 = ORIENTED_EDGE ( 'NONE', *, *, #2630, .T. ) ;
#4146 = VECTOR ( 'NONE', #2378, 39.37007874015748143 ) ;
#4147 =( NAMED_UNIT ( * ) SI_UNIT ( $, .STERADIAN. ) SOLID_ANGLE_UNIT ( ) );
#4148 = CARTESIAN_POINT ( 'NONE',  ( 0.3140612938105268315, 0.1060309559368545484, -0.1823818900125920572 ) ) ;
#4149 = CARTESIAN_POINT ( 'NONE',  ( 0.2313841284562323797, 0.03516481420455547235, -0.1878937010368047777 ) ) ;
#4150 = UNCERTAINTY_MEASURE_WITH_UNIT (LENGTH_MEASURE( 1.000000000000000082E-05 ), #3978, 'distance_accuracy_value', 'NONE');
#4151 = DIMENSIONAL_EXPONENTS ( 1.000000000000000000, 0.0000000000000000000, 0.0000000000000000000, 0.0000000000000000000, 0.0000000000000000000, 0.0000000000000000000, 0.0000000000000000000 ) ;
#4152 = AXIS2_PLACEMENT_3D ( 'NONE', #3023, #5545, #430 ) ;
#4153 = VECTOR ( 'NONE', #1061, 39.37007874015748143 ) ;
#4154 = ADVANCED_FACE ( 'NONE', ( #6305 ), #8114, .F. ) ;
#4155 = VERTEX_POINT ( 'NONE', #5843 ) ;
#4156 = PLANE ( 'NONE',  #2344 ) ;
#4157 = ORIENTED_EDGE ( 'NONE', *, *, #1744, .T. ) ;
#4158 = DIRECTION ( 'NONE',  ( -0.4273849608040032333, 7.028421990972483826E-16, 0.9040697402737026822 ) ) ;
#4159 = CARTESIAN_POINT ( 'NONE',  ( 0.3928014512908295508, 0.1060309559368544235, -0.03277559079979661116 ) ) ;
#4160 = CARTESIAN_POINT ( 'NONE',  ( 0.2021550464030783256, -0.01818255847634996092, -0.04379921284782839486 ) ) ;
#4161 = DIRECTION ( 'NONE',  ( 1.000000000000000000, -1.734723475977064460E-15, 0.0000000000000000000 ) ) ;
#4162 = VECTOR ( 'NONE', #4456, 39.37007874015748143 ) ;
#4163 = DIRECTION ( 'NONE',  ( 1.927470528863118556E-15, 1.000000000000000000, 0.0000000000000000000 ) ) ;
#4164 =( GEOMETRIC_REPRESENTATION_CONTEXT ( 3 ) GLOBAL_UNCERTAINTY_ASSIGNED_CONTEXT ( ( #1647 ) ) GLOBAL_UNIT_ASSIGNED_CONTEXT ( ( #1724, #6083, #6250 ) ) REPRESENTATION_CONTEXT ( 'NONE', 'WORKASPACE' ) );
#4165 = CIRCLE ( 'NONE', #4818, 0.007874015748031489015 ) ;
#4166 = CARTESIAN_POINT ( 'NONE',  ( 0.2313841284562201672, 0.04240669873959744540, 0.01210629896319397221 ) ) ;
#4167 = ORIENTED_EDGE ( 'NONE', *, *, #4132, .F. ) ;
#4168 = DIRECTION ( 'NONE',  ( 1.644517855226007801E-15, 1.000000000000000000, 0.0000000000000000000 ) ) ;
#4169 = DIRECTION ( 'NONE',  ( -0.05226423163383198817, -0.4972609476841254317, -0.8660254037844445918 ) ) ;
#4170 = CARTESIAN_POINT ( 'NONE',  ( 0.3928014512908295508, 0.1198104834959331788, -0.07915354355589927782 ) ) ;
#4171 = LINE ( 'NONE', #2181, #2623 ) ;
#4172 = CARTESIAN_POINT ( 'NONE',  ( 0.3140612938105262764, 0.1020939480628624274, -0.08218503961889105092 ) ) ;
#4173 = VERTEX_POINT ( 'NONE', #2741 ) ;
#4174 = MECHANICAL_DESIGN_GEOMETRIC_PRESENTATION_REPRESENTATION (  '', ( #5629 ), #4688 ) ;
#4175 = FILL_AREA_STYLE_COLOUR ( '', #3538 ) ;
#4176 = DIRECTION ( 'NONE',  ( -1.644517855226007801E-15, -1.000000000000000000, 6.888556729901404633E-28 ) ) ;
#4177 = CIRCLE ( 'NONE', #321, 0.007874015748031495954 ) ;
#4178 = CARTESIAN_POINT ( 'NONE',  ( 0.2453562723638216259, 0.04500733388959483189, -0.08123784496798586163 ) ) ;
#4179 = VERTEX_POINT ( 'NONE', #7048 ) ;
#4180 = DIRECTION ( 'NONE',  ( 1.644517855226008195E-15, 1.000000000000000000, 2.890435660536364269E-30 ) ) ;
#4181 = VERTEX_POINT ( 'NONE', #3288 ) ;
#4182 = PLANE ( 'NONE',  #8137 ) ;
#4183 = AXIS2_PLACEMENT_3D ( 'NONE', #599, #6172, #4427 ) ;
#4184 = ORIENTED_EDGE ( 'NONE', *, *, #4444, .T. ) ;
#4185 = LENGTH_MEASURE_WITH_UNIT ( LENGTH_MEASURE( 0.02539999999999999897 ), #2945 );
#4186 = ORIENTED_EDGE ( 'NONE', *, *, #2253, .F. ) ;
#4187 = DIRECTION ( 'NONE',  ( -1.000000000000000000, 1.644517855226007801E-15, -8.234490263801784106E-12 ) ) ;
#4188 =( GEOMETRIC_REPRESENTATION_CONTEXT ( 3 ) GLOBAL_UNCERTAINTY_ASSIGNED_CONTEXT ( ( #641 ) ) GLOBAL_UNIT_ASSIGNED_CONTEXT ( ( #362, #8146, #1853 ) ) REPRESENTATION_CONTEXT ( 'NONE', 'WORKASPACE' ) );
#4189 = FILL_AREA_STYLE_COLOUR ( '', #3175 ) ;
#4190 = PLANE ( 'NONE',  #6592 ) ;
#4191 = DIRECTION ( 'NONE',  ( 0.05226423164096315188, -0.4972609476841257092, -0.8660254037840142693 ) ) ;
#4192 = DIRECTION ( 'NONE',  ( 1.748601263784622143E-15, 0.0000000000000000000, -1.000000000000000000 ) ) ;
#4193 = ADVANCED_FACE ( 'NONE', ( #5273 ), #6439, .T. ) ;
#4194 = EDGE_CURVE ( 'NONE', #1626, #2947, #4552, .T. ) ;
#4195 = VECTOR ( 'NONE', #5325, 39.37007874015748143 ) ;
#4196 = FILL_AREA_STYLE ('',( #6053 ) ) ;
#4197 = VERTEX_POINT ( 'NONE', #6393 ) ;
#4198 = LINE ( 'NONE', #1028, #4855 ) ;
#4199 = ORIENTED_EDGE ( 'NONE', *, *, #7766, .F. ) ;
#4200 = SURFACE_STYLE_USAGE ( .BOTH. , #4810 ) ;
#4201 = CARTESIAN_POINT ( 'NONE',  ( 0.4920108682644405151, 0.03516481420455506990, -0.02726377977651272058 ) ) ;
#4202 = VECTOR ( 'NONE', #4278, 39.37007874015748143 ) ;
#4203 = CARTESIAN_POINT ( 'NONE',  ( 0.4578091021341366695, -0.004205264535248013670, -0.2095941658644421557 ) ) ;
#4204 = CARTESIAN_POINT ( 'NONE',  ( 0.4920108682644405151, 0.04500733388959443637, -0.02726377977651272058 ) ) ;
#4205 = EDGE_CURVE ( 'NONE', #6622, #6752, #3244, .T. ) ;
#4206 = CYLINDRICAL_SURFACE ( 'NONE', #519, 0.007874015748031504627 ) ;
#4207 = DIMENSIONAL_EXPONENTS ( 1.000000000000000000, 0.0000000000000000000, 0.0000000000000000000, 0.0000000000000000000, 0.0000000000000000000, 0.0000000000000000000, 0.0000000000000000000 ) ;
#4208 = PLANE ( 'NONE',  #3346 ) ;
#4209 = ORIENTED_EDGE ( 'NONE', *, *, #2770, .T. ) ;
#4210 = CARTESIAN_POINT ( 'NONE',  ( 0.2014422566030113215, -0.02496430041343658535, -0.03986220497381267464 ) ) ;
#4211 = LINE ( 'NONE', #6029, #7833 ) ;
#4212 = CARTESIAN_POINT ( 'NONE',  ( 0.4144549945979160710, 0.1060309559368543958, -0.03277559079979654871 ) ) ;
#4213 = SURFACE_STYLE_USAGE ( .BOTH. , #6113 ) ;
#4214 = CARTESIAN_POINT ( 'NONE',  ( 0.2019811918225129788, -0.01983667431789037233, -0.06934404710515400250 ) ) ;
#4215 = VERTEX_POINT ( 'NONE', #7814 ) ;
#4216 = FACE_OUTER_BOUND ( 'NONE', #5578, .T. ) ;
#4217 = PLANE ( 'NONE',  #6632 ) ;
#4218 = ORIENTED_EDGE ( 'NONE', *, *, #1901, .T. ) ;
#4219 = CARTESIAN_POINT ( 'NONE',  ( 0.5037097929783018735, -0.008688119764421345023, -0.08789370103625893105 ) ) ;
#4220 = CARTESIAN_POINT ( 'NONE',  ( 0.3496518449916168891, 0.1198104834959332482, -0.07915354355589923618 ) ) ;
#4221 = B_SPLINE_CURVE_WITH_KNOTS ( 'NONE', 3,
 ( #2511, #5537, #1710, #3666 ),
 .UNSPECIFIED., .F., .F.,
 ( 4, 4 ),
 ( 0.0000000000000000000, 0.0001438460554597928908 ),
 .UNSPECIFIED. ) ;
#4222 = CARTESIAN_POINT ( 'NONE',  ( 0.4615064727372467090, 0.04500733388959447800, -0.03391963584625313360 ) ) ;
#4223 = ORIENTED_EDGE ( 'NONE', *, *, #578, .T. ) ;
#4224 = DIRECTION ( 'NONE',  ( 0.9945218953682690710, 0.1045284632676950765, 8.189380864547705479E-12 ) ) ;
#4225 = DIRECTION ( 'NONE',  ( -1.000000000000000000, 1.644517855226007801E-15, -8.234490263801784106E-12 ) ) ;
#4226 = ORIENTED_EDGE ( 'NONE', *, *, #5659, .F. ) ;
#4227 = FILL_AREA_STYLE_COLOUR ( '', #5127 ) ;
#4228 = DIRECTION ( 'NONE',  ( 1.927470528863118556E-15, 1.000000000000000000, 0.0000000000000000000 ) ) ;
#4229 = DIRECTION ( 'NONE',  ( 0.9945218953682686269, -0.1045284632676983794, 1.739022243102431967E-15 ) ) ;
#4230 = DIRECTION ( 'NONE',  ( 1.000000000000000000, -1.644517855226007801E-15, 1.748601263784622143E-15 ) ) ;
#4231 = SURFACE_SIDE_STYLE ('',( #7941 ) ) ;
#4232 =( GEOMETRIC_REPRESENTATION_CONTEXT ( 3 ) GLOBAL_UNCERTAINTY_ASSIGNED_CONTEXT ( ( #7143 ) ) GLOBAL_UNIT_ASSIGNED_CONTEXT ( ( #7464, #524, #6256 ) ) REPRESENTATION_CONTEXT ( 'NONE', 'WORKASPACE' ) );
#4233 = UNCERTAINTY_MEASURE_WITH_UNIT (LENGTH_MEASURE( 1.000000000000000082E-05 ), #5517, 'distance_accuracy_value', 'NONE');
#4234 = EDGE_CURVE ( 'NONE', #6995, #5119, #468, .T. ) ;
#4235 = AXIS2_PLACEMENT_3D ( 'NONE', #1248, #60, #4370 ) ;
#4236 = ORIENTED_EDGE ( 'NONE', *, *, #6625, .T. ) ;
#4237 = DIRECTION ( 'NONE',  ( 1.000000000000000000, -1.243065535181522807E-11, -2.549634902058215512E-12 ) ) ;
#4238 = ORIENTED_EDGE ( 'NONE', *, *, #7765, .T. ) ;
#4239 = LENGTH_MEASURE_WITH_UNIT ( LENGTH_MEASURE( 0.02539999999999999897 ), #3530 );
#4240 = B_SPLINE_CURVE_WITH_KNOTS ( 'NONE', 3,
 ( #114, #8074, #7040, #4925 ),
 .UNSPECIFIED., .F., .F.,
 ( 4, 4 ),
 ( 8.528006513241782468E-17, 0.0001438393068347760010 ),
 .UNSPECIFIED. ) ;
#4241 = CARTESIAN_POINT ( 'NONE',  ( 0.5047076986980296720, -0.01818255847635047093, -0.1437992128472743436 ) ) ;
#4242 = ADVANCED_FACE ( 'NONE', ( #7098 ), #5180, .F. ) ;
#4243 = LINE ( 'NONE', #1698, #314 ) ;
#4244 = DIRECTION ( 'NONE',  ( -1.000000000000000000, 1.644517855226007801E-15, -8.234490263801784106E-12 ) ) ;
#4245 = VECTOR ( 'NONE', #7067, 39.37007874015748143 ) ;
#4246 =( NAMED_UNIT ( * ) PLANE_ANGLE_UNIT ( ) SI_UNIT ( $, .RADIAN. ) );
#4247 = EDGE_CURVE ( 'NONE', #1727, #815, #5480, .T. ) ;
#4248 = VERTEX_POINT ( 'NONE', #5584 ) ;
#4249 = FILL_AREA_STYLE ('',( #4363 ) ) ;
#4250 = PLANE ( 'NONE',  #6149 ) ;
#4251 = MECHANICAL_DESIGN_GEOMETRIC_PRESENTATION_REPRESENTATION (  '', ( #1049 ), #2133 ) ;
#4252 = CARTESIAN_POINT ( 'NONE',  ( 0.3928014512908299949, 0.1021333181416024388, -0.1329724411934976036 ) ) ;
#4253 = EDGE_CURVE ( 'NONE', #699, #4248, #6413, .T. ) ;
#4254 = PLANE ( 'NONE',  #5084 ) ;
#4255 = CARTESIAN_POINT ( 'NONE',  ( 0.2148518768365310916, 0.03516481420455551399, -0.02726377977696224642 ) ) ;
#4256 = ORIENTED_EDGE ( 'NONE', *, *, #2321, .F. ) ;
#4257 = LINE ( 'NONE', #423, #2907 ) ;
#4258 = MECHANICAL_DESIGN_GEOMETRIC_PRESENTATION_REPRESENTATION (  '', ( #1998 ), #2258 ) ;
#4259 = LENGTH_MEASURE_WITH_UNIT ( LENGTH_MEASURE( 0.02539999999999999897 ), #2395 );
#4260 = LINE ( 'NONE', #4788, #3721 ) ;
#4261 = ORIENTED_EDGE ( 'NONE', *, *, #5811, .F. ) ;
#4262 = LENGTH_MEASURE_WITH_UNIT ( LENGTH_MEASURE( 0.02539999999999999897 ), #8013 );
#4263 = VECTOR ( 'NONE', #6406, 39.37007874015748143 ) ;
#4264 = DIRECTION ( 'NONE',  ( -1.000000000000000000, -3.418540703040399067E-14, -1.748601263784622143E-15 ) ) ;
#4265 = VECTOR ( 'NONE', #2023, 39.37007874015748143 ) ;
#4266 = CARTESIAN_POINT ( 'NONE',  ( 0.1605216694007098877, -0.06121462703867275312, -0.1398622049760928077 ) ) ;
#4267 = CARTESIAN_POINT ( 'NONE',  ( 0.4561674782086251878, 0.03516481420455509765, -0.1837617719031823249 ) ) ;
#4268 = ORIENTED_EDGE ( 'NONE', *, *, #5256, .T. ) ;
#4269 = AXIS2_PLACEMENT_3D ( 'NONE', #6326, #3957, #628 ) ;
#4270 = LINE ( 'NONE', #4800, #2383 ) ;
#4271 = CARTESIAN_POINT ( 'NONE',  ( 0.5147244003127859902, -0.01932396423582114983, -0.06889444729080938801 ) ) ;
#4272 =( LENGTH_UNIT ( ) NAMED_UNIT ( * ) SI_UNIT ( $, .METRE. ) );
#4273 = CARTESIAN_POINT ( 'NONE',  ( 0.2532616618757506100, 0.03516481420455545848, -0.03701423085373388433 ) ) ;
#4274 = VECTOR ( 'NONE', #146, 39.37007874015748143 ) ;
#4275 = PRESENTATION_LAYER_ASSIGNMENT (  '', '', ( #951 ) ) ;
#4276 = VECTOR ( 'NONE', #1072, 39.37007874015748143 ) ;
#4277 = ORIENTED_EDGE ( 'NONE', *, *, #6472, .T. ) ;
#4278 = DIRECTION ( 'NONE',  ( -1.748601263784622143E-15, 0.0000000000000000000, 1.000000000000000000 ) ) ;
#4279 = VERTEX_POINT ( 'NONE', #1804 ) ;
#4280 = FILL_AREA_STYLE_COLOUR ( '', #298 ) ;
#4281 = CARTESIAN_POINT ( 'NONE',  ( 0.5037097929783018735, -0.008688119764421345023, -0.08789370103625893105 ) ) ;
#4282 = DIRECTION ( 'NONE',  ( -1.748601263784621748E-15, -1.482966057179117483E-32, 1.000000000000000000 ) ) ;
#4283 = DIRECTION ( 'NONE',  ( 0.6691306063588791098, 0.7431448254773753703, 5.509915440571338380E-12 ) ) ;
#4284 = CARTESIAN_POINT ( 'NONE',  ( 0.1933643507908069936, -0.007659296307098001876, -0.1272637797769623214 ) ) ;
#4285 = CARTESIAN_POINT ( 'NONE',  ( 0.3496518449916173887, 0.1198104834959332482, -0.1791535435558992695 ) ) ;
#4286 = MECHANICAL_DESIGN_GEOMETRIC_PRESENTATION_REPRESENTATION (  '', ( #7316 ), #3223 ) ;
#4287 = ORIENTED_EDGE ( 'NONE', *, *, #474, .F. ) ;
#4288 = VECTOR ( 'NONE', #3883, 39.37007874015748143 ) ;
#4289 = VECTOR ( 'NONE', #7576, 39.37007874015748143 ) ;
#4290 = CARTESIAN_POINT ( 'NONE',  ( -0.1216505027520430049, 0.04500733388959544945, -0.8878914526895611559 ) ) ;
#4291 = SURFACE_STYLE_FILL_AREA ( #1162 ) ;
#4292 = CARTESIAN_POINT ( 'NONE',  ( 0.4625214697563412303, 0.04500733388959447800, -0.08338492120054455392 ) ) ;
#4293 = VERTEX_POINT ( 'NONE', #5973 ) ;
#4294 = FILL_AREA_STYLE ('',( #8051 ) ) ;
#4295 = EDGE_CURVE ( 'NONE', #2453, #287, #2833, .T. ) ;
#4296 = EDGE_CURVE ( 'NONE', #4015, #4508, #4950, .T. ) ;
#4297 = VECTOR ( 'NONE', #6456, 39.37007874015748854 ) ;
#4298 = EDGE_CURVE ( 'NONE', #5176, #2301, #7860, .T. ) ;
#4299 = CARTESIAN_POINT ( 'NONE',  ( 0.2412266368237439562, 0.1020939480628625384, -0.5075787404069425079 ) ) ;
#4300 = LINE ( 'NONE', #5461, #3056 ) ;
#4301 = ORIENTED_EDGE ( 'NONE', *, *, #2428, .F. ) ;
#4302 = MECHANICAL_DESIGN_GEOMETRIC_PRESENTATION_REPRESENTATION (  '', ( #1911 ), #7854 ) ;
#4303 = DIRECTION ( 'NONE',  ( 1.000000000000000000, -1.626303258728252509E-15, 8.235599702199870678E-12 ) ) ;
#4304 = CYLINDRICAL_SURFACE ( 'NONE', #2269, 0.007874015748031499423 ) ;
#4305 = ORIENTED_EDGE ( 'NONE', *, *, #3432, .F. ) ;
#4306 = EDGE_CURVE ( 'NONE', #1591, #3125, #2399, .T. ) ;
#4307 = VECTOR ( 'NONE', #4230, 39.37007874015748143 ) ;
#4308 = ORIENTED_EDGE ( 'NONE', *, *, #2930, .F. ) ;
#4309 =( NAMED_UNIT ( * ) PLANE_ANGLE_UNIT ( ) SI_UNIT ( $, .RADIAN. ) );
#4310 = ORIENTED_EDGE ( 'NONE', *, *, #433, .F. ) ;
#4311 =( NAMED_UNIT ( * ) PLANE_ANGLE_UNIT ( ) SI_UNIT ( $, .RADIAN. ) );
#4312 = VECTOR ( 'NONE', #3599, 39.37007874015748143 ) ;
#4313 = DIRECTION ( 'NONE',  ( 1.000000000000000000, 2.710505431213753985E-15, 8.234515500027385174E-12 ) ) ;
#4314 = UNCERTAINTY_MEASURE_WITH_UNIT (LENGTH_MEASURE( 1.000000000000000082E-05 ), #3945, 'distance_accuracy_value', 'NONE');
#4315 = STYLED_ITEM ( 'NONE', ( #7350 ), #5668 ) ;
#4316 = ORIENTED_EDGE ( 'NONE', *, *, #3645, .F. ) ;
#4317 = CARTESIAN_POINT ( 'NONE',  ( 0.2313841284562629386, 0.04500733388959484577, -0.1878937010362536630 ) ) ;
#4318 = ORIENTED_EDGE ( 'NONE', *, *, #3979, .T. ) ;
#4319 = DIRECTION ( 'NONE',  ( 1.748601263784621946E-15, -2.465190328815662439E-32, -1.000000000000000000 ) ) ;
#4320 = CARTESIAN_POINT ( 'NONE',  ( 1.615919420253699533E-16, 0.1020939480628629131, 2.557639921168761610E-31 ) ) ;
#4321 = DIRECTION ( 'NONE',  ( -1.000000000000000000, 1.644517855226007801E-15, -8.234490263801784106E-12 ) ) ;
#4322 = CARTESIAN_POINT ( 'NONE',  ( 0.2506952668928372763, 0.03516481420455545848, -0.03139570891042674922 ) ) ;
#4323 =( NAMED_UNIT ( * ) SI_UNIT ( $, .STERADIAN. ) SOLID_ANGLE_UNIT ( ) );
#4324 = VECTOR ( 'NONE', #1706, 39.37007874015748143 ) ;
#4325 = CARTESIAN_POINT ( 'NONE',  ( 0.2006796306912831396, -0.02488414520015490641, -0.06742126009192291047 ) ) ;
#4326 = VERTEX_POINT ( 'NONE', #893 ) ;
#4327 = PRESENTATION_LAYER_ASSIGNMENT (  '', '', ( #4592 ) ) ;
#4328 = DIRECTION ( 'NONE',  ( 7.913884470697100119E-16, -6.123233995736895458E-17, 1.000000000000000000 ) ) ;
#4329 = ORIENTED_EDGE ( 'NONE', *, *, #7429, .T. ) ;
#4330 = LINE ( 'NONE', #5621, #6081 ) ;
#4331 =( GEOMETRIC_REPRESENTATION_CONTEXT ( 3 ) GLOBAL_UNCERTAINTY_ASSIGNED_CONTEXT ( ( #5049 ) ) GLOBAL_UNIT_ASSIGNED_CONTEXT ( ( #6872, #4311, #1145 ) ) REPRESENTATION_CONTEXT ( 'NONE', 'WORKASPACE' ) );
#4332 = EDGE_CURVE ( 'NONE', #1931, #492, #6827, .T. ) ;
#4333 =( NAMED_UNIT ( * ) PLANE_ANGLE_UNIT ( ) SI_UNIT ( $, .RADIAN. ) );
#4334 = ORIENTED_EDGE ( 'NONE', *, *, #568, .F. ) ;
#4335 = VECTOR ( 'NONE', #787, 39.37007874015748143 ) ;
#4336 = DIRECTION ( 'NONE',  ( 1.000000000000000000, -1.644517855226007801E-15, 1.748601263784622143E-15 ) ) ;
#4337 = DIRECTION ( 'NONE',  ( 0.05226423162670060241, -0.4972609476841257092, 0.8660254037848750253 ) ) ;
#4338 = ORIENTED_EDGE ( 'NONE', *, *, #4889, .F. ) ;
#4339 = EDGE_CURVE ( 'NONE', #3469, #6920, #3444, .T. ) ;
#4340 = CARTESIAN_POINT ( 'NONE',  ( 0.2313841284562319633, 0.03516481420455548623, -0.08789370103680475832 ) ) ;
#4341 = AXIS2_PLACEMENT_3D ( 'NONE', #1829, #5487, #1697 ) ;
#4342 = SURFACE_SIDE_STYLE ('',( #5703 ) ) ;
#4343 = LENGTH_MEASURE_WITH_UNIT ( LENGTH_MEASURE( 0.02539999999999999897 ), #7982 );
#4344 = EDGE_CURVE ( 'NONE', #1664, #2059, #1678, .T. ) ;
#4345 = FILL_AREA_STYLE ('',( #7500 ) ) ;
#4346 = EDGE_LOOP ( 'NONE', ( #6514, #5643, #2712, #3490 ) ) ;
#4347 =( NAMED_UNIT ( * ) SI_UNIT ( $, .STERADIAN. ) SOLID_ANGLE_UNIT ( ) );
#4348 = ORIENTED_EDGE ( 'NONE', *, *, #7194, .F. ) ;
#4349 = CARTESIAN_POINT ( 'NONE',  ( 0.5152344748436951116, -0.02108063623287806734, -0.06791895764953569115 ) ) ;
#4350 = EDGE_CURVE ( 'NONE', #1824, #4279, #7366, .T. ) ;
#4351 =( NAMED_UNIT ( * ) SI_UNIT ( $, .STERADIAN. ) SOLID_ANGLE_UNIT ( ) );
#4352 = SURFACE_SIDE_STYLE ('',( #3813 ) ) ;
#4353 = VERTEX_POINT ( 'NONE', #1134 ) ;
#4354 = VERTEX_POINT ( 'NONE', #6168 ) ;
#4355 = CARTESIAN_POINT ( 'NONE',  ( 0.2313841284563806500, 0.03516481420463422880, -0.08789370103625360198 ) ) ;
#4356 = VERTEX_POINT ( 'NONE', #8056 ) ;
#4357 =( NAMED_UNIT ( * ) SI_UNIT ( $, .STERADIAN. ) SOLID_ANGLE_UNIT ( ) );
#4358 = FACE_OUTER_BOUND ( 'NONE', #3025, .T. ) ;
#4359 = DIRECTION ( 'NONE',  ( -1.644517855226008195E-15, -1.000000000000000000, -2.890435660536364269E-30 ) ) ;
#4360 = MECHANICAL_DESIGN_GEOMETRIC_PRESENTATION_REPRESENTATION (  '', ( #5424 ), #900 ) ;
#4361 = CARTESIAN_POINT ( 'NONE',  ( 0.1585494827869409484, -0.02585880784268851026, -0.1477362207218442802 ) ) ;
#4362 = ORIENTED_EDGE ( 'NONE', *, *, #1747, .T. ) ;
#4363 = FILL_AREA_STYLE_COLOUR ( '', #1001 ) ;
#4364 = FILL_AREA_STYLE ('',( #4979 ) ) ;
#4365 = PLANE ( 'NONE',  #1064 ) ;
#4366 = CARTESIAN_POINT ( 'NONE',  ( 0.2506952668926404892, 0.03516481420455545848, -0.08376177190259220806 ) ) ;
#4367 = FILL_AREA_STYLE ('',( #14 ) ) ;
#4368 = EDGE_LOOP ( 'NONE', ( #2608, #1324, #3021, #2944 ) ) ;
#4369 = AXIS2_PLACEMENT_3D ( 'NONE', #202, #7251, #5269 ) ;
#4370 = DIRECTION ( 'NONE',  ( 0.0000000000000000000, 0.0000000000000000000, 1.000000000000000000 ) ) ;
#4371 = FACE_OUTER_BOUND ( 'NONE', #1284, .T. ) ;
#4372 = ORIENTED_EDGE ( 'NONE', *, *, #3739, .T. ) ;
#4373 = FACE_OUTER_BOUND ( 'NONE', #5493, .T. ) ;
#4374 = VERTEX_POINT ( 'NONE', #8094 ) ;
#4375 = LINE ( 'NONE', #6948, #7068 ) ;
#4376 = DIRECTION ( 'NONE',  ( -1.000000000000000000, 1.644517855226007801E-15, -8.234490263801784106E-12 ) ) ;
#4377 = VERTEX_POINT ( 'NONE', #1764 ) ;
#4378 = CARTESIAN_POINT ( 'NONE',  ( 0.2031529521231687785, -0.008688119764420850627, -0.02726377977696231580 ) ) ;
#4379 = COLOUR_RGB ( '',0.2509803921568627416, 0.2509803921568627416, 0.2509803921568627416 ) ;
#4380 = EDGE_CURVE ( 'NONE', #3481, #4479, #50, .T. ) ;
#4381 = ADVANCED_FACE ( 'NONE', ( #2485 ), #1172, .F. ) ;
#4382 = EDGE_CURVE ( 'NONE', #3363, #7521, #5630, .T. ) ;
#4383 = CIRCLE ( 'NONE', #4911, 0.007874015748031501158 ) ;
#4384 = DIRECTION ( 'NONE',  ( 1.000000000000000000, -1.734723475977064460E-15, -1.734723475977064460E-15 ) ) ;
#4385 = ORIENTED_EDGE ( 'NONE', *, *, #5302, .F. ) ;
#4386 = DIRECTION ( 'NONE',  ( -0.9945218953682690710, -0.1045284632676948544, -8.187894806610516561E-12 ) ) ;
#4387 = FILL_AREA_STYLE ('',( #1310 ) ) ;
#4388 = LINE ( 'NONE', #3112, #5012 ) ;
#4389 = UNCERTAINTY_MEASURE_WITH_UNIT (LENGTH_MEASURE( 1.000000000000000082E-05 ), #2548, 'distance_accuracy_value', 'NONE');
#4390 = ADVANCED_FACE ( 'NONE', ( #6747 ), #4994, .T. ) ;
#4391 = VECTOR ( 'NONE', #5509, 39.37007874015748143 ) ;
#4392 = EDGE_CURVE ( 'NONE', #720, #2853, #1217, .T. ) ;
#4393 = EDGE_CURVE ( 'NONE', #3439, #5389, #5210, .T. ) ;
#4394 = ORIENTED_EDGE ( 'NONE', *, *, #1489, .T. ) ;
#4395 = CIRCLE ( 'NONE', #2552, 0.005905511811027564992 ) ;
#4396 = VERTEX_POINT ( 'NONE', #6372 ) ;
#4397 = DIRECTION ( 'NONE',  ( -0.2761719287273032286, -0.9205747435843071313, 0.2761724230580027695 ) ) ;
#4398 = ORIENTED_EDGE ( 'NONE', *, *, #6671, .T. ) ;
#4399 = DIRECTION ( 'NONE',  ( 1.644517855226008195E-15, 1.000000000000000000, 2.890435660536364269E-30 ) ) ;
#4400 = STYLED_ITEM ( 'NONE', ( #5991 ), #2256 ) ;
#4401 = DIRECTION ( 'NONE',  ( -0.6691306063588781106, 0.7431448254773763695, 0.0000000000000000000 ) ) ;
#4402 = CARTESIAN_POINT ( 'NONE',  ( 0.1933643507908070769, -0.007659296307098001876, -0.1878937010368048610 ) ) ;
#4403 = AXIS2_PLACEMENT_3D ( 'NONE', #3407, #5942, #941 ) ;
#4404 = EDGE_CURVE ( 'NONE', #1727, #7992, #671, .T. ) ;
#4405 = VECTOR ( 'NONE', #6730, 39.37007874015748143 ) ;
#4406 = DIRECTION ( 'NONE',  ( 0.9945218953682690710, 0.1045284632676950765, 8.189380864547705479E-12 ) ) ;
#4407 = VERTEX_POINT ( 'NONE', #5787 ) ;
#4408 = SURFACE_STYLE_FILL_AREA ( #4249 ) ;
#4409 = LINE ( 'NONE', #1876, #4025 ) ;
#4410 = PLANE ( 'NONE',  #2143 ) ;
#4411 = LINE ( 'NONE', #1925, #2303 ) ;
#4412 = AXIS2_PLACEMENT_3D ( 'NONE', #7672, #7223, #7827 ) ;
#4413 = SURFACE_STYLE_FILL_AREA ( #5619 ) ;
#4414 = ORIENTED_EDGE ( 'NONE', *, *, #1957, .F. ) ;
#4415 = VECTOR ( 'NONE', #6682, 39.37007874015748143 ) ;
#4416 = CARTESIAN_POINT ( 'NONE',  ( 0.4615064727372470421, 0.04500733388959445719, -0.1339196358462531600 ) ) ;
#4417 = CIRCLE ( 'NONE', #696, 0.005905511811023620231 ) ;
#4418 = DIRECTION ( 'NONE',  ( 1.748601263784621748E-15, 0.0000000000000000000, -1.000000000000000000 ) ) ;
#4419 = AXIS2_PLACEMENT_3D ( 'NONE', #307, #6663, #6508 ) ;
#4420 = ORIENTED_EDGE ( 'NONE', *, *, #3182, .T. ) ;
#4421 = DIRECTION ( 'NONE',  ( 1.000000000000000000, -1.644517855226007801E-15, 1.748601263784622143E-15 ) ) ;
#4422 = SURFACE_STYLE_FILL_AREA ( #1802 ) ;
#4423 = ORIENTED_EDGE ( 'NONE', *, *, #873, .F. ) ;
#4424 = DIRECTION ( 'NONE',  ( 0.9947848906855175644, -0.1019952021607034437, 1.739482117046542862E-15 ) ) ;
#4425 = LINE ( 'NONE', #5698, #4274 ) ;
#4426 = ORIENTED_EDGE ( 'NONE', *, *, #2822, .T. ) ;
#4427 = DIRECTION ( 'NONE',  ( -6.071532165918827355E-14, -0.2873478855663199605, -0.9578262852211589795 ) ) ;
#4428 =( GEOMETRIC_REPRESENTATION_CONTEXT ( 3 ) GLOBAL_UNCERTAINTY_ASSIGNED_CONTEXT ( ( #2587 ) ) GLOBAL_UNIT_ASSIGNED_CONTEXT ( ( #6235, #2389, #3547 ) ) REPRESENTATION_CONTEXT ( 'NONE', 'WORKASPACE' ) );
#4429 = CIRCLE ( 'NONE', #4943, 0.01771653543307086243 ) ;
#4430 = DIRECTION ( 'NONE',  ( 1.748601263784622143E-15, 0.0000000000000000000, -1.000000000000000000 ) ) ;
#4431 = CIRCLE ( 'NONE', #3765, 0.005905511811023628904 ) ;
#4432 = LENGTH_MEASURE_WITH_UNIT ( LENGTH_MEASURE( 0.02539999999999999897 ), #2646 );
#4433 = CARTESIAN_POINT ( 'NONE',  ( 0.5048815532788064608, -0.01983667431789505262, -0.1693440471046126772 ) ) ;
#4434 = ORIENTED_EDGE ( 'NONE', *, *, #4983, .T. ) ;
#4435 = CARTESIAN_POINT ( 'NONE',  ( 0.5225010356778665432, -0.01798479209465760759, -0.2669308663904348955 ) ) ;
#4436 = CARTESIAN_POINT ( 'NONE',  ( 0.3142156862761679159, 0.1020939480628585000, 0.01210629896398272669 ) ) ;
#4437 = FILL_AREA_STYLE ('',( #3689 ) ) ;
#4438 = ORIENTED_EDGE ( 'NONE', *, *, #626, .T. ) ;
#4439 = EDGE_LOOP ( 'NONE', ( #5223, #7292, #1597, #3734, #3816, #1472, #2354, #7548 ) ) ;
#4440 = SURFACE_SIDE_STYLE ('',( #5719 ) ) ;
#4441 = EDGE_CURVE ( 'NONE', #5119, #5297, #2524, .T. ) ;
#4442 = ORIENTED_EDGE ( 'NONE', *, *, #7820, .F. ) ;
#4443 = PLANE ( 'NONE',  #7706 ) ;
#4444 = EDGE_CURVE ( 'NONE', #1422, #4976, #6420, .T. ) ;
#4445 = DIRECTION ( 'NONE',  ( 6.044810485495209289E-12, 1.000000000000000000, 1.023181539495001156E-11 ) ) ;
#4446 = LINE ( 'NONE', #3738, #2290 ) ;
#4447 = FACE_OUTER_BOUND ( 'NONE', #2272, .T. ) ;
#4448 = EDGE_CURVE ( 'NONE', #3443, #4522, #4417, .T. ) ;
#4449 = CARTESIAN_POINT ( 'NONE',  ( 0.1921925904901456428, -0.01880785086056257355, -0.1458134337086158250 ) ) ;
#4450 = ORIENTED_EDGE ( 'NONE', *, *, #2076, .F. ) ;
#4451 =( LENGTH_UNIT ( ) NAMED_UNIT ( * ) SI_UNIT ( $, .METRE. ) );
#4452 = SURFACE_STYLE_FILL_AREA ( #4364 ) ;
#4453 = EDGE_CURVE ( 'NONE', #7047, #2270, #1388, .T. ) ;
#4454 =( NAMED_UNIT ( * ) SI_UNIT ( $, .STERADIAN. ) SOLID_ANGLE_UNIT ( ) );
#4455 = MECHANICAL_DESIGN_GEOMETRIC_PRESENTATION_REPRESENTATION (  '', ( #4974 ), #5913 ) ;
#4456 = DIRECTION ( 'NONE',  ( 0.2761728437764086608, -0.9205744939126326853, -0.2761723402478091782 ) ) ;
#4457 = ORIENTED_EDGE ( 'NONE', *, *, #4835, .F. ) ;
#4458 = CARTESIAN_POINT ( 'NONE',  ( 0.3928014512908299949, 0.1021333181416024388, -0.1329724411934976036 ) ) ;
#4459 = CIRCLE ( 'NONE', #3011, 0.007874015748031495954 ) ;
#4460 = DIMENSIONAL_EXPONENTS ( 1.000000000000000000, 0.0000000000000000000, 0.0000000000000000000, 0.0000000000000000000, 0.0000000000000000000, 0.0000000000000000000, 0.0000000000000000000 ) ;
#4461 = CARTESIAN_POINT ( 'NONE',  ( 0.4554196763416171745, 0.04500733388959447800, -0.1313957089112138266 ) ) ;
#4462 = ORIENTED_EDGE ( 'NONE', *, *, #4795, .T. ) ;
#4463 = CARTESIAN_POINT ( 'NONE',  ( 0.4615064727377196085, 0.03516481420455509072, -0.1812378449691272597 ) ) ;
#4464 = DIRECTION ( 'NONE',  ( 1.000000000000000000, -1.644517855226007801E-15, 1.748601263784621748E-15 ) ) ;
#4465 = ORIENTED_EDGE ( 'NONE', *, *, #1689, .T. ) ;
#4466 = FACE_OUTER_BOUND ( 'NONE', #5523, .T. ) ;
#4467 = CARTESIAN_POINT ( 'NONE',  ( 0.2313841284547877852, 0.03516481421120130901, 0.004564360868313389885 ) ) ;
#4468 = EDGE_LOOP ( 'NONE', ( #7517, #2079, #2862, #8072 ) ) ;
#4469 = PRESENTATION_LAYER_ASSIGNMENT (  '', '', ( #7246 ) ) ;
#4470 = STYLED_ITEM ( 'NONE', ( #3050 ), #6915 ) ;
#4471 = PLANE ( 'NONE',  #1405 ) ;
#4472 = PLANE ( 'NONE',  #7979 ) ;
#4473 = EDGE_LOOP ( 'NONE', ( #1006, #596, #2349, #3580, #3212, #2560, #7568, #3309 ) ) ;
#4474 = CYLINDRICAL_SURFACE ( 'NONE', #5939, 0.007874015748031495954 ) ;
#4475 = DIRECTION ( 'NONE',  ( 0.1045284632676983655, 0.9945218953682685159, 1.827786029713617844E-16 ) ) ;
#4476 = DIRECTION ( 'NONE',  ( -0.05226423163383198817, -0.4972609476841254317, -0.8660254037844445918 ) ) ;
#4477 = VECTOR ( 'NONE', #5228, 39.37007874015748143 ) ;
#4478 = ORIENTED_EDGE ( 'NONE', *, *, #6488, .F. ) ;
#4479 = VERTEX_POINT ( 'NONE', #3268 ) ;
#4480 = DIRECTION ( 'NONE',  ( 0.9945218953682690710, 0.1045284632676950765, 8.189380864547705479E-12 ) ) ;
#4481 = STYLED_ITEM ( 'NONE', ( #7829 ), #7089 ) ;
#4482 = ORIENTED_EDGE ( 'NONE', *, *, #3976, .T. ) ;
#4483 = PLANE ( 'NONE',  #6602 ) ;
#4484 = DIRECTION ( 'NONE',  ( 1.748601263784621748E-15, 0.0000000000000000000, -1.000000000000000000 ) ) ;
#4485 = SURFACE_STYLE_USAGE ( .BOTH. , #7 ) ;
#4486 = UNCERTAINTY_MEASURE_WITH_UNIT (LENGTH_MEASURE( 1.000000000000000082E-05 ), #1667, 'distance_accuracy_value', 'NONE');
#4487 = EDGE_CURVE ( 'NONE', #7093, #5279, #4375, .T. ) ;
#4488 = EDGE_CURVE ( 'NONE', #2679, #3621, #1255, .T. ) ;
#4489 = CARTESIAN_POINT ( 'NONE',  ( 0.1843617094242554766, -0.02585880784268852761, -0.04773622072184419141 ) ) ;
#4490 = VERTEX_POINT ( 'NONE', #3141 ) ;
#4491 = EDGE_CURVE ( 'NONE', #977, #6897, #632, .T. ) ;
#4492 =( LENGTH_UNIT ( ) NAMED_UNIT ( * ) SI_UNIT ( $, .METRE. ) );
#4493 = DIRECTION ( 'NONE',  ( -0.06844477288250355729, 0.6512085141311773073, 0.7558060493196165908 ) ) ;
#4494 = PRESENTATION_STYLE_ASSIGNMENT (( #1963 ) ) ;
#4495 = CARTESIAN_POINT ( 'NONE',  ( 0.4696401291258298638, 0.04500733388959445025, -0.1878937010365682170 ) ) ;
#4496 = SURFACE_SIDE_STYLE ('',( #6234 ) ) ;
#4497 = CARTESIAN_POINT ( 'NONE',  ( 0.4696401291264991618, 0.03516481420455507684, -0.1878937010365682170 ) ) ;
#4498 = ORIENTED_EDGE ( 'NONE', *, *, #5848, .T. ) ;
#4499 = DIRECTION ( 'NONE',  ( -2.431700674155225860E-12, -1.000000000000000000, -4.252089701634316427E-27 ) ) ;
#4500 = COLOUR_RGB ( '',0.7607843137254901578, 0.7607843137254901578, 0.0000000000000000000 ) ;
#4501 = ADVANCED_FACE ( 'NONE', ( #4466 ), #23, .F. ) ;
#4502 = CARTESIAN_POINT ( 'NONE',  ( 0.2506952668933096762, 0.03516481420455545848, -0.03730122072145040241 ) ) ;
#4503 = ORIENTED_EDGE ( 'NONE', *, *, #2766, .T. ) ;
#4504 = EDGE_CURVE ( 'NONE', #6331, #2022, #7474, .T. ) ;
#4505 =( NAMED_UNIT ( * ) PLANE_ANGLE_UNIT ( ) SI_UNIT ( $, .RADIAN. ) );
#4506 = AXIS2_PLACEMENT_3D ( 'NONE', #2302, #4827, #467 ) ;
#4507 = FILL_AREA_STYLE_COLOUR ( '', #5835 ) ;
#4508 = VERTEX_POINT ( 'NONE', #1545 ) ;
#4509 = ORIENTED_EDGE ( 'NONE', *, *, #836, .F. ) ;
#4510 = DIRECTION ( 'NONE',  ( 1.748601263784621748E-15, 1.482966057179117483E-32, -1.000000000000000000 ) ) ;
#4511 = CARTESIAN_POINT ( 'NONE',  ( 0.2313841284562201672, 0.04240669873959744540, -0.2272637797758057243 ) ) ;
#4512 = VERTEX_POINT ( 'NONE', #3384 ) ;
#4513 = SURFACE_STYLE_USAGE ( .BOTH. , #5709 ) ;
#4514 = CARTESIAN_POINT ( 'NONE',  ( 0.2313841284562323797, 0.03516481420455547235, -0.1878937010368047777 ) ) ;
#4515 = DIMENSIONAL_EXPONENTS ( 1.000000000000000000, 0.0000000000000000000, 0.0000000000000000000, 0.0000000000000000000, 0.0000000000000000000, 0.0000000000000000000, 0.0000000000000000000 ) ;
#4516 = VECTOR ( 'NONE', #2895, 39.37007874015748143 ) ;
#4517 = CARTESIAN_POINT ( 'NONE',  ( 0.2006796306912802530, -0.02488414520016165102, -0.04773622072184417059 ) ) ;
#4518 = FILL_AREA_STYLE_COLOUR ( '', #7012 ) ;
#4519 = ORIENTED_EDGE ( 'NONE', *, *, #4597, .T. ) ;
#4520 = ORIENTED_EDGE ( 'NONE', *, *, #7728, .F. ) ;
#4521 = CARTESIAN_POINT ( 'NONE',  ( 0.3140612938105267204, 0.1020939480628624135, -0.1329724411934974648 ) ) ;
#4522 = VERTEX_POINT ( 'NONE', #1583 ) ;
#4523 = SURFACE_STYLE_FILL_AREA ( #4565 ) ;
#4524 = COLOUR_RGB ( '',0.7607843137254901578, 0.7607843137254901578, 0.0000000000000000000 ) ;
#4525 = CARTESIAN_POINT ( 'NONE',  ( 0.1605216694007094713, -0.06121462703867273231, -0.03986220497609280905 ) ) ;
#4526 = VECTOR ( 'NONE', #2806, 39.37007874015748143 ) ;
#4527 = ORIENTED_EDGE ( 'NONE', *, *, #1913, .T. ) ;
#4528 = SURFACE_STYLE_USAGE ( .BOTH. , #10 ) ;
#4529 =( NAMED_UNIT ( * ) SI_UNIT ( $, .STERADIAN. ) SOLID_ANGLE_UNIT ( ) );
#4530 = CARTESIAN_POINT ( 'NONE',  ( 0.3928014512908299394, 0.1060309559368544097, -0.1823818900125919185 ) ) ;
#4531 = CARTESIAN_POINT ( 'NONE',  ( 0.1921925904901468085, -0.01880785086055354258, -0.04581343370862728942 ) ) ;
#4532 = CARTESIAN_POINT ( 'NONE',  ( 0.3928014512908295508, 0.1021333181416024943, -0.03600393725668726147 ) ) ;
#4533 = CARTESIAN_POINT ( 'NONE',  ( 0.2490536793154362605, 0.003668751212429472927, -0.4075787404069424746 ) ) ;
#4534 = AXIS2_PLACEMENT_3D ( 'NONE', #2920, #4001, #6538 ) ;
#4535 = ORIENTED_EDGE ( 'NONE', *, *, #6525, .T. ) ;
#4536 = VECTOR ( 'NONE', #2588, 39.37007874015748143 ) ;
#4537 = DIRECTION ( 'NONE',  ( -1.748601263784622143E-15, 0.0000000000000000000, 1.000000000000000000 ) ) ;
#4538 = ORIENTED_EDGE ( 'NONE', *, *, #5617, .F. ) ;
#4539 =( NAMED_UNIT ( * ) SI_UNIT ( $, .STERADIAN. ) SOLID_ANGLE_UNIT ( ) );
#4540 = AXIS2_PLACEMENT_3D ( 'NONE', #6691, #995, #5402 ) ;
#4541 = DIRECTION ( 'NONE',  ( 8.234490263801784106E-12, -1.353889066150678860E-26, -1.000000000000000000 ) ) ;
#4542 = ORIENTED_EDGE ( 'NONE', *, *, #7818, .F. ) ;
#4543 = DIRECTION ( 'NONE',  ( -0.5730959463349096783, -0.8184658334306108562, 0.04092329167148960056 ) ) ;
#4544 = EDGE_CURVE ( 'NONE', #216, #3439, #4049, .T. ) ;
#4545 = VERTEX_POINT ( 'NONE', #2060 ) ;
#4546 = EDGE_CURVE ( 'NONE', #7661, #3452, #2182, .T. ) ;
#4547 = VECTOR ( 'NONE', #5189, 39.37007874015748143 ) ;
#4548 = CIRCLE ( 'NONE', #6272, 0.007874015748031497688 ) ;
#4549 = PRESENTATION_STYLE_ASSIGNMENT (( #3147 ) ) ;
#4550 = CARTESIAN_POINT ( 'NONE',  ( 0.4754786166449897489, 0.04008607404707476007, -0.1575787404065701891 ) ) ;
#4551 = ORIENTED_EDGE ( 'NONE', *, *, #4921, .F. ) ;
#4552 = CIRCLE ( 'NONE', #435, 0.005905511811027552849 ) ;
#4553 = DIRECTION ( 'NONE',  ( 1.000000000000000000, -1.644517855226007801E-15, 1.748601263784622143E-15 ) ) ;
#4554 = VECTOR ( 'NONE', #4384, 39.37007874015748143 ) ;
#4555 = EDGE_CURVE ( 'NONE', #5510, #7093, #5990, .T. ) ;
#4556 = CYLINDRICAL_SURFACE ( 'NONE', #721, 0.007874015748031497688 ) ;
#4557 = LENGTH_MEASURE_WITH_UNIT ( LENGTH_MEASURE( 0.02539999999999999897 ), #4964 );
#4558 = VECTOR ( 'NONE', #1790, 39.37007874015748143 ) ;
#4559 = ORIENTED_EDGE ( 'NONE', *, *, #7317, .F. ) ;
#4560 = ORIENTED_EDGE ( 'NONE', *, *, #7490, .F. ) ;
#4561 = VERTEX_POINT ( 'NONE', #191 ) ;
#4562 = DIRECTION ( 'NONE',  ( -1.000000000000000000, 1.644517855226007801E-15, -8.234490263801784106E-12 ) ) ;
#4563 = LINE ( 'NONE', #2707, #4477 ) ;
#4564 =( GEOMETRIC_REPRESENTATION_CONTEXT ( 3 ) GLOBAL_UNCERTAINTY_ASSIGNED_CONTEXT ( ( #6960 ) ) GLOBAL_UNIT_ASSIGNED_CONTEXT ( ( #6845, #6884, #648 ) ) REPRESENTATION_CONTEXT ( 'NONE', 'WORKASPACE' ) );
#4565 = FILL_AREA_STYLE ('',( #166 ) ) ;
#4566 = UNCERTAINTY_MEASURE_WITH_UNIT (LENGTH_MEASURE( 1.000000000000000082E-05 ), #5320, 'distance_accuracy_value', 'NONE');
#4567 = DIMENSIONAL_EXPONENTS ( 1.000000000000000000, 0.0000000000000000000, 0.0000000000000000000, 0.0000000000000000000, 0.0000000000000000000, 0.0000000000000000000, 0.0000000000000000000 ) ;
#4568 = CIRCLE ( 'NONE', #4954, 0.007874015748031521975 ) ;
#4569 = CARTESIAN_POINT ( 'NONE',  ( 0.3140612938105262764, 0.1020939480628624274, -0.08218503961889105092 ) ) ;
#4570 = VERTEX_POINT ( 'NONE', #3427 ) ;
#4571 = CARTESIAN_POINT ( 'NONE',  ( 0.4696401291286643742, 0.03516481420483066889, -0.1272637797769618495 ) ) ;
#4572 = DIRECTION ( 'NONE',  ( 0.3079484342921974260, 0.0000000000000000000, 0.9514030490895979408 ) ) ;
#4573 = DIRECTION ( 'NONE',  ( 1.729787034331967531E-15, 0.9987523388778406508, -0.04993761694397202966 ) ) ;
#4574 = CYLINDRICAL_SURFACE ( 'NONE', #4667, 0.007874015748031495954 ) ;
#4575 = ORIENTED_EDGE ( 'NONE', *, *, #4655, .T. ) ;
#4576 = LINE ( 'NONE', #7955, #2246 ) ;
#4577 = VECTOR ( 'NONE', #1808, 39.37007874015748143 ) ;
#4578 = LINE ( 'NONE', #2678, #2808 ) ;
#4579 = ORIENTED_EDGE ( 'NONE', *, *, #1852, .T. ) ;
#4580 = SURFACE_STYLE_USAGE ( .BOTH. , #1974 ) ;
#4581 = VECTOR ( 'NONE', #1574, 39.37007874015748143 ) ;
#4582 = SURFACE_STYLE_FILL_AREA ( #2179 ) ;
#4583 = ORIENTED_EDGE ( 'NONE', *, *, #6066, .F. ) ;
#4584 = ORIENTED_EDGE ( 'NONE', *, *, #6625, .F. ) ;
#4585 = VECTOR ( 'NONE', #2470, 39.37007874015748143 ) ;
#4586 = EDGE_CURVE ( 'NONE', #6505, #8015, #310, .T. ) ;
#4587 = EDGE_CURVE ( 'NONE', #6540, #4638, #4083, .T. ) ;
#4588 = SURFACE_STYLE_USAGE ( .BOTH. , #6378 ) ;
#4589 = CARTESIAN_POINT ( 'NONE',  ( 0.4554196763415381821, 0.03516481420455512541, -0.08376177190290670649 ) ) ;
#4590 = ORIENTED_EDGE ( 'NONE', *, *, #4791, .F. ) ;
#4591 = EDGE_CURVE ( 'NONE', #735, #6134, #3468, .T. ) ;
#4592 = STYLED_ITEM ( 'NONE', ( #3451 ), #6366 ) ;
#4593 = CARTESIAN_POINT ( 'NONE',  ( 0.2313841284562322687, 0.03516481420455547235, -0.1272637797769622658 ) ) ;
#4594 = CARTESIAN_POINT ( 'NONE',  ( 0.1910439396546640689, -0.02214987590510567733, -0.06760964749126260886 ) ) ;
#4595 = COLOUR_RGB ( '',0.7607843137254901578, 0.7607843137254901578, 0.0000000000000000000 ) ;
#4596 = VECTOR ( 'NONE', #246, 39.37007874015748143 ) ;
#4597 = EDGE_CURVE ( 'NONE', #6840, #5877, #2103, .T. ) ;
#4598 = ORIENTED_EDGE ( 'NONE', *, *, #7391, .T. ) ;
#4599 = DIRECTION ( 'NONE',  ( -1.000000000000000000, 1.644517855226007801E-15, -8.234490263801784106E-12 ) ) ;
#4600 = ORIENTED_EDGE ( 'NONE', *, *, #4393, .F. ) ;
#4601 = ADVANCED_FACE ( 'NONE', ( #5916 ), #6030, .F. ) ;
#4602 = VERTEX_POINT ( 'NONE', #8048 ) ;
#4603 = CARTESIAN_POINT ( 'NONE',  ( 0.1921383447885282314, -0.01932396423582067452, -0.04626303352232113281 ) ) ;
#4604 = CARTESIAN_POINT ( 'NONE',  ( 0.2443412753444515473, 0.04500733388959483189, -0.08338492120105671368 ) ) ;
#4605 = COLOUR_RGB ( '',0.2509803921568627416, 0.2509803921568627416, 0.2509803921568627416 ) ;
#4606 =( NAMED_UNIT ( * ) SI_UNIT ( $, .STERADIAN. ) SOLID_ANGLE_UNIT ( ) );
#4607 = DIRECTION ( 'NONE',  ( -1.000000000000000000, 1.644517855226007801E-15, -8.234490263801784106E-12 ) ) ;
#4608 = AXIS2_PLACEMENT_3D ( 'NONE', #8115, #4894, #4401 ) ;
#4609 = ORIENTED_EDGE ( 'NONE', *, *, #5311, .F. ) ;
#4610 = LENGTH_MEASURE_WITH_UNIT ( LENGTH_MEASURE( 0.02539999999999999897 ), #4492 );
#4611 = CARTESIAN_POINT ( 'NONE',  ( 0.3928014512908295508, 0.1020939480628583751, -0.08218503961889118969 ) ) ;
#4612 = FACE_OUTER_BOUND ( 'NONE', #7253, .T. ) ;
#4613 = PLANE ( 'NONE',  #1777 ) ;
#4614 = EDGE_LOOP ( 'NONE', ( #4646, #3750, #4559, #2634 ) ) ;
#4615 = DIRECTION ( 'NONE',  ( -1.000000000000000000, -6.824337234613477078E-11, -1.067819642909784613E-12 ) ) ;
#4616 = DIRECTION ( 'NONE',  ( -1.644517855226007801E-15, -1.000000000000000000, -2.875605999964572744E-30 ) ) ;
#4617 = DIMENSIONAL_EXPONENTS ( 1.000000000000000000, 0.0000000000000000000, 0.0000000000000000000, 0.0000000000000000000, 0.0000000000000000000, 0.0000000000000000000, 0.0000000000000000000 ) ;
#4618 = FACE_OUTER_BOUND ( 'NONE', #3520, .T. ) ;
#4619 = EDGE_LOOP ( 'NONE', ( #1171, #7660, #1984, #7501 ) ) ;
#4620 = CARTESIAN_POINT ( 'NONE',  ( 0.4696401291285070001, 0.04500733388959445025, -0.1800196852885760368 ) ) ;
#4621 =( CONVERSION_BASED_UNIT ( 'INCH', #7118 ) LENGTH_UNIT ( ) NAMED_UNIT ( #851 ) );
#4622 =( CONVERSION_BASED_UNIT ( 'INCH', #6459 ) LENGTH_UNIT ( ) NAMED_UNIT ( #3406 ) );
#4623 = ORIENTED_EDGE ( 'NONE', *, *, #4642, .F. ) ;
#4624 = VECTOR ( 'NONE', #1673, 39.37007874015748854 ) ;
#4625 = CARTESIAN_POINT ( 'NONE',  ( 0.5171906553894755065, -0.02376973408140405433, -0.04773620808020646866 ) ) ;
#4626 = FACE_OUTER_BOUND ( 'NONE', #1746, .T. ) ;
#4627 = ORIENTED_EDGE ( 'NONE', *, *, #6916, .F. ) ;
#4628 = DIRECTION ( 'NONE',  ( 1.644517855226008195E-15, 1.000000000000000000, 2.890435660536364269E-30 ) ) ;
#4629 = FILL_AREA_STYLE_COLOUR ( '', #7096 ) ;
#4630 = SURFACE_STYLE_USAGE ( .BOTH. , #808 ) ;
#4631 = ADVANCED_FACE ( 'NONE', ( #2347 ), #4254, .F. ) ;
#4632 = ADVANCED_FACE ( 'NONE', ( #6819 ), #7964, .F. ) ;
#4633 = EDGE_CURVE ( 'NONE', #3541, #840, #2299, .T. ) ;
#4634 = ORIENTED_EDGE ( 'NONE', *, *, #5358, .F. ) ;
#4635 = CIRCLE ( 'NONE', #5433, 0.007874015748031485545 ) ;
#4636 = ORIENTED_EDGE ( 'NONE', *, *, #5879, .F. ) ;
#4637 =( NAMED_UNIT ( * ) SI_UNIT ( $, .STERADIAN. ) SOLID_ANGLE_UNIT ( ) );
#4638 = VERTEX_POINT ( 'NONE', #6741 ) ;
#4639 = FILL_AREA_STYLE_COLOUR ( '', #494 ) ;
#4640 = SURFACE_STYLE_FILL_AREA ( #7179 ) ;
#4641 = EDGE_CURVE ( 'NONE', #4173, #6584, #4824, .T. ) ;
#4642 = EDGE_CURVE ( 'NONE', #559, #5935, #7485, .T. ) ;
#4643 = UNCERTAINTY_MEASURE_WITH_UNIT (LENGTH_MEASURE( 1.000000000000000082E-05 ), #1030, 'distance_accuracy_value', 'NONE');
#4644 = EDGE_CURVE ( 'NONE', #1293, #3719, #541, .T. ) ;
#4645 = CARTESIAN_POINT ( 'NONE',  ( 0.5162468380955171909, -0.02281331161264293222, -0.1674632254931907316 ) ) ;
#4646 = ORIENTED_EDGE ( 'NONE', *, *, #236, .F. ) ;
#4647 = DIRECTION ( 'NONE',  ( 8.234490263801784106E-12, -1.353889066150678860E-26, -1.000000000000000000 ) ) ;
#4648 = DIRECTION ( 'NONE',  ( 1.000000000000000000, -1.582776894139425349E-15, 0.0000000000000000000 ) ) ;
#4649 = COLOUR_RGB ( '',0.7607843137254901578, 0.7607843137254901578, 0.0000000000000000000 ) ;
#4650 = CARTESIAN_POINT ( 'NONE',  ( 0.2313841284563810663, 0.03516481420463420798, -0.1878937010362536630 ) ) ;
#4651 = CARTESIAN_POINT ( 'NONE',  ( 0.2313841284562629386, 0.04500733388959484577, -0.1878937010362536630 ) ) ;
#4652 = CARTESIAN_POINT ( 'NONE',  ( 0.2077620812121379057, 0.03516481420455550705, -0.1878937010368048610 ) ) ;
#4653 =( NAMED_UNIT ( * ) PLANE_ANGLE_UNIT ( ) SI_UNIT ( $, .RADIAN. ) );
#4654 = VERTEX_POINT ( 'NONE', #5576 ) ;
#4655 = EDGE_CURVE ( 'NONE', #7669, #3216, #1794, .T. ) ;
#4656 = PLANE ( 'NONE',  #3054 ) ;
#4657 = ORIENTED_EDGE ( 'NONE', *, *, #6205, .T. ) ;
#4658 = CARTESIAN_POINT ( 'NONE',  ( 0.4554196763394121050, 0.03516481420455512541, -0.07785626009188305330 ) ) ;
#4659 = STYLED_ITEM ( 'NONE', ( #4117 ), #7831 ) ;
#4660 = CARTESIAN_POINT ( 'NONE',  ( 0.2031529521231691948, -0.008688119764420866240, -0.1272637797769623214 ) ) ;
#4661 =( LENGTH_UNIT ( ) NAMED_UNIT ( * ) SI_UNIT ( $, .METRE. ) );
#4662 = DIRECTION ( 'NONE',  ( 1.779922736996477388E-11, -1.000000000000000000, 2.202682480880311385E-13 ) ) ;
#4663 = FILL_AREA_STYLE ('',( #3922 ) ) ;
#4664 = VERTEX_POINT ( 'NONE', #8086 ) ;
#4665 = AXIS2_PLACEMENT_3D ( 'NONE', #8006, #5498, #2348 ) ;
#4666 = COLOUR_RGB ( '',0.7607843137254901578, 0.7607843137254901578, 0.0000000000000000000 ) ;
#4667 = AXIS2_PLACEMENT_3D ( 'NONE', #4533, #6533, #7713 ) ;
#4668 = LINE ( 'NONE', #1468, #1666 ) ;
#4669 = VERTEX_POINT ( 'NONE', #7919 ) ;
#4670 =( NAMED_UNIT ( * ) PLANE_ANGLE_UNIT ( ) SI_UNIT ( $, .RADIAN. ) );
#4671 =( CONVERSION_BASED_UNIT ( 'INCH', #1437 ) LENGTH_UNIT ( ) NAMED_UNIT ( #7735 ) );
#4672 = CIRCLE ( 'NONE', #5205, 0.005905511811023620231 ) ;
#4673 =( NAMED_UNIT ( * ) SI_UNIT ( $, .STERADIAN. ) SOLID_ANGLE_UNIT ( ) );
#4674 = PRESENTATION_LAYER_ASSIGNMENT (  '', '', ( #6919 ) ) ;
#4675 = ORIENTED_EDGE ( 'NONE', *, *, #3344, .F. ) ;
#4676 = MECHANICAL_DESIGN_GEOMETRIC_PRESENTATION_REPRESENTATION (  '', ( #830 ), #8116 ) ;
#4677 = AXIS2_PLACEMENT_3D ( 'NONE', #5121, #7649, #6417 ) ;
#4678 = SURFACE_STYLE_USAGE ( .BOTH. , #7895 ) ;
#4679 = ORIENTED_EDGE ( 'NONE', *, *, #5365, .T. ) ;
#4680 = ORIENTED_EDGE ( 'NONE', *, *, #8030, .T. ) ;
#4681 = MECHANICAL_DESIGN_GEOMETRIC_PRESENTATION_REPRESENTATION (  '', ( #3634 ), #4428 ) ;
#4682 = VECTOR ( 'NONE', #6240, 39.37007874015748143 ) ;
#4683 = EDGE_CURVE ( 'NONE', #2229, #2458, #1044, .T. ) ;
#4684 = CARTESIAN_POINT ( 'NONE',  ( 0.2506952668926408778, 0.03516481420455543766, -0.1837617719025922414 ) ) ;
#4685 = EDGE_CURVE ( 'NONE', #22, #6435, #1126, .T. ) ;
#4686 = ORIENTED_EDGE ( 'NONE', *, *, #7809, .T. ) ;
#4687 = LENGTH_MEASURE_WITH_UNIT ( LENGTH_MEASURE( 0.02539999999999999897 ), #5436 );
#4688 =( GEOMETRIC_REPRESENTATION_CONTEXT ( 3 ) GLOBAL_UNCERTAINTY_ASSIGNED_CONTEXT ( ( #6801 ) ) GLOBAL_UNIT_ASSIGNED_CONTEXT ( ( #48, #7010, #5141 ) ) REPRESENTATION_CONTEXT ( 'NONE', 'WORKASPACE' ) );
#4689 = CARTESIAN_POINT ( 'NONE',  ( 0.3928014512908299394, 0.1198104834959331511, -0.1791535435558992695 ) ) ;
#4690 = DIRECTION ( 'NONE',  ( 1.644517855226008195E-15, 1.000000000000000000, 2.890435660536364269E-30 ) ) ;
#4691 = FILL_AREA_STYLE_COLOUR ( '', #106 ) ;
#4692 = ADVANCED_FACE ( 'NONE', ( #3707 ), #464, .T. ) ;
#4693 = DIRECTION ( 'NONE',  ( -0.1045284632676950626, 0.9945218953682689600, -8.607386130680116915E-13 ) ) ;
#4694 =( CONVERSION_BASED_UNIT ( 'INCH', #6024 ) LENGTH_UNIT ( ) NAMED_UNIT ( #6641 ) );
#4695 = MECHANICAL_DESIGN_GEOMETRIC_PRESENTATION_REPRESENTATION (  '', ( #576 ), #2460 ) ;
#4696 = B_SPLINE_CURVE_WITH_KNOTS ( 'NONE', 3,
 ( #3636, #3055, #5581, #8091 ),
 .UNSPECIFIED., .F., .F.,
 ( 4, 4 ),
 ( 8.484254361283234773E-17, 0.0001438393068347762721 ),
 .UNSPECIFIED. ) ;
#4697 = CARTESIAN_POINT ( 'NONE',  ( 0.4754786166451615559, 0.1217789874329369693, -0.8272637797762137923 ) ) ;
#4698 = ADVANCED_FACE ( 'NONE', ( #5152 ), #5067, .F. ) ;
#4699 = ORIENTED_EDGE ( 'NONE', *, *, #4546, .F. ) ;
#4700 = CARTESIAN_POINT ( 'NONE',  ( 0.4625214697567746613, 0.03516481420455509072, -0.1317725596123949239 ) ) ;
#4701 = SURFACE_STYLE_USAGE ( .BOTH. , #6617 ) ;
#4702 = CARTESIAN_POINT ( 'NONE',  ( 0.2019811918225113412, -0.01983667431788540408, -0.04581343370861582637 ) ) ;
#4703 =( CONVERSION_BASED_UNIT ( 'INCH', #4780 ) LENGTH_UNIT ( ) NAMED_UNIT ( #1648 ) );
#4704 = AXIS2_PLACEMENT_3D ( 'NONE', #7616, #7533, #5633 ) ;
#4705 = DIRECTION ( 'NONE',  ( 1.644517855226008195E-15, 1.000000000000000000, 2.890435660536364269E-30 ) ) ;
#4706 =( NAMED_UNIT ( * ) PLANE_ANGLE_UNIT ( ) SI_UNIT ( $, .RADIAN. ) );
#4707 = ORIENTED_EDGE ( 'NONE', *, *, #2370, .F. ) ;
#4708 =( GEOMETRIC_REPRESENTATION_CONTEXT ( 3 ) GLOBAL_UNCERTAINTY_ASSIGNED_CONTEXT ( ( #1229 ) ) GLOBAL_UNIT_ASSIGNED_CONTEXT ( ( #3996, #217, #4323 ) ) REPRESENTATION_CONTEXT ( 'NONE', 'WORKASPACE' ) );
#4709 = DIRECTION ( 'NONE',  ( -1.644517855226008195E-15, -1.000000000000000000, -2.890435660536364269E-30 ) ) ;
#4710 = LINE ( 'NONE', #2851, #833 ) ;
#4711 = CARTESIAN_POINT ( 'NONE',  ( 0.2746912150703570421, 0.1020939480628467594, -0.03297244119349752867 ) ) ;
#4712 = ORIENTED_EDGE ( 'NONE', *, *, #7490, .T. ) ;
#4713 = DIRECTION ( 'NONE',  ( 8.234490263801784106E-12, -1.353889066150678860E-26, -1.000000000000000000 ) ) ;
#4714 = EDGE_LOOP ( 'NONE', ( #3114, #1247, #2703, #2684 ) ) ;
#4715 = CARTESIAN_POINT ( 'NONE',  ( 0.2443412753456719322, 0.04500733388959483189, -0.03177255961475747292 ) ) ;
#4716 = VERTEX_POINT ( 'NONE', #1291 ) ;
#4717 =( NAMED_UNIT ( * ) PLANE_ANGLE_UNIT ( ) SI_UNIT ( $, .RADIAN. ) );
#4718 = EDGE_LOOP ( 'NONE', ( #2985, #6079, #6055, #2797 ) ) ;
#4719 = CARTESIAN_POINT ( 'NONE',  ( 0.2490536793154355943, 0.003668751212429472927, -0.2095942470915550804 ) ) ;
#4720 = SURFACE_STYLE_USAGE ( .BOTH. , #5477 ) ;
#4721 = AXIS2_PLACEMENT_3D ( 'NONE', #2186, #7925, #1550 ) ;
#4722 = UNCERTAINTY_MEASURE_WITH_UNIT (LENGTH_MEASURE( 1.000000000000000082E-05 ), #1845, 'distance_accuracy_value', 'NONE');
#4723 = DIMENSIONAL_EXPONENTS ( 1.000000000000000000, 0.0000000000000000000, 0.0000000000000000000, 0.0000000000000000000, 0.0000000000000000000, 0.0000000000000000000, 0.0000000000000000000 ) ;
#4724 = DIRECTION ( 'NONE',  ( 1.644517855226008195E-15, 1.000000000000000000, 2.890435660536364269E-30 ) ) ;
#4725 = VERTEX_POINT ( 'NONE', #586 ) ;
#4726 = CARTESIAN_POINT ( 'NONE',  ( 0.3928014512908298839, 0.1198104834959331511, -0.1360039372566872740 ) ) ;
#4727 = PRESENTATION_LAYER_ASSIGNMENT (  '', '', ( #4470 ) ) ;
#4728 = ORIENTED_EDGE ( 'NONE', *, *, #4683, .T. ) ;
#4729 = DIRECTION ( 'NONE',  ( 1.000000000000000000, -1.644517855226007998E-15, -1.748601263784621946E-15 ) ) ;
#4730 = DIRECTION ( 'NONE',  ( 1.000000000000000000, -1.582776894139425349E-15, 0.0000000000000000000 ) ) ;
#4731 =( CONVERSION_BASED_UNIT ( 'INCH', #5317 ) LENGTH_UNIT ( ) NAMED_UNIT ( #5725 ) );
#4732 = LINE ( 'NONE', #4113, #7582 ) ;
#4733 =( LENGTH_UNIT ( ) NAMED_UNIT ( * ) SI_UNIT ( $, .METRE. ) );
#4734 = EDGE_CURVE ( 'NONE', #3772, #7612, #5732, .T. ) ;
#4735 = EDGE_CURVE ( 'NONE', #6864, #1788, #2593, .T. ) ;
#4736 = VECTOR ( 'NONE', #749, 39.37007874015748143 ) ;
#4737 = EDGE_CURVE ( 'NONE', #3505, #1713, #58, .T. ) ;
#4738 = SURFACE_STYLE_USAGE ( .BOTH. , #5323 ) ;
#4739 = VERTEX_POINT ( 'NONE', #7643 ) ;
#4740 = LINE ( 'NONE', #910, #2340 ) ;
#4741 =( LENGTH_UNIT ( ) NAMED_UNIT ( * ) SI_UNIT ( $, .METRE. ) );
#4742 = FACE_OUTER_BOUND ( 'NONE', #414, .T. ) ;
#4743 = ORIENTED_EDGE ( 'NONE', *, *, #5151, .F. ) ;
#4744 = EDGE_CURVE ( 'NONE', #849, #1763, #3089, .T. ) ;
#4745 = EDGE_CURVE ( 'NONE', #6989, #7958, #7019, .T. ) ;
#4746 =( NAMED_UNIT ( * ) PLANE_ANGLE_UNIT ( ) SI_UNIT ( $, .RADIAN. ) );
#4747 = FACE_OUTER_BOUND ( 'NONE', #3442, .T. ) ;
#4748 = AXIS2_PLACEMENT_3D ( 'NONE', #2323, #4843, #7375 ) ;
#4749 = PRESENTATION_STYLE_ASSIGNMENT (( #6166 ) ) ;
#4750 = ORIENTED_EDGE ( 'NONE', *, *, #1408, .F. ) ;
#4751 = CARTESIAN_POINT ( 'NONE',  ( 0.1585494827869405599, -0.03570132752772788021, -0.08789370103680489710 ) ) ;
#4752 = LINE ( 'NONE', #2194, #6437 ) ;
#4753 = VECTOR ( 'NONE', #3213, 39.37007874015748143 ) ;
#4754 = ORIENTED_EDGE ( 'NONE', *, *, #5346, .T. ) ;
#4755 = VERTEX_POINT ( 'NONE', #3869 ) ;
#4756 = DIRECTION ( 'NONE',  ( 1.644517855226007801E-15, 1.000000000000000000, 2.875605999964572744E-30 ) ) ;
#4757 = ORIENTED_EDGE ( 'NONE', *, *, #3983, .T. ) ;
#4758 = MECHANICAL_DESIGN_GEOMETRIC_PRESENTATION_REPRESENTATION (  '', ( #1314 ), #2528 ) ;
#4759 = DIRECTION ( 'NONE',  ( -0.9945218953682686269, 0.1045284632676983516, -1.739022243102431967E-15 ) ) ;
#4760 = DIRECTION ( 'NONE',  ( 8.234490263801784106E-12, -1.353889066150678860E-26, -1.000000000000000000 ) ) ;
#4761 = CARTESIAN_POINT ( 'NONE',  ( 0.1843617094242554211, -0.03570132752772790796, -0.04773622072184419141 ) ) ;
#4762 = AXIS2_PLACEMENT_3D ( 'NONE', #4267, #5590, #6835 ) ;
#4763 =( NAMED_UNIT ( * ) PLANE_ANGLE_UNIT ( ) SI_UNIT ( $, .RADIAN. ) );
#4764 = ORIENTED_EDGE ( 'NONE', *, *, #8124, .T. ) ;
#4765 = ORIENTED_EDGE ( 'NONE', *, *, #8079, .T. ) ;
#4766 = DIRECTION ( 'NONE',  ( 1.000000000000000000, -1.644517855226007801E-15, 1.748601263784621748E-15 ) ) ;
#4767 = LENGTH_MEASURE_WITH_UNIT ( LENGTH_MEASURE( 0.02539999999999999897 ), #2244 );
#4768 = PRESENTATION_STYLE_ASSIGNMENT (( #1658 ) ) ;
#4769 = CARTESIAN_POINT ( 'NONE',  ( 0.2148518768365315912, 0.02729079845652399722, -0.1878937010368047777 ) ) ;
#4770 =( GEOMETRIC_REPRESENTATION_CONTEXT ( 3 ) GLOBAL_UNCERTAINTY_ASSIGNED_CONTEXT ( ( #4067 ) ) GLOBAL_UNIT_ASSIGNED_CONTEXT ( ( #7799, #3425, #5163 ) ) REPRESENTATION_CONTEXT ( 'NONE', 'WORKASPACE' ) );
#4771 = DIRECTION ( 'NONE',  ( 0.2761719275641929539, 0.9205747438996728649, 0.2761724231698924337 ) ) ;
#4772 = FILL_AREA_STYLE_COLOUR ( '', #5162 ) ;
#4773 =( BOUNDED_CURVE ( )  B_SPLINE_CURVE ( 3, ( #5871, #7648, #5204, #188 ),
 .UNSPECIFIED., .F., .T. ) 
 B_SPLINE_CURVE_WITH_KNOTS ( ( 4, 4 ),
 ( 0.08266305805074682100, 0.8267300111068787150 ),
 .UNSPECIFIED. ) 
 CURVE ( )  GEOMETRIC_REPRESENTATION_ITEM ( )  RATIONAL_B_SPLINE_CURVE ( ( 1.000000000000000000, 0.9543933880140722525, 0.9543933880140722525, 1.000000000000000000 ) ) 
 REPRESENTATION_ITEM ( '' )  );
#4774 = PLANE ( 'NONE',  #546 ) ;
#4775 =( GEOMETRIC_REPRESENTATION_CONTEXT ( 3 ) GLOBAL_UNCERTAINTY_ASSIGNED_CONTEXT ( ( #6049 ) ) GLOBAL_UNIT_ASSIGNED_CONTEXT ( ( #2870, #3454, #1696 ) ) REPRESENTATION_CONTEXT ( 'NONE', 'WORKASPACE' ) );
#4776 = EDGE_LOOP ( 'NONE', ( #4575, #2503, #6261, #6244 ) ) ;
#4777 = DIRECTION ( 'NONE',  ( 0.09052430460837823656, 0.8612812260087761018, -0.4999999999999892308 ) ) ;
#4778 = DIRECTION ( 'NONE',  ( 1.000000000000000000, -1.261858067872522700E-11, 3.775193864338215445E-12 ) ) ;
#4779 = SURFACE_STYLE_FILL_AREA ( #5412 ) ;
#4780 = LENGTH_MEASURE_WITH_UNIT ( LENGTH_MEASURE( 0.02539999999999999897 ), #7883 );
#4781 = DIRECTION ( 'NONE',  ( 1.600365673315232923E-12, 1.000000000000000000, -3.637978807091997295E-12 ) ) ;
#4782 = DIRECTION ( 'NONE',  ( -1.000000000000000000, 1.734723475977064460E-15, 1.951563910474197493E-15 ) ) ;
#4783 = VERTEX_POINT ( 'NONE', #7604 ) ;
#4784 = COLOUR_RGB ( '',0.7607843137254901578, 0.7607843137254901578, 0.0000000000000000000 ) ;
#4785 = PRESENTATION_STYLE_ASSIGNMENT (( #2306 ) ) ;
#4786 =( NAMED_UNIT ( * ) SI_UNIT ( $, .STERADIAN. ) SOLID_ANGLE_UNIT ( ) );
#4787 = EDGE_CURVE ( 'NONE', #1653, #871, #1966, .T. ) ;
#4788 = CARTESIAN_POINT ( 'NONE',  ( 0.3140612938105267204, 0.1020939480628624135, -0.1329724411934974648 ) ) ;
#4789 = ORIENTED_EDGE ( 'NONE', *, *, #7541, .T. ) ;
#4790 = CARTESIAN_POINT ( 'NONE',  ( 0.1896577093114369950, -0.02375406862796414220, -0.1477362207218441970 ) ) ;
#4791 = EDGE_CURVE ( 'NONE', #5666, #4407, #4411, .T. ) ;
#4792 = CARTESIAN_POINT ( 'NONE',  ( 0.2924077505034280433, 0.1060309559368545901, -0.08238189001259203781 ) ) ;
#4793 = AXIS2_PLACEMENT_3D ( 'NONE', #3791, #6319, #1246 ) ;
#4794 = ORIENTED_EDGE ( 'NONE', *, *, #2115, .T. ) ;
#4795 = EDGE_CURVE ( 'NONE', #2197, #5421, #5778, .T. ) ;
#4796 = CARTESIAN_POINT ( 'NONE',  ( 0.2313841284561837519, 0.1217789874329373717, 0.01210629896398258791 ) ) ;
#4797 = EDGE_LOOP ( 'NONE', ( #4338, #2095, #4308, #990 ) ) ;
#4798 = PLANE ( 'NONE',  #614 ) ;
#4799 = CIRCLE ( 'NONE', #1221, 0.01771653543307088671 ) ;
#4800 = CARTESIAN_POINT ( 'NONE',  ( 0.2514430687594911840, 0.03516481420455543766, -0.1373012207214504010 ) ) ;
#4801 = AXIS2_PLACEMENT_3D ( 'NONE', #6612, #2834, #5362 ) ;
#4802 = DIRECTION ( 'NONE',  ( 1.000000000000000000, -1.644517855226007801E-15, 3.555553229056784908E-12 ) ) ;
#4803 = LINE ( 'NONE', #4103, #6694 ) ;
#4804 = LINE ( 'NONE', #361, #5873 ) ;
#4805 = STYLED_ITEM ( 'NONE', ( #5938 ), #4242 ) ;
#4806 = VECTOR ( 'NONE', #6308, 39.37007874015748854 ) ;
#4807 = ORIENTED_EDGE ( 'NONE', *, *, #8136, .T. ) ;
#4808 = CARTESIAN_POINT ( 'NONE',  ( 0.3140612938105266649, 0.1021333181416025776, -0.1821850396188910703 ) ) ;
#4809 = ORIENTED_EDGE ( 'NONE', *, *, #6206, .T. ) ;
#4810 = SURFACE_SIDE_STYLE ('',( #6186 ) ) ;
#4811 = CARTESIAN_POINT ( 'NONE',  ( 0.2415117421193332392, 0.001406162577626337683, -0.005563233721056699485 ) ) ;
#4812 = DIRECTION ( 'NONE',  ( -2.085096165010846546E-13, 3.400221813223966042E-28, 1.000000000000000000 ) ) ;
#4813 = SURFACE_SIDE_STYLE ('',( #7430 ) ) ;
#4814 = DIRECTION ( 'NONE',  ( -1.537728278044881501E-09, 0.0000000000000000000, 1.000000000000000000 ) ) ;
#4815 = AXIS2_PLACEMENT_3D ( 'NONE', #6709, #4839, #1016 ) ;
#4816 = DIRECTION ( 'NONE',  ( -1.748601263784621946E-15, 0.0000000000000000000, 1.000000000000000000 ) ) ;
#4817 =( CONVERSION_BASED_UNIT ( 'INCH', #2877 ) LENGTH_UNIT ( ) NAMED_UNIT ( #7415 ) );
#4818 = AXIS2_PLACEMENT_3D ( 'NONE', #2377, #6188, #4283 ) ;
#4819 = PRESENTATION_STYLE_ASSIGNMENT (( #1704 ) ) ;
#4820 = VERTEX_POINT ( 'NONE', #3168 ) ;
#4821 = LINE ( 'NONE', #3542, #6962 ) ;
#4822 = FACE_OUTER_BOUND ( 'NONE', #6179, .T. ) ;
#4823 = SURFACE_STYLE_USAGE ( .BOTH. , #340 ) ;
#4824 = LINE ( 'NONE', #4863, #1502 ) ;
#4825 = CARTESIAN_POINT ( 'NONE',  ( 0.3142156862761680269, 0.1020939480628585000, -0.007578740406095896970 ) ) ;
#4826 = ORIENTED_EDGE ( 'NONE', *, *, #79, .F. ) ;
#4827 = DIRECTION ( 'NONE',  ( 1.644517855226008195E-15, 1.000000000000000000, 2.890435660536364269E-30 ) ) ;
#4828 = PRESENTATION_LAYER_ASSIGNMENT (  '', '', ( #7344 ) ) ;
#4829 =( GEOMETRIC_REPRESENTATION_CONTEXT ( 3 ) GLOBAL_UNCERTAINTY_ASSIGNED_CONTEXT ( ( #1148 ) ) GLOBAL_UNIT_ASSIGNED_CONTEXT ( ( #4694, #7268, #1535 ) ) REPRESENTATION_CONTEXT ( 'NONE', 'WORKASPACE' ) );
#4830 = VERTEX_POINT ( 'NONE', #659 ) ;
#4831 = PRESENTATION_STYLE_ASSIGNMENT (( #5508 ) ) ;
#4832 = CARTESIAN_POINT ( 'NONE',  ( 0.2514430687594907954, 0.03516481420455545848, -0.03730122072145040241 ) ) ;
#4833 = VERTEX_POINT ( 'NONE', #4532 ) ;
#4834 = LINE ( 'NONE', #928, #3514 ) ;
#4835 = EDGE_CURVE ( 'NONE', #6920, #3527, #7081, .T. ) ;
#4836 = EDGE_CURVE ( 'NONE', #7155, #1422, #6939, .T. ) ;
#4837 = EDGE_CURVE ( 'NONE', #2148, #1693, #6449, .T. ) ;
#4838 = ORIENTED_EDGE ( 'NONE', *, *, #4886, .T. ) ;
#4839 = DIRECTION ( 'NONE',  ( -2.147404981299067777E-15, -0.2873478855662903175, -0.9578262852211679723 ) ) ;
#4840 = ORIENTED_EDGE ( 'NONE', *, *, #5093, .F. ) ;
#4841 = LINE ( 'NONE', #1019, #7890 ) ;
#4842 = COLOUR_RGB ( '',0.7607843137254901578, 0.7607843137254901578, 0.0000000000000000000 ) ;
#4843 = DIRECTION ( 'NONE',  ( -0.2761728431768883940, 0.9205744918961651369, 0.2761723475688889207 ) ) ;
#4844 = CARTESIAN_POINT ( 'NONE',  ( 0.2372226159726404382, 0.03516481420455547929, -0.02726377977696224642 ) ) ;
#4845 = LINE ( 'NONE', #1688, #4040 ) ;
#4846 =( CONVERSION_BASED_UNIT ( 'INCH', #2952 ) LENGTH_UNIT ( ) NAMED_UNIT ( #7636 ) );
#4847 = EDGE_CURVE ( 'NONE', #5138, #720, #8127, .T. ) ;
#4848 = ADVANCED_FACE ( 'NONE', ( #1838 ), #6281, .T. ) ;
#4849 = ORIENTED_EDGE ( 'NONE', *, *, #4944, .F. ) ;
#4850 = DIRECTION ( 'NONE',  ( 4.436729704083846065E-13, -7.267525157177840554E-28, 1.000000000000000000 ) ) ;
#4851 = ORIENTED_EDGE ( 'NONE', *, *, #3848, .T. ) ;
#4852 = CARTESIAN_POINT ( 'NONE',  ( 0.3140612938105263874, 0.1020939480628585000, -0.08218503961889132847 ) ) ;
#4853 = CARTESIAN_POINT ( 'NONE',  ( 0.4696401291287825575, 0.03516481420455507684, -0.1272637797769618495 ) ) ;
#4854 =( GEOMETRIC_REPRESENTATION_CONTEXT ( 3 ) GLOBAL_UNCERTAINTY_ASSIGNED_CONTEXT ( ( #6161 ) ) GLOBAL_UNIT_ASSIGNED_CONTEXT ( ( #1801, #3712, #2977 ) ) REPRESENTATION_CONTEXT ( 'NONE', 'WORKASPACE' ) );
#4855 = VECTOR ( 'NONE', #3040, 39.37007874015748143 ) ;
#4856 = DIRECTION ( 'NONE',  ( -0.3079484342681049203, 7.228014483236687681E-16, 0.9514030490973962584 ) ) ;
#4857 = CARTESIAN_POINT ( 'NONE',  ( 0.2313841284562323519, 0.04008607404707516253, -0.1575787404068835218 ) ) ;
#4858 = AXIS2_PLACEMENT_3D ( 'NONE', #5936, #857, #7254 ) ;
#4859 = ORIENTED_EDGE ( 'NONE', *, *, #1684, .F. ) ;
#4860 = CARTESIAN_POINT ( 'NONE',  ( 0.2031529521231691948, -0.008688119764420866240, -0.1272637797769623214 ) ) ;
#4861 = DIRECTION ( 'NONE',  ( 0.6691306063588773334, -0.7431448254773770357, 1.927470528863118161E-15 ) ) ;
#4862 = LENGTH_MEASURE_WITH_UNIT ( LENGTH_MEASURE( 0.02539999999999999897 ), #4741 );
#4863 = CARTESIAN_POINT ( 'NONE',  ( 0.4625214697563018729, 0.03516481420455510459, -0.08338492120050514100 ) ) ;
#4864 = LINE ( 'NONE', #4172, #6907 ) ;
#4865 = ORIENTED_EDGE ( 'NONE', *, *, #5507, .T. ) ;
#4866 = DIRECTION ( 'NONE',  ( 0.9945218953682690710, 0.1045284632676950765, 8.189380864547705479E-12 ) ) ;
#4867 =( GEOMETRIC_REPRESENTATION_CONTEXT ( 3 ) GLOBAL_UNCERTAINTY_ASSIGNED_CONTEXT ( ( #6876 ) ) GLOBAL_UNIT_ASSIGNED_CONTEXT ( ( #5371, #2298, #2970 ) ) REPRESENTATION_CONTEXT ( 'NONE', 'WORKASPACE' ) );
#4868 = PRESENTATION_STYLE_ASSIGNMENT (( #2481 ) ) ;
#4869 = STYLED_ITEM ( 'NONE', ( #1071 ), #7186 ) ;
#4870 = PLANE ( 'NONE',  #1768 ) ;
#4871 = FILL_AREA_STYLE ('',( #6076 ) ) ;
#4872 = ORIENTED_EDGE ( 'NONE', *, *, #2380, .T. ) ;
#4873 = DIRECTION ( 'NONE',  ( 2.698884520361153650E-13, -4.467119842926643659E-28, 1.000000000000000000 ) ) ;
#4874 = ORIENTED_EDGE ( 'NONE', *, *, #532, .T. ) ;
#4875 = CARTESIAN_POINT ( 'NONE',  ( 0.5171395730376950883, -0.02375154730001930933, -0.1477362207211877498 ) ) ;
#4876 = SURFACE_STYLE_FILL_AREA ( #4956 ) ;
#4877 = DIRECTION ( 'NONE',  ( -1.644517855226007801E-15, -1.000000000000000000, 6.888556729901404633E-28 ) ) ;
#4878 = ORIENTED_EDGE ( 'NONE', *, *, #1136, .F. ) ;
#4879 = ADVANCED_FACE ( 'NONE', ( #5814 ), #4112, .T. ) ;
#4880 = CARTESIAN_POINT ( 'NONE',  ( 0.3928014512908299394, 0.1198104834959331511, -0.1791535435558992695 ) ) ;
#4881 = ADVANCED_FACE ( 'NONE', ( #750 ), #4613, .F. ) ;
#4882 =( NAMED_UNIT ( * ) SI_UNIT ( $, .STERADIAN. ) SOLID_ANGLE_UNIT ( ) );
#4883 = DIRECTION ( 'NONE',  ( -1.664296299258047645E-15, 0.04993761694385234762, 0.9987523388778467570 ) ) ;
#4884 = AXIS2_PLACEMENT_3D ( 'NONE', #6959, #1899, #4313 ) ;
#4885 = UNCERTAINTY_MEASURE_WITH_UNIT (LENGTH_MEASURE( 1.000000000000000082E-05 ), #2704, 'distance_accuracy_value', 'NONE');
#4886 = EDGE_CURVE ( 'NONE', #7565, #473, #7349, .T. ) ;
#4887 = ORIENTED_EDGE ( 'NONE', *, *, #1901, .F. ) ;
#4888 = LINE ( 'NONE', #7991, #1271 ) ;
#4889 = EDGE_CURVE ( 'NONE', #1273, #277, #332, .T. ) ;
#4890 = ORIENTED_EDGE ( 'NONE', *, *, #1635, .F. ) ;
#4891 =( NAMED_UNIT ( * ) SI_UNIT ( $, .STERADIAN. ) SOLID_ANGLE_UNIT ( ) );
#4892 = ADVANCED_FACE ( 'NONE', ( #7304 ), #3573, .F. ) ;
#4893 = DIRECTION ( 'NONE',  ( 1.000000000000000000, -1.644517855226007801E-15, 1.748601263784622143E-15 ) ) ;
#4894 = DIRECTION ( 'NONE',  ( -1.748601263784621946E-15, 0.0000000000000000000, 1.000000000000000000 ) ) ;
#4895 = DIRECTION ( 'NONE',  ( -0.6691306063588773334, 0.7431448254773770357, -1.927470528863118161E-15 ) ) ;
#4896 = EDGE_CURVE ( 'NONE', #1442, #1273, #407, .T. ) ;
#4897 = COLOUR_RGB ( '',0.7607843137254901578, 0.7607843137254901578, 0.0000000000000000000 ) ;
#4898 = CARTESIAN_POINT ( 'NONE',  ( 0.5225010356768849951, -0.02585880784268910701, -0.1477362207211436185 ) ) ;
#4899 = EDGE_LOOP ( 'NONE', ( #1015, #3836, #7896, #1919, #5019, #337, #2739, #6743 ) ) ;
#4900 = DIRECTION ( 'NONE',  ( 1.644517855226008195E-15, 1.000000000000000000, 2.890435660536364269E-30 ) ) ;
#4901 = PRESENTATION_LAYER_ASSIGNMENT (  '', '', ( #5168 ) ) ;
#4902 = DIRECTION ( 'NONE',  ( -1.644517855226008195E-15, -1.000000000000000000, -2.890435660536364269E-30 ) ) ;
#4903 = DIRECTION ( 'NONE',  ( -1.000000000000000000, 1.644517855226007801E-15, -1.748601263784621748E-15 ) ) ;
#4904 = CARTESIAN_POINT ( 'NONE',  ( 0.1585494827869405043, -0.03570132752772788021, -0.04773622072184426079 ) ) ;
#4905 = ORIENTED_EDGE ( 'NONE', *, *, #29, .F. ) ;
#4906 = CARTESIAN_POINT ( 'NONE',  ( 0.1897414014858934961, -0.02373449098435563565, -0.1674212600919229299 ) ) ;
#4907 = DIRECTION ( 'NONE',  ( -1.644517855226007801E-15, -1.000000000000000000, -2.890435660536363919E-30 ) ) ;
#4908 = ORIENTED_EDGE ( 'NONE', *, *, #2175, .T. ) ;
#4909 = DIRECTION ( 'NONE',  ( -1.000000000000000000, 1.644517855226007801E-15, -8.234490263801784106E-12 ) ) ;
#4910 = CARTESIAN_POINT ( 'NONE',  ( 0.1921925904901472248, -0.01880785086055355992, -0.1458134337086272880 ) ) ;
#4911 = AXIS2_PLACEMENT_3D ( 'NONE', #1922, #5615, #5022 ) ;
#4912 =( CONVERSION_BASED_UNIT ( 'INCH', #4140 ) LENGTH_UNIT ( ) NAMED_UNIT ( #5263 ) );
#4913 = ORIENTED_EDGE ( 'NONE', *, *, #3740, .T. ) ;
#4914 = VECTOR ( 'NONE', #1971, 39.37007874015748143 ) ;
#4915 = LINE ( 'NONE', #2366, #1981 ) ;
#4916 = FILL_AREA_STYLE_COLOUR ( '', #6605 ) ;
#4917 = LINE ( 'NONE', #1730, #1565 ) ;
#4918 = VECTOR ( 'NONE', #5955, 39.37007874015748143 ) ;
#4919 =( GEOMETRIC_REPRESENTATION_CONTEXT ( 3 ) GLOBAL_UNCERTAINTY_ASSIGNED_CONTEXT ( ( #7782 ) ) GLOBAL_UNIT_ASSIGNED_CONTEXT ( ( #7722, #1081, #7398 ) ) REPRESENTATION_CONTEXT ( 'NONE', 'WORKASPACE' ) );
#4920 = EDGE_LOOP ( 'NONE', ( #1039, #6390, #5525, #2928 ) ) ;
#4921 = EDGE_CURVE ( 'NONE', #5784, #4545, #1033, .T. ) ;
#4922 = FACE_OUTER_BOUND ( 'NONE', #5010, .T. ) ;
#4923 = EDGE_LOOP ( 'NONE', ( #3031, #774, #1947, #2896 ) ) ;
#4924 = LINE ( 'NONE', #5100, #5872 ) ;
#4925 = CARTESIAN_POINT ( 'NONE',  ( 0.5048815532788064608, -0.01983667431789505262, -0.1693440471046126772 ) ) ;
#4926 = DIRECTION ( 'NONE',  ( 6.585704204198398416E-14, -1.000000000000000000, 1.151428772831583798E-28 ) ) ;
#4927 = DIRECTION ( 'NONE',  ( 1.748601263784622143E-15, 0.0000000000000000000, -1.000000000000000000 ) ) ;
#4928 = LINE ( 'NONE', #1784, #1761 ) ;
#4929 = VECTOR ( 'NONE', #4158, 39.37007874015748854 ) ;
#4930 = COLOUR_RGB ( '',0.7607843137254901578, 0.7607843137254901578, 0.0000000000000000000 ) ;
#4931 = EDGE_CURVE ( 'NONE', #2457, #5399, #4165, .T. ) ;
#4932 = EDGE_CURVE ( 'NONE', #6476, #7682, #2982, .T. ) ;
#4933 = DIRECTION ( 'NONE',  ( -1.644517855226007801E-15, -1.000000000000000000, 0.0000000000000000000 ) ) ;
#4934 = ORIENTED_EDGE ( 'NONE', *, *, #8168, .T. ) ;
#4935 = EDGE_CURVE ( 'NONE', #8112, #735, #4431, .T. ) ;
#4936 = VECTOR ( 'NONE', #6201, 39.37007874015748143 ) ;
#4937 = DIRECTION ( 'NONE',  ( -1.644517855226007801E-15, -1.000000000000000000, 0.0000000000000000000 ) ) ;
#4938 = LINE ( 'NONE', #620, #5315 ) ;
#4939 = PLANE ( 'NONE',  #2757 ) ;
#4940 = CARTESIAN_POINT ( 'NONE',  ( 0.2924077505034279323, 0.1060309559368545901, -0.03277559079979674994 ) ) ;
#4941 = VERTEX_POINT ( 'NONE', #7390 ) ;
#4942 = CARTESIAN_POINT ( 'NONE',  ( 0.5134983943106640192, -0.007659296307098515354, -0.08789370103617834273 ) ) ;
#4943 = AXIS2_PLACEMENT_3D ( 'NONE', #5289, #3624, #6737 ) ;
#4944 = EDGE_CURVE ( 'NONE', #492, #559, #4243, .T. ) ;
#4945 = FILL_AREA_STYLE ('',( #1168 ) ) ;
#4946 = CARTESIAN_POINT ( 'NONE',  ( 0.5048815532788066829, -0.01983667431788590022, -0.06934404710459574073 ) ) ;
#4947 = PLANE ( 'NONE',  #1861 ) ;
#4948 = ORIENTED_EDGE ( 'NONE', *, *, #526, .T. ) ;
#4949 = STYLED_ITEM ( 'NONE', ( #6225 ), #4997 ) ;
#4950 = LINE ( 'NONE', #2356, #6271 ) ;
#4951 = DIRECTION ( 'NONE',  ( -1.644517855226008195E-15, -1.000000000000000000, -2.890435660536364269E-30 ) ) ;
#4952 = ORIENTED_EDGE ( 'NONE', *, *, #4931, .T. ) ;
#4953 = CARTESIAN_POINT ( 'NONE',  ( 0.2148518768365311749, 0.02729079845652401456, -0.08789370103680475832 ) ) ;
#4954 = AXIS2_PLACEMENT_3D ( 'NONE', #937, #2236, #1645 ) ;
#4955 = LINE ( 'NONE', #6908, #2072 ) ;
#4956 = FILL_AREA_STYLE ('',( #8101 ) ) ;
#4957 = CARTESIAN_POINT ( 'NONE',  ( 0.2019811918225133951, -0.01983667431789038968, -0.1693440471051540219 ) ) ;
#4958 = VERTEX_POINT ( 'NONE', #3658 ) ;
#4959 = CARTESIAN_POINT ( 'NONE',  ( 0.1923664450707121831, -0.01715373501898775563, -0.07135826796593867927 ) ) ;
#4960 = ORIENTED_EDGE ( 'NONE', *, *, #2008, .F. ) ;
#4961 = CARTESIAN_POINT ( 'NONE',  ( 0.4383240990372204160, 0.04008607404707482946, -0.1272637797769549106 ) ) ;
#4962 =( LENGTH_UNIT ( ) NAMED_UNIT ( * ) SI_UNIT ( $, .METRE. ) );
#4963 = VECTOR ( 'NONE', #3103, 39.37007874015748143 ) ;
#4964 =( LENGTH_UNIT ( ) NAMED_UNIT ( * ) SI_UNIT ( $, .METRE. ) );
#4965 = UNCERTAINTY_MEASURE_WITH_UNIT (LENGTH_MEASURE( 1.000000000000000082E-05 ), #5108, 'distance_accuracy_value', 'NONE');
#4966 = ORIENTED_EDGE ( 'NONE', *, *, #4837, .F. ) ;
#4967 = EDGE_LOOP ( 'NONE', ( #6806, #8152, #2241, #5253 ) ) ;
#4968 = FACE_OUTER_BOUND ( 'NONE', #1638, .T. ) ;
#4969 = ORIENTED_EDGE ( 'NONE', *, *, #5805, .T. ) ;
#4970 = SURFACE_STYLE_FILL_AREA ( #2504 ) ;
#4971 = DIRECTION ( 'NONE',  ( -8.234490263801784106E-12, 1.353889066150678860E-26, 1.000000000000000000 ) ) ;
#4972 = CARTESIAN_POINT ( 'NONE',  ( 0.4696401291258294752, 0.04500733388959446413, -0.08789370103656818367 ) ) ;
#4973 = DIRECTION ( 'NONE',  ( 0.8191520442895904308, 0.5735764363501912877, 1.432370299876534972E-15 ) ) ;
#4974 = STYLED_ITEM ( 'NONE', ( #3263 ), #5970 ) ;
#4975 = DIRECTION ( 'NONE',  ( -1.000000000000000000, 0.0000000000000000000, 1.503638049432454012E-14 ) ) ;
#4976 = VERTEX_POINT ( 'NONE', #3045 ) ;
#4977 = LENGTH_MEASURE_WITH_UNIT ( LENGTH_MEASURE( 0.02539999999999999897 ), #7438 );
#4978 = COLOUR_RGB ( '',0.7607843137254901578, 0.7607843137254901578, 0.0000000000000000000 ) ;
#4979 = FILL_AREA_STYLE_COLOUR ( '', #1091 ) ;
#4980 = CARTESIAN_POINT ( 'NONE',  ( 0.4754786166452190099, 0.04240671319253163513, -0.2272637797758073896 ) ) ;
#4981 = LINE ( 'NONE', #6156, #1149 ) ;
#4982 = CARTESIAN_POINT ( 'NONE',  ( 0.5483132623141999673, -0.02585880784268914170, -0.1477362207209310108 ) ) ;
#4983 = EDGE_CURVE ( 'NONE', #2059, #3391, #8076, .T. ) ;
#4984 =( CONVERSION_BASED_UNIT ( 'INCH', #5734 ) LENGTH_UNIT ( ) NAMED_UNIT ( #3984 ) );
#4985 = ORIENTED_EDGE ( 'NONE', *, *, #1234, .T. ) ;
#4986 = EDGE_CURVE ( 'NONE', #43, #1457, #1783, .T. ) ;
#4987 = CARTESIAN_POINT ( 'NONE',  ( 0.2313841284561837519, 0.1217789874329373717, 0.01210629896398258791 ) ) ;
#4988 = EDGE_CURVE ( 'NONE', #6995, #5506, #3161, .T. ) ;
#4989 = DIRECTION ( 'NONE',  ( 1.748601263784621946E-15, 0.0000000000000000000, -1.000000000000000000 ) ) ;
#4990 = ORIENTED_EDGE ( 'NONE', *, *, #2018, .F. ) ;
#4991 = CARTESIAN_POINT ( 'NONE',  ( 0.1585494827869405599, -0.02585880784268849639, -0.06742126009192302150 ) ) ;
#4992 = PRESENTATION_STYLE_ASSIGNMENT (( #2522 ) ) ;
#4993 = ORIENTED_EDGE ( 'NONE', *, *, #4932, .T. ) ;
#4994 = PLANE ( 'NONE',  #305 ) ;
#4995 = LENGTH_MEASURE_WITH_UNIT ( LENGTH_MEASURE( 0.02539999999999999897 ), #1979 );
#4996 = ORIENTED_EDGE ( 'NONE', *, *, #3279, .F. ) ;
#4997 = ADVANCED_FACE ( 'NONE', ( #4358 ), #3076, .T. ) ;
#4998 = CARTESIAN_POINT ( 'NONE',  ( 0.2443412753443731933, 0.03516481420455544460, -0.1833849212011748886 ) ) ;
#4999 = ADVANCED_FACE ( 'NONE', ( #5014 ), #1869, .T. ) ;
#5000 = COLOUR_RGB ( '',0.7607843137254901578, 0.7607843137254901578, 0.0000000000000000000 ) ;
#5001 = SURFACE_STYLE_USAGE ( .BOTH. , #1179 ) ;
#5002 = CARTESIAN_POINT ( 'NONE',  ( 0.2389260676734684674, 0.03516481420629898741, -0.2272637797758069733 ) ) ;
#5003 =( LENGTH_UNIT ( ) NAMED_UNIT ( * ) SI_UNIT ( $, .METRE. ) );
#5004 = ORIENTED_EDGE ( 'NONE', *, *, #985, .F. ) ;
#5005 = LINE ( 'NONE', #1399, #7515 ) ;
#5006 = EDGE_CURVE ( 'NONE', #1225, #4490, #5, .T. ) ;
#5007 = CARTESIAN_POINT ( 'NONE',  ( 0.5092218448041271328, -0.01405121771457881752, -0.03750000024881194188 ) ) ;
#5008 = ORIENTED_EDGE ( 'NONE', *, *, #5346, .F. ) ;
#5009 = ORIENTED_EDGE ( 'NONE', *, *, #3879, .T. ) ;
#5010 = EDGE_LOOP ( 'NONE', ( #6758, #7065, #4851, #3847 ) ) ;
#5011 = SURFACE_SIDE_STYLE ('',( #3042 ) ) ;
#5012 = VECTOR ( 'NONE', #6800, 39.37007874015748143 ) ;
#5013 = LINE ( 'NONE', #4241, #1022 ) ;
#5014 = FACE_OUTER_BOUND ( 'NONE', #7795, .T. ) ;
#5015 = CARTESIAN_POINT ( 'NONE',  ( 0.5134983943101651960, -0.007659296307098530966, -0.1272637797763358503 ) ) ;
#5016 = CARTESIAN_POINT ( 'NONE',  ( 0.5225010356770469766, -0.03570132752772849083, -0.1674212600912223792 ) ) ;
#5017 =( GEOMETRIC_REPRESENTATION_CONTEXT ( 3 ) GLOBAL_UNCERTAINTY_ASSIGNED_CONTEXT ( ( #5143 ) ) GLOBAL_UNIT_ASSIGNED_CONTEXT ( ( #5887, #2073, #200 ) ) REPRESENTATION_CONTEXT ( 'NONE', 'WORKASPACE' ) );
#5018 = CYLINDRICAL_SURFACE ( 'NONE', #5200, 0.007874015748031499423 ) ;
#5019 = ORIENTED_EDGE ( 'NONE', *, *, #6208, .F. ) ;
#5020 = DIRECTION ( 'NONE',  ( -0.8191520442890951603, 0.5735764363508986108, -1.432370299875668212E-15 ) ) ;
#5021 =( CONVERSION_BASED_UNIT ( 'INCH', #7016 ) LENGTH_UNIT ( ) NAMED_UNIT ( #221 ) );
#5022 = DIRECTION ( 'NONE',  ( 0.9040697404025195283, -1.626303258728255665E-15, 0.4273849605315106492 ) ) ;
#5023 =( LENGTH_UNIT ( ) NAMED_UNIT ( * ) SI_UNIT ( $, .METRE. ) );
#5024 =( LENGTH_UNIT ( ) NAMED_UNIT ( * ) SI_UNIT ( $, .METRE. ) );
#5025 = LINE ( 'NONE', #1879, #2956 ) ;
#5026 = ORIENTED_EDGE ( 'NONE', *, *, #1959, .F. ) ;
#5027 = CIRCLE ( 'NONE', #8066, 0.01771653543307087283 ) ;
#5028 = LINE ( 'NONE', #7023, #6497 ) ;
#5029 = CYLINDRICAL_SURFACE ( 'NONE', #28, 0.005905511811023620231 ) ;
#5030 = ORIENTED_EDGE ( 'NONE', *, *, #4041, .T. ) ;
#5031 =( CONVERSION_BASED_UNIT ( 'INCH', #5662 ) LENGTH_UNIT ( ) NAMED_UNIT ( #4617 ) );
#5032 = FACE_OUTER_BOUND ( 'NONE', #5187, .T. ) ;
#5033 = VERTEX_POINT ( 'NONE', #693 ) ;
#5034 = CARTESIAN_POINT ( 'NONE',  ( 0.1585494827869409762, -0.02585880784268851026, -0.1674212600919230409 ) ) ;
#5035 = CARTESIAN_POINT ( 'NONE',  ( 0.3140612938105266649, 0.1021333181416025776, -0.1821850396188910703 ) ) ;
#5036 = ORIENTED_EDGE ( 'NONE', *, *, #1695, .F. ) ;
#5037 = FACE_OUTER_BOUND ( 'NONE', #6822, .T. ) ;
#5038 = VECTOR ( 'NONE', #461, 39.37007874015748143 ) ;
#5039 =( BOUNDED_CURVE ( )  B_SPLINE_CURVE ( 3, ( #173, #7671, #3206, #3830 ),
 .UNSPECIFIED., .F., .T. ) 
 B_SPLINE_CURVE_WITH_KNOTS ( ( 4, 4 ),
 ( 0.08266305805074627977, 0.8267300111068788260 ),
 .UNSPECIFIED. ) 
 CURVE ( )  GEOMETRIC_REPRESENTATION_ITEM ( )  RATIONAL_B_SPLINE_CURVE ( ( 1.000000000000000000, 0.9543933880140721415, 0.9543933880140721415, 1.000000000000000000 ) ) 
 REPRESENTATION_ITEM ( '' )  );
#5040 = EDGE_CURVE ( 'NONE', #3772, #4602, #3246, .T. ) ;
#5041 = EDGE_CURVE ( 'NONE', #7521, #2621, #6483, .T. ) ;
#5042 = VECTOR ( 'NONE', #7907, 39.37007874015748143 ) ;
#5043 = DIRECTION ( 'NONE',  ( -1.748601263784621748E-15, 0.0000000000000000000, 1.000000000000000000 ) ) ;
#5044 = VERTEX_POINT ( 'NONE', #5975 ) ;
#5045 = ADVANCED_FACE ( 'NONE', ( #6522 ), #5229, .T. ) ;
#5046 = DIRECTION ( 'NONE',  ( -0.1045284632676950626, 0.9945218953682689600, -8.607386130680116915E-13 ) ) ;
#5047 = SURFACE_STYLE_USAGE ( .BOTH. , #36 ) ;
#5048 = FACE_OUTER_BOUND ( 'NONE', #3515, .T. ) ;
#5049 = UNCERTAINTY_MEASURE_WITH_UNIT (LENGTH_MEASURE( 1.000000000000000082E-05 ), #6872, 'distance_accuracy_value', 'NONE');
#5050 = AXIS2_PLACEMENT_3D ( 'NONE', #7974, #4180, #3677 ) ;
#5051 = ADVANCED_FACE ( 'NONE', ( #2819 ), #7049, .F. ) ;
#5052 = ORIENTED_EDGE ( 'NONE', *, *, #4546, .T. ) ;
#5053 = VECTOR ( 'NONE', #1425, 39.37007874015748143 ) ;
#5054 = ORIENTED_EDGE ( 'NONE', *, *, #265, .F. ) ;
#5055 = LINE ( 'NONE', #2539, #3936 ) ;
#5056 = EDGE_LOOP ( 'NONE', ( #4021, #5079, #7936, #4209, #7086, #2599, #1434, #4186 ) ) ;
#5057 = DIRECTION ( 'NONE',  ( -1.644517855226007801E-15, -1.000000000000000000, -2.875605999964572744E-30 ) ) ;
#5058 = CARTESIAN_POINT ( 'NONE',  ( 0.5047076986980296720, -0.01818255847635047093, -0.1437992128472743436 ) ) ;
#5059 = CARTESIAN_POINT ( 'NONE',  ( 0.1585494827869408929, -0.03570132752772788715, -0.1477362207218442802 ) ) ;
#5060 = MECHANICAL_DESIGN_GEOMETRIC_PRESENTATION_REPRESENTATION (  '', ( #6401 ), #6537 ) ;
#5061 = CARTESIAN_POINT ( 'NONE',  ( 0.4254818849634284805, 0.1217789874329370248, -0.1831692915873951444 ) ) ;
#5062 = ORIENTED_EDGE ( 'NONE', *, *, #3123, .F. ) ;
#5063 = FILL_AREA_STYLE_COLOUR ( '', #2489 ) ;
#5064 = CARTESIAN_POINT ( 'NONE',  ( 0.2443412753455931341, 0.03516481420455546542, -0.03177255961436381559 ) ) ;
#5065 = DIRECTION ( 'NONE',  ( 0.1045284632676983655, 0.9945218953682685159, 1.827786029713617844E-16 ) ) ;
#5066 = LINE ( 'NONE', #4252, #3409 ) ;
#5067 = CYLINDRICAL_SURFACE ( 'NONE', #6012, 0.007874015748027556397 ) ;
#5068 = AXIS2_PLACEMENT_3D ( 'NONE', #7146, #6567, #4648 ) ;
#5069 = CARTESIAN_POINT ( 'NONE',  ( 0.4920108682637900910, 0.02729079845652354619, -0.04822661442218195010 ) ) ;
#5070 = ORIENTED_EDGE ( 'NONE', *, *, #2663, .T. ) ;
#5071 = MECHANICAL_DESIGN_GEOMETRIC_PRESENTATION_REPRESENTATION (  '', ( #427 ), #2566 ) ;
#5072 = LINE ( 'NONE', #3094, #3964 ) ;
#5073 =( GEOMETRIC_REPRESENTATION_CONTEXT ( 3 ) GLOBAL_UNCERTAINTY_ASSIGNED_CONTEXT ( ( #1485 ) ) GLOBAL_UNIT_ASSIGNED_CONTEXT ( ( #6265, #6481, #7140 ) ) REPRESENTATION_CONTEXT ( 'NONE', 'WORKASPACE' ) );
#5074 = CARTESIAN_POINT ( 'NONE',  ( 0.2372226159726799066, 0.03516481420455547929, -0.08001968528830076532 ) ) ;
#5075 = ORIENTED_EDGE ( 'NONE', *, *, #4896, .T. ) ;
#5076 = LENGTH_MEASURE_WITH_UNIT ( LENGTH_MEASURE( 0.02539999999999999897 ), #65 );
#5077 = CARTESIAN_POINT ( 'NONE',  ( 0.2148518768365311193, 0.04500733388959488740, -0.02726377977696224642 ) ) ;
#5078 = PRESENTATION_STYLE_ASSIGNMENT (( #3180 ) ) ;
#5079 = ORIENTED_EDGE ( 'NONE', *, *, #7877, .T. ) ;
#5080 =( CONVERSION_BASED_UNIT ( 'INCH', #4262 ) LENGTH_UNIT ( ) NAMED_UNIT ( #898 ) );
#5081 = DIRECTION ( 'NONE',  ( 1.000000000000000000, 1.622150117326477356E-11, 9.859911151360783998E-12 ) ) ;
#5082 = ORIENTED_EDGE ( 'NONE', *, *, #4205, .T. ) ;
#5083 = SURFACE_STYLE_USAGE ( .BOTH. , #3762 ) ;
#5084 = AXIS2_PLACEMENT_3D ( 'NONE', #5450, #508, #1670 ) ;
#5085 = CIRCLE ( 'NONE', #6409, 0.007874015748031499423 ) ;
#5086 = FILL_AREA_STYLE_COLOUR ( '', #4052 ) ;
#5087 = CARTESIAN_POINT ( 'NONE',  ( 0.4554196763416167859, 0.03516481420455512541, -0.03139570891121379326 ) ) ;
#5088 = ORIENTED_EDGE ( 'NONE', *, *, #3838, .T. ) ;
#5089 = LENGTH_MEASURE_WITH_UNIT ( LENGTH_MEASURE( 0.02539999999999999897 ), #3274 );
#5090 = CARTESIAN_POINT ( 'NONE',  ( 0.4754786166453175977, 0.04500733388959445719, -0.02726377977696183702 ) ) ;
#5091 = DIMENSIONAL_EXPONENTS ( 1.000000000000000000, 0.0000000000000000000, 0.0000000000000000000, 0.0000000000000000000, 0.0000000000000000000, 0.0000000000000000000, 0.0000000000000000000 ) ;
#5092 = EDGE_CURVE ( 'NONE', #4356, #5869, #5181, .T. ) ;
#5093 = EDGE_CURVE ( 'NONE', #8055, #5842, #1636, .T. ) ;
#5094 = AXIS2_PLACEMENT_3D ( 'NONE', #3688, #5674, #6873 ) ;
#5095 = EDGE_CURVE ( 'NONE', #6003, #7331, #4803, .T. ) ;
#5096 = ORIENTED_EDGE ( 'NONE', *, *, #2882, .T. ) ;
#5097 = ORIENTED_EDGE ( 'NONE', *, *, #6684, .T. ) ;
#5098 = STYLED_ITEM ( 'NONE', ( #6294 ), #5569 ) ;
#5099 = ORIENTED_EDGE ( 'NONE', *, *, #317, .T. ) ;
#5100 = CARTESIAN_POINT ( 'NONE',  ( 0.4561674782085065050, 0.03516481420455511153, -0.03730122072223737706 ) ) ;
#5101 = DIRECTION ( 'NONE',  ( -8.105384419199200945E-12, -1.000000000000000000, -1.460875864723001212E-11 ) ) ;
#5102 = LINE ( 'NONE', #4284, #8106 ) ;
#5103 = EDGE_CURVE ( 'NONE', #673, #3900, #3377, .T. ) ;
#5104 = ADVANCED_FACE ( 'NONE', ( #3564 ), #7988, .F. ) ;
#5105 = AXIS2_PLACEMENT_3D ( 'NONE', #6094, #2955, #8100 ) ;
#5106 = CARTESIAN_POINT ( 'NONE',  ( 0.5037097929783023176, -0.008688119764421362370, -0.1878937010362589644 ) ) ;
#5107 = VERTEX_POINT ( 'NONE', #1604 ) ;
#5108 =( CONVERSION_BASED_UNIT ( 'INCH', #4610 ) LENGTH_UNIT ( ) NAMED_UNIT ( #2193 ) );
#5109 = PRESENTATION_STYLE_ASSIGNMENT (( #6356 ) ) ;
#5110 = CARTESIAN_POINT ( 'NONE',  ( 0.2514430687595305969, 0.04500733388959481107, -0.1373012207214504010 ) ) ;
#5111 = FILL_AREA_STYLE_COLOUR ( '', #159 ) ;
#5112 = STYLED_ITEM ( 'NONE', ( #71 ), #5920 ) ;
#5113 = DIRECTION ( 'NONE',  ( 0.4273849608040032333, -7.028421990972483826E-16, -0.9040697402737026822 ) ) ;
#5114 = CARTESIAN_POINT ( 'NONE',  ( 0.3928014512908295508, 0.1060309559368544235, -0.03277559079979661116 ) ) ;
#5115 = ORIENTED_EDGE ( 'NONE', *, *, #2567, .T. ) ;
#5116 = CARTESIAN_POINT ( 'NONE',  ( 0.1843617094242554766, -0.02585880784268852761, -0.04773622072184419141 ) ) ;
#5117 = AXIS2_PLACEMENT_3D ( 'NONE', #5563, #2374, #2416 ) ;
#5118 = CYLINDRICAL_SURFACE ( 'NONE', #4269, 0.007874015748031499423 ) ;
#5119 = VERTEX_POINT ( 'NONE', #3606 ) ;
#5120 = DIRECTION ( 'NONE',  ( 0.9945218953682685159, -0.1045284632676983655, 1.927470528863118161E-15 ) ) ;
#5121 = CARTESIAN_POINT ( 'NONE',  ( 0.4920108682637900910, 0.02729079845652354619, -0.04822661442218195010 ) ) ;
#5122 = ORIENTED_EDGE ( 'NONE', *, *, #2527, .F. ) ;
#5123 = LENGTH_MEASURE_WITH_UNIT ( LENGTH_MEASURE( 0.02539999999999999897 ), #5746 );
#5124 = DIRECTION ( 'NONE',  ( -1.000000000000000000, 2.430295991683600986E-14, -1.748601263784622143E-15 ) ) ;
#5125 = ORIENTED_EDGE ( 'NONE', *, *, #5909, .F. ) ;
#5126 = VECTOR ( 'NONE', #7242, 39.37007874015748143 ) ;
#5127 = COLOUR_RGB ( '',0.7607843137254901578, 0.7607843137254901578, 0.0000000000000000000 ) ;
#5128 = COLOUR_RGB ( '',0.7607843137254901578, 0.7607843137254901578, 0.0000000000000000000 ) ;
#5129 = DIRECTION ( 'NONE',  ( -0.9945218953682685159, 0.1045284632676983655, -1.739022243102431967E-15 ) ) ;
#5130 = DIRECTION ( 'NONE',  ( -1.748601263784622143E-15, 0.0000000000000000000, 1.000000000000000000 ) ) ;
#5131 = ORIENTED_EDGE ( 'NONE', *, *, #2321, .T. ) ;
#5132 = CARTESIAN_POINT ( 'NONE',  ( 0.2148518768365315357, 0.04500733388959486658, -0.1272637797769622658 ) ) ;
#5133 = LINE ( 'NONE', #7659, #3311 ) ;
#5134 = MECHANICAL_DESIGN_GEOMETRIC_PRESENTATION_REPRESENTATION (  '', ( #4481 ), #3680 ) ;
#5135 = ORIENTED_EDGE ( 'NONE', *, *, #573, .T. ) ;
#5136 = ORIENTED_EDGE ( 'NONE', *, *, #1862, .F. ) ;
#5137 = DIRECTION ( 'NONE',  ( 0.4273849608619142426, -7.028421991924840098E-16, -0.9040697402463262478 ) ) ;
#5138 = VERTEX_POINT ( 'NONE', #4148 ) ;
#5139 =( LENGTH_UNIT ( ) NAMED_UNIT ( * ) SI_UNIT ( $, .METRE. ) );
#5140 = LINE ( 'NONE', #5844, #8034 ) ;
#5141 =( NAMED_UNIT ( * ) SI_UNIT ( $, .STERADIAN. ) SOLID_ANGLE_UNIT ( ) );
#5142 = CYLINDRICAL_SURFACE ( 'NONE', #5736, 0.007874015748031495954 ) ;
#5143 = UNCERTAINTY_MEASURE_WITH_UNIT (LENGTH_MEASURE( 1.000000000000000082E-05 ), #5887, 'distance_accuracy_value', 'NONE');
#5144 = DIMENSIONAL_EXPONENTS ( 1.000000000000000000, 0.0000000000000000000, 0.0000000000000000000, 0.0000000000000000000, 0.0000000000000000000, 0.0000000000000000000, 0.0000000000000000000 ) ;
#5145 = EDGE_CURVE ( 'NONE', #1766, #5869, #2850, .T. ) ;
#5146 = DIRECTION ( 'NONE',  ( -1.748601263784622143E-15, 0.0000000000000000000, 1.000000000000000000 ) ) ;
#5147 = CLOSED_SHELL ( 'NONE', ( #3786, #6014, #8018, #7923, #3933, #7228, #1637, #6988, #6982, #5104 ) ) ;
#5148 = ORIENTED_EDGE ( 'NONE', *, *, #4836, .F. ) ;
#5149 = LINE ( 'NONE', #252, #2440 ) ;
#5150 = CARTESIAN_POINT ( 'NONE',  ( 0.3140612938105263319, 0.1021333181416026054, -0.03297244119349746622 ) ) ;
#5151 = EDGE_CURVE ( 'NONE', #3772, #5437, #7377, .T. ) ;
#5152 = FACE_OUTER_BOUND ( 'NONE', #8181, .T. ) ;
#5153 = CARTESIAN_POINT ( 'NONE',  ( 0.3140612938105266649, 0.1020939480628624135, -0.1821850396188910703 ) ) ;
#5154 = ORIENTED_EDGE ( 'NONE', *, *, #5158, .F. ) ;
#5155 = DIRECTION ( 'NONE',  ( -1.748601263784622143E-15, 0.0000000000000000000, 1.000000000000000000 ) ) ;
#5156 = VECTOR ( 'NONE', #3837, 39.37007874015748143 ) ;
#5157 = DIRECTION ( 'NONE',  ( -1.387778780775897222E-15, 0.0000000000000000000, -1.000000000000000000 ) ) ;
#5158 = EDGE_CURVE ( 'NONE', #4155, #5471, #2904, .T. ) ;
#5159 = ORIENTED_EDGE ( 'NONE', *, *, #2872, .F. ) ;
#5160 = CARTESIAN_POINT ( 'NONE',  ( 0.2070209957706381776, 0.02811385722240983265, -0.1272637797769623214 ) ) ;
#5161 = CARTESIAN_POINT ( 'NONE',  ( 0.5225010356768849951, -0.01798479209465760759, -0.1477362207211436185 ) ) ;
#5162 = COLOUR_RGB ( '',0.7607843137254901578, 0.7607843137254901578, 0.0000000000000000000 ) ;
#5163 =( NAMED_UNIT ( * ) SI_UNIT ( $, .STERADIAN. ) SOLID_ANGLE_UNIT ( ) );
#5164 = ORIENTED_EDGE ( 'NONE', *, *, #6473, .F. ) ;
#5165 = DIRECTION ( 'NONE',  ( -1.644517855226007801E-15, -1.000000000000000000, 6.888556729901404633E-28 ) ) ;
#5166 = FILL_AREA_STYLE ('',( #5252 ) ) ;
#5167 = ORIENTED_EDGE ( 'NONE', *, *, #2568, .T. ) ;
#5168 = STYLED_ITEM ( 'NONE', ( #3767 ), #846 ) ;
#5169 = DIRECTION ( 'NONE',  ( 1.644517855226008195E-15, 1.000000000000000000, 2.890435660536364269E-30 ) ) ;
#5170 = ORIENTED_EDGE ( 'NONE', *, *, #6325, .F. ) ;
#5171 = FACE_OUTER_BOUND ( 'NONE', #4718, .T. ) ;
#5172 = FILL_AREA_STYLE ('',( #6384 ) ) ;
#5173 = COLOUR_RGB ( '',0.7607843137254901578, 0.7607843137254901578, 0.0000000000000000000 ) ;
#5174 = PLANE ( 'NONE',  #5766 ) ;
#5175 = PLANE ( 'NONE',  #3568 ) ;
#5176 = VERTEX_POINT ( 'NONE', #395 ) ;
#5177 = ORIENTED_EDGE ( 'NONE', *, *, #7232, .T. ) ;
#5178 = DIRECTION ( 'NONE',  ( 0.9945218953682689600, 0.1045284632676950626, 8.189380864547705479E-12 ) ) ;
#5179 = ORIENTED_EDGE ( 'NONE', *, *, #4931, .F. ) ;
#5180 = PLANE ( 'NONE',  #5878 ) ;
#5181 = LINE ( 'NONE', #4064, #5501 ) ;
#5182 = DIRECTION ( 'NONE',  ( 0.0000000000000000000, -0.2873478937908958142, 0.9578262827537862290 ) ) ;
#5183 = AXIS2_PLACEMENT_3D ( 'NONE', #4033, #6568, #868 ) ;
#5184 = AXIS2_PLACEMENT_3D ( 'NONE', #6696, #998, #6576 ) ;
#5185 = DIRECTION ( 'NONE',  ( 8.235599702199888450E-12, 0.0000000000000000000, -1.000000000000000000 ) ) ;
#5186 = COLOUR_RGB ( '',0.7607843137254901578, 0.7607843137254901578, 0.0000000000000000000 ) ;
#5187 = EDGE_LOOP ( 'NONE', ( #5862, #6018, #1208, #2041, #5154, #2910, #3640, #7800 ) ) ;
#5188 = FACE_OUTER_BOUND ( 'NONE', #1577, .T. ) ;
#5189 = DIRECTION ( 'NONE',  ( 1.000000000000000000, -1.644517855226007801E-15, 1.748601263784622143E-15 ) ) ;
#5190 = DIRECTION ( 'NONE',  ( 0.4273849607902093228, -7.028421990745689274E-16, 0.9040697402802237992 ) ) ;
#5191 = SURFACE_STYLE_USAGE ( .BOTH. , #829 ) ;
#5192 = CARTESIAN_POINT ( 'NONE',  ( 0.3496518449916174442, 0.1021333181416025082, -0.1360039372566866356 ) ) ;
#5193 = CIRCLE ( 'NONE', #5184, 0.007874015748031489015 ) ;
#5194 = ORIENTED_EDGE ( 'NONE', *, *, #1280, .T. ) ;
#5195 = DIRECTION ( 'NONE',  ( 0.0000000000000000000, 0.0000000000000000000, 1.000000000000000000 ) ) ;
#5196 = ADVANCED_FACE ( 'NONE', ( #1023 ), #3523, .T. ) ;
#5197 = VECTOR ( 'NONE', #3629, 39.37007874015748854 ) ;
#5198 = EDGE_CURVE ( 'NONE', #6211, #80, #4177, .T. ) ;
#5199 = EDGE_CURVE ( 'NONE', #6989, #2526, #6639, .T. ) ;
#5200 = AXIS2_PLACEMENT_3D ( 'NONE', #4525, #4406, #5185 ) ;
#5201 = DIMENSIONAL_EXPONENTS ( 1.000000000000000000, 0.0000000000000000000, 0.0000000000000000000, 0.0000000000000000000, 0.0000000000000000000, 0.0000000000000000000, 0.0000000000000000000 ) ;
#5202 = DIRECTION ( 'NONE',  ( -0.3079484342811873998, 0.0000000000000000000, -0.9514030490931618678 ) ) ;
#5203 = ORIENTED_EDGE ( 'NONE', *, *, #2155, .F. ) ;
#5204 = CARTESIAN_POINT ( 'NONE',  ( 0.2313841284562278278, 0.03769412923981661778, 0.009278755922247519314 ) ) ;
#5205 = AXIS2_PLACEMENT_3D ( 'NONE', #1531, #1418, #3410 ) ;
#5206 =( GEOMETRIC_REPRESENTATION_CONTEXT ( 3 ) GLOBAL_UNCERTAINTY_ASSIGNED_CONTEXT ( ( #6973 ) ) GLOBAL_UNIT_ASSIGNED_CONTEXT ( ( #2210, #2875, #2963 ) ) REPRESENTATION_CONTEXT ( 'NONE', 'WORKASPACE' ) );
#5207 = LENGTH_MEASURE_WITH_UNIT ( LENGTH_MEASURE( 0.02539999999999999897 ), #7272 );
#5208 =( LENGTH_UNIT ( ) NAMED_UNIT ( * ) SI_UNIT ( $, .METRE. ) );
#5209 = EDGE_LOOP ( 'NONE', ( #2320, #5227, #4913, #3285 ) ) ;
#5210 = LINE ( 'NONE', #5034, #2448 ) ;
#5211 = ORIENTED_EDGE ( 'NONE', *, *, #2930, .T. ) ;
#5212 = EDGE_CURVE ( 'NONE', #699, #45, #4845, .T. ) ;
#5213 = COLOUR_RGB ( '',0.7607843137254901578, 0.7607843137254901578, 0.0000000000000000000 ) ;
#5214 = VECTOR ( 'NONE', #896, 39.37007874015748143 ) ;
#5215 = EDGE_CURVE ( 'NONE', #4155, #5138, #5431, .T. ) ;
#5216 = CARTESIAN_POINT ( 'NONE',  ( 0.5146701546109767600, -0.01880785086054938618, -0.04581343370799370596 ) ) ;
#5217 = ORIENTED_EDGE ( 'NONE', *, *, #5247, .F. ) ;
#5218 = FACE_OUTER_BOUND ( 'NONE', #6369, .T. ) ;
#5219 = VECTOR ( 'NONE', #2632, 39.37007874015748143 ) ;
#5220 = SURFACE_STYLE_FILL_AREA ( #5336 ) ;
#5221 = DIRECTION ( 'NONE',  ( -1.000000000000000000, 1.644517855226007801E-15, -8.234490263801784106E-12 ) ) ;
#5222 = PRESENTATION_LAYER_ASSIGNMENT (  '', '', ( #1911 ) ) ;
#5223 = ORIENTED_EDGE ( 'NONE', *, *, #1900, .T. ) ;
#5224 = PRESENTATION_STYLE_ASSIGNMENT (( #4678 ) ) ;
#5225 = ORIENTED_EDGE ( 'NONE', *, *, #841, .T. ) ;
#5226 = DIRECTION ( 'NONE',  ( -8.234490263801784106E-12, 1.353889066150678860E-26, 1.000000000000000000 ) ) ;
#5227 = ORIENTED_EDGE ( 'NONE', *, *, #6120, .T. ) ;
#5228 = DIRECTION ( 'NONE',  ( 4.107068851677783533E-12, -1.000000000000000000, -5.449862783279992659E-12 ) ) ;
#5229 = PLANE ( 'NONE',  #6026 ) ;
#5230 = STYLED_ITEM ( 'NONE', ( #895 ), #5051 ) ;
#5231 = UNCERTAINTY_MEASURE_WITH_UNIT (LENGTH_MEASURE( 1.000000000000000082E-05 ), #3170, 'distance_accuracy_value', 'NONE');
#5232 = COLOUR_RGB ( '',0.7607843137254901578, 0.7607843137254901578, 0.0000000000000000000 ) ;
#5233 = CARTESIAN_POINT ( 'NONE',  ( 0.5172050357898659856, -0.02375406862796466609, -0.1674212600912659554 ) ) ;
#5234 = ORIENTED_EDGE ( 'NONE', *, *, #1747, .F. ) ;
#5235 = CYLINDRICAL_SURFACE ( 'NONE', #7113, 0.005905511811027564992 ) ;
#5236 = DIRECTION ( 'NONE',  ( -0.9945218953682685159, 0.1045284632676983655, -1.739022243102431967E-15 ) ) ;
#5237 =( LENGTH_UNIT ( ) NAMED_UNIT ( * ) SI_UNIT ( $, .METRE. ) );
#5238 = LINE ( 'NONE', #5150, #1151 ) ;
#5239 = PRESENTATION_STYLE_ASSIGNMENT (( #5191 ) ) ;
#5240 = FILL_AREA_STYLE_COLOUR ( '', #7967 ) ;
#5241 = ORIENTED_EDGE ( 'NONE', *, *, #7768, .F. ) ;
#5242 = DIRECTION ( 'NONE',  ( 1.748601263784621748E-15, 0.0000000000000000000, -1.000000000000000000 ) ) ;
#5243 = VECTOR ( 'NONE', #7497, 39.37007874015748143 ) ;
#5244 = DIRECTION ( 'NONE',  ( 4.482742302360809843E-10, 0.0000000000000000000, -1.000000000000000000 ) ) ;
#5245 = VERTEX_POINT ( 'NONE', #1060 ) ;
#5246 = AXIS2_PLACEMENT_3D ( 'NONE', #7011, #87, #2625 ) ;
#5247 = EDGE_CURVE ( 'NONE', #5335, #4354, #4568, .T. ) ;
#5248 = DIRECTION ( 'NONE',  ( -1.748601263784621748E-15, 0.0000000000000000000, 1.000000000000000000 ) ) ;
#5249 = ADVANCED_FACE ( 'NONE', ( #1729 ), #3650, .F. ) ;
#5250 = FACE_OUTER_BOUND ( 'NONE', #7888, .T. ) ;
#5251 =( NAMED_UNIT ( * ) PLANE_ANGLE_UNIT ( ) SI_UNIT ( $, .RADIAN. ) );
#5252 = FILL_AREA_STYLE_COLOUR ( '', #1883 ) ;
#5253 = ORIENTED_EDGE ( 'NONE', *, *, #4194, .T. ) ;
#5254 = ADVANCED_FACE ( 'NONE', ( #3812 ), #5594, .T. ) ;
#5255 = VECTOR ( 'NONE', #1201, 39.37007874015748143 ) ;
#5256 = EDGE_CURVE ( 'NONE', #6435, #4015, #1898, .T. ) ;
#5257 = PLANE ( 'NONE',  #4419 ) ;
#5258 = ADVANCED_FACE ( 'NONE', ( #7542 ), #1269, .F. ) ;
#5259 = FILL_AREA_STYLE ('',( #2768 ) ) ;
#5260 = VERTEX_POINT ( 'NONE', #5265 ) ;
#5261 = VECTOR ( 'NONE', #7384, 39.37007874015748143 ) ;
#5262 = DIRECTION ( 'NONE',  ( 1.582776894139444281E-15, 0.0000000000000000000, -1.000000000000000000 ) ) ;
#5263 = DIMENSIONAL_EXPONENTS ( 1.000000000000000000, 0.0000000000000000000, 0.0000000000000000000, 0.0000000000000000000, 0.0000000000000000000, 0.0000000000000000000, 0.0000000000000000000 ) ;
#5264 = ADVANCED_FACE ( 'NONE', ( #116 ), #4556, .F. ) ;
#5265 = CARTESIAN_POINT ( 'NONE',  ( 0.4679366774458565970, 0.03516481420506866601, -0.2272637797758073896 ) ) ;
#5266 = COLOUR_RGB ( '',0.7607843137254901578, 0.7607843137254901578, 0.0000000000000000000 ) ;
#5267 = ORIENTED_EDGE ( 'NONE', *, *, #5866, .T. ) ;
#5268 = ADVANCED_FACE ( 'NONE', ( #5886 ), #5174, .F. ) ;
#5269 = DIRECTION ( 'NONE',  ( -1.000000000000000000, 1.644517855226007801E-15, 3.349940197328361899E-10 ) ) ;
#5270 = EDGE_LOOP ( 'NONE', ( #6115, #7597, #4948, #3555, #3977, #6478, #6961, #5194 ) ) ;
#5271 =( NAMED_UNIT ( * ) PLANE_ANGLE_UNIT ( ) SI_UNIT ( $, .RADIAN. ) );
#5272 = ORIENTED_EDGE ( 'NONE', *, *, #7341, .F. ) ;
#5273 = FACE_OUTER_BOUND ( 'NONE', #5283, .T. ) ;
#5274 =( LENGTH_UNIT ( ) NAMED_UNIT ( * ) SI_UNIT ( $, .METRE. ) );
#5275 = CARTESIAN_POINT ( 'NONE',  ( 0.5483132623140308803, -0.03570132752772850471, -0.02726377977604912614 ) ) ;
#5276 = CARTESIAN_POINT ( 'NONE',  ( 0.5044156245189397314, 0.03516481420455504214, -0.08789370103625314401 ) ) ;
#5277 = CIRCLE ( 'NONE', #5405, 0.005905511811027556318 ) ;
#5278 = FACE_OUTER_BOUND ( 'NONE', #1631, .T. ) ;
#5279 = VERTEX_POINT ( 'NONE', #1474 ) ;
#5280 = CARTESIAN_POINT ( 'NONE',  ( 0.3140612938105263874, 0.1020939480628585000, -0.08218503961889132847 ) ) ;
#5281 = DIRECTION ( 'NONE',  ( 0.3079484342924094231, -7.228014483236711347E-16, -0.9514030490895295511 ) ) ;
#5282 = DIRECTION ( 'NONE',  ( -1.748601263784621748E-15, 0.0000000000000000000, 1.000000000000000000 ) ) ;
#5283 = EDGE_LOOP ( 'NONE', ( #4131, #877, #882, #3092, #1313, #7079, #6041, #5429, #2686, #2857, #7539, #5794, #4990, #6509 ) ) ;
#5284 = SURFACE_STYLE_FILL_AREA ( #5983 ) ;
#5285 = CYLINDRICAL_SURFACE ( 'NONE', #7667, 0.007874015748031499423 ) ;
#5286 = FACE_OUTER_BOUND ( 'NONE', #5395, .T. ) ;
#5287 = ORIENTED_EDGE ( 'NONE', *, *, #2942, .F. ) ;
#5288 = DIRECTION ( 'NONE',  ( 1.555145074134924813E-15, 0.9987523388778462019, 0.04993761694386230493 ) ) ;
#5289 = CARTESIAN_POINT ( 'NONE',  ( 0.4920108682649397824, 0.02729079845652356354, -0.08789370103635522902 ) ) ;
#5290 =( NAMED_UNIT ( * ) PLANE_ANGLE_UNIT ( ) SI_UNIT ( $, .RADIAN. ) );
#5291 = FACE_OUTER_BOUND ( 'NONE', #7723, .T. ) ;
#5292 = ORIENTED_EDGE ( 'NONE', *, *, #835, .T. ) ;
#5293 =( NAMED_UNIT ( * ) PLANE_ANGLE_UNIT ( ) SI_UNIT ( $, .RADIAN. ) );
#5294 = VECTOR ( 'NONE', #2439, 39.37007874015748143 ) ;
#5295 = FACE_OUTER_BOUND ( 'NONE', #7773, .T. ) ;
#5296 = SURFACE_STYLE_USAGE ( .BOTH. , #1515 ) ;
#5297 = VERTEX_POINT ( 'NONE', #4517 ) ;
#5298 = DIRECTION ( 'NONE',  ( 1.000000000000000000, -1.644517855226007801E-15, 1.748601263784621748E-15 ) ) ;
#5299 = SURFACE_STYLE_USAGE ( .BOTH. , #7041 ) ;
#5300 = EDGE_CURVE ( 'NONE', #2640, #4155, #7658, .T. ) ;
#5301 = EDGE_CURVE ( 'NONE', #3527, #5506, #7297, .T. ) ;
#5302 = EDGE_CURVE ( 'NONE', #7697, #4512, #4013, .T. ) ;
#5303 = ORIENTED_EDGE ( 'NONE', *, *, #5212, .T. ) ;
#5304 = COLOUR_RGB ( '',0.7607843137254901578, 0.7607843137254901578, 0.0000000000000000000 ) ;
#5305 = ORIENTED_EDGE ( 'NONE', *, *, #5199, .T. ) ;
#5306 = ORIENTED_EDGE ( 'NONE', *, *, #666, .F. ) ;
#5307 = CARTESIAN_POINT ( 'NONE',  ( 0.4561674782086251878, 0.04500733388959446413, -0.1837617719031823249 ) ) ;
#5308 = FILL_AREA_STYLE_COLOUR ( '', #2720 ) ;
#5309 = SURFACE_STYLE_USAGE ( .BOTH. , #4231 ) ;
#5310 = DIMENSIONAL_EXPONENTS ( 1.000000000000000000, 0.0000000000000000000, 0.0000000000000000000, 0.0000000000000000000, 0.0000000000000000000, 0.0000000000000000000, 0.0000000000000000000 ) ;
#5311 = EDGE_CURVE ( 'NONE', #4215, #4941, #2772, .T. ) ;
#5312 = ORIENTED_EDGE ( 'NONE', *, *, #4744, .F. ) ;
#5313 = CARTESIAN_POINT ( 'NONE',  ( 0.2031529521231688895, -0.008688119764420850627, -0.08789370103680482771 ) ) ;
#5314 = CARTESIAN_POINT ( 'NONE',  ( 0.1843617094242558652, -0.02585880784268854496, -0.1477362207218441970 ) ) ;
#5315 = VECTOR ( 'NONE', #3704, 39.37007874015748143 ) ;
#5316 = CARTESIAN_POINT ( 'NONE',  ( 0.3928014512908295508, 0.1198104834959331788, -0.03600393725668726147 ) ) ;
#5317 = LENGTH_MEASURE_WITH_UNIT ( LENGTH_MEASURE( 0.02539999999999999897 ), #292 );
#5318 = FACE_OUTER_BOUND ( 'NONE', #4097, .T. ) ;
#5319 = DIRECTION ( 'NONE',  ( 7.913884470697100119E-16, -6.123233995736895458E-17, 1.000000000000000000 ) ) ;
#5320 =( CONVERSION_BASED_UNIT ( 'INCH', #2794 ) LENGTH_UNIT ( ) NAMED_UNIT ( #7580 ) );
#5321 =( GEOMETRIC_REPRESENTATION_CONTEXT ( 3 ) GLOBAL_UNCERTAINTY_ASSIGNED_CONTEXT ( ( #7051 ) ) GLOBAL_UNIT_ASSIGNED_CONTEXT ( ( #2400, #6127, #6748 ) ) REPRESENTATION_CONTEXT ( 'NONE', 'WORKASPACE' ) );
#5322 = B_SPLINE_CURVE_WITH_KNOTS ( 'NONE', 3,
 ( #4910, #7324, #6169, #476, #1720, #1679, #6078, #5463, #387, #4790 ),
 .UNSPECIFIED., .F., .F.,
 ( 4, 3, 3, 4 ),
 ( 2.354298271323330150E-17, 5.232092011450755555E-05, 0.0001048841986583170583, 0.0001556114547149432142 ),
 .UNSPECIFIED. ) ;
#5323 = SURFACE_SIDE_STYLE ('',( #908 ) ) ;
#5324 = VERTEX_POINT ( 'NONE', #727 ) ;
#5325 = DIRECTION ( 'NONE',  ( 8.234490263801784106E-12, -1.353889066150678860E-26, -1.000000000000000000 ) ) ;
#5326 = CARTESIAN_POINT ( 'NONE',  ( 0.4561674782086246882, 0.04500733388959448494, -0.08376177190318229160 ) ) ;
#5327 = SURFACE_STYLE_FILL_AREA ( #6418 ) ;
#5328 =( NAMED_UNIT ( * ) SI_UNIT ( $, .STERADIAN. ) SOLID_ANGLE_UNIT ( ) );
#5329 =( LENGTH_UNIT ( ) NAMED_UNIT ( * ) SI_UNIT ( $, .METRE. ) );
#5330 = ORIENTED_EDGE ( 'NONE', *, *, #4350, .T. ) ;
#5331 = VECTOR ( 'NONE', #4123, 39.37007874015748143 ) ;
#5332 = AXIS2_PLACEMENT_3D ( 'NONE', #537, #6405, #4493 ) ;
#5333 = AXIS2_PLACEMENT_3D ( 'NONE', #1378, #7064, #5282 ) ;
#5334 = DIRECTION ( 'NONE',  ( 0.0000000000000000000, 0.0000000000000000000, 1.000000000000000000 ) ) ;
#5335 = VERTEX_POINT ( 'NONE', #3277 ) ;
#5336 = FILL_AREA_STYLE ('',( #2732 ) ) ;
#5337 = CARTESIAN_POINT ( 'NONE',  ( 0.5147208482177773048, -0.01929016831111300331, -0.1462335930107938609 ) ) ;
#5338 = VECTOR ( 'NONE', #3909, 39.37007874015748143 ) ;
#5339 = CIRCLE ( 'NONE', #1093, 0.007874015748031489015 ) ;
#5340 = ORIENTED_EDGE ( 'NONE', *, *, #7537, .F. ) ;
#5341 = VECTOR ( 'NONE', #3108, 39.37007874015748143 ) ;
#5342 = ORIENTED_EDGE ( 'NONE', *, *, #3282, .T. ) ;
#5343 = DIRECTION ( 'NONE',  ( 1.748601263784621748E-15, 0.0000000000000000000, -1.000000000000000000 ) ) ;
#5344 = EDGE_CURVE ( 'NONE', #570, #1611, #5797, .T. ) ;
#5345 = ORIENTED_EDGE ( 'NONE', *, *, #7583, .F. ) ;
#5346 = EDGE_CURVE ( 'NONE', #1182, #2022, #7770, .T. ) ;
#5347 = LENGTH_MEASURE_WITH_UNIT ( LENGTH_MEASURE( 0.02539999999999999897 ), #1367 );
#5348 = CYLINDRICAL_SURFACE ( 'NONE', #7970, 0.007874015748031495954 ) ;
#5349 = EDGE_CURVE ( 'NONE', #772, #4396, #3777, .T. ) ;
#5350 =( GEOMETRIC_REPRESENTATION_CONTEXT ( 3 ) GLOBAL_UNCERTAINTY_ASSIGNED_CONTEXT ( ( #650 ) ) GLOBAL_UNIT_ASSIGNED_CONTEXT ( ( #2889, #5251, #7159 ) ) REPRESENTATION_CONTEXT ( 'NONE', 'WORKASPACE' ) );
#5351 = CIRCLE ( 'NONE', #2576, 0.007874015748031499423 ) ;
#5352 = LINE ( 'NONE', #171, #6534 ) ;
#5353 = EDGE_LOOP ( 'NONE', ( #5036, #4743, #6850, #5889 ) ) ;
#5354 = DIRECTION ( 'NONE',  ( -1.748601263784622143E-15, 0.0000000000000000000, 1.000000000000000000 ) ) ;
#5355 = PRESENTATION_LAYER_ASSIGNMENT (  '', '', ( #7083 ) ) ;
#5356 = EDGE_LOOP ( 'NONE', ( #3794, #3829, #7183, #2062 ) ) ;
#5357 = CARTESIAN_POINT ( 'NONE',  ( 0.1585494827869405876, -0.02585880784268849639, -0.08789370103680489710 ) ) ;
#5358 = EDGE_CURVE ( 'NONE', #5044, #849, #2195, .T. ) ;
#5359 = FILL_AREA_STYLE_COLOUR ( '', #4524 ) ;
#5360 = DIRECTION ( 'NONE',  ( 1.644517855226008195E-15, 1.000000000000000000, 2.890435660536364269E-30 ) ) ;
#5361 =( NAMED_UNIT ( * ) PLANE_ANGLE_UNIT ( ) SI_UNIT ( $, .RADIAN. ) );
#5362 = DIRECTION ( 'NONE',  ( 1.748601263784621748E-15, 0.0000000000000000000, -1.000000000000000000 ) ) ;
#5363 = CARTESIAN_POINT ( 'NONE',  ( 0.1972323944382713412, 0.02914268067976814522, -0.08789370103680482771 ) ) ;
#5364 = DIRECTION ( 'NONE',  ( 1.644517855226008195E-15, 1.000000000000000000, 2.890435660536364269E-30 ) ) ;
#5365 = EDGE_CURVE ( 'NONE', #1133, #5435, #5465, .T. ) ;
#5366 = DIMENSIONAL_EXPONENTS ( 1.000000000000000000, 0.0000000000000000000, 0.0000000000000000000, 0.0000000000000000000, 0.0000000000000000000, 0.0000000000000000000, 0.0000000000000000000 ) ;
#5367 = DIRECTION ( 'NONE',  ( 1.644517855226008195E-15, 1.000000000000000000, 2.890435660536364269E-30 ) ) ;
#5368 = ORIENTED_EDGE ( 'NONE', *, *, #5700, .F. ) ;
#5369 = FACE_OUTER_BOUND ( 'NONE', #670, .T. ) ;
#5370 = CARTESIAN_POINT ( 'NONE',  ( 0.2532616618757507210, 0.04500733388959482495, -0.07814324995916692440 ) ) ;
#5371 =( CONVERSION_BASED_UNIT ( 'INCH', #4862 ) LENGTH_UNIT ( ) NAMED_UNIT ( #5366 ) );
#5372 = VECTOR ( 'NONE', #7455, 39.37007874015748143 ) ;
#5373 = CARTESIAN_POINT ( 'NONE',  ( 0.2031529521231687785, -0.008688119764420850627, -0.02726377977696231580 ) ) ;
#5374 = CARTESIAN_POINT ( 'NONE',  ( 0.4998417493308330850, 0.02811385722240937468, -0.08789370103629075281 ) ) ;
#5375 = ORIENTED_EDGE ( 'NONE', *, *, #7084, .F. ) ;
#5376 = VECTOR ( 'NONE', #7514, 39.37007874015748143 ) ;
#5377 = DIRECTION ( 'NONE',  ( -1.644517855226007801E-15, -1.000000000000000000, 6.888556729901404633E-28 ) ) ;
#5378 = B_SPLINE_CURVE_WITH_KNOTS ( 'NONE', 3,
 ( #7056, #1370, #743, #3907, #7708, #2040 ),
 .UNSPECIFIED., .F., .F.,
 ( 4, 2, 4 ),
 ( 0.001980311538730939423, 0.001981246981108088310, 0.001982182423485237197 ),
 .UNSPECIFIED. ) ;
#5379 = CARTESIAN_POINT ( 'NONE',  ( 0.2372226159726404382, 0.04500733388959485270, -0.02726377977696224642 ) ) ;
#5380 = CARTESIAN_POINT ( 'NONE',  ( 0.2389260676734684674, 0.03516481420629898741, -0.2272637797758069733 ) ) ;
#5381 = ORIENTED_EDGE ( 'NONE', *, *, #7034, .T. ) ;
#5382 =( LENGTH_UNIT ( ) NAMED_UNIT ( * ) SI_UNIT ( $, .METRE. ) );
#5383 = CARTESIAN_POINT ( 'NONE',  ( 0.4998417493303342063, 0.02811385722240935386, -0.1272637797764482603 ) ) ;
#5384 = PRESENTATION_LAYER_ASSIGNMENT (  '', '', ( #6579 ) ) ;
#5385 = ORIENTED_EDGE ( 'NONE', *, *, #1744, .F. ) ;
#5386 = DIRECTION ( 'NONE',  ( 0.4273849608879177753, -7.028421992352470748E-16, -0.9040697402340335254 ) ) ;
#5387 = VERTEX_POINT ( 'NONE', #351 ) ;
#5388 = PLANE ( 'NONE',  #4858 ) ;
#5389 = VERTEX_POINT ( 'NONE', #7853 ) ;
#5390 = DIRECTION ( 'NONE',  ( 1.644517855226007801E-15, 1.000000000000000000, 2.890435660536363919E-30 ) ) ;
#5391 = CARTESIAN_POINT ( 'NONE',  ( 0.3928014512908295508, 0.1060309559368544235, -0.08238189001259189903 ) ) ;
#5392 = UNCERTAINTY_MEASURE_WITH_UNIT (LENGTH_MEASURE( 1.000000000000000082E-05 ), #5031, 'distance_accuracy_value', 'NONE');
#5393 = AXIS2_PLACEMENT_3D ( 'NONE', #1865, #2034, #690 ) ;
#5394 = DIRECTION ( 'NONE',  ( -1.000000000000000000, 1.626303258728259609E-15, -2.168404344971012812E-15 ) ) ;
#5395 = EDGE_LOOP ( 'NONE', ( #3492, #2801, #638, #5052, #3559, #5474, #6362, #945, #3380, #7006, #128, #3858, #3509, #328 ) ) ;
#5396 = EDGE_CURVE ( 'NONE', #6382, #7855, #4752, .T. ) ;
#5397 = CARTESIAN_POINT ( 'NONE',  ( 0.2019811918225118130, -0.01983667431789453914, -0.04581343370859897873 ) ) ;
#5398 = CIRCLE ( 'NONE', #754, 0.007874015748031501158 ) ;
#5399 = VERTEX_POINT ( 'NONE', #7977 ) ;
#5400 = FILL_AREA_STYLE ('',( #4280 ) ) ;
#5401 = FILL_AREA_STYLE_COLOUR ( '', #2227 ) ;
#5402 = DIRECTION ( 'NONE',  ( -1.644517855226007801E-15, -1.000000000000000000, -2.890435660536363919E-30 ) ) ;
#5403 = CARTESIAN_POINT ( 'NONE',  ( 0.2313841284563806500, 0.03516481420463422880, -0.08789370103625360198 ) ) ;
#5404 = DIRECTION ( 'NONE',  ( 0.9578261432953980581, 0.2873483586517651123, -7.047314121155771721E-15 ) ) ;
#5405 = AXIS2_PLACEMENT_3D ( 'NONE', #497, #5646, #3695 ) ;
#5406 = ADVANCED_FACE ( 'NONE', ( #6000 ), #4182, .T. ) ;
#5407 = EDGE_CURVE ( 'NONE', #7869, #2921, #7286, .T. ) ;
#5408 = ORIENTED_EDGE ( 'NONE', *, *, #7330, .T. ) ;
#5409 = EDGE_CURVE ( 'NONE', #1591, #832, #4834, .T. ) ;
#5410 = FACE_OUTER_BOUND ( 'NONE', #4037, .T. ) ;
#5411 = CARTESIAN_POINT ( 'NONE',  ( 0.1585494827869409484, -0.02585880784268851026, -0.1477362207218442802 ) ) ;
#5412 = FILL_AREA_STYLE ('',( #5536 ) ) ;
#5413 = PRESENTATION_STYLE_ASSIGNMENT (( #378 ) ) ;
#5414 = DIRECTION ( 'NONE',  ( -1.000000000000000000, 1.644517855226007801E-15, -1.748601263784622143E-15 ) ) ;
#5415 = DIRECTION ( 'NONE',  ( -4.243133622236443522E-11, 0.0000000000000000000, -1.000000000000000000 ) ) ;
#5416 = ORIENTED_EDGE ( 'NONE', *, *, #2726, .T. ) ;
#5417 = EDGE_CURVE ( 'NONE', #2570, #135, #434, .T. ) ;
#5418 = CARTESIAN_POINT ( 'NONE',  ( 0.1585494827869405321, -0.02585880784268849639, -0.04773622072184426079 ) ) ;
#5419 = DIRECTION ( 'NONE',  ( 1.000000000000000000, -1.644517855226007801E-15, -2.328659748462362256E-10 ) ) ;
#5420 = LINE ( 'NONE', #6745, #7681 ) ;
#5421 = VERTEX_POINT ( 'NONE', #4222 ) ;
#5422 = DIRECTION ( 'NONE',  ( 1.644517855226008195E-15, 1.000000000000000000, 2.890435660536364269E-30 ) ) ;
#5423 = DIMENSIONAL_EXPONENTS ( 1.000000000000000000, 0.0000000000000000000, 0.0000000000000000000, 0.0000000000000000000, 0.0000000000000000000, 0.0000000000000000000, 0.0000000000000000000 ) ;
#5424 = STYLED_ITEM ( 'NONE', ( #6744 ), #383 ) ;
#5425 = EDGE_LOOP ( 'NONE', ( #7496, #3968, #4754, #4059, #3314, #4226 ) ) ;
#5426 = DIRECTION ( 'NONE',  ( -1.000000000000000000, 1.644517855226007801E-15, 3.935361670218154972E-13 ) ) ;
#5427 = ORIENTED_EDGE ( 'NONE', *, *, #6107, .T. ) ;
#5428 = DIRECTION ( 'NONE',  ( -1.000000000000000000, 1.644517855226007801E-15, -1.748601263784621748E-15 ) ) ;
#5429 = ORIENTED_EDGE ( 'NONE', *, *, #5041, .F. ) ;
#5430 =( GEOMETRIC_REPRESENTATION_CONTEXT ( 3 ) GLOBAL_UNCERTAINTY_ASSIGNED_CONTEXT ( ( #6486 ) ) GLOBAL_UNIT_ASSIGNED_CONTEXT ( ( #4817, #1035, #7910 ) ) REPRESENTATION_CONTEXT ( 'NONE', 'WORKASPACE' ) );
#5431 = LINE ( 'NONE', #1109, #4307 ) ;
#5432 = DIRECTION ( 'NONE',  ( -1.748601263784621946E-15, 0.0000000000000000000, 1.000000000000000000 ) ) ;
#5433 = AXIS2_PLACEMENT_3D ( 'NONE', #3148, #6954, #1855 ) ;
#5434 = CARTESIAN_POINT ( 'NONE',  ( 0.3928014512908295508, 0.1020939480628583751, -0.08218503961889118969 ) ) ;
#5435 = VERTEX_POINT ( 'NONE', #3475 ) ;
#5436 =( LENGTH_UNIT ( ) NAMED_UNIT ( * ) SI_UNIT ( $, .METRE. ) );
#5437 = VERTEX_POINT ( 'NONE', #313 ) ;
#5438 = CARTESIAN_POINT ( 'NONE',  ( 0.3140612938105263319, 0.1020939480628585000, -0.03297244119349745928 ) ) ;
#5439 = DIRECTION ( 'NONE',  ( 0.0000000000000000000, -1.000000000000000000, 0.0000000000000000000 ) ) ;
#5440 = LINE ( 'NONE', #7951, #6474 ) ;
#5441 =( NAMED_UNIT ( * ) SI_UNIT ( $, .STERADIAN. ) SOLID_ANGLE_UNIT ( ) );
#5442 = CARTESIAN_POINT ( 'NONE',  ( 0.3928014512908299394, 0.1020939480628583473, -0.1821850396188912091 ) ) ;
#5443 = VECTOR ( 'NONE', #417, 39.37007874015748143 ) ;
#5444 = DIRECTION ( 'NONE',  ( 0.2761728431768883940, -0.9205744918961651369, -0.2761723475688889207 ) ) ;
#5445 = VECTOR ( 'NONE', #5686, 39.37007874015748143 ) ;
#5446 = ORIENTED_EDGE ( 'NONE', *, *, #930, .F. ) ;
#5447 = PLANE ( 'NONE',  #2480 ) ;
#5448 = DIRECTION ( 'NONE',  ( 0.0000000000000000000, 0.0000000000000000000, -1.000000000000000000 ) ) ;
#5449 = FACE_OUTER_BOUND ( 'NONE', #7201, .T. ) ;
#5450 = CARTESIAN_POINT ( 'NONE',  ( 0.2372226159726802952, 0.03516481420455546542, -0.1878937010362142224 ) ) ;
#5451 = EDGE_CURVE ( 'NONE', #4326, #3452, #1722, .T. ) ;
#5452 = LINE ( 'NONE', #6700, #810 ) ;
#5453 = ORIENTED_EDGE ( 'NONE', *, *, #1695, .T. ) ;
#5454 = EDGE_CURVE ( 'NONE', #2494, #3804, #1556, .T. ) ;
#5455 = CARTESIAN_POINT ( 'NONE',  ( 0.1904872377637638059, -0.02303665104868023866, -0.1674212600919229299 ) ) ;
#5456 = VECTOR ( 'NONE', #971, 39.37007874015748143 ) ;
#5457 = EDGE_CURVE ( 'NONE', #7322, #3240, #3930, .T. ) ;
#5458 = AXIS2_PLACEMENT_3D ( 'NONE', #2468, #3124, #5648 ) ;
#5459 = SURFACE_STYLE_USAGE ( .BOTH. , #1513 ) ;
#5460 = CIRCLE ( 'NONE', #2953, 0.007874015748031494219 ) ;
#5461 = CARTESIAN_POINT ( 'NONE',  ( 0.4254818849634284805, 0.1217789874329370248, -0.1831692915873951444 ) ) ;
#5462 = VERTEX_POINT ( 'NONE', #7931 ) ;
#5463 = CARTESIAN_POINT ( 'NONE',  ( 0.1906159070057860672, -0.02281331161264240140, -0.1476942553199272201 ) ) ;
#5464 = EDGE_CURVE ( 'NONE', #2458, #4197, #5965, .T. ) ;
#5465 = LINE ( 'NONE', #5383, #1786 ) ;
#5466 = PRESENTATION_LAYER_ASSIGNMENT (  '', '', ( #812 ) ) ;
#5467 = EDGE_CURVE ( 'NONE', #634, #3319, #7327, .T. ) ;
#5468 = CIRCLE ( 'NONE', #7707, 0.005905511811023620231 ) ;
#5469 = ORIENTED_EDGE ( 'NONE', *, *, #7766, .T. ) ;
#5470 = DIRECTION ( 'NONE',  ( -1.712519015484303964E-10, -1.000000000000000000, 0.0000000000000000000 ) ) ;
#5471 = VERTEX_POINT ( 'NONE', #1137 ) ;
#5472 =( NAMED_UNIT ( * ) PLANE_ANGLE_UNIT ( ) SI_UNIT ( $, .RADIAN. ) );
#5473 = VECTOR ( 'NONE', #784, 39.37007874015748143 ) ;
#5474 = ORIENTED_EDGE ( 'NONE', *, *, #930, .T. ) ;
#5475 = CARTESIAN_POINT ( 'NONE',  ( 0.5172050357898655415, -0.02375406862796464874, -0.06742126009126593600 ) ) ;
#5476 = SURFACE_STYLE_USAGE ( .BOTH. , #2951 ) ;
#5477 = SURFACE_SIDE_STYLE ('',( #7817 ) ) ;
#5478 = UNCERTAINTY_MEASURE_WITH_UNIT (LENGTH_MEASURE( 1.000000000000000082E-05 ), #2708, 'distance_accuracy_value', 'NONE');
#5479 = DIMENSIONAL_EXPONENTS ( 1.000000000000000000, 0.0000000000000000000, 0.0000000000000000000, 0.0000000000000000000, 0.0000000000000000000, 0.0000000000000000000, 0.0000000000000000000 ) ;
#5480 = CIRCLE ( 'NONE', #2172, 0.005905511811027564992 ) ;
#5481 = AXIS2_PLACEMENT_3D ( 'NONE', #3638, #7450, #3673 ) ;
#5482 = ORIENTED_EDGE ( 'NONE', *, *, #3172, .T. ) ;
#5483 = CARTESIAN_POINT ( 'NONE',  ( 0.4754786166452190099, 0.04240671319253163513, -0.2272637797758073896 ) ) ;
#5484 = ORIENTED_EDGE ( 'NONE', *, *, #7133, .T. ) ;
#5485 = FILL_AREA_STYLE ('',( #6145 ) ) ;
#5486 = CARTESIAN_POINT ( 'NONE',  ( 0.4625214697563023170, 0.03516481420455509072, -0.1833849212005051743 ) ) ;
#5487 = DIRECTION ( 'NONE',  ( -1.644517855226007801E-15, -1.000000000000000000, -2.875605999964572744E-30 ) ) ;
#5488 = DIRECTION ( 'NONE',  ( -2.171873791922961836E-11, 0.0000000000000000000, 1.000000000000000000 ) ) ;
#5489 = VECTOR ( 'NONE', #880, 39.37007874015748143 ) ;
#5490 = VECTOR ( 'NONE', #7761, 39.37007874015748143 ) ;
#5491 =( LENGTH_UNIT ( ) NAMED_UNIT ( * ) SI_UNIT ( $, .METRE. ) );
#5492 = CARTESIAN_POINT ( 'NONE',  ( 0.3928014512908299949, 0.1021333181416024388, -0.1329724411934976036 ) ) ;
#5493 = EDGE_LOOP ( 'NONE', ( #7545, #402, #25, #3155, #1640, #7383 ) ) ;
#5494 = CARTESIAN_POINT ( 'NONE',  ( 0.4561674782056329702, 0.03516481420455509765, -0.1778562600920799708 ) ) ;
#5495 =( LENGTH_UNIT ( ) NAMED_UNIT ( * ) SI_UNIT ( $, .METRE. ) );
#5496 = DIRECTION ( 'NONE',  ( -0.1045284632676950626, 0.9945218953682689600, -8.607386130680116915E-13 ) ) ;
#5497 = FILL_AREA_STYLE ('',( #2693 ) ) ;
#5498 = DIRECTION ( 'NONE',  ( 1.644517855226008195E-15, 1.000000000000000000, 2.890435660536364269E-30 ) ) ;
#5499 = ORIENTED_EDGE ( 'NONE', *, *, #2733, .F. ) ;
#5500 = DIRECTION ( 'NONE',  ( -0.9945218953682685159, 0.1045284632676983655, -1.739022243102431967E-15 ) ) ;
#5501 = VECTOR ( 'NONE', #3980, 39.37007874015748143 ) ;
#5502 = ADVANCED_FACE ( 'NONE', ( #1098 ), #3644, .T. ) ;
#5503 = FACE_OUTER_BOUND ( 'NONE', #4614, .T. ) ;
#5504 = EDGE_CURVE ( 'NONE', #5620, #1977, #518, .T. ) ;
#5505 = AXIS2_PLACEMENT_3D ( 'NONE', #1174, #8096, #478 ) ;
#5506 = VERTEX_POINT ( 'NONE', #6246 ) ;
#5507 = EDGE_CURVE ( 'NONE', #3333, #5462, #5701, .T. ) ;
#5508 = SURFACE_STYLE_USAGE ( .BOTH. , #2983 ) ;
#5509 = DIRECTION ( 'NONE',  ( -1.000000000000000000, 1.644517855226007801E-15, -1.778650912156784690E-12 ) ) ;
#5510 = VERTEX_POINT ( 'NONE', #4378 ) ;
#5511 = DIRECTION ( 'NONE',  ( -1.650367342786774274E-12, 1.000000000000000000, -2.885819591645249798E-27 ) ) ;
#5512 = STYLED_ITEM ( 'NONE', ( #5863 ), #5657 ) ;
#5513 = EDGE_CURVE ( 'NONE', #4755, #6128, #2447, .T. ) ;
#5514 = EDGE_CURVE ( 'NONE', #799, #1796, #3383, .T. ) ;
#5515 = EDGE_LOOP ( 'NONE', ( #6229, #5427, #4503, #5883 ) ) ;
#5516 = EDGE_CURVE ( 'NONE', #6864, #4783, #2564, .T. ) ;
#5517 =( CONVERSION_BASED_UNIT ( 'INCH', #7414 ) LENGTH_UNIT ( ) NAMED_UNIT ( #6108 ) );
#5518 =( GEOMETRIC_REPRESENTATION_CONTEXT ( 3 ) GLOBAL_UNCERTAINTY_ASSIGNED_CONTEXT ( ( #1821 ) ) GLOBAL_UNIT_ASSIGNED_CONTEXT ( ( #266, #2849, #2228 ) ) REPRESENTATION_CONTEXT ( 'NONE', 'WORKASPACE' ) );
#5519 = DIMENSIONAL_EXPONENTS ( 1.000000000000000000, 0.0000000000000000000, 0.0000000000000000000, 0.0000000000000000000, 0.0000000000000000000, 0.0000000000000000000, 0.0000000000000000000 ) ;
#5520 = CARTESIAN_POINT ( 'NONE',  ( 0.5047076986980293389, -0.01818255847635045705, -0.04379921284727431030 ) ) ;
#5521 = DIRECTION ( 'NONE',  ( 1.951563910474197493E-15, -6.123233995737086511E-17, 1.000000000000000000 ) ) ;
#5522 = ADVANCED_FACE ( 'NONE', ( #5037 ), #2488, .F. ) ;
#5523 = EDGE_LOOP ( 'NONE', ( #6354, #4952, #579, #2936, #7373, #653, #1995, #3597 ) ) ;
#5524 = CARTESIAN_POINT ( 'NONE',  ( 0.4726510730673783578, 0.03769413434112270367, -0.2272637797758073619 ) ) ;
#5525 = ORIENTED_EDGE ( 'NONE', *, *, #3169, .T. ) ;
#5526 = LINE ( 'NONE', #5132, #2419 ) ;
#5527 = PLANE ( 'NONE',  #3553 ) ;
#5528 = COLOUR_RGB ( '',0.7607843137254901578, 0.7607843137254901578, 0.0000000000000000000 ) ;
#5529 = AXIS2_PLACEMENT_3D ( 'NONE', #1274, #4480, #7005 ) ;
#5530 = CARTESIAN_POINT ( 'NONE',  ( 0.4696401291286639856, 0.03516481420483068970, -0.02726377977696183702 ) ) ;
#5531 = CARTESIAN_POINT ( 'NONE',  ( 0.1585494827869405321, -0.03570132752772788021, -0.06742126009192302150 ) ) ;
#5532 = FACE_OUTER_BOUND ( 'NONE', #5802, .T. ) ;
#5533 = VERTEX_POINT ( 'NONE', #1892 ) ;
#5534 = DIRECTION ( 'NONE',  ( -8.247014182617143564E-13, 6.985523270895014608E-13, -1.000000000000000000 ) ) ;
#5535 =( NAMED_UNIT ( * ) PLANE_ANGLE_UNIT ( ) SI_UNIT ( $, .RADIAN. ) );
#5536 = FILL_AREA_STYLE_COLOUR ( '', #6110 ) ;
#5537 = CARTESIAN_POINT ( 'NONE',  ( 0.5050327824129664522, -0.02127552341817107173, -0.04706685266291878167 ) ) ;
#5538 = CARTESIAN_POINT ( 'NONE',  ( 0.5048815532786116167, -0.01983667431789089622, -0.1458134337080575771 ) ) ;
#5539 = EDGE_LOOP ( 'NONE', ( #2643, #2415, #2068, #1960 ) ) ;
#5540 = CARTESIAN_POINT ( 'NONE',  ( 0.5092218448044577572, -0.01405121771457881752, -0.07765748056377258512 ) ) ;
#5541 = VECTOR ( 'NONE', #3245, 39.37007874015748143 ) ;
#5542 =( GEOMETRIC_REPRESENTATION_CONTEXT ( 3 ) GLOBAL_UNCERTAINTY_ASSIGNED_CONTEXT ( ( #1731 ) ) GLOBAL_UNIT_ASSIGNED_CONTEXT ( ( #2159, #1525, #4882 ) ) REPRESENTATION_CONTEXT ( 'NONE', 'WORKASPACE' ) );
#5543 =( NAMED_UNIT ( * ) PLANE_ANGLE_UNIT ( ) SI_UNIT ( $, .RADIAN. ) );
#5544 = ORIENTED_EDGE ( 'NONE', *, *, #4194, .F. ) ;
#5545 = DIRECTION ( 'NONE',  ( -0.9945218953682690710, -0.1045284632676950765, -8.189380864547705479E-12 ) ) ;
#5546 = DIRECTION ( 'NONE',  ( -1.748601263784622143E-15, 0.0000000000000000000, 1.000000000000000000 ) ) ;
#5547 = ORIENTED_EDGE ( 'NONE', *, *, #3225, .F. ) ;
#5548 = CARTESIAN_POINT ( 'NONE',  ( 0.2313841284563806500, 0.03516481420463422880, -0.08789370103625360198 ) ) ;
#5549 = PRODUCT_RELATED_PRODUCT_CATEGORY ( 'part', '', ( #6624 ) ) ;
#5550 = DIRECTION ( 'NONE',  ( 0.6691306063588805531, 0.7431448254773741491, 5.509674506755219810E-12 ) ) ;
#5551 =( NAMED_UNIT ( * ) SI_UNIT ( $, .STERADIAN. ) SOLID_ANGLE_UNIT ( ) );
#5552 = ORIENTED_EDGE ( 'NONE', *, *, #127, .T. ) ;
#5553 = ORIENTED_EDGE ( 'NONE', *, *, #5311, .T. ) ;
#5554 = CARTESIAN_POINT ( 'NONE',  ( 0.5065489955218345219, -0.03570132752772845613, -0.1272637797763929990 ) ) ;
#5555 = CARTESIAN_POINT ( 'NONE',  ( 0.1585494827869409484, -0.03570132752772788715, -0.1674212600919230409 ) ) ;
#5556 = ADVANCED_FACE ( 'NONE', ( #6905 ), #3720, .F. ) ;
#5557 = MECHANICAL_DESIGN_GEOMETRIC_PRESENTATION_REPRESENTATION (  '', ( #1170 ), #1312 ) ;
#5558 = EDGE_CURVE ( 'NONE', #3385, #3198, #555, .T. ) ;
#5559 = UNCERTAINTY_MEASURE_WITH_UNIT (LENGTH_MEASURE( 1.000000000000000082E-05 ), #6043, 'distance_accuracy_value', 'NONE');
#5560 = EDGE_CURVE ( 'NONE', #3971, #3333, #1850, .T. ) ;
#5561 = CIRCLE ( 'NONE', #2645, 0.007874015748031501158 ) ;
#5562 = ORIENTED_EDGE ( 'NONE', *, *, #6023, .F. ) ;
#5563 = CARTESIAN_POINT ( 'NONE',  ( 0.4536010832257903469, 0.03516481420455510459, -0.1036417325328673755 ) ) ;
#5564 = ORIENTED_EDGE ( 'NONE', *, *, #6054, .T. ) ;
#5565 = LENGTH_MEASURE_WITH_UNIT ( LENGTH_MEASURE( 0.02539999999999999897 ), #3074 );
#5566 =( NAMED_UNIT ( * ) PLANE_ANGLE_UNIT ( ) SI_UNIT ( $, .RADIAN. ) );
#5567 = DIRECTION ( 'NONE',  ( 1.000000000000000000, -1.644517855226007801E-15, 1.748601263784621748E-15 ) ) ;
#5568 = LINE ( 'NONE', #5015, #3488 ) ;
#5569 = ADVANCED_FACE ( 'NONE', ( #8144 ), #6204, .T. ) ;
#5570 = SURFACE_SIDE_STYLE ('',( #6063 ) ) ;
#5571 = LINE ( 'NONE', #7353, #3731 ) ;
#5572 = ORIENTED_EDGE ( 'NONE', *, *, #666, .T. ) ;
#5573 = CARTESIAN_POINT ( 'NONE',  ( 0.2443412753443728047, 0.03516481420455546542, -0.08338492120117488304 ) ) ;
#5574 = AXIS2_PLACEMENT_3D ( 'NONE', #2147, #5169, #5961 ) ;
#5575 =( CONVERSION_BASED_UNIT ( 'INCH', #3746 ) LENGTH_UNIT ( ) NAMED_UNIT ( #5999 ) );
#5576 = CARTESIAN_POINT ( 'NONE',  ( 0.1843617094242558652, -0.03570132752772792184, -0.1674212600919229854 ) ) ;
#5577 =( NAMED_UNIT ( * ) SI_UNIT ( $, .STERADIAN. ) SOLID_ANGLE_UNIT ( ) );
#5578 = EDGE_LOOP ( 'NONE', ( #6495, #5267, #3041, #7402 ) ) ;
#5579 = CARTESIAN_POINT ( 'NONE',  ( 0.1921925904901478632, -0.01880785086054885882, -0.1693440471051373131 ) ) ;
#5580 = CIRCLE ( 'NONE', #270, 0.005905511811019665928 ) ;
#5581 = CARTESIAN_POINT ( 'NONE',  ( 0.5050328009654269090, -0.02127569993139008867, -0.06809047438447828060 ) ) ;
#5582 = SURFACE_SIDE_STYLE ('',( #4422 ) ) ;
#5583 = EDGE_LOOP ( 'NONE', ( #1601, #1905, #515, #2030 ) ) ;
#5584 = CARTESIAN_POINT ( 'NONE',  ( 0.5225010356770470876, -0.02585880784268910701, -0.1674212600912223792 ) ) ;
#5585 = CARTESIAN_POINT ( 'NONE',  ( 0.1976409002969287398, -0.01405121771457830404, -0.07765748056436388991 ) ) ;
#5586 = MECHANICAL_DESIGN_GEOMETRIC_PRESENTATION_REPRESENTATION (  '', ( #398 ), #4775 ) ;
#5587 = DIRECTION ( 'NONE',  ( -9.825161517791774651E-12, 1.000000000000000000, 2.131628207298828060E-13 ) ) ;
#5588 = LINE ( 'NONE', #601, #7358 ) ;
#5589 = PLANE ( 'NONE',  #4017 ) ;
#5590 = DIRECTION ( 'NONE',  ( 1.644517855226008195E-15, 1.000000000000000000, 2.890435660536364269E-30 ) ) ;
#5591 = ORIENTED_EDGE ( 'NONE', *, *, #6117, .F. ) ;
#5592 = CARTESIAN_POINT ( 'NONE',  ( 0.5047076986980293389, -0.01818255847635045705, -0.04379921284727431030 ) ) ;
#5593 = DIRECTION ( 'NONE',  ( 0.1045284632676983655, 0.9945218953682685159, 1.827786029713617844E-16 ) ) ;
#5594 = PLANE ( 'NONE',  #1113 ) ;
#5595 = FACE_OUTER_BOUND ( 'NONE', #118, .T. ) ;
#5596 = COLOUR_RGB ( '',0.7607843137254901578, 0.7607843137254901578, 0.0000000000000000000 ) ;
#5597 = CIRCLE ( 'NONE', #2162, 0.005905511811027564124 ) ;
#5598 = ADVANCED_FACE ( 'NONE', ( #6651 ), #2837, .F. ) ;
#5599 = VECTOR ( 'NONE', #5947, 39.37007874015748143 ) ;
#5600 = EDGE_CURVE ( 'NONE', #6856, #6476, #6613, .T. ) ;
#5601 = ORIENTED_EDGE ( 'NONE', *, *, #6107, .F. ) ;
#5602 = LINE ( 'NONE', #401, #5261 ) ;
#5603 = ORIENTED_EDGE ( 'NONE', *, *, #4339, .T. ) ;
#5604 = DIRECTION ( 'NONE',  ( 1.000000000000000000, -1.582776894139425349E-15, 0.0000000000000000000 ) ) ;
#5605 = EDGE_CURVE ( 'NONE', #799, #6565, #2876, .T. ) ;
#5606 = DIRECTION ( 'NONE',  ( 0.6691306063588791098, 0.7431448254773753703, 5.509915440571338380E-12 ) ) ;
#5607 = CARTESIAN_POINT ( 'NONE',  ( 0.3140612938105267204, 0.1060309559368545484, -0.1327755907997967555 ) ) ;
#5608 = PRESENTATION_LAYER_ASSIGNMENT (  '', '', ( #4805 ) ) ;
#5609 = VECTOR ( 'NONE', #1448, 39.37007874015748143 ) ;
#5610 = CARTESIAN_POINT ( 'NONE',  ( 0.3142156862761680269, 0.1217789874329372468, -0.2272637797765944823 ) ) ;
#5611 = ADVANCED_FACE ( 'NONE', ( #791 ), #3340, .T. ) ;
#5612 = ORIENTED_EDGE ( 'NONE', *, *, #1689, .F. ) ;
#5613 = AXIS2_PLACEMENT_3D ( 'NONE', #3925, #5705, #602 ) ;
#5614 = LINE ( 'NONE', #1962, #7082 ) ;
#5615 = DIRECTION ( 'NONE',  ( -1.644517855226008195E-15, -1.000000000000000000, -2.890435660536364269E-30 ) ) ;
#5616 = DIRECTION ( 'NONE',  ( -8.247014182617143564E-13, 6.985523270895014608E-13, -1.000000000000000000 ) ) ;
#5617 = EDGE_CURVE ( 'NONE', #5324, #799, #7192, .T. ) ;
#5618 = CARTESIAN_POINT ( 'NONE',  ( 0.2313841284533489917, 0.03516481421632714627, 0.004564360868313389885 ) ) ;
#5619 = FILL_AREA_STYLE ('',( #3835 ) ) ;
#5620 = VERTEX_POINT ( 'NONE', #5403 ) ;
#5621 = CARTESIAN_POINT ( 'NONE',  ( 0.2313841284562322687, 0.03516481420455547235, -0.1272637797769622658 ) ) ;
#5622 = VECTOR ( 'NONE', #419, 39.37007874015748143 ) ;
#5623 = AXIS2_PLACEMENT_3D ( 'NONE', #5953, #7200, #259 ) ;
#5624 = CARTESIAN_POINT ( 'NONE',  ( 0.4578091021359867452, 0.003668751212429131620, -0.005563233721056288356 ) ) ;
#5625 = EDGE_LOOP ( 'NONE', ( #7790, #6027, #4029, #4905 ) ) ;
#5626 = CARTESIAN_POINT ( 'NONE',  ( 0.4554196763394121050, 0.03516481420455512541, -0.07785626009188305330 ) ) ;
#5627 =( LENGTH_UNIT ( ) NAMED_UNIT ( * ) SI_UNIT ( $, .METRE. ) );
#5628 = ORIENTED_EDGE ( 'NONE', *, *, #4087, .T. ) ;
#5629 = STYLED_ITEM ( 'NONE', ( #3823 ), #4999 ) ;
#5630 = LINE ( 'NONE', #8141, #7466 ) ;
#5631 = PRESENTATION_STYLE_ASSIGNMENT (( #2642 ) ) ;
#5632 = ORIENTED_EDGE ( 'NONE', *, *, #6672, .F. ) ;
#5633 = DIRECTION ( 'NONE',  ( -1.748601263784621748E-15, 0.0000000000000000000, 1.000000000000000000 ) ) ;
#5634 = VECTOR ( 'NONE', #4760, 39.37007874015748143 ) ;
#5635 = PRESENTATION_STYLE_ASSIGNMENT (( #6133 ) ) ;
#5636 = LINE ( 'NONE', #8147, #7801 ) ;
#5637 = ORIENTED_EDGE ( 'NONE', *, *, #4138, .T. ) ;
#5638 = SURFACE_STYLE_FILL_AREA ( #6339 ) ;
#5639 = VECTOR ( 'NONE', #7367, 39.37007874015748143 ) ;
#5640 = UNCERTAINTY_MEASURE_WITH_UNIT (LENGTH_MEASURE( 1.000000000000000082E-05 ), #2047, 'distance_accuracy_value', 'NONE');
#5641 = ORIENTED_EDGE ( 'NONE', *, *, #4983, .F. ) ;
#5642 =( GEOMETRIC_REPRESENTATION_CONTEXT ( 3 ) GLOBAL_UNCERTAINTY_ASSIGNED_CONTEXT ( ( #8191 ) ) GLOBAL_UNIT_ASSIGNED_CONTEXT ( ( #7633, #8160, #2544 ) ) REPRESENTATION_CONTEXT ( 'NONE', 'WORKASPACE' ) );
#5643 = ORIENTED_EDGE ( 'NONE', *, *, #5365, .F. ) ;
#5644 = CARTESIAN_POINT ( 'NONE',  ( 0.3140612938105267204, 0.1020939480628624135, -0.1329724411934974648 ) ) ;
#5645 = ORIENTED_EDGE ( 'NONE', *, *, #194, .F. ) ;
#5646 = DIRECTION ( 'NONE',  ( 1.644517855226008195E-15, 1.000000000000000000, 2.890435660536364269E-30 ) ) ;
#5647 = DIRECTION ( 'NONE',  ( 1.000000000000000000, 5.419062250743739597E-13, -3.925417528682153637E-13 ) ) ;
#5648 = DIRECTION ( 'NONE',  ( 0.09052430460837394832, 0.8612812260087769900, 0.4999999999999884537 ) ) ;
#5649 = ORIENTED_EDGE ( 'NONE', *, *, #3841, .T. ) ;
#5650 = CARTESIAN_POINT ( 'NONE',  ( 0.1843617094242552823, -0.01798479209465702819, 0.05177338557736839431 ) ) ;
#5651 = CARTESIAN_POINT ( 'NONE',  ( 0.3926470588251995686, 0.1217789874329371080, -0.007578740406095759927 ) ) ;
#5652 = CARTESIAN_POINT ( 'NONE',  ( 0.2532616618757506100, 0.04500733388959482495, -0.03701423085373388433 ) ) ;
#5653 = FILL_AREA_STYLE ('',( #5111 ) ) ;
#5654 = SURFACE_SIDE_STYLE ('',( #3747 ) ) ;
#5655 = ORIENTED_EDGE ( 'NONE', *, *, #4988, .T. ) ;
#5656 = DIRECTION ( 'NONE',  ( 1.582776894139421601E-15, -3.956942235348554004E-16, 1.000000000000000000 ) ) ;
#5657 = ADVANCED_FACE ( 'NONE', ( #7791 ), #4038, .F. ) ;
#5658 = CIRCLE ( 'NONE', #5529, 0.007874015748031490750 ) ;
#5659 = EDGE_CURVE ( 'NONE', #4664, #7334, #7499, .T. ) ;
#5660 = DIRECTION ( 'NONE',  ( 6.585704204198398416E-14, -1.000000000000000000, 1.151428772831583798E-28 ) ) ;
#5661 = VERTEX_POINT ( 'NONE', #5607 ) ;
#5662 = LENGTH_MEASURE_WITH_UNIT ( LENGTH_MEASURE( 0.02539999999999999897 ), #6990 );
#5663 = ORIENTED_EDGE ( 'NONE', *, *, #2986, .T. ) ;
#5664 = CARTESIAN_POINT ( 'NONE',  ( 0.4254818849634279809, 0.1217789874329370386, -0.08316929158739508332 ) ) ;
#5665 = LINE ( 'NONE', #2525, #6660 ) ;
#5666 = VERTEX_POINT ( 'NONE', #7392 ) ;
#5667 =( LENGTH_UNIT ( ) NAMED_UNIT ( * ) SI_UNIT ( $, .METRE. ) );
#5668 = ADVANCED_FACE ( 'NONE', ( #6190 ), #1742, .T. ) ;
#5669 = AXIS2_PLACEMENT_3D ( 'NONE', #123, #6969, #5722 ) ;
#5670 = LINE ( 'NONE', #8184, #1793 ) ;
#5671 = CARTESIAN_POINT ( 'NONE',  ( 0.2031529521231693058, -0.008688119764420866240, -0.1878937010368048610 ) ) ;
#5672 = DIRECTION ( 'NONE',  ( 0.0000000000000000000, 1.000000000000000000, 0.0000000000000000000 ) ) ;
#5673 = ORIENTED_EDGE ( 'NONE', *, *, #4886, .F. ) ;
#5674 = DIRECTION ( 'NONE',  ( 0.9945218953682690710, 0.1045284632676950765, 8.189380864547705479E-12 ) ) ;
#5675 = ORIENTED_EDGE ( 'NONE', *, *, #2414, .F. ) ;
#5676 = EDGE_LOOP ( 'NONE', ( #1755, #2152, #1251, #1973 ) ) ;
#5677 =( LENGTH_UNIT ( ) NAMED_UNIT ( * ) SI_UNIT ( $, .METRE. ) );
#5678 = EDGE_LOOP ( 'NONE', ( #2538, #3429, #3691, #7686 ) ) ;
#5679 = FILL_AREA_STYLE_COLOUR ( '', #3487 ) ;
#5680 = CARTESIAN_POINT ( 'NONE',  ( 0.4754786166452393825, 0.04500733388959444331, -0.1878937010364914451 ) ) ;
#5681 =( LENGTH_UNIT ( ) NAMED_UNIT ( * ) SI_UNIT ( $, .METRE. ) );
#5682 = DIRECTION ( 'NONE',  ( 1.644517855226008195E-15, 1.000000000000000000, -6.888556729901376831E-28 ) ) ;
#5683 = CARTESIAN_POINT ( 'NONE',  ( 0.4536010832257904579, 0.03516481420455510459, -0.1781432499594027830 ) ) ;
#5684 = ORIENTED_EDGE ( 'NONE', *, *, #3773, .F. ) ;
#5685 = LINE ( 'NONE', #2549, #839 ) ;
#5686 = DIRECTION ( 'NONE',  ( 1.387778780775897814E-15, 0.0000000000000000000, 1.000000000000000000 ) ) ;
#5687 = DIRECTION ( 'NONE',  ( 1.748601263784621748E-15, 0.0000000000000000000, -1.000000000000000000 ) ) ;
#5688 = CARTESIAN_POINT ( 'NONE',  ( 0.2372226159726802952, 0.03516481420455546542, -0.1800196852883007848 ) ) ;
#5689 = ORIENTED_EDGE ( 'NONE', *, *, #7865, .F. ) ;
#5690 = AXIS2_PLACEMENT_3D ( 'NONE', #3997, #4616, #5242 ) ;
#5691 = CARTESIAN_POINT ( 'NONE',  ( 0.5037097929778026062, -0.008688119764421345023, -0.02726377977641642608 ) ) ;
#5692 = DIRECTION ( 'NONE',  ( -1.644517855226008195E-15, -1.000000000000000000, -2.890435660536364269E-30 ) ) ;
#5693 = VECTOR ( 'NONE', #6590, 39.37007874015748143 ) ;
#5694 = ORIENTED_EDGE ( 'NONE', *, *, #4685, .F. ) ;
#5695 = EDGE_CURVE ( 'NONE', #7946, #4099, #6150, .T. ) ;
#5696 = CARTESIAN_POINT ( 'NONE',  ( 0.2372226159726014694, 0.04500733388959483189, -0.1351377955249936924 ) ) ;
#5697 = ORIENTED_EDGE ( 'NONE', *, *, #3424, .T. ) ;
#5698 = CARTESIAN_POINT ( 'NONE',  ( 0.5037097929783023176, -0.008688119764421362370, -0.1878937010362589644 ) ) ;
#5699 = VERTEX_POINT ( 'NONE', #4285 ) ;
#5700 = EDGE_CURVE ( 'NONE', #7760, #3374, #1785, .T. ) ;
#5701 = LINE ( 'NONE', #4998, #4963 ) ;
#5702 = MECHANICAL_DESIGN_GEOMETRIC_PRESENTATION_REPRESENTATION (  '', ( #1187 ), #7690 ) ;
#5703 = SURFACE_STYLE_FILL_AREA ( #4196 ) ;
#5704 = VECTOR ( 'NONE', #6980, 39.37007874015748143 ) ;
#5705 = DIRECTION ( 'NONE',  ( 1.748601263784621946E-15, 0.0000000000000000000, -1.000000000000000000 ) ) ;
#5706 = EDGE_CURVE ( 'NONE', #6697, #660, #2473, .T. ) ;
#5707 = CYLINDRICAL_SURFACE ( 'NONE', #523, 0.005905511811027556318 ) ;
#5708 = ORIENTED_EDGE ( 'NONE', *, *, #5771, .T. ) ;
#5709 = SURFACE_SIDE_STYLE ('',( #5638 ) ) ;
#5710 = CARTESIAN_POINT ( 'NONE',  ( 0.1962212990249133371, -0.02755782159619249438, -0.1477362207218441970 ) ) ;
#5711 = ADVANCED_FACE ( 'NONE', ( #369 ), #3536, .F. ) ;
#5712 = SURFACE_STYLE_USAGE ( .BOTH. , #6385 ) ;
#5713 = DIRECTION ( 'NONE',  ( -0.09052430460834029469, -0.8612812260087804317, 0.4999999999999886202 ) ) ;
#5714 = UNCERTAINTY_MEASURE_WITH_UNIT (LENGTH_MEASURE( 1.000000000000000082E-05 ), #4703, 'distance_accuracy_value', 'NONE');
#5715 = VECTOR ( 'NONE', #35, 39.37007874015748143 ) ;
#5716 = VERTEX_POINT ( 'NONE', #2914 ) ;
#5717 = PRESENTATION_LAYER_ASSIGNMENT (  '', '', ( #4659 ) ) ;
#5718 = ORIENTED_EDGE ( 'NONE', *, *, #3193, .F. ) ;
#5719 = SURFACE_STYLE_FILL_AREA ( #3242 ) ;
#5720 = ORIENTED_EDGE ( 'NONE', *, *, #1342, .T. ) ;
#5721 = CIRCLE ( 'NONE', #1077, 0.005905511811023620231 ) ;
#5722 = DIRECTION ( 'NONE',  ( 0.09052430460837827819, 0.8612812260087765459, -0.4999999999999883427 ) ) ;
#5723 = DIRECTION ( 'NONE',  ( 1.644517855226008195E-15, 1.000000000000000000, 2.890435660536364269E-30 ) ) ;
#5724 = PLANE ( 'NONE',  #6833 ) ;
#5725 = DIMENSIONAL_EXPONENTS ( 1.000000000000000000, 0.0000000000000000000, 0.0000000000000000000, 0.0000000000000000000, 0.0000000000000000000, 0.0000000000000000000, 0.0000000000000000000 ) ;
#5726 = STYLED_ITEM ( 'NONE', ( #2094 ), #2565 ) ;
#5727 = LINE ( 'NONE', #8162, #3480 ) ;
#5728 = ORIENTED_EDGE ( 'NONE', *, *, #239, .F. ) ;
#5729 = LINE ( 'NONE', #6852, #3366 ) ;
#5730 = CARTESIAN_POINT ( 'NONE',  ( 0.2514430687567353884, 0.04500733388959481107, -0.1778562600915685743 ) ) ;
#5731 = FACE_OUTER_BOUND ( 'NONE', #223, .T. ) ;
#5732 = LINE ( 'NONE', #1331, #565 ) ;
#5733 =( GEOMETRIC_REPRESENTATION_CONTEXT ( 3 ) GLOBAL_UNCERTAINTY_ASSIGNED_CONTEXT ( ( #2239 ) ) GLOBAL_UNIT_ASSIGNED_CONTEXT ( ( #5021, #96, #4529 ) ) REPRESENTATION_CONTEXT ( 'NONE', 'WORKASPACE' ) );
#5734 = LENGTH_MEASURE_WITH_UNIT ( LENGTH_MEASURE( 0.02539999999999999897 ), #8128 );
#5735 = ORIENTED_EDGE ( 'NONE', *, *, #2158, .F. ) ;
#5736 = AXIS2_PLACEMENT_3D ( 'NONE', #7050, #6442, #1411 ) ;
#5737 = DIRECTION ( 'NONE',  ( -2.080127042981477371E-11, 1.000000000000000000, -6.394884622287363119E-13 ) ) ;
#5738 = UNCERTAINTY_MEASURE_WITH_UNIT (LENGTH_MEASURE( 1.000000000000000082E-05 ), #7794, 'distance_accuracy_value', 'NONE');
#5739 = VECTOR ( 'NONE', #1482, 39.37007874015748143 ) ;
#5740 = CARTESIAN_POINT ( 'NONE',  ( 0.5225010356770469766, -0.03570132752772849083, -0.1674212600912223792 ) ) ;
#5741 = VECTOR ( 'NONE', #6287, 39.37007874015748143 ) ;
#5742 = ORIENTED_EDGE ( 'NONE', *, *, #3848, .F. ) ;
#5743 =( NAMED_UNIT ( * ) PLANE_ANGLE_UNIT ( ) SI_UNIT ( $, .RADIAN. ) );
#5744 = CARTESIAN_POINT ( 'NONE',  ( 0.4254818849634279254, 0.1217789874329370386, -0.03198818922499343381 ) ) ;
#5745 = ORIENTED_EDGE ( 'NONE', *, *, #6713, .T. ) ;
#5746 =( LENGTH_UNIT ( ) NAMED_UNIT ( * ) SI_UNIT ( $, .METRE. ) );
#5747 = DIRECTION ( 'NONE',  ( -8.234490263801784106E-12, 1.353889066150678860E-26, 1.000000000000000000 ) ) ;
#5748 = EDGE_LOOP ( 'NONE', ( #6503, #7921, #7738, #1908, #4960, #3259, #3853 ) ) ;
#5749 = STYLED_ITEM ( 'NONE', ( #911 ), #3637 ) ;
#5750 = PLANE ( 'NONE',  #1260 ) ;
#5751 = STYLED_ITEM ( 'NONE', ( #5239 ), #4881 ) ;
#5752 = CARTESIAN_POINT ( 'NONE',  ( 0.2514430687598452341, 0.04500733388959482495, -0.08376177190259220806 ) ) ;
#5753 = PLANE ( 'NONE',  #136 ) ;
#5754 = EDGE_LOOP ( 'NONE', ( #163, #5641, #7578, #6042 ) ) ;
#5755 = DIRECTION ( 'NONE',  ( -8.234490263801784106E-12, 1.353889066150678860E-26, 1.000000000000000000 ) ) ;
#5756 = DIRECTION ( 'NONE',  ( 0.05226423164096315188, -0.4972609476841257092, -0.8660254037840142693 ) ) ;
#5757 = SURFACE_STYLE_FILL_AREA ( #3931 ) ;
#5758 = DIRECTION ( 'NONE',  ( -0.05226423163383189796, -0.4972609476841246545, -0.8660254037844452579 ) ) ;
#5759 = VECTOR ( 'NONE', #6958, 39.37007874015748143 ) ;
#5760 = EDGE_CURVE ( 'NONE', #5978, #3469, #2287, .T. ) ;
#5761 = EDGE_CURVE ( 'NONE', #7676, #5107, #2600, .T. ) ;
#5762 = EDGE_CURVE ( 'NONE', #4279, #4479, #409, .T. ) ;
#5763 = VERTEX_POINT ( 'NONE', #1320 ) ;
#5764 = ORIENTED_EDGE ( 'NONE', *, *, #78, .T. ) ;
#5765 = CARTESIAN_POINT ( 'NONE',  ( 0.4920108682644409037, 0.03516481420455504908, -0.1272637797765127365 ) ) ;
#5766 = AXIS2_PLACEMENT_3D ( 'NONE', #3317, #1518, #154 ) ;
#5767 = ORIENTED_EDGE ( 'NONE', *, *, #3437, .T. ) ;
#5768 = CARTESIAN_POINT ( 'NONE',  ( 0.1920236922317867245, -0.01990283707880516686, -0.04664874617396397305 ) ) ;
#5769 = FILL_AREA_STYLE ('',( #2658 ) ) ;
#5770 = CARTESIAN_POINT ( 'NONE',  ( 0.5483132623141995232, -0.03570132752772850471, -0.04773622072093100521 ) ) ;
#5771 = EDGE_CURVE ( 'NONE', #3469, #7565, #3782, .T. ) ;
#5772 = CARTESIAN_POINT ( 'NONE',  ( 0.2532616618757506100, 0.03516481420455545848, -0.03701423085373388433 ) ) ;
#5773 = VERTEX_POINT ( 'NONE', #1914 ) ;
#5774 = PLANE ( 'NONE',  #4412 ) ;
#5775 = CARTESIAN_POINT ( 'NONE',  ( 0.2506952668928372763, 0.04500733388959482495, -0.03139570891042674922 ) ) ;
#5776 = LINE ( 'NONE', #7674, #7394 ) ;
#5777 = AXIS2_PLACEMENT_3D ( 'NONE', #3465, #2294, #1578 ) ;
#5778 = LINE ( 'NONE', #7675, #2451 ) ;
#5779 = DIRECTION ( 'NONE',  ( -1.748601263784621946E-15, -0.0000000000000000000, -1.000000000000000000 ) ) ;
#5780 = ORIENTED_EDGE ( 'NONE', *, *, #2058, .T. ) ;
#5781 = CARTESIAN_POINT ( 'NONE',  ( 0.1972323944382717575, 0.02914268067976812787, -0.1878937010368048610 ) ) ;
#5782 = AXIS2_PLACEMENT_3D ( 'NONE', #1569, #6608, #4108 ) ;
#5783 = DIRECTION ( 'NONE',  ( -0.9040697402395212467, 1.445602896648305863E-15, 0.4273849608763091723 ) ) ;
#5784 = VERTEX_POINT ( 'NONE', #3202 ) ;
#5785 = CARTESIAN_POINT ( 'NONE',  ( 0.2148518768365315079, 0.03516481420455550011, -0.1272637797769622658 ) ) ;
#5786 = VERTEX_POINT ( 'NONE', #5016 ) ;
#5787 = CARTESIAN_POINT ( 'NONE',  ( 0.1972323944382717575, 0.02914268067976812787, -0.1878937010368048610 ) ) ;
#5788 = VERTEX_POINT ( 'NONE', #6269 ) ;
#5789 = MECHANICAL_DESIGN_GEOMETRIC_PRESENTATION_REPRESENTATION (  '', ( #6461 ), #4331 ) ;
#5790 = AXIS2_PLACEMENT_3D ( 'NONE', #1456, #1329, #5858 ) ;
#5791 =( LENGTH_UNIT ( ) NAMED_UNIT ( * ) SI_UNIT ( $, .METRE. ) );
#5792 = FACE_OUTER_BOUND ( 'NONE', #6686, .T. ) ;
#5793 = DIRECTION ( 'NONE',  ( 1.748601263784621748E-15, 0.0000000000000000000, -1.000000000000000000 ) ) ;
#5794 = ORIENTED_EDGE ( 'NONE', *, *, #2063, .F. ) ;
#5795 =( NAMED_UNIT ( * ) SI_UNIT ( $, .STERADIAN. ) SOLID_ANGLE_UNIT ( ) );
#5796 =( CONVERSION_BASED_UNIT ( 'INCH', #1354 ) LENGTH_UNIT ( ) NAMED_UNIT ( #1486 ) );
#5797 = LINE ( 'NONE', #2651, #853 ) ;
#5798 = ORIENTED_EDGE ( 'NONE', *, *, #1090, .T. ) ;
#5799 = VERTEX_POINT ( 'NONE', #6398 ) ;
#5800 = CARTESIAN_POINT ( 'NONE',  ( 0.3928014512908298839, 0.1020939480628583473, -0.1329724411934973261 ) ) ;
#5801 = ADVANCED_FACE ( 'NONE', ( #1240 ), #5724, .T. ) ;
#5802 = EDGE_LOOP ( 'NONE', ( #3872, #5305, #592, #3 ) ) ;
#5803 = ADVANCED_FACE ( 'NONE', ( #4447 ), #6886, .F. ) ;
#5804 = DIRECTION ( 'NONE',  ( 0.05226423164096304086, -0.4972609476841247100, -0.8660254037840147134 ) ) ;
#5805 = EDGE_CURVE ( 'NONE', #4109, #3809, #8119, .T. ) ;
#5806 = DIRECTION ( 'NONE',  ( -1.000000000000000000, 2.430295991683600986E-14, -1.748601263784622143E-15 ) ) ;
#5807 = CLOSED_SHELL ( 'NONE', ( #7421, #7320, #4848, #5668, #4881, #3072, #846, #5867, #4997, #1686, #5958, #5803, #5657, #824, #5264, #1799, #4879, #1241, #6976, #6877, #2565 ) ) ;
#5808 = ORIENTED_EDGE ( 'NONE', *, *, #2329, .T. ) ;
#5809 = PLANE ( 'NONE',  #7505 ) ;
#5810 = PLANE ( 'NONE',  #5068 ) ;
#5811 = EDGE_CURVE ( 'NONE', #1977, #7116, #4955, .T. ) ;
#5812 = DIRECTION ( 'NONE',  ( -1.734723475977064460E-15, -1.000000000000000000, 2.407412430474777679E-30 ) ) ;
#5813 = SURFACE_STYLE_USAGE ( .BOTH. , #3868 ) ;
#5814 = FACE_OUTER_BOUND ( 'NONE', #3302, .T. ) ;
#5815 = FACE_OUTER_BOUND ( 'NONE', #7029, .T. ) ;
#5816 = ORIENTED_EDGE ( 'NONE', *, *, #525, .T. ) ;
#5817 = DIMENSIONAL_EXPONENTS ( 1.000000000000000000, 0.0000000000000000000, 0.0000000000000000000, 0.0000000000000000000, 0.0000000000000000000, 0.0000000000000000000, 0.0000000000000000000 ) ;
#5818 = CARTESIAN_POINT ( 'NONE',  ( 0.4754786166452190099, 0.04240671319253163513, 0.01210629896319561152 ) ) ;
#5819 = EDGE_CURVE ( 'NONE', #6435, #2375, #399, .T. ) ;
#5820 = VECTOR ( 'NONE', #5500, 39.37007874015748143 ) ;
#5821 = LINE ( 'NONE', #138, #6655 ) ;
#5822 = ORIENTED_EDGE ( 'NONE', *, *, #6532, .T. ) ;
#5823 = PLANE ( 'NONE',  #6013 ) ;
#5824 = VECTOR ( 'NONE', #2675, 39.37007874015748143 ) ;
#5825 = CARTESIAN_POINT ( 'NONE',  ( 0.2506952668926408778, 0.03516481420455543766, -0.1837617719025922414 ) ) ;
#5826 = ORIENTED_EDGE ( 'NONE', *, *, #5695, .T. ) ;
#5827 = CARTESIAN_POINT ( 'NONE',  ( 0.2019811918225117853, -0.01983667431788542143, -0.1458134337086158250 ) ) ;
#5828 = SURFACE_STYLE_USAGE ( .BOTH. , #6583 ) ;
#5829 = VERTEX_POINT ( 'NONE', #5434 ) ;
#5830 = DIRECTION ( 'NONE',  ( 2.263719875351747549E-12, -2.261913600165000621E-11, -1.000000000000000000 ) ) ;
#5831 = CARTESIAN_POINT ( 'NONE',  ( 0.2368457864954272019, 0.03516481423631399178, -0.2272637797758069733 ) ) ;
#5832 = ORIENTED_EDGE ( 'NONE', *, *, #7772, .F. ) ;
#5833 = LINE ( 'NONE', #2192, #8089 ) ;
#5834 = DIMENSIONAL_EXPONENTS ( 1.000000000000000000, 0.0000000000000000000, 0.0000000000000000000, 0.0000000000000000000, 0.0000000000000000000, 0.0000000000000000000, 0.0000000000000000000 ) ;
#5835 = COLOUR_RGB ( '',0.7607843137254901578, 0.7607843137254901578, 0.0000000000000000000 ) ;
#5836 =( LENGTH_UNIT ( ) NAMED_UNIT ( * ) SI_UNIT ( $, .METRE. ) );
#5837 = B_SPLINE_CURVE_WITH_KNOTS ( 'NONE', 3,
 ( #5538, #2390, #7443, #6658 ),
 .UNSPECIFIED., .F., .F.,
 ( 4, 4 ),
 ( 0.0000000000000000000, 0.0001438460554597934058 ),
 .UNSPECIFIED. ) ;
#5838 = VECTOR ( 'NONE', #1031, 39.37007874015748854 ) ;
#5839 = ORIENTED_EDGE ( 'NONE', *, *, #5006, .F. ) ;
#5840 = SURFACE_STYLE_FILL_AREA ( #6634 ) ;
#5841 = ORIENTED_EDGE ( 'NONE', *, *, #7026, .T. ) ;
#5842 = VERTEX_POINT ( 'NONE', #1025 ) ;
#5843 = CARTESIAN_POINT ( 'NONE',  ( 0.2924077505034283764, 0.1060309559368545762, -0.1823818900125920572 ) ) ;
#5844 = CARTESIAN_POINT ( 'NONE',  ( 0.2148518768365311749, 0.03516481420455551399, -0.08789370103680475832 ) ) ;
#5845 = FILL_AREA_STYLE ('',( #5308 ) ) ;
#5846 = DIRECTION ( 'NONE',  ( -0.4273849607944149032, 7.028421990814850682E-16, -0.9040697402782356118 ) ) ;
#5847 = VECTOR ( 'NONE', #4628, 39.37007874015748143 ) ;
#5848 = EDGE_CURVE ( 'NONE', #6940, #6382, #5588, .T. ) ;
#5849 = VECTOR ( 'NONE', #3343, 39.37007874015748143 ) ;
#5850 = EDGE_CURVE ( 'NONE', #5763, #7946, #5670, .T. ) ;
#5851 = DIRECTION ( 'NONE',  ( 0.0000000000000000000, 0.0000000000000000000, 1.000000000000000000 ) ) ;
#5852 =( GEOMETRIC_REPRESENTATION_CONTEXT ( 3 ) GLOBAL_UNCERTAINTY_ASSIGNED_CONTEXT ( ( #820 ) ) GLOBAL_UNIT_ASSIGNED_CONTEXT ( ( #7726, #4706, #6544 ) ) REPRESENTATION_CONTEXT ( 'NONE', 'WORKASPACE' ) );
#5853 = ORIENTED_EDGE ( 'NONE', *, *, #3135, .T. ) ;
#5854 = ADVANCED_FACE ( 'NONE', ( #2280 ), #6720, .F. ) ;
#5855 = FACE_OUTER_BOUND ( 'NONE', #8170, .T. ) ;
#5856 = DIRECTION ( 'NONE',  ( -0.05226423163383502740, -0.4972609476841255427, 0.8660254037844445918 ) ) ;
#5857 =( NAMED_UNIT ( * ) SI_UNIT ( $, .STERADIAN. ) SOLID_ANGLE_UNIT ( ) );
#5858 = DIRECTION ( 'NONE',  ( -1.000000000000000000, 0.0000000000000000000, 1.734723475977064066E-15 ) ) ;
#5859 = SURFACE_SIDE_STYLE ('',( #3372 ) ) ;
#5860 = CARTESIAN_POINT ( 'NONE',  ( 0.4561674782086246327, 0.03516481420455511153, -0.03139570891121379326 ) ) ;
#5861 = STYLED_ITEM ( 'NONE', ( #4819 ), #8031 ) ;
#5862 = ORIENTED_EDGE ( 'NONE', *, *, #3628, .T. ) ;
#5863 = PRESENTATION_STYLE_ASSIGNMENT (( #2134 ) ) ;
#5864 = SURFACE_SIDE_STYLE ('',( #7757 ) ) ;
#5865 = STYLED_ITEM ( 'NONE', ( #3457 ), #2680 ) ;
#5866 = EDGE_CURVE ( 'NONE', #1824, #327, #1813, .T. ) ;
#5867 = ADVANCED_FACE ( 'NONE', ( #6868 ), #4471, .F. ) ;
#5868 = LINE ( 'NONE', #3796, #4003 ) ;
#5869 = VERTEX_POINT ( 'NONE', #3850 ) ;
#5870 = ADVANCED_FACE ( 'NONE', ( #5295 ), #7802, .F. ) ;
#5871 = CARTESIAN_POINT ( 'NONE',  ( 0.2313841284547877852, 0.03516481421120130901, 0.004564360868313389885 ) ) ;
#5872 = VECTOR ( 'NONE', #1952, 39.37007874015748143 ) ;
#5873 = VECTOR ( 'NONE', #7902, 39.37007874015748143 ) ;
#5874 = CARTESIAN_POINT ( 'NONE',  ( 0.1923664450707125995, -0.01715373501898777298, -0.1713582679659386987 ) ) ;
#5875 = LENGTH_MEASURE_WITH_UNIT ( LENGTH_MEASURE( 0.02539999999999999897 ), #7274 );
#5876 = DIRECTION ( 'NONE',  ( 1.000000000000000000, -1.644517855226007801E-15, -1.582776894139422193E-15 ) ) ;
#5877 = VERTEX_POINT ( 'NONE', #2107 ) ;
#5878 = AXIS2_PLACEMENT_3D ( 'NONE', #2036, #164, #4562 ) ;
#5879 = EDGE_CURVE ( 'NONE', #3374, #2333, #3312, .T. ) ;
#5880 = CARTESIAN_POINT ( 'NONE',  ( 0.5158188054464744043, -0.02214987590510622897, -0.04754783332185890526 ) ) ;
#5881 = CARTESIAN_POINT ( 'NONE',  ( 0.2703607577135457296, -0.06735471599197999371, -0.1882872069301378126 ) ) ;
#5882 = DIRECTION ( 'NONE',  ( 1.644517855226007801E-15, 1.000000000000000000, 2.890435660536363919E-30 ) ) ;
#5883 = ORIENTED_EDGE ( 'NONE', *, *, #5929, .F. ) ;
#5884 = VECTOR ( 'NONE', #5414, 39.37007874015748143 ) ;
#5885 = SURFACE_SIDE_STYLE ('',( #5220 ) ) ;
#5886 = FACE_OUTER_BOUND ( 'NONE', #1257, .T. ) ;
#5887 =( CONVERSION_BASED_UNIT ( 'INCH', #7624 ) LENGTH_UNIT ( ) NAMED_UNIT ( #6942 ) );
#5888 = MECHANICAL_DESIGN_GEOMETRIC_PRESENTATION_REPRESENTATION (  '', ( #5751 ), #6553 ) ;
#5889 = ORIENTED_EDGE ( 'NONE', *, *, #7219, .F. ) ;
#5890 =( NAMED_UNIT ( * ) PLANE_ANGLE_UNIT ( ) SI_UNIT ( $, .RADIAN. ) );
#5891 = ORIENTED_EDGE ( 'NONE', *, *, #6974, .T. ) ;
#5892 = CARTESIAN_POINT ( 'NONE',  ( 0.3140612938105227792, 0.1060309559368545484, -0.1319881892249936406 ) ) ;
#5893 = VERTEX_POINT ( 'NONE', #7035 ) ;
#5894 = DIRECTION ( 'NONE',  ( 1.000000000000000000, -1.644517855226008195E-15, -1.387778780775897814E-15 ) ) ;
#5895 = AXIS2_PLACEMENT_3D ( 'NONE', #6717, #7901, #2994 ) ;
#5896 = DIRECTION ( 'NONE',  ( 1.387778780775897814E-15, 0.0000000000000000000, 1.000000000000000000 ) ) ;
#5897 = UNCERTAINTY_MEASURE_WITH_UNIT (LENGTH_MEASURE( 1.000000000000000082E-05 ), #4846, 'distance_accuracy_value', 'NONE');
#5898 = VECTOR ( 'NONE', #7806, 39.37007874015748143 ) ;
#5899 = SURFACE_STYLE_USAGE ( .BOTH. , #6526 ) ;
#5900 = ORIENTED_EDGE ( 'NONE', *, *, #1440, .F. ) ;
#5901 = CARTESIAN_POINT ( 'NONE',  ( 0.2006796306912802530, -0.02488414520016165102, -0.04773622072184417059 ) ) ;
#5902 = LINE ( 'NONE', #5280, #5473 ) ;
#5903 = CARTESIAN_POINT ( 'NONE',  ( 0.3140612938105263319, 0.1021333181416026054, -0.03297244119349746622 ) ) ;
#5904 =( NAMED_UNIT ( * ) PLANE_ANGLE_UNIT ( ) SI_UNIT ( $, .RADIAN. ) );
#5905 =( CONVERSION_BASED_UNIT ( 'INCH', #1421 ) LENGTH_UNIT ( ) NAMED_UNIT ( #5310 ) );
#5906 = ORIENTED_EDGE ( 'NONE', *, *, #329, .T. ) ;
#5907 = DIRECTION ( 'NONE',  ( -0.9945218953682686269, 0.1045284632676983516, -1.739022243102431967E-15 ) ) ;
#5908 = VECTOR ( 'NONE', #6847, 39.37007874015748143 ) ;
#5909 = EDGE_CURVE ( 'NONE', #7097, #6443, #7101, .T. ) ;
#5910 = FACE_OUTER_BOUND ( 'NONE', #8153, .T. ) ;
#5911 = VERTEX_POINT ( 'NONE', #7162 ) ;
#5912 = LINE ( 'NONE', #3878, #7234 ) ;
#5913 =( GEOMETRIC_REPRESENTATION_CONTEXT ( 3 ) GLOBAL_UNCERTAINTY_ASSIGNED_CONTEXT ( ( #2328 ) ) GLOBAL_UNIT_ASSIGNED_CONTEXT ( ( #7156, #4505, #4539 ) ) REPRESENTATION_CONTEXT ( 'NONE', 'WORKASPACE' ) );
#5914 = CARTESIAN_POINT ( 'NONE',  ( 0.4754786166447402262, 0.03516481420455506990, -0.1272637797766489332 ) ) ;
#5915 = SURFACE_STYLE_USAGE ( .BOTH. , #3382 ) ;
#5916 = FACE_OUTER_BOUND ( 'NONE', #3165, .T. ) ;
#5917 = EDGE_CURVE ( 'NONE', #5399, #7638, #4668, .T. ) ;
#5918 = CARTESIAN_POINT ( 'NONE',  ( 0.2813808601379165220, 0.1217789874329412020, -0.1319881892249937239 ) ) ;
#5919 = EDGE_LOOP ( 'NONE', ( #5992, #4184, #83, #1968 ) ) ;
#5920 = ADVANCED_FACE ( 'NONE', ( #1349 ), #5750, .F. ) ;
#5921 = AXIS2_PLACEMENT_3D ( 'NONE', #94, #6444, #700 ) ;
#5922 = SURFACE_STYLE_FILL_AREA ( #4088 ) ;
#5923 = CARTESIAN_POINT ( 'NONE',  ( 0.5171578838488014584, -0.02376851717063327429, -0.04773615289825253877 ) ) ;
#5924 = CARTESIAN_POINT ( 'NONE',  ( 0.4920108682644409037, 0.04500733388959441555, -0.1272637797765127365 ) ) ;
#5925 = EDGE_LOOP ( 'NONE', ( #6077, #1190, #386, #2003, #7906 ) ) ;
#5926 = AXIS2_PLACEMENT_3D ( 'NONE', #1716, #3136, #6858 ) ;
#5927 = PRESENTATION_LAYER_ASSIGNMENT (  '', '', ( #3283 ) ) ;
#5928 = CARTESIAN_POINT ( 'NONE',  ( 0.3928014512908295508, 0.1021333181416024527, -0.07915354355589927782 ) ) ;
#5929 = EDGE_CURVE ( 'NONE', #3443, #210, #6589, .T. ) ;
#5930 = CARTESIAN_POINT ( 'NONE',  ( 0.1920388318909209968, -0.01982654722438575989, -0.06855963518770234744 ) ) ;
#5931 = CARTESIAN_POINT ( 'NONE',  ( 0.1918973829254588259, -0.02046055635963479891, -0.1681681594472049790 ) ) ;
#5932 = MECHANICAL_DESIGN_GEOMETRIC_PRESENTATION_REPRESENTATION (  '', ( #3283 ), #1812 ) ;
#5933 = VERTEX_POINT ( 'NONE', #1588 ) ;
#5934 =( NAMED_UNIT ( * ) SI_UNIT ( $, .STERADIAN. ) SOLID_ANGLE_UNIT ( ) );
#5935 = VERTEX_POINT ( 'NONE', #7927 ) ;
#5936 = CARTESIAN_POINT ( 'NONE',  ( 0.4696401291287820579, 0.03516481420455509765, -0.02726377977696183702 ) ) ;
#5937 = ORIENTED_EDGE ( 'NONE', *, *, #3838, .F. ) ;
#5938 = PRESENTATION_STYLE_ASSIGNMENT (( #3943 ) ) ;
#5939 = AXIS2_PLACEMENT_3D ( 'NONE', #2609, #680, #3111 ) ;
#5940 = SURFACE_STYLE_USAGE ( .BOTH. , #6484 ) ;
#5941 =( GEOMETRIC_REPRESENTATION_CONTEXT ( 3 ) GLOBAL_UNCERTAINTY_ASSIGNED_CONTEXT ( ( #7381 ) ) GLOBAL_UNIT_ASSIGNED_CONTEXT ( ( #3614, #5566, #4357 ) ) REPRESENTATION_CONTEXT ( 'NONE', 'WORKASPACE' ) );
#5942 = DIRECTION ( 'NONE',  ( -0.9040697402802237992, 1.486758830260366439E-15, 0.4273849607902093228 ) ) ;
#5943 = ORIENTED_EDGE ( 'NONE', *, *, #4791, .T. ) ;
#5944 = SURFACE_SIDE_STYLE ('',( #2749 ) ) ;
#5945 = CARTESIAN_POINT ( 'NONE',  ( 0.2021550464030787697, -0.01818255847634997827, -0.1713582679659386987 ) ) ;
#5946 = CARTESIAN_POINT ( 'NONE',  ( 0.3496518449916173887, 0.1198104834959332482, -0.1791535435558992695 ) ) ;
#5947 = DIRECTION ( 'NONE',  ( -1.000000000000000000, 2.433329250326600975E-14, -1.748601263784622143E-15 ) ) ;
#5948 = SURFACE_SIDE_STYLE ('',( #1500 ) ) ;
#5949 = DIMENSIONAL_EXPONENTS ( 1.000000000000000000, 0.0000000000000000000, 0.0000000000000000000, 0.0000000000000000000, 0.0000000000000000000, 0.0000000000000000000, 0.0000000000000000000 ) ;
#5950 = CARTESIAN_POINT ( 'NONE',  ( 0.2368457864954272019, 0.03516481423631399178, 0.01210629896319521080 ) ) ;
#5951 = ORIENTED_EDGE ( 'NONE', *, *, #780, .F. ) ;
#5952 = LINE ( 'NONE', #2219, #339 ) ;
#5953 = CARTESIAN_POINT ( 'NONE',  ( 0.4578091021359867452, 0.003668751212429131620, -0.005563233721056288356 ) ) ;
#5954 = CARTESIAN_POINT ( 'NONE',  ( 0.1585494827869405043, -0.03570132752772788021, -0.04773622072184426079 ) ) ;
#5955 = DIRECTION ( 'NONE',  ( 1.748601263784622143E-15, 0.0000000000000000000, -1.000000000000000000 ) ) ;
#5956 = ORIENTED_EDGE ( 'NONE', *, *, #2116, .T. ) ;
#5957 = VECTOR ( 'NONE', #7419, 39.37007874015748143 ) ;
#5958 = ADVANCED_FACE ( 'NONE', ( #3593 ), #4128, .T. ) ;
#5959 = VECTOR ( 'NONE', #1294, 39.37007874015748143 ) ;
#5960 =( LENGTH_UNIT ( ) NAMED_UNIT ( * ) SI_UNIT ( $, .METRE. ) );
#5961 = DIRECTION ( 'NONE',  ( -5.673991369337035284E-10, 0.0000000000000000000, 1.000000000000000000 ) ) ;
#5962 = ORIENTED_EDGE ( 'NONE', *, *, #3797, .F. ) ;
#5963 = EDGE_CURVE ( 'NONE', #2148, #4725, #4773, .T. ) ;
#5964 = CARTESIAN_POINT ( 'NONE',  ( 0.4554196763416171190, 0.03516481420455510459, -0.1373012207222373826 ) ) ;
#5965 = LINE ( 'NONE', #4792, #325 ) ;
#5966 = EDGE_CURVE ( 'NONE', #2375, #6517, #5912, .T. ) ;
#5967 = ORIENTED_EDGE ( 'NONE', *, *, #2168, .F. ) ;
#5968 = CIRCLE ( 'NONE', #7028, 0.005905511811023628904 ) ;
#5969 = VERTEX_POINT ( 'NONE', #5160 ) ;
#5970 = ADVANCED_FACE ( 'NONE', ( #2011 ), #665, .T. ) ;
#5971 = CARTESIAN_POINT ( 'NONE',  ( 0.4578091021359867452, 0.001406169436326775574, 0.001978705532487012690 ) ) ;
#5972 = ORIENTED_EDGE ( 'NONE', *, *, #133, .T. ) ;
#5973 = CARTESIAN_POINT ( 'NONE',  ( 0.3928014512908299949, 0.1020939480628622748, -0.1329724411934976036 ) ) ;
#5974 = FACE_OUTER_BOUND ( 'NONE', #6220, .T. ) ;
#5975 = CARTESIAN_POINT ( 'NONE',  ( 0.5172050357898655415, -0.02375406862796464874, -0.06742126009126593600 ) ) ;
#5976 = UNCERTAINTY_MEASURE_WITH_UNIT (LENGTH_MEASURE( 1.000000000000000082E-05 ), #1123, 'distance_accuracy_value', 'NONE');
#5977 = CARTESIAN_POINT ( 'NONE',  ( 0.5150364717968903827, -0.02049086673026025845, -0.1682142817552007563 ) ) ;
#5978 = VERTEX_POINT ( 'NONE', #958 ) ;
#5979 = VERTEX_POINT ( 'NONE', #2248 ) ;
#5980 = DIRECTION ( 'NONE',  ( -1.748601263784621748E-15, -1.482966057179117483E-32, 1.000000000000000000 ) ) ;
#5981 = CARTESIAN_POINT ( 'NONE',  ( 0.5483132623143616158, -0.03570132752772850471, -0.06742126009100976591 ) ) ;
#5982 = PLANE ( 'NONE',  #4540 ) ;
#5983 = FILL_AREA_STYLE ('',( #3497 ) ) ;
#5984 = DIRECTION ( 'NONE',  ( 0.09052430460837825044, 0.8612812260087766569, -0.4999999999999882316 ) ) ;
#5985 = DIRECTION ( 'NONE',  ( 0.0000000000000000000, 0.0000000000000000000, 1.000000000000000000 ) ) ;
#5986 = ORIENTED_EDGE ( 'NONE', *, *, #4298, .F. ) ;
#5987 = CARTESIAN_POINT ( 'NONE',  ( 0.2313841284562319633, 0.04500733388959485964, -0.08789370103680475832 ) ) ;
#5988 = CARTESIAN_POINT ( 'NONE',  ( 0.5096303506627006819, 0.02914268067976761439, -0.1272637797763677414 ) ) ;
#5989 = CARTESIAN_POINT ( 'NONE',  ( 0.4920108682649401710, 0.03516481420455504908, -0.1878937010363552484 ) ) ;
#5990 = LINE ( 'NONE', #5373, #2575 ) ;
#5991 = PRESENTATION_STYLE_ASSIGNMENT (( #7763 ) ) ;
#5992 = ORIENTED_EDGE ( 'NONE', *, *, #4836, .T. ) ;
#5993 = STYLED_ITEM ( 'NONE', ( #2885 ), #3685 ) ;
#5994 = CARTESIAN_POINT ( 'NONE',  ( 0.4696401291285070001, 0.03516481420455507684, -0.1800196852885760368 ) ) ;
#5995 = VECTOR ( 'NONE', #7830, 39.37007874015748143 ) ;
#5996 = CARTESIAN_POINT ( 'NONE',  ( 0.3140612938105267204, 0.1020939480628584861, -0.1329724411934974648 ) ) ;
#5997 = ORIENTED_EDGE ( 'NONE', *, *, #8019, .F. ) ;
#5998 = DIRECTION ( 'NONE',  ( 1.644517855226008195E-15, 1.000000000000000000, -6.888556729901376831E-28 ) ) ;
#5999 = DIMENSIONAL_EXPONENTS ( 1.000000000000000000, 0.0000000000000000000, 0.0000000000000000000, 0.0000000000000000000, 0.0000000000000000000, 0.0000000000000000000, 0.0000000000000000000 ) ;
#6000 = FACE_OUTER_BOUND ( 'NONE', #3549, .T. ) ;
#6001 = VECTOR ( 'NONE', #7346, 39.37007874015748143 ) ;
#6002 = CIRCLE ( 'NONE', #180, 0.007874015748027545988 ) ;
#6003 = VERTEX_POINT ( 'NONE', #2922 ) ;
#6004 = VECTOR ( 'NONE', #718, 39.37007874015748143 ) ;
#6005 = COLOUR_RGB ( '',0.7607843137254901578, 0.7607843137254901578, 0.0000000000000000000 ) ;
#6006 = PLANE ( 'NONE',  #6363 ) ;
#6007 = VERTEX_POINT ( 'NONE', #3502 ) ;
#6008 = FILL_AREA_STYLE ('',( #814 ) ) ;
#6009 = EDGE_LOOP ( 'NONE', ( #1980, #7215, #2255, #8163 ) ) ;
#6010 = CARTESIAN_POINT ( 'NONE',  ( 0.5037097929778026062, -0.008688119764421345023, -0.02726377977641642608 ) ) ;
#6011 = ADVANCED_FACE ( 'NONE', ( #5410 ), #5447, .T. ) ;
#6012 = AXIS2_PLACEMENT_3D ( 'NONE', #5688, #6320, #3131 ) ;
#6013 = AXIS2_PLACEMENT_3D ( 'NONE', #6542, #842, #5248 ) ;
#6014 = ADVANCED_FACE ( 'NONE', ( #7197 ), #6698, .F. ) ;
#6015 = CYLINDRICAL_SURFACE ( 'NONE', #1080, 0.005905511811019693684 ) ;
#6016 = ORIENTED_EDGE ( 'NONE', *, *, #5516, .T. ) ;
#6017 = VECTOR ( 'NONE', #3004, 39.37007874015748143 ) ;
#6018 = ORIENTED_EDGE ( 'NONE', *, *, #5344, .F. ) ;
#6019 = PRESENTATION_STYLE_ASSIGNMENT (( #4200 ) ) ;
#6020 = CARTESIAN_POINT ( 'NONE',  ( 0.2813808601379166330, 0.1217789874329412020, -0.1831692915873953942 ) ) ;
#6021 = PLANE ( 'NONE',  #3948 ) ;
#6022 = DIRECTION ( 'NONE',  ( 8.679147678325226582E-12, 1.000000000000000000, 1.517638342855342944E-26 ) ) ;
#6023 = EDGE_CURVE ( 'NONE', #5786, #45, #7502, .T. ) ;
#6024 = LENGTH_MEASURE_WITH_UNIT ( LENGTH_MEASURE( 0.02539999999999999897 ), #4733 );
#6025 = LENGTH_MEASURE_WITH_UNIT ( LENGTH_MEASURE( 0.02539999999999999897 ), #953 );
#6026 = AXIS2_PLACEMENT_3D ( 'NONE', #5275, #7780, #3326 ) ;
#6027 = ORIENTED_EDGE ( 'NONE', *, *, #5514, .F. ) ;
#6028 = CARTESIAN_POINT ( 'NONE',  ( 0.3496518449916168891, 0.1198104834959332482, -0.07915354355589923618 ) ) ;
#6029 = CARTESIAN_POINT ( 'NONE',  ( 0.1933643507908069936, -0.007659296307098001876, -0.1272637797769623214 ) ) ;
#6030 = PLANE ( 'NONE',  #7599 ) ;
#6031 = CARTESIAN_POINT ( 'NONE',  ( 0.2924077505034280433, 0.1060309559368545901, -0.08238189001259203781 ) ) ;
#6032 = ORIENTED_EDGE ( 'NONE', *, *, #5963, .F. ) ;
#6033 = AXIS2_PLACEMENT_3D ( 'NONE', #6731, #4816, #1660 ) ;
#6034 = SURFACE_SIDE_STYLE ('',( #1728 ) ) ;
#6035 = LENGTH_MEASURE_WITH_UNIT ( LENGTH_MEASURE( 0.02539999999999999897 ), #5960 );
#6036 = FACE_OUTER_BOUND ( 'NONE', #2010, .T. ) ;
#6037 = VERTEX_POINT ( 'NONE', #2884 ) ;
#6038 = CARTESIAN_POINT ( 'NONE',  ( 0.4754786166453176532, 0.04500733388959445719, -0.08789370103648942723 ) ) ;
#6039 = DIRECTION ( 'NONE',  ( -8.234490263801784106E-12, 1.353889066150678860E-26, 1.000000000000000000 ) ) ;
#6040 = COLOUR_RGB ( '',0.7607843137254901578, 0.7607843137254901578, 0.0000000000000000000 ) ;
#6041 = ORIENTED_EDGE ( 'NONE', *, *, #2372, .F. ) ;
#6042 = ORIENTED_EDGE ( 'NONE', *, *, #3885, .F. ) ;
#6043 =( CONVERSION_BASED_UNIT ( 'INCH', #278 ) LENGTH_UNIT ( ) NAMED_UNIT ( #7943 ) );
#6044 = ORIENTED_EDGE ( 'NONE', *, *, #1175, .F. ) ;
#6045 = CYLINDRICAL_SURFACE ( 'NONE', #6048, 0.007874015748031482076 ) ;
#6046 = DIRECTION ( 'NONE',  ( 8.234490263801784106E-12, -1.353889066150678860E-26, -1.000000000000000000 ) ) ;
#6047 = FACE_OUTER_BOUND ( 'NONE', #6654, .T. ) ;
#6048 = AXIS2_PLACEMENT_3D ( 'NONE', #7861, #4759, #1603 ) ;
#6049 = UNCERTAINTY_MEASURE_WITH_UNIT (LENGTH_MEASURE( 1.000000000000000082E-05 ), #2870, 'distance_accuracy_value', 'NONE');
#6050 = STYLED_ITEM ( 'NONE', ( #3686 ), #6767 ) ;
#6051 = DIMENSIONAL_EXPONENTS ( 1.000000000000000000, 0.0000000000000000000, 0.0000000000000000000, 0.0000000000000000000, 0.0000000000000000000, 0.0000000000000000000, 0.0000000000000000000 ) ;
#6052 = EDGE_CURVE ( 'NONE', #147, #6540, #4740, .T. ) ;
#6053 = FILL_AREA_STYLE_COLOUR ( '', #2735 ) ;
#6054 = EDGE_CURVE ( 'NONE', #7855, #2523, #5952, .T. ) ;
#6055 = ORIENTED_EDGE ( 'NONE', *, *, #881, .F. ) ;
#6056 = CARTESIAN_POINT ( 'NONE',  ( 0.4754786166453180418, 0.04500733388959444331, -0.1878937010364894467 ) ) ;
#6057 = EDGE_LOOP ( 'NONE', ( #5553, #1511, #7947, #8012, #3755, #5381, #1390, #8148 ) ) ;
#6058 = LINE ( 'NONE', #5981, #5042 ) ;
#6059 =( NAMED_UNIT ( * ) PLANE_ANGLE_UNIT ( ) SI_UNIT ( $, .RADIAN. ) );
#6060 = ADVANCED_FACE ( 'NONE', ( #7916 ), #1000, .F. ) ;
#6061 = CARTESIAN_POINT ( 'NONE',  ( 5.869467123099924996E-16, 0.1021333181416031188, -0.1000000000000000056 ) ) ;
#6062 = SURFACE_STYLE_FILL_AREA ( #6148 ) ;
#6063 = SURFACE_STYLE_FILL_AREA ( #500 ) ;
#6064 = CIRCLE ( 'NONE', #242, 0.005905511811023609822 ) ;
#6065 = LENGTH_MEASURE_WITH_UNIT ( LENGTH_MEASURE( 0.02539999999999999897 ), #7230 );
#6066 = EDGE_CURVE ( 'NONE', #7116, #2621, #4821, .T. ) ;
#6067 = ORIENTED_EDGE ( 'NONE', *, *, #7532, .F. ) ;
#6068 = DIRECTION ( 'NONE',  ( -2.836710033957226591E-12, -1.000000000000000000, 1.065814103797950606E-13 ) ) ;
#6069 = CARTESIAN_POINT ( 'NONE',  ( 0.4920108682649397824, 0.04500733388959443637, -0.08789370103635522902 ) ) ;
#6070 = DIRECTION ( 'NONE',  ( -1.748601263784621946E-15, 0.0000000000000000000, 1.000000000000000000 ) ) ;
#6071 = EDGE_CURVE ( 'NONE', #7093, #8177, #7108, .T. ) ;
#6072 = DIRECTION ( 'NONE',  ( 1.644517855226007801E-15, 1.000000000000000000, 2.890435660536363919E-30 ) ) ;
#6073 = CARTESIAN_POINT ( 'NONE',  ( 0.4561674782056329702, 0.03516481420455509765, -0.1778562600920799708 ) ) ;
#6074 = ORIENTED_EDGE ( 'NONE', *, *, #3525, .F. ) ;
#6075 = PLANE ( 'NONE',  #2121 ) ;
#6076 = FILL_AREA_STYLE_COLOUR ( '', #2402 ) ;
#6077 = ORIENTED_EDGE ( 'NONE', *, *, #3138, .T. ) ;
#6078 = CARTESIAN_POINT ( 'NONE',  ( 0.1909719846748597349, -0.02226315452805394807, -0.1475736221702392548 ) ) ;
#6079 = ORIENTED_EDGE ( 'NONE', *, *, #2620, .F. ) ;
#6080 = CARTESIAN_POINT ( 'NONE',  ( 0.5225010356770467546, -0.01798479209465759024, -0.06742126009122235974 ) ) ;
#6081 = VECTOR ( 'NONE', #544, 39.37007874015748143 ) ;
#6082 = ORIENTED_EDGE ( 'NONE', *, *, #4487, .T. ) ;
#6083 =( NAMED_UNIT ( * ) PLANE_ANGLE_UNIT ( ) SI_UNIT ( $, .RADIAN. ) );
#6084 = CARTESIAN_POINT ( 'NONE',  ( 0.2372226159726404382, 0.04500733388959485270, -0.02726377977696224642 ) ) ;
#6085 = ORIENTED_EDGE ( 'NONE', *, *, #7971, .T. ) ;
#6086 = FILL_AREA_STYLE_COLOUR ( '', #7124 ) ;
#6087 = DIMENSIONAL_EXPONENTS ( 1.000000000000000000, 0.0000000000000000000, 0.0000000000000000000, 0.0000000000000000000, 0.0000000000000000000, 0.0000000000000000000, 0.0000000000000000000 ) ;
#6088 = CARTESIAN_POINT ( 'NONE',  ( 0.2514430687583495416, 0.03516481420455543766, -0.1778562600915291614 ) ) ;
#6089 = PRESENTATION_LAYER_ASSIGNMENT (  '', '', ( #1314 ) ) ;
#6090 = CARTESIAN_POINT ( 'NONE',  ( 0.5166854000888964071, -0.02333479306674191012, -0.06741788616556741720 ) ) ;
#6091 = DIRECTION ( 'NONE',  ( -0.06844477287005698574, 0.6512085141311785286, -0.7558060493207426900 ) ) ;
#6092 = FILL_AREA_STYLE_COLOUR ( '', #4930 ) ;
#6093 = VECTOR ( 'NONE', #2271, 39.37007874015748143 ) ;
#6094 = CARTESIAN_POINT ( 'NONE',  ( 0.5225010356778660991, -0.01798479209465759024, -0.1669308663904348899 ) ) ;
#6095 = ORIENTED_EDGE ( 'NONE', *, *, #79, .T. ) ;
#6096 = PLANE ( 'NONE',  #7240 ) ;
#6097 = ORIENTED_EDGE ( 'NONE', *, *, #6066, .T. ) ;
#6098 = LINE ( 'NONE', #4111, #6895 ) ;
#6099 = CARTESIAN_POINT ( 'NONE',  ( 0.5061831144098568602, -0.02488414520015541989, -0.04773622072127796379 ) ) ;
#6100 = DIRECTION ( 'NONE',  ( 1.748601263784621748E-15, 0.0000000000000000000, -1.000000000000000000 ) ) ;
#6101 = LINE ( 'NONE', #4204, #4146 ) ;
#6102 = AXIS2_PLACEMENT_3D ( 'NONE', #2180, #2101, #190 ) ;
#6103 = CARTESIAN_POINT ( 'NONE',  ( 0.4554196763416167859, 0.03516481420455512541, -0.03730122072223737706 ) ) ;
#6104 = FILL_AREA_STYLE ('',( #4772 ) ) ;
#6105 = EDGE_CURVE ( 'NONE', #7326, #611, #258, .T. ) ;
#6106 = EDGE_CURVE ( 'NONE', #840, #7290, #7355, .T. ) ;
#6107 = EDGE_CURVE ( 'NONE', #3464, #7408, #2140, .T. ) ;
#6108 = DIMENSIONAL_EXPONENTS ( 1.000000000000000000, 0.0000000000000000000, 0.0000000000000000000, 0.0000000000000000000, 0.0000000000000000000, 0.0000000000000000000, 0.0000000000000000000 ) ;
#6109 = LENGTH_MEASURE_WITH_UNIT ( LENGTH_MEASURE( 0.02539999999999999897 ), #1663 );
#6110 = COLOUR_RGB ( '',0.7607843137254901578, 0.7607843137254901578, 0.0000000000000000000 ) ;
#6111 = ORIENTED_EDGE ( 'NONE', *, *, #3239, .F. ) ;
#6112 = CARTESIAN_POINT ( 'NONE',  ( 0.3140612938105267204, 0.1021333181416025776, -0.1329724411934974648 ) ) ;
#6113 = SURFACE_SIDE_STYLE ('',( #1711 ) ) ;
#6114 = LINE ( 'NONE', #341, #156 ) ;
#6115 = ORIENTED_EDGE ( 'NONE', *, *, #2158, .T. ) ;
#6116 = DIRECTION ( 'NONE',  ( 1.000000000000000000, -1.644517855226007801E-15, 9.344843119434783951E-12 ) ) ;
#6117 = EDGE_CURVE ( 'NONE', #4716, #5788, #1040, .T. ) ;
#6118 = VECTOR ( 'NONE', #4553, 39.37007874015748143 ) ;
#6119 = ADVANCED_FACE ( 'NONE', ( #2760 ), #6578, .F. ) ;
#6120 = EDGE_CURVE ( 'NONE', #7682, #3133, #2178, .T. ) ;
#6121 = AXIS2_PLACEMENT_3D ( 'NONE', #1199, #8043, #8080 ) ;
#6122 = DIRECTION ( 'NONE',  ( -5.673991369337018740E-10, 0.0000000000000000000, 1.000000000000000000 ) ) ;
#6123 = LENGTH_MEASURE_WITH_UNIT ( LENGTH_MEASURE( 0.02539999999999999897 ), #5791 );
#6124 = CARTESIAN_POINT ( 'NONE',  ( 0.4536010832257899583, 0.04500733388959449188, -0.03701423085452092837 ) ) ;
#6125 = VERTEX_POINT ( 'NONE', #6616 ) ;
#6126 = DIRECTION ( 'NONE',  ( 4.482742302360809843E-10, 0.0000000000000000000, -1.000000000000000000 ) ) ;
#6127 =( NAMED_UNIT ( * ) PLANE_ANGLE_UNIT ( ) SI_UNIT ( $, .RADIAN. ) );
#6128 = VERTEX_POINT ( 'NONE', #5987 ) ;
#6129 = CARTESIAN_POINT ( 'NONE',  ( 0.2514430687595301528, 0.04500733388959482495, -0.03730122072145040241 ) ) ;
#6130 = VECTOR ( 'NONE', #5146, 39.37007874015748143 ) ;
#6131 = EDGE_CURVE ( 'NONE', #7045, #1653, #297, .T. ) ;
#6132 = AXIS2_PLACEMENT_3D ( 'NONE', #3258, #5779, #2002 ) ;
#6133 = SURFACE_STYLE_USAGE ( .BOTH. , #2988 ) ;
#6134 = VERTEX_POINT ( 'NONE', #5494 ) ;
#6135 = FILL_AREA_STYLE ('',( #6086 ) ) ;
#6136 = MECHANICAL_DESIGN_GEOMETRIC_PRESENTATION_REPRESENTATION (  '', ( #1487 ), #6918 ) ;
#6137 = FACE_OUTER_BOUND ( 'NONE', #7119, .T. ) ;
#6138 = CARTESIAN_POINT ( 'NONE',  ( 0.5483132623141999673, -0.02585880784268914170, -0.1477362207209310108 ) ) ;
#6139 = CARTESIAN_POINT ( 'NONE',  ( 0.5225010356768849951, -0.03570132752772849083, -0.1477362207211436185 ) ) ;
#6140 = UNCERTAINTY_MEASURE_WITH_UNIT (LENGTH_MEASURE( 1.000000000000000082E-05 ), #647, 'distance_accuracy_value', 'NONE');
#6141 = STYLED_ITEM ( 'NONE', ( #4831 ), #4390 ) ;
#6142 = ORIENTED_EDGE ( 'NONE', *, *, #2161, .F. ) ;
#6143 = CARTESIAN_POINT ( 'NONE',  ( 0.5483132623143620599, -0.03570132752772851858, -0.1674212600910097992 ) ) ;
#6144 = ORIENTED_EDGE ( 'NONE', *, *, #1450, .F. ) ;
#6145 = FILL_AREA_STYLE_COLOUR ( '', #1759 ) ;
#6146 = DIRECTION ( 'NONE',  ( 0.1045284632676983655, 0.9945218953682685159, 1.827786029713617844E-16 ) ) ;
#6147 = VECTOR ( 'NONE', #7312, 39.37007874015748143 ) ;
#6148 = FILL_AREA_STYLE ('',( #3574 ) ) ;
#6149 = AXIS2_PLACEMENT_3D ( 'NONE', #2430, #6775, #4937 ) ;
#6150 = LINE ( 'NONE', #7477, #1125 ) ;
#6151 = CARTESIAN_POINT ( 'NONE',  ( 0.3140612938105268315, 0.1020939480628584861, -0.1821850396188913479 ) ) ;
#6152 =( NAMED_UNIT ( * ) SI_UNIT ( $, .STERADIAN. ) SOLID_ANGLE_UNIT ( ) );
#6153 = ORIENTED_EDGE ( 'NONE', *, *, #2574, .F. ) ;
#6154 = DIRECTION ( 'NONE',  ( -0.6691306063588781106, 0.7431448254773763695, -2.168404344971007685E-15 ) ) ;
#6155 = DIRECTION ( 'NONE',  ( 0.9040697401960466895, -1.445602896647340100E-15, -0.4273849609682733863 ) ) ;
#6156 = CARTESIAN_POINT ( 'NONE',  ( 0.4754786166454754714, 0.03516481420467318375, -0.1878937010364894467 ) ) ;
#6157 = DIRECTION ( 'NONE',  ( -0.1045284632676950626, 0.9945218953682689600, -8.607386130680116915E-13 ) ) ;
#6158 = CARTESIAN_POINT ( 'NONE',  ( 0.4653510425003174467, 0.001406173138374004891, -0.005563233702158661836 ) ) ;
#6159 = ORIENTED_EDGE ( 'NONE', *, *, #7498, .F. ) ;
#6160 = LINE ( 'NONE', #852, #5294 ) ;
#6161 = UNCERTAINTY_MEASURE_WITH_UNIT (LENGTH_MEASURE( 1.000000000000000082E-05 ), #1801, 'distance_accuracy_value', 'NONE');
#6162 = MECHANICAL_DESIGN_GEOMETRIC_PRESENTATION_REPRESENTATION (  '', ( #7344 ), #1780 ) ;
#6163 = PRESENTATION_LAYER_ASSIGNMENT (  '', '', ( #5098 ) ) ;
#6164 = ADVANCED_FACE ( 'NONE', ( #3744 ), #2343, .T. ) ;
#6165 = EDGE_CURVE ( 'NONE', #7245, #5969, #580, .T. ) ;
#6166 = SURFACE_STYLE_USAGE ( .BOTH. , #308 ) ;
#6167 = ORIENTED_EDGE ( 'NONE', *, *, #2076, .T. ) ;
#6168 = CARTESIAN_POINT ( 'NONE',  ( 0.4696401291281128154, 0.04500733388959446413, -0.02726377977696183702 ) ) ;
#6169 = CARTESIAN_POINT ( 'NONE',  ( 0.1920236922317871409, -0.01990283707880517727, -0.1466487461739639786 ) ) ;
#6170 = EDGE_LOOP ( 'NONE', ( #5125, #1655, #5312, #4634, #4560, #521 ) ) ;
#6171 = EDGE_CURVE ( 'NONE', #287, #2469, #459, .T. ) ;
#6172 = DIRECTION ( 'NONE',  ( 0.2761719275641929539, 0.9205747438996728649, -0.2761724231698924337 ) ) ;
#6173 = PRESENTATION_LAYER_ASSIGNMENT (  '', '', ( #1523 ) ) ;
#6174 = DIRECTION ( 'NONE',  ( 1.000000000000000000, -1.582776894139425349E-15, 0.0000000000000000000 ) ) ;
#6175 = EDGE_CURVE ( 'NONE', #5935, #495, #8164, .T. ) ;
#6176 = ORIENTED_EDGE ( 'NONE', *, *, #1857, .T. ) ;
#6177 = DIRECTION ( 'NONE',  ( -1.748601263784621748E-15, 0.0000000000000000000, 1.000000000000000000 ) ) ;
#6178 = MECHANICAL_DESIGN_GEOMETRIC_PRESENTATION_REPRESENTATION (  '', ( #6579 ), #5518 ) ;
#6179 = EDGE_LOOP ( 'NONE', ( #1275, #3171, #5891, #4527, #4119, #6829, #3307, #6438 ) ) ;
#6180 = LENGTH_MEASURE_WITH_UNIT ( LENGTH_MEASURE( 0.02539999999999999897 ), #4272 );
#6181 = CARTESIAN_POINT ( 'NONE',  ( 0.2372226159726010808, 0.03516481420455547929, -0.03513779552499369380 ) ) ;
#6182 = VECTOR ( 'NONE', #4237, 39.37007874015748143 ) ;
#6183 = ORIENTED_EDGE ( 'NONE', *, *, #532, .F. ) ;
#6184 = DIRECTION ( 'NONE',  ( 1.644517855225896177E-15, 1.000000000000000000, 6.394884621841000123E-14 ) ) ;
#6185 = ORIENTED_EDGE ( 'NONE', *, *, #3087, .F. ) ;
#6186 = SURFACE_STYLE_FILL_AREA ( #5400 ) ;
#6187 = CARTESIAN_POINT ( 'NONE',  ( 0.5483132623142811246, -0.03078006768520883188, -0.1575787404059704189 ) ) ;
#6188 = DIRECTION ( 'NONE',  ( -8.234490263801784106E-12, 1.353889066150678860E-26, 1.000000000000000000 ) ) ;
#6189 = CARTESIAN_POINT ( 'NONE',  ( 0.5134983943106644633, -0.007659296307098530966, -0.1878937010361783622 ) ) ;
#6190 = FACE_OUTER_BOUND ( 'NONE', #121, .T. ) ;
#6191 = FACE_OUTER_BOUND ( 'NONE', #1009, .T. ) ;
#6192 = ORIENTED_EDGE ( 'NONE', *, *, #6585, .T. ) ;
#6193 = LINE ( 'NONE', #7554, #4585 ) ;
#6194 = LINE ( 'NONE', #7556, #1593 ) ;
#6195 = SURFACE_STYLE_FILL_AREA ( #1792 ) ;
#6196 = DIRECTION ( 'NONE',  ( 1.644517855226008195E-15, 1.000000000000000000, -6.888556729901376831E-28 ) ) ;
#6197 = LINE ( 'NONE', #6158, #1608 ) ;
#6198 = ORIENTED_EDGE ( 'NONE', *, *, #2662, .T. ) ;
#6199 = AXIS2_PLACEMENT_3D ( 'NONE', #2832, #5360, #366 ) ;
#6200 = VERTEX_POINT ( 'NONE', #6774 ) ;
#6201 = DIRECTION ( 'NONE',  ( 1.000000000000000000, -1.734723475977064460E-15, -7.913884470697101105E-16 ) ) ;
#6202 = DIRECTION ( 'NONE',  ( 0.2761728431768883940, -0.9205744918961651369, 0.2761723475688889207 ) ) ;
#6203 = ORIENTED_EDGE ( 'NONE', *, *, #6587, .F. ) ;
#6204 = CYLINDRICAL_SURFACE ( 'NONE', #7742, 0.01771653543307086243 ) ;
#6205 = EDGE_CURVE ( 'NONE', #6517, #2331, #2509, .T. ) ;
#6206 = EDGE_CURVE ( 'NONE', #1547, #4377, #6193, .T. ) ;
#6207 = VECTOR ( 'NONE', #1860, 39.37007874015748143 ) ;
#6208 = EDGE_CURVE ( 'NONE', #3452, #6856, #3084, .T. ) ;
#6209 = FACE_OUTER_BOUND ( 'NONE', #3066, .T. ) ;
#6210 = CARTESIAN_POINT ( 'NONE',  ( 0.2490536793154355943, 0.003668751212429472927, -0.005563233721056699485 ) ) ;
#6211 = VERTEX_POINT ( 'NONE', #8045 ) ;
#6212 = CARTESIAN_POINT ( 'NONE',  ( 0.2514430687595305969, 0.04500733388959481107, -0.1373012207214504010 ) ) ;
#6213 = SURFACE_SIDE_STYLE ('',( #487 ) ) ;
#6214 =( CONVERSION_BASED_UNIT ( 'INCH', #1944 ) LENGTH_UNIT ( ) NAMED_UNIT ( #4515 ) );
#6215 = LINE ( 'NONE', #3770, #8054 ) ;
#6216 = CIRCLE ( 'NONE', #2520, 0.007874015748031499423 ) ;
#6217 = UNCERTAINTY_MEASURE_WITH_UNIT (LENGTH_MEASURE( 1.000000000000000082E-05 ), #1740, 'distance_accuracy_value', 'NONE');
#6218 = ADVANCED_FACE ( 'NONE', ( #3127 ), #6851, .F. ) ;
#6219 = ADVANCED_FACE ( 'NONE', ( #745 ), #1286, .F. ) ;
#6220 = EDGE_LOOP ( 'NONE', ( #7104, #6787, #6313, #1506, #5547, #7077 ) ) ;
#6221 = LINE ( 'NONE', #6143, #870 ) ;
#6222 = ORIENTED_EDGE ( 'NONE', *, *, #1136, .T. ) ;
#6223 = FILL_AREA_STYLE ('',( #5679 ) ) ;
#6224 = FACE_OUTER_BOUND ( 'NONE', #2119, .T. ) ;
#6225 = PRESENTATION_STYLE_ASSIGNMENT (( #1154 ) ) ;
#6226 = LINE ( 'NONE', #4402, #1362 ) ;
#6227 = CARTESIAN_POINT ( 'NONE',  ( 0.4578091021359867452, 0.003668751212429131620, -0.005563233721056288356 ) ) ;
#6228 = DIRECTION ( 'NONE',  ( 8.279256909673113002E-11, 0.0000000000000000000, -1.000000000000000000 ) ) ;
#6229 = ORIENTED_EDGE ( 'NONE', *, *, #7341, .T. ) ;
#6230 = CARTESIAN_POINT ( 'NONE',  ( 0.2313841284562323797, 0.04500733388959484577, -0.1878937010368047777 ) ) ;
#6231 = MECHANICAL_DESIGN_GEOMETRIC_PRESENTATION_REPRESENTATION (  '', ( #3590 ), #6642 ) ;
#6232 = FACE_OUTER_BOUND ( 'NONE', #6665, .T. ) ;
#6233 = SURFACE_SIDE_STYLE ('',( #4291 ) ) ;
#6234 = SURFACE_STYLE_FILL_AREA ( #5653 ) ;
#6235 =( CONVERSION_BASED_UNIT ( 'INCH', #6855 ) LENGTH_UNIT ( ) NAMED_UNIT ( #5091 ) );
#6236 = ORIENTED_EDGE ( 'NONE', *, *, #4633, .F. ) ;
#6237 = DIRECTION ( 'NONE',  ( 0.05226423162670049832, -0.4972609476841248211, 0.8660254037848753583 ) ) ;
#6238 = CARTESIAN_POINT ( 'NONE',  ( 0.3928014512908295508, 0.1198104834959331788, -0.03600393725668726147 ) ) ;
#6239 = VERTEX_POINT ( 'NONE', #6355 ) ;
#6240 = DIRECTION ( 'NONE',  ( 1.644517855226008195E-15, 1.000000000000000000, 2.890435660536364269E-30 ) ) ;
#6241 = CARTESIAN_POINT ( 'NONE',  ( 0.2685386460637516071, 0.04008607404707512090, -0.08789370103680468893 ) ) ;
#6242 = ORIENTED_EDGE ( 'NONE', *, *, #2155, .T. ) ;
#6243 = CARTESIAN_POINT ( 'NONE',  ( 0.3928014512908299394, 0.1021333181416024388, -0.1791535435558992695 ) ) ;
#6244 = ORIENTED_EDGE ( 'NONE', *, *, #7391, .F. ) ;
#6245 = MECHANICAL_DESIGN_GEOMETRIC_PRESENTATION_REPRESENTATION (  '', ( #282 ), #5321 ) ;
#6246 = CARTESIAN_POINT ( 'NONE',  ( 0.1921925904901474469, -0.01880785086054883801, -0.06934404710513727976 ) ) ;
#6247 = CIRCLE ( 'NONE', #4136, 0.005905511811019673735 ) ;
#6248 = AXIS2_PLACEMENT_3D ( 'NONE', #5964, #3316, #1555 ) ;
#6249 = LENGTH_MEASURE_WITH_UNIT ( LENGTH_MEASURE( 0.02539999999999999897 ), #2450 );
#6250 =( NAMED_UNIT ( * ) SI_UNIT ( $, .STERADIAN. ) SOLID_ANGLE_UNIT ( ) );
#6251 = CYLINDRICAL_SURFACE ( 'NONE', #651, 0.007874015748031495954 ) ;
#6252 = EDGE_LOOP ( 'NONE', ( #917, #1480, #4807 ) ) ;
#6253 = STYLED_ITEM ( 'NONE', ( #3256 ), #1602 ) ;
#6254 = DIRECTION ( 'NONE',  ( -2.836710033957226591E-12, -1.000000000000000000, 1.065814103797950606E-13 ) ) ;
#6255 =( NAMED_UNIT ( * ) SI_UNIT ( $, .STERADIAN. ) SOLID_ANGLE_UNIT ( ) );
#6256 =( NAMED_UNIT ( * ) SI_UNIT ( $, .STERADIAN. ) SOLID_ANGLE_UNIT ( ) );
#6257 = COLOUR_RGB ( '',0.7607843137254901578, 0.7607843137254901578, 0.0000000000000000000 ) ;
#6258 = VECTOR ( 'NONE', #6489, 39.37007874015748143 ) ;
#6259 = ORIENTED_EDGE ( 'NONE', *, *, #3344, .T. ) ;
#6260 = PRESENTATION_LAYER_ASSIGNMENT (  '', '', ( #7316 ) ) ;
#6261 = ORIENTED_EDGE ( 'NONE', *, *, #4986, .T. ) ;
#6262 = CARTESIAN_POINT ( 'NONE',  ( 0.1972323944382712024, 0.02914268067976814522, -0.02726377977696231580 ) ) ;
#6263 = ADVANCED_FACE ( 'NONE', ( #5188 ), #5809, .T. ) ;
#6264 = ORIENTED_EDGE ( 'NONE', *, *, #5215, .F. ) ;
#6265 =( CONVERSION_BASED_UNIT ( 'INCH', #6883 ) LENGTH_UNIT ( ) NAMED_UNIT ( #3249 ) );
#6266 = EDGE_CURVE ( 'NONE', #6476, #8015, #129, .T. ) ;
#6267 = CARTESIAN_POINT ( 'NONE',  ( 0.2532616618757510540, 0.04500733388959481107, -0.1370142308537339038 ) ) ;
#6268 = CARTESIAN_POINT ( 'NONE',  ( 0.3928014512908299394, 0.1020939480628583473, -0.1821850396188912091 ) ) ;
#6269 = CARTESIAN_POINT ( 'NONE',  ( 0.4754786166450025164, 0.03516481420311536044, -0.2197218394863752478 ) ) ;
#6270 = ADVANCED_FACE ( 'NONE', ( #1920 ), #5235, .T. ) ;
#6271 = VECTOR ( 'NONE', #6862, 39.37007874015748143 ) ;
#6272 = AXIS2_PLACEMENT_3D ( 'NONE', #7142, #7746, #5182 ) ;
#6273 = DIRECTION ( 'NONE',  ( 8.234490263801784106E-12, -1.353889066150678860E-26, -1.000000000000000000 ) ) ;
#6274 = ORIENTED_EDGE ( 'NONE', *, *, #7080, .T. ) ;
#6275 = CARTESIAN_POINT ( 'NONE',  ( 0.4254818849634283695, 0.1217789874329370248, -0.1319881892249934463 ) ) ;
#6276 = COLOUR_RGB ( '',0.7607843137254901578, 0.7607843137254901578, 0.0000000000000000000 ) ;
#6277 = VECTOR ( 'NONE', #667, 39.37007874015748143 ) ;
#6278 =( LENGTH_UNIT ( ) NAMED_UNIT ( * ) SI_UNIT ( $, .METRE. ) );
#6279 = CARTESIAN_POINT ( 'NONE',  ( 0.4625214697567742173, 0.04500733388959447800, -0.03177255961278863117 ) ) ;
#6280 =( CONVERSION_BASED_UNIT ( 'INCH', #98 ) LENGTH_UNIT ( ) NAMED_UNIT ( #6516 ) );
#6281 = PLANE ( 'NONE',  #3370 ) ;
#6282 = ORIENTED_EDGE ( 'NONE', *, *, #3038, .F. ) ;
#6283 = DIRECTION ( 'NONE',  ( -1.387778780775897222E-15, 0.0000000000000000000, -1.000000000000000000 ) ) ;
#6284 = COLOUR_RGB ( '',0.7607843137254901578, 0.7607843137254901578, 0.0000000000000000000 ) ;
#6285 = DIRECTION ( 'NONE',  ( 0.0000000000000000000, 0.0000000000000000000, -1.000000000000000000 ) ) ;
#6286 = ORIENTED_EDGE ( 'NONE', *, *, #239, .T. ) ;
#6287 = DIRECTION ( 'NONE',  ( 1.000000000000000000, -1.644517855226007801E-15, 1.748601263784622143E-15 ) ) ;
#6288 = LENGTH_MEASURE_WITH_UNIT ( LENGTH_MEASURE( 0.02539999999999999897 ), #6991 );
#6289 = ORIENTED_EDGE ( 'NONE', *, *, #474, .T. ) ;
#6290 = VECTOR ( 'NONE', #2368, 39.37007874015748854 ) ;
#6291 = CARTESIAN_POINT ( 'NONE',  ( 0.4554196763415381821, 0.04500733388959449188, -0.08376177190290670649 ) ) ;
#6292 = LINE ( 'NONE', #69, #4007 ) ;
#6293 = ORIENTED_EDGE ( 'NONE', *, *, #7627, .T. ) ;
#6294 = PRESENTATION_STYLE_ASSIGNMENT (( #5083 ) ) ;
#6295 = SURFACE_STYLE_FILL_AREA ( #110 ) ;
#6296 = VERTEX_POINT ( 'NONE', #1961 ) ;
#6297 = FILL_AREA_STYLE_COLOUR ( '', #4605 ) ;
#6298 = PRESENTATION_LAYER_ASSIGNMENT (  '', '', ( #7220 ) ) ;
#6299 = LINE ( 'NONE', #8150, #4090 ) ;
#6300 = UNCERTAINTY_MEASURE_WITH_UNIT (LENGTH_MEASURE( 1.000000000000000082E-05 ), #5575, 'distance_accuracy_value', 'NONE');
#6301 = ORIENTED_EDGE ( 'NONE', *, *, #7575, .F. ) ;
#6302 = ORIENTED_EDGE ( 'NONE', *, *, #4641, .F. ) ;
#6303 = SURFACE_STYLE_USAGE ( .BOTH. , #4440 ) ;
#6304 = ORIENTED_EDGE ( 'NONE', *, *, #3231, .F. ) ;
#6305 = FACE_OUTER_BOUND ( 'NONE', #7625, .T. ) ;
#6306 = DIRECTION ( 'NONE',  ( 1.748601263784621748E-15, 0.0000000000000000000, -1.000000000000000000 ) ) ;
#6307 = FILL_AREA_STYLE_COLOUR ( '', #1238 ) ;
#6308 = DIRECTION ( 'NONE',  ( -0.5730959463349092342, -0.8184658334306105232, -0.04092329167150157015 ) ) ;
#6309 =( GEOMETRIC_REPRESENTATION_CONTEXT ( 3 ) GLOBAL_UNCERTAINTY_ASSIGNED_CONTEXT ( ( #7544 ) ) GLOBAL_UNIT_ASSIGNED_CONTEXT ( ( #3227, #234, #847 ) ) REPRESENTATION_CONTEXT ( 'NONE', 'WORKASPACE' ) );
#6310 = EDGE_CURVE ( 'NONE', #4356, #1547, #5039, .T. ) ;
#6311 = ADVANCED_FACE ( 'NONE', ( #5855 ), #7015, .F. ) ;
#6312 = CARTESIAN_POINT ( 'NONE',  ( 0.5225010356778665432, -0.01798479209465760759, -0.2669308663904348955 ) ) ;
#6313 = ORIENTED_EDGE ( 'NONE', *, *, #275, .T. ) ;
#6314 = EDGE_CURVE ( 'NONE', #3775, #5324, #3369, .T. ) ;
#6315 = AXIS2_PLACEMENT_3D ( 'NONE', #2166, #944, #2867 ) ;
#6316 = DIRECTION ( 'NONE',  ( 0.0000000000000000000, 0.0000000000000000000, 1.000000000000000000 ) ) ;
#6317 = DIRECTION ( 'NONE',  ( 1.748601263784622143E-15, 0.0000000000000000000, -1.000000000000000000 ) ) ;
#6318 = PLANE ( 'NONE',  #6848 ) ;
#6319 = DIRECTION ( 'NONE',  ( 0.0000000000000000000, 0.0000000000000000000, 1.000000000000000000 ) ) ;
#6320 = DIRECTION ( 'NONE',  ( 1.644517855226008195E-15, 1.000000000000000000, 2.890435660536364269E-30 ) ) ;
#6321 = DIRECTION ( 'NONE',  ( 8.234490263801784106E-12, -1.353889066150678860E-26, -1.000000000000000000 ) ) ;
#6322 = ORIENTED_EDGE ( 'NONE', *, *, #4142, .T. ) ;
#6323 = DIRECTION ( 'NONE',  ( -1.000000000000000000, 1.734723475977064460E-15, 1.951563910474197493E-15 ) ) ;
#6324 = VECTOR ( 'NONE', #162, 39.37007874015748143 ) ;
#6325 = EDGE_CURVE ( 'NONE', #3719, #2921, #741, .T. ) ;
#6326 = CARTESIAN_POINT ( 'NONE',  ( 0.4696401291287826130, 0.03516481420455507684, -0.1351377955249933038 ) ) ;
#6327 = ORIENTED_EDGE ( 'NONE', *, *, #3790, .F. ) ;
#6328 = EDGE_CURVE ( 'NONE', #3809, #1344, #364, .T. ) ;
#6329 = DIRECTION ( 'NONE',  ( 4.670742959067550678E-12, 0.0000000000000000000, 1.000000000000000000 ) ) ;
#6330 = DIRECTION ( 'NONE',  ( -1.664296299258047645E-15, 0.04993761694385234762, 0.9987523388778467570 ) ) ;
#6331 = VERTEX_POINT ( 'NONE', #1454 ) ;
#6332 = VECTOR ( 'NONE', #3130, 39.37007874015748854 ) ;
#6333 = DIRECTION ( 'NONE',  ( -5.224987109642144261E-11, 0.0000000000000000000, -1.000000000000000000 ) ) ;
#6334 = EDGE_LOOP ( 'NONE', ( #2177, #5962, #172, #552 ) ) ;
#6335 = SURFACE_STYLE_USAGE ( .BOTH. , #4342 ) ;
#6336 = DIRECTION ( 'NONE',  ( 0.3079484342921974260, 0.0000000000000000000, 0.9514030490895979408 ) ) ;
#6337 = CARTESIAN_POINT ( 'NONE',  ( 0.4754786166455541863, 0.03516481420522436785, -0.1272637797769618495 ) ) ;
#6338 = ORIENTED_EDGE ( 'NONE', *, *, #2882, .F. ) ;
#6339 = FILL_AREA_STYLE ('',( #6297 ) ) ;
#6340 = CARTESIAN_POINT ( 'NONE',  ( 0.2372226159726010808, 0.03516481420455547929, -0.03513779552499369380 ) ) ;
#6341 =( NAMED_UNIT ( * ) PLANE_ANGLE_UNIT ( ) SI_UNIT ( $, .RADIAN. ) );
#6342 = SURFACE_STYLE_USAGE ( .BOTH. , #4352 ) ;
#6343 = EDGE_LOOP ( 'NONE', ( #8035, #1554, #2776, #5745, #3408, #3359, #6701, #7727 ) ) ;
#6344 = VERTEX_POINT ( 'NONE', #2127 ) ;
#6345 = FILL_AREA_STYLE_COLOUR ( '', #348 ) ;
#6346 = ORIENTED_EDGE ( 'NONE', *, *, #1089, .F. ) ;
#6347 = STYLED_ITEM ( 'NONE', ( #1020 ), #125 ) ;
#6348 = LENGTH_MEASURE_WITH_UNIT ( LENGTH_MEASURE( 0.02539999999999999897 ), #737 );
#6349 = FILL_AREA_STYLE ('',( #6307 ) ) ;
#6350 = DIRECTION ( 'NONE',  ( 1.000000000000000000, -1.644517855226007801E-15, 3.555553229056784908E-12 ) ) ;
#6351 = DIRECTION ( 'NONE',  ( -1.748601263784622143E-15, 0.0000000000000000000, 1.000000000000000000 ) ) ;
#6352 = VECTOR ( 'NONE', #3711, 39.37007874015748143 ) ;
#6353 =( CONVERSION_BASED_UNIT ( 'INCH', #1873 ) LENGTH_UNIT ( ) NAMED_UNIT ( #5817 ) );
#6354 = ORIENTED_EDGE ( 'NONE', *, *, #6377, .T. ) ;
#6355 = CARTESIAN_POINT ( 'NONE',  ( 0.4615064727376404496, 0.04500733388959447800, -0.08123784496900907093 ) ) ;
#6356 = SURFACE_STYLE_USAGE ( .BOTH. , #6889 ) ;
#6357 = DIRECTION ( 'NONE',  ( -1.000000000000000000, 1.644517855226007801E-15, -8.234490263801784106E-12 ) ) ;
#6358 = DIRECTION ( 'NONE',  ( 0.0000000000000000000, 0.0000000000000000000, 1.000000000000000000 ) ) ;
#6359 = DIRECTION ( 'NONE',  ( -8.234490263801784106E-12, 1.353889066150678860E-26, 1.000000000000000000 ) ) ;
#6360 = EDGE_CURVE ( 'NONE', #5297, #8177, #157, .T. ) ;
#6361 = FACE_OUTER_BOUND ( 'NONE', #4368, .T. ) ;
#6362 = ORIENTED_EDGE ( 'NONE', *, *, #6373, .F. ) ;
#6363 = AXIS2_PLACEMENT_3D ( 'NONE', #7774, #2702, #7171 ) ;
#6364 = EDGE_CURVE ( 'NONE', #7878, #789, #1533, .T. ) ;
#6365 = LINE ( 'NONE', #661, #4753 ) ;
#6366 = ADVANCED_FACE ( 'NONE', ( #7184 ), #4156, .F. ) ;
#6367 = DIMENSIONAL_EXPONENTS ( 1.000000000000000000, 0.0000000000000000000, 0.0000000000000000000, 0.0000000000000000000, 0.0000000000000000000, 0.0000000000000000000, 0.0000000000000000000 ) ;
#6368 = DIRECTION ( 'NONE',  ( -8.234490263801784106E-12, 1.353889066150678860E-26, 1.000000000000000000 ) ) ;
#6369 = EDGE_LOOP ( 'NONE', ( #4600, #373, #3987, #5167 ) ) ;
#6370 = CARTESIAN_POINT ( 'NONE',  ( 0.2313841284562319078, 0.04500733388959485964, -0.02726377977696224642 ) ) ;
#6371 = EDGE_LOOP ( 'NONE', ( #4019, #2282, #4765, #7231 ) ) ;
#6372 = CARTESIAN_POINT ( 'NONE',  ( 0.5061831144100219504, -0.02488414520016214715, -0.06742126009135666898 ) ) ;
#6373 = EDGE_CURVE ( 'NONE', #6793, #2973, #3528, .T. ) ;
#6374 = LINE ( 'NONE', #3803, #7574 ) ;
#6375 = ORIENTED_EDGE ( 'NONE', *, *, #6360, .F. ) ;
#6376 = PRESENTATION_LAYER_ASSIGNMENT (  '', '', ( #3590 ) ) ;
#6377 = EDGE_CURVE ( 'NONE', #1824, #2457, #6566, .T. ) ;
#6378 = SURFACE_SIDE_STYLE ('',( #6546 ) ) ;
#6379 = STYLED_ITEM ( 'NONE', ( #7882 ), #1439 ) ;
#6380 = DIRECTION ( 'NONE',  ( 1.644517855226007801E-15, 1.000000000000000000, 2.875605999964572744E-30 ) ) ;
#6381 = DIRECTION ( 'NONE',  ( 7.515307820595736171E-13, -1.000000000000000000, 2.344791028037013343E-13 ) ) ;
#6382 = VERTEX_POINT ( 'NONE', #4726 ) ;
#6383 =( BOUNDED_CURVE ( )  B_SPLINE_CURVE ( 3, ( #4980, #57, #3129, #6853 ),
 .UNSPECIFIED., .F., .T. ) 
 B_SPLINE_CURVE_WITH_KNOTS ( ( 4, 4 ),
 ( 2.314863421232947971, 3.058929863299746366 ),
 .UNSPECIFIED. ) 
 CURVE ( )  GEOMETRIC_REPRESENTATION_ITEM ( )  RATIONAL_B_SPLINE_CURVE ( ( 1.000000000000000000, 0.9543934499307230590, 0.9543934499307230590, 1.000000000000000000 ) ) 
 REPRESENTATION_ITEM ( '' )  );
#6384 = FILL_AREA_STYLE_COLOUR ( '', #5186 ) ;
#6385 = SURFACE_SIDE_STYLE ('',( #3855 ) ) ;
#6386 = CARTESIAN_POINT ( 'NONE',  ( 0.3142156862761680269, 0.1217789874329372468, 0.002302377395085121285 ) ) ;
#6387 = CIRCLE ( 'NONE', #4129, 0.007874015748031495954 ) ;
#6388 = VERTEX_POINT ( 'NONE', #1191 ) ;
#6389 = CIRCLE ( 'NONE', #7822, 0.005905511811027570196 ) ;
#6390 = ORIENTED_EDGE ( 'NONE', *, *, #1594, .T. ) ;
#6391 = CARTESIAN_POINT ( 'NONE',  ( 0.1843617094242558374, -0.03570132752772792184, -0.1477362207218441970 ) ) ;
#6392 = EDGE_LOOP ( 'NONE', ( #7014, #5718, #2437, #2748 ) ) ;
#6393 = CARTESIAN_POINT ( 'NONE',  ( 0.2813808601379161889, 0.1217789874329412297, -0.08316929158739536088 ) ) ;
#6394 = PRESENTATION_LAYER_ASSIGNMENT (  '', '', ( #4400 ) ) ;
#6395 = DIRECTION ( 'NONE',  ( -1.748601263784621748E-15, 0.0000000000000000000, 1.000000000000000000 ) ) ;
#6396 = DIRECTION ( 'NONE',  ( -0.5730959463349092342, -0.8184658334306105232, -0.04092329167150157015 ) ) ;
#6397 = FACE_OUTER_BOUND ( 'NONE', #3398, .T. ) ;
#6398 = CARTESIAN_POINT ( 'NONE',  ( 0.5146701546111716041, -0.01880785086055409075, -0.1693440471045037088 ) ) ;
#6399 = UNCERTAINTY_MEASURE_WITH_UNIT (LENGTH_MEASURE( 1.000000000000000082E-05 ), #4731, 'distance_accuracy_value', 'NONE');
#6400 = COLOUR_RGB ( '',0.7607843137254901578, 0.7607843137254901578, 0.0000000000000000000 ) ;
#6401 = STYLED_ITEM ( 'NONE', ( #1292 ), #2479 ) ;
#6402 = LINE ( 'NONE', #2545, #8097 ) ;
#6403 = ORIENTED_EDGE ( 'NONE', *, *, #5454, .F. ) ;
#6404 = PRESENTATION_STYLE_ASSIGNMENT (( #4528 ) ) ;
#6405 = DIRECTION ( 'NONE',  ( -0.9945218953682690710, -0.1045284632676950765, -8.189380864547705479E-12 ) ) ;
#6406 = DIRECTION ( 'NONE',  ( 8.234490263801784106E-12, -1.353889066150678860E-26, -1.000000000000000000 ) ) ;
#6407 = DIRECTION ( 'NONE',  ( 0.9945218953682687379, -0.1045284632676985181, 2.168404344971013601E-15 ) ) ;
#6408 = DIRECTION ( 'NONE',  ( 1.644517855226008195E-15, 1.000000000000000000, -6.888556729901376831E-28 ) ) ;
#6409 = AXIS2_PLACEMENT_3D ( 'NONE', #2590, #7601, #2510 ) ;
#6410 = ORIENTED_EDGE ( 'NONE', *, *, #8188, .T. ) ;
#6411 = VECTOR ( 'NONE', #2624, 39.37007874015748143 ) ;
#6412 = LINE ( 'NONE', #8172, #5959 ) ;
#6413 = CIRCLE ( 'NONE', #1621, 0.007874015748031516770 ) ;
#6414 = CARTESIAN_POINT ( 'NONE',  ( 0.4754786166452389939, 0.04500733388959445719, -0.08789370103649142563 ) ) ;
#6415 = PRESENTATION_LAYER_ASSIGNMENT (  '', '', ( #2296 ) ) ;
#6416 = ORIENTED_EDGE ( 'NONE', *, *, #3225, .T. ) ;
#6417 = DIRECTION ( 'NONE',  ( 0.0000000000000000000, 1.000000000000000000, 0.0000000000000000000 ) ) ;
#6418 = FILL_AREA_STYLE ('',( #715 ) ) ;
#6419 = ORIENTED_EDGE ( 'NONE', *, *, #4835, .T. ) ;
#6420 = LINE ( 'NONE', #7031, #1369 ) ;
#6421 = CARTESIAN_POINT ( 'NONE',  ( 0.4254818849634279809, 0.1217789874329370386, -0.08316929158739508332 ) ) ;
#6422 = EDGE_LOOP ( 'NONE', ( #238, #2429, #7803, #198, #3395, #4874, #4465, #119 ) ) ;
#6423 = VECTOR ( 'NONE', #2001, 39.37007874015748143 ) ;
#6424 = VECTOR ( 'NONE', #961, 39.37007874015748143 ) ;
#6425 = ADVANCED_FACE ( 'NONE', ( #4968 ), #3692, .F. ) ;
#6426 = PRESENTATION_LAYER_ASSIGNMENT (  '', '', ( #5751 ) ) ;
#6427 = DIRECTION ( 'NONE',  ( 0.5735764363508984998, 0.8191520442890949383, 1.002956481480260880E-15 ) ) ;
#6428 = LINE ( 'NONE', #6998, #3192 ) ;
#6429 = ORIENTED_EDGE ( 'NONE', *, *, #1078, .T. ) ;
#6430 = EDGE_CURVE ( 'NONE', #6517, #22, #8033, .T. ) ;
#6431 = DIRECTION ( 'NONE',  ( -0.6691306063588781106, 0.7431448254773763695, -2.168404344971007685E-15 ) ) ;
#6432 = DIMENSIONAL_EXPONENTS ( 1.000000000000000000, 0.0000000000000000000, 0.0000000000000000000, 0.0000000000000000000, 0.0000000000000000000, 0.0000000000000000000, 0.0000000000000000000 ) ;
#6433 = CARTESIAN_POINT ( 'NONE',  ( 0.1918644830476397833, -0.02037404134002615899, -0.06827400171835128206 ) ) ;
#6434 = EDGE_CURVE ( 'NONE', #8123, #5387, #2459, .T. ) ;
#6435 = VERTEX_POINT ( 'NONE', #1066 ) ;
#6436 = ORIENTED_EDGE ( 'NONE', *, *, #1342, .F. ) ;
#6437 = VECTOR ( 'NONE', #8016, 39.37007874015748143 ) ;
#6438 = ORIENTED_EDGE ( 'NONE', *, *, #3991, .F. ) ;
#6439 = PLANE ( 'NONE',  #3753 ) ;
#6440 = CARTESIAN_POINT ( 'NONE',  ( 0.5144963000303954814, -0.01715373501898828645, -0.04379921284719372199 ) ) ;
#6441 =( LENGTH_UNIT ( ) NAMED_UNIT ( * ) SI_UNIT ( $, .METRE. ) );
#6442 = DIRECTION ( 'NONE',  ( -1.748601263784621946E-15, 0.0000000000000000000, 1.000000000000000000 ) ) ;
#6443 = VERTEX_POINT ( 'NONE', #1654 ) ;
#6444 = DIRECTION ( 'NONE',  ( -1.748601263784621748E-15, -1.482966057179117483E-32, 1.000000000000000000 ) ) ;
#6445 = DIRECTION ( 'NONE',  ( -1.644517855226008195E-15, -1.000000000000000000, -2.890435660536364269E-30 ) ) ;
#6446 = PLANE ( 'NONE',  #1596 ) ;
#6447 = CARTESIAN_POINT ( 'NONE',  ( 0.5483132623141999673, -0.02585880784268914170, -0.1477362207209310108 ) ) ;
#6448 = MECHANICAL_DESIGN_GEOMETRIC_PRESENTATION_REPRESENTATION (  '', ( #5112 ), #3924 ) ;
#6449 = LINE ( 'NONE', #5618, #4162 ) ;
#6450 = CARTESIAN_POINT ( 'NONE',  ( 0.2313841284562230538, 0.03516481420601218905, -0.02726377977696224642 ) ) ;
#6451 = ORIENTED_EDGE ( 'NONE', *, *, #4504, .T. ) ;
#6452 =( LENGTH_UNIT ( ) NAMED_UNIT ( * ) SI_UNIT ( $, .METRE. ) );
#6453 = MECHANICAL_DESIGN_GEOMETRIC_PRESENTATION_REPRESENTATION (  '', ( #732 ), #1266 ) ;
#6454 = DIRECTION ( 'NONE',  ( -0.4273849608099042907, 7.028421991069578798E-16, -0.9040697402709132469 ) ) ;
#6455 = ORIENTED_EDGE ( 'NONE', *, *, #4734, .T. ) ;
#6456 = DIRECTION ( 'NONE',  ( -0.05226423163383198817, -0.4972609476841254317, -0.8660254037844445918 ) ) ;
#6457 = CARTESIAN_POINT ( 'NONE',  ( 0.3928014512908294953, 0.08634591656677388649, -0.03198818922499349626 ) ) ;
#6458 = ORIENTED_EDGE ( 'NONE', *, *, #4633, .T. ) ;
#6459 = LENGTH_MEASURE_WITH_UNIT ( LENGTH_MEASURE( 0.02539999999999999897 ), #3428 );
#6460 = ORIENTED_EDGE ( 'NONE', *, *, #6373, .T. ) ;
#6461 = STYLED_ITEM ( 'NONE', ( #6755 ), #7489 ) ;
#6462 = VECTOR ( 'NONE', #7937, 39.37007874015748143 ) ;
#6463 = VECTOR ( 'NONE', #6981, 39.37007874015748143 ) ;
#6464 = LENGTH_MEASURE_WITH_UNIT ( LENGTH_MEASURE( 0.02539999999999999897 ), #3722 );
#6465 = PLANE ( 'NONE',  #1499 ) ;
#6466 = PLANE ( 'NONE',  #3713 ) ;
#6467 = ORIENTED_EDGE ( 'NONE', *, *, #1650, .T. ) ;
#6468 = FACE_OUTER_BOUND ( 'NONE', #2126, .T. ) ;
#6469 = CARTESIAN_POINT ( 'NONE',  ( 0.2313841284562625222, 0.04500733388959485964, -0.08789370103625360198 ) ) ;
#6470 = PRESENTATION_STYLE_ASSIGNMENT (( #5299 ) ) ;
#6471 = CARTESIAN_POINT ( 'NONE',  ( 0.2372226159751995300, 0.03516481420455547929, -0.08789370103625360198 ) ) ;
#6472 = EDGE_CURVE ( 'NONE', #3363, #1478, #4459, .T. ) ;
#6473 = EDGE_CURVE ( 'NONE', #7714, #5033, #4198, .T. ) ;
#6474 = VECTOR ( 'NONE', #1494, 39.37007874015748143 ) ;
#6475 = EDGE_CURVE ( 'NONE', #3240, #5716, #5602, .T. ) ;
#6476 = VERTEX_POINT ( 'NONE', #3071 ) ;
#6477 = FACE_OUTER_BOUND ( 'NONE', #4619, .T. ) ;
#6478 = ORIENTED_EDGE ( 'NONE', *, *, #4555, .T. ) ;
#6479 = CARTESIAN_POINT ( 'NONE',  ( 0.2506952668926409333, 0.04500733388959481107, -0.1837617719025922414 ) ) ;
#6480 = EDGE_LOOP ( 'NONE', ( #7239, #1152, #5562, #909, #7452, #3954 ) ) ;
#6481 =( NAMED_UNIT ( * ) PLANE_ANGLE_UNIT ( ) SI_UNIT ( $, .RADIAN. ) );
#6482 = LINE ( 'NONE', #7591, #2762 ) ;
#6483 = LINE ( 'NONE', #207, #7729 ) ;
#6484 = SURFACE_SIDE_STYLE ('',( #4523 ) ) ;
#6485 = ADVANCED_FACE ( 'NONE', ( #2501 ), #7508, .T. ) ;
#6486 = UNCERTAINTY_MEASURE_WITH_UNIT (LENGTH_MEASURE( 1.000000000000000082E-05 ), #4817, 'distance_accuracy_value', 'NONE');
#6487 = DIMENSIONAL_EXPONENTS ( 1.000000000000000000, 0.0000000000000000000, 0.0000000000000000000, 0.0000000000000000000, 0.0000000000000000000, 0.0000000000000000000, 0.0000000000000000000 ) ;
#6488 = EDGE_CURVE ( 'NONE', #5260, #5784, #907, .T. ) ;
#6489 = DIRECTION ( 'NONE',  ( -1.000000000000000000, -3.408447766453399072E-14, -1.748601263784622143E-15 ) ) ;
#6490 = ORIENTED_EDGE ( 'NONE', *, *, #836, .T. ) ;
#6491 = DIRECTION ( 'NONE',  ( -1.703894664301477426E-11, 1.000000000000000000, -2.629008122389297879E-13 ) ) ;
#6492 = DIRECTION ( 'NONE',  ( 0.9040697402463263588, -1.486758830204623752E-15, 0.4273849608619142981 ) ) ;
#6493 = LINE ( 'NONE', #3299, #4335 ) ;
#6494 = DIRECTION ( 'NONE',  ( -1.644517855226008195E-15, -1.000000000000000000, -2.890435660536364269E-30 ) ) ;
#6495 = ORIENTED_EDGE ( 'NONE', *, *, #4350, .F. ) ;
#6496 = SURFACE_STYLE_USAGE ( .BOTH. , #5864 ) ;
#6497 = VECTOR ( 'NONE', #5737, 39.37007874015748143 ) ;
#6498 = CARTESIAN_POINT ( 'NONE',  ( 0.4696401291258298638, 0.04500733388959445025, -0.1878937010365682170 ) ) ;
#6499 = EDGE_LOOP ( 'NONE', ( #1516, #2637, #6242, #2033 ) ) ;
#6500 = CARTESIAN_POINT ( 'NONE',  ( 0.2506952668926405448, 0.04500733388959482495, -0.08376177190259220806 ) ) ;
#6501 = VECTOR ( 'NONE', #7856, 39.37007874015748143 ) ;
#6502 = LINE ( 'NONE', #7842, #139 ) ;
#6503 = ORIENTED_EDGE ( 'NONE', *, *, #8136, .F. ) ;
#6504 = CARTESIAN_POINT ( 'NONE',  ( 0.1843617094242552823, -0.01798479209465702819, 0.05177338557736839431 ) ) ;
#6505 = VERTEX_POINT ( 'NONE', #448 ) ;
#6506 = MECHANICAL_DESIGN_GEOMETRIC_PRESENTATION_REPRESENTATION (  '', ( #2924 ), #3584 ) ;
#6507 = CARTESIAN_POINT ( 'NONE',  ( 0.5147208482177769717, -0.01929016831111298597, -0.04623359301079384143 ) ) ;
#6508 = DIRECTION ( 'NONE',  ( -0.4273849608095032226, 7.028421991062930673E-16, 0.9040697402711027619 ) ) ;
#6509 = ORIENTED_EDGE ( 'NONE', *, *, #5417, .F. ) ;
#6510 = SURFACE_STYLE_FILL_AREA ( #2771 ) ;
#6511 = CARTESIAN_POINT ( 'NONE',  ( 0.4561674782085065605, 0.04500733388959448494, -0.03730122072223737706 ) ) ;
#6512 =( LENGTH_UNIT ( ) NAMED_UNIT ( * ) SI_UNIT ( $, .METRE. ) );
#6513 = VECTOR ( 'NONE', #4573, 39.37007874015748854 ) ;
#6514 = ORIENTED_EDGE ( 'NONE', *, *, #7877, .F. ) ;
#6515 = SURFACE_STYLE_FILL_AREA ( #160 ) ;
#6516 = DIMENSIONAL_EXPONENTS ( 1.000000000000000000, 0.0000000000000000000, 0.0000000000000000000, 0.0000000000000000000, 0.0000000000000000000, 0.0000000000000000000, 0.0000000000000000000 ) ;
#6517 = VERTEX_POINT ( 'NONE', #3570 ) ;
#6518 = FACE_OUTER_BOUND ( 'NONE', #7459, .T. ) ;
#6519 = VERTEX_POINT ( 'NONE', #5644 ) ;
#6520 = DIRECTION ( 'NONE',  ( 1.644517855226008195E-15, 1.000000000000000000, 0.0000000000000000000 ) ) ;
#6521 = SURFACE_STYLE_USAGE ( .BOTH. , #1644 ) ;
#6522 = FACE_OUTER_BOUND ( 'NONE', #5353, .T. ) ;
#6523 = VECTOR ( 'NONE', #5546, 39.37007874015748143 ) ;
#6524 = AXIS2_PLACEMENT_3D ( 'NONE', #1048, #3592, #6122 ) ;
#6525 = EDGE_CURVE ( 'NONE', #5620, #2453, #6881, .T. ) ;
#6526 = SURFACE_SIDE_STYLE ('',( #2747 ) ) ;
#6527 = STYLED_ITEM ( 'NONE', ( #916 ), #2268 ) ;
#6528 = ORIENTED_EDGE ( 'NONE', *, *, #4683, .F. ) ;
#6529 = SURFACE_STYLE_USAGE ( .BOTH. , #5944 ) ;
#6530 = LINE ( 'NONE', #4689, #5338 ) ;
#6531 = DIRECTION ( 'NONE',  ( 1.000000000000000000, -1.734723475977064460E-15, 0.0000000000000000000 ) ) ;
#6532 = EDGE_CURVE ( 'NONE', #5044, #4396, #4888, .T. ) ;
#6533 = DIRECTION ( 'NONE',  ( 1.748601263784621946E-15, 0.0000000000000000000, -1.000000000000000000 ) ) ;
#6534 = VECTOR ( 'NONE', #1528, 39.37007874015748143 ) ;
#6535 = ORIENTED_EDGE ( 'NONE', *, *, #2662, .F. ) ;
#6536 = DIRECTION ( 'NONE',  ( 8.234490263801784106E-12, -1.353889066150678860E-26, -1.000000000000000000 ) ) ;
#6537 =( GEOMETRIC_REPRESENTATION_CONTEXT ( 3 ) GLOBAL_UNCERTAINTY_ASSIGNED_CONTEXT ( ( #5231 ) ) GLOBAL_UNIT_ASSIGNED_CONTEXT ( ( #3170, #2436, #2512 ) ) REPRESENTATION_CONTEXT ( 'NONE', 'WORKASPACE' ) );
#6538 = DIRECTION ( 'NONE',  ( -1.748601263784621748E-15, 0.0000000000000000000, 1.000000000000000000 ) ) ;
#6539 = EDGE_CURVE ( 'NONE', #832, #2526, #6221, .T. ) ;
#6540 = VERTEX_POINT ( 'NONE', #3733 ) ;
#6541 = VECTOR ( 'NONE', #5682, 39.37007874015748143 ) ;
#6542 = CARTESIAN_POINT ( 'NONE',  ( 0.2461244040472866657, -0.004205264535602010016, -0.4075787404069424746 ) ) ;
#6543 = DIRECTION ( 'NONE',  ( 1.644517855226008195E-15, 1.000000000000000000, 2.890435660536364269E-30 ) ) ;
#6544 =( NAMED_UNIT ( * ) SI_UNIT ( $, .STERADIAN. ) SOLID_ANGLE_UNIT ( ) );
#6545 = EDGE_LOOP ( 'NONE', ( #2754, #3916, #689, #6455, #712, #6711 ) ) ;
#6546 = SURFACE_STYLE_FILL_AREA ( #2065 ) ;
#6547 = DIRECTION ( 'NONE',  ( 0.0000000000000000000, 0.0000000000000000000, 1.000000000000000000 ) ) ;
#6548 = ORIENTED_EDGE ( 'NONE', *, *, #182, .T. ) ;
#6549 = PRESENTATION_LAYER_ASSIGNMENT (  '', '', ( #3897 ) ) ;
#6550 = LINE ( 'NONE', #5928, #1874 ) ;
#6551 = CIRCLE ( 'NONE', #5332, 0.007874015748031504627 ) ;
#6552 = DIRECTION ( 'NONE',  ( -1.748601263784622143E-15, 0.0000000000000000000, 1.000000000000000000 ) ) ;
#6553 =( GEOMETRIC_REPRESENTATION_CONTEXT ( 3 ) GLOBAL_UNCERTAINTY_ASSIGNED_CONTEXT ( ( #3248 ) ) GLOBAL_UNIT_ASSIGNED_CONTEXT ( ( #6611, #177, #7148 ) ) REPRESENTATION_CONTEXT ( 'NONE', 'WORKASPACE' ) );
#6554 = EDGE_LOOP ( 'NONE', ( #6571, #346, #6999, #2723 ) ) ;
#6555 = CARTESIAN_POINT ( 'NONE',  ( 0.5225010356770466435, -0.03570132752772847001, -0.06742126009122235974 ) ) ;
#6556 = EDGE_LOOP ( 'NONE', ( #179, #3569, #7361, #4199 ) ) ;
#6557 = PLANE ( 'NONE',  #2355 ) ;
#6558 = ORIENTED_EDGE ( 'NONE', *, *, #3740, .F. ) ;
#6559 = CARTESIAN_POINT ( 'NONE',  ( 0.1906159070057856508, -0.02281331161264238405, -0.04769425531992722844 ) ) ;
#6560 = FILL_AREA_STYLE ('',( #4023 ) ) ;
#6561 = FILL_AREA_STYLE_COLOUR ( '', #3116 ) ;
#6562 = DIRECTION ( 'NONE',  ( 1.644517855226008195E-15, 1.000000000000000000, -6.888556729901376831E-28 ) ) ;
#6563 = UNCERTAINTY_MEASURE_WITH_UNIT (LENGTH_MEASURE( 1.000000000000000082E-05 ), #4912, 'distance_accuracy_value', 'NONE');
#6564 = MECHANICAL_DESIGN_GEOMETRIC_PRESENTATION_REPRESENTATION (  '', ( #988 ), #1929 ) ;
#6565 = VERTEX_POINT ( 'NONE', #6262 ) ;
#6566 = LINE ( 'NONE', #4071, #3144 ) ;
#6567 = DIRECTION ( 'NONE',  ( -1.582776894139425349E-15, -1.000000000000000000, -2.505182696621675477E-30 ) ) ;
#6568 = DIRECTION ( 'NONE',  ( -1.644517855226007801E-15, -1.000000000000000000, -2.890435660536363568E-30 ) ) ;
#6569 = LINE ( 'NONE', #5946, #7131 ) ;
#6570 =( LENGTH_UNIT ( ) NAMED_UNIT ( * ) SI_UNIT ( $, .METRE. ) );
#6571 = ORIENTED_EDGE ( 'NONE', *, *, #3476, .T. ) ;
#6572 = FILL_AREA_STYLE_COLOUR ( '', #2396 ) ;
#6573 = ADVANCED_FACE ( 'NONE', ( #7424 ), #8154, .F. ) ;
#6574 = EDGE_CURVE ( 'NONE', #1823, #7221, #6759, .T. ) ;
#6575 = ADVANCED_FACE ( 'NONE', ( #4922 ), #6096, .F. ) ;
#6576 = DIRECTION ( 'NONE',  ( 0.6691306063588791098, 0.7431448254773753703, 5.512083844916310197E-12 ) ) ;
#6577 = ORIENTED_EDGE ( 'NONE', *, *, #4306, .T. ) ;
#6578 = PLANE ( 'NONE',  #3393 ) ;
#6579 = STYLED_ITEM ( 'NONE', ( #2187 ), #5958 ) ;
#6580 = LINE ( 'NONE', #4660, #4297 ) ;
#6581 =( NAMED_UNIT ( * ) SI_UNIT ( $, .STERADIAN. ) SOLID_ANGLE_UNIT ( ) );
#6582 = DIRECTION ( 'NONE',  ( -0.9040697402393879090, 1.084202172485500687E-15, 0.4273849608765915020 ) ) ;
#6583 = SURFACE_SIDE_STYLE ('',( #2183 ) ) ;
#6584 = VERTEX_POINT ( 'NONE', #7046 ) ;
#6585 = EDGE_CURVE ( 'NONE', #2494, #4374, #120, .T. ) ;
#6586 = VECTOR ( 'NONE', #1989, 39.37007874015748143 ) ;
#6587 = EDGE_CURVE ( 'NONE', #6519, #4293, #3286, .T. ) ;
#6588 =( NAMED_UNIT ( * ) SI_UNIT ( $, .STERADIAN. ) SOLID_ANGLE_UNIT ( ) );
#6589 = LINE ( 'NONE', #2308, #2738 ) ;
#6590 = DIRECTION ( 'NONE',  ( -1.000000000000000000, 1.644517855226007801E-15, -8.234490263801784106E-12 ) ) ;
#6591 = ORIENTED_EDGE ( 'NONE', *, *, #7132, .T. ) ;
#6592 = AXIS2_PLACEMENT_3D ( 'NONE', #4961, #7504, #3034 ) ;
#6593 = MECHANICAL_DESIGN_GEOMETRIC_PRESENTATION_REPRESENTATION (  '', ( #3539 ), #3019 ) ;
#6594 = DIMENSIONAL_EXPONENTS ( 1.000000000000000000, 0.0000000000000000000, 0.0000000000000000000, 0.0000000000000000000, 0.0000000000000000000, 0.0000000000000000000, 0.0000000000000000000 ) ;
#6595 = CARTESIAN_POINT ( 'NONE',  ( 0.3496518449916168891, 0.1021333181416025498, -0.07915354355589923618 ) ) ;
#6596 = AXIS2_PLACEMENT_3D ( 'NONE', #4366, #7441, #3088 ) ;
#6597 = ORIENTED_EDGE ( 'NONE', *, *, #4380, .F. ) ;
#6598 = ORIENTED_EDGE ( 'NONE', *, *, #3773, .T. ) ;
#6599 = SURFACE_STYLE_USAGE ( .BOTH. , #7777 ) ;
#6600 = ORIENTED_EDGE ( 'NONE', *, *, #1913, .F. ) ;
#6601 = SURFACE_STYLE_FILL_AREA ( #4063 ) ;
#6602 = AXIS2_PLACEMENT_3D ( 'NONE', #7009, #1318, #6395 ) ;
#6603 = DIRECTION ( 'NONE',  ( 0.6691306063588773334, -0.7431448254773770357, 9.637352644315590806E-16 ) ) ;
#6604 = DIRECTION ( 'NONE',  ( -1.000000000000000000, 1.644517855226007801E-15, 3.349940197328361899E-10 ) ) ;
#6605 = COLOUR_RGB ( '',0.7607843137254901578, 0.7607843137254901578, 0.0000000000000000000 ) ;
#6606 = CARTESIAN_POINT ( 'NONE',  ( 0.5146701546111716041, -0.01880785086055409075, -0.1693440471045037088 ) ) ;
#6607 = EDGE_LOOP ( 'NONE', ( #1927, #4223, #5544, #1568, #1272, #7915, #6460, #6429, #3778, #4627, #7764, #2359, #3843, #744 ) ) ;
#6608 = DIRECTION ( 'NONE',  ( -1.644517855226008195E-15, -1.000000000000000000, -2.890435660536364269E-30 ) ) ;
#6609 = PLANE ( 'NONE',  #1618 ) ;
#6610 = CARTESIAN_POINT ( 'NONE',  ( 0.5225010356768845510, -0.02585880784268908966, -0.04773622072114360598 ) ) ;
#6611 =( CONVERSION_BASED_UNIT ( 'INCH', #7788 ) LENGTH_UNIT ( ) NAMED_UNIT ( #168 ) );
#6612 = CARTESIAN_POINT ( 'NONE',  ( 0.4144549945979165151, 0.1060309559368543680, -0.1319881892249934463 ) ) ;
#6613 = LINE ( 'NONE', #1458, #7999 ) ;
#6614 = DIRECTION ( 'NONE',  ( -1.000000000000000000, 1.644517855226007801E-15, -1.748601263784621748E-15 ) ) ;
#6615 = ORIENTED_EDGE ( 'NONE', *, *, #884, .F. ) ;
#6616 = CARTESIAN_POINT ( 'NONE',  ( 0.4578091021359867452, 0.001406169436326775574, -0.2171361863450988194 ) ) ;
#6617 = SURFACE_SIDE_STYLE ('',( #4582 ) ) ;
#6618 = DIRECTION ( 'NONE',  ( 9.080485725586326631E-11, -3.241470092726001484E-10, -1.000000000000000000 ) ) ;
#6619 = DIRECTION ( 'NONE',  ( -1.644517855226007801E-15, -1.000000000000000000, -2.890435660536363568E-30 ) ) ;
#6620 = FILL_AREA_STYLE_COLOUR ( '', #7718 ) ;
#6621 =( NAMED_UNIT ( * ) SI_UNIT ( $, .STERADIAN. ) SOLID_ANGLE_UNIT ( ) );
#6622 = VERTEX_POINT ( 'NONE', #1364 ) ;
#6623 = VECTOR ( 'NONE', #8088, 39.37007874015748143 ) ;
#6624 = PRODUCT ( 'CUI_DEVICES_DS04-254-2-02BK-SMT-TR', 'CUI_DEVICES_DS04-254-2-02BK-SMT-TR', '', ( #1330 ) ) ;
#6625 = EDGE_CURVE ( 'NONE', #5260, #6125, #3941, .T. ) ;
#6626 =( NAMED_UNIT ( * ) SI_UNIT ( $, .STERADIAN. ) SOLID_ANGLE_UNIT ( ) );
#6627 = ORIENTED_EDGE ( 'NONE', *, *, #2008, .T. ) ;
#6628 = PLANE ( 'NONE',  #3728 ) ;
#6629 = EDGE_CURVE ( 'NONE', #7669, #3435, #7640, .T. ) ;
#6630 = CARTESIAN_POINT ( 'NONE',  ( 0.4726510730673783578, 0.03769413434112270367, 0.01210629896319560632 ) ) ;
#6631 = ORIENTED_EDGE ( 'NONE', *, *, #78, .F. ) ;
#6632 = AXIS2_PLACEMENT_3D ( 'NONE', #8011, #1630, #4907 ) ;
#6633 = EDGE_CURVE ( 'NONE', #610, #2482, #1233, .T. ) ;
#6634 = FILL_AREA_STYLE ('',( #3321 ) ) ;
#6635 = ORIENTED_EDGE ( 'NONE', *, *, #1347, .T. ) ;
#6636 =( NAMED_UNIT ( * ) SI_UNIT ( $, .STERADIAN. ) SOLID_ANGLE_UNIT ( ) );
#6637 = ORIENTED_EDGE ( 'NONE', *, *, #2529, .F. ) ;
#6638 = CARTESIAN_POINT ( 'NONE',  ( 0.2532616618757511096, 0.03516481420455543766, -0.1781432499591669438 ) ) ;
#6639 = LINE ( 'NONE', #6138, #3507 ) ;
#6640 = UNCERTAINTY_MEASURE_WITH_UNIT (LENGTH_MEASURE( 1.000000000000000082E-05 ), #7164, 'distance_accuracy_value', 'NONE');
#6641 = DIMENSIONAL_EXPONENTS ( 1.000000000000000000, 0.0000000000000000000, 0.0000000000000000000, 0.0000000000000000000, 0.0000000000000000000, 0.0000000000000000000, 0.0000000000000000000 ) ;
#6642 =( GEOMETRIC_REPRESENTATION_CONTEXT ( 3 ) GLOBAL_UNCERTAINTY_ASSIGNED_CONTEXT ( ( #7217 ) ) GLOBAL_UNIT_ASSIGNED_CONTEXT ( ( #3057, #4333, #551 ) ) REPRESENTATION_CONTEXT ( 'NONE', 'WORKASPACE' ) );
#6643 = CYLINDRICAL_SURFACE ( 'NONE', #1479, 0.007874015748031495954 ) ;
#6644 = VERTEX_POINT ( 'NONE', #5800 ) ;
#6645 = CARTESIAN_POINT ( 'NONE',  ( 0.2014250033735597023, -0.02312123604650251352, -0.04773622072184430937 ) ) ;
#6646 = ORIENTED_EDGE ( 'NONE', *, *, #3437, .F. ) ;
#6647 = AXIS2_PLACEMENT_3D ( 'NONE', #582, #657, #6357 ) ;
#6648 = LINE ( 'NONE', #6689, #2687 ) ;
#6649 = CARTESIAN_POINT ( 'NONE',  ( 0.5098570882031393525, -0.02450745300942763771, -0.04773622072124768245 ) ) ;
#6650 = CARTESIAN_POINT ( 'NONE',  ( 0.2514430687583495416, 0.03516481420455543766, -0.1778562600915291614 ) ) ;
#6651 = FACE_OUTER_BOUND ( 'NONE', #2981, .T. ) ;
#6652 = VECTOR ( 'NONE', #5756, 39.37007874015748143 ) ;
#6653 = LINE ( 'NONE', #1460, #940 ) ;
#6654 = EDGE_LOOP ( 'NONE', ( #7778, #101, #4316, #1817 ) ) ;
#6655 = VECTOR ( 'NONE', #3215, 39.37007874015748143 ) ;
#6656 = CARTESIAN_POINT ( 'NONE',  ( 0.2313841284562319356, 0.04008607404707519029, -0.05757874040688350931 ) ) ;
#6657 = DIRECTION ( 'NONE',  ( -1.000000000000000000, 1.644517855226007801E-15, -8.234490263801784106E-12 ) ) ;
#6658 = CARTESIAN_POINT ( 'NONE',  ( 0.5061831144098573043, -0.02488414520015543724, -0.1477362207212779832 ) ) ;
#6659 = ORIENTED_EDGE ( 'NONE', *, *, #7174, .F. ) ;
#6660 = VECTOR ( 'NONE', #5747, 39.37007874015748143 ) ;
#6661 = VECTOR ( 'NONE', #3950, 39.37007874015748143 ) ;
#6662 = LINE ( 'NONE', #2893, #5126 ) ;
#6663 = DIRECTION ( 'NONE',  ( -0.9040697402711028730, 1.486758830245369207E-15, -0.4273849608095032782 ) ) ;
#6664 = CARTESIAN_POINT ( 'NONE',  ( 0.2461244040472859718, 0.003668751212429472927, -0.2095942470915550804 ) ) ;
#6665 = EDGE_LOOP ( 'NONE', ( #4519, #3158, #363, #5342, #5673, #5675 ) ) ;
#6666 = CARTESIAN_POINT ( 'NONE',  ( 0.3140612938105263319, 0.1060309559368545623, -0.03277559079979674994 ) ) ;
#6667 = ORIENTED_EDGE ( 'NONE', *, *, #985, .T. ) ;
#6668 = DIRECTION ( 'NONE',  ( 1.748601263784621748E-15, 0.0000000000000000000, -1.000000000000000000 ) ) ;
#6669 = COLOUR_RGB ( '',0.7607843137254901578, 0.7607843137254901578, 0.0000000000000000000 ) ;
#6670 = MECHANICAL_DESIGN_GEOMETRIC_PRESENTATION_REPRESENTATION (  '', ( #6919 ), #7715 ) ;
#6671 = EDGE_CURVE ( 'NONE', #854, #4664, #5055, .T. ) ;
#6672 = EDGE_CURVE ( 'NONE', #3798, #2891, #6966, .T. ) ;
#6673 = EDGE_CURVE ( 'NONE', #610, #854, #5658, .T. ) ;
#6674 = VERTEX_POINT ( 'NONE', #44 ) ;
#6675 = AXIS2_PLACEMENT_3D ( 'NONE', #7062, #3792, #6892 ) ;
#6676 = VECTOR ( 'NONE', #6898, 39.37007874015748143 ) ;
#6677 = ORIENTED_EDGE ( 'NONE', *, *, #5199, .F. ) ;
#6678 =( LENGTH_UNIT ( ) NAMED_UNIT ( * ) SI_UNIT ( $, .METRE. ) );
#6679 = VERTEX_POINT ( 'NONE', #5765 ) ;
#6680 = CARTESIAN_POINT ( 'NONE',  ( 0.2006796306912806138, -0.02488414520016166837, -0.1477362207218441692 ) ) ;
#6681 = DIRECTION ( 'NONE',  ( -1.712519015484303964E-10, -1.000000000000000000, 0.0000000000000000000 ) ) ;
#6682 = DIRECTION ( 'NONE',  ( -0.2761719287273032286, -0.9205747435843071313, -0.2761724230580027695 ) ) ;
#6683 = VECTOR ( 'NONE', #6359, 39.37007874015748143 ) ;
#6684 = EDGE_CURVE ( 'NONE', #8055, #4654, #3776, .T. ) ;
#6685 = ADVANCED_FACE ( 'NONE', ( #1907 ), #7547, .F. ) ;
#6686 = EDGE_LOOP ( 'NONE', ( #7299, #943, #6436, #5839 ) ) ;
#6687 = ORIENTED_EDGE ( 'NONE', *, *, #7194, .T. ) ;
#6688 = PRESENTATION_STYLE_ASSIGNMENT (( #4110 ) ) ;
#6689 = CARTESIAN_POINT ( 'NONE',  ( 0.4754786166451601126, 0.1217789874329369693, 0.01210629896398299730 ) ) ;
#6690 = SURFACE_STYLE_FILL_AREA ( #2284 ) ;
#6691 = CARTESIAN_POINT ( 'NONE',  ( 0.2024471205824041609, 0.03516481420455553480, -0.02726377977696231580 ) ) ;
#6692 = MANIFOLD_SOLID_BREP ( 'LPattern1[4]', #1167 ) ;
#6693 = DIRECTION ( 'NONE',  ( -1.748601263784621748E-15, 0.0000000000000000000, 1.000000000000000000 ) ) ;
#6694 = VECTOR ( 'NONE', #4191, 39.37007874015748143 ) ;
#6695 = DIMENSIONAL_EXPONENTS ( 1.000000000000000000, 0.0000000000000000000, 0.0000000000000000000, 0.0000000000000000000, 0.0000000000000000000, 0.0000000000000000000, 0.0000000000000000000 ) ;
#6696 = CARTESIAN_POINT ( 'NONE',  ( 0.4920108682649401155, 0.02729079845652354619, -0.1878937010363552484 ) ) ;
#6697 = VERTEX_POINT ( 'NONE', #5971 ) ;
#6698 = PLANE ( 'NONE',  #6707 ) ;
#6699 = CARTESIAN_POINT ( 'NONE',  ( 0.2372226159751999464, 0.03516481420455546542, -0.1878937010362536630 ) ) ;
#6700 = CARTESIAN_POINT ( 'NONE',  ( 0.3140612938105266649, 0.1021333181416025776, -0.1821850396188910703 ) ) ;
#6701 = ORIENTED_EDGE ( 'NONE', *, *, #7285, .T. ) ;
#6702 = PRESENTATION_LAYER_ASSIGNMENT (  '', '', ( #463 ) ) ;
#6703 = DIRECTION ( 'NONE',  ( 0.8191520442895904308, 0.5735764363501912877, 1.432370299876534972E-15 ) ) ;
#6704 = ORIENTED_EDGE ( 'NONE', *, *, #584, .F. ) ;
#6705 = VERTEX_POINT ( 'NONE', #7173 ) ;
#6706 = DIRECTION ( 'NONE',  ( 4.196190604145846758E-13, -6.871954312449809553E-28, -1.000000000000000000 ) ) ;
#6707 = AXIS2_PLACEMENT_3D ( 'NONE', #6028, #338, #4168 ) ;
#6708 = EDGE_LOOP ( 'NONE', ( #6677, #2813, #3420, #447 ) ) ;
#6709 = CARTESIAN_POINT ( 'NONE',  ( 0.2461244040472859718, 0.03516481420455546542, -0.2272637797758069733 ) ) ;
#6710 = CARTESIAN_POINT ( 'NONE',  ( 0.4920108682649401710, 0.03516481420455504908, -0.1878937010363552484 ) ) ;
#6711 = ORIENTED_EDGE ( 'NONE', *, *, #184, .T. ) ;
#6712 = DIRECTION ( 'NONE',  ( 8.234490263801784106E-12, -1.353889066150678573E-26, -1.000000000000000000 ) ) ;
#6713 = EDGE_CURVE ( 'NONE', #4570, #5969, #3818, .T. ) ;
#6714 = SURFACE_STYLE_USAGE ( .BOTH. , #1643 ) ;
#6715 = ADVANCED_FACE ( 'NONE', ( #2860 ), #6557, .T. ) ;
#6716 = CARTESIAN_POINT ( 'NONE',  ( 0.5146701546111711600, -0.01880785086055407340, -0.06934404710450368936 ) ) ;
#6717 = CARTESIAN_POINT ( 'NONE',  ( 0.4696401291287821134, 0.03516481420455509765, -0.03513779552499328440 ) ) ;
#6718 = DIRECTION ( 'NONE',  ( 1.644517855226008195E-15, 1.000000000000000000, 2.890435660536364269E-30 ) ) ;
#6719 = ADVANCED_FACE ( 'NONE', ( #3975 ), #5388, .F. ) ;
#6720 = CYLINDRICAL_SURFACE ( 'NONE', #5105, 0.007874015748031509832 ) ;
#6721 = VERTEX_POINT ( 'NONE', #7138 ) ;
#6722 = DIRECTION ( 'NONE',  ( 0.9040697402709132469, -1.486758830245055043E-15, -0.4273849608099042907 ) ) ;
#6723 = AXIS2_PLACEMENT_3D ( 'NONE', #3467, #6619, #1582 ) ;
#6724 = ADVANCED_FACE ( 'NONE', ( #6518 ), #2780, .T. ) ;
#6725 = ORIENTED_EDGE ( 'NONE', *, *, #996, .T. ) ;
#6726 = ADVANCED_FACE ( 'NONE', ( #2814 ), #1599, .T. ) ;
#6727 = SURFACE_SIDE_STYLE ('',( #7224 ) ) ;
#6728 = SURFACE_STYLE_USAGE ( .BOTH. , #2130 ) ;
#6729 = DIRECTION ( 'NONE',  ( 1.000000000000000000, -1.644517855226007801E-15, 1.748601263784622143E-15 ) ) ;
#6730 = DIRECTION ( 'NONE',  ( -1.748601263784622143E-15, 0.0000000000000000000, 1.000000000000000000 ) ) ;
#6731 = CARTESIAN_POINT ( 'NONE',  ( 0.2148518768365314524, 0.02729079845652399722, -0.1272637797769622658 ) ) ;
#6732 = EDGE_CURVE ( 'NONE', #492, #8155, #2454, .T. ) ;
#6733 = PRESENTATION_LAYER_ASSIGNMENT (  '', '', ( #2102 ) ) ;
#6734 = CARTESIAN_POINT ( 'NONE',  ( 0.3928014512908295508, 0.1198104834959331788, -0.03600393725668726147 ) ) ;
#6735 = ORIENTED_EDGE ( 'NONE', *, *, #626, .F. ) ;
#6736 = DIRECTION ( 'NONE',  ( 1.000000000000000000, -1.644517855226007801E-15, -2.328659752956362145E-10 ) ) ;
#6737 = DIRECTION ( 'NONE',  ( 0.0000000000000000000, 1.000000000000000000, 0.0000000000000000000 ) ) ;
#6738 = ADVANCED_FACE ( 'NONE', ( #3032 ), #7374, .T. ) ;
#6739 = LENGTH_MEASURE_WITH_UNIT ( LENGTH_MEASURE( 0.02539999999999999897 ), #2297 );
#6740 = PLANE ( 'NONE',  #6723 ) ;
#6741 = CARTESIAN_POINT ( 'NONE',  ( 0.2443412753455931341, 0.03516481420455546542, -0.03177255961436381559 ) ) ;
#6742 = LINE ( 'NONE', #7313, #30 ) ;
#6743 = ORIENTED_EDGE ( 'NONE', *, *, #2422, .F. ) ;
#6744 = PRESENTATION_STYLE_ASSIGNMENT (( #1757 ) ) ;
#6745 = CARTESIAN_POINT ( 'NONE',  ( 0.3926470588251994576, 0.1020939480628583751, 0.01210629896398286200 ) ) ;
#6746 = ORIENTED_EDGE ( 'NONE', *, *, #5198, .F. ) ;
#6747 = FACE_OUTER_BOUND ( 'NONE', #7468, .T. ) ;
#6748 =( NAMED_UNIT ( * ) SI_UNIT ( $, .STERADIAN. ) SOLID_ANGLE_UNIT ( ) );
#6749 = CARTESIAN_POINT ( 'NONE',  ( 0.4754786166455537422, 0.03516481420522438173, -0.02726377977696183702 ) ) ;
#6750 = ORIENTED_EDGE ( 'NONE', *, *, #5467, .T. ) ;
#6751 = SURFACE_STYLE_FILL_AREA ( #1104 ) ;
#6752 = VERTEX_POINT ( 'NONE', #4959 ) ;
#6753 = SURFACE_STYLE_FILL_AREA ( #1106 ) ;
#6754 = VECTOR ( 'NONE', #7152, 39.37007874015748143 ) ;
#6755 = PRESENTATION_STYLE_ASSIGNMENT (( #1775 ) ) ;
#6756 = CARTESIAN_POINT ( 'NONE',  ( 0.2924077505034283764, 0.1060309559368545762, -0.1823818900125920572 ) ) ;
#6757 = AXIS2_PLACEMENT_3D ( 'NONE', #6210, #2946, #5470 ) ;
#6758 = ORIENTED_EDGE ( 'NONE', *, *, #6052, .T. ) ;
#6759 = LINE ( 'NONE', #1734, #1942 ) ;
#6760 = VERTEX_POINT ( 'NONE', #6794 ) ;
#6761 = LENGTH_MEASURE_WITH_UNIT ( LENGTH_MEASURE( 0.02539999999999999897 ), #6807 );
#6762 = LINE ( 'NONE', #4852, #4000 ) ;
#6763 = CARTESIAN_POINT ( 'NONE',  ( 0.2412266368237435954, 0.1020939480628625523, -0.4075787404069424746 ) ) ;
#6764 = CARTESIAN_POINT ( 'NONE',  ( 0.2685386460637519956, 0.04008607404707510008, -0.1272637797769621826 ) ) ;
#6765 = CARTESIAN_POINT ( 'NONE',  ( 0.3928014512908295508, 0.1020939480628622886, -0.08218503961889120357 ) ) ;
#6766 = MECHANICAL_DESIGN_GEOMETRIC_PRESENTATION_REPRESENTATION (  '', ( #3329 ), #1586 ) ;
#6767 = MANIFOLD_SOLID_BREP ( 'LPattern1[1]', #117 ) ;
#6768 = DIRECTION ( 'NONE',  ( 0.9945218953682690710, 0.1045284632676950765, 8.189380864547705479E-12 ) ) ;
#6769 = PLANE ( 'NONE',  #3318 ) ;
#6770 = EDGE_CURVE ( 'NONE', #5978, #6840, #8064, .T. ) ;
#6771 = CARTESIAN_POINT ( 'NONE',  ( 0.4920108682644405151, 0.04500733388959443637, -0.02726377977651272058 ) ) ;
#6772 = ORIENTED_EDGE ( 'NONE', *, *, #3790, .T. ) ;
#6773 = ADVANCED_FACE ( 'NONE', ( #2322 ), #4798, .F. ) ;
#6774 = CARTESIAN_POINT ( 'NONE',  ( 0.2019811918225129788, -0.01983667431789037233, -0.06934404710515400250 ) ) ;
#6775 = DIRECTION ( 'NONE',  ( -1.000000000000000000, 1.644517855226007801E-15, -1.582776894139444281E-15 ) ) ;
#6776 = CARTESIAN_POINT ( 'NONE',  ( 0.1843617094242558929, -0.01798479209465704554, -0.1674212600919229854 ) ) ;
#6777 = CARTESIAN_POINT ( 'NONE',  ( 0.4615064727374045273, 0.04500733388959445719, -0.1339196358458594749 ) ) ;
#6778 = LINE ( 'NONE', #4292, #2020 ) ;
#6779 = ORIENTED_EDGE ( 'NONE', *, *, #1701, .T. ) ;
#6780 = LINE ( 'NONE', #3670, #6623 ) ;
#6781 = AXIS2_PLACEMENT_3D ( 'NONE', #6340, #74, #3234 ) ;
#6782 = EDGE_CURVE ( 'NONE', #2967, #679, #4841, .T. ) ;
#6783 = DIMENSIONAL_EXPONENTS ( 1.000000000000000000, 0.0000000000000000000, 0.0000000000000000000, 0.0000000000000000000, 0.0000000000000000000, 0.0000000000000000000, 0.0000000000000000000 ) ;
#6784 = FACE_OUTER_BOUND ( 'NONE', #1067, .T. ) ;
#6785 = MECHANICAL_DESIGN_GEOMETRIC_PRESENTATION_REPRESENTATION (  '', ( #4400 ), #286 ) ;
#6786 = CARTESIAN_POINT ( 'NONE',  ( 0.2924077505034283209, 0.1060309559368545762, -0.1319881892249936406 ) ) ;
#6787 = ORIENTED_EDGE ( 'NONE', *, *, #1140, .T. ) ;
#6788 = DIRECTION ( 'NONE',  ( 0.05226423162670060241, -0.4972609476841257092, 0.8660254037848750253 ) ) ;
#6789 =( LENGTH_UNIT ( ) NAMED_UNIT ( * ) SI_UNIT ( $, .METRE. ) );
#6790 = AXIS2_PLACEMENT_3D ( 'NONE', #594, #550, #7526 ) ;
#6791 = PRESENTATION_LAYER_ASSIGNMENT (  '', '', ( #1885 ) ) ;
#6792 = LINE ( 'NONE', #6710, #3577 ) ;
#6793 = VERTEX_POINT ( 'NONE', #3150 ) ;
#6794 = CARTESIAN_POINT ( 'NONE',  ( 0.3928014512908295508, 0.1021333181416024943, -0.07915354355589927782 ) ) ;
#6795 = VECTOR ( 'NONE', #5236, 39.37007874015748143 ) ;
#6796 = DIRECTION ( 'NONE',  ( -1.748601263784621946E-15, 0.0000000000000000000, 1.000000000000000000 ) ) ;
#6797 = CIRCLE ( 'NONE', #1222, 0.005905511811027562390 ) ;
#6798 = FILL_AREA_STYLE_COLOUR ( '', #5528 ) ;
#6799 = DIRECTION ( 'NONE',  ( 1.000000000000000000, 0.0000000000000000000, -1.951563910474197493E-15 ) ) ;
#6800 = DIRECTION ( 'NONE',  ( 2.472333760372393539E-11, 9.216762533948997650E-11, -1.000000000000000000 ) ) ;
#6801 = UNCERTAINTY_MEASURE_WITH_UNIT (LENGTH_MEASURE( 1.000000000000000082E-05 ), #48, 'distance_accuracy_value', 'NONE');
#6802 = VECTOR ( 'NONE', #4909, 39.37007874015748143 ) ;
#6803 = CIRCLE ( 'NONE', #7720, 0.005905511811027564124 ) ;
#6804 = ORIENTED_EDGE ( 'NONE', *, *, #1078, .F. ) ;
#6805 = CARTESIAN_POINT ( 'NONE',  ( 0.2453562723634676590, 0.03516481420455544460, -0.1812378449687732651 ) ) ;
#6806 = ORIENTED_EDGE ( 'NONE', *, *, #2305, .F. ) ;
#6807 =( LENGTH_UNIT ( ) NAMED_UNIT ( * ) SI_UNIT ( $, .METRE. ) );
#6808 = CARTESIAN_POINT ( 'NONE',  ( 0.2924077505034280433, 0.1060309559368545901, -0.08238189001259203781 ) ) ;
#6809 = CARTESIAN_POINT ( 'NONE',  ( 0.4240538567158658734, 0.1217789874329370386, 1.682037281921856531 ) ) ;
#6810 = DIRECTION ( 'NONE',  ( -1.644517855226008195E-15, -1.000000000000000000, -2.890435660536364269E-30 ) ) ;
#6811 = AXIS2_PLACEMENT_3D ( 'NONE', #4005, #4705, #6582 ) ;
#6812 = CARTESIAN_POINT ( 'NONE',  ( 0.2313841284563810663, 0.03516481420463420798, -0.1878937010362536630 ) ) ;
#6813 = DIRECTION ( 'NONE',  ( -1.748601263784621748E-15, -1.482966057179117483E-32, 1.000000000000000000 ) ) ;
#6814 = VECTOR ( 'NONE', #2874, 39.37007874015748143 ) ;
#6815 = PLANE ( 'NONE',  #2682 ) ;
#6816 = VERTEX_POINT ( 'NONE', #113 ) ;
#6817 = FILL_AREA_STYLE ('',( #8165 ) ) ;
#6818 = FACE_OUTER_BOUND ( 'NONE', #5748, .T. ) ;
#6819 = FACE_OUTER_BOUND ( 'NONE', #4776, .T. ) ;
#6820 = ADVANCED_FACE ( 'NONE', ( #8187 ), #3810, .F. ) ;
#6821 = LINE ( 'NONE', #2927, #3214 ) ;
#6822 = EDGE_LOOP ( 'NONE', ( #543, #7095, #7110, #3117 ) ) ;
#6823 = ADVANCED_FACE ( 'NONE', ( #5171 ), #4474, .T. ) ;
#6824 = MANIFOLD_SOLID_BREP ( 'Combine4', #2515 ) ;
#6825 = LINE ( 'NONE', #7448, #2274 ) ;
#6826 = ORIENTED_EDGE ( 'NONE', *, *, #7180, .T. ) ;
#6827 = LINE ( 'NONE', #475, #2295 ) ;
#6828 = CARTESIAN_POINT ( 'NONE',  ( 0.2490536793154355943, 0.003668751212508218531, -0.2095942470915550804 ) ) ;
#6829 = ORIENTED_EDGE ( 'NONE', *, *, #420, .F. ) ;
#6830 = EDGE_CURVE ( 'NONE', #5969, #4783, #5398, .T. ) ;
#6831 = CARTESIAN_POINT ( 'NONE',  ( 0.2443412753444519636, 0.04500733388959481801, -0.1833849212010567609 ) ) ;
#6832 = EDGE_CURVE ( 'NONE', #1788, #1987, #5005, .T. ) ;
#6833 = AXIS2_PLACEMENT_3D ( 'NONE', #3825, #4973, #1872 ) ;
#6834 = CYLINDRICAL_SURFACE ( 'NONE', #697, 0.007874015748031499423 ) ;
#6835 = DIRECTION ( 'NONE',  ( 0.0000000000000000000, 0.0000000000000000000, 1.000000000000000000 ) ) ;
#6836 = ORIENTED_EDGE ( 'NONE', *, *, #7285, .F. ) ;
#6837 = SURFACE_STYLE_USAGE ( .BOTH. , #443 ) ;
#6838 = VECTOR ( 'NONE', #375, 39.37007874015748854 ) ;
#6839 = EDGE_LOOP ( 'NONE', ( #3942, #7755, #392, #2557 ) ) ;
#6840 = VERTEX_POINT ( 'NONE', #6911 ) ;
#6841 = DIRECTION ( 'NONE',  ( 1.000000000000000000, -1.644517855226007801E-15, -2.873049712194215800E-12 ) ) ;
#6842 = ORIENTED_EDGE ( 'NONE', *, *, #7537, .T. ) ;
#6843 = CARTESIAN_POINT ( 'NONE',  ( 0.3140612938105267204, 0.1020939480628584861, -0.1329724411934974648 ) ) ;
#6844 = STYLED_ITEM ( 'NONE', ( #7858 ), #6726 ) ;
#6845 =( CONVERSION_BASED_UNIT ( 'INCH', #3119 ) LENGTH_UNIT ( ) NAMED_UNIT ( #6487 ) );
#6846 = DIRECTION ( 'NONE',  ( 0.0000000000000000000, 0.0000000000000000000, 1.000000000000000000 ) ) ;
#6847 = DIRECTION ( 'NONE',  ( -1.000000000000000000, 2.290257463050552884E-10, 1.899046197220153931E-13 ) ) ;
#6848 = AXIS2_PLACEMENT_3D ( 'NONE', #6938, #507, #3013 ) ;
#6849 = CARTESIAN_POINT ( 'NONE',  ( 0.2506952668928376649, 0.03516481420455543766, -0.1313957089104267617 ) ) ;
#6850 = ORIENTED_EDGE ( 'NONE', *, *, #5040, .T. ) ;
#6851 = CYLINDRICAL_SURFACE ( 'NONE', #3805, 0.007874015748031478606 ) ;
#6852 = CARTESIAN_POINT ( 'NONE',  ( 0.5037097929783023176, -0.008688119764421362370, -0.1878937010362589644 ) ) ;
#6853 = CARTESIAN_POINT ( 'NONE',  ( 0.4754786166450025164, 0.03516481420311536044, -0.2197218394863752478 ) ) ;
#6854 = DIRECTION ( 'NONE',  ( -1.644517855226007801E-15, -1.000000000000000000, -2.890435660536363919E-30 ) ) ;
#6855 = LENGTH_MEASURE_WITH_UNIT ( LENGTH_MEASURE( 0.02539999999999999897 ), #2971 );
#6856 = VERTEX_POINT ( 'NONE', #7399 ) ;
#6857 = CARTESIAN_POINT ( 'NONE',  ( 0.3928014512908295508, 0.1020939480628622886, -0.07915354355589927782 ) ) ;
#6858 = DIRECTION ( 'NONE',  ( -0.1045284632676950626, 0.9945218953682689600, -8.607386130680116915E-13 ) ) ;
#6859 = CARTESIAN_POINT ( 'NONE',  ( 0.4645093253070504136, -0.001399555874145671022, -0.4075787404069421416 ) ) ;
#6860 = CARTESIAN_POINT ( 'NONE',  ( 0.3928014512908299394, 0.1198104834959331511, -0.1791535435558992695 ) ) ;
#6861 = ORIENTED_EDGE ( 'NONE', *, *, #4298, .T. ) ;
#6862 = DIRECTION ( 'NONE',  ( 1.748601263784622143E-15, 0.0000000000000000000, -1.000000000000000000 ) ) ;
#6863 = LINE ( 'NONE', #719, #3741 ) ;
#6864 = VERTEX_POINT ( 'NONE', #962 ) ;
#6865 = FILL_AREA_STYLE ('',( #1220 ) ) ;
#6866 = ADVANCED_FACE ( 'NONE', ( #5449 ), #1004, .T. ) ;
#6867 = AXIS2_PLACEMENT_3D ( 'NONE', #6181, #3036, #2496 ) ;
#6868 = FACE_OUTER_BOUND ( 'NONE', #4141, .T. ) ;
#6869 = ORIENTED_EDGE ( 'NONE', *, *, #2106, .F. ) ;
#6870 = EDGE_CURVE ( 'NONE', #2640, #5661, #4171, .T. ) ;
#6871 = ORIENTED_EDGE ( 'NONE', *, *, #3774, .F. ) ;
#6872 =( CONVERSION_BASED_UNIT ( 'INCH', #394 ) LENGTH_UNIT ( ) NAMED_UNIT ( #3567 ) );
#6873 = DIRECTION ( 'NONE',  ( -0.09052430461248961446, 0.8612812260087774341, 0.4999999999992426614 ) ) ;
#6874 = LENGTH_MEASURE_WITH_UNIT ( LENGTH_MEASURE( 0.02539999999999999897 ), #2993 );
#6875 = AXIS2_PLACEMENT_3D ( 'NONE', #7042, #5713, #5758 ) ;
#6876 = UNCERTAINTY_MEASURE_WITH_UNIT (LENGTH_MEASURE( 1.000000000000000082E-05 ), #5371, 'distance_accuracy_value', 'NONE');
#6877 = ADVANCED_FACE ( 'NONE', ( #5218 ), #6740, .F. ) ;
#6878 = ORIENTED_EDGE ( 'NONE', *, *, #4253, .F. ) ;
#6879 = MECHANICAL_DESIGN_GEOMETRIC_PRESENTATION_REPRESENTATION (  '', ( #912 ), #5430 ) ;
#6880 = EDGE_LOOP ( 'NONE', ( #3517, #5632, #5408, #3230 ) ) ;
#6881 = LINE ( 'NONE', #4355, #6182 ) ;
#6882 = EDGE_LOOP ( 'NONE', ( #5203, #1498, #5170, #8023, #7255, #4145, #1906, #7493, #5375, #6871, #7615, #4598, #2099, #2580 ) ) ;
#6883 = LENGTH_MEASURE_WITH_UNIT ( LENGTH_MEASURE( 0.02539999999999999897 ), #3694 );
#6884 =( NAMED_UNIT ( * ) PLANE_ANGLE_UNIT ( ) SI_UNIT ( $, .RADIAN. ) );
#6885 = DIRECTION ( 'NONE',  ( 8.234490263801784106E-12, -1.353889066150678860E-26, -1.000000000000000000 ) ) ;
#6886 = PLANE ( 'NONE',  #5246 ) ;
#6887 = SURFACE_SIDE_STYLE ('',( #7516 ) ) ;
#6888 = VERTEX_POINT ( 'NONE', #1042 ) ;
#6889 = SURFACE_SIDE_STYLE ('',( #4452 ) ) ;
#6890 = AXIS2_PLACEMENT_3D ( 'NONE', #6241, #3098, #4464 ) ;
#6891 = SURFACE_STYLE_USAGE ( .BOTH. , #538 ) ;
#6892 = DIRECTION ( 'NONE',  ( -1.000000000000000000, 1.138412281109781707E-14, -2.168404344971012812E-15 ) ) ;
#6893 = ORIENTED_EDGE ( 'NONE', *, *, #6832, .T. ) ;
#6894 = DIRECTION ( 'NONE',  ( 1.582776894139444281E-15, 0.0000000000000000000, -1.000000000000000000 ) ) ;
#6895 = VECTOR ( 'NONE', #2911, 39.37007874015748143 ) ;
#6896 = SPHERICAL_SURFACE ( 'NONE', #1743, 0.007874015748031495954 ) ;
#6897 = VERTEX_POINT ( 'NONE', #3585 ) ;
#6898 = DIRECTION ( 'NONE',  ( 1.000000000000000000, -1.644517855226007801E-15, 1.748601263784622143E-15 ) ) ;
#6899 = CARTESIAN_POINT ( 'NONE',  ( 0.5171906553894760616, -0.02376973408140407168, -0.1477362080802064881 ) ) ;
#6900 = ORIENTED_EDGE ( 'NONE', *, *, #5761, .F. ) ;
#6901 = CARTESIAN_POINT ( 'NONE',  ( 0.3140612938105268315, 0.1020939480628584861, -0.1821850396188913479 ) ) ;
#6902 = CARTESIAN_POINT ( 'NONE',  ( 0.2924077505034279323, 0.1060309559368545901, -0.03277559079979674994 ) ) ;
#6903 = EDGE_LOOP ( 'NONE', ( #3962, #1243, #4657, #3243 ) ) ;
#6904 = CIRCLE ( 'NONE', #7949, 0.007874015748031506362 ) ;
#6905 = FACE_OUTER_BOUND ( 'NONE', #6882, .T. ) ;
#6906 = VECTOR ( 'NONE', #8122, 39.37007874015748143 ) ;
#6907 = VECTOR ( 'NONE', #4782, 39.37007874015748143 ) ;
#6908 = CARTESIAN_POINT ( 'NONE',  ( 0.2313841284562625222, 0.04500733388959485964, -0.08789370103625360198 ) ) ;
#6909 = CARTESIAN_POINT ( 'NONE',  ( 0.2389260676367348513, 0.03516481420750823539, 0.01210629896319520213 ) ) ;
#6910 = ORIENTED_EDGE ( 'NONE', *, *, #485, .F. ) ;
#6911 = CARTESIAN_POINT ( 'NONE',  ( 0.1585494827869405043, -0.03570132752772788021, -0.04773622072184426079 ) ) ;
#6912 = CARTESIAN_POINT ( 'NONE',  ( 0.2453562723632703446, 0.04500733388959483189, -0.03391963584349765720 ) ) ;
#6913 = ADVANCED_FACE ( 'NONE', ( #6468 ), #4122, .T. ) ;
#6914 = CIRCLE ( 'NONE', #6132, 0.007874015748031527179 ) ;
#6915 = ADVANCED_FACE ( 'NONE', ( #3626 ), #6318, .F. ) ;
#6916 = EDGE_CURVE ( 'NONE', #571, #6505, #1083, .T. ) ;
#6917 = ORIENTED_EDGE ( 'NONE', *, *, #1634, .F. ) ;
#6918 =( GEOMETRIC_REPRESENTATION_CONTEXT ( 3 ) GLOBAL_UNCERTAINTY_ASSIGNED_CONTEXT ( ( #3826 ) ) GLOBAL_UNIT_ASSIGNED_CONTEXT ( ( #2334, #946, #4891 ) ) REPRESENTATION_CONTEXT ( 'NONE', 'WORKASPACE' ) );
#6919 = STYLED_ITEM ( 'NONE', ( #739 ), #3072 ) ;
#6920 = VERTEX_POINT ( 'NONE', #462 ) ;
#6921 = B_SPLINE_CURVE_WITH_KNOTS ( 'NONE', 3,
 ( #4214, #1005, #3548, #3015 ),
 .UNSPECIFIED., .F., .F.,
 ( 4, 4 ),
 ( 0.0000000000000000000, 0.0001438460554597927824 ),
 .UNSPECIFIED. ) ;
#6922 = DIRECTION ( 'NONE',  ( 1.000000000000000000, -1.734723475977064460E-15, -1.734723475977064460E-15 ) ) ;
#6923 = ORIENTED_EDGE ( 'NONE', *, *, #3521, .T. ) ;
#6924 = CARTESIAN_POINT ( 'NONE',  ( 0.5044156245189415078, 0.04500733388959438780, -0.9792322837135759572 ) ) ;
#6925 = DIRECTION ( 'NONE',  ( -1.000000000000000000, 1.644517855226007801E-15, -8.234490263801784106E-12 ) ) ;
#6926 = FILL_AREA_STYLE_COLOUR ( '', #845 ) ;
#6927 = DIRECTION ( 'NONE',  ( 0.6691306063588791098, 0.7431448254773753703, 5.509915440571338380E-12 ) ) ;
#6928 = ADVANCED_FACE ( 'NONE', ( #2432 ), #4939, .T. ) ;
#6929 = STYLED_ITEM ( 'NONE', ( #496 ), #4154 ) ;
#6930 = ADVANCED_FACE ( 'NONE', ( #1877 ), #8166, .T. ) ;
#6931 = CARTESIAN_POINT ( 'NONE',  ( 0.1843617094242558652, -0.01798479209465704554, -0.1477362207218441970 ) ) ;
#6932 = ORIENTED_EDGE ( 'NONE', *, *, #6023, .T. ) ;
#6933 = SURFACE_SIDE_STYLE ('',( #4408 ) ) ;
#6934 =( GEOMETRIC_REPRESENTATION_CONTEXT ( 3 ) GLOBAL_UNCERTAINTY_ASSIGNED_CONTEXT ( ( #1321 ) ) GLOBAL_UNIT_ASSIGNED_CONTEXT ( ( #3413, #5904, #3953 ) ) REPRESENTATION_CONTEXT ( 'NONE', 'WORKASPACE' ) );
#6935 = AXIS2_PLACEMENT_3D ( 'NONE', #1350, #3888, #6427 ) ;
#6936 = CARTESIAN_POINT ( 'NONE',  ( 0.2031529521231688895, -0.008688119764420850627, -0.08789370103680482771 ) ) ;
#6937 = PRESENTATION_STYLE_ASSIGNMENT (( #6891 ) ) ;
#6938 = CARTESIAN_POINT ( 'NONE',  ( 0.2685386460637515516, 0.04008607404707512090, -0.02726377977696217703 ) ) ;
#6939 = LINE ( 'NONE', #1377, #3104 ) ;
#6940 = VERTEX_POINT ( 'NONE', #7484 ) ;
#6941 = LINE ( 'NONE', #5691, #5156 ) ;
#6942 = DIMENSIONAL_EXPONENTS ( 1.000000000000000000, 0.0000000000000000000, 0.0000000000000000000, 0.0000000000000000000, 0.0000000000000000000, 0.0000000000000000000, 0.0000000000000000000 ) ;
#6943 = DIRECTION ( 'NONE',  ( -1.644517855226008195E-15, -1.000000000000000000, -2.890435660536364269E-30 ) ) ;
#6944 = VERTEX_POINT ( 'NONE', #5652 ) ;
#6945 =( NAMED_UNIT ( * ) SI_UNIT ( $, .STERADIAN. ) SOLID_ANGLE_UNIT ( ) );
#6946 = PLANE ( 'NONE',  #6102 ) ;
#6947 = ORIENTED_EDGE ( 'NONE', *, *, #4986, .F. ) ;
#6948 = CARTESIAN_POINT ( 'NONE',  ( 0.2021550464030783256, -0.01818255847634996092, -0.04379921284782839486 ) ) ;
#6949 = SURFACE_STYLE_FILL_AREA ( #2486 ) ;
#6950 = ORIENTED_EDGE ( 'NONE', *, *, #3135, .F. ) ;
#6951 = LENGTH_MEASURE_WITH_UNIT ( LENGTH_MEASURE( 0.02539999999999999897 ), #5667 );
#6952 = VECTOR ( 'NONE', #5587, 39.37007874015748143 ) ;
#6953 =( CONVERSION_BASED_UNIT ( 'INCH', #4432 ) LENGTH_UNIT ( ) NAMED_UNIT ( #3929 ) );
#6954 = DIRECTION ( 'NONE',  ( -0.2761719275641929539, -0.9205747438996728649, 0.2761724231698924337 ) ) ;
#6955 = ORIENTED_EDGE ( 'NONE', *, *, #5302, .T. ) ;
#6956 = FILL_AREA_STYLE_COLOUR ( '', #1677 ) ;
#6957 = LINE ( 'NONE', #452, #3075 ) ;
#6958 = DIRECTION ( 'NONE',  ( 1.644517855226008195E-15, 1.000000000000000000, 2.890435660536364269E-30 ) ) ;
#6959 = CARTESIAN_POINT ( 'NONE',  ( 0.5225010356768845510, -0.01798479209465759024, -0.04773622072114360598 ) ) ;
#6960 = UNCERTAINTY_MEASURE_WITH_UNIT (LENGTH_MEASURE( 1.000000000000000082E-05 ), #6845, 'distance_accuracy_value', 'NONE');
#6961 = ORIENTED_EDGE ( 'NONE', *, *, #6071, .T. ) ;
#6962 = VECTOR ( 'NONE', #6068, 39.37007874015748143 ) ;
#6963 = EDGE_CURVE ( 'NONE', #7021, #7692, #3705, .T. ) ;
#6964 = EDGE_CURVE ( 'NONE', #871, #5788, #4981, .T. ) ;
#6965 = ORIENTED_EDGE ( 'NONE', *, *, #8019, .T. ) ;
#6966 = LINE ( 'NONE', #7700, #2215 ) ;
#6967 = ORIENTED_EDGE ( 'NONE', *, *, #4453, .F. ) ;
#6968 = FACE_OUTER_BOUND ( 'NONE', #1676, .T. ) ;
#6969 = DIRECTION ( 'NONE',  ( -0.9945218953682686269, 0.1045284632676983516, -1.739022243102431967E-15 ) ) ;
#6970 = EDGE_CURVE ( 'NONE', #6211, #3923, #4221, .T. ) ;
#6971 = SURFACE_SIDE_STYLE ('',( #1194 ) ) ;
#6972 = DIRECTION ( 'NONE',  ( 4.196190604145846758E-13, -6.871954312449809553E-28, -1.000000000000000000 ) ) ;
#6973 = UNCERTAINTY_MEASURE_WITH_UNIT (LENGTH_MEASURE( 1.000000000000000082E-05 ), #2210, 'distance_accuracy_value', 'NONE');
#6974 = EDGE_CURVE ( 'NONE', #716, #4293, #5066, .T. ) ;
#6975 = FACE_OUTER_BOUND ( 'NONE', #1774, .T. ) ;
#6976 = ADVANCED_FACE ( 'NONE', ( #6818 ), #7519, .F. ) ;
#6977 = ORIENTED_EDGE ( 'NONE', *, *, #3430, .T. ) ;
#6978 =( GEOMETRIC_REPRESENTATION_CONTEXT ( 3 ) GLOBAL_UNCERTAINTY_ASSIGNED_CONTEXT ( ( #4233 ) ) GLOBAL_UNIT_ASSIGNED_CONTEXT ( ( #5517, #5472, #2273 ) ) REPRESENTATION_CONTEXT ( 'NONE', 'WORKASPACE' ) );
#6979 = DIRECTION ( 'NONE',  ( 8.476642998634263651E-12, 1.000000000000000000, -2.115996267093998406E-11 ) ) ;
#6980 = DIRECTION ( 'NONE',  ( 2.272092236576761367E-12, -1.000000000000000000, 7.155165349104004500E-12 ) ) ;
#6981 = DIRECTION ( 'NONE',  ( -0.5730959463344974525, 0.8184658334308990701, 0.04092329167149891256 ) ) ;
#6982 = ADVANCED_FACE ( 'NONE', ( #5731 ), #1420, .F. ) ;
#6983 = PRESENTATION_STYLE_ASSIGNMENT (( #8167 ) ) ;
#6984 = VERTEX_POINT ( 'NONE', #3992 ) ;
#6985 = DIRECTION ( 'NONE',  ( -5.450240952997729302E-10, 0.0000000000000000000, -1.000000000000000000 ) ) ;
#6986 = PRESENTATION_LAYER_ASSIGNMENT (  '', '', ( #3418 ) ) ;
#6987 = CARTESIAN_POINT ( 'NONE',  ( 0.2453562723634672427, 0.03516481420455546542, -0.08123784496877324568 ) ) ;
#6988 = ADVANCED_FACE ( 'NONE', ( #4612 ), #1289, .F. ) ;
#6989 = VERTEX_POINT ( 'NONE', #6447 ) ;
#6990 =( LENGTH_UNIT ( ) NAMED_UNIT ( * ) SI_UNIT ( $, .METRE. ) );
#6991 =( LENGTH_UNIT ( ) NAMED_UNIT ( * ) SI_UNIT ( $, .METRE. ) );
#6992 = ORIENTED_EDGE ( 'NONE', *, *, #90, .T. ) ;
#6993 = COLOUR_RGB ( '',0.7607843137254901578, 0.7607843137254901578, 0.0000000000000000000 ) ;
#6994 = DIRECTION ( 'NONE',  ( -0.9945218953682686269, 0.1045284632676983516, -1.739022243102431967E-15 ) ) ;
#6995 = VERTEX_POINT ( 'NONE', #4531 ) ;
#6996 = AXIS2_PLACEMENT_3D ( 'NONE', #6763, #7630, #1277 ) ;
#6997 = LINE ( 'NONE', #6909, #4289 ) ;
#6998 = CARTESIAN_POINT ( 'NONE',  ( 0.1585494827869405321, -0.03570132752772788021, -0.06742126009192302150 ) ) ;
#6999 = ORIENTED_EDGE ( 'NONE', *, *, #5256, .F. ) ;
#7000 = DIMENSIONAL_EXPONENTS ( 1.000000000000000000, 0.0000000000000000000, 0.0000000000000000000, 0.0000000000000000000, 0.0000000000000000000, 0.0000000000000000000, 0.0000000000000000000 ) ;
#7001 =( NAMED_UNIT ( * ) SI_UNIT ( $, .STERADIAN. ) SOLID_ANGLE_UNIT ( ) );
#7002 = LINE ( 'NONE', #6471, #1446 ) ;
#7003 = EDGE_LOOP ( 'NONE', ( #5385, #2517, #6153, #5135, #2247, #2513, #7628, #6338 ) ) ;
#7004 = ORIENTED_EDGE ( 'NONE', *, *, #4296, .T. ) ;
#7005 = DIRECTION ( 'NONE',  ( -0.09052430461248961446, 0.8612812260087774341, 0.4999999999992426614 ) ) ;
#7006 = ORIENTED_EDGE ( 'NONE', *, *, #1537, .F. ) ;
#7007 = DIRECTION ( 'NONE',  ( -0.6691306063588805531, -0.7431448254773741491, -5.509674506755219810E-12 ) ) ;
#7008 = AXIS2_PLACEMENT_3D ( 'NONE', #5007, #2369, #607 ) ;
#7009 = CARTESIAN_POINT ( 'NONE',  ( 0.2313841284561852230, 0.1217789874329373717, -0.8272637797762142364 ) ) ;
#7010 =( NAMED_UNIT ( * ) PLANE_ANGLE_UNIT ( ) SI_UNIT ( $, .RADIAN. ) );
#7011 = CARTESIAN_POINT ( 'NONE',  ( 0.1976409002969291284, -0.01405121771457832312, -0.1776574805643639232 ) ) ;
#7012 = COLOUR_RGB ( '',0.7607843137254901578, 0.7607843137254901578, 0.0000000000000000000 ) ;
#7013 = DIRECTION ( 'NONE',  ( 1.748601263784622143E-15, 0.0000000000000000000, -1.000000000000000000 ) ) ;
#7014 = ORIENTED_EDGE ( 'NONE', *, *, #1594, .F. ) ;
#7015 = CYLINDRICAL_SURFACE ( 'NONE', #6315, 0.007874015748031495954 ) ;
#7016 = LENGTH_MEASURE_WITH_UNIT ( LENGTH_MEASURE( 0.02539999999999999897 ), #6278 );
#7017 = DIRECTION ( 'NONE',  ( -1.644517855226007801E-15, -1.000000000000000000, -2.890435660536363919E-30 ) ) ;
#7018 = APPLICATION_PROTOCOL_DEFINITION ( 'draft international standard', 'automotive_design', 1998, #7252 ) ;
#7019 = LINE ( 'NONE', #4982, #5219 ) ;
#7020 = CARTESIAN_POINT ( 'NONE',  ( 0.4561674782084675361, 0.03516481420455509765, -0.1373012207222373826 ) ) ;
#7021 = VERTEX_POINT ( 'NONE', #1923 ) ;
#7022 = PRESENTATION_LAYER_ASSIGNMENT (  '', '', ( #912 ) ) ;
#7023 = CARTESIAN_POINT ( 'NONE',  ( 0.4754786166455537422, 0.03516481420522438173, -0.02726377977696183702 ) ) ;
#7024 = EDGE_CURVE ( 'NONE', #67, #2921, #2592, .T. ) ;
#7025 = EDGE_CURVE ( 'NONE', #7386, #1823, #6493, .T. ) ;
#7026 = EDGE_CURVE ( 'NONE', #2640, #2270, #1376, .T. ) ;
#7027 = CARTESIAN_POINT ( 'NONE',  ( 0.2506952668926404892, 0.03516481420455545848, -0.08376177190259220806 ) ) ;
#7028 = AXIS2_PLACEMENT_3D ( 'NONE', #4589, #1433, #1471 ) ;
#7029 = EDGE_LOOP ( 'NONE', ( #5684, #797, #4139, #6490 ) ) ;
#7030 = VERTEX_POINT ( 'NONE', #705 ) ;
#7031 = CARTESIAN_POINT ( 'NONE',  ( 0.3928014512908295508, 0.1198104834959331788, -0.07915354355589927782 ) ) ;
#7032 = LINE ( 'NONE', #6421, #3081 ) ;
#7033 = VERTEX_POINT ( 'NONE', #2717 ) ;
#7034 = EDGE_CURVE ( 'NONE', #559, #6816, #5238, .T. ) ;
#7035 = CARTESIAN_POINT ( 'NONE',  ( 0.4554196763377196255, 0.04500733388959447800, -0.1778562600918830727 ) ) ;
#7036 = AXIS2_PLACEMENT_3D ( 'NONE', #3910, #5812, #6531 ) ;
#7037 = CARTESIAN_POINT ( 'NONE',  ( 0.2342116740154053245, 0.03769412902946407684, -0.2272637797758069733 ) ) ;
#7038 = FACE_OUTER_BOUND ( 'NONE', #2805, .T. ) ;
#7039 = ORIENTED_EDGE ( 'NONE', *, *, #90, .F. ) ;
#7040 = CARTESIAN_POINT ( 'NONE',  ( 0.5050328009654273531, -0.02127569993139012683, -0.1680904743844783000 ) ) ;
#7041 = SURFACE_SIDE_STYLE ('',( #5757 ) ) ;
#7042 = CARTESIAN_POINT ( 'NONE',  ( 0.1976409002969286566, -0.01405121771457830404, -0.03750000024940325360 ) ) ;
#7043 = CIRCLE ( 'NONE', #2803, 0.005905511811027564992 ) ;
#7044 = ORIENTED_EDGE ( 'NONE', *, *, #420, .T. ) ;
#7045 = VERTEX_POINT ( 'NONE', #4495 ) ;
#7046 = CARTESIAN_POINT ( 'NONE',  ( 0.4625214697563806432, 0.04500733388959447800, -0.08338492120062329649 ) ) ;
#7047 = VERTEX_POINT ( 'NONE', #2753 ) ;
#7048 = CARTESIAN_POINT ( 'NONE',  ( 0.5096303506631995051, 0.02914268067976763174, -0.08789370103621023389 ) ) ;
#7049 = PLANE ( 'NONE',  #2315 ) ;
#7050 = CARTESIAN_POINT ( 'NONE',  ( 0.2148518768365317577, 0.02729079845652399722, -0.2669308663911354462 ) ) ;
#7051 = UNCERTAINTY_MEASURE_WITH_UNIT (LENGTH_MEASURE( 1.000000000000000082E-05 ), #2400, 'distance_accuracy_value', 'NONE');
#7052 =( GEOMETRIC_REPRESENTATION_CONTEXT ( 3 ) GLOBAL_UNCERTAINTY_ASSIGNED_CONTEXT ( ( #3752 ) ) GLOBAL_UNIT_ASSIGNED_CONTEXT ( ( #2966, #4246, #6152 ) ) REPRESENTATION_CONTEXT ( 'NONE', 'WORKASPACE' ) );
#7053 = DIMENSIONAL_EXPONENTS ( 1.000000000000000000, 0.0000000000000000000, 0.0000000000000000000, 0.0000000000000000000, 0.0000000000000000000, 0.0000000000000000000, 0.0000000000000000000 ) ;
#7054 = AXIS2_PLACEMENT_3D ( 'NONE', #5326, #7235, #798 ) ;
#7055 = VECTOR ( 'NONE', #4693, 39.37007874015748143 ) ;
#7056 = CARTESIAN_POINT ( 'NONE',  ( 0.1896577093114370505, -0.02375406862796414220, -0.1674212600919229854 ) ) ;
#7057 = ORIENTED_EDGE ( 'NONE', *, *, #841, .F. ) ;
#7058 = DIRECTION ( 'NONE',  ( 1.644517855226008195E-15, 1.000000000000000000, 2.890435660536364269E-30 ) ) ;
#7059 = CARTESIAN_POINT ( 'NONE',  ( 0.2443412753448061248, 0.03516481420455544460, -0.1317725596127890531 ) ) ;
#7060 = DIRECTION ( 'NONE',  ( -1.644517855226008195E-15, -1.000000000000000000, -2.890435660536364269E-30 ) ) ;
#7061 = LINE ( 'NONE', #3209, #4736 ) ;
#7062 = CARTESIAN_POINT ( 'NONE',  ( 0.1843617094242555321, -0.01798479209465702819, -0.06742126009192295211 ) ) ;
#7063 = AXIS2_PLACEMENT_3D ( 'NONE', #6924, #5057, #612 ) ;
#7064 = DIRECTION ( 'NONE',  ( 1.000000000000000000, -1.644517855226007801E-15, 1.748601263784621748E-15 ) ) ;
#7065 = ORIENTED_EDGE ( 'NONE', *, *, #4587, .T. ) ;
#7066 = AXIS2_PLACEMENT_3D ( 'NONE', #8159, #3781, #5606 ) ;
#7067 = DIRECTION ( 'NONE',  ( 8.234490263801784106E-12, -1.353889066150678860E-26, -1.000000000000000000 ) ) ;
#7068 = VECTOR ( 'NONE', #2015, 39.37007874015748143 ) ;
#7069 = DIRECTION ( 'NONE',  ( 1.644517855226008195E-15, 1.000000000000000000, 2.890435660536364269E-30 ) ) ;
#7070 = VECTOR ( 'NONE', #1982, 39.37007874015748854 ) ;
#7071 = ORIENTED_EDGE ( 'NONE', *, *, #5507, .F. ) ;
#7072 = FILL_AREA_STYLE ('',( #2055 ) ) ;
#7073 = ADVANCED_FACE ( 'NONE', ( #658 ), #2671, .T. ) ;
#7074 = CARTESIAN_POINT ( 'NONE',  ( 0.4754786166454750829, 0.03516481420467319763, -0.08789370103648942723 ) ) ;
#7075 = EDGE_CURVE ( 'NONE', #2846, #789, #5776, .T. ) ;
#7076 = CARTESIAN_POINT ( 'NONE',  ( 0.4578091021353568602, -0.004205264535602351757, -0.005563233721056288356 ) ) ;
#7077 = ORIENTED_EDGE ( 'NONE', *, *, #7807, .F. ) ;
#7078 = SURFACE_SIDE_STYLE ('',( #8178 ) ) ;
#7079 = ORIENTED_EDGE ( 'NONE', *, *, #6525, .F. ) ;
#7080 = EDGE_CURVE ( 'NONE', #6984, #1561, #7061, .T. ) ;
#7081 = CIRCLE ( 'NONE', #6675, 0.007874015748031482076 ) ;
#7082 = VECTOR ( 'NONE', #581, 39.37007874015748143 ) ;
#7083 = STYLED_ITEM ( 'NONE', ( #4768 ), #4892 ) ;
#7084 = EDGE_CURVE ( 'NONE', #3971, #5387, #2502, .T. ) ;
#7085 = DIRECTION ( 'NONE',  ( 1.644517855226008195E-15, 1.000000000000000000, 2.890435660536364269E-30 ) ) ;
#7086 = ORIENTED_EDGE ( 'NONE', *, *, #3169, .F. ) ;
#7087 = CARTESIAN_POINT ( 'NONE',  ( 0.2148518768365314524, 0.02729079845652399722, -0.1272637797769622658 ) ) ;
#7088 = LINE ( 'NONE', #1400, #7446 ) ;
#7089 = ADVANCED_FACE ( 'NONE', ( #7908 ), #1614, .F. ) ;
#7090 = CARTESIAN_POINT ( 'NONE',  ( 0.1896720897116644378, -0.02376973408140352351, -0.06742127273290378364 ) ) ;
#7091 = SURFACE_STYLE_FILL_AREA ( #2736 ) ;
#7092 = AXIS2_PLACEMENT_3D ( 'NONE', #818, #1526, #6603 ) ;
#7093 = VERTEX_POINT ( 'NONE', #4160 ) ;
#7094 = FILL_AREA_STYLE_COLOUR ( '', #4897 ) ;
#7095 = ORIENTED_EDGE ( 'NONE', *, *, #5103, .T. ) ;
#7096 = COLOUR_RGB ( '',0.7607843137254901578, 0.7607843137254901578, 0.0000000000000000000 ) ;
#7097 = VERTEX_POINT ( 'NONE', #7188 ) ;
#7098 = FACE_OUTER_BOUND ( 'NONE', #5056, .T. ) ;
#7099 = CARTESIAN_POINT ( 'NONE',  ( 0.1896577093114370505, -0.02375406862796414220, -0.1674212600919229854 ) ) ;
#7100 = LINE ( 'NONE', #863, #5609 ) ;
#7101 = B_SPLINE_CURVE_WITH_KNOTS ( 'NONE', 3,
 ( #4625, #5923, #195, #722, #2767, #7731, #5880, #148, #2145, #2690, #7126, #6507, #5216 ),
 .UNSPECIFIED., .F., .F.,
 ( 4, 3, 3, 3, 4 ),
 ( -1.878211220321841299E-06, 0.0000000000000000000, 5.232092011448408257E-05, 0.0001048841986582706544, 0.0001536880156048156401 ),
 .UNSPECIFIED. ) ;
#7102 = COLOUR_RGB ( '',0.7607843137254901578, 0.7607843137254901578, 0.0000000000000000000 ) ;
#7103 = DIRECTION ( 'NONE',  ( -8.234490263801784106E-12, 1.353889066150678860E-26, 1.000000000000000000 ) ) ;
#7104 = ORIENTED_EDGE ( 'NONE', *, *, #873, .T. ) ;
#7105 = SURFACE_SIDE_STYLE ('',( #7598 ) ) ;
#7106 = FILL_AREA_STYLE ('',( #7147 ) ) ;
#7107 =( NAMED_UNIT ( * ) PLANE_ANGLE_UNIT ( ) SI_UNIT ( $, .RADIAN. ) );
#7108 = CIRCLE ( 'NONE', #7752, 0.007874015748031499423 ) ;
#7109 = CARTESIAN_POINT ( 'NONE',  ( 0.5037097929778026062, -0.008688119764421345023, -0.02726377977641642608 ) ) ;
#7110 = ORIENTED_EDGE ( 'NONE', *, *, #1505, .F. ) ;
#7111 = SURFACE_SIDE_STYLE ('',( #5284 ) ) ;
#7112 = FACE_OUTER_BOUND ( 'NONE', #1029, .T. ) ;
#7113 = AXIS2_PLACEMENT_3D ( 'NONE', #2667, #7058, #783 ) ;
#7114 = DIMENSIONAL_EXPONENTS ( 1.000000000000000000, 0.0000000000000000000, 0.0000000000000000000, 0.0000000000000000000, 0.0000000000000000000, 0.0000000000000000000, 0.0000000000000000000 ) ;
#7115 = LINE ( 'NONE', #6498, #5849 ) ;
#7116 = VERTEX_POINT ( 'NONE', #3493 ) ;
#7117 = FACE_OUTER_BOUND ( 'NONE', #7588, .T. ) ;
#7118 = LENGTH_MEASURE_WITH_UNIT ( LENGTH_MEASURE( 0.02539999999999999897 ), #4661 );
#7119 = EDGE_LOOP ( 'NONE', ( #3630, #4426, #6735, #1558, #7314, #643, #6725, #6236 ) ) ;
#7120 = DIRECTION ( 'NONE',  ( 1.000000000000000000, -1.644517855226007801E-15, 1.748601263784622143E-15 ) ) ;
#7121 = LENGTH_MEASURE_WITH_UNIT ( LENGTH_MEASURE( 0.02539999999999999897 ), #5329 );
#7122 = ORIENTED_EDGE ( 'NONE', *, *, #7527, .F. ) ;
#7123 = AXIS2_PLACEMENT_3D ( 'NONE', #7318, #5377, #2934 ) ;
#7124 = COLOUR_RGB ( '',0.2509803921568627416, 0.2509803921568627416, 0.2509803921568627416 ) ;
#7125 =( GEOMETRIC_REPRESENTATION_CONTEXT ( 3 ) GLOBAL_UNCERTAINTY_ASSIGNED_CONTEXT ( ( #1062 ) ) GLOBAL_UNIT_ASSIGNED_CONTEXT ( ( #34, #1941, #2495 ) ) REPRESENTATION_CONTEXT ( 'NONE', 'WORKASPACE' ) );
#7126 = CARTESIAN_POINT ( 'NONE',  ( 0.5148239132102095938, -0.01982654722438630113, -0.04659784562542735459 ) ) ;
#7127 = CYLINDRICAL_SURFACE ( 'NONE', #7420, 0.005905511811023620231 ) ;
#7128 = EDGE_LOOP ( 'NONE', ( #4728, #1570, #2589, #2842 ) ) ;
#7129 = FACE_OUTER_BOUND ( 'NONE', #3205, .T. ) ;
#7130 =( CONVERSION_BASED_UNIT ( 'INCH', #4557 ) LENGTH_UNIT ( ) NAMED_UNIT ( #5519 ) );
#7131 = VECTOR ( 'NONE', #253, 39.37007874015748143 ) ;
#7132 = EDGE_CURVE ( 'NONE', #4508, #2331, #5440, .T. ) ;
#7133 = EDGE_CURVE ( 'NONE', #8123, #3647, #331, .T. ) ;
#7134 = EDGE_CURVE ( 'NONE', #1182, #4353, #1520, .T. ) ;
#7135 = ORIENTED_EDGE ( 'NONE', *, *, #3726, .F. ) ;
#7136 = DIRECTION ( 'NONE',  ( -1.644517855226007801E-15, -1.000000000000000000, 6.888556729901404633E-28 ) ) ;
#7137 = ORIENTED_EDGE ( 'NONE', *, *, #4889, .T. ) ;
#7138 = CARTESIAN_POINT ( 'NONE',  ( 0.3926470588251994576, 0.1217789874329371080, 0.01210629896398286200 ) ) ;
#7139 = ORIENTED_EDGE ( 'NONE', *, *, #2779, .F. ) ;
#7140 =( NAMED_UNIT ( * ) SI_UNIT ( $, .STERADIAN. ) SOLID_ANGLE_UNIT ( ) );
#7141 =( NAMED_UNIT ( * ) PLANE_ANGLE_UNIT ( ) SI_UNIT ( $, .RADIAN. ) );
#7142 = CARTESIAN_POINT ( 'NONE',  ( 0.2490536793154355943, 0.003668751212429472927, -0.005563233721056699485 ) ) ;
#7143 = UNCERTAINTY_MEASURE_WITH_UNIT (LENGTH_MEASURE( 1.000000000000000082E-05 ), #7464, 'distance_accuracy_value', 'NONE');
#7144 = EDGE_CURVE ( 'NONE', #7097, #3923, #3222, .T. ) ;
#7145 = ORIENTED_EDGE ( 'NONE', *, *, #7809, .F. ) ;
#7146 = CARTESIAN_POINT ( 'NONE',  ( 1.907271008777992279E-16, 0.1198104834959337756, 1.084824920504800741E-18 ) ) ;
#7147 = FILL_AREA_STYLE_COLOUR ( '', #3069 ) ;
#7148 =( NAMED_UNIT ( * ) SI_UNIT ( $, .STERADIAN. ) SOLID_ANGLE_UNIT ( ) );
#7149 = DIRECTION ( 'NONE',  ( -8.234490263801784106E-12, 1.353889066150678860E-26, 1.000000000000000000 ) ) ;
#7150 = ORIENTED_EDGE ( 'NONE', *, *, #7867, .T. ) ;
#7151 = LENGTH_MEASURE_WITH_UNIT ( LENGTH_MEASURE( 0.02539999999999999897 ), #7756 );
#7152 = DIRECTION ( 'NONE',  ( -0.1045284632676950626, 0.9945218953682689600, -8.607386130680116915E-13 ) ) ;
#7153 = VECTOR ( 'NONE', #5656, 39.37007874015748143 ) ;
#7154 = FILL_AREA_STYLE ('',( #2137 ) ) ;
#7155 = VERTEX_POINT ( 'NONE', #5316 ) ;
#7156 =( CONVERSION_BASED_UNIT ( 'INCH', #5076 ) LENGTH_UNIT ( ) NAMED_UNIT ( #4093 ) );
#7157 = CARTESIAN_POINT ( 'NONE',  ( 0.3928014512908299394, 0.1020939480628583473, -0.1821850396188912091 ) ) ;
#7158 = AXIS2_PLACEMENT_3D ( 'NONE', #1017, #4877, #4225 ) ;
#7159 =( NAMED_UNIT ( * ) SI_UNIT ( $, .STERADIAN. ) SOLID_ANGLE_UNIT ( ) );
#7160 = FACE_OUTER_BOUND ( 'NONE', #3949, .T. ) ;
#7161 = VECTOR ( 'NONE', #237, 39.37007874015748143 ) ;
#7162 = CARTESIAN_POINT ( 'NONE',  ( 0.4254818849634284805, 0.1217789874329370248, -0.1831692915873951444 ) ) ;
#7163 = EDGE_LOOP ( 'NONE', ( #2897, #7396, #4840, #5097, #7437, #4423 ) ) ;
#7164 =( CONVERSION_BASED_UNIT ( 'INCH', #7769 ) LENGTH_UNIT ( ) NAMED_UNIT ( #2086 ) );
#7165 = CIRCLE ( 'NONE', #3062, 0.005905511811023620231 ) ;
#7166 = CARTESIAN_POINT ( 'NONE',  ( 0.1916773655959021772, -0.02096163172394815977, -0.06796744960185839568 ) ) ;
#7167 = PLANE ( 'NONE',  #6875 ) ;
#7168 = B_SPLINE_CURVE_WITH_KNOTS ( 'NONE', 3,
 ( #6680, #7939, #2276, #2200 ),
 .UNSPECIFIED., .F., .F.,
 ( 4, 4 ),
 ( 8.483485373339159730E-17, 0.0001438393068347747271 ),
 .UNSPECIFIED. ) ;
#7169 = VECTOR ( 'NONE', #8047, 39.37007874015748143 ) ;
#7170 = EDGE_LOOP ( 'NONE', ( #316, #3184, #4583, #1192 ) ) ;
#7171 = DIRECTION ( 'NONE',  ( -1.000000000000000000, 1.644517855226007801E-15, -8.234490263801784106E-12 ) ) ;
#7172 = ORIENTED_EDGE ( 'NONE', *, *, #2836, .T. ) ;
#7173 = CARTESIAN_POINT ( 'NONE',  ( 0.4920108682644409037, 0.04500733388959441555, -0.1272637797765127365 ) ) ;
#7174 = EDGE_CURVE ( 'NONE', #1823, #6296, #6064, .T. ) ;
#7175 = ORIENTED_EDGE ( 'NONE', *, *, #236, .T. ) ;
#7176 = DIRECTION ( 'NONE',  ( -1.748601263784621748E-15, 0.0000000000000000000, 1.000000000000000000 ) ) ;
#7177 = EDGE_CURVE ( 'NONE', #6128, #3415, #4034, .T. ) ;
#7178 = SURFACE_STYLE_FILL_AREA ( #6560 ) ;
#7179 = FILL_AREA_STYLE ('',( #6561 ) ) ;
#7180 = EDGE_CURVE ( 'NONE', #5699, #6940, #6569, .T. ) ;
#7181 = AXIS2_PLACEMENT_3D ( 'NONE', #7759, #7680, #103 ) ;
#7182 = VECTOR ( 'NONE', #7845, 39.37007874015748143 ) ;
#7183 = ORIENTED_EDGE ( 'NONE', *, *, #6770, .T. ) ;
#7184 = FACE_OUTER_BOUND ( 'NONE', #8129, .T. ) ;
#7185 = DIRECTION ( 'NONE',  ( 0.4273849608619142426, -7.028421991924840098E-16, -0.9040697402463262478 ) ) ;
#7186 = ADVANCED_FACE ( 'NONE', ( #2170 ), #6021, .F. ) ;
#7187 = DIRECTION ( 'NONE',  ( -0.9040697402802237992, 1.486758830260366439E-15, 0.4273849607902093228 ) ) ;
#7188 = CARTESIAN_POINT ( 'NONE',  ( 0.5171906553894755065, -0.02376973408140405433, -0.04773620808020646866 ) ) ;
#7189 = DIRECTION ( 'NONE',  ( 1.000000000000000000, -1.644517855226007801E-15, 1.748601263784621748E-15 ) ) ;
#7190 =( GEOMETRIC_REPRESENTATION_CONTEXT ( 3 ) GLOBAL_UNCERTAINTY_ASSIGNED_CONTEXT ( ( #8131 ) ) GLOBAL_UNIT_ASSIGNED_CONTEXT ( ( #3489, #4763, #1566 ) ) REPRESENTATION_CONTEXT ( 'NONE', 'WORKASPACE' ) );
#7191 = ORIENTED_EDGE ( 'NONE', *, *, #4734, .F. ) ;
#7192 = LINE ( 'NONE', #7832, #204 ) ;
#7193 = CARTESIAN_POINT ( 'NONE',  ( 0.5047076986982566016, -0.01818255847635047093, -0.1713582679653845309 ) ) ;
#7194 = EDGE_CURVE ( 'NONE', #7697, #7813, #1868, .T. ) ;
#7195 = COLOUR_RGB ( '',0.7607843137254901578, 0.7607843137254901578, 0.0000000000000000000 ) ;
#7196 = VERTEX_POINT ( 'NONE', #8038 ) ;
#7197 = FACE_OUTER_BOUND ( 'NONE', #1352, .T. ) ;
#7198 = AXIS2_PLACEMENT_3D ( 'NONE', #7059, #6492, #7185 ) ;
#7199 = VECTOR ( 'NONE', #8117, 39.37007874015748143 ) ;
#7200 = DIRECTION ( 'NONE',  ( -1.644517855226008195E-15, -1.000000000000000000, 0.0000000000000000000 ) ) ;
#7201 = EDGE_LOOP ( 'NONE', ( #598, #1560, #5062, #604 ) ) ;
#7202 = PRESENTATION_LAYER_ASSIGNMENT (  '', '', ( #2039 ) ) ;
#7203 = DIRECTION ( 'NONE',  ( 1.644517855226008195E-15, 1.000000000000000000, 2.890435660536364269E-30 ) ) ;
#7204 = DIRECTION ( 'NONE',  ( -1.644517855226007801E-15, -1.000000000000000000, -2.890435660536363568E-30 ) ) ;
#7205 = CYLINDRICAL_SURFACE ( 'NONE', #3320, 0.005905511811023620231 ) ;
#7206 = ORIENTED_EDGE ( 'NONE', *, *, #2779, .T. ) ;
#7207 = VECTOR ( 'NONE', #2434, 39.37007874015748143 ) ;
#7208 = CARTESIAN_POINT ( 'NONE',  ( 0.5483132623143616158, -0.03570132752772850471, -0.06742126009100976591 ) ) ;
#7209 = PRESENTATION_LAYER_ASSIGNMENT (  '', '', ( #5749 ) ) ;
#7210 =( NAMED_UNIT ( * ) PLANE_ANGLE_UNIT ( ) SI_UNIT ( $, .RADIAN. ) );
#7211 = LENGTH_MEASURE_WITH_UNIT ( LENGTH_MEASURE( 0.02539999999999999897 ), #1129 );
#7212 = ORIENTED_EDGE ( 'NONE', *, *, #2266, .T. ) ;
#7213 =( LENGTH_UNIT ( ) NAMED_UNIT ( * ) SI_UNIT ( $, .METRE. ) );
#7214 = ORIENTED_EDGE ( 'NONE', *, *, #1298, .F. ) ;
#7215 = ORIENTED_EDGE ( 'NONE', *, *, #319, .T. ) ;
#7216 = FILL_AREA_STYLE_COLOUR ( '', #2701 ) ;
#7217 = UNCERTAINTY_MEASURE_WITH_UNIT (LENGTH_MEASURE( 1.000000000000000082E-05 ), #3057, 'distance_accuracy_value', 'NONE');
#7218 = DIMENSIONAL_EXPONENTS ( 1.000000000000000000, 0.0000000000000000000, 0.0000000000000000000, 0.0000000000000000000, 0.0000000000000000000, 0.0000000000000000000, 0.0000000000000000000 ) ;
#7219 = EDGE_CURVE ( 'NONE', #772, #4602, #2421, .T. ) ;
#7220 = STYLED_ITEM ( 'NONE', ( #952 ), #5598 ) ;
#7221 = VERTEX_POINT ( 'NONE', #6267 ) ;
#7222 = ADVANCED_FACE ( 'NONE', ( #1739 ), #8075, .F. ) ;
#7223 = DIRECTION ( 'NONE',  ( -0.9945218953682689600, -0.1045284632676950626, -8.189380864547703863E-12 ) ) ;
#7224 = SURFACE_STYLE_FILL_AREA ( #2207 ) ;
#7225 = LENGTH_MEASURE_WITH_UNIT ( LENGTH_MEASURE( 0.02539999999999999897 ), #5024 );
#7226 = PLANE ( 'NONE',  #3093 ) ;
#7227 = AXIS2_PLACEMENT_3D ( 'NONE', #3698, #455, #7433 ) ;
#7228 = ADVANCED_FACE ( 'NONE', ( #1153 ), #453, .T. ) ;
#7229 = ADVANCED_FACE ( 'NONE', ( #1236 ), #5527, .F. ) ;
#7230 =( LENGTH_UNIT ( ) NAMED_UNIT ( * ) SI_UNIT ( $, .METRE. ) );
#7231 = ORIENTED_EDGE ( 'NONE', *, *, #3182, .F. ) ;
#7232 = EDGE_CURVE ( 'NONE', #6864, #4570, #759, .T. ) ;
#7233 = CARTESIAN_POINT ( 'NONE',  ( 0.2746912150703574307, 0.1020939480628467178, -0.1329724411934975481 ) ) ;
#7234 = VECTOR ( 'NONE', #1299, 39.37007874015748143 ) ;
#7235 = DIRECTION ( 'NONE',  ( -1.644517855226008195E-15, -1.000000000000000000, -2.890435660536364269E-30 ) ) ;
#7236 = LINE ( 'NONE', #2220, #7169 ) ;
#7237 =( NAMED_UNIT ( * ) PLANE_ANGLE_UNIT ( ) SI_UNIT ( $, .RADIAN. ) );
#7238 = DIRECTION ( 'NONE',  ( 1.748601263784621946E-15, 0.0000000000000000000, -1.000000000000000000 ) ) ;
#7239 = ORIENTED_EDGE ( 'NONE', *, *, #6671, .F. ) ;
#7240 = AXIS2_PLACEMENT_3D ( 'NONE', #2958, #493, #5137 ) ;
#7241 = EDGE_CURVE ( 'NONE', #7775, #6540, #5277, .T. ) ;
#7242 = DIRECTION ( 'NONE',  ( 4.196190604145846758E-13, -6.871954312449809553E-28, -1.000000000000000000 ) ) ;
#7243 = DIRECTION ( 'NONE',  ( -3.362227163310207537E-12, 4.918510043635005372E-12, -1.000000000000000000 ) ) ;
#7244 = DIRECTION ( 'NONE',  ( 1.828542904681267652E-15, 0.04993761694386230493, -0.9987523388778462019 ) ) ;
#7245 = VERTEX_POINT ( 'NONE', #3118 ) ;
#7246 = STYLED_ITEM ( 'NONE', ( #3401 ), #7421 ) ;
#7247 = MECHANICAL_DESIGN_GEOMETRIC_PRESENTATION_REPRESENTATION (  '', ( #6844 ), #2491 ) ;
#7248 = CARTESIAN_POINT ( 'NONE',  ( 0.5158188054464748484, -0.02214987590510624632, -0.1475478333218588900 ) ) ;
#7249 = COLOUR_RGB ( '',0.7607843137254901578, 0.7607843137254901578, 0.0000000000000000000 ) ;
#7250 = ORIENTED_EDGE ( 'NONE', *, *, #6585, .F. ) ;
#7251 = DIRECTION ( 'NONE',  ( -3.349940197328361899E-10, 5.509065224505827021E-25, -1.000000000000000000 ) ) ;
#7252 = APPLICATION_CONTEXT ( 'automotive_design' ) ;
#7253 = EDGE_LOOP ( 'NONE', ( #4394, #4623, #4849, #32 ) ) ;
#7254 = DIRECTION ( 'NONE',  ( -1.644517855226007801E-15, -1.000000000000000000, -2.890435660536363919E-30 ) ) ;
#7255 = ORIENTED_EDGE ( 'NONE', *, *, #3440, .F. ) ;
#7256 = LINE ( 'NONE', #894, #4077 ) ;
#7257 = VECTOR ( 'NONE', #4926, 39.37007874015748143 ) ;
#7258 = CARTESIAN_POINT ( 'NONE',  ( 0.2746912150703571531, 0.1217789874329373023, -0.08316929158739536088 ) ) ;
#7259 =( LENGTH_UNIT ( ) NAMED_UNIT ( * ) SI_UNIT ( $, .METRE. ) );
#7260 = VERTEX_POINT ( 'NONE', #2505 ) ;
#7261 =( NAMED_UNIT ( * ) PLANE_ANGLE_UNIT ( ) SI_UNIT ( $, .RADIAN. ) );
#7262 = ORIENTED_EDGE ( 'NONE', *, *, #3840, .F. ) ;
#7263 = DIRECTION ( 'NONE',  ( 0.0000000000000000000, -1.000000000000000000, 0.0000000000000000000 ) ) ;
#7264 = PRESENTATION_STYLE_ASSIGNMENT (( #903 ) ) ;
#7265 = SURFACE_STYLE_FILL_AREA ( #2208 ) ;
#7266 = PRESENTATION_STYLE_ASSIGNMENT (( #214 ) ) ;
#7267 = FACE_OUTER_BOUND ( 'NONE', #7170, .T. ) ;
#7268 =( NAMED_UNIT ( * ) PLANE_ANGLE_UNIT ( ) SI_UNIT ( $, .RADIAN. ) );
#7269 = CARTESIAN_POINT ( 'NONE',  ( 0.2342116740154053245, 0.03769412902946407684, 0.01210629896319520560 ) ) ;
#7270 = ORIENTED_EDGE ( 'NONE', *, *, #2916, .T. ) ;
#7271 = DIRECTION ( 'NONE',  ( -1.000000000000000000, 1.734723475977064460E-15, 1.503638049432454012E-14 ) ) ;
#7272 =( LENGTH_UNIT ( ) NAMED_UNIT ( * ) SI_UNIT ( $, .METRE. ) );
#7273 = DIRECTION ( 'NONE',  ( 1.748601263784621946E-15, 0.0000000000000000000, -1.000000000000000000 ) ) ;
#7274 =( LENGTH_UNIT ( ) NAMED_UNIT ( * ) SI_UNIT ( $, .METRE. ) );
#7275 = EDGE_CURVE ( 'NONE', #7334, #6331, #5013, .T. ) ;
#7276 = LINE ( 'NONE', #1584, #5197 ) ;
#7277 = ORIENTED_EDGE ( 'NONE', *, *, #925, .T. ) ;
#7278 = VECTOR ( 'NONE', #1210, 39.37007874015748143 ) ;
#7279 = ADVANCED_FACE ( 'NONE', ( #6224, #529, #7550 ), #7428, .T. ) ;
#7280 = ADVANCED_FACE ( 'NONE', ( #7994 ), #7389, .F. ) ;
#7281 =( GEOMETRIC_REPRESENTATION_CONTEXT ( 3 ) GLOBAL_UNCERTAINTY_ASSIGNED_CONTEXT ( ( #1994 ) ) GLOBAL_UNIT_ASSIGNED_CONTEXT ( ( #1617, #3939, #2232 ) ) REPRESENTATION_CONTEXT ( 'NONE', 'WORKASPACE' ) );
#7282 = CYLINDRICAL_SURFACE ( 'NONE', #1628, 0.007874015748031504627 ) ;
#7283 = ORIENTED_EDGE ( 'NONE', *, *, #5600, .F. ) ;
#7284 = DIRECTION ( 'NONE',  ( -1.644517855226007801E-15, -1.000000000000000000, -2.890435660536363568E-30 ) ) ;
#7285 = EDGE_CURVE ( 'NONE', #6007, #2679, #2894, .T. ) ;
#7286 = LINE ( 'NONE', #888, #7352 ) ;
#7287 = PRESENTATION_LAYER_ASSIGNMENT (  '', '', ( #2924 ) ) ;
#7288 = ORIENTED_EDGE ( 'NONE', *, *, #1537, .T. ) ;
#7289 = AXIS2_PLACEMENT_3D ( 'NONE', #6786, #6703, #1132 ) ;
#7290 = VERTEX_POINT ( 'NONE', #5680 ) ;
#7291 = SURFACE_STYLE_FILL_AREA ( #6008 ) ;
#7292 = ORIENTED_EDGE ( 'NONE', *, *, #231, .T. ) ;
#7293 = LENGTH_MEASURE_WITH_UNIT ( LENGTH_MEASURE( 0.02539999999999999897 ), #5274 );
#7294 = PRESENTATION_STYLE_ASSIGNMENT (( #5476 ) ) ;
#7295 = UNCERTAINTY_MEASURE_WITH_UNIT (LENGTH_MEASURE( 1.000000000000000082E-05 ), #1867, 'distance_accuracy_value', 'NONE');
#7296 = PRESENTATION_LAYER_ASSIGNMENT (  '', '', ( #398 ) ) ;
#7297 = B_SPLINE_CURVE_WITH_KNOTS ( 'NONE', 3,
 ( #7090, #4056, #2695, #2734, #2112, #2071, #4594, #3895, #7166, #6433, #5930, #2026, #1401 ),
 .UNSPECIFIED., .F., .F.,
 ( 4, 3, 3, 3, 4 ),
 ( -1.878211220322463444E-06, -2.117582368135750848E-22, 5.232092011448422487E-05, 0.0001048841986582702208, 0.0001536880156048162365 ),
 .UNSPECIFIED. ) ;
#7298 = DIRECTION ( 'NONE',  ( 8.234490263801784106E-12, -1.353889066150678860E-26, -1.000000000000000000 ) ) ;
#7299 = ORIENTED_EDGE ( 'NONE', *, *, #1903, .F. ) ;
#7300 = ORIENTED_EDGE ( 'NONE', *, *, #2253, .T. ) ;
#7301 =( NAMED_UNIT ( * ) PLANE_ANGLE_UNIT ( ) SI_UNIT ( $, .RADIAN. ) );
#7302 = VECTOR ( 'NONE', #405, 39.37007874015748143 ) ;
#7303 = DIRECTION ( 'NONE',  ( 0.1045284632676983655, 0.9945218953682685159, 1.827786029713617844E-16 ) ) ;
#7304 = FACE_OUTER_BOUND ( 'NONE', #1778, .T. ) ;
#7305 =( LENGTH_UNIT ( ) NAMED_UNIT ( * ) SI_UNIT ( $, .METRE. ) );
#7306 = VECTOR ( 'NONE', #2795, 39.37007874015748143 ) ;
#7307 = PRESENTATION_LAYER_ASSIGNMENT (  '', '', ( #6527 ) ) ;
#7308 = VERTEX_POINT ( 'NONE', #3944 ) ;
#7309 = CARTESIAN_POINT ( 'NONE',  ( 0.1896577093114370505, -0.02375406862796414220, -0.1674212600919229854 ) ) ;
#7310 = LINE ( 'NONE', #6699, #2435 ) ;
#7311 =( NAMED_UNIT ( * ) PLANE_ANGLE_UNIT ( ) SI_UNIT ( $, .RADIAN. ) );
#7312 = DIRECTION ( 'NONE',  ( -1.644517855226008195E-15, -1.000000000000000000, -6.123233995736766036E-17 ) ) ;
#7313 = CARTESIAN_POINT ( 'NONE',  ( 0.3928014512908295508, 0.1198104834959331788, -0.03600393725668726147 ) ) ;
#7314 = ORIENTED_EDGE ( 'NONE', *, *, #6782, .T. ) ;
#7315 = COLOUR_RGB ( '',0.7607843137254901578, 0.7607843137254901578, 0.0000000000000000000 ) ;
#7316 = STYLED_ITEM ( 'NONE', ( #6019 ), #4045 ) ;
#7317 = EDGE_CURVE ( 'NONE', #7260, #287, #778, .T. ) ;
#7318 = CARTESIAN_POINT ( 'NONE',  ( 0.4991006638888346725, 0.03516481420455502827, -0.1272637797764543666 ) ) ;
#7319 = PRESENTATION_LAYER_ASSIGNMENT (  '', '', ( #6401 ) ) ;
#7320 = ADVANCED_FACE ( 'NONE', ( #7744 ), #2037, .F. ) ;
#7321 = PLANE ( 'NONE',  #7289 ) ;
#7322 = VERTEX_POINT ( 'NONE', #2582 ) ;
#7323 = EDGE_CURVE ( 'NONE', #832, #5786, #6482, .T. ) ;
#7324 = CARTESIAN_POINT ( 'NONE',  ( 0.1921383447885286477, -0.01932396423582069186, -0.1462630335223211453 ) ) ;
#7325 = DIMENSIONAL_EXPONENTS ( 1.000000000000000000, 0.0000000000000000000, 0.0000000000000000000, 0.0000000000000000000, 0.0000000000000000000, 0.0000000000000000000, 0.0000000000000000000 ) ;
#7326 = VERTEX_POINT ( 'NONE', #7099 ) ;
#7327 = LINE ( 'NONE', #1633, #1651 ) ;
#7328 = COLOUR_RGB ( '',1.000000000000000000, 1.000000000000000000, 1.000000000000000000 ) ;
#7329 = VECTOR ( 'NONE', #5846, 39.37007874015748143 ) ;
#7330 = EDGE_CURVE ( 'NONE', #3798, #4755, #5140, .T. ) ;
#7331 = VERTEX_POINT ( 'NONE', #6440 ) ;
#7332 = PRESENTATION_LAYER_ASSIGNMENT (  '', '', ( #2710 ) ) ;
#7333 = DIRECTION ( 'NONE',  ( -0.09052430460834029469, -0.8612812260087804317, 0.4999999999999886202 ) ) ;
#7334 = VERTEX_POINT ( 'NONE', #5058 ) ;
#7335 = EDGE_CURVE ( 'NONE', #3719, #3385, #4563, .T. ) ;
#7336 = CARTESIAN_POINT ( 'NONE',  ( 0.5483132623142805695, -0.03078006768520881453, -0.05757874040597037862 ) ) ;
#7337 = SURFACE_STYLE_FILL_AREA ( #1059 ) ;
#7338 = CARTESIAN_POINT ( 'NONE',  ( 0.4754786166447402262, 0.03516481420455506990, -0.1272637797766489332 ) ) ;
#7339 = SURFACE_STYLE_FILL_AREA ( #2277 ) ;
#7340 = COLOUR_RGB ( '',0.7607843137254901578, 0.7607843137254901578, 0.0000000000000000000 ) ;
#7341 = EDGE_CURVE ( 'NONE', #3443, #3464, #692, .T. ) ;
#7342 = ORIENTED_EDGE ( 'NONE', *, *, #5909, .T. ) ;
#7343 = DIRECTION ( 'NONE',  ( -1.000000000000000000, 1.644517855226007801E-15, 4.436729704083846065E-13 ) ) ;
#7344 = STYLED_ITEM ( 'NONE', ( #1184 ), #5254 ) ;
#7345 = ORIENTED_EDGE ( 'NONE', *, *, #2865, .F. ) ;
#7346 = DIRECTION ( 'NONE',  ( -5.786831738223216454E-12, 7.069590057996951283E-14, -1.000000000000000000 ) ) ;
#7347 = LINE ( 'NONE', #4201, #7302 ) ;
#7348 = CARTESIAN_POINT ( 'NONE',  ( 0.5171906553894755065, -0.02376973408140405433, -0.04773620808020646866 ) ) ;
#7349 = LINE ( 'NONE', #994, #2584 ) ;
#7350 = PRESENTATION_STYLE_ASSIGNMENT (( #8078 ) ) ;
#7351 = PLANE ( 'NONE',  #2125 ) ;
#7352 = VECTOR ( 'NONE', #5511, 39.37007874015748143 ) ;
#7353 = CARTESIAN_POINT ( 'NONE',  ( 0.4554196763414986582, 0.03516481420455512541, -0.03730122072223737706 ) ) ;
#7354 = EDGE_LOOP ( 'NONE', ( #6836, #5798, #3701, #6627, #924, #4329 ) ) ;
#7355 = LINE ( 'NONE', #4046, #4195 ) ;
#7356 = FILL_AREA_STYLE_COLOUR ( '', #1753 ) ;
#7357 = SURFACE_SIDE_STYLE ('',( #7843 ) ) ;
#7358 = VECTOR ( 'NONE', #1652, 39.37007874015748143 ) ;
#7359 = FILL_AREA_STYLE ('',( #3586 ) ) ;
#7360 = DIRECTION ( 'NONE',  ( -1.644517855226007801E-15, -1.000000000000000000, -6.123233995736764803E-17 ) ) ;
#7361 = ORIENTED_EDGE ( 'NONE', *, *, #4127, .F. ) ;
#7362 = CARTESIAN_POINT ( 'NONE',  ( 0.2443412753441366048, 0.03516481420455546542, -0.08338492120180475420 ) ) ;
#7363 =( CONVERSION_BASED_UNIT ( 'INCH', #2259 ) LENGTH_UNIT ( ) NAMED_UNIT ( #4151 ) );
#7364 =( CONVERSION_BASED_UNIT ( 'INCH', #2980 ) LENGTH_UNIT ( ) NAMED_UNIT ( #5144 ) );
#7365 = ORIENTED_EDGE ( 'NONE', *, *, #1852, .F. ) ;
#7366 = LINE ( 'NONE', #4219, #3360 ) ;
#7367 = DIRECTION ( 'NONE',  ( 2.698884520361153650E-13, -4.467119842926643659E-28, 1.000000000000000000 ) ) ;
#7368 = VECTOR ( 'NONE', #5830, 39.37007874015748143 ) ;
#7369 = AXIS2_PLACEMENT_3D ( 'NONE', #2235, #2863, #5390 ) ;
#7370 = ORIENTED_EDGE ( 'NONE', *, *, #1234, .F. ) ;
#7371 = DIRECTION ( 'NONE',  ( 8.235599702199888450E-12, 0.0000000000000000000, -1.000000000000000000 ) ) ;
#7372 = CARTESIAN_POINT ( 'NONE',  ( 0.4536010832257904024, 0.03516481420455510459, -0.1370142308545209409 ) ) ;
#7373 = ORIENTED_EDGE ( 'NONE', *, *, #3690, .F. ) ;
#7374 = PLANE ( 'NONE',  #2090 ) ;
#7375 = DIRECTION ( 'NONE',  ( -0.9578261420740937782, -0.2873483627227724213, 1.479133750702765530E-08 ) ) ;
#7376 = FACE_OUTER_BOUND ( 'NONE', #1542, .T. ) ;
#7377 = LINE ( 'NONE', #2325, #5634 ) ;
#7378 = CARTESIAN_POINT ( 'NONE',  ( 0.5483132623143616158, -0.02585880784268912436, -0.06742126009100976591 ) ) ;
#7379 = EDGE_CURVE ( 'NONE', #2469, #1105, #2081, .T. ) ;
#7380 = ADVANCED_FACE ( 'NONE', ( #1953 ), #4483, .T. ) ;
#7381 = UNCERTAINTY_MEASURE_WITH_UNIT (LENGTH_MEASURE( 1.000000000000000082E-05 ), #3614, 'distance_accuracy_value', 'NONE');
#7382 = EDGE_CURVE ( 'NONE', #2074, #2967, #7663, .T. ) ;
#7383 = ORIENTED_EDGE ( 'NONE', *, *, #1398, .T. ) ;
#7384 = DIRECTION ( 'NONE',  ( 1.644517855226008195E-15, 1.000000000000000000, 2.890435660536364269E-30 ) ) ;
#7385 = VECTOR ( 'NONE', #1837, 39.37007874015748143 ) ;
#7386 = VERTEX_POINT ( 'NONE', #6638 ) ;
#7387 = CARTESIAN_POINT ( 'NONE',  ( 0.4625214697563416189, 0.04500733388959445719, -0.1833849212005445872 ) ) ;
#7388 = DIRECTION ( 'NONE',  ( -1.748601263784622143E-15, 0.0000000000000000000, 1.000000000000000000 ) ) ;
#7389 = PLANE ( 'NONE',  #6996 ) ;
#7390 = CARTESIAN_POINT ( 'NONE',  ( 0.3496518449916168891, 0.1021333181416025498, -0.07915354355589923618 ) ) ;
#7391 = EDGE_CURVE ( 'NONE', #7669, #1457, #7256, .T. ) ;
#7392 = CARTESIAN_POINT ( 'NONE',  ( 0.1933643507908070769, -0.007659296307098001876, -0.1878937010368048610 ) ) ;
#7393 = PRESENTATION_STYLE_ASSIGNMENT (( #333 ) ) ;
#7394 = VECTOR ( 'NONE', #7603, 39.37007874015748143 ) ;
#7395 = CARTESIAN_POINT ( 'NONE',  ( 0.1896720897116644378, -0.02376973408140352351, -0.06742127273290378364 ) ) ;
#7396 = ORIENTED_EDGE ( 'NONE', *, *, #7429, .F. ) ;
#7397 = DIRECTION ( 'NONE',  ( 0.4273849607944149032, -7.028421990814850682E-16, 0.9040697402782356118 ) ) ;
#7398 =( NAMED_UNIT ( * ) SI_UNIT ( $, .STERADIAN. ) SOLID_ANGLE_UNIT ( ) );
#7399 = CARTESIAN_POINT ( 'NONE',  ( 0.4754786166455541863, 0.03516481420522436785, -0.1272637797769618495 ) ) ;
#7400 = CARTESIAN_POINT ( 'NONE',  ( 0.2514430687601999503, 0.03516481420455543766, -0.1778562600915291614 ) ) ;
#7401 = DIRECTION ( 'NONE',  ( -1.644517855226008195E-15, -1.000000000000000000, -6.123233995736766036E-17 ) ) ;
#7402 = ORIENTED_EDGE ( 'NONE', *, *, #5762, .F. ) ;
#7403 = LINE ( 'NONE', #7487, #7922 ) ;
#7404 = PLANE ( 'NONE',  #2019 ) ;
#7405 = DIRECTION ( 'NONE',  ( -0.9578264271459974166, 0.2873474124831009169, -1.674856500993800463E-15 ) ) ;
#7406 = DIRECTION ( 'NONE',  ( 0.0000000000000000000, 1.000000000000000000, 0.0000000000000000000 ) ) ;
#7407 = ORIENTED_EDGE ( 'NONE', *, *, #668, .T. ) ;
#7408 = VERTEX_POINT ( 'NONE', #4102 ) ;
#7409 = DIRECTION ( 'NONE',  ( 8.234490263801784106E-12, -1.353889066150678860E-26, -1.000000000000000000 ) ) ;
#7410 = VECTOR ( 'NONE', #6894, 39.37007874015748143 ) ;
#7411 = CARTESIAN_POINT ( 'NONE',  ( 5.713691410780810879E-16, 0.1020939480628628993, -0.1000000000000000056 ) ) ;
#7412 = FILL_AREA_STYLE_COLOUR ( '', #1 ) ;
#7413 = ORIENTED_EDGE ( 'NONE', *, *, #7232, .F. ) ;
#7414 = LENGTH_MEASURE_WITH_UNIT ( LENGTH_MEASURE( 0.02539999999999999897 ), #3065 );
#7415 = DIMENSIONAL_EXPONENTS ( 1.000000000000000000, 0.0000000000000000000, 0.0000000000000000000, 0.0000000000000000000, 0.0000000000000000000, 0.0000000000000000000, 0.0000000000000000000 ) ;
#7416 = ORIENTED_EDGE ( 'NONE', *, *, #4253, .T. ) ;
#7417 = FILL_AREA_STYLE ('',( #6798 ) ) ;
#7418 = DIRECTION ( 'NONE',  ( 0.9945218953682690710, 0.1045284632676950765, 8.189380864547705479E-12 ) ) ;
#7419 = DIRECTION ( 'NONE',  ( -1.748601263784622143E-15, 0.0000000000000000000, 1.000000000000000000 ) ) ;
#7420 = AXIS2_PLACEMENT_3D ( 'NONE', #2067, #2190, #5334 ) ;
#7421 = ADVANCED_FACE ( 'NONE', ( #5974 ), #6045, .F. ) ;
#7422 = ADVANCED_FACE ( 'NONE', ( #320 ), #3446, .T. ) ;
#7423 = ORIENTED_EDGE ( 'NONE', *, *, #7670, .F. ) ;
#7424 = FACE_OUTER_BOUND ( 'NONE', #3768, .T. ) ;
#7425 = ORIENTED_EDGE ( 'NONE', *, *, #6629, .T. ) ;
#7426 = CARTESIAN_POINT ( 'NONE',  ( 0.2490536793147662964, -0.004205264535602010016, -0.005563233721056699485 ) ) ;
#7427 =( NAMED_UNIT ( * ) PLANE_ANGLE_UNIT ( ) SI_UNIT ( $, .RADIAN. ) );
#7428 = PLANE ( 'NONE',  #1826 ) ;
#7429 = EDGE_CURVE ( 'NONE', #5842, #2679, #7168, .T. ) ;
#7430 = SURFACE_STYLE_FILL_AREA ( #2912 ) ;
#7431 = FACE_OUTER_BOUND ( 'NONE', #5539, .T. ) ;
#7432 = AXIS2_PLACEMENT_3D ( 'NONE', #6457, #1385, #3919 ) ;
#7433 = DIRECTION ( 'NONE',  ( 0.1045284632676983655, 0.9945218953682685159, 1.827786029713617844E-16 ) ) ;
#7434 = CARTESIAN_POINT ( 'NONE',  ( 0.4554196763413809745, 0.04500733388959447800, -0.1373012207222373826 ) ) ;
#7435 = VECTOR ( 'NONE', #1161, 39.37007874015748143 ) ;
#7436 = EDGE_CURVE ( 'NONE', #3541, #4820, #358, .T. ) ;
#7437 = ORIENTED_EDGE ( 'NONE', *, *, #1403, .F. ) ;
#7438 =( LENGTH_UNIT ( ) NAMED_UNIT ( * ) SI_UNIT ( $, .METRE. ) );
#7439 = DIRECTION ( 'NONE',  ( -1.000000000000000000, 1.644517855226007801E-15, -1.748601263784621748E-15 ) ) ;
#7440 = FACE_OUTER_BOUND ( 'NONE', #4124, .T. ) ;
#7441 = DIRECTION ( 'NONE',  ( 1.644517855226008195E-15, 1.000000000000000000, 2.890435660536364269E-30 ) ) ;
#7442 = ADVANCED_FACE ( 'NONE', ( #1562 ), #2903, .T. ) ;
#7443 = CARTESIAN_POINT ( 'NONE',  ( 0.5054375802373491933, -0.02312085409984029893, -0.1477362207212866985 ) ) ;
#7444 = ORIENTED_EDGE ( 'NONE', *, *, #5467, .F. ) ;
#7445 = CARTESIAN_POINT ( 'NONE',  ( 0.1921118837471633145, -0.01957572422721992611, -0.1686751326008043006 ) ) ;
#7446 = VECTOR ( 'NONE', #4055, 39.37007874015748143 ) ;
#7447 = AXIS2_PLACEMENT_3D ( 'NONE', #2722, #5692, #5244 ) ;
#7448 = CARTESIAN_POINT ( 'NONE',  ( 0.4561674782085069491, 0.04500733388959446413, -0.1373012207222373826 ) ) ;
#7449 = VECTOR ( 'NONE', #349, 39.37007874015748143 ) ;
#7450 = DIRECTION ( 'NONE',  ( -1.000000000000000000, 1.644517855226007998E-15, 1.748601263784621946E-15 ) ) ;
#7451 = FACE_OUTER_BOUND ( 'NONE', #5583, .T. ) ;
#7452 = ORIENTED_EDGE ( 'NONE', *, *, #4138, .F. ) ;
#7453 = DIRECTION ( 'NONE',  ( -1.000000000000000000, 1.734723475977064460E-15, 1.951563910474197493E-15 ) ) ;
#7454 = LINE ( 'NONE', #3596, #6523 ) ;
#7455 = DIRECTION ( 'NONE',  ( 1.644517855226008195E-15, 1.000000000000000000, 2.890435660536364269E-30 ) ) ;
#7456 = CIRCLE ( 'NONE', #3874, 0.007874015748031482076 ) ;
#7457 = VECTOR ( 'NONE', #4778, 39.37007874015748143 ) ;
#7458 = MECHANICAL_DESIGN_GEOMETRIC_PRESENTATION_REPRESENTATION (  '', ( #1885 ), #1087 ) ;
#7459 = EDGE_LOOP ( 'NONE', ( #4062, #5272, #7701, #5340 ) ) ;
#7460 = LENGTH_MEASURE_WITH_UNIT ( LENGTH_MEASURE( 0.02539999999999999897 ), #3602 );
#7461 = ORIENTED_EDGE ( 'NONE', *, *, #481, .F. ) ;
#7462 = VECTOR ( 'NONE', #49, 39.37007874015748143 ) ;
#7463 = CARTESIAN_POINT ( 'NONE',  ( 0.2003137495791373623, -0.03570132752772794266, -0.08789370103680482771 ) ) ;
#7464 =( CONVERSION_BASED_UNIT ( 'INCH', #6874 ) LENGTH_UNIT ( ) NAMED_UNIT ( #6087 ) );
#7465 = UNCERTAINTY_MEASURE_WITH_UNIT (LENGTH_MEASURE( 1.000000000000000082E-05 ), #605, 'distance_accuracy_value', 'NONE');
#7466 = VECTOR ( 'NONE', #2817, 39.37007874015748143 ) ;
#7467 = COLOUR_RGB ( '',0.7607843137254901578, 0.7607843137254901578, 0.0000000000000000000 ) ;
#7468 = EDGE_LOOP ( 'NONE', ( #1316, #1111, #6577, #7721 ) ) ;
#7469 = CARTESIAN_POINT ( 'NONE',  ( 0.4736274509820498357, 0.1217789874329369693, -0.2272637797765947876 ) ) ;
#7470 = ORIENTED_EDGE ( 'NONE', *, *, #683, .T. ) ;
#7471 = PLANE ( 'NONE',  #7063 ) ;
#7472 = PLANE ( 'NONE',  #1606 ) ;
#7473 = CARTESIAN_POINT ( 'NONE',  ( 0.4754786166451601126, 0.1020939480628582363, -0.2272637797765947876 ) ) ;
#7474 = CIRCLE ( 'NONE', #837, 0.007874015748031499423 ) ;
#7475 = FACE_OUTER_BOUND ( 'NONE', #3995, .T. ) ;
#7476 = VECTOR ( 'NONE', #7611, 39.37007874015748143 ) ;
#7477 = CARTESIAN_POINT ( 'NONE',  ( 0.2506952668935065742, 0.03516481420455545848, -0.07785626009152914195 ) ) ;
#7478 = VECTOR ( 'NONE', #7631, 39.37007874015748143 ) ;
#7479 = LINE ( 'NONE', #5610, #6906 ) ;
#7480 = VERTEX_POINT ( 'NONE', #8026 ) ;
#7481 =( NAMED_UNIT ( * ) PLANE_ANGLE_UNIT ( ) SI_UNIT ( $, .RADIAN. ) );
#7482 = DIRECTION ( 'NONE',  ( -0.1045284632676950626, 0.9945218953682689600, -8.607386130680116915E-13 ) ) ;
#7483 = DIRECTION ( 'NONE',  ( 1.748601263784621946E-15, -2.465190328815662439E-32, -1.000000000000000000 ) ) ;
#7484 = CARTESIAN_POINT ( 'NONE',  ( 0.3496518449916174442, 0.1198104834959332204, -0.1360039372566866356 ) ) ;
#7485 = LINE ( 'NONE', #8005, #6147 ) ;
#7486 = ORIENTED_EDGE ( 'NONE', *, *, #3293, .T. ) ;
#7487 = CARTESIAN_POINT ( 'NONE',  ( 0.2148518768365315912, 0.04500733388959486658, -0.1878937010368047777 ) ) ;
#7488 = AXIS2_PLACEMENT_3D ( 'NONE', #4719, #8027, #6681 ) ;
#7489 = ADVANCED_FACE ( 'NONE', ( #6137 ), #4190, .T. ) ;
#7490 = EDGE_CURVE ( 'NONE', #3481, #5044, #2029, .T. ) ;
#7491 = PRESENTATION_LAYER_ASSIGNMENT (  '', '', ( #988 ) ) ;
#7492 = CARTESIAN_POINT ( 'NONE',  ( 0.2746912150703575972, 0.1217789874329372746, -0.1831692915873953942 ) ) ;
#7493 = ORIENTED_EDGE ( 'NONE', *, *, #6434, .T. ) ;
#7494 = CARTESIAN_POINT ( 'NONE',  ( 0.5225010356770470876, -0.01798479209465760759, -0.1674212600912223792 ) ) ;
#7495 = LINE ( 'NONE', #5035, #942 ) ;
#7496 = ORIENTED_EDGE ( 'NONE', *, *, #2433, .T. ) ;
#7497 = DIRECTION ( 'NONE',  ( -0.4273849608878791395, 7.028421992351837687E-16, 0.9040697402340519551 ) ) ;
#7498 = EDGE_CURVE ( 'NONE', #3927, #7992, #7987, .T. ) ;
#7499 = CIRCLE ( 'NONE', #3917, 0.007874015748031495954 ) ;
#7500 = FILL_AREA_STYLE_COLOUR ( '', #5304 ) ;
#7501 = ORIENTED_EDGE ( 'NONE', *, *, #578, .F. ) ;
#7502 = CIRCLE ( 'NONE', #7626, 0.01771653543307088671 ) ;
#7503 = FACE_OUTER_BOUND ( 'NONE', #3512, .T. ) ;
#7504 = DIRECTION ( 'NONE',  ( -8.234490263801784106E-12, 1.353889066150678573E-26, 1.000000000000000000 ) ) ;
#7505 = AXIS2_PLACEMENT_3D ( 'NONE', #7749, #53, #7639 ) ;
#7506 = ORIENTED_EDGE ( 'NONE', *, *, #4127, .T. ) ;
#7507 = ORIENTED_EDGE ( 'NONE', *, *, #5617, .T. ) ;
#7508 = PLANE ( 'NONE',  #5117 ) ;
#7509 = ORIENTED_EDGE ( 'NONE', *, *, #5457, .T. ) ;
#7510 = DIRECTION ( 'NONE',  ( -1.644517855226007801E-15, -1.000000000000000000, -2.890435660536363919E-30 ) ) ;
#7511 = VECTOR ( 'NONE', #5178, 39.37007874015748143 ) ;
#7512 = CARTESIAN_POINT ( 'NONE',  ( 0.2148518768365317577, 0.02729079845652399722, -0.2669308663911354462 ) ) ;
#7513 = LINE ( 'NONE', #531, #6541 ) ;
#7514 = DIRECTION ( 'NONE',  ( 1.000000000000000000, -1.644517855226007801E-15, 1.748601263784622143E-15 ) ) ;
#7515 = VECTOR ( 'NONE', #7540, 39.37007874015748143 ) ;
#7516 = SURFACE_STYLE_FILL_AREA ( #3661 ) ;
#7517 = ORIENTED_EDGE ( 'NONE', *, *, #3726, .T. ) ;
#7518 = DIRECTION ( 'NONE',  ( 1.644517855226008195E-15, 1.000000000000000000, 2.890435660536364269E-30 ) ) ;
#7519 = CYLINDRICAL_SURFACE ( 'NONE', #3290, 0.007874015748031478606 ) ;
#7520 = DIRECTION ( 'NONE',  ( -1.729787034332033796E-15, -0.9987523388778386524, 0.04993761694401192830 ) ) ;
#7521 = VERTEX_POINT ( 'NONE', #4844 ) ;
#7522 = CARTESIAN_POINT ( 'NONE',  ( 0.3140612938105262764, 0.1021333181416026054, -0.08218503961889105092 ) ) ;
#7523 = PRESENTATION_LAYER_ASSIGNMENT (  '', '', ( #4481 ) ) ;
#7524 = EDGE_LOOP ( 'NONE', ( #517, #7644, #901, #645 ) ) ;
#7525 = ADVANCED_FACE ( 'NONE', ( #7376 ), #444, .T. ) ;
#7526 = DIRECTION ( 'NONE',  ( -1.090273704650698649E-09, 0.0000000000000000000, 1.000000000000000000 ) ) ;
#7527 = EDGE_CURVE ( 'NONE', #1713, #1653, #2615, .T. ) ;
#7528 = ORIENTED_EDGE ( 'NONE', *, *, #433, .T. ) ;
#7529 = FILL_AREA_STYLE_COLOUR ( '', #3095 ) ;
#7530 = DIRECTION ( 'NONE',  ( -1.644517855226007801E-15, -1.000000000000000000, 6.888556729901404633E-28 ) ) ;
#7531 = EDGE_LOOP ( 'NONE', ( #2595, #243, #3110, #1773 ) ) ;
#7532 = EDGE_CURVE ( 'NONE', #1931, #2719, #1007, .T. ) ;
#7533 = DIRECTION ( 'NONE',  ( 1.644517855226007801E-15, 1.000000000000000000, 2.875605999964572744E-30 ) ) ;
#7534 = VECTOR ( 'NONE', #2902, 39.37007874015748143 ) ;
#7535 = CARTESIAN_POINT ( 'NONE',  ( 0.3142156862761679159, 0.1020939480628585000, 0.01210629896398272669 ) ) ;
#7536 = CARTESIAN_POINT ( 'NONE',  ( 0.4536010832257900693, 0.03516481420455512541, -0.07814324995940274965 ) ) ;
#7537 = EDGE_CURVE ( 'NONE', #3319, #4522, #1629, .T. ) ;
#7538 = LINE ( 'NONE', #603, #3854 ) ;
#7539 = ORIENTED_EDGE ( 'NONE', *, *, #7241, .F. ) ;
#7540 = DIRECTION ( 'NONE',  ( -1.748601263784622143E-15, 0.0000000000000000000, 1.000000000000000000 ) ) ;
#7541 = EDGE_CURVE ( 'NONE', #6037, #4522, #6662, .T. ) ;
#7542 = FACE_OUTER_BOUND ( 'NONE', #2476, .T. ) ;
#7543 = LINE ( 'NONE', #1820, #5957 ) ;
#7544 = UNCERTAINTY_MEASURE_WITH_UNIT (LENGTH_MEASURE( 1.000000000000000082E-05 ), #3227, 'distance_accuracy_value', 'NONE');
#7545 = ORIENTED_EDGE ( 'NONE', *, *, #6105, .T. ) ;
#7546 = ORIENTED_EDGE ( 'NONE', *, *, #4685, .T. ) ;
#7547 = PLANE ( 'NONE',  #5393 ) ;
#7548 = ORIENTED_EDGE ( 'NONE', *, *, #4027, .F. ) ;
#7549 = FILL_AREA_STYLE_COLOUR ( '', #7328 ) ;
#7550 = FACE_BOUND ( 'NONE', #1114, .T. ) ;
#7551 = LINE ( 'NONE', #1278, #2826 ) ;
#7552 = CARTESIAN_POINT ( 'NONE',  ( 0.1585494827869405599, -0.02585880784268849639, -0.06742126009192302150 ) ) ;
#7553 = EDGE_LOOP ( 'NONE', ( #4434, #5136, #6528, #6977 ) ) ;
#7554 = CARTESIAN_POINT ( 'NONE',  ( 0.2313841284561837519, 0.1020939480628586249, -0.2272637797765943435 ) ) ;
#7555 = MECHANICAL_DESIGN_GEOMETRIC_PRESENTATION_REPRESENTATION (  '', ( #3195 ), #4770 ) ;
#7556 = CARTESIAN_POINT ( 'NONE',  ( 0.3928014512908298839, 0.1060309559368544097, -0.1327755907997966167 ) ) ;
#7557 = DIRECTION ( 'NONE',  ( 1.644517855226007801E-15, 1.000000000000000000, 2.875605999964572744E-30 ) ) ;
#7558 = CARTESIAN_POINT ( 'NONE',  ( 0.4615064727377196085, 0.03516481420455509072, -0.1812378449691272597 ) ) ;
#7559 = LENGTH_MEASURE_WITH_UNIT ( LENGTH_MEASURE( 0.02539999999999999897 ), #587 );
#7560 = ORIENTED_EDGE ( 'NONE', *, *, #683, .F. ) ;
#7561 = LINE ( 'NONE', #4987, #4096 ) ;
#7562 = SURFACE_SIDE_STYLE ('',( #3754 ) ) ;
#7563 = VERTEX_POINT ( 'NONE', #967 ) ;
#7564 = FACE_OUTER_BOUND ( 'NONE', #1863, .T. ) ;
#7565 = VERTEX_POINT ( 'NONE', #5418 ) ;
#7566 = DIRECTION ( 'NONE',  ( -1.000000000000000000, 1.644517855226007801E-15, -8.234490263801784106E-12 ) ) ;
#7567 = FACE_OUTER_BOUND ( 'NONE', #5678, .T. ) ;
#7568 = ORIENTED_EDGE ( 'NONE', *, *, #2518, .T. ) ;
#7569 = MECHANICAL_DESIGN_GEOMETRIC_PRESENTATION_REPRESENTATION (  '', ( #7819 ), #545 ) ;
#7570 = SURFACE_STYLE_FILL_AREA ( #6865 ) ;
#7571 = ADVANCED_FACE ( 'NONE', ( #264 ), #2802, .F. ) ;
#7572 = AXIS2_PLACEMENT_3D ( 'NONE', #4697, #6614, #7876 ) ;
#7573 = ADVANCED_FACE ( 'NONE', ( #3470 ), #8053, .F. ) ;
#7574 = VECTOR ( 'NONE', #3220, 39.37007874015748143 ) ;
#7575 = EDGE_CURVE ( 'NONE', #7709, #7155, #1760, .T. ) ;
#7576 = DIRECTION ( 'NONE',  ( 1.000000000000000000, -1.261858067872522700E-11, -3.775193864338215445E-12 ) ) ;
#7577 = CARTESIAN_POINT ( 'NONE',  ( 0.2148518768365311193, 0.04500733388959488740, -0.02726377977696224642 ) ) ;
#7578 = ORIENTED_EDGE ( 'NONE', *, *, #4344, .F. ) ;
#7579 = PRODUCT_DEFINITION_FORMATION_WITH_SPECIFIED_SOURCE ( 'ANY', '', #6624, .NOT_KNOWN. ) ;
#7580 = DIMENSIONAL_EXPONENTS ( 1.000000000000000000, 0.0000000000000000000, 0.0000000000000000000, 0.0000000000000000000, 0.0000000000000000000, 0.0000000000000000000, 0.0000000000000000000 ) ;
#7581 = FACE_OUTER_BOUND ( 'NONE', #1333, .T. ) ;
#7582 = VECTOR ( 'NONE', #1573, 39.37007874015748143 ) ;
#7583 = EDGE_CURVE ( 'NONE', #660, #1273, #675, .T. ) ;
#7584 = ADVANCED_FACE ( 'NONE', ( #6784 ), #5029, .T. ) ;
#7585 = ADVANCED_FACE ( 'NONE', ( #4371 ), #6896, .T. ) ;
#7586 = ORIENTED_EDGE ( 'NONE', *, *, #2329, .F. ) ;
#7587 = COLOUR_RGB ( '',0.7607843137254901578, 0.7607843137254901578, 0.0000000000000000000 ) ;
#7588 = EDGE_LOOP ( 'NONE', ( #3099, #1620, #5075, #7137 ) ) ;
#7589 = DIRECTION ( 'NONE',  ( -8.234490263801784106E-12, -1.263142004424646236E-14, 1.000000000000000000 ) ) ;
#7590 = ORIENTED_EDGE ( 'NONE', *, *, #1795, .T. ) ;
#7591 = CARTESIAN_POINT ( 'NONE',  ( 0.5483132623143620599, -0.03570132752772851858, -0.1674212600910097992 ) ) ;
#7592 = SURFACE_SIDE_STYLE ('',( #2506 ) ) ;
#7593 = CARTESIAN_POINT ( 'NONE',  ( 0.2148518768365310916, 0.03516481420455551399, -0.02726377977696224642 ) ) ;
#7594 = LENGTH_MEASURE_WITH_UNIT ( LENGTH_MEASURE( 0.02539999999999999897 ), #3163 );
#7595 =( GEOMETRIC_REPRESENTATION_CONTEXT ( 3 ) GLOBAL_UNCERTAINTY_ASSIGNED_CONTEXT ( ( #2084 ) ) GLOBAL_UNIT_ASSIGNED_CONTEXT ( ( #1180, #440, #1056 ) ) REPRESENTATION_CONTEXT ( 'NONE', 'WORKASPACE' ) );
#7596 = SURFACE_STYLE_FILL_AREA ( #2664 ) ;
#7597 = ORIENTED_EDGE ( 'NONE', *, *, #3976, .F. ) ;
#7598 = SURFACE_STYLE_FILL_AREA ( #7710 ) ;
#7599 = AXIS2_PLACEMENT_3D ( 'NONE', #3667, #3014, #6157 ) ;
#7600 = VECTOR ( 'NONE', #1326, 39.37007874015748143 ) ;
#7601 = DIRECTION ( 'NONE',  ( -0.9945218953682690710, -0.1045284632676950765, -8.189380864547705479E-12 ) ) ;
#7602 = CARTESIAN_POINT ( 'NONE',  ( 0.3140612938105263319, 0.1020939480628624274, -0.03297244119349746622 ) ) ;
#7603 = DIRECTION ( 'NONE',  ( -0.1045284632676950626, 0.9945218953682689600, -8.607386130680116915E-13 ) ) ;
#7604 = CARTESIAN_POINT ( 'NONE',  ( 0.2148518768365315079, 0.03516481420455550011, -0.1272637797769622658 ) ) ;
#7605 = DIRECTION ( 'NONE',  ( 0.0000000000000000000, 1.000000000000000000, 0.0000000000000000000 ) ) ;
#7606 = ORIENTED_EDGE ( 'NONE', *, *, #7144, .F. ) ;
#7607 = LINE ( 'NONE', #5781, #513 ) ;
#7608 = AXIS2_PLACEMENT_3D ( 'NONE', #3456, #7753, #2048 ) ;
#7609 = CARTESIAN_POINT ( 'NONE',  ( 0.2506952668935070183, 0.04500733388959481107, -0.1778562600915291614 ) ) ;
#7610 = EDGE_LOOP ( 'NONE', ( #9, #3856, #856, #3899 ) ) ;
#7611 = DIRECTION ( 'NONE',  ( 1.000000000000000000, -1.644517855226007801E-15, 1.748601263784622143E-15 ) ) ;
#7612 = VERTEX_POINT ( 'NONE', #590 ) ;
#7613 = FILL_AREA_STYLE ('',( #2561 ) ) ;
#7614 = DIRECTION ( 'NONE',  ( -1.000000000000000000, 1.734723475977064460E-15, 1.951563910474197493E-15 ) ) ;
#7615 = ORIENTED_EDGE ( 'NONE', *, *, #6629, .F. ) ;
#7616 = CARTESIAN_POINT ( 'NONE',  ( -0.1216505027520426024, 0.04500733388959542863, -0.9878914526895611337 ) ) ;
#7617 =( GEOMETRIC_REPRESENTATION_CONTEXT ( 3 ) GLOBAL_UNCERTAINTY_ASSIGNED_CONTEXT ( ( #489 ) ) GLOBAL_UNIT_ASSIGNED_CONTEXT ( ( #1819, #1227, #6255 ) ) REPRESENTATION_CONTEXT ( 'NONE', 'WORKASPACE' ) );
#7618 = DIRECTION ( 'NONE',  ( 0.1045284632676983655, 0.9945218953682685159, 1.827786029713617844E-16 ) ) ;
#7619 = LENGTH_MEASURE_WITH_UNIT ( LENGTH_MEASURE( 0.02539999999999999897 ), #5003 );
#7620 = ORIENTED_EDGE ( 'NONE', *, *, #1903, .T. ) ;
#7621 = CARTESIAN_POINT ( 'NONE',  ( 0.1933643507908065773, -0.007659296307097984528, -0.02726377977696231580 ) ) ;
#7622 = FILL_AREA_STYLE ('',( #1146 ) ) ;
#7623 = AXIS2_PLACEMENT_3D ( 'NONE', #3459, #1423, #4115 ) ;
#7624 = LENGTH_MEASURE_WITH_UNIT ( LENGTH_MEASURE( 0.02539999999999999897 ), #6512 );
#7625 = EDGE_LOOP ( 'NONE', ( #8063, #5159, #618, #1173 ) ) ;
#7626 = AXIS2_PLACEMENT_3D ( 'NONE', #2843, #1543, #7796 ) ;
#7627 = EDGE_CURVE ( 'NONE', #3927, #2500, #6825, .T. ) ;
#7628 = ORIENTED_EDGE ( 'NONE', *, *, #2666, .T. ) ;
#7629 = DIRECTION ( 'NONE',  ( -8.234490263801784106E-12, 1.353889066150678860E-26, 1.000000000000000000 ) ) ;
#7630 = DIRECTION ( 'NONE',  ( -1.644517855226007801E-15, -1.000000000000000000, -2.875605999964572744E-30 ) ) ;
#7631 = DIRECTION ( 'NONE',  ( 1.748601263784622143E-15, 0.0000000000000000000, -1.000000000000000000 ) ) ;
#7632 = LINE ( 'NONE', #2744, #7329 ) ;
#7633 =( CONVERSION_BASED_UNIT ( 'INCH', #7594 ) LENGTH_UNIT ( ) NAMED_UNIT ( #7891 ) );
#7634 = UNCERTAINTY_MEASURE_WITH_UNIT (LENGTH_MEASURE( 1.000000000000000082E-05 ), #7364, 'distance_accuracy_value', 'NONE');
#7635 = ADVANCED_FACE ( 'NONE', ( #3020 ), #7404, .F. ) ;
#7636 = DIMENSIONAL_EXPONENTS ( 1.000000000000000000, 0.0000000000000000000, 0.0000000000000000000, 0.0000000000000000000, 0.0000000000000000000, 0.0000000000000000000, 0.0000000000000000000 ) ;
#7637 = CARTESIAN_POINT ( 'NONE',  ( 0.1843617094242558374, -0.03570132752772792184, -0.1477362207218441970 ) ) ;
#7638 = VERTEX_POINT ( 'NONE', #2352 ) ;
#7639 = DIRECTION ( 'NONE',  ( 8.234490263801784106E-12, -1.353889066150678573E-26, -1.000000000000000000 ) ) ;
#7640 = CIRCLE ( 'NONE', #3405, 0.005905511811019693684 ) ;
#7641 = EDGE_CURVE ( 'NONE', #4099, #2570, #7698, .T. ) ;
#7642 = CARTESIAN_POINT ( 'NONE',  ( 0.2313841284562201672, 0.04240669873959744540, -0.2272637797758057243 ) ) ;
#7643 = CARTESIAN_POINT ( 'NONE',  ( 0.2313841284562318801, 0.03516481420455548623, -0.02726377977696224642 ) ) ;
#7644 = ORIENTED_EDGE ( 'NONE', *, *, #2490, .F. ) ;
#7645 = DIRECTION ( 'NONE',  ( 1.644517855226008195E-15, 1.000000000000000000, 2.890435660536364269E-30 ) ) ;
#7646 = CARTESIAN_POINT ( 'NONE',  ( 0.2148518768365311749, 0.04500733388959488740, -0.08789370103680475832 ) ) ;
#7647 = VERTEX_POINT ( 'NONE', #1092 ) ;
#7648 = CARTESIAN_POINT ( 'NONE',  ( 0.2313841284562265788, 0.03516481424090340396, 0.006644643619571839570 ) ) ;
#7649 = DIRECTION ( 'NONE',  ( 8.234490263801784106E-12, -1.353889066150678860E-26, -1.000000000000000000 ) ) ;
#7650 = DIRECTION ( 'NONE',  ( -1.644517855226008195E-15, -1.000000000000000000, -2.890435660536364269E-30 ) ) ;
#7651 = ORIENTED_EDGE ( 'NONE', *, *, #6532, .F. ) ;
#7652 = ORIENTED_EDGE ( 'NONE', *, *, #7075, .T. ) ;
#7653 = COLOUR_RGB ( '',0.7607843137254901578, 0.7607843137254901578, 0.0000000000000000000 ) ;
#7654 = FACE_OUTER_BOUND ( 'NONE', #8082, .T. ) ;
#7655 = CARTESIAN_POINT ( 'NONE',  ( 0.4254818849634279809, 0.1217789874329370386, -0.08316929158739508332 ) ) ;
#7656 = ORIENTED_EDGE ( 'NONE', *, *, #4339, .F. ) ;
#7657 = LINE ( 'NONE', #3191, #4265 ) ;
#7658 = LINE ( 'NONE', #7694, #2856 ) ;
#7659 = CARTESIAN_POINT ( 'NONE',  ( 0.3496518449916173887, 0.1198104834959332482, -0.1791535435558992695 ) ) ;
#7660 = ORIENTED_EDGE ( 'NONE', *, *, #4591, .T. ) ;
#7661 = VERTEX_POINT ( 'NONE', #426 ) ;
#7662 = ORIENTED_EDGE ( 'NONE', *, *, #2316, .F. ) ;
#7663 = LINE ( 'NONE', #1366, #3028 ) ;
#7664 = CARTESIAN_POINT ( 'NONE',  ( 0.5065489955218340778, -0.03570132752772843532, -0.02726377977639299691 ) ) ;
#7665 = PLANE ( 'NONE',  #3224 ) ;
#7666 = EDGE_CURVE ( 'NONE', #4396, #7480, #4696, .T. ) ;
#7667 = AXIS2_PLACEMENT_3D ( 'NONE', #7792, #5364, #5195 ) ;
#7668 = ADVANCED_FACE ( 'NONE', ( #5503 ), #2441, .F. ) ;
#7669 = VERTEX_POINT ( 'NONE', #7609 ) ;
#7670 = EDGE_CURVE ( 'NONE', #5893, #735, #1250, .T. ) ;
#7671 = CARTESIAN_POINT ( 'NONE',  ( 0.2313841284562265788, 0.03516481424090340396, -0.2218021244321835839 ) ) ;
#7672 = CARTESIAN_POINT ( 'NONE',  ( 0.5163375968542002203, -0.03467250407036623350, -0.02726377977631247798 ) ) ;
#7673 = DIRECTION ( 'NONE',  ( 1.644517855226007801E-15, 1.000000000000000000, 2.875605999964572744E-30 ) ) ;
#7674 = CARTESIAN_POINT ( 'NONE',  ( 0.5134983943106644633, -0.007659296307098530966, -0.1878937010361783622 ) ) ;
#7675 = CARTESIAN_POINT ( 'NONE',  ( 0.4615064727374434961, 0.03516481420455510459, -0.03391963584585947628 ) ) ;
#7676 = VERTEX_POINT ( 'NONE', #1381 ) ;
#7677 = VECTOR ( 'NONE', #1008, 39.37007874015748143 ) ;
#7678 = CARTESIAN_POINT ( 'NONE',  ( 0.4998417493303337622, 0.02811385722240937468, -0.02726377977644824785 ) ) ;
#7679 = EDGE_CURVE ( 'NONE', #7714, #7992, #6389, .T. ) ;
#7680 = DIRECTION ( 'NONE',  ( -0.9945218953682686269, 0.1045284632676983516, -1.739022243102431967E-15 ) ) ;
#7681 = VECTOR ( 'NONE', #2261, 39.37007874015748143 ) ;
#7682 = VERTEX_POINT ( 'NONE', #3915 ) ;
#7683 = ADVANCED_FACE ( 'NONE', ( #2598 ), #2053, .F. ) ;
#7684 = FILL_AREA_STYLE_COLOUR ( '', #7467 ) ;
#7685 = LENGTH_MEASURE_WITH_UNIT ( LENGTH_MEASURE( 0.02539999999999999897 ), #5208 );
#7686 = ORIENTED_EDGE ( 'NONE', *, *, #6963, .F. ) ;
#7687 = DIRECTION ( 'NONE',  ( -1.537728278044881501E-09, 0.0000000000000000000, 1.000000000000000000 ) ) ;
#7688 = LINE ( 'NONE', #761, #7182 ) ;
#7689 = EDGE_LOOP ( 'NONE', ( #1432, #2656, #609, #7528, #7365, #230, #5287, #766 ) ) ;
#7690 =( GEOMETRIC_REPRESENTATION_CONTEXT ( 3 ) GLOBAL_UNCERTAINTY_ASSIGNED_CONTEXT ( ( #88 ) ) GLOBAL_UNIT_ASSIGNED_CONTEXT ( ( #4621, #5290, #6581 ) ) REPRESENTATION_CONTEXT ( 'NONE', 'WORKASPACE' ) );
#7691 =( GEOMETRIC_REPRESENTATION_CONTEXT ( 3 ) GLOBAL_UNCERTAINTY_ASSIGNED_CONTEXT ( ( #5976 ) ) GLOBAL_UNIT_ASSIGNED_CONTEXT ( ( #1123, #3208, #4454 ) ) REPRESENTATION_CONTEXT ( 'NONE', 'WORKASPACE' ) );
#7692 = VERTEX_POINT ( 'NONE', #6414 ) ;
#7693 = CARTESIAN_POINT ( 'NONE',  ( 0.3140612938105267204, 0.1020939480628584861, -0.1329724411934974648 ) ) ;
#7694 = CARTESIAN_POINT ( 'NONE',  ( 0.2924077505034283209, 0.1060309559368545762, -0.1327755907997967555 ) ) ;
#7695 = LINE ( 'NONE', #2027, #122 ) ;
#7696 = COLOUR_RGB ( '',0.7607843137254901578, 0.7607843137254901578, 0.0000000000000000000 ) ;
#7697 = VERTEX_POINT ( 'NONE', #3305 ) ;
#7698 = CIRCLE ( 'NONE', #6524, 0.005905511811027564992 ) ;
#7699 = ORIENTED_EDGE ( 'NONE', *, *, #5600, .T. ) ;
#7700 = CARTESIAN_POINT ( 'NONE',  ( 0.2148518768365311749, 0.03516481420455551399, -0.08789370103680475832 ) ) ;
#7701 = ORIENTED_EDGE ( 'NONE', *, *, #4448, .T. ) ;
#7702 = VECTOR ( 'NONE', #2972, 39.37007874015748143 ) ;
#7703 = SURFACE_STYLE_USAGE ( .BOTH. , #2743 ) ;
#7704 = PLANE ( 'NONE',  #2163 ) ;
#7705 = UNCERTAINTY_MEASURE_WITH_UNIT (LENGTH_MEASURE( 1.000000000000000082E-05 ), #7130, 'distance_accuracy_value', 'NONE');
#7706 = AXIS2_PLACEMENT_3D ( 'NONE', #2418, #646, #1828 ) ;
#7707 = AXIS2_PLACEMENT_3D ( 'NONE', #2673, #6494, #4814 ) ;
#7708 = CARTESIAN_POINT ( 'NONE',  ( 0.1897323222241437679, -0.02374298597397118266, -0.1674212600919229854 ) ) ;
#7709 = VERTEX_POINT ( 'NONE', #1930 ) ;
#7710 = FILL_AREA_STYLE ('',( #2089 ) ) ;
#7711 = DIRECTION ( 'NONE',  ( -1.650367342786774274E-12, 1.000000000000000000, -2.885819591645249798E-27 ) ) ;
#7712 =( CONVERSION_BASED_UNIT ( 'INCH', #1419 ) LENGTH_UNIT ( ) NAMED_UNIT ( #1380 ) );
#7713 = DIRECTION ( 'NONE',  ( 0.0000000000000000000, 1.000000000000000000, 0.0000000000000000000 ) ) ;
#7714 = VERTEX_POINT ( 'NONE', #3842 ) ;
#7715 =( GEOMETRIC_REPRESENTATION_CONTEXT ( 3 ) GLOBAL_UNCERTAINTY_ASSIGNED_CONTEXT ( ( #322 ) ) GLOBAL_UNIT_ASSIGNED_CONTEXT ( ( #3292, #779, #3247 ) ) REPRESENTATION_CONTEXT ( 'NONE', 'WORKASPACE' ) );
#7716 = DIMENSIONAL_EXPONENTS ( 1.000000000000000000, 0.0000000000000000000, 0.0000000000000000000, 0.0000000000000000000, 0.0000000000000000000, 0.0000000000000000000, 0.0000000000000000000 ) ;
#7717 = CARTESIAN_POINT ( 'NONE',  ( 0.4754786166452386609, 0.03516481427301545309, 0.006644639984626414184 ) ) ;
#7718 = COLOUR_RGB ( '',0.7607843137254901578, 0.7607843137254901578, 0.0000000000000000000 ) ;
#7719 = DIRECTION ( 'NONE',  ( -1.748601263784622143E-15, 0.0000000000000000000, 1.000000000000000000 ) ) ;
#7720 = AXIS2_PLACEMENT_3D ( 'NONE', #5752, #676, #6336 ) ;
#7721 = ORIENTED_EDGE ( 'NONE', *, *, #7725, .F. ) ;
#7722 =( CONVERSION_BASED_UNIT ( 'INCH', #5207 ) LENGTH_UNIT ( ) NAMED_UNIT ( #4567 ) );
#7723 = EDGE_LOOP ( 'NONE', ( #7461, #6142, #8032, #992 ) ) ;
#7724 = DIRECTION ( 'NONE',  ( 1.000000000000000000, -1.644517855226007801E-15, -2.328659752956362145E-10 ) ) ;
#7725 = EDGE_CURVE ( 'NONE', #5786, #3125, #1296, .T. ) ;
#7726 =( CONVERSION_BASED_UNIT ( 'INCH', #7121 ) LENGTH_UNIT ( ) NAMED_UNIT ( #7218 ) );
#7727 = ORIENTED_EDGE ( 'NONE', *, *, #4488, .T. ) ;
#7728 = EDGE_CURVE ( 'NONE', #4669, #4179, #5868, .T. ) ;
#7729 = VECTOR ( 'NONE', #2122, 39.37007874015748143 ) ;
#7730 = ADVANCED_FACE ( 'NONE', ( #3177 ), #5118, .F. ) ;
#7731 = CARTESIAN_POINT ( 'NONE',  ( 0.5161749314448843551, -0.02272122477122808654, -0.04768270493186111542 ) ) ;
#7732 = VECTOR ( 'NONE', #6396, 39.37007874015748854 ) ;
#7733 = PLANE ( 'NONE',  #1723 ) ;
#7734 = ORIENTED_EDGE ( 'NONE', *, *, #5349, .F. ) ;
#7735 = DIMENSIONAL_EXPONENTS ( 1.000000000000000000, 0.0000000000000000000, 0.0000000000000000000, 0.0000000000000000000, 0.0000000000000000000, 0.0000000000000000000, 0.0000000000000000000 ) ;
#7736 = FACE_OUTER_BOUND ( 'NONE', #304, .T. ) ;
#7737 = STYLED_ITEM ( 'NONE', ( #7294 ), #5249 ) ;
#7738 = ORIENTED_EDGE ( 'NONE', *, *, #2568, .F. ) ;
#7739 = CARTESIAN_POINT ( 'NONE',  ( 0.5483132623140313244, -0.02585880784268914170, -0.1272637797760491352 ) ) ;
#7740 = EDGE_LOOP ( 'NONE', ( #3350, #7886, #1120, #3845 ) ) ;
#7741 = CARTESIAN_POINT ( 'NONE',  ( 0.4554196763415381821, 0.03516481420455512541, -0.08376177190290670649 ) ) ;
#7742 = AXIS2_PLACEMENT_3D ( 'NONE', #2211, #6536, #2755 ) ;
#7743 = VERTEX_POINT ( 'NONE', #711 ) ;
#7744 = FACE_BOUND ( 'NONE', #6252, .T. ) ;
#7745 = PRESENTATION_STYLE_ASSIGNMENT (( #7703 ) ) ;
#7746 = DIRECTION ( 'NONE',  ( 1.000000000000000000, -1.644517855226007998E-15, 1.748601263784621946E-15 ) ) ;
#7747 = AXIS2_PLACEMENT_3D ( 'NONE', #4857, #3617, #6693 ) ;
#7748 = ORIENTED_EDGE ( 'NONE', *, *, #7436, .T. ) ;
#7749 = CARTESIAN_POINT ( 'NONE',  ( 0.4754786166449893603, 0.04008607404707478089, -0.05757874040657015580 ) ) ;
#7750 = LINE ( 'NONE', #3989, #7839 ) ;
#7751 = DIRECTION ( 'NONE',  ( 1.000000000000000000, -1.644517855226008195E-15, -1.387778780775897814E-15 ) ) ;
#7752 = AXIS2_PLACEMENT_3D ( 'NONE', #4210, #1665, #4777 ) ;
#7753 = DIRECTION ( 'NONE',  ( -1.644517855226007801E-15, -1.000000000000000000, -2.890435660536363568E-30 ) ) ;
#7754 = SURFACE_STYLE_FILL_AREA ( #831 ) ;
#7755 = ORIENTED_EDGE ( 'NONE', *, *, #6974, .F. ) ;
#7756 =( LENGTH_UNIT ( ) NAMED_UNIT ( * ) SI_UNIT ( $, .METRE. ) );
#7757 = SURFACE_STYLE_FILL_AREA ( #872 ) ;
#7758 = AXIS2_PLACEMENT_3D ( 'NONE', #7469, #4850, #7343 ) ;
#7759 = CARTESIAN_POINT ( 'NONE',  ( 0.2014422566030117934, -0.02496430041343659922, -0.1752952758399544120 ) ) ;
#7760 = VERTEX_POINT ( 'NONE', #663 ) ;
#7761 = DIRECTION ( 'NONE',  ( -8.234490263801784106E-12, 1.353889066150678860E-26, 1.000000000000000000 ) ) ;
#7762 = SURFACE_SIDE_STYLE ('',( #757 ) ) ;
#7763 = SURFACE_STYLE_USAGE ( .BOTH. , #2104 ) ;
#7764 = ORIENTED_EDGE ( 'NONE', *, *, #3889, .F. ) ;
#7765 = EDGE_CURVE ( 'NONE', #1796, #886, #185, .T. ) ;
#7766 = EDGE_CURVE ( 'NONE', #720, #1169, #5821, .T. ) ;
#7767 = EDGE_LOOP ( 'NONE', ( #4878, #7546, #4268, #6467, #5306, #7150, #3761, #7509, #3218, #6779 ) ) ;
#7768 = EDGE_CURVE ( 'NONE', #7612, #1763, #1336, .T. ) ;
#7769 = LENGTH_MEASURE_WITH_UNIT ( LENGTH_MEASURE( 0.02539999999999999897 ), #5382 );
#7770 = B_SPLINE_CURVE_WITH_KNOTS ( 'NONE', 3,
 ( #2855, #1595, #4875, #974, #4095, #3513, #7248, #2807, #2230, #2941, #3558, #5337, #1013 ),
 .UNSPECIFIED., .F., .F.,
 ( 4, 3, 3, 3, 4 ),
 ( -1.878211220322204252E-06, 0.0000000000000000000, 5.232092011448413000E-05, 0.0001048841986582708713, 0.0001536880156048159112 ),
 .UNSPECIFIED. ) ;
#7771 =( NAMED_UNIT ( * ) PLANE_ANGLE_UNIT ( ) SI_UNIT ( $, .RADIAN. ) );
#7772 = EDGE_CURVE ( 'NONE', #3439, #3730, #4578, .T. ) ;
#7773 = EDGE_LOOP ( 'NONE', ( #1951, #5826, #756, #1949 ) ) ;
#7774 = CARTESIAN_POINT ( 'NONE',  ( 0.4991006638888342284, 0.03516481420455504908, -0.02726377977645432632 ) ) ;
#7775 = VERTEX_POINT ( 'NONE', #4502 ) ;
#7776 = EDGE_CURVE ( 'NONE', #2469, #7946, #6247, .T. ) ;
#7777 = SURFACE_SIDE_STYLE ('',( #7291 ) ) ;
#7778 = ORIENTED_EDGE ( 'NONE', *, *, #231, .F. ) ;
#7779 = DIRECTION ( 'NONE',  ( -1.644517855226008195E-15, -1.000000000000000000, -2.890435660536364269E-30 ) ) ;
#7780 = DIRECTION ( 'NONE',  ( -1.644517855226007801E-15, -1.000000000000000000, 6.888556729901404633E-28 ) ) ;
#7781 =( LENGTH_UNIT ( ) NAMED_UNIT ( * ) SI_UNIT ( $, .METRE. ) );
#7782 = UNCERTAINTY_MEASURE_WITH_UNIT (LENGTH_MEASURE( 1.000000000000000082E-05 ), #7722, 'distance_accuracy_value', 'NONE');
#7783 = CARTESIAN_POINT ( 'NONE',  ( 0.5155227596967743020, -0.02169457574273202585, -0.1677085311257820455 ) ) ;
#7784 = ORIENTED_EDGE ( 'NONE', *, *, #3440, .T. ) ;
#7785 = CARTESIAN_POINT ( 'NONE',  ( 0.5061831144098568602, -0.02488414520015541989, -0.04773622072127796379 ) ) ;
#7786 = PLANE ( 'NONE',  #274 ) ;
#7787 = CARTESIAN_POINT ( 'NONE',  ( 0.2313841284562319633, 0.04500733388959485964, -0.08789370103680475832 ) ) ;
#7788 = LENGTH_MEASURE_WITH_UNIT ( LENGTH_MEASURE( 0.02539999999999999897 ), #6570 );
#7789 = LINE ( 'NONE', #3414, #5599 ) ;
#7790 = ORIENTED_EDGE ( 'NONE', *, *, #7765, .F. ) ;
#7791 = FACE_OUTER_BOUND ( 'NONE', #528, .T. ) ;
#7792 = CARTESIAN_POINT ( 'NONE',  ( 0.2372226159726014416, 0.03516481420455546542, -0.1351377955249936924 ) ) ;
#7793 = COLOUR_RGB ( '',0.7607843137254901578, 0.7607843137254901578, 0.0000000000000000000 ) ;
#7794 =( CONVERSION_BASED_UNIT ( 'INCH', #6065 ) LENGTH_UNIT ( ) NAMED_UNIT ( #6695 ) );
#7795 = EDGE_LOOP ( 'NONE', ( #3196, #999, #3073, #1846, #866, #5330, #2484, #1297 ) ) ;
#7796 = DIRECTION ( 'NONE',  ( -0.6691306063588805531, -0.7431448254773741491, -5.510638242019650472E-12 ) ) ;
#7797 = FILL_AREA_STYLE_COLOUR ( '', #2044 ) ;
#7798 = VECTOR ( 'NONE', #5386, 39.37007874015748854 ) ;
#7799 =( CONVERSION_BASED_UNIT ( 'INCH', #7685 ) LENGTH_UNIT ( ) NAMED_UNIT ( #7053 ) );
#7800 = ORIENTED_EDGE ( 'NONE', *, *, #4392, .T. ) ;
#7801 = VECTOR ( 'NONE', #5130, 39.37007874015748143 ) ;
#7802 = PLANE ( 'NONE',  #2202 ) ;
#7803 = ORIENTED_EDGE ( 'NONE', *, *, #1043, .T. ) ;
#7804 = CARTESIAN_POINT ( 'NONE',  ( 0.1933643507908066883, -0.007659296307097984528, -0.08789370103680482771 ) ) ;
#7805 = PRESENTATION_LAYER_ASSIGNMENT (  '', '', ( #1187 ) ) ;
#7806 = DIRECTION ( 'NONE',  ( -1.000000000000000000, 1.644517855226007801E-15, -1.778650910268784726E-12 ) ) ;
#7807 = EDGE_CURVE ( 'NONE', #3621, #1561, #3603, .T. ) ;
#7808 = EDGE_CURVE ( 'NONE', #7045, #6793, #7115, .T. ) ;
#7809 = EDGE_CURVE ( 'NONE', #2446, #3333, #2425, .T. ) ;
#7810 = ORIENTED_EDGE ( 'NONE', *, *, #3578, .T. ) ;
#7811 = PRESENTATION_STYLE_ASSIGNMENT (( #771 ) ) ;
#7812 = ORIENTED_EDGE ( 'NONE', *, *, #5451, .T. ) ;
#7813 = VERTEX_POINT ( 'NONE', #2098 ) ;
#7814 = CARTESIAN_POINT ( 'NONE',  ( 0.3496518449916169446, 0.1021333181416025221, -0.03600393725668660921 ) ) ;
#7815 = SURFACE_STYLE_USAGE ( .BOTH. , #2818 ) ;
#7816 = SURFACE_SIDE_STYLE ('',( #738 ) ) ;
#7817 = SURFACE_STYLE_FILL_AREA ( #2201 ) ;
#7818 = EDGE_CURVE ( 'NONE', #6760, #1931, #2636, .T. ) ;
#7819 = STYLED_ITEM ( 'NONE', ( #2650 ), #1799 ) ;
#7820 = EDGE_CURVE ( 'NONE', #3216, #43, #2009, .T. ) ;
#7821 = ADVANCED_FACE ( 'NONE', ( #5910 ), #4774, .T. ) ;
#7822 = AXIS2_PLACEMENT_3D ( 'NONE', #4461, #6943, #5202 ) ;
#7823 = CARTESIAN_POINT ( 'NONE',  ( 0.4920108682637896469, 0.02729079845652356354, 0.05177338557781805545 ) ) ;
#7824 = VECTOR ( 'NONE', #3504, 39.37007874015748143 ) ;
#7825 = ORIENTED_EDGE ( 'NONE', *, *, #2942, .T. ) ;
#7826 = CARTESIAN_POINT ( 'NONE',  ( 0.4920108682649401155, 0.02729079845652354619, -0.1878937010363552484 ) ) ;
#7827 = DIRECTION ( 'NONE',  ( -0.1045284632676950626, 0.9945218953682689600, -8.607386130680116915E-13 ) ) ;
#7828 = LENGTH_MEASURE_WITH_UNIT ( LENGTH_MEASURE( 0.02539999999999999897 ), #4073 );
#7829 = PRESENTATION_STYLE_ASSIGNMENT (( #6728 ) ) ;
#7830 = DIRECTION ( 'NONE',  ( 1.748601263784622143E-15, 0.0000000000000000000, -1.000000000000000000 ) ) ;
#7831 = ADVANCED_FACE ( 'NONE', ( #336 ), #4043, .F. ) ;
#7832 = CARTESIAN_POINT ( 'NONE',  ( 0.1933643507908066883, -0.007659296307097984528, -0.08789370103680482771 ) ) ;
#7833 = VECTOR ( 'NONE', #4169, 39.37007874015748854 ) ;
#7834 = VECTOR ( 'NONE', #1699, 39.37007874015748143 ) ;
#7835 = DIMENSIONAL_EXPONENTS ( 1.000000000000000000, 0.0000000000000000000, 0.0000000000000000000, 0.0000000000000000000, 0.0000000000000000000, 0.0000000000000000000, 0.0000000000000000000 ) ;
#7836 = CARTESIAN_POINT ( 'NONE',  ( 0.2461244040472859718, 0.03516481420455546542, 0.01210629896319520213 ) ) ;
#7837 = ORIENTED_EDGE ( 'NONE', *, *, #1408, .T. ) ;
#7838 = DIRECTION ( 'NONE',  ( -0.4273849608095032226, 7.028421991062930673E-16, 0.9040697402711027619 ) ) ;
#7839 = VECTOR ( 'NONE', #7711, 39.37007874015748143 ) ;
#7840 = VECTOR ( 'NONE', #3565, 39.37007874015748854 ) ;
#7841 = CARTESIAN_POINT ( 'NONE',  ( 0.4615064727376404496, 0.04500733388959447800, -0.08123784496900907093 ) ) ;
#7842 = CARTESIAN_POINT ( 'NONE',  ( 0.2313841284562319633, 0.03516481420455548623, -0.08789370103680475832 ) ) ;
#7843 = SURFACE_STYLE_FILL_AREA ( #7963 ) ;
#7844 = DIRECTION ( 'NONE',  ( -0.9945218953682690710, -0.1045284632676950765, -8.189380864547705479E-12 ) ) ;
#7845 = DIRECTION ( 'NONE',  ( 0.05226423164096315188, -0.4972609476841257092, -0.8660254037840142693 ) ) ;
#7846 = ORIENTED_EDGE ( 'NONE', *, *, #3387, .F. ) ;
#7847 = PRESENTATION_LAYER_ASSIGNMENT (  '', '', ( #6929 ) ) ;
#7848 = SURFACE_STYLE_FILL_AREA ( #922 ) ;
#7849 = FACE_OUTER_BOUND ( 'NONE', #4714, .T. ) ;
#7850 = FACE_OUTER_BOUND ( 'NONE', #6422, .T. ) ;
#7851 = ORIENTED_EDGE ( 'NONE', *, *, #5349, .T. ) ;
#7852 = CIRCLE ( 'NONE', #6790, 0.005905511811027547645 ) ;
#7853 = CARTESIAN_POINT ( 'NONE',  ( 0.1843617094242558929, -0.02585880784268854496, -0.1674212600919229854 ) ) ;
#7854 =( GEOMETRIC_REPRESENTATION_CONTEXT ( 3 ) GLOBAL_UNCERTAINTY_ASSIGNED_CONTEXT ( ( #6399 ) ) GLOBAL_UNIT_ASSIGNED_CONTEXT ( ( #4731, #5361, #2171 ) ) REPRESENTATION_CONTEXT ( 'NONE', 'WORKASPACE' ) );
#7855 = VERTEX_POINT ( 'NONE', #3419 ) ;
#7856 = DIRECTION ( 'NONE',  ( -1.000000000000000000, 1.644517855226007801E-15, -8.234490263801784106E-12 ) ) ;
#7857 = ORIENTED_EDGE ( 'NONE', *, *, #6314, .F. ) ;
#7858 = PRESENTATION_STYLE_ASSIGNMENT (( #6599 ) ) ;
#7859 = ORIENTED_EDGE ( 'NONE', *, *, #2865, .T. ) ;
#7860 = LINE ( 'NONE', #6243, #4936 ) ;
#7861 = CARTESIAN_POINT ( 'NONE',  ( 0.5463410757003660523, -0.06121462703867337068, -0.1752952758399538014 ) ) ;
#7862 =( NAMED_UNIT ( * ) PLANE_ANGLE_UNIT ( ) SI_UNIT ( $, .RADIAN. ) );
#7863 = AXIS2_PLACEMENT_3D ( 'NONE', #7258, #4883, #1563 ) ;
#7864 = CARTESIAN_POINT ( 'NONE',  ( 0.4679366774381520933, 0.03516481420463383328, 0.01210629896240822401 ) ) ;
#7865 = EDGE_CURVE ( 'NONE', #7033, #5399, #6653, .T. ) ;
#7866 = FILL_AREA_STYLE ('',( #2786 ) ) ;
#7867 = EDGE_CURVE ( 'NONE', #4725, #6388, #2628, .T. ) ;
#7868 = ORIENTED_EDGE ( 'NONE', *, *, #4404, .F. ) ;
#7869 = VERTEX_POINT ( 'NONE', #7957 ) ;
#7870 = CARTESIAN_POINT ( 'NONE',  ( 0.3928014512908298839, 0.1060309559368544097, -0.1327755907997966167 ) ) ;
#7871 = LINE ( 'NONE', #4159, #5838 ) ;
#7872 = CARTESIAN_POINT ( 'NONE',  ( 0.5098570882031397966, -0.02450745300942765506, -0.1477362207212477019 ) ) ;
#7873 = ADVANCED_FACE ( 'NONE', ( #4618 ), #1541, .T. ) ;
#7874 = LINE ( 'NONE', #649, #562 ) ;
#7875 = FACE_OUTER_BOUND ( 'NONE', #7003, .T. ) ;
#7876 = DIRECTION ( 'NONE',  ( -1.748601263784621748E-15, 0.0000000000000000000, 1.000000000000000000 ) ) ;
#7877 = EDGE_CURVE ( 'NONE', #5435, #1429, #5193, .T. ) ;
#7878 = VERTEX_POINT ( 'NONE', #3379 ) ;
#7879 = DIRECTION ( 'NONE',  ( 4.107068851677783533E-12, -1.000000000000000000, -5.449862783279992659E-12 ) ) ;
#7880 = VECTOR ( 'NONE', #7397, 39.37007874015748143 ) ;
#7881 = SPHERICAL_SURFACE ( 'NONE', #5623, 0.007874015748031495954 ) ;
#7882 = PRESENTATION_STYLE_ASSIGNMENT (( #4823 ) ) ;
#7883 =( LENGTH_UNIT ( ) NAMED_UNIT ( * ) SI_UNIT ( $, .METRE. ) );
#7884 = SURFACE_SIDE_STYLE ('',( #303 ) ) ;
#7885 = DIRECTION ( 'NONE',  ( 1.000000000000000000, -1.644517855226007801E-15, 1.748601263784622143E-15 ) ) ;
#7886 = ORIENTED_EDGE ( 'NONE', *, *, #7382, .F. ) ;
#7887 = MECHANICAL_DESIGN_GEOMETRIC_PRESENTATION_REPRESENTATION (  '', ( #4592 ), #1809 ) ;
#7888 = EDGE_LOOP ( 'NONE', ( #5612, #7212, #4890, #5972 ) ) ;
#7889 = STYLED_ITEM ( 'NONE', ( #861 ), #7442 ) ;
#7890 = VECTOR ( 'NONE', #5046, 39.37007874015748143 ) ;
#7891 = DIMENSIONAL_EXPONENTS ( 1.000000000000000000, 0.0000000000000000000, 0.0000000000000000000, 0.0000000000000000000, 0.0000000000000000000, 0.0000000000000000000, 0.0000000000000000000 ) ;
#7892 = CARTESIAN_POINT ( 'NONE',  ( 0.4700169603338608115, 0.03516481425069641759, 0.01210629896319560285 ) ) ;
#7893 = VECTOR ( 'NONE', #2000, 39.37007874015748143 ) ;
#7894 = ORIENTED_EDGE ( 'NONE', *, *, #4441, .T. ) ;
#7895 = SURFACE_SIDE_STYLE ('',( #5840 ) ) ;
#7896 = ORIENTED_EDGE ( 'NONE', *, *, #6964, .F. ) ;
#7897 = DIRECTION ( 'NONE',  ( 1.644517855226008195E-15, 1.000000000000000000, 2.890435660536364269E-30 ) ) ;
#7898 = VERTEX_POINT ( 'NONE', #222 ) ;
#7899 =( NAMED_UNIT ( * ) PLANE_ANGLE_UNIT ( ) SI_UNIT ( $, .RADIAN. ) );
#7900 = PRESENTATION_LAYER_ASSIGNMENT (  '', '', ( #4869 ) ) ;
#7901 = DIRECTION ( 'NONE',  ( -1.644517855226008195E-15, -1.000000000000000000, -2.890435660536364269E-30 ) ) ;
#7902 = DIRECTION ( 'NONE',  ( -1.000000000000000000, 1.644517855226007801E-15, -8.234490263801784106E-12 ) ) ;
#7903 = CARTESIAN_POINT ( 'NONE',  ( 0.5152344748436955557, -0.02108063623287808816, -0.1679189576495357383 ) ) ;
#7904 = ORIENTED_EDGE ( 'NONE', *, *, #6673, .T. ) ;
#7905 = FILL_AREA_STYLE ('',( #2788 ) ) ;
#7906 = ORIENTED_EDGE ( 'NONE', *, *, #5457, .F. ) ;
#7907 = DIRECTION ( 'NONE',  ( -1.000000000000000000, 1.644517855226007801E-15, -8.234490263801784106E-12 ) ) ;
#7908 = FACE_OUTER_BOUND ( 'NONE', #3604, .T. ) ;
#7909 = FILL_AREA_STYLE ('',( #3416 ) ) ;
#7910 =( NAMED_UNIT ( * ) SI_UNIT ( $, .STERADIAN. ) SOLID_ANGLE_UNIT ( ) );
#7911 = EDGE_CURVE ( 'NONE', #1881, #6565, #256, .T. ) ;
#7912 = ADVANCED_FACE ( 'NONE', ( #5286 ), #2840, .F. ) ;
#7913 = EDGE_CURVE ( 'NONE', #6856, #871, #2216, .T. ) ;
#7914 =( NAMED_UNIT ( * ) PLANE_ANGLE_UNIT ( ) SI_UNIT ( $, .RADIAN. ) );
#7915 = ORIENTED_EDGE ( 'NONE', *, *, #7808, .T. ) ;
#7916 = FACE_OUTER_BOUND ( 'NONE', #1397, .T. ) ;
#7917 = LINE ( 'NONE', #2249, #7457 ) ;
#7918 =( CONVERSION_BASED_UNIT ( 'INCH', #6739 ) LENGTH_UNIT ( ) NAMED_UNIT ( #115 ) );
#7919 = CARTESIAN_POINT ( 'NONE',  ( 0.5096303506627002378, 0.02914268067976763174, -0.02726377977636772892 ) ) ;
#7920 = LINE ( 'NONE', #2254, #2689 ) ;
#7921 = ORIENTED_EDGE ( 'NONE', *, *, #1398, .F. ) ;
#7922 = VECTOR ( 'NONE', #6552, 39.37007874015748143 ) ;
#7923 = ADVANCED_FACE ( 'NONE', ( #6191 ), #6815, .F. ) ;
#7924 = EDGE_CURVE ( 'NONE', #1682, #4512, #5571, .T. ) ;
#7925 = DIRECTION ( 'NONE',  ( -1.734723475977064066E-15, 6.123233995737051998E-17, -1.000000000000000000 ) ) ;
#7926 =( GEOMETRIC_REPRESENTATION_CONTEXT ( 3 ) GLOBAL_UNCERTAINTY_ASSIGNED_CONTEXT ( ( #4566 ) ) GLOBAL_UNIT_ASSIGNED_CONTEXT ( ( #5320, #792, #2096 ) ) REPRESENTATION_CONTEXT ( 'NONE', 'WORKASPACE' ) );
#7927 = CARTESIAN_POINT ( 'NONE',  ( 0.3140612938105263319, 0.1020939480628624274, -0.03297244119349746622 ) ) ;
#7928 = LINE ( 'NONE', #2852, #918 ) ;
#7929 = ORIENTED_EDGE ( 'NONE', *, *, #1441, .F. ) ;
#7930 = LINE ( 'NONE', #1218, #2151 ) ;
#7931 = CARTESIAN_POINT ( 'NONE',  ( 0.2453562723636251441, 0.03516481420455544460, -0.1812378449683796078 ) ) ;
#7932 = COLOUR_RGB ( '',0.7607843137254901578, 0.7607843137254901578, 0.0000000000000000000 ) ;
#7933 = EDGE_CURVE ( 'NONE', #3642, #3557, #2427, .T. ) ;
#7934 = EDGE_LOOP ( 'NONE', ( #1849, #3562, #1315, #7470 ) ) ;
#7935 = LINE ( 'NONE', #7984, #6093 ) ;
#7936 = ORIENTED_EDGE ( 'NONE', *, *, #822, .T. ) ;
#7937 = DIRECTION ( 'NONE',  ( -1.644517855226008195E-15, -1.000000000000000000, -6.123233995736766036E-17 ) ) ;
#7938 = CARTESIAN_POINT ( 'NONE',  ( 0.1916536552706492591, -0.02393547695607435924, -0.07529527583995439255 ) ) ;
#7939 = CARTESIAN_POINT ( 'NONE',  ( 0.2014250033735600909, -0.02312123604650252739, -0.1477362207218443080 ) ) ;
#7940 = FILL_AREA_STYLE_COLOUR ( '', #717 ) ;
#7941 = SURFACE_STYLE_FILL_AREA ( #396 ) ;
#7942 = UNCERTAINTY_MEASURE_WITH_UNIT (LENGTH_MEASURE( 1.000000000000000082E-05 ), #5905, 'distance_accuracy_value', 'NONE');
#7943 = DIMENSIONAL_EXPONENTS ( 1.000000000000000000, 0.0000000000000000000, 0.0000000000000000000, 0.0000000000000000000, 0.0000000000000000000, 0.0000000000000000000, 0.0000000000000000000 ) ;
#7944 = CIRCLE ( 'NONE', #2264, 0.01771653543307087283 ) ;
#7945 = FILL_AREA_STYLE ('',( #5086 ) ) ;
#7946 = VERTEX_POINT ( 'NONE', #2341 ) ;
#7947 = ORIENTED_EDGE ( 'NONE', *, *, #7818, .T. ) ;
#7948 =( NAMED_UNIT ( * ) SI_UNIT ( $, .STERADIAN. ) SOLID_ANGLE_UNIT ( ) );
#7949 = AXIS2_PLACEMENT_3D ( 'NONE', #8095, #4951, #2984 ) ;
#7950 = CARTESIAN_POINT ( 'NONE',  ( 0.4554196763414990468, 0.03516481420455510459, -0.1373012207222373826 ) ) ;
#7951 = CARTESIAN_POINT ( 'NONE',  ( 0.3142156862761680269, 0.1217789874329372468, -0.007578740406095896970 ) ) ;
#7952 = DIRECTION ( 'NONE',  ( -1.734723475977064460E-15, -1.000000000000000000, 2.407412430474777679E-30 ) ) ;
#7953 = DIRECTION ( 'NONE',  ( 1.748601263784621946E-15, 0.0000000000000000000, -1.000000000000000000 ) ) ;
#7954 = CARTESIAN_POINT ( 'NONE',  ( 0.5054204884980643131, -0.02496430041343709189, -0.1398622049732527184 ) ) ;
#7955 = CARTESIAN_POINT ( 'NONE',  ( 0.3928014512908295508, 0.1198104834959331788, -0.07915354355589927782 ) ) ;
#7956 = MECHANICAL_DESIGN_GEOMETRIC_PRESENTATION_REPRESENTATION (  '', ( #4659 ), #8090 ) ;
#7957 = CARTESIAN_POINT ( 'NONE',  ( 0.2506952668933101203, 0.03516481420455543766, -0.1373012207214504010 ) ) ;
#7958 = VERTEX_POINT ( 'NONE', #4898 ) ;
#7959 = DIRECTION ( 'NONE',  ( 1.000000000000000000, -1.644517855226007801E-15, 1.748601263784621748E-15 ) ) ;
#7960 = VECTOR ( 'NONE', #8, 39.37007874015748143 ) ;
#7961 = CARTESIAN_POINT ( 'NONE',  ( 0.4615064727374438847, 0.03516481420455509072, -0.1339196358458594749 ) ) ;
#7962 = CARTESIAN_POINT ( 'NONE',  ( 0.3928014512908296063, 0.1021333181416024527, -0.03297244119349760499 ) ) ;
#7963 = FILL_AREA_STYLE ('',( #2346 ) ) ;
#7964 = PLANE ( 'NONE',  #3107 ) ;
#7965 = LINE ( 'NONE', #2300, #7824 ) ;
#7966 = ORIENTED_EDGE ( 'NONE', *, *, #182, .F. ) ;
#7967 = COLOUR_RGB ( '',0.7607843137254901578, 0.7607843137254901578, 0.0000000000000000000 ) ;
#7968 = CARTESIAN_POINT ( 'NONE',  ( 0.4625214697567742173, 0.03516481420455510459, -0.03177255961239490445 ) ) ;
#7969 =( GEOMETRIC_REPRESENTATION_CONTEXT ( 3 ) GLOBAL_UNCERTAINTY_ASSIGNED_CONTEXT ( ( #7295 ) ) GLOBAL_UNIT_ASSIGNED_CONTEXT ( ( #1867, #1909, #8156 ) ) REPRESENTATION_CONTEXT ( 'NONE', 'WORKASPACE' ) );
#7970 = AXIS2_PLACEMENT_3D ( 'NONE', #1605, #5432, #2237 ) ;
#7971 = EDGE_CURVE ( 'NONE', #4545, #4377, #7479, .T. ) ;
#7972 = DIRECTION ( 'NONE',  ( -0.9945218953682685159, 0.1045284632676983655, -1.739022243102431967E-15 ) ) ;
#7973 = ORIENTED_EDGE ( 'NONE', *, *, #1539, .T. ) ;
#7974 = CARTESIAN_POINT ( 'NONE',  ( 0.2514430687598451231, 0.03516481420455545848, -0.03139570891042674922 ) ) ;
#7975 = EDGE_LOOP ( 'NONE', ( #503, #4238, #2318, #422 ) ) ;
#7976 = EDGE_CURVE ( 'NONE', #2652, #5773, #411, .T. ) ;
#7977 = CARTESIAN_POINT ( 'NONE',  ( 0.4920108682649397824, 0.03516481420455506990, -0.08789370103635522902 ) ) ;
#7978 = VECTOR ( 'NONE', #4424, 39.37007874015748854 ) ;
#7979 = AXIS2_PLACEMENT_3D ( 'NONE', #1307, #7204, #3353 ) ;
#7980 = ORIENTED_EDGE ( 'NONE', *, *, #2931, .T. ) ;
#7981 = CIRCLE ( 'NONE', #3898, 0.007874015748031482076 ) ;
#7982 =( LENGTH_UNIT ( ) NAMED_UNIT ( * ) SI_UNIT ( $, .METRE. ) );
#7983 = EDGE_CURVE ( 'NONE', #3730, #3920, #413, .T. ) ;
#7984 = CARTESIAN_POINT ( 'NONE',  ( 0.3928014512908296063, 0.1021333181416024527, -0.03297244119349760499 ) ) ;
#7985 = ORIENTED_EDGE ( 'NONE', *, *, #2630, .F. ) ;
#7986 = ORIENTED_EDGE ( 'NONE', *, *, #2626, .T. ) ;
#7987 = LINE ( 'NONE', #2324, #3018 ) ;
#7988 = PLANE ( 'NONE',  #1387 ) ;
#7989 = CARTESIAN_POINT ( 'NONE',  ( 0.2313841284562318801, 0.03516481420455548623, -0.02726377977696224642 ) ) ;
#7990 = ORIENTED_EDGE ( 'NONE', *, *, #1188, .T. ) ;
#7991 = CARTESIAN_POINT ( 'NONE',  ( 0.5172050357898655415, -0.02375406862796464874, -0.06742126009126593600 ) ) ;
#7992 = VERTEX_POINT ( 'NONE', #7434 ) ;
#7993 = CARTESIAN_POINT ( 'NONE',  ( 0.4561674782086246882, 0.03516481420455511153, -0.08376177190318229160 ) ) ;
#7994 = FACE_OUTER_BOUND ( 'NONE', #7610, .T. ) ;
#7995 = CARTESIAN_POINT ( 'NONE',  ( 0.4554196763415385152, 0.03516481420455510459, -0.1837617719029067676 ) ) ;
#7996 = CYLINDRICAL_SURFACE ( 'NONE', #170, 0.01771653543307086937 ) ;
#7997 = DIRECTION ( 'NONE',  ( 1.000000000000000000, -1.644517855226007801E-15, 3.368510880617784864E-12 ) ) ;
#7998 =( LENGTH_UNIT ( ) NAMED_UNIT ( * ) SI_UNIT ( $, .METRE. ) );
#7999 = VECTOR ( 'NONE', #4615, 39.37007874015748143 ) ;
#8000 = DIMENSIONAL_EXPONENTS ( 1.000000000000000000, 0.0000000000000000000, 0.0000000000000000000, 0.0000000000000000000, 0.0000000000000000000, 0.0000000000000000000, 0.0000000000000000000 ) ;
#8001 = ORIENTED_EDGE ( 'NONE', *, *, #1285, .T. ) ;
#8002 = DIRECTION ( 'NONE',  ( -1.000000000000000000, 1.138412281109781707E-14, 0.0000000000000000000 ) ) ;
#8003 = SURFACE_SIDE_STYLE ('',( #2251 ) ) ;
#8004 = VECTOR ( 'NONE', #6351, 39.37007874015748143 ) ;
#8005 = CARTESIAN_POINT ( 'NONE',  ( 0.3140612938105263319, 0.1021333181416026054, -0.03297244119349746622 ) ) ;
#8006 = CARTESIAN_POINT ( 'NONE',  ( 0.2514430687598451231, 0.03516481420455545848, -0.03139570891042674922 ) ) ;
#8007 = ORIENTED_EDGE ( 'NONE', *, *, #3937, .F. ) ;
#8008 = LINE ( 'NONE', #7968, #4624 ) ;
#8009 = VECTOR ( 'NONE', #4079, 39.37007874015748854 ) ;
#8010 = DIRECTION ( 'NONE',  ( -1.644517855226008195E-15, -1.000000000000000000, -0.0000000000000000000 ) ) ;
#8011 = CARTESIAN_POINT ( 'NONE',  ( 0.2506952668928372763, 0.03516481420455545848, -0.03730122072145040241 ) ) ;
#8012 = ORIENTED_EDGE ( 'NONE', *, *, #4332, .T. ) ;
#8013 =( LENGTH_UNIT ( ) NAMED_UNIT ( * ) SI_UNIT ( $, .METRE. ) );
#8014 = PRESENTATION_STYLE_ASSIGNMENT (( #1097 ) ) ;
#8015 = VERTEX_POINT ( 'NONE', #1119 ) ;
#8016 = DIRECTION ( 'NONE',  ( -1.644517855226007801E-15, -1.000000000000000000, -6.123233995736764803E-17 ) ) ;
#8017 = AXIS2_PLACEMENT_3D ( 'NONE', #6805, #6722, #2332 ) ;
#8018 = ADVANCED_FACE ( 'NONE', ( #3742 ), #4208, .F. ) ;
#8019 = EDGE_CURVE ( 'NONE', #3527, #7196, #3498, .T. ) ;
#8020 = VECTOR ( 'NONE', #7203, 39.37007874015748143 ) ;
#8021 = EDGE_CURVE ( 'NONE', #7869, #3385, #4395, .T. ) ;
#8022 = FACE_OUTER_BOUND ( 'NONE', #510, .T. ) ;
#8023 = ORIENTED_EDGE ( 'NONE', *, *, #4644, .F. ) ;
#8024 = DIRECTION ( 'NONE',  ( -1.748601263784622143E-15, 0.0000000000000000000, 1.000000000000000000 ) ) ;
#8025 = ORIENTED_EDGE ( 'NONE', *, *, #6052, .F. ) ;
#8026 = CARTESIAN_POINT ( 'NONE',  ( 0.5048815532788061278, -0.01983667431789503527, -0.06934404710461264387 ) ) ;
#8027 = DIRECTION ( 'NONE',  ( -1.748601263784621946E-15, -0.0000000000000000000, -1.000000000000000000 ) ) ;
#8028 = PLANE ( 'NONE',  #7008 ) ;
#8029 = UNCERTAINTY_MEASURE_WITH_UNIT (LENGTH_MEASURE( 1.000000000000000082E-05 ), #7363, 'distance_accuracy_value', 'NONE');
#8030 = EDGE_CURVE ( 'NONE', #3609, #4561, #809, .T. ) ;
#8031 = ADVANCED_FACE ( 'NONE', ( #2384 ), #3579, .T. ) ;
#8032 = ORIENTED_EDGE ( 'NONE', *, *, #7180, .F. ) ;
#8033 = LINE ( 'NONE', #1779, #4202 ) ;
#8034 = VECTOR ( 'NONE', #165, 39.37007874015748143 ) ;
#8035 = ORIENTED_EDGE ( 'NONE', *, *, #7807, .T. ) ;
#8036 = LINE ( 'NONE', #7387, #4929 ) ;
#8037 = CARTESIAN_POINT ( 'NONE',  ( 0.2148518768365311749, 0.04500733388959488740, -0.08789370103680475832 ) ) ;
#8038 = CARTESIAN_POINT ( 'NONE',  ( 0.2006796306912831396, -0.02488414520015490641, -0.06742126009192291047 ) ) ;
#8039 = DIRECTION ( 'NONE',  ( -1.703894664301477426E-11, 1.000000000000000000, -2.629008122389297879E-13 ) ) ;
#8040 = CARTESIAN_POINT ( 'NONE',  ( 0.5047076986982562685, -0.01818255847635045705, -0.07135826796538452532 ) ) ;
#8041 = PRESENTATION_STYLE_ASSIGNMENT (( #4116 ) ) ;
#8042 = AXIS2_PLACEMENT_3D ( 'NONE', #613, #3200, #2541 ) ;
#8043 = DIRECTION ( 'NONE',  ( 0.9945218953682686269, -0.1045284632676983516, 1.739022243102431967E-15 ) ) ;
#8044 = ORIENTED_EDGE ( 'NONE', *, *, #925, .F. ) ;
#8045 = CARTESIAN_POINT ( 'NONE',  ( 0.5048815532786112836, -0.01983667431789086846, -0.04581343370805756460 ) ) ;
#8046 = CARTESIAN_POINT ( 'NONE',  ( 0.4920108682644405151, 0.04500733388959443637, -0.02726377977651272058 ) ) ;
#8047 = DIRECTION ( 'NONE',  ( 1.000000000000000000, 5.419062250743739597E-13, 3.925417528682153637E-13 ) ) ;
#8048 = CARTESIAN_POINT ( 'NONE',  ( 0.5225010356768845510, -0.03570132752772847001, -0.04773622072114360598 ) ) ;
#8049 = CARTESIAN_POINT ( 'NONE',  ( 0.4554196763416167859, 0.03516481420455512541, -0.03139570891121379326 ) ) ;
#8050 = ORIENTED_EDGE ( 'NONE', *, *, #1807, .T. ) ;
#8051 = FILL_AREA_STYLE_COLOUR ( '', #7793 ) ;
#8052 = AXIS2_PLACEMENT_3D ( 'NONE', #7938, #1685, #522 ) ;
#8053 = PLANE ( 'NONE',  #5926 ) ;
#8054 = VECTOR ( 'NONE', #1185, 39.37007874015748854 ) ;
#8055 = VERTEX_POINT ( 'NONE', #7637 ) ;
#8056 = CARTESIAN_POINT ( 'NONE',  ( 0.2313841284547877852, 0.03516481421120130901, -0.2197218416809251507 ) ) ;
#8057 = LENGTH_MEASURE_WITH_UNIT ( LENGTH_MEASURE( 0.02539999999999999897 ), #6789 );
#8058 = ORIENTED_EDGE ( 'NONE', *, *, #4142, .F. ) ;
#8059 =( NAMED_UNIT ( * ) SI_UNIT ( $, .STERADIAN. ) SOLID_ANGLE_UNIT ( ) );
#8060 = VECTOR ( 'NONE', #4476, 39.37007874015748854 ) ;
#8061 = CARTESIAN_POINT ( 'NONE',  ( 0.2443412753455935782, 0.03516481420455544460, -0.1317725596143638211 ) ) ;
#8062 =( LENGTH_UNIT ( ) NAMED_UNIT ( * ) SI_UNIT ( $, .METRE. ) );
#8063 = ORIENTED_EDGE ( 'NONE', *, *, #1175, .T. ) ;
#8064 = LINE ( 'NONE', #2406, #4068 ) ;
#8065 = CARTESIAN_POINT ( 'NONE',  ( 0.3926470588251994576, 0.1020939480628583751, 0.01210629896398286200 ) ) ;
#8066 = AXIS2_PLACEMENT_3D ( 'NONE', #3460, #295, #2838 ) ;
#8067 = DIRECTION ( 'NONE',  ( 0.0000000000000000000, 0.0000000000000000000, 1.000000000000000000 ) ) ;
#8068 = AXIS2_PLACEMENT_3D ( 'NONE', #4711, #7244, #804 ) ;
#8069 = ORIENTED_EDGE ( 'NONE', *, *, #4392, .F. ) ;
#8070 = DIRECTION ( 'NONE',  ( 1.644517855226008195E-15, 1.000000000000000000, 2.890435660536364269E-30 ) ) ;
#8071 = EDGE_CURVE ( 'NONE', #5911, #7047, #1283, .T. ) ;
#8072 = ORIENTED_EDGE ( 'NONE', *, *, #2821, .T. ) ;
#8073 = LINE ( 'NONE', #6843, #4144 ) ;
#8074 = CARTESIAN_POINT ( 'NONE',  ( 0.5054377417277428064, -0.02312123604650302006, -0.1674212600913626836 ) ) ;
#8075 = PLANE ( 'NONE',  #4341 ) ;
#8076 = LINE ( 'NONE', #2423, #1110 ) ;
#8077 = DIRECTION ( 'NONE',  ( -0.05226423163383502740, -0.4972609476841255427, 0.8660254037844445918 ) ) ;
#8078 = SURFACE_STYLE_USAGE ( .BOTH. , #5570 ) ;
#8079 = EDGE_CURVE ( 'NONE', #135, #6944, #1958, .T. ) ;
#8080 = DIRECTION ( 'NONE',  ( 0.06844477287628467077, 0.6512085141311780845, -0.7558060493201791408 ) ) ;
#8081 = VECTOR ( 'NONE', #330, 39.37007874015748143 ) ;
#8082 = EDGE_LOOP ( 'NONE', ( #5004, #4442, #1806, #7071, #7145, #1426, #4636, #5368, #2262, #1444, #1231, #7039, #6659, #3096 ) ) ;
#8083 = CARTESIAN_POINT ( 'NONE',  ( 0.2148518768365311749, 0.02729079845652401456, -0.08789370103680475832 ) ) ;
#8084 = EDGE_CURVE ( 'NONE', #5911, #5471, #5727, .T. ) ;
#8085 = DIRECTION ( 'NONE',  ( -1.748601263784621748E-15, 0.0000000000000000000, 1.000000000000000000 ) ) ;
#8086 = CARTESIAN_POINT ( 'NONE',  ( 0.5048815532786116167, -0.01983667431789089622, -0.1458134337080575771 ) ) ;
#8087 = ORIENTED_EDGE ( 'NONE', *, *, #4306, .F. ) ;
#8088 = DIRECTION ( 'NONE',  ( -1.000000000000000000, -3.418540703040399067E-14, -1.748601263784622143E-15 ) ) ;
#8089 = VECTOR ( 'NONE', #5262, 39.37007874015748143 ) ;
#8090 =( GEOMETRIC_REPRESENTATION_CONTEXT ( 3 ) GLOBAL_UNCERTAINTY_ASSIGNED_CONTEXT ( ( #5738 ) ) GLOBAL_UNIT_ASSIGNED_CONTEXT ( ( #7794, #7914, #3540 ) ) REPRESENTATION_CONTEXT ( 'NONE', 'WORKASPACE' ) );
#8091 = CARTESIAN_POINT ( 'NONE',  ( 0.5048815532788061278, -0.01983667431789503527, -0.06934404710461264387 ) ) ;
#8092 = CIRCLE ( 'NONE', #1477, 0.01771653543307087283 ) ;
#8093 = VERTEX_POINT ( 'NONE', #5106 ) ;
#8094 = CARTESIAN_POINT ( 'NONE',  ( 0.2514430687594514380, 0.03516481420455545848, -0.03730122072145040241 ) ) ;
#8095 = CARTESIAN_POINT ( 'NONE',  ( 0.4696401291285066115, 0.03516481420455509765, -0.08001968528857600349 ) ) ;
#8096 = DIRECTION ( 'NONE',  ( 1.644517855226008195E-15, 1.000000000000000000, 2.890435660536364269E-30 ) ) ;
#8097 = VECTOR ( 'NONE', #3828, 39.37007874015748143 ) ;
#8098 = VECTOR ( 'NONE', #1244, 39.37007874015748143 ) ;
#8099 = CIRCLE ( 'NONE', #38, 0.01771653543307088671 ) ;
#8100 = DIRECTION ( 'NONE',  ( -0.9945218953682690710, -0.1045284632676948544, -8.187894806610516561E-12 ) ) ;
#8101 = FILL_AREA_STYLE_COLOUR ( '', #2711 ) ;
#8102 = CARTESIAN_POINT ( 'NONE',  ( 0.4754786166447402262, 0.04500733388959444331, -0.1272637797766489332 ) ) ;
#8103 = EDGE_LOOP ( 'NONE', ( #7859, #4794, #4699, #801 ) ) ;
#8104 = STYLED_ITEM ( 'NONE', ( #4 ), #4126 ) ;
#8105 = LINE ( 'NONE', #4880, #7534 ) ;
#8106 = VECTOR ( 'NONE', #1368, 39.37007874015748143 ) ;
#8107 = LENGTH_MEASURE_WITH_UNIT ( LENGTH_MEASURE( 0.02539999999999999897 ), #2409 );
#8108 = UNCERTAINTY_MEASURE_WITH_UNIT (LENGTH_MEASURE( 1.000000000000000082E-05 ), #3575, 'distance_accuracy_value', 'NONE');
#8109 = AXIS2_PLACEMENT_3D ( 'NONE', #3718, #3059, #6126 ) ;
#8110 = VECTOR ( 'NONE', #5129, 39.37007874015748143 ) ;
#8111 = ORIENTED_EDGE ( 'NONE', *, *, #491, .F. ) ;
#8112 = VERTEX_POINT ( 'NONE', #5683 ) ;
#8113 = ORIENTED_EDGE ( 'NONE', *, *, #7679, .T. ) ;
#8114 = PLANE ( 'NONE',  #1226 ) ;
#8115 = CARTESIAN_POINT ( 'NONE',  ( 0.2148518768365315912, 0.02729079845652399722, -0.1878937010368047777 ) ) ;
#8116 =( GEOMETRIC_REPRESENTATION_CONTEXT ( 3 ) GLOBAL_UNCERTAINTY_ASSIGNED_CONTEXT ( ( #3404 ) ) GLOBAL_UNIT_ASSIGNED_CONTEXT ( ( #3308, #7237, #5328 ) ) REPRESENTATION_CONTEXT ( 'NONE', 'WORKASPACE' ) );
#8117 = DIRECTION ( 'NONE',  ( 1.000000000000000000, -1.644517855226007801E-15, 1.748601263784622143E-15 ) ) ;
#8118 = MECHANICAL_DESIGN_GEOMETRIC_PRESENTATION_REPRESENTATION (  '', ( #5993 ), #1504 ) ;
#8119 = LINE ( 'NONE', #2466, #5376 ) ;
#8120 = EDGE_CURVE ( 'NONE', #473, #6920, #3331, .T. ) ;
#8121 = EDGE_CURVE ( 'NONE', #2652, #4561, #3864, .T. ) ;
#8122 = DIRECTION ( 'NONE',  ( -1.000000000000000000, 1.644517855226007801E-15, -1.460052178569153902E-13 ) ) ;
#8123 = VERTEX_POINT ( 'NONE', #652 ) ;
#8124 = EDGE_CURVE ( 'NONE', #5462, #3435, #6402, .T. ) ;
#8125 = LINE ( 'NONE', #5064, #439 ) ;
#8126 = CARTESIAN_POINT ( 'NONE',  ( 0.1962212990249129207, -0.02755782159619247704, -0.04773622072184419141 ) ) ;
#8127 = LINE ( 'NONE', #2474, #1627 ) ;
#8128 =( LENGTH_UNIT ( ) NAMED_UNIT ( * ) SI_UNIT ( $, .METRE. ) );
#8129 = EDGE_LOOP ( 'NONE', ( #3857, #8140, #2293, #6410 ) ) ;
#8130 = CYLINDRICAL_SURFACE ( 'NONE', #4235, 0.007874015748031482076 ) ;
#8131 = UNCERTAINTY_MEASURE_WITH_UNIT (LENGTH_MEASURE( 1.000000000000000082E-05 ), #3489, 'distance_accuracy_value', 'NONE');
#8132 =( GEOMETRIC_REPRESENTATION_CONTEXT ( 3 ) GLOBAL_UNCERTAINTY_ASSIGNED_CONTEXT ( ( #4314 ) ) GLOBAL_UNIT_ASSIGNED_CONTEXT ( ( #3945, #2082, #2160 ) ) REPRESENTATION_CONTEXT ( 'NONE', 'WORKASPACE' ) );
#8133 = ADVANCED_FACE ( 'NONE', ( #6975 ), #5018, .F. ) ;
#8134 = DIRECTION ( 'NONE',  ( 1.644517855226008195E-15, 1.000000000000000000, 2.890435660536364269E-30 ) ) ;
#8135 = ORIENTED_EDGE ( 'NONE', *, *, #4932, .F. ) ;
#8136 = EDGE_CURVE ( 'NONE', #7326, #6344, #5378, .T. ) ;
#8137 = AXIS2_PLACEMENT_3D ( 'NONE', #2314, #1680, #6668 ) ;
#8138 = LINE ( 'NONE', #5785, #3893 ) ;
#8139 = LENGTH_MEASURE_WITH_UNIT ( LENGTH_MEASURE( 0.02539999999999999897 ), #5627 );
#8140 = ORIENTED_EDGE ( 'NONE', *, *, #2413, .F. ) ;
#8141 = CARTESIAN_POINT ( 'NONE',  ( 0.2372226159726404382, 0.04500733388959485270, -0.02726377977696224642 ) ) ;
#8142 = PLANE ( 'NONE',  #2809 ) ;
#8143 = ORIENTED_EDGE ( 'NONE', *, *, #6574, .T. ) ;
#8144 = FACE_OUTER_BOUND ( 'NONE', #7524, .T. ) ;
#8145 = PRESENTATION_LAYER_ASSIGNMENT (  '', '', ( #2998 ) ) ;
#8146 =( NAMED_UNIT ( * ) PLANE_ANGLE_UNIT ( ) SI_UNIT ( $, .RADIAN. ) );
#8147 = CARTESIAN_POINT ( 'NONE',  ( 0.2070209957706378445, 0.02811385722240985000, -0.08789370103680482771 ) ) ;
#8148 = ORIENTED_EDGE ( 'NONE', *, *, #3894, .T. ) ;
#8149 = VECTOR ( 'NONE', #4900, 39.37007874015748143 ) ;
#8150 = CARTESIAN_POINT ( 'NONE',  ( 0.4754786166447397266, 0.03516481420455509072, -0.02726377977664890331 ) ) ;
#8151 = VECTOR ( 'NONE', #5354, 39.37007874015748143 ) ;
#8152 = ORIENTED_EDGE ( 'NONE', *, *, #3478, .T. ) ;
#8153 = EDGE_LOOP ( 'NONE', ( #7966, #5211, #2417, #6111 ) ) ;
#8154 = PLANE ( 'NONE',  #8017 ) ;
#8155 = VERTEX_POINT ( 'NONE', #4569 ) ;
#8156 =( NAMED_UNIT ( * ) SI_UNIT ( $, .STERADIAN. ) SOLID_ANGLE_UNIT ( ) );
#8157 = STYLED_ITEM ( 'NONE', ( #920 ), #7571 ) ;
#8158 = DIRECTION ( 'NONE',  ( -1.748601263784621946E-15, 0.0000000000000000000, 1.000000000000000000 ) ) ;
#8159 = CARTESIAN_POINT ( 'NONE',  ( 0.4920108682644404596, 0.02729079845652356354, -0.02726377977651272058 ) ) ;
#8160 =( NAMED_UNIT ( * ) PLANE_ANGLE_UNIT ( ) SI_UNIT ( $, .RADIAN. ) );
#8161 = AXIS2_PLACEMENT_3D ( 'NONE', #4435, #5755, #4386 ) ;
#8162 = CARTESIAN_POINT ( 'NONE',  ( 0.4254818849634284805, 0.1217789874329370248, -0.1831692915873951444 ) ) ;
#8163 = ORIENTED_EDGE ( 'NONE', *, *, #1090, .F. ) ;
#8164 = LINE ( 'NONE', #504, #4324 ) ;
#8165 = FILL_AREA_STYLE_COLOUR ( '', #4649 ) ;
#8166 = CYLINDRICAL_SURFACE ( 'NONE', #6596, 0.005905511811019676337 ) ;
#8167 = SURFACE_STYLE_USAGE ( .BOTH. , #5654 ) ;
#8168 = EDGE_CURVE ( 'NONE', #3884, #4061, #3164, .T. ) ;
#8169 = SURFACE_SIDE_STYLE ('',( #1332 ) ) ;
#8170 = EDGE_LOOP ( 'NONE', ( #3693, #1705, #6597, #4712, #5822, #2563 ) ) ;
#8171 = EDGE_CURVE ( 'NONE', #2165, #3920, #7456, .T. ) ;
#8172 = CARTESIAN_POINT ( 'NONE',  ( 0.2031529521231688895, -0.008688119764420850627, -0.08789370103680482771 ) ) ;
#8173 = AXIS2_PLACEMENT_3D ( 'NONE', #3833, #3255, #6358 ) ;
#8174 = EDGE_CURVE ( 'NONE', #5799, #699, #1209, .T. ) ;
#8175 = CARTESIAN_POINT ( 'NONE',  ( 0.4554196763415385152, 0.03516481420455510459, -0.1837617719029067676 ) ) ;
#8176 = EDGE_LOOP ( 'NONE', ( #4305, #400, #691, #6893 ) ) ;
#8177 = VERTEX_POINT ( 'NONE', #250 ) ;
#8178 = SURFACE_STYLE_FILL_AREA ( #7613 ) ;
#8179 = ADVANCED_FACE ( 'NONE', ( #865 ), #899, .F. ) ;
#8180 = CARTESIAN_POINT ( 'NONE',  ( 0.3928014512908299394, 0.1020939480628622748, -0.1821850396188912091 ) ) ;
#8181 = EDGE_LOOP ( 'NONE', ( #7135, #4686, #3053, #201 ) ) ;
#8182 = ADVANCED_FACE ( 'NONE', ( #326 ), #6643, .F. ) ;
#8183 = ADVANCED_FACE ( 'NONE', ( #5278 ), #6015, .T. ) ;
#8184 = CARTESIAN_POINT ( 'NONE',  ( 0.2506952668935066297, 0.04500733388959482495, -0.07785626009152914195 ) ) ;
#8185 = LINE ( 'NONE', #2530, #2401 ) ;
#8186 = EDGE_LOOP ( 'NONE', ( #187, #5177, #972, #6176, #5943, #1379, #4969, #6950 ) ) ;
#8187 = FACE_OUTER_BOUND ( 'NONE', #2310, .T. ) ;
#8188 = EDGE_CURVE ( 'NONE', #7743, #2233, #5352, .T. ) ;
#8189 = CARTESIAN_POINT ( 'NONE',  ( 0.2514430687598456782, 0.03516481420455543766, -0.1837617719025922414 ) ) ;
#8190 = VECTOR ( 'NONE', #4058, 39.37007874015748143 ) ;
#8191 = UNCERTAINTY_MEASURE_WITH_UNIT (LENGTH_MEASURE( 1.000000000000000082E-05 ), #7633, 'distance_accuracy_value', 'NONE');
#8192 = ORIENTED_EDGE ( 'NONE', *, *, #5879, .T. ) ;
ENDSEC;
END-ISO-10303-21;
