ISO-10303-21;
HEADER;
FILE_DESCRIPTION (( 'STEP AP214' ),
    '1' );
FILE_NAME ('ETQP4M1R2KFM.STEP',
    '2026-02-11T19:34:31',
    ( '' ),
    ( '' ),
    'SwSTEP 2.0',
    'SolidWorks 2021',
    '' );
FILE_SCHEMA (( 'AUTOMOTIVE_DESIGN' ));
ENDSEC;

DATA;
#1 = ORIENTED_EDGE ( 'NONE', *, *, #558, .T. ) ;
#2 = LINE ( 'NONE', #307, #194 ) ;
#3 = EDGE_LOOP ( 'NONE', ( #1226, #1960, #1443, #1376 ) ) ;
#4 = EDGE_LOOP ( 'NONE', ( #684, #1942 ) ) ;
#5 = ORIENTED_EDGE ( 'NONE', *, *, #1945, .F. ) ;
#6 = CARTESIAN_POINT ( 'NONE',  ( -3.700000000000000178, 3.199999999999999734, -1.699999999999999956 ) ) ;
#7 = CYLINDRICAL_SURFACE ( 'NONE', #506, 0.4250000000000000444 ) ;
#8 = VECTOR ( 'NONE', #1824, 1000.000000000000000 ) ;
#9 = EDGE_CURVE ( 'NONE', #462, #1618, #2112, .T. ) ;
#10 = DIRECTION ( 'NONE',  ( 1.000000000000000000, 0.000000000000000000, 0.000000000000000000 ) ) ;
#11 = CARTESIAN_POINT ( 'NONE',  ( -3.500000000000000888, 3.699999999999998845, 1.700000000000000178 ) ) ;
#12 = VERTEX_POINT ( 'NONE', #16 ) ;
#13 = DIRECTION ( 'NONE',  ( 0.000000000000000000, 0.000000000000000000, 1.000000000000000000 ) ) ;
#14 = DIRECTION ( 'NONE',  ( 0.000000000000000000, -0.000000000000000000, -1.000000000000000000 ) ) ;
#15 = DIRECTION ( 'NONE',  ( -0.000000000000000000, -0.000000000000000000, -1.000000000000000000 ) ) ;
#16 = CARTESIAN_POINT ( 'NONE',  ( 3.099999999999998757, 4.799999999999999822, -3.500000000000000000 ) ) ;
#17 = CARTESIAN_POINT ( 'NONE',  ( -3.500000000000000888, 0.09999999999999982514, 1.000000000000000888 ) ) ;
#18 = EDGE_CURVE ( 'NONE', #1323, #2103, #25, .T. ) ;
#19 = FACE_OUTER_BOUND ( 'NONE', #981, .T. ) ;
#20 = ORIENTED_EDGE ( 'NONE', *, *, #605, .T. ) ;
#21 = CARTESIAN_POINT ( 'NONE',  ( -3.100000000000000533, -9.899494936611665352, 3.499999999999999556 ) ) ;
#22 = EDGE_CURVE ( 'NONE', #1481, #2090, #661, .T. ) ;
#23 = CARTESIAN_POINT ( 'NONE',  ( 2.100000000000000089, 4.163799117101001052E-16, 1.000000000000000666 ) ) ;
#24 = LINE ( 'NONE', #1836, #1709 ) ;
#25 = LINE ( 'NONE', #851, #1737 ) ;
#26 = DIRECTION ( 'NONE',  ( 0.000000000000000000, 0.000000000000000000, 1.000000000000000000 ) ) ;
#27 = CARTESIAN_POINT ( 'NONE',  ( 3.700000000000000178, 0.8000000000000000444, -1.000000000000000000 ) ) ;
#28 = VECTOR ( 'NONE', #1177, 1000.000000000000000 ) ;
#29 = ORIENTED_EDGE ( 'NONE', *, *, #1720, .F. ) ;
#30 = DIRECTION ( 'NONE',  ( -1.000000000000000000, -0.000000000000000000, 0.000000000000000000 ) ) ;
#31 = DIRECTION ( 'NONE',  ( 0.000000000000000000, 0.000000000000000000, 1.000000000000000000 ) ) ;
#32 = VECTOR ( 'NONE', #1121, 1000.000000000000000 ) ;
#33 = CARTESIAN_POINT ( 'NONE',  ( 3.500000000000000888, 0.000000000000000000, 2.399999999999999911 ) ) ;
#34 = FACE_OUTER_BOUND ( 'NONE', #1717, .T. ) ;
#35 = CARTESIAN_POINT ( 'NONE',  ( -3.500000000000000888, 3.699999999999998845, 2.399999999999999911 ) ) ;
#36 = VECTOR ( 'NONE', #1239, 1000.000000000000000 ) ;
#37 = CARTESIAN_POINT ( 'NONE',  ( -3.700000000000000178, 0.1999999999999992339, -2.399999999999999911 ) ) ;
#38 = AXIS2_PLACEMENT_3D ( 'NONE', #567, #215, #1208 ) ;
#39 = ORIENTED_EDGE ( 'NONE', *, *, #1854, .F. ) ;
#40 = LINE ( 'NONE', #1522, #1028 ) ;
#41 = ADVANCED_FACE ( 'NONE', ( #1478 ), #680, .F. ) ;
#42 = CARTESIAN_POINT ( 'NONE',  ( 3.500000000000000888, 3.499999999999999112, -0.1999999999999999278 ) ) ;
#43 = EDGE_CURVE ( 'NONE', #1657, #818, #1528, .T. ) ;
#44 = DIRECTION ( 'NONE',  ( -1.000000000000000000, -0.000000000000000000, -0.000000000000000000 ) ) ;
#45 = EDGE_CURVE ( 'NONE', #1176, #1634, #1952, .T. ) ;
#46 = LINE ( 'NONE', #361, #1073 ) ;
#47 = VECTOR ( 'NONE', #286, 1000.000000000000000 ) ;
#48 = AXIS2_PLACEMENT_3D ( 'NONE', #143, #1924, #1110 ) ;
#49 = EDGE_CURVE ( 'NONE', #482, #1098, #689, .T. ) ;
#50 = AXIS2_PLACEMENT_3D ( 'NONE', #568, #1217, #743 ) ;
#51 = DIRECTION ( 'NONE',  ( -0.000000000000000000, -1.000000000000000000, -0.000000000000000000 ) ) ;
#52 = VERTEX_POINT ( 'NONE', #326 ) ;
#53 = LINE ( 'NONE', #704, #616 ) ;
#54 = DIRECTION ( 'NONE',  ( -1.000000000000000000, 0.000000000000000000, 0.000000000000000000 ) ) ;
#55 = LINE ( 'NONE', #679, #139 ) ;
#56 = CARTESIAN_POINT ( 'NONE',  ( 3.700000000000000178, 3.499999999999999112, 8.131516293641283255E-17 ) ) ;
#57 = CARTESIAN_POINT ( 'NONE',  ( -3.100000000000000533, 0.04999999999999969746, -3.499999999999999556 ) ) ;
#58 = CARTESIAN_POINT ( 'NONE',  ( -3.500000000000000888, 2.655064737242954553, 3.258339680121857818 ) ) ;
#59 = EDGE_LOOP ( 'NONE', ( #309, #1116, #1841, #1502 ) ) ;
#60 = DIRECTION ( 'NONE',  ( 0.000000000000000000, -2.891205793294678326E-16, 1.000000000000000000 ) ) ;
#61 = MECHANICAL_DESIGN_GEOMETRIC_PRESENTATION_REPRESENTATION (  '', ( #1630 ), #914 ) ;
#62 = DIRECTION ( 'NONE',  ( -0.000000000000000000, -0.000000000000000000, 1.000000000000000000 ) ) ;
#63 = LINE ( 'NONE', #1658, #1332 ) ;
#64 = DIRECTION ( 'NONE',  ( 1.000000000000000000, 0.000000000000000000, -0.000000000000000000 ) ) ;
#65 = VECTOR ( 'NONE', #656, 1000.000000000000000 ) ;
#66 = CARTESIAN_POINT ( 'NONE',  ( -3.500000000000001332, 0.09999999999999982514, -1.000000000000000000 ) ) ;
#67 = AXIS2_PLACEMENT_3D ( 'NONE', #164, #465, #1108 ) ;
#68 = ORIENTED_EDGE ( 'NONE', *, *, #1115, .F. ) ;
#69 = FACE_OUTER_BOUND ( 'NONE', #983, .T. ) ;
#70 = DIRECTION ( 'NONE',  ( 1.000000000000000000, 0.000000000000000000, 0.000000000000000000 ) ) ;
#71 = EDGE_CURVE ( 'NONE', #738, #523, #349, .T. ) ;
#72 = CARTESIAN_POINT ( 'NONE',  ( 3.700000000000000178, 3.199999999999999734, -1.699999999999999956 ) ) ;
#73 = COLOUR_RGB ( '',0.7921568627450980005, 0.8196078431372548767, 0.9333333333333333481 ) ;
#74 = DIRECTION ( 'NONE',  ( 0.000000000000000000, 1.000000000000000000, -2.168404344971012566E-16 ) ) ;
#75 = FILL_AREA_STYLE_COLOUR ( '', #644 ) ;
#76 = ADVANCED_FACE ( 'NONE', ( #1008 ), #484, .F. ) ;
#77 = VECTOR ( 'NONE', #765, 1000.000000000000000 ) ;
#78 = ADVANCED_FACE ( 'NONE', ( #1647 ), #7, .F. ) ;
#79 = VERTEX_POINT ( 'NONE', #1486 ) ;
#80 = CARTESIAN_POINT ( 'NONE',  ( -3.500000000000000888, 3.699999999999998845, 2.399999999999999911 ) ) ;
#81 = PLANE ( 'NONE',  #50 ) ;
#82 = AXIS2_PLACEMENT_3D ( 'NONE', #665, #1947, #480 ) ;
#83 = CARTESIAN_POINT ( 'NONE',  ( -2.100000000000000089, 0.04999999999999660966, 1.000000000000000666 ) ) ;
#84 = DIRECTION ( 'NONE',  ( 0.000000000000000000, 0.000000000000000000, 1.000000000000000000 ) ) ;
#85 = ORIENTED_EDGE ( 'NONE', *, *, #1090, .T. ) ;
#86 = PLANE ( 'NONE',  #1369 ) ;
#87 = CARTESIAN_POINT ( 'NONE',  ( -3.500000000000000888, 3.699999999999998845, -2.399999999999999911 ) ) ;
#88 = ORIENTED_EDGE ( 'NONE', *, *, #808, .T. ) ;
#89 = CARTESIAN_POINT ( 'NONE',  ( -3.500000000000000444, 0.1000000000000000056, 2.299999999999999822 ) ) ;
#90 = LINE ( 'NONE', #1078, #1127 ) ;
#91 = ORIENTED_EDGE ( 'NONE', *, *, #772, .T. ) ;
#92 = ORIENTED_EDGE ( 'NONE', *, *, #1314, .T. ) ;
#93 = DIRECTION ( 'NONE',  ( 0.000000000000000000, 0.000000000000000000, 1.000000000000000000 ) ) ;
#94 = CARTESIAN_POINT ( 'NONE',  ( 2.100000000000000089, 0.000000000000000000, -1.000000000000000000 ) ) ;
#95 = VERTEX_POINT ( 'NONE', #1140 ) ;
#96 = LINE ( 'NONE', #1889, #253 ) ;
#97 = LINE ( 'NONE', #1245, #77 ) ;
#98 = VECTOR ( 'NONE', #831, 1000.000000000000000 ) ;
#99 = ORIENTED_EDGE ( 'NONE', *, *, #2012, .F. ) ;
#100 = VERTEX_POINT ( 'NONE', #529 ) ;
#101 = CARTESIAN_POINT ( 'NONE',  ( 3.500000000000000888, 3.699999999999998845, 2.399999999999999911 ) ) ;
#102 = ORIENTED_EDGE ( 'NONE', *, *, #2008, .F. ) ;
#103 = EDGE_CURVE ( 'NONE', #837, #811, #507, .T. ) ;
#104 = DIRECTION ( 'NONE',  ( 0.000000000000000000, -0.000000000000000000, 1.000000000000000000 ) ) ;
#105 = ADVANCED_FACE ( 'NONE', ( #517 ), #1625, .F. ) ;
#106 = FILL_AREA_STYLE_COLOUR ( '', #2113 ) ;
#107 = EDGE_CURVE ( 'NONE', #1935, #944, #200, .T. ) ;
#108 = VERTEX_POINT ( 'NONE', #180 ) ;
#109 = CARTESIAN_POINT ( 'NONE',  ( 3.700000000000000178, 4.200000000000000178, -1.699999999999999956 ) ) ;
#110 = CARTESIAN_POINT ( 'NONE',  ( 3.499999999999999112, -9.899494936611665352, 3.099999999999999645 ) ) ;
#111 = CARTESIAN_POINT ( 'NONE',  ( 3.500000000000000444, 0.05000000000000000278, 2.299999999999999822 ) ) ;
#112 = AXIS2_PLACEMENT_3D ( 'NONE', #110, #1616, #144 ) ;
#113 = AXIS2_PLACEMENT_3D ( 'NONE', #265, #557, #1051 ) ;
#114 = EDGE_LOOP ( 'NONE', ( #840, #85, #1880, #1730 ) ) ;
#115 = ORIENTED_EDGE ( 'NONE', *, *, #530, .F. ) ;
#116 = EDGE_LOOP ( 'NONE', ( #39, #245, #1268, #476 ) ) ;
#117 = CARTESIAN_POINT ( 'NONE',  ( 3.700000000000000178, 0.8000000000000004885, 1.000000000000000888 ) ) ;
#118 = PRESENTATION_STYLE_ASSIGNMENT (( #1585 ) ) ;
#119 = ORIENTED_EDGE ( 'NONE', *, *, #1592, .T. ) ;
#120 = DIRECTION ( 'NONE',  ( 1.000000000000000000, -0.000000000000000000, -0.000000000000000000 ) ) ;
#121 = CARTESIAN_POINT ( 'NONE',  ( -3.500000000000000444, 0.1000000000000000056, 2.299999999999999822 ) ) ;
#122 = ORIENTED_EDGE ( 'NONE', *, *, #1784, .F. ) ;
#123 = ORIENTED_EDGE ( 'NONE', *, *, #1097, .F. ) ;
#124 = AXIS2_PLACEMENT_3D ( 'NONE', #1837, #371, #1994 ) ;
#125 = ORIENTED_EDGE ( 'NONE', *, *, #652, .F. ) ;
#126 = LINE ( 'NONE', #1430, #1168 ) ;
#127 = ADVANCED_FACE ( 'NONE', ( #1162 ), #1498, .T. ) ;
#128 = ADVANCED_FACE ( 'NONE', ( #34 ), #1181, .F. ) ;
#129 = APPLICATION_CONTEXT ( 'automotive_design' ) ;
#130 = VECTOR ( 'NONE', #717, 1000.000000000000000 ) ;
#131 = ORIENTED_EDGE ( 'NONE', *, *, #515, .F. ) ;
#132 = LINE ( 'NONE', #638, #148 ) ;
#133 = FACE_OUTER_BOUND ( 'NONE', #927, .T. ) ;
#134 = EDGE_CURVE ( 'NONE', #316, #1765, #2042, .T. ) ;
#135 = MANIFOLD_SOLID_BREP ( 'Boss-Extrude7[2]', #883 ) ;
#136 = EDGE_LOOP ( 'NONE', ( #741, #461, #2010, #1598 ) ) ;
#138 = ORIENTED_EDGE ( 'NONE', *, *, #897, .F. ) ;
#137 = EDGE_CURVE ( 'NONE', #1410, #1460, #407, .T. ) ;
#139 = VECTOR ( 'NONE', #370, 1000.000000000000000 ) ;
#140 = VERTEX_POINT ( 'NONE', #2004 ) ;
#141 = FACE_OUTER_BOUND ( 'NONE', #1999, .T. ) ;
#142 = ORIENTED_EDGE ( 'NONE', *, *, #2007, .F. ) ;
#143 = CARTESIAN_POINT ( 'NONE',  ( -2.500000000000000444, 4.500000000000000000, -2.600000000000000089 ) ) ;
#144 = DIRECTION ( 'NONE',  ( 6.994852725712932707E-17, 0.000000000000000000, -1.000000000000000000 ) ) ;
#145 = EDGE_CURVE ( 'NONE', #260, #1070, #1193, .T. ) ;
#146 = VERTEX_POINT ( 'NONE', #1388 ) ;
#147 = CARTESIAN_POINT ( 'NONE',  ( 3.500000000000000888, 1.949999999999999956, -2.399999999999999911 ) ) ;
#148 = VECTOR ( 'NONE', #958, 1000.000000000000000 ) ;
#149 = ORIENTED_EDGE ( 'NONE', *, *, #385, .F. ) ;
#150 = EDGE_LOOP ( 'NONE', ( #1138, #1275, #1234, #1896 ) ) ;
#151 = CIRCLE ( 'NONE', #869, 0.4250000000000000444 ) ;
#152 = ORIENTED_EDGE ( 'NONE', *, *, #206, .T. ) ;
#153 = LINE ( 'NONE', #1283, #1100 ) ;
#154 = DIRECTION ( 'NONE',  ( -1.000000000000000000, 0.000000000000000000, 0.000000000000000000 ) ) ;
#155 = CARTESIAN_POINT ( 'NONE',  ( 3.500000000000000888, 0.000000000000000000, -1.000000000000000000 ) ) ;
#156 = ORIENTED_EDGE ( 'NONE', *, *, #992, .T. ) ;
#157 = CARTESIAN_POINT ( 'NONE',  ( 3.700000000000000178, 1.950000000000000178, 2.399999999999999911 ) ) ;
#158 = ORIENTED_EDGE ( 'NONE', *, *, #145, .F. ) ;
#159 = DIRECTION ( 'NONE',  ( -1.000000000000000000, 0.000000000000000000, 0.000000000000000000 ) ) ;
#160 = ORIENTED_EDGE ( 'NONE', *, *, #1855, .F. ) ;
#161 = VERTEX_POINT ( 'NONE', #1213 ) ;
#162 = EDGE_CURVE ( 'NONE', #1222, #1086, #1046, .T. ) ;
#163 = EDGE_LOOP ( 'NONE', ( #1832, #753, #196, #805 ) ) ;
#164 = CARTESIAN_POINT ( 'NONE',  ( 3.700000000000000178, 4.163799117101001052E-16, 1.000000000000000666 ) ) ;
#165 = VECTOR ( 'NONE', #985, 1000.000000000000000 ) ;
#166 = CARTESIAN_POINT ( 'NONE',  ( 3.700000000000000178, 3.199999999999999734, 1.700000000000000400 ) ) ;
#167 = CIRCLE ( 'NONE', #1808, 0.4000000000000001887 ) ;
#168 = CLOSED_SHELL ( 'NONE', ( #865, #301, #1713, #340, #1693, #521, #875, #2093, #645, #1351, #1469, #78, #1729, #41, #1857, #1754, #1364, #938, #229, #1145, #1399 ) ) ;
#169 = FACE_OUTER_BOUND ( 'NONE', #512, .T. ) ;
#170 = PLANE ( 'NONE',  #171 ) ;
#171 = AXIS2_PLACEMENT_3D ( 'NONE', #543, #1307, #1501 ) ;
#172 = ORIENTED_EDGE ( 'NONE', *, *, #338, .F. ) ;
#173 = DIRECTION ( 'NONE',  ( -1.000000000000000000, -0.000000000000000000, -0.000000000000000000 ) ) ;
#174 = CARTESIAN_POINT ( 'NONE',  ( -3.500000000000000444, 0.1000000000000000056, -2.299999999999999822 ) ) ;
#175 = ORIENTED_EDGE ( 'NONE', *, *, #2035, .T. ) ;
#176 = EDGE_LOOP ( 'NONE', ( #279, #322, #1926, #270 ) ) ;
#177 = EDGE_CURVE ( 'NONE', #788, #2055, #734, .T. ) ;
#178 = ORIENTED_EDGE ( 'NONE', *, *, #1341, .F. ) ;
#179 = PLANE ( 'NONE',  #67 ) ;
#180 = CARTESIAN_POINT ( 'NONE',  ( -2.500000000000000444, 4.500000000000000000, -3.024999999999999911 ) ) ;
#181 = VECTOR ( 'NONE', #1646, 1000.000000000000114 ) ;
#182 = PLANE ( 'NONE',  #631 ) ;
#183 = ADVANCED_FACE ( 'NONE', ( #1350 ), #538, .F. ) ;
#184 = EDGE_CURVE ( 'NONE', #95, #1453, #218, .T. ) ;
#185 = DIRECTION ( 'NONE',  ( 0.000000000000000000, 0.000000000000000000, 1.000000000000000000 ) ) ;
#186 = EDGE_CURVE ( 'NONE', #1269, #894, #549, .T. ) ;
#187 = EDGE_LOOP ( 'NONE', ( #754, #745, #1776, #1392 ) ) ;
#188 = CARTESIAN_POINT ( 'NONE',  ( 2.100000000000000089, 0.09999999999999982514, -1.000000000000000000 ) ) ;
#189 = PLANE ( 'NONE',  #238 ) ;
#190 = EDGE_LOOP ( 'NONE', ( #1590, #68, #1389, #1950 ) ) ;
#191 = DIRECTION ( 'NONE',  ( 6.994852725712931474E-17, 0.000000000000000000, -1.000000000000000000 ) ) ;
#192 = CARTESIAN_POINT ( 'NONE',  ( 3.500000000000000444, 0.1000000000000000056, -2.299999999999999822 ) ) ;
#193 = LINE ( 'NONE', #1487, #1442 ) ;
#194 = VECTOR ( 'NONE', #491, 1000.000000000000000 ) ;
#195 = LINE ( 'NONE', #37, #821 ) ;
#196 = ORIENTED_EDGE ( 'NONE', *, *, #956, .F. ) ;
#197 = DIRECTION ( 'NONE',  ( -1.000000000000000000, -0.000000000000000000, -0.000000000000000000 ) ) ;
#198 = CARTESIAN_POINT ( 'NONE',  ( 3.700000000000000178, 3.199999999999999734, 1.700000000000000400 ) ) ;
#199 = CARTESIAN_POINT ( 'NONE',  ( 3.700000000000000178, 0.8000000000000000444, -1.000000000000000000 ) ) ;
#200 = LINE ( 'NONE', #1338, #1357 ) ;
#201 = DIRECTION ( 'NONE',  ( -0.000000000000000000, -1.000000000000000000, 1.807003620809174632E-16 ) ) ;
#202 = ADVANCED_FACE ( 'NONE', ( #1203 ), #890, .F. ) ;
#203 = CARTESIAN_POINT ( 'NONE',  ( -3.100000000000000533, 0.04999999999999969746, 3.499999999999999556 ) ) ;
#204 = ORIENTED_EDGE ( 'NONE', *, *, #1941, .T. ) ;
#205 = CARTESIAN_POINT ( 'NONE',  ( -3.700000000000000178, 3.199999999999999289, -0.1999999999999998723 ) ) ;
#206 = EDGE_CURVE ( 'NONE', #452, #923, #866, .T. ) ;
#207 = FACE_OUTER_BOUND ( 'NONE', #444, .T. ) ;
#208 = AXIS2_PLACEMENT_3D ( 'NONE', #823, #1831, #533 ) ;
#209 = PLANE ( 'NONE',  #1470 ) ;
#210 = ADVANCED_FACE ( 'NONE', ( #2015 ), #1858, .F. ) ;
#211 =( NAMED_UNIT ( * ) SI_UNIT ( $, .STERADIAN. ) SOLID_ANGLE_UNIT ( ) );
#212 = LINE ( 'NONE', #1373, #1144 ) ;
#213 = DIRECTION ( 'NONE',  ( -0.000000000000000000, -1.000000000000000000, -0.000000000000000000 ) ) ;
#214 = ORIENTED_EDGE ( 'NONE', *, *, #736, .F. ) ;
#215 = DIRECTION ( 'NONE',  ( 0.000000000000000000, 1.000000000000000000, 0.000000000000000000 ) ) ;
#216 = FACE_OUTER_BOUND ( 'NONE', #1740, .T. ) ;
#217 = CARTESIAN_POINT ( 'NONE',  ( 3.500000000000000888, 3.699999999999998845, 2.399999999999999911 ) ) ;
#218 = LINE ( 'NONE', #1527, #971 ) ;
#219 = DIRECTION ( 'NONE',  ( 0.000000000000000000, 1.000000000000000000, 0.000000000000000000 ) ) ;
#220 = PRESENTATION_LAYER_ASSIGNMENT (  '', '', ( #1580 ) ) ;
#221 = VECTOR ( 'NONE', #1352, 1000.000000000000000 ) ;
#222 = CARTESIAN_POINT ( 'NONE',  ( 3.700000000000000178, 3.199999999999999289, 0.2000000000000001499 ) ) ;
#223 = ORIENTED_EDGE ( 'NONE', *, *, #451, .T. ) ;
#224 = CARTESIAN_POINT ( 'NONE',  ( 3.500000000000000888, 3.699999999999998401, 0.2000000000000000944 ) ) ;
#225 = CARTESIAN_POINT ( 'NONE',  ( 3.500000000000000888, 0.09999999999999982514, -1.000000000000000000 ) ) ;
#226 = UNCERTAINTY_MEASURE_WITH_UNIT (LENGTH_MEASURE( 1.000000000000000082E-05 ), #2037, 'distance_accuracy_value', 'NONE');
#227 = DIRECTION ( 'NONE',  ( 0.000000000000000000, -0.000000000000000000, 1.000000000000000000 ) ) ;
#228 = DIRECTION ( 'NONE',  ( -0.000000000000000000, -0.000000000000000000, -1.000000000000000000 ) ) ;
#229 = ADVANCED_FACE ( 'NONE', ( #2024 ), #562, .F. ) ;
#230 = SURFACE_STYLE_FILL_AREA ( #1679 ) ;
#231 = LINE ( 'NONE', #66, #1045 ) ;
#232 = CARTESIAN_POINT ( 'NONE',  ( -3.500000000000000888, 3.699999999999998845, -1.699999999999999734 ) ) ;
#233 = STYLED_ITEM ( 'NONE', ( #881 ), #135 ) ;
#234 = EDGE_LOOP ( 'NONE', ( #933, #1102, #1449, #910 ) ) ;
#235 = CARTESIAN_POINT ( 'NONE',  ( 3.700000000000000178, 0.8000000000000000444, -1.000000000000000000 ) ) ;
#236 = PLANE ( 'NONE',  #392 ) ;
#237 = DIRECTION ( 'NONE',  ( 0.000000000000000000, -0.000000000000000000, -1.000000000000000000 ) ) ;
#238 = AXIS2_PLACEMENT_3D ( 'NONE', #1843, #839, #1821 ) ;
#239 = DIRECTION ( 'NONE',  ( 0.000000000000000000, 1.000000000000000000, 0.000000000000000000 ) ) ;
#240 = ADVANCED_FACE ( 'NONE', ( #524 ), #1050, .F. ) ;
#241 = CARTESIAN_POINT ( 'NONE',  ( -3.100000000000000533, 0.04999999999999969746, -3.499999999999999556 ) ) ;
#242 = DIRECTION ( 'NONE',  ( 0.000000000000000000, 2.891205793294678819E-16, 1.000000000000000000 ) ) ;
#243 = EDGE_CURVE ( 'NONE', #464, #1166, #1377, .T. ) ;
#244 = AXIS2_PLACEMENT_3D ( 'NONE', #539, #239, #1027 ) ;
#245 = ORIENTED_EDGE ( 'NONE', *, *, #2041, .F. ) ;
#246 = FACE_OUTER_BOUND ( 'NONE', #3, .T. ) ;
#247 = PLANE ( 'NONE',  #1238 ) ;
#248 = FILL_AREA_STYLE ('',( #1690 ) ) ;
#249 = APPLICATION_PROTOCOL_DEFINITION ( 'draft international standard', 'automotive_design', 1998, #129 ) ;
#250 = VERTEX_POINT ( 'NONE', #235 ) ;
#251 = LINE ( 'NONE', #747, #36 ) ;
#252 = PLANE ( 'NONE',  #1446 ) ;
#253 = VECTOR ( 'NONE', #917, 1000.000000000000000 ) ;
#254 = VECTOR ( 'NONE', #1362, 1000.000000000000000 ) ;
#255 = EDGE_LOOP ( 'NONE', ( #313, #481, #578, #1735, #1642, #2067, #1022 ) ) ;
#256 = PLANE ( 'NONE',  #2094 ) ;
#257 = DIRECTION ( 'NONE',  ( 0.000000000000000000, 1.000000000000000000, 0.000000000000000000 ) ) ;
#258 = VECTOR ( 'NONE', #884, 1000.000000000000000 ) ;
#259 = ORIENTED_EDGE ( 'NONE', *, *, #937, .T. ) ;
#260 = VERTEX_POINT ( 'NONE', #545 ) ;
#261 = DIRECTION ( 'NONE',  ( 0.000000000000000000, 0.6347394233600139879, 0.7727262545252341353 ) ) ;
#262 = CARTESIAN_POINT ( 'NONE',  ( -3.100000000000000533, 0.04999999999999969746, 3.100000000000000089 ) ) ;
#263 = ORIENTED_EDGE ( 'NONE', *, *, #687, .T. ) ;
#264 = DIRECTION ( 'NONE',  ( 0.000000000000000000, -0.6347394233600139879, 0.7727262545252341353 ) ) ;
#265 = CARTESIAN_POINT ( 'NONE',  ( 0.000000000000000000, 0.1000000000000000056, 0.000000000000000000 ) ) ;
#266 = VECTOR ( 'NONE', #242, 1000.000000000000000 ) ;
#267 = VECTOR ( 'NONE', #1304, 1000.000000000000000 ) ;
#268 = ADVANCED_FACE ( 'NONE', ( #556 ), #886, .F. ) ;
#269 = ORIENTED_EDGE ( 'NONE', *, *, #107, .T. ) ;
#270 = ORIENTED_EDGE ( 'NONE', *, *, #729, .T. ) ;
#271 = EDGE_CURVE ( 'NONE', #1453, #1910, #724, .T. ) ;
#272 = ORIENTED_EDGE ( 'NONE', *, *, #1518, .T. ) ;
#273 = VECTOR ( 'NONE', #1676, 1000.000000000000114 ) ;
#274 = LINE ( 'NONE', #1099, #1003 ) ;
#275 = VERTEX_POINT ( 'NONE', #395 ) ;
#276 = CARTESIAN_POINT ( 'NONE',  ( 3.500000000000000888, 4.163799117101001052E-16, 1.000000000000000666 ) ) ;
#277 = LINE ( 'NONE', #809, #1014 ) ;
#278 = VECTOR ( 'NONE', #473, 1000.000000000000000 ) ;
#279 = ORIENTED_EDGE ( 'NONE', *, *, #604, .T. ) ;
#280 = ORIENTED_EDGE ( 'NONE', *, *, #1054, .F. ) ;
#281 = ORIENTED_EDGE ( 'NONE', *, *, #2008, .T. ) ;
#282 = CARTESIAN_POINT ( 'NONE',  ( -3.700000000000000178, 3.499999999999999112, -0.1999999999999999278 ) ) ;
#283 = FILL_AREA_STYLE ('',( #1738 ) ) ;
#284 = ORIENTED_EDGE ( 'NONE', *, *, #577, .T. ) ;
#285 = CARTESIAN_POINT ( 'NONE',  ( -3.500000000000000444, 0.1000000000000000056, 2.299999999999999822 ) ) ;
#286 = DIRECTION ( 'NONE',  ( 0.000000000000000000, 1.000000000000000000, 0.000000000000000000 ) ) ;
#287 = ORIENTED_EDGE ( 'NONE', *, *, #737, .T. ) ;
#288 = ORIENTED_EDGE ( 'NONE', *, *, #1118, .F. ) ;
#289 = VERTEX_POINT ( 'NONE', #376 ) ;
#290 = CARTESIAN_POINT ( 'NONE',  ( 0.000000000000000000, 0.1000000000000000056, 0.000000000000000000 ) ) ;
#291 = CYLINDRICAL_SURFACE ( 'NONE', #973, 0.4250000000000000444 ) ;
#292 = EDGE_CURVE ( 'NONE', #1447, #2090, #2030, .T. ) ;
#293 = EDGE_LOOP ( 'NONE', ( #471, #1398, #2038, #160 ) ) ;
#294 = CARTESIAN_POINT ( 'NONE',  ( 3.500000000000000888, 0.000000000000000000, 2.399999999999999911 ) ) ;
#295 = CARTESIAN_POINT ( 'NONE',  ( 3.700000000000000178, 4.199999999999998401, 1.700000000000000178 ) ) ;
#296 = ORIENTED_EDGE ( 'NONE', *, *, #1968, .F. ) ;
#297 = ORIENTED_EDGE ( 'NONE', *, *, #577, .F. ) ;
#298 = ORIENTED_EDGE ( 'NONE', *, *, #1054, .T. ) ;
#299 = DIRECTION ( 'NONE',  ( -1.000000000000000000, -0.000000000000000000, -0.000000000000000000 ) ) ;
#300 = AXIS2_PLACEMENT_3D ( 'NONE', #109, #585, #1565 ) ;
#301 = ADVANCED_FACE ( 'NONE', ( #69 ), #1991, .T. ) ;
#302 = VECTOR ( 'NONE', #1641, 1000.000000000000000 ) ;
#303 = ORIENTED_EDGE ( 'NONE', *, *, #712, .F. ) ;
#304 = CARTESIAN_POINT ( 'NONE',  ( 3.099999999999998757, -9.899494936611665352, -3.500000000000000000 ) ) ;
#305 = LINE ( 'NONE', #458, #1510 ) ;
#306 = ORIENTED_EDGE ( 'NONE', *, *, #1434, .T. ) ;
#307 = CARTESIAN_POINT ( 'NONE',  ( -3.700000000000000178, 0.1999999999999992339, 2.399999999999999911 ) ) ;
#308 = ORIENTED_EDGE ( 'NONE', *, *, #1778, .F. ) ;
#309 = ORIENTED_EDGE ( 'NONE', *, *, #186, .T. ) ;
#310 = VERTEX_POINT ( 'NONE', #1033 ) ;
#311 = DIRECTION ( 'NONE',  ( 0.000000000000000000, -1.000000000000000000, 0.000000000000000000 ) ) ;
#312 = CARTESIAN_POINT ( 'NONE',  ( 3.499999999999999556, -9.899494936611665352, -3.099999999999999645 ) ) ;
#313 = ORIENTED_EDGE ( 'NONE', *, *, #1489, .F. ) ;
#314 = FACE_OUTER_BOUND ( 'NONE', #1146, .T. ) ;
#315 = DIRECTION ( 'NONE',  ( 0.000000000000000000, -1.000000000000000000, 1.807003620809174632E-16 ) ) ;
#316 = VERTEX_POINT ( 'NONE', #1492 ) ;
#317 = DIRECTION ( 'NONE',  ( 0.000000000000000000, 0.000000000000000000, 1.000000000000000000 ) ) ;
#318 = VECTOR ( 'NONE', #64, 1000.000000000000000 ) ;
#319 = VECTOR ( 'NONE', #2079, 1000.000000000000000 ) ;
#320 = VECTOR ( 'NONE', #1958, 1000.000000000000000 ) ;
#321 = ORIENTED_EDGE ( 'NONE', *, *, #1182, .T. ) ;
#322 = ORIENTED_EDGE ( 'NONE', *, *, #1402, .T. ) ;
#323 = AXIS2_PLACEMENT_3D ( 'NONE', #1129, #970, #1779 ) ;
#324 = ORIENTED_EDGE ( 'NONE', *, *, #736, .T. ) ;
#325 = LINE ( 'NONE', #1624, #278 ) ;
#326 = CARTESIAN_POINT ( 'NONE',  ( 1.599999999999999867, 0.1000000000000000056, -2.299999999999999822 ) ) ;
#327 = CARTESIAN_POINT ( 'NONE',  ( -2.100000000000000089, 0.09999999999999982514, 1.000000000000000444 ) ) ;
#328 = LINE ( 'NONE', #27, #1772 ) ;
#329 = EDGE_CURVE ( 'NONE', #1910, #1176, #963, .T. ) ;
#330 = ORIENTED_EDGE ( 'NONE', *, *, #937, .F. ) ;
#331 = DIRECTION ( 'NONE',  ( -0.000000000000000000, -1.000000000000000000, -0.000000000000000000 ) ) ;
#332 = CARTESIAN_POINT ( 'NONE',  ( 3.500000000000000444, 0.1000000000000000056, -2.299999999999999822 ) ) ;
#333 = ORIENTED_EDGE ( 'NONE', *, *, #1293, .T. ) ;
#334 = ORIENTED_EDGE ( 'NONE', *, *, #2028, .F. ) ;
#335 = EDGE_CURVE ( 'NONE', #1166, #1269, #1367, .T. ) ;
#336 = ORIENTED_EDGE ( 'NONE', *, *, #1434, .F. ) ;
#337 = LINE ( 'NONE', #6, #721 ) ;
#338 = EDGE_CURVE ( 'NONE', #1076, #375, #889, .T. ) ;
#339 = CARTESIAN_POINT ( 'NONE',  ( 3.700000000000000178, 3.699999999999998845, 2.399999999999999911 ) ) ;
#340 = ADVANCED_FACE ( 'NONE', ( #354 ), #2020, .T. ) ;
#341 = AXIS2_PLACEMENT_3D ( 'NONE', #192, #648, #1292 ) ;
#342 = LINE ( 'NONE', #822, #1893 ) ;
#343 = DIRECTION ( 'NONE',  ( 0.000000000000000000, 0.000000000000000000, 1.000000000000000000 ) ) ;
#344 = AXIS2_PLACEMENT_3D ( 'NONE', #1174, #1011, #185 ) ;
#345 = ORIENTED_EDGE ( 'NONE', *, *, #710, .F. ) ;
#346 = FACE_OUTER_BOUND ( 'NONE', #637, .T. ) ;
#347 = CARTESIAN_POINT ( 'NONE',  ( 3.500000000000000888, 0.3007616146229997178, -0.3922315308453926397 ) ) ;
#348 = DIRECTION ( 'NONE',  ( 0.000000000000000000, -1.000000000000000000, 2.168404344971012566E-16 ) ) ;
#349 = LINE ( 'NONE', #832, #1361 ) ;
#350 = VECTOR ( 'NONE', #706, 1000.000000000000000 ) ;
#351 = CARTESIAN_POINT ( 'NONE',  ( 0.000000000000000000, 0.05000000000000000278, 0.000000000000000000 ) ) ;
#352 = CARTESIAN_POINT ( 'NONE',  ( -3.500000000000000444, 0.1000000000000000056, -2.299999999999999822 ) ) ;
#353 = ORIENTED_EDGE ( 'NONE', *, *, #1938, .F. ) ;
#354 = FACE_OUTER_BOUND ( 'NONE', #1809, .T. ) ;
#355 = DIRECTION ( 'NONE',  ( 0.000000000000000000, 0.000000000000000000, -1.000000000000000000 ) ) ;
#356 = ORIENTED_EDGE ( 'NONE', *, *, #1468, .F. ) ;
#357 = CARTESIAN_POINT ( 'NONE',  ( -2.500000000000000444, 4.799999999999999822, -2.174999999999999822 ) ) ;
#358 = AXIS2_PLACEMENT_3D ( 'NONE', #416, #1069, #1719 ) ;
#359 = DIRECTION ( 'NONE',  ( 0.000000000000000000, 0.6347394233600138769, -0.7727262545252342463 ) ) ;
#360 = EDGE_CURVE ( 'NONE', #2098, #1589, #1653, .T. ) ;
#361 = CARTESIAN_POINT ( 'NONE',  ( -3.500000000000000888, 0.04999999999999969746, 3.100000000000000089 ) ) ;
#362 = CIRCLE ( 'NONE', #905, 0.1999999999999992339 ) ;
#363 = DIRECTION ( 'NONE',  ( -1.000000000000000000, 0.000000000000000000, 0.000000000000000000 ) ) ;
#364 = PRODUCT_DEFINITION_CONTEXT ( 'detailed design', #129, 'design' ) ;
#365 = EDGE_CURVE ( 'NONE', #310, #1458, #53, .T. ) ;
#366 = EDGE_LOOP ( 'NONE', ( #982, #1921, #1636, #454, #1095, #1787, #713, #813, #469, #1230, #595, #1131, #657, #1270, #394, #968 ) ) ;
#367 = DIRECTION ( 'NONE',  ( 0.000000000000000000, 0.000000000000000000, -1.000000000000000000 ) ) ;
#368 = EDGE_CURVE ( 'NONE', #921, #409, #384, .T. ) ;
#369 = DIRECTION ( 'NONE',  ( -1.000000000000000000, -0.000000000000000000, -0.000000000000000000 ) ) ;
#370 = DIRECTION ( 'NONE',  ( 0.000000000000000000, 1.000000000000000000, 0.000000000000000000 ) ) ;
#371 = DIRECTION ( 'NONE',  ( -0.000000000000000000, 0.000000000000000000, -1.000000000000000000 ) ) ;
#372 = LINE ( 'NONE', #1671, #221 ) ;
#373 = EDGE_CURVE ( 'NONE', #310, #1222, #1833, .T. ) ;
#374 = CARTESIAN_POINT ( 'NONE',  ( 3.500000000000000888, 0.09999999999999982514, -1.000000000000000000 ) ) ;
#375 = VERTEX_POINT ( 'NONE', #1042 ) ;
#376 = CARTESIAN_POINT ( 'NONE',  ( -3.500000000000001332, 1.949999999999999956, -2.399999999999999911 ) ) ;
#377 = DIRECTION ( 'NONE',  ( 0.000000000000000000, 0.000000000000000000, -1.000000000000000000 ) ) ;
#378 = LINE ( 'NONE', #1337, #1295 ) ;
#379 = CARTESIAN_POINT ( 'NONE',  ( -2.100000000000000089, 0.04999999999999622802, 2.399999999999999911 ) ) ;
#380 = VECTOR ( 'NONE', #880, 1000.000000000000000 ) ;
#381 = CARTESIAN_POINT ( 'NONE',  ( 3.500000000000000888, 3.199999999999999289, -0.1999999999999998723 ) ) ;
#382 = SURFACE_SIDE_STYLE ('',( #1206 ) ) ;
#383 = ORIENTED_EDGE ( 'NONE', *, *, #1945, .T. ) ;
#384 = LINE ( 'NONE', #695, #28 ) ;
#385 = EDGE_CURVE ( 'NONE', #907, #1765, #1665, .T. ) ;
#386 = CARTESIAN_POINT ( 'NONE',  ( 3.099999999999999645, -9.899494936611665352, 3.499999999999999556 ) ) ;
#387 = LINE ( 'NONE', #688, #960 ) ;
#388 =( NAMED_UNIT ( * ) SI_UNIT ( $, .STERADIAN. ) SOLID_ANGLE_UNIT ( ) );
#389 = LINE ( 'NONE', #1204, #1746 ) ;
#390 = PLANE ( 'NONE',  #1178 ) ;
#391 = AXIS2_PLACEMENT_3D ( 'NONE', #1111, #2092, #1143 ) ;
#392 = AXIS2_PLACEMENT_3D ( 'NONE', #1378, #1059, #2031 ) ;
#393 = CARTESIAN_POINT ( 'NONE',  ( -3.500000000000000888, 0.3007616146229997178, -0.3922315308453926397 ) ) ;
#394 = ORIENTED_EDGE ( 'NONE', *, *, #1190, .T. ) ;
#395 = CARTESIAN_POINT ( 'NONE',  ( 3.499999999999999112, 0.04999999999999969746, 2.299999999999999822 ) ) ;
#396 = CARTESIAN_POINT ( 'NONE',  ( -3.100000000000000533, 4.799999999999999822, 3.100000000000000089 ) ) ;
#397 = EDGE_CURVE ( 'NONE', #788, #1862, #40, .T. ) ;
#398 = UNCERTAINTY_MEASURE_WITH_UNIT (LENGTH_MEASURE( 1.000000000000000082E-05 ), #1529, 'distance_accuracy_value', 'NONE');
#399 = DIRECTION ( 'NONE',  ( 0.000000000000000000, -1.000000000000000000, -2.710505431213761085E-16 ) ) ;
#400 = SURFACE_SIDE_STYLE ('',( #230 ) ) ;
#401 = ADVANCED_FACE ( 'NONE', ( #1707 ), #1255, .F. ) ;
#402 = DIRECTION ( 'NONE',  ( 0.000000000000000000, -0.6347394233600139879, 0.7727262545252341353 ) ) ;
#403 = DIRECTION ( 'NONE',  ( 0.000000000000000000, -0.6347394233600139879, -0.7727262545252341353 ) ) ;
#404 = ORIENTED_EDGE ( 'NONE', *, *, #1281, .F. ) ;
#405 = CARTESIAN_POINT ( 'NONE',  ( -3.500000000000000444, 0.05000000000000000278, 2.299999999999999822 ) ) ;
#406 = DIRECTION ( 'NONE',  ( 0.000000000000000000, 0.000000000000000000, 1.000000000000000000 ) ) ;
#407 = LINE ( 'NONE', #83, #1343 ) ;
#408 = AXIS2_PLACEMENT_3D ( 'NONE', #174, #377, #1313 ) ;
#409 = VERTEX_POINT ( 'NONE', #2056 ) ;
#410 = CARTESIAN_POINT ( 'NONE',  ( 3.500000000000000444, 0.1000000000000000056, 2.299999999999999822 ) ) ;
#411 =( NAMED_UNIT ( * ) SI_UNIT ( $, .STERADIAN. ) SOLID_ANGLE_UNIT ( ) );
#412 = AXIS2_PLACEMENT_3D ( 'NONE', #1485, #537, #227 ) ;
#413 = ORIENTED_EDGE ( 'NONE', *, *, #712, .T. ) ;
#414 = FACE_OUTER_BOUND ( 'NONE', #1414, .T. ) ;
#415 = VECTOR ( 'NONE', #197, 1000.000000000000000 ) ;
#416 = CARTESIAN_POINT ( 'NONE',  ( 0.000000000000000000, 0.1000000000000000056, 0.000000000000000000 ) ) ;
#417 = VERTEX_POINT ( 'NONE', #928 ) ;
#418 = ORIENTED_EDGE ( 'NONE', *, *, #1340, .T. ) ;
#419 = ADVANCED_FACE ( 'NONE', ( #246 ), #596, .F. ) ;
#420 = CARTESIAN_POINT ( 'NONE',  ( -2.500000000000000444, 4.500000000000000000, -3.024999999999999911 ) ) ;
#421 = EDGE_CURVE ( 'NONE', #431, #738, #1718, .T. ) ;
#422 = VECTOR ( 'NONE', #1026, 1000.000000000000000 ) ;
#423 = DIRECTION ( 'NONE',  ( 0.000000000000000000, 1.000000000000000000, 0.000000000000000000 ) ) ;
#424 = AXIS2_PLACEMENT_3D ( 'NONE', #1933, #1943, #974 ) ;
#425 = AXIS2_PLACEMENT_3D ( 'NONE', #1221, #759, #1382 ) ;
#426 = EDGE_CURVE ( 'NONE', #2103, #1601, #1087, .T. ) ;
#427 = ORIENTED_EDGE ( 'NONE', *, *, #955, .T. ) ;
#428 = FACE_OUTER_BOUND ( 'NONE', #1734, .T. ) ;
#429 = DIRECTION ( 'NONE',  ( 0.000000000000000000, -0.000000000000000000, -1.000000000000000000 ) ) ;
#430 = EDGE_CURVE ( 'NONE', #921, #1949, #1077, .T. ) ;
#431 = VERTEX_POINT ( 'NONE', #2082 ) ;
#432 = ORIENTED_EDGE ( 'NONE', *, *, #576, .F. ) ;
#433 = ORIENTED_EDGE ( 'NONE', *, *, #833, .T. ) ;
#434 = CARTESIAN_POINT ( 'NONE',  ( -3.100000000000000533, -9.899494936611665352, -3.499999999999999556 ) ) ;
#435 = LINE ( 'NONE', #1749, #319 ) ;
#436 = VERTEX_POINT ( 'NONE', #895 ) ;
#437 = CARTESIAN_POINT ( 'NONE',  ( 3.700000000000000178, 3.499999999999999112, -0.1999999999999999278 ) ) ;
#438 = AXIS2_PLACEMENT_3D ( 'NONE', #166, #820, #1466 ) ;
#439 = LINE ( 'NONE', #649, #1612 ) ;
#440 = VECTOR ( 'NONE', #403, 1000.000000000000114 ) ;
#441 = VERTEX_POINT ( 'NONE', #763 ) ;
#442 = ORIENTED_EDGE ( 'NONE', *, *, #530, .T. ) ;
#443 = CARTESIAN_POINT ( 'NONE',  ( -3.700000000000000178, 0.1999999999999992339, -1.000000000000000000 ) ) ;
#444 = EDGE_LOOP ( 'NONE', ( #306, #622, #1936, #92 ) ) ;
#445 = VECTOR ( 'NONE', #1493, 1000.000000000000000 ) ;
#446 = DIRECTION ( 'NONE',  ( 0.000000000000000000, 1.000000000000000000, 0.000000000000000000 ) ) ;
#447 =( NAMED_UNIT ( * ) PLANE_ANGLE_UNIT ( ) SI_UNIT ( $, .RADIAN. ) );
#448 = VERTEX_POINT ( 'NONE', #618 ) ;
#449 = DIRECTION ( 'NONE',  ( 0.000000000000000000, 1.000000000000000000, 0.000000000000000000 ) ) ;
#450 = DIRECTION ( 'NONE',  ( -0.000000000000000000, -1.000000000000000000, -0.000000000000000000 ) ) ;
#451 = EDGE_CURVE ( 'NONE', #275, #837, #574, .T. ) ;
#452 = VERTEX_POINT ( 'NONE', #437 ) ;
#453 = ORIENTED_EDGE ( 'NONE', *, *, #1281, .T. ) ;
#454 = ORIENTED_EDGE ( 'NONE', *, *, #107, .F. ) ;
#455 = FACE_OUTER_BOUND ( 'NONE', #1937, .T. ) ;
#456 = ORIENTED_EDGE ( 'NONE', *, *, #2012, .T. ) ;
#457 = DIRECTION ( 'NONE',  ( 0.000000000000000000, -1.000000000000000000, 1.807003620809174632E-16 ) ) ;
#458 = CARTESIAN_POINT ( 'NONE',  ( -3.500000000000000888, 3.699999999999998401, 0.2000000000000000944 ) ) ;
#459 = VECTOR ( 'NONE', #1405, 1000.000000000000000 ) ;
#460 = EDGE_CURVE ( 'NONE', #1156, #1618, #96, .T. ) ;
#461 = ORIENTED_EDGE ( 'NONE', *, *, #1488, .T. ) ;
#462 = VERTEX_POINT ( 'NONE', #1587 ) ;
#463 = ADVANCED_FACE ( 'NONE', ( #751 ), #1911, .T. ) ;
#464 = VERTEX_POINT ( 'NONE', #276 ) ;
#465 = DIRECTION ( 'NONE',  ( 0.000000000000000000, 2.710505431213761085E-16, -1.000000000000000000 ) ) ;
#466 = VERTEX_POINT ( 'NONE', #1415 ) ;
#467 = DIRECTION ( 'NONE',  ( 0.000000000000000000, -1.000000000000000000, -2.710505431213761085E-16 ) ) ;
#468 = DIRECTION ( 'NONE',  ( 0.000000000000000000, 1.000000000000000000, 0.000000000000000000 ) ) ;
#469 = ORIENTED_EDGE ( 'NONE', *, *, #329, .T. ) ;
#470 = VERTEX_POINT ( 'NONE', #1404 ) ;
#471 = ORIENTED_EDGE ( 'NONE', *, *, #368, .F. ) ;
#472 = ORIENTED_EDGE ( 'NONE', *, *, #186, .F. ) ;
#473 = DIRECTION ( 'NONE',  ( -0.000000000000000000, -1.000000000000000000, 1.807003620809174632E-16 ) ) ;
#474 = VECTOR ( 'NONE', #1346, 1000.000000000000000 ) ;
#475 = CARTESIAN_POINT ( 'NONE',  ( 3.500000000000000888, 3.699999999999998845, 1.700000000000000178 ) ) ;
#476 = ORIENTED_EDGE ( 'NONE', *, *, #1190, .F. ) ;
#477 = DIRECTION ( 'NONE',  ( 0.000000000000000000, 1.000000000000000000, -0.000000000000000000 ) ) ;
#478 = CARTESIAN_POINT ( 'NONE',  ( 3.700000000000000178, 0.8000000000000004885, 1.000000000000000888 ) ) ;
#479 = ORIENTED_EDGE ( 'NONE', *, *, #1879, .F. ) ;
#480 = DIRECTION ( 'NONE',  ( 0.000000000000000000, 0.000000000000000000, 1.000000000000000000 ) ) ;
#481 = ORIENTED_EDGE ( 'NONE', *, *, #1533, .F. ) ;
#482 = VERTEX_POINT ( 'NONE', #1103 ) ;
#483 = PLANE ( 'NONE',  #690 ) ;
#484 = PLANE ( 'NONE',  #542 ) ;
#485 = CARTESIAN_POINT ( 'NONE',  ( 3.500000000000000888, 3.199999999999998401, 2.399999999999999911 ) ) ;
#486 = EDGE_CURVE ( 'NONE', #1076, #1657, #2068, .T. ) ;
#487 = ORIENTED_EDGE ( 'NONE', *, *, #9, .F. ) ;
#488 = CARTESIAN_POINT ( 'NONE',  ( 3.700000000000000178, 3.199999999999999289, -0.1999999999999998723 ) ) ;
#489 = EDGE_CURVE ( 'NONE', #52, #470, #1751, .T. ) ;
#490 = ORIENTED_EDGE ( 'NONE', *, *, #426, .T. ) ;
#491 = DIRECTION ( 'NONE',  ( -0.000000000000000000, -0.000000000000000000, -1.000000000000000000 ) ) ;
#492 = CARTESIAN_POINT ( 'NONE',  ( -1.599999999999999867, 0.05000000000000000278, 2.299999999999999822 ) ) ;
#493 = CIRCLE ( 'NONE', #667, 0.2000000000000000111 ) ;
#494 = ORIENTED_EDGE ( 'NONE', *, *, #137, .F. ) ;
#495 = ADVANCED_FACE ( 'NONE', ( #774 ), #1386, .F. ) ;
#496 = VECTOR ( 'NONE', #1562, 1000.000000000000000 ) ;
#497 = ORIENTED_EDGE ( 'NONE', *, *, #897, .T. ) ;
#498 = CARTESIAN_POINT ( 'NONE',  ( 3.700000000000000178, 3.199999999999999289, -0.1999999999999998723 ) ) ;
#499 = DIRECTION ( 'NONE',  ( 1.000000000000000000, 0.000000000000000000, -0.000000000000000000 ) ) ;
#500 = PLANE ( 'NONE',  #323 ) ;
#501 = PLANE ( 'NONE',  #1812 ) ;
#502 = EDGE_LOOP ( 'NONE', ( #816, #1799, #334, #916 ) ) ;
#503 = DIRECTION ( 'NONE',  ( 0.000000000000000000, 2.710505431213761085E-16, -1.000000000000000000 ) ) ;
#504 = LINE ( 'NONE', #1158, #445 ) ;
#505 = PLANE ( 'NONE',  #1817 ) ;
#506 = AXIS2_PLACEMENT_3D ( 'NONE', #1153, #1018, #1974 ) ;
#507 = LINE ( 'NONE', #1638, #165 ) ;
#508 = LINE ( 'NONE', #475, #977 ) ;
#509 = DIRECTION ( 'NONE',  ( 0.000000000000000000, -1.000000000000000000, 0.000000000000000000 ) ) ;
#510 = AXIS2_PLACEMENT_3D ( 'NONE', #858, #1980, #14 ) ;
#511 = VECTOR ( 'NONE', #2011, 1000.000000000000000 ) ;
#512 = EDGE_LOOP ( 'NONE', ( #694, #1875, #2110, #1126 ) ) ;
#513 = CARTESIAN_POINT ( 'NONE',  ( 3.700000000000000178, 0.000000000000000000, -1.000000000000000000 ) ) ;
#514 = DIRECTION ( 'NONE',  ( 0.000000000000000000, 1.000000000000000000, 0.000000000000000000 ) ) ;
#515 = EDGE_CURVE ( 'NONE', #1323, #431, #1393, .T. ) ;
#516 = CARTESIAN_POINT ( 'NONE',  ( -3.100000000000000533, 4.799999999999999822, -3.499999999999999556 ) ) ;
#517 = FACE_OUTER_BOUND ( 'NONE', #951, .T. ) ;
#518 = AXIS2_PLACEMENT_3D ( 'NONE', #1868, #891, #84 ) ;
#519 = CARTESIAN_POINT ( 'NONE',  ( -3.700000000000000178, 3.699999999999998845, 1.700000000000000178 ) ) ;
#520 = ADVANCED_FACE ( 'NONE', ( #428 ), #256, .F. ) ;
#521 = ADVANCED_FACE ( 'NONE', ( #414 ), #908, .T. ) ;
#522 = DIRECTION ( 'NONE',  ( -0.000000000000000000, -0.000000000000000000, -1.000000000000000000 ) ) ;
#523 = VERTEX_POINT ( 'NONE', #1433 ) ;
#524 = FACE_OUTER_BOUND ( 'NONE', #1581, .T. ) ;
#525 = LINE ( 'NONE', #1179, #1394 ) ;
#526 = AXIS2_PLACEMENT_3D ( 'NONE', #742, #628, #1769 ) ;
#527 = DIRECTION ( 'NONE',  ( -0.000000000000000000, -0.000000000000000000, -1.000000000000000000 ) ) ;
#528 = AXIS2_PLACEMENT_3D ( 'NONE', #35, #531, #1185 ) ;
#529 = CARTESIAN_POINT ( 'NONE',  ( -3.500000000000000444, 0.04999999999999969746, -3.100000000000000089 ) ) ;
#530 = EDGE_CURVE ( 'NONE', #161, #12, #1602, .T. ) ;
#531 = DIRECTION ( 'NONE',  ( -1.000000000000000000, 0.000000000000000000, 0.000000000000000000 ) ) ;
#532 = AXIS2_PLACEMENT_3D ( 'NONE', #2062, #1459, #13 ) ;
#533 = DIRECTION ( 'NONE',  ( 0.000000000000000000, 0.000000000000000000, 1.000000000000000000 ) ) ;
#534 = ORIENTED_EDGE ( 'NONE', *, *, #18, .T. ) ;
#535 = DIRECTION ( 'NONE',  ( -0.000000000000000000, 0.000000000000000000, -1.000000000000000000 ) ) ;
#536 = LINE ( 'NONE', #1971, #2045 ) ;
#537 = DIRECTION ( 'NONE',  ( 0.000000000000000000, 1.000000000000000000, 0.000000000000000000 ) ) ;
#538 = PLANE ( 'NONE',  #1891 ) ;
#539 = CARTESIAN_POINT ( 'NONE',  ( -2.500000000000000444, 4.500000000000000000, -2.600000000000000089 ) ) ;
#540 = CARTESIAN_POINT ( 'NONE',  ( 3.700000000000000178, 0.8000000000000004885, 1.000000000000000888 ) ) ;
#541 = ADVANCED_FACE ( 'NONE', ( #314 ), #2104, .F. ) ;
#542 = AXIS2_PLACEMENT_3D ( 'NONE', #1805, #1659, #499 ) ;
#543 = CARTESIAN_POINT ( 'NONE',  ( 3.700000000000000178, 3.199999999999999734, -1.699999999999999956 ) ) ;
#544 = ORIENTED_EDGE ( 'NONE', *, *, #1968, .T. ) ;
#545 = CARTESIAN_POINT ( 'NONE',  ( -3.700000000000000178, 3.199999999999999734, -1.700000000000000622 ) ) ;
#546 = VECTOR ( 'NONE', #1672, 1000.000000000000000 ) ;
#547 = CARTESIAN_POINT ( 'NONE',  ( -3.500000000000001332, 0.09999999999999982514, 1.000000000000000666 ) ) ;
#548 = DIRECTION ( 'NONE',  ( -0.000000000000000000, -0.000000000000000000, -1.000000000000000000 ) ) ;
#549 = LINE ( 'NONE', #871, #318 ) ;
#550 =( LENGTH_UNIT ( ) NAMED_UNIT ( * ) SI_UNIT ( .MILLI., .METRE. ) );
#551 = VECTOR ( 'NONE', #74, 1000.000000000000000 ) ;
#552 = CARTESIAN_POINT ( 'NONE',  ( 3.700000000000000178, 4.200000000000000178, -1.699999999999999956 ) ) ;
#553 = LINE ( 'NONE', #232, #1360 ) ;
#554 = EDGE_CURVE ( 'NONE', #452, #1176, #1594, .T. ) ;
#555 = ORIENTED_EDGE ( 'NONE', *, *, #715, .F. ) ;
#556 = FACE_OUTER_BOUND ( 'NONE', #366, .T. ) ;
#557 = DIRECTION ( 'NONE',  ( 0.000000000000000000, 1.000000000000000000, 0.000000000000000000 ) ) ;
#558 = EDGE_CURVE ( 'NONE', #802, #316, #132, .T. ) ;
#559 = ADVANCED_FACE ( 'NONE', ( #1782 ), #793, .F. ) ;
#560 = CARTESIAN_POINT ( 'NONE',  ( -3.700000000000000178, 3.199999999999999734, 1.700000000000000400 ) ) ;
#561 = ADVANCED_FACE ( 'NONE', ( #1132 ), #1444, .F. ) ;
#562 = PLANE ( 'NONE',  #691 ) ;
#563 = FACE_OUTER_BOUND ( 'NONE', #1902, .T. ) ;
#564 = CARTESIAN_POINT ( 'NONE',  ( 3.700000000000000178, 3.199999999999999734, 1.700000000000000400 ) ) ;
#565 = PRESENTATION_STYLE_ASSIGNMENT (( #1520 ) ) ;
#566 = ORIENTED_EDGE ( 'NONE', *, *, #1848, .T. ) ;
#567 = CARTESIAN_POINT ( 'NONE',  ( -3.100000000000000533, -9.899494936611665352, 3.100000000000000089 ) ) ;
#568 = CARTESIAN_POINT ( 'NONE',  ( 3.500000000000000888, 3.699999999999998845, 2.399999999999999911 ) ) ;
#569 = CARTESIAN_POINT ( 'NONE',  ( 3.700000000000000178, 3.199999999999999289, 0.2000000000000001499 ) ) ;
#570 = DIRECTION ( 'NONE',  ( 1.000000000000000000, 0.000000000000000000, 0.000000000000000000 ) ) ;
#571 = CARTESIAN_POINT ( 'NONE',  ( 3.500000000000000888, 3.699999999999999289, 1.000000000000001776 ) ) ;
#572 = CARTESIAN_POINT ( 'NONE',  ( 3.700000000000000178, 4.163799117101001052E-16, 1.000000000000000666 ) ) ;
#573 = EDGE_LOOP ( 'NONE', ( #297, #172 ) ) ;
#574 = LINE ( 'NONE', #732, #698 ) ;
#575 = DIRECTION ( 'NONE',  ( 0.000000000000000000, 1.000000000000000000, -0.000000000000000000 ) ) ;
#576 = EDGE_CURVE ( 'NONE', #441, #1438, #1276, .T. ) ;
#577 = EDGE_CURVE ( 'NONE', #375, #1076, #975, .T. ) ;
#578 = ORIENTED_EDGE ( 'NONE', *, *, #1090, .F. ) ;
#579 = EDGE_CURVE ( 'NONE', #1410, #448, #948, .T. ) ;
#580 = FACE_OUTER_BOUND ( 'NONE', #1549, .T. ) ;
#581 = EDGE_CURVE ( 'NONE', #417, #2029, #1236, .T. ) ;
#582 = CARTESIAN_POINT ( 'NONE',  ( 1.599999999999999867, 0.1000000000000000056, -2.299999999999999822 ) ) ;
#583 = ADVANCED_FACE ( 'NONE', ( #346 ), #1904, .T. ) ;
#584 = EDGE_LOOP ( 'NONE', ( #943, #2073, #418, #1407 ) ) ;
#585 = DIRECTION ( 'NONE',  ( 0.000000000000000000, 0.000000000000000000, -1.000000000000000000 ) ) ;
#586 = FACE_OUTER_BOUND ( 'NONE', #767, .T. ) ;
#587 = EDGE_LOOP ( 'NONE', ( #1114, #1757, #1237, #308 ) ) ;
#588 = VERTEX_POINT ( 'NONE', #147 ) ;
#589 = ORIENTED_EDGE ( 'NONE', *, *, #1692, .F. ) ;
#590 = DIRECTION ( 'NONE',  ( 1.000000000000000000, -0.000000000000000000, -0.000000000000000000 ) ) ;
#591 = VECTOR ( 'NONE', #1052, 1000.000000000000000 ) ;
#592 = MECHANICAL_DESIGN_GEOMETRIC_PRESENTATION_REPRESENTATION (  '', ( #1580 ), #1794 ) ;
#593 = VECTOR ( 'NONE', #467, 1000.000000000000000 ) ;
#594 = VECTOR ( 'NONE', #1806, 1000.000000000000000 ) ;
#595 = ORIENTED_EDGE ( 'NONE', *, *, #1421, .T. ) ;
#596 = PLANE ( 'NONE',  #1494 ) ;
#597 = DIRECTION ( 'NONE',  ( -1.000000000000000000, 0.000000000000000000, 0.000000000000000000 ) ) ;
#598 = VERTEX_POINT ( 'NONE', #443 ) ;
#599 = ORIENTED_EDGE ( 'NONE', *, *, #1006, .T. ) ;
#600 = LINE ( 'NONE', #188, #730 ) ;
#601 = ORIENTED_EDGE ( 'NONE', *, *, #177, .F. ) ;
#602 = DIRECTION ( 'NONE',  ( 0.000000000000000000, -0.000000000000000000, 1.000000000000000000 ) ) ;
#603 =( NAMED_UNIT ( * ) SI_UNIT ( $, .STERADIAN. ) SOLID_ANGLE_UNIT ( ) );
#604 = EDGE_CURVE ( 'NONE', #1461, #598, #2, .T. ) ;
#605 = EDGE_CURVE ( 'NONE', #1403, #146, #1834, .T. ) ;
#606 = ORIENTED_EDGE ( 'NONE', *, *, #1874, .T. ) ;
#607 = CARTESIAN_POINT ( 'NONE',  ( -2.500000000000000444, 4.500000000000000000, -3.024999999999999911 ) ) ;
#608 = PLANE ( 'NONE',  #1408 ) ;
#609 = DIRECTION ( 'NONE',  ( -0.000000000000000000, 2.891205793294678326E-16, -1.000000000000000000 ) ) ;
#610 = CIRCLE ( 'NONE', #1907, 0.1999999999999992339 ) ;
#611 = ORIENTED_EDGE ( 'NONE', *, *, #1621, .T. ) ;
#612 = VERTEX_POINT ( 'NONE', #1448 ) ;
#613 = ORIENTED_EDGE ( 'NONE', *, *, #2041, .T. ) ;
#614 = VECTOR ( 'NONE', #1353, 1000.000000000000000 ) ;
#615 = FACE_OUTER_BOUND ( 'NONE', #150, .T. ) ;
#616 = VECTOR ( 'NONE', #1355, 1000.000000000000000 ) ;
#617 = EDGE_LOOP ( 'NONE', ( #766, #1766, #901, #988 ) ) ;
#618 = CARTESIAN_POINT ( 'NONE',  ( -2.100000000000000089, 0.09999999999999982514, -1.000000000000000000 ) ) ;
#619 = EDGE_CURVE ( 'NONE', #2098, #1458, #1002, .T. ) ;
#620 = DIRECTION ( 'NONE',  ( -1.000000000000000000, -0.000000000000000000, -0.000000000000000000 ) ) ;
#621 = VECTOR ( 'NONE', #1791, 1000.000000000000000 ) ;
#622 = ORIENTED_EDGE ( 'NONE', *, *, #579, .T. ) ;
#624 = VERTEX_POINT ( 'NONE', #1249 ) ;
#623 = EDGE_CURVE ( 'NONE', #1080, #140, #600, .T. ) ;
#625 = EDGE_LOOP ( 'NONE', ( #280, #333, #178, #330 ) ) ;
#626 = DIRECTION ( 'NONE',  ( -1.000000000000000000, 0.000000000000000000, 0.000000000000000000 ) ) ;
#627 = VERTEX_POINT ( 'NONE', #1147 ) ;
#628 = DIRECTION ( 'NONE',  ( 0.000000000000000000, 1.000000000000000000, 0.000000000000000000 ) ) ;
#629 = VECTOR ( 'NONE', #1741, 1000.000000000000000 ) ;
#630 = LINE ( 'NONE', #1783, #1306 ) ;
#631 = AXIS2_PLACEMENT_3D ( 'NONE', #1479, #692, #1029 ) ;
#632 = VERTEX_POINT ( 'NONE', #1482 ) ;
#633 = ORIENTED_EDGE ( 'NONE', *, *, #936, .F. ) ;
#634 = AXIS2_PLACEMENT_3D ( 'NONE', #814, #1820, #1570 ) ;
#635 = VERTEX_POINT ( 'NONE', #1096 ) ;
#636 = DIRECTION ( 'NONE',  ( 0.000000000000000000, 1.000000000000000000, 0.000000000000000000 ) ) ;
#637 = EDGE_LOOP ( 'NONE', ( #1586, #677, #939, #1005 ) ) ;
#638 = CARTESIAN_POINT ( 'NONE',  ( -3.500000000000000888, 3.699999999999998401, -0.2000000000000000944 ) ) ;
#639 = FACE_OUTER_BOUND ( 'NONE', #856, .T. ) ;
#640 = ORIENTED_EDGE ( 'NONE', *, *, #22, .F. ) ;
#641 = CARTESIAN_POINT ( 'NONE',  ( -3.700000000000000178, 0.8000000000000004885, 1.000000000000000888 ) ) ;
#642 = ORIENTED_EDGE ( 'NONE', *, *, #870, .T. ) ;
#643 = EDGE_CURVE ( 'NONE', #1946, #1775, #843, .T. ) ;
#644 = COLOUR_RGB ( '',1.000000000000000000, 1.000000000000000000, 1.000000000000000000 ) ;
#645 = ADVANCED_FACE ( 'NONE', ( #800 ), #1619, .T. ) ;
#646 = EDGE_LOOP ( 'NONE', ( #633, #1049, #122, #1567 ) ) ;
#647 = CARTESIAN_POINT ( 'NONE',  ( -3.500000000000000888, 0.000000000000000000, 2.399999999999999911 ) ) ;
#648 = DIRECTION ( 'NONE',  ( 0.000000000000000000, 0.000000000000000000, -1.000000000000000000 ) ) ;
#649 = CARTESIAN_POINT ( 'NONE',  ( 3.700000000000000178, 0.000000000000000000, -1.000000000000000000 ) ) ;
#650 = EDGE_LOOP ( 'NONE', ( #566, #1310, #1079, #790 ) ) ;
#651 = CARTESIAN_POINT ( 'NONE',  ( 3.500000000000000888, 0.09999999999999982514, 1.000000000000000444 ) ) ;
#652 = EDGE_CURVE ( 'NONE', #1403, #773, #1632, .T. ) ;
#653 = EDGE_LOOP ( 'NONE', ( #2107, #20, #1484, #88 ) ) ;
#654 = FACE_OUTER_BOUND ( 'NONE', #136, .T. ) ;
#655 = AXIS2_PLACEMENT_3D ( 'NONE', #728, #1714, #93 ) ;
#656 = DIRECTION ( 'NONE',  ( 1.000000000000000000, 0.000000000000000000, 0.000000000000000000 ) ) ;
#657 = ORIENTED_EDGE ( 'NONE', *, *, #873, .T. ) ;
#658 = ORIENTED_EDGE ( 'NONE', *, *, #2109, .F. ) ;
#659 = ORIENTED_EDGE ( 'NONE', *, *, #619, .T. ) ;
#660 = LINE ( 'NONE', #1963, #1919 ) ;
#661 = LINE ( 'NONE', #1317, #915 ) ;
#662 = CARTESIAN_POINT ( 'NONE',  ( -3.500000000000001332, 4.163799117101001052E-16, 1.000000000000000666 ) ) ;
#663 = LINE ( 'NONE', #2009, #1091 ) ;
#664 = EDGE_LOOP ( 'NONE', ( #2105, #1320, #995, #659 ) ) ;
#665 = CARTESIAN_POINT ( 'NONE',  ( 3.099999999999998757, 0.04999999999999969746, -3.099999999999999645 ) ) ;
#666 = DIRECTION ( 'NONE',  ( -0.000000000000000000, -1.000000000000000000, -0.000000000000000000 ) ) ;
#667 = AXIS2_PLACEMENT_3D ( 'NONE', #775, #620, #1133 ) ;
#668 = AXIS2_PLACEMENT_3D ( 'NONE', #722, #1680, #2026 ) ;
#669 = LINE ( 'NONE', #1271, #1063 ) ;
#670 = DIRECTION ( 'NONE',  ( 0.000000000000000000, 0.000000000000000000, 1.000000000000000000 ) ) ;
#671 = CARTESIAN_POINT ( 'NONE',  ( -2.100000000000000089, 4.163799117101001052E-16, 1.000000000000000666 ) ) ;
#672 = EDGE_CURVE ( 'NONE', #818, #1657, #1183, .T. ) ;
#673 = CARTESIAN_POINT ( 'NONE',  ( -3.700000000000000178, 4.199999999999998401, 1.700000000000000178 ) ) ;
#674 = EDGE_LOOP ( 'NONE', ( #175, #125, #789, #2019 ) ) ;
#675 = DIRECTION ( 'NONE',  ( 0.000000000000000000, 0.000000000000000000, 1.000000000000000000 ) ) ;
#676 = PLANE ( 'NONE',  #510 ) ;
#677 = ORIENTED_EDGE ( 'NONE', *, *, #2065, .F. ) ;
#678 = ADVANCED_FACE ( 'NONE', ( #654 ), #989, .F. ) ;
#679 = CARTESIAN_POINT ( 'NONE',  ( -3.500000000000000888, -9.899494936611665352, 3.100000000000000089 ) ) ;
#680 = PLANE ( 'NONE',  #341 ) ;
#681 = LINE ( 'NONE', #1828, #1723 ) ;
#682 = DIRECTION ( 'NONE',  ( -0.000000000000000000, -0.000000000000000000, -1.000000000000000000 ) ) ;
#683 = CIRCLE ( 'NONE', #344, 0.4250000000000000444 ) ;
#684 = ORIENTED_EDGE ( 'NONE', *, *, #672, .T. ) ;
#685 = DIRECTION ( 'NONE',  ( -0.000000000000000000, -0.000000000000000000, -1.000000000000000000 ) ) ;
#686 = LINE ( 'NONE', #1515, #65 ) ;
#687 = EDGE_CURVE ( 'NONE', #1888, #2029, #1475, .T. ) ;
#688 = CARTESIAN_POINT ( 'NONE',  ( 3.500000000000000888, 3.699999999999998845, -1.699999999999999734 ) ) ;
#689 = LINE ( 'NONE', #1985, #1457 ) ;
#690 = AXIS2_PLACEMENT_3D ( 'NONE', #290, #311, #1777 ) ;
#691 = AXIS2_PLACEMENT_3D ( 'NONE', #726, #2033, #367 ) ;
#692 = DIRECTION ( 'NONE',  ( 0.000000000000000000, 1.000000000000000000, 0.000000000000000000 ) ) ;
#693 = LINE ( 'NONE', #1998, #1532 ) ;
#694 = ORIENTED_EDGE ( 'NONE', *, *, #1241, .F. ) ;
#695 = CARTESIAN_POINT ( 'NONE',  ( 3.700000000000000178, 0.8000000000000004885, 1.000000000000000888 ) ) ;
#696 = LINE ( 'NONE', #1476, #953 ) ;
#697 =( GEOMETRIC_REPRESENTATION_CONTEXT ( 3 ) GLOBAL_UNCERTAINTY_ASSIGNED_CONTEXT ( ( #1524 ) ) GLOBAL_UNIT_ASSIGNED_CONTEXT ( ( #1413, #447, #603 ) ) REPRESENTATION_CONTEXT ( 'NONE', 'WORKASPACE' ) );
#698 = VECTOR ( 'NONE', #1731, 1000.000000000000000 ) ;
#699 = CARTESIAN_POINT ( 'NONE',  ( 3.700000000000000178, 0.1999999999999992339, 1.000000000000000666 ) ) ;
#700 = VECTOR ( 'NONE', #708, 1000.000000000000000 ) ;
#701 = DIRECTION ( 'NONE',  ( 0.000000000000000000, -1.000000000000000000, 0.000000000000000000 ) ) ;
#702 = CARTESIAN_POINT ( 'NONE',  ( -3.500000000000000888, 1.949999999999999956, -2.399999999999999911 ) ) ;
#703 = ORIENTED_EDGE ( 'NONE', *, *, #18, .F. ) ;
#704 = CARTESIAN_POINT ( 'NONE',  ( -3.500000000000000888, 1.949999999999999956, 2.399999999999999911 ) ) ;
#705 = LINE ( 'NONE', #386, #1739 ) ;
#706 = DIRECTION ( 'NONE',  ( 0.000000000000000000, 1.000000000000000000, 0.000000000000000000 ) ) ;
#707 = DIRECTION ( 'NONE',  ( 0.000000000000000000, 0.000000000000000000, -1.000000000000000000 ) ) ;
#708 = DIRECTION ( 'NONE',  ( -1.000000000000000000, -0.000000000000000000, -0.000000000000000000 ) ) ;
#709 = VECTOR ( 'NONE', #1365, 1000.000000000000114 ) ;
#710 = EDGE_CURVE ( 'NONE', #1458, #1903, #962, .T. ) ;
#711 = DIRECTION ( 'NONE',  ( -0.000000000000000000, -1.000000000000000000, -0.000000000000000000 ) ) ;
#712 = EDGE_CURVE ( 'NONE', #161, #79, #1019, .T. ) ;
#713 = ORIENTED_EDGE ( 'NONE', *, *, #184, .T. ) ;
#714 = DIRECTION ( 'NONE',  ( 0.000000000000000000, 0.000000000000000000, -1.000000000000000000 ) ) ;
#715 = EDGE_CURVE ( 'NONE', #375, #818, #1135, .T. ) ;
#716 = VECTOR ( 'NONE', #1187, 1000.000000000000000 ) ;
#717 = DIRECTION ( 'NONE',  ( -0.000000000000000000, -0.000000000000000000, 1.000000000000000000 ) ) ;
#718 = UNCERTAINTY_MEASURE_WITH_UNIT (LENGTH_MEASURE( 1.000000000000000082E-05 ), #771, 'distance_accuracy_value', 'NONE');
#719 = CYLINDRICAL_SURFACE ( 'NONE', #826, 0.3999999999999997446 ) ;
#720 = DIRECTION ( 'NONE',  ( 1.000000000000000000, -0.000000000000000000, -0.000000000000000000 ) ) ;
#721 = VECTOR ( 'NONE', #819, 1000.000000000000000 ) ;
#722 = CARTESIAN_POINT ( 'NONE',  ( -3.100000000000000533, 4.799999999999999822, 3.100000000000000089 ) ) ;
#723 = EDGE_LOOP ( 'NONE', ( #1250, #1939, #1137, #961 ) ) ;
#724 = LINE ( 'NONE', #224, #1600 ) ;
#725 = CARTESIAN_POINT ( 'NONE',  ( 3.500000000000000444, 0.1000000000000000056, 2.299999999999999822 ) ) ;
#726 = CARTESIAN_POINT ( 'NONE',  ( -1.599999999999999867, 0.1000000000000000056, 2.299999999999999822 ) ) ;
#727 = CIRCLE ( 'NONE', #1997, 0.1999999999999992339 ) ;
#728 = CARTESIAN_POINT ( 'NONE',  ( 3.099999999999999645, 4.799999999999999822, 3.100000000000000089 ) ) ;
#729 = EDGE_CURVE ( 'NONE', #1417, #1461, #362, .T. ) ;
#730 = VECTOR ( 'NONE', #159, 1000.000000000000000 ) ;
#731 = ORIENTED_EDGE ( 'NONE', *, *, #430, .T. ) ;
#732 = CARTESIAN_POINT ( 'NONE',  ( 3.499999999999999112, 0.04999999999999969746, 3.099999999999999645 ) ) ;
#733 = PLANE ( 'NONE',  #358 ) ;
#734 = LINE ( 'NONE', #72, #422 ) ;
#735 =( NAMED_UNIT ( * ) PLANE_ANGLE_UNIT ( ) SI_UNIT ( $, .RADIAN. ) );
#736 = EDGE_CURVE ( 'NONE', #52, #436, #1810, .T. ) ;
#737 = EDGE_CURVE ( 'NONE', #1265, #1453, #1374, .T. ) ;
#738 = VERTEX_POINT ( 'NONE', #1075 ) ;
#739 = DIRECTION ( 'NONE',  ( 0.000000000000000000, 1.000000000000000000, 2.710505431213761085E-16 ) ) ;
#740 = CARTESIAN_POINT ( 'NONE',  ( -3.500000000000001332, 3.199999999999999289, -0.1999999999999998723 ) ) ;
#741 = ORIENTED_EDGE ( 'NONE', *, *, #9, .T. ) ;
#742 = CARTESIAN_POINT ( 'NONE',  ( 3.099999999999998757, -9.899494936611665352, -3.099999999999999645 ) ) ;
#743 = DIRECTION ( 'NONE',  ( 0.000000000000000000, -0.000000000000000000, -1.000000000000000000 ) ) ;
#744 = ADVANCED_FACE ( 'NONE', ( #1705 ), #252, .F. ) ;
#745 = ORIENTED_EDGE ( 'NONE', *, *, #22, .T. ) ;
#746 = VERTEX_POINT ( 'NONE', #1696 ) ;
#747 = CARTESIAN_POINT ( 'NONE',  ( 3.700000000000000178, 3.199999999999999734, 1.700000000000000400 ) ) ;
#748 = VECTOR ( 'NONE', #1440, 1000.000000000000000 ) ;
#749 = CARTESIAN_POINT ( 'NONE',  ( 3.700000000000000178, 0.8000000000000004885, 1.000000000000000888 ) ) ;
#750 = VERTEX_POINT ( 'NONE', #87 ) ;
#751 = FACE_OUTER_BOUND ( 'NONE', #653, .T. ) ;
#752 = DIRECTION ( 'NONE',  ( 0.000000000000000000, 0.000000000000000000, 1.000000000000000000 ) ) ;
#753 = ORIENTED_EDGE ( 'NONE', *, *, #1583, .T. ) ;
#754 = ORIENTED_EDGE ( 'NONE', *, *, #956, .T. ) ;
#755 = PRODUCT_DEFINITION_FORMATION_WITH_SPECIFIED_SOURCE ( 'ANY', '', #1336, .NOT_KNOWN. ) ;
#756 = DIRECTION ( 'NONE',  ( 0.000000000000000000, 1.000000000000000000, -0.000000000000000000 ) ) ;
#757 = ORIENTED_EDGE ( 'NONE', *, *, #1879, .T. ) ;
#758 = EDGE_CURVE ( 'NONE', #466, #1771, #167, .T. ) ;
#759 = DIRECTION ( 'NONE',  ( -1.000000000000000000, 0.000000000000000000, -6.994852725712931474E-17 ) ) ;
#760 = COLOUR_RGB ( '',0.7921568627450980005, 0.8196078431372548767, 0.9333333333333333481 ) ;
#761 = AXIS2_PLACEMENT_3D ( 'NONE', #434, #1726, #1550 ) ;
#762 = VERTEX_POINT ( 'NONE', #1728 ) ;
#763 = CARTESIAN_POINT ( 'NONE',  ( -3.500000000000001332, 0.8000000000000004885, 1.000000000000000888 ) ) ;
#764 = DIRECTION ( 'NONE',  ( -1.000000000000000000, -0.000000000000000000, -0.000000000000000000 ) ) ;
#765 = DIRECTION ( 'NONE',  ( 0.000000000000000000, 1.000000000000000000, -0.000000000000000000 ) ) ;
#766 = ORIENTED_EDGE ( 'NONE', *, *, #554, .F. ) ;
#767 = EDGE_LOOP ( 'NONE', ( #1822, #1614, #1282, #1803, #780, #1623, #942, #965 ) ) ;
#768 = VERTEX_POINT ( 'NONE', #904 ) ;
#769 = CARTESIAN_POINT ( 'NONE',  ( 3.500000000000000888, 3.699999999999998845, 2.399999999999999911 ) ) ;
#770 = EDGE_CURVE ( 'NONE', #310, #441, #2018, .T. ) ;
#771 =( LENGTH_UNIT ( ) NAMED_UNIT ( * ) SI_UNIT ( .MILLI., .METRE. ) );
#772 = EDGE_CURVE ( 'NONE', #1543, #1447, #1055, .T. ) ;
#773 = VERTEX_POINT ( 'NONE', #94 ) ;
#774 = FACE_OUTER_BOUND ( 'NONE', #1124, .T. ) ;
#775 = CARTESIAN_POINT ( 'NONE',  ( -3.700000000000000178, 3.499999999999999112, 8.131516293641283255E-17 ) ) ;
#776 = EDGE_CURVE ( 'NONE', #1460, #1417, #2027, .T. ) ;
#777 = MECHANICAL_DESIGN_GEOMETRIC_PRESENTATION_REPRESENTATION (  '', ( #233 ), #1793 ) ;
#778 = ORIENTED_EDGE ( 'NONE', *, *, #1312, .T. ) ;
#779 = ORIENTED_EDGE ( 'NONE', *, *, #604, .F. ) ;
#780 = ORIENTED_EDGE ( 'NONE', *, *, #1396, .T. ) ;
#781 = VECTOR ( 'NONE', #1490, 1000.000000000000000 ) ;
#782 = DIRECTION ( 'NONE',  ( 1.000000000000000000, 0.000000000000000000, 0.000000000000000000 ) ) ;
#783 = VERTEX_POINT ( 'NONE', #893 ) ;
#784 = DIRECTION ( 'NONE',  ( 0.000000000000000000, 1.000000000000000000, 0.000000000000000000 ) ) ;
#785 = CARTESIAN_POINT ( 'NONE',  ( -3.100000000000000533, -9.899494936611665352, -3.499999999999999556 ) ) ;
#786 = AXIS2_PLACEMENT_3D ( 'NONE', #410, #602, #1251 ) ;
#787 = VECTOR ( 'NONE', #1537, 1000.000000000000000 ) ;
#788 = VERTEX_POINT ( 'NONE', #1870 ) ;
#789 = ORIENTED_EDGE ( 'NONE', *, *, #2052, .F. ) ;
#790 = ORIENTED_EDGE ( 'NONE', *, *, #776, .T. ) ;
#791 = CARTESIAN_POINT ( 'NONE',  ( 1.599999999999999867, 0.1000000000000000056, 2.299999999999999822 ) ) ;
#792 = ORIENTED_EDGE ( 'NONE', *, *, #737, .F. ) ;
#793 = PLANE ( 'NONE',  #794 ) ;
#794 = AXIS2_PLACEMENT_3D ( 'NONE', #294, #477, #2091 ) ;
#795 = DIRECTION ( 'NONE',  ( -0.000000000000000000, 2.168404344971012566E-16, 1.000000000000000000 ) ) ;
#796 = VECTOR ( 'NONE', #590, 1000.000000000000000 ) ;
#797 = EDGE_CURVE ( 'NONE', #762, #289, #1552, .T. ) ;
#798 = EDGE_CURVE ( 'NONE', #885, #921, #1860, .T. ) ;
#799 = ORIENTED_EDGE ( 'NONE', *, *, #833, .F. ) ;
#800 = FACE_OUTER_BOUND ( 'NONE', #625, .T. ) ;
#801 = VERTEX_POINT ( 'NONE', #1401 ) ;
#802 = VERTEX_POINT ( 'NONE', #740 ) ;
#803 = EDGE_CURVE ( 'NONE', #1056, #1296, #553, .T. ) ;
#804 = VECTOR ( 'NONE', #331, 1000.000000000000000 ) ;
#805 = ORIENTED_EDGE ( 'NONE', *, *, #898, .F. ) ;
#806 = CARTESIAN_POINT ( 'NONE',  ( -2.500000000000000444, 4.500000000000000000, -2.174999999999999822 ) ) ;
#807 = DIRECTION ( 'NONE',  ( -0.000000000000000000, -0.000000000000000000, -1.000000000000000000 ) ) ;
#808 = EDGE_CURVE ( 'NONE', #1949, #464, #610, .T. ) ;
#809 = CARTESIAN_POINT ( 'NONE',  ( -2.100000000000000089, 0.09999999999999982514, 1.000000000000000666 ) ) ;
#810 = MANIFOLD_SOLID_BREP ( 'Pin 1 mark', #1085 ) ;
#811 = VERTEX_POINT ( 'NONE', #1715 ) ;
#812 = DIRECTION ( 'NONE',  ( -0.000000000000000000, 1.000000000000000000, -0.000000000000000000 ) ) ;
#813 = ORIENTED_EDGE ( 'NONE', *, *, #271, .T. ) ;
#814 = CARTESIAN_POINT ( 'NONE',  ( -2.500000000000000444, 4.799999999999999822, -2.600000000000000089 ) ) ;
#815 = ORIENTED_EDGE ( 'NONE', *, *, #1662, .F. ) ;
#816 = ORIENTED_EDGE ( 'NONE', *, *, #365, .T. ) ;
#817 = STYLED_ITEM ( 'NONE', ( #118 ), #829 ) ;
#818 = VERTEX_POINT ( 'NONE', #1197 ) ;
#819 = DIRECTION ( 'NONE',  ( 0.000000000000000000, -2.891205793294678326E-16, 1.000000000000000000 ) ) ;
#820 = DIRECTION ( 'NONE',  ( 0.000000000000000000, -1.000000000000000000, 2.891205793294678819E-16 ) ) ;
#821 = VECTOR ( 'NONE', #213, 1000.000000000000000 ) ;
#822 = CARTESIAN_POINT ( 'NONE',  ( 3.700000000000000178, 3.199999999999999734, -1.699999999999999956 ) ) ;
#823 = CARTESIAN_POINT ( 'NONE',  ( -3.100000000000000533, 0.04999999999999969746, -3.100000000000000089 ) ) ;
#824 = ORIENTED_EDGE ( 'NONE', *, *, #1468, .T. ) ;
#825 = DIRECTION ( 'NONE',  ( 0.000000000000000000, -1.000000000000000000, 0.000000000000000000 ) ) ;
#826 = AXIS2_PLACEMENT_3D ( 'NONE', #1212, #1370, #2023 ) ;
#827 = LINE ( 'NONE', #347, #273 ) ;
#828 = EDGE_LOOP ( 'NONE', ( #1149, #1429, #1725, #1215 ) ) ;
#829 = MANIFOLD_SOLID_BREP ( 'Housing', #168 ) ;
#830 = ORIENTED_EDGE ( 'NONE', *, *, #1122, .F. ) ;
#831 = DIRECTION ( 'NONE',  ( -0.000000000000000000, -0.000000000000000000, -1.000000000000000000 ) ) ;
#832 = CARTESIAN_POINT ( 'NONE',  ( -3.500000000000000444, 0.1000000000000000056, -2.299999999999999822 ) ) ;
#833 = EDGE_CURVE ( 'NONE', #289, #750, #435, .T. ) ;
#834 = DIRECTION ( 'NONE',  ( -1.000000000000000000, -0.000000000000000000, -0.000000000000000000 ) ) ;
#835 = PRESENTATION_LAYER_ASSIGNMENT (  '', '', ( #1825 ) ) ;
#836 = CARTESIAN_POINT ( 'NONE',  ( 3.500000000000000888, 3.699999999999998845, -1.000000000000000000 ) ) ;
#837 = VERTEX_POINT ( 'NONE', #1083 ) ;
#838 = CARTESIAN_POINT ( 'NONE',  ( 3.700000000000000178, 3.499999999999999112, 8.131516293641283255E-17 ) ) ;
#839 = DIRECTION ( 'NONE',  ( 1.000000000000000000, 0.000000000000000000, -0.000000000000000000 ) ) ;
#840 = ORIENTED_EDGE ( 'NONE', *, *, #1088, .T. ) ;
#841 = CARTESIAN_POINT ( 'NONE',  ( -3.500000000000000888, 3.699999999999998845, -2.399999999999999911 ) ) ;
#842 = CARTESIAN_POINT ( 'NONE',  ( 3.500000000000000888, 3.699999999999998401, -0.2000000000000000944 ) ) ;
#843 = CIRCLE ( 'NONE', #2001, 0.3999999999999997446 ) ;
#844 = LINE ( 'NONE', #552, #1796 ) ;
#845 = PRODUCT_DEFINITION ( 'UNKNOWN', '', #755, #364 ) ;
#846 = LINE ( 'NONE', #673, #302 ) ;
#847 = ORIENTED_EDGE ( 'NONE', *, *, #145, .T. ) ;
#848 = CARTESIAN_POINT ( 'NONE',  ( 3.700000000000000178, 4.163799117101001052E-16, 1.000000000000000666 ) ) ;
#849 = CARTESIAN_POINT ( 'NONE',  ( 2.100000000000000089, 0.09999999999999982514, 1.000000000000000666 ) ) ;
#850 = DIRECTION ( 'NONE',  ( 0.000000000000000000, -0.000000000000000000, 1.000000000000000000 ) ) ;
#851 = CARTESIAN_POINT ( 'NONE',  ( -1.599999999999999867, 0.1000000000000000056, 2.299999999999999822 ) ) ;
#852 = FACE_OUTER_BOUND ( 'NONE', #502, .T. ) ;
#853 = LINE ( 'NONE', #1165, #854 ) ;
#854 = VECTOR ( 'NONE', #522, 1000.000000000000000 ) ;
#855 = MANIFOLD_SOLID_BREP ( 'Pin 1', #1253 ) ;
#856 = EDGE_LOOP ( 'NONE', ( #1755, #1884, #2086, #288, #1819, #1259, #1315 ) ) ;
#857 = CARTESIAN_POINT ( 'NONE',  ( 3.700000000000000178, 3.199999999999999734, 1.700000000000000400 ) ) ;
#858 = CARTESIAN_POINT ( 'NONE',  ( 0.000000000000000000, 0.1000000000000000056, 0.000000000000000000 ) ) ;
#859 = FACE_OUTER_BOUND ( 'NONE', #4, .T. ) ;
#860 = PLANE ( 'NONE',  #528 ) ;
#861 = CARTESIAN_POINT ( 'NONE',  ( 3.499999999999999556, 4.799999999999999822, -3.099999999999999645 ) ) ;
#862 = EDGE_LOOP ( 'NONE', ( #799, #1422, #1330, #296 ) ) ;
#863 = CARTESIAN_POINT ( 'NONE',  ( 3.500000000000000888, 3.499999999999999112, 8.131516293641283255E-17 ) ) ;
#864 = CARTESIAN_POINT ( 'NONE',  ( 3.500000000000000888, 0.8000000000000000444, -1.000000000000000000 ) ) ;
#865 = ADVANCED_FACE ( 'NONE', ( #929 ), #291, .F. ) ;
#866 = CIRCLE ( 'NONE', #2058, 0.2000000000000000111 ) ;
#867 = VECTOR ( 'NONE', #2069, 1000.000000000000000 ) ;
#868 = LINE ( 'NONE', #33, #1540 ) ;
#869 = AXIS2_PLACEMENT_3D ( 'NONE', #912, #1897, #903 ) ;
#870 = EDGE_CURVE ( 'NONE', #1156, #95, #630, .T. ) ;
#871 = CARTESIAN_POINT ( 'NONE',  ( 3.500000000000000888, 0.09999999999999982514, 1.000000000000000666 ) ) ;
#872 =( NAMED_UNIT ( * ) SI_UNIT ( $, .STERADIAN. ) SOLID_ANGLE_UNIT ( ) );
#873 = EDGE_CURVE ( 'NONE', #1578, #627, #1763, .T. ) ;
#874 = LINE ( 'NONE', #2017, #1864 ) ;
#875 = ADVANCED_FACE ( 'NONE', ( #1445 ), #1576, .T. ) ;
#876 = DIRECTION ( 'NONE',  ( -0.000000000000000000, -1.000000000000000000, -0.000000000000000000 ) ) ;
#877 = ORIENTED_EDGE ( 'NONE', *, *, #335, .F. ) ;
#878 = DIRECTION ( 'NONE',  ( 0.000000000000000000, 1.000000000000000000, 0.000000000000000000 ) ) ;
#879 = DIRECTION ( 'NONE',  ( 0.000000000000000000, 0.000000000000000000, 1.000000000000000000 ) ) ;
#880 = DIRECTION ( 'NONE',  ( -0.000000000000000000, -1.000000000000000000, -0.000000000000000000 ) ) ;
#881 = PRESENTATION_STYLE_ASSIGNMENT (( #1547 ) ) ;
#882 = DIRECTION ( 'NONE',  ( -1.000000000000000000, 0.000000000000000000, 0.000000000000000000 ) ) ;
#883 = CLOSED_SHELL ( 'NONE', ( #268, #678, #463, #105, #1379, #1246, #559, #744, #127, #906, #1688, #1426, #1743, #401, #919, #128, #210, #583, #561, #1505, #1816 ) ) ;
#884 = DIRECTION ( 'NONE',  ( -1.000000000000000000, -0.000000000000000000, -0.000000000000000000 ) ) ;
#885 = VERTEX_POINT ( 'NONE', #157 ) ;
#886 = PLANE ( 'NONE',  #1989 ) ;
#887 = VECTOR ( 'NONE', #363, 1000.000000000000000 ) ;
#888 = DIRECTION ( 'NONE',  ( 0.000000000000000000, 0.000000000000000000, -1.000000000000000000 ) ) ;
#889 = CIRCLE ( 'NONE', #1534, 0.4250000000000000444 ) ;
#890 = PLANE ( 'NONE',  #1509 ) ;
#891 = DIRECTION ( 'NONE',  ( 0.000000000000000000, 1.000000000000000000, 0.000000000000000000 ) ) ;
#892 = LINE ( 'NONE', #420, #1686 ) ;
#893 = CARTESIAN_POINT ( 'NONE',  ( -3.700000000000000178, 3.499999999999999112, 0.2000000000000000944 ) ) ;
#894 = VERTEX_POINT ( 'NONE', #651 ) ;
#895 = CARTESIAN_POINT ( 'NONE',  ( 1.599999999999999867, 0.05000000000000000278, -2.299999999999999822 ) ) ;
#896 = FACE_OUTER_BOUND ( 'NONE', #1432, .T. ) ;
#897 = EDGE_CURVE ( 'NONE', #802, #907, #1956, .T. ) ;
#898 = EDGE_CURVE ( 'NONE', #612, #1543, #305, .T. ) ;
#899 = DIRECTION ( 'NONE',  ( -1.000000000000000000, -0.000000000000000000, -0.000000000000000000 ) ) ;
#900 = FILL_AREA_STYLE_COLOUR ( '', #73 ) ;
#901 = ORIENTED_EDGE ( 'NONE', *, *, #1241, .T. ) ;
#902 = AXIS2_PLACEMENT_3D ( 'NONE', #1873, #575, #1882 ) ;
#903 = DIRECTION ( 'NONE',  ( 0.000000000000000000, 0.000000000000000000, 1.000000000000000000 ) ) ;
#904 = CARTESIAN_POINT ( 'NONE',  ( -3.500000000000000888, 0.09999999999999982514, -1.000000000000000000 ) ) ;
#905 = AXIS2_PLACEMENT_3D ( 'NONE', #1970, #503, #1157 ) ;
#906 = ADVANCED_FACE ( 'NONE', ( #639 ), #1286, .F. ) ;
#907 = VERTEX_POINT ( 'NONE', #1256 ) ;
#908 = CYLINDRICAL_SURFACE ( 'NONE', #526, 0.4000000000000006328 ) ;
#909 = CARTESIAN_POINT ( 'NONE',  ( -3.500000000000000888, 0.1999999999999992339, -1.000000000000000000 ) ) ;
#910 = ORIENTED_EDGE ( 'NONE', *, *, #1309, .F. ) ;
#911 = ORIENTED_EDGE ( 'NONE', *, *, #1272, .F. ) ;
#912 = CARTESIAN_POINT ( 'NONE',  ( -2.500000000000000444, 4.500000000000000000, -2.600000000000000089 ) ) ;
#913 = DIRECTION ( 'NONE',  ( 0.000000000000000000, 0.000000000000000000, 1.000000000000000000 ) ) ;
#914 =( GEOMETRIC_REPRESENTATION_CONTEXT ( 3 ) GLOBAL_UNCERTAINTY_ASSIGNED_CONTEXT ( ( #226 ) ) GLOBAL_UNIT_ASSIGNED_CONTEXT ( ( #2037, #1048, #411 ) ) REPRESENTATION_CONTEXT ( 'NONE', 'WORKASPACE' ) );
#915 = VECTOR ( 'NONE', #1792, 1000.000000000000000 ) ;
#916 = ORIENTED_EDGE ( 'NONE', *, *, #770, .F. ) ;
#917 = DIRECTION ( 'NONE',  ( -0.000000000000000000, 1.000000000000000000, -2.168404344971012566E-16 ) ) ;
#918 = CARTESIAN_POINT ( 'NONE',  ( 3.499999999999999112, 0.04999999999999969746, 3.099999999999999645 ) ) ;
#919 = ADVANCED_FACE ( 'NONE', ( #959 ), #608, .F. ) ;
#920 = ORIENTED_EDGE ( 'NONE', *, *, #360, .T. ) ;
#921 = VERTEX_POINT ( 'NONE', #478 ) ;
#922 = DIRECTION ( 'NONE',  ( 0.000000000000000000, 0.000000000000000000, 1.000000000000000000 ) ) ;
#923 = VERTEX_POINT ( 'NONE', #1913 ) ;
#924 = FACE_OUTER_BOUND ( 'NONE', #1298, .T. ) ;
#925 = VECTOR ( 'NONE', #1689, 1000.000000000000000 ) ;
#926 = SURFACE_STYLE_FILL_AREA ( #283 ) ;
#927 = EDGE_LOOP ( 'NONE', ( #490, #99, #131, #534 ) ) ;
#928 = CARTESIAN_POINT ( 'NONE',  ( -2.500000000000000444, 4.799999999999999822, -3.024999999999999911 ) ) ;
#929 = FACE_OUTER_BOUND ( 'NONE', #723, .T. ) ;
#930 = DIRECTION ( 'NONE',  ( 1.000000000000000000, 0.000000000000000000, -0.000000000000000000 ) ) ;
#931 = EDGE_CURVE ( 'NONE', #783, #1765, #493, .T. ) ;
#932 = ORIENTED_EDGE ( 'NONE', *, *, #2101, .F. ) ;
#933 = ORIENTED_EDGE ( 'NONE', *, *, #134, .T. ) ;
#934 = EDGE_LOOP ( 'NONE', ( #1188, #1464, #1895, #433, #1608, #1972, #1579, #1, #1113, #1802, #91, #1354, #1768, #1366, #1899, #2088 ) ) ;
#935 = PLANE ( 'NONE',  #425 ) ;
#936 = EDGE_CURVE ( 'NONE', #837, #1588, #1861, .T. ) ;
#937 = EDGE_CURVE ( 'NONE', #466, #1136, #1104, .T. ) ;
#938 = ADVANCED_FACE ( 'NONE', ( #133 ), #976, .F. ) ;
#939 = ORIENTED_EDGE ( 'NONE', *, *, #206, .F. ) ;
#940 = DIRECTION ( 'NONE',  ( -1.000000000000000000, -0.000000000000000000, -0.000000000000000000 ) ) ;
#941 =( NAMED_UNIT ( * ) PLANE_ANGLE_UNIT ( ) SI_UNIT ( $, .RADIAN. ) );
#942 = ORIENTED_EDGE ( 'NONE', *, *, #643, .T. ) ;
#943 = ORIENTED_EDGE ( 'NONE', *, *, #421, .T. ) ;
#944 = VERTEX_POINT ( 'NONE', #1603 ) ;
#945 = FACE_OUTER_BOUND ( 'NONE', #234, .T. ) ;
#946 = SURFACE_STYLE_USAGE ( .BOTH. , #1908 ) ;
#947 = ORIENTED_EDGE ( 'NONE', *, *, #729, .F. ) ;
#948 = LINE ( 'NONE', #1167, #320 ) ;
#949 =( NAMED_UNIT ( * ) SI_UNIT ( $, .STERADIAN. ) SOLID_ANGLE_UNIT ( ) );
#950 = ORIENTED_EDGE ( 'NONE', *, *, #2028, .T. ) ;
#951 = EDGE_LOOP ( 'NONE', ( #204, #613, #1439, #1724, #1109, #1428, #1279, #152, #1604, #1568, #1789, #487, #1072, #1287, #731, #1554 ) ) ;
#952 = ORIENTED_EDGE ( 'NONE', *, *, #1920, .T. ) ;
#953 = VECTOR ( 'NONE', #1348, 1000.000000000000000 ) ;
#954 = LINE ( 'NONE', #791, #748 ) ;
#955 = EDGE_CURVE ( 'NONE', #1774, #1946, #1267, .T. ) ;
#956 = EDGE_CURVE ( 'NONE', #1543, #1481, #1435, .T. ) ;
#957 = ORIENTED_EDGE ( 'NONE', *, *, #271, .F. ) ;
#958 = DIRECTION ( 'NONE',  ( 0.000000000000000000, 1.000000000000000000, -1.807003620809174632E-16 ) ) ;
#959 = FACE_OUTER_BOUND ( 'NONE', #1254, .T. ) ;
#960 = VECTOR ( 'NONE', #1349, 1000.000000000000000 ) ;
#961 = ORIENTED_EDGE ( 'NONE', *, *, #687, .F. ) ;
#962 = LINE ( 'NONE', #641, #1931 ) ;
#963 = CIRCLE ( 'NONE', #1228, 0.2000000000000000111 ) ;
#964 = ADVANCED_FACE ( 'NONE', ( #1807 ), #501, .T. ) ;
#965 = ORIENTED_EDGE ( 'NONE', *, *, #2101, .T. ) ;
#967 = EDGE_LOOP ( 'NONE', ( #792, #1450, #1916, #957 ) ) ;
#966 = ADVANCED_FACE ( 'NONE', ( #19 ), #170, .F. ) ;
#968 = ORIENTED_EDGE ( 'NONE', *, *, #1010, .T. ) ;
#969 = CARTESIAN_POINT ( 'NONE',  ( 3.700000000000000178, 3.499999999999999112, 8.131516293641283255E-17 ) ) ;
#970 = DIRECTION ( 'NONE',  ( 0.000000000000000000, -1.000000000000000000, -2.891205793294678326E-16 ) ) ;
#971 = VECTOR ( 'NONE', #1867, 1000.000000000000000 ) ;
#972 = ORIENTED_EDGE ( 'NONE', *, *, #243, .F. ) ;
#973 = AXIS2_PLACEMENT_3D ( 'NONE', #2116, #812, #2084 ) ;
#974 = DIRECTION ( 'NONE',  ( 0.000000000000000000, -1.000000000000000000, 1.807003620809174632E-16 ) ) ;
#975 = CIRCLE ( 'NONE', #48, 0.4250000000000000444 ) ;
#976 = PLANE ( 'NONE',  #1235 ) ;
#977 = VECTOR ( 'NONE', #597, 1000.000000000000000 ) ;
#978 = EDGE_CURVE ( 'NONE', #1888, #108, #683, .T. ) ;
#979 = ORIENTED_EDGE ( 'NONE', *, *, #368, .T. ) ;
#980 = DIRECTION ( 'NONE',  ( -1.000000000000000000, -0.000000000000000000, -0.000000000000000000 ) ) ;
#981 = EDGE_LOOP ( 'NONE', ( #824, #1981, #138, #1437 ) ) ;
#982 = ORIENTED_EDGE ( 'NONE', *, *, #1333, .F. ) ;
#983 = EDGE_LOOP ( 'NONE', ( #1012, #259, #2085, #102 ) ) ;
#984 = CARTESIAN_POINT ( 'NONE',  ( 1.599999999999999867, 0.1000000000000000056, 2.299999999999999822 ) ) ;
#985 = DIRECTION ( 'NONE',  ( 0.000000000000000000, 1.000000000000000000, 0.000000000000000000 ) ) ;
#986 = LINE ( 'NONE', #1416, #1274 ) ;
#987 = LINE ( 'NONE', #1650, #546 ) ;
#988 = ORIENTED_EDGE ( 'NONE', *, *, #45, .F. ) ;
#989 = PLANE ( 'NONE',  #1551 ) ;
#990 = LINE ( 'NONE', #1835, #2117 ) ;
#991 = ORIENTED_EDGE ( 'NONE', *, *, #992, .F. ) ;
#992 = EDGE_CURVE ( 'NONE', #1070, #1620, #853, .T. ) ;
#993 = PRESENTATION_LAYER_ASSIGNMENT (  '', '', ( #1630 ) ) ;
#994 = AXIS2_PLACEMENT_3D ( 'NONE', #1814, #1610, #670 ) ;
#995 = ORIENTED_EDGE ( 'NONE', *, *, #1878, .T. ) ;
#996 = LINE ( 'NONE', #647, #98 ) ;
#997 = DIRECTION ( 'NONE',  ( 0.000000000000000000, -1.000000000000000000, 0.000000000000000000 ) ) ;
#998 = AXIS2_PLACEMENT_3D ( 'NONE', #2049, #1387, #54 ) ;
#999 = CARTESIAN_POINT ( 'NONE',  ( -1.599999999999999867, 0.1000000000000000056, -2.299999999999999822 ) ) ;
#1000 = CARTESIAN_POINT ( 'NONE',  ( -3.500000000000000888, 3.699999999999998845, -1.699999999999999734 ) ) ;
#1001 = ORIENTED_EDGE ( 'NONE', *, *, #1240, .T. ) ;
#1002 = LINE ( 'NONE', #1643, #804 ) ;
#1003 = VECTOR ( 'NONE', #1262, 1000.000000000000000 ) ;
#1004 = CYLINDRICAL_SURFACE ( 'NONE', #1909, 0.4250000000000000444 ) ;
#1005 = ORIENTED_EDGE ( 'NONE', *, *, #554, .T. ) ;
#1006 = EDGE_CURVE ( 'NONE', #1620, #1098, #195, .T. ) ;
#1007 = CARTESIAN_POINT ( 'NONE',  ( -2.100000000000000089, 0.000000000000000000, -1.000000000000000000 ) ) ;
#1008 = FACE_OUTER_BOUND ( 'NONE', #862, .T. ) ;
#1009 = LINE ( 'NONE', #57, #254 ) ;
#1010 = EDGE_CURVE ( 'NONE', #1261, #1080, #1329, .T. ) ;
#1011 = DIRECTION ( 'NONE',  ( 0.000000000000000000, 1.000000000000000000, 0.000000000000000000 ) ) ;
#1012 = ORIENTED_EDGE ( 'NONE', *, *, #758, .F. ) ;
#1013 = DIRECTION ( 'NONE',  ( 0.000000000000000000, 0.000000000000000000, 1.000000000000000000 ) ) ;
#1014 = VECTOR ( 'NONE', #930, 1000.000000000000000 ) ;
#1015 = CARTESIAN_POINT ( 'NONE',  ( 3.700000000000000178, 3.199999999999999289, 0.2000000000000001499 ) ) ;
#1016 = EDGE_LOOP ( 'NONE', ( #119, #1474, #1106, #479, #383, #1761, #1451, #413, #453, #815, #1419, #1243, #223, #2050, #298, #1918 ) ) ;
#1017 = CARTESIAN_POINT ( 'NONE',  ( -3.500000000000000444, 0.1000000000000000056, 2.299999999999999822 ) ) ;
#1018 = DIRECTION ( 'NONE',  ( -0.000000000000000000, 1.000000000000000000, -0.000000000000000000 ) ) ;
#1019 = CIRCLE ( 'NONE', #82, 0.4000000000000006328 ) ;
#1020 = DIRECTION ( 'NONE',  ( 0.000000000000000000, -2.891205793294678326E-16, 1.000000000000000000 ) ) ;
#1021 = LINE ( 'NONE', #1508, #2016 ) ;
#1022 = ORIENTED_EDGE ( 'NONE', *, *, #1556, .F. ) ;
#1023 = CARTESIAN_POINT ( 'NONE',  ( -3.500000000000000888, 3.699999999999998845, 2.399999999999999911 ) ) ;
#1024 = PLANE ( 'NONE',  #408 ) ;
#1025 = CARTESIAN_POINT ( 'NONE',  ( 3.700000000000000178, 0.000000000000000000, -1.000000000000000000 ) ) ;
#1026 = DIRECTION ( 'NONE',  ( -1.000000000000000000, -0.000000000000000000, -0.000000000000000000 ) ) ;
#1027 = DIRECTION ( 'NONE',  ( 0.000000000000000000, 0.000000000000000000, 1.000000000000000000 ) ) ;
#1028 = VECTOR ( 'NONE', #60, 1000.000000000000000 ) ;
#1029 = DIRECTION ( 'NONE',  ( 0.000000000000000000, -0.000000000000000000, 1.000000000000000000 ) ) ;
#1030 = EDGE_CURVE ( 'NONE', #100, #1774, #1635, .T. ) ;
#1031 = CARTESIAN_POINT ( 'NONE',  ( -2.100000000000000089, 0.000000000000000000, 2.399999999999999911 ) ) ;
#1032 = EDGE_LOOP ( 'NONE', ( #1248, #472, #877, #972, #1385, #2051, #979 ) ) ;
#1033 = CARTESIAN_POINT ( 'NONE',  ( -3.500000000000000888, 1.949999999999999956, 2.399999999999999911 ) ) ;
#1034 = CARTESIAN_POINT ( 'NONE',  ( 3.700000000000000178, 3.699999999999998845, -1.699999999999999956 ) ) ;
#1035 = CIRCLE ( 'NONE', #655, 0.3999999999999997446 ) ;
#1036 = CARTESIAN_POINT ( 'NONE',  ( -3.700000000000000178, 0.000000000000000000, -1.000000000000000000 ) ) ;
#1037 = EDGE_CURVE ( 'NONE', #1247, #1631, #693, .T. ) ;
#1038 = SURFACE_SIDE_STYLE ('',( #1710 ) ) ;
#1039 = CARTESIAN_POINT ( 'NONE',  ( -1.599999999999999867, 0.05000000000000000278, -2.299999999999999822 ) ) ;
#1040 = DIRECTION ( 'NONE',  ( -1.000000000000000000, 0.000000000000000000, 0.000000000000000000 ) ) ;
#1041 = VERTEX_POINT ( 'NONE', #861 ) ;
#1042 = CARTESIAN_POINT ( 'NONE',  ( -2.500000000000000444, 4.500000000000000000, -2.174999999999999822 ) ) ;
#1043 = CYLINDRICAL_SURFACE ( 'NONE', #998, 0.1999999999999992339 ) ;
#1044 = LINE ( 'NONE', #1506, #925 ) ;
#1045 = VECTOR ( 'NONE', #882, 1000.000000000000000 ) ;
#1046 = LINE ( 'NONE', #1845, #1682 ) ;
#1047 = LINE ( 'NONE', #1172, #2097 ) ;
#1048 =( NAMED_UNIT ( * ) PLANE_ANGLE_UNIT ( ) SI_UNIT ( $, .RADIAN. ) );
#1049 = ORIENTED_EDGE ( 'NONE', *, *, #103, .T. ) ;
#1050 = PLANE ( 'NONE',  #1066 ) ;
#1051 = DIRECTION ( 'NONE',  ( 0.000000000000000000, -0.000000000000000000, 1.000000000000000000 ) ) ;
#1052 = DIRECTION ( 'NONE',  ( -0.000000000000000000, 1.000000000000000000, 0.000000000000000000 ) ) ;
#1053 = FACE_OUTER_BOUND ( 'NONE', #1894, .T. ) ;
#1054 = EDGE_CURVE ( 'NONE', #1588, #466, #1798, .T. ) ;
#1055 = LINE ( 'NONE', #1887, #266 ) ;
#1056 = VERTEX_POINT ( 'NONE', #1000 ) ;
#1057 = CARTESIAN_POINT ( 'NONE',  ( 3.700000000000000178, 4.163799117101001052E-16, 1.000000000000000666 ) ) ;
#1058 = CIRCLE ( 'NONE', #1224, 0.2000000000000000111 ) ;
#1059 = DIRECTION ( 'NONE',  ( 0.000000000000000000, -1.807003620809174632E-16, -1.000000000000000000 ) ) ;
#1060 = DIRECTION ( 'NONE',  ( 0.000000000000000000, -1.807003620809174632E-16, -1.000000000000000000 ) ) ;
#1061 = APPLICATION_PROTOCOL_DEFINITION ( 'draft international standard', 'automotive_design', 1998, #1661 ) ;
#1062 = ORIENTED_EDGE ( 'NONE', *, *, #1335, .F. ) ;
#1063 = VECTOR ( 'NONE', #782, 1000.000000000000000 ) ;
#1064 = CARTESIAN_POINT ( 'NONE',  ( -3.500000000000000888, 0.04999999999999969746, 3.100000000000000089 ) ) ;
#1065 = EDGE_CURVE ( 'NONE', #12, #1946, #1480, .T. ) ;
#1066 = AXIS2_PLACEMENT_3D ( 'NONE', #1698, #1863, #714 ) ;
#1067 = ORIENTED_EDGE ( 'NONE', *, *, #43, .F. ) ;
#1068 = DIRECTION ( 'NONE',  ( -1.000000000000000000, 0.000000000000000000, 0.000000000000000000 ) ) ;
#1069 = DIRECTION ( 'NONE',  ( 0.000000000000000000, -1.000000000000000000, 0.000000000000000000 ) ) ;
#1070 = VERTEX_POINT ( 'NONE', #1155 ) ;
#1071 = AXIS2_PLACEMENT_3D ( 'NONE', #1231, #1423, #1555 ) ;
#1072 = ORIENTED_EDGE ( 'NONE', *, *, #1920, .F. ) ;
#1073 = VECTOR ( 'NONE', #1846, 1000.000000000000000 ) ;
#1074 = FACE_OUTER_BOUND ( 'NONE', #293, .T. ) ;
#1075 = CARTESIAN_POINT ( 'NONE',  ( -3.500000000000000444, 0.1000000000000000056, -2.299999999999999822 ) ) ;
#1076 = VERTEX_POINT ( 'NONE', #1976 ) ;
#1077 = LINE ( 'NONE', #1057, #629 ) ;
#1078 = CARTESIAN_POINT ( 'NONE',  ( -3.100000000000000533, 4.799999999999999822, 3.499999999999999556 ) ) ;
#1079 = ORIENTED_EDGE ( 'NONE', *, *, #1088, .F. ) ;
#1080 = VERTEX_POINT ( 'NONE', #374 ) ;
#1081 = ORIENTED_EDGE ( 'NONE', *, *, #1240, .F. ) ;
#1082 = LINE ( 'NONE', #769, #496 ) ;
#1083 = CARTESIAN_POINT ( 'NONE',  ( 3.499999999999999112, 0.04999999999999969746, 3.099999999999999645 ) ) ;
#1084 = VECTOR ( 'NONE', #1563, 1000.000000000000000 ) ;
#1085 = CLOSED_SHELL ( 'NONE', ( #1209, #2100, #1977, #2070 ) ) ;
#1086 = VERTEX_POINT ( 'NONE', #11 ) ;
#1087 = LINE ( 'NONE', #405, #1441 ) ;
#1088 = EDGE_CURVE ( 'NONE', #1460, #2076, #1840, .T. ) ;
#1089 = DIRECTION ( 'NONE',  ( -1.000000000000000000, -0.000000000000000000, -0.000000000000000000 ) ) ;
#1090 = EDGE_CURVE ( 'NONE', #2076, #448, #987, .T. ) ;
#1091 = VECTOR ( 'NONE', #509, 1000.000000000000000 ) ;
#1092 = EDGE_CURVE ( 'NONE', #624, #275, #1021, .T. ) ;
#1093 = ORIENTED_EDGE ( 'NONE', *, *, #643, .F. ) ;
#1095 = ORIENTED_EDGE ( 'NONE', *, *, #1695, .T. ) ;
#1094 = EDGE_CURVE ( 'NONE', #289, #1098, #1967, .T. ) ;
#1096 = CARTESIAN_POINT ( 'NONE',  ( -3.500000000000001332, 0.000000000000000000, -1.000000000000000000 ) ) ;
#1097 = EDGE_CURVE ( 'NONE', #2090, #1589, #846, .T. ) ;
#1098 = VERTEX_POINT ( 'NONE', #1319 ) ;
#1099 = CARTESIAN_POINT ( 'NONE',  ( 3.700000000000000178, 3.499999999999999112, 0.2000000000000000944 ) ) ;
#1100 = VECTOR ( 'NONE', #626, 1000.000000000000000 ) ;
#1101 = SURFACE_STYLE_FILL_AREA ( #1760 ) ;
#1102 = ORIENTED_EDGE ( 'NONE', *, *, #931, .F. ) ;
#1103 = CARTESIAN_POINT ( 'NONE',  ( -3.700000000000000178, 0.8000000000000000444, -1.000000000000000000 ) ) ;
#1104 = LINE ( 'NONE', #1752, #47 ) ;
#1105 = ORIENTED_EDGE ( 'NONE', *, *, #1662, .T. ) ;
#1106 = ORIENTED_EDGE ( 'NONE', *, *, #1161, .F. ) ;
#1107 = ORIENTED_EDGE ( 'NONE', *, *, #162, .T. ) ;
#1108 = DIRECTION ( 'NONE',  ( 0.000000000000000000, 1.000000000000000000, 2.710505431213761085E-16 ) ) ;
#1109 = ORIENTED_EDGE ( 'NONE', *, *, #1617, .T. ) ;
#1110 = DIRECTION ( 'NONE',  ( 0.000000000000000000, 0.000000000000000000, 1.000000000000000000 ) ) ;
#1111 = CARTESIAN_POINT ( 'NONE',  ( 3.700000000000000178, 0.000000000000000000, -1.000000000000000000 ) ) ;
#1112 = VECTOR ( 'NONE', #1773, 1000.000000000000000 ) ;
#1113 = ORIENTED_EDGE ( 'NONE', *, *, #1309, .T. ) ;
#1114 = ORIENTED_EDGE ( 'NONE', *, *, #292, .T. ) ;
#1115 = EDGE_CURVE ( 'NONE', #627, #588, #663, .T. ) ;
#1116 = ORIENTED_EDGE ( 'NONE', *, *, #1333, .T. ) ;
#1117 = CARTESIAN_POINT ( 'NONE',  ( 3.500000000000000888, 3.499999999999999112, 0.2000000000000000944 ) ) ;
#1118 = EDGE_CURVE ( 'NONE', #250, #1261, #328, .T. ) ;
#1119 = ORIENTED_EDGE ( 'NONE', *, *, #2109, .T. ) ;
#1120 = CARTESIAN_POINT ( 'NONE',  ( -3.500000000000000888, 3.699999999999999289, 1.000000000000001776 ) ) ;
#1121 = DIRECTION ( 'NONE',  ( -1.000000000000000000, -0.000000000000000000, -0.000000000000000000 ) ) ;
#1122 = EDGE_CURVE ( 'NONE', #738, #1521, #1629, .T. ) ;
#1123 = ORIENTED_EDGE ( 'NONE', *, *, #486, .F. ) ;
#1124 = EDGE_LOOP ( 'NONE', ( #911, #158, #356, #1284 ) ) ;
#1125 = ORIENTED_EDGE ( 'NONE', *, *, #1583, .F. ) ;
#1126 = ORIENTED_EDGE ( 'NONE', *, *, #1421, .F. ) ;
#1127 = VECTOR ( 'NONE', #70, 1000.000000000000000 ) ;
#1128 = DIRECTION ( 'NONE',  ( 0.000000000000000000, -1.000000000000000000, 0.000000000000000000 ) ) ;
#1129 = CARTESIAN_POINT ( 'NONE',  ( 3.700000000000000178, 3.199999999999999734, -1.699999999999999956 ) ) ;
#1130 = EDGE_CURVE ( 'NONE', #1631, #627, #1992, .T. ) ;
#1131 = ORIENTED_EDGE ( 'NONE', *, *, #1938, .T. ) ;
#1132 = FACE_OUTER_BOUND ( 'NONE', #617, .T. ) ;
#1133 = DIRECTION ( 'NONE',  ( 0.000000000000000000, 0.000000000000000000, -1.000000000000000000 ) ) ;
#1134 = EDGE_LOOP ( 'NONE', ( #29, #1961, #263, #1119 ) ) ;
#1135 = LINE ( 'NONE', #1786, #1278 ) ;
#1136 = VERTEX_POINT ( 'NONE', #1483 ) ;
#1137 = ORIENTED_EDGE ( 'NONE', *, *, #581, .T. ) ;
#1138 = ORIENTED_EDGE ( 'NONE', *, *, #1472, .T. ) ;
#1139 = CARTESIAN_POINT ( 'NONE',  ( 3.700000000000000178, 1.949999999999999956, -2.399999999999999911 ) ) ;
#1140 = CARTESIAN_POINT ( 'NONE',  ( 3.500000000000000888, 3.199999999999999734, 1.700000000000000400 ) ) ;
#1141 = CARTESIAN_POINT ( 'NONE',  ( 3.499999999999999112, 4.799999999999999822, 3.099999999999999645 ) ) ;
#1142 = AXIS2_PLACEMENT_3D ( 'NONE', #569, #1060, #1371 ) ;
#1143 = DIRECTION ( 'NONE',  ( 1.000000000000000000, 0.000000000000000000, -0.000000000000000000 ) ) ;
#1144 = VECTOR ( 'NONE', #219, 1000.000000000000000 ) ;
#1145 = ADVANCED_FACE ( 'NONE', ( #1322 ), #1024, .F. ) ;
#1146 = EDGE_LOOP ( 'NONE', ( #497, #1290, #1969, #1764 ) ) ;
#1147 = CARTESIAN_POINT ( 'NONE',  ( 3.500000000000000888, 3.699999999999998845, -2.399999999999999911 ) ) ;
#1148 = LINE ( 'NONE', #1656, #1363 ) ;
#1149 = ORIENTED_EDGE ( 'NONE', *, *, #1335, .T. ) ;
#1150 = EDGE_LOOP ( 'NONE', ( #658, #2115 ) ) ;
#1151 = ORIENTED_EDGE ( 'NONE', *, *, #1654, .T. ) ;
#1152 = CARTESIAN_POINT ( 'NONE',  ( 3.700000000000000178, 0.1999999999999992339, 2.399999999999999911 ) ) ;
#1153 = CARTESIAN_POINT ( 'NONE',  ( -2.500000000000000444, 4.500000000000000000, -2.600000000000000089 ) ) ;
#1154 = LINE ( 'NONE', #312, #594 ) ;
#1155 = CARTESIAN_POINT ( 'NONE',  ( -3.700000000000000178, 3.699999999999998845, -1.699999999999999956 ) ) ;
#1156 = VERTEX_POINT ( 'NONE', #198 ) ;
#1157 = DIRECTION ( 'NONE',  ( 0.000000000000000000, 1.000000000000000000, 0.000000000000000000 ) ) ;
#1158 = CARTESIAN_POINT ( 'NONE',  ( -3.500000000000000888, 3.699999999999998845, 1.700000000000000178 ) ) ;
#1159 = EDGE_CURVE ( 'NONE', #1978, #436, #525, .T. ) ;
#1160 = CARTESIAN_POINT ( 'NONE',  ( 3.700000000000000178, 4.199999999999998401, 1.700000000000000178 ) ) ;
#1161 = EDGE_CURVE ( 'NONE', #1645, #2103, #1959, .T. ) ;
#1162 = FACE_OUTER_BOUND ( 'NONE', #190, .T. ) ;
#1163 = VECTOR ( 'NONE', #1801, 1000.000000000000000 ) ;
#1164 = CARTESIAN_POINT ( 'NONE',  ( 3.700000000000000178, 3.199999999999999289, -0.1999999999999998723 ) ) ;
#1165 = CARTESIAN_POINT ( 'NONE',  ( -3.700000000000000178, 3.699999999999998845, 2.399999999999999911 ) ) ;
#1166 = VERTEX_POINT ( 'NONE', #23 ) ;
#1167 = CARTESIAN_POINT ( 'NONE',  ( -2.100000000000000089, 0.09999999999999982514, -1.000000000000000000 ) ) ;
#1168 = VECTOR ( 'NONE', #1128, 1000.000000000000000 ) ;
#1169 = LINE ( 'NONE', #332, #1499 ) ;
#1170 = LINE ( 'NONE', #1993, #8 ) ;
#1171 = CARTESIAN_POINT ( 'NONE',  ( 3.700000000000000178, 0.1999999999999992339, 2.399999999999999911 ) ) ;
#1172 = CARTESIAN_POINT ( 'NONE',  ( -1.599999999999999867, 0.1000000000000000056, -2.299999999999999822 ) ) ;
#1173 = AXIS2_PLACEMENT_3D ( 'NONE', #1381, #2034, #570 ) ;
#1174 = CARTESIAN_POINT ( 'NONE',  ( -2.500000000000000444, 4.500000000000000000, -2.600000000000000089 ) ) ;
#1175 = VECTOR ( 'NONE', #784, 1000.000000000000000 ) ;
#1176 = VERTEX_POINT ( 'NONE', #42 ) ;
#1177 = DIRECTION ( 'NONE',  ( -1.000000000000000000, -0.000000000000000000, -0.000000000000000000 ) ) ;
#1178 = AXIS2_PLACEMENT_3D ( 'NONE', #564, #1195, #1328 ) ;
#1179 = CARTESIAN_POINT ( 'NONE',  ( 1.599999999999999867, 0.05000000000000000278, 2.299999999999999822 ) ) ;
#1180 = CARTESIAN_POINT ( 'NONE',  ( 3.099999999999999645, 4.799999999999999822, 3.499999999999999556 ) ) ;
#1181 = PLANE ( 'NONE',  #438 ) ;
#1182 = EDGE_CURVE ( 'NONE', #462, #1935, #990, .T. ) ;
#1183 = CIRCLE ( 'NONE', #634, 0.4250000000000000444 ) ;
#1184 = EDGE_CURVE ( 'NONE', #1578, #1247, #1148, .T. ) ;
#1185 = DIRECTION ( 'NONE',  ( 0.000000000000000000, 0.000000000000000000, 1.000000000000000000 ) ) ;
#1186 = ADVANCED_FACE ( 'NONE', ( #207 ), #676, .F. ) ;
#1187 = DIRECTION ( 'NONE',  ( -1.000000000000000000, -0.000000000000000000, -0.000000000000000000 ) ) ;
#1188 = ORIENTED_EDGE ( 'NONE', *, *, #1314, .F. ) ;
#1189 = DIRECTION ( 'NONE',  ( 0.000000000000000000, 0.000000000000000000, 1.000000000000000000 ) ) ;
#1190 = EDGE_CURVE ( 'NONE', #588, #1261, #827, .T. ) ;
#1191 = DIRECTION ( 'NONE',  ( -1.000000000000000000, -0.000000000000000000, -0.000000000000000000 ) ) ;
#1192 = CARTESIAN_POINT ( 'NONE',  ( 3.500000000000000888, 3.199999999999999734, -1.699999999999999734 ) ) ;
#1193 = LINE ( 'NONE', #1380, #591 ) ;
#1194 = PRESENTATION_LAYER_ASSIGNMENT (  '', '', ( #817 ) ) ;
#1195 = DIRECTION ( 'NONE',  ( 0.000000000000000000, -1.000000000000000000, 2.891205793294678819E-16 ) ) ;
#1196 = VECTOR ( 'NONE', #1232, 1000.000000000000000 ) ;
#1197 = CARTESIAN_POINT ( 'NONE',  ( -2.500000000000000444, 4.799999999999999822, -2.174999999999999822 ) ) ;
#1198 = EDGE_LOOP ( 'NONE', ( #1001, #404, #272, #1345, #1785, #1280, #2063, #1062 ) ) ;
#1199 = CARTESIAN_POINT ( 'NONE',  ( 2.100000000000000089, 0.04999999999999660966, 1.000000000000000666 ) ) ;
#1200 = LINE ( 'NONE', #1523, #1425 ) ;
#1201 = AXIS2_PLACEMENT_3D ( 'NONE', #1025, #2014, #1668 ) ;
#1202 = CARTESIAN_POINT ( 'NONE',  ( -2.500000000000000444, 4.799999999999999822, -2.600000000000000089 ) ) ;
#1203 = FACE_OUTER_BOUND ( 'NONE', #1850, .T. ) ;
#1204 = CARTESIAN_POINT ( 'NONE',  ( -3.500000000000000888, 4.799999999999999822, 3.100000000000000089 ) ) ;
#1205 = CARTESIAN_POINT ( 'NONE',  ( -3.700000000000000178, 3.699999999999998845, -2.399999999999999911 ) ) ;
#1206 = SURFACE_STYLE_FILL_AREA ( #2054 ) ;
#1207 = ORIENTED_EDGE ( 'NONE', *, *, #1030, .F. ) ;
#1208 = DIRECTION ( 'NONE',  ( 0.000000000000000000, 0.000000000000000000, 1.000000000000000000 ) ) ;
#1209 = ADVANCED_FACE ( 'NONE', ( #216 ), #1004, .T. ) ;
#1210 = DIRECTION ( 'NONE',  ( 1.000000000000000000, -0.000000000000000000, -0.000000000000000000 ) ) ;
#1211 = UNCERTAINTY_MEASURE_WITH_UNIT (LENGTH_MEASURE( 1.000000000000000082E-05 ), #1219, 'distance_accuracy_value', 'NONE');
#1212 = CARTESIAN_POINT ( 'NONE',  ( 3.099999999999999645, -9.899494936611665352, 3.100000000000000089 ) ) ;
#1213 = CARTESIAN_POINT ( 'NONE',  ( 3.099999999999998757, 0.04999999999999969746, -3.500000000000000000 ) ) ;
#1214 = PLANE ( 'NONE',  #1830 ) ;
#1215 = ORIENTED_EDGE ( 'NONE', *, *, #489, .T. ) ;
#1216 = DIRECTION ( 'NONE',  ( 0.000000000000000000, 1.000000000000000000, 0.000000000000000000 ) ) ;
#1217 = DIRECTION ( 'NONE',  ( 0.000000000000000000, -1.000000000000000000, 0.000000000000000000 ) ) ;
#1218 = EDGE_CURVE ( 'NONE', #885, #944, #696, .T. ) ;
#1219 =( LENGTH_UNIT ( ) NAMED_UNIT ( * ) SI_UNIT ( .MILLI., .METRE. ) );
#1220 = DIRECTION ( 'NONE',  ( -6.994852725712932707E-17, -0.000000000000000000, 1.000000000000000000 ) ) ;
#1221 = CARTESIAN_POINT ( 'NONE',  ( -3.500000000000000888, -9.899494936611665352, 3.100000000000000089 ) ) ;
#1222 = VERTEX_POINT ( 'NONE', #2002 ) ;
#1223 = CARTESIAN_POINT ( 'NONE',  ( 3.500000000000000444, 0.1000000000000000056, -2.299999999999999822 ) ) ;
#1224 = AXIS2_PLACEMENT_3D ( 'NONE', #2013, #1210, #406 ) ;
#1225 = LINE ( 'NONE', #918, #1196 ) ;
#1226 = ORIENTED_EDGE ( 'NONE', *, *, #1556, .T. ) ;
#1227 = CARTESIAN_POINT ( 'NONE',  ( 3.500000000000000888, 3.699999999999998845, 1.700000000000000178 ) ) ;
#1228 = AXIS2_PLACEMENT_3D ( 'NONE', #863, #30, #1674 ) ;
#1229 = DIRECTION ( 'NONE',  ( 0.000000000000000000, 0.6347394233600139879, -0.7727262545252341353 ) ) ;
#1230 = ORIENTED_EDGE ( 'NONE', *, *, #45, .T. ) ;
#1231 = CARTESIAN_POINT ( 'NONE',  ( 3.700000000000000178, 4.200000000000000178, -1.699999999999999956 ) ) ;
#1232 = DIRECTION ( 'NONE',  ( -6.994852725712932707E-17, 0.000000000000000000, 1.000000000000000000 ) ) ;
#1233 = ORIENTED_EDGE ( 'NONE', *, *, #1917, .F. ) ;
#1234 = ORIENTED_EDGE ( 'NONE', *, *, #1497, .F. ) ;
#1235 = AXIS2_PLACEMENT_3D ( 'NONE', #121, #1424, #1277 ) ;
#1236 = CIRCLE ( 'NONE', #532, 0.4250000000000000444 ) ;
#1237 = ORIENTED_EDGE ( 'NONE', *, *, #1242, .F. ) ;
#1238 = AXIS2_PLACEMENT_3D ( 'NONE', #396, #1539, #429 ) ;
#1239 = DIRECTION ( 'NONE',  ( -0.000000000000000000, 2.891205793294678326E-16, 1.000000000000000000 ) ) ;
#1240 = EDGE_CURVE ( 'NONE', #470, #1790, #1169, .T. ) ;
#1241 = EDGE_CURVE ( 'NONE', #1862, #1634, #536, .T. ) ;
#1242 = EDGE_CURVE ( 'NONE', #1086, #1589, #504, .T. ) ;
#1243 = ORIENTED_EDGE ( 'NONE', *, *, #1472, .F. ) ;
#1244 = CARTESIAN_POINT ( 'NONE',  ( 3.700000000000000178, 0.8000000000000000444, -1.000000000000000000 ) ) ;
#1245 = CARTESIAN_POINT ( 'NONE',  ( -3.500000000000000888, 3.699999999999998845, -1.000000000000000000 ) ) ;
#1246 = ADVANCED_FACE ( 'NONE', ( #1811 ), #189, .F. ) ;
#1247 = VERTEX_POINT ( 'NONE', #1034 ) ;
#1248 = ORIENTED_EDGE ( 'NONE', *, *, #1722, .F. ) ;
#1249 = CARTESIAN_POINT ( 'NONE',  ( 3.500000000000000444, 0.1000000000000000056, 2.299999999999999822 ) ) ;
#1250 = ORIENTED_EDGE ( 'NONE', *, *, #1675, .F. ) ;
#1251 = DIRECTION ( 'NONE',  ( 1.000000000000000000, 0.000000000000000000, -0.000000000000000000 ) ) ;
#1252 = VECTOR ( 'NONE', #1229, 1000.000000000000114 ) ;
#1253 = CLOSED_SHELL ( 'NONE', ( #1651, #520, #202, #240, #1273, #1530, #183, #964, #76, #2066, #419, #1823, #1538, #495, #2072, #1535, #1375, #1827, #541, #966, #1186 ) ) ;
#1254 = EDGE_LOOP ( 'NONE', ( #1750, #642, #589, #1607 ) ) ;
#1255 = PLANE ( 'NONE',  #300 ) ;
#1256 = CARTESIAN_POINT ( 'NONE',  ( -3.700000000000000178, 3.199999999999999289, -0.1999999999999998723 ) ) ;
#1257 = LINE ( 'NONE', #1164, #459 ) ;
#1258 = VECTOR ( 'NONE', #888, 1000.000000000000000 ) ;
#1259 = ORIENTED_EDGE ( 'NONE', *, *, #605, .F. ) ;
#1260 = EDGE_LOOP ( 'NONE', ( #353, #601, #1673, #1455 ) ) ;
#1261 = VERTEX_POINT ( 'NONE', #864 ) ;
#1262 = DIRECTION ( 'NONE',  ( -1.000000000000000000, -0.000000000000000000, -0.000000000000000000 ) ) ;
#1263 = VECTOR ( 'NONE', #299, 1000.000000000000000 ) ;
#1264 = SURFACE_SIDE_STYLE ('',( #1101 ) ) ;
#1265 = VERTEX_POINT ( 'NONE', #1015 ) ;
#1266 = CARTESIAN_POINT ( 'NONE',  ( 3.700000000000000178, 3.199999999999999289, -0.1999999999999998723 ) ) ;
#1267 = LINE ( 'NONE', #785, #2080 ) ;
#1268 = ORIENTED_EDGE ( 'NONE', *, *, #1118, .T. ) ;
#1269 = VERTEX_POINT ( 'NONE', #849 ) ;
#1270 = ORIENTED_EDGE ( 'NONE', *, *, #1115, .T. ) ;
#1271 = CARTESIAN_POINT ( 'NONE',  ( -3.500000000000000444, 0.05000000000000000278, -2.299999999999999822 ) ) ;
#1272 = EDGE_CURVE ( 'NONE', #1070, #1056, #686, .T. ) ;
#1273 = ADVANCED_FACE ( 'NONE', ( #1300 ), #1043, .T. ) ;
#1274 = VECTOR ( 'NONE', #1627, 1000.000000000000000 ) ;
#1275 = ORIENTED_EDGE ( 'NONE', *, *, #1654, .F. ) ;
#1276 = LINE ( 'NONE', #1120, #593 ) ;
#1277 = DIRECTION ( 'NONE',  ( 1.000000000000000000, 0.000000000000000000, -0.000000000000000000 ) ) ;
#1278 = VECTOR ( 'NONE', #1311, 1000.000000000000000 ) ;
#1279 = ORIENTED_EDGE ( 'NONE', *, *, #1436, .T. ) ;
#1280 = ORIENTED_EDGE ( 'NONE', *, *, #451, .F. ) ;
#1281 = EDGE_CURVE ( 'NONE', #79, #1790, #1225, .T. ) ;
#1282 = ORIENTED_EDGE ( 'NONE', *, *, #1784, .T. ) ;
#1283 = CARTESIAN_POINT ( 'NONE',  ( -3.500000000000000888, 3.699999999999998845, 2.399999999999999911 ) ) ;
#1284 = ORIENTED_EDGE ( 'NONE', *, *, #803, .F. ) ;
#1285 = CARTESIAN_POINT ( 'NONE',  ( 3.700000000000000178, 3.499999999999999112, -0.1999999999999999278 ) ) ;
#1286 = PLANE ( 'NONE',  #391 ) ;
#1287 = ORIENTED_EDGE ( 'NONE', *, *, #798, .T. ) ;
#1288 = DIRECTION ( 'NONE',  ( -0.000000000000000000, -0.6347394233600138769, -0.7727262545252342463 ) ) ;
#1289 = ORIENTED_EDGE ( 'NONE', *, *, #71, .F. ) ;
#1290 = ORIENTED_EDGE ( 'NONE', *, *, #385, .T. ) ;
#1291 = CARTESIAN_POINT ( 'NONE',  ( 3.500000000000000444, 0.05000000000000000278, -2.299999999999999822 ) ) ;
#1292 = DIRECTION ( 'NONE',  ( -1.000000000000000000, 0.000000000000000000, -0.000000000000000000 ) ) ;
#1293 = EDGE_CURVE ( 'NONE', #1588, #2061, #705, .T. ) ;
#1294 = PLANE ( 'NONE',  #1347 ) ;
#1295 = VECTOR ( 'NONE', #44, 1000.000000000000000 ) ;
#1296 = VERTEX_POINT ( 'NONE', #1708 ) ;
#1297 = DIRECTION ( 'NONE',  ( -1.000000000000000000, -0.000000000000000000, -0.000000000000000000 ) ) ;
#1298 = EDGE_LOOP ( 'NONE', ( #456, #1747, #281, #932, #1927, #5, #1289, #1512 ) ) ;
#1299 = DIRECTION ( 'NONE',  ( 1.000000000000000000, 0.000000000000000000, 0.000000000000000000 ) ) ;
#1300 = FACE_OUTER_BOUND ( 'NONE', #176, .T. ) ;
#1301 = EDGE_LOOP ( 'NONE', ( #1574, #1955, #1697, #1564 ) ) ;
#1302 = VERTEX_POINT ( 'NONE', #1356 ) ;
#1303 = LINE ( 'NONE', #1637, #1883 ) ;
#1304 = DIRECTION ( 'NONE',  ( 0.000000000000000000, -1.000000000000000000, 1.807003620809174632E-16 ) ) ;
#1305 = DIRECTION ( 'NONE',  ( -1.000000000000000000, 0.000000000000000000, 0.000000000000000000 ) ) ;
#1306 = VECTOR ( 'NONE', #1297, 1000.000000000000000 ) ;
#1307 = DIRECTION ( 'NONE',  ( 0.000000000000000000, -1.000000000000000000, -2.891205793294678326E-16 ) ) ;
#1308 = VECTOR ( 'NONE', #2077, 1000.000000000000000 ) ;
#1309 = EDGE_CURVE ( 'NONE', #316, #612, #1058, .T. ) ;
#1310 = ORIENTED_EDGE ( 'NONE', *, *, #1463, .F. ) ;
#1311 = DIRECTION ( 'NONE',  ( 0.000000000000000000, 1.000000000000000000, 0.000000000000000000 ) ) ;
#1312 = EDGE_CURVE ( 'NONE', #1903, #1461, #1200, .T. ) ;
#1313 = DIRECTION ( 'NONE',  ( -1.000000000000000000, 0.000000000000000000, -0.000000000000000000 ) ) ;
#1315 = ORIENTED_EDGE ( 'NONE', *, *, #652, .T. ) ;
#1314 = EDGE_CURVE ( 'NONE', #768, #1438, #1395, .T. ) ;
#1316 = FACE_OUTER_BOUND ( 'NONE', #255, .T. ) ;
#1317 = CARTESIAN_POINT ( 'NONE',  ( -3.700000000000000178, 3.199999999999999734, 1.700000000000000400 ) ) ;
#1318 = CARTESIAN_POINT ( 'NONE',  ( 3.700000000000000178, 4.163799117101001052E-16, 1.000000000000000666 ) ) ;
#1319 = CARTESIAN_POINT ( 'NONE',  ( -3.700000000000000178, 1.949999999999999512, -2.399999999999999911 ) ) ;
#1320 = ORIENTED_EDGE ( 'NONE', *, *, #373, .T. ) ;
#1321 = DIRECTION ( 'NONE',  ( 1.000000000000000000, 0.000000000000000000, -0.000000000000000000 ) ) ;
#1322 = FACE_OUTER_BOUND ( 'NONE', #2074, .T. ) ;
#1323 = VERTEX_POINT ( 'NONE', #1687 ) ;
#1324 = PLANE ( 'NONE',  #412 ) ;
#1325 = DIRECTION ( 'NONE',  ( -0.000000000000000000, -1.000000000000000000, -0.000000000000000000 ) ) ;
#1326 = ADVANCED_BREP_SHAPE_REPRESENTATION ( 'ETQP4M1R2KFM', ( #810, #829, #855, #135, #1173 ), #1716 ) ;
#1327 = VECTOR ( 'NONE', #1663, 1000.000000000000000 ) ;
#1328 = DIRECTION ( 'NONE',  ( 0.000000000000000000, -2.891205793294678819E-16, -1.000000000000000000 ) ) ;
#1329 = LINE ( 'NONE', #836, #1327 ) ;
#1330 = ORIENTED_EDGE ( 'NONE', *, *, #1006, .F. ) ;
#1331 = DIRECTION ( 'NONE',  ( 1.000000000000000000, 0.000000000000000000, -0.000000000000000000 ) ) ;
#1332 = VECTOR ( 'NONE', #548, 1000.000000000000000 ) ;
#1333 = EDGE_CURVE ( 'NONE', #894, #1080, #2040, .T. ) ;
#1334 = CARTESIAN_POINT ( 'NONE',  ( 3.500000000000000888, 3.699999999999998845, -2.399999999999999911 ) ) ;
#1335 = EDGE_CURVE ( 'NONE', #470, #624, #1368, .T. ) ;
#1336 = PRODUCT ( 'ETQP4M1R2KFM', 'ETQP4M1R2KFM', '', ( #1711 ) ) ;
#1337 = CARTESIAN_POINT ( 'NONE',  ( 3.700000000000000178, 3.499999999999999112, 0.2000000000000000944 ) ) ;
#1338 = CARTESIAN_POINT ( 'NONE',  ( 3.500000000000000888, 3.699999999999998845, 2.399999999999999911 ) ) ;
#1339 = CARTESIAN_POINT ( 'NONE',  ( -3.500000000000001332, 3.199999999999999289, 0.2000000000000001499 ) ) ;
#1340 = EDGE_CURVE ( 'NONE', #1521, #1323, #1865, .T. ) ;
#1341 = EDGE_CURVE ( 'NONE', #1136, #2061, #90, .T. ) ;
#1342 = CARTESIAN_POINT ( 'NONE',  ( -3.100000000000000533, 4.799999999999999822, -3.499999999999999556 ) ) ;
#1343 = VECTOR ( 'NONE', #399, 1000.000000000000000 ) ;
#1344 = AXIS2_PLACEMENT_3D ( 'NONE', #1266, #1615, #457 ) ;
#1345 = ORIENTED_EDGE ( 'NONE', *, *, #1495, .F. ) ;
#1346 = DIRECTION ( 'NONE',  ( -0.000000000000000000, 1.000000000000000000, -0.000000000000000000 ) ) ;
#1347 = AXIS2_PLACEMENT_3D ( 'NONE', #1318, #1454, #2057 ) ;
#1348 = DIRECTION ( 'NONE',  ( -1.000000000000000000, -0.000000000000000000, -0.000000000000000000 ) ) ;
#1349 = DIRECTION ( 'NONE',  ( 0.000000000000000000, 1.000000000000000000, 0.000000000000000000 ) ) ;
#1350 = FACE_OUTER_BOUND ( 'NONE', #114, .T. ) ;
#1351 = ADVANCED_FACE ( 'NONE', ( #1890, #586 ), #247, .F. ) ;
#1352 = DIRECTION ( 'NONE',  ( -0.000000000000000000, -1.000000000000000000, -0.000000000000000000 ) ) ;
#1353 = DIRECTION ( 'NONE',  ( -1.000000000000000000, -0.000000000000000000, 0.000000000000000000 ) ) ;
#1354 = ORIENTED_EDGE ( 'NONE', *, *, #1778, .T. ) ;
#1355 = DIRECTION ( 'NONE',  ( -1.000000000000000000, 0.000000000000000000, 0.000000000000000000 ) ) ;
#1356 = CARTESIAN_POINT ( 'NONE',  ( 3.500000000000000888, 3.699999999999998845, 1.700000000000000178 ) ) ;
#1357 = VECTOR ( 'NONE', #997, 1000.000000000000000 ) ;
#1358 = LINE ( 'NONE', #199, #181 ) ;
#1359 = CARTESIAN_POINT ( 'NONE',  ( -3.500000000000000888, 3.699999999999998845, 2.399999999999999911 ) ) ;
#1360 = VECTOR ( 'NONE', #1391, 1000.000000000000000 ) ;
#1361 = VECTOR ( 'NONE', #1964, 1000.000000000000000 ) ;
#1362 = DIRECTION ( 'NONE',  ( 1.000000000000000000, -0.000000000000000000, 0.000000000000000000 ) ) ;
#1363 = VECTOR ( 'NONE', #1666, 1000.000000000000000 ) ;
#1364 = ADVANCED_FACE ( 'NONE', ( #1557 ), #2021, .F. ) ;
#1365 = DIRECTION ( 'NONE',  ( -0.000000000000000000, -0.6347394233600138769, -0.7727262545252342463 ) ) ;
#1366 = ORIENTED_EDGE ( 'NONE', *, *, #373, .F. ) ;
#1367 = LINE ( 'NONE', #1199, #511 ) ;
#1368 = LINE ( 'NONE', #725, #1982 ) ;
#1369 = AXIS2_PLACEMENT_3D ( 'NONE', #1736, #446, #104 ) ;
#1370 = DIRECTION ( 'NONE',  ( 0.000000000000000000, 1.000000000000000000, 0.000000000000000000 ) ) ;
#1371 = DIRECTION ( 'NONE',  ( 0.000000000000000000, 1.000000000000000000, -1.807003620809174632E-16 ) ) ;
#1372 = CARTESIAN_POINT ( 'NONE',  ( -1.599999999999999867, 0.05000000000000000278, 2.299999999999999822 ) ) ;
#1373 = CARTESIAN_POINT ( 'NONE',  ( 3.700000000000000178, 0.1999999999999992339, -2.399999999999999911 ) ) ;
#1374 = LINE ( 'NONE', #222, #258 ) ;
#1375 = ADVANCED_FACE ( 'NONE', ( #1699 ), #236, .F. ) ;
#1376 = ORIENTED_EDGE ( 'NONE', *, *, #797, .F. ) ;
#1377 = LINE ( 'NONE', #848, #415 ) ;
#1378 = CARTESIAN_POINT ( 'NONE',  ( 3.700000000000000178, 3.199999999999999289, 0.2000000000000001499 ) ) ;
#1379 = ADVANCED_FACE ( 'NONE', ( #896 ), #81, .F. ) ;
#1380 = CARTESIAN_POINT ( 'NONE',  ( -3.700000000000000178, 0.1999999999999992339, -1.699999999999999734 ) ) ;
#1381 = CARTESIAN_POINT ( 'NONE',  ( 0.000000000000000000, 0.000000000000000000, 0.000000000000000000 ) ) ;
#1382 = DIRECTION ( 'NONE',  ( -6.994852725712931474E-17, 0.000000000000000000, 1.000000000000000000 ) ) ;
#1383 = VECTOR ( 'NONE', #980, 1000.000000000000000 ) ;
#1384 = DIRECTION ( 'NONE',  ( -0.000000000000000000, 0.000000000000000000, -1.000000000000000000 ) ) ;
#1385 = ORIENTED_EDGE ( 'NONE', *, *, #808, .F. ) ;
#1386 = PLANE ( 'NONE',  #1071 ) ;
#1387 = DIRECTION ( 'NONE',  ( -0.000000000000000000, -0.000000000000000000, -1.000000000000000000 ) ) ;
#1388 = CARTESIAN_POINT ( 'NONE',  ( 3.700000000000000178, 0.1999999999999992339, -1.000000000000000000 ) ) ;
#1389 = ORIENTED_EDGE ( 'NONE', *, *, #1130, .F. ) ;
#1390 = DIRECTION ( 'NONE',  ( 0.000000000000000000, 0.7727262545252341353, -0.6347394233600139879 ) ) ;
#1391 = DIRECTION ( 'NONE',  ( 0.000000000000000000, -1.000000000000000000, 0.000000000000000000 ) ) ;
#1392 = ORIENTED_EDGE ( 'NONE', *, *, #772, .F. ) ;
#1393 = LINE ( 'NONE', #89, #1795 ) ;
#1394 = VECTOR ( 'NONE', #355, 1000.000000000000000 ) ;
#1395 = LINE ( 'NONE', #547, #1704 ) ;
#1396 = EDGE_CURVE ( 'NONE', #1041, #12, #1582, .T. ) ;
#1397 = ORIENTED_EDGE ( 'NONE', *, *, #1878, .F. ) ;
#1398 = ORIENTED_EDGE ( 'NONE', *, *, #798, .F. ) ;
#1399 = ADVANCED_FACE ( 'NONE', ( #1545 ), #733, .T. ) ;
#1400 = PLANE ( 'NONE',  #2087 ) ;
#1401 = CARTESIAN_POINT ( 'NONE',  ( 1.599999999999999867, 0.1000000000000000056, 2.299999999999999822 ) ) ;
#1402 = EDGE_CURVE ( 'NONE', #598, #635, #727, .T. ) ;
#1403 = VERTEX_POINT ( 'NONE', #155 ) ;
#1404 = CARTESIAN_POINT ( 'NONE',  ( 3.500000000000000444, 0.1000000000000000056, -2.299999999999999822 ) ) ;
#1405 = DIRECTION ( 'NONE',  ( 0.000000000000000000, 1.000000000000000000, -1.807003620809174632E-16 ) ) ;
#1406 = ORIENTED_EDGE ( 'NONE', *, *, #1218, .F. ) ;
#1407 = ORIENTED_EDGE ( 'NONE', *, *, #515, .T. ) ;
#1408 = AXIS2_PLACEMENT_3D ( 'NONE', #295, #795, #1944 ) ;
#1409 = CARTESIAN_POINT ( 'NONE',  ( -2.500000000000000444, 4.500000000000000000, -2.174999999999999822 ) ) ;
#1410 = VERTEX_POINT ( 'NONE', #327 ) ;
#1411 = AXIS2_PLACEMENT_3D ( 'NONE', #1876, #2036, #402 ) ;
#1412 = PLANE ( 'NONE',  #761 ) ;
#1413 =( LENGTH_UNIT ( ) NAMED_UNIT ( * ) SI_UNIT ( .MILLI., .METRE. ) );
#1414 = EDGE_LOOP ( 'NONE', ( #303, #442, #1990, #2095 ) ) ;
#1415 = CARTESIAN_POINT ( 'NONE',  ( -3.100000000000000533, 0.04999999999999969746, 3.499999999999999556 ) ) ;
#1416 = CARTESIAN_POINT ( 'NONE',  ( 3.500000000000000444, 0.1000000000000000056, 2.299999999999999822 ) ) ;
#1417 = VERTEX_POINT ( 'NONE', #662 ) ;
#1418 = ORIENTED_EDGE ( 'NONE', *, *, #715, .T. ) ;
#1419 = ORIENTED_EDGE ( 'NONE', *, *, #1159, .F. ) ;
#1420 = PLANE ( 'NONE',  #786 ) ;
#1421 = EDGE_CURVE ( 'NONE', #1634, #2055, #1577, .T. ) ;
#1422 = ORIENTED_EDGE ( 'NONE', *, *, #1094, .T. ) ;
#1423 = DIRECTION ( 'NONE',  ( 0.000000000000000000, 0.000000000000000000, -1.000000000000000000 ) ) ;
#1424 = DIRECTION ( 'NONE',  ( 0.000000000000000000, 0.000000000000000000, 1.000000000000000000 ) ) ;
#1425 = VECTOR ( 'NONE', #1853, 1000.000000000000000 ) ;
#1426 = ADVANCED_FACE ( 'NONE', ( #1613 ), #1294, .F. ) ;
#1427 = ORIENTED_EDGE ( 'NONE', *, *, #338, .T. ) ;
#1428 = ORIENTED_EDGE ( 'NONE', *, *, #397, .T. ) ;
#1429 = ORIENTED_EDGE ( 'NONE', *, *, #1497, .T. ) ;
#1430 = CARTESIAN_POINT ( 'NONE',  ( 2.100000000000000089, 0.04999999999999622802, -1.000000000000000000 ) ) ;
#1431 = CIRCLE ( 'NONE', #518, 0.4250000000000000444 ) ;
#1432 = EDGE_LOOP ( 'NONE', ( #1871, #2108, #1571, #1652 ) ) ;
#1433 = CARTESIAN_POINT ( 'NONE',  ( -3.500000000000000444, 0.04999999999999969746, -2.300000000000000266 ) ) ;
#1434 = EDGE_CURVE ( 'NONE', #1438, #1410, #277, .T. ) ;
#1435 = LINE ( 'NONE', #1934, #32 ) ;
#1436 = EDGE_CURVE ( 'NONE', #1862, #452, #1257, .T. ) ;
#1437 = ORIENTED_EDGE ( 'NONE', *, *, #1626, .F. ) ;
#1438 = VERTEX_POINT ( 'NONE', #17 ) ;
#1439 = ORIENTED_EDGE ( 'NONE', *, *, #1560, .T. ) ;
#1440 = DIRECTION ( 'NONE',  ( 0.000000000000000000, 0.000000000000000000, -1.000000000000000000 ) ) ;
#1441 = VECTOR ( 'NONE', #940, 1000.000000000000000 ) ;
#1442 = VECTOR ( 'NONE', #26, 1000.000000000000000 ) ;
#1443 = ORIENTED_EDGE ( 'NONE', *, *, #1094, .F. ) ;
#1444 = PLANE ( 'NONE',  #1344 ) ;
#1445 = FACE_OUTER_BOUND ( 'NONE', #1198, .T. ) ;
#1446 = AXIS2_PLACEMENT_3D ( 'NONE', #1847, #1384, #1040 ) ;
#1447 = VERTEX_POINT ( 'NONE', #2114 ) ;
#1448 = CARTESIAN_POINT ( 'NONE',  ( -3.500000000000001332, 3.499999999999999112, 0.2000000000000000944 ) ) ;
#1449 = ORIENTED_EDGE ( 'NONE', *, *, #1759, .F. ) ;
#1450 = ORIENTED_EDGE ( 'NONE', *, *, #1898, .F. ) ;
#1451 = ORIENTED_EDGE ( 'NONE', *, *, #1558, .T. ) ;
#1452 = CARTESIAN_POINT ( 'NONE',  ( -3.700000000000000178, 0.8000000000000004885, 1.000000000000000888 ) ) ;
#1453 = VERTEX_POINT ( 'NONE', #1954 ) ;
#1454 = DIRECTION ( 'NONE',  ( 0.000000000000000000, 2.710505431213761085E-16, -1.000000000000000000 ) ) ;
#1455 = ORIENTED_EDGE ( 'NONE', *, *, #1184, .F. ) ;
#1456 = MECHANICAL_DESIGN_GEOMETRIC_PRESENTATION_REPRESENTATION (  '', ( #817 ), #697 ) ;
#1457 = VECTOR ( 'NONE', #359, 1000.000000000000114 ) ;
#1458 = VERTEX_POINT ( 'NONE', #1975 ) ;
#1459 = DIRECTION ( 'NONE',  ( 0.000000000000000000, 1.000000000000000000, 0.000000000000000000 ) ) ;
#1460 = VERTEX_POINT ( 'NONE', #671 ) ;
#1461 = VERTEX_POINT ( 'NONE', #1797 ) ;
#1462 = VECTOR ( 'NONE', #1633, 1000.000000000000000 ) ;
#1463 = EDGE_CURVE ( 'NONE', #2076, #635, #439, .T. ) ;
#1464 = ORIENTED_EDGE ( 'NONE', *, *, #1489, .T. ) ;
#1465 = LINE ( 'NONE', #1477, #1640 ) ;
#1466 = DIRECTION ( 'NONE',  ( 0.000000000000000000, -2.891205793294678819E-16, -1.000000000000000000 ) ) ;
#1467 = PLANE ( 'NONE',  #2059 ) ;
#1468 = EDGE_CURVE ( 'NONE', #1296, #260, #342, .T. ) ;
#1469 = ADVANCED_FACE ( 'NONE', ( #1566 ), #1467, .F. ) ;
#1470 = AXIS2_PLACEMENT_3D ( 'NONE', #1202, #1856, #850 ) ;
#1471 = CARTESIAN_POINT ( 'NONE',  ( -3.500000000000000888, 0.1999999999999992339, 2.399999999999999911 ) ) ;
#1472 = EDGE_CURVE ( 'NONE', #275, #1978, #1742, .T. ) ;
#1473 = PRODUCT_DEFINITION_SHAPE ( 'NONE', 'NONE',  #845 ) ;
#1474 = ORIENTED_EDGE ( 'NONE', *, *, #426, .F. ) ;
#1475 = LINE ( 'NONE', #1409, #1112 ) ;
#1476 = CARTESIAN_POINT ( 'NONE',  ( 3.700000000000000178, 1.950000000000000622, 2.400000000000000799 ) ) ;
#1477 = CARTESIAN_POINT ( 'NONE',  ( 3.500000000000000888, 2.655064737242954553, 3.258339680121857818 ) ) ;
#1478 = FACE_OUTER_BOUND ( 'NONE', #2096, .T. ) ;
#1479 = CARTESIAN_POINT ( 'NONE',  ( -3.500000000000000888, 0.000000000000000000, 2.399999999999999911 ) ) ;
#1480 = LINE ( 'NONE', #1342, #716 ) ;
#1481 = VERTEX_POINT ( 'NONE', #2071 ) ;
#1482 = CARTESIAN_POINT ( 'NONE',  ( 3.700000000000000178, 1.949999999999999956, -2.399999999999999911 ) ) ;
#1483 = CARTESIAN_POINT ( 'NONE',  ( -3.100000000000000533, 4.799999999999999822, 3.499999999999999556 ) ) ;
#1484 = ORIENTED_EDGE ( 'NONE', *, *, #1886, .F. ) ;
#1485 = CARTESIAN_POINT ( 'NONE',  ( -2.500000000000000444, 4.500000000000000000, -2.600000000000000089 ) ) ;
#1486 = CARTESIAN_POINT ( 'NONE',  ( 3.499999999999999556, 0.04999999999999969746, -3.099999999999999645 ) ) ;
#1487 = CARTESIAN_POINT ( 'NONE',  ( 2.100000000000000089, 0.09999999999999982514, 1.000000000000000666 ) ) ;
#1488 = EDGE_CURVE ( 'NONE', #1618, #1302, #508, .T. ) ;
#1489 = EDGE_CURVE ( 'NONE', #768, #762, #97, .T. ) ;
#1490 = DIRECTION ( 'NONE',  ( -0.000000000000000000, -0.000000000000000000, -1.000000000000000000 ) ) ;
#1491 = ORIENTED_EDGE ( 'NONE', *, *, #49, .F. ) ;
#1492 = CARTESIAN_POINT ( 'NONE',  ( -3.500000000000001332, 3.499999999999999112, -0.1999999999999999278 ) ) ;
#1493 = DIRECTION ( 'NONE',  ( -1.000000000000000000, 0.000000000000000000, 0.000000000000000000 ) ) ;
#1494 = AXIS2_PLACEMENT_3D ( 'NONE', #1244, #1872, #264 ) ;
#1495 = EDGE_CURVE ( 'NONE', #811, #1041, #1901, .T. ) ;
#1496 = FACE_OUTER_BOUND ( 'NONE', #573, .T. ) ;
#1497 = EDGE_CURVE ( 'NONE', #624, #801, #986, .T. ) ;
#1498 = PLANE ( 'NONE',  #124 ) ;
#1499 = VECTOR ( 'NONE', #666, 1000.000000000000000 ) ;
#1500 = CARTESIAN_POINT ( 'NONE',  ( 3.700000000000000178, 3.699999999999998845, -2.399999999999999911 ) ) ;
#1501 = DIRECTION ( 'NONE',  ( 0.000000000000000000, 2.891205793294678326E-16, -1.000000000000000000 ) ) ;
#1502 = ORIENTED_EDGE ( 'NONE', *, *, #1622, .T. ) ;
#1503 = CARTESIAN_POINT ( 'NONE',  ( -2.500000000000000444, 4.500000000000000000, -2.600000000000000089 ) ) ;
#1504 = CARTESIAN_POINT ( 'NONE',  ( -2.500000000000000444, 4.500000000000000000, -2.600000000000000089 ) ) ;
#1505 = ADVANCED_FACE ( 'NONE', ( #169 ), #500, .F. ) ;
#1506 = CARTESIAN_POINT ( 'NONE',  ( 3.700000000000000178, 0.000000000000000000, -1.000000000000000000 ) ) ;
#1507 = FACE_OUTER_BOUND ( 'NONE', #187, .T. ) ;
#1508 = CARTESIAN_POINT ( 'NONE',  ( 3.500000000000000444, 0.1000000000000000056, 2.299999999999999822 ) ) ;
#1509 = AXIS2_PLACEMENT_3D ( 'NONE', #1359, #1517, #237 ) ;
#1510 = VECTOR ( 'NONE', #315, 1000.000000000000000 ) ;
#1511 = VECTOR ( 'NONE', #449, 1000.000000000000000 ) ;
#1512 = ORIENTED_EDGE ( 'NONE', *, *, #421, .F. ) ;
#1513 = CARTESIAN_POINT ( 'NONE',  ( -3.100000000000000533, -9.899494936611665352, -3.100000000000000089 ) ) ;
#1514 = VECTOR ( 'NONE', #609, 1000.000000000000000 ) ;
#1515 = CARTESIAN_POINT ( 'NONE',  ( -3.500000000000000888, 3.699999999999998845, -1.699999999999999734 ) ) ;
#1516 = PLANE ( 'NONE',  #1201 ) ;
#1517 = DIRECTION ( 'NONE',  ( 0.000000000000000000, -1.000000000000000000, 0.000000000000000000 ) ) ;
#1518 = EDGE_CURVE ( 'NONE', #79, #1041, #1154, .T. ) ;
#1519 = LINE ( 'NONE', #1531, #700 ) ;
#1520 = SURFACE_STYLE_USAGE ( .BOTH. , #382 ) ;
#1521 = VERTEX_POINT ( 'NONE', #999 ) ;
#1522 = CARTESIAN_POINT ( 'NONE',  ( 3.700000000000000178, 3.199999999999999734, -1.699999999999999956 ) ) ;
#1523 = CARTESIAN_POINT ( 'NONE',  ( -3.700000000000000178, 4.163799117101001052E-16, 1.000000000000000666 ) ) ;
#1524 = UNCERTAINTY_MEASURE_WITH_UNIT (LENGTH_MEASURE( 1.000000000000000082E-05 ), #1413, 'distance_accuracy_value', 'NONE');
#1525 = AXIS2_PLACEMENT_3D ( 'NONE', #1171, #154, #1826 ) ;
#1526 = LINE ( 'NONE', #841, #1987 ) ;
#1527 = CARTESIAN_POINT ( 'NONE',  ( 3.500000000000000888, 3.199999999999999734, 2.399999999999999911 ) ) ;
#1528 = CIRCLE ( 'NONE', #994, 0.4250000000000000444 ) ;
#1529 =( LENGTH_UNIT ( ) NAMED_UNIT ( * ) SI_UNIT ( .MILLI., .METRE. ) );
#1530 = ADVANCED_FACE ( 'NONE', ( #1639 ), #182, .F. ) ;
#1531 = CARTESIAN_POINT ( 'NONE',  ( 3.700000000000000178, 0.8000000000000000444, -1.000000000000000000 ) ) ;
#1532 = VECTOR ( 'NONE', #682, 1000.000000000000000 ) ;
#1533 = EDGE_CURVE ( 'NONE', #448, #768, #231, .T. ) ;
#1534 = AXIS2_PLACEMENT_3D ( 'NONE', #1503, #1216, #1189 ) ;
#1535 = ADVANCED_FACE ( 'NONE', ( #1507 ), #390, .F. ) ;
#1536 = ORIENTED_EDGE ( 'NONE', *, *, #1065, .F. ) ;
#1537 = DIRECTION ( 'NONE',  ( -1.000000000000000000, -0.000000000000000000, -0.000000000000000000 ) ) ;
#1538 = ADVANCED_FACE ( 'NONE', ( #852 ), #1214, .F. ) ;
#1539 = DIRECTION ( 'NONE',  ( 0.000000000000000000, -1.000000000000000000, 0.000000000000000000 ) ) ;
#1540 = VECTOR ( 'NONE', #527, 1000.000000000000000 ) ;
#1541 =( NAMED_UNIT ( * ) PLANE_ANGLE_UNIT ( ) SI_UNIT ( $, .RADIAN. ) );
#1542 = CARTESIAN_POINT ( 'NONE',  ( -3.500000000000000888, 3.699999999999998845, 1.700000000000000178 ) ) ;
#1543 = VERTEX_POINT ( 'NONE', #1339 ) ;
#1544 = DIRECTION ( 'NONE',  ( -1.000000000000000000, -0.000000000000000000, -0.000000000000000000 ) ) ;
#1545 = FACE_OUTER_BOUND ( 'NONE', #584, .T. ) ;
#1546 = VECTOR ( 'NONE', #1966, 1000.000000000000000 ) ;
#1547 = SURFACE_STYLE_USAGE ( .BOTH. , #1038 ) ;
#1548 = PRESENTATION_STYLE_ASSIGNMENT (( #1670 ) ) ;
#1549 = EDGE_LOOP ( 'NONE', ( #2047, #427, #1536, #115 ) ) ;
#1550 = DIRECTION ( 'NONE',  ( -1.000000000000000000, 0.000000000000000000, -0.000000000000000000 ) ) ;
#1551 = AXIS2_PLACEMENT_3D ( 'NONE', #101, #825, #2106 ) ;
#1552 = LINE ( 'NONE', #393, #1252 ) ;
#1553 = EDGE_CURVE ( 'NONE', #746, #1136, #1649, .T. ) ;
#1554 = ORIENTED_EDGE ( 'NONE', *, *, #1886, .T. ) ;
#1555 = DIRECTION ( 'NONE',  ( -1.000000000000000000, 0.000000000000000000, -0.000000000000000000 ) ) ;
#1556 = EDGE_CURVE ( 'NONE', #762, #482, #1519, .T. ) ;
#1557 = FACE_OUTER_BOUND ( 'NONE', #828, .T. ) ;
#1558 = EDGE_CURVE ( 'NONE', #1774, #161, #1009, .T. ) ;
#1559 = ORIENTED_EDGE ( 'NONE', *, *, #1272, .T. ) ;
#1560 = EDGE_CURVE ( 'NONE', #632, #1631, #212, .T. ) ;
#1561 = ORIENTED_EDGE ( 'NONE', *, *, #360, .F. ) ;
#1562 = DIRECTION ( 'NONE',  ( -0.000000000000000000, -0.000000000000000000, -1.000000000000000000 ) ) ;
#1563 = DIRECTION ( 'NONE',  ( -1.000000000000000000, -0.000000000000000000, -0.000000000000000000 ) ) ;
#1564 = ORIENTED_EDGE ( 'NONE', *, *, #2035, .F. ) ;
#1565 = DIRECTION ( 'NONE',  ( -1.000000000000000000, 0.000000000000000000, -0.000000000000000000 ) ) ;
#1566 = FACE_OUTER_BOUND ( 'NONE', #1016, .T. ) ;
#1567 = ORIENTED_EDGE ( 'NONE', *, *, #1293, .F. ) ;
#1568 = ORIENTED_EDGE ( 'NONE', *, *, #1788, .T. ) ;
#1569 = AXIS2_PLACEMENT_3D ( 'NONE', #969, #1930, #2089 ) ;
#1570 = DIRECTION ( 'NONE',  ( 0.000000000000000000, 0.000000000000000000, 1.000000000000000000 ) ) ;
#1571 = ORIENTED_EDGE ( 'NONE', *, *, #1037, .T. ) ;
#1572 = LINE ( 'NONE', #1885, #796 ) ;
#1573 = PRESENTATION_STYLE_ASSIGNMENT (( #946 ) ) ;
#1574 = ORIENTED_EDGE ( 'NONE', *, *, #335, .T. ) ;
#1575 = DIRECTION ( 'NONE',  ( -0.000000000000000000, -0.000000000000000000, -1.000000000000000000 ) ) ;
#1576 = PLANE ( 'NONE',  #112 ) ;
#1577 = LINE ( 'NONE', #485, #1514 ) ;
#1578 = VERTEX_POINT ( 'NONE', #1648 ) ;
#1579 = ORIENTED_EDGE ( 'NONE', *, *, #1626, .T. ) ;
#1580 = STYLED_ITEM ( 'NONE', ( #1573 ), #855 ) ;
#1581 = EDGE_LOOP ( 'NONE', ( #599, #1491, #142, #779, #1596, #345, #1684, #920, #123, #640, #1125, #1923, #149, #1756, #847, #156 ) ) ;
#1582 = CIRCLE ( 'NONE', #902, 0.4000000000000006328 ) ;
#1583 = EDGE_CURVE ( 'NONE', #783, #1481, #874, .T. ) ;
#1584 = PLANE ( 'NONE',  #1411 ) ;
#1585 = SURFACE_STYLE_USAGE ( .BOTH. , #1264 ) ;
#1586 = ORIENTED_EDGE ( 'NONE', *, *, #329, .F. ) ;
#1587 = CARTESIAN_POINT ( 'NONE',  ( 3.700000000000000178, 3.699999999999998845, 2.399999999999999911 ) ) ;
#1588 = VERTEX_POINT ( 'NONE', #1986 ) ;
#1589 = VERTEX_POINT ( 'NONE', #519 ) ;
#1590 = ORIENTED_EDGE ( 'NONE', *, *, #1854, .T. ) ;
#1591 = DIRECTION ( 'NONE',  ( 0.000000000000000000, 0.000000000000000000, 1.000000000000000000 ) ) ;
#1592 = EDGE_CURVE ( 'NONE', #1771, #1601, #46, .T. ) ;
#1593 = ORIENTED_EDGE ( 'NONE', *, *, #1621, .F. ) ;
#1594 = LINE ( 'NONE', #1285, #1721 ) ;
#1595 = DIRECTION ( 'NONE',  ( 1.084202172485505223E-15, 0.000000000000000000, 1.000000000000000000 ) ) ;
#1596 = ORIENTED_EDGE ( 'NONE', *, *, #1312, .F. ) ;
#1597 = EDGE_LOOP ( 'NONE', ( #1929, #703, #1781, #611 ) ) ;
#1598 = ORIENTED_EDGE ( 'NONE', *, *, #1182, .F. ) ;
#1599 = PLANE ( 'NONE',  #1849 ) ;
#1600 = VECTOR ( 'NONE', #1842, 1000.000000000000000 ) ;
#1601 = VERTEX_POINT ( 'NONE', #1839 ) ;
#1602 = LINE ( 'NONE', #304, #1175 ) ;
#1603 = CARTESIAN_POINT ( 'NONE',  ( 3.500000000000000888, 1.950000000000000622, 2.400000000000000799 ) ) ;
#1604 = ORIENTED_EDGE ( 'NONE', *, *, #1898, .T. ) ;
#1605 = DIRECTION ( 'NONE',  ( 0.000000000000000000, 0.000000000000000000, -1.000000000000000000 ) ) ;
#1606 = ORIENTED_EDGE ( 'NONE', *, *, #486, .T. ) ;
#1607 = ORIENTED_EDGE ( 'NONE', *, *, #1488, .F. ) ;
#1608 = ORIENTED_EDGE ( 'NONE', *, *, #1874, .F. ) ;
#1609 = LINE ( 'NONE', #1139, #1263 ) ;
#1610 = DIRECTION ( 'NONE',  ( 0.000000000000000000, 1.000000000000000000, 0.000000000000000000 ) ) ;
#1611 = VECTOR ( 'NONE', #1900, 1000.000000000000000 ) ;
#1612 = VECTOR ( 'NONE', #834, 1000.000000000000000 ) ;
#1613 = FACE_OUTER_BOUND ( 'NONE', #1032, .T. ) ;
#1614 = ORIENTED_EDGE ( 'NONE', *, *, #1341, .T. ) ;
#1615 = DIRECTION ( 'NONE',  ( -0.000000000000000000, 1.807003620809174632E-16, 1.000000000000000000 ) ) ;
#1616 = DIRECTION ( 'NONE',  ( 1.000000000000000000, -0.000000000000000000, 6.994852725712932707E-17 ) ) ;
#1617 = EDGE_CURVE ( 'NONE', #1247, #788, #844, .T. ) ;
#1618 = VERTEX_POINT ( 'NONE', #1859 ) ;
#1619 = PLANE ( 'NONE',  #2032 ) ;
#1620 = VERTEX_POINT ( 'NONE', #1205 ) ;
#1621 = EDGE_CURVE ( 'NONE', #1521, #1645, #1047, .T. ) ;
#1622 = EDGE_CURVE ( 'NONE', #140, #1269, #193, .T. ) ;
#1623 = ORIENTED_EDGE ( 'NONE', *, *, #1065, .T. ) ;
#1624 = CARTESIAN_POINT ( 'NONE',  ( 3.700000000000000178, 3.199999999999999289, 0.2000000000000001499 ) ) ;
#1625 = PLANE ( 'NONE',  #1525 ) ;
#1626 = EDGE_CURVE ( 'NONE', #1296, #802, #681, .T. ) ;
#1627 = DIRECTION ( 'NONE',  ( -1.000000000000000000, 0.000000000000000000, 0.000000000000000000 ) ) ;
#1628 = COLOUR_RGB ( '',0.7921568627450980005, 0.8196078431372548767, 0.9333333333333333481 ) ;
#1629 = LINE ( 'NONE', #352, #1163 ) ;
#1630 = STYLED_ITEM ( 'NONE', ( #565 ), #810 ) ;
#1631 = VERTEX_POINT ( 'NONE', #1500 ) ;
#1632 = LINE ( 'NONE', #513, #1383 ) ;
#1633 = DIRECTION ( 'NONE',  ( -1.000000000000000000, -0.000000000000000000, -0.000000000000000000 ) ) ;
#1634 = VERTEX_POINT ( 'NONE', #381 ) ;
#1635 = CIRCLE ( 'NONE', #208, 0.3999999999999997446 ) ;
#1636 = ORIENTED_EDGE ( 'NONE', *, *, #1855, .T. ) ;
#1637 = CARTESIAN_POINT ( 'NONE',  ( -3.500000000000000888, 3.699999999999998845, 2.399999999999999911 ) ) ;
#1638 = CARTESIAN_POINT ( 'NONE',  ( 3.499999999999999112, -9.899494936611665352, 3.099999999999999645 ) ) ;
#1639 = FACE_OUTER_BOUND ( 'NONE', #650, .T. ) ;
#1640 = VECTOR ( 'NONE', #1758, 1000.000000000000114 ) ;
#1641 = DIRECTION ( 'NONE',  ( -0.000000000000000000, 1.000000000000000000, -2.168404344971012566E-16 ) ) ;
#1642 = ORIENTED_EDGE ( 'NONE', *, *, #1402, .F. ) ;
#1643 = CARTESIAN_POINT ( 'NONE',  ( -3.700000000000000178, 0.1999999999999992339, 2.399999999999999911 ) ) ;
#1644 = DIRECTION ( 'NONE',  ( -0.000000000000000000, -0.000000000000000000, 1.000000000000000000 ) ) ;
#1645 = VERTEX_POINT ( 'NONE', #1039 ) ;
#1646 = DIRECTION ( 'NONE',  ( 0.000000000000000000, 0.6347394233600138769, -0.7727262545252342463 ) ) ;
#1647 = FACE_OUTER_BOUND ( 'NONE', #1134, .T. ) ;
#1648 = CARTESIAN_POINT ( 'NONE',  ( 3.500000000000000888, 3.699999999999998845, -1.699999999999999734 ) ) ;
#1649 = CIRCLE ( 'NONE', #668, 0.4000000000000001887 ) ;
#1650 = CARTESIAN_POINT ( 'NONE',  ( -2.100000000000000089, 0.04999999999999622802, -1.000000000000000000 ) ) ;
#1651 = ADVANCED_FACE ( 'NONE', ( #1660 ), #860, .F. ) ;
#1652 = ORIENTED_EDGE ( 'NONE', *, *, #1130, .T. ) ;
#1653 = LINE ( 'NONE', #1851, #1983 ) ;
#1654 = EDGE_CURVE ( 'NONE', #801, #1978, #372, .T. ) ;
#1655 = AXIS2_PLACEMENT_3D ( 'NONE', #838, #173, #922 ) ;
#1656 = CARTESIAN_POINT ( 'NONE',  ( 3.500000000000000888, 3.699999999999998845, -1.699999999999999734 ) ) ;
#1657 = VERTEX_POINT ( 'NONE', #2006 ) ;
#1658 = CARTESIAN_POINT ( 'NONE',  ( 2.100000000000000089, 0.000000000000000000, 2.399999999999999911 ) ) ;
#1659 = DIRECTION ( 'NONE',  ( 0.000000000000000000, 0.000000000000000000, 1.000000000000000000 ) ) ;
#1660 = FACE_OUTER_BOUND ( 'NONE', #934, .T. ) ;
#1661 = APPLICATION_CONTEXT ( 'automotive_design' ) ;
#1662 = EDGE_CURVE ( 'NONE', #436, #1790, #1572, .T. ) ;
#1663 = DIRECTION ( 'NONE',  ( 0.000000000000000000, -1.000000000000000000, 0.000000000000000000 ) ) ;
#1664 = ORIENTED_EDGE ( 'NONE', *, *, #71, .T. ) ;
#1665 = LINE ( 'NONE', #205, #1667 ) ;
#1666 = DIRECTION ( 'NONE',  ( 1.000000000000000000, 0.000000000000000000, 0.000000000000000000 ) ) ;
#1667 = VECTOR ( 'NONE', #1685, 1000.000000000000000 ) ;
#1668 = DIRECTION ( 'NONE',  ( 1.000000000000000000, 0.000000000000000000, -0.000000000000000000 ) ) ;
#1669 = CARTESIAN_POINT ( 'NONE',  ( 3.700000000000000178, 3.499999999999999112, -0.1999999999999999278 ) ) ;
#1670 = SURFACE_STYLE_USAGE ( .BOTH. , #400 ) ;
#1671 = CARTESIAN_POINT ( 'NONE',  ( 1.599999999999999867, 0.1000000000000000056, 2.299999999999999822 ) ) ;
#1672 = DIRECTION ( 'NONE',  ( 0.000000000000000000, 1.000000000000000000, -0.000000000000000000 ) ) ;
#1673 = ORIENTED_EDGE ( 'NONE', *, *, #1617, .F. ) ;
#1674 = DIRECTION ( 'NONE',  ( 0.000000000000000000, 0.000000000000000000, -1.000000000000000000 ) ) ;
#1675 = EDGE_CURVE ( 'NONE', #108, #1888, #151, .T. ) ;
#1676 = DIRECTION ( 'NONE',  ( 0.000000000000000000, -0.6347394233600139879, 0.7727262545252341353 ) ) ;
#1677 = DIRECTION ( 'NONE',  ( -1.000000000000000000, 0.000000000000000000, 0.000000000000000000 ) ) ;
#1678 = DIRECTION ( 'NONE',  ( -1.000000000000000000, 0.000000000000000000, 0.000000000000000000 ) ) ;
#1679 = FILL_AREA_STYLE ('',( #900 ) ) ;
#1680 = DIRECTION ( 'NONE',  ( 0.000000000000000000, 1.000000000000000000, -0.000000000000000000 ) ) ;
#1681 = DIRECTION ( 'NONE',  ( 0.000000000000000000, 2.710505431213761085E-16, -1.000000000000000000 ) ) ;
#1682 = VECTOR ( 'NONE', #228, 1000.000000000000000 ) ;
#1683 = AXIS2_PLACEMENT_3D ( 'NONE', #1925, #450, #1595 ) ;
#1684 = ORIENTED_EDGE ( 'NONE', *, *, #619, .F. ) ;
#1685 = DIRECTION ( 'NONE',  ( 0.000000000000000000, 1.000000000000000000, -1.807003620809174632E-16 ) ) ;
#1686 = VECTOR ( 'NONE', #1906, 1000.000000000000000 ) ;
#1687 = CARTESIAN_POINT ( 'NONE',  ( -1.599999999999999867, 0.1000000000000000056, 2.299999999999999822 ) ) ;
#1688 = ADVANCED_FACE ( 'NONE', ( #1703 ), #1584, .F. ) ;
#1689 = DIRECTION ( 'NONE',  ( 0.000000000000000000, 1.000000000000000000, 0.000000000000000000 ) ) ;
#1690 = FILL_AREA_STYLE_COLOUR ( '', #1628 ) ;
#1691 = SHAPE_DEFINITION_REPRESENTATION ( #1473, #1326 ) ;
#1692 = EDGE_CURVE ( 'NONE', #1302, #95, #2064, .T. ) ;
#1693 = ADVANCED_FACE ( 'NONE', ( #580 ), #1412, .T. ) ;
#1694 = DIRECTION ( 'NONE',  ( -0.000000000000000000, -1.000000000000000000, -0.000000000000000000 ) ) ;
#1695 = EDGE_CURVE ( 'NONE', #1935, #1302, #1082, .T. ) ;
#1696 = CARTESIAN_POINT ( 'NONE',  ( -3.500000000000000888, 4.799999999999999822, 3.100000000000000089 ) ) ;
#1697 = ORIENTED_EDGE ( 'NONE', *, *, #1915, .T. ) ;
#1698 = CARTESIAN_POINT ( 'NONE',  ( -3.700000000000000178, 0.1999999999999992339, 2.399999999999999911 ) ) ;
#1699 = FACE_OUTER_BOUND ( 'NONE', #163, .T. ) ;
#1700 = PRESENTATION_LAYER_ASSIGNMENT (  '', '', ( #233 ) ) ;
#1701 = DIRECTION ( 'NONE',  ( 0.000000000000000000, 0.000000000000000000, 1.000000000000000000 ) ) ;
#1702 = CYLINDRICAL_SURFACE ( 'NONE', #244, 0.4250000000000000444 ) ;
#1703 = FACE_OUTER_BOUND ( 'NONE', #116, .T. ) ;
#1704 = VECTOR ( 'NONE', #879, 1000.000000000000000 ) ;
#1705 = FACE_OUTER_BOUND ( 'NONE', #1744, .T. ) ;
#1706 = ORIENTED_EDGE ( 'NONE', *, *, #870, .F. ) ;
#1707 = FACE_OUTER_BOUND ( 'NONE', #1260, .T. ) ;
#1708 = CARTESIAN_POINT ( 'NONE',  ( -3.500000000000001332, 3.199999999999999734, -1.699999999999999956 ) ) ;
#1709 = VECTOR ( 'NONE', #191, 1000.000000000000000 ) ;
#1710 = SURFACE_STYLE_FILL_AREA ( #248 ) ;
#1711 = PRODUCT_CONTEXT ( 'NONE', #1661, 'mechanical' ) ;
#1712 = ORIENTED_EDGE ( 'NONE', *, *, #489, .F. ) ;
#1713 = ADVANCED_FACE ( 'NONE', ( #924 ), #935, .T. ) ;
#1714 = DIRECTION ( 'NONE',  ( 0.000000000000000000, 1.000000000000000000, 0.000000000000000000 ) ) ;
#1715 = CARTESIAN_POINT ( 'NONE',  ( 3.499999999999999112, 4.799999999999999822, 3.099999999999999645 ) ) ;
#1716 =( GEOMETRIC_REPRESENTATION_CONTEXT ( 3 ) GLOBAL_UNCERTAINTY_ASSIGNED_CONTEXT ( ( #2022 ) ) GLOBAL_UNIT_ASSIGNED_CONTEXT ( ( #550, #735, #872 ) ) REPRESENTATION_CONTEXT ( 'NONE', 'WORKASPACE' ) );
#1717 = EDGE_LOOP ( 'NONE', ( #1706, #1733, #287, #1957 ) ) ;
#1718 = LINE ( 'NONE', #285, #1611 ) ;
#1719 = DIRECTION ( 'NONE',  ( 0.000000000000000000, -0.000000000000000000, -1.000000000000000000 ) ) ;
#1720 = EDGE_CURVE ( 'NONE', #108, #417, #892, .T. ) ;
#1721 = VECTOR ( 'NONE', #1762, 1000.000000000000000 ) ;
#1722 = EDGE_CURVE ( 'NONE', #894, #409, #1748, .T. ) ;
#1723 = VECTOR ( 'NONE', #1020, 1000.000000000000000 ) ;
#1724 = ORIENTED_EDGE ( 'NONE', *, *, #1037, .F. ) ;
#1725 = ORIENTED_EDGE ( 'NONE', *, *, #1917, .T. ) ;
#1726 = DIRECTION ( 'NONE',  ( 0.000000000000000000, 0.000000000000000000, -1.000000000000000000 ) ) ;
#1727 = AXIS2_PLACEMENT_3D ( 'NONE', #1979, #317, #1299 ) ;
#1728 = CARTESIAN_POINT ( 'NONE',  ( -3.500000000000001332, 0.8000000000000000444, -1.000000000000000000 ) ) ;
#1729 = ADVANCED_FACE ( 'NONE', ( #1053 ), #86, .T. ) ;
#1730 = ORIENTED_EDGE ( 'NONE', *, *, #137, .T. ) ;
#1731 = DIRECTION ( 'NONE',  ( -6.994852725712932707E-17, 0.000000000000000000, 1.000000000000000000 ) ) ;
#1732 = CARTESIAN_POINT ( 'NONE',  ( -1.599999999999999867, 0.1000000000000000056, 2.299999999999999822 ) ) ;
#1733 = ORIENTED_EDGE ( 'NONE', *, *, #1788, .F. ) ;
#1734 = EDGE_LOOP ( 'NONE', ( #1107, #1948, #1561, #1397 ) ) ;
#1735 = ORIENTED_EDGE ( 'NONE', *, *, #1463, .T. ) ;
#1736 = CARTESIAN_POINT ( 'NONE',  ( -2.500000000000000444, 4.500000000000000000, -2.600000000000000089 ) ) ;
#1737 = VECTOR ( 'NONE', #1325, 1000.000000000000000 ) ;
#1738 = FILL_AREA_STYLE_COLOUR ( '', #760 ) ;
#1739 = VECTOR ( 'NONE', #257, 1000.000000000000000 ) ;
#1740 = EDGE_LOOP ( 'NONE', ( #284, #1606, #1932, #555 ) ) ;
#1741 = DIRECTION ( 'NONE',  ( -0.000000000000000000, -1.000000000000000000, -2.710505431213761085E-16 ) ) ;
#1742 = LINE ( 'NONE', #111, #1928 ) ;
#1743 = ADVANCED_FACE ( 'NONE', ( #1074 ), #1400, .F. ) ;
#1744 = EDGE_LOOP ( 'NONE', ( #269, #1406, #952, #321 ) ) ;
#1745 = ORIENTED_EDGE ( 'NONE', *, *, #776, .F. ) ;
#1746 = VECTOR ( 'NONE', #1220, 1000.000000000000000 ) ;
#1747 = ORIENTED_EDGE ( 'NONE', *, *, #1592, .F. ) ;
#1748 = LINE ( 'NONE', #571, #1965 ) ;
#1749 = CARTESIAN_POINT ( 'NONE',  ( -3.500000000000000888, 3.699999999999998845, -2.399999999999999911 ) ) ;
#1750 = ORIENTED_EDGE ( 'NONE', *, *, #460, .F. ) ;
#1751 = LINE ( 'NONE', #1223, #1996 ) ;
#1752 = CARTESIAN_POINT ( 'NONE',  ( -3.100000000000000533, -9.899494936611665352, 3.499999999999999556 ) ) ;
#1753 =( GEOMETRIC_REPRESENTATION_CONTEXT ( 3 ) GLOBAL_UNCERTAINTY_ASSIGNED_CONTEXT ( ( #398 ) ) GLOBAL_UNIT_ASSIGNED_CONTEXT ( ( #1529, #1838, #211 ) ) REPRESENTATION_CONTEXT ( 'NONE', 'WORKASPACE' ) );
#1754 = ADVANCED_FACE ( 'NONE', ( #615 ), #1420, .F. ) ;
#1755 = ORIENTED_EDGE ( 'NONE', *, *, #1915, .F. ) ;
#1756 = ORIENTED_EDGE ( 'NONE', *, *, #1852, .F. ) ;
#1757 = ORIENTED_EDGE ( 'NONE', *, *, #1097, .T. ) ;
#1758 = DIRECTION ( 'NONE',  ( 0.000000000000000000, 0.6347394233600139879, 0.7727262545252341353 ) ) ;
#1759 = EDGE_CURVE ( 'NONE', #612, #783, #274, .T. ) ;
#1760 = FILL_AREA_STYLE ('',( #106 ) ) ;
#1761 = ORIENTED_EDGE ( 'NONE', *, *, #1030, .T. ) ;
#1762 = DIRECTION ( 'NONE',  ( -1.000000000000000000, -0.000000000000000000, -0.000000000000000000 ) ) ;
#1763 = LINE ( 'NONE', #1770, #867 ) ;
#1764 = ORIENTED_EDGE ( 'NONE', *, *, #558, .F. ) ;
#1765 = VERTEX_POINT ( 'NONE', #282 ) ;
#1766 = ORIENTED_EDGE ( 'NONE', *, *, #1436, .F. ) ;
#1767 = DIRECTION ( 'NONE',  ( 0.000000000000000000, 1.000000000000000000, 0.000000000000000000 ) ) ;
#1768 = ORIENTED_EDGE ( 'NONE', *, *, #162, .F. ) ;
#1769 = DIRECTION ( 'NONE',  ( 0.000000000000000000, 0.000000000000000000, 1.000000000000000000 ) ) ;
#1770 = CARTESIAN_POINT ( 'NONE',  ( 3.500000000000000888, 3.699999999999998845, 2.399999999999999911 ) ) ;
#1771 = VERTEX_POINT ( 'NONE', #1064 ) ;
#1772 = VECTOR ( 'NONE', #1818, 1000.000000000000000 ) ;
#1773 = DIRECTION ( 'NONE',  ( -0.000000000000000000, 1.000000000000000000, -0.000000000000000000 ) ) ;
#1774 = VERTEX_POINT ( 'NONE', #241 ) ;
#1775 = VERTEX_POINT ( 'NONE', #2053 ) ;
#1776 = ORIENTED_EDGE ( 'NONE', *, *, #292, .F. ) ;
#1777 = DIRECTION ( 'NONE',  ( 0.000000000000000000, -0.000000000000000000, -1.000000000000000000 ) ) ;
#1778 = EDGE_CURVE ( 'NONE', #1447, #1086, #2044, .T. ) ;
#1779 = DIRECTION ( 'NONE',  ( 0.000000000000000000, 2.891205793294678326E-16, -1.000000000000000000 ) ) ;
#1780 = PRODUCT_RELATED_PRODUCT_CATEGORY ( 'part', '', ( #1336 ) ) ;
#1781 = ORIENTED_EDGE ( 'NONE', *, *, #1340, .F. ) ;
#1782 = FACE_OUTER_BOUND ( 'NONE', #674, .T. ) ;
#1783 = CARTESIAN_POINT ( 'NONE',  ( 3.700000000000000178, 3.199999999999999734, 1.700000000000000400 ) ) ;
#1784 = EDGE_CURVE ( 'NONE', #2061, #811, #1035, .T. ) ;
#1785 = ORIENTED_EDGE ( 'NONE', *, *, #103, .F. ) ;
#1786 = CARTESIAN_POINT ( 'NONE',  ( -2.500000000000000444, 4.500000000000000000, -2.174999999999999822 ) ) ;
#1787 = ORIENTED_EDGE ( 'NONE', *, *, #1692, .T. ) ;
#1789 = ORIENTED_EDGE ( 'NONE', *, *, #460, .T. ) ;
#1788 = EDGE_CURVE ( 'NONE', #1265, #1156, #251, .T. ) ;
#1790 = VERTEX_POINT ( 'NONE', #1291 ) ;
#1791 = DIRECTION ( 'NONE',  ( -0.000000000000000000, -0.000000000000000000, -1.000000000000000000 ) ) ;
#1792 = DIRECTION ( 'NONE',  ( -0.000000000000000000, 2.891205793294678326E-16, 1.000000000000000000 ) ) ;
#1793 =( GEOMETRIC_REPRESENTATION_CONTEXT ( 3 ) GLOBAL_UNCERTAINTY_ASSIGNED_CONTEXT ( ( #1211 ) ) GLOBAL_UNIT_ASSIGNED_CONTEXT ( ( #1219, #1541, #388 ) ) REPRESENTATION_CONTEXT ( 'NONE', 'WORKASPACE' ) );
#1794 =( GEOMETRIC_REPRESENTATION_CONTEXT ( 3 ) GLOBAL_UNCERTAINTY_ASSIGNED_CONTEXT ( ( #718 ) ) GLOBAL_UNIT_ASSIGNED_CONTEXT ( ( #771, #941, #949 ) ) REPRESENTATION_CONTEXT ( 'NONE', 'WORKASPACE' ) );
#1795 = VECTOR ( 'NONE', #1544, 1000.000000000000000 ) ;
#1796 = VECTOR ( 'NONE', #701, 1000.000000000000000 ) ;
#1797 = CARTESIAN_POINT ( 'NONE',  ( -3.700000000000000178, 0.1999999999999992339, 1.000000000000000666 ) ) ;
#1798 = LINE ( 'NONE', #203, #887 ) ;
#1799 = ORIENTED_EDGE ( 'NONE', *, *, #710, .T. ) ;
#1800 = CARTESIAN_POINT ( 'NONE',  ( -3.100000000000000533, 4.799999999999999822, -3.100000000000000089 ) ) ;
#1801 = DIRECTION ( 'NONE',  ( 1.000000000000000000, 0.000000000000000000, 0.000000000000000000 ) ) ;
#1802 = ORIENTED_EDGE ( 'NONE', *, *, #898, .T. ) ;
#1803 = ORIENTED_EDGE ( 'NONE', *, *, #1495, .T. ) ;
#1804 = CARTESIAN_POINT ( 'NONE',  ( 3.700000000000000178, 0.1999999999999992339, 2.399999999999999911 ) ) ;
#1805 = CARTESIAN_POINT ( 'NONE',  ( -3.500000000000000888, 0.1999999999999992339, -2.399999999999999911 ) ) ;
#1806 = DIRECTION ( 'NONE',  ( 0.000000000000000000, 1.000000000000000000, 0.000000000000000000 ) ) ;
#1807 = FACE_OUTER_BOUND ( 'NONE', #664, .T. ) ;
#1808 = AXIS2_PLACEMENT_3D ( 'NONE', #262, #711, #913 ) ;
#1809 = EDGE_LOOP ( 'NONE', ( #1207, #2060, #1093, #1962 ) ) ;
#1810 = LINE ( 'NONE', #582, #2102 ) ;
#1811 = FACE_OUTER_BOUND ( 'NONE', #1301, .T. ) ;
#1812 = AXIS2_PLACEMENT_3D ( 'NONE', #1471, #343, #1988 ) ;
#1813 = DIRECTION ( 'NONE',  ( -0.000000000000000000, 2.168404344971012566E-16, 1.000000000000000000 ) ) ;
#1814 = CARTESIAN_POINT ( 'NONE',  ( -2.500000000000000444, 4.799999999999999822, -2.600000000000000089 ) ) ;
#1815 = DIRECTION ( 'NONE',  ( 0.000000000000000000, 1.000000000000000000, 0.000000000000000000 ) ) ;
#1816 = ADVANCED_FACE ( 'NONE', ( #1951 ), #483, .F. ) ;
#1817 = AXIS2_PLACEMENT_3D ( 'NONE', #1160, #1813, #348 ) ;
#1818 = DIRECTION ( 'NONE',  ( -1.000000000000000000, -0.000000000000000000, -0.000000000000000000 ) ) ;
#1819 = ORIENTED_EDGE ( 'NONE', *, *, #1941, .F. ) ;
#1820 = DIRECTION ( 'NONE',  ( 0.000000000000000000, 1.000000000000000000, 0.000000000000000000 ) ) ;
#1821 = DIRECTION ( 'NONE',  ( -0.000000000000000000, 0.000000000000000000, -1.000000000000000000 ) ) ;
#1822 = ORIENTED_EDGE ( 'NONE', *, *, #1553, .T. ) ;
#1823 = ADVANCED_FACE ( 'NONE', ( #455 ), #179, .F. ) ;
#1824 = DIRECTION ( 'NONE',  ( -1.000000000000000000, -0.000000000000000000, -0.000000000000000000 ) ) ;
#1825 = STYLED_ITEM ( 'NONE', ( #1548 ), #1326 ) ;
#1826 = DIRECTION ( 'NONE',  ( 0.000000000000000000, 0.000000000000000000, 1.000000000000000000 ) ) ;
#1827 = ADVANCED_FACE ( 'NONE', ( #945 ), #2111, .T. ) ;
#1828 = CARTESIAN_POINT ( 'NONE',  ( -3.500000000000000888, 3.199999999999998401, 2.399999999999999911 ) ) ;
#1829 = AXIS2_PLACEMENT_3D ( 'NONE', #2048, #1575, #1068 ) ;
#1830 = AXIS2_PLACEMENT_3D ( 'NONE', #540, #1995, #1869 ) ;
#1831 = DIRECTION ( 'NONE',  ( -0.000000000000000000, -1.000000000000000000, -0.000000000000000000 ) ) ;
#1832 = ORIENTED_EDGE ( 'NONE', *, *, #1759, .T. ) ;
#1833 = LINE ( 'NONE', #1023, #474 ) ;
#1834 = CIRCLE ( 'NONE', #1727, 0.1999999999999992339 ) ;
#1835 = CARTESIAN_POINT ( 'NONE',  ( 3.500000000000000888, 3.699999999999998845, 2.399999999999999911 ) ) ;
#1836 = CARTESIAN_POINT ( 'NONE',  ( -3.500000000000000888, 0.04999999999999969746, 3.100000000000000089 ) ) ;
#1837 = CARTESIAN_POINT ( 'NONE',  ( 3.500000000000000888, 0.1999999999999992339, -2.399999999999999911 ) ) ;
#1838 =( NAMED_UNIT ( * ) PLANE_ANGLE_UNIT ( ) SI_UNIT ( $, .RADIAN. ) );
#1839 = CARTESIAN_POINT ( 'NONE',  ( -3.500000000000000444, 0.05000000000000000278, 2.299999999999999822 ) ) ;
#1840 = LINE ( 'NONE', #1031, #781 ) ;
#1841 = ORIENTED_EDGE ( 'NONE', *, *, #623, .T. ) ;
#1842 = DIRECTION ( 'NONE',  ( -0.000000000000000000, 1.000000000000000000, -1.807003620809174632E-16 ) ) ;
#1843 = CARTESIAN_POINT ( 'NONE',  ( 2.100000000000000089, 0.04999999999999622802, 2.399999999999999911 ) ) ;
#1844 = CARTESIAN_POINT ( 'NONE',  ( 1.599999999999999867, 0.05000000000000000278, 2.299999999999999822 ) ) ;
#1845 = CARTESIAN_POINT ( 'NONE',  ( -3.500000000000000888, 3.699999999999998845, 2.399999999999999911 ) ) ;
#1846 = DIRECTION ( 'NONE',  ( 6.994852725712931474E-17, 0.000000000000000000, -1.000000000000000000 ) ) ;
#1847 = CARTESIAN_POINT ( 'NONE',  ( 3.500000000000000888, 0.1999999999999992339, 2.399999999999999911 ) ) ;
#1848 = EDGE_CURVE ( 'NONE', #1417, #635, #996, .T. ) ;
#1849 = AXIS2_PLACEMENT_3D ( 'NONE', #984, #1922, #1591 ) ;
#1850 = EDGE_LOOP ( 'NONE', ( #991, #1559, #606, #544 ) ) ;
#1851 = CARTESIAN_POINT ( 'NONE',  ( -3.700000000000000178, 3.699999999999998845, 2.399999999999999911 ) ) ;
#1852 = EDGE_CURVE ( 'NONE', #260, #907, #337, .T. ) ;
#1853 = DIRECTION ( 'NONE',  ( -0.000000000000000000, -1.000000000000000000, -2.710505431213761085E-16 ) ) ;
#1854 = EDGE_CURVE ( 'NONE', #632, #588, #1609, .T. ) ;
#1855 = EDGE_CURVE ( 'NONE', #409, #944, #1465, .T. ) ;
#1856 = DIRECTION ( 'NONE',  ( 0.000000000000000000, 1.000000000000000000, 0.000000000000000000 ) ) ;
#1857 = ADVANCED_FACE ( 'NONE', ( #141 ), #1599, .F. ) ;
#1858 = PLANE ( 'NONE',  #1142 ) ;
#1859 = CARTESIAN_POINT ( 'NONE',  ( 3.700000000000000178, 3.699999999999998845, 1.700000000000000178 ) ) ;
#1860 = LINE ( 'NONE', #749, #709 ) ;
#1861 = CIRCLE ( 'NONE', #1683, 0.3999999999999997446 ) ;
#1862 = VERTEX_POINT ( 'NONE', #498 ) ;
#1863 = DIRECTION ( 'NONE',  ( 1.000000000000000000, 0.000000000000000000, 0.000000000000000000 ) ) ;
#1864 = VECTOR ( 'NONE', #201, 1000.000000000000000 ) ;
#1865 = LINE ( 'NONE', #1732, #130 ) ;
#1866 = FACE_OUTER_BOUND ( 'NONE', #646, .T. ) ;
#1867 = DIRECTION ( 'NONE',  ( 0.000000000000000000, -2.891205793294678819E-16, -1.000000000000000000 ) ) ;
#1868 = CARTESIAN_POINT ( 'NONE',  ( -2.500000000000000444, 4.799999999999999822, -2.600000000000000089 ) ) ;
#1869 = DIRECTION ( 'NONE',  ( 0.000000000000000000, 0.6347394233600139879, 0.7727262545252341353 ) ) ;
#1870 = CARTESIAN_POINT ( 'NONE',  ( 3.700000000000000178, 3.199999999999999734, -1.699999999999999956 ) ) ;
#1871 = ORIENTED_EDGE ( 'NONE', *, *, #873, .F. ) ;
#1872 = DIRECTION ( 'NONE',  ( -0.000000000000000000, 0.7727262545252341353, 0.6347394233600139879 ) ) ;
#1873 = CARTESIAN_POINT ( 'NONE',  ( 3.099999999999998757, 4.799999999999999822, -3.099999999999999645 ) ) ;
#1874 = EDGE_CURVE ( 'NONE', #1056, #750, #1303, .T. ) ;
#1875 = ORIENTED_EDGE ( 'NONE', *, *, #397, .F. ) ;
#1876 = CARTESIAN_POINT ( 'NONE',  ( 3.700000000000000178, 0.8000000000000000444, -1.000000000000000000 ) ) ;
#1877 = VECTOR ( 'NONE', #1644, 1000.000000000000000 ) ;
#1878 = EDGE_CURVE ( 'NONE', #1222, #2098, #153, .T. ) ;
#1879 = EDGE_CURVE ( 'NONE', #523, #1645, #669, .T. ) ;
#1880 = ORIENTED_EDGE ( 'NONE', *, *, #579, .F. ) ;
#1881 = DIRECTION ( 'NONE',  ( 0.000000000000000000, -0.000000000000000000, -1.000000000000000000 ) ) ;
#1882 = DIRECTION ( 'NONE',  ( 0.000000000000000000, 0.000000000000000000, -1.000000000000000000 ) ) ;
#1883 = VECTOR ( 'NONE', #15, 1000.000000000000000 ) ;
#1884 = ORIENTED_EDGE ( 'NONE', *, *, #623, .F. ) ;
#1885 = CARTESIAN_POINT ( 'NONE',  ( 3.500000000000000444, 0.05000000000000000278, -2.299999999999999822 ) ) ;
#1886 = EDGE_CURVE ( 'NONE', #1949, #146, #1940, .T. ) ;
#1887 = CARTESIAN_POINT ( 'NONE',  ( -3.500000000000000888, 3.199999999999999734, 2.399999999999999911 ) ) ;
#1888 = VERTEX_POINT ( 'NONE', #806 ) ;
#1889 = CARTESIAN_POINT ( 'NONE',  ( 3.700000000000000178, 4.199999999999998401, 1.700000000000000178 ) ) ;
#1890 = FACE_BOUND ( 'NONE', #1150, .T. ) ;
#1891 = AXIS2_PLACEMENT_3D ( 'NONE', #379, #1678, #1701 ) ;
#1892 = VECTOR ( 'NONE', #764, 1000.000000000000000 ) ;
#1893 = VECTOR ( 'NONE', #1089, 1000.000000000000000 ) ;
#1894 = EDGE_LOOP ( 'NONE', ( #1905, #2081 ) ) ;
#1895 = ORIENTED_EDGE ( 'NONE', *, *, #797, .T. ) ;
#1896 = ORIENTED_EDGE ( 'NONE', *, *, #1092, .T. ) ;
#1897 = DIRECTION ( 'NONE',  ( 0.000000000000000000, 1.000000000000000000, 0.000000000000000000 ) ) ;
#1898 = EDGE_CURVE ( 'NONE', #923, #1265, #325, .T. ) ;
#1899 = ORIENTED_EDGE ( 'NONE', *, *, #770, .T. ) ;
#1900 = DIRECTION ( 'NONE',  ( 0.000000000000000000, 0.000000000000000000, -1.000000000000000000 ) ) ;
#1901 = LINE ( 'NONE', #1141, #1546 ) ;
#1902 = EDGE_LOOP ( 'NONE', ( #1123, #1427, #1418, #1067 ) ) ;
#1903 = VERTEX_POINT ( 'NONE', #1452 ) ;
#1904 = CYLINDRICAL_SURFACE ( 'NONE', #1655, 0.2000000000000000111 ) ;
#1905 = ORIENTED_EDGE ( 'NONE', *, *, #978, .T. ) ;
#1906 = DIRECTION ( 'NONE',  ( -0.000000000000000000, 1.000000000000000000, -0.000000000000000000 ) ) ;
#1907 = AXIS2_PLACEMENT_3D ( 'NONE', #2046, #1681, #423 ) ;
#1908 = SURFACE_SIDE_STYLE ('',( #926 ) ) ;
#1909 = AXIS2_PLACEMENT_3D ( 'NONE', #1504, #514, #31 ) ;
#1910 = VERTEX_POINT ( 'NONE', #1117 ) ;
#1911 = CYLINDRICAL_SURFACE ( 'NONE', #1829, 0.1999999999999992339 ) ;
#1912 = EDGE_CURVE ( 'NONE', #100, #1775, #660, .T. ) ;
#1913 = CARTESIAN_POINT ( 'NONE',  ( 3.700000000000000178, 3.499999999999999112, 0.2000000000000000944 ) ) ;
#1914 = DIRECTION ( 'NONE',  ( 0.000000000000000000, -0.000000000000000000, 1.000000000000000000 ) ) ;
#1915 = EDGE_CURVE ( 'NONE', #140, #773, #126, .T. ) ;
#1916 = ORIENTED_EDGE ( 'NONE', *, *, #2065, .T. ) ;
#1918 = ORIENTED_EDGE ( 'NONE', *, *, #758, .T. ) ;
#1917 = EDGE_CURVE ( 'NONE', #801, #52, #954, .T. ) ;
#1919 = VECTOR ( 'NONE', #1767, 1000.000000000000000 ) ;
#1920 = EDGE_CURVE ( 'NONE', #885, #462, #2099, .T. ) ;
#1921 = ORIENTED_EDGE ( 'NONE', *, *, #1722, .T. ) ;
#1922 = DIRECTION ( 'NONE',  ( -1.000000000000000000, 0.000000000000000000, 0.000000000000000000 ) ) ;
#1923 = ORIENTED_EDGE ( 'NONE', *, *, #931, .T. ) ;
#1924 = DIRECTION ( 'NONE',  ( 0.000000000000000000, 1.000000000000000000, 0.000000000000000000 ) ) ;
#1925 = CARTESIAN_POINT ( 'NONE',  ( 3.099999999999999645, 0.04999999999999969746, 3.100000000000000089 ) ) ;
#1926 = ORIENTED_EDGE ( 'NONE', *, *, #1848, .F. ) ;
#1927 = ORIENTED_EDGE ( 'NONE', *, *, #1912, .F. ) ;
#1928 = VECTOR ( 'NONE', #1305, 1000.000000000000000 ) ;
#1929 = ORIENTED_EDGE ( 'NONE', *, *, #1161, .T. ) ;
#1930 = DIRECTION ( 'NONE',  ( -1.000000000000000000, -0.000000000000000000, -0.000000000000000000 ) ) ;
#1931 = VECTOR ( 'NONE', #1288, 1000.000000000000114 ) ;
#1932 = ORIENTED_EDGE ( 'NONE', *, *, #672, .F. ) ;
#1933 = CARTESIAN_POINT ( 'NONE',  ( 3.700000000000000178, 3.199999999999999289, -0.1999999999999998723 ) ) ;
#1934 = CARTESIAN_POINT ( 'NONE',  ( 3.700000000000000178, 3.199999999999999289, 0.2000000000000001499 ) ) ;
#1935 = VERTEX_POINT ( 'NONE', #217 ) ;
#1936 = ORIENTED_EDGE ( 'NONE', *, *, #1533, .T. ) ;
#1937 = EDGE_LOOP ( 'NONE', ( #494, #336, #432, #950, #778, #947, #1745 ) ) ;
#1938 = EDGE_CURVE ( 'NONE', #2055, #1578, #387, .T. ) ;
#1939 = ORIENTED_EDGE ( 'NONE', *, *, #1720, .T. ) ;
#1940 = LINE ( 'NONE', #1152, #621 ) ;
#1941 = EDGE_CURVE ( 'NONE', #146, #250, #1044, .T. ) ;
#1942 = ORIENTED_EDGE ( 'NONE', *, *, #43, .T. ) ;
#1943 = DIRECTION ( 'NONE',  ( -0.000000000000000000, 1.807003620809174632E-16, 1.000000000000000000 ) ) ;
#1944 = DIRECTION ( 'NONE',  ( 0.000000000000000000, -1.000000000000000000, 2.168404344971012566E-16 ) ) ;
#1945 = EDGE_CURVE ( 'NONE', #523, #100, #24, .T. ) ;
#1946 = VERTEX_POINT ( 'NONE', #516 ) ;
#1947 = DIRECTION ( 'NONE',  ( -0.000000000000000000, -1.000000000000000000, -0.000000000000000000 ) ) ;
#1948 = ORIENTED_EDGE ( 'NONE', *, *, #1242, .T. ) ;
#1949 = VERTEX_POINT ( 'NONE', #699 ) ;
#1950 = ORIENTED_EDGE ( 'NONE', *, *, #1560, .F. ) ;
#1951 = FACE_OUTER_BOUND ( 'NONE', #59, .T. ) ;
#1952 = LINE ( 'NONE', #842, #267 ) ;
#1953 = VECTOR ( 'NONE', #636, 1000.000000000000000 ) ;
#1954 = CARTESIAN_POINT ( 'NONE',  ( 3.500000000000000888, 3.199999999999999289, 0.2000000000000001499 ) ) ;
#1955 = ORIENTED_EDGE ( 'NONE', *, *, #1622, .F. ) ;
#1956 = LINE ( 'NONE', #488, #1892 ) ;
#1957 = ORIENTED_EDGE ( 'NONE', *, *, #184, .F. ) ;
#1958 = DIRECTION ( 'NONE',  ( 0.000000000000000000, 0.000000000000000000, -1.000000000000000000 ) ) ;
#1959 = LINE ( 'NONE', #492, #1877 ) ;
#1960 = ORIENTED_EDGE ( 'NONE', *, *, #49, .T. ) ;
#1961 = ORIENTED_EDGE ( 'NONE', *, *, #978, .F. ) ;
#1962 = ORIENTED_EDGE ( 'NONE', *, *, #955, .F. ) ;
#1963 = CARTESIAN_POINT ( 'NONE',  ( -3.500000000000000444, -9.899494936611665352, -3.100000000000000089 ) ) ;
#1964 = DIRECTION ( 'NONE',  ( -0.000000000000000000, -1.000000000000000000, -0.000000000000000000 ) ) ;
#1965 = VECTOR ( 'NONE', #739, 1000.000000000000000 ) ;
#1966 = DIRECTION ( 'NONE',  ( 6.994852725712932707E-17, 0.000000000000000000, -1.000000000000000000 ) ) ;
#1967 = LINE ( 'NONE', #702, #614 ) ;
#1968 = EDGE_CURVE ( 'NONE', #750, #1620, #1526, .T. ) ;
#1969 = ORIENTED_EDGE ( 'NONE', *, *, #134, .F. ) ;
#1970 = CARTESIAN_POINT ( 'NONE',  ( -3.500000000000000888, 0.1999999999999992339, 1.000000000000000666 ) ) ;
#1971 = CARTESIAN_POINT ( 'NONE',  ( 3.700000000000000178, 3.199999999999999289, -0.1999999999999998723 ) ) ;
#1972 = ORIENTED_EDGE ( 'NONE', *, *, #803, .T. ) ;
#1973 = FACE_OUTER_BOUND ( 'NONE', #587, .T. ) ;
#1974 = DIRECTION ( 'NONE',  ( 0.000000000000000000, 0.000000000000000000, 1.000000000000000000 ) ) ;
#1975 = CARTESIAN_POINT ( 'NONE',  ( -3.700000000000000178, 1.950000000000000622, 2.400000000000000799 ) ) ;
#1976 = CARTESIAN_POINT ( 'NONE',  ( -2.500000000000000444, 4.500000000000000000, -3.024999999999999911 ) ) ;
#1977 = ADVANCED_FACE ( 'NONE', ( #1496 ), #1324, .F. ) ;
#1978 = VERTEX_POINT ( 'NONE', #1844 ) ;
#1979 = CARTESIAN_POINT ( 'NONE',  ( 3.500000000000000888, 0.1999999999999992339, -1.000000000000000000 ) ) ;
#1980 = DIRECTION ( 'NONE',  ( 0.000000000000000000, -1.000000000000000000, 0.000000000000000000 ) ) ;
#1981 = ORIENTED_EDGE ( 'NONE', *, *, #1852, .T. ) ;
#1982 = VECTOR ( 'NONE', #62, 1000.000000000000000 ) ;
#1983 = VECTOR ( 'NONE', #685, 1000.000000000000000 ) ;
#1984 = LINE ( 'NONE', #1017, #380 ) ;
#1985 = CARTESIAN_POINT ( 'NONE',  ( -3.700000000000000178, 0.8000000000000000444, -1.000000000000000000 ) ) ;
#1986 = CARTESIAN_POINT ( 'NONE',  ( 3.099999999999999645, 0.04999999999999622802, 3.499999999999999556 ) ) ;
#1987 = VECTOR ( 'NONE', #1677, 1000.000000000000000 ) ;
#1988 = DIRECTION ( 'NONE',  ( 1.000000000000000000, 0.000000000000000000, -0.000000000000000000 ) ) ;
#1989 = AXIS2_PLACEMENT_3D ( 'NONE', #2000, #1331, #535 ) ;
#1990 = ORIENTED_EDGE ( 'NONE', *, *, #1396, .F. ) ;
#1991 = CYLINDRICAL_SURFACE ( 'NONE', #38, 0.4000000000000001887 ) ;
#1992 = LINE ( 'NONE', #1334, #1462 ) ;
#1993 = CARTESIAN_POINT ( 'NONE',  ( 3.700000000000000178, 0.8000000000000004885, 1.000000000000000888 ) ) ;
#1994 = DIRECTION ( 'NONE',  ( -1.000000000000000000, 0.000000000000000000, 0.000000000000000000 ) ) ;
#1995 = DIRECTION ( 'NONE',  ( 0.000000000000000000, 0.7727262545252341353, -0.6347394233600139879 ) ) ;
#1996 = VECTOR ( 'NONE', #120, 1000.000000000000000 ) ;
#1997 = AXIS2_PLACEMENT_3D ( 'NONE', #909, #752, #10 ) ;
#1998 = CARTESIAN_POINT ( 'NONE',  ( 3.700000000000000178, 3.699999999999998845, 2.399999999999999911 ) ) ;
#1999 = EDGE_LOOP ( 'NONE', ( #2043, #214, #1233, #1151 ) ) ;
#2000 = CARTESIAN_POINT ( 'NONE',  ( 3.500000000000000888, 3.699999999999998845, 2.399999999999999911 ) ) ;
#2001 = AXIS2_PLACEMENT_3D ( 'NONE', #1800, #756, #1605 ) ;
#2002 = CARTESIAN_POINT ( 'NONE',  ( -3.500000000000000888, 3.699999999999998845, 2.399999999999999911 ) ) ;
#2003 = LINE ( 'NONE', #1036, #350 ) ;
#2004 = CARTESIAN_POINT ( 'NONE',  ( 2.100000000000000089, 0.09999999999999982514, -1.000000000000000000 ) ) ;
#2005 = CARTESIAN_POINT ( 'NONE',  ( -3.700000000000000178, 3.699999999999998845, 2.399999999999999911 ) ) ;
#2006 = CARTESIAN_POINT ( 'NONE',  ( -2.500000000000000444, 4.799999999999999822, -3.024999999999999911 ) ) ;
#2007 = EDGE_CURVE ( 'NONE', #598, #482, #2003, .T. ) ;
#2008 = EDGE_CURVE ( 'NONE', #1771, #746, #55, .T. ) ;
#2009 = CARTESIAN_POINT ( 'NONE',  ( 3.500000000000000888, 3.699999999999998845, -2.399999999999999911 ) ) ;
#2010 = ORIENTED_EDGE ( 'NONE', *, *, #1695, .F. ) ;
#2011 = DIRECTION ( 'NONE',  ( 0.000000000000000000, 1.000000000000000000, 2.710505431213761085E-16 ) ) ;
#2012 = EDGE_CURVE ( 'NONE', #431, #1601, #1984, .T. ) ;
#2013 = CARTESIAN_POINT ( 'NONE',  ( -3.500000000000001332, 3.499999999999999112, 8.131516293641283255E-17 ) ) ;
#2014 = DIRECTION ( 'NONE',  ( 0.000000000000000000, 0.000000000000000000, 1.000000000000000000 ) ) ;
#2015 = FACE_OUTER_BOUND ( 'NONE', #967, .T. ) ;
#2016 = VECTOR ( 'NONE', #51, 1000.000000000000000 ) ;
#2017 = CARTESIAN_POINT ( 'NONE',  ( -3.700000000000000178, 3.199999999999999289, 0.2000000000000001499 ) ) ;
#2018 = LINE ( 'NONE', #58, #440 ) ;
#2019 = ORIENTED_EDGE ( 'NONE', *, *, #243, .T. ) ;
#2020 = CYLINDRICAL_SURFACE ( 'NONE', #2083, 0.3999999999999997446 ) ;
#2021 = PLANE ( 'NONE',  #113 ) ;
#2022 = UNCERTAINTY_MEASURE_WITH_UNIT (LENGTH_MEASURE( 1.000000000000000082E-05 ), #550, 'distance_accuracy_value', 'NONE');
#2023 = DIRECTION ( 'NONE',  ( 0.000000000000000000, 0.000000000000000000, 1.000000000000000000 ) ) ;
#2024 = FACE_OUTER_BOUND ( 'NONE', #1597, .T. ) ;
#2025 = MECHANICAL_DESIGN_GEOMETRIC_PRESENTATION_REPRESENTATION (  '', ( #1825 ), #1753 ) ;
#2026 = DIRECTION ( 'NONE',  ( 0.000000000000000000, 0.000000000000000000, -1.000000000000000000 ) ) ;
#2027 = LINE ( 'NONE', #572, #1084 ) ;
#2028 = EDGE_CURVE ( 'NONE', #441, #1903, #1170, .T. ) ;
#2029 = VERTEX_POINT ( 'NONE', #357 ) ;
#2030 = LINE ( 'NONE', #857, #787 ) ;
#2031 = DIRECTION ( 'NONE',  ( 0.000000000000000000, 1.000000000000000000, -1.807003620809174632E-16 ) ) ;
#2032 = AXIS2_PLACEMENT_3D ( 'NONE', #21, #675, #1321 ) ;
#2033 = DIRECTION ( 'NONE',  ( 1.000000000000000000, -0.000000000000000000, 0.000000000000000000 ) ) ;
#2034 = DIRECTION ( 'NONE',  ( 0.000000000000000000, 0.000000000000000000, 1.000000000000000000 ) ) ;
#2035 = EDGE_CURVE ( 'NONE', #1166, #773, #63, .T. ) ;
#2036 = DIRECTION ( 'NONE',  ( -0.000000000000000000, 0.7727262545252341353, 0.6347394233600139879 ) ) ;
#2037 =( LENGTH_UNIT ( ) NAMED_UNIT ( * ) SI_UNIT ( .MILLI., .METRE. ) );
#2038 = ORIENTED_EDGE ( 'NONE', *, *, #1218, .T. ) ;
#2039 = DIRECTION ( 'NONE',  ( 0.000000000000000000, -1.000000000000000000, 0.000000000000000000 ) ) ;
#2040 = LINE ( 'NONE', #225, #1258 ) ;
#2041 = EDGE_CURVE ( 'NONE', #250, #632, #1358, .T. ) ;
#2042 = LINE ( 'NONE', #1669, #2075 ) ;
#2043 = ORIENTED_EDGE ( 'NONE', *, *, #1159, .T. ) ;
#2044 = LINE ( 'NONE', #1542, #551 ) ;
#2045 = VECTOR ( 'NONE', #1191, 1000.000000000000000 ) ;
#2046 = CARTESIAN_POINT ( 'NONE',  ( 3.500000000000000888, 0.1999999999999992339, 1.000000000000000666 ) ) ;
#2047 = ORIENTED_EDGE ( 'NONE', *, *, #1558, .F. ) ;
#2048 = CARTESIAN_POINT ( 'NONE',  ( 3.500000000000000888, 0.1999999999999992339, 2.399999999999999911 ) ) ;
#2049 = CARTESIAN_POINT ( 'NONE',  ( -3.500000000000000888, 0.1999999999999992339, 2.399999999999999911 ) ) ;
#2050 = ORIENTED_EDGE ( 'NONE', *, *, #936, .T. ) ;
#2051 = ORIENTED_EDGE ( 'NONE', *, *, #430, .F. ) ;
#2052 = EDGE_CURVE ( 'NONE', #464, #1403, #868, .T. ) ;
#2053 = CARTESIAN_POINT ( 'NONE',  ( -3.500000000000000444, 4.799999999999999822, -3.100000000000000089 ) ) ;
#2054 = FILL_AREA_STYLE ('',( #75 ) ) ;
#2055 = VERTEX_POINT ( 'NONE', #1192 ) ;
#2056 = CARTESIAN_POINT ( 'NONE',  ( 3.500000000000000888, 0.8000000000000004885, 1.000000000000000888 ) ) ;
#2057 = DIRECTION ( 'NONE',  ( 0.000000000000000000, 1.000000000000000000, 2.710505431213761085E-16 ) ) ;
#2058 = AXIS2_PLACEMENT_3D ( 'NONE', #56, #720, #707 ) ;
#2059 = AXIS2_PLACEMENT_3D ( 'NONE', #351, #1815, #1914 ) ;
#2060 = ORIENTED_EDGE ( 'NONE', *, *, #1912, .T. ) ;
#2061 = VERTEX_POINT ( 'NONE', #1180 ) ;
#2062 = CARTESIAN_POINT ( 'NONE',  ( -2.500000000000000444, 4.799999999999999822, -2.600000000000000089 ) ) ;
#2063 = ORIENTED_EDGE ( 'NONE', *, *, #1092, .F. ) ;
#2064 = LINE ( 'NONE', #1227, #1308 ) ;
#2065 = EDGE_CURVE ( 'NONE', #923, #1910, #378, .T. ) ;
#2066 = ADVANCED_FACE ( 'NONE', ( #1316 ), #1516, .F. ) ;
#2067 = ORIENTED_EDGE ( 'NONE', *, *, #2007, .T. ) ;
#2068 = LINE ( 'NONE', #607, #1511 ) ;
#2069 = DIRECTION ( 'NONE',  ( -0.000000000000000000, -0.000000000000000000, -1.000000000000000000 ) ) ;
#2070 = ADVANCED_FACE ( 'NONE', ( #859 ), #209, .T. ) ;
#2071 = CARTESIAN_POINT ( 'NONE',  ( -3.700000000000000178, 3.199999999999999289, 0.2000000000000001499 ) ) ;
#2072 = ADVANCED_FACE ( 'NONE', ( #1973 ), #505, .F. ) ;
#2073 = ORIENTED_EDGE ( 'NONE', *, *, #1122, .T. ) ;
#2074 = EDGE_LOOP ( 'NONE', ( #757, #1593, #830, #1664 ) ) ;
#2075 = VECTOR ( 'NONE', #899, 1000.000000000000000 ) ;
#2076 = VERTEX_POINT ( 'NONE', #1007 ) ;
#2077 = DIRECTION ( 'NONE',  ( 0.000000000000000000, -1.000000000000000000, 2.168404344971012566E-16 ) ) ;
#2078 = VECTOR ( 'NONE', #807, 1000.000000000000000 ) ;
#2079 = DIRECTION ( 'NONE',  ( -0.000000000000000000, 1.000000000000000000, -0.000000000000000000 ) ) ;
#2080 = VECTOR ( 'NONE', #468, 1000.000000000000000 ) ;
#2081 = ORIENTED_EDGE ( 'NONE', *, *, #1675, .T. ) ;
#2082 = CARTESIAN_POINT ( 'NONE',  ( -3.500000000000000444, 0.1000000000000000056, 2.299999999999999822 ) ) ;
#2083 = AXIS2_PLACEMENT_3D ( 'NONE', #1513, #878, #1013 ) ;
#2084 = DIRECTION ( 'NONE',  ( 0.000000000000000000, 0.000000000000000000, 1.000000000000000000 ) ) ;
#2085 = ORIENTED_EDGE ( 'NONE', *, *, #1553, .F. ) ;
#2086 = ORIENTED_EDGE ( 'NONE', *, *, #1010, .F. ) ;
#2087 = AXIS2_PLACEMENT_3D ( 'NONE', #117, #1390, #261 ) ;
#2088 = ORIENTED_EDGE ( 'NONE', *, *, #576, .T. ) ;
#2089 = DIRECTION ( 'NONE',  ( 0.000000000000000000, 0.000000000000000000, 1.000000000000000000 ) ) ;
#2090 = VERTEX_POINT ( 'NONE', #560 ) ;
#2091 = DIRECTION ( 'NONE',  ( 0.000000000000000000, 0.000000000000000000, 1.000000000000000000 ) ) ;
#2092 = DIRECTION ( 'NONE',  ( 0.000000000000000000, 0.000000000000000000, 1.000000000000000000 ) ) ;
#2093 = ADVANCED_FACE ( 'NONE', ( #1866 ), #719, .T. ) ;
#2094 = AXIS2_PLACEMENT_3D ( 'NONE', #80, #2039, #1881 ) ;
#2095 = ORIENTED_EDGE ( 'NONE', *, *, #1518, .F. ) ;
#2096 = EDGE_LOOP ( 'NONE', ( #1105, #1081, #1712, #324 ) ) ;
#2097 = VECTOR ( 'NONE', #1694, 1000.000000000000000 ) ;
#2098 = VERTEX_POINT ( 'NONE', #2005 ) ;
#2099 = LINE ( 'NONE', #1804, #1953 ) ;
#2100 = ADVANCED_FACE ( 'NONE', ( #563 ), #1702, .T. ) ;
#2101 = EDGE_CURVE ( 'NONE', #1775, #746, #389, .T. ) ;
#2102 = VECTOR ( 'NONE', #876, 1000.000000000000000 ) ;
#2103 = VERTEX_POINT ( 'NONE', #1372 ) ;
#2104 = PLANE ( 'NONE',  #424 ) ;
#2105 = ORIENTED_EDGE ( 'NONE', *, *, #365, .F. ) ;
#2106 = DIRECTION ( 'NONE',  ( 0.000000000000000000, -0.000000000000000000, -1.000000000000000000 ) ) ;
#2107 = ORIENTED_EDGE ( 'NONE', *, *, #2052, .T. ) ;
#2108 = ORIENTED_EDGE ( 'NONE', *, *, #1184, .T. ) ;
#2109 = EDGE_CURVE ( 'NONE', #2029, #417, #1431, .T. ) ;
#2110 = ORIENTED_EDGE ( 'NONE', *, *, #177, .T. ) ;
#2111 = CYLINDRICAL_SURFACE ( 'NONE', #1569, 0.2000000000000000111 ) ;
#2112 = LINE ( 'NONE', #339, #2078 ) ;
#2113 = COLOUR_RGB ( '',0.2509803921568627416, 0.2509803921568627416, 0.2509803921568627416 ) ;
#2114 = CARTESIAN_POINT ( 'NONE',  ( -3.500000000000001332, 3.199999999999999734, 1.700000000000000400 ) ) ;
#2115 = ORIENTED_EDGE ( 'NONE', *, *, #581, .F. ) ;
#2116 = CARTESIAN_POINT ( 'NONE',  ( -2.500000000000000444, 4.500000000000000000, -2.600000000000000089 ) ) ;
#2117 = VECTOR ( 'NONE', #369, 1000.000000000000000 ) ;
ENDSEC;
END-ISO-10303-21;
