ISO-10303-21;
HEADER;
FILE_DESCRIPTION (( 'STEP AP214' ),
    '1' );
FILE_NAME ('SPM6550CT-R33L.STEP',
    '2022-03-07T22:43:31',
    ( '' ),
    ( '' ),
    'SwSTEP 2.0',
    'SolidWorks 2017',
    '' );
FILE_SCHEMA (( 'AUTOMOTIVE_DESIGN' ));
ENDSEC;

DATA;
#1 = ORIENTED_EDGE ( 'NONE', *, *, #467, .F. ) ;
#2 = VECTOR ( 'NONE', #2792, 1000.000000000000000 ) ;
#3 = CARTESIAN_POINT ( 'NONE',  ( -5.237222008265113200E-016, -1.187201378871627400E-014, -1.600000000000001400 ) ) ;
#4 = CARTESIAN_POINT ( 'NONE',  ( 3.399999999999998600, 4.700000000000000200, 1.752757924232816400 ) ) ;
#5 = DIRECTION ( 'NONE',  ( 0.0000000000000000000, 0.0000000000000000000, -1.000000000000000000 ) ) ;
#6 = ORIENTED_EDGE ( 'NONE', *, *, #99, .T. ) ;
#7 = VECTOR ( 'NONE', #764, 1000.000000000000000 ) ;
#8 = ORIENTED_EDGE ( 'NONE', *, *, #208, .T. ) ;
#9 = LINE ( 'NONE', #2702, #2591 ) ;
#10 = CARTESIAN_POINT ( 'NONE',  ( -2.250000000000008900, -4.006039441473987400E-015, 1.350000000000001200 ) ) ;
#11 = EDGE_CURVE ( 'NONE', #1355, #2827, #2394, .T. ) ;
#12 = ORIENTED_EDGE ( 'NONE', *, *, #194, .T. ) ;
#13 = ORIENTED_EDGE ( 'NONE', *, *, #1652, .F. ) ;
#14 = CARTESIAN_POINT ( 'NONE',  ( -3.400000000000000800, 0.3500000000000000300, -1.600000000000001400 ) ) ;
#15 = EDGE_CURVE ( 'NONE', #92, #19, #1717, .T. ) ;
#16 = ORIENTED_EDGE ( 'NONE', *, *, #1205, .T. ) ;
#17 = ORIENTED_EDGE ( 'NONE', *, *, #3100, .F. ) ;
#18 = EDGE_CURVE ( 'NONE', #2701, #1275, #1795, .T. ) ;
#19 = VERTEX_POINT ( 'NONE', #387 ) ;
#20 = CARTESIAN_POINT ( 'NONE',  ( 2.310000000000007200, 4.700000000000003700, -1.000000000000001300 ) ) ;
#21 = EDGE_LOOP ( 'NONE', ( #2746, #1385, #1535, #2605 ) ) ;
#22 = AXIS2_PLACEMENT_3D ( 'NONE', #2012, #2907, #829 ) ;
#23 = CARTESIAN_POINT ( 'NONE',  ( 2.141155349407362100, 4.700000000000000200, 2.968834547352274400 ) ) ;
#24 = ORIENTED_EDGE ( 'NONE', *, *, #256, .F. ) ;
#25 = EDGE_CURVE ( 'NONE', #356, #2517, #2283, .T. ) ;
#26 = DIRECTION ( 'NONE',  ( -1.000000000000000000, -3.491481338843133400E-015, 0.0000000000000000000 ) ) ;
#27 = CARTESIAN_POINT ( 'NONE',  ( 2.806439149240359300, 2.525000000000000400, 2.534901988445052500 ) ) ;
#28 = VECTOR ( 'NONE', #405, 1000.000000000000000 ) ;
#29 = LINE ( 'NONE', #1755, #116 ) ;
#30 = PLANE ( 'NONE',  #423 ) ;
#31 = LINE ( 'NONE', #1991, #1796 ) ;
#32 = DIRECTION ( 'NONE',  ( 0.0000000000000000000, 0.0000000000000000000, -1.000000000000000000 ) ) ;
#33 = VECTOR ( 'NONE', #2024, 1000.000000000000000 ) ;
#34 = CIRCLE ( 'NONE', #3085, 0.4000000000000001300 ) ;
#35 = AXIS2_PLACEMENT_3D ( 'NONE', #146, #1872, #392 ) ;
#36 = EDGE_CURVE ( 'NONE', #1820, #1425, #927, .T. ) ;
#37 = CARTESIAN_POINT ( 'NONE',  ( 1.849999999999998500, -9.406912352095130100, 3.249999999999997800 ) ) ;
#38 = EDGE_LOOP ( 'NONE', ( #2215, #3079, #1370, #1512 ) ) ;
#39 = LINE ( 'NONE', #2603, #1987 ) ;
#40 = DIRECTION ( 'NONE',  ( -0.0000000000000000000, -0.0000000000000000000, -1.000000000000000000 ) ) ;
#41 = AXIS2_PLACEMENT_3D ( 'NONE', #2806, #2298, #2566 ) ;
#42 = ORIENTED_EDGE ( 'NONE', *, *, #3058, .F. ) ;
#43 = CIRCLE ( 'NONE', #340, 0.3000000000000001600 ) ;
#44 = DIRECTION ( 'NONE',  ( 0.6946583704589990300, 2.701526220240393100E-032, 0.7193398003386495300 ) ) ;
#45 = ORIENTED_EDGE ( 'NONE', *, *, #2843, .F. ) ;
#46 = VECTOR ( 'NONE', #737, 1000.000000000000000 ) ;
#47 = DIRECTION ( 'NONE',  ( 1.745456090532417000E-046, 1.000000000000000000, -8.112276764725738600E-061 ) ) ;
#48 = ORIENTED_EDGE ( 'NONE', *, *, #398, .F. ) ;
#49 = VECTOR ( 'NONE', #1379, 1000.000000000000000 ) ;
#50 = DIRECTION ( 'NONE',  ( 0.0000000000000000000, 0.0000000000000000000, 1.000000000000000000 ) ) ;
#51 = EDGE_LOOP ( 'NONE', ( #2864, #2938 ) ) ;
#52 = PLANE ( 'NONE',  #877 ) ;
#53 = DIRECTION ( 'NONE',  ( -0.0000000000000000000, -0.0000000000000000000, -1.000000000000000000 ) ) ;
#54 = ORIENTED_EDGE ( 'NONE', *, *, #1195, .F. ) ;
#55 = EDGE_CURVE ( 'NONE', #477, #1848, #496, .T. ) ;
#56 = ORIENTED_EDGE ( 'NONE', *, *, #1710, .F. ) ;
#57 = CARTESIAN_POINT ( 'NONE',  ( -2.806439149240361500, 2.525000000000000400, -2.534901988445053900 ) ) ;
#58 = AXIS2_PLACEMENT_3D ( 'NONE', #2471, #996, #26 ) ;
#59 = CARTESIAN_POINT ( 'NONE',  ( 3.399999999999997700, 4.700000000000000200, -1.100000000000001400 ) ) ;
#60 = ORIENTED_EDGE ( 'NONE', *, *, #1141, .T. ) ;
#61 = FACE_OUTER_BOUND ( 'NONE', #2347, .T. ) ;
#62 = CYLINDRICAL_SURFACE ( 'NONE', #591, 0.1599999999999999800 ) ;
#63 = PRODUCT_DEFINITION ( 'UNKNOWN', '', #1764, #2442 ) ;
#64 = DIRECTION ( 'NONE',  ( 0.7193398003386495300, 0.0000000000000000000, -0.6946583704589990300 ) ) ;
#65 = DIRECTION ( 'NONE',  ( -3.491481338843133000E-015, 1.000000000000000000, 0.0000000000000000000 ) ) ;
#66 = EDGE_CURVE ( 'NONE', #297, #95, #2614, .T. ) ;
#67 = DIRECTION ( 'NONE',  ( -0.0000000000000000000, -1.000000000000000000, 3.755563391555108800E-032 ) ) ;
#68 = DIRECTION ( 'NONE',  ( -1.734723475976806500E-018, 1.000000000000000000, -4.044452883213194700E-032 ) ) ;
#69 = DIRECTION ( 'NONE',  ( 0.0000000000000000000, -0.0000000000000000000, 1.000000000000000000 ) ) ;
#70 = DIRECTION ( 'NONE',  ( 0.0000000000000000000, 1.000000000000000000, 0.0000000000000000000 ) ) ;
#71 = ORIENTED_EDGE ( 'NONE', *, *, #1898, .T. ) ;
#72 = VECTOR ( 'NONE', #1327, 1000.000000000000100 ) ;
#73 = CIRCLE ( 'NONE', #1678, 0.4000000000000004700 ) ;
#74 = EDGE_CURVE ( 'NONE', #2517, #2696, #1644, .T. ) ;
#75 = CARTESIAN_POINT ( 'NONE',  ( 2.289999999999999100, 4.700000000000000200, 1.400000000000001900 ) ) ;
#76 = DIRECTION ( 'NONE',  ( -6.639506355737724100E-016, 0.0000000000000000000, -1.000000000000000000 ) ) ;
#77 = ORIENTED_EDGE ( 'NONE', *, *, #1482, .T. ) ;
#78 = CIRCLE ( 'NONE', #1963, 0.3000000000000001600 ) ;
#79 = AXIS2_PLACEMENT_3D ( 'NONE', #2976, #1783, #69 ) ;
#80 = VERTEX_POINT ( 'NONE', #705 ) ;
#81 = EDGE_CURVE ( 'NONE', #930, #1667, #1298, .T. ) ;
#82 = LINE ( 'NONE', #1456, #1124 ) ;
#83 = ORIENTED_EDGE ( 'NONE', *, *, #2314, .T. ) ;
#84 = DIRECTION ( 'NONE',  ( 0.6946583704590041400, -2.667062399387467600E-016, 0.7193398003386445300 ) ) ;
#85 = LINE ( 'NONE', #491, #2372 ) ;
#86 = ORIENTED_EDGE ( 'NONE', *, *, #1949, .T. ) ;
#87 = CYLINDRICAL_SURFACE ( 'NONE', #2482, 0.1510000000000000800 ) ;
#88 = DIRECTION ( 'NONE',  ( -0.7193398003386446400, 0.0000000000000000000, 0.6946583704590039200 ) ) ;
#89 = CARTESIAN_POINT ( 'NONE',  ( 3.399999999999998100, 5.000000000000000000, 1.100000000000000500 ) ) ;
#90 = VERTEX_POINT ( 'NONE', #468 ) ;
#91 = ORIENTED_EDGE ( 'NONE', *, *, #1089, .F. ) ;
#92 = VERTEX_POINT ( 'NONE', #1020 ) ;
#93 = CARTESIAN_POINT ( 'NONE',  ( -3.399999999999999000, 4.850000000000000500, -1.000000000000001300 ) ) ;
#94 = CARTESIAN_POINT ( 'NONE',  ( 0.0000000000000000000, 0.0000000000000000000, 0.0000000000000000000 ) ) ;
#95 = VERTEX_POINT ( 'NONE', #1910 ) ;
#96 = CARTESIAN_POINT ( 'NONE',  ( 2.702240393671508500, 2.525000000000000400, 2.427001018394255200 ) ) ;
#97 =( NAMED_UNIT ( * ) SI_UNIT ( $, .STERADIAN. ) SOLID_ANGLE_UNIT ( ) );
#98 = STYLED_ITEM ( 'NONE', ( #1053 ), #793 ) ;
#99 = EDGE_CURVE ( 'NONE', #3126, #2696, #658, .T. ) ;
#100 = VERTEX_POINT ( 'NONE', #456 ) ;
#101 = ADVANCED_FACE ( 'NONE', ( #2917 ), #2628, .F. ) ;
#102 = CARTESIAN_POINT ( 'NONE',  ( 3.549999999999998000, 0.3500000000000000300, 1.600000000000000500 ) ) ;
#103 = EDGE_LOOP ( 'NONE', ( #2183, #1016, #2494, #1096 ) ) ;
#104 = FACE_OUTER_BOUND ( 'NONE', #457, .T. ) ;
#105 = VECTOR ( 'NONE', #493, 1000.000000000000000 ) ;
#106 = CARTESIAN_POINT ( 'NONE',  ( -3.399999999999998600, 4.700000000000000200, 1.100000000000001400 ) ) ;
#107 = DIRECTION ( 'NONE',  ( -3.469446951953616200E-015, -1.000000000000000000, -0.0000000000000000000 ) ) ;
#108 = CARTESIAN_POINT ( 'NONE',  ( 3.399999999999998600, 5.000000000000000000, 1.753182399049025800 ) ) ;
#109 = FACE_OUTER_BOUND ( 'NONE', #1154, .T. ) ;
#110 = DIRECTION ( 'NONE',  ( 0.0000000000000000000, 0.0000000000000000000, 1.000000000000000000 ) ) ;
#111 = VERTEX_POINT ( 'NONE', #2616 ) ;
#112 = FACE_OUTER_BOUND ( 'NONE', #1157, .T. ) ;
#113 = PLANE ( 'NONE',  #1337 ) ;
#114 = ORIENTED_EDGE ( 'NONE', *, *, #612, .F. ) ;
#115 = FACE_OUTER_BOUND ( 'NONE', #2506, .T. ) ;
#116 = VECTOR ( 'NONE', #2484, 1000.000000000000100 ) ;
#117 = DIRECTION ( 'NONE',  ( -0.6946583704590040300, 2.563915283019200400E-016, -0.7193398003386445300 ) ) ;
#118 = ADVANCED_FACE ( 'NONE', ( #1560 ), #1666, .F. ) ;
#119 = DIRECTION ( 'NONE',  ( 1.971276677246371500E-016, 0.0000000000000000000, 1.000000000000000000 ) ) ;
#120 = CARTESIAN_POINT ( 'NONE',  ( -3.400000000000001700, 0.3500000000000000300, -1.752757924232818200 ) ) ;
#121 = ORIENTED_EDGE ( 'NONE', *, *, #1414, .T. ) ;
#122 = DIRECTION ( 'NONE',  ( 1.000000000000000000, 0.0000000000000000000, 0.0000000000000000000 ) ) ;
#123 =( NAMED_UNIT ( * ) PLANE_ANGLE_UNIT ( ) SI_UNIT ( $, .RADIAN. ) );
#124 = EDGE_LOOP ( 'NONE', ( #2522, #648, #2363, #2550 ) ) ;
#125 = AXIS2_PLACEMENT_3D ( 'NONE', #1536, #2738, #2750 ) ;
#126 = ORIENTED_EDGE ( 'NONE', *, *, #1313, .T. ) ;
#127 = CARTESIAN_POINT ( 'NONE',  ( -2.310000000000008000, 4.850000000000003200, 1.000000000000001300 ) ) ;
#128 = VERTEX_POINT ( 'NONE', #2862 ) ;
#129 = ORIENTED_EDGE ( 'NONE', *, *, #810, .T. ) ;
#130 = CARTESIAN_POINT ( 'NONE',  ( -2.204060082831675000, 2.524999999999999900, -1.335297588935723300 ) ) ;
#131 = CARTESIAN_POINT ( 'NONE',  ( 3.398999999999998700, -3.491481338843282200E-018, -1.600000000000001400 ) ) ;
#132 = EDGE_CURVE ( 'NONE', #2903, #1061, #1908, .T. ) ;
#133 = ADVANCED_FACE ( 'NONE', ( #3144 ), #442, .T. ) ;
#134 = ORIENTED_EDGE ( 'NONE', *, *, #3086, .F. ) ;
#135 = EDGE_LOOP ( 'NONE', ( #2659, #1018, #2811, #2227, #934, #2953 ) ) ;
#136 = APPLICATION_CONTEXT ( 'automotive_design' ) ;
#137 = ORIENTED_EDGE ( 'NONE', *, *, #2962, .F. ) ;
#138 = CARTESIAN_POINT ( 'NONE',  ( 2.141155349407362100, 0.3499999999999992000, 2.968834547352274400 ) ) ;
#139 = DIRECTION ( 'NONE',  ( -0.7193398003386495300, 0.0000000000000000000, 0.6946583704589990300 ) ) ;
#140 = AXIS2_PLACEMENT_3D ( 'NONE', #2133, #1400, #1410 ) ;
#141 = EDGE_CURVE ( 'NONE', #274, #95, #781, .T. ) ;
#142 = CARTESIAN_POINT ( 'NONE',  ( 3.549999999999998500, 0.0000000000000000000, -1.600000000000001400 ) ) ;
#143 = CARTESIAN_POINT ( 'NONE',  ( 3.398999999999998200, 4.700000000000000200, 1.752757924232816400 ) ) ;
#144 = UNCERTAINTY_MEASURE_WITH_UNIT (LENGTH_MEASURE( 1.000000000000000100E-005 ), #2527, 'distance_accuracy_value', 'NONE');
#145 = ADVANCED_FACE ( 'NONE', ( #2504, #1224 ), #731, .F. ) ;
#146 = CARTESIAN_POINT ( 'NONE',  ( -3.399999999999998600, 4.700000000000000200, 1.000000000000001300 ) ) ;
#147 = DIRECTION ( 'NONE',  ( 1.000000000000000000, 0.0000000000000000000, 0.0000000000000000000 ) ) ;
#148 = ORIENTED_EDGE ( 'NONE', *, *, #711, .T. ) ;
#149 = LINE ( 'NONE', #808, #1845 ) ;
#150 = LINE ( 'NONE', #3141, #2658 ) ;
#151 = VERTEX_POINT ( 'NONE', #2152 ) ;
#152 = DIRECTION ( 'NONE',  ( -3.690901012716612800E-015, 1.000000000000000000, 0.0000000000000000000 ) ) ;
#153 = LINE ( 'NONE', #1106, #2 ) ;
#154 = CARTESIAN_POINT ( 'NONE',  ( 3.503893413939307400, 0.3500000000000000300, 1.861378234083952400 ) ) ;
#155 = VERTEX_POINT ( 'NONE', #2381 ) ;
#156 = LINE ( 'NONE', #2809, #2026 ) ;
#157 = DIRECTION ( 'NONE',  ( 0.0000000000000000000, 0.0000000000000000000, 1.000000000000000000 ) ) ;
#158 = VERTEX_POINT ( 'NONE', #2392 ) ;
#159 = LINE ( 'NONE', #365, #2029 ) ;
#160 = CARTESIAN_POINT ( 'NONE',  ( -3.549999999999998500, 0.0000000000000000000, 1.600000000000001400 ) ) ;
#161 = DIRECTION ( 'NONE',  ( -0.0000000000000000000, 1.000000000000000000, -0.0000000000000000000 ) ) ;
#162 = CARTESIAN_POINT ( 'NONE',  ( -3.399999999999999000, 4.850000000000000500, 1.000000000000001300 ) ) ;
#163 = ORIENTED_EDGE ( 'NONE', *, *, #2883, .T. ) ;
#164 = ADVANCED_FACE ( 'NONE', ( #566 ), #2876, .T. ) ;
#165 = VECTOR ( 'NONE', #2548, 1000.000000000000000 ) ;
#166 = AXIS2_PLACEMENT_3D ( 'NONE', #1960, #1244, #2176 ) ;
#167 = DIRECTION ( 'NONE',  ( 1.000000000000000000, 0.0000000000000000000, 0.0000000000000000000 ) ) ;
#168 = ORIENTED_EDGE ( 'NONE', *, *, #2795, .F. ) ;
#169 = DIRECTION ( 'NONE',  ( 1.000000000000000000, -1.745456090532417000E-046, -4.647654449016387200E-015 ) ) ;
#170 = ORIENTED_EDGE ( 'NONE', *, *, #805, .F. ) ;
#171 = ORIENTED_EDGE ( 'NONE', *, *, #1371, .F. ) ;
#172 = CARTESIAN_POINT ( 'NONE',  ( 3.399999999999998600, 0.3499999999999987600, 1.752757924232816400 ) ) ;
#173 = DIRECTION ( 'NONE',  ( 0.0000000000000000000, 0.0000000000000000000, 1.000000000000000000 ) ) ;
#174 = ORIENTED_EDGE ( 'NONE', *, *, #2723, .T. ) ;
#175 = DIRECTION ( 'NONE',  ( 1.304604148160810300E-016, -0.0000000000000000000, 1.000000000000000000 ) ) ;
#176 = ORIENTED_EDGE ( 'NONE', *, *, #2818, .F. ) ;
#177 = DIRECTION ( 'NONE',  ( -0.0000000000000000000, -1.000000000000000000, -0.0000000000000000000 ) ) ;
#178 = FILL_AREA_STYLE ('',( #2617 ) ) ;
#179 = DIRECTION ( 'NONE',  ( -0.0000000000000000000, 1.000000000000000000, -0.0000000000000000000 ) ) ;
#180 = FACE_OUTER_BOUND ( 'NONE', #1308, .T. ) ;
#181 = DIRECTION ( 'NONE',  ( 1.000000000000000000, 0.0000000000000000000, -0.0000000000000000000 ) ) ;
#182 = VECTOR ( 'NONE', #169, 1000.000000000000000 ) ;
#183 = LINE ( 'NONE', #557, #783 ) ;
#184 = CARTESIAN_POINT ( 'NONE',  ( 1.989999999999999100, 4.700000000000005500, -1.000000000000001300 ) ) ;
#185 = ORIENTED_EDGE ( 'NONE', *, *, #2883, .F. ) ;
#186 = LINE ( 'NONE', #606, #2018 ) ;
#187 = EDGE_CURVE ( 'NONE', #421, #2755, #492, .T. ) ;
#188 = CARTESIAN_POINT ( 'NONE',  ( 2.499999999999998700, 0.1500000000000008300, -2.349999999999999600 ) ) ;
#189 = CIRCLE ( 'NONE', #2242, 0.4000000000000001300 ) ;
#190 = VERTEX_POINT ( 'NONE', #1688 ) ;
#191 = ORIENTED_EDGE ( 'NONE', *, *, #1925, .T. ) ;
#192 = CIRCLE ( 'NONE', #1851, 0.1510000000000000800 ) ;
#193 = DIRECTION ( 'NONE',  ( -1.000000000000000000, -1.734723475976806300E-018, 0.0000000000000000000 ) ) ;
#194 = EDGE_CURVE ( 'NONE', #344, #1782, #1151, .T. ) ;
#195 = ORIENTED_EDGE ( 'NONE', *, *, #3117, .T. ) ;
#196 = VECTOR ( 'NONE', #427, 1000.000000000000000 ) ;
#197 = CARTESIAN_POINT ( 'NONE',  ( 2.289999999999998700, 4.700000000000000200, -1.100000000000002300 ) ) ;
#198 = EDGE_LOOP ( 'NONE', ( #2726, #148, #2978, #1968, #637, #2908, #2331 ) ) ;
#199 = DIRECTION ( 'NONE',  ( -0.6946583704589990300, -2.701526220240393100E-032, -0.7193398003386494200 ) ) ;
#200 = VERTEX_POINT ( 'NONE', #1267 ) ;
#201 = CARTESIAN_POINT ( 'NONE',  ( -3.399999999999999000, 0.0000000000000000000, -1.600000000000001400 ) ) ;
#202 = ORIENTED_EDGE ( 'NONE', *, *, #2590, .T. ) ;
#203 = DIRECTION ( 'NONE',  ( -0.0000000000000000000, -0.0000000000000000000, 1.000000000000000000 ) ) ;
#204 = DIRECTION ( 'NONE',  ( 3.469446951953616600E-015, -1.000000000000000000, -0.0000000000000000000 ) ) ;
#205 = ORIENTED_EDGE ( 'NONE', *, *, #1573, .T. ) ;
#206 = PLANE ( 'NONE',  #508 ) ;
#207 = DIRECTION ( 'NONE',  ( 1.000000000000000000, 3.491481338843133400E-015, -0.0000000000000000000 ) ) ;
#208 = EDGE_CURVE ( 'NONE', #2041, #597, #29, .T. ) ;
#209 = LINE ( 'NONE', #3019, #2088 ) ;
#210 = DIRECTION ( 'NONE',  ( -0.0000000000000000000, -0.0000000000000000000, 1.000000000000000000 ) ) ;
#211 = CARTESIAN_POINT ( 'NONE',  ( 3.399999999999997700, 4.700000000000000200, -1.100000000000001400 ) ) ;
#212 = LINE ( 'NONE', #1892, #1943 ) ;
#213 = AXIS2_PLACEMENT_3D ( 'NONE', #2042, #1290, #2266 ) ;
#214 = ADVANCED_FACE ( 'NONE', ( #1185 ), #534, .F. ) ;
#215 = DIRECTION ( 'NONE',  ( 3.469446951953616600E-015, 1.000000000000000000, 0.0000000000000000000 ) ) ;
#216 = ORIENTED_EDGE ( 'NONE', *, *, #132, .T. ) ;
#217 = DIRECTION ( 'NONE',  ( -0.0000000000000000000, 1.000000000000000000, -0.0000000000000000000 ) ) ;
#218 = LINE ( 'NONE', #1624, #262 ) ;
#219 = FACE_OUTER_BOUND ( 'NONE', #1374, .T. ) ;
#220 = DIRECTION ( 'NONE',  ( 0.0000000000000000000, -1.000000000000000000, 0.0000000000000000000 ) ) ;
#221 = EDGE_LOOP ( 'NONE', ( #1072, #168, #462, #2803 ) ) ;
#222 = CYLINDRICAL_SURFACE ( 'NONE', #1254, 0.3999999999999999700 ) ;
#223 = DIRECTION ( 'NONE',  ( 3.491481338843133000E-015, 1.000000000000000000, 0.0000000000000000000 ) ) ;
#224 = VERTEX_POINT ( 'NONE', #1793 ) ;
#225 = EDGE_CURVE ( 'NONE', #1959, #1930, #2805, .T. ) ;
#226 = LINE ( 'NONE', #977, #1569 ) ;
#227 = CARTESIAN_POINT ( 'NONE',  ( -3.399999999999998600, 0.0000000000000000000, 1.600000000000001400 ) ) ;
#228 = CARTESIAN_POINT ( 'NONE',  ( -1.850000000000001900, 0.1500000000000008300, -3.249999999999999600 ) ) ;
#229 = CLOSED_SHELL ( 'NONE', ( #3121, #1858, #2552, #1839, #1639, #2423, #2754, #2597, #2413, #2534, #1407, #1164, #2162, #581, #366, #2369, #902, #451, #1362, #299, #2288, #399, #727, #331, #1136, #657, #744, #707, #1623, #851, #639, #1900, #1453, #887, #2352, #598, #2318, #1439, #1528 ) ) ;
#230 = CIRCLE ( 'NONE', #1592, 0.4000000000000001300 ) ;
#231 = DIRECTION ( 'NONE',  ( -1.000000000000000000, 0.0000000000000000000, 1.971276677246368100E-016 ) ) ;
#232 = DIRECTION ( 'NONE',  ( 0.0000000000000000000, 0.0000000000000000000, 1.000000000000000000 ) ) ;
#233 = DIRECTION ( 'NONE',  ( 0.0000000000000000000, -0.0000000000000000000, -1.000000000000000000 ) ) ;
#234 = EDGE_LOOP ( 'NONE', ( #842, #277, #796, #1477 ) ) ;
#235 = LINE ( 'NONE', #1107, #3125 ) ;
#236 = UNCERTAINTY_MEASURE_WITH_UNIT (LENGTH_MEASURE( 1.000000000000000100E-005 ), #602, 'distance_accuracy_value', 'NONE');
#237 = ORIENTED_EDGE ( 'NONE', *, *, #2713, .F. ) ;
#238 = AXIS2_PLACEMENT_3D ( 'NONE', #1223, #215, #2916 ) ;
#239 = EDGE_CURVE ( 'NONE', #272, #865, #2058, .T. ) ;
#240 = CARTESIAN_POINT ( 'NONE',  ( -2.289999999999999100, 5.000000000000000000, 1.100000000000001900 ) ) ;
#241 = CARTESIAN_POINT ( 'NONE',  ( 2.000000000000009300, -4.878909776184770000E-015, -1.100000000000001400 ) ) ;
#242 = EDGE_LOOP ( 'NONE', ( #942, #45, #1934, #2673 ) ) ;
#243 = ORIENTED_EDGE ( 'NONE', *, *, #2264, .T. ) ;
#244 = AXIS2_PLACEMENT_3D ( 'NONE', #2874, #2859, #181 ) ;
#245 = CARTESIAN_POINT ( 'NONE',  ( -3.399999999999998100, 5.000000000000000000, 1.100000000000000500 ) ) ;
#246 = CARTESIAN_POINT ( 'NONE',  ( 2.499999999999998700, -9.406912352095130100, -2.349999999999999600 ) ) ;
#247 = DIRECTION ( 'NONE',  ( -1.000000000000000000, 0.0000000000000000000, -0.0000000000000000000 ) ) ;
#248 = VERTEX_POINT ( 'NONE', #1364 ) ;
#249 = VERTEX_POINT ( 'NONE', #373 ) ;
#250 = PRESENTATION_STYLE_ASSIGNMENT (( #1614 ) ) ;
#251 = CIRCLE ( 'NONE', #1571, 0.2500000000000002200 ) ;
#252 = PLANE ( 'NONE',  #1336 ) ;
#253 = PLANE ( 'NONE',  #1250 ) ;
#254 = VECTOR ( 'NONE', #545, 1000.000000000000000 ) ;
#255 = MECHANICAL_DESIGN_GEOMETRIC_PRESENTATION_REPRESENTATION (  '', ( #2866 ), #2327 ) ;
#256 = EDGE_CURVE ( 'NONE', #949, #2755, #2175, .T. ) ;
#257 = VECTOR ( 'NONE', #1268, 999.9999999999998900 ) ;
#258 = CARTESIAN_POINT ( 'NONE',  ( -1.850000000000001600, -9.406912352095130100, -3.249999999999999600 ) ) ;
#259 = PLANE ( 'NONE',  #2580 ) ;
#260 =( GEOMETRIC_REPRESENTATION_CONTEXT ( 3 ) GLOBAL_UNCERTAINTY_ASSIGNED_CONTEXT ( ( #1283 ) ) GLOBAL_UNIT_ASSIGNED_CONTEXT ( ( #660, #2588, #2836 ) ) REPRESENTATION_CONTEXT ( 'NONE', 'WORKASPACE' ) );
#261 = ORIENTED_EDGE ( 'NONE', *, *, #141, .F. ) ;
#262 = VECTOR ( 'NONE', #157, 1000.000000000000000 ) ;
#263 = LINE ( 'NONE', #1631, #293 ) ;
#264 = DIRECTION ( 'NONE',  ( 0.0000000000000000000, 0.0000000000000000000, 1.000000000000000000 ) ) ;
#265 = CARTESIAN_POINT ( 'NONE',  ( -3.533475737216449400E-016, -1.187201378871627400E-014, 1.600000000000001000 ) ) ;
#266 = EDGE_LOOP ( 'NONE', ( #1917, #2203, #770, #883 ) ) ;
#267 = FACE_OUTER_BOUND ( 'NONE', #479, .T. ) ;
#268 = EDGE_LOOP ( 'NONE', ( #1263, #1651, #1432, #1492 ) ) ;
#269 = DIRECTION ( 'NONE',  ( 0.0000000000000000000, 0.0000000000000000000, 1.000000000000000000 ) ) ;
#270 = LINE ( 'NONE', #1094, #1990 ) ;
#271 = DIRECTION ( 'NONE',  ( -0.6946583704590041400, 2.563915283019200900E-016, -0.7193398003386446400 ) ) ;
#272 = VERTEX_POINT ( 'NONE', #855 ) ;
#273 = FACE_OUTER_BOUND ( 'NONE', #2251, .T. ) ;
#274 = VERTEX_POINT ( 'NONE', #3008 ) ;
#275 = EDGE_CURVE ( 'NONE', #2225, #3120, #1461, .T. ) ;
#276 = ORIENTED_EDGE ( 'NONE', *, *, #1545, .T. ) ;
#277 = ORIENTED_EDGE ( 'NONE', *, *, #1123, .T. ) ;
#278 = AXIS2_PLACEMENT_3D ( 'NONE', #96, #2756, #1295 ) ;
#279 = AXIS2_PLACEMENT_3D ( 'NONE', #2452, #67, #2724 ) ;
#280 = VERTEX_POINT ( 'NONE', #2520 ) ;
#281 = DIRECTION ( 'NONE',  ( -3.491481338843133000E-015, -1.000000000000000000, -0.0000000000000000000 ) ) ;
#282 = VERTEX_POINT ( 'NONE', #593 ) ;
#283 = EDGE_CURVE ( 'NONE', #2905, #1947, #1565, .T. ) ;
#284 = CARTESIAN_POINT ( 'NONE',  ( -3.549999999999998500, 0.3500000000000000300, -1.099999999999999000 ) ) ;
#285 = CYLINDRICAL_SURFACE ( 'NONE', #775, 0.8999999999999998000 ) ;
#286 = DIRECTION ( 'NONE',  ( 0.0000000000000000000, 1.000000000000000000, 0.0000000000000000000 ) ) ;
#287 = VECTOR ( 'NONE', #2768, 1000.000000000000000 ) ;
#288 = DIRECTION ( 'NONE',  ( 0.0000000000000000000, 0.0000000000000000000, -1.000000000000000000 ) ) ;
#289 = DIRECTION ( 'NONE',  ( 0.0000000000000000000, 3.755563391555108800E-032, 1.000000000000000000 ) ) ;
#290 = CIRCLE ( 'NONE', #3131, 0.3000000000000001600 ) ;
#291 = VERTEX_POINT ( 'NONE', #2797 ) ;
#292 = FACE_OUTER_BOUND ( 'NONE', #669, .T. ) ;
#293 = VECTOR ( 'NONE', #1384, 1000.000000000000000 ) ;
#294 = AXIS2_PLACEMENT_3D ( 'NONE', #1160, #3077, #696 ) ;
#295 = AXIS2_PLACEMENT_3D ( 'NONE', #2141, #1252, #1931 ) ;
#296 = PLANE ( 'NONE',  #1211 ) ;
#297 = VERTEX_POINT ( 'NONE', #1593 ) ;
#298 = DIRECTION ( 'NONE',  ( -0.6946583704590044700, 2.460658381200351600E-018, -0.7193398003386440900 ) ) ;
#299 = ADVANCED_FACE ( 'NONE', ( #528 ), #113, .F. ) ;
#300 = PLANE ( 'NONE',  #3033 ) ;
#301 = EDGE_LOOP ( 'NONE', ( #2229, #715, #821, #1772 ) ) ;
#302 = CYLINDRICAL_SURFACE ( 'NONE', #2205, 0.3999999999999999700 ) ;
#303 = CARTESIAN_POINT ( 'NONE',  ( -2.289999999999999100, 4.700000000000000200, 1.400000000000001900 ) ) ;
#304 = ORIENTED_EDGE ( 'NONE', *, *, #2238, .T. ) ;
#305 = EDGE_CURVE ( 'NONE', #2816, #2939, #186, .T. ) ;
#306 = FACE_OUTER_BOUND ( 'NONE', #1445, .T. ) ;
#307 = CARTESIAN_POINT ( 'NONE',  ( 1.790086991167561700E-014, 4.700000000000012600, -1.000000000000001300 ) ) ;
#308 = CARTESIAN_POINT ( 'NONE',  ( 3.398999999999998200, -2.277411492777083900, 1.752757924232816400 ) ) ;
#309 = ORIENTED_EDGE ( 'NONE', *, *, #2421, .T. ) ;
#310 = SURFACE_STYLE_FILL_AREA ( #1532 ) ;
#311 = CARTESIAN_POINT ( 'NONE',  ( 2.289999999999999100, 4.700000000000000200, 1.100000000000001900 ) ) ;
#312 = ORIENTED_EDGE ( 'NONE', *, *, #2509, .T. ) ;
#313 = DIRECTION ( 'NONE',  ( -1.606225440719267500E-015, 0.0000000000000000000, 1.000000000000000000 ) ) ;
#314 = DIRECTION ( 'NONE',  ( -1.000000000000000000, 0.0000000000000000000, 0.0000000000000000000 ) ) ;
#315 = CARTESIAN_POINT ( 'NONE',  ( 3.398999999999998200, 0.1510000000000000000, -1.600000000000001400 ) ) ;
#316 = DIRECTION ( 'NONE',  ( -1.000000000000000000, 3.491481338843130200E-015, 0.0000000000000000000 ) ) ;
#317 = CARTESIAN_POINT ( 'NONE',  ( -3.399694658370460600, -2.277411492777087400, -1.753477264033156800 ) ) ;
#318 = ORIENTED_EDGE ( 'NONE', *, *, #2949, .T. ) ;
#319 = EDGE_CURVE ( 'NONE', #2364, #2041, #1754, .T. ) ;
#320 = DIRECTION ( 'NONE',  ( 0.0000000000000000000, 1.000000000000000000, -3.755563391555108800E-032 ) ) ;
#321 = VERTEX_POINT ( 'NONE', #1891 ) ;
#322 = CARTESIAN_POINT ( 'NONE',  ( -3.399999999999998600, 4.700000000000000200, 1.000000000000001300 ) ) ;
#323 = AXIS2_PLACEMENT_3D ( 'NONE', #1621, #1113, #2105 ) ;
#324 = ORIENTED_EDGE ( 'NONE', *, *, #1958, .F. ) ;
#325 = CARTESIAN_POINT ( 'NONE',  ( -3.549999999999998500, 0.0000000000000000000, -1.600000000000001400 ) ) ;
#326 = CARTESIAN_POINT ( 'NONE',  ( 2.414504473536048600, 2.525000000000000400, 2.704864366577854900 ) ) ;
#327 = CIRCLE ( 'NONE', #22, 0.1510000000000000800 ) ;
#328 = VECTOR ( 'NONE', #1479, 1000.000000000000000 ) ;
#329 = CARTESIAN_POINT ( 'NONE',  ( -3.398999999999998200, 0.1510000000000000000, -1.600000000000001400 ) ) ;
#330 = FACE_OUTER_BOUND ( 'NONE', #1862, .T. ) ;
#331 = ADVANCED_FACE ( 'NONE', ( #2401 ), #395, .F. ) ;
#332 = VECTOR ( 'NONE', #1610, 1000.000000000000000 ) ;
#333 = EDGE_CURVE ( 'NONE', #2002, #817, #1351, .T. ) ;
#334 = CARTESIAN_POINT ( 'NONE',  ( 3.399999999999998600, 0.1510000000000000000, 1.600000000000001200 ) ) ;
#335 = DIRECTION ( 'NONE',  ( 0.0000000000000000000, -0.0000000000000000000, -1.000000000000000000 ) ) ;
#336 = CARTESIAN_POINT ( 'NONE',  ( 3.399999999999998600, -9.406912352095130100, 1.753182399049025800 ) ) ;
#337 = ORIENTED_EDGE ( 'NONE', *, *, #2214, .T. ) ;
#338 = VECTOR ( 'NONE', #2497, 1000.000000000000000 ) ;
#339 = VECTOR ( 'NONE', #1412, 1000.000000000000000 ) ;
#340 = AXIS2_PLACEMENT_3D ( 'NONE', #1116, #1856, #882 ) ;
#341 = ORIENTED_EDGE ( 'NONE', *, *, #1141, .F. ) ;
#342 = AXIS2_PLACEMENT_3D ( 'NONE', #2532, #2773, #1338 ) ;
#343 = LINE ( 'NONE', #1984, #2104 ) ;
#344 = VERTEX_POINT ( 'NONE', #1137 ) ;
#345 = DIRECTION ( 'NONE',  ( 0.0000000000000000000, 0.0000000000000000000, 1.000000000000000000 ) ) ;
#346 = AXIS2_PLACEMENT_3D ( 'NONE', #197, #179, #697 ) ;
#347 = ORIENTED_EDGE ( 'NONE', *, *, #239, .F. ) ;
#348 = SPHERICAL_SURFACE ( 'NONE', #2148, 0.4000000000000001900 ) ;
#349 = SURFACE_STYLE_USAGE ( .BOTH. , #2037 ) ;
#350 = EDGE_CURVE ( 'NONE', #2230, #1757, #2694, .T. ) ;
#351 = ADVANCED_FACE ( 'NONE', ( #458 ), #2370, .F. ) ;
#352 = CARTESIAN_POINT ( 'NONE',  ( -2.589999999999998500, 4.700000000000000200, -1.099999999999999600 ) ) ;
#353 = ORIENTED_EDGE ( 'NONE', *, *, #2299, .T. ) ;
#354 = ORIENTED_EDGE ( 'NONE', *, *, #407, .T. ) ;
#355 = DIRECTION ( 'NONE',  ( 0.0000000000000000000, -1.000000000000000000, 0.0000000000000000000 ) ) ;
#356 = VERTEX_POINT ( 'NONE', #2349 ) ;
#357 = DIRECTION ( 'NONE',  ( 3.469446951953616200E-015, 1.000000000000000000, 0.0000000000000000000 ) ) ;
#358 = AXIS2_PLACEMENT_3D ( 'NONE', #943, #199, #1225 ) ;
#359 = EDGE_CURVE ( 'NONE', #610, #19, #263, .T. ) ;
#360 = ORIENTED_EDGE ( 'NONE', *, *, #394, .F. ) ;
#361 = DIRECTION ( 'NONE',  ( -1.548860246407875200E-016, 5.407816646809072900E-031, -1.000000000000000000 ) ) ;
#362 = CARTESIAN_POINT ( 'NONE',  ( 3.399999999999999000, 4.850000000000000500, -1.000000000000001300 ) ) ;
#363 = ORIENTED_EDGE ( 'NONE', *, *, #1162, .F. ) ;
#364 = AXIS2_PLACEMENT_3D ( 'NONE', #1613, #2790, #2764 ) ;
#365 = CARTESIAN_POINT ( 'NONE',  ( -3.549999999999998500, 4.699999999999999300, 1.000000000000001300 ) ) ;
#366 = ADVANCED_FACE ( 'NONE', ( #1039 ), #2813, .F. ) ;
#367 = CYLINDRICAL_SURFACE ( 'NONE', #1467, 0.4000000000000001300 ) ;
#368 = CARTESIAN_POINT ( 'NONE',  ( -3.399999999999998600, 4.700000000000000200, -1.099999999999999600 ) ) ;
#369 = FILL_AREA_STYLE ('',( #1143 ) ) ;
#370 = DIRECTION ( 'NONE',  ( 0.0000000000000000000, 1.000000000000000000, -3.755563391555108800E-032 ) ) ;
#371 = VECTOR ( 'NONE', #3078, 1000.000000000000100 ) ;
#372 = FACE_OUTER_BOUND ( 'NONE', #2825, .T. ) ;
#373 = CARTESIAN_POINT ( 'NONE',  ( -3.398999999999998200, 0.0000000000000000000, -1.600000000000001400 ) ) ;
#374 = LINE ( 'NONE', #368, #2212 ) ;
#375 = CARTESIAN_POINT ( 'NONE',  ( -3.399999999999998600, 0.1510000000000000000, -1.600000000000001400 ) ) ;
#376 = DIRECTION ( 'NONE',  ( -1.000000000000000000, 0.0000000000000000000, -0.0000000000000000000 ) ) ;
#377 = ORIENTED_EDGE ( 'NONE', *, *, #225, .F. ) ;
#378 = CIRCLE ( 'NONE', #1485, 0.4000000000000001300 ) ;
#379 = EDGE_CURVE ( 'NONE', #1620, #291, #2846, .T. ) ;
#380 = DIRECTION ( 'NONE',  ( 1.000000000000000000, 0.0000000000000000000, -0.0000000000000000000 ) ) ;
#381 = ORIENTED_EDGE ( 'NONE', *, *, #1635, .F. ) ;
#382 = CIRCLE ( 'NONE', #3067, 0.3000000000000001600 ) ;
#383 = ADVANCED_FACE ( 'NONE', ( #1423 ), #2858, .F. ) ;
#384 = CARTESIAN_POINT ( 'NONE',  ( -2.150000000000007900, 4.700000000000004600, 1.000000000000001300 ) ) ;
#385 = ORIENTED_EDGE ( 'NONE', *, *, #1668, .T. ) ;
#386 = CIRCLE ( 'NONE', #1444, 0.1510000000000000800 ) ;
#387 = CARTESIAN_POINT ( 'NONE',  ( 3.549999999999998500, 4.700000000000000200, 1.752757924232816400 ) ) ;
#388 = ORIENTED_EDGE ( 'NONE', *, *, #1438, .T. ) ;
#389 = LINE ( 'NONE', #2301, #49 ) ;
#390 = CARTESIAN_POINT ( 'NONE',  ( -3.549999999999998500, 0.0000000000000000000, -1.956906222241215100E-017 ) ) ;
#391 = ORIENTED_EDGE ( 'NONE', *, *, #2957, .T. ) ;
#392 = DIRECTION ( 'NONE',  ( -1.000000000000000000, 0.0000000000000000000, 0.0000000000000000000 ) ) ;
#393 = CARTESIAN_POINT ( 'NONE',  ( -2.000000000000008900, 0.1499999999999951100, 1.600000000000001200 ) ) ;
#394 = EDGE_CURVE ( 'NONE', #1061, #1425, #3112, .T. ) ;
#395 = PLANE ( 'NONE',  #509 ) ;
#396 = EDGE_LOOP ( 'NONE', ( #1817, #2121, #469, #2244, #2250, #838 ) ) ;
#397 = EDGE_LOOP ( 'NONE', ( #799, #1403, #2285, #2343 ) ) ;
#398 = EDGE_CURVE ( 'NONE', #344, #2437, #2770, .T. ) ;
#399 = ADVANCED_FACE ( 'NONE', ( #2956 ), #431, .F. ) ;
#400 = DIRECTION ( 'NONE',  ( -1.000000000000000000, 0.0000000000000000000, 2.141633920959023500E-015 ) ) ;
#401 =( LENGTH_UNIT ( ) NAMED_UNIT ( * ) SI_UNIT ( .MILLI., .METRE. ) );
#402 = EDGE_LOOP ( 'NONE', ( #903, #1784 ) ) ;
#403 = SURFACE_STYLE_USAGE ( .BOTH. , #1877 ) ;
#404 = DIRECTION ( 'NONE',  ( 3.690901012716612800E-015, 1.000000000000000000, 0.0000000000000000000 ) ) ;
#405 = DIRECTION ( 'NONE',  ( 1.000000000000000000, -3.491481338843133400E-015, -1.548860246407875200E-016 ) ) ;
#406 = AXIS2_PLACEMENT_3D ( 'NONE', #2819, #1598, #613 ) ;
#407 = EDGE_CURVE ( 'NONE', #2270, #2008, #787, .T. ) ;
#408 = ORIENTED_EDGE ( 'NONE', *, *, #884, .T. ) ;
#409 = VECTOR ( 'NONE', #2839, 1000.000000000000000 ) ;
#410 = DIRECTION ( 'NONE',  ( -1.000000000000000000, -0.0000000000000000000, -0.0000000000000000000 ) ) ;
#411 = LINE ( 'NONE', #1215, #2882 ) ;
#412 = EDGE_CURVE ( 'NONE', #1316, #512, #34, .T. ) ;
#413 = PLANE ( 'NONE',  #406 ) ;
#414 = CARTESIAN_POINT ( 'NONE',  ( 2.150000000000007900, 4.700000000000004600, 1.000000000000001300 ) ) ;
#415 = VERTEX_POINT ( 'NONE', #1672 ) ;
#416 = CYLINDRICAL_SURFACE ( 'NONE', #1704, 0.1499999999999999700 ) ;
#417 = ADVANCED_FACE ( 'NONE', ( #2326 ), #1603, .T. ) ;
#418 = ORIENTED_EDGE ( 'NONE', *, *, #305, .F. ) ;
#419 = CARTESIAN_POINT ( 'NONE',  ( -1.989999999999999500, 4.850000000000005000, -1.000000000000001300 ) ) ;
#420 = ORIENTED_EDGE ( 'NONE', *, *, #459, .F. ) ;
#421 = VERTEX_POINT ( 'NONE', #718 ) ;
#422 = FACE_OUTER_BOUND ( 'NONE', #1420, .T. ) ;
#423 = AXIS2_PLACEMENT_3D ( 'NONE', #2686, #1742, #1965 ) ;
#424 = EDGE_CURVE ( 'NONE', #92, #1782, #1686, .T. ) ;
#425 = LINE ( 'NONE', #2742, #2853 ) ;
#426 = CARTESIAN_POINT ( 'NONE',  ( -3.399999999999998600, 0.1499999999999999900, -1.600000000000001400 ) ) ;
#427 = DIRECTION ( 'NONE',  ( 0.0000000000000000000, 1.000000000000000000, 0.0000000000000000000 ) ) ;
#428 = ORIENTED_EDGE ( 'NONE', *, *, #81, .T. ) ;
#429 = FACE_OUTER_BOUND ( 'NONE', #435, .T. ) ;
#430 = AXIS2_PLACEMENT_3D ( 'NONE', #873, #2545, #193 ) ;
#431 = PLANE ( 'NONE',  #2922 ) ;
#432 = DIRECTION ( 'NONE',  ( -0.0000000000000000000, 1.000000000000000000, -0.0000000000000000000 ) ) ;
#433 = EDGE_LOOP ( 'NONE', ( #436, #671, #1927, #3024 ) ) ;
#434 = ADVANCED_FACE ( 'NONE', ( #2887 ), #2722, .F. ) ;
#435 = EDGE_LOOP ( 'NONE', ( #3134, #354, #2200, #1812 ) ) ;
#436 = ORIENTED_EDGE ( 'NONE', *, *, #1286, .F. ) ;
#437 = DIRECTION ( 'NONE',  ( -0.7193398003386494200, 0.0000000000000000000, 0.6946583704589991400 ) ) ;
#438 = ORIENTED_EDGE ( 'NONE', *, *, #892, .F. ) ;
#439 = CARTESIAN_POINT ( 'NONE',  ( -2.289999999999999100, 4.700000000000000200, 1.100000000000001900 ) ) ;
#440 = CARTESIAN_POINT ( 'NONE',  ( 2.250000000000008400, 0.1499999999999959700, 1.600000000000001200 ) ) ;
#441 = VERTEX_POINT ( 'NONE', #1663 ) ;
#442 = PLANE ( 'NONE',  #621 ) ;
#443 = EDGE_CURVE ( 'NONE', #90, #920, #1531, .T. ) ;
#444 = ORIENTED_EDGE ( 'NONE', *, *, #1361, .F. ) ;
#445 = PLANE ( 'NONE',  #2389 ) ;
#446 = CARTESIAN_POINT ( 'NONE',  ( 3.399999999999998600, 4.700000000000000200, 1.753182399049025800 ) ) ;
#447 = LINE ( 'NONE', #2757, #1335 ) ;
#448 = DIRECTION ( 'NONE',  ( -0.0000000000000000000, 1.000000000000000000, -0.0000000000000000000 ) ) ;
#449 = AXIS2_PLACEMENT_3D ( 'NONE', #503, #1237, #2398 ) ;
#450 = AXIS2_PLACEMENT_3D ( 'NONE', #1040, #2963, #2265 ) ;
#451 = ADVANCED_FACE ( 'NONE', ( #219 ), #1915, .T. ) ;
#452 = VECTOR ( 'NONE', #1133, 1000.000000000000000 ) ;
#453 = FACE_BOUND ( 'NONE', #1227, .T. ) ;
#454 = CARTESIAN_POINT ( 'NONE',  ( -2.989976313806971000, 2.525000000000000400, -2.149137670210657700 ) ) ;
#455 = DIRECTION ( 'NONE',  ( -0.7193398003386440900, 0.0000000000000000000, 0.6946583704590045800 ) ) ;
#456 = CARTESIAN_POINT ( 'NONE',  ( 1.990000000000008200, 4.850000000000005000, 1.000000000000001300 ) ) ;
#457 = EDGE_LOOP ( 'NONE', ( #501, #1270, #2684, #1705 ) ) ;
#458 = FACE_OUTER_BOUND ( 'NONE', #2025, .T. ) ;
#459 = EDGE_CURVE ( 'NONE', #2033, #2787, #2095, .T. ) ;
#460 = CARTESIAN_POINT ( 'NONE',  ( 3.398999999999998200, 0.1510000000000000000, 1.600000000000001200 ) ) ;
#461 = CARTESIAN_POINT ( 'NONE',  ( -3.399999999999998100, 4.700000000000000200, 1.100000000000000500 ) ) ;
#462 = ORIENTED_EDGE ( 'NONE', *, *, #1218, .T. ) ;
#463 = LINE ( 'NONE', #1000, #2547 ) ;
#464 = DIRECTION ( 'NONE',  ( 1.000000000000000000, 0.0000000000000000000, 0.0000000000000000000 ) ) ;
#465 = DIRECTION ( 'NONE',  ( 0.0000000000000000000, 0.0000000000000000000, 1.000000000000000000 ) ) ;
#466 = VECTOR ( 'NONE', #1861, 1000.000000000000000 ) ;
#467 = EDGE_CURVE ( 'NONE', #730, #865, #1498, .T. ) ;
#468 = CARTESIAN_POINT ( 'NONE',  ( -2.518703229104901600, 2.525000000000000400, -2.812765336628653600 ) ) ;
#469 = ORIENTED_EDGE ( 'NONE', *, *, #2660, .F. ) ;
#470 = FACE_OUTER_BOUND ( 'NONE', #2324, .T. ) ;
#471 = DIRECTION ( 'NONE',  ( -0.0000000000000000000, -0.0000000000000000000, -1.000000000000000000 ) ) ;
#472 = ORIENTED_EDGE ( 'NONE', *, *, #2981, .F. ) ;
#473 = CARTESIAN_POINT ( 'NONE',  ( -2.250000000000008900, -4.016180776319193500E-015, 1.350000000000001200 ) ) ;
#474 = ORIENTED_EDGE ( 'NONE', *, *, #18, .F. ) ;
#475 = AXIS2_PLACEMENT_3D ( 'NONE', #241, #2257, #2498 ) ;
#476 = DIRECTION ( 'NONE',  ( -0.0000000000000000000, 1.000000000000000000, -0.0000000000000000000 ) ) ;
#477 = VERTEX_POINT ( 'NONE', #2411 ) ;
#478 = EDGE_CURVE ( 'NONE', #3120, #3114, #858, .T. ) ;
#479 = EDGE_LOOP ( 'NONE', ( #2772, #1496, #1266, #121 ) ) ;
#480 = DIRECTION ( 'NONE',  ( -0.7193398003386444200, 0.0000000000000000000, 0.6946583704590043600 ) ) ;
#481 = CARTESIAN_POINT ( 'NONE',  ( -2.250000000000008900, -4.016180776319193500E-015, 1.600000000000001400 ) ) ;
#482 = ORIENTED_EDGE ( 'NONE', *, *, #3028, .F. ) ;
#483 = CARTESIAN_POINT ( 'NONE',  ( 1.916324162696215500, 2.525000000000000800, 1.613160937119324300 ) ) ;
#484 = ORIENTED_EDGE ( 'NONE', *, *, #2076, .F. ) ;
#485 = EDGE_CURVE ( 'NONE', #2405, #128, #150, .T. ) ;
#486 = VECTOR ( 'NONE', #714, 1000.000000000000000 ) ;
#487 = DIRECTION ( 'NONE',  ( -0.6946583704590041400, 2.563915283019200900E-016, -0.7193398003386446400 ) ) ;
#488 = DIRECTION ( 'NONE',  ( -0.7193398003386495300, 0.0000000000000000000, 0.6946583704589990300 ) ) ;
#489 = VECTOR ( 'NONE', #2170, 1000.000000000000000 ) ;
#490 = AXIS2_PLACEMENT_3D ( 'NONE', #719, #936, #2595 ) ;
#491 = CARTESIAN_POINT ( 'NONE',  ( -2.500000000000001300, -9.406912352095130100, 3.249999999999997800 ) ) ;
#492 = CIRCLE ( 'NONE', #279, 0.1510000000000000800 ) ;
#493 = DIRECTION ( 'NONE',  ( 3.491481338843133000E-015, -1.000000000000000000, -0.0000000000000000000 ) ) ;
#494 = FACE_OUTER_BOUND ( 'NONE', #2600, .T. ) ;
#495 = EDGE_LOOP ( 'NONE', ( #1406, #1662, #48, #12 ) ) ;
#496 = CIRCLE ( 'NONE', #1187, 0.8999999999999998000 ) ;
#497 = CARTESIAN_POINT ( 'NONE',  ( -3.399999999999999000, 4.850000000000000500, 1.000000000000001300 ) ) ;
#498 = ORIENTED_EDGE ( 'NONE', *, *, #2633, .T. ) ;
#499 = VECTOR ( 'NONE', #1558, 1000.000000000000000 ) ;
#500 = CARTESIAN_POINT ( 'NONE',  ( -2.250000000000008400, 0.1499999999999959700, -1.600000000000001400 ) ) ;
#501 = ORIENTED_EDGE ( 'NONE', *, *, #1050, .F. ) ;
#502 = LINE ( 'NONE', #3132, #1729 ) ;
#503 = CARTESIAN_POINT ( 'NONE',  ( -1.989999999999998200, 4.700000000000000200, -1.100000000000002500 ) ) ;
#504 = ORIENTED_EDGE ( 'NONE', *, *, #2458, .F. ) ;
#505 = VECTOR ( 'NONE', #2233, 1000.000000000000000 ) ;
#506 = CARTESIAN_POINT ( 'NONE',  ( -3.549999999999998500, 0.1510000000000000200, 1.100000000000001400 ) ) ;
#507 = ORIENTED_EDGE ( 'NONE', *, *, #333, .T. ) ;
#508 = AXIS2_PLACEMENT_3D ( 'NONE', #2410, #1213, #2648 ) ;
#509 = AXIS2_PLACEMENT_3D ( 'NONE', #1642, #690, #679 ) ;
#510 = DIRECTION ( 'NONE',  ( -1.971276677246370000E-016, -0.0000000000000000000, -1.000000000000000000 ) ) ;
#511 = ORIENTED_EDGE ( 'NONE', *, *, #1102, .T. ) ;
#512 = VERTEX_POINT ( 'NONE', #454 ) ;
#513 = AXIS2_PLACEMENT_3D ( 'NONE', #2237, #2221, #1278 ) ;
#514 = ORIENTED_EDGE ( 'NONE', *, *, #3028, .T. ) ;
#515 = ORIENTED_EDGE ( 'NONE', *, *, #2196, .F. ) ;
#516 = CARTESIAN_POINT ( 'NONE',  ( -3.399999999999998100, 4.700000000000000200, 1.100000000000000500 ) ) ;
#517 = LINE ( 'NONE', #1557, #2391 ) ;
#518 = DIRECTION ( 'NONE',  ( 0.0000000000000000000, 1.000000000000000000, -3.755563391555108800E-032 ) ) ;
#519 = CARTESIAN_POINT ( 'NONE',  ( -3.400000000000001700, 4.700000000000000200, -1.753182399049027800 ) ) ;
#520 = LINE ( 'NONE', #2089, #1031 ) ;
#521 = EDGE_CURVE ( 'NONE', #200, #2599, #73, .T. ) ;
#522 = DIRECTION ( 'NONE',  ( -1.000000000000000000, 6.982962677686266700E-015, 0.0000000000000000000 ) ) ;
#523 = VERTEX_POINT ( 'NONE', #2649 ) ;
#524 = LINE ( 'NONE', #769, #1226 ) ;
#525 = AXIS2_PLACEMENT_3D ( 'NONE', #201, #1197, #991 ) ;
#526 = EDGE_LOOP ( 'NONE', ( #571, #1483, #757, #2586 ) ) ;
#527 = LINE ( 'NONE', #650, #3039 ) ;
#528 = FACE_OUTER_BOUND ( 'NONE', #268, .T. ) ;
#529 = CARTESIAN_POINT ( 'NONE',  ( 1.916324162696220900, 2.525000000000000400, 1.613160937119315900 ) ) ;
#530 = DIRECTION ( 'NONE',  ( -0.0000000000000000000, 0.0000000000000000000, 1.000000000000000000 ) ) ;
#531 = EDGE_LOOP ( 'NONE', ( #1172, #1580, #1418, #318, #785, #2865, #2070 ) ) ;
#532 = LINE ( 'NONE', #2914, #790 ) ;
#533 = ORIENTED_EDGE ( 'NONE', *, *, #646, .F. ) ;
#534 = PLANE ( 'NONE',  #450 ) ;
#535 = FACE_OUTER_BOUND ( 'NONE', #1611, .T. ) ;
#536 = PLANE ( 'NONE',  #58 ) ;
#537 = ORIENTED_EDGE ( 'NONE', *, *, #467, .T. ) ;
#538 = DIRECTION ( 'NONE',  ( -0.0000000000000000000, -1.000000000000000000, -0.0000000000000000000 ) ) ;
#539 = LINE ( 'NONE', #791, #2335 ) ;
#540 = PLANE ( 'NONE',  #780 ) ;
#541 = DIRECTION ( 'NONE',  ( 0.6946583704589991400, 1.205040183019048300E-018, 0.7193398003386493000 ) ) ;
#542 = VERTEX_POINT ( 'NONE', #3110 ) ;
#543 = CIRCLE ( 'NONE', #35, 0.1499999999999999700 ) ;
#544 = PLANE ( 'NONE',  #1634 ) ;
#545 = DIRECTION ( 'NONE',  ( 1.000000000000000000, -3.491481338843133400E-015, -1.548860246407875200E-016 ) ) ;
#546 = EDGE_CURVE ( 'NONE', #1864, #2333, #1261, .T. ) ;
#547 = ORIENTED_EDGE ( 'NONE', *, *, #3083, .F. ) ;
#548 = AXIS2_PLACEMENT_3D ( 'NONE', #1129, #2074, #2066 ) ;
#549 = ORIENTED_EDGE ( 'NONE', *, *, #1241, .T. ) ;
#550 = DIRECTION ( 'NONE',  ( 0.0000000000000000000, -1.000000000000000000, -0.0000000000000000000 ) ) ;
#551 = CARTESIAN_POINT ( 'NONE',  ( -1.916324162696223300, 2.525000000000000400, -1.613160937119318100 ) ) ;
#552 = ORIENTED_EDGE ( 'NONE', *, *, #2103, .F. ) ;
#553 = PLANE ( 'NONE',  #1552 ) ;
#554 = PLANE ( 'NONE',  #2697 ) ;
#555 = ORIENTED_EDGE ( 'NONE', *, *, #305, .T. ) ;
#556 = EDGE_CURVE ( 'NONE', #512, #1316, #2579, .T. ) ;
#557 = CARTESIAN_POINT ( 'NONE',  ( -2.589999999999998100, 4.700000000000000200, 1.100000000000000100 ) ) ;
#558 = CARTESIAN_POINT ( 'NONE',  ( 3.398999999999998700, -5.585897485586812700E-019, 1.600000000000001200 ) ) ;
#559 = VECTOR ( 'NONE', #147, 1000.000000000000000 ) ;
#560 = DIRECTION ( 'NONE',  ( -0.0000000000000000000, -0.0000000000000000000, 1.000000000000000000 ) ) ;
#561 = PRODUCT ( 'SPM6550CT-R33L', 'SPM6550CT-R33L', '', ( #3047 ) ) ;
#562 = DIRECTION ( 'NONE',  ( 0.0000000000000000000, 1.000000000000000000, 0.0000000000000000000 ) ) ;
#563 = PLANE ( 'NONE',  #1311 ) ;
#564 = FACE_OUTER_BOUND ( 'NONE', #526, .T. ) ;
#565 = DIRECTION ( 'NONE',  ( 0.7193398003386493000, 0.0000000000000000000, -0.6946583704589993600 ) ) ;
#566 = FACE_OUTER_BOUND ( 'NONE', #2711, .T. ) ;
#567 = LINE ( 'NONE', #2254, #2361 ) ;
#568 = PRESENTATION_LAYER_ASSIGNMENT (  '', '', ( #2039 ) ) ;
#569 = EDGE_CURVE ( 'NONE', #2959, #830, #1946, .T. ) ;
#570 = CARTESIAN_POINT ( 'NONE',  ( 2.310000000000007600, 4.850000000000003200, -1.000000000000001300 ) ) ;
#571 = ORIENTED_EDGE ( 'NONE', *, *, #1652, .T. ) ;
#572 = CARTESIAN_POINT ( 'NONE',  ( 2.000000000000008900, 0.1499999999999951100, -1.100000000000001400 ) ) ;
#573 = ORIENTED_EDGE ( 'NONE', *, *, #1451, .F. ) ;
#574 = CIRCLE ( 'NONE', #1756, 0.2499999999999997800 ) ;
#575 = DIRECTION ( 'NONE',  ( -0.6946583704589997000, 0.0000000000000000000, -0.7193398003386487500 ) ) ;
#576 = DIRECTION ( 'NONE',  ( 0.0000000000000000000, 0.0000000000000000000, 1.000000000000000000 ) ) ;
#577 = DIRECTION ( 'NONE',  ( 0.7193398003386495300, 0.0000000000000000000, -0.6946583704589990300 ) ) ;
#578 = EDGE_LOOP ( 'NONE', ( #1840, #1257, #1204, #1357 ) ) ;
#579 = EDGE_CURVE ( 'NONE', #155, #151, #1004, .T. ) ;
#580 = FACE_OUTER_BOUND ( 'NONE', #2840, .T. ) ;
#581 = ADVANCED_FACE ( 'NONE', ( #747 ), #2918, .T. ) ;
#582 = DIRECTION ( 'NONE',  ( 0.0000000000000000000, 0.0000000000000000000, 1.000000000000000000 ) ) ;
#583 = VERTEX_POINT ( 'NONE', #2706 ) ;
#584 = FACE_OUTER_BOUND ( 'NONE', #397, .T. ) ;
#585 = DIRECTION ( 'NONE',  ( -0.0000000000000000000, -0.0000000000000000000, 1.000000000000000000 ) ) ;
#586 = CARTESIAN_POINT ( 'NONE',  ( 3.399999999999999000, 4.850000000000000500, 1.000000000000001300 ) ) ;
#587 = CARTESIAN_POINT ( 'NONE',  ( 1.989999999999999100, 4.700000000000005500, 1.000000000000001300 ) ) ;
#588 = CARTESIAN_POINT ( 'NONE',  ( 2.245354104976212000, -2.277411492777083900, 3.076735517403071300 ) ) ;
#589 = ORIENTED_EDGE ( 'NONE', *, *, #2385, .F. ) ;
#590 = ORIENTED_EDGE ( 'NONE', *, *, #1438, .F. ) ;
#591 = AXIS2_PLACEMENT_3D ( 'NONE', #1017, #1715, #1998 ) ;
#592 = EDGE_CURVE ( 'NONE', #2366, #2891, #932, .T. ) ;
#593 = CARTESIAN_POINT ( 'NONE',  ( 2.589999999999998500, 5.000000000000000000, -1.099999999999999600 ) ) ;
#594 = ORIENTED_EDGE ( 'NONE', *, *, #2912, .T. ) ;
#595 = DIRECTION ( 'NONE',  ( -1.000000000000000000, 0.0000000000000000000, 0.0000000000000000000 ) ) ;
#596 = MECHANICAL_DESIGN_GEOMETRIC_PRESENTATION_REPRESENTATION (  '', ( #2039 ), #2763 ) ;
#597 = VERTEX_POINT ( 'NONE', #23 ) ;
#598 = ADVANCED_FACE ( 'NONE', ( #993 ), #30, .T. ) ;
#599 = DIRECTION ( 'NONE',  ( -0.0000000000000000000, 1.000000000000000000, -0.0000000000000000000 ) ) ;
#600 = ORIENTED_EDGE ( 'NONE', *, *, #1826, .F. ) ;
#601 = CARTESIAN_POINT ( 'NONE',  ( 2.250000000000008400, 0.1499999999999959700, -1.350000000000001400 ) ) ;
#602 =( LENGTH_UNIT ( ) NAMED_UNIT ( * ) SI_UNIT ( .MILLI., .METRE. ) );
#603 = VECTOR ( 'NONE', #818, 1000.000000000000000 ) ;
#604 = FACE_OUTER_BOUND ( 'NONE', #531, .T. ) ;
#605 = EDGE_CURVE ( 'NONE', #111, #2779, #1455, .T. ) ;
#606 = CARTESIAN_POINT ( 'NONE',  ( 5.237222008265113200E-016, -1.187201378871627400E-014, -1.600000000000001400 ) ) ;
#607 = PRESENTATION_STYLE_ASSIGNMENT (( #349 ) ) ;
#608 = CARTESIAN_POINT ( 'NONE',  ( -2.245354104976215100, 4.700000000000000200, -3.076735517403073500 ) ) ;
#609 = DIRECTION ( 'NONE',  ( -1.000000000000000000, -3.491481338843133400E-015, -1.548860246407875200E-016 ) ) ;
#610 = VERTEX_POINT ( 'NONE', #4 ) ;
#611 = VECTOR ( 'NONE', #1395, 1000.000000000000000 ) ;
#612 = EDGE_CURVE ( 'NONE', #3012, #2701, #2011, .T. ) ;
#613 = DIRECTION ( 'NONE',  ( -1.000000000000000000, 0.0000000000000000000, 0.0000000000000000000 ) ) ;
#614 = DIRECTION ( 'NONE',  ( -1.000000000000000000, 5.421010862427523000E-015, 0.0000000000000000000 ) ) ;
#615 = DIRECTION ( 'NONE',  ( -0.0000000000000000000, 1.000000000000000000, -0.0000000000000000000 ) ) ;
#616 = ORIENTED_EDGE ( 'NONE', *, *, #1251, .T. ) ;
#617 = LINE ( 'NONE', #2535, #2804 ) ;
#618 = VECTOR ( 'NONE', #1180, 1000.000000000000000 ) ;
#619 = ADVANCED_FACE ( 'NONE', ( #2463 ), #655, .F. ) ;
#620 = VERTEX_POINT ( 'NONE', #1514 ) ;
#621 = AXIS2_PLACEMENT_3D ( 'NONE', #37, #2639, #1923 ) ;
#622 = DIRECTION ( 'NONE',  ( -0.7193398003386495300, -1.247855638851895800E-018, 0.6946583704589990300 ) ) ;
#623 = VECTOR ( 'NONE', #2897, 1000.000000000000000 ) ;
#624 = CARTESIAN_POINT ( 'NONE',  ( -3.549999999999998500, 4.700000000000000200, 1.100000000000001400 ) ) ;
#625 = ORIENTED_EDGE ( 'NONE', *, *, #1770, .T. ) ;
#626 = DIRECTION ( 'NONE',  ( 0.0000000000000000000, 0.0000000000000000000, -1.000000000000000000 ) ) ;
#627 = FACE_OUTER_BOUND ( 'NONE', #198, .T. ) ;
#628 = PLANE ( 'NONE',  #1808 ) ;
#629 = ORIENTED_EDGE ( 'NONE', *, *, #2259, .T. ) ;
#630 = LINE ( 'NONE', #2709, #2932 ) ;
#631 =( NAMED_UNIT ( * ) SI_UNIT ( $, .STERADIAN. ) SOLID_ANGLE_UNIT ( ) );
#632 = SURFACE_STYLE_USAGE ( .BOTH. , #2100 ) ;
#633 = EDGE_CURVE ( 'NONE', #1782, #610, #1292, .T. ) ;
#634 = CLOSED_SHELL ( 'NONE', ( #1148, #1657, #1911, #1823 ) ) ;
#635 = CYLINDRICAL_SURFACE ( 'NONE', #2601, 0.1599999999999999800 ) ;
#636 = CARTESIAN_POINT ( 'NONE',  ( -3.400000000000001700, 0.1500000000000008300, -1.753182399049027800 ) ) ;
#637 = ORIENTED_EDGE ( 'NONE', *, *, #2171, .T. ) ;
#638 = DIRECTION ( 'NONE',  ( 1.000000000000000000, 6.982962677686266700E-015, 0.0000000000000000000 ) ) ;
#639 = ADVANCED_FACE ( 'NONE', ( #1179, #1381 ), #253, .F. ) ;
#640 = CARTESIAN_POINT ( 'NONE',  ( 2.806439149240359300, 2.525000000000000400, 2.534901988445052500 ) ) ;
#641 = VERTEX_POINT ( 'NONE', #1255 ) ;
#642 = DIRECTION ( 'NONE',  ( 1.000000000000000000, -0.0000000000000000000, 0.0000000000000000000 ) ) ;
#643 = SURFACE_STYLE_USAGE ( .BOTH. , #2991 ) ;
#644 = CARTESIAN_POINT ( 'NONE',  ( 2.518703229104900300, 2.525000000000000400, 2.812765336628652200 ) ) ;
#645 = AXIS2_PLACEMENT_3D ( 'NONE', #1058, #2732, #2747 ) ;
#646 = EDGE_CURVE ( 'NONE', #1864, #90, #1792, .T. ) ;
#647 = ORIENTED_EDGE ( 'NONE', *, *, #2509, .F. ) ;
#648 = ORIENTED_EDGE ( 'NONE', *, *, #748, .T. ) ;
#649 = AXIS2_PLACEMENT_3D ( 'NONE', #803, #1464, #2729 ) ;
#650 = CARTESIAN_POINT ( 'NONE',  ( -3.400000000000001700, -9.406912352095130100, -1.753182399049027800 ) ) ;
#651 = EDGE_CURVE ( 'NONE', #2553, #1615, #1217, .T. ) ;
#652 = DIRECTION ( 'NONE',  ( -1.000000000000000000, 3.469446951953617300E-015, 0.0000000000000000000 ) ) ;
#653 = DIRECTION ( 'NONE',  ( 0.0000000000000000000, 0.0000000000000000000, -1.000000000000000000 ) ) ;
#654 = LINE ( 'NONE', #1373, #452 ) ;
#655 = CYLINDRICAL_SURFACE ( 'NONE', #1088, 0.3000000000000001600 ) ;
#656 = CARTESIAN_POINT ( 'NONE',  ( 2.204060082831672800, 2.525000000000000800, 1.335297588935722800 ) ) ;
#657 = ADVANCED_FACE ( 'NONE', ( #2425 ), #62, .T. ) ;
#658 = LINE ( 'NONE', #1194, #997 ) ;
#659 = CARTESIAN_POINT ( 'NONE',  ( -3.549999999999998500, 0.3500000000000000300, -1.599999999999999000 ) ) ;
#660 =( LENGTH_UNIT ( ) NAMED_UNIT ( * ) SI_UNIT ( .MILLI., .METRE. ) );
#661 = ORIENTED_EDGE ( 'NONE', *, *, #1838, .F. ) ;
#662 = CIRCLE ( 'NONE', #836, 0.3000000000000001600 ) ;
#663 = EDGE_CURVE ( 'NONE', #523, #248, #1677, .T. ) ;
#664 = CARTESIAN_POINT ( 'NONE',  ( -3.399999999999998100, 5.000000000000000000, 1.100000000000000500 ) ) ;
#665 = ORIENTED_EDGE ( 'NONE', *, *, #2519, .T. ) ;
#666 = VECTOR ( 'NONE', #107, 1000.000000000000000 ) ;
#667 = AXIS2_PLACEMENT_3D ( 'NONE', #143, #1865, #1832 ) ;
#668 = PLANE ( 'NONE',  #2744 ) ;
#669 = EDGE_LOOP ( 'NONE', ( #982, #3087, #1533, #276 ) ) ;
#670 = VECTOR ( 'NONE', #3044, 1000.000000000000000 ) ;
#671 = ORIENTED_EDGE ( 'NONE', *, *, #275, .T. ) ;
#672 = ADVANCED_FACE ( 'NONE', ( #1971 ), #285, .T. ) ;
#673 = FACE_OUTER_BOUND ( 'NONE', #221, .T. ) ;
#674 = SURFACE_SIDE_STYLE ('',( #2657 ) ) ;
#675 = EDGE_LOOP ( 'NONE', ( #1119, #312, #1970, #625, #2982, #2877, #2109, #2720 ) ) ;
#676 = CARTESIAN_POINT ( 'NONE',  ( -1.989999999999998200, 5.000000000000000000, -1.100000000000002500 ) ) ;
#677 = EDGE_CURVE ( 'NONE', #772, #2270, #447, .T. ) ;
#678 = ORIENTED_EDGE ( 'NONE', *, *, #2224, .F. ) ;
#679 = DIRECTION ( 'NONE',  ( 3.491481338843133000E-015, 1.000000000000000000, 0.0000000000000000000 ) ) ;
#680 = ORIENTED_EDGE ( 'NONE', *, *, #2973, .T. ) ;
#681 = DIRECTION ( 'NONE',  ( -1.000000000000000000, 0.0000000000000000000, 2.141633920959023500E-015 ) ) ;
#682 = DIRECTION ( 'NONE',  ( 0.0000000000000000000, 0.0000000000000000000, 1.000000000000000000 ) ) ;
#683 = ORIENTED_EDGE ( 'NONE', *, *, #1777, .T. ) ;
#684 = EDGE_CURVE ( 'NONE', #92, #2225, #2086, .T. ) ;
#685 = APPLICATION_PROTOCOL_DEFINITION ( 'draft international standard', 'automotive_design', 1998, #2131 ) ;
#686 = ORIENTED_EDGE ( 'NONE', *, *, #2581, .T. ) ;
#687 = DIRECTION ( 'NONE',  ( -1.000000000000000000, 5.421010862427523000E-015, 0.0000000000000000000 ) ) ;
#688 = AXIS2_PLACEMENT_3D ( 'NONE', #3003, #3016, #1797 ) ;
#689 = ADVANCED_FACE ( 'NONE', ( #604 ), #563, .F. ) ;
#690 = DIRECTION ( 'NONE',  ( -1.000000000000000000, 3.491481338843133000E-015, 0.0000000000000000000 ) ) ;
#691 = DIRECTION ( 'NONE',  ( 1.000000000000000000, 0.0000000000000000000, -0.0000000000000000000 ) ) ;
#692 =( GEOMETRIC_REPRESENTATION_CONTEXT ( 3 ) GLOBAL_UNCERTAINTY_ASSIGNED_CONTEXT ( ( #733 ) ) GLOBAL_UNIT_ASSIGNED_CONTEXT ( ( #2069, #2794, #97 ) ) REPRESENTATION_CONTEXT ( 'NONE', 'WORKASPACE' ) );
#693 = DIRECTION ( 'NONE',  ( -1.000000000000000000, -3.491481338843130200E-015, 0.0000000000000000000 ) ) ;
#694 = CIRCLE ( 'NONE', #1786, 0.1599999999999999800 ) ;
#695 = EDGE_CURVE ( 'NONE', #80, #583, #251, .T. ) ;
#696 = DIRECTION ( 'NONE',  ( 0.0000000000000000000, -0.0000000000000000000, 1.000000000000000000 ) ) ;
#697 = DIRECTION ( 'NONE',  ( 0.0000000000000000000, 0.0000000000000000000, 1.000000000000000000 ) ) ;
#698 = VERTEX_POINT ( 'NONE', #326 ) ;
#699 = VECTOR ( 'NONE', #1546, 1000.000000000000000 ) ;
#700 = VERTEX_POINT ( 'NONE', #2490 ) ;
#701 = DIRECTION ( 'NONE',  ( 0.7193398003386446400, 0.0000000000000000000, -0.6946583704590040300 ) ) ;
#702 = LINE ( 'NONE', #859, #1722 ) ;
#703 = VECTOR ( 'NONE', #3123, 1000.000000000000000 ) ;
#704 = PLANE ( 'NONE',  #2848 ) ;
#705 = CARTESIAN_POINT ( 'NONE',  ( -2.250000000000008900, -4.016180776319193500E-015, -1.600000000000001400 ) ) ;
#706 = ORIENTED_EDGE ( 'NONE', *, *, #2688, .F. ) ;
#707 = ADVANCED_FACE ( 'NONE', ( #453, #673 ), #544, .T. ) ;
#708 = CARTESIAN_POINT ( 'NONE',  ( -3.400000000000001700, -9.406912352095130100, -1.753182399049027800 ) ) ;
#709 = AXIS2_PLACEMENT_3D ( 'NONE', #1916, #3103, #1670 ) ;
#710 = ORIENTED_EDGE ( 'NONE', *, *, #1973, .F. ) ;
#711 = EDGE_CURVE ( 'NONE', #2779, #2033, #1996, .T. ) ;
#712 = LINE ( 'NONE', #572, #1082 ) ;
#713 = DIRECTION ( 'NONE',  ( -1.971276677246366800E-016, -0.0000000000000000000, -1.000000000000000000 ) ) ;
#714 = DIRECTION ( 'NONE',  ( 1.000000000000000000, -0.0000000000000000000, 1.606225440719267700E-015 ) ) ;
#715 = ORIENTED_EDGE ( 'NONE', *, *, #677, .F. ) ;
#716 = CYLINDRICAL_SURFACE ( 'NONE', #2561, 0.3999999999999999700 ) ;
#717 = STYLED_ITEM ( 'NONE', ( #607 ), #2824 ) ;
#718 = CARTESIAN_POINT ( 'NONE',  ( -3.550000000000001600, 4.700000000000000200, -1.752757924232818200 ) ) ;
#719 = CARTESIAN_POINT ( 'NONE',  ( 2.289999999999999100, 5.000000000000000000, 1.100000000000001900 ) ) ;
#720 = FACE_OUTER_BOUND ( 'NONE', #1986, .T. ) ;
#721 = DIRECTION ( 'NONE',  ( 1.000000000000000000, 0.0000000000000000000, -0.0000000000000000000 ) ) ;
#722 = EDGE_CURVE ( 'NONE', #2905, #2151, #1773, .T. ) ;
#723 = VERTEX_POINT ( 'NONE', #1074 ) ;
#724 = CARTESIAN_POINT ( 'NONE',  ( -2.150000000000007900, 4.700000000000004600, 1.000000000000001300 ) ) ;
#725 = CARTESIAN_POINT ( 'NONE',  ( 3.399999999999998100, 5.000000000000000000, 1.100000000000000500 ) ) ;
#726 = ORIENTED_EDGE ( 'NONE', *, *, #1508, .F. ) ;
#727 = ADVANCED_FACE ( 'NONE', ( #980 ), #52, .T. ) ;
#728 = CARTESIAN_POINT ( 'NONE',  ( -1.989999999999999500, 4.700000000000000200, -1.100000000000002500 ) ) ;
#729 = CARTESIAN_POINT ( 'NONE',  ( -1.989999999999998200, 4.700000000000000200, -1.100000000000002500 ) ) ;
#730 = VERTEX_POINT ( 'NONE', #848 ) ;
#731 = PLANE ( 'NONE',  #2306 ) ;
#732 = EDGE_CURVE ( 'NONE', #1959, #2218, #1363, .T. ) ;
#733 = UNCERTAINTY_MEASURE_WITH_UNIT (LENGTH_MEASURE( 1.000000000000000100E-005 ), #2069, 'distance_accuracy_value', 'NONE');
#734 = ORIENTED_EDGE ( 'NONE', *, *, #2299, .F. ) ;
#735 = PLANE ( 'NONE',  #525 ) ;
#736 = DIRECTION ( 'NONE',  ( 1.000000000000000000, 0.0000000000000000000, 0.0000000000000000000 ) ) ;
#737 = DIRECTION ( 'NONE',  ( -0.0000000000000000000, 1.000000000000000000, -0.0000000000000000000 ) ) ;
#738 = PLANE ( 'NONE',  #1032 ) ;
#739 = AXIS2_PLACEMENT_3D ( 'NONE', #329, #1315, #1302 ) ;
#740 = FACE_OUTER_BOUND ( 'NONE', #103, .T. ) ;
#741 = DIRECTION ( 'NONE',  ( 3.491481338843133000E-015, -1.000000000000000000, -0.0000000000000000000 ) ) ;
#742 = CARTESIAN_POINT ( 'NONE',  ( 2.310000000000007600, 4.700000000000003700, 1.000000000000001300 ) ) ;
#743 = VECTOR ( 'NONE', #5, 1000.000000000000000 ) ;
#744 = ADVANCED_FACE ( 'NONE', ( #720 ), #554, .T. ) ;
#745 = CARTESIAN_POINT ( 'NONE',  ( -2.141155349407364700, 0.3500000000000000300, -2.968834547352276600 ) ) ;
#746 = ORIENTED_EDGE ( 'NONE', *, *, #2224, .T. ) ;
#747 = FACE_OUTER_BOUND ( 'NONE', #3005, .T. ) ;
#748 = EDGE_CURVE ( 'NONE', #1667, #938, #1700, .T. ) ;
#749 = CARTESIAN_POINT ( 'NONE',  ( 3.399999999999998100, 0.3499999999999992000, 1.100000000000000500 ) ) ;
#750 = DIRECTION ( 'NONE',  ( -1.000000000000000000, 0.0000000000000000000, -0.0000000000000000000 ) ) ;
#751 = ORIENTED_EDGE ( 'NONE', *, *, #350, .F. ) ;
#752 = FACE_OUTER_BOUND ( 'NONE', #1669, .T. ) ;
#753 = CARTESIAN_POINT ( 'NONE',  ( 1.989999999999998200, 4.700000000000000200, -1.100000000000002500 ) ) ;
#754 = CARTESIAN_POINT ( 'NONE',  ( -2.702240393671511100, 2.525000000000000400, -2.427001018394257400 ) ) ;
#755 = ORIENTED_EDGE ( 'NONE', *, *, #1205, .F. ) ;
#756 = CYLINDRICAL_SURFACE ( 'NONE', #688, 0.3000000000000001600 ) ;
#757 = ORIENTED_EDGE ( 'NONE', *, *, #967, .T. ) ;
#758 = CYLINDRICAL_SURFACE ( 'NONE', #2420, 0.2500000000000002200 ) ;
#759 = CARTESIAN_POINT ( 'NONE',  ( 1.989999999999998700, 5.000000000000000000, 1.100000000000002100 ) ) ;
#760 = AXIS2_PLACEMENT_3D ( 'NONE', #390, #380, #3076 ) ;
#761 = ORIENTED_EDGE ( 'NONE', *, *, #633, .F. ) ;
#762 = CIRCLE ( 'NONE', #140, 0.1599999999999999800 ) ;
#763 = ORIENTED_EDGE ( 'NONE', *, *, #2404, .F. ) ;
#764 = DIRECTION ( 'NONE',  ( -3.491481338843133000E-015, -1.000000000000000000, -0.0000000000000000000 ) ) ;
#765 = DIRECTION ( 'NONE',  ( -0.6946583704589989200, 0.0000000000000000000, -0.7193398003386496400 ) ) ;
#766 = CARTESIAN_POINT ( 'NONE',  ( 2.250000000000008900, -4.015203539669568600E-015, -1.600000000000001400 ) ) ;
#767 = ORIENTED_EDGE ( 'NONE', *, *, #967, .F. ) ;
#768 = ORIENTED_EDGE ( 'NONE', *, *, #989, .F. ) ;
#769 = CARTESIAN_POINT ( 'NONE',  ( 3.399999999999998100, 4.700000000000000200, 1.100000000000000500 ) ) ;
#770 = ORIENTED_EDGE ( 'NONE', *, *, #2171, .F. ) ;
#771 = CARTESIAN_POINT ( 'NONE',  ( -2.500000000000001300, 5.000000000000000000, 2.349999999999997900 ) ) ;
#772 = VERTEX_POINT ( 'NONE', #2767 ) ;
#773 = DIRECTION ( 'NONE',  ( -1.734723475976806500E-018, 1.000000000000000000, -4.044452883213194700E-032 ) ) ;
#774 = ORIENTED_EDGE ( 'NONE', *, *, #3048, .T. ) ;
#775 = AXIS2_PLACEMENT_3D ( 'NONE', #246, #2201, #2435 ) ;
#776 = EDGE_CURVE ( 'NONE', #802, #2553, #1317, .T. ) ;
#777 = SHAPE_DEFINITION_REPRESENTATION ( #834, #1674 ) ;
#778 = CARTESIAN_POINT ( 'NONE',  ( -3.400000000000001700, -2.277411492777087400, -1.752757924232818200 ) ) ;
#779 = CIRCLE ( 'NONE', #490, 0.3000000000000001600 ) ;
#780 = AXIS2_PLACEMENT_3D ( 'NONE', #2488, #2718, #1284 ) ;
#781 = LINE ( 'NONE', #1424, #2690 ) ;
#782 = DIRECTION ( 'NONE',  ( 0.7193398003386495300, 0.0000000000000000000, -0.6946583704589990300 ) ) ;
#783 = VECTOR ( 'NONE', #2983, 1000.000000000000000 ) ;
#784 = DIRECTION ( 'NONE',  ( 0.0000000000000000000, -1.000000000000000000, -0.0000000000000000000 ) ) ;
#785 = ORIENTED_EDGE ( 'NONE', *, *, #1352, .T. ) ;
#786 = CIRCLE ( 'NONE', #1153, 0.1510000000000000800 ) ;
#787 = LINE ( 'NONE', #742, #703 ) ;
#788 = DIRECTION ( 'NONE',  ( 0.0000000000000000000, 1.000000000000000000, 0.0000000000000000000 ) ) ;
#789 = ORIENTED_EDGE ( 'NONE', *, *, #633, .T. ) ;
#790 = VECTOR ( 'NONE', #471, 1000.000000000000000 ) ;
#791 = CARTESIAN_POINT ( 'NONE',  ( -3.398999999999998700, 0.0000000000000000000, -1.100000000000001400 ) ) ;
#792 = ORIENTED_EDGE ( 'NONE', *, *, #2557, .T. ) ;
#793 = MANIFOLD_SOLID_BREP ( 'Cut-Extrude2', #1145 ) ;
#794 = FACE_OUTER_BOUND ( 'NONE', #856, .T. ) ;
#795 = CARTESIAN_POINT ( 'NONE',  ( 2.204060082831680800, 2.525000000000000400, 1.335297588935716200 ) ) ;
#796 = ORIENTED_EDGE ( 'NONE', *, *, #2059, .T. ) ;
#797 = CYLINDRICAL_SURFACE ( 'NONE', #2407, 0.1499999999999999700 ) ;
#798 = PLANE ( 'NONE',  #2666 ) ;
#799 = ORIENTED_EDGE ( 'NONE', *, *, #556, .T. ) ;
#800 = AXIS2_PLACEMENT_3D ( 'NONE', #3140, #1191, #1202 ) ;
#801 = CARTESIAN_POINT ( 'NONE',  ( 3.503893413939307400, 4.700000000000000200, 1.861378234083952400 ) ) ;
#802 = VERTEX_POINT ( 'NONE', #812 ) ;
#803 = CARTESIAN_POINT ( 'NONE',  ( 3.398999999999998200, 0.1510000000000000000, 1.600000000000001200 ) ) ;
#804 = VERTEX_POINT ( 'NONE', #89 ) ;
#805 = EDGE_CURVE ( 'NONE', #321, #1757, #2899, .T. ) ;
#806 = ORIENTED_EDGE ( 'NONE', *, *, #1431, .F. ) ;
#807 = ORIENTED_EDGE ( 'NONE', *, *, #485, .F. ) ;
#808 = CARTESIAN_POINT ( 'NONE',  ( 3.399694658370457500, -2.277411492777083900, 1.753477264033155100 ) ) ;
#809 = DIRECTION ( 'NONE',  ( 0.0000000000000000000, 0.0000000000000000000, 1.000000000000000000 ) ) ;
#810 = EDGE_CURVE ( 'NONE', #2905, #128, #389, .T. ) ;
#811 = DIRECTION ( 'NONE',  ( 0.0000000000000000000, 0.0000000000000000000, 1.000000000000000000 ) ) ;
#812 = CARTESIAN_POINT ( 'NONE',  ( -3.400000000000001700, 4.700000000000000200, -1.752757924232818200 ) ) ;
#813 = FACE_OUTER_BOUND ( 'NONE', #1577, .T. ) ;
#814 = AXIS2_PLACEMENT_3D ( 'NONE', #2220, #765, #1725 ) ;
#815 = EDGE_CURVE ( 'NONE', #512, #200, #1200, .T. ) ;
#816 = CARTESIAN_POINT ( 'NONE',  ( -3.398999999999998700, -3.491481338843282200E-018, -1.600000000000001400 ) ) ;
#817 = VERTEX_POINT ( 'NONE', #2345 ) ;
#818 = DIRECTION ( 'NONE',  ( 1.000000000000000000, 0.0000000000000000000, 0.0000000000000000000 ) ) ;
#819 = DIRECTION ( 'NONE',  ( 1.000000000000000000, 3.690901012716612800E-015, -0.0000000000000000000 ) ) ;
#820 = CARTESIAN_POINT ( 'NONE',  ( -3.549999999999998500, 4.700000000000000200, 1.100000000000001400 ) ) ;
#821 = ORIENTED_EDGE ( 'NONE', *, *, #1589, .F. ) ;
#822 = VECTOR ( 'NONE', #1372, 1000.000000000000000 ) ;
#823 = ORIENTED_EDGE ( 'NONE', *, *, #1399, .T. ) ;
#824 = LINE ( 'NONE', #664, #1806 ) ;
#825 = EDGE_LOOP ( 'NONE', ( #2021, #823, #2197, #1568 ) ) ;
#826 = MANIFOLD_SOLID_BREP ( 'Boss-Extrude5', #1857 ) ;
#827 = PLANE ( 'NONE',  #2101 ) ;
#828 = CYLINDRICAL_SURFACE ( 'NONE', #2716, 0.0009999999999999972000 ) ;
#829 = DIRECTION ( 'NONE',  ( 1.000000000000000000, 0.0000000000000000000, 0.0000000000000000000 ) ) ;
#830 = VERTEX_POINT ( 'NONE', #2322 ) ;
#831 = DIRECTION ( 'NONE',  ( -1.000000000000000000, 5.421010862427523000E-015, 0.0000000000000000000 ) ) ;
#832 = CARTESIAN_POINT ( 'NONE',  ( -2.289999999999999100, 4.700000000000000200, 1.400000000000001900 ) ) ;
#833 = EDGE_CURVE ( 'NONE', #723, #804, #1276, .T. ) ;
#834 = PRODUCT_DEFINITION_SHAPE ( 'NONE', 'NONE',  #63 ) ;
#835 = ORIENTED_EDGE ( 'NONE', *, *, #1490, .F. ) ;
#836 = AXIS2_PLACEMENT_3D ( 'NONE', #1761, #70, #1306 ) ;
#837 = ORIENTED_EDGE ( 'NONE', *, *, #3007, .T. ) ;
#838 = ORIENTED_EDGE ( 'NONE', *, *, #1313, .F. ) ;
#839 = CARTESIAN_POINT ( 'NONE',  ( 3.549999999999998500, 4.700000000000000200, -1.100000000000001400 ) ) ;
#840 = DIRECTION ( 'NONE',  ( -3.491481338843133400E-015, -1.000000000000000000, -0.0000000000000000000 ) ) ;
#841 = CARTESIAN_POINT ( 'NONE',  ( -3.400000000000001700, 0.3500000000000000300, -1.753182399049027800 ) ) ;
#842 = ORIENTED_EDGE ( 'NONE', *, *, #1668, .F. ) ;
#843 = EDGE_CURVE ( 'NONE', #2194, #1114, #2190, .T. ) ;
#844 = CARTESIAN_POINT ( 'NONE',  ( -1.850000000000001600, 5.000000000000000000, -3.249999999999999600 ) ) ;
#845 = EDGE_LOOP ( 'NONE', ( #2267, #1572, #1065, #1375 ) ) ;
#846 = CARTESIAN_POINT ( 'NONE',  ( 2.250000000000008900, -4.006039441473986600E-015, 1.350000000000001200 ) ) ;
#847 = DIRECTION ( 'NONE',  ( -1.304604148160810300E-016, 0.0000000000000000000, 1.000000000000000000 ) ) ;
#848 = CARTESIAN_POINT ( 'NONE',  ( 2.589999999999999400, 4.700000000000000200, 1.099999999999999200 ) ) ;
#849 = LINE ( 'NONE', #766, #1716 ) ;
#850 = PLANE ( 'NONE',  #2330 ) ;
#851 = ADVANCED_FACE ( 'NONE', ( #908 ), #87, .T. ) ;
#852 = VERTEX_POINT ( 'NONE', #1122 ) ;
#853 = VECTOR ( 'NONE', #1563, 1000.000000000000000 ) ;
#854 = AXIS2_PLACEMENT_3D ( 'NONE', #1979, #2226, #1014 ) ;
#855 = CARTESIAN_POINT ( 'NONE',  ( 2.289999999999999100, 5.000000000000000000, 1.400000000000001900 ) ) ;
#856 = EDGE_LOOP ( 'NONE', ( #1312, #2093, #2294, #971 ) ) ;
#857 = LINE ( 'NONE', #106, #2057 ) ;
#858 = LINE ( 'NONE', #978, #1386 ) ;
#859 = CARTESIAN_POINT ( 'NONE',  ( -3.399999999999998600, 4.700000000000000200, -1.099999999999999600 ) ) ;
#860 = ORIENTED_EDGE ( 'NONE', *, *, #3068, .F. ) ;
#861 = FACE_OUTER_BOUND ( 'NONE', #2860, .T. ) ;
#862 = PLANE ( 'NONE',  #2263 ) ;
#863 = CARTESIAN_POINT ( 'NONE',  ( 2.150000000000007500, 4.700000000000004600, -1.000000000000001300 ) ) ;
#864 = CARTESIAN_POINT ( 'NONE',  ( 2.289999999999999100, 4.700000000000000200, 1.100000000000001900 ) ) ;
#865 = VERTEX_POINT ( 'NONE', #2055 ) ;
#866 = DIRECTION ( 'NONE',  ( 0.0000000000000000000, -1.000000000000000000, -0.0000000000000000000 ) ) ;
#867 = VERTEX_POINT ( 'NONE', #3018 ) ;
#868 = VECTOR ( 'NONE', #3137, 1000.000000000000000 ) ;
#869 = CARTESIAN_POINT ( 'NONE',  ( -3.398999999999998200, 0.1510000000000000000, 1.100000000000001400 ) ) ;
#870 = VERTEX_POINT ( 'NONE', #2799 ) ;
#871 = ADVANCED_FACE ( 'NONE', ( #2969 ), #635, .T. ) ;
#872 = LINE ( 'NONE', #3095, #196 ) ;
#873 = CARTESIAN_POINT ( 'NONE',  ( 3.399999999999998600, 4.700000000000000200, 1.752757924232816400 ) ) ;
#874 = ORIENTED_EDGE ( 'NONE', *, *, #333, .F. ) ;
#875 = CARTESIAN_POINT ( 'NONE',  ( 2.499999999999998700, 5.000000000000000000, -3.249999999999999600 ) ) ;
#876 = DIRECTION ( 'NONE',  ( 0.0000000000000000000, 0.0000000000000000000, -1.000000000000000000 ) ) ;
#877 = AXIS2_PLACEMENT_3D ( 'NONE', #3004, #2036, #2249 ) ;
#878 = EDGE_CURVE ( 'NONE', #641, #1945, #2110, .T. ) ;
#879 = ORIENTED_EDGE ( 'NONE', *, *, #350, .T. ) ;
#880 = PLANE ( 'NONE',  #323 ) ;
#881 = AXIS2_PLACEMENT_3D ( 'NONE', #2120, #1920, #455 ) ;
#882 = DIRECTION ( 'NONE',  ( 0.0000000000000000000, 0.0000000000000000000, 1.000000000000000000 ) ) ;
#883 = ORIENTED_EDGE ( 'NONE', *, *, #2483, .T. ) ;
#884 = EDGE_CURVE ( 'NONE', #2755, #2553, #235, .T. ) ;
#885 = DIRECTION ( 'NONE',  ( -1.000000000000000000, 3.469446951953617300E-015, 0.0000000000000000000 ) ) ;
#886 = CARTESIAN_POINT ( 'NONE',  ( 1.989999999999999500, 4.850000000000005000, -1.000000000000001300 ) ) ;
#887 = ADVANCED_FACE ( 'NONE', ( #2071 ), #2793, .F. ) ;
#888 = LINE ( 'NONE', #1828, #2424 ) ;
#889 = DIRECTION ( 'NONE',  ( -1.000000000000000000, 0.0000000000000000000, 0.0000000000000000000 ) ) ;
#890 = DIRECTION ( 'NONE',  ( -1.000000000000000000, -0.0000000000000000000, -0.0000000000000000000 ) ) ;
#891 = FILL_AREA_STYLE ('',( #2990 ) ) ;
#892 = EDGE_CURVE ( 'NONE', #2151, #2959, #543, .T. ) ;
#893 = DIRECTION ( 'NONE',  ( -1.734723475976806500E-018, 1.000000000000000000, -4.044452883213194700E-032 ) ) ;
#894 = DIRECTION ( 'NONE',  ( -3.491481338843133000E-015, -1.000000000000000000, 0.0000000000000000000 ) ) ;
#895 = CIRCLE ( 'NONE', #364, 0.3999999999999995800 ) ;
#896 = VECTOR ( 'NONE', #622, 999.9999999999998900 ) ;
#897 = ORIENTED_EDGE ( 'NONE', *, *, #398, .T. ) ;
#898 = LINE ( 'NONE', #2930, #1466 ) ;
#899 = DIRECTION ( 'NONE',  ( 3.469446951953616200E-015, -1.000000000000000000, -0.0000000000000000000 ) ) ;
#900 = ORIENTED_EDGE ( 'NONE', *, *, #3007, .F. ) ;
#901 = CIRCLE ( 'NONE', #2904, 0.1599999999999999800 ) ;
#902 = ADVANCED_FACE ( 'NONE', ( #2672 ), #2810, .F. ) ;
#903 = ORIENTED_EDGE ( 'NONE', *, *, #2264, .F. ) ;
#904 = LINE ( 'NONE', #749, #868 ) ;
#905 = PLANE ( 'NONE',  #2736 ) ;
#906 = EDGE_CURVE ( 'NONE', #2885, #2696, #872, .T. ) ;
#907 = EDGE_LOOP ( 'NONE', ( #391, #897, #913, #134 ) ) ;
#908 = FACE_OUTER_BOUND ( 'NONE', #2156, .T. ) ;
#909 = DIRECTION ( 'NONE',  ( 3.491481338843133000E-015, -1.000000000000000000, 0.0000000000000000000 ) ) ;
#910 = ORIENTED_EDGE ( 'NONE', *, *, #1903, .T. ) ;
#911 = DIRECTION ( 'NONE',  ( 0.0000000000000000000, 1.000000000000000000, 0.0000000000000000000 ) ) ;
#912 = ORIENTED_EDGE ( 'NONE', *, *, #2962, .T. ) ;
#913 = ORIENTED_EDGE ( 'NONE', *, *, #2155, .F. ) ;
#914 = CARTESIAN_POINT ( 'NONE',  ( -3.400000000000001700, -9.406912352095130100, 2.349999999999997900 ) ) ;
#915 = AXIS2_PLACEMENT_3D ( 'NONE', #311, #2503, #2524 ) ;
#916 = EDGE_CURVE ( 'NONE', #1355, #930, #2486, .T. ) ;
#917 = ORIENTED_EDGE ( 'NONE', *, *, #1719, .T. ) ;
#918 = ORIENTED_EDGE ( 'NONE', *, *, #2808, .T. ) ;
#919 = CARTESIAN_POINT ( 'NONE',  ( -2.500000000000001300, 0.1500000000000008300, 2.349999999999997900 ) ) ;
#920 = VERTEX_POINT ( 'NONE', #2838 ) ;
#921 = DIRECTION ( 'NONE',  ( -0.7193398003386493000, 0.0000000000000000000, 0.6946583704589991400 ) ) ;
#922 = DIRECTION ( 'NONE',  ( 3.491481338843133000E-015, -1.000000000000000000, 0.0000000000000000000 ) ) ;
#923 = CARTESIAN_POINT ( 'NONE',  ( -3.399999999999998600, 0.1510000000000000000, -1.600000000000001400 ) ) ;
#924 = CARTESIAN_POINT ( 'NONE',  ( -1.790086991167561700E-014, 4.700000000000012600, 0.0000000000000000000 ) ) ;
#925 = PLANE ( 'NONE',  #1682 ) ;
#926 = EDGE_CURVE ( 'NONE', #100, #2008, #762, .T. ) ;
#927 = LINE ( 'NONE', #2572, #1649 ) ;
#928 = VECTOR ( 'NONE', #2651, 1000.000000000000000 ) ;
#929 = ADVANCED_FACE ( 'NONE', ( #1126 ), #2114, .F. ) ;
#930 = VERTEX_POINT ( 'NONE', #2126 ) ;
#931 = LINE ( 'NONE', #1659, #2139 ) ;
#932 = LINE ( 'NONE', #795, #2879 ) ;
#933 = EDGE_CURVE ( 'NONE', #2594, #597, #2781, .T. ) ;
#934 = ORIENTED_EDGE ( 'NONE', *, *, #677, .T. ) ;
#935 = FACE_OUTER_BOUND ( 'NONE', #2975, .T. ) ;
#936 = DIRECTION ( 'NONE',  ( 0.0000000000000000000, 1.000000000000000000, -0.0000000000000000000 ) ) ;
#937 = ORIENTED_EDGE ( 'NONE', *, *, #2723, .F. ) ;
#938 = VERTEX_POINT ( 'NONE', #1637 ) ;
#939 = FACE_OUTER_BOUND ( 'NONE', #51, .T. ) ;
#940 = EDGE_LOOP ( 'NONE', ( #1544, #2113, #835, #2329 ) ) ;
#941 = DIRECTION ( 'NONE',  ( -1.000000000000000000, 3.690901012716612800E-015, 0.0000000000000000000 ) ) ;
#942 = ORIENTED_EDGE ( 'NONE', *, *, #695, .F. ) ;
#943 = CARTESIAN_POINT ( 'NONE',  ( -2.806439149240361500, 2.525000000000000400, -2.534901988445053900 ) ) ;
#944 = EDGE_LOOP ( 'NONE', ( #2531, #3092, #2791, #767, #2414, #2399 ) ) ;
#945 = DIRECTION ( 'NONE',  ( 1.000000000000000000, 0.0000000000000000000, -0.0000000000000000000 ) ) ;
#946 = CARTESIAN_POINT ( 'NONE',  ( 3.549999999999998500, 0.0000000000000000000, -1.600000000000001400 ) ) ;
#947 = EDGE_LOOP ( 'NONE', ( #1702, #2676, #1913, #2567 ) ) ;
#948 = DIRECTION ( 'NONE',  ( -1.000000000000000000, 0.0000000000000000000, 0.0000000000000000000 ) ) ;
#949 = VERTEX_POINT ( 'NONE', #1416 ) ;
#950 = CARTESIAN_POINT ( 'NONE',  ( -3.399999999999998600, 4.700000000000000200, -1.099999999999999600 ) ) ;
#951 = DIRECTION ( 'NONE',  ( -1.734723475976806500E-018, 1.000000000000000000, -4.044452883213194700E-032 ) ) ;
#952 = AXIS2_PLACEMENT_3D ( 'NONE', #724, #1484, #1952 ) ;
#953 = DIRECTION ( 'NONE',  ( -0.0000000000000000000, 1.000000000000000000, -0.0000000000000000000 ) ) ;
#954 = DIRECTION ( 'NONE',  ( 0.7193398003386442000, 0.0000000000000000000, -0.6946583704590045800 ) ) ;
#955 = DIRECTION ( 'NONE',  ( 0.0000000000000000000, 0.0000000000000000000, -1.000000000000000000 ) ) ;
#956 = VECTOR ( 'NONE', #809, 1000.000000000000000 ) ;
#957 = CARTESIAN_POINT ( 'NONE',  ( 2.000000000000009300, -4.878909776184770000E-015, 1.600000000000001200 ) ) ;
#958 = ADVANCED_FACE ( 'NONE', ( #1769 ), #2829, .T. ) ;
#959 = EDGE_CURVE ( 'NONE', #949, #1081, #2966, .T. ) ;
#960 = PLANE ( 'NONE',  #2704 ) ;
#961 = LINE ( 'NONE', #1239, #743 ) ;
#962 = DIRECTION ( 'NONE',  ( -0.6946583704589990300, -2.701526220240393100E-032, -0.7193398003386495300 ) ) ;
#963 = ORIENTED_EDGE ( 'NONE', *, *, #810, .F. ) ;
#964 = DIRECTION ( 'NONE',  ( 3.491481338843133000E-015, -1.000000000000000000, 0.0000000000000000000 ) ) ;
#965 = VECTOR ( 'NONE', #1207, 1000.000000000000000 ) ;
#966 = VECTOR ( 'NONE', #217, 1000.000000000000000 ) ;
#967 = EDGE_CURVE ( 'NONE', #1235, #224, #1994, .T. ) ;
#968 = VERTEX_POINT ( 'NONE', #1430 ) ;
#969 = PRESENTATION_STYLE_ASSIGNMENT (( #403 ) ) ;
#970 = AXIS2_PLACEMENT_3D ( 'NONE', #1766, #2272, #831 ) ;
#971 = ORIENTED_EDGE ( 'NONE', *, *, #1089, .T. ) ;
#972 = FACE_OUTER_BOUND ( 'NONE', #2073, .T. ) ;
#973 = DIRECTION ( 'NONE',  ( 0.6946583704590041400, -2.667062399387467600E-016, 0.7193398003386445300 ) ) ;
#974 = ADVANCED_FACE ( 'NONE', ( #429 ), #1540, .T. ) ;
#975 = LINE ( 'NONE', #2354, #2631 ) ;
#976 = AXIS2_PLACEMENT_3D ( 'NONE', #2910, #986, #2670 ) ;
#977 = CARTESIAN_POINT ( 'NONE',  ( 1.989999999999999500, 4.850000000000005000, 1.000000000000001300 ) ) ;
#978 = CARTESIAN_POINT ( 'NONE',  ( 3.399999999999998600, 0.0000000000000000000, 1.600000000000001400 ) ) ;
#979 = EDGE_LOOP ( 'NONE', ( #547, #2342, #1854, #2491 ) ) ;
#980 = FACE_OUTER_BOUND ( 'NONE', #2004, .T. ) ;
#981 = EDGE_CURVE ( 'NONE', #2903, #2939, #1658, .T. ) ;
#982 = ORIENTED_EDGE ( 'NONE', *, *, #2492, .T. ) ;
#983 = CARTESIAN_POINT ( 'NONE',  ( 5.237222008265113200E-016, -1.187201378871627400E-014, 0.0000000000000000000 ) ) ;
#984 = ORIENTED_EDGE ( 'NONE', *, *, #283, .T. ) ;
#985 = CARTESIAN_POINT ( 'NONE',  ( 3.549999999999998500, 0.3500000000000000300, 1.752757924232816400 ) ) ;
#986 = DIRECTION ( 'NONE',  ( 0.0000000000000000000, 0.0000000000000000000, -1.000000000000000000 ) ) ;
#987 = ORIENTED_EDGE ( 'NONE', *, *, #999, .T. ) ;
#988 = AXIS2_PLACEMENT_3D ( 'NONE', #983, #1210, #1442 ) ;
#989 = EDGE_CURVE ( 'NONE', #620, #870, #2068, .T. ) ;
#990 = ORIENTED_EDGE ( 'NONE', *, *, #1361, .T. ) ;
#991 = DIRECTION ( 'NONE',  ( -1.000000000000000000, 0.0000000000000000000, 0.0000000000000000000 ) ) ;
#992 = DIRECTION ( 'NONE',  ( 0.0000000000000000000, -0.0000000000000000000, 1.000000000000000000 ) ) ;
#993 = FACE_OUTER_BOUND ( 'NONE', #2339, .T. ) ;
#994 = CARTESIAN_POINT ( 'NONE',  ( 2.250000000000008400, 0.1499999999999959700, -1.600000000000001400 ) ) ;
#995 = CIRCLE ( 'NONE', #2685, 0.4000000000000001300 ) ;
#996 = DIRECTION ( 'NONE',  ( -3.491481338843133400E-015, 1.000000000000000000, 0.0000000000000000000 ) ) ;
#997 = VECTOR ( 'NONE', #1737, 1000.000000000000000 ) ;
#998 = FACE_OUTER_BOUND ( 'NONE', #301, .T. ) ;
#999 = EDGE_CURVE ( 'NONE', #700, #95, #2815, .T. ) ;
#1000 = CARTESIAN_POINT ( 'NONE',  ( 3.399999999999998600, 0.1510000000000000000, -1.600000000000001400 ) ) ;
#1001 = DIRECTION ( 'NONE',  ( 0.0000000000000000000, 1.000000000000000000, -0.0000000000000000000 ) ) ;
#1002 = ORIENTED_EDGE ( 'NONE', *, *, #892, .T. ) ;
#1003 = CIRCLE ( 'NONE', #1579, 0.1499999999999999700 ) ;
#1004 = LINE ( 'NONE', #2712, #2213 ) ;
#1005 = CARTESIAN_POINT ( 'NONE',  ( -1.989999999999999500, 4.850000000000005000, 1.000000000000001300 ) ) ;
#1006 = VECTOR ( 'NONE', #2970, 1000.000000000000000 ) ;
#1007 = EDGE_CURVE ( 'NONE', #1947, #128, #975, .T. ) ;
#1008 = CARTESIAN_POINT ( 'NONE',  ( 2.250000000000008900, -4.016180776319192700E-015, 1.350000000000001200 ) ) ;
#1009 = DIRECTION ( 'NONE',  ( 0.6946583704590041400, 4.921316762401864200E-018, 0.7193398003386446400 ) ) ;
#1010 = AXIS2_PLACEMENT_3D ( 'NONE', #315, #2278, #122 ) ;
#1011 = AXIS2_PLACEMENT_3D ( 'NONE', #142, #175, #1421 ) ;
#1012 = DIRECTION ( 'NONE',  ( 1.971276677246368100E-016, 0.0000000000000000000, 1.000000000000000000 ) ) ;
#1013 = ORIENTED_EDGE ( 'NONE', *, *, #2861, .F. ) ;
#1014 = DIRECTION ( 'NONE',  ( 0.0000000000000000000, 0.0000000000000000000, 1.000000000000000000 ) ) ;
#1015 = VECTOR ( 'NONE', #2937, 1000.000000000000000 ) ;
#1016 = ORIENTED_EDGE ( 'NONE', *, *, #579, .F. ) ;
#1017 = CARTESIAN_POINT ( 'NONE',  ( -2.150000000000007500, 4.700000000000004600, -1.000000000000001300 ) ) ;
#1018 = ORIENTED_EDGE ( 'NONE', *, *, #732, .F. ) ;
#1019 = ORIENTED_EDGE ( 'NONE', *, *, #15, .T. ) ;
#1020 = CARTESIAN_POINT ( 'NONE',  ( 3.549999999999998500, 0.3500000000000000300, 1.752757924232816400 ) ) ;
#1021 = ORIENTED_EDGE ( 'NONE', *, *, #1989, .T. ) ;
#1022 = DIRECTION ( 'NONE',  ( 0.0000000000000000000, 0.0000000000000000000, -1.000000000000000000 ) ) ;
#1023 = ORIENTED_EDGE ( 'NONE', *, *, #2602, .T. ) ;
#1024 = DIRECTION ( 'NONE',  ( -0.0000000000000000000, 1.000000000000000000, -0.0000000000000000000 ) ) ;
#1025 = CARTESIAN_POINT ( 'NONE',  ( -3.503893413939310500, 4.700000000000000200, -1.861378234083954400 ) ) ;
#1026 = ORIENTED_EDGE ( 'NONE', *, *, #2458, .T. ) ;
#1027 = AXIS2_PLACEMENT_3D ( 'NONE', #439, #476, #465 ) ;
#1028 = EDGE_CURVE ( 'NONE', #852, #3093, #1733, .T. ) ;
#1029 = FACE_OUTER_BOUND ( 'NONE', #3135, .T. ) ;
#1030 = DIRECTION ( 'NONE',  ( 0.0000000000000000000, 0.0000000000000000000, 1.000000000000000000 ) ) ;
#1031 = VECTOR ( 'NONE', #173, 1000.000000000000000 ) ;
#1032 = AXIS2_PLACEMENT_3D ( 'NONE', #461, #1177, #2393 ) ;
#1033 = CARTESIAN_POINT ( 'NONE',  ( -3.398999999999998200, 0.1510000000000000000, -1.600000000000001400 ) ) ;
#1034 = CARTESIAN_POINT ( 'NONE',  ( -1.990000000000007800, 4.850000000000005000, -1.000000000000001300 ) ) ;
#1035 = CARTESIAN_POINT ( 'NONE',  ( 2.000000000000009300, -4.878909776184770000E-015, -1.350000000000001400 ) ) ;
#1036 = EDGE_CURVE ( 'NONE', #2437, #92, #192, .T. ) ;
#1037 = ORIENTED_EDGE ( 'NONE', *, *, #1162, .T. ) ;
#1038 = LINE ( 'NONE', #2778, #1260 ) ;
#1039 = FACE_OUTER_BOUND ( 'NONE', #2636, .T. ) ;
#1040 = CARTESIAN_POINT ( 'NONE',  ( 3.549999999999998500, 0.0000000000000000000, 1.600000000000001400 ) ) ;
#1041 = DIRECTION ( 'NONE',  ( -0.0000000000000000000, -0.0000000000000000000, -1.000000000000000000 ) ) ;
#1042 = DIRECTION ( 'NONE',  ( -0.6946583704589990300, 0.0000000000000000000, -0.7193398003386495300 ) ) ;
#1043 = DIRECTION ( 'NONE',  ( 0.0000000000000000000, 0.0000000000000000000, -1.000000000000000000 ) ) ;
#1044 = ORIENTED_EDGE ( 'NONE', *, *, #1770, .F. ) ;
#1045 = FACE_OUTER_BOUND ( 'NONE', #979, .T. ) ;
#1046 = CARTESIAN_POINT ( 'NONE',  ( 2.289999999999998700, 4.700000000000000200, -1.100000000000002300 ) ) ;
#1047 = CARTESIAN_POINT ( 'NONE',  ( 2.000000000000009300, -4.878909776184770000E-015, 1.350000000000001200 ) ) ;
#1048 = CARTESIAN_POINT ( 'NONE',  ( 3.398999999999998200, 0.1510000000000000000, 1.100000000000001400 ) ) ;
#1049 = ORIENTED_EDGE ( 'NONE', *, *, #1905, .T. ) ;
#1050 = EDGE_CURVE ( 'NONE', #224, #3114, #1616, .T. ) ;
#1051 = LINE ( 'NONE', #1511, #1813 ) ;
#1052 = VERTEX_POINT ( 'NONE', #1463 ) ;
#1053 = PRESENTATION_STYLE_ASSIGNMENT (( #643 ) ) ;
#1054 = AXIS2_PLACEMENT_3D ( 'NONE', #3070, #1843, #1609 ) ;
#1055 = DIRECTION ( 'NONE',  ( -0.0000000000000000000, 0.0000000000000000000, 1.000000000000000000 ) ) ;
#1056 = CARTESIAN_POINT ( 'NONE',  ( 3.399999999999998600, 4.700000000000000200, 1.000000000000001300 ) ) ;
#1057 = CARTESIAN_POINT ( 'NONE',  ( -3.549999999999998500, 4.700000000000000200, 1.600000000000001400 ) ) ;
#1058 = CARTESIAN_POINT ( 'NONE',  ( -3.399000000000001400, 4.700000000000000200, -1.752757924232818200 ) ) ;
#1059 = CARTESIAN_POINT ( 'NONE',  ( -1.989999999999999500, 4.700000000000000200, -1.100000000000002500 ) ) ;
#1060 = VERTEX_POINT ( 'NONE', #228 ) ;
#1061 = VERTEX_POINT ( 'NONE', #1219 ) ;
#1062 = CARTESIAN_POINT ( 'NONE',  ( -1.850000000000001600, 0.1500000000000008300, -3.249999999999999600 ) ) ;
#1063 = DIRECTION ( 'NONE',  ( -1.000000000000000000, -3.491481338843130200E-015, 0.0000000000000000000 ) ) ;
#1064 = ORIENTED_EDGE ( 'NONE', *, *, #3002, .T. ) ;
#1065 = ORIENTED_EDGE ( 'NONE', *, *, #443, .T. ) ;
#1066 = CARTESIAN_POINT ( 'NONE',  ( -3.549999999999998500, 0.0000000000000000000, 1.600000000000001400 ) ) ;
#1067 = DIRECTION ( 'NONE',  ( -0.6946583704589989200, 0.0000000000000000000, -0.7193398003386496400 ) ) ;
#1068 = AXIS2_PLACEMENT_3D ( 'NONE', #1318, #1794, #2275 ) ;
#1069 = CARTESIAN_POINT ( 'NONE',  ( 3.398999999999998200, 4.700000000000000200, 1.752757924232816400 ) ) ;
#1070 = FACE_OUTER_BOUND ( 'NONE', #1428, .T. ) ;
#1071 = CARTESIAN_POINT ( 'NONE',  ( 2.310000000000008000, 4.850000000000003200, 1.000000000000001300 ) ) ;
#1072 = ORIENTED_EDGE ( 'NONE', *, *, #2835, .F. ) ;
#1073 = LINE ( 'NONE', #1553, #853 ) ;
#1074 = CARTESIAN_POINT ( 'NONE',  ( 3.399999999999998600, 5.000000000000000000, 1.753182399049025800 ) ) ;
#1075 = FILL_AREA_STYLE_COLOUR ( '', #1837 ) ;
#1076 = EDGE_LOOP ( 'NONE', ( #1279, #1409, #353, #665 ) ) ;
#1077 = ORIENTED_EDGE ( 'NONE', *, *, #1280, .F. ) ;
#1078 = ORIENTED_EDGE ( 'NONE', *, *, #732, .T. ) ;
#1079 = SPHERICAL_SURFACE ( 'NONE', #1269, 0.4000000000000001900 ) ;
#1080 = CARTESIAN_POINT ( 'NONE',  ( -2.310000000000007200, 4.700000000000003700, -1.000000000000001300 ) ) ;
#1081 = VERTEX_POINT ( 'NONE', #2422 ) ;
#1082 = VECTOR ( 'NONE', #3011, 1000.000000000000000 ) ;
#1083 = ADVANCED_FACE ( 'NONE', ( #2149 ), #1234, .F. ) ;
#1084 = ORIENTED_EDGE ( 'NONE', *, *, #1701, .T. ) ;
#1085 = FACE_OUTER_BOUND ( 'NONE', #266, .T. ) ;
#1086 = DIRECTION ( 'NONE',  ( -0.6946583704590040300, -2.460658381200472200E-018, -0.7193398003386446400 ) ) ;
#1087 = DIRECTION ( 'NONE',  ( -0.7193398003386496400, 0.0000000000000000000, 0.6946583704589989200 ) ) ;
#1088 = AXIS2_PLACEMENT_3D ( 'NONE', #2209, #1024, #2236 ) ;
#1089 = EDGE_CURVE ( 'NONE', #1782, #3120, #904, .T. ) ;
#1090 = PLANE ( 'NONE',  #2020 ) ;
#1091 = ORIENTED_EDGE ( 'NONE', *, *, #2186, .F. ) ;
#1092 = AXIS2_PLACEMENT_3D ( 'NONE', #1095, #1369, #1596 ) ;
#1093 = EDGE_LOOP ( 'NONE', ( #763, #2623, #2416, #616, #2485, #1956 ) ) ;
#1094 = CARTESIAN_POINT ( 'NONE',  ( 1.628588242560758100, 2.525000000000000800, 1.891024285302925500 ) ) ;
#1095 = CARTESIAN_POINT ( 'NONE',  ( -1.989999999999999500, 4.850000000000005000, 1.000000000000001300 ) ) ;
#1096 = ORIENTED_EDGE ( 'NONE', *, *, #3058, .T. ) ;
#1097 = DIRECTION ( 'NONE',  ( -3.491481338843133400E-015, 1.000000000000000000, -0.0000000000000000000 ) ) ;
#1098 =( NAMED_UNIT ( * ) PLANE_ANGLE_UNIT ( ) SI_UNIT ( $, .RADIAN. ) );
#1099 = DIRECTION ( 'NONE',  ( 1.000000000000000000, -0.0000000000000000000, 0.0000000000000000000 ) ) ;
#1100 = ORIENTED_EDGE ( 'NONE', *, *, #1905, .F. ) ;
#1101 = ADVANCED_FACE ( 'NONE', ( #470 ), #2165, .T. ) ;
#1102 = EDGE_CURVE ( 'NONE', #2293, #723, #2256, .T. ) ;
#1103 = VERTEX_POINT ( 'NONE', #2906 ) ;
#1104 = DIRECTION ( 'NONE',  ( -1.000000000000000000, 3.491481338843130200E-015, 0.0000000000000000000 ) ) ;
#1105 = LINE ( 'NONE', #1942, #2050 ) ;
#1106 = CARTESIAN_POINT ( 'NONE',  ( 3.399999999999998600, 4.700000000000000200, 0.0000000000000000000 ) ) ;
#1107 = CARTESIAN_POINT ( 'NONE',  ( -3.503893413939310500, 4.700000000000000200, -1.861378234083954400 ) ) ;
#1108 = VECTOR ( 'NONE', #2127, 1000.000000000000000 ) ;
#1109 = FILL_AREA_STYLE ('',( #1075 ) ) ;
#1110 = VECTOR ( 'NONE', #2096, 1000.000000000000000 ) ;
#1111 = LINE ( 'NONE', #2315, #1645 ) ;
#1112 = AXIS2_PLACEMENT_3D ( 'NONE', #1245, #2717, #1760 ) ;
#1113 = DIRECTION ( 'NONE',  ( -8.370912498736262500E-019, 1.000000000000000000, -8.668333646529716700E-019 ) ) ;
#1114 = VERTEX_POINT ( 'NONE', #500 ) ;
#1115 = VECTOR ( 'NONE', #3090, 1000.000000000000100 ) ;
#1116 = CARTESIAN_POINT ( 'NONE',  ( -2.289999999999999100, 5.000000000000000000, 1.100000000000001900 ) ) ;
#1117 = ADVANCED_FACE ( 'NONE', ( #273 ), #797, .T. ) ;
#1118 = DIRECTION ( 'NONE',  ( 0.7193398003386493000, -0.0000000000000000000, -0.6946583704589991400 ) ) ;
#1119 = ORIENTED_EDGE ( 'NONE', *, *, #55, .T. ) ;
#1120 = LINE ( 'NONE', #426, #2624 ) ;
#1121 = PLANE ( 'NONE',  #760 ) ;
#1122 = CARTESIAN_POINT ( 'NONE',  ( -2.000000000000009300, -4.889051111029976100E-015, 1.350000000000001200 ) ) ;
#1123 = EDGE_CURVE ( 'NONE', #2734, #772, #2374, .T. ) ;
#1124 = VECTOR ( 'NONE', #1698, 1000.000000000000000 ) ;
#1125 = PLANE ( 'NONE',  #1855 ) ;
#1126 = FACE_OUTER_BOUND ( 'NONE', #675, .T. ) ;
#1127 = VERTEX_POINT ( 'NONE', #2675 ) ;
#1128 = EDGE_CURVE ( 'NONE', #2787, #2468, #1697, .T. ) ;
#1129 = CARTESIAN_POINT ( 'NONE',  ( 2.250000000000008900, -4.015203539669568600E-015, -1.350000000000001400 ) ) ;
#1130 = CARTESIAN_POINT ( 'NONE',  ( -3.549999999999998500, 0.3500000000000000300, -1.099999999999999000 ) ) ;
#1131 = ORIENTED_EDGE ( 'NONE', *, *, #878, .T. ) ;
#1132 = CARTESIAN_POINT ( 'NONE',  ( -3.399000000000001400, -2.277411492777087400, -1.752757924232818200 ) ) ;
#1133 = DIRECTION ( 'NONE',  ( -1.734723475976806500E-018, 1.000000000000000000, -4.044452883213194700E-032 ) ) ;
#1134 = AXIS2_PLACEMENT_3D ( 'NONE', #2821, #1389, #1628 ) ;
#1135 = EDGE_CURVE ( 'NONE', #1103, #804, #1358, .T. ) ;
#1136 = ADVANCED_FACE ( 'NONE', ( #306 ), #2894, .T. ) ;
#1137 = CARTESIAN_POINT ( 'NONE',  ( 3.399694658370457500, 0.3499999999999987600, 1.753477264033155100 ) ) ;
#1138 = ORIENTED_EDGE ( 'NONE', *, *, #1265, .T. ) ;
#1139 = AXIS2_PLACEMENT_3D ( 'NONE', #2166, #951, #2610 ) ;
#1140 = ORIENTED_EDGE ( 'NONE', *, *, #1168, .F. ) ;
#1141 = EDGE_CURVE ( 'NONE', #2559, #2194, #3084, .T. ) ;
#1142 = ORIENTED_EDGE ( 'NONE', *, *, #394, .T. ) ;
#1143 = FILL_AREA_STYLE_COLOUR ( '', #2022 ) ;
#1144 = CARTESIAN_POINT ( 'NONE',  ( -2.500000000000001300, -9.406912352095130100, 2.349999999999997900 ) ) ;
#1145 = CLOSED_SHELL ( 'NONE', ( #2850, #1394, #2065, #214, #351, #2645, #2871, #2097, #1117, #3101, #1804, #1587, #2518, #958, #101, #2630, #3073, #1706, #2771, #118, #2565, #1083, #2340, #3060, #974, #871, #2195, #1873, #3029, #2383, #145, #1691, #2397, #2493, #1324, #2080, #1376, #2179, #1605 ) ) ;
#1146 = LINE ( 'NONE', #393, #28 ) ;
#1147 = DIRECTION ( 'NONE',  ( -1.734723475976806500E-018, 1.000000000000000000, -4.044452883213194700E-032 ) ) ;
#1148 = ADVANCED_FACE ( 'NONE', ( #584 ), #716, .T. ) ;
#1149 = AXIS2_PLACEMENT_3D ( 'NONE', #771, #2664, #992 ) ;
#1150 = EDGE_CURVE ( 'NONE', #1103, #3020, #2554, .T. ) ;
#1151 = CIRCLE ( 'NONE', #125, 0.001000000000000132700 ) ;
#1152 = LINE ( 'NONE', #844, #72 ) ;
#1153 = AXIS2_PLACEMENT_3D ( 'NONE', #1427, #2863, #1647 ) ;
#1154 = EDGE_LOOP ( 'NONE', ( #2145, #1734, #1142, #1448 ) ) ;
#1155 = LINE ( 'NONE', #2936, #623 ) ;
#1156 = CARTESIAN_POINT ( 'NONE',  ( -2.000000000000008900, 0.1499999999999951100, 1.350000000000001200 ) ) ;
#1157 = EDGE_LOOP ( 'NONE', ( #1481, #2079, #2388, #1138 ) ) ;
#1158 = DIRECTION ( 'NONE',  ( -0.6946583704589990300, 0.0000000000000000000, -0.7193398003386495300 ) ) ;
#1159 = ORIENTED_EDGE ( 'NONE', *, *, #579, .T. ) ;
#1160 = CARTESIAN_POINT ( 'NONE',  ( 0.0000000000000000000, 0.1499999999999999900, 0.0000000000000000000 ) ) ;
#1161 = DIRECTION ( 'NONE',  ( 0.0000000000000000000, 0.0000000000000000000, 1.000000000000000000 ) ) ;
#1162 = EDGE_CURVE ( 'NONE', #1516, #2137, #630, .T. ) ;
#1163 = EDGE_LOOP ( 'NONE', ( #2698, #2142 ) ) ;
#1164 = ADVANCED_FACE ( 'NONE', ( #2446 ), #1527, .T. ) ;
#1165 = LINE ( 'NONE', #816, #505 ) ;
#1166 = CARTESIAN_POINT ( 'NONE',  ( -3.549999999999998500, 4.699999999999999300, 1.000000000000001300 ) ) ;
#1167 = ORIENTED_EDGE ( 'NONE', *, *, #1969, .T. ) ;
#1168 = EDGE_CURVE ( 'NONE', #3126, #802, #2187, .T. ) ;
#1169 = ORIENTED_EDGE ( 'NONE', *, *, #1462, .T. ) ;
#1170 = ORIENTED_EDGE ( 'NONE', *, *, #1559, .F. ) ;
#1171 = AXIS2_PLACEMENT_3D ( 'NONE', #93, #3034, #1595 ) ;
#1172 = ORIENTED_EDGE ( 'NONE', *, *, #1150, .T. ) ;
#1173 = VERTEX_POINT ( 'NONE', #516 ) ;
#1174 = AXIS2_PLACEMENT_3D ( 'NONE', #1033, #1787, #314 ) ;
#1175 = EDGE_CURVE ( 'NONE', #2386, #249, #1165, .T. ) ;
#1176 = VECTOR ( 'NONE', #288, 1000.000000000000000 ) ;
#1177 = DIRECTION ( 'NONE',  ( 5.354084802397553700E-016, 0.0000000000000000000, 1.000000000000000000 ) ) ;
#1178 = VECTOR ( 'NONE', #894, 1000.000000000000000 ) ;
#1179 = FACE_BOUND ( 'NONE', #402, .T. ) ;
#1180 = DIRECTION ( 'NONE',  ( -1.971276677246366800E-016, -0.0000000000000000000, -1.000000000000000000 ) ) ;
#1181 = ORIENTED_EDGE ( 'NONE', *, *, #2016, .F. ) ;
#1182 = LINE ( 'NONE', #1365, #2615 ) ;
#1183 = ORIENTED_EDGE ( 'NONE', *, *, #1431, .T. ) ;
#1184 = FACE_OUTER_BOUND ( 'NONE', #578, .T. ) ;
#1185 = FACE_OUTER_BOUND ( 'NONE', #433, .T. ) ;
#1186 = MECHANICAL_DESIGN_GEOMETRIC_PRESENTATION_REPRESENTATION (  '', ( #98 ), #2641 ) ;
#1187 = AXIS2_PLACEMENT_3D ( 'NONE', #919, #177, #682 ) ;
#1188 = DIRECTION ( 'NONE',  ( 0.7193398003386495300, 0.0000000000000000000, -0.6946583704589990300 ) ) ;
#1189 = FACE_OUTER_BOUND ( 'NONE', #1163, .T. ) ;
#1190 = MECHANICAL_DESIGN_GEOMETRIC_PRESENTATION_REPRESENTATION (  '', ( #2108 ), #1522 ) ;
#1191 = DIRECTION ( 'NONE',  ( 0.6946583704590041400, -2.667062399387467600E-016, 0.7193398003386445300 ) ) ;
#1192 = ORIENTED_EDGE ( 'NONE', *, *, #1573, .F. ) ;
#1193 = LINE ( 'NONE', #2308, #1810 ) ;
#1194 = CARTESIAN_POINT ( 'NONE',  ( -3.399999999999998600, 0.3500000000000000300, -1.099999999999999600 ) ) ;
#1195 = EDGE_CURVE ( 'NONE', #2671, #1757, #386, .T. ) ;
#1196 = CIRCLE ( 'NONE', #854, 0.8999999999999998000 ) ;
#1197 = DIRECTION ( 'NONE',  ( 0.0000000000000000000, 0.0000000000000000000, 1.000000000000000000 ) ) ;
#1198 = ORIENTED_EDGE ( 'NONE', *, *, #2674, .T. ) ;
#1199 = DIRECTION ( 'NONE',  ( 1.000000000000000000, 0.0000000000000000000, 0.0000000000000000000 ) ) ;
#1200 = LINE ( 'NONE', #130, #2556 ) ;
#1201 = EDGE_LOOP ( 'NONE', ( #1689, #990, #202, #2262 ) ) ;
#1202 = DIRECTION ( 'NONE',  ( 0.7193398003386442000, 0.0000000000000000000, -0.6946583704590045800 ) ) ;
#1203 = DIRECTION ( 'NONE',  ( -0.7193398003386495300, 0.0000000000000000000, 0.6946583704589990300 ) ) ;
#1204 = ORIENTED_EDGE ( 'NONE', *, *, #1265, .F. ) ;
#1205 = EDGE_CURVE ( 'NONE', #2701, #723, #1051, .T. ) ;
#1206 = ADVANCED_FACE ( 'NONE', ( #939 ), #348, .T. ) ;
#1207 = DIRECTION ( 'NONE',  ( -0.6946583704589990300, -2.701526220240393700E-032, -0.7193398003386495300 ) ) ;
#1208 = ORIENTED_EDGE ( 'NONE', *, *, #2040, .F. ) ;
#1209 = DIRECTION ( 'NONE',  ( 0.0000000000000000000, 1.000000000000000000, 0.0000000000000000000 ) ) ;
#1210 = DIRECTION ( 'NONE',  ( -3.491481338843133400E-015, 1.000000000000000000, 0.0000000000000000000 ) ) ;
#1211 = AXIS2_PLACEMENT_3D ( 'NONE', #1069, #2511, #2739 ) ;
#1212 = ORIENTED_EDGE ( 'NONE', *, *, #1719, .F. ) ;
#1213 = DIRECTION ( 'NONE',  ( -1.000000000000000000, 3.491481338843133000E-015, 0.0000000000000000000 ) ) ;
#1214 = CARTESIAN_POINT ( 'NONE',  ( 2.589999999999999400, 4.700000000000000200, 1.099999999999999200 ) ) ;
#1215 = CARTESIAN_POINT ( 'NONE',  ( 3.399999999999998600, 0.1499999999999999900, -1.600000000000001400 ) ) ;
#1216 = CYLINDRICAL_SURFACE ( 'NONE', #2489, 0.3999999999999999700 ) ;
#1217 = LINE ( 'NONE', #519, #1746 ) ;
#1218 = EDGE_CURVE ( 'NONE', #2968, #1615, #1272, .T. ) ;
#1219 = CARTESIAN_POINT ( 'NONE',  ( 3.549999999999998500, 4.700000000000000200, -1.600000000000001400 ) ) ;
#1220 = DIRECTION ( 'NONE',  ( -0.6946583704589990300, -2.701526220240393100E-032, -0.7193398003386495300 ) ) ;
#1221 = LINE ( 'NONE', #1999, #2915 ) ;
#1222 = ADVANCED_FACE ( 'NONE', ( #1085 ), #259, .F. ) ;
#1223 = CARTESIAN_POINT ( 'NONE',  ( 2.150000000000007900, 4.850000000000004100, -1.000000000000001300 ) ) ;
#1224 = FACE_OUTER_BOUND ( 'NONE', #2373, .T. ) ;
#1225 = DIRECTION ( 'NONE',  ( -0.7193398003386495300, 0.0000000000000000000, 0.6946583704589990300 ) ) ;
#1226 = VECTOR ( 'NONE', #1242, 1000.000000000000000 ) ;
#1227 = EDGE_LOOP ( 'NONE', ( #2775, #1809 ) ) ;
#1228 = DIRECTION ( 'NONE',  ( 0.7193398003386495300, 0.0000000000000000000, -0.6946583704589990300 ) ) ;
#1229 = AXIS2_PLACEMENT_3D ( 'NONE', #160, #1871, #2558 ) ;
#1230 = ORIENTED_EDGE ( 'NONE', *, *, #1123, .F. ) ;
#1231 = EDGE_CURVE ( 'NONE', #2607, #2671, #3122, .T. ) ;
#1232 = LINE ( 'NONE', #334, #1470 ) ;
#1233 = CARTESIAN_POINT ( 'NONE',  ( 3.399999999999998600, 4.700000000000000200, -1.000000000000001300 ) ) ;
#1234 = PLANE ( 'NONE',  #988 ) ;
#1235 = VERTEX_POINT ( 'NONE', #2009 ) ;
#1236 = LINE ( 'NONE', #2513, #2551 ) ;
#1237 = DIRECTION ( 'NONE',  ( 1.000000000000000000, 0.0000000000000000000, -1.971276677246366800E-016 ) ) ;
#1238 = CARTESIAN_POINT ( 'NONE',  ( -1.842459211250208700E-014, 4.850000000000012100, 0.0000000000000000000 ) ) ;
#1239 = CARTESIAN_POINT ( 'NONE',  ( 3.399999999999998600, 5.000000000000000000, 1.753182399049025800 ) ) ;
#1240 = ORIENTED_EDGE ( 'NONE', *, *, #521, .F. ) ;
#1241 = EDGE_CURVE ( 'NONE', #2137, #441, #1196, .T. ) ;
#1242 = DIRECTION ( 'NONE',  ( 1.000000000000000000, -0.0000000000000000000, 1.606225440719267700E-015 ) ) ;
#1243 = ORIENTED_EDGE ( 'NONE', *, *, #1675, .T. ) ;
#1244 = DIRECTION ( 'NONE',  ( -0.7193398003386473100, 2.608833545733151300E-032, 0.6946583704590012500 ) ) ;
#1245 = CARTESIAN_POINT ( 'NONE',  ( -1.989999999999999500, 4.850000000000005000, -1.000000000000001300 ) ) ;
#1246 = ORIENTED_EDGE ( 'NONE', *, *, #187, .F. ) ;
#1247 = EDGE_LOOP ( 'NONE', ( #474, #16, #3071, #2751 ) ) ;
#1248 = UNCERTAINTY_MEASURE_WITH_UNIT (LENGTH_MEASURE( 1.000000000000000100E-005 ), #401, 'distance_accuracy_value', 'NONE');
#1249 = ORIENTED_EDGE ( 'NONE', *, *, #2492, .F. ) ;
#1250 = AXIS2_PLACEMENT_3D ( 'NONE', #2449, #44, #2479 ) ;
#1251 = EDGE_CURVE ( 'NONE', #2671, #249, #539, .T. ) ;
#1252 = DIRECTION ( 'NONE',  ( 3.690901012716612800E-015, 1.000000000000000000, 0.0000000000000000000 ) ) ;
#1253 = VERTEX_POINT ( 'NONE', #1993 ) ;
#1254 = AXIS2_PLACEMENT_3D ( 'NONE', #1731, #271, #480 ) ;
#1255 = CARTESIAN_POINT ( 'NONE',  ( 2.499999999999998700, 5.000000000000000000, -3.249999999999999600 ) ) ;
#1256 = DIRECTION ( 'NONE',  ( -1.000000000000000000, 0.0000000000000000000, 0.0000000000000000000 ) ) ;
#1257 = ORIENTED_EDGE ( 'NONE', *, *, #2440, .T. ) ;
#1258 = VECTOR ( 'NONE', #2092, 1000.000000000000000 ) ;
#1259 = ORIENTED_EDGE ( 'NONE', *, *, #651, .T. ) ;
#1260 = VECTOR ( 'NONE', #1118, 1000.000000000000100 ) ;
#1261 = CIRCLE ( 'NONE', #1517, 0.4000000000000001300 ) ;
#1262 = CARTESIAN_POINT ( 'NONE',  ( 3.399999999999998600, 0.1500000000000008300, 1.753182399049025800 ) ) ;
#1263 = ORIENTED_EDGE ( 'NONE', *, *, #2760, .T. ) ;
#1264 = SURFACE_STYLE_FILL_AREA ( #369 ) ;
#1265 = EDGE_CURVE ( 'NONE', #2364, #2594, #1853, .T. ) ;
#1266 = ORIENTED_EDGE ( 'NONE', *, *, #906, .F. ) ;
#1267 = CARTESIAN_POINT ( 'NONE',  ( -3.094175069375819700, 2.525000000000000400, -2.257038640261452400 ) ) ;
#1268 = DIRECTION ( 'NONE',  ( 0.7193398003386495300, -2.608833545733144200E-032, -0.6946583704589990300 ) ) ;
#1269 = AXIS2_PLACEMENT_3D ( 'NONE', #2782, #1086, #88 ) ;
#1270 = ORIENTED_EDGE ( 'NONE', *, *, #1604, .T. ) ;
#1271 = DIRECTION ( 'NONE',  ( -0.7193398003386440900, 0.0000000000000000000, 0.6946583704590044700 ) ) ;
#1272 = LINE ( 'NONE', #2243, #1015 ) ;
#1273 = CARTESIAN_POINT ( 'NONE',  ( 3.399999999999998100, 4.700000000000000200, 1.100000000000000500 ) ) ;
#1274 = PLANE ( 'NONE',  #475 ) ;
#1275 = VERTEX_POINT ( 'NONE', #2951 ) ;
#1276 = LINE ( 'NONE', #108, #2741 ) ;
#1277 = CARTESIAN_POINT ( 'NONE',  ( 3.399999999999998600, -2.277411492777083900, 1.752757924232816400 ) ) ;
#1278 = DIRECTION ( 'NONE',  ( -1.000000000000000000, -3.491481338843130200E-015, 0.0000000000000000000 ) ) ;
#1279 = ORIENTED_EDGE ( 'NONE', *, *, #1736, .F. ) ;
#1280 = EDGE_CURVE ( 'NONE', #2386, #2607, #2064, .T. ) ;
#1281 = DIRECTION ( 'NONE',  ( 1.000000000000000000, -3.690901012716612800E-015, 0.0000000000000000000 ) ) ;
#1282 = ORIENTED_EDGE ( 'NONE', *, *, #1286, .T. ) ;
#1283 = UNCERTAINTY_MEASURE_WITH_UNIT (LENGTH_MEASURE( 1.000000000000000100E-005 ), #660, 'distance_accuracy_value', 'NONE');
#1284 = DIRECTION ( 'NONE',  ( 0.0000000000000000000, 0.0000000000000000000, 1.000000000000000000 ) ) ;
#1285 = ORIENTED_EDGE ( 'NONE', *, *, #1545, .F. ) ;
#1286 = EDGE_CURVE ( 'NONE', #2225, #2827, #9, .T. ) ;
#1287 = DIRECTION ( 'NONE',  ( -3.491481338843133000E-015, 1.000000000000000000, 0.0000000000000000000 ) ) ;
#1288 = VERTEX_POINT ( 'NONE', #1774 ) ;
#1289 = EDGE_CURVE ( 'NONE', #1316, #2599, #425, .T. ) ;
#1290 = DIRECTION ( 'NONE',  ( -0.0000000000000000000, -0.0000000000000000000, 1.000000000000000000 ) ) ;
#1291 = LINE ( 'NONE', #725, #486 ) ;
#1292 = LINE ( 'NONE', #1277, #3139 ) ;
#1293 = DIRECTION ( 'NONE',  ( 0.0000000000000000000, 0.0000000000000000000, -1.000000000000000000 ) ) ;
#1294 = AXIS2_PLACEMENT_3D ( 'NONE', #3138, #1043, #750 ) ;
#1295 = DIRECTION ( 'NONE',  ( 0.7193398003386494200, 0.0000000000000000000, -0.6946583704589990300 ) ) ;
#1296 = DIRECTION ( 'NONE',  ( 0.6946583704589990300, 2.701526220240393700E-032, 0.7193398003386495300 ) ) ;
#1297 = CIRCLE ( 'NONE', #1724, 0.001000000000000132700 ) ;
#1298 = CIRCLE ( 'NONE', #1518, 0.2500000000000002200 ) ;
#1299 = LINE ( 'NONE', #2240, #257 ) ;
#1300 = VECTOR ( 'NONE', #964, 1000.000000000000000 ) ;
#1301 = DIRECTION ( 'NONE',  ( 1.000000000000000000, -3.690901012716612800E-015, -0.0000000000000000000 ) ) ;
#1302 = DIRECTION ( 'NONE',  ( 1.000000000000000000, 0.0000000000000000000, 0.0000000000000000000 ) ) ;
#1303 = ORIENTED_EDGE ( 'NONE', *, *, #2317, .F. ) ;
#1304 = VECTOR ( 'NONE', #2188, 1000.000000000000000 ) ;
#1305 = PLANE ( 'NONE',  #1068 ) ;
#1306 = DIRECTION ( 'NONE',  ( 0.0000000000000000000, 0.0000000000000000000, 1.000000000000000000 ) ) ;
#1307 =( NAMED_UNIT ( * ) SI_UNIT ( $, .STERADIAN. ) SOLID_ANGLE_UNIT ( ) );
#1308 = EDGE_LOOP ( 'NONE', ( #1091, #381 ) ) ;
#1309 = CYLINDRICAL_SURFACE ( 'NONE', #800, 0.3999999999999994700 ) ;
#1310 = CARTESIAN_POINT ( 'NONE',  ( 2.000000000000009300, -4.889051111029976100E-015, 1.350000000000001200 ) ) ;
#1311 = AXIS2_PLACEMENT_3D ( 'NONE', #1798, #1543, #335 ) ;
#1312 = ORIENTED_EDGE ( 'NONE', *, *, #275, .F. ) ;
#1313 = EDGE_CURVE ( 'NONE', #1852, #1052, #2441, .T. ) ;
#1314 = VECTOR ( 'NONE', #1539, 1000.000000000000100 ) ;
#1315 = DIRECTION ( 'NONE',  ( 0.0000000000000000000, 0.0000000000000000000, -1.000000000000000000 ) ) ;
#1316 = VERTEX_POINT ( 'NONE', #3023 ) ;
#1317 = CIRCLE ( 'NONE', #645, 0.0009999999999999158900 ) ;
#1318 = CARTESIAN_POINT ( 'NONE',  ( 3.549999999999998500, 0.0000000000000000000, -1.956906222241215100E-017 ) ) ;
#1319 = EDGE_LOOP ( 'NONE', ( #2680, #428, #1326, #1881, #555, #2360 ) ) ;
#1320 = DIRECTION ( 'NONE',  ( 0.6946583704589991400, 1.205040183019048100E-018, 0.7193398003386495300 ) ) ;
#1321 = ORIENTED_EDGE ( 'NONE', *, *, #2695, .F. ) ;
#1322 = CARTESIAN_POINT ( 'NONE',  ( -2.289999999999999100, 4.700000000000000200, 1.100000000000001900 ) ) ;
#1323 = ORIENTED_EDGE ( 'NONE', *, *, #2164, .T. ) ;
#1324 = ADVANCED_FACE ( 'NONE', ( #794 ), #827, .F. ) ;
#1325 = EDGE_CURVE ( 'NONE', #2444, #2931, #1193, .T. ) ;
#1326 = ORIENTED_EDGE ( 'NONE', *, *, #1918, .T. ) ;
#1327 = DIRECTION ( 'NONE',  ( -0.7193398003386495300, 0.0000000000000000000, 0.6946583704589989200 ) ) ;
#1328 = DIRECTION ( 'NONE',  ( -0.6946583704589990300, 0.0000000000000000000, -0.7193398003386495300 ) ) ;
#1329 = EDGE_LOOP ( 'NONE', ( #1584, #1520, #2788, #1 ) ) ;
#1330 = ORIENTED_EDGE ( 'NONE', *, *, #2164, .F. ) ;
#1331 = CARTESIAN_POINT ( 'NONE',  ( 2.310000000000007200, 4.700000000000003700, -1.000000000000001300 ) ) ;
#1332 =( LENGTH_UNIT ( ) NAMED_UNIT ( * ) SI_UNIT ( .MILLI., .METRE. ) );
#1333 = DIRECTION ( 'NONE',  ( 0.0000000000000000000, 1.000000000000000000, 0.0000000000000000000 ) ) ;
#1334 = FACE_OUTER_BOUND ( 'NONE', #845, .T. ) ;
#1335 = VECTOR ( 'NONE', #1778, 1000.000000000000000 ) ;
#1336 = AXIS2_PLACEMENT_3D ( 'NONE', #1478, #2654, #464 ) ;
#1337 = AXIS2_PLACEMENT_3D ( 'NONE', #1819, #361, #1831 ) ;
#1338 = DIRECTION ( 'NONE',  ( -1.000000000000000000, 0.0000000000000000000, 0.0000000000000000000 ) ) ;
#1339 = VECTOR ( 'NONE', #973, 1000.000000000000000 ) ;
#1340 = PLANE ( 'NONE',  #1171 ) ;
#1341 = ADVANCED_FACE ( 'NONE', ( #627 ), #2986, .T. ) ;
#1342 = PLANE ( 'NONE',  #430 ) ;
#1343 =( GEOMETRIC_REPRESENTATION_CONTEXT ( 3 ) GLOBAL_UNCERTAINTY_ASSIGNED_CONTEXT ( ( #144 ) ) GLOBAL_UNIT_ASSIGNED_CONTEXT ( ( #2527, #1824, #1307 ) ) REPRESENTATION_CONTEXT ( 'NONE', 'WORKASPACE' ) );
#1344 = VERTEX_POINT ( 'NONE', #2533 ) ;
#1345 = LINE ( 'NONE', #1875, #1909 ) ;
#1346 = DIRECTION ( 'NONE',  ( 0.0000000000000000000, 0.0000000000000000000, 1.000000000000000000 ) ) ;
#1347 = FILL_AREA_STYLE_COLOUR ( '', #1510 ) ;
#1348 = CARTESIAN_POINT ( 'NONE',  ( 2.499999999999998700, -9.406912352095130100, -3.249999999999999600 ) ) ;
#1349 = EDGE_LOOP ( 'NONE', ( #341, #2708, #1995, #629 ) ) ;
#1350 = LINE ( 'NONE', #1776, #338 ) ;
#1351 = CIRCLE ( 'NONE', #1501, 0.1599999999999999800 ) ;
#1352 = EDGE_CURVE ( 'NONE', #280, #968, #2219, .T. ) ;
#1353 = CARTESIAN_POINT ( 'NONE',  ( 2.289999999999999100, 5.000000000000000000, 1.100000000000001900 ) ) ;
#1354 = FACE_OUTER_BOUND ( 'NONE', #2451, .T. ) ;
#1355 = VERTEX_POINT ( 'NONE', #558 ) ;
#1356 = CARTESIAN_POINT ( 'NONE',  ( -1.989999999999999500, 4.850000000000005000, -1.000000000000001300 ) ) ;
#1357 = ORIENTED_EDGE ( 'NONE', *, *, #3048, .F. ) ;
#1358 = LINE ( 'NONE', #2644, #46 ) ;
#1359 = CARTESIAN_POINT ( 'NONE',  ( -3.400000000000001700, 0.1500000000000008300, 2.349999999999997900 ) ) ;
#1360 = DIRECTION ( 'NONE',  ( -3.469446951953616200E-015, 1.000000000000000000, 0.0000000000000000000 ) ) ;
#1361 = EDGE_CURVE ( 'NONE', #698, #1288, #270, .T. ) ;
#1362 = ADVANCED_FACE ( 'NONE', ( #535 ), #828, .F. ) ;
#1363 = CIRCLE ( 'NONE', #970, 0.1599999999999999800 ) ;
#1364 = CARTESIAN_POINT ( 'NONE',  ( 2.000000000000009300, -4.889051111029976100E-015, -1.350000000000001400 ) ) ;
#1365 = CARTESIAN_POINT ( 'NONE',  ( -2.245354104976215100, -2.277411492777087400, -3.076735517403073500 ) ) ;
#1366 = ORIENTED_EDGE ( 'NONE', *, *, #36, .T. ) ;
#1367 = AXIS2_PLACEMENT_3D ( 'NONE', #2679, #220, #233 ) ;
#1368 = CARTESIAN_POINT ( 'NONE',  ( 3.399999999999998600, 4.700000000000000200, -1.600000000000001400 ) ) ;
#1369 = DIRECTION ( 'NONE',  ( 0.0000000000000000000, 0.0000000000000000000, 1.000000000000000000 ) ) ;
#1370 = ORIENTED_EDGE ( 'NONE', *, *, #2380, .F. ) ;
#1371 = EDGE_CURVE ( 'NONE', #1606, #1615, #3118, .T. ) ;
#1372 = DIRECTION ( 'NONE',  ( 1.000000000000000000, 0.0000000000000000000, -5.354084802397553700E-016 ) ) ;
#1373 = CARTESIAN_POINT ( 'NONE',  ( 2.141155349407362100, -2.277411492777083900, 2.968834547352274400 ) ) ;
#1374 = EDGE_LOOP ( 'NONE', ( #83, #337, #2893, #1404 ) ) ;
#1375 = ORIENTED_EDGE ( 'NONE', *, *, #1402, .F. ) ;
#1376 = ADVANCED_FACE ( 'NONE', ( #2667 ), #2107, .T. ) ;
#1377 = CYLINDRICAL_SURFACE ( 'NONE', #346, 0.3000000000000001600 ) ;
#1378 = EDGE_CURVE ( 'NONE', #938, #523, #712, .T. ) ;
#1379 = DIRECTION ( 'NONE',  ( 1.000000000000000000, 6.982962677686266700E-015, 0.0000000000000000000 ) ) ;
#1380 = VECTOR ( 'NONE', #448, 1000.000000000000000 ) ;
#1381 = FACE_OUTER_BOUND ( 'NONE', #1469, .T. ) ;
#1382 = FACE_OUTER_BOUND ( 'NONE', #2935, .T. ) ;
#1383 = AXIS2_PLACEMENT_3D ( 'NONE', #10, #223, #2700 ) ;
#1384 = DIRECTION ( 'NONE',  ( 1.000000000000000000, 0.0000000000000000000, 0.0000000000000000000 ) ) ;
#1385 = ORIENTED_EDGE ( 'NONE', *, *, #605, .F. ) ;
#1386 = VECTOR ( 'NONE', #1919, 1000.000000000000000 ) ;
#1387 = ORIENTED_EDGE ( 'NONE', *, *, #1289, .F. ) ;
#1388 = CARTESIAN_POINT ( 'NONE',  ( -2.250000000000008400, 0.1499999999999959700, 1.350000000000001200 ) ) ;
#1389 = DIRECTION ( 'NONE',  ( 0.0000000000000000000, 0.0000000000000000000, -1.000000000000000000 ) ) ;
#1390 = CARTESIAN_POINT ( 'NONE',  ( 3.094175069375820100, 2.525000000000000400, 2.257038640261452800 ) ) ;
#1391 = ORIENTED_EDGE ( 'NONE', *, *, #2835, .T. ) ;
#1392 = EDGE_CURVE ( 'NONE', #2173, #2218, #2477, .T. ) ;
#1393 = VECTOR ( 'NONE', #1346, 1000.000000000000000 ) ;
#1394 = ADVANCED_FACE ( 'NONE', ( #1655 ), #1305, .F. ) ;
#1395 = DIRECTION ( 'NONE',  ( -3.491481338843133000E-015, -1.000000000000000000, 0.0000000000000000000 ) ) ;
#1396 = VERTEX_POINT ( 'NONE', #2296 ) ;
#1397 = VECTOR ( 'NONE', #2668, 1000.000000000000000 ) ;
#1398 = ORIENTED_EDGE ( 'NONE', *, *, #833, .T. ) ;
#1399 = EDGE_CURVE ( 'NONE', #2444, #2366, #230, .T. ) ;
#1400 = DIRECTION ( 'NONE',  ( 3.469446951953616600E-015, 1.000000000000000000, 0.0000000000000000000 ) ) ;
#1401 = DIRECTION ( 'NONE',  ( 0.0000000000000000000, 1.000000000000000000, 0.0000000000000000000 ) ) ;
#1402 = EDGE_CURVE ( 'NONE', #2333, #920, #1236, .T. ) ;
#1403 = ORIENTED_EDGE ( 'NONE', *, *, #1289, .T. ) ;
#1404 = ORIENTED_EDGE ( 'NONE', *, *, #1195, .T. ) ;
#1405 = CARTESIAN_POINT ( 'NONE',  ( -3.549999999999998500, 4.699999999999999300, -1.000000000000001300 ) ) ;
#1406 = ORIENTED_EDGE ( 'NONE', *, *, #424, .F. ) ;
#1407 = ADVANCED_FACE ( 'NONE', ( #580 ), #1340, .T. ) ;
#1408 = EDGE_CURVE ( 'NONE', #542, #3035, #43, .T. ) ;
#1409 = ORIENTED_EDGE ( 'NONE', *, *, #1352, .F. ) ;
#1410 = DIRECTION ( 'NONE',  ( -1.000000000000000000, 5.421010862427523000E-015, 0.0000000000000000000 ) ) ;
#1411 = VERTEX_POINT ( 'NONE', #127 ) ;
#1412 = DIRECTION ( 'NONE',  ( -1.000000000000000000, 0.0000000000000000000, 0.0000000000000000000 ) ) ;
#1413 = CARTESIAN_POINT ( 'NONE',  ( -3.399694658370460600, 4.700000000000000200, -1.753477264033156800 ) ) ;
#1414 = EDGE_CURVE ( 'NONE', #2885, #356, #1575, .T. ) ;
#1415 = DIRECTION ( 'NONE',  ( -1.000000000000000000, 0.0000000000000000000, 0.0000000000000000000 ) ) ;
#1416 = CARTESIAN_POINT ( 'NONE',  ( -3.503893413939310500, 0.3500000000000000300, -1.861378234083954200 ) ) ;
#1417 = DIRECTION ( 'NONE',  ( 1.000000000000000000, 5.421010862427523000E-015, 0.0000000000000000000 ) ) ;
#1418 = ORIENTED_EDGE ( 'NONE', *, *, #1626, .T. ) ;
#1419 = VECTOR ( 'NONE', #1738, 1000.000000000000000 ) ;
#1420 = EDGE_LOOP ( 'NONE', ( #1240, #1303 ) ) ;
#1421 = DIRECTION ( 'NONE',  ( 1.000000000000000000, 0.0000000000000000000, -1.304604148160810300E-016 ) ) ;
#1422 = VECTOR ( 'NONE', #1847, 1000.000000000000000 ) ;
#1423 = FACE_OUTER_BOUND ( 'NONE', #1721, .T. ) ;
#1424 = CARTESIAN_POINT ( 'NONE',  ( -3.400000000000001700, 5.000000000000000000, -1.753182399049027800 ) ) ;
#1425 = VERTEX_POINT ( 'NONE', #1368 ) ;
#1426 = CIRCLE ( 'NONE', #2129, 0.0009999999999999158900 ) ;
#1427 = CARTESIAN_POINT ( 'NONE',  ( -3.398999999999998200, 0.1510000000000000000, -1.600000000000001400 ) ) ;
#1428 = EDGE_LOOP ( 'NONE', ( #185, #1967, #1167, #2655 ) ) ;
#1429 = DIRECTION ( 'NONE',  ( 0.0000000000000000000, 0.0000000000000000000, 1.000000000000000000 ) ) ;
#1430 = CARTESIAN_POINT ( 'NONE',  ( 2.289999999999999100, 4.700000000000000200, 1.400000000000001900 ) ) ;
#1431 = EDGE_CURVE ( 'NONE', #2151, #830, #159, .T. ) ;
#1432 = ORIENTED_EDGE ( 'NONE', *, *, #2912, .F. ) ;
#1433 = VECTOR ( 'NONE', #1475, 1000.000000000000000 ) ;
#1434 = CARTESIAN_POINT ( 'NONE',  ( -2.702240393671512000, 2.525000000000000400, -2.427001018394256500 ) ) ;
#1435 = CARTESIAN_POINT ( 'NONE',  ( 3.399694658370457500, 4.700000000000000200, 1.753477264033155100 ) ) ;
#1436 = VECTOR ( 'NONE', #2500, 1000.000000000000000 ) ;
#1437 = CARTESIAN_POINT ( 'NONE',  ( -2.500000000000001300, -9.406912352095130100, 3.249999999999997800 ) ) ;
#1438 = EDGE_CURVE ( 'NONE', #1899, #2041, #2146, .T. ) ;
#1439 = ADVANCED_FACE ( 'NONE', ( #3006 ), #758, .T. ) ;
#1440 = ORIENTED_EDGE ( 'NONE', *, *, #1007, .F. ) ;
#1441 = PLANE ( 'NONE',  #166 ) ;
#1442 = DIRECTION ( 'NONE',  ( -1.000000000000000000, -3.491481338843133400E-015, 0.0000000000000000000 ) ) ;
#1443 = DIRECTION ( 'NONE',  ( -0.0000000000000000000, -1.000000000000000000, -0.0000000000000000000 ) ) ;
#1444 = AXIS2_PLACEMENT_3D ( 'NONE', #2495, #40, #1744 ) ;
#1445 = EDGE_LOOP ( 'NONE', ( #874, #1890, #309, #176 ) ) ;
#1446 = DIRECTION ( 'NONE',  ( -1.000000000000000000, 0.0000000000000000000, 0.0000000000000000000 ) ) ;
#1447 = CARTESIAN_POINT ( 'NONE',  ( -1.989999999999999500, 4.850000000000005000, 1.000000000000001300 ) ) ;
#1448 = ORIENTED_EDGE ( 'NONE', *, *, #2515, .T. ) ;
#1449 = DIRECTION ( 'NONE',  ( -1.000000000000000000, 0.0000000000000000000, -1.548860246407875200E-016 ) ) ;
#1450 = ORIENTED_EDGE ( 'NONE', *, *, #1007, .T. ) ;
#1451 = EDGE_CURVE ( 'NONE', #867, #1620, #1504, .T. ) ;
#1452 = CARTESIAN_POINT ( 'NONE',  ( -2.000000000000008900, 0.1499999999999951100, -1.100000000000001400 ) ) ;
#1453 = ADVANCED_FACE ( 'NONE', ( #3082 ), #252, .T. ) ;
#1454 = CIRCLE ( 'NONE', #1556, 0.8999999999999998000 ) ;
#1455 = CIRCLE ( 'NONE', #2961, 0.3000000000000001600 ) ;
#1456 = CARTESIAN_POINT ( 'NONE',  ( 3.399999999999998600, -9.406912352095130100, -2.349999999999999600 ) ) ;
#1457 = CARTESIAN_POINT ( 'NONE',  ( -3.398999999999998200, 0.1510000000000000000, 1.100000000000001400 ) ) ;
#1458 = FACE_OUTER_BOUND ( 'NONE', #2307, .T. ) ;
#1459 = ORIENTED_EDGE ( 'NONE', *, *, #959, .F. ) ;
#1460 = COLOUR_RGB ( '',0.2509803921568627400, 0.2509803921568627400, 0.2509803921568627400 ) ;
#1461 = LINE ( 'NONE', #102, #1982 ) ;
#1462 = EDGE_CURVE ( 'NONE', #80, #249, #2777, .T. ) ;
#1463 = CARTESIAN_POINT ( 'NONE',  ( 3.399999999999999000, 4.850000000000000500, 1.000000000000001300 ) ) ;
#1464 = DIRECTION ( 'NONE',  ( 0.0000000000000000000, 0.0000000000000000000, -1.000000000000000000 ) ) ;
#1465 = ORIENTED_EDGE ( 'NONE', *, *, #256, .T. ) ;
#1466 = VECTOR ( 'NONE', #1765, 1000.000000000000000 ) ;
#1467 = AXIS2_PLACEMENT_3D ( 'NONE', #551, #1220, #488 ) ;
#1468 = DIRECTION ( 'NONE',  ( 0.6946583704589989200, -0.0000000000000000000, 0.7193398003386496400 ) ) ;
#1469 = EDGE_LOOP ( 'NONE', ( #2707, #1465, #2102, #1747 ) ) ;
#1470 = VECTOR ( 'NONE', #1827, 1000.000000000000000 ) ;
#1471 = ORIENTED_EDGE ( 'NONE', *, *, #933, .F. ) ;
#1472 = EDGE_CURVE ( 'NONE', #2379, #1708, #1922, .T. ) ;
#1473 = ADVANCED_FACE ( 'NONE', ( #1954 ), #2169, .F. ) ;
#1474 = VECTOR ( 'NONE', #626, 1000.000000000000000 ) ;
#1475 = DIRECTION ( 'NONE',  ( -1.000000000000000000, 6.982962677686266700E-015, 0.0000000000000000000 ) ) ;
#1476 = PRESENTATION_STYLE_ASSIGNMENT (( #632 ) ) ;
#1477 = ORIENTED_EDGE ( 'NONE', *, *, #359, .T. ) ;
#1478 = CARTESIAN_POINT ( 'NONE',  ( -3.399000000000001400, 4.700000000000000200, -1.752757924232818200 ) ) ;
#1479 = DIRECTION ( 'NONE',  ( -0.6946583704589990300, -2.701526220240393100E-032, -0.7193398003386495300 ) ) ;
#1480 = EDGE_LOOP ( 'NONE', ( #2378, #879, #54, #2924 ) ) ;
#1481 = ORIENTED_EDGE ( 'NONE', *, *, #933, .T. ) ;
#1482 = EDGE_CURVE ( 'NONE', #477, #441, #85, .T. ) ;
#1483 = ORIENTED_EDGE ( 'NONE', *, *, #1656, .T. ) ;
#1484 = DIRECTION ( 'NONE',  ( -3.469446951953616200E-015, 1.000000000000000000, 0.0000000000000000000 ) ) ;
#1485 = AXIS2_PLACEMENT_3D ( 'NONE', #2743, #1555, #2989 ) ;
#1486 = ORIENTED_EDGE ( 'NONE', *, *, #776, .T. ) ;
#1487 = DIRECTION ( 'NONE',  ( 1.971276677246368100E-016, 0.0000000000000000000, 1.000000000000000000 ) ) ;
#1488 = DIRECTION ( 'NONE',  ( -3.690901012716612800E-015, 1.000000000000000000, 0.0000000000000000000 ) ) ;
#1489 = ORIENTED_EDGE ( 'NONE', *, *, #132, .F. ) ;
#1490 = EDGE_CURVE ( 'NONE', #2000, #949, #502, .T. ) ;
#1491 = LINE ( 'NONE', #841, #287 ) ;
#1492 = ORIENTED_EDGE ( 'NONE', *, *, #1231, .T. ) ;
#1493 = DIRECTION ( 'NONE',  ( -0.0000000000000000000, 1.000000000000000000, -0.0000000000000000000 ) ) ;
#1494 = FACE_OUTER_BOUND ( 'NONE', #944, .T. ) ;
#1495 = CARTESIAN_POINT ( 'NONE',  ( 1.989999999999999500, 4.850000000000005000, -1.000000000000001300 ) ) ;
#1496 = ORIENTED_EDGE ( 'NONE', *, *, #74, .T. ) ;
#1497 = FACE_OUTER_BOUND ( 'NONE', #1564, .T. ) ;
#1498 = LINE ( 'NONE', #1214, #966 ) ;
#1499 = CARTESIAN_POINT ( 'NONE',  ( -3.399000000000001400, 0.3500000000000000300, -1.752757924232818200 ) ) ;
#1500 = EDGE_LOOP ( 'NONE', ( #1002, #2031, #1696, #2996 ) ) ;
#1501 = AXIS2_PLACEMENT_3D ( 'NONE', #384, #2341, #2569 ) ;
#1502 = LINE ( 'NONE', #728, #2253 ) ;
#1503 = DIRECTION ( 'NONE',  ( -1.000000000000000000, 0.0000000000000000000, -0.0000000000000000000 ) ) ;
#1504 = LINE ( 'NONE', #1356, #1474 ) ;
#1505 = PRESENTATION_LAYER_ASSIGNMENT (  '', '', ( #2108 ) ) ;
#1506 = CARTESIAN_POINT ( 'NONE',  ( 2.289999999999999100, 4.700000000000000200, 1.100000000000001900 ) ) ;
#1507 = VECTOR ( 'NONE', #161, 1000.000000000000000 ) ;
#1508 = EDGE_CURVE ( 'NONE', #2559, #852, #2368, .T. ) ;
#1509 = ORIENTED_EDGE ( 'NONE', *, *, #379, .F. ) ;
#1510 = COLOUR_RGB ( '',1.000000000000000000, 0.5019607843137254800, 0.5019607843137254800 ) ;
#1511 = CARTESIAN_POINT ( 'NONE',  ( 3.399999999999998600, -9.406912352095130100, 1.753182399049025800 ) ) ;
#1512 = ORIENTED_EDGE ( 'NONE', *, *, #1925, .F. ) ;
#1513 = CARTESIAN_POINT ( 'NONE',  ( -3.550000000000001600, -2.277411492777087400, -1.752757924232818200 ) ) ;
#1514 = CARTESIAN_POINT ( 'NONE',  ( -1.989999999999998200, 5.000000000000000000, 1.100000000000003000 ) ) ;
#1515 = DIRECTION ( 'NONE',  ( 0.6946583704589991400, 1.205040183019048100E-018, 0.7193398003386495300 ) ) ;
#1516 = VERTEX_POINT ( 'NONE', #245 ) ;
#1517 = AXIS2_PLACEMENT_3D ( 'NONE', #1434, #1468, #1203 ) ;
#1518 = AXIS2_PLACEMENT_3D ( 'NONE', #1008, #2689, #693 ) ;
#1519 = ORIENTED_EDGE ( 'NONE', *, *, #2515, .F. ) ;
#1520 = ORIENTED_EDGE ( 'NONE', *, *, #1736, .T. ) ;
#1521 = DIRECTION ( 'NONE',  ( 1.000000000000000000, 0.0000000000000000000, 1.606225440719267500E-015 ) ) ;
#1522 =( GEOMETRIC_REPRESENTATION_CONTEXT ( 3 ) GLOBAL_UNCERTAINTY_ASSIGNED_CONTEXT ( ( #1248 ) ) GLOBAL_UNIT_ASSIGNED_CONTEXT ( ( #401, #2826, #2837 ) ) REPRESENTATION_CONTEXT ( 'NONE', 'WORKASPACE' ) );
#1523 = LINE ( 'NONE', #2977, #1176 ) ;
#1524 = DIRECTION ( 'NONE',  ( -0.0000000000000000000, -0.0000000000000000000, -1.000000000000000000 ) ) ;
#1525 = CYLINDRICAL_SURFACE ( 'NONE', #2967, 0.3000000000000001600 ) ;
#1526 = FACE_OUTER_BOUND ( 'NONE', #3040, .T. ) ;
#1527 = PLANE ( 'NONE',  #1112 ) ;
#1528 = ADVANCED_FACE ( 'NONE', ( #2510 ), #2892, .F. ) ;
#1529 = ORIENTED_EDGE ( 'NONE', *, *, #187, .T. ) ;
#1530 = LINE ( 'NONE', #2234, #33 ) ;
#1531 = CIRCLE ( 'NONE', #358, 0.4000000000000001300 ) ;
#1532 = FILL_AREA_STYLE ('',( #2971 ) ) ;
#1533 = ORIENTED_EDGE ( 'NONE', *, *, #1128, .F. ) ;
#1534 = EDGE_CURVE ( 'NONE', #1052, #2008, #226, .T. ) ;
#1535 = ORIENTED_EDGE ( 'NONE', *, *, #2385, .T. ) ;
#1536 = CARTESIAN_POINT ( 'NONE',  ( 3.398999999999998200, 0.3499999999999992000, 1.752757924232816400 ) ) ;
#1537 = CIRCLE ( 'NONE', #2305, 0.2499999999999997800 ) ;
#1538 = ORIENTED_EDGE ( 'NONE', *, *, #2780, .F. ) ;
#1539 = DIRECTION ( 'NONE',  ( 0.6946583704590012500, 2.701526220240385500E-032, 0.7193398003386473100 ) ) ;
#1540 = CYLINDRICAL_SURFACE ( 'NONE', #1781, 0.1599999999999999800 ) ;
#1541 = ORIENTED_EDGE ( 'NONE', *, *, #1803, .T. ) ;
#1542 = CARTESIAN_POINT ( 'NONE',  ( 1.990000000000007800, 4.850000000000005000, -1.000000000000001300 ) ) ;
#1543 = DIRECTION ( 'NONE',  ( 0.0000000000000000000, -1.000000000000000000, 0.0000000000000000000 ) ) ;
#1544 = ORIENTED_EDGE ( 'NONE', *, *, #2795, .T. ) ;
#1545 = EDGE_CURVE ( 'NONE', #2787, #870, #1502, .T. ) ;
#1546 = DIRECTION ( 'NONE',  ( 0.7193398003386496400, 0.0000000000000000000, -0.6946583704589989200 ) ) ;
#1547 = ORIENTED_EDGE ( 'NONE', *, *, #66, .F. ) ;
#1548 = DIRECTION ( 'NONE',  ( -1.734723475976806500E-018, 1.000000000000000000, 1.151770754419544400E-033 ) ) ;
#1549 = ORIENTED_EDGE ( 'NONE', *, *, #141, .T. ) ;
#1550 = CARTESIAN_POINT ( 'NONE',  ( 3.399999999999998600, 0.1510000000000000000, 1.100000000000001400 ) ) ;
#1551 = EDGE_LOOP ( 'NONE', ( #1100, #860, #1739, #751 ) ) ;
#1552 = AXIS2_PLACEMENT_3D ( 'NONE', #325, #847, #2745 ) ;
#1553 = CARTESIAN_POINT ( 'NONE',  ( -3.399694658370460600, 0.3500000000000000300, -1.753477264033156600 ) ) ;
#1554 = ADVANCED_FACE ( 'NONE', ( #972 ), #2427, .F. ) ;
#1555 = DIRECTION ( 'NONE',  ( 0.6946583704589989200, -0.0000000000000000000, 0.7193398003386496400 ) ) ;
#1556 = AXIS2_PLACEMENT_3D ( 'NONE', #188, #1443, #1650 ) ;
#1557 = CARTESIAN_POINT ( 'NONE',  ( 3.399999999999997700, 4.700000000000000200, -1.100000000000001400 ) ) ;
#1558 = DIRECTION ( 'NONE',  ( 0.0000000000000000000, 0.0000000000000000000, -1.000000000000000000 ) ) ;
#1559 = EDGE_CURVE ( 'NONE', #3012, #158, #82, .T. ) ;
#1560 = FACE_OUTER_BOUND ( 'NONE', #2067, .T. ) ;
#1561 = FACE_OUTER_BOUND ( 'NONE', #2119, .T. ) ;
#1562 = DIRECTION ( 'NONE',  ( 0.0000000000000000000, 1.000000000000000000, -3.755563391555108800E-032 ) ) ;
#1563 = DIRECTION ( 'NONE',  ( -0.6946583704589990300, -2.701526220240393700E-032, -0.7193398003386495300 ) ) ;
#1564 = EDGE_LOOP ( 'NONE', ( #1886, #2309, #504 ) ) ;
#1565 = CIRCLE ( 'NONE', #342, 0.1499999999999999700 ) ;
#1566 = DIRECTION ( 'NONE',  ( -0.6946583704589990300, -2.701526220240393100E-032, -0.7193398003386495300 ) ) ;
#1567 = CARTESIAN_POINT ( 'NONE',  ( -2.000000000000008900, 0.1499999999999951100, -1.350000000000001400 ) ) ;
#1568 = ORIENTED_EDGE ( 'NONE', *, *, #2780, .T. ) ;
#1569 = VECTOR ( 'NONE', #2417, 1000.000000000000000 ) ;
#1570 = DIRECTION ( 'NONE',  ( 3.469446951953616600E-015, 1.000000000000000000, 0.0000000000000000000 ) ) ;
#1571 = AXIS2_PLACEMENT_3D ( 'NONE', #2292, #840, #316 ) ;
#1572 = ORIENTED_EDGE ( 'NONE', *, *, #646, .T. ) ;
#1573 = EDGE_CURVE ( 'NONE', #802, #421, #1693, .T. ) ;
#1574 = UNCERTAINTY_MEASURE_WITH_UNIT (LENGTH_MEASURE( 1.000000000000000100E-005 ), #1332, 'distance_accuracy_value', 'NONE');
#1575 = LINE ( 'NONE', #375, #2929 ) ;
#1576 = ADVANCED_FACE ( 'NONE', ( #861 ), #1309, .T. ) ;
#1577 = EDGE_LOOP ( 'NONE', ( #3074, #77, #2211, #3059 ) ) ;
#1578 = VECTOR ( 'NONE', #3065, 1000.000000000000000 ) ;
#1579 = AXIS2_PLACEMENT_3D ( 'NONE', #1056, #560, #2269 ) ;
#1580 = ORIENTED_EDGE ( 'NONE', *, *, #2252, .T. ) ;
#1581 =( NAMED_UNIT ( * ) SI_UNIT ( $, .STERADIAN. ) SOLID_ANGLE_UNIT ( ) );
#1582 = CARTESIAN_POINT ( 'NONE',  ( -1.850000000000001600, -9.406912352095130100, -3.249999999999999600 ) ) ;
#1583 = ORIENTED_EDGE ( 'NONE', *, *, #815, .T. ) ;
#1584 = ORIENTED_EDGE ( 'NONE', *, *, #2683, .F. ) ;
#1585 = DIRECTION ( 'NONE',  ( 0.0000000000000000000, 1.000000000000000000, -0.0000000000000000000 ) ) ;
#1586 = ORIENTED_EDGE ( 'NONE', *, *, #1728, .F. ) ;
#1587 = ADVANCED_FACE ( 'NONE', ( #935 ), #206, .T. ) ;
#1588 = DIRECTION ( 'NONE',  ( -0.6946583704590041400, 6.126356945420925900E-018, -0.7193398003386446400 ) ) ;
#1589 = EDGE_CURVE ( 'NONE', #1052, #772, #343, .T. ) ;
#1590 = CARTESIAN_POINT ( 'NONE',  ( 3.399999999999999000, 4.850000000000000500, -1.000000000000001300 ) ) ;
#1591 = DIRECTION ( 'NONE',  ( 0.6946583704589990300, 0.0000000000000000000, 0.7193398003386495300 ) ) ;
#1592 = AXIS2_PLACEMENT_3D ( 'NONE', #2752, #1328, #2052 ) ;
#1593 = CARTESIAN_POINT ( 'NONE',  ( -2.589999999999998500, 5.000000000000000000, -1.099999999999999600 ) ) ;
#1594 = DIRECTION ( 'NONE',  ( -0.0000000000000000000, -0.0000000000000000000, 1.000000000000000000 ) ) ;
#1595 = DIRECTION ( 'NONE',  ( 1.000000000000000000, 0.0000000000000000000, 0.0000000000000000000 ) ) ;
#1596 = DIRECTION ( 'NONE',  ( -1.000000000000000000, 0.0000000000000000000, 0.0000000000000000000 ) ) ;
#1597 = LINE ( 'NONE', #1495, #489 ) ;
#1598 = DIRECTION ( 'NONE',  ( 0.0000000000000000000, 0.0000000000000000000, -1.000000000000000000 ) ) ;
#1599 = DIRECTION ( 'NONE',  ( -1.876637801904450900E-032, 1.000000000000000000, -1.943315331877351400E-032 ) ) ;
#1600 = CARTESIAN_POINT ( 'NONE',  ( 3.549999999999998500, 0.1510000000000000000, -1.600000000000001400 ) ) ;
#1601 = ORIENTED_EDGE ( 'NONE', *, *, #2048, .T. ) ;
#1602 = CIRCLE ( 'NONE', #41, 0.2499999999999997800 ) ;
#1603 = CYLINDRICAL_SURFACE ( 'NONE', #3127, 0.3999999999999994700 ) ;
#1604 = EDGE_CURVE ( 'NONE', #224, #1355, #2332, .T. ) ;
#1605 = ADVANCED_FACE ( 'NONE', ( #1612 ), #302, .F. ) ;
#1606 = VERTEX_POINT ( 'NONE', #2478 ) ;
#1607 = DIRECTION ( 'NONE',  ( -1.000000000000000000, 0.0000000000000000000, 2.141633920959023500E-015 ) ) ;
#1608 = FACE_OUTER_BOUND ( 'NONE', #2035, .T. ) ;
#1609 = DIRECTION ( 'NONE',  ( 1.000000000000000000, 5.421010862427523000E-015, 0.0000000000000000000 ) ) ;
#1610 = DIRECTION ( 'NONE',  ( -0.7193398003386495300, 0.0000000000000000000, 0.6946583704589990300 ) ) ;
#1611 = EDGE_LOOP ( 'NONE', ( #2402, #1321, #1077, #17 ) ) ;
#1612 = FACE_OUTER_BOUND ( 'NONE', #825, .T. ) ;
#1613 = CARTESIAN_POINT ( 'NONE',  ( 2.702240393671508500, 2.525000000000000400, 2.427001018394255200 ) ) ;
#1614 = SURFACE_STYLE_USAGE ( .BOTH. , #2122 ) ;
#1615 = VERTEX_POINT ( 'NONE', #2248 ) ;
#1616 = CIRCLE ( 'NONE', #2163, 0.001000000000000132700 ) ;
#1617 = PLANE ( 'NONE',  #1229 ) ;
#1618 = AXIS2_PLACEMENT_3D ( 'NONE', #2387, #404, #941 ) ;
#1619 = EDGE_CURVE ( 'NONE', #1081, #421, #2587, .T. ) ;
#1620 = VERTEX_POINT ( 'NONE', #1034 ) ;
#1621 = CARTESIAN_POINT ( 'NONE',  ( 3.399999999999998600, 0.3500000000000000300, 1.753182399049025800 ) ) ;
#1622 = ORIENTED_EDGE ( 'NONE', *, *, #485, .T. ) ;
#1623 = ADVANCED_FACE ( 'NONE', ( #2849 ), #2925, .F. ) ;
#1624 = CARTESIAN_POINT ( 'NONE',  ( -3.399999999999998600, 4.700000000000000200, 1.100000000000001400 ) ) ;
#1625 = ORIENTED_EDGE ( 'NONE', *, *, #2144, .T. ) ;
#1626 = EDGE_CURVE ( 'NONE', #2784, #155, #382, .T. ) ;
#1627 = DIRECTION ( 'NONE',  ( -0.6946583704589989200, 0.0000000000000000000, -0.7193398003386496400 ) ) ;
#1628 = DIRECTION ( 'NONE',  ( 1.000000000000000000, 0.0000000000000000000, 0.0000000000000000000 ) ) ;
#1629 = CARTESIAN_POINT ( 'NONE',  ( 3.398999999999998200, -2.234358994234725100E-018, -1.600000000000001400 ) ) ;
#1630 = ORIENTED_EDGE ( 'NONE', *, *, #2861, .T. ) ;
#1631 = CARTESIAN_POINT ( 'NONE',  ( 3.399999999999998600, 4.700000000000000200, 1.752757924232816400 ) ) ;
#1632 = ORIENTED_EDGE ( 'NONE', *, *, #2252, .F. ) ;
#1633 = CARTESIAN_POINT ( 'NONE',  ( -3.399999999999998600, 5.000000000000000000, -1.099999999999999600 ) ) ;
#1634 = AXIS2_PLACEMENT_3D ( 'NONE', #2005, #1296, #64 ) ;
#1635 = EDGE_CURVE ( 'NONE', #698, #1344, #2184, .T. ) ;
#1636 = CARTESIAN_POINT ( 'NONE',  ( -3.550000000000001600, 0.3500000000000000300, -1.752757924232818200 ) ) ;
#1637 = CARTESIAN_POINT ( 'NONE',  ( 2.000000000000008900, 0.1499999999999951100, 1.350000000000001200 ) ) ;
#1638 = VECTOR ( 'NONE', #2993, 1000.000000000000000 ) ;
#1639 = ADVANCED_FACE ( 'NONE', ( #267 ), #553, .F. ) ;
#1640 = CYLINDRICAL_SURFACE ( 'NONE', #2426, 0.0009999999999999972000 ) ;
#1641 = PRESENTATION_LAYER_ASSIGNMENT (  '', '', ( #1740 ) ) ;
#1642 = CARTESIAN_POINT ( 'NONE',  ( -2.000000000000009300, -4.878909776184770000E-015, -1.100000000000001400 ) ) ;
#1643 = DIRECTION ( 'NONE',  ( 1.000000000000000000, 0.0000000000000000000, 0.0000000000000000000 ) ) ;
#1644 = LINE ( 'NONE', #659, #182 ) ;
#1645 = VECTOR ( 'NONE', #2062, 1000.000000000000000 ) ;
#1646 = DIRECTION ( 'NONE',  ( 0.0000000000000000000, 1.000000000000000000, 0.0000000000000000000 ) ) ;
#1647 = DIRECTION ( 'NONE',  ( -1.000000000000000000, 0.0000000000000000000, 0.0000000000000000000 ) ) ;
#1648 = LINE ( 'NONE', #1885, #2693 ) ;
#1649 = VECTOR ( 'NONE', #1646, 1000.000000000000000 ) ;
#1650 = DIRECTION ( 'NONE',  ( -9.637352644315596700E-016, 0.0000000000000000000, 1.000000000000000000 ) ) ;
#1651 = ORIENTED_EDGE ( 'NONE', *, *, #1958, .T. ) ;
#1652 = EDGE_CURVE ( 'NONE', #3114, #1820, #2774, .T. ) ;
#1653 = LINE ( 'NONE', #839, #1393 ) ;
#1654 = ORIENTED_EDGE ( 'NONE', *, *, #1790, .F. ) ;
#1655 = FACE_OUTER_BOUND ( 'NONE', #1924, .T. ) ;
#1656 = EDGE_CURVE ( 'NONE', #1820, #1235, #3001, .T. ) ;
#1657 = ADVANCED_FACE ( 'NONE', ( #422 ), #1079, .T. ) ;
#1658 = CIRCLE ( 'NONE', #1134, 0.1510000000000000800 ) ;
#1659 = CARTESIAN_POINT ( 'NONE',  ( 3.399999999999997700, 4.700000000000000200, -1.100000000000001400 ) ) ;
#1660 = CARTESIAN_POINT ( 'NONE',  ( 3.533475737216449400E-016, -1.187201378871627400E-014, 1.600000000000001000 ) ) ;
#1661 = AXIS2_PLACEMENT_3D ( 'NONE', #1353, #3031, #1842 ) ;
#1662 = ORIENTED_EDGE ( 'NONE', *, *, #1036, .F. ) ;
#1663 = CARTESIAN_POINT ( 'NONE',  ( -2.500000000000001300, 5.000000000000000000, 3.249999999999997800 ) ) ;
#1664 = ORIENTED_EDGE ( 'NONE', *, *, #2949, .F. ) ;
#1665 = DIRECTION ( 'NONE',  ( 0.7193398003386495300, 0.0000000000000000000, -0.6946583704589990300 ) ) ;
#1666 = PLANE ( 'NONE',  #2944 ) ;
#1667 = VERTEX_POINT ( 'NONE', #1310 ) ;
#1668 = EDGE_CURVE ( 'NONE', #2734, #19, #1653, .T. ) ;
#1669 = EDGE_LOOP ( 'NONE', ( #1387, #2681, #1583, #2450 ) ) ;
#1670 = DIRECTION ( 'NONE',  ( 0.0000000000000000000, 0.0000000000000000000, 1.000000000000000000 ) ) ;
#1671 = ADVANCED_FACE ( 'NONE', ( #2143 ), #756, .F. ) ;
#1672 = CARTESIAN_POINT ( 'NONE',  ( -3.400000000000002100, 0.1500000000000008300, -1.753182399049027800 ) ) ;
#1673 = PLANE ( 'NONE',  #2003 ) ;
#1674 = ADVANCED_BREP_SHAPE_REPRESENTATION ( 'SPM6550CT-R33L', ( #2231, #793, #826, #2824, #1860, #1983 ), #1343 ) ;
#1675 = EDGE_CURVE ( 'NONE', #830, #817, #1884, .T. ) ;
#1676 = LINE ( 'NONE', #832, #1638 ) ;
#1677 = LINE ( 'NONE', #1035, #105 ) ;
#1678 = AXIS2_PLACEMENT_3D ( 'NONE', #2656, #2150, #701 ) ;
#1679 = EDGE_CURVE ( 'NONE', #2173, #2270, #901, .T. ) ;
#1680 = DIRECTION ( 'NONE',  ( -3.491481338843133400E-015, -1.000000000000000000, -0.0000000000000000000 ) ) ;
#1681 = CIRCLE ( 'NONE', #881, 0.4000000000000001300 ) ;
#1682 = AXIS2_PLACEMENT_3D ( 'NONE', #1901, #945, #1907 ) ;
#1683 = ORIENTED_EDGE ( 'NONE', *, *, #2454, .F. ) ;
#1684 = DIRECTION ( 'NONE',  ( 3.491481338843133400E-015, 1.000000000000000000, 0.0000000000000000000 ) ) ;
#1685 = LINE ( 'NONE', #745, #965 ) ;
#1686 = LINE ( 'NONE', #985, #2543 ) ;
#1687 = CARTESIAN_POINT ( 'NONE',  ( -3.398999999999998700, -2.234358994234725100E-018, 1.600000000000001200 ) ) ;
#1688 = CARTESIAN_POINT ( 'NONE',  ( -3.399694658370460600, 0.3500000000000000300, -1.753477264033156600 ) ) ;
#1689 = ORIENTED_EDGE ( 'NONE', *, *, #2186, .T. ) ;
#1690 = LINE ( 'NONE', #2663, #1801 ) ;
#1691 = ADVANCED_FACE ( 'NONE', ( #2812 ), #862, .F. ) ;
#1692 = ORIENTED_EDGE ( 'NONE', *, *, #2380, .T. ) ;
#1693 = LINE ( 'NONE', #2880, #2662 ) ;
#1694 = CARTESIAN_POINT ( 'NONE',  ( -2.414504473536052100, 2.525000000000000400, -2.704864366577856200 ) ) ;
#1695 = CARTESIAN_POINT ( 'NONE',  ( -2.289999999999999100, 5.000000000000000000, 1.400000000000001900 ) ) ;
#1696 = ORIENTED_EDGE ( 'NONE', *, *, #283, .F. ) ;
#1697 = CIRCLE ( 'NONE', #2759, 0.3000000000000001600 ) ;
#1698 = DIRECTION ( 'NONE',  ( 0.0000000000000000000, 1.000000000000000000, 0.0000000000000000000 ) ) ;
#1699 = ORIENTED_EDGE ( 'NONE', *, *, #478, .F. ) ;
#1700 = LINE ( 'NONE', #1047, #3053 ) ;
#1701 = EDGE_CURVE ( 'NONE', #2931, #2891, #189, .T. ) ;
#1702 = ORIENTED_EDGE ( 'NONE', *, *, #1175, .T. ) ;
#1703 = CARTESIAN_POINT ( 'NONE',  ( -1.916324162696217300, 2.524999999999999900, -1.613160937119324700 ) ) ;
#1704 = AXIS2_PLACEMENT_3D ( 'NONE', #322, #582, #595 ) ;
#1705 = ORIENTED_EDGE ( 'NONE', *, *, #1751, .F. ) ;
#1706 = ADVANCED_FACE ( 'NONE', ( #1045 ), #1951, .T. ) ;
#1707 = ORIENTED_EDGE ( 'NONE', *, *, #569, .T. ) ;
#1708 = VERTEX_POINT ( 'NONE', #1542 ) ;
#1709 = CARTESIAN_POINT ( 'NONE',  ( -2.806439149240361500, 2.525000000000000400, -2.534901988445053900 ) ) ;
#1710 = EDGE_CURVE ( 'NONE', #2643, #523, #1537, .T. ) ;
#1711 = CARTESIAN_POINT ( 'NONE',  ( -1.850000000000001600, 5.000000000000000000, -3.249999999999999600 ) ) ;
#1712 = DIRECTION ( 'NONE',  ( 1.000000000000000000, 0.0000000000000000000, 0.0000000000000000000 ) ) ;
#1713 = ORIENTED_EDGE ( 'NONE', *, *, #959, .T. ) ;
#1714 = VECTOR ( 'NONE', #1360, 1000.000000000000000 ) ;
#1715 = DIRECTION ( 'NONE',  ( -3.469446951953616200E-015, 1.000000000000000000, 0.0000000000000000000 ) ) ;
#1716 = VECTOR ( 'NONE', #65, 1000.000000000000000 ) ;
#1717 = LINE ( 'NONE', #3064, #2921 ) ;
#1718 = FACE_OUTER_BOUND ( 'NONE', #1500, .T. ) ;
#1719 = EDGE_CURVE ( 'NONE', #2379, #1959, #2290, .T. ) ;
#1720 = DIRECTION ( 'NONE',  ( 0.0000000000000000000, 1.000000000000000000, 0.0000000000000000000 ) ) ;
#1721 = EDGE_LOOP ( 'NONE', ( #1023, #42, #1632, #2851 ) ) ;
#1722 = VECTOR ( 'NONE', #119, 1000.000000000000000 ) ;
#1723 = ORIENTED_EDGE ( 'NONE', *, *, #1675, .F. ) ;
#1724 = AXIS2_PLACEMENT_3D ( 'NONE', #2972, #53, #1256 ) ;
#1725 = DIRECTION ( 'NONE',  ( -0.7193398003386495300, 0.0000000000000000000, 0.6946583704589990300 ) ) ;
#1726 = VECTOR ( 'NONE', #741, 1000.000000000000000 ) ;
#1727 = ORIENTED_EDGE ( 'NONE', *, *, #1451, .T. ) ;
#1728 = EDGE_CURVE ( 'NONE', #2889, #2559, #574, .T. ) ;
#1729 = VECTOR ( 'NONE', #2208, 1000.000000000000000 ) ;
#1730 = CARTESIAN_POINT ( 'NONE',  ( 3.503893413939307400, 4.700000000000000200, 1.861378234083952400 ) ) ;
#1731 = CARTESIAN_POINT ( 'NONE',  ( -1.916324162696217300, 2.524999999999999900, -1.613160937119324700 ) ) ;
#1732 = ORIENTED_EDGE ( 'NONE', *, *, #722, .F. ) ;
#1733 = CIRCLE ( 'NONE', #1802, 0.2500000000000002200 ) ;
#1734 = ORIENTED_EDGE ( 'NONE', *, *, #2048, .F. ) ;
#1735 = ORIENTED_EDGE ( 'NONE', *, *, #2896, .T. ) ;
#1736 = EDGE_CURVE ( 'NONE', #968, #272, #2216, .T. ) ;
#1737 = DIRECTION ( 'NONE',  ( 4.647654449016387200E-015, -0.0000000000000000000, 1.000000000000000000 ) ) ;
#1738 = DIRECTION ( 'NONE',  ( 0.0000000000000000000, 0.0000000000000000000, 1.000000000000000000 ) ) ;
#1739 = ORIENTED_EDGE ( 'NONE', *, *, #805, .T. ) ;
#1740 = STYLED_ITEM ( 'NONE', ( #1753 ), #2231 ) ;
#1741 = EDGE_LOOP ( 'NONE', ( #2448, #2480, #2083, #2898 ) ) ;
#1742 = DIRECTION ( 'NONE',  ( 0.0000000000000000000, -1.000000000000000000, -0.0000000000000000000 ) ) ;
#1743 = COLOUR_RGB ( '',0.7921568627450980000, 0.8196078431372548800, 0.9333333333333333500 ) ;
#1744 = DIRECTION ( 'NONE',  ( -1.000000000000000000, 0.0000000000000000000, 0.0000000000000000000 ) ) ;
#1745 = VECTOR ( 'NONE', #2758, 1000.000000000000000 ) ;
#1746 = VECTOR ( 'NONE', #782, 1000.000000000000000 ) ;
#1747 = ORIENTED_EDGE ( 'NONE', *, *, #2501, .F. ) ;
#1748 = CARTESIAN_POINT ( 'NONE',  ( -1.628588242560763400, 2.525000000000000400, -1.891024285302917800 ) ) ;
#1749 = LINE ( 'NONE', #1771, #2320 ) ;
#1750 = CARTESIAN_POINT ( 'NONE',  ( 2.806439149240360200, 2.525000000000000400, 2.534901988445052500 ) ) ;
#1751 = EDGE_CURVE ( 'NONE', #3114, #2827, #1232, .T. ) ;
#1752 = EDGE_LOOP ( 'NONE', ( #1064, #2875, #137, #1683 ) ) ;
#1753 = PRESENTATION_STYLE_ASSIGNMENT (( #2111 ) ) ;
#1754 = LINE ( 'NONE', #3021, #896 ) ;
#1755 = CARTESIAN_POINT ( 'NONE',  ( 2.245354104976212000, 4.700000000000000200, 3.076735517403071300 ) ) ;
#1756 = AXIS2_PLACEMENT_3D ( 'NONE', #1388, #2312, #652 ) ;
#1757 = VERTEX_POINT ( 'NONE', #3037 ) ;
#1758 = FACE_OUTER_BOUND ( 'NONE', #2661, .T. ) ;
#1759 = CARTESIAN_POINT ( 'NONE',  ( -3.399999999999998600, 4.700000000000000200, 0.0000000000000000000 ) ) ;
#1760 = DIRECTION ( 'NONE',  ( 3.491481338843133000E-015, -1.000000000000000000, 0.0000000000000000000 ) ) ;
#1761 = CARTESIAN_POINT ( 'NONE',  ( 2.289999999999998700, 5.000000000000000000, -1.100000000000002300 ) ) ;
#1762 = ORIENTED_EDGE ( 'NONE', *, *, #3143, .F. ) ;
#1763 = LINE ( 'NONE', #1636, #466 ) ;
#1764 = PRODUCT_DEFINITION_FORMATION_WITH_SPECIFIED_SOURCE ( 'ANY', '', #561, .NOT_KNOWN. ) ;
#1765 = DIRECTION ( 'NONE',  ( 3.491481338843133000E-015, -1.000000000000000000, -0.0000000000000000000 ) ) ;
#1766 = CARTESIAN_POINT ( 'NONE',  ( 2.150000000000007500, 4.700000000000004600, -1.000000000000001300 ) ) ;
#1767 = DIRECTION ( 'NONE',  ( -0.0000000000000000000, 0.0000000000000000000, -1.000000000000000000 ) ) ;
#1768 = ORIENTED_EDGE ( 'NONE', *, *, #74, .F. ) ;
#1769 = FACE_OUTER_BOUND ( 'NONE', #396, .T. ) ;
#1770 = EDGE_CURVE ( 'NONE', #1060, #3043, #2731, .T. ) ;
#1771 = CARTESIAN_POINT ( 'NONE',  ( 3.549999999999998500, 4.699999999999999300, -1.000000000000001300 ) ) ;
#1772 = ORIENTED_EDGE ( 'NONE', *, *, #1534, .T. ) ;
#1773 = LINE ( 'NONE', #1789, #2635 ) ;
#1774 = CARTESIAN_POINT ( 'NONE',  ( 2.518703229104902100, 2.525000000000000400, 2.812765336628654000 ) ) ;
#1775 = ORIENTED_EDGE ( 'NONE', *, *, #2375, .F. ) ;
#1776 = CARTESIAN_POINT ( 'NONE',  ( 1.989999999999999500, 4.850000000000005000, 1.000000000000001300 ) ) ;
#1777 = EDGE_CURVE ( 'NONE', #1081, #3126, #1763, .T. ) ;
#1778 = DIRECTION ( 'NONE',  ( -1.000000000000000000, 3.690901012716612800E-015, -0.0000000000000000000 ) ) ;
#1779 = DIRECTION ( 'NONE',  ( 0.0000000000000000000, -1.000000000000000000, 0.0000000000000000000 ) ) ;
#1780 = ORIENTED_EDGE ( 'NONE', *, *, #2831, .F. ) ;
#1781 = AXIS2_PLACEMENT_3D ( 'NONE', #414, #2609, #687 ) ;
#1782 = VERTEX_POINT ( 'NONE', #172 ) ;
#1783 = DIRECTION ( 'NONE',  ( 0.0000000000000000000, 1.000000000000000000, 0.0000000000000000000 ) ) ;
#1784 = ORIENTED_EDGE ( 'NONE', *, *, #443, .F. ) ;
#1785 = CARTESIAN_POINT ( 'NONE',  ( -1.989999999999997800, 4.700000000000000200, 1.100000000000003000 ) ) ;
#1786 = AXIS2_PLACEMENT_3D ( 'NONE', #3096, #2888, #3129 ) ;
#1787 = DIRECTION ( 'NONE',  ( 0.0000000000000000000, 0.0000000000000000000, 1.000000000000000000 ) ) ;
#1788 = DIRECTION ( 'NONE',  ( 2.872058735060938900E-015, -1.000000000000000000, 0.0000000000000000000 ) ) ;
#1789 = CARTESIAN_POINT ( 'NONE',  ( -3.549999999999998500, 4.699999999999999300, 1.000000000000001300 ) ) ;
#1790 = EDGE_CURVE ( 'NONE', #2437, #2364, #156, .T. ) ;
#1791 = LINE ( 'NONE', #131, #409 ) ;
#1792 = LINE ( 'NONE', #1748, #328 ) ;
#1793 = CARTESIAN_POINT ( 'NONE',  ( 3.398999999999998200, 0.1499999999999999900, 1.600000000000001200 ) ) ;
#1794 = DIRECTION ( 'NONE',  ( -1.000000000000000000, 0.0000000000000000000, 0.0000000000000000000 ) ) ;
#1795 = LINE ( 'NONE', #2834, #332 ) ;
#1796 = VECTOR ( 'NONE', #1281, 1000.000000000000000 ) ;
#1797 = DIRECTION ( 'NONE',  ( 0.0000000000000000000, 0.0000000000000000000, 1.000000000000000000 ) ) ;
#1798 = CARTESIAN_POINT ( 'NONE',  ( 2.289999999999999100, 4.700000000000000200, 1.100000000000001900 ) ) ;
#1799 = DIRECTION ( 'NONE',  ( 0.0000000000000000000, 1.000000000000000000, 0.0000000000000000000 ) ) ;
#1800 = EDGE_LOOP ( 'NONE', ( #2523, #2377, #1707, #1243 ) ) ;
#1801 = VECTOR ( 'NONE', #1012, 1000.000000000000000 ) ;
#1802 = AXIS2_PLACEMENT_3D ( 'NONE', #473, #1680, #2199 ) ;
#1803 = EDGE_CURVE ( 'NONE', #1516, #542, #824, .T. ) ;
#1804 = ADVANCED_FACE ( 'NONE', ( #2964 ), #413, .T. ) ;
#1805 = ORIENTED_EDGE ( 'NONE', *, *, #1135, .F. ) ;
#1806 = VECTOR ( 'NONE', #2574, 1000.000000000000000 ) ;
#1807 = CARTESIAN_POINT ( 'NONE',  ( -3.398999999999998200, 0.1499999999999999900, -1.600000000000001400 ) ) ;
#1808 = AXIS2_PLACEMENT_3D ( 'NONE', #3025, #3055, #376 ) ;
#1809 = ORIENTED_EDGE ( 'NONE', *, *, #546, .F. ) ;
#1810 = VECTOR ( 'NONE', #2287, 1000.000000000000000 ) ;
#1811 = CARTESIAN_POINT ( 'NONE',  ( 3.549999999999998500, 4.700000000000000200, -1.100000000000001400 ) ) ;
#1812 = ORIENTED_EDGE ( 'NONE', *, *, #2090, .T. ) ;
#1813 = VECTOR ( 'NONE', #286, 1000.000000000000000 ) ;
#1814 = CARTESIAN_POINT ( 'NONE',  ( 3.398999999999998200, 0.1510000000000000000, 1.100000000000001400 ) ) ;
#1815 = CARTESIAN_POINT ( 'NONE',  ( -3.400000000000001700, 4.700000000000000200, -1.752757924232818200 ) ) ;
#1816 = CARTESIAN_POINT ( 'NONE',  ( 1.916324162696220900, 2.525000000000000400, 1.613160937119315900 ) ) ;
#1817 = ORIENTED_EDGE ( 'NONE', *, *, #2334, .F. ) ;
#1818 = EDGE_CURVE ( 'NONE', #1081, #2517, #1948, .T. ) ;
#1819 = CARTESIAN_POINT ( 'NONE',  ( -2.000000000000009300, -4.878909776184770000E-015, 1.600000000000001200 ) ) ;
#1820 = VERTEX_POINT ( 'NONE', #2568 ) ;
#1821 = ORIENTED_EDGE ( 'NONE', *, *, #1399, .F. ) ;
#1822 = CARTESIAN_POINT ( 'NONE',  ( 1.989999999999999100, 4.700000000000005500, 0.0000000000000000000 ) ) ;
#1823 = ADVANCED_FACE ( 'NONE', ( #1189 ), #905, .F. ) ;
#1824 =( NAMED_UNIT ( * ) PLANE_ANGLE_UNIT ( ) SI_UNIT ( $, .RADIAN. ) );
#1825 = ORIENTED_EDGE ( 'NONE', *, *, #2155, .T. ) ;
#1826 = EDGE_CURVE ( 'NONE', #1173, #111, #2890, .T. ) ;
#1827 = DIRECTION ( 'NONE',  ( 1.000000000000000000, 0.0000000000000000000, 0.0000000000000000000 ) ) ;
#1828 = CARTESIAN_POINT ( 'NONE',  ( -2.250000000000008900, -4.015203539669568600E-015, -1.600000000000001400 ) ) ;
#1829 = VERTEX_POINT ( 'NONE', #138 ) ;
#1830 = AXIS2_PLACEMENT_3D ( 'NONE', #2013, #518, #811 ) ;
#1831 = DIRECTION ( 'NONE',  ( 1.000000000000000000, 0.0000000000000000000, -1.548860246407875200E-016 ) ) ;
#1832 = DIRECTION ( 'NONE',  ( 0.0000000000000000000, 0.0000000000000000000, 1.000000000000000000 ) ) ;
#1833 = DIRECTION ( 'NONE',  ( -6.639506355737724100E-016, 0.0000000000000000000, -1.000000000000000000 ) ) ;
#1834 = CIRCLE ( 'NONE', #1174, 0.001000000000000132700 ) ;
#1835 = CARTESIAN_POINT ( 'NONE',  ( -3.399999999999999000, 4.850000000000000500, -1.000000000000001300 ) ) ;
#1836 = CARTESIAN_POINT ( 'NONE',  ( -1.790086991167561700E-014, 4.700000000000012600, 1.000000000000001300 ) ) ;
#1837 = COLOUR_RGB ( '',0.7921568627450980000, 0.8196078431372548800, 0.9333333333333333500 ) ;
#1838 = EDGE_CURVE ( 'NONE', #1930, #772, #153, .T. ) ;
#1839 = ADVANCED_FACE ( 'NONE', ( #2403 ), #1617, .F. ) ;
#1840 = ORIENTED_EDGE ( 'NONE', *, *, #359, .F. ) ;
#1841 = LINE ( 'NONE', #3062, #2573 ) ;
#1842 = DIRECTION ( 'NONE',  ( 0.0000000000000000000, 0.0000000000000000000, -1.000000000000000000 ) ) ;
#1843 = DIRECTION ( 'NONE',  ( 3.469446951953616600E-015, -1.000000000000000000, -0.0000000000000000000 ) ) ;
#1844 = ORIENTED_EDGE ( 'NONE', *, *, #3086, .T. ) ;
#1845 = VECTOR ( 'NONE', #2999, 1000.000000000000000 ) ;
#1846 = VECTOR ( 'NONE', #909, 1000.000000000000000 ) ;
#1847 = DIRECTION ( 'NONE',  ( -1.000000000000000000, -3.690901012716612800E-015, 0.0000000000000000000 ) ) ;
#1848 = VERTEX_POINT ( 'NONE', #1359 ) ;
#1849 = VECTOR ( 'NONE', #3049, 1000.000000000000000 ) ;
#1850 = CARTESIAN_POINT ( 'NONE',  ( -1.850000000000001600, -9.406912352095130100, -3.249999999999999600 ) ) ;
#1851 = AXIS2_PLACEMENT_3D ( 'NONE', #1961, #1720, #1941 ) ;
#1852 = VERTEX_POINT ( 'NONE', #1590 ) ;
#1853 = LINE ( 'NONE', #801, #1887 ) ;
#1854 = ORIENTED_EDGE ( 'NONE', *, *, #2737, .T. ) ;
#1855 = AXIS2_PLACEMENT_3D ( 'NONE', #1166, #955, #167 ) ;
#1856 = DIRECTION ( 'NONE',  ( 0.0000000000000000000, 1.000000000000000000, 0.0000000000000000000 ) ) ;
#1857 = CLOSED_SHELL ( 'NONE', ( #417, #1206, #1576, #2582 ) ) ;
#1858 = ADVANCED_FACE ( 'NONE', ( #1354 ), #1121, .F. ) ;
#1859 = APPLICATION_PROTOCOL_DEFINITION ( 'draft international standard', 'automotive_design', 1998, #136 ) ;
#1860 = MANIFOLD_SOLID_BREP ( 'Boss-Extrude6', #634 ) ;
#1861 = DIRECTION ( 'NONE',  ( 1.000000000000000000, -1.745456090532417000E-046, -4.647654449016387200E-015 ) ) ;
#1862 = EDGE_LOOP ( 'NONE', ( #2124, #2646, #755, #114, #3105, #2457, #1762, #3081 ) ) ;
#1863 = DIRECTION ( 'NONE',  ( 0.0000000000000000000, 0.0000000000000000000, 1.000000000000000000 ) ) ;
#1864 = VERTEX_POINT ( 'NONE', #1694 ) ;
#1865 = DIRECTION ( 'NONE',  ( -0.0000000000000000000, -1.000000000000000000, -0.0000000000000000000 ) ) ;
#1866 = ORIENTED_EDGE ( 'NONE', *, *, #884, .F. ) ;
#1867 = CARTESIAN_POINT ( 'NONE',  ( -2.289999999999999600, 4.700000000000000200, -1.100000000000001400 ) ) ;
#1868 = DIRECTION ( 'NONE',  ( 0.0000000000000000000, 0.0000000000000000000, 1.000000000000000000 ) ) ;
#1869 = EDGE_CURVE ( 'NONE', #1848, #2137, #2099, .T. ) ;
#1870 = EDGE_LOOP ( 'NONE', ( #1230, #3000, #1935 ) ) ;
#1871 = DIRECTION ( 'NONE',  ( 1.304604148160810300E-016, 0.0000000000000000000, -1.000000000000000000 ) ) ;
#1872 = DIRECTION ( 'NONE',  ( -0.0000000000000000000, -0.0000000000000000000, -1.000000000000000000 ) ) ;
#1873 = ADVANCED_FACE ( 'NONE', ( #2997, #1758 ), #960, .T. ) ;
#1874 = AXIS2_PLACEMENT_3D ( 'NONE', #2570, #1585, #2072 ) ;
#1875 = CARTESIAN_POINT ( 'NONE',  ( -2.310000000000007200, 4.700000000000003700, -1.000000000000001300 ) ) ;
#1876 = CARTESIAN_POINT ( 'NONE',  ( 3.549999999999998000, 0.3500000000000000300, 1.600000000000000500 ) ) ;
#1877 = SURFACE_SIDE_STYLE ('',( #1264 ) ) ;
#1878 = CLOSED_SHELL ( 'NONE', ( #1671, #619, #2884, #2304, #2817, #2611, #672, #2802, #133, #164, #1101, #929, #434, #3046, #1222, #2116, #1554, #1341, #2049, #2789, #1473, #3013, #383, #689 ) ) ;
#1879 = LINE ( 'NONE', #497, #1419 ) ;
#1880 = EDGE_CURVE ( 'NONE', #1114, #2386, #1120, .T. ) ;
#1881 = ORIENTED_EDGE ( 'NONE', *, *, #2688, .T. ) ;
#1882 = PLANE ( 'NONE',  #2526 ) ;
#1883 = ORIENTED_EDGE ( 'NONE', *, *, #2040, .T. ) ;
#1884 = LINE ( 'NONE', #1836, #3045 ) ;
#1885 = CARTESIAN_POINT ( 'NONE',  ( -2.000000000000009300, -4.878909776184770000E-015, -1.350000000000001400 ) ) ;
#1886 = ORIENTED_EDGE ( 'NONE', *, *, #2396, .F. ) ;
#1887 = VECTOR ( 'NONE', #1042, 1000.000000000000000 ) ;
#1888 = CARTESIAN_POINT ( 'NONE',  ( 3.398999999999998200, 0.1499999999999999900, -1.100000000000001400 ) ) ;
#1889 = EDGE_CURVE ( 'NONE', #1275, #477, #39, .T. ) ;
#1890 = ORIENTED_EDGE ( 'NONE', *, *, #2581, .F. ) ;
#1891 = CARTESIAN_POINT ( 'NONE',  ( -3.549999999999998500, 4.700000000000000200, 1.600000000000001400 ) ) ;
#1892 = CARTESIAN_POINT ( 'NONE',  ( 3.399999999999997700, 5.000000000000000000, -1.100000000000001400 ) ) ;
#1893 = AXIS2_PLACEMENT_3D ( 'NONE', #820, #784, #1767 ) ;
#1894 = CARTESIAN_POINT ( 'NONE',  ( -3.549999999999998500, 0.0000000000000000000, -1.600000000000001400 ) ) ;
#1895 = ORIENTED_EDGE ( 'NONE', *, *, #99, .F. ) ;
#1896 = DIRECTION ( 'NONE',  ( 1.000000000000000000, 0.0000000000000000000, 0.0000000000000000000 ) ) ;
#1897 = ORIENTED_EDGE ( 'NONE', *, *, #2923, .F. ) ;
#1898 = EDGE_CURVE ( 'NONE', #158, #641, #2433, .T. ) ;
#1899 = VERTEX_POINT ( 'NONE', #3094 ) ;
#1900 = ADVANCED_FACE ( 'NONE', ( #1608 ), #1441, .F. ) ;
#1901 = CARTESIAN_POINT ( 'NONE',  ( -3.399999999999998600, 0.0000000000000000000, 0.0000000000000000000 ) ) ;
#1902 = ORIENTED_EDGE ( 'NONE', *, *, #878, .F. ) ;
#1903 = EDGE_CURVE ( 'NONE', #151, #2300, #1690, .T. ) ;
#1904 = DIRECTION ( 'NONE',  ( -0.7193398003386494200, 0.0000000000000000000, 0.6946583704589991400 ) ) ;
#1905 = EDGE_CURVE ( 'NONE', #1253, #2230, #3115, .T. ) ;
#1906 = AXIS2_PLACEMENT_3D ( 'NONE', #57, #1009, #2934 ) ;
#1907 = DIRECTION ( 'NONE',  ( 0.0000000000000000000, 0.0000000000000000000, 1.000000000000000000 ) ) ;
#1908 = LINE ( 'NONE', #946, #2053 ) ;
#1909 = VECTOR ( 'NONE', #899, 1000.000000000000000 ) ;
#1910 = CARTESIAN_POINT ( 'NONE',  ( -3.399999999999998600, 5.000000000000000000, -1.099999999999999600 ) ) ;
#1911 = ADVANCED_FACE ( 'NONE', ( #752 ), #222, .T. ) ;
#1912 = CARTESIAN_POINT ( 'NONE',  ( 3.094175069375817000, 2.525000000000000400, 2.257038640261451100 ) ) ;
#1913 = ORIENTED_EDGE ( 'NONE', *, *, #1414, .F. ) ;
#1914 = FACE_OUTER_BOUND ( 'NONE', #2769, .T. ) ;
#1915 = CYLINDRICAL_SURFACE ( 'NONE', #2801, 0.1510000000000000000 ) ;
#1916 = CARTESIAN_POINT ( 'NONE',  ( -3.399000000000001400, 0.3500000000000000300, -1.752757924232818200 ) ) ;
#1917 = ORIENTED_EDGE ( 'NONE', *, *, #66, .T. ) ;
#1918 = EDGE_CURVE ( 'NONE', #1667, #248, #1155, .T. ) ;
#1919 = DIRECTION ( 'NONE',  ( -0.0000000000000000000, -1.000000000000000000, -0.0000000000000000000 ) ) ;
#1920 = DIRECTION ( 'NONE',  ( -0.6946583704590041400, 6.126356945420925900E-018, -0.7193398003386446400 ) ) ;
#1921 = ORIENTED_EDGE ( 'NONE', *, *, #2519, .F. ) ;
#1922 = CIRCLE ( 'NONE', #238, 0.1599999999999999800 ) ;
#1923 = DIRECTION ( 'NONE',  ( 0.7193398003386495300, 0.0000000000000000000, -0.6946583704589990300 ) ) ;
#1924 = EDGE_LOOP ( 'NONE', ( #2098, #216, #1601, #195, #385, #2555, #2134, #1282 ) ) ;
#1925 = EDGE_CURVE ( 'NONE', #1060, #1945, #2585, .T. ) ;
#1926 = VECTOR ( 'NONE', #510, 1000.000000000000000 ) ;
#1927 = ORIENTED_EDGE ( 'NONE', *, *, #478, .T. ) ;
#1928 = DIRECTION ( 'NONE',  ( 0.0000000000000000000, 0.0000000000000000000, -1.000000000000000000 ) ) ;
#1929 = COLOUR_RGB ( '',0.7921568627450980000, 0.8196078431372548800, 0.9333333333333333500 ) ;
#1930 = VERTEX_POINT ( 'NONE', #1233 ) ;
#1931 = DIRECTION ( 'NONE',  ( -1.000000000000000000, 3.690901012716612800E-015, 0.0000000000000000000 ) ) ;
#1932 = ORIENTED_EDGE ( 'NONE', *, *, #2660, .T. ) ;
#1933 = EDGE_CURVE ( 'NONE', #2230, #2885, #532, .T. ) ;
#1934 = ORIENTED_EDGE ( 'NONE', *, *, #843, .F. ) ;
#1935 = ORIENTED_EDGE ( 'NONE', *, *, #1589, .T. ) ;
#1936 = DIRECTION ( 'NONE',  ( 0.6946583704590041400, -2.667062399387467600E-016, 0.7193398003386445300 ) ) ;
#1937 = PLANE ( 'NONE',  #976 ) ;
#1938 = SURFACE_STYLE_FILL_AREA ( #891 ) ;
#1939 = LINE ( 'NONE', #2593, #1108 ) ;
#1940 = CARTESIAN_POINT ( 'NONE',  ( -3.399999999999999000, 4.850000000000000500, -1.000000000000001300 ) ) ;
#1941 = DIRECTION ( 'NONE',  ( 0.0000000000000000000, 0.0000000000000000000, 1.000000000000000000 ) ) ;
#1942 = CARTESIAN_POINT ( 'NONE',  ( 2.141155349407362100, 0.3499999999999992000, 2.968834547352274400 ) ) ;
#1943 = VECTOR ( 'NONE', #681, 1000.000000000000000 ) ;
#1944 = DIRECTION ( 'NONE',  ( -0.7193398003386495300, 0.0000000000000000000, 0.6946583704589990300 ) ) ;
#1945 = VERTEX_POINT ( 'NONE', #1711 ) ;
#1946 = LINE ( 'NONE', #2873, #1300 ) ;
#1947 = VERTEX_POINT ( 'NONE', #1940 ) ;
#1948 = LINE ( 'NONE', #1130, #1849 ) ;
#1949 = EDGE_CURVE ( 'NONE', #3035, #620, #78, .T. ) ;
#1950 = ORIENTED_EDGE ( 'NONE', *, *, #1482, .F. ) ;
#1951 = CYLINDRICAL_SURFACE ( 'NONE', #1977, 0.1510000000000000000 ) ;
#1952 = DIRECTION ( 'NONE',  ( 1.000000000000000000, 5.421010862427523000E-015, 0.0000000000000000000 ) ) ;
#1953 = ORIENTED_EDGE ( 'NONE', *, *, #989, .T. ) ;
#1954 = FACE_OUTER_BOUND ( 'NONE', #2487, .T. ) ;
#1955 = CARTESIAN_POINT ( 'NONE',  ( -1.916324162696223300, 2.525000000000000400, -1.613160937119318100 ) ) ;
#1956 = ORIENTED_EDGE ( 'NONE', *, *, #695, .T. ) ;
#1957 = PRESENTATION_LAYER_ASSIGNMENT (  '', '', ( #2866 ) ) ;
#1958 = EDGE_CURVE ( 'NONE', #3093, #2889, #2473, .T. ) ;
#1959 = VERTEX_POINT ( 'NONE', #20 ) ;
#1960 = CARTESIAN_POINT ( 'NONE',  ( -2.245354104976215100, -2.277411492777087400, -3.076735517403073500 ) ) ;
#1961 = CARTESIAN_POINT ( 'NONE',  ( 3.398999999999998200, 0.3500000000000000300, 1.752757924232816400 ) ) ;
#1962 = EDGE_LOOP ( 'NONE', ( #1538, #2540 ) ) ;
#1963 = AXIS2_PLACEMENT_3D ( 'NONE', #240, #2198, #2443 ) ;
#1964 = ORIENTED_EDGE ( 'NONE', *, *, #2501, .T. ) ;
#1965 = DIRECTION ( 'NONE',  ( 0.0000000000000000000, 0.0000000000000000000, -1.000000000000000000 ) ) ;
#1966 = PLANE ( 'NONE',  #1367 ) ;
#1967 = ORIENTED_EDGE ( 'NONE', *, *, #1656, .F. ) ;
#1968 = ORIENTED_EDGE ( 'NONE', *, *, #1128, .T. ) ;
#1969 = EDGE_CURVE ( 'NONE', #1820, #2903, #463, .T. ) ;
#1970 = ORIENTED_EDGE ( 'NONE', *, *, #2415, .T. ) ;
#1971 = FACE_OUTER_BOUND ( 'NONE', #2408, .T. ) ;
#1972 = DIRECTION ( 'NONE',  ( 1.000000000000000000, 3.690901012716612800E-015, 0.0000000000000000000 ) ) ;
#1973 = EDGE_CURVE ( 'NONE', #190, #3126, #1426, .T. ) ;
#1974 = VECTOR ( 'NONE', #432, 1000.000000000000000 ) ;
#1975 = VECTOR ( 'NONE', #76, 1000.000000000000000 ) ;
#1976 = CIRCLE ( 'NONE', #1054, 0.1599999999999999800 ) ;
#1977 = AXIS2_PLACEMENT_3D ( 'NONE', #1814, #2536, #1788 ) ;
#1978 = AXIS2_PLACEMENT_3D ( 'NONE', #924, #152, #2832 ) ;
#1979 = CARTESIAN_POINT ( 'NONE',  ( -2.500000000000001300, 5.000000000000000000, 2.349999999999997900 ) ) ;
#1980 = ORIENTED_EDGE ( 'NONE', *, *, #2090, .F. ) ;
#1981 = CIRCLE ( 'NONE', #2927, 0.4000000000000001300 ) ;
#1982 = VECTOR ( 'NONE', #2051, 1000.000000000000000 ) ;
#1983 = AXIS2_PLACEMENT_3D ( 'NONE', #94, #1868, #1896 ) ;
#1984 = CARTESIAN_POINT ( 'NONE',  ( 3.399999999999999000, 4.850000000000000500, 1.000000000000001300 ) ) ;
#1985 = CARTESIAN_POINT ( 'NONE',  ( -2.289999999999999100, 4.700000000000000200, 1.100000000000001900 ) ) ;
#1986 = EDGE_LOOP ( 'NONE', ( #1192, #1486, #1866, #1246 ) ) ;
#1987 = VECTOR ( 'NONE', #1415, 1000.000000000000000 ) ;
#1988 = ORIENTED_EDGE ( 'NONE', *, *, #1869, .T. ) ;
#1989 = EDGE_CURVE ( 'NONE', #128, #830, #3041, .T. ) ;
#1990 = VECTOR ( 'NONE', #84, 1000.000000000000000 ) ;
#1991 = CARTESIAN_POINT ( 'NONE',  ( 3.399999999999999000, 4.850000000000000500, -1.000000000000001300 ) ) ;
#1992 = ORIENTED_EDGE ( 'NONE', *, *, #2238, .F. ) ;
#1993 = CARTESIAN_POINT ( 'NONE',  ( -3.400000000000001700, 4.700000000000000200, 1.600000000000001400 ) ) ;
#1994 = LINE ( 'NONE', #1888, #1578 ) ;
#1995 = ORIENTED_EDGE ( 'NONE', *, *, #2404, .T. ) ;
#1996 = CIRCLE ( 'NONE', #2281, 0.3000000000000001600 ) ;
#1997 = DIRECTION ( 'NONE',  ( -3.491481338843133000E-015, -1.000000000000000000, 0.0000000000000000000 ) ) ;
#1998 = DIRECTION ( 'NONE',  ( 1.000000000000000000, 5.421010862427523000E-015, 0.0000000000000000000 ) ) ;
#1999 = CARTESIAN_POINT ( 'NONE',  ( 3.398999999999998700, 0.0000000000000000000, -1.100000000000001400 ) ) ;
#2000 = VERTEX_POINT ( 'NONE', #2620 ) ;
#2001 = AXIS2_PLACEMENT_3D ( 'NONE', #2537, #2854, #2592 ) ;
#2002 = VERTEX_POINT ( 'NONE', #2337 ) ;
#2003 = AXIS2_PLACEMENT_3D ( 'NONE', #2158, #2436, #247 ) ;
#2004 = EDGE_LOOP ( 'NONE', ( #594, #2943, #60, #3063, #2564, #2807 ) ) ;
#2005 = CARTESIAN_POINT ( 'NONE',  ( -3.400000000000001700, -2.277411492777087400, -1.753182399049027800 ) ) ;
#2006 = CARTESIAN_POINT ( 'NONE',  ( 3.399999999999999000, 0.1500000000000008300, 1.753182399049025400 ) ) ;
#2007 = EDGE_CURVE ( 'NONE', #2629, #930, #898, .T. ) ;
#2008 = VERTEX_POINT ( 'NONE', #1071 ) ;
#2009 = CARTESIAN_POINT ( 'NONE',  ( 3.398999999999998200, 0.1499999999999999900, -1.600000000000001400 ) ) ;
#2010 = LINE ( 'NONE', #2560, #371 ) ;
#2011 = LINE ( 'NONE', #1262, #2988 ) ;
#2012 = CARTESIAN_POINT ( 'NONE',  ( 3.398999999999998200, 4.700000000000000200, 1.752757924232816400 ) ) ;
#2013 = CARTESIAN_POINT ( 'NONE',  ( -3.399000000000001400, -2.277411492777087400, -1.752757924232818200 ) ) ;
#2014 = VECTOR ( 'NONE', #2687, 1000.000000000000000 ) ;
#2015 = CARTESIAN_POINT ( 'NONE',  ( 2.589999999999998500, 4.700000000000000200, -1.099999999999999600 ) ) ;
#2016 = EDGE_CURVE ( 'NONE', #282, #151, #662, .T. ) ;
#2017 = ORIENTED_EDGE ( 'NONE', *, *, #2282, .T. ) ;
#2018 = VECTOR ( 'NONE', #2081, 1000.000000000000000 ) ;
#2019 = DIRECTION ( 'NONE',  ( -1.000000000000000000, 0.0000000000000000000, 0.0000000000000000000 ) ) ;
#2020 = AXIS2_PLACEMENT_3D ( 'NONE', #624, #866, #2541 ) ;
#2021 = ORIENTED_EDGE ( 'NONE', *, *, #1325, .F. ) ;
#2022 = COLOUR_RGB ( '',1.000000000000000000, 0.5019607843137254800, 0.5019607843137254800 ) ;
#2023 = DIRECTION ( 'NONE',  ( -3.491481338843133000E-015, 1.000000000000000000, 0.0000000000000000000 ) ) ;
#2024 = DIRECTION ( 'NONE',  ( -0.0000000000000000000, -0.0000000000000000000, 1.000000000000000000 ) ) ;
#2025 = EDGE_LOOP ( 'NONE', ( #1366, #360, #1489, #2823 ) ) ;
#2026 = VECTOR ( 'NONE', #893, 1000.000000000000000 ) ;
#2027 = DIRECTION ( 'NONE',  ( 0.0000000000000000000, 0.0000000000000000000, 1.000000000000000000 ) ) ;
#2028 = DIRECTION ( 'NONE',  ( 0.6946583704589990300, 1.205040183019048100E-018, 0.7193398003386495300 ) ) ;
#2029 = VECTOR ( 'NONE', #638, 1000.000000000000000 ) ;
#2030 = EDGE_CURVE ( 'NONE', #2333, #1864, #378, .T. ) ;
#2031 = ORIENTED_EDGE ( 'NONE', *, *, #2344, .F. ) ;
#2032 = DIRECTION ( 'NONE',  ( 0.0000000000000000000, 0.0000000000000000000, 1.000000000000000000 ) ) ;
#2033 = VERTEX_POINT ( 'NONE', #1785 ) ;
#2034 = CARTESIAN_POINT ( 'NONE',  ( 2.150000000000007900, 4.700000000000004600, 1.000000000000001300 ) ) ;
#2035 = EDGE_LOOP ( 'NONE', ( #2017, #1964, #2749, #2043 ) ) ;
#2036 = DIRECTION ( 'NONE',  ( 3.491481338843133400E-015, 1.000000000000000000, 0.0000000000000000000 ) ) ;
#2037 = SURFACE_SIDE_STYLE ('',( #2987 ) ) ;
#2038 = EDGE_LOOP ( 'NONE', ( #1183, #2063, #438 ) ) ;
#2039 = STYLED_ITEM ( 'NONE', ( #969 ), #1860 ) ;
#2040 = EDGE_CURVE ( 'NONE', #344, #2594, #149, .T. ) ;
#2041 = VERTEX_POINT ( 'NONE', #2277 ) ;
#2042 = CARTESIAN_POINT ( 'NONE',  ( 3.399999999999998600, 4.700000000000000200, -1.000000000000001300 ) ) ;
#2043 = ORIENTED_EDGE ( 'NONE', *, *, #1218, .F. ) ;
#2044 = AXIS2_PLACEMENT_3D ( 'NONE', #336, #1099, #876 ) ;
#2045 = ORIENTED_EDGE ( 'NONE', *, *, #3117, .F. ) ;
#2046 = DIRECTION ( 'NONE',  ( 0.0000000000000000000, 0.0000000000000000000, 1.000000000000000000 ) ) ;
#2047 = CARTESIAN_POINT ( 'NONE',  ( 2.250000000000008900, -4.016180776319193500E-015, -1.600000000000001400 ) ) ;
#2048 = EDGE_CURVE ( 'NONE', #1061, #2945, #2721, .T. ) ;
#2049 = ADVANCED_FACE ( 'NONE', ( #2469 ), #2710, .F. ) ;
#2050 = VECTOR ( 'NONE', #541, 1000.000000000000100 ) ;
#2051 = DIRECTION ( 'NONE',  ( -1.000000000000000000, -1.734723475976806500E-018, 6.639506355737724100E-016 ) ) ;
#2052 = DIRECTION ( 'NONE',  ( 0.7193398003386495300, 0.0000000000000000000, -0.6946583704589990300 ) ) ;
#2053 = VECTOR ( 'NONE', #788, 1000.000000000000000 ) ;
#2054 = FACE_OUTER_BOUND ( 'NONE', #2117, .T. ) ;
#2055 = CARTESIAN_POINT ( 'NONE',  ( 2.589999999999999400, 5.000000000000000000, 1.099999999999999200 ) ) ;
#2056 = PLANE ( 'NONE',  #2044 ) ;
#2057 = VECTOR ( 'NONE', #345, 1000.000000000000000 ) ;
#2058 = CIRCLE ( 'NONE', #1661, 0.3000000000000001600 ) ;
#2059 = EDGE_CURVE ( 'NONE', #772, #610, #1530, .T. ) ;
#2060 = ORIENTED_EDGE ( 'NONE', *, *, #2957, .F. ) ;
#2061 = CARTESIAN_POINT ( 'NONE',  ( -3.503893413939310500, -2.277411492777087400, -1.861378234083954400 ) ) ;
#2062 = DIRECTION ( 'NONE',  ( -0.0000000000000000000, 1.000000000000000000, -0.0000000000000000000 ) ) ;
#2063 = ORIENTED_EDGE ( 'NONE', *, *, #569, .F. ) ;
#2064 = LINE ( 'NONE', #2474, #2627 ) ;
#2065 = ADVANCED_FACE ( 'NONE', ( #1914 ), #540, .T. ) ;
#2066 = DIRECTION ( 'NONE',  ( -1.000000000000000000, -3.491481338843130200E-015, 0.0000000000000000000 ) ) ;
#2067 = EDGE_LOOP ( 'NONE', ( #1625, #2371, #2128, #2705 ) ) ;
#2068 = LINE ( 'NONE', #676, #2703 ) ;
#2069 =( LENGTH_UNIT ( ) NAMED_UNIT ( * ) SI_UNIT ( .MILLI., .METRE. ) );
#2070 = ORIENTED_EDGE ( 'NONE', *, *, #2367, .T. ) ;
#2071 = FACE_OUTER_BOUND ( 'NONE', #940, .T. ) ;
#2072 = DIRECTION ( 'NONE',  ( 0.0000000000000000000, 0.0000000000000000000, -1.000000000000000000 ) ) ;
#2073 = EDGE_LOOP ( 'NONE', ( #1953, #1285, #420, #792 ) ) ;
#2074 = DIRECTION ( 'NONE',  ( -3.491481338843133000E-015, 1.000000000000000000, 0.0000000000000000000 ) ) ;
#2075 = ORIENTED_EDGE ( 'NONE', *, *, #1325, .T. ) ;
#2076 = EDGE_CURVE ( 'NONE', #2734, #1052, #1003, .T. ) ;
#2077 =( NAMED_UNIT ( * ) PLANE_ANGLE_UNIT ( ) SI_UNIT ( $, .RADIAN. ) );
#2078 = CARTESIAN_POINT ( 'NONE',  ( -2.250000000000008400, 0.1499999999999959700, -1.350000000000001400 ) ) ;
#2079 = ORIENTED_EDGE ( 'NONE', *, *, #208, .F. ) ;
#2080 = ADVANCED_FACE ( 'NONE', ( #2542 ), #300, .T. ) ;
#2081 = DIRECTION ( 'NONE',  ( 1.000000000000000000, 3.491481338843133400E-015, 0.0000000000000000000 ) ) ;
#2082 = CARTESIAN_POINT ( 'NONE',  ( -3.549999999999998500, 0.3500000000000000300, -1.599999999999999000 ) ) ;
#2083 = ORIENTED_EDGE ( 'NONE', *, *, #2136, .F. ) ;
#2084 = CARTESIAN_POINT ( 'NONE',  ( -2.250000000000008900, -4.006039441473986600E-015, -1.350000000000001400 ) ) ;
#2085 = LINE ( 'NONE', #2191, #956 ) ;
#2086 = LINE ( 'NONE', #2279, #1975 ) ;
#2087 = DIRECTION ( 'NONE',  ( 0.0000000000000000000, 0.0000000000000000000, 1.000000000000000000 ) ) ;
#2088 = VECTOR ( 'NONE', #110, 1000.000000000000000 ) ;
#2089 = CARTESIAN_POINT ( 'NONE',  ( -3.549999999999998500, 4.700000000000000200, -1.100000000000001400 ) ) ;
#2090 = EDGE_CURVE ( 'NONE', #100, #2173, #1350, .T. ) ;
#2091 = VECTOR ( 'NONE', #2613, 1000.000000000000000 ) ;
#2092 = DIRECTION ( 'NONE',  ( 0.0000000000000000000, 0.0000000000000000000, -1.000000000000000000 ) ) ;
#2093 = ORIENTED_EDGE ( 'NONE', *, *, #684, .F. ) ;
#2094 = CIRCLE ( 'NONE', #2985, 0.4000000000000001300 ) ;
#2095 = LINE ( 'NONE', #729, #618 ) ;
#2096 = DIRECTION ( 'NONE',  ( 0.0000000000000000000, 1.000000000000000000, 0.0000000000000000000 ) ) ;
#2097 = ADVANCED_FACE ( 'NONE', ( #1497 ), #628, .T. ) ;
#2098 = ORIENTED_EDGE ( 'NONE', *, *, #3083, .T. ) ;
#2099 = LINE ( 'NONE', #914, #3075 ) ;
#2100 = SURFACE_SIDE_STYLE ('',( #2260 ) ) ;
#2101 = AXIS2_PLACEMENT_3D ( 'NONE', #2776, #1548, #1833 ) ;
#2102 = ORIENTED_EDGE ( 'NONE', *, *, #2356, .T. ) ;
#2103 = EDGE_CURVE ( 'NONE', #700, #1173, #702, .T. ) ;
#2104 = VECTOR ( 'NONE', #1997, 1000.000000000000000 ) ;
#2105 = DIRECTION ( 'NONE',  ( 0.7193398003386493000, 0.0000000000000000000, -0.6946583704589991400 ) ) ;
#2106 = ORIENTED_EDGE ( 'NONE', *, *, #1818, .F. ) ;
#2107 = CYLINDRICAL_SURFACE ( 'NONE', #3107, 0.2500000000000002200 ) ;
#2108 = STYLED_ITEM ( 'NONE', ( #250 ), #1674 ) ;
#2109 = ORIENTED_EDGE ( 'NONE', *, *, #18, .T. ) ;
#2110 = LINE ( 'NONE', #875, #165 ) ;
#2111 = SURFACE_STYLE_USAGE ( .BOTH. , #674 ) ;
#2112 =( LENGTH_UNIT ( ) NAMED_UNIT ( * ) SI_UNIT ( .MILLI., .METRE. ) );
#2113 = ORIENTED_EDGE ( 'NONE', *, *, #2375, .T. ) ;
#2114 = PLANE ( 'NONE',  #294 ) ;
#2115 = CARTESIAN_POINT ( 'NONE',  ( -3.549999999999998500, 4.699999999999999300, -1.000000000000001300 ) ) ;
#2116 = ADVANCED_FACE ( 'NONE', ( #292 ), #2246, .F. ) ;
#2117 = EDGE_LOOP ( 'NONE', ( #129, #678, #205, #2820 ) ) ;
#2118 = CARTESIAN_POINT ( 'NONE',  ( -3.399999999999998600, 0.1510000000000000000, 1.600000000000001200 ) ) ;
#2119 = EDGE_LOOP ( 'NONE', ( #900, #552, #987, #261, #515, #647, #1988, #363 ) ) ;
#2120 = CARTESIAN_POINT ( 'NONE',  ( 2.806439149240359300, 2.525000000000000400, 2.534901988445052500 ) ) ;
#2121 = ORIENTED_EDGE ( 'NONE', *, *, #1472, .T. ) ;
#2122 = SURFACE_SIDE_STYLE ('',( #1938 ) ) ;
#2123 = EDGE_CURVE ( 'NONE', #2222, #1288, #2094, .T. ) ;
#2124 = ORIENTED_EDGE ( 'NONE', *, *, #1135, .T. ) ;
#2125 = DIRECTION ( 'NONE',  ( 0.0000000000000000000, 1.000000000000000000, 0.0000000000000000000 ) ) ;
#2126 = CARTESIAN_POINT ( 'NONE',  ( 2.250000000000008900, -4.016180776319193500E-015, 1.600000000000001400 ) ) ;
#2127 = DIRECTION ( 'NONE',  ( 1.971276677246368100E-016, 0.0000000000000000000, 1.000000000000000000 ) ) ;
#2128 = ORIENTED_EDGE ( 'NONE', *, *, #916, .F. ) ;
#2129 = AXIS2_PLACEMENT_3D ( 'NONE', #1499, #320, #232 ) ;
#2130 = DIRECTION ( 'NONE',  ( 1.000000000000000000, 0.0000000000000000000, 0.0000000000000000000 ) ) ;
#2131 = APPLICATION_CONTEXT ( 'automotive_design' ) ;
#2132 = DIRECTION ( 'NONE',  ( -0.6946583704589992500, -1.205040183019048400E-018, -0.7193398003386494200 ) ) ;
#2133 = CARTESIAN_POINT ( 'NONE',  ( 2.150000000000008300, 4.850000000000004100, 1.000000000000001300 ) ) ;
#2134 = ORIENTED_EDGE ( 'NONE', *, *, #684, .T. ) ;
#2135 = VECTOR ( 'NONE', #1041, 1000.000000000000000 ) ;
#2136 = EDGE_CURVE ( 'NONE', #938, #2629, #1602, .T. ) ;
#2137 = VERTEX_POINT ( 'NONE', #2525 ) ;
#2138 = CARTESIAN_POINT ( 'NONE',  ( -5.237222008265113200E-016, -1.187201378871627400E-014, 0.0000000000000000000 ) ) ;
#2139 = VECTOR ( 'NONE', #400, 1000.000000000000000 ) ;
#2140 = CARTESIAN_POINT ( 'NONE',  ( 1.849999999999998500, -9.406912352095130100, 3.249999999999997800 ) ) ;
#2141 = CARTESIAN_POINT ( 'NONE',  ( 1.790086991167561700E-014, 4.700000000000012600, 0.0000000000000000000 ) ) ;
#2142 = ORIENTED_EDGE ( 'NONE', *, *, #412, .F. ) ;
#2143 = FACE_OUTER_BOUND ( 'NONE', #1329, .T. ) ;
#2144 = EDGE_CURVE ( 'NONE', #224, #2629, #617, .T. ) ;
#2145 = ORIENTED_EDGE ( 'NONE', *, *, #2328, .F. ) ;
#2146 = LINE ( 'NONE', #2544, #670 ) ;
#2147 = DIRECTION ( 'NONE',  ( 0.0000000000000000000, 1.000000000000000000, 0.0000000000000000000 ) ) ;
#2148 = AXIS2_PLACEMENT_3D ( 'NONE', #27, #298, #1271 ) ;
#2149 = FACE_OUTER_BOUND ( 'NONE', #1319, .T. ) ;
#2150 = DIRECTION ( 'NONE',  ( 0.6946583704590041400, 4.921316762401864200E-018, 0.7193398003386446400 ) ) ;
#2151 = VERTEX_POINT ( 'NONE', #3014 ) ;
#2152 = CARTESIAN_POINT ( 'NONE',  ( 1.989999999999998700, 5.000000000000000000, -1.100000000000002500 ) ) ;
#2153 = DIRECTION ( 'NONE',  ( -0.7193398003386495300, 0.0000000000000000000, 0.6946583704589990300 ) ) ;
#2154 = ORIENTED_EDGE ( 'NONE', *, *, #2396, .T. ) ;
#2155 = EDGE_CURVE ( 'NONE', #1899, #2437, #1038, .T. ) ;
#2156 = EDGE_LOOP ( 'NONE', ( #1713, #2928, #1529, #24 ) ) ;
#2157 = DIRECTION ( 'NONE',  ( 1.000000000000000000, -3.491481338843133400E-015, 0.0000000000000000000 ) ) ;
#2158 = CARTESIAN_POINT ( 'NONE',  ( 2.499999999999998700, -9.406912352095130100, -3.249999999999999600 ) ) ;
#2159 = ORIENTED_EDGE ( 'NONE', *, *, #776, .F. ) ;
#2160 = EDGE_CURVE ( 'NONE', #1396, #1947, #2174, .T. ) ;
#2161 = DIRECTION ( 'NONE',  ( -0.6946583704589991400, -1.205040183019048100E-018, -0.7193398003386494200 ) ) ;
#2162 = ADVANCED_FACE ( 'NONE', ( #2845 ), #2319, .T. ) ;
#2163 = AXIS2_PLACEMENT_3D ( 'NONE', #460, #203, #1199 ) ;
#2164 = EDGE_CURVE ( 'NONE', #830, #1253, #857, .T. ) ;
#2165 = PLANE ( 'NONE',  #1149 ) ;
#2166 = CARTESIAN_POINT ( 'NONE',  ( 3.398999999999998200, -2.277411492777083900, 1.752757924232816400 ) ) ;
#2167 = VECTOR ( 'NONE', #1333, 1000.000000000000000 ) ;
#2168 = MECHANICAL_DESIGN_GEOMETRIC_PRESENTATION_REPRESENTATION (  '', ( #717 ), #692 ) ;
#2169 = PLANE ( 'NONE',  #2842 ) ;
#2170 = DIRECTION ( 'NONE',  ( 0.0000000000000000000, 0.0000000000000000000, -1.000000000000000000 ) ) ;
#2171 = EDGE_CURVE ( 'NONE', #2468, #700, #374, .T. ) ;
#2172 = CARTESIAN_POINT ( 'NONE',  ( 1.849999999999998500, 5.000000000000000000, 3.249999999999997800 ) ) ;
#2173 = VERTEX_POINT ( 'NONE', #587 ) ;
#2174 = LINE ( 'NONE', #1835, #1422 ) ;
#2175 = LINE ( 'NONE', #2061, #2619 ) ;
#2176 = DIRECTION ( 'NONE',  ( 0.6946583704590012500, 0.0000000000000000000, 0.7193398003386473100 ) ) ;
#2177 = DIRECTION ( 'NONE',  ( -0.0000000000000000000, -0.0000000000000000000, -1.000000000000000000 ) ) ;
#2178 = ORIENTED_EDGE ( 'NONE', *, *, #194, .F. ) ;
#2179 = ADVANCED_FACE ( 'NONE', ( #3111 ), #2886, .T. ) ;
#2180 = UNCERTAINTY_MEASURE_WITH_UNIT (LENGTH_MEASURE( 1.000000000000000100E-005 ), #2112, 'distance_accuracy_value', 'NONE');
#2181 = CARTESIAN_POINT ( 'NONE',  ( 3.398999999999998200, 0.1499999999999999900, 1.600000000000001000 ) ) ;
#2182 = DIRECTION ( 'NONE',  ( -2.872058735060938900E-015, -1.000000000000000000, 0.0000000000000000000 ) ) ;
#2183 = ORIENTED_EDGE ( 'NONE', *, *, #2016, .T. ) ;
#2184 = CIRCLE ( 'NONE', #278, 0.3999999999999995800 ) ;
#2185 = EDGE_LOOP ( 'NONE', ( #2419, #917, #1078, #2589 ) ) ;
#2186 = EDGE_CURVE ( 'NONE', #1344, #698, #895, .T. ) ;
#2187 = LINE ( 'NONE', #778, #2295 ) ;
#2188 = DIRECTION ( 'NONE',  ( 3.491481338843133000E-015, 1.000000000000000000, 0.0000000000000000000 ) ) ;
#2189 = ORIENTED_EDGE ( 'NONE', *, *, #906, .T. ) ;
#2190 = CIRCLE ( 'NONE', #2539, 0.2499999999999997800 ) ;
#2191 = CARTESIAN_POINT ( 'NONE',  ( 3.549999999999998500, 4.699999999999999300, 1.000000000000001300 ) ) ;
#2192 = AXIS2_PLACEMENT_3D ( 'NONE', #308, #68, #2019 ) ;
#2193 = ORIENTED_EDGE ( 'NONE', *, *, #2334, .T. ) ;
#2194 = VERTEX_POINT ( 'NONE', #1567 ) ;
#2195 = ADVANCED_FACE ( 'NONE', ( #1184 ), #1342, .T. ) ;
#2196 = EDGE_CURVE ( 'NONE', #415, #274, #527, .T. ) ;
#2197 = ORIENTED_EDGE ( 'NONE', *, *, #592, .T. ) ;
#2198 = DIRECTION ( 'NONE',  ( 0.0000000000000000000, 1.000000000000000000, 0.0000000000000000000 ) ) ;
#2199 = DIRECTION ( 'NONE',  ( -1.000000000000000000, 3.491481338843130200E-015, 0.0000000000000000000 ) ) ;
#2200 = ORIENTED_EDGE ( 'NONE', *, *, #926, .F. ) ;
#2201 = DIRECTION ( 'NONE',  ( 0.0000000000000000000, 1.000000000000000000, 0.0000000000000000000 ) ) ;
#2202 = CARTESIAN_POINT ( 'NONE',  ( -3.398999999999998200, 0.1499999999999999900, 1.600000000000001200 ) ) ;
#2203 = ORIENTED_EDGE ( 'NONE', *, *, #999, .F. ) ;
#2204 = CARTESIAN_POINT ( 'NONE',  ( 2.989976313806969300, 2.525000000000000400, 2.149137670210654600 ) ) ;
#2205 = AXIS2_PLACEMENT_3D ( 'NONE', #529, #2235, #2947 ) ;
#2206 = DIRECTION ( 'NONE',  ( 0.0000000000000000000, -1.000000000000000000, -0.0000000000000000000 ) ) ;
#2207 = PRESENTATION_LAYER_ASSIGNMENT (  '', '', ( #717 ) ) ;
#2208 = DIRECTION ( 'NONE',  ( -0.7193398003386495300, -0.0000000000000000000, 0.6946583704589990300 ) ) ;
#2209 = CARTESIAN_POINT ( 'NONE',  ( -2.289999999999999100, 4.700000000000000200, 1.100000000000001900 ) ) ;
#2210 = LINE ( 'NONE', #506, #2135 ) ;
#2211 = ORIENTED_EDGE ( 'NONE', *, *, #1241, .F. ) ;
#2212 = VECTOR ( 'NONE', #890, 1000.000000000000000 ) ;
#2213 = VECTOR ( 'NONE', #1493, 1000.000000000000000 ) ;
#2214 = EDGE_CURVE ( 'NONE', #356, #249, #786, .T. ) ;
#2215 = ORIENTED_EDGE ( 'NONE', *, *, #2415, .F. ) ;
#2216 = LINE ( 'NONE', #75, #3080 ) ;
#2217 = CARTESIAN_POINT ( 'NONE',  ( -3.399999999999998600, 4.700000000000000200, -1.099999999999999600 ) ) ;
#2218 = VERTEX_POINT ( 'NONE', #184 ) ;
#2219 = CIRCLE ( 'NONE', #915, 0.3000000000000001600 ) ;
#2220 = CARTESIAN_POINT ( 'NONE',  ( -2.702240393671511100, 2.525000000000000400, -2.427001018394257400 ) ) ;
#2221 = DIRECTION ( 'NONE',  ( 3.491481338843133400E-015, -1.000000000000000000, 0.0000000000000000000 ) ) ;
#2222 = VERTEX_POINT ( 'NONE', #1912 ) ;
#2223 = VECTOR ( 'NONE', #2177, 1000.000000000000000 ) ;
#2224 = EDGE_CURVE ( 'NONE', #802, #128, #218, .T. ) ;
#2225 = VERTEX_POINT ( 'NONE', #1876 ) ;
#2226 = DIRECTION ( 'NONE',  ( 0.0000000000000000000, 1.000000000000000000, 0.0000000000000000000 ) ) ;
#2227 = ORIENTED_EDGE ( 'NONE', *, *, #1838, .T. ) ;
#2228 = AXIS2_PLACEMENT_3D ( 'NONE', #2598, #1158, #1228 ) ;
#2229 = ORIENTED_EDGE ( 'NONE', *, *, #407, .F. ) ;
#2230 = VERTEX_POINT ( 'NONE', #2353 ) ;
#2231 = MANIFOLD_SOLID_BREP ( 'Cut-Extrude1', #1878 ) ;
#2232 = ORIENTED_EDGE ( 'NONE', *, *, #2160, .F. ) ;
#2233 = DIRECTION ( 'NONE',  ( -3.491481338843133000E-015, -1.000000000000000000, -0.0000000000000000000 ) ) ;
#2234 = CARTESIAN_POINT ( 'NONE',  ( 3.399999999999998600, 4.700000000000000200, 1.100000000000001400 ) ) ;
#2235 = DIRECTION ( 'NONE',  ( 0.6946583704589990300, 1.205040183019048100E-018, 0.7193398003386495300 ) ) ;
#2236 = DIRECTION ( 'NONE',  ( 0.0000000000000000000, 0.0000000000000000000, 1.000000000000000000 ) ) ;
#2237 = CARTESIAN_POINT ( 'NONE',  ( 2.250000000000008900, -4.016180776319192700E-015, -1.350000000000001400 ) ) ;
#2238 = EDGE_CURVE ( 'NONE', #2366, #2444, #2955, .T. ) ;
#2239 = CIRCLE ( 'NONE', #2647, 0.1599999999999999800 ) ;
#2240 = CARTESIAN_POINT ( 'NONE',  ( -3.504198755568851600, 4.700000000000000200, -1.861083369099825200 ) ) ;
#2241 = LINE ( 'NONE', #2733, #2280 ) ;
#2242 = AXIS2_PLACEMENT_3D ( 'NONE', #2291, #1320, #2499 ) ;
#2243 = CARTESIAN_POINT ( 'NONE',  ( -2.141155349407364700, -2.277411492777087400, -2.968834547352276600 ) ) ;
#2244 = ORIENTED_EDGE ( 'NONE', *, *, #926, .T. ) ;
#2245 = PLANE ( 'NONE',  #1294 ) ;
#2246 = CYLINDRICAL_SURFACE ( 'NONE', #2447, 0.3000000000000001600 ) ;
#2247 = VECTOR ( 'NONE', #1301, 1000.000000000000000 ) ;
#2248 = CARTESIAN_POINT ( 'NONE',  ( -2.141155349407364700, 4.700000000000000200, -2.968834547352276600 ) ) ;
#2249 = DIRECTION ( 'NONE',  ( 1.000000000000000000, -3.491481338843133400E-015, 0.0000000000000000000 ) ) ;
#2250 = ORIENTED_EDGE ( 'NONE', *, *, #1534, .F. ) ;
#2251 = EDGE_LOOP ( 'NONE', ( #484, #2045, #2154, #126 ) ) ;
#2252 = EDGE_CURVE ( 'NONE', #3020, #2784, #931, .T. ) ;
#2253 = VECTOR ( 'NONE', #953, 1000.000000000000000 ) ;
#2254 = CARTESIAN_POINT ( 'NONE',  ( -2.000000000000009300, -4.889051111029976100E-015, 0.0000000000000000000 ) ) ;
#2255 = ORIENTED_EDGE ( 'NONE', *, *, #711, .F. ) ;
#2256 = LINE ( 'NONE', #3128, #3010 ) ;
#2257 = DIRECTION ( 'NONE',  ( 1.000000000000000000, 3.491481338843133000E-015, -0.0000000000000000000 ) ) ;
#2258 = ORIENTED_EDGE ( 'NONE', *, *, #2557, .F. ) ;
#2259 = EDGE_CURVE ( 'NONE', #583, #2194, #1648, .T. ) ;
#2260 = SURFACE_STYLE_FILL_AREA ( #2313 ) ;
#2261 = DIRECTION ( 'NONE',  ( -0.0000000000000000000, -0.0000000000000000000, 1.000000000000000000 ) ) ;
#2262 = ORIENTED_EDGE ( 'NONE', *, *, #2973, .F. ) ;
#2263 = AXIS2_PLACEMENT_3D ( 'NONE', #588, #2979, #575 ) ;
#2264 = EDGE_CURVE ( 'NONE', #920, #90, #1981, .T. ) ;
#2265 = DIRECTION ( 'NONE',  ( -1.000000000000000000, 0.0000000000000000000, 1.304604148160810300E-016 ) ) ;
#2266 = DIRECTION ( 'NONE',  ( 1.000000000000000000, 0.0000000000000000000, 0.0000000000000000000 ) ) ;
#2267 = ORIENTED_EDGE ( 'NONE', *, *, #2030, .T. ) ;
#2268 = DIRECTION ( 'NONE',  ( -0.0000000000000000000, 0.0000000000000000000, -1.000000000000000000 ) ) ;
#2269 = DIRECTION ( 'NONE',  ( 1.000000000000000000, 0.0000000000000000000, 0.0000000000000000000 ) ) ;
#2270 = VERTEX_POINT ( 'NONE', #2632 ) ;
#2271 = DIRECTION ( 'NONE',  ( -1.000000000000000000, -3.469446951953617300E-015, 0.0000000000000000000 ) ) ;
#2272 = DIRECTION ( 'NONE',  ( 3.469446951953616600E-015, 1.000000000000000000, 0.0000000000000000000 ) ) ;
#2273 = DIRECTION ( 'NONE',  ( -3.491481338843133000E-015, -1.000000000000000000, 0.0000000000000000000 ) ) ;
#2274 = EDGE_LOOP ( 'NONE', ( #1844, #388, #8, #2692 ) ) ;
#2275 = DIRECTION ( 'NONE',  ( 0.0000000000000000000, 0.0000000000000000000, 1.000000000000000000 ) ) ;
#2276 = CYLINDRICAL_SURFACE ( 'NONE', #3015, 0.8999999999999998000 ) ;
#2277 = CARTESIAN_POINT ( 'NONE',  ( 2.245354104976212000, 4.700000000000000200, 3.076735517403071300 ) ) ;
#2278 = DIRECTION ( 'NONE',  ( 0.0000000000000000000, 0.0000000000000000000, -1.000000000000000000 ) ) ;
#2279 = CARTESIAN_POINT ( 'NONE',  ( 3.549999999999998000, 0.3500000000000000300, 1.100000000000000500 ) ) ;
#2280 = VECTOR ( 'NONE', #2467, 1000.000000000000000 ) ;
#2281 = AXIS2_PLACEMENT_3D ( 'NONE', #1322, #2980, #2046 ) ;
#2282 = EDGE_CURVE ( 'NONE', #2968, #2000, #1685, .T. ) ;
#2283 = LINE ( 'NONE', #1894, #1110 ) ;
#2284 = AXIS2_PLACEMENT_3D ( 'NONE', #1273, #313, #1521 ) ;
#2285 = ORIENTED_EDGE ( 'NONE', *, *, #2317, .T. ) ;
#2286 = EDGE_LOOP ( 'NONE', ( #533, #3124, #2941, #243 ) ) ;
#2287 = DIRECTION ( 'NONE',  ( 0.6946583704589990300, 1.205040183019048100E-018, 0.7193398003386495300 ) ) ;
#2288 = ADVANCED_FACE ( 'NONE', ( #115 ), #735, .F. ) ;
#2289 = ORIENTED_EDGE ( 'NONE', *, *, #3002, .F. ) ;
#2290 = LINE ( 'NONE', #1331, #666 ) ;
#2291 = CARTESIAN_POINT ( 'NONE',  ( 2.806439149240360200, 2.525000000000000400, 2.534901988445052500 ) ) ;
#2292 = CARTESIAN_POINT ( 'NONE',  ( -2.250000000000008900, -4.016180776319192700E-015, -1.350000000000001400 ) ) ;
#2293 = VERTEX_POINT ( 'NONE', #2172 ) ;
#2294 = ORIENTED_EDGE ( 'NONE', *, *, #424, .T. ) ;
#2295 = VECTOR ( 'NONE', #2926, 1000.000000000000000 ) ;
#2296 = CARTESIAN_POINT ( 'NONE',  ( -2.310000000000007600, 4.850000000000003200, -1.000000000000001300 ) ) ;
#2297 = EDGE_LOOP ( 'NONE', ( #1992, #1821 ) ) ;
#2298 = DIRECTION ( 'NONE',  ( -3.491481338843133400E-015, 1.000000000000000000, -0.0000000000000000000 ) ) ;
#2299 = EDGE_CURVE ( 'NONE', #280, #2300, #2395, .T. ) ;
#2300 = VERTEX_POINT ( 'NONE', #759 ) ;
#2301 = CARTESIAN_POINT ( 'NONE',  ( -3.549999999999998500, 4.699999999999999300, -1.000000000000001300 ) ) ;
#2302 = DIRECTION ( 'NONE',  ( 0.0000000000000000000, 0.0000000000000000000, 1.000000000000000000 ) ) ;
#2303 = ORIENTED_EDGE ( 'NONE', *, *, #2713, .T. ) ;
#2304 = ADVANCED_FACE ( 'NONE', ( #1561 ), #445, .T. ) ;
#2305 = AXIS2_PLACEMENT_3D ( 'NONE', #601, #1097, #2271 ) ;
#2306 = AXIS2_PLACEMENT_3D ( 'NONE', #3099, #2161, #1904 ) ;
#2307 = EDGE_LOOP ( 'NONE', ( #984, #1450, #963 ) ) ;
#2308 = CARTESIAN_POINT ( 'NONE',  ( 1.628588242560761200, 2.525000000000000400, 1.891024285302915800 ) ) ;
#2309 = ORIENTED_EDGE ( 'NONE', *, *, #2328, .T. ) ;
#2310 = PRODUCT_RELATED_PRODUCT_CATEGORY ( 'part', '', ( #561 ) ) ;
#2311 = DIRECTION ( 'NONE',  ( -0.0000000000000000000, 1.000000000000000000, -0.0000000000000000000 ) ) ;
#2312 = DIRECTION ( 'NONE',  ( 3.491481338843133400E-015, 1.000000000000000000, 0.0000000000000000000 ) ) ;
#2313 = FILL_AREA_STYLE ('',( #1347 ) ) ;
#2314 = EDGE_CURVE ( 'NONE', #1757, #356, #2210, .T. ) ;
#2315 = CARTESIAN_POINT ( 'NONE',  ( -2.589999999999998500, 4.700000000000000200, -1.099999999999999600 ) ) ;
#2316 = FACE_OUTER_BOUND ( 'NONE', #3091, .T. ) ;
#2317 = EDGE_CURVE ( 'NONE', #2599, #200, #2431, .T. ) ;
#2318 = ADVANCED_FACE ( 'NONE', ( #494 ), #2766, .T. ) ;
#2319 = PLANE ( 'NONE',  #1092 ) ;
#2320 = VECTOR ( 'NONE', #522, 1000.000000000000000 ) ;
#2321 = DIRECTION ( 'NONE',  ( -0.7193398003386496400, 0.0000000000000000000, 0.6946583704589989200 ) ) ;
#2322 = CARTESIAN_POINT ( 'NONE',  ( -3.399999999999998600, 4.700000000000000200, 1.000000000000001300 ) ) ;
#2323 = CARTESIAN_POINT ( 'NONE',  ( -2.500000000000001300, 5.000000000000000000, 3.249999999999997800 ) ) ;
#2324 = EDGE_LOOP ( 'NONE', ( #482, #347, #1921, #2796, #1181, #2870, #1198, #71, #1131, #1692, #1549, #1547, #1249, #768, #2856, #2596, #3089, #1037, #549, #2583, #511, #1398 ) ) ;
#2325 = VECTOR ( 'NONE', #2952, 1000.000000000000000 ) ;
#2326 = FACE_OUTER_BOUND ( 'NONE', #1201, .T. ) ;
#2327 =( GEOMETRIC_REPRESENTATION_CONTEXT ( 3 ) GLOBAL_UNCERTAINTY_ASSIGNED_CONTEXT ( ( #1574 ) ) GLOBAL_UNIT_ASSIGNED_CONTEXT ( ( #1332, #123, #1581 ) ) REPRESENTATION_CONTEXT ( 'NONE', 'WORKASPACE' ) );
#2328 = EDGE_CURVE ( 'NONE', #2945, #1930, #1749, .T. ) ;
#2329 = ORIENTED_EDGE ( 'NONE', *, *, #2282, .F. ) ;
#2330 = AXIS2_PLACEMENT_3D ( 'NONE', #1582, #1067, #1087 ) ;
#2331 = ORIENTED_EDGE ( 'NONE', *, *, #1826, .T. ) ;
#2332 = LINE ( 'NONE', #2181, #1726 ) ;
#2333 = VERTEX_POINT ( 'NONE', #2682 ) ;
#2334 = EDGE_CURVE ( 'NONE', #2379, #1852, #31, .T. ) ;
#2335 = VECTOR ( 'NONE', #2461, 1000.000000000000000 ) ;
#2336 = CARTESIAN_POINT ( 'NONE',  ( 2.499999999999998700, 0.1500000000000008300, -3.249999999999999600 ) ) ;
#2337 = CARTESIAN_POINT ( 'NONE',  ( -1.989999999999999100, 4.700000000000005500, 1.000000000000001300 ) ) ;
#2338 = CARTESIAN_POINT ( 'NONE',  ( 3.549999999999998500, 4.700000000000000200, 1.100000000000001400 ) ) ;
#2339 = EDGE_LOOP ( 'NONE', ( #3116, #1459, #1775, #2984 ) ) ;
#2340 = ADVANCED_FACE ( 'NONE', ( #1494 ), #536, .T. ) ;
#2341 = DIRECTION ( 'NONE',  ( 3.469446951953616600E-015, -1.000000000000000000, -0.0000000000000000000 ) ) ;
#2342 = ORIENTED_EDGE ( 'NONE', *, *, #11, .F. ) ;
#2343 = ORIENTED_EDGE ( 'NONE', *, *, #815, .F. ) ;
#2344 = EDGE_CURVE ( 'NONE', #1947, #2959, #1879, .T. ) ;
#2345 = CARTESIAN_POINT ( 'NONE',  ( -2.310000000000007600, 4.700000000000003700, 1.000000000000001300 ) ) ;
#2346 = CARTESIAN_POINT ( 'NONE',  ( 3.549999999999998500, 4.699999999999999300, -1.000000000000001300 ) ) ;
#2347 = EDGE_LOOP ( 'NONE', ( #1541, #589, #600, #837 ) ) ;
#2348 = MECHANICAL_DESIGN_GEOMETRIC_PRESENTATION_REPRESENTATION (  '', ( #1740 ), #260 ) ;
#2349 = CARTESIAN_POINT ( 'NONE',  ( -3.549999999999998500, 0.1510000000000000000, -1.600000000000001400 ) ) ;
#2350 = ORIENTED_EDGE ( 'NONE', *, *, #36, .F. ) ;
#2351 = CARTESIAN_POINT ( 'NONE',  ( 3.398999999999998200, 0.1510000000000000000, 1.600000000000001200 ) ) ;
#2352 = ADVANCED_FACE ( 'NONE', ( #2578 ), #798, .F. ) ;
#2353 = CARTESIAN_POINT ( 'NONE',  ( -3.399999999999998600, 0.1510000000000000000, 1.600000000000001200 ) ) ;
#2354 = CARTESIAN_POINT ( 'NONE',  ( -3.399999999999999000, 4.850000000000000500, -1.000000000000001300 ) ) ;
#2355 = VECTOR ( 'NONE', #1799, 1000.000000000000000 ) ;
#2356 = EDGE_CURVE ( 'NONE', #2755, #1606, #1299, .T. ) ;
#2357 = CIRCLE ( 'NONE', #513, 0.2500000000000002200 ) ;
#2358 = CARTESIAN_POINT ( 'NONE',  ( 3.399694658370457500, 0.3500000000000000300, 1.753477264033155100 ) ) ;
#2359 = DIRECTION ( 'NONE',  ( 0.0000000000000000000, 0.0000000000000000000, -1.000000000000000000 ) ) ;
#2360 = ORIENTED_EDGE ( 'NONE', *, *, #2737, .F. ) ;
#2361 = VECTOR ( 'NONE', #2725, 1000.000000000000000 ) ;
#2362 = DIRECTION ( 'NONE',  ( 3.491481338843133000E-015, 1.000000000000000000, -0.0000000000000000000 ) ) ;
#2363 = ORIENTED_EDGE ( 'NONE', *, *, #1378, .T. ) ;
#2364 = VERTEX_POINT ( 'NONE', #1730 ) ;
#2365 = CARTESIAN_POINT ( 'NONE',  ( 3.399999999999998600, -2.277411492777083900, 1.753182399049025800 ) ) ;
#2366 = VERTEX_POINT ( 'NONE', #2204 ) ;
#2367 = EDGE_CURVE ( 'NONE', #730, #1103, #524, .T. ) ;
#2368 = LINE ( 'NONE', #2434, #7 ) ;
#2369 = ADVANCED_FACE ( 'NONE', ( #2466 ), #2521, .T. ) ;
#2370 = PLANE ( 'NONE',  #1011 ) ;
#2371 = ORIENTED_EDGE ( 'NONE', *, *, #2007, .T. ) ;
#2372 = VECTOR ( 'NONE', #2902, 1000.000000000000000 ) ;
#2373 = EDGE_LOOP ( 'NONE', ( #1825, #3022, #2508, #590 ) ) ;
#2374 = LINE ( 'NONE', #3119, #1433 ) ;
#2375 = EDGE_CURVE ( 'NONE', #190, #949, #1073, .T. ) ;
#2376 = DIRECTION ( 'NONE',  ( -1.000000000000000000, 3.491481338843133400E-015, -0.0000000000000000000 ) ) ;
#2377 = ORIENTED_EDGE ( 'NONE', *, *, #2633, .F. ) ;
#2378 = ORIENTED_EDGE ( 'NONE', *, *, #2695, .T. ) ;
#2379 = VERTEX_POINT ( 'NONE', #570 ) ;
#2380 = EDGE_CURVE ( 'NONE', #1945, #274, #1152, .T. ) ;
#2381 = CARTESIAN_POINT ( 'NONE',  ( 1.989999999999998700, 4.700000000000000200, -1.100000000000002500 ) ) ;
#2382 = ORIENTED_EDGE ( 'NONE', *, *, #1880, .F. ) ;
#2383 = ADVANCED_FACE ( 'NONE', ( #2691 ), #2505, .T. ) ;
#2384 = AXIS2_PLACEMENT_3D ( 'NONE', #1238, #1488, #1972 ) ;
#2385 = EDGE_CURVE ( 'NONE', #111, #542, #183, .T. ) ;
#2386 = VERTEX_POINT ( 'NONE', #1807 ) ;
#2387 = CARTESIAN_POINT ( 'NONE',  ( 1.842459211250208700E-014, 4.850000000000012100, 0.0000000000000000000 ) ) ;
#2388 = ORIENTED_EDGE ( 'NONE', *, *, #319, .F. ) ;
#2389 = AXIS2_PLACEMENT_3D ( 'NONE', #708, #948, #2453 ) ;
#2390 = DIRECTION ( 'NONE',  ( 0.0000000000000000000, 0.0000000000000000000, 1.000000000000000000 ) ) ;
#2391 = VECTOR ( 'NONE', #2311, 1000.000000000000000 ) ;
#2392 = CARTESIAN_POINT ( 'NONE',  ( 3.399999999999998600, 5.000000000000000000, -2.349999999999999600 ) ) ;
#2393 = DIRECTION ( 'NONE',  ( 1.000000000000000000, 0.0000000000000000000, -5.354084802397553700E-016 ) ) ;
#2394 = CIRCLE ( 'NONE', #2642, 0.1510000000000000800 ) ;
#2395 = LINE ( 'NONE', #2895, #928 ) ;
#2396 = EDGE_CURVE ( 'NONE', #2945, #1852, #3036, .T. ) ;
#2397 = ADVANCED_FACE ( 'NONE', ( #112 ), #296, .T. ) ;
#2398 = DIRECTION ( 'NONE',  ( -1.971276677246366800E-016, 0.0000000000000000000, -1.000000000000000000 ) ) ;
#2399 = ORIENTED_EDGE ( 'NONE', *, *, #1710, .T. ) ;
#2400 = DIRECTION ( 'NONE',  ( -0.7193398003386495300, 0.0000000000000000000, 0.6946583704589990300 ) ) ;
#2401 = FACE_OUTER_BOUND ( 'NONE', #1349, .T. ) ;
#2402 = ORIENTED_EDGE ( 'NONE', *, *, #1933, .F. ) ;
#2403 = FACE_OUTER_BOUND ( 'NONE', #1551, .T. ) ;
#2404 = EDGE_CURVE ( 'NONE', #852, #583, #567, .T. ) ;
#2405 = VERTEX_POINT ( 'NONE', #1080 ) ;
#2406 = VECTOR ( 'NONE', #642, 1000.000000000000000 ) ;
#2407 = AXIS2_PLACEMENT_3D ( 'NONE', #3145, #210, #1712 ) ;
#2408 = EDGE_LOOP ( 'NONE', ( #472, #1630, #2626, #1170 ) ) ;
#2409 = VECTOR ( 'NONE', #2869, 1000.000000000000000 ) ;
#2410 = CARTESIAN_POINT ( 'NONE',  ( 1.989999999999999500, 4.850000000000005000, -1.000000000000001300 ) ) ;
#2411 = CARTESIAN_POINT ( 'NONE',  ( -2.500000000000001300, 0.1500000000000008300, 3.249999999999997800 ) ) ;
#2412 = EDGE_LOOP ( 'NONE', ( #1768, #2106, #683, #6 ) ) ;
#2413 = ADVANCED_FACE ( 'NONE', ( #1718 ), #416, .T. ) ;
#2414 = ORIENTED_EDGE ( 'NONE', *, *, #2650, .F. ) ;
#2415 = EDGE_CURVE ( 'NONE', #415, #1060, #2919, .T. ) ;
#2416 = ORIENTED_EDGE ( 'NONE', *, *, #2760, .F. ) ;
#2417 = DIRECTION ( 'NONE',  ( -1.000000000000000000, 3.690901012716612800E-015, 0.0000000000000000000 ) ) ;
#2418 = ORIENTED_EDGE ( 'NONE', *, *, #2356, .F. ) ;
#2419 = ORIENTED_EDGE ( 'NONE', *, *, #1472, .F. ) ;
#2420 = AXIS2_PLACEMENT_3D ( 'NONE', #2084, #2563, #1104 ) ;
#2421 = EDGE_CURVE ( 'NONE', #867, #1411, #1976, .T. ) ;
#2422 = CARTESIAN_POINT ( 'NONE',  ( -3.550000000000001600, 0.3500000000000000300, -1.752757924232818200 ) ) ;
#2423 = ADVANCED_FACE ( 'NONE', ( #2054 ), #1090, .F. ) ;
#2424 = VECTOR ( 'NONE', #2273, 1000.000000000000000 ) ;
#2425 = FACE_OUTER_BOUND ( 'NONE', #1752, .T. ) ;
#2426 = AXIS2_PLACEMENT_3D ( 'NONE', #1048, #2261, #1779 ) ;
#2427 = PLANE ( 'NONE',  #449 ) ;
#2428 = FACE_OUTER_BOUND ( 'NONE', #2512, .T. ) ;
#2429 = DIRECTION ( 'NONE',  ( -0.6946583704589990300, -2.701526220240393100E-032, -0.7193398003386494200 ) ) ;
#2430 = VECTOR ( 'NONE', #410, 1000.000000000000000 ) ;
#2431 = CIRCLE ( 'NONE', #1906, 0.4000000000000004700 ) ;
#2432 = ORIENTED_EDGE ( 'NONE', *, *, #2454, .T. ) ;
#2433 = CIRCLE ( 'NONE', #2872, 0.8999999999999998000 ) ;
#2434 = CARTESIAN_POINT ( 'NONE',  ( -2.000000000000009300, -4.878909776184770000E-015, 1.350000000000001200 ) ) ;
#2435 = DIRECTION ( 'NONE',  ( 0.0000000000000000000, 0.0000000000000000000, 1.000000000000000000 ) ) ;
#2436 = DIRECTION ( 'NONE',  ( 0.0000000000000000000, 0.0000000000000000000, -1.000000000000000000 ) ) ;
#2437 = VERTEX_POINT ( 'NONE', #154 ) ;
#2438 = PRESENTATION_LAYER_ASSIGNMENT (  '', '', ( #98 ) ) ;
#2439 = ORIENTED_EDGE ( 'NONE', *, *, #1036, .T. ) ;
#2440 = EDGE_CURVE ( 'NONE', #610, #2594, #3072, .T. ) ;
#2441 = LINE ( 'NONE', #586, #2699 ) ;
#2442 = PRODUCT_DEFINITION_CONTEXT ( 'detailed design', #136, 'design' ) ;
#2443 = DIRECTION ( 'NONE',  ( 0.0000000000000000000, 0.0000000000000000000, 1.000000000000000000 ) ) ;
#2444 = VERTEX_POINT ( 'NONE', #2786 ) ;
#2445 = DIRECTION ( 'NONE',  ( -0.7193398003386444200, 0.0000000000000000000, 0.6946583704590043600 ) ) ;
#2446 = FACE_OUTER_BOUND ( 'NONE', #2974, .T. ) ;
#2447 = AXIS2_PLACEMENT_3D ( 'NONE', #1867, #599, #2087 ) ;
#2448 = ORIENTED_EDGE ( 'NONE', *, *, #81, .F. ) ;
#2449 = CARTESIAN_POINT ( 'NONE',  ( -3.504198755568851600, -2.277411492777087400, -1.861083369099825200 ) ) ;
#2450 = ORIENTED_EDGE ( 'NONE', *, *, #521, .T. ) ;
#2451 = EDGE_LOOP ( 'NONE', ( #3052, #170, #2965, #1732, #1780, #2476, #2472, #2740 ) ) ;
#2452 = CARTESIAN_POINT ( 'NONE',  ( -3.399000000000001400, 4.700000000000000200, -1.752757924232818200 ) ) ;
#2453 = DIRECTION ( 'NONE',  ( 0.0000000000000000000, 0.0000000000000000000, 1.000000000000000000 ) ) ;
#2454 = EDGE_CURVE ( 'NONE', #1396, #2405, #1345, .T. ) ;
#2455 = ORIENTED_EDGE ( 'NONE', *, *, #3068, .T. ) ;
#2456 = CARTESIAN_POINT ( 'NONE',  ( -3.398999999999998200, 0.1499999999999999900, 1.600000000000001000 ) ) ;
#2457 = ORIENTED_EDGE ( 'NONE', *, *, #2674, .F. ) ;
#2458 = EDGE_CURVE ( 'NONE', #1852, #1930, #2950, .T. ) ;
#2459 = DIRECTION ( 'NONE',  ( 0.0000000000000000000, 0.0000000000000000000, 1.000000000000000000 ) ) ;
#2460 = FACE_OUTER_BOUND ( 'NONE', #124, .T. ) ;
#2461 = DIRECTION ( 'NONE',  ( -0.0000000000000000000, -0.0000000000000000000, -1.000000000000000000 ) ) ;
#2462 = LINE ( 'NONE', #1348, #2355 ) ;
#2463 = FACE_OUTER_BOUND ( 'NONE', #3056, .T. ) ;
#2464 = ORIENTED_EDGE ( 'NONE', *, *, #2344, .T. ) ;
#2465 = DIRECTION ( 'NONE',  ( 0.6946583704589990300, 1.205040183019048100E-018, 0.7193398003386495300 ) ) ;
#2466 = FACE_OUTER_BOUND ( 'NONE', #947, .T. ) ;
#2467 = DIRECTION ( 'NONE',  ( -0.0000000000000000000, -0.0000000000000000000, -1.000000000000000000 ) ) ;
#2468 = VERTEX_POINT ( 'NONE', #352 ) ;
#2469 = FACE_OUTER_BOUND ( 'NONE', #2714, .T. ) ;
#2470 = VECTOR ( 'NONE', #3061, 1000.000000000000000 ) ;
#2471 = CARTESIAN_POINT ( 'NONE',  ( 4.144750259426543200E-029, 0.1499999999999881200, 0.0000000000000000000 ) ) ;
#2472 = ORIENTED_EDGE ( 'NONE', *, *, #1818, .T. ) ;
#2473 = LINE ( 'NONE', #3136, #1304 ) ;
#2474 = CARTESIAN_POINT ( 'NONE',  ( -3.398999999999998200, 0.1499999999999999900, -1.100000000000001400 ) ) ;
#2475 = DIRECTION ( 'NONE',  ( -0.0000000000000000000, 1.000000000000000000, -0.0000000000000000000 ) ) ;
#2476 = ORIENTED_EDGE ( 'NONE', *, *, #1619, .F. ) ;
#2477 = LINE ( 'NONE', #1822, #2735 ) ;
#2478 = CARTESIAN_POINT ( 'NONE',  ( -2.245354104976215100, 4.700000000000000200, -3.076735517403073500 ) ) ;
#2479 = DIRECTION ( 'NONE',  ( 0.7193398003386495300, 0.0000000000000000000, -0.6946583704589990300 ) ) ;
#2480 = ORIENTED_EDGE ( 'NONE', *, *, #2007, .F. ) ;
#2481 = VECTOR ( 'NONE', #281, 1000.000000000000000 ) ;
#2482 = AXIS2_PLACEMENT_3D ( 'NONE', #1132, #370, #1863 ) ;
#2483 = EDGE_CURVE ( 'NONE', #2468, #297, #1111, .T. ) ;
#2484 = DIRECTION ( 'NONE',  ( -0.6946583704589997000, -1.205040183019049200E-018, -0.7193398003386487500 ) ) ;
#2485 = ORIENTED_EDGE ( 'NONE', *, *, #1462, .F. ) ;
#2486 = LINE ( 'NONE', #1660, #2409 ) ;
#2487 = EDGE_LOOP ( 'NONE', ( #910, #734, #1664, #1159 ) ) ;
#2488 = CARTESIAN_POINT ( 'NONE',  ( 3.399999999999998600, 0.0000000000000000000, 0.0000000000000000000 ) ) ;
#2489 = AXIS2_PLACEMENT_3D ( 'NONE', #1816, #2028, #565 ) ;
#2490 = CARTESIAN_POINT ( 'NONE',  ( -3.399999999999998600, 4.700000000000000200, -1.099999999999999600 ) ) ;
#2491 = ORIENTED_EDGE ( 'NONE', *, *, #981, .F. ) ;
#2492 = EDGE_CURVE ( 'NONE', #870, #297, #2995, .T. ) ;
#2493 = ADVANCED_FACE ( 'NONE', ( #3106 ), #880, .F. ) ;
#2494 = ORIENTED_EDGE ( 'NONE', *, *, #1626, .F. ) ;
#2495 = CARTESIAN_POINT ( 'NONE',  ( -3.398999999999998200, 0.1510000000000000000, 1.600000000000001200 ) ) ;
#2496 = ORIENTED_EDGE ( 'NONE', *, *, #1635, .T. ) ;
#2497 = DIRECTION ( 'NONE',  ( -3.491481338843133000E-015, -1.000000000000000000, 0.0000000000000000000 ) ) ;
#2498 = DIRECTION ( 'NONE',  ( -3.491481338843133000E-015, 1.000000000000000000, 0.0000000000000000000 ) ) ;
#2499 = DIRECTION ( 'NONE',  ( 0.7193398003386495300, 0.0000000000000000000, -0.6946583704589990300 ) ) ;
#2500 = DIRECTION ( 'NONE',  ( 0.0000000000000000000, -1.000000000000000000, -0.0000000000000000000 ) ) ;
#2501 = EDGE_CURVE ( 'NONE', #2000, #1606, #1182, .T. ) ;
#2502 = FACE_OUTER_BOUND ( 'NONE', #2038, .T. ) ;
#2503 = DIRECTION ( 'NONE',  ( 0.0000000000000000000, 1.000000000000000000, -0.0000000000000000000 ) ) ;
#2504 = FACE_BOUND ( 'NONE', #1962, .T. ) ;
#2505 = CYLINDRICAL_SURFACE ( 'NONE', #2192, 0.1510000000000000800 ) ;
#2506 = EDGE_LOOP ( 'NONE', ( #2382, #3038, #1169, #2998 ) ) ;
#2507 = VECTOR ( 'NONE', #2206, 1000.000000000000000 ) ;
#2508 = ORIENTED_EDGE ( 'NONE', *, *, #319, .T. ) ;
#2509 = EDGE_CURVE ( 'NONE', #1848, #415, #2841, .T. ) ;
#2510 = FACE_OUTER_BOUND ( 'NONE', #2286, .T. ) ;
#2511 = DIRECTION ( 'NONE',  ( -1.734723475976806300E-018, 1.000000000000000000, -4.044452883213193600E-032 ) ) ;
#2512 = EDGE_LOOP ( 'NONE', ( #1044, #191, #1902, #1013 ) ) ;
#2513 = CARTESIAN_POINT ( 'NONE',  ( -2.204060082831683400, 2.525000000000000400, -1.335297588935718400 ) ) ;
#2514 = ORIENTED_EDGE ( 'NONE', *, *, #2852, .T. ) ;
#2515 = EDGE_CURVE ( 'NONE', #1425, #1930, #1841, .T. ) ;
#2516 = CARTESIAN_POINT ( 'NONE',  ( 1.849999999999998500, -9.406912352095130100, 3.249999999999997800 ) ) ;
#2517 = VERTEX_POINT ( 'NONE', #2082 ) ;
#2518 = ADVANCED_FACE ( 'NONE', ( #998 ), #2625, .T. ) ;
#2519 = EDGE_CURVE ( 'NONE', #2300, #272, #779, .T. ) ;
#2520 = CARTESIAN_POINT ( 'NONE',  ( 1.989999999999998700, 4.700000000000000200, 1.100000000000002100 ) ) ;
#2521 = PLANE ( 'NONE',  #739 ) ;
#2522 = ORIENTED_EDGE ( 'NONE', *, *, #1918, .F. ) ;
#2523 = ORIENTED_EDGE ( 'NONE', *, *, #2818, .T. ) ;
#2524 = DIRECTION ( 'NONE',  ( 0.0000000000000000000, 0.0000000000000000000, -1.000000000000000000 ) ) ;
#2525 = CARTESIAN_POINT ( 'NONE',  ( -3.400000000000001700, 5.000000000000000000, 2.349999999999997900 ) ) ;
#2526 = AXIS2_PLACEMENT_3D ( 'NONE', #2140, #3097, #1665 ) ;
#2527 =( LENGTH_UNIT ( ) NAMED_UNIT ( * ) SI_UNIT ( .MILLI., .METRE. ) );
#2528 = EDGE_LOOP ( 'NONE', ( #706, #2546, #56, #237 ) ) ;
#2529 = DIRECTION ( 'NONE',  ( -1.000000000000000000, 5.421010862427523000E-015, 0.0000000000000000000 ) ) ;
#2530 = DIRECTION ( 'NONE',  ( 0.0000000000000000000, 1.000000000000000000, -3.755563391555108800E-032 ) ) ;
#2531 = ORIENTED_EDGE ( 'NONE', *, *, #1378, .F. ) ;
#2532 = CARTESIAN_POINT ( 'NONE',  ( -3.399999999999998600, 4.700000000000000200, -1.000000000000001300 ) ) ;
#2533 = CARTESIAN_POINT ( 'NONE',  ( 2.989976313806967900, 2.525000000000000400, 2.149137670210656400 ) ) ;
#2534 = ADVANCED_FACE ( 'NONE', ( #2502 ), #1125, .F. ) ;
#2535 = CARTESIAN_POINT ( 'NONE',  ( 2.000000000000008900, 0.1499999999999951100, 1.600000000000001200 ) ) ;
#2536 = DIRECTION ( 'NONE',  ( -0.0000000000000000000, -0.0000000000000000000, 1.000000000000000000 ) ) ;
#2537 = CARTESIAN_POINT ( 'NONE',  ( -3.398999999999998200, 0.1510000000000000000, 1.600000000000001200 ) ) ;
#2538 = LINE ( 'NONE', #656, #1339 ) ;
#2539 = AXIS2_PLACEMENT_3D ( 'NONE', #2078, #2783, #885 ) ;
#2540 = ORIENTED_EDGE ( 'NONE', *, *, #1701, .F. ) ;
#2541 = DIRECTION ( 'NONE',  ( -0.0000000000000000000, 0.0000000000000000000, -1.000000000000000000 ) ) ;
#2542 = FACE_OUTER_BOUND ( 'NONE', #495, .T. ) ;
#2543 = VECTOR ( 'NONE', #2637, 1000.000000000000000 ) ;
#2544 = CARTESIAN_POINT ( 'NONE',  ( 2.245354104976212000, -2.277411492777083900, 3.076735517403071300 ) ) ;
#2545 = DIRECTION ( 'NONE',  ( -1.734723475976806300E-018, 1.000000000000000000, -4.044452883213193600E-032 ) ) ;
#2546 = ORIENTED_EDGE ( 'NONE', *, *, #663, .F. ) ;
#2547 = VECTOR ( 'NONE', #736, 1000.000000000000000 ) ;
#2548 = DIRECTION ( 'NONE',  ( -1.000000000000000000, 0.0000000000000000000, 0.0000000000000000000 ) ) ;
#2549 = CARTESIAN_POINT ( 'NONE',  ( -2.310000000000007600, 4.700000000000003700, 1.000000000000001300 ) ) ;
#2550 = ORIENTED_EDGE ( 'NONE', *, *, #663, .T. ) ;
#2551 = VECTOR ( 'NONE', #1566, 1000.000000000000000 ) ;
#2552 = ADVANCED_FACE ( 'NONE', ( #1526 ), #925, .T. ) ;
#2553 = VERTEX_POINT ( 'NONE', #1413 ) ;
#2554 = LINE ( 'NONE', #59, #1926 ) ;
#2555 = ORIENTED_EDGE ( 'NONE', *, *, #15, .F. ) ;
#2556 = VECTOR ( 'NONE', #3026, 1000.000000000000100 ) ;
#2557 = EDGE_CURVE ( 'NONE', #2033, #620, #3069, .T. ) ;
#2558 = DIRECTION ( 'NONE',  ( 1.000000000000000000, 0.0000000000000000000, 1.304604148160810300E-016 ) ) ;
#2559 = VERTEX_POINT ( 'NONE', #1156 ) ;
#2560 = CARTESIAN_POINT ( 'NONE',  ( 3.399999999999998600, 0.3500000000000000300, 1.753182399049025800 ) ) ;
#2561 = AXIS2_PLACEMENT_3D ( 'NONE', #1703, #487, #2445 ) ;
#2562 = ORIENTED_EDGE ( 'NONE', *, *, #2059, .F. ) ;
#2563 = DIRECTION ( 'NONE',  ( 3.491481338843133000E-015, 1.000000000000000000, -0.0000000000000000000 ) ) ;
#2564 = ORIENTED_EDGE ( 'NONE', *, *, #1880, .T. ) ;
#2565 = ADVANCED_FACE ( 'NONE', ( #372 ), #704, .F. ) ;
#2566 = DIRECTION ( 'NONE',  ( -1.000000000000000000, -3.469446951953617300E-015, 0.0000000000000000000 ) ) ;
#2567 = ORIENTED_EDGE ( 'NONE', *, *, #3100, .T. ) ;
#2568 = CARTESIAN_POINT ( 'NONE',  ( 3.399999999999998600, 0.1510000000000000000, -1.600000000000001400 ) ) ;
#2569 = DIRECTION ( 'NONE',  ( 1.000000000000000000, 5.421010862427523000E-015, 0.0000000000000000000 ) ) ;
#2570 = CARTESIAN_POINT ( 'NONE',  ( -2.289999999999999600, 5.000000000000000000, -1.100000000000001400 ) ) ;
#2571 = LINE ( 'NONE', #2323, #559 ) ;
#2572 = CARTESIAN_POINT ( 'NONE',  ( 3.399999999999998600, 0.0000000000000000000, -1.600000000000001400 ) ) ;
#2573 = VECTOR ( 'NONE', #1594, 1000.000000000000000 ) ;
#2574 = DIRECTION ( 'NONE',  ( 1.000000000000000000, 0.0000000000000000000, -5.354084802397553700E-016 ) ) ;
#2575 =( NAMED_UNIT ( * ) SI_UNIT ( $, .STERADIAN. ) SOLID_ANGLE_UNIT ( ) );
#2576 = CARTESIAN_POINT ( 'NONE',  ( -2.141155349407364700, 0.3500000000000000300, -2.968834547352276600 ) ) ;
#2577 = ORIENTED_EDGE ( 'NONE', *, *, #2650, .T. ) ;
#2578 = FACE_OUTER_BOUND ( 'NONE', #2412, .T. ) ;
#2579 = CIRCLE ( 'NONE', #814, 0.4000000000000001300 ) ;
#2580 = AXIS2_PLACEMENT_3D ( 'NONE', #2217, #1022, #1503 ) ;
#2581 = EDGE_CURVE ( 'NONE', #867, #2002, #2992, .T. ) ;
#2582 = ADVANCED_FACE ( 'NONE', ( #180 ), #1882, .F. ) ;
#2583 = ORIENTED_EDGE ( 'NONE', *, *, #2923, .T. ) ;
#2584 = CARTESIAN_POINT ( 'NONE',  ( 3.549999999999998500, 4.700000000000000200, -1.600000000000001400 ) ) ;
#2585 = LINE ( 'NONE', #258, #2727 ) ;
#2586 = ORIENTED_EDGE ( 'NONE', *, *, #1050, .T. ) ;
#2587 = LINE ( 'NONE', #1513, #1006 ) ;
#2588 =( NAMED_UNIT ( * ) PLANE_ANGLE_UNIT ( ) SI_UNIT ( $, .RADIAN. ) );
#2589 = ORIENTED_EDGE ( 'NONE', *, *, #2942, .F. ) ;
#2590 = EDGE_CURVE ( 'NONE', #1288, #2222, #1681, .T. ) ;
#2591 = VECTOR ( 'NONE', #538, 1000.000000000000000 ) ;
#2592 = DIRECTION ( 'NONE',  ( 1.000000000000000000, 0.0000000000000000000, 0.0000000000000000000 ) ) ;
#2593 = CARTESIAN_POINT ( 'NONE',  ( 1.989999999999998200, 4.700000000000000200, -1.100000000000002500 ) ) ;
#2594 = VERTEX_POINT ( 'NONE', #1435 ) ;
#2595 = DIRECTION ( 'NONE',  ( 0.0000000000000000000, 0.0000000000000000000, -1.000000000000000000 ) ) ;
#2596 = ORIENTED_EDGE ( 'NONE', *, *, #1408, .F. ) ;
#2597 = ADVANCED_FACE ( 'NONE', ( #1458 ), #668, .T. ) ;
#2598 = CARTESIAN_POINT ( 'NONE',  ( 2.702240393671509400, 2.525000000000000400, 2.427001018394254300 ) ) ;
#2599 = VERTEX_POINT ( 'NONE', #3113 ) ;
#2600 = EDGE_LOOP ( 'NONE', ( #3130, #726, #1586, #324 ) ) ;
#2601 = AXIS2_PLACEMENT_3D ( 'NONE', #863, #357, #614 ) ;
#2602 = EDGE_CURVE ( 'NONE', #1127, #282, #212, .T. ) ;
#2603 = CARTESIAN_POINT ( 'NONE',  ( -2.500000000000001300, 0.1500000000000008300, 3.249999999999997800 ) ) ;
#2604 = DIRECTION ( 'NONE',  ( 0.0000000000000000000, -1.000000000000000000, 0.0000000000000000000 ) ) ;
#2605 = ORIENTED_EDGE ( 'NONE', *, *, #1408, .T. ) ;
#2606 = CARTESIAN_POINT ( 'NONE',  ( 3.399999999999997700, 4.700000000000000200, -1.100000000000001400 ) ) ;
#2607 = VERTEX_POINT ( 'NONE', #2202 ) ;
#2608 = ORIENTED_EDGE ( 'NONE', *, *, #2421, .F. ) ;
#2609 = DIRECTION ( 'NONE',  ( 3.469446951953616200E-015, 1.000000000000000000, 0.0000000000000000000 ) ) ;
#2610 = DIRECTION ( 'NONE',  ( -1.000000000000000000, 0.0000000000000000000, 0.0000000000000000000 ) ) ;
#2611 = ADVANCED_FACE ( 'NONE', ( #2428 ), #1673, .T. ) ;
#2612 = LINE ( 'NONE', #1005, #2014 ) ;
#2613 = DIRECTION ( 'NONE',  ( 3.491481338843133000E-015, -1.000000000000000000, 0.0000000000000000000 ) ) ;
#2614 = LINE ( 'NONE', #1633, #2430 ) ;
#2615 = VECTOR ( 'NONE', #3042, 1000.000000000000000 ) ;
#2616 = CARTESIAN_POINT ( 'NONE',  ( -2.589999999999998100, 4.700000000000000200, 1.100000000000000100 ) ) ;
#2617 = FILL_AREA_STYLE_COLOUR ( '', #1460 ) ;
#2618 = ORIENTED_EDGE ( 'NONE', *, *, #1889, .F. ) ;
#2619 = VECTOR ( 'NONE', #1562, 1000.000000000000000 ) ;
#2620 = CARTESIAN_POINT ( 'NONE',  ( -2.245354104976215100, 0.3500000000000000300, -3.076735517403073500 ) ) ;
#2621 = CARTESIAN_POINT ( 'NONE',  ( 3.399999999999998600, 0.1500000000000008300, -2.350000000000000100 ) ) ;
#2622 = AXIS2_PLACEMENT_3D ( 'NONE', #1955, #962, #1944 ) ;
#2623 = ORIENTED_EDGE ( 'NONE', *, *, #1028, .T. ) ;
#2624 = VECTOR ( 'NONE', #2376, 1000.000000000000000 ) ;
#2625 = PLANE ( 'NONE',  #244 ) ;
#2626 = ORIENTED_EDGE ( 'NONE', *, *, #1898, .F. ) ;
#2627 = VECTOR ( 'NONE', #1030, 1000.000000000000000 ) ;
#2628 = PLANE ( 'NONE',  #295 ) ;
#2629 = VERTEX_POINT ( 'NONE', #440 ) ;
#2630 = ADVANCED_FACE ( 'NONE', ( #1070 ), #1937, .T. ) ;
#2631 = VECTOR ( 'NONE', #922, 1000.000000000000000 ) ;
#2632 = CARTESIAN_POINT ( 'NONE',  ( 2.310000000000007600, 4.700000000000003700, 1.000000000000001300 ) ) ;
#2633 = EDGE_CURVE ( 'NONE', #2959, #1411, #2612, .T. ) ;
#2634 = ORIENTED_EDGE ( 'NONE', *, *, #1392, .F. ) ;
#2635 = VECTOR ( 'NONE', #576, 1000.000000000000000 ) ;
#2636 = EDGE_LOOP ( 'NONE', ( #937, #507, #1723, #2640, #807, #912 ) ) ;
#2637 = DIRECTION ( 'NONE',  ( -1.000000000000000000, -1.734723475976806500E-018, 6.639506355737724100E-016 ) ) ;
#2638 = CARTESIAN_POINT ( 'NONE',  ( 3.399999999999999000, 0.0000000000000000000, -1.600000000000001400 ) ) ;
#2639 = DIRECTION ( 'NONE',  ( 0.6946583704589990300, -0.0000000000000000000, 0.7193398003386495300 ) ) ;
#2640 = ORIENTED_EDGE ( 'NONE', *, *, #1989, .F. ) ;
#2641 =( GEOMETRIC_REPRESENTATION_CONTEXT ( 3 ) GLOBAL_UNCERTAINTY_ASSIGNED_CONTEXT ( ( #236 ) ) GLOBAL_UNIT_ASSIGNED_CONTEXT ( ( #602, #1098, #2575 ) ) REPRESENTATION_CONTEXT ( 'NONE', 'WORKASPACE' ) );
#2642 = AXIS2_PLACEMENT_3D ( 'NONE', #2351, #3054, #2130 ) ;
#2643 = VERTEX_POINT ( 'NONE', #994 ) ;
#2644 = CARTESIAN_POINT ( 'NONE',  ( 3.399999999999998100, 4.700000000000000200, 1.100000000000000500 ) ) ;
#2645 = ADVANCED_FACE ( 'NONE', ( #109 ), #1966, .F. ) ;
#2646 = ORIENTED_EDGE ( 'NONE', *, *, #833, .F. ) ;
#2647 = AXIS2_PLACEMENT_3D ( 'NONE', #3088, #204, #1417 ) ;
#2648 = DIRECTION ( 'NONE',  ( -3.491481338843133000E-015, -1.000000000000000000, 0.0000000000000000000 ) ) ;
#2649 = CARTESIAN_POINT ( 'NONE',  ( 2.000000000000008900, 0.1499999999999951100, -1.350000000000001400 ) ) ;
#2650 = EDGE_CURVE ( 'NONE', #2643, #1235, #411, .T. ) ;
#2651 = DIRECTION ( 'NONE',  ( -0.0000000000000000000, 1.000000000000000000, -0.0000000000000000000 ) ) ;
#2652 = LINE ( 'NONE', #886, #1178 ) ;
#2653 = CARTESIAN_POINT ( 'NONE',  ( -2.289999999999999600, 4.700000000000000200, -1.100000000000001400 ) ) ;
#2654 = DIRECTION ( 'NONE',  ( 0.0000000000000000000, 1.000000000000000000, -3.755563391555108800E-032 ) ) ;
#2655 = ORIENTED_EDGE ( 'NONE', *, *, #981, .T. ) ;
#2656 = CARTESIAN_POINT ( 'NONE',  ( -2.806439149240361500, 2.525000000000000400, -2.534901988445053900 ) ) ;
#2657 = SURFACE_STYLE_FILL_AREA ( #178 ) ;
#2658 = VECTOR ( 'NONE', #2881, 1000.000000000000000 ) ;
#2659 = ORIENTED_EDGE ( 'NONE', *, *, #1392, .T. ) ;
#2660 = EDGE_CURVE ( 'NONE', #100, #1708, #1597, .T. ) ;
#2661 = EDGE_LOOP ( 'NONE', ( #1208, #2060, #2844, #1471 ) ) ;
#2662 = VECTOR ( 'NONE', #1446, 1000.000000000000000 ) ;
#2663 = CARTESIAN_POINT ( 'NONE',  ( 1.989999999999998200, 5.000000000000000000, -1.100000000000002500 ) ) ;
#2664 = DIRECTION ( 'NONE',  ( 0.0000000000000000000, 1.000000000000000000, 0.0000000000000000000 ) ) ;
#2665 = CARTESIAN_POINT ( 'NONE',  ( 3.399999999999998600, 0.3499999999999992000, 1.600000000000001400 ) ) ;
#2666 = AXIS2_PLACEMENT_3D ( 'NONE', #284, #47, #2715 ) ;
#2667 = FACE_OUTER_BOUND ( 'NONE', #1741, .T. ) ;
#2668 = DIRECTION ( 'NONE',  ( -1.000000000000000000, 3.491481338843133400E-015, 0.0000000000000000000 ) ) ;
#2669 = DIRECTION ( 'NONE',  ( 0.0000000000000000000, 0.0000000000000000000, 1.000000000000000000 ) ) ;
#2670 = DIRECTION ( 'NONE',  ( -1.000000000000000000, 0.0000000000000000000, -0.0000000000000000000 ) ) ;
#2671 = VERTEX_POINT ( 'NONE', #1687 ) ;
#2672 = FACE_OUTER_BOUND ( 'NONE', #1480, .T. ) ;
#2673 = ORIENTED_EDGE ( 'NONE', *, *, #2259, .F. ) ;
#2674 = EDGE_CURVE ( 'NONE', #1127, #158, #961, .T. ) ;
#2675 = CARTESIAN_POINT ( 'NONE',  ( 3.399999999999998600, 5.000000000000000000, -1.100000000000000300 ) ) ;
#2676 = ORIENTED_EDGE ( 'NONE', *, *, #2214, .F. ) ;
#2677 = EDGE_LOOP ( 'NONE', ( #2439, #1019, #774, #1654 ) ) ;
#2678 = DIRECTION ( 'NONE',  ( 0.0000000000000000000, 1.000000000000000000, 0.0000000000000000000 ) ) ;
#2679 = CARTESIAN_POINT ( 'NONE',  ( 3.549999999999998500, 4.700000000000000200, 1.100000000000001400 ) ) ;
#2680 = ORIENTED_EDGE ( 'NONE', *, *, #916, .T. ) ;
#2681 = ORIENTED_EDGE ( 'NONE', *, *, #412, .T. ) ;
#2682 = CARTESIAN_POINT ( 'NONE',  ( -2.989976313806971900, 2.525000000000000400, -2.149137670210656800 ) ) ;
#2683 = EDGE_CURVE ( 'NONE', #968, #730, #290, .T. ) ;
#2684 = ORIENTED_EDGE ( 'NONE', *, *, #11, .T. ) ;
#2685 = AXIS2_PLACEMENT_3D ( 'NONE', #1750, #1515, #577 ) ;
#2686 = CARTESIAN_POINT ( 'NONE',  ( -3.399000000000001400, 0.3500000000000000300, -1.752757924232818200 ) ) ;
#2687 = DIRECTION ( 'NONE',  ( 1.000000000000000000, 3.690901012716612800E-015, 0.0000000000000000000 ) ) ;
#2688 = EDGE_CURVE ( 'NONE', #248, #2816, #2357, .T. ) ;
#2689 = DIRECTION ( 'NONE',  ( 3.491481338843133400E-015, -1.000000000000000000, 0.0000000000000000000 ) ) ;
#2690 = VECTOR ( 'NONE', #269, 1000.000000000000000 ) ;
#2691 = FACE_OUTER_BOUND ( 'NONE', #2677, .T. ) ;
#2692 = ORIENTED_EDGE ( 'NONE', *, *, #2867, .F. ) ;
#2693 = VECTOR ( 'NONE', #2362, 1000.000000000000000 ) ;
#2694 = LINE ( 'NONE', #2118, #2470 ) ;
#2695 = EDGE_CURVE ( 'NONE', #2607, #2230, #1297, .T. ) ;
#2696 = VERTEX_POINT ( 'NONE', #14 ) ;
#2697 = AXIS2_PLACEMENT_3D ( 'NONE', #1815, #2530, #289 ) ;
#2698 = ORIENTED_EDGE ( 'NONE', *, *, #556, .F. ) ;
#2699 = VECTOR ( 'NONE', #1055, 1000.000000000000000 ) ;
#2700 = DIRECTION ( 'NONE',  ( -1.000000000000000000, 3.491481338843130200E-015, 0.0000000000000000000 ) ) ;
#2701 = VERTEX_POINT ( 'NONE', #2006 ) ;
#2702 = CARTESIAN_POINT ( 'NONE',  ( 3.549999999999998500, 0.0000000000000000000, 1.600000000000001400 ) ) ;
#2703 = VECTOR ( 'NONE', #713, 1000.000000000000000 ) ;
#2704 = AXIS2_PLACEMENT_3D ( 'NONE', #2365, #2132, #921 ) ;
#2705 = ORIENTED_EDGE ( 'NONE', *, *, #1604, .F. ) ;
#2706 = CARTESIAN_POINT ( 'NONE',  ( -2.000000000000009300, -4.889051111029976100E-015, -1.350000000000001400 ) ) ;
#2707 = ORIENTED_EDGE ( 'NONE', *, *, #1490, .T. ) ;
#2708 = ORIENTED_EDGE ( 'NONE', *, *, #1508, .T. ) ;
#2709 = CARTESIAN_POINT ( 'NONE',  ( -3.400000000000001700, 5.000000000000000000, -1.753182399049027800 ) ) ;
#2710 = PLANE ( 'NONE',  #2284 ) ;
#2711 = EDGE_LOOP ( 'NONE', ( #2618, #918, #1897, #1950 ) ) ;
#2712 = CARTESIAN_POINT ( 'NONE',  ( 1.989999999999998700, 4.700000000000000200, -1.100000000000002500 ) ) ;
#2713 = EDGE_CURVE ( 'NONE', #2816, #2643, #849, .T. ) ;
#2714 = EDGE_LOOP ( 'NONE', ( #514, #1805, #2765, #537 ) ) ;
#2715 = DIRECTION ( 'NONE',  ( 4.647654449016387200E-015, 0.0000000000000000000, 1.000000000000000000 ) ) ;
#2716 = AXIS2_PLACEMENT_3D ( 'NONE', #869, #2032, #355 ) ;
#2717 = DIRECTION ( 'NONE',  ( 1.000000000000000000, 3.491481338843133000E-015, 0.0000000000000000000 ) ) ;
#2718 = DIRECTION ( 'NONE',  ( -1.000000000000000000, 0.0000000000000000000, 0.0000000000000000000 ) ) ;
#2719 = PLANE ( 'NONE',  #1893 ) ;
#2720 = ORIENTED_EDGE ( 'NONE', *, *, #1889, .T. ) ;
#2721 = LINE ( 'NONE', #1811, #2325 ) ;
#2722 = CYLINDRICAL_SURFACE ( 'NONE', #1027, 0.3000000000000001600 ) ;
#2723 = EDGE_CURVE ( 'NONE', #2002, #291, #2241, .T. ) ;
#2724 = DIRECTION ( 'NONE',  ( 1.000000000000000000, 0.0000000000000000000, 5.744117470121874700E-015 ) ) ;
#2725 = DIRECTION ( 'NONE',  ( -0.0000000000000000000, 0.0000000000000000000, -1.000000000000000000 ) ) ;
#2726 = ORIENTED_EDGE ( 'NONE', *, *, #605, .T. ) ;
#2727 = VECTOR ( 'NONE', #1209, 1000.000000000000000 ) ;
#2728 = CARTESIAN_POINT ( 'NONE',  ( 3.398999999999998200, 0.3500000000000000300, 1.752757924232816400 ) ) ;
#2729 = DIRECTION ( 'NONE',  ( -1.000000000000000000, 0.0000000000000000000, -0.0000000000000000000 ) ) ;
#2730 = EDGE_LOOP ( 'NONE', ( #1140, #710, #1391, #2159 ) ) ;
#2731 = LINE ( 'NONE', #2336, #2406 ) ;
#2732 = DIRECTION ( 'NONE',  ( 0.0000000000000000000, -1.000000000000000000, 0.0000000000000000000 ) ) ;
#2733 = CARTESIAN_POINT ( 'NONE',  ( -1.989999999999999100, 4.700000000000005500, 0.0000000000000000000 ) ) ;
#2734 = VERTEX_POINT ( 'NONE', #2958 ) ;
#2735 = VECTOR ( 'NONE', #2268, 1000.000000000000000 ) ;
#2736 = AXIS2_PLACEMENT_3D ( 'NONE', #1850, #1627, #2321 ) ;
#2737 = EDGE_CURVE ( 'NONE', #1355, #2939, #1221, .T. ) ;
#2738 = DIRECTION ( 'NONE',  ( -1.734723475976806500E-018, 1.000000000000000000, -4.044452883213194700E-032 ) ) ;
#2739 = DIRECTION ( 'NONE',  ( 1.000000000000000000, 1.734723475976806300E-018, -7.016007363992007900E-050 ) ) ;
#2740 = ORIENTED_EDGE ( 'NONE', *, *, #25, .F. ) ;
#2741 = VECTOR ( 'NONE', #653, 1000.000000000000000 ) ;
#2742 = CARTESIAN_POINT ( 'NONE',  ( -1.628588242560759400, 2.524999999999999900, -1.891024285302926400 ) ) ;
#2743 = CARTESIAN_POINT ( 'NONE',  ( -2.702240393671512000, 2.525000000000000400, -2.427001018394256500 ) ) ;
#2744 = AXIS2_PLACEMENT_3D ( 'NONE', #1405, #2359, #1643 ) ;
#2745 = DIRECTION ( 'NONE',  ( -1.000000000000000000, 0.0000000000000000000, -1.304604148160810300E-016 ) ) ;
#2746 = ORIENTED_EDGE ( 'NONE', *, *, #2852, .F. ) ;
#2747 = DIRECTION ( 'NONE',  ( 0.0000000000000000000, 0.0000000000000000000, -1.000000000000000000 ) ) ;
#2748 = CARTESIAN_POINT ( 'NONE',  ( 3.549999999999998500, 0.1510000000000000000, 1.600000000000001200 ) ) ;
#2749 = ORIENTED_EDGE ( 'NONE', *, *, #1371, .T. ) ;
#2750 = DIRECTION ( 'NONE',  ( -1.000000000000000000, 0.0000000000000000000, 0.0000000000000000000 ) ) ;
#2751 = ORIENTED_EDGE ( 'NONE', *, *, #2808, .F. ) ;
#2752 = CARTESIAN_POINT ( 'NONE',  ( 2.702240393671509400, 2.525000000000000400, 2.427001018394254300 ) ) ;
#2753 = ORIENTED_EDGE ( 'NONE', *, *, #2160, .T. ) ;
#2754 = ADVANCED_FACE ( 'NONE', ( #1382 ), #2719, .F. ) ;
#2755 = VERTEX_POINT ( 'NONE', #1025 ) ;
#2756 = DIRECTION ( 'NONE',  ( 0.6946583704589990300, -0.0000000000000000000, 0.7193398003386495300 ) ) ;
#2757 = CARTESIAN_POINT ( 'NONE',  ( 1.790086991167561700E-014, 4.700000000000012600, 1.000000000000001300 ) ) ;
#2758 = DIRECTION ( 'NONE',  ( 0.0000000000000000000, 1.000000000000000000, -3.755563391555108800E-032 ) ) ;
#2759 = AXIS2_PLACEMENT_3D ( 'NONE', #2653, #1001, #1928 ) ;
#2760 = EDGE_CURVE ( 'NONE', #2671, #3093, #3142, .T. ) ;
#2761 = LINE ( 'NONE', #1057, #603 ) ;
#2762 = FACE_OUTER_BOUND ( 'NONE', #1076, .T. ) ;
#2763 =( GEOMETRIC_REPRESENTATION_CONTEXT ( 3 ) GLOBAL_UNCERTAINTY_ASSIGNED_CONTEXT ( ( #2180 ) ) GLOBAL_UNIT_ASSIGNED_CONTEXT ( ( #2112, #2077, #631 ) ) REPRESENTATION_CONTEXT ( 'NONE', 'WORKASPACE' ) );
#2764 = DIRECTION ( 'NONE',  ( 0.7193398003386494200, 0.0000000000000000000, -0.6946583704589990300 ) ) ;
#2765 = ORIENTED_EDGE ( 'NONE', *, *, #2367, .F. ) ;
#2766 = CYLINDRICAL_SURFACE ( 'NONE', #1383, 0.2500000000000002200 ) ;
#2767 = CARTESIAN_POINT ( 'NONE',  ( 3.399999999999998600, 4.700000000000000200, 1.000000000000001300 ) ) ;
#2768 = DIRECTION ( 'NONE',  ( -0.7193398003386495300, 0.0000000000000000000, 0.6946583704589990300 ) ) ;
#2769 = EDGE_LOOP ( 'NONE', ( #2350, #13, #1699, #91, #789, #2562, #661, #1519 ) ) ;
#2770 = LINE ( 'NONE', #2358, #1115 ) ;
#2771 = ADVANCED_FACE ( 'NONE', ( #564 ), #1640, .F. ) ;
#2772 = ORIENTED_EDGE ( 'NONE', *, *, #25, .T. ) ;
#2773 = DIRECTION ( 'NONE',  ( -0.0000000000000000000, -0.0000000000000000000, -1.000000000000000000 ) ) ;
#2774 = LINE ( 'NONE', #1550, #499 ) ;
#2775 = ORIENTED_EDGE ( 'NONE', *, *, #2030, .F. ) ;
#2776 = CARTESIAN_POINT ( 'NONE',  ( 3.549999999999998000, 0.3500000000000000300, 1.100000000000000500 ) ) ;
#2777 = LINE ( 'NONE', #3, #1397 ) ;
#2778 = CARTESIAN_POINT ( 'NONE',  ( 3.504198755568848500, 0.3499999999999992000, 1.861083369099823400 ) ) ;
#2779 = VERTEX_POINT ( 'NONE', #303 ) ;
#2780 = EDGE_CURVE ( 'NONE', #2891, #2931, #995, .T. ) ;
#2781 = LINE ( 'NONE', #446, #2857 ) ;
#2782 = CARTESIAN_POINT ( 'NONE',  ( -2.806439149240361500, 2.525000000000000400, -2.534901988445053900 ) ) ;
#2783 = DIRECTION ( 'NONE',  ( 3.491481338843133400E-015, 1.000000000000000000, 0.0000000000000000000 ) ) ;
#2784 = VERTEX_POINT ( 'NONE', #2015 ) ;
#2785 = AXIS2_PLACEMENT_3D ( 'NONE', #2606, #2822, #1607 ) ;
#2786 = CARTESIAN_POINT ( 'NONE',  ( 2.414504473536049500, 2.525000000000000400, 2.704864366577854000 ) ) ;
#2787 = VERTEX_POINT ( 'NONE', #1059 ) ;
#2788 = ORIENTED_EDGE ( 'NONE', *, *, #239, .T. ) ;
#2789 = ADVANCED_FACE ( 'NONE', ( #2762 ), #1525, .F. ) ;
#2790 = DIRECTION ( 'NONE',  ( 0.6946583704589990300, -0.0000000000000000000, 0.7193398003386495300 ) ) ;
#2791 = ORIENTED_EDGE ( 'NONE', *, *, #2144, .F. ) ;
#2792 = DIRECTION ( 'NONE',  ( -0.0000000000000000000, -0.0000000000000000000, 1.000000000000000000 ) ) ;
#2793 = PLANE ( 'NONE',  #3027 ) ;
#2794 =( NAMED_UNIT ( * ) PLANE_ANGLE_UNIT ( ) SI_UNIT ( $, .RADIAN. ) );
#2795 = EDGE_CURVE ( 'NONE', #2968, #190, #1491, .T. ) ;
#2796 = ORIENTED_EDGE ( 'NONE', *, *, #1903, .F. ) ;
#2797 = CARTESIAN_POINT ( 'NONE',  ( -1.989999999999999100, 4.700000000000005500, -1.000000000000001300 ) ) ;
#2798 = DIRECTION ( 'NONE',  ( -0.7193398003386440900, 0.0000000000000000000, 0.6946583704590045800 ) ) ;
#2799 = CARTESIAN_POINT ( 'NONE',  ( -1.989999999999999500, 5.000000000000000000, -1.100000000000002500 ) ) ;
#2800 = LINE ( 'NONE', #2516, #2167 ) ;
#2801 = AXIS2_PLACEMENT_3D ( 'NONE', #1457, #2669, #2182 ) ;
#2802 = ADVANCED_FACE ( 'NONE', ( #330 ), #2056, .T. ) ;
#2803 = ORIENTED_EDGE ( 'NONE', *, *, #651, .F. ) ;
#2804 = VECTOR ( 'NONE', #609, 1000.000000000000000 ) ;
#2805 = LINE ( 'NONE', #307, #2247 ) ;
#2806 = CARTESIAN_POINT ( 'NONE',  ( 2.250000000000008400, 0.1499999999999959700, 1.350000000000001200 ) ) ;
#2807 = ORIENTED_EDGE ( 'NONE', *, *, #1280, .T. ) ;
#2808 = EDGE_CURVE ( 'NONE', #1275, #2293, #2800, .T. ) ;
#2809 = CARTESIAN_POINT ( 'NONE',  ( 3.503893413939307400, -2.277411492777083900, 1.861378234083952400 ) ) ;
#2810 = PLANE ( 'NONE',  #2001 ) ;
#2811 = ORIENTED_EDGE ( 'NONE', *, *, #225, .T. ) ;
#2812 = FACE_OUTER_BOUND ( 'NONE', #2274, .T. ) ;
#2813 = PLANE ( 'NONE',  #1978 ) ;
#2814 = ORIENTED_EDGE ( 'NONE', *, *, #2123, .T. ) ;
#2815 = LINE ( 'NONE', #950, #1507 ) ;
#2816 = VERTEX_POINT ( 'NONE', #2047 ) ;
#2817 = ADVANCED_FACE ( 'NONE', ( #2913 ), #850, .T. ) ;
#2818 = EDGE_CURVE ( 'NONE', #817, #1411, #2878, .T. ) ;
#2819 = CARTESIAN_POINT ( 'NONE',  ( 3.399999999999999000, 4.850000000000000500, -1.000000000000001300 ) ) ;
#2820 = ORIENTED_EDGE ( 'NONE', *, *, #2831, .T. ) ;
#2821 = CARTESIAN_POINT ( 'NONE',  ( 3.398999999999998200, 0.1510000000000000000, -1.600000000000001400 ) ) ;
#2822 = DIRECTION ( 'NONE',  ( -2.141633920959023500E-015, 0.0000000000000000000, -1.000000000000000000 ) ) ;
#2823 = ORIENTED_EDGE ( 'NONE', *, *, #1969, .F. ) ;
#2824 = MANIFOLD_SOLID_BREP ( 'Cut-Extrude3', #229 ) ;
#2825 = EDGE_LOOP ( 'NONE', ( #418, #2303, #2577, #163 ) ) ;
#2826 =( NAMED_UNIT ( * ) PLANE_ANGLE_UNIT ( ) SI_UNIT ( $, .RADIAN. ) );
#2827 = VERTEX_POINT ( 'NONE', #2748 ) ;
#2828 = DIRECTION ( 'NONE',  ( -0.0000000000000000000, 1.000000000000000000, -0.0000000000000000000 ) ) ;
#2829 = PLANE ( 'NONE',  #1618 ) ;
#2830 = DIRECTION ( 'NONE',  ( 0.0000000000000000000, -0.0000000000000000000, -1.000000000000000000 ) ) ;
#2831 = EDGE_CURVE ( 'NONE', #421, #2905, #209, .T. ) ;
#2832 = DIRECTION ( 'NONE',  ( 1.000000000000000000, 3.690901012716612800E-015, 0.0000000000000000000 ) ) ;
#2833 = VECTOR ( 'NONE', #2475, 1000.000000000000000 ) ;
#2834 = CARTESIAN_POINT ( 'NONE',  ( 1.849999999999998500, 0.1500000000000008300, 3.249999999999997800 ) ) ;
#2835 = EDGE_CURVE ( 'NONE', #190, #2553, #3102, .T. ) ;
#2836 =( NAMED_UNIT ( * ) SI_UNIT ( $, .STERADIAN. ) SOLID_ANGLE_UNIT ( ) );
#2837 =( NAMED_UNIT ( * ) SI_UNIT ( $, .STERADIAN. ) SOLID_ANGLE_UNIT ( ) );
#2838 = CARTESIAN_POINT ( 'NONE',  ( -3.094175069375821400, 2.525000000000000400, -2.257038640261453700 ) ) ;
#2839 = DIRECTION ( 'NONE',  ( 3.491481338843133000E-015, -1.000000000000000000, -0.0000000000000000000 ) ) ;
#2840 = EDGE_LOOP ( 'NONE', ( #2432, #1622, #1440, #2232 ) ) ;
#2841 = LINE ( 'NONE', #636, #1258 ) ;
#2842 = AXIS2_PLACEMENT_3D ( 'NONE', #753, #231, #1487 ) ;
#2843 = EDGE_CURVE ( 'NONE', #1114, #80, #888, .T. ) ;
#2844 = ORIENTED_EDGE ( 'NONE', *, *, #2867, .T. ) ;
#2845 = FACE_OUTER_BOUND ( 'NONE', #1800, .T. ) ;
#2846 = LINE ( 'NONE', #419, #1846 ) ;
#2847 = CARTESIAN_POINT ( 'NONE',  ( -1.989999999999997800, 4.700000000000000200, 1.100000000000003000 ) ) ;
#2848 = AXIS2_PLACEMENT_3D ( 'NONE', #2638, #2390, #691 ) ;
#2849 = FACE_OUTER_BOUND ( 'NONE', #2730, .T. ) ;
#2850 = ADVANCED_FACE ( 'NONE', ( #2316 ), #1216, .F. ) ;
#2851 = ORIENTED_EDGE ( 'NONE', *, *, #3143, .T. ) ;
#2852 = EDGE_CURVE ( 'NONE', #2779, #3035, #1676, .T. ) ;
#2853 = VECTOR ( 'NONE', #117, 1000.000000000000100 ) ;
#2854 = DIRECTION ( 'NONE',  ( 0.0000000000000000000, 0.0000000000000000000, -1.000000000000000000 ) ) ;
#2855 = CARTESIAN_POINT ( 'NONE',  ( 2.499999999999998700, 0.1500000000000008300, -3.249999999999999600 ) ) ;
#2856 = ORIENTED_EDGE ( 'NONE', *, *, #1949, .F. ) ;
#2857 = VECTOR ( 'NONE', #437, 1000.000000000000000 ) ;
#2858 = PLANE ( 'NONE',  #2785 ) ;
#2859 = DIRECTION ( 'NONE',  ( 0.0000000000000000000, 0.0000000000000000000, 1.000000000000000000 ) ) ;
#2860 = EDGE_LOOP ( 'NONE', ( #444, #2496, #680, #2814 ) ) ;
#2861 = EDGE_CURVE ( 'NONE', #3043, #641, #2462, .T. ) ;
#2862 = CARTESIAN_POINT ( 'NONE',  ( -3.399999999999998600, 4.700000000000000200, -1.000000000000001300 ) ) ;
#2863 = DIRECTION ( 'NONE',  ( 0.0000000000000000000, 0.0000000000000000000, 1.000000000000000000 ) ) ;
#2864 = ORIENTED_EDGE ( 'NONE', *, *, #2123, .F. ) ;
#2865 = ORIENTED_EDGE ( 'NONE', *, *, #2683, .T. ) ;
#2866 = STYLED_ITEM ( 'NONE', ( #1476 ), #826 ) ;
#2867 = EDGE_CURVE ( 'NONE', #1829, #597, #654, .T. ) ;
#2868 = CARTESIAN_POINT ( 'NONE',  ( 2.499999999999998700, 5.000000000000000000, -2.349999999999999600 ) ) ;
#2869 = DIRECTION ( 'NONE',  ( -1.000000000000000000, -3.491481338843133400E-015, -1.548860246407875200E-016 ) ) ;
#2870 = ORIENTED_EDGE ( 'NONE', *, *, #2602, .F. ) ;
#2871 = ADVANCED_FACE ( 'NONE', ( #2948 ), #3066, .F. ) ;
#2872 = AXIS2_PLACEMENT_3D ( 'NONE', #2868, #2147, #1429 ) ;
#2873 = CARTESIAN_POINT ( 'NONE',  ( -3.399999999999999000, 4.850000000000000500, 1.000000000000001300 ) ) ;
#2874 = CARTESIAN_POINT ( 'NONE',  ( 1.989999999999999500, 4.850000000000005000, 1.000000000000001300 ) ) ;
#2875 = ORIENTED_EDGE ( 'NONE', *, *, #379, .T. ) ;
#2876 = PLANE ( 'NONE',  #3108 ) ;
#2877 = ORIENTED_EDGE ( 'NONE', *, *, #612, .T. ) ;
#2878 = LINE ( 'NONE', #2549, #1714 ) ;
#2879 = VECTOR ( 'NONE', #2465, 1000.000000000000000 ) ;
#2880 = CARTESIAN_POINT ( 'NONE',  ( -3.400000000000001700, 4.700000000000000200, -1.752757924232818200 ) ) ;
#2881 = DIRECTION ( 'NONE',  ( -1.000000000000000000, -3.690901012716612800E-015, -0.0000000000000000000 ) ) ;
#2882 = VECTOR ( 'NONE', #207, 1000.000000000000000 ) ;
#2883 = EDGE_CURVE ( 'NONE', #1235, #2939, #1791, .T. ) ;
#2884 = ADVANCED_FACE ( 'NONE', ( #813 ), #2276, .T. ) ;
#2885 = VERTEX_POINT ( 'NONE', #923 ) ;
#2886 = CYLINDRICAL_SURFACE ( 'NONE', #548, 0.2500000000000002200 ) ;
#2887 = FACE_OUTER_BOUND ( 'NONE', #21, .T. ) ;
#2888 = DIRECTION ( 'NONE',  ( 3.469446951953616600E-015, -1.000000000000000000, -0.0000000000000000000 ) ) ;
#2889 = VERTEX_POINT ( 'NONE', #3051 ) ;
#2890 = LINE ( 'NONE', #3057, #822 ) ;
#2891 = VERTEX_POINT ( 'NONE', #1390 ) ;
#2892 = CYLINDRICAL_SURFACE ( 'NONE', #2622, 0.4000000000000001300 ) ;
#2893 = ORIENTED_EDGE ( 'NONE', *, *, #1251, .F. ) ;
#2894 = CYLINDRICAL_SURFACE ( 'NONE', #952, 0.1599999999999999800 ) ;
#2895 = CARTESIAN_POINT ( 'NONE',  ( 1.989999999999998700, 4.700000000000000200, 1.100000000000002100 ) ) ;
#2896 = EDGE_CURVE ( 'NONE', #2151, #321, #520, .T. ) ;
#2897 = DIRECTION ( 'NONE',  ( 0.0000000000000000000, -0.0000000000000000000, -1.000000000000000000 ) ) ;
#2898 = ORIENTED_EDGE ( 'NONE', *, *, #748, .F. ) ;
#2899 = LINE ( 'NONE', #1066, #1436 ) ;
#2900 = PLANE ( 'NONE',  #649 ) ;
#2901 = ORIENTED_EDGE ( 'NONE', *, *, #2942, .T. ) ;
#2902 = DIRECTION ( 'NONE',  ( 0.0000000000000000000, 1.000000000000000000, 0.0000000000000000000 ) ) ;
#2903 = VERTEX_POINT ( 'NONE', #1600 ) ;
#2904 = AXIS2_PLACEMENT_3D ( 'NONE', #2034, #1570, #2529 ) ;
#2905 = VERTEX_POINT ( 'NONE', #2115 ) ;
#2906 = CARTESIAN_POINT ( 'NONE',  ( 3.399999999999998100, 4.700000000000000200, 1.100000000000000500 ) ) ;
#2907 = DIRECTION ( 'NONE',  ( 1.734723475976806300E-018, -1.000000000000000000, 4.044452883213193600E-032 ) ) ;
#2908 = ORIENTED_EDGE ( 'NONE', *, *, #2103, .T. ) ;
#2909 = AXIS2_PLACEMENT_3D ( 'NONE', #2338, #2604, #2830 ) ;
#2910 = CARTESIAN_POINT ( 'NONE',  ( 3.398999999999998200, 0.1510000000000000000, -1.600000000000001400 ) ) ;
#2911 = ORIENTED_EDGE ( 'NONE', *, *, #1168, .T. ) ;
#2912 = EDGE_CURVE ( 'NONE', #2607, #2889, #1146, .T. ) ;
#2913 = FACE_OUTER_BOUND ( 'NONE', #38, .T. ) ;
#2914 = CARTESIAN_POINT ( 'NONE',  ( -3.399999999999998600, 0.1510000000000000000, 1.100000000000001400 ) ) ;
#2915 = VECTOR ( 'NONE', #1524, 1000.000000000000000 ) ;
#2916 = DIRECTION ( 'NONE',  ( -1.000000000000000000, 5.421010862427523000E-015, 0.0000000000000000000 ) ) ;
#2917 = FACE_OUTER_BOUND ( 'NONE', #135, .T. ) ;
#2918 = PLANE ( 'NONE',  #2384 ) ;
#2919 = LINE ( 'NONE', #1062, #699 ) ;
#2920 = ORIENTED_EDGE ( 'NONE', *, *, #592, .F. ) ;
#2921 = VECTOR ( 'NONE', #1147, 1000.000000000000000 ) ;
#2922 = AXIS2_PLACEMENT_3D ( 'NONE', #2138, #1684, #2157 ) ;
#2923 = EDGE_CURVE ( 'NONE', #441, #2293, #2571, .T. ) ;
#2924 = ORIENTED_EDGE ( 'NONE', *, *, #1231, .F. ) ;
#2925 = CYLINDRICAL_SURFACE ( 'NONE', #1830, 0.0009999999999999158900 ) ;
#2926 = DIRECTION ( 'NONE',  ( 0.0000000000000000000, 1.000000000000000000, -3.755563391555108800E-032 ) ) ;
#2927 = AXIS2_PLACEMENT_3D ( 'NONE', #1709, #2429, #2153 ) ;
#2928 = ORIENTED_EDGE ( 'NONE', *, *, #1619, .T. ) ;
#2929 = VECTOR ( 'NONE', #889, 1000.000000000000000 ) ;
#2930 = CARTESIAN_POINT ( 'NONE',  ( 2.250000000000008900, -4.006039441473987400E-015, 1.600000000000001200 ) ) ;
#2931 = VERTEX_POINT ( 'NONE', #644 ) ;
#2932 = VECTOR ( 'NONE', #50, 1000.000000000000000 ) ;
#2933 = DIRECTION ( 'NONE',  ( 1.548860246407875200E-016, 5.407816646809072900E-031, -1.000000000000000000 ) ) ;
#2934 = DIRECTION ( 'NONE',  ( 0.7193398003386446400, 0.0000000000000000000, -0.6946583704590040300 ) ) ;
#2935 = EDGE_LOOP ( 'NONE', ( #1735, #2455, #1330, #806 ) ) ;
#2936 = CARTESIAN_POINT ( 'NONE',  ( 2.000000000000009300, -4.889051111029976100E-015, 0.0000000000000000000 ) ) ;
#2937 = DIRECTION ( 'NONE',  ( 0.0000000000000000000, 1.000000000000000000, -3.755563391555108800E-032 ) ) ;
#2938 = ORIENTED_EDGE ( 'NONE', *, *, #2590, .F. ) ;
#2939 = VERTEX_POINT ( 'NONE', #1629 ) ;
#2940 = DIRECTION ( 'NONE',  ( 0.0000000000000000000, 1.000000000000000000, -0.0000000000000000000 ) ) ;
#2941 = ORIENTED_EDGE ( 'NONE', *, *, #1402, .T. ) ;
#2942 = EDGE_CURVE ( 'NONE', #1708, #2218, #2652, .T. ) ;
#2943 = ORIENTED_EDGE ( 'NONE', *, *, #1728, .T. ) ;
#2944 = AXIS2_PLACEMENT_3D ( 'NONE', #957, #2933, #1449 ) ;
#2945 = VERTEX_POINT ( 'NONE', #2346 ) ;
#2946 = FACE_OUTER_BOUND ( 'NONE', #1870, .T. ) ;
#2947 = DIRECTION ( 'NONE',  ( 0.7193398003386493000, 0.0000000000000000000, -0.6946583704589993600 ) ) ;
#2948 = FACE_OUTER_BOUND ( 'NONE', #234, .T. ) ;
#2949 = EDGE_CURVE ( 'NONE', #155, #280, #1939, .T. ) ;
#2950 = LINE ( 'NONE', #362, #611 ) ;
#2951 = CARTESIAN_POINT ( 'NONE',  ( 1.849999999999998500, 0.1500000000000008300, 3.249999999999997800 ) ) ;
#2952 = DIRECTION ( 'NONE',  ( 0.0000000000000000000, 0.0000000000000000000, 1.000000000000000000 ) ) ;
#2953 = ORIENTED_EDGE ( 'NONE', *, *, #1679, .F. ) ;
#2954 = CARTESIAN_POINT ( 'NONE',  ( 3.399999999999998600, 0.1510000000000000000, 1.600000000000001200 ) ) ;
#2955 = CIRCLE ( 'NONE', #2228, 0.4000000000000001300 ) ;
#2956 = FACE_OUTER_BOUND ( 'NONE', #1093, .T. ) ;
#2957 = EDGE_CURVE ( 'NONE', #1829, #344, #2010, .T. ) ;
#2958 = CARTESIAN_POINT ( 'NONE',  ( 3.549999999999998500, 4.699999999999999300, 1.000000000000001300 ) ) ;
#2959 = VERTEX_POINT ( 'NONE', #162 ) ;
#2960 = VECTOR ( 'NONE', #585, 1000.000000000000000 ) ;
#2961 = AXIS2_PLACEMENT_3D ( 'NONE', #1985, #2678, #264 ) ;
#2962 = EDGE_CURVE ( 'NONE', #2405, #291, #2239, .T. ) ;
#2963 = DIRECTION ( 'NONE',  ( -1.304604148160810300E-016, 0.0000000000000000000, -1.000000000000000000 ) ) ;
#2964 = FACE_OUTER_BOUND ( 'NONE', #3009, .T. ) ;
#2965 = ORIENTED_EDGE ( 'NONE', *, *, #2896, .F. ) ;
#2966 = CIRCLE ( 'NONE', #709, 0.1510000000000000800 ) ;
#2967 = AXIS2_PLACEMENT_3D ( 'NONE', #864, #615, #2302 ) ;
#2968 = VERTEX_POINT ( 'NONE', #2576 ) ;
#2969 = FACE_OUTER_BOUND ( 'NONE', #2185, .T. ) ;
#2970 = DIRECTION ( 'NONE',  ( 0.0000000000000000000, 1.000000000000000000, -3.755563391555108800E-032 ) ) ;
#2971 = FILL_AREA_STYLE_COLOUR ( '', #1929 ) ;
#2972 = CARTESIAN_POINT ( 'NONE',  ( -3.398999999999998200, 0.1510000000000000000, 1.600000000000001200 ) ) ;
#2973 = EDGE_CURVE ( 'NONE', #1344, #2222, #2538, .T. ) ;
#2974 = EDGE_LOOP ( 'NONE', ( #174, #1509, #573, #686 ) ) ;
#2975 = EDGE_LOOP ( 'NONE', ( #2634, #1980, #1932, #2901 ) ) ;
#2976 = CARTESIAN_POINT ( 'NONE',  ( -2.289999999999999100, 4.700000000000000200, 1.100000000000001900 ) ) ;
#2977 = CARTESIAN_POINT ( 'NONE',  ( 3.549999999999998500, 0.1510000000000000200, 1.100000000000001400 ) ) ;
#2978 = ORIENTED_EDGE ( 'NONE', *, *, #459, .T. ) ;
#2979 = DIRECTION ( 'NONE',  ( 0.7193398003386488600, 1.247855638851894700E-018, -0.6946583704589998100 ) ) ;
#2980 = DIRECTION ( 'NONE',  ( 0.0000000000000000000, 1.000000000000000000, 0.0000000000000000000 ) ) ;
#2981 = EDGE_CURVE ( 'NONE', #3043, #3012, #1454, .T. ) ;
#2982 = ORIENTED_EDGE ( 'NONE', *, *, #2981, .T. ) ;
#2983 = DIRECTION ( 'NONE',  ( -0.0000000000000000000, 1.000000000000000000, -0.0000000000000000000 ) ) ;
#2984 = ORIENTED_EDGE ( 'NONE', *, *, #1973, .T. ) ;
#2985 = AXIS2_PLACEMENT_3D ( 'NONE', #640, #1588, #2798 ) ;
#2986 = PLANE ( 'NONE',  #79 ) ;
#2987 = SURFACE_STYLE_FILL_AREA ( #1109 ) ;
#2988 = VECTOR ( 'NONE', #530, 1000.000000000000000 ) ;
#2989 = DIRECTION ( 'NONE',  ( -0.7193398003386495300, 0.0000000000000000000, 0.6946583704589990300 ) ) ;
#2990 = FILL_AREA_STYLE_COLOUR ( '', #1743 ) ;
#2991 = SURFACE_SIDE_STYLE ('',( #310 ) ) ;
#2992 = LINE ( 'NONE', #1447, #2091 ) ;
#2993 = DIRECTION ( 'NONE',  ( -0.0000000000000000000, 1.000000000000000000, -0.0000000000000000000 ) ) ;
#2994 = EDGE_LOOP ( 'NONE', ( #1259, #171, #2418, #408 ) ) ;
#2995 = CIRCLE ( 'NONE', #1874, 0.3000000000000001600 ) ;
#2996 = ORIENTED_EDGE ( 'NONE', *, *, #722, .T. ) ;
#2997 = FACE_BOUND ( 'NONE', #2297, .T. ) ;
#2998 = ORIENTED_EDGE ( 'NONE', *, *, #1175, .F. ) ;
#2999 = DIRECTION ( 'NONE',  ( -1.734723475976806500E-018, 1.000000000000000000, -4.044452883213194700E-032 ) ) ;
#3000 = ORIENTED_EDGE ( 'NONE', *, *, #2076, .T. ) ;
#3001 = CIRCLE ( 'NONE', #1010, 0.001000000000000132700 ) ;
#3002 = EDGE_CURVE ( 'NONE', #1396, #1620, #694, .T. ) ;
#3003 = CARTESIAN_POINT ( 'NONE',  ( 2.289999999999999100, 4.700000000000000200, 1.100000000000001900 ) ) ;
#3004 = CARTESIAN_POINT ( 'NONE',  ( -4.144750259426543200E-029, 0.1499999999999881200, 0.0000000000000000000 ) ) ;
#3005 = EDGE_LOOP ( 'NONE', ( #2753, #2464, #498, #2608, #1727, #2289 ) ) ;
#3006 = FACE_OUTER_BOUND ( 'NONE', #242, .T. ) ;
#3007 = EDGE_CURVE ( 'NONE', #1173, #1516, #3032, .T. ) ;
#3008 = CARTESIAN_POINT ( 'NONE',  ( -3.400000000000001700, 5.000000000000000000, -1.753182399049027800 ) ) ;
#3009 = EDGE_LOOP ( 'NONE', ( #1212, #2193, #1026, #377 ) ) ;
#3010 = VECTOR ( 'NONE', #1188, 1000.000000000000000 ) ;
#3011 = DIRECTION ( 'NONE',  ( -0.0000000000000000000, -0.0000000000000000000, -1.000000000000000000 ) ) ;
#3012 = VERTEX_POINT ( 'NONE', #2621 ) ;
#3013 = ADVANCED_FACE ( 'NONE', ( #740 ), #1377, .F. ) ;
#3014 = CARTESIAN_POINT ( 'NONE',  ( -3.549999999999998500, 4.699999999999999300, 1.000000000000001300 ) ) ;
#3015 = AXIS2_PLACEMENT_3D ( 'NONE', #1144, #1401, #1161 ) ;
#3016 = DIRECTION ( 'NONE',  ( -0.0000000000000000000, 1.000000000000000000, -0.0000000000000000000 ) ) ;
#3017 = ORIENTED_EDGE ( 'NONE', *, *, #2440, .F. ) ;
#3018 = CARTESIAN_POINT ( 'NONE',  ( -1.990000000000008200, 4.850000000000005000, 1.000000000000001300 ) ) ;
#3019 = CARTESIAN_POINT ( 'NONE',  ( -3.549999999999998500, 4.700000000000000200, -1.100000000000001400 ) ) ;
#3020 = VERTEX_POINT ( 'NONE', #211 ) ;
#3021 = CARTESIAN_POINT ( 'NONE',  ( 3.504198755568848500, 4.700000000000000200, 1.861083369099823400 ) ) ;
#3022 = ORIENTED_EDGE ( 'NONE', *, *, #1790, .T. ) ;
#3023 = CARTESIAN_POINT ( 'NONE',  ( -2.414504473536051700, 2.525000000000000400, -2.704864366577857100 ) ) ;
#3024 = ORIENTED_EDGE ( 'NONE', *, *, #1751, .T. ) ;
#3025 = CARTESIAN_POINT ( 'NONE',  ( 3.549999999999998500, 4.699999999999999300, -1.000000000000001300 ) ) ;
#3026 = DIRECTION ( 'NONE',  ( -0.6946583704590040300, 2.563915283019200400E-016, -0.7193398003386445300 ) ) ;
#3027 = AXIS2_PLACEMENT_3D ( 'NONE', #3050, #1599, #139 ) ;
#3028 = EDGE_CURVE ( 'NONE', #865, #804, #1291, .T. ) ;
#3029 = ADVANCED_FACE ( 'NONE', ( #1029 ), #3030, .F. ) ;
#3030 = CYLINDRICAL_SURFACE ( 'NONE', #1139, 0.001000000000000132700 ) ;
#3031 = DIRECTION ( 'NONE',  ( 0.0000000000000000000, 1.000000000000000000, -0.0000000000000000000 ) ) ;
#3032 = LINE ( 'NONE', #3104, #1380 ) ;
#3033 = AXIS2_PLACEMENT_3D ( 'NONE', #2728, #550, #1293 ) ;
#3034 = DIRECTION ( 'NONE',  ( 0.0000000000000000000, 0.0000000000000000000, -1.000000000000000000 ) ) ;
#3035 = VERTEX_POINT ( 'NONE', #1695 ) ;
#3036 = CIRCLE ( 'NONE', #213, 0.1499999999999999700 ) ;
#3037 = CARTESIAN_POINT ( 'NONE',  ( -3.549999999999998500, 0.1510000000000000000, 1.600000000000001200 ) ) ;
#3038 = ORIENTED_EDGE ( 'NONE', *, *, #2843, .T. ) ;
#3039 = VECTOR ( 'NONE', #911, 1000.000000000000000 ) ;
#3040 = EDGE_LOOP ( 'NONE', ( #2189, #1895, #2911, #746, #1021, #1323, #1049, #3109 ) ) ;
#3041 = LINE ( 'NONE', #1759, #2960 ) ;
#3042 = DIRECTION ( 'NONE',  ( 0.0000000000000000000, 1.000000000000000000, -3.755563391555108800E-032 ) ) ;
#3043 = VERTEX_POINT ( 'NONE', #2855 ) ;
#3044 = DIRECTION ( 'NONE',  ( -1.734723475976806500E-018, 1.000000000000000000, -4.044452883213194700E-032 ) ) ;
#3045 = VECTOR ( 'NONE', #819, 1000.000000000000000 ) ;
#3046 = ADVANCED_FACE ( 'NONE', ( #61 ), #738, .F. ) ;
#3047 = PRODUCT_CONTEXT ( 'NONE', #2131, 'mechanical' ) ;
#3048 = EDGE_CURVE ( 'NONE', #19, #2364, #327, .T. ) ;
#3049 = DIRECTION ( 'NONE',  ( 4.647654449016387200E-015, 0.0000000000000000000, 1.000000000000000000 ) ) ;
#3050 = CARTESIAN_POINT ( 'NONE',  ( -3.400000000000001700, 0.3500000000000000300, -1.753182399049027800 ) ) ;
#3051 = CARTESIAN_POINT ( 'NONE',  ( -2.250000000000008400, 0.1499999999999959700, 1.600000000000001200 ) ) ;
#3052 = ORIENTED_EDGE ( 'NONE', *, *, #2314, .F. ) ;
#3053 = VECTOR ( 'NONE', #1287, 1000.000000000000000 ) ;
#3054 = DIRECTION ( 'NONE',  ( -0.0000000000000000000, -0.0000000000000000000, 1.000000000000000000 ) ) ;
#3055 = DIRECTION ( 'NONE',  ( 0.0000000000000000000, 0.0000000000000000000, -1.000000000000000000 ) ) ;
#3056 = EDGE_LOOP ( 'NONE', ( #2255, #2514, #86, #2258 ) ) ;
#3057 = CARTESIAN_POINT ( 'NONE',  ( -3.399999999999998100, 4.700000000000000200, 1.100000000000000500 ) ) ;
#3058 = EDGE_CURVE ( 'NONE', #2784, #282, #3098, .T. ) ;
#3059 = ORIENTED_EDGE ( 'NONE', *, *, #1869, .F. ) ;
#3060 = ADVANCED_FACE ( 'NONE', ( #2460 ), #1274, .F. ) ;
#3061 = DIRECTION ( 'NONE',  ( -1.000000000000000000, 0.0000000000000000000, 0.0000000000000000000 ) ) ;
#3062 = CARTESIAN_POINT ( 'NONE',  ( 3.399999999999998600, 4.700000000000000200, 1.100000000000001400 ) ) ;
#3063 = ORIENTED_EDGE ( 'NONE', *, *, #843, .T. ) ;
#3064 = CARTESIAN_POINT ( 'NONE',  ( 3.549999999999998500, -2.277411492777083900, 1.752757924232816400 ) ) ;
#3065 = DIRECTION ( 'NONE',  ( 0.0000000000000000000, 0.0000000000000000000, 1.000000000000000000 ) ) ;
#3066 = PLANE ( 'NONE',  #2909 ) ;
#3067 = AXIS2_PLACEMENT_3D ( 'NONE', #1046, #562, #2027 ) ;
#3068 = EDGE_CURVE ( 'NONE', #321, #1253, #2761, .T. ) ;
#3069 = LINE ( 'NONE', #2847, #1974 ) ;
#3070 = CARTESIAN_POINT ( 'NONE',  ( -2.150000000000008300, 4.850000000000004100, 1.000000000000001300 ) ) ;
#3071 = ORIENTED_EDGE ( 'NONE', *, *, #1102, .F. ) ;
#3072 = CIRCLE ( 'NONE', #667, 0.0009999999999999158900 ) ;
#3073 = ADVANCED_FACE ( 'NONE', ( #104 ), #2900, .F. ) ;
#3074 = ORIENTED_EDGE ( 'NONE', *, *, #55, .F. ) ;
#3075 = VECTOR ( 'NONE', #2125, 1000.000000000000000 ) ;
#3076 = DIRECTION ( 'NONE',  ( 0.0000000000000000000, 0.0000000000000000000, 1.000000000000000000 ) ) ;
#3077 = DIRECTION ( 'NONE',  ( 0.0000000000000000000, 1.000000000000000000, 0.0000000000000000000 ) ) ;
#3078 = DIRECTION ( 'NONE',  ( 0.7193398003386493000, 0.0000000000000000000, -0.6946583704589991400 ) ) ;
#3079 = ORIENTED_EDGE ( 'NONE', *, *, #2196, .T. ) ;
#3080 = VECTOR ( 'NONE', #2828, 1000.000000000000000 ) ;
#3081 = ORIENTED_EDGE ( 'NONE', *, *, #1150, .F. ) ;
#3082 = FACE_OUTER_BOUND ( 'NONE', #2994, .T. ) ;
#3083 = EDGE_CURVE ( 'NONE', #2827, #2903, #1523, .T. ) ;
#3084 = LINE ( 'NONE', #1452, #2223 ) ;
#3085 = AXIS2_PLACEMENT_3D ( 'NONE', #754, #3133, #2400 ) ;
#3086 = EDGE_CURVE ( 'NONE', #1829, #1899, #1105, .T. ) ;
#3087 = ORIENTED_EDGE ( 'NONE', *, *, #2483, .F. ) ;
#3088 = CARTESIAN_POINT ( 'NONE',  ( -2.150000000000007500, 4.700000000000004600, -1.000000000000001300 ) ) ;
#3089 = ORIENTED_EDGE ( 'NONE', *, *, #1803, .F. ) ;
#3090 = DIRECTION ( 'NONE',  ( 0.6946583704589991400, 1.205040183019048300E-018, 0.7193398003386493000 ) ) ;
#3091 = EDGE_LOOP ( 'NONE', ( #304, #2075, #1084, #2920 ) ) ;
#3092 = ORIENTED_EDGE ( 'NONE', *, *, #2136, .T. ) ;
#3093 = VERTEX_POINT ( 'NONE', #481 ) ;
#3094 = CARTESIAN_POINT ( 'NONE',  ( 2.245354104976212000, 0.3499999999999992000, 3.076735517403071300 ) ) ;
#3095 = CARTESIAN_POINT ( 'NONE',  ( -3.399999999999998600, 0.0000000000000000000, -1.600000000000001400 ) ) ;
#3096 = CARTESIAN_POINT ( 'NONE',  ( -2.150000000000007900, 4.850000000000004100, -1.000000000000001300 ) ) ;
#3097 = DIRECTION ( 'NONE',  ( 0.6946583704589990300, -0.0000000000000000000, 0.7193398003386495300 ) ) ;
#3098 = LINE ( 'NONE', #3146, #2833 ) ;
#3099 = CARTESIAN_POINT ( 'NONE',  ( 3.504198755568848500, -2.277411492777083900, 1.861083369099823400 ) ) ;
#3100 = EDGE_CURVE ( 'NONE', #2885, #2386, #1834, .T. ) ;
#3101 = ADVANCED_FACE ( 'NONE', ( #2946 ), #2245, .F. ) ;
#3102 = LINE ( 'NONE', #317, #1745 ) ;
#3103 = DIRECTION ( 'NONE',  ( 0.0000000000000000000, 1.000000000000000000, 0.0000000000000000000 ) ) ;
#3104 = CARTESIAN_POINT ( 'NONE',  ( -3.399999999999998100, 4.700000000000000200, 1.100000000000000500 ) ) ;
#3105 = ORIENTED_EDGE ( 'NONE', *, *, #1559, .T. ) ;
#3106 = FACE_OUTER_BOUND ( 'NONE', #907, .T. ) ;
#3107 = AXIS2_PLACEMENT_3D ( 'NONE', #846, #2023, #1063 ) ;
#3108 = AXIS2_PLACEMENT_3D ( 'NONE', #1437, #2459, #721 ) ;
#3109 = ORIENTED_EDGE ( 'NONE', *, *, #1933, .T. ) ;
#3110 = CARTESIAN_POINT ( 'NONE',  ( -2.589999999999998100, 5.000000000000000000, 1.100000000000000100 ) ) ;
#3111 = FACE_OUTER_BOUND ( 'NONE', #2528, .T. ) ;
#3112 = LINE ( 'NONE', #2584, #339 ) ;
#3113 = CARTESIAN_POINT ( 'NONE',  ( -2.518703229104903400, 2.525000000000000400, -2.812765336628654900 ) ) ;
#3114 = VERTEX_POINT ( 'NONE', #2954 ) ;
#3115 = LINE ( 'NONE', #227, #2507 ) ;
#3116 = ORIENTED_EDGE ( 'NONE', *, *, #1777, .F. ) ;
#3117 = EDGE_CURVE ( 'NONE', #2945, #2734, #2085, .T. ) ;
#3118 = LINE ( 'NONE', #608, #1314 ) ;
#3119 = CARTESIAN_POINT ( 'NONE',  ( 3.549999999999998500, 4.699999999999999300, 1.000000000000001300 ) ) ;
#3120 = VERTEX_POINT ( 'NONE', #2665 ) ;
#3121 = ADVANCED_FACE ( 'NONE', ( #1334 ), #367, .F. ) ;
#3122 = LINE ( 'NONE', #2456, #2481 ) ;
#3123 = DIRECTION ( 'NONE',  ( 3.469446951953616200E-015, 1.000000000000000000, 0.0000000000000000000 ) ) ;
#3124 = ORIENTED_EDGE ( 'NONE', *, *, #546, .T. ) ;
#3125 = VECTOR ( 'NONE', #1591, 1000.000000000000000 ) ;
#3126 = VERTEX_POINT ( 'NONE', #120 ) ;
#3127 = AXIS2_PLACEMENT_3D ( 'NONE', #483, #1936, #954 ) ;
#3128 = CARTESIAN_POINT ( 'NONE',  ( 1.849999999999998500, 5.000000000000000000, 3.249999999999997800 ) ) ;
#3129 = DIRECTION ( 'NONE',  ( 1.000000000000000000, 5.421010862427523000E-015, 0.0000000000000000000 ) ) ;
#3130 = ORIENTED_EDGE ( 'NONE', *, *, #1028, .F. ) ;
#3131 = AXIS2_PLACEMENT_3D ( 'NONE', #1506, #2940, #32 ) ;
#3132 = CARTESIAN_POINT ( 'NONE',  ( -3.504198755568851600, 0.3500000000000000300, -1.861083369099825200 ) ) ;
#3133 = DIRECTION ( 'NONE',  ( -0.6946583704589989200, 0.0000000000000000000, -0.7193398003386496400 ) ) ;
#3134 = ORIENTED_EDGE ( 'NONE', *, *, #1679, .T. ) ;
#3135 = EDGE_LOOP ( 'NONE', ( #761, #2178, #1883, #3017 ) ) ;
#3136 = CARTESIAN_POINT ( 'NONE',  ( -2.250000000000008900, -4.006039441473987400E-015, 1.600000000000001200 ) ) ;
#3137 = DIRECTION ( 'NONE',  ( -6.639506355737724100E-016, -0.0000000000000000000, -1.000000000000000000 ) ) ;
#3138 = CARTESIAN_POINT ( 'NONE',  ( 3.549999999999998500, 4.699999999999999300, 1.000000000000001300 ) ) ;
#3139 = VECTOR ( 'NONE', #773, 1000.000000000000000 ) ;
#3140 = CARTESIAN_POINT ( 'NONE',  ( 1.916324162696215500, 2.525000000000000800, 1.613160937119324300 ) ) ;
#3141 = CARTESIAN_POINT ( 'NONE',  ( -1.790086991167561700E-014, 4.700000000000012600, -1.000000000000001300 ) ) ;
#3142 = LINE ( 'NONE', #265, #254 ) ;
#3143 = EDGE_CURVE ( 'NONE', #3020, #1127, #517, .T. ) ;
#3144 = FACE_OUTER_BOUND ( 'NONE', #1247, .T. ) ;
#3145 = CARTESIAN_POINT ( 'NONE',  ( 3.399999999999998600, 4.700000000000000200, 1.000000000000001300 ) ) ;
#3146 = CARTESIAN_POINT ( 'NONE',  ( 2.589999999999998500, 4.700000000000000200, -1.099999999999999600 ) ) ;
ENDSEC;
END-ISO-10303-21;
