ISO-10303-21;
HEADER;
FILE_DESCRIPTION(('CATIA V5 STEP Exchange'),'2;1');

FILE_NAME('Z:\\Engineering\\Design Library\\Tina-Y\\6-Sessions\\4-Mechanical model\\TINA-Y_mechanicalmodel_20240429.stp','2024-04-29T12:15:56+00:00',('none'),('none'),'CATIA Version 5-6 Release 2018 SP4','CATIA V5 STEP AP203','none');

FILE_SCHEMA(('CONFIG_CONTROL_DESIGN'));

ENDSEC;
DATA;
#5=PRODUCT('Part3','','',(#2)) ;
#1=APPLICATION_CONTEXT('configuration controlled 3D design of mechanical parts and assemblies') ;
#14=PRODUCT_DEFINITION('',' ',#6,#3) ;
#16=SECURITY_CLASSIFICATION(' ',' ',#15) ;
#15=SECURITY_CLASSIFICATION_LEVEL('unclassified') ;
#46=CARTESIAN_POINT(' ',(0.,0.,0.)) ;
#51=CARTESIAN_POINT('Axis2P3D Location',(-0.237413962224,0.0251979759576,9.85)) ;
#57=CARTESIAN_POINT('Control Point',(-7.49445471573,-1.54772131378E-005,9.85078539457)) ;
#58=CARTESIAN_POINT('Control Point',(-7.49476256619,0.0001148926821,9.90949310253)) ;
#59=CARTESIAN_POINT('Control Point',(-7.5262924747,0.000136650331118,9.96878121685)) ;
#60=CARTESIAN_POINT('Control Point',(-7.58574496984,6.55644452108E-005,10.)) ;
#61=CARTESIAN_POINT('Control Point',(-7.64445359922,-5.67072769493E-013,10.)) ;
#62=CARTESIAN_POINT('Vertex',(-7.64445359922,-5.68434188608E-013,10.)) ;
#64=CARTESIAN_POINT('Vertex',(-7.49445471573,-1.54772131393E-005,9.85078539457)) ;
#67=CARTESIAN_POINT('Axis2P3D Location',(-0.237413962224,0.0251979759576,9.85078539457)) ;
#71=CARTESIAN_POINT('Vertex',(-4.17057662555,6.1240099652,9.85078539457)) ;
#74=CARTESIAN_POINT('Axis2P3D Location',(-4.2518715731,6.25006754989,9.85)) ;
#78=CARTESIAN_POINT('Vertex',(-4.25187184926,6.25006737179,10.)) ;
#81=CARTESIAN_POINT('Axis2P3D Location',(-0.237413962224,0.0251979759576,10.)) ;
#93=CARTESIAN_POINT('Axis2P3D Location',(-0.237413962224,-0.0251979759576,9.85)) ;
#98=CARTESIAN_POINT('Axis2P3D Location',(-4.25187195566,-6.25006730318,9.85)) ;
#102=CARTESIAN_POINT('Vertex',(-4.25187184926,-6.25006737179,10.)) ;
#104=CARTESIAN_POINT('Vertex',(-4.17057672979,-6.12400989798,9.85078539457)) ;
#107=CARTESIAN_POINT('Axis2P3D Location',(-0.237413962224,-0.0251979759576,9.85078539457)) ;
#112=CARTESIAN_POINT('Axis2P3D Location',(-0.237413962224,-0.0251979759576,10.)) ;
#124=CARTESIAN_POINT('Axis2P3D Location',(-0.237413962224,0.0251979759576,9.)) ;
#130=CARTESIAN_POINT('Control Point',(-7.18782006337,2.08125259194,8.14214948941)) ;
#131=CARTESIAN_POINT('Control Point',(-7.18840156591,2.07821806321,8.08424723187)) ;
#132=CARTESIAN_POINT('Control Point',(-7.19829038102,2.04413898275,8.02757758551)) ;
#133=CARTESIAN_POINT('Control Point',(-7.21437181126,1.98737419177,8.)) ;
#134=CARTESIAN_POINT('Control Point',(-7.2296177865,1.93145142535,8.)) ;
#135=CARTESIAN_POINT('Vertex',(-7.2296177865,1.93145142535,8.)) ;
#137=CARTESIAN_POINT('Vertex',(-7.18782006338,2.08125259194,8.14214948941)) ;
#141=CARTESIAN_POINT('Control Point',(-7.18782006338,2.08125259194,8.14214948941)) ;
#142=CARTESIAN_POINT('Control Point',(-7.18542137466,2.09376482075,8.38071615911)) ;
#143=CARTESIAN_POINT('Control Point',(-7.18299073542,2.10626778432,8.61928308551)) ;
#144=CARTESIAN_POINT('Control Point',(-7.18052834456,2.11876099667,8.85785027712)) ;
#145=CARTESIAN_POINT('Vertex',(-7.18052834456,2.11876099667,8.85785027712)) ;
#149=CARTESIAN_POINT('Control Point',(-7.13437106407,2.26854857465,9.)) ;
#150=CARTESIAN_POINT('Control Point',(-7.15238318968,2.21317209551,9.)) ;
#151=CARTESIAN_POINT('Control Point',(-7.16995996824,2.15629701188,8.97303266231)) ;
#152=CARTESIAN_POINT('Control Point',(-7.17992744877,2.12180847274,8.91599958446)) ;
#153=CARTESIAN_POINT('Control Point',(-7.18052834456,2.11876099667,8.85785027712)) ;
#154=CARTESIAN_POINT('Vertex',(-7.13437106407,2.26854857465,9.)) ;
#157=CARTESIAN_POINT('Axis2P3D Location',(-0.237413962224,0.0251979759576,9.)) ;
#161=CARTESIAN_POINT('Vertex',(-4.34234474513,6.00434360396,9.)) ;
#164=CARTESIAN_POINT('Axis2P3D Location',(-0.237413962224,0.0251979759576,9.)) ;
#168=CARTESIAN_POINT('Vertex',(-4.16656629281,6.12129518125,9.)) ;
#172=CARTESIAN_POINT('Control Point',(-4.16656629281,6.12129518125,9.)) ;
#173=CARTESIAN_POINT('Control Point',(-4.16824316168,6.12039263912,9.0286158755)) ;
#174=CARTESIAN_POINT('Control Point',(-4.16991977645,6.11948952176,9.05723175101)) ;
#175=CARTESIAN_POINT('Control Point',(-4.16836570232,6.12067069004,9.08597511925)) ;
#176=CARTESIAN_POINT('Control Point',(-4.16853151223,6.12092112167,9.14333267325)) ;
#177=CARTESIAN_POINT('Control Point',(-4.16869732214,6.12117155329,9.20069022724)) ;
#178=CARTESIAN_POINT('Control Point',(-4.1687802271,6.1212967691,9.22936900424)) ;
#179=CARTESIAN_POINT('Control Point',(-4.16902894199,6.12167241652,9.31540533524)) ;
#180=CARTESIAN_POINT('Control Point',(-4.16927765689,6.12204806393,9.40144166623)) ;
#181=CARTESIAN_POINT('Control Point',(-4.16944346683,6.12229849552,9.45879922023)) ;
#182=CARTESIAN_POINT('Control Point',(-4.16976958452,6.12279104843,9.5716109875)) ;
#183=CARTESIAN_POINT('Control Point',(-4.17009570224,6.12328360132,9.68442275476)) ;
#184=CARTESIAN_POINT('Control Point',(-4.17025601,6.12352572262,9.73987696803)) ;
#185=CARTESIAN_POINT('Control Point',(-4.17041631777,6.12376784391,9.7953311813)) ;
#186=CARTESIAN_POINT('Control Point',(-4.17057662555,6.1240099652,9.85078539457)) ;
#188=CARTESIAN_POINT('Line Origine',(-7.492618002,-9.09583852622E-006,9.5)) ;
#192=CARTESIAN_POINT('Vertex',(-7.484763996,1.81916770536E-005,8.)) ;
#195=CARTESIAN_POINT('Axis2P3D Location',(-0.237413962224,0.0251979759576,8.)) ;
#212=CARTESIAN_POINT('Axis2P3D Location',(-4.25187184926,6.25006737179,9.85)) ;
#217=CARTESIAN_POINT('Axis2P3D Location',(-4.25187184926,6.25006737179,9.85)) ;
#221=CARTESIAN_POINT('Vertex',(-4.16750172676,6.12604694773,9.85078539457)) ;
#225=CARTESIAN_POINT('Control Point',(-4.25187184926,6.25006737179,10.)) ;
#226=CARTESIAN_POINT('Control Point',(-4.24704233825,6.24296819988,10.)) ;
#227=CARTESIAN_POINT('Control Point',(-4.24220947542,6.23586353882,9.99938564651)) ;
#228=CARTESIAN_POINT('Control Point',(-4.23717821273,6.22844068158,9.99799018173)) ;
#229=CARTESIAN_POINT('Control Point',(-4.22875885412,6.21611995171,9.99481134917)) ;
#230=CARTESIAN_POINT('Control Point',(-4.22005673648,6.20327285343,9.9892911006)) ;
#231=CARTESIAN_POINT('Control Point',(-4.21626170479,6.19768174579,9.98616121839)) ;
#232=CARTESIAN_POINT('Control Point',(-4.21020887908,6.18886382633,9.98084234389)) ;
#233=CARTESIAN_POINT('Control Point',(-4.20384617685,6.17943351356,9.97358456278)) ;
#234=CARTESIAN_POINT('Control Point',(-4.20140817177,6.17584973224,9.97030730607)) ;
#235=CARTESIAN_POINT('Control Point',(-4.19726689291,6.16984070247,9.96464450168)) ;
#236=CARTESIAN_POINT('Control Point',(-4.19289835394,6.16333650109,9.95745368751)) ;
#237=CARTESIAN_POINT('Control Point',(-4.19126883003,6.16094686126,9.95441417588)) ;
#238=CARTESIAN_POINT('Control Point',(-4.18853142487,6.15699609663,9.9493052697)) ;
#239=CARTESIAN_POINT('Control Point',(-4.18565785723,6.15269956082,9.94306248958)) ;
#240=CARTESIAN_POINT('Control Point',(-4.18461158741,6.15116803065,9.94058109359)) ;
#241=CARTESIAN_POINT('Control Point',(-4.18274323114,6.14848322128,9.93616039275)) ;
#242=CARTESIAN_POINT('Control Point',(-4.18079917351,6.14555927298,9.93089213405)) ;
#243=CARTESIAN_POINT('Control Point',(-4.18006409416,6.14448568821,9.92875744489)) ;
#244=CARTESIAN_POINT('Control Point',(-4.17812688873,6.14172114081,9.92317161611)) ;
#245=CARTESIAN_POINT('Control Point',(-4.17610589376,6.13858159172,9.91614998574)) ;
#246=CARTESIAN_POINT('Control Point',(-4.17543839057,6.13764062783,9.91345688813)) ;
#247=CARTESIAN_POINT('Control Point',(-4.17424261349,6.13602262871,9.90904557738)) ;
#248=CARTESIAN_POINT('Control Point',(-4.17304172806,6.13412914776,9.9034534736)) ;
#249=CARTESIAN_POINT('Control Point',(-4.17267626159,6.13361033874,9.90166721513)) ;
#250=CARTESIAN_POINT('Control Point',(-4.17199193101,6.13269356399,9.89848851686)) ;
#251=CARTESIAN_POINT('Control Point',(-4.17133269573,6.1316285885,9.89463889164)) ;
#252=CARTESIAN_POINT('Control Point',(-4.17109685198,6.13129606382,9.89325444917)) ;
#253=CARTESIAN_POINT('Control Point',(-4.17041193754,6.13040258481,9.88945234089)) ;
#254=CARTESIAN_POINT('Control Point',(-4.16981145345,6.12927214561,9.88455545747)) ;
#255=CARTESIAN_POINT('Control Point',(-4.16961988825,6.12906698879,9.88310758947)) ;
#256=CARTESIAN_POINT('Control Point',(-4.1689922118,6.12841904411,9.87909274726)) ;
#257=CARTESIAN_POINT('Control Point',(-4.16863991833,6.12736932395,9.87329119452)) ;
#258=CARTESIAN_POINT('Control Point',(-4.1685231469,6.127395624,9.87250075282)) ;
#259=CARTESIAN_POINT('Control Point',(-4.16816224691,6.12719828775,9.87003425042)) ;
#260=CARTESIAN_POINT('Control Point',(-4.16810239265,6.12671685978,9.86653075763)) ;
#261=CARTESIAN_POINT('Control Point',(-4.16802102814,6.12670358214,9.86584626715)) ;
#262=CARTESIAN_POINT('Control Point',(-4.16774167489,6.12661910824,9.86365910754)) ;
#263=CARTESIAN_POINT('Control Point',(-4.1679033584,6.12618606558,9.86050005869)) ;
#264=CARTESIAN_POINT('Control Point',(-4.16777499895,6.12627917288,9.86023161135)) ;
#265=CARTESIAN_POINT('Control Point',(-4.16753288485,6.12632877435,9.85879756216)) ;
#266=CARTESIAN_POINT('Control Point',(-4.16773753126,6.12606485676,9.85684933938)) ;
#267=CARTESIAN_POINT('Control Point',(-4.16763984717,6.12612272565,9.85655387144)) ;
#268=CARTESIAN_POINT('Control Point',(-4.16728159951,6.12625565122,9.85436906233)) ;
#269=CARTESIAN_POINT('Control Point',(-4.16852210816,6.12532041086,9.8514078057)) ;
#270=CARTESIAN_POINT('Control Point',(-4.16750791616,6.12605608201,9.85215080072)) ;
#271=CARTESIAN_POINT('Control Point',(-4.16750373748,6.12604990339,9.85146811799)) ;
#272=CARTESIAN_POINT('Control Point',(-4.16750172676,6.12604694773,9.85078539457)) ;
#280=CARTESIAN_POINT('Axis2P3D Location',(0.,-7.45,10.)) ;
#285=CARTESIAN_POINT('Axis2P3D Location',(-1.99840144433E-015,-8.881784197E-016,10.)) ;
#289=CARTESIAN_POINT('Vertex',(-7.89831100351,-2.61941769608E-007,10.)) ;
#291=CARTESIAN_POINT('Vertex',(-2.11383730176E-007,7.89831100351,10.)) ;
#294=CARTESIAN_POINT('Axis2P3D Location',(7.49400541622E-016,8.881784197E-016,10.)) ;
#303=CARTESIAN_POINT('Axis2P3D Location',(1.33226762955E-015,0.,10.)) ;
#307=CARTESIAN_POINT('Vertex',(4.25187184926,6.25006737179,10.)) ;
#309=CARTESIAN_POINT('Vertex',(0.867053580544,7.50932583279,10.)) ;
#312=CARTESIAN_POINT('Axis2P3D Location',(0.237413962224,0.0251979759576,10.)) ;
#316=CARTESIAN_POINT('Vertex',(7.64445359922,1.7763568394E-015,10.)) ;
#319=CARTESIAN_POINT('Axis2P3D Location',(0.237413962224,-0.0251979759576,10.)) ;
#323=CARTESIAN_POINT('Vertex',(4.25187184926,-6.25006737179,10.)) ;
#326=CARTESIAN_POINT('Axis2P3D Location',(1.33226762955E-015,0.,10.)) ;
#330=CARTESIAN_POINT('Vertex',(0.867053580544,-7.50932583279,10.)) ;
#333=CARTESIAN_POINT('Axis2P3D Location',(0.,-10.032251358,10.)) ;
#337=CARTESIAN_POINT('Vertex',(0.421504083128,-7.39800204838,10.)) ;
#341=CARTESIAN_POINT('Control Point',(0.421504083128,-7.39800204838,10.)) ;
#342=CARTESIAN_POINT('Control Point',(0.337911864957,-7.38462652575,10.)) ;
#343=CARTESIAN_POINT('Control Point',(0.253789136547,-7.3745667835,10.)) ;
#344=CARTESIAN_POINT('Control Point',(0.169311161036,-7.36785086553,10.)) ;
#345=CARTESIAN_POINT('Control Point',(0.0846555582625,-7.36449291367,10.)) ;
#346=CARTESIAN_POINT('Control Point',(1.33226762955E-015,-7.36449291367,10.)) ;
#347=CARTESIAN_POINT('Vertex',(1.27675647832E-015,-7.36449291367,10.)) ;
#351=CARTESIAN_POINT('Control Point',(1.27675647832E-015,-7.36449291367,10.)) ;
#352=CARTESIAN_POINT('Control Point',(-0.084655558263,-7.36449291367,10.)) ;
#353=CARTESIAN_POINT('Control Point',(-0.169311072015,-7.36785086553,10.)) ;
#354=CARTESIAN_POINT('Control Point',(-0.253789048643,-7.37456676943,10.)) ;
#355=CARTESIAN_POINT('Control Point',(-0.337911864956,-7.38462652575,10.)) ;
#356=CARTESIAN_POINT('Control Point',(-0.421504083128,-7.39800204838,10.)) ;
#357=CARTESIAN_POINT('Vertex',(-0.421504083128,-7.39800204838,10.)) ;
#360=CARTESIAN_POINT('Axis2P3D Location',(0.,-10.032251358,10.)) ;
#364=CARTESIAN_POINT('Vertex',(-0.867053580812,-7.50932583276,10.)) ;
#367=CARTESIAN_POINT('Axis2P3D Location',(1.28022592527E-015,-8.881784197E-016,10.)) ;
#372=CARTESIAN_POINT('Axis2P3D Location',(1.28022592527E-015,-8.881784197E-016,10.)) ;
#376=CARTESIAN_POINT('Vertex',(-0.867053580544,7.50932583279,10.)) ;
#379=CARTESIAN_POINT('Axis2P3D Location',(0.,10.032251358,10.)) ;
#383=CARTESIAN_POINT('Vertex',(-0.421504083128,7.39800204838,10.)) ;
#387=CARTESIAN_POINT('Control Point',(-0.421504083128,7.39800204838,10.)) ;
#388=CARTESIAN_POINT('Control Point',(-0.337911864955,7.38462652575,10.)) ;
#389=CARTESIAN_POINT('Control Point',(-0.253789136544,7.3745667835,10.)) ;
#390=CARTESIAN_POINT('Control Point',(-0.169311161038,7.36785086553,10.)) ;
#391=CARTESIAN_POINT('Control Point',(-0.0846555582638,7.36449291367,10.)) ;
#392=CARTESIAN_POINT('Control Point',(-4.4408920985E-016,7.36449291367,10.)) ;
#393=CARTESIAN_POINT('Vertex',(-4.71844785466E-016,7.36449291367,10.)) ;
#397=CARTESIAN_POINT('Control Point',(-3.88578058619E-016,7.36449291367,10.)) ;
#398=CARTESIAN_POINT('Control Point',(0.0846555582633,7.36449291367,10.)) ;
#399=CARTESIAN_POINT('Control Point',(0.169311072016,7.36785086553,10.)) ;
#400=CARTESIAN_POINT('Control Point',(0.253789048642,7.37456676943,10.)) ;
#401=CARTESIAN_POINT('Control Point',(0.337911864956,7.38462652575,10.)) ;
#402=CARTESIAN_POINT('Control Point',(0.421504083128,7.39800204838,10.)) ;
#403=CARTESIAN_POINT('Vertex',(0.421504083128,7.39800204838,10.)) ;
#406=CARTESIAN_POINT('Axis2P3D Location',(0.,10.032251358,10.)) ;
#430=CARTESIAN_POINT('Axis2P3D Location',(-4.25187184926,-6.25006737179,9.85)) ;
#435=CARTESIAN_POINT('Axis2P3D Location',(-4.25187184926,-6.25006737179,9.85)) ;
#439=CARTESIAN_POINT('Vertex',(-4.16750172676,-6.12604694773,9.85078539457)) ;
#443=CARTESIAN_POINT('Control Point',(-4.25187184926,-6.25006737179,10.)) ;
#444=CARTESIAN_POINT('Control Point',(-4.23255380522,-6.22167068416,10.)) ;
#445=CARTESIAN_POINT('Control Point',(-4.21329364311,-6.19335908045,9.99017034422)) ;
#446=CARTESIAN_POINT('Control Point',(-4.20179713519,-6.17645982354,9.97317360983)) ;
#447=CARTESIAN_POINT('Control Point',(-4.18549995735,-6.15250344581,9.94595217871)) ;
#448=CARTESIAN_POINT('Control Point',(-4.17931182302,-6.14340740862,9.92718363875)) ;
#449=CARTESIAN_POINT('Control Point',(-4.17702876772,-6.14005152464,9.9197857526)) ;
#450=CARTESIAN_POINT('Control Point',(-4.1720306332,-6.13270374467,9.90084821117)) ;
#451=CARTESIAN_POINT('Control Point',(-4.17085772879,-6.13098116593,9.89170131428)) ;
#452=CARTESIAN_POINT('Control Point',(-4.17003602397,-6.12977350014,9.88682073447)) ;
#453=CARTESIAN_POINT('Control Point',(-4.16851359875,-6.12753156242,9.87485102925)) ;
#454=CARTESIAN_POINT('Control Point',(-4.16832838697,-6.12726836774,9.8705233319)) ;
#455=CARTESIAN_POINT('Control Point',(-4.16807840452,-6.12690111013,9.86774423784)) ;
#456=CARTESIAN_POINT('Control Point',(-4.16767036252,-6.12627759467,9.86071081431)) ;
#457=CARTESIAN_POINT('Control Point',(-4.16766180722,-6.1263281908,9.85912530833)) ;
#458=CARTESIAN_POINT('Control Point',(-4.16758223458,-6.12620727196,9.85745586644)) ;
#459=CARTESIAN_POINT('Control Point',(-4.1675663904,-6.12603978952,9.85402082683)) ;
#460=CARTESIAN_POINT('Control Point',(-4.16741031061,-6.12616142109,9.85325447729)) ;
#461=CARTESIAN_POINT('Control Point',(-4.16750794978,-6.12605605914,9.85215080073)) ;
#462=CARTESIAN_POINT('Control Point',(-4.16750373748,-6.12604990339,9.85146811799)) ;
#463=CARTESIAN_POINT('Control Point',(-4.16750172676,-6.12604694773,9.85078539457)) ;
#471=CARTESIAN_POINT('Axis2P3D Location',(-0.237413962224,-0.0251979759576,9.)) ;
#477=CARTESIAN_POINT('Control Point',(-7.18782006337,-2.08125259195,8.14214948941)) ;
#478=CARTESIAN_POINT('Control Point',(-7.18840156591,-2.07821806322,8.08424723187)) ;
#479=CARTESIAN_POINT('Control Point',(-7.19829038102,-2.04413898274,8.02757758551)) ;
#480=CARTESIAN_POINT('Control Point',(-7.21437181126,-1.98737419177,8.)) ;
#481=CARTESIAN_POINT('Control Point',(-7.2296177865,-1.93145142535,8.)) ;
#482=CARTESIAN_POINT('Vertex',(-7.18782006337,-2.08125259195,8.14214948941)) ;
#484=CARTESIAN_POINT('Vertex',(-7.2296177865,-1.93145142535,8.)) ;
#487=CARTESIAN_POINT('Axis2P3D Location',(-0.237413962224,-0.0251979759576,8.)) ;
#493=CARTESIAN_POINT('Control Point',(-4.17057662555,-6.1240099652,9.85078539457)) ;
#494=CARTESIAN_POINT('Control Point',(-4.17033066168,-6.123638473,9.76570073394)) ;
#495=CARTESIAN_POINT('Control Point',(-4.17008469783,-6.12326698078,9.68061607331)) ;
#496=CARTESIAN_POINT('Control Point',(-4.16983873399,-6.12289548855,9.59553141268)) ;
#497=CARTESIAN_POINT('Control Point',(-4.16946978826,-6.12233825019,9.46790442173)) ;
#498=CARTESIAN_POINT('Control Point',(-4.16910084255,-6.12178101178,9.34027743078)) ;
#499=CARTESIAN_POINT('Control Point',(-4.16897786066,-6.12159526565,9.29773510047)) ;
#500=CARTESIAN_POINT('Control Point',(-4.16879338782,-6.12131664643,9.23392160499)) ;
#501=CARTESIAN_POINT('Control Point',(-4.16860891498,-6.12103802721,9.17010810952)) ;
#502=CARTESIAN_POINT('Control Point',(-4.16854742404,-6.12094515414,9.14883694436)) ;
#503=CARTESIAN_POINT('Control Point',(-4.16842444216,-6.12075940799,9.10629461404)) ;
#504=CARTESIAN_POINT('Control Point',(-4.16830146028,-6.12057366183,9.06375228373)) ;
#505=CARTESIAN_POINT('Control Point',(-4.1690536339,-6.11995602649,9.04244902173)) ;
#506=CARTESIAN_POINT('Control Point',(-4.16781003325,-6.12062576209,9.02122451087)) ;
#507=CARTESIAN_POINT('Control Point',(-4.16656629282,-6.12129518124,9.)) ;
#508=CARTESIAN_POINT('Vertex',(-4.16656629282,-6.12129518124,9.)) ;
#511=CARTESIAN_POINT('Axis2P3D Location',(-0.237413962224,-0.0251979759576,9.)) ;
#515=CARTESIAN_POINT('Vertex',(-4.34234474513,-6.00434360396,9.)) ;
#518=CARTESIAN_POINT('Axis2P3D Location',(-0.237413962224,-0.0251979759576,9.)) ;
#522=CARTESIAN_POINT('Vertex',(-7.13437106407,-2.26854857465,9.)) ;
#526=CARTESIAN_POINT('Control Point',(-7.13437106407,-2.26854857465,9.)) ;
#527=CARTESIAN_POINT('Control Point',(-7.15238318968,-2.21317209551,9.)) ;
#528=CARTESIAN_POINT('Control Point',(-7.16995996826,-2.15629701183,8.97303266231)) ;
#529=CARTESIAN_POINT('Control Point',(-7.17992744876,-2.12180847277,8.91599958446)) ;
#530=CARTESIAN_POINT('Control Point',(-7.18052834455,-2.11876099671,8.85785027712)) ;
#531=CARTESIAN_POINT('Vertex',(-7.18052834455,-2.11876099671,8.85785027712)) ;
#535=CARTESIAN_POINT('Control Point',(-7.18052834455,-2.11876099671,8.85785027712)) ;
#536=CARTESIAN_POINT('Control Point',(-7.18299073541,-2.10626778435,8.61928308551)) ;
#537=CARTESIAN_POINT('Control Point',(-7.18542137466,-2.09376482077,8.38071615911)) ;
#538=CARTESIAN_POINT('Control Point',(-7.18782006337,-2.08125259195,8.14214948941)) ;
#552=CARTESIAN_POINT('Axis2P3D Location',(7.17997518066,0.,9.)) ;
#558=CARTESIAN_POINT('Control Point',(-4.26446352062,5.7843933483,9.)) ;
#559=CARTESIAN_POINT('Control Point',(-5.1528750021,5.1294243436,9.)) ;
#560=CARTESIAN_POINT('Control Point',(-5.90743095765,4.29218420497,9.)) ;
#561=CARTESIAN_POINT('Control Point',(-6.47056292336,3.31586042211,9.)) ;
#562=CARTESIAN_POINT('Control Point',(-6.81898400724,2.26854857465,9.)) ;
#563=CARTESIAN_POINT('Vertex',(-6.81898400724,2.26854857465,9.)) ;
#565=CARTESIAN_POINT('Vertex',(-4.26446352062,5.7843933483,9.)) ;
#569=CARTESIAN_POINT('Control Point',(-3.92273417577,5.78121074761,9.)) ;
#570=CARTESIAN_POINT('Control Point',(-3.99761359298,5.73040261353,9.)) ;
#571=CARTESIAN_POINT('Control Point',(-4.09404729861,5.70912624972,9.)) ;
#572=CARTESIAN_POINT('Control Point',(-4.19029631545,5.73184628959,9.)) ;
#573=CARTESIAN_POINT('Control Point',(-4.26446352062,5.7843933483,9.)) ;
#574=CARTESIAN_POINT('Vertex',(-3.92273830601,5.78121142568,9.00000009951)) ;
#578=CARTESIAN_POINT('Control Point',(-2.65690229601,6.46151309732,9.)) ;
#579=CARTESIAN_POINT('Control Point',(-3.10071669819,6.27902155294,9.)) ;
#580=CARTESIAN_POINT('Control Point',(-3.52564967198,6.05064873341,9.)) ;
#581=CARTESIAN_POINT('Control Point',(-3.92273704635,5.7812122762,9.)) ;
#582=CARTESIAN_POINT('Vertex',(-2.65690229601,6.46151309732,9.)) ;
#586=CARTESIAN_POINT('Control Point',(-2.65690229601,6.46151309732,9.)) ;
#587=CARTESIAN_POINT('Control Point',(-2.57503830748,6.49517465859,9.)) ;
#588=CARTESIAN_POINT('Control Point',(-2.50587414729,6.56154412466,9.)) ;
#589=CARTESIAN_POINT('Control Point',(-2.47092111588,6.65072383379,9.)) ;
#590=CARTESIAN_POINT('Control Point',(-2.47092111588,6.73919903821,9.)) ;
#591=CARTESIAN_POINT('Vertex',(-2.47092111588,6.73919903821,9.)) ;
#594=CARTESIAN_POINT('Line Origine',(-2.47092111588,0.,9.)) ;
#598=CARTESIAN_POINT('Vertex',(-2.47092111588,6.87349223602,9.)) ;
#602=CARTESIAN_POINT('Control Point',(-2.47092111588,6.87349223602,9.)) ;
#603=CARTESIAN_POINT('Control Point',(-2.47092111588,6.92003452173,9.)) ;
#604=CARTESIAN_POINT('Control Point',(-2.45143415226,6.96729676654,9.)) ;
#605=CARTESIAN_POINT('Control Point',(-2.41300475776,7.00072165145,9.)) ;
#606=CARTESIAN_POINT('Control Point',(-2.36890796951,7.0156114773,9.)) ;
#607=CARTESIAN_POINT('Vertex',(-2.36890796951,7.0156114773,9.)) ;
#611=CARTESIAN_POINT('Control Point',(-2.36890796951,7.0156114773,9.)) ;
#612=CARTESIAN_POINT('Control Point',(-3.00496973884,6.80083735542,9.)) ;
#613=CARTESIAN_POINT('Control Point',(-3.61158660841,6.49905177978,9.)) ;
#614=CARTESIAN_POINT('Control Point',(-4.16656629281,6.12129518125,9.)) ;
#616=CARTESIAN_POINT('Line Origine',(0.,2.26854857465,9.)) ;
#634=CARTESIAN_POINT('Axis2P3D Location',(-4.77398267419,2.26854857465,8.85)) ;
#639=CARTESIAN_POINT('Line Origine',(-4.77398267419,2.11875414444,8.85785039344)) ;
#643=CARTESIAN_POINT('Vertex',(-6.86180839793,2.11875414444,8.85785039344)) ;
#647=CARTESIAN_POINT('Control Point',(-6.86180839793,2.11875414444,8.85785039344)) ;
#648=CARTESIAN_POINT('Control Point',(-6.86189609297,2.11897981678,8.86215647827)) ;
#649=CARTESIAN_POINT('Control Point',(-6.86198378801,2.1193602209,8.86645445395)) ;
#650=CARTESIAN_POINT('Control Point',(-6.86191919914,2.11970772528,8.86893905168)) ;
#651=CARTESIAN_POINT('Control Point',(-6.86183896785,2.12117103211,8.87911512228)) ;
#652=CARTESIAN_POINT('Control Point',(-6.86157810538,2.12281059036,8.88584297869)) ;
#653=CARTESIAN_POINT('Control Point',(-6.8613757349,2.12400433858,8.89041665223)) ;
#654=CARTESIAN_POINT('Control Point',(-6.86052375095,2.12848940065,8.90510812354)) ;
#655=CARTESIAN_POINT('Control Point',(-6.85945997454,2.13306511624,8.9148737061)) ;
#656=CARTESIAN_POINT('Control Point',(-6.8587457218,2.13605872518,8.9208199416)) ;
#657=CARTESIAN_POINT('Control Point',(-6.85654378689,2.14489464177,8.93594853772)) ;
#658=CARTESIAN_POINT('Control Point',(-6.85417572123,2.15374493998,8.94707055342)) ;
#659=CARTESIAN_POINT('Control Point',(-6.85270037285,2.15912881426,8.95304482011)) ;
#660=CARTESIAN_POINT('Control Point',(-6.84561226878,2.18444508848,8.97775911127)) ;
#661=CARTESIAN_POINT('Control Point',(-6.83795970141,2.20970303462,8.99000062112)) ;
#662=CARTESIAN_POINT('Control Point',(-6.83186003681,2.22925439591,8.9967929011)) ;
#663=CARTESIAN_POINT('Control Point',(-6.82551043012,2.2489309329,9.)) ;
#664=CARTESIAN_POINT('Control Point',(-6.81898400724,2.26854857465,9.)) ;
#673=CARTESIAN_POINT('Axis2P3D Location',(6.1079393213,2.1,8.5)) ;
#678=CARTESIAN_POINT('Line Origine',(7.15094285498,2.08124585556,8.14214960656)) ;
#682=CARTESIAN_POINT('Vertex',(-6.84716024795,2.08124585556,8.14214960656)) ;
#686=CARTESIAN_POINT('Control Point',(-6.84716024795,2.08124585556,8.14214960656)) ;
#687=CARTESIAN_POINT('Control Point',(-6.85206502443,2.09374300475,8.38060941838)) ;
#688=CARTESIAN_POINT('Control Point',(-6.85694772448,2.10624580224,8.6191770062)) ;
#689=CARTESIAN_POINT('Control Point',(-6.86180839793,2.11875414444,8.85785039344)) ;
#698=CARTESIAN_POINT('Axis2P3D Location',(-7.1645206465,1.93145142535,8.15)) ;
#703=CARTESIAN_POINT('Line Origine',(-7.1645206465,1.93145142535,8.)) ;
#707=CARTESIAN_POINT('Vertex',(-6.88575766793,1.93145142535,8.)) ;
#711=CARTESIAN_POINT('Control Point',(-6.88575766793,1.93145142535,8.)) ;
#712=CARTESIAN_POINT('Control Point',(-6.88199647596,1.94486033436,8.)) ;
#713=CARTESIAN_POINT('Control Point',(-6.87825302272,1.95827425306,8.00149832367)) ;
#714=CARTESIAN_POINT('Control Point',(-6.87454650167,1.97162622996,8.00449518086)) ;
#715=CARTESIAN_POINT('Control Point',(-6.86869816916,1.99282250013,8.0117689711)) ;
#716=CARTESIAN_POINT('Control Point',(-6.86295068495,2.01402446403,8.02427601578)) ;
#717=CARTESIAN_POINT('Control Point',(-6.86085938999,2.02180571025,8.02968736118)) ;
#718=CARTESIAN_POINT('Control Point',(-6.85719489614,2.0355847743,8.04091187054)) ;
#719=CARTESIAN_POINT('Control Point',(-6.85365718841,2.04935853911,8.05658476832)) ;
#720=CARTESIAN_POINT('Control Point',(-6.85230638837,2.05475875695,8.06388555734)) ;
#721=CARTESIAN_POINT('Control Point',(-6.85032675983,2.06277898393,8.07571306945)) ;
#722=CARTESIAN_POINT('Control Point',(-6.84858909592,2.07073480263,8.09396861481)) ;
#723=CARTESIAN_POINT('Control Point',(-6.84820980845,2.07256562174,8.09875043577)) ;
#724=CARTESIAN_POINT('Control Point',(-6.84769162296,2.07516410376,8.10612245153)) ;
#725=CARTESIAN_POINT('Control Point',(-6.84730418074,2.07768381375,8.11645107737)) ;
#726=CARTESIAN_POINT('Control Point',(-6.84722364747,2.07826205592,8.1190522551)) ;
#727=CARTESIAN_POINT('Control Point',(-6.84709945651,2.07928245554,8.12413929351)) ;
#728=CARTESIAN_POINT('Control Point',(-6.84704574071,2.08023571124,8.13060050831)) ;
#729=CARTESIAN_POINT('Control Point',(-6.84697388935,2.08059976649,8.1330982224)) ;
#730=CARTESIAN_POINT('Control Point',(-6.84706706865,2.08100843891,8.13761942692)) ;
#731=CARTESIAN_POINT('Control Point',(-6.84716024795,2.08124585556,8.14214960656)) ;
#740=CARTESIAN_POINT('Axis2P3D Location',(0.,0.,8.)) ;
#745=CARTESIAN_POINT('Line Origine',(0.,-1.93145142535,8.)) ;
#749=CARTESIAN_POINT('Vertex',(-6.88575766793,-1.93145142535,8.)) ;
#753=CARTESIAN_POINT('Control Point',(-6.88575766793,1.93145142535,8.)) ;
#754=CARTESIAN_POINT('Control Point',(-7.14985642458,0.989921126005,8.)) ;
#755=CARTESIAN_POINT('Control Point',(-7.24231054979,1.11022302463E-016,8.)) ;
#756=CARTESIAN_POINT('Control Point',(-7.14985642458,-0.989921126005,8.)) ;
#757=CARTESIAN_POINT('Control Point',(-6.88575766793,-1.93145142535,8.)) ;
#767=CARTESIAN_POINT('Axis2P3D Location',(-7.1645206465,-1.93145142535,8.15)) ;
#772=CARTESIAN_POINT('Line Origine',(-7.1645206465,-2.08124585556,8.14214960656)) ;
#776=CARTESIAN_POINT('Vertex',(-6.84716024795,-2.08124585556,8.14214960656)) ;
#780=CARTESIAN_POINT('Control Point',(-6.88575766793,-1.93145142535,8.)) ;
#781=CARTESIAN_POINT('Control Point',(-6.88199647596,-1.94486033436,8.)) ;
#782=CARTESIAN_POINT('Control Point',(-6.87825302272,-1.95827425306,8.00149832367)) ;
#783=CARTESIAN_POINT('Control Point',(-6.87454650167,-1.97162622996,8.00449518086)) ;
#784=CARTESIAN_POINT('Control Point',(-6.86869816916,-1.99282250013,8.0117689711)) ;
#785=CARTESIAN_POINT('Control Point',(-6.86295068495,-2.01402446403,8.02427601578)) ;
#786=CARTESIAN_POINT('Control Point',(-6.86085938999,-2.02180571025,8.02968736118)) ;
#787=CARTESIAN_POINT('Control Point',(-6.85719489614,-2.03558477431,8.04091187054)) ;
#788=CARTESIAN_POINT('Control Point',(-6.85365718841,-2.04935853912,8.05658476833)) ;
#789=CARTESIAN_POINT('Control Point',(-6.85230638837,-2.05475875694,8.06388555732)) ;
#790=CARTESIAN_POINT('Control Point',(-6.85032675983,-2.06277898393,8.07571306944)) ;
#791=CARTESIAN_POINT('Control Point',(-6.84858909592,-2.07073480263,8.09396861481)) ;
#792=CARTESIAN_POINT('Control Point',(-6.84820980845,-2.07256562173,8.09875043576)) ;
#793=CARTESIAN_POINT('Control Point',(-6.84769162296,-2.07516410375,8.10612245153)) ;
#794=CARTESIAN_POINT('Control Point',(-6.84730418074,-2.07768381375,8.11645107737)) ;
#795=CARTESIAN_POINT('Control Point',(-6.84722364747,-2.07826205592,8.1190522551)) ;
#796=CARTESIAN_POINT('Control Point',(-6.84709945651,-2.07928245554,8.12413929351)) ;
#797=CARTESIAN_POINT('Control Point',(-6.84704574071,-2.08023571124,8.13060050831)) ;
#798=CARTESIAN_POINT('Control Point',(-6.84697388935,-2.08059976649,8.1330982224)) ;
#799=CARTESIAN_POINT('Control Point',(-6.84706706865,-2.08100843891,8.13761942692)) ;
#800=CARTESIAN_POINT('Control Point',(-6.84716024795,-2.08124585556,8.14214960656)) ;
#810=CARTESIAN_POINT('Control Point',(-4.16656629281,6.12129518125,9.)) ;
#811=CARTESIAN_POINT('Control Point',(-4.16656629281,6.12129518125,9.)) ;
#812=CARTESIAN_POINT('Control Point',(-4.16656629281,6.12129518125,9.)) ;
#813=CARTESIAN_POINT('Control Point',(-4.16656629281,6.12129518125,9.)) ;
#814=CARTESIAN_POINT('Control Point',(-4.17327376888,6.11768501365,9.11446350201)) ;
#815=CARTESIAN_POINT('Control Point',(-4.1690574311,6.12047813551,9.11446334887)) ;
#816=CARTESIAN_POINT('Control Point',(-4.16484109657,6.1232712587,9.11446319571)) ;
#817=CARTESIAN_POINT('Control Point',(-4.16062476021,6.12606438658,9.11446304254)) ;
#818=CARTESIAN_POINT('Control Point',(-4.16316644071,6.12491571889,9.22959049198)) ;
#819=CARTESIAN_POINT('Control Point',(-4.1658238147,6.12309098439,9.22959100262)) ;
#820=CARTESIAN_POINT('Control Point',(-4.1685102664,6.12131134428,9.22959123232)) ;
#821=CARTESIAN_POINT('Control Point',(-4.17122690371,6.1195760646,9.22959118107)) ;
#822=CARTESIAN_POINT('Control Point',(-4.17038030691,6.12097995625,9.34403406873)) ;
#823=CARTESIAN_POINT('Control Point',(-4.16851389888,6.12221134754,9.34403403321)) ;
#824=CARTESIAN_POINT('Control Point',(-4.16664975841,6.12344625351,9.3440339758)) ;
#825=CARTESIAN_POINT('Control Point',(-4.16478796937,6.12468461858,9.34403389648)) ;
#826=CARTESIAN_POINT('Control Point',(-4.16899059084,6.12293588828,9.51427762493)) ;
#827=CARTESIAN_POINT('Control Point',(-4.16835965307,6.12332937043,9.51427775959)) ;
#828=CARTESIAN_POINT('Control Point',(-4.16773977987,6.12374001024,9.51427778735)) ;
#829=CARTESIAN_POINT('Control Point',(-4.16713139074,6.12416752979,9.5142777082)) ;
#830=CARTESIAN_POINT('Control Point',(-4.17039212033,6.12309252408,9.68441106043)) ;
#831=CARTESIAN_POINT('Control Point',(-4.16916413029,6.12389094281,9.68441111279)) ;
#832=CARTESIAN_POINT('Control Point',(-4.16794294939,6.12469991956,9.68441109937)) ;
#833=CARTESIAN_POINT('Control Point',(-4.16672883476,6.12551928401,9.68441102017)) ;
#834=CARTESIAN_POINT('Control Point',(-4.17025601008,6.12352572274,9.73987696803)) ;
#835=CARTESIAN_POINT('Control Point',(-4.16922266631,6.12419213134,9.7398770472)) ;
#836=CARTESIAN_POINT('Control Point',(-4.16819751716,6.12487124665,9.7398770472)) ;
#837=CARTESIAN_POINT('Control Point',(-4.16718087261,6.12556286334,9.73987696803)) ;
#838=CARTESIAN_POINT('Control Point',(-4.17041631785,6.12376784403,9.7953311813)) ;
#839=CARTESIAN_POINT('Control Point',(-4.1693830145,6.12443422727,9.79533126047)) ;
#840=CARTESIAN_POINT('Control Point',(-4.16835790515,6.12511331623,9.79533126047)) ;
#841=CARTESIAN_POINT('Control Point',(-4.16734129973,6.12580490559,9.7953311813)) ;
#842=CARTESIAN_POINT('Control Point',(-4.17057662563,6.12400996532,9.85078539457)) ;
#843=CARTESIAN_POINT('Control Point',(-4.1695433627,6.1246763232,9.85078547373)) ;
#844=CARTESIAN_POINT('Control Point',(-4.16851829314,6.1253553858,9.85078547373)) ;
#845=CARTESIAN_POINT('Control Point',(-4.16750172684,6.12604694785,9.85078539457)) ;
#847=CARTESIAN_POINT('Control Point',(-4.16656629281,6.12129518125,9.)) ;
#848=CARTESIAN_POINT('Control Point',(-4.16627726245,6.1215271828,9.00556814158)) ;
#849=CARTESIAN_POINT('Control Point',(-4.16598823209,6.12175918435,9.01113628316)) ;
#850=CARTESIAN_POINT('Control Point',(-4.16508868837,6.12240630919,9.01667999873)) ;
#851=CARTESIAN_POINT('Control Point',(-4.16542055532,6.12290700878,9.13139510673)) ;
#852=CARTESIAN_POINT('Control Point',(-4.16575242225,6.12340770838,9.24611021472)) ;
#853=CARTESIAN_POINT('Control Point',(-4.16606814524,6.12388405107,9.35524491922)) ;
#854=CARTESIAN_POINT('Control Point',(-4.16654429535,6.12460243601,9.51983383699)) ;
#855=CARTESIAN_POINT('Control Point',(-4.16702044541,6.12532082097,9.68442275476)) ;
#856=CARTESIAN_POINT('Control Point',(-4.16718087253,6.12556286322,9.73987696803)) ;
#857=CARTESIAN_POINT('Control Point',(-4.16734129965,6.12580490547,9.7953311813)) ;
#858=CARTESIAN_POINT('Control Point',(-4.16750172676,6.12604694773,9.85078539457)) ;
#866=CARTESIAN_POINT('Axis2P3D Location',(-7.77156117238E-016,1.33226762955E-015,9.85)) ;
#871=CARTESIAN_POINT('Axis2P3D Location',(-7.77156117238E-016,1.33226762955E-015,9.85078539457)) ;
#875=CARTESIAN_POINT('Vertex',(-0.86857185793,7.35813153374,9.85078539457)) ;
#879=CARTESIAN_POINT('Control Point',(-0.868571124359,7.35813196744,9.85078539457)) ;
#880=CARTESIAN_POINT('Control Point',(-0.847534845133,7.36069676008,9.86626623168)) ;
#881=CARTESIAN_POINT('Control Point',(-0.829941517761,7.3655114974,9.88350271091)) ;
#882=CARTESIAN_POINT('Control Point',(-0.804588802546,7.37051337711,9.90428601997)) ;
#883=CARTESIAN_POINT('Control Point',(-0.805934311814,7.38758502602,9.93210561796)) ;
#884=CARTESIAN_POINT('Control Point',(-0.818459310237,7.40230291959,9.95000000076)) ;
#885=CARTESIAN_POINT('Vertex',(-0.818459310382,7.40230291909,9.95000000001)) ;
#889=CARTESIAN_POINT('Control Point',(-0.818459310237,7.40230291959,9.95000000076)) ;
#890=CARTESIAN_POINT('Control Point',(-0.827513619817,7.41351617938,9.96357337349)) ;
#891=CARTESIAN_POINT('Control Point',(-0.835482274732,7.42730177852,9.97573789499)) ;
#892=CARTESIAN_POINT('Control Point',(-0.842665530237,7.44348038012,9.98570085016)) ;
#893=CARTESIAN_POINT('Control Point',(-0.850702233079,7.46533181468,9.9944481167)) ;
#894=CARTESIAN_POINT('Control Point',(-0.858213933203,7.48834484334,9.99851133331)) ;
#895=CARTESIAN_POINT('Control Point',(-0.859713305156,7.49286177839,9.99912377612)) ;
#896=CARTESIAN_POINT('Control Point',(-0.861603002323,7.49913565851,9.99971151811)) ;
#897=CARTESIAN_POINT('Control Point',(-0.863744143984,7.50534176701,9.99995233702)) ;
#898=CARTESIAN_POINT('Control Point',(-0.863692669804,7.50817019801,9.99999510344)) ;
#899=CARTESIAN_POINT('Control Point',(-0.865372947666,7.50874824984,10.)) ;
#900=CARTESIAN_POINT('Control Point',(-0.867053580544,7.50932583279,10.)) ;
#910=CARTESIAN_POINT('Axis2P3D Location',(-1.33226762955E-015,1.55431223448E-015,9.85)) ;
#915=CARTESIAN_POINT('Axis2P3D Location',(-7.89831100351,3.74653391741E-015,9.85)) ;
#919=CARTESIAN_POINT('Vertex',(-8.04816823675,8.13382569301E-015,9.8434570919)) ;
#922=CARTESIAN_POINT('Axis2P3D Location',(-1.33176330545E-015,1.55371672517E-015,9.8434570919)) ;
#926=CARTESIAN_POINT('Vertex',(9.61225021353E-015,8.04816823675,9.8434570919)) ;
#929=CARTESIAN_POINT('Axis2P3D Location',(8.75195211196E-015,7.89831100351,9.85)) ;
#941=CARTESIAN_POINT('Axis2P3D Location',(1.7763568394E-015,-3.5527136788E-015,9.85)) ;
#946=CARTESIAN_POINT('Axis2P3D Location',(1.7763568394E-015,-3.5527136788E-015,9.8434570919)) ;
#958=CARTESIAN_POINT('Axis2P3D Location',(1.33226762955E-015,7.21644966006E-016,9.85)) ;
#964=CARTESIAN_POINT('Control Point',(0.844202035459,7.44907081946,9.98637639951)) ;
#965=CARTESIAN_POINT('Control Point',(0.846503060543,7.45474229101,9.98907614805)) ;
#966=CARTESIAN_POINT('Control Point',(0.848732890204,7.46058758199,9.99146626169)) ;
#967=CARTESIAN_POINT('Control Point',(0.850951082975,7.46656656531,9.99352737888)) ;
#968=CARTESIAN_POINT('Control Point',(0.854550012667,7.47684219463,9.99643060281)) ;
#969=CARTESIAN_POINT('Control Point',(0.8579571658,7.48739024027,9.99835369686)) ;
#970=CARTESIAN_POINT('Control Point',(0.859311940037,7.491705313,9.99896976236)) ;
#971=CARTESIAN_POINT('Control Point',(0.861286286833,7.49805274345,9.99962689025)) ;
#972=CARTESIAN_POINT('Control Point',(0.86339659458,7.5043763224,9.999926504)) ;
#973=CARTESIAN_POINT('Control Point',(0.863052681955,7.50795000695,9.9999930608)) ;
#974=CARTESIAN_POINT('Control Point',(0.865052879693,7.50863825211,10.)) ;
#975=CARTESIAN_POINT('Control Point',(0.867053580544,7.50932583279,10.)) ;
#976=CARTESIAN_POINT('Vertex',(0.844202756783,7.4490709468,9.98637577083)) ;
#980=CARTESIAN_POINT('Control Point',(0.818459310231,7.40230291958,9.95000000075)) ;
#981=CARTESIAN_POINT('Control Point',(0.828401896584,7.41460463341,9.96489207367)) ;
#982=CARTESIAN_POINT('Control Point',(0.836733212936,7.43065681703,9.97761102642)) ;
#983=CARTESIAN_POINT('Control Point',(0.844202035459,7.44907081946,9.98637639951)) ;
#984=CARTESIAN_POINT('Vertex',(0.818459310376,7.40230291908,9.95)) ;
#988=CARTESIAN_POINT('Control Point',(0.86857126817,7.35813195047,9.85078539457)) ;
#989=CARTESIAN_POINT('Control Point',(0.847534976857,7.36069674501,9.86626624226)) ;
#990=CARTESIAN_POINT('Control Point',(0.829941526805,7.36551149722,9.88350266112)) ;
#991=CARTESIAN_POINT('Control Point',(0.804588800849,7.37051335212,9.90428597853)) ;
#992=CARTESIAN_POINT('Control Point',(0.805934303998,7.38758501686,9.93210560682)) ;
#993=CARTESIAN_POINT('Control Point',(0.818459310231,7.40230291958,9.95000000075)) ;
#994=CARTESIAN_POINT('Vertex',(0.868571936896,7.35813155938,9.85078539457)) ;
#997=CARTESIAN_POINT('Axis2P3D Location',(1.33226762955E-015,7.21644966006E-016,9.85078539457)) ;
#1001=CARTESIAN_POINT('Vertex',(4.16750172677,6.12604694773,9.85078539457)) ;
#1004=CARTESIAN_POINT('Axis2P3D Location',(4.25187184926,6.25006737179,9.85)) ;
#1018=CARTESIAN_POINT('Axis2P3D Location',(0.237413962224,0.0251979759576,9.85)) ;
#1023=CARTESIAN_POINT('Axis2P3D Location',(4.25187184926,6.25006737179,9.85)) ;
#1027=CARTESIAN_POINT('Vertex',(4.17057662555,6.1240099652,9.85078539457)) ;
#1030=CARTESIAN_POINT('Axis2P3D Location',(0.237413962224,0.0251979759576,9.85078539457)) ;
#1034=CARTESIAN_POINT('Vertex',(7.49445471573,-1.54772131309E-005,9.85078539457)) ;
#1038=CARTESIAN_POINT('Control Point',(7.49445471573,-1.54772131514E-005,9.85078539457)) ;
#1039=CARTESIAN_POINT('Control Point',(7.49476256619,0.00011489268223,9.90949310253)) ;
#1040=CARTESIAN_POINT('Control Point',(7.5262924747,0.000136650331389,9.96878121685)) ;
#1041=CARTESIAN_POINT('Control Point',(7.58574496984,6.55644456281E-005,10.)) ;
#1042=CARTESIAN_POINT('Control Point',(7.64445359922,7.77156117238E-016,10.)) ;
#1051=CARTESIAN_POINT('Axis2P3D Location',(0.237413962224,-0.0251979759576,9.85)) ;
#1056=CARTESIAN_POINT('Axis2P3D Location',(0.237413962224,-0.0251979759576,9.85078539457)) ;
#1060=CARTESIAN_POINT('Vertex',(4.17057638869,-6.12401011795,9.85078539457)) ;
#1063=CARTESIAN_POINT('Axis2P3D Location',(4.25187160751,-6.2500675277,9.85)) ;
#1075=CARTESIAN_POINT('Axis2P3D Location',(1.33226762955E-015,7.21644966006E-016,9.85078539457)) ;
#1079=CARTESIAN_POINT('Vertex',(0.86857185793,-7.35813153374,9.85078539457)) ;
#1081=CARTESIAN_POINT('Vertex',(4.16750172676,-6.12604694773,9.85078539457)) ;
#1085=CARTESIAN_POINT('Control Point',(0.868571124359,-7.35813196744,9.85078539457)) ;
#1086=CARTESIAN_POINT('Control Point',(0.847534845131,-7.36069676008,9.86626623168)) ;
#1087=CARTESIAN_POINT('Control Point',(0.829941517757,-7.3655114974,9.88350271092)) ;
#1088=CARTESIAN_POINT('Control Point',(0.804588802535,-7.37051337712,9.90428601998)) ;
#1089=CARTESIAN_POINT('Control Point',(0.805934311815,-7.38758502602,9.93210561797)) ;
#1090=CARTESIAN_POINT('Control Point',(0.818459310245,-7.40230291959,9.95000000077)) ;
#1091=CARTESIAN_POINT('Vertex',(0.81845931039,-7.4023029191,9.95000000002)) ;
#1095=CARTESIAN_POINT('Control Point',(0.818459310245,-7.40230291959,9.95000000077)) ;
#1096=CARTESIAN_POINT('Control Point',(0.828363196051,-7.41456833238,9.96484697858)) ;
#1097=CARTESIAN_POINT('Control Point',(0.836757104842,-7.43071543281,9.9776389417)) ;
#1098=CARTESIAN_POINT('Control Point',(0.844202143919,-7.44907084993,9.98637641897)) ;
#1099=CARTESIAN_POINT('Vertex',(0.844202864533,-7.44907098202,9.98637577083)) ;
#1103=CARTESIAN_POINT('Control Point',(0.844202143919,-7.44907084993,9.98637641897)) ;
#1104=CARTESIAN_POINT('Control Point',(0.846503170746,-7.4547423032,9.98907615707)) ;
#1105=CARTESIAN_POINT('Control Point',(0.848733004701,-7.46058757406,9.99146626201)) ;
#1106=CARTESIAN_POINT('Control Point',(0.850951182293,-7.46656656904,9.99352738494)) ;
#1107=CARTESIAN_POINT('Control Point',(0.854550077408,-7.47684224232,9.99643061668)) ;
#1108=CARTESIAN_POINT('Control Point',(0.857957199829,-7.48739031369,9.99835370927)) ;
#1109=CARTESIAN_POINT('Control Point',(0.859311966488,-7.49170539377,9.99896977246)) ;
#1110=CARTESIAN_POINT('Control Point',(0.861286306349,-7.49805280678,9.99962689495)) ;
#1111=CARTESIAN_POINT('Control Point',(0.863396610191,-7.50437636696,9.99992650534)) ;
#1112=CARTESIAN_POINT('Control Point',(0.863052709931,-7.50795001658,9.9999930609)) ;
#1113=CARTESIAN_POINT('Control Point',(0.865052893684,-7.50863825692,10.)) ;
#1114=CARTESIAN_POINT('Control Point',(0.867053580544,-7.50932583279,10.)) ;
#1116=CARTESIAN_POINT('Axis2P3D Location',(4.25187184926,-6.25006737179,9.85)) ;
#1130=CARTESIAN_POINT('Axis2P3D Location',(0.,-10.032251358,9.8982758877)) ;
#1135=CARTESIAN_POINT('Axis2P3D Location',(0.,-10.032251358,9.95)) ;
#1139=CARTESIAN_POINT('Vertex',(0.723100724806,-7.37450235258,9.95000000002)) ;
#1143=CARTESIAN_POINT('Control Point',(0.723100724661,-7.37450235311,9.95)) ;
#1144=CARTESIAN_POINT('Control Point',(0.252307928307,-7.24641407154,9.95)) ;
#1145=CARTESIAN_POINT('Control Point',(-0.252680495036,-7.24644630729,9.95)) ;
#1146=CARTESIAN_POINT('Control Point',(-0.723456079485,-7.37459906036,9.95)) ;
#1147=CARTESIAN_POINT('Vertex',(-0.723456079485,-7.37459906036,9.95)) ;
#1151=CARTESIAN_POINT('Control Point',(-0.723456079486,-7.37459906036,9.94999999999)) ;
#1152=CARTESIAN_POINT('Control Point',(-0.755169348659,-7.3832319273,9.94999999999)) ;
#1153=CARTESIAN_POINT('Control Point',(-0.786728079144,-7.39243249652,9.94999999999)) ;
#1154=CARTESIAN_POINT('Control Point',(-0.818112052736,-7.40219487509,9.94999999999)) ;
#1155=CARTESIAN_POINT('Vertex',(-0.818459310376,-7.40230291908,9.95)) ;
#1159=CARTESIAN_POINT('Control Point',(-0.818212714529,-7.4023196148,9.95015078249)) ;
#1160=CARTESIAN_POINT('Control Point',(-0.827244798918,-7.41352950141,9.96368098323)) ;
#1161=CARTESIAN_POINT('Control Point',(-0.835199682053,-7.42729909638,9.97580347232)) ;
#1162=CARTESIAN_POINT('Control Point',(-0.842624267093,-7.44338978703,9.9856440667)) ;
#1163=CARTESIAN_POINT('Control Point',(-0.850652947563,-7.46519291621,9.9943968978)) ;
#1164=CARTESIAN_POINT('Control Point',(-0.858154580335,-7.48816120259,9.99848337172)) ;
#1165=CARTESIAN_POINT('Control Point',(-0.859650322711,-7.49267883325,9.99910174171)) ;
#1166=CARTESIAN_POINT('Control Point',(-0.861560625057,-7.49899102345,9.99970169178)) ;
#1167=CARTESIAN_POINT('Control Point',(-0.863706813688,-7.50524152656,9.99995005293)) ;
#1168=CARTESIAN_POINT('Control Point',(-0.863609184876,-7.50814374011,10.)) ;
#1169=CARTESIAN_POINT('Control Point',(-0.865331635283,-7.5087340519,10.)) ;
#1170=CARTESIAN_POINT('Control Point',(-0.867053580812,-7.50932583276,10.)) ;
#1186=CARTESIAN_POINT('Control Point',(-0.868571268175,-7.35813195047,9.85078539457)) ;
#1187=CARTESIAN_POINT('Control Point',(-0.847534976861,-7.36069674501,9.86626624226)) ;
#1188=CARTESIAN_POINT('Control Point',(-0.829941526805,-7.36551149722,9.88350266112)) ;
#1189=CARTESIAN_POINT('Control Point',(-0.804588800849,-7.37051335212,9.90428597852)) ;
#1190=CARTESIAN_POINT('Control Point',(-0.805934303997,-7.38758501685,9.93210560682)) ;
#1191=CARTESIAN_POINT('Control Point',(-0.818459310231,-7.40230291958,9.95000000075)) ;
#1192=CARTESIAN_POINT('Vertex',(-0.868571936896,-7.35813155938,9.85078539457)) ;
#1195=CARTESIAN_POINT('Axis2P3D Location',(-7.77156117238E-016,1.33226762955E-015,9.85078539457)) ;
#1208=CARTESIAN_POINT('Axis2P3D Location',(0.,10.032251358,9.8982758877)) ;
#1214=CARTESIAN_POINT('Control Point',(0.723456079489,7.37459906034,9.94999999997)) ;
#1215=CARTESIAN_POINT('Control Point',(0.755169348675,7.38323192729,9.94999999997)) ;
#1216=CARTESIAN_POINT('Control Point',(0.786728079172,7.39243249651,9.94999999997)) ;
#1217=CARTESIAN_POINT('Control Point',(0.818112052775,7.40219487509,9.94999999997)) ;
#1218=CARTESIAN_POINT('Vertex',(0.723456079485,7.37459906036,9.95)) ;
#1221=CARTESIAN_POINT('Axis2P3D Location',(0.,10.032251358,9.95)) ;
#1225=CARTESIAN_POINT('Vertex',(-0.723100724824,7.37450235258,9.95000000001)) ;
#1229=CARTESIAN_POINT('Control Point',(0.723456079485,7.37459906036,9.95)) ;
#1230=CARTESIAN_POINT('Control Point',(0.25268049503,7.24644630729,9.95)) ;
#1231=CARTESIAN_POINT('Control Point',(-0.252307928319,7.24641407154,9.95)) ;
#1232=CARTESIAN_POINT('Control Point',(-0.723100724677,7.37450235312,9.95)) ;
#1248=CARTESIAN_POINT('Control Point',(-4.17057662563,-6.12400996532,9.85078539457)) ;
#1249=CARTESIAN_POINT('Control Point',(-4.1695433627,-6.1246763232,9.85078547373)) ;
#1250=CARTESIAN_POINT('Control Point',(-4.16851829314,-6.1253553858,9.85078547373)) ;
#1251=CARTESIAN_POINT('Control Point',(-4.16750172684,-6.12604694785,9.85078539457)) ;
#1252=CARTESIAN_POINT('Control Point',(-4.17033066176,-6.12363847312,9.76570073394)) ;
#1253=CARTESIAN_POINT('Control Point',(-4.16929733682,-6.12430486991,9.76570081311)) ;
#1254=CARTESIAN_POINT('Control Point',(-4.16827220621,-6.12498397295,9.76570081311)) ;
#1255=CARTESIAN_POINT('Control Point',(-4.16725557988,-6.12567557691,9.76570073394)) ;
#1256=CARTESIAN_POINT('Control Point',(-4.17008469791,-6.1232669809,9.68061607331)) ;
#1257=CARTESIAN_POINT('Control Point',(-4.16905131094,-6.12393341662,9.68061615248)) ;
#1258=CARTESIAN_POINT('Control Point',(-4.16802611927,-6.12461256009,9.68061615248)) ;
#1259=CARTESIAN_POINT('Control Point',(-4.1670094329,-6.12530420597,9.68061607331)) ;
#1260=CARTESIAN_POINT('Control Point',(-4.17049316881,-6.12247372327,9.59550559996)) ;
#1261=CARTESIAN_POINT('Control Point',(-4.16903297211,-6.1234359537,9.5955055796)) ;
#1262=CARTESIAN_POINT('Control Point',(-4.16757507222,-6.12440174445,9.59550553706)) ;
#1263=CARTESIAN_POINT('Control Point',(-4.16611955499,-6.12537103861,9.59550547233)) ;
#1264=CARTESIAN_POINT('Control Point',(-4.16869237169,-6.12257426959,9.42538790413)) ;
#1265=CARTESIAN_POINT('Control Point',(-4.16808554627,-6.12294506629,9.42538808288)) ;
#1266=CARTESIAN_POINT('Control Point',(-4.16749281853,-6.12333772429,9.42538812542)) ;
#1267=CARTESIAN_POINT('Control Point',(-4.16691472282,-6.12375188961,9.42538803176)) ;
#1268=CARTESIAN_POINT('Control Point',(-4.16950931357,-6.12098775422,9.25516695743)) ;
#1269=CARTESIAN_POINT('Control Point',(-4.16804886866,-6.1219501404,9.25516693711)) ;
#1270=CARTESIAN_POINT('Control Point',(-4.16659072441,-6.12291609297,9.25516689457)) ;
#1271=CARTESIAN_POINT('Control Point',(-4.16513496693,-6.1238855549,9.2551668298)) ;
#1272=CARTESIAN_POINT('Control Point',(-4.16545676309,-6.12306976418,9.17023245563)) ;
#1273=CARTESIAN_POINT('Control Point',(-4.16648627034,-6.12232358658,9.17023290608)) ;
#1274=CARTESIAN_POINT('Control Point',(-4.16754477827,-6.12162238257,9.17023307634)) ;
#1275=CARTESIAN_POINT('Control Point',(-4.16863338884,-6.12096542214,9.17023296641)) ;
#1276=CARTESIAN_POINT('Control Point',(-4.17154125498,-6.11861750532,9.08489804346)) ;
#1277=CARTESIAN_POINT('Control Point',(-4.16841398016,-6.12068917513,9.08489792987)) ;
#1278=CARTESIAN_POINT('Control Point',(-4.16528670774,-6.12276084592,9.08489781627)) ;
#1279=CARTESIAN_POINT('Control Point',(-4.16215943397,-6.1248325202,9.08489770266)) ;
#1280=CARTESIAN_POINT('Control Point',(-4.16656629282,-6.12129518124,9.)) ;
#1281=CARTESIAN_POINT('Control Point',(-4.16656629282,-6.12129518124,9.)) ;
#1282=CARTESIAN_POINT('Control Point',(-4.16656629282,-6.12129518124,9.)) ;
#1283=CARTESIAN_POINT('Control Point',(-4.16656629282,-6.12129518124,9.)) ;
#1285=CARTESIAN_POINT('Control Point',(-4.16750172676,-6.12604694773,9.85078539457)) ;
#1286=CARTESIAN_POINT('Control Point',(-4.16702557675,-6.12532856277,9.6861964768)) ;
#1287=CARTESIAN_POINT('Control Point',(-4.16654942668,-6.12461017781,9.52160755903)) ;
#1288=CARTESIAN_POINT('Control Point',(-4.16607327657,-6.12389179287,9.35701864126)) ;
#1289=CARTESIAN_POINT('Control Point',(-4.1655809825,-6.12314905102,9.18684932)) ;
#1290=CARTESIAN_POINT('Control Point',(-4.16508868837,-6.12240630919,9.01667999873)) ;
#1291=CARTESIAN_POINT('Control Point',(-4.1659882321,-6.12175918434,9.01113628315)) ;
#1292=CARTESIAN_POINT('Control Point',(-4.16627726246,-6.12152718279,9.00556814158)) ;
#1293=CARTESIAN_POINT('Control Point',(-4.16656629282,-6.12129518124,9.)) ;
#1301=CARTESIAN_POINT('Axis2P3D Location',(6.1079393213,-2.1,8.5)) ;
#1306=CARTESIAN_POINT('Line Origine',(7.15094285498,-2.11875414444,8.85785039344)) ;
#1310=CARTESIAN_POINT('Vertex',(-6.86180839793,-2.11875414444,8.85785039344)) ;
#1314=CARTESIAN_POINT('Control Point',(-6.84716024795,-2.08124585556,8.14214960656)) ;
#1315=CARTESIAN_POINT('Control Point',(-6.85206502443,-2.09374300475,8.38060941838)) ;
#1316=CARTESIAN_POINT('Control Point',(-6.85694772448,-2.10624580224,8.6191770062)) ;
#1317=CARTESIAN_POINT('Control Point',(-6.86180839793,-2.11875414444,8.85785039344)) ;
#1326=CARTESIAN_POINT('Axis2P3D Location',(-4.77398267419,-2.26854857465,8.85)) ;
#1331=CARTESIAN_POINT('Line Origine',(-4.77398267419,-2.26854857465,9.)) ;
#1335=CARTESIAN_POINT('Vertex',(-6.81898400724,-2.26854857465,9.)) ;
#1339=CARTESIAN_POINT('Control Point',(-6.86180839793,-2.11875414444,8.85785039344)) ;
#1340=CARTESIAN_POINT('Control Point',(-6.86189609297,-2.11897981678,8.86215647827)) ;
#1341=CARTESIAN_POINT('Control Point',(-6.86198378801,-2.1193602209,8.86645445395)) ;
#1342=CARTESIAN_POINT('Control Point',(-6.86191919914,-2.11970772528,8.86893905168)) ;
#1343=CARTESIAN_POINT('Control Point',(-6.86183896785,-2.12117103211,8.87911512228)) ;
#1344=CARTESIAN_POINT('Control Point',(-6.86157810538,-2.12281059036,8.88584297869)) ;
#1345=CARTESIAN_POINT('Control Point',(-6.8613757349,-2.12400433858,8.89041665223)) ;
#1346=CARTESIAN_POINT('Control Point',(-6.86052375095,-2.12848940065,8.90510812354)) ;
#1347=CARTESIAN_POINT('Control Point',(-6.85945997454,-2.13306511624,8.9148737061)) ;
#1348=CARTESIAN_POINT('Control Point',(-6.8587457218,-2.13605872518,8.9208199416)) ;
#1349=CARTESIAN_POINT('Control Point',(-6.85654378689,-2.14489464177,8.93594853772)) ;
#1350=CARTESIAN_POINT('Control Point',(-6.85417572123,-2.15374493999,8.94707055342)) ;
#1351=CARTESIAN_POINT('Control Point',(-6.85270037285,-2.15912881425,8.95304482011)) ;
#1352=CARTESIAN_POINT('Control Point',(-6.84561226878,-2.18444508848,8.97775911127)) ;
#1353=CARTESIAN_POINT('Control Point',(-6.83795970141,-2.20970303462,8.99000062112)) ;
#1354=CARTESIAN_POINT('Control Point',(-6.83186003681,-2.22925439591,8.9967929011)) ;
#1355=CARTESIAN_POINT('Control Point',(-6.82551043012,-2.2489309329,9.)) ;
#1356=CARTESIAN_POINT('Control Point',(-6.81898400724,-2.26854857465,9.)) ;
#1366=CARTESIAN_POINT('Control Point',(-4.16656629282,-6.12129518124,9.)) ;
#1367=CARTESIAN_POINT('Control Point',(-3.61158660842,-6.49905177977,9.)) ;
#1368=CARTESIAN_POINT('Control Point',(-3.00496973885,-6.80083735542,9.)) ;
#1369=CARTESIAN_POINT('Control Point',(-2.36890796951,-7.0156114773,9.)) ;
#1370=CARTESIAN_POINT('Vertex',(-2.36890796951,-7.0156114773,9.)) ;
#1374=CARTESIAN_POINT('Control Point',(-2.47092111588,-6.87349223602,9.)) ;
#1375=CARTESIAN_POINT('Control Point',(-2.47092111588,-6.92003452173,9.)) ;
#1376=CARTESIAN_POINT('Control Point',(-2.45143415226,-6.96729676654,9.)) ;
#1377=CARTESIAN_POINT('Control Point',(-2.41300475776,-7.00072165145,9.)) ;
#1378=CARTESIAN_POINT('Control Point',(-2.36890796951,-7.0156114773,9.)) ;
#1379=CARTESIAN_POINT('Vertex',(-2.47092111588,-6.87349223602,9.)) ;
#1382=CARTESIAN_POINT('Line Origine',(-2.47092111588,0.,9.)) ;
#1386=CARTESIAN_POINT('Vertex',(-2.47092111588,-6.73919903821,9.)) ;
#1390=CARTESIAN_POINT('Control Point',(-2.65690229601,-6.46151309732,9.)) ;
#1391=CARTESIAN_POINT('Control Point',(-2.57503830748,-6.49517465858,9.)) ;
#1392=CARTESIAN_POINT('Control Point',(-2.50587414728,-6.56154412465,9.)) ;
#1393=CARTESIAN_POINT('Control Point',(-2.47092111588,-6.65072383378,9.)) ;
#1394=CARTESIAN_POINT('Control Point',(-2.47092111588,-6.73919903821,9.)) ;
#1395=CARTESIAN_POINT('Vertex',(-2.65690229601,-6.46151309732,9.)) ;
#1399=CARTESIAN_POINT('Control Point',(-3.92273396927,-5.7812143641,9.)) ;
#1400=CARTESIAN_POINT('Control Point',(-3.52564747719,-6.05064991399,9.)) ;
#1401=CARTESIAN_POINT('Control Point',(-3.1007155518,-6.27902202432,9.)) ;
#1402=CARTESIAN_POINT('Control Point',(-2.65690229601,-6.46151309732,9.)) ;
#1403=CARTESIAN_POINT('Vertex',(-3.92273398611,-5.78121437721,9.)) ;
#1407=CARTESIAN_POINT('Control Point',(-3.92273398611,-5.78121437721,9.)) ;
#1408=CARTESIAN_POINT('Control Point',(-3.99762930791,-5.73039556935,9.)) ;
#1409=CARTESIAN_POINT('Control Point',(-4.09385939963,-5.7091487079,9.)) ;
#1410=CARTESIAN_POINT('Control Point',(-4.19027485523,-5.73183623159,9.)) ;
#1411=CARTESIAN_POINT('Control Point',(-4.26446076491,-5.7843953799,9.)) ;
#1412=CARTESIAN_POINT('Vertex',(-4.26446076491,-5.7843953799,9.)) ;
#1416=CARTESIAN_POINT('Control Point',(-6.81898400724,-2.26854857465,9.)) ;
#1417=CARTESIAN_POINT('Control Point',(-6.47056265317,-3.31586123426,9.)) ;
#1418=CARTESIAN_POINT('Control Point',(-5.90743008365,-4.29218571997,9.)) ;
#1419=CARTESIAN_POINT('Control Point',(-5.15287324735,-5.12942629055,9.)) ;
#1420=CARTESIAN_POINT('Control Point',(-4.26446076491,-5.7843953799,9.)) ;
#1435=CARTESIAN_POINT('Axis2P3D Location',(-2.47092111588,7.22021245956,8.815)) ;
#1441=CARTESIAN_POINT('Control Point',(-2.47092111588,6.73919903821,9.)) ;
#1442=CARTESIAN_POINT('Control Point',(-2.47092111588,6.64417052204,6.48317858819)) ;
#1443=CARTESIAN_POINT('Control Point',(-2.47092111588,6.54885248148,3.9663716291)) ;
#1444=CARTESIAN_POINT('Control Point',(-2.47092111588,6.45320470904,1.44958268738)) ;
#1445=CARTESIAN_POINT('Vertex',(-2.47092111588,6.45320470939,1.4495826967)) ;
#1448=CARTESIAN_POINT('Line Origine',(-2.47092111588,6.61345796239,1.44958268738)) ;
#1452=CARTESIAN_POINT('Vertex',(-2.47092111588,6.48056025651,1.44958268738)) ;
#1456=CARTESIAN_POINT('Control Point',(-2.47092111588,6.87233467619,8.7905446805)) ;
#1457=CARTESIAN_POINT('Control Point',(-2.47092111588,6.74214314588,6.34352613991)) ;
#1458=CARTESIAN_POINT('Control Point',(-2.47092111588,6.61157576427,3.89653549831)) ;
#1459=CARTESIAN_POINT('Control Point',(-2.47092111588,6.48056025651,1.44958268738)) ;
#1460=CARTESIAN_POINT('Vertex',(-2.47092111588,6.87233467619,8.7905446805)) ;
#1464=CARTESIAN_POINT('Control Point',(-2.47092111588,6.87233467619,8.7905446805)) ;
#1465=CARTESIAN_POINT('Control Point',(-2.47092111588,6.87291346109,8.89527234021)) ;
#1466=CARTESIAN_POINT('Control Point',(-2.47092111588,6.87349223602,9.)) ;
#1477=CARTESIAN_POINT('Control Point',(-2.47092111588,6.87203964451,8.73716058262)) ;
#1478=CARTESIAN_POINT('Control Point',(-2.47092111588,6.90939192667,8.73695415165)) ;
#1479=CARTESIAN_POINT('Control Point',(-2.45929415257,6.94674420884,8.73674772069)) ;
#1480=CARTESIAN_POINT('Control Point',(-2.43597495537,6.9792324742,8.73656817118)) ;
#1481=CARTESIAN_POINT('Control Point',(-2.40430618704,7.00219973075,8.73644124043)) ;
#1482=CARTESIAN_POINT('Control Point',(-2.3689171016,7.01415146143,8.73637518805)) ;
#1483=CARTESIAN_POINT('Control Point',(-2.47092111588,6.87290628117,8.89397260512)) ;
#1484=CARTESIAN_POINT('Control Point',(-2.47092111588,6.91025971025,8.89376617048)) ;
#1485=CARTESIAN_POINT('Control Point',(-2.45929343856,6.94761313933,8.89355973584)) ;
#1486=CARTESIAN_POINT('Control Point',(-2.43597280205,6.98010209899,8.8933801848)) ;
#1487=CARTESIAN_POINT('Control Point',(-2.4043022975,7.00306918829,8.89325325662)) ;
#1488=CARTESIAN_POINT('Control Point',(-2.36891166853,7.01501993303,8.89318721054)) ;
#1489=CARTESIAN_POINT('Control Point',(-2.47092111588,6.87377289547,9.05078462779)) ;
#1490=CARTESIAN_POINT('Control Point',(-2.47092111588,6.91112747091,9.05057818948)) ;
#1491=CARTESIAN_POINT('Control Point',(-2.45929272485,6.94848204635,9.05037175117)) ;
#1492=CARTESIAN_POINT('Control Point',(-2.43597064962,6.98097169992,9.05019219862)) ;
#1493=CARTESIAN_POINT('Control Point',(-2.40429840964,7.0039386219,9.050065273)) ;
#1494=CARTESIAN_POINT('Control Point',(-2.3689062379,7.01588838097,9.04999923322)) ;
#1496=CARTESIAN_POINT('Control Point',(-2.47092111588,6.87233467619,8.7905446805)) ;
#1497=CARTESIAN_POINT('Control Point',(-2.47092111588,6.93455787814,8.78871715996)) ;
#1498=CARTESIAN_POINT('Control Point',(-2.42792306197,6.99450350321,8.78695918877)) ;
#1499=CARTESIAN_POINT('Control Point',(-2.36891536934,7.01442837145,8.78637442123)) ;
#1500=CARTESIAN_POINT('Vertex',(-2.36891536935,7.01442836973,8.78637411086)) ;
#1504=CARTESIAN_POINT('Control Point',(-2.36891536935,7.01442836973,8.78637411086)) ;
#1505=CARTESIAN_POINT('Control Point',(-2.36891463064,7.01454645985,8.807696664)) ;
#1506=CARTESIAN_POINT('Control Point',(-2.36891389196,7.01466454971,8.82901921714)) ;
#1507=CARTESIAN_POINT('Control Point',(-2.3689131533,7.01478263929,8.85034177029)) ;
#1508=CARTESIAN_POINT('Control Point',(-2.36891167328,7.01501926135,8.89306694811)) ;
#1509=CARTESIAN_POINT('Control Point',(-2.36891019337,7.01525588232,8.93579212595)) ;
#1510=CARTESIAN_POINT('Control Point',(-2.36890945205,7.01537441425,8.95719475063)) ;
#1511=CARTESIAN_POINT('Control Point',(-2.36890871077,7.01549294591,8.97859737531)) ;
#1512=CARTESIAN_POINT('Control Point',(-2.36890796951,7.0156114773,9.)) ;
#1521=CARTESIAN_POINT('Axis2P3D Location',(-2.32092111588,6.5989548585,1.44958268738)) ;
#1526=CARTESIAN_POINT('Axis2P3D Location',(-2.32092111588,6.48056025652,1.44958268738)) ;
#1530=CARTESIAN_POINT('Vertex',(-2.32092111588,6.48056025652,1.29958268738)) ;
#1533=CARTESIAN_POINT('Axis2P3D Location',(-2.32092111588,6.45320470904,1.44958268738)) ;
#1537=CARTESIAN_POINT('Vertex',(-2.32092112229,6.45320495464,1.29958268738)) ;
#1540=CARTESIAN_POINT('Line Origine',(-2.32092111588,6.5989548585,1.29958268738)) ;
#1552=CARTESIAN_POINT('Axis2P3D Location',(-2.32092111588,6.48056025652,1.44958268738)) ;
#1557=CARTESIAN_POINT('Axis2P3D Location',(-2.32092111588,6.48056025652,1.44958268738)) ;
#1561=CARTESIAN_POINT('Vertex',(-2.37143179338,6.62159800503,1.44203120041)) ;
#1564=CARTESIAN_POINT('Axis2P3D Location',(-2.32092111588,6.48056025652,1.44958268738)) ;
#1576=CARTESIAN_POINT('Control Point',(-2.47092111588,6.87517088738,8.84385389274)) ;
#1577=CARTESIAN_POINT('Control Point',(-2.47092111587,6.91248780983,8.84186856162)) ;
#1578=CARTESIAN_POINT('Control Point',(-2.45928366386,6.94980473229,8.8398832305)) ;
#1579=CARTESIAN_POINT('Control Point',(-2.43594332314,6.98225779177,8.83815666612)) ;
#1580=CARTESIAN_POINT('Control Point',(-2.4042490529,7.00519050222,8.83693660239)) ;
#1581=CARTESIAN_POINT('Control Point',(-2.36883730065,7.0171110659,8.83630240577)) ;
#1582=CARTESIAN_POINT('Control Point',(-2.47092111588,6.79649202433,7.36498067974)) ;
#1583=CARTESIAN_POINT('Control Point',(-2.47092111587,6.83370507645,7.36299855042)) ;
#1584=CARTESIAN_POINT('Control Point',(-2.45934837182,6.87091812856,7.36101642111)) ;
#1585=CARTESIAN_POINT('Control Point',(-2.43613847263,6.90330831435,7.35929118038)) ;
#1586=CARTESIAN_POINT('Control Point',(-2.4046015135,6.92625618308,7.35806888182)) ;
#1587=CARTESIAN_POINT('Control Point',(-2.36932955238,6.93826602843,7.35742919277)) ;
#1588=CARTESIAN_POINT('Control Point',(-2.47092111588,6.71769847602,5.88611602808)) ;
#1589=CARTESIAN_POINT('Control Point',(-2.47092111586,6.75480483782,5.88413716703)) ;
#1590=CARTESIAN_POINT('Control Point',(-2.45941461085,6.79191119963,5.88215830598)) ;
#1591=CARTESIAN_POINT('Control Point',(-2.43633822716,6.82423650962,5.88043441847)) ;
#1592=CARTESIAN_POINT('Control Point',(-2.40496257681,6.84719914309,5.87920984238)) ;
#1593=CARTESIAN_POINT('Control Point',(-2.36983444383,6.85929966162,5.87856454111)) ;
#1594=CARTESIAN_POINT('Control Point',(-2.47092111588,6.6387836909,4.40726055763)) ;
#1595=CARTESIAN_POINT('Control Point',(-2.47092111587,6.67578038644,4.40528503409)) ;
#1596=CARTESIAN_POINT('Control Point',(-2.45948245369,6.71277708198,4.40330951054)) ;
#1597=CARTESIAN_POINT('Control Point',(-2.43654280491,6.74503538926,4.40158700715)) ;
#1598=CARTESIAN_POINT('Control Point',(-2.40533266351,6.76801233236,4.40036010921)) ;
#1599=CARTESIAN_POINT('Control Point',(-2.37035262349,6.78020493701,4.39970907066)) ;
#1600=CARTESIAN_POINT('Control Point',(-2.47092111588,6.55974040547,2.9284159291)) ;
#1601=CARTESIAN_POINT('Control Point',(-2.47092111587,6.59662428522,2.9264438153)) ;
#1602=CARTESIAN_POINT('Control Point',(-2.45955197993,6.63350816498,2.92447170149)) ;
#1603=CARTESIAN_POINT('Control Point',(-2.43675244471,6.66569720242,2.92275061455)) ;
#1604=CARTESIAN_POINT('Control Point',(-2.40571223536,6.68868792786,2.92152134874)) ;
#1605=CARTESIAN_POINT('Control Point',(-2.3708848061,6.70097404974,2.92086444214)) ;
#1606=CARTESIAN_POINT('Control Point',(-2.47092111588,6.48056025651,1.44958268738)) ;
#1607=CARTESIAN_POINT('Control Point',(-2.47092111587,6.51732797376,1.44761405883)) ;
#1608=CARTESIAN_POINT('Control Point',(-2.45962327812,6.55409569102,1.44564543029)) ;
#1609=CARTESIAN_POINT('Control Point',(-2.43696741217,6.58621303028,1.44392579373)) ;
#1610=CARTESIAN_POINT('Control Point',(-2.40610180754,6.60921692299,1.44269411215)) ;
#1611=CARTESIAN_POINT('Control Point',(-2.37143179333,6.62159800503,1.44203120041)) ;
#1613=CARTESIAN_POINT('Control Point',(-2.36885392534,7.01444912004,8.78637411086)) ;
#1614=CARTESIAN_POINT('Control Point',(-2.36934319254,6.93613320392,7.31748678746)) ;
#1615=CARTESIAN_POINT('Control Point',(-2.36984494232,6.85769745087,5.8486079227)) ;
#1616=CARTESIAN_POINT('Control Point',(-2.37035981098,6.7791349635,4.37973813767)) ;
#1617=CARTESIAN_POINT('Control Point',(-2.37088849948,6.70043808616,2.91087905227)) ;
#1618=CARTESIAN_POINT('Control Point',(-2.37143179333,6.62159800503,1.44203120041)) ;
#1627=CARTESIAN_POINT('Axis2P3D Location',(0.,0.,10.)) ;
#1632=CARTESIAN_POINT('Axis2P3D Location',(0.,0.,8.78637411086)) ;
#1636=CARTESIAN_POINT('Vertex',(-0.162107310798,7.40187047908,8.78637411086)) ;
#1640=CARTESIAN_POINT('Control Point',(-0.162107310505,7.40187047989,8.78637411086)) ;
#1641=CARTESIAN_POINT('Control Point',(-0.162684106902,7.40229327233,8.86951342009)) ;
#1642=CARTESIAN_POINT('Control Point',(-0.163256222424,7.40271610221,8.95265276066)) ;
#1643=CARTESIAN_POINT('Control Point',(-0.163823801746,7.40313896955,9.03579213143)) ;
#1644=CARTESIAN_POINT('Vertex',(-0.163821972279,7.40313920313,9.03579212678)) ;
#1648=CARTESIAN_POINT('Control Point',(-0.1638232769,7.40313898114,9.03579212678)) ;
#1649=CARTESIAN_POINT('Control Point',(-0.43147090199,7.39722864448,9.03816151506)) ;
#1650=CARTESIAN_POINT('Control Point',(-0.701200186741,7.37686154715,9.04644249413)) ;
#1651=CARTESIAN_POINT('Control Point',(-0.973843028488,7.34076244066,9.05976007028)) ;
#1652=CARTESIAN_POINT('Vertex',(-0.973843028491,7.34076244065,9.05976007028)) ;
#1656=CARTESIAN_POINT('Control Point',(-0.973843028488,7.34076244066,9.05976007028)) ;
#1657=CARTESIAN_POINT('Control Point',(-1.04516859918,7.33131863791,9.06324693928)) ;
#1658=CARTESIAN_POINT('Control Point',(-1.11649148935,7.32102465715,9.07259061685)) ;
#1659=CARTESIAN_POINT('Control Point',(-1.18619797151,7.3101741208,9.08946146953)) ;
#1660=CARTESIAN_POINT('Control Point',(-1.28978452889,7.2925667469,9.13256615316)) ;
#1661=CARTESIAN_POINT('Control Point',(-1.36109657176,7.27978461491,9.21382643694)) ;
#1662=CARTESIAN_POINT('Control Point',(-1.37969709848,7.27640405402,9.24556089441)) ;
#1663=CARTESIAN_POINT('Control Point',(-1.39453089054,7.27390589624,9.30726945644)) ;
#1664=CARTESIAN_POINT('Control Point',(-1.37928597184,7.27713434395,9.36784084371)) ;
#1665=CARTESIAN_POINT('Control Point',(-1.36695330072,7.27961163999,9.39262134429)) ;
#1666=CARTESIAN_POINT('Control Point',(-1.35131666813,7.28264668545,9.41423280905)) ;
#1667=CARTESIAN_POINT('Control Point',(-1.33307798564,7.28608564995,9.43339054412)) ;
#1668=CARTESIAN_POINT('Vertex',(-1.33307798564,7.28608564995,9.43339054412)) ;
#1672=CARTESIAN_POINT('Control Point',(-1.33307798564,7.28608564995,9.43339054412)) ;
#1673=CARTESIAN_POINT('Control Point',(-1.1887584817,7.31329741315,9.58495203977)) ;
#1674=CARTESIAN_POINT('Control Point',(-1.03511133851,7.33782697801,9.72822374953)) ;
#1675=CARTESIAN_POINT('Control Point',(-0.868571124359,7.35813196744,9.85078539457)) ;
#1689=CARTESIAN_POINT('Axis2P3D Location',(0.,0.,8.815)) ;
#1695=CARTESIAN_POINT('Control Point',(-4.26446076491,-5.7843953799,9.)) ;
#1696=CARTESIAN_POINT('Control Point',(-4.29246915817,-5.72894929988,8.19794119857)) ;
#1697=CARTESIAN_POINT('Control Point',(-4.32032800125,-5.67313497962,7.40016613263)) ;
#1698=CARTESIAN_POINT('Control Point',(-4.3454438946,-5.62221966249,6.68093002093)) ;
#1699=CARTESIAN_POINT('Control Point',(-4.3992009576,-5.51190999005,5.14160310835)) ;
#1700=CARTESIAN_POINT('Control Point',(-4.45212389469,-5.40053322741,3.62588447404)) ;
#1701=CARTESIAN_POINT('Control Point',(-4.47764108792,-5.34615428817,2.89504935015)) ;
#1702=CARTESIAN_POINT('Control Point',(-4.50302659251,-5.29137058111,2.16817354744)) ;
#1703=CARTESIAN_POINT('Control Point',(-4.52829109417,-5.23612290411,1.44476507549)) ;
#1704=CARTESIAN_POINT('Vertex',(-4.5285440478,-5.23556972326,1.43752215429)) ;
#1707=CARTESIAN_POINT('Axis2P3D Location',(0.,0.,1.44476507549)) ;
#1711=CARTESIAN_POINT('Vertex',(-4.52829537857,5.23611919889,1.44476507549)) ;
#1715=CARTESIAN_POINT('Control Point',(-4.26446352062,5.7843933483,9.)) ;
#1716=CARTESIAN_POINT('Control Point',(-4.33190669908,5.65088910271,7.06885522006)) ;
#1717=CARTESIAN_POINT('Control Point',(-4.39902208501,5.51387387909,5.1469007079)) ;
#1718=CARTESIAN_POINT('Control Point',(-4.46412907047,5.37644514197,3.28225445131)) ;
#1719=CARTESIAN_POINT('Control Point',(-4.52829537857,5.23611919889,1.44476507549)) ;
#1736=CARTESIAN_POINT('Axis2P3D Location',(4.4408920985E-016,2.22044604925E-016,1.45)) ;
#1742=CARTESIAN_POINT('Control Point',(-4.50011351528,-5.06145622251,1.3)) ;
#1743=CARTESIAN_POINT('Control Point',(-4.51364681096,-5.12141130781,1.3)) ;
#1744=CARTESIAN_POINT('Control Point',(-4.52353360882,-5.17708384889,1.32350759411)) ;
#1745=CARTESIAN_POINT('Control Point',(-4.52780212492,-5.22880515572,1.37252314909)) ;
#1746=CARTESIAN_POINT('Control Point',(-4.52838515966,-5.23547493545,1.43752157422)) ;
#1747=CARTESIAN_POINT('Vertex',(-4.50011351528,-5.06145622251,1.3)) ;
#1750=CARTESIAN_POINT('Axis2P3D Location',(4.4408920985E-016,2.22044604925E-016,1.3)) ;
#1754=CARTESIAN_POINT('Vertex',(-4.50011903195,5.06145131766,1.3)) ;
#1758=CARTESIAN_POINT('Control Point',(-4.50011903195,5.06145131766,1.3)) ;
#1759=CARTESIAN_POINT('Control Point',(-4.51370141417,5.12162548714,1.3)) ;
#1760=CARTESIAN_POINT('Control Point',(-4.5234034377,5.17613459763,1.32301814159)) ;
#1761=CARTESIAN_POINT('Control Point',(-4.52780454068,5.22877742415,1.37228586605)) ;
#1762=CARTESIAN_POINT('Control Point',(-4.52838961975,5.23547118257,1.43752252417)) ;
#1772=CARTESIAN_POINT('Control Point',(-4.26402914998,5.78525325759,9.01243874131)) ;
#1773=CARTESIAN_POINT('Control Point',(-4.20471264331,5.74327578045,9.01306183635)) ;
#1774=CARTESIAN_POINT('Control Point',(-4.13271057102,5.71919877112,9.0120046661)) ;
#1775=CARTESIAN_POINT('Control Point',(-4.05526169303,5.71828141843,9.00918198592)) ;
#1776=CARTESIAN_POINT('Control Point',(-3.98282431847,5.7406475971,9.00497495644)) ;
#1777=CARTESIAN_POINT('Control Point',(-3.92273417577,5.78121074761,9.)) ;
#1778=CARTESIAN_POINT('Control Point',(-4.30262112308,5.70885970725,7.9073098043)) ;
#1779=CARTESIAN_POINT('Control Point',(-4.24286865916,5.66750848899,7.90790886873)) ;
#1780=CARTESIAN_POINT('Control Point',(-4.17062187184,5.64418699046,7.90680906872)) ;
#1781=CARTESIAN_POINT('Control Point',(-4.09317295322,5.64407704962,7.9039280395)) ;
#1782=CARTESIAN_POINT('Control Point',(-4.02097833641,5.66719349004,7.89965475227)) ;
#1783=CARTESIAN_POINT('Control Point',(-3.96131857722,5.70837514196,7.89461366606)) ;
#1784=CARTESIAN_POINT('Control Point',(-4.34119272859,5.63123826686,6.80276412109)) ;
#1785=CARTESIAN_POINT('Control Point',(-4.2810026162,5.59053331796,6.8033379762)) ;
#1786=CARTESIAN_POINT('Control Point',(-4.20851549974,5.5679877145,6.80219345023)) ;
#1787=CARTESIAN_POINT('Control Point',(-4.13107719748,5.56870349722,6.79925119784)) ;
#1788=CARTESIAN_POINT('Control Point',(-4.05914079352,5.59258401398,6.79490838418)) ;
#1789=CARTESIAN_POINT('Control Point',(-3.99992943975,5.6343925299,6.78979790185)) ;
#1790=CARTESIAN_POINT('Control Point',(-4.37976723688,5.5522798575,5.69813531553)) ;
#1791=CARTESIAN_POINT('Control Point',(-4.31913777683,5.51224257826,5.69868265778)) ;
#1792=CARTESIAN_POINT('Control Point',(-4.24641512507,5.49049463347,5.69749108958)) ;
#1793=CARTESIAN_POINT('Control Point',(-4.16899891806,5.49205565283,5.6944844393)) ;
#1794=CARTESIAN_POINT('Control Point',(-4.09733730453,5.51671492896,5.69006848913)) ;
#1795=CARTESIAN_POINT('Control Point',(-4.03859364622,5.55915915522,5.68488500313)) ;
#1796=CARTESIAN_POINT('Control Point',(-4.4324535184,5.44248021094,4.18939841392)) ;
#1797=CARTESIAN_POINT('Control Point',(-4.37122197237,5.4033857174,4.18990760311)) ;
#1798=CARTESIAN_POINT('Control Point',(-4.2981849354,5.38275855783,4.18864829237)) ;
#1799=CARTESIAN_POINT('Control Point',(-4.22081584054,5.38550207373,4.18554887363)) ;
#1800=CARTESIAN_POINT('Control Point',(-4.14955385454,5.41124606274,4.18102754402)) ;
#1801=CARTESIAN_POINT('Control Point',(-4.09147724115,5.45457115227,4.17573885719)) ;
#1802=CARTESIAN_POINT('Control Point',(-4.48462849617,5.33090720776,2.69530333104)) ;
#1803=CARTESIAN_POINT('Control Point',(-4.42279863889,5.29279146947,2.69577167804)) ;
#1804=CARTESIAN_POINT('Control Point',(-4.34946188972,5.27331965472,2.69443981785)) ;
#1805=CARTESIAN_POINT('Control Point',(-4.27216502267,5.27727445282,2.69124102333)) ;
#1806=CARTESIAN_POINT('Control Point',(-4.20133483723,5.30412238455,2.68660678961)) ;
#1807=CARTESIAN_POINT('Control Point',(-4.14396023371,5.34833705626,2.68120537748)) ;
#1808=CARTESIAN_POINT('Control Point',(-4.49932701842,5.29924229933,2.27439294922)) ;
#1809=CARTESIAN_POINT('Control Point',(-4.43732846447,5.2614060133,2.27484953316)) ;
#1810=CARTESIAN_POINT('Control Point',(-4.36390827016,5.24226341281,2.27349677719)) ;
#1811=CARTESIAN_POINT('Control Point',(-4.28663388601,5.24656274258,2.27026935963)) ;
#1812=CARTESIAN_POINT('Control Point',(-4.2159283333,5.27372408993,2.26560260554)) ;
#1813=CARTESIAN_POINT('Control Point',(-4.15875491476,5.31819075511,2.26016872385)) ;
#1814=CARTESIAN_POINT('Control Point',(-4.51398269136,5.26743169263,1.85470961071)) ;
#1815=CARTESIAN_POINT('Control Point',(-4.45181581152,5.22987783977,1.85515419972)) ;
#1816=CARTESIAN_POINT('Control Point',(-4.37831344832,5.21106729579,1.85378013527)) ;
#1817=CARTESIAN_POINT('Control Point',(-4.30106368126,5.21571349744,1.85052352856)) ;
#1818=CARTESIAN_POINT('Control Point',(-4.23048546183,5.2431897915,1.84582361005)) ;
#1819=CARTESIAN_POINT('Control Point',(-4.17351613791,5.28790910354,1.84035661505)) ;
#1820=CARTESIAN_POINT('Control Point',(-4.52859475193,5.2354725566,1.43627516681)) ;
#1821=CARTESIAN_POINT('Control Point',(-4.466259949,5.19820416297,1.4367075203)) ;
#1822=CARTESIAN_POINT('Control Point',(-4.39267673835,5.17972855338,1.43531171858)) ;
#1823=CARTESIAN_POINT('Control Point',(-4.31545377788,5.18472398829,1.43202533414)) ;
#1824=CARTESIAN_POINT('Control Point',(-4.24500565178,5.21251676421,1.42729158137)) ;
#1825=CARTESIAN_POINT('Control Point',(-4.18824338974,5.25748936437,1.42179080342)) ;
#1827=CARTESIAN_POINT('Control Point',(-3.92273417577,5.78121074761,9.)) ;
#1828=CARTESIAN_POINT('Control Point',(-3.96131857722,5.70837514196,7.89461366606)) ;
#1829=CARTESIAN_POINT('Control Point',(-3.99992943975,5.6343925299,6.78979790184)) ;
#1830=CARTESIAN_POINT('Control Point',(-4.03859364622,5.55915915522,5.68488500313)) ;
#1831=CARTESIAN_POINT('Control Point',(-4.09131323509,5.45489550741,4.18041911975)) ;
#1832=CARTESIAN_POINT('Control Point',(-4.1436347025,5.34899596066,2.69047540763)) ;
#1833=CARTESIAN_POINT('Control Point',(-4.1582677037,5.31918344581,2.27403418886)) ;
#1834=CARTESIAN_POINT('Control Point',(-4.17286798401,5.2892386,1.85879043761)) ;
#1835=CARTESIAN_POINT('Control Point',(-4.18743505117,5.25915876976,1.44476507413)) ;
#1836=CARTESIAN_POINT('Vertex',(-4.18743501652,5.25915876549,1.44476507549)) ;
#1840=CARTESIAN_POINT('Control Point',(-4.18743505117,5.25915876976,1.44476507413)) ;
#1841=CARTESIAN_POINT('Control Point',(-4.25827561196,5.20260190407,1.44135181631)) ;
#1842=CARTESIAN_POINT('Control Point',(-4.35235096711,5.17391284395,1.43853375236)) ;
#1843=CARTESIAN_POINT('Control Point',(-4.45033570191,5.18872538293,1.43725162628)) ;
#1844=CARTESIAN_POINT('Control Point',(-4.52854831173,5.23556615483,1.43752307244)) ;
#1854=CARTESIAN_POINT('Control Point',(-4.18743505117,5.25915876976,1.44476507413)) ;
#1855=CARTESIAN_POINT('Control Point',(-4.18643341196,5.257900773,1.39871645084)) ;
#1856=CARTESIAN_POINT('Control Point',(-4.17441821971,5.24281043647,1.35328527588)) ;
#1857=CARTESIAN_POINT('Control Point',(-4.15145994006,5.21397626061,1.31769217953)) ;
#1858=CARTESIAN_POINT('Control Point',(-4.12275926957,5.17792999787,1.3)) ;
#1859=CARTESIAN_POINT('Control Point',(-4.09405859908,5.14188373514,1.3)) ;
#1860=CARTESIAN_POINT('Control Point',(-4.24407875832,5.2139362235,1.44203585271)) ;
#1861=CARTESIAN_POINT('Control Point',(-4.24286830106,5.21179721445,1.39656234977)) ;
#1862=CARTESIAN_POINT('Control Point',(-4.23422767021,5.19352290122,1.35201356241)) ;
#1863=CARTESIAN_POINT('Control Point',(-4.21831177734,5.15935132968,1.31727274668)) ;
#1864=CARTESIAN_POINT('Control Point',(-4.19859075231,5.11685347394,1.3)) ;
#1865=CARTESIAN_POINT('Control Point',(-4.17886972726,5.07435561823,1.3)) ;
#1866=CARTESIAN_POINT('Control Point',(-4.31432770359,5.18557565376,1.43967554728)) ;
#1867=CARTESIAN_POINT('Control Point',(-4.31344974359,5.18244550018,1.3947180836)) ;
#1868=CARTESIAN_POINT('Control Point',(-4.30929386805,5.16197373401,1.35093221277)) ;
#1869=CARTESIAN_POINT('Control Point',(-4.30199089279,5.12457474121,1.31691590387)) ;
#1870=CARTESIAN_POINT('Control Point',(-4.29304893891,5.078328044,1.30000001165)) ;
#1871=CARTESIAN_POINT('Control Point',(-4.28410717456,5.03208119185,1.3)) ;
#1872=CARTESIAN_POINT('Control Point',(-4.39180451347,5.17976242785,1.43801319379)) ;
#1873=CARTESIAN_POINT('Control Point',(-4.39191018061,5.17598298834,1.39343213666)) ;
#1874=CARTESIAN_POINT('Control Point',(-4.39300223567,5.1548677262,1.35018322258)) ;
#1875=CARTESIAN_POINT('Control Point',(-4.39506993258,5.11694259117,1.31666857171)) ;
#1876=CARTESIAN_POINT('Control Point',(-4.39764917051,5.07024336332,1.29999999726)) ;
#1877=CARTESIAN_POINT('Control Point',(-4.40022856824,5.02354423724,1.3)) ;
#1878=CARTESIAN_POINT('Control Point',(-4.4658279927,5.19805637806,1.43730734623)) ;
#1879=CARTESIAN_POINT('Control Point',(-4.46698662768,5.19435387125,1.39288487746)) ;
#1880=CARTESIAN_POINT('Control Point',(-4.47315147518,5.17441647511,1.34986399285)) ;
#1881=CARTESIAN_POINT('Control Point',(-4.48415882034,5.13876540101,1.31656318031)) ;
#1882=CARTESIAN_POINT('Control Point',(-4.49769246855,5.09491555042,1.30000000009)) ;
#1883=CARTESIAN_POINT('Control Point',(-4.51122610928,5.05106569527,1.3)) ;
#1884=CARTESIAN_POINT('Control Point',(-4.52838961975,5.23547118257,1.43752252417)) ;
#1885=CARTESIAN_POINT('Control Point',(-4.53029411304,5.23228487953,1.3930516762)) ;
#1886=CARTESIAN_POINT('Control Point',(-4.54068334084,5.21490323905,1.34996127789)) ;
#1887=CARTESIAN_POINT('Control Point',(-4.55929025871,5.18377303856,1.3165952995)) ;
#1888=CARTESIAN_POINT('Control Point',(-4.58218544007,5.14546838333,1.3)) ;
#1889=CARTESIAN_POINT('Control Point',(-4.60508062164,5.10716372823,1.3)) ;
#1891=CARTESIAN_POINT('Control Point',(-4.09405859908,5.14188373514,1.3)) ;
#1892=CARTESIAN_POINT('Control Point',(-4.11811322729,5.12273101567,1.3)) ;
#1893=CARTESIAN_POINT('Control Point',(-4.14381102259,5.10560979454,1.3)) ;
#1894=CARTESIAN_POINT('Control Point',(-4.17092647101,5.09071045063,1.3)) ;
#1895=CARTESIAN_POINT('Control Point',(-4.22745362254,5.06567779902,1.3)) ;
#1896=CARTESIAN_POINT('Control Point',(-4.28751255934,5.05057427172,1.3)) ;
#1897=CARTESIAN_POINT('Control Point',(-4.31812147751,5.04561593529,1.3)) ;
#1898=CARTESIAN_POINT('Control Point',(-4.37338996444,5.04148944664,1.3)) ;
#1899=CARTESIAN_POINT('Control Point',(-4.42863198525,5.04585717541,1.3)) ;
#1900=CARTESIAN_POINT('Control Point',(-4.45281920689,5.04943468526,1.3)) ;
#1901=CARTESIAN_POINT('Control Point',(-4.47669723604,5.05464615944,1.3)) ;
#1902=CARTESIAN_POINT('Control Point',(-4.50011903195,5.06145131766,1.3)) ;
#1903=CARTESIAN_POINT('Vertex',(-4.09405876362,5.1418835722,1.3)) ;
#1907=CARTESIAN_POINT('Control Point',(-4.18743505117,5.25915876976,1.44476507413)) ;
#1908=CARTESIAN_POINT('Control Point',(-4.18618300215,5.25758627382,1.38720429502)) ;
#1909=CARTESIAN_POINT('Control Point',(-4.16623604274,5.23253412948,1.33000764791)) ;
#1910=CARTESIAN_POINT('Control Point',(-4.12993443719,5.18694156356,1.3)) ;
#1911=CARTESIAN_POINT('Control Point',(-4.09405859908,5.14188373514,1.3)) ;
#1920=CARTESIAN_POINT('Axis2P3D Location',(0.,0.,8.815)) ;
#1925=CARTESIAN_POINT('Axis2P3D Location',(0.,0.,1.44476507549)) ;
#1929=CARTESIAN_POINT('Vertex',(-2.65261857032,6.17713344996,1.44476507549)) ;
#1933=CARTESIAN_POINT('Control Point',(-2.65690229601,6.46151309732,9.)) ;
#1934=CARTESIAN_POINT('Control Point',(-2.65552608413,6.36698902329,6.48157269218)) ;
#1935=CARTESIAN_POINT('Control Point',(-2.65410011613,6.27220737876,3.9631598605)) ;
#1936=CARTESIAN_POINT('Control Point',(-2.65261857032,6.17713344996,1.44476507549)) ;
#1945=CARTESIAN_POINT('Axis2P3D Location',(-1.11022302463E-016,2.6645352591E-015,1.45)) ;
#1950=CARTESIAN_POINT('Axis2P3D Location',(-1.11022302463E-016,2.6645352591E-015,1.3)) ;
#1954=CARTESIAN_POINT('Vertex',(-2.59346730164,6.03938831219,1.3)) ;
#1957=CARTESIAN_POINT('Axis2P3D Location',(-2.59346729754,6.03938831395,1.45)) ;
#1970=CARTESIAN_POINT('Control Point',(-2.65690801688,6.46190606046,9.01046984901)) ;
#1971=CARTESIAN_POINT('Control Point',(-2.5913673637,6.48881570415,9.00945381208)) ;
#1972=CARTESIAN_POINT('Control Point',(-2.53377712652,6.53506167453,9.00770768662)) ;
#1973=CARTESIAN_POINT('Control Point',(-2.49184085953,6.59758560652,9.00534694842)) ;
#1974=CARTESIAN_POINT('Control Point',(-2.47092111588,6.66839232237,9.00267347421)) ;
#1975=CARTESIAN_POINT('Control Point',(-2.47092111588,6.73919903821,9.)) ;
#1976=CARTESIAN_POINT('Control Point',(-2.65608122807,6.40511345289,7.49731947026)) ;
#1977=CARTESIAN_POINT('Control Point',(-2.59078616762,6.43215029781,7.49629738494)) ;
#1978=CARTESIAN_POINT('Control Point',(-2.53345905973,6.47840219376,7.49454889509)) ;
#1979=CARTESIAN_POINT('Control Point',(-2.49173529935,6.54081058756,7.49218962516)) ;
#1980=CARTESIAN_POINT('Control Point',(-2.47092111589,6.61143853589,7.4895196232)) ;
#1981=CARTESIAN_POINT('Control Point',(-2.47092111588,6.6820664842,7.48684962124)) ;
#1982=CARTESIAN_POINT('Control Point',(-2.65523945261,6.34824322334,5.98417347668)) ;
#1983=CARTESIAN_POINT('Control Point',(-2.59019503363,6.37540823918,5.98314525205)) ;
#1984=CARTESIAN_POINT('Control Point',(-2.53313575947,6.42166503835,5.98139436768)) ;
#1985=CARTESIAN_POINT('Control Point',(-2.49162799714,6.48395521194,5.97903658866)) ;
#1986=CARTESIAN_POINT('Control Point',(-2.47092111591,6.55440087786,5.97637010817)) ;
#1987=CARTESIAN_POINT('Control Point',(-2.47092111588,6.62484654377,5.97370362767)) ;
#1988=CARTESIAN_POINT('Control Point',(-2.65438214719,6.29129217671,4.4710320862)) ;
#1989=CARTESIAN_POINT('Control Point',(-2.58959362062,6.31858631416,4.46999762855)) ;
#1990=CARTESIAN_POINT('Control Point',(-2.53280705236,6.36484691347,4.46824431879)) ;
#1991=CARTESIAN_POINT('Control Point',(-2.491518895,6.42701606257,4.46588805402)) ;
#1992=CARTESIAN_POINT('Control Point',(-2.4709211159,6.49727578889,4.46322514561)) ;
#1993=CARTESIAN_POINT('Control Point',(-2.47092111588,6.5675355152,4.46056223719)) ;
#1994=CARTESIAN_POINT('Control Point',(-2.65350872955,6.23425685736,2.95789588924)) ;
#1995=CARTESIAN_POINT('Control Point',(-2.5889815643,6.26168104228,2.95685510196)) ;
#1996=CARTESIAN_POINT('Control Point',(-2.53247275365,6.30794424862,2.95509933514)) ;
#1997=CARTESIAN_POINT('Control Point',(-2.4914079313,6.36998943566,2.9527446087)) ;
#1998=CARTESIAN_POINT('Control Point',(-2.47092111588,6.44005941105,2.95008532446)) ;
#1999=CARTESIAN_POINT('Control Point',(-2.47092111588,6.51012938643,2.94742604023)) ;
#2000=CARTESIAN_POINT('Control Point',(-2.65261857031,6.17713344996,1.44476507549)) ;
#2001=CARTESIAN_POINT('Control Point',(-2.58835847254,6.20468857519,1.44371785883)) ;
#2002=CARTESIAN_POINT('Control Point',(-2.532132665,6.25095309328,1.44195960249)) ;
#2003=CARTESIAN_POINT('Control Point',(-2.49129503986,6.31287123349,1.43960643926)) ;
#2004=CARTESIAN_POINT('Control Point',(-2.47092111588,6.38274747773,1.43695083287)) ;
#2005=CARTESIAN_POINT('Control Point',(-2.47092111588,6.45262372197,1.43429522648)) ;
#2007=CARTESIAN_POINT('Control Point',(-2.49056656396,6.34628944556,1.44797249104)) ;
#2008=CARTESIAN_POINT('Control Point',(-2.51907856696,6.27132002781,1.44655099744)) ;
#2009=CARTESIAN_POINT('Control Point',(-2.57891443972,6.20880670679,1.44536564494)) ;
#2010=CARTESIAN_POINT('Control Point',(-2.65261857031,6.17713344996,1.4447650755)) ;
#2011=CARTESIAN_POINT('Vertex',(-2.49056656396,6.34628944556,1.44797249104)) ;
#2015=CARTESIAN_POINT('Control Point',(-2.47092111588,6.45320470939,1.4495826967)) ;
#2016=CARTESIAN_POINT('Control Point',(-2.47092111588,6.41677191078,1.44889189756)) ;
#2017=CARTESIAN_POINT('Control Point',(-2.47761029558,6.38034838458,1.44820126741)) ;
#2018=CARTESIAN_POINT('Control Point',(-2.49055866845,6.34629434866,1.44755557049)) ;
#2029=CARTESIAN_POINT('Control Point',(-2.47092112022,6.45320470933,1.4495826967)) ;
#2030=CARTESIAN_POINT('Control Point',(-2.47092112118,6.45320476071,1.40245880432)) ;
#2031=CARTESIAN_POINT('Control Point',(-2.45241561366,6.45320482218,1.35533491155)) ;
#2032=CARTESIAN_POINT('Control Point',(-2.41516890181,6.45320488309,1.31808819687)) ;
#2033=CARTESIAN_POINT('Control Point',(-2.36804501205,6.45320492896,1.29958268737)) ;
#2034=CARTESIAN_POINT('Control Point',(-2.32092112229,6.45320495464,1.29958268738)) ;
#2035=CARTESIAN_POINT('Control Point',(-2.47092111954,6.4313432515,1.44916818354)) ;
#2036=CARTESIAN_POINT('Control Point',(-2.47079089375,6.43134329771,1.40212719387)) ;
#2037=CARTESIAN_POINT('Control Point',(-2.45222026955,6.42999774678,1.35513734213)) ;
#2038=CARTESIAN_POINT('Control Point',(-2.4150030832,6.42728944089,1.31802308551)) ;
#2039=CARTESIAN_POINT('Control Point',(-2.36796209248,6.42386291578,1.29958268739)) ;
#2040=CARTESIAN_POINT('Control Point',(-2.32092110326,6.42043637261,1.29958268738)) ;
#2041=CARTESIAN_POINT('Control Point',(-2.47290672575,6.40948179276,1.44875366396)) ;
#2042=CARTESIAN_POINT('Control Point',(-2.47264684599,6.40945813264,1.40179602851)) ;
#2043=CARTESIAN_POINT('Control Point',(-2.45413401756,6.40675509874,1.35494021984)) ;
#2044=CARTESIAN_POINT('Control Point',(-2.41719278143,6.40134375961,1.31795811645)) ;
#2045=CARTESIAN_POINT('Control Point',(-2.37054613905,6.39450570798,1.29958268742)) ;
#2046=CARTESIAN_POINT('Control Point',(-2.32389949924,6.38766765172,1.29958268738)) ;
#2047=CARTESIAN_POINT('Control Point',(-2.47687821167,6.38786007507,1.44834369082)) ;
#2048=CARTESIAN_POINT('Control Point',(-2.47649500695,6.38778923664,1.40146894764)) ;
#2049=CARTESIAN_POINT('Control Point',(-2.45816579665,6.38373178482,1.35474571172)) ;
#2050=CARTESIAN_POINT('Control Point',(-2.42174567828,6.37565247702,1.31789400281)) ;
#2051=CARTESIAN_POINT('Control Point',(-2.37580123945,6.36545540333,1.29958268733)) ;
#2052=CARTESIAN_POINT('Control Point',(-2.32985679756,6.35525833394,1.29958268738)) ;
#2053=CARTESIAN_POINT('Control Point',(-2.48279154494,6.36671988746,1.4479428584)) ;
#2054=CARTESIAN_POINT('Control Point',(-2.48229688214,6.36658082261,1.4011495823)) ;
#2055=CARTESIAN_POINT('Control Point',(-2.46427708537,6.36118822792,1.35455596162)) ;
#2056=CARTESIAN_POINT('Control Point',(-2.42861646844,6.35050547295,1.31783145389)) ;
#2057=CARTESIAN_POINT('Control Point',(-2.38367159639,6.33703828974,1.29958268742)) ;
#2058=CARTESIAN_POINT('Control Point',(-2.338726727,6.32357109527,1.29958268738)) ;
#2059=CARTESIAN_POINT('Control Point',(-2.49056178273,6.34628601648,1.44755541385)) ;
#2060=CARTESIAN_POINT('Control Point',(-2.48997163912,6.34606150031,1.40084125749)) ;
#2061=CARTESIAN_POINT('Control Point',(-2.47238384363,6.33936873175,1.35437292125)) ;
#2062=CARTESIAN_POINT('Control Point',(-2.43770966606,6.32617393408,1.31777111255)) ;
#2063=CARTESIAN_POINT('Control Point',(-2.39404584307,6.30955821288,1.29958268749)) ;
#2064=CARTESIAN_POINT('Control Point',(-2.35038202728,6.29294247265,1.29958268738)) ;
#2066=CARTESIAN_POINT('Control Point',(-2.32092112229,6.45320495464,1.29958268738)) ;
#2067=CARTESIAN_POINT('Control Point',(-2.32092111182,6.43517833997,1.29958268738)) ;
#2068=CARTESIAN_POINT('Control Point',(-2.32182246132,6.41715168328,1.29958268738)) ;
#2069=CARTESIAN_POINT('Control Point',(-2.32362517976,6.39918491685,1.29958268738)) ;
#2070=CARTESIAN_POINT('Control Point',(-2.32852990173,6.36674302541,1.29958268738)) ;
#2071=CARTESIAN_POINT('Control Point',(-2.33635431136,6.33489229462,1.29958268738)) ;
#2072=CARTESIAN_POINT('Control Point',(-2.34045876719,6.32071520911,1.29958268738)) ;
#2073=CARTESIAN_POINT('Control Point',(-2.34513852738,6.30672171262,1.29958268738)) ;
#2074=CARTESIAN_POINT('Control Point',(-2.35038202728,6.29294247265,1.29958268738)) ;
#2075=CARTESIAN_POINT('Vertex',(-2.35038910916,6.29293968634,1.3)) ;
#2079=CARTESIAN_POINT('Control Point',(-2.49056178273,6.34628601648,1.44755541385)) ;
#2080=CARTESIAN_POINT('Control Point',(-2.48982410322,6.34600537127,1.3891627184)) ;
#2081=CARTESIAN_POINT('Control Point',(-2.46022074246,6.33474023842,1.33046073619)) ;
#2082=CARTESIAN_POINT('Control Point',(-2.40496179702,6.31371214793,1.29958268751)) ;
#2083=CARTESIAN_POINT('Control Point',(-2.35038202728,6.29294247265,1.29958268738)) ;
#2093=CARTESIAN_POINT('Control Point',(-2.49056651106,6.34628941798,1.44797249209)) ;
#2094=CARTESIAN_POINT('Control Point',(-2.48997630732,6.34606485563,1.40125838352)) ;
#2095=CARTESIAN_POINT('Control Point',(-2.47238877217,6.33937130136,1.35479012309)) ;
#2096=CARTESIAN_POINT('Control Point',(-2.43771519221,6.32617497898,1.31818838867)) ;
#2097=CARTESIAN_POINT('Control Point',(-2.39405214666,6.30955734329,1.30000000012)) ;
#2098=CARTESIAN_POINT('Control Point',(-2.35038910916,6.29293968634,1.3)) ;
#2099=CARTESIAN_POINT('Control Point',(-2.5076736613,6.30130773029,1.44711959734)) ;
#2100=CARTESIAN_POINT('Control Point',(-2.5068732891,6.30089502953,1.40057965825)) ;
#2101=CARTESIAN_POINT('Control Point',(-2.49023688289,6.29133934095,1.35438719066)) ;
#2102=CARTESIAN_POINT('Control Point',(-2.45773506633,6.27261317707,1.31805555739)) ;
#2103=CARTESIAN_POINT('Control Point',(-2.41689238643,6.2490645756,1.30000000025)) ;
#2104=CARTESIAN_POINT('Control Point',(-2.3760497235,6.22551593973,1.3)) ;
#2105=CARTESIAN_POINT('Control Point',(-2.53377944917,6.25974890282,1.44633157801)) ;
#2106=CARTESIAN_POINT('Control Point',(-2.53284635109,6.25906457973,1.39995443377)) ;
#2107=CARTESIAN_POINT('Control Point',(-2.5177551549,6.24681620199,1.35401677258)) ;
#2108=CARTESIAN_POINT('Control Point',(-2.4885248644,6.22300312752,1.31793342367)) ;
#2109=CARTESIAN_POINT('Control Point',(-2.45186663187,6.19311268523,1.3000000002)) ;
#2110=CARTESIAN_POINT('Control Point',(-2.41520841529,6.16322223968,1.3)) ;
#2111=CARTESIAN_POINT('Control Point',(-2.56798908331,6.22401664124,1.44565406678)) ;
#2112=CARTESIAN_POINT('Control Point',(-2.5670459273,6.22301884919,1.39941843332)) ;
#2113=CARTESIAN_POINT('Control Point',(-2.55406070915,6.20841643773,1.35369983417)) ;
#2114=CARTESIAN_POINT('Control Point',(-2.52907985261,6.1802482206,1.31782890501)) ;
#2115=CARTESIAN_POINT('Control Point',(-2.49780076889,6.14495562006,1.30000000063)) ;
#2116=CARTESIAN_POINT('Control Point',(-2.46652178589,6.10966297611,1.3)) ;
#2117=CARTESIAN_POINT('Control Point',(-2.60839609196,6.19613740406,1.44512541716)) ;
#2118=CARTESIAN_POINT('Control Point',(-2.60756713404,6.19486105273,1.39900085991)) ;
#2119=CARTESIAN_POINT('Control Point',(-2.59713160422,6.17840541592,1.35345318204)) ;
#2120=CARTESIAN_POINT('Control Point',(-2.57714197051,6.14684671048,1.31774755785)) ;
#2121=CARTESIAN_POINT('Control Point',(-2.55213777526,6.10736020685,1.3)) ;
#2122=CARTESIAN_POINT('Control Point',(-2.52713357999,6.06787370323,1.3)) ;
#2123=CARTESIAN_POINT('Control Point',(-2.65261857031,6.17713344996,1.4447650755)) ;
#2124=CARTESIAN_POINT('Control Point',(-2.6519840611,6.17565587299,1.39871645192)) ;
#2125=CARTESIAN_POINT('Control Point',(-2.64437278555,6.15793155133,1.35328527651)) ;
#2126=CARTESIAN_POINT('Control Point',(-2.62982938156,6.12406443291,1.31769217974)) ;
#2127=CARTESIAN_POINT('Control Point',(-2.61164833954,6.08172637343,1.3)) ;
#2128=CARTESIAN_POINT('Control Point',(-2.59346729752,6.03938831395,1.3)) ;
#2130=CARTESIAN_POINT('Control Point',(-2.35038910916,6.29293968634,1.3)) ;
#2131=CARTESIAN_POINT('Control Point',(-2.36027855271,6.26695498747,1.3)) ;
#2132=CARTESIAN_POINT('Control Point',(-2.37217284463,6.2417322464,1.3)) ;
#2133=CARTESIAN_POINT('Control Point',(-2.38599445947,6.21747707832,1.3)) ;
#2134=CARTESIAN_POINT('Control Point',(-2.42657667755,6.15755400772,1.3)) ;
#2135=CARTESIAN_POINT('Control Point',(-2.47847573659,6.10662558178,1.3)) ;
#2136=CARTESIAN_POINT('Control Point',(-2.51409048245,6.07942832167,1.3)) ;
#2137=CARTESIAN_POINT('Control Point',(-2.55269818833,6.05689560872,1.3)) ;
#2138=CARTESIAN_POINT('Control Point',(-2.59346729752,6.03938831395,1.3)) ;
#2147=CARTESIAN_POINT('Axis2P3D Location',(0.,10.032251358,9.95)) ;
#2152=CARTESIAN_POINT('Axis2P3D Location',(0.,10.032251358,9.43339054412)) ;
#2156=CARTESIAN_POINT('Vertex',(1.33307798564,7.28608564995,9.43339054412)) ;
#2160=CARTESIAN_POINT('Control Point',(0.868571936896,7.35813155938,9.85078539457)) ;
#2161=CARTESIAN_POINT('Control Point',(1.03511132366,7.33782585122,9.72822578366)) ;
#2162=CARTESIAN_POINT('Control Point',(1.18875359684,7.3132983342,9.58495716975)) ;
#2163=CARTESIAN_POINT('Control Point',(1.33307798564,7.28608564995,9.43339054412)) ;
#2176=CARTESIAN_POINT('Axis2P3D Location',(0.,0.,10.)) ;
#2181=CARTESIAN_POINT('Line Origine',(-7.84543052176,7.92893022033E-015,5.2)) ;
#2185=CARTESIAN_POINT('Vertex',(-7.6421214677,7.72345732775E-015,0.543457091895)) ;
#2188=CARTESIAN_POINT('Axis2P3D Location',(0.,0.,0.543457091895)) ;
#2192=CARTESIAN_POINT('Vertex',(9.12729226687E-015,7.6421214677,0.543457091895)) ;
#2195=CARTESIAN_POINT('Line Origine',(9.37011242679E-015,7.84543052176,5.2)) ;
#2207=CARTESIAN_POINT('Axis2P3D Location',(0.,0.,10.)) ;
#2212=CARTESIAN_POINT('Axis2P3D Location',(0.,0.,0.543457091895)) ;
#2225=CARTESIAN_POINT('Control Point',(2.36890796951,7.0156114773,9.)) ;
#2226=CARTESIAN_POINT('Control Point',(2.36891166886,7.015019929,8.89318705539)) ;
#2227=CARTESIAN_POINT('Control Point',(2.36891536935,7.01442836973,8.78637411086)) ;
#2228=CARTESIAN_POINT('Vertex',(2.3688539262,7.01444906025,8.78637298724)) ;
#2230=CARTESIAN_POINT('Vertex',(2.36890796951,7.0156114773,9.)) ;
#2233=CARTESIAN_POINT('Axis2P3D Location',(0.,0.,9.)) ;
#2237=CARTESIAN_POINT('Vertex',(4.16656629283,6.12129518124,9.)) ;
#2241=CARTESIAN_POINT('Control Point',(4.16750172676,6.12604694773,9.85078539457)) ;
#2242=CARTESIAN_POINT('Control Point',(4.1672555798,6.12567557679,9.76570073394)) ;
#2243=CARTESIAN_POINT('Control Point',(4.16700943282,6.12530420586,9.68061607331)) ;
#2244=CARTESIAN_POINT('Control Point',(4.16676328583,6.12493283492,9.59553141268)) ;
#2245=CARTESIAN_POINT('Control Point',(4.16639406533,6.12437577853,9.46790442173)) ;
#2246=CARTESIAN_POINT('Control Point',(4.16602484479,6.12381872214,9.34027743078)) ;
#2247=CARTESIAN_POINT('Control Point',(4.16590177128,6.12363303667,9.29773510047)) ;
#2248=CARTESIAN_POINT('Control Point',(4.165717161,6.12335450848,9.23392160499)) ;
#2249=CARTESIAN_POINT('Control Point',(4.16553255072,6.12307598029,9.17010810952)) ;
#2250=CARTESIAN_POINT('Control Point',(4.16547101396,6.12298313756,9.14883694436)) ;
#2251=CARTESIAN_POINT('Control Point',(4.16534794044,6.1227974521,9.10629461404)) ;
#2252=CARTESIAN_POINT('Control Point',(4.16522486691,6.12261176664,9.06375228373)) ;
#2253=CARTESIAN_POINT('Control Point',(4.16436263133,6.12306360316,9.04244885133)) ;
#2254=CARTESIAN_POINT('Control Point',(4.16546457812,6.12217951573,9.02122442567)) ;
#2255=CARTESIAN_POINT('Control Point',(4.16656629283,6.12129518124,9.)) ;
#2258=CARTESIAN_POINT('Control Point',(1.33307798564,7.28608564995,9.43339054412)) ;
#2259=CARTESIAN_POINT('Control Point',(1.35603027432,7.28175791926,9.40928168286)) ;
#2260=CARTESIAN_POINT('Control Point',(1.37486177103,7.2780698636,9.3812869201)) ;
#2261=CARTESIAN_POINT('Control Point',(1.38782012157,7.27539813445,9.34832120273)) ;
#2262=CARTESIAN_POINT('Control Point',(1.39291871638,7.27407505653,9.27973091429)) ;
#2263=CARTESIAN_POINT('Control Point',(1.36374864392,7.27927990711,9.21729733848)) ;
#2264=CARTESIAN_POINT('Control Point',(1.34200767122,7.28321307671,9.19024964304)) ;
#2265=CARTESIAN_POINT('Control Point',(1.2672937971,7.29646197856,9.1223479308)) ;
#2266=CARTESIAN_POINT('Control Point',(1.1705607261,7.31258261588,9.08593003733)) ;
#2267=CARTESIAN_POINT('Control Point',(1.10571206047,7.32257558713,9.07121190156)) ;
#2268=CARTESIAN_POINT('Control Point',(1.03977868985,7.33203228436,9.0629834446)) ;
#2269=CARTESIAN_POINT('Control Point',(0.973843028514,7.34076244065,9.05976007028)) ;
#2270=CARTESIAN_POINT('Vertex',(0.973843028514,7.34076244065,9.05976007028)) ;
#2274=CARTESIAN_POINT('Control Point',(0.973843028514,7.34076244065,9.05976007028)) ;
#2275=CARTESIAN_POINT('Control Point',(0.701166118649,7.37686605791,9.04644082953)) ;
#2276=CARTESIAN_POINT('Control Point',(0.431479350793,7.39722886787,9.03816141668)) ;
#2277=CARTESIAN_POINT('Control Point',(0.163811918626,7.40313923201,9.03579203777)) ;
#2278=CARTESIAN_POINT('Vertex',(0.163811404305,7.40313939318,9.03579203777)) ;
#2282=CARTESIAN_POINT('Control Point',(0.162107283838,7.40187048047,8.78637411086)) ;
#2283=CARTESIAN_POINT('Control Point',(0.162684094913,7.40229327261,8.8695134248)) ;
#2284=CARTESIAN_POINT('Control Point',(0.163256217678,7.40271610236,8.95265276895)) ;
#2285=CARTESIAN_POINT('Control Point',(0.163823799884,7.40313896965,9.03579214295)) ;
#2286=CARTESIAN_POINT('Vertex',(0.162107289851,7.40187046373,8.78637411086)) ;
#2289=CARTESIAN_POINT('Axis2P3D Location',(0.,0.,8.78637411086)) ;
#2307=CARTESIAN_POINT('Control Point',(2.3689062379,7.01588838097,9.04999923321)) ;
#2308=CARTESIAN_POINT('Control Point',(2.40429840964,7.0039386219,9.05006527299)) ;
#2309=CARTESIAN_POINT('Control Point',(2.43597064962,6.98097169992,9.05019219861)) ;
#2310=CARTESIAN_POINT('Control Point',(2.45929272485,6.94848204635,9.05037175116)) ;
#2311=CARTESIAN_POINT('Control Point',(2.47092111588,6.91112747091,9.05057818947)) ;
#2312=CARTESIAN_POINT('Control Point',(2.47092111588,6.87377289547,9.05078462778)) ;
#2313=CARTESIAN_POINT('Control Point',(2.36891166858,7.0150199242,8.89318561499)) ;
#2314=CARTESIAN_POINT('Control Point',(2.40430229754,7.00306917945,8.89325166107)) ;
#2315=CARTESIAN_POINT('Control Point',(2.43597280207,6.98010209014,8.89337858925)) ;
#2316=CARTESIAN_POINT('Control Point',(2.45929343857,6.94761313049,8.89355814028)) ;
#2317=CARTESIAN_POINT('Control Point',(2.47092111588,6.91025970142,8.89376457492)) ;
#2318=CARTESIAN_POINT('Control Point',(2.47092111588,6.87290627236,8.89397100956)) ;
#2319=CARTESIAN_POINT('Control Point',(2.36891710172,7.01415144376,8.73637199695)) ;
#2320=CARTESIAN_POINT('Control Point',(2.40430618712,7.00219971306,8.73643804934)) ;
#2321=CARTESIAN_POINT('Control Point',(2.43597495541,6.9792324565,8.73656498008)) ;
#2322=CARTESIAN_POINT('Control Point',(2.45929415258,6.94674419116,8.73674452959)) ;
#2323=CARTESIAN_POINT('Control Point',(2.47092111588,6.90939190902,8.73695096056)) ;
#2324=CARTESIAN_POINT('Control Point',(2.47092111588,6.87203962687,8.73715739153)) ;
#2326=CARTESIAN_POINT('Control Point',(2.47092111588,6.87349223602,9.)) ;
#2327=CARTESIAN_POINT('Control Point',(2.47092111588,6.87326072604,8.95810893542)) ;
#2328=CARTESIAN_POINT('Control Point',(2.47092111588,6.87302921507,8.91621787084)) ;
#2329=CARTESIAN_POINT('Control Point',(2.47092111588,6.8727977031,8.87432680628)) ;
#2330=CARTESIAN_POINT('Control Point',(2.47092111588,6.87256619014,8.83243574172)) ;
#2331=CARTESIAN_POINT('Control Point',(2.47092111588,6.87233467617,8.79054467717)) ;
#2332=CARTESIAN_POINT('Vertex',(2.47092111588,6.87233467617,8.79054467717)) ;
#2334=CARTESIAN_POINT('Vertex',(2.47092111588,6.87349223602,9.)) ;
#2338=CARTESIAN_POINT('Control Point',(2.47092111588,6.87349223602,9.)) ;
#2339=CARTESIAN_POINT('Control Point',(2.47092111588,6.92003452173,9.)) ;
#2340=CARTESIAN_POINT('Control Point',(2.451442965,6.96730345848,8.99999996302)) ;
#2341=CARTESIAN_POINT('Control Point',(2.41300475776,7.00072165145,9.)) ;
#2342=CARTESIAN_POINT('Control Point',(2.36890796951,7.0156114773,9.)) ;
#2345=CARTESIAN_POINT('Control Point',(2.47092111588,6.87233467617,8.79054467717)) ;
#2346=CARTESIAN_POINT('Control Point',(2.47092111588,6.93571308654,8.78868460355)) ;
#2347=CARTESIAN_POINT('Control Point',(2.42901442523,6.99413162617,8.78636181448)) ;
#2348=CARTESIAN_POINT('Control Point',(2.36891536935,7.01442836973,8.78637411086)) ;
#2357=CARTESIAN_POINT('Axis2P3D Location',(4.25187184926,6.25006737179,9.85)) ;
#2362=CARTESIAN_POINT('Axis2P3D Location',(4.25187184926,6.25006737179,9.85)) ;
#2373=CARTESIAN_POINT('Axis2P3D Location',(0.237413962224,0.0251979759576,9.)) ;
#2379=CARTESIAN_POINT('Control Point',(7.18782006338,2.08125259194,8.14214948941)) ;
#2380=CARTESIAN_POINT('Control Point',(7.18840156591,2.07821806321,8.08424723187)) ;
#2381=CARTESIAN_POINT('Control Point',(7.19829038102,2.04413898275,8.02757758551)) ;
#2382=CARTESIAN_POINT('Control Point',(7.21437181126,1.98737419177,8.)) ;
#2383=CARTESIAN_POINT('Control Point',(7.2296177865,1.93145142535,8.)) ;
#2384=CARTESIAN_POINT('Vertex',(7.18782006338,2.08125259194,8.14214948941)) ;
#2386=CARTESIAN_POINT('Vertex',(7.2296177865,1.93145142535,8.)) ;
#2389=CARTESIAN_POINT('Axis2P3D Location',(0.237413962224,0.0251979759576,8.)) ;
#2393=CARTESIAN_POINT('Vertex',(7.484763996,-1.81916770463E-005,8.)) ;
#2396=CARTESIAN_POINT('Line Origine',(7.492618002,-9.09583851777E-006,9.5)) ;
#2402=CARTESIAN_POINT('Control Point',(4.17057662555,6.1240099652,9.85078539457)) ;
#2403=CARTESIAN_POINT('Control Point',(4.17033066168,6.123638473,9.76570073394)) ;
#2404=CARTESIAN_POINT('Control Point',(4.17008469783,6.12326698078,9.68061607331)) ;
#2405=CARTESIAN_POINT('Control Point',(4.16983873399,6.12289548856,9.59553141268)) ;
#2406=CARTESIAN_POINT('Control Point',(4.16946978826,6.12233825019,9.46790442173)) ;
#2407=CARTESIAN_POINT('Control Point',(4.16910084255,6.12178101178,9.34027743078)) ;
#2408=CARTESIAN_POINT('Control Point',(4.16897786066,6.12159526565,9.29773510047)) ;
#2409=CARTESIAN_POINT('Control Point',(4.16879338782,6.12131664643,9.23392160499)) ;
#2410=CARTESIAN_POINT('Control Point',(4.16860891498,6.12103802721,9.17010810952)) ;
#2411=CARTESIAN_POINT('Control Point',(4.16854742404,6.12094515414,9.14883694436)) ;
#2412=CARTESIAN_POINT('Control Point',(4.16842444216,6.12075940799,9.10629461404)) ;
#2413=CARTESIAN_POINT('Control Point',(4.16830146028,6.12057366183,9.06375228373)) ;
#2414=CARTESIAN_POINT('Control Point',(4.1690536339,6.11995602649,9.04244902173)) ;
#2415=CARTESIAN_POINT('Control Point',(4.16781003325,6.12062576209,9.02122451087)) ;
#2416=CARTESIAN_POINT('Control Point',(4.16656629283,6.12129518124,9.)) ;
#2418=CARTESIAN_POINT('Axis2P3D Location',(0.237413962224,0.0251979759576,9.)) ;
#2422=CARTESIAN_POINT('Vertex',(4.34234474513,6.00434360396,9.)) ;
#2425=CARTESIAN_POINT('Axis2P3D Location',(0.237413962224,0.0251979759576,9.)) ;
#2429=CARTESIAN_POINT('Vertex',(7.13437106407,2.26854857465,9.)) ;
#2433=CARTESIAN_POINT('Control Point',(7.13437106407,2.26854857465,9.)) ;
#2434=CARTESIAN_POINT('Control Point',(7.15238318968,2.21317209551,9.)) ;
#2435=CARTESIAN_POINT('Control Point',(7.16995996824,2.15629701188,8.97303266231)) ;
#2436=CARTESIAN_POINT('Control Point',(7.17992744877,2.12180847274,8.91599958446)) ;
#2437=CARTESIAN_POINT('Control Point',(7.18052834456,2.11876099667,8.85785027712)) ;
#2438=CARTESIAN_POINT('Vertex',(7.18052834456,2.11876099667,8.85785027712)) ;
#2442=CARTESIAN_POINT('Control Point',(7.18052834456,2.11876099667,8.85785027712)) ;
#2443=CARTESIAN_POINT('Control Point',(7.18299073542,2.10626778432,8.61928308551)) ;
#2444=CARTESIAN_POINT('Control Point',(7.18542137466,2.09376482075,8.38071615911)) ;
#2445=CARTESIAN_POINT('Control Point',(7.18782006338,2.08125259194,8.14214948941)) ;
#2459=CARTESIAN_POINT('Axis2P3D Location',(0.237413962224,-0.0251979759576,9.)) ;
#2465=CARTESIAN_POINT('Control Point',(7.18782006337,-2.08125259195,8.14214948941)) ;
#2466=CARTESIAN_POINT('Control Point',(7.18840156591,-2.07821806322,8.08424723187)) ;
#2467=CARTESIAN_POINT('Control Point',(7.19829038102,-2.04413898274,8.02757758551)) ;
#2468=CARTESIAN_POINT('Control Point',(7.21437181126,-1.98737419177,8.)) ;
#2469=CARTESIAN_POINT('Control Point',(7.2296177865,-1.93145142535,8.)) ;
#2470=CARTESIAN_POINT('Vertex',(7.2296177865,-1.93145142535,8.)) ;
#2472=CARTESIAN_POINT('Vertex',(7.18782006337,-2.08125259195,8.14214948941)) ;
#2476=CARTESIAN_POINT('Control Point',(7.18782006337,-2.08125259195,8.14214948941)) ;
#2477=CARTESIAN_POINT('Control Point',(7.18542137466,-2.09376482077,8.38071615911)) ;
#2478=CARTESIAN_POINT('Control Point',(7.18299073541,-2.10626778435,8.61928308551)) ;
#2479=CARTESIAN_POINT('Control Point',(7.18052834455,-2.11876099671,8.85785027712)) ;
#2480=CARTESIAN_POINT('Vertex',(7.18052834455,-2.11876099671,8.85785027712)) ;
#2484=CARTESIAN_POINT('Control Point',(7.13437106407,-2.26854857465,9.)) ;
#2485=CARTESIAN_POINT('Control Point',(7.15238318968,-2.21317209551,9.)) ;
#2486=CARTESIAN_POINT('Control Point',(7.16995996826,-2.15629701183,8.97303266231)) ;
#2487=CARTESIAN_POINT('Control Point',(7.17992744876,-2.12180847277,8.91599958446)) ;
#2488=CARTESIAN_POINT('Control Point',(7.18052834455,-2.11876099671,8.85785027712)) ;
#2489=CARTESIAN_POINT('Vertex',(7.13437106407,-2.26854857465,9.)) ;
#2492=CARTESIAN_POINT('Axis2P3D Location',(0.237413962224,-0.0251979759576,9.)) ;
#2496=CARTESIAN_POINT('Vertex',(4.34234474513,-6.00434360396,9.)) ;
#2499=CARTESIAN_POINT('Axis2P3D Location',(0.237413962224,-0.0251979759576,9.)) ;
#2503=CARTESIAN_POINT('Vertex',(4.16656629281,-6.12129518125,9.)) ;
#2507=CARTESIAN_POINT('Control Point',(4.16656629281,-6.12129518125,9.)) ;
#2508=CARTESIAN_POINT('Control Point',(4.16824596095,-6.12039113247,9.02866364521)) ;
#2509=CARTESIAN_POINT('Control Point',(4.16992537414,-6.11948650654,9.05732729043)) ;
#2510=CARTESIAN_POINT('Control Point',(4.16836611751,-6.12067131713,9.08611874339)) ;
#2511=CARTESIAN_POINT('Control Point',(4.16853220421,-6.12092216681,9.14357204682)) ;
#2512=CARTESIAN_POINT('Control Point',(4.16869829092,-6.12117301649,9.20102535025)) ;
#2513=CARTESIAN_POINT('Control Point',(4.16878133428,-6.12129844133,9.22975200196)) ;
#2514=CARTESIAN_POINT('Control Point',(4.16903046435,-6.12167471583,9.3159319571)) ;
#2515=CARTESIAN_POINT('Control Point',(4.16927959444,-6.12205099032,9.40211191224)) ;
#2516=CARTESIAN_POINT('Control Point',(4.16944568118,-6.12230183997,9.45956521567)) ;
#2517=CARTESIAN_POINT('Control Point',(4.16977152208,-6.12279397483,9.57228123351)) ;
#2518=CARTESIAN_POINT('Control Point',(4.170097363,-6.12328610965,9.68499725134)) ;
#2519=CARTESIAN_POINT('Control Point',(4.17025711718,-6.12352739484,9.74025996575)) ;
#2520=CARTESIAN_POINT('Control Point',(4.17041687136,-6.12376868002,9.79552268016)) ;
#2521=CARTESIAN_POINT('Control Point',(4.17057662555,-6.1240099652,9.85078539457)) ;
#2523=CARTESIAN_POINT('Axis2P3D Location',(0.237413962224,-0.0251979759576,8.)) ;
#2540=CARTESIAN_POINT('Axis2P3D Location',(4.25187184926,-6.25006737179,9.85)) ;
#2545=CARTESIAN_POINT('Axis2P3D Location',(4.25187184926,-6.25006737179,9.85)) ;
#2556=CARTESIAN_POINT('Axis2P3D Location',(0.,0.,10.)) ;
#2562=CARTESIAN_POINT('Control Point',(2.36890796951,-7.0156114773,9.)) ;
#2563=CARTESIAN_POINT('Control Point',(2.36891166886,-7.015019929,8.89318705539)) ;
#2564=CARTESIAN_POINT('Control Point',(2.36891536935,-7.01442836973,8.78637411086)) ;
#2565=CARTESIAN_POINT('Vertex',(2.36885392557,-7.01444906046,8.78637298723)) ;
#2567=CARTESIAN_POINT('Vertex',(2.36890796951,-7.0156114773,9.)) ;
#2570=CARTESIAN_POINT('Axis2P3D Location',(0.,0.,8.78637411086)) ;
#2574=CARTESIAN_POINT('Vertex',(0.162107289851,-7.40187046373,8.78637411086)) ;
#2578=CARTESIAN_POINT('Control Point',(0.162107283838,-7.40187048047,8.78637411086)) ;
#2579=CARTESIAN_POINT('Control Point',(0.162684094939,-7.40229327263,8.86951342862)) ;
#2580=CARTESIAN_POINT('Control Point',(0.163256217731,-7.4027161024,8.95265277659)) ;
#2581=CARTESIAN_POINT('Control Point',(0.163823799962,-7.40313896971,9.03579215441)) ;
#2582=CARTESIAN_POINT('Vertex',(0.163811953437,-7.40313921694,9.03579205985)) ;
#2586=CARTESIAN_POINT('Control Point',(0.163813118379,-7.40313920558,9.03579205985)) ;
#2587=CARTESIAN_POINT('Control Point',(0.431455020456,-7.39722936237,9.03816132775)) ;
#2588=CARTESIAN_POINT('Control Point',(0.701227928812,-7.37685787397,9.04644384873)) ;
#2589=CARTESIAN_POINT('Control Point',(0.973843028517,-7.34076244065,9.05976007028)) ;
#2590=CARTESIAN_POINT('Vertex',(0.973843028518,-7.34076244065,9.05976007028)) ;
#2594=CARTESIAN_POINT('Control Point',(0.973843028518,-7.34076244065,9.05976007028)) ;
#2595=CARTESIAN_POINT('Control Point',(1.04516859918,-7.33131863791,9.06324693928)) ;
#2596=CARTESIAN_POINT('Control Point',(1.11649148932,-7.32102465716,9.07259061684)) ;
#2597=CARTESIAN_POINT('Control Point',(1.18619797159,-7.31017412078,9.08946146956)) ;
#2598=CARTESIAN_POINT('Control Point',(1.28978452893,-7.29256674689,9.13256615319)) ;
#2599=CARTESIAN_POINT('Control Point',(1.36109657177,-7.27978461491,9.21382643695)) ;
#2600=CARTESIAN_POINT('Control Point',(1.37969709848,-7.27640405402,9.24556089442)) ;
#2601=CARTESIAN_POINT('Control Point',(1.39453089054,-7.27390589625,9.30726945645)) ;
#2602=CARTESIAN_POINT('Control Point',(1.37928597184,-7.27713434395,9.36784084372)) ;
#2603=CARTESIAN_POINT('Control Point',(1.36695330072,-7.27961163999,9.39262134429)) ;
#2604=CARTESIAN_POINT('Control Point',(1.35131666813,-7.28264668545,9.41423280905)) ;
#2605=CARTESIAN_POINT('Control Point',(1.33307798564,-7.28608564995,9.43339054412)) ;
#2606=CARTESIAN_POINT('Vertex',(1.33307798564,-7.28608564995,9.43339054412)) ;
#2610=CARTESIAN_POINT('Control Point',(1.33307798564,-7.28608564995,9.43339054412)) ;
#2611=CARTESIAN_POINT('Control Point',(1.18875848169,-7.31329741315,9.58495203977)) ;
#2612=CARTESIAN_POINT('Control Point',(1.03511133851,-7.33782697801,9.72822374953)) ;
#2613=CARTESIAN_POINT('Control Point',(0.868571124359,-7.35813196744,9.85078539457)) ;
#2616=CARTESIAN_POINT('Control Point',(4.16656629281,-6.12129518125,9.)) ;
#2617=CARTESIAN_POINT('Control Point',(4.16507843006,-6.12248947261,9.02866353016)) ;
#2618=CARTESIAN_POINT('Control Point',(4.16359014402,-6.12368331337,9.05732706031)) ;
#2619=CARTESIAN_POINT('Control Point',(4.16528957232,-6.12270939003,9.08611874339)) ;
#2620=CARTESIAN_POINT('Control Point',(4.16545578279,-6.12296015774,9.14357204682)) ;
#2621=CARTESIAN_POINT('Control Point',(4.16562199325,-6.12321092546,9.20102535025)) ;
#2622=CARTESIAN_POINT('Control Point',(4.16570509848,-6.12333630932,9.22975200196)) ;
#2623=CARTESIAN_POINT('Control Point',(4.16595441417,-6.1237124609,9.3159319571)) ;
#2624=CARTESIAN_POINT('Control Point',(4.16620372984,-6.12408861249,9.40211191224)) ;
#2625=CARTESIAN_POINT('Control Point',(4.16636994028,-6.12433938021,9.45956521567)) ;
#2626=CARTESIAN_POINT('Control Point',(4.16669602386,-6.12483135434,9.57228123351)) ;
#2627=CARTESIAN_POINT('Control Point',(4.16702210741,-6.12532332848,9.68499725134)) ;
#2628=CARTESIAN_POINT('Control Point',(4.16718198053,-6.1255645349,9.74025996575)) ;
#2629=CARTESIAN_POINT('Control Point',(4.16734185365,-6.12580574131,9.79552268016)) ;
#2630=CARTESIAN_POINT('Control Point',(4.16750172676,-6.12604694773,9.85078539457)) ;
#2632=CARTESIAN_POINT('Axis2P3D Location',(0.,0.,9.)) ;
#2650=CARTESIAN_POINT('Control Point',(2.47092111588,-6.87377289547,9.05078462779)) ;
#2651=CARTESIAN_POINT('Control Point',(2.47092111588,-6.91112747091,9.05057818947)) ;
#2652=CARTESIAN_POINT('Control Point',(2.45929272485,-6.94848204635,9.05037175116)) ;
#2653=CARTESIAN_POINT('Control Point',(2.43597064962,-6.98097169992,9.05019219861)) ;
#2654=CARTESIAN_POINT('Control Point',(2.40429840964,-7.0039386219,9.05006527299)) ;
#2655=CARTESIAN_POINT('Control Point',(2.3689062379,-7.01588838097,9.04999923321)) ;
#2656=CARTESIAN_POINT('Control Point',(2.47092111588,-6.87290627236,8.8939710098)) ;
#2657=CARTESIAN_POINT('Control Point',(2.47092111588,-6.91025970142,8.89376457516)) ;
#2658=CARTESIAN_POINT('Control Point',(2.45929343857,-6.94761313049,8.89355814052)) ;
#2659=CARTESIAN_POINT('Control Point',(2.43597280207,-6.98010209014,8.89337858949)) ;
#2660=CARTESIAN_POINT('Control Point',(2.40430229754,-7.00306917945,8.89325166131)) ;
#2661=CARTESIAN_POINT('Control Point',(2.36891166858,-7.0150199242,8.89318561522)) ;
#2662=CARTESIAN_POINT('Control Point',(2.47092111588,-6.87203962687,8.73715739199)) ;
#2663=CARTESIAN_POINT('Control Point',(2.47092111588,-6.90939190902,8.73695096103)) ;
#2664=CARTESIAN_POINT('Control Point',(2.45929415258,-6.94674419116,8.73674453006)) ;
#2665=CARTESIAN_POINT('Control Point',(2.43597495541,-6.9792324565,8.73656498055)) ;
#2666=CARTESIAN_POINT('Control Point',(2.40430618712,-7.00219971306,8.73643804981)) ;
#2667=CARTESIAN_POINT('Control Point',(2.36891710172,-7.01415144376,8.73637199742)) ;
#2669=CARTESIAN_POINT('Control Point',(2.47092111588,-6.87349223602,9.)) ;
#2670=CARTESIAN_POINT('Control Point',(2.47092111588,-6.92003452173,9.)) ;
#2671=CARTESIAN_POINT('Control Point',(2.451442965,-6.96730345848,8.99999996302)) ;
#2672=CARTESIAN_POINT('Control Point',(2.41300475776,-7.00072165145,9.)) ;
#2673=CARTESIAN_POINT('Control Point',(2.36890796951,-7.0156114773,9.)) ;
#2674=CARTESIAN_POINT('Vertex',(2.47092111588,-6.87349223602,9.)) ;
#2678=CARTESIAN_POINT('Control Point',(2.47092111588,-6.87349223602,9.)) ;
#2679=CARTESIAN_POINT('Control Point',(2.47092111588,-6.87326072604,8.95810893492)) ;
#2680=CARTESIAN_POINT('Control Point',(2.47092111588,-6.87302921507,8.91621786985)) ;
#2681=CARTESIAN_POINT('Control Point',(2.47092111588,-6.8727977031,8.87432680479)) ;
#2682=CARTESIAN_POINT('Control Point',(2.47092111588,-6.87256619013,8.83243573973)) ;
#2683=CARTESIAN_POINT('Control Point',(2.47092111588,-6.87233467616,8.79054467468)) ;
#2684=CARTESIAN_POINT('Vertex',(2.47092111588,-6.87233467616,8.79054467468)) ;
#2688=CARTESIAN_POINT('Control Point',(2.47092111588,-6.87233467616,8.79054467468)) ;
#2689=CARTESIAN_POINT('Control Point',(2.47092111588,-6.93571308643,8.7886846011)) ;
#2690=CARTESIAN_POINT('Control Point',(2.42901442511,-6.9941316262,8.78636181335)) ;
#2691=CARTESIAN_POINT('Control Point',(2.36891536935,-7.01442836973,8.78637411086)) ;
#2700=CARTESIAN_POINT('Axis2P3D Location',(0.,-10.032251358,9.95)) ;
#2705=CARTESIAN_POINT('Axis2P3D Location',(0.,-10.032251358,9.43339054412)) ;
#2709=CARTESIAN_POINT('Vertex',(-1.33307798564,-7.28608564995,9.43339054412)) ;
#2713=CARTESIAN_POINT('Control Point',(-0.868571936896,-7.35813155938,9.85078539457)) ;
#2714=CARTESIAN_POINT('Control Point',(-1.03511132366,-7.33782585122,9.72822578366)) ;
#2715=CARTESIAN_POINT('Control Point',(-1.18875359684,-7.3132983342,9.58495716975)) ;
#2716=CARTESIAN_POINT('Control Point',(-1.33307798564,-7.28608564995,9.43339054412)) ;
#2730=CARTESIAN_POINT('Control Point',(-2.36891536935,-7.01442836973,8.78637411086)) ;
#2731=CARTESIAN_POINT('Control Point',(-2.36891166886,-7.015019929,8.89318705539)) ;
#2732=CARTESIAN_POINT('Control Point',(-2.36890796951,-7.0156114773,9.)) ;
#2733=CARTESIAN_POINT('Vertex',(-2.36891536935,-7.01442836973,8.78637411086)) ;
#2737=CARTESIAN_POINT('Control Point',(-1.33307798564,-7.28608564995,9.43339054412)) ;
#2738=CARTESIAN_POINT('Control Point',(-1.35603027432,-7.28175791926,9.40928168286)) ;
#2739=CARTESIAN_POINT('Control Point',(-1.37486177103,-7.2780698636,9.3812869201)) ;
#2740=CARTESIAN_POINT('Control Point',(-1.38782012157,-7.27539813445,9.34832120273)) ;
#2741=CARTESIAN_POINT('Control Point',(-1.39291871638,-7.27407505653,9.27973091429)) ;
#2742=CARTESIAN_POINT('Control Point',(-1.36374864392,-7.27927990711,9.21729733848)) ;
#2743=CARTESIAN_POINT('Control Point',(-1.34200767122,-7.28321307671,9.19024964304)) ;
#2744=CARTESIAN_POINT('Control Point',(-1.2672937971,-7.29646197856,9.1223479308)) ;
#2745=CARTESIAN_POINT('Control Point',(-1.1705607261,-7.31258261588,9.08593003733)) ;
#2746=CARTESIAN_POINT('Control Point',(-1.10571206047,-7.32257558713,9.07121190156)) ;
#2747=CARTESIAN_POINT('Control Point',(-1.03977868985,-7.33203228436,9.0629834446)) ;
#2748=CARTESIAN_POINT('Control Point',(-0.973843028514,-7.34076244065,9.05976007028)) ;
#2749=CARTESIAN_POINT('Vertex',(-0.973843028514,-7.34076244065,9.05976007028)) ;
#2753=CARTESIAN_POINT('Control Point',(-0.973843028514,-7.34076244065,9.05976007028)) ;
#2754=CARTESIAN_POINT('Control Point',(-0.701169267533,-7.37686564098,9.04644098335)) ;
#2755=CARTESIAN_POINT('Control Point',(-0.431488318011,-7.39722829253,9.03816172529)) ;
#2756=CARTESIAN_POINT('Control Point',(-0.163822382915,-7.40313900102,9.03579214641)) ;
#2757=CARTESIAN_POINT('Vertex',(-0.163822292262,-7.40313903594,9.03579214641)) ;
#2761=CARTESIAN_POINT('Control Point',(-0.162107310505,-7.40187047989,8.78637411086)) ;
#2762=CARTESIAN_POINT('Control Point',(-0.162684106966,-7.40229327237,8.86951342928)) ;
#2763=CARTESIAN_POINT('Control Point',(-0.16325622255,-7.40271610231,8.95265277902)) ;
#2764=CARTESIAN_POINT('Control Point',(-0.163823801935,-7.40313896969,9.03579215898)) ;
#2765=CARTESIAN_POINT('Vertex',(-0.162107310798,-7.40187047908,8.78637411086)) ;
#2768=CARTESIAN_POINT('Axis2P3D Location',(0.,0.,8.78637411086)) ;
#2786=CARTESIAN_POINT('Control Point',(-2.3689171016,-7.0141514614,8.73637518238)) ;
#2787=CARTESIAN_POINT('Control Point',(-2.40430618704,-7.00219973072,8.73644123476)) ;
#2788=CARTESIAN_POINT('Control Point',(-2.43597495537,-6.97923247417,8.73656816551)) ;
#2789=CARTESIAN_POINT('Control Point',(-2.45929415257,-6.94674420881,8.73674771502)) ;
#2790=CARTESIAN_POINT('Control Point',(-2.47092111588,-6.90939192664,8.73695414599)) ;
#2791=CARTESIAN_POINT('Control Point',(-2.47092111588,-6.87203964448,8.73716057695)) ;
#2792=CARTESIAN_POINT('Control Point',(-2.36891166853,-7.01501993302,8.89318720771)) ;
#2793=CARTESIAN_POINT('Control Point',(-2.4043022975,-7.00306918828,8.89325325379)) ;
#2794=CARTESIAN_POINT('Control Point',(-2.43597280205,-6.98010209897,8.89338018197)) ;
#2795=CARTESIAN_POINT('Control Point',(-2.45929343856,-6.94761313932,8.893559733)) ;
#2796=CARTESIAN_POINT('Control Point',(-2.47092111588,-6.91025971024,8.89376616764)) ;
#2797=CARTESIAN_POINT('Control Point',(-2.47092111588,-6.87290628116,8.89397260228)) ;
#2798=CARTESIAN_POINT('Control Point',(-2.3689062379,-7.01588838097,9.04999923322)) ;
#2799=CARTESIAN_POINT('Control Point',(-2.40429840964,-7.0039386219,9.050065273)) ;
#2800=CARTESIAN_POINT('Control Point',(-2.43597064962,-6.98097169992,9.05019219862)) ;
#2801=CARTESIAN_POINT('Control Point',(-2.45929272485,-6.94848204635,9.05037175117)) ;
#2802=CARTESIAN_POINT('Control Point',(-2.47092111588,-6.91112747091,9.05057818948)) ;
#2803=CARTESIAN_POINT('Control Point',(-2.47092111588,-6.87377289547,9.05078462779)) ;
#2805=CARTESIAN_POINT('Control Point',(-2.36891536934,-7.01442837142,8.78637441556)) ;
#2806=CARTESIAN_POINT('Control Point',(-2.42792306197,-6.99450350318,8.78695918317)) ;
#2807=CARTESIAN_POINT('Control Point',(-2.47092111588,-6.93455787247,8.78871712855)) ;
#2808=CARTESIAN_POINT('Control Point',(-2.47092111588,-6.87233467616,8.7905446749)) ;
#2809=CARTESIAN_POINT('Vertex',(-2.47092111588,-6.87233467616,8.7905446749)) ;
#2813=CARTESIAN_POINT('Control Point',(-2.47092111588,-6.87233467616,8.7905446749)) ;
#2814=CARTESIAN_POINT('Control Point',(-2.47092111588,-6.87244877967,8.81119102089)) ;
#2815=CARTESIAN_POINT('Control Point',(-2.47092111588,-6.87256288293,8.83183736689)) ;
#2816=CARTESIAN_POINT('Control Point',(-2.47092111588,-6.87267698596,8.85248371288)) ;
#2817=CARTESIAN_POINT('Control Point',(-2.47092111588,-6.87290849845,8.8943747779)) ;
#2818=CARTESIAN_POINT('Control Point',(-2.47092111588,-6.87314000994,8.93626584292)) ;
#2819=CARTESIAN_POINT('Control Point',(-2.47092111588,-6.87325741889,8.95751056195)) ;
#2820=CARTESIAN_POINT('Control Point',(-2.47092111588,-6.87337482758,8.97875528097)) ;
#2821=CARTESIAN_POINT('Control Point',(-2.47092111588,-6.87349223602,9.)) ;
#2830=CARTESIAN_POINT('Axis2P3D Location',(0.,0.,8.815)) ;
#2835=CARTESIAN_POINT('Axis2P3D Location',(0.,0.,1.44476507549)) ;
#2839=CARTESIAN_POINT('Vertex',(-2.65261857032,-6.17713344996,1.44476507549)) ;
#2841=CARTESIAN_POINT('Vertex',(-4.18742820704,-5.25916418731,1.44476507549)) ;
#2845=CARTESIAN_POINT('Control Point',(-4.18742820704,-5.25916418731,1.44476507549)) ;
#2846=CARTESIAN_POINT('Control Point',(-4.13535450101,-5.3666777654,2.92448490262)) ;
#2847=CARTESIAN_POINT('Control Point',(-4.08339631683,-5.47140683578,4.4050341077)) ;
#2848=CARTESIAN_POINT('Control Point',(-4.02988815238,-5.57687138161,5.93296454503)) ;
#2849=CARTESIAN_POINT('Control Point',(-3.97650672275,-5.67971649147,7.45947400536)) ;
#2850=CARTESIAN_POINT('Control Point',(-3.92273396746,-5.78121436533,9.)) ;
#2853=CARTESIAN_POINT('Control Point',(-2.65690229601,-6.46151309732,9.)) ;
#2854=CARTESIAN_POINT('Control Point',(-2.65552608413,-6.36698902329,6.4815726922)) ;
#2855=CARTESIAN_POINT('Control Point',(-2.65410011613,-6.27220737876,3.96315986049)) ;
#2856=CARTESIAN_POINT('Control Point',(-2.65261857032,-6.17713344996,1.44476507549)) ;
#2865=CARTESIAN_POINT('Axis2P3D Location',(-5.3290705182E-015,-8.881784197E-015,1.45)) ;
#2870=CARTESIAN_POINT('Axis2P3D Location',(-5.3290705182E-015,-8.881784197E-015,1.3)) ;
#2874=CARTESIAN_POINT('Vertex',(-2.59346710084,-6.03938839842,1.3)) ;
#2876=CARTESIAN_POINT('Vertex',(-4.09405187228,-5.1418890592,1.3)) ;
#2879=CARTESIAN_POINT('Axis2P3D Location',(-4.09405190676,-5.14188903175,1.45)) ;
#2884=CARTESIAN_POINT('Axis2P3D Location',(-2.59346729754,-6.03938831395,1.45)) ;
#2897=CARTESIAN_POINT('Control Point',(-4.52856887886,-5.23552759298,1.43693314244)) ;
#2898=CARTESIAN_POINT('Control Point',(-4.46623450824,-5.19825971626,1.43736544619)) ;
#2899=CARTESIAN_POINT('Control Point',(-4.39265199203,-5.17978431806,1.43596964669)) ;
#2900=CARTESIAN_POINT('Control Point',(-4.3154297914,-5.18477950263,1.43268332414)) ;
#2901=CARTESIAN_POINT('Control Point',(-4.24498217553,-5.21257161398,1.42794967555)) ;
#2902=CARTESIAN_POINT('Control Point',(-4.18822003036,-5.25754335142,1.4224490163)) ;
#2903=CARTESIAN_POINT('Control Point',(-4.49850522091,-5.30128778774,2.29784366737)) ;
#2904=CARTESIAN_POINT('Control Point',(-4.4365163424,-5.26343252716,2.29830114785)) ;
#2905=CARTESIAN_POINT('Control Point',(-4.36310014834,-5.24426795029,2.29695007797)) ;
#2906=CARTESIAN_POINT('Control Point',(-4.28582275825,-5.2485445393,2.29372503121)) ;
#2907=CARTESIAN_POINT('Control Point',(-4.21510742655,-5.27568544904,2.28906100646)) ;
#2908=CARTESIAN_POINT('Control Point',(-4.15791919203,-5.32013601866,2.28362986583)) ;
#2909=CARTESIAN_POINT('Control Point',(-4.46836280611,-5.36618762842,3.16100949367)) ;
#2910=CARTESIAN_POINT('Control Point',(-4.40671990978,-5.32775986406,3.16149104317)) ;
#2911=CARTESIAN_POINT('Control Point',(-4.33347504811,-5.30792071899,3.16018272937)) ;
#2912=CARTESIAN_POINT('Control Point',(-4.25615193378,-5.31149123925,3.1570162499)) ;
#2913=CARTESIAN_POINT('Control Point',(-4.18518151459,-5.33798973832,3.15241876704)) ;
#2914=CARTESIAN_POINT('Control Point',(-4.12758125319,-5.38192368865,3.1470540643)) ;
#2915=CARTESIAN_POINT('Control Point',(-4.43809486109,-5.4303690988,4.02777003496)) ;
#2916=CARTESIAN_POINT('Control Point',(-4.37679875645,-5.39138220576,4.02827467551)) ;
#2917=CARTESIAN_POINT('Control Point',(-4.30373010005,-5.37088151495,4.02700737449)) ;
#2918=CARTESIAN_POINT('Control Point',(-4.22637009406,-5.37375700563,4.02389706932)) ;
#2919=CARTESIAN_POINT('Control Point',(-4.15515617541,-5.39962069495,4.01936340506)) ;
#2920=CARTESIAN_POINT('Control Point',(-4.09715666115,-5.44304177512,4.01406241795)) ;
#2921=CARTESIAN_POINT('Control Point',(-4.38514498588,-5.54102404928,5.54405607546)) ;
#2922=CARTESIAN_POINT('Control Point',(-4.32445415041,-5.50108469674,5.54459940269)) ;
#2923=CARTESIAN_POINT('Control Point',(-4.25170011004,-5.47945265762,5.54340078524)) ;
#2924=CARTESIAN_POINT('Control Point',(-4.17428989481,-5.48113539225,5.54038453347)) ;
#2925=CARTESIAN_POINT('Control Point',(-4.10267037802,-5.50590578182,5.5359577068)) ;
#2926=CARTESIAN_POINT('Control Point',(-4.04399596681,-5.54843980707,5.5307633761)) ;
#2927=CARTESIAN_POINT('Control Point',(-4.33173342295,-5.64992760638,7.07356312239)) ;
#2928=CARTESIAN_POINT('Control Point',(-4.27165025473,-5.60907063425,7.07414275654)) ;
#2929=CARTESIAN_POINT('Control Point',(-4.19922375943,-5.58634114085,7.07300856015)) ;
#2930=CARTESIAN_POINT('Control Point',(-4.12178652138,-5.58685985382,7.07008049709)) ;
#2931=CARTESIAN_POINT('Control Point',(-4.04979174646,-5.6105567418,7.06575382563)) ;
#2932=CARTESIAN_POINT('Control Point',(-3.99047586686,-5.65221347684,7.06065946746)) ;
#2933=CARTESIAN_POINT('Control Point',(-4.30923883675,-5.69533108533,7.71772379117)) ;
#2934=CARTESIAN_POINT('Control Point',(-4.24941103405,-5.6540950638,7.71831826583)) ;
#2935=CARTESIAN_POINT('Control Point',(-4.17712418055,-5.63091089732,7.71721040074)) ;
#2936=CARTESIAN_POINT('Control Point',(-4.09967956969,-5.63094611025,7.71431838253)) ;
#2937=CARTESIAN_POINT('Control Point',(-4.02753251946,-5.65419593842,7.71003264547)) ;
#2938=CARTESIAN_POINT('Control Point',(-3.96795317793,-5.69548622246,7.70497914573)) ;
#2939=CARTESIAN_POINT('Control Point',(-4.28666915112,-5.74043785026,8.36403502657)) ;
#2940=CARTESIAN_POINT('Control Point',(-4.22709695483,-5.69882870728,8.36464396002)) ;
#2941=CARTESIAN_POINT('Control Point',(-4.15495178276,-5.67519567747,8.36356174761)) ;
#2942=CARTESIAN_POINT('Control Point',(-4.07750360269,-5.67475235842,8.36070484388)) ;
#2943=CARTESIAN_POINT('Control Point',(-4.00520932185,-5.6975585995,8.35645898307)) ;
#2944=CARTESIAN_POINT('Control Point',(-3.94537211454,-5.7384842146,8.35144528428)) ;
#2945=CARTESIAN_POINT('Control Point',(-4.26402639421,-5.7852552042,9.0124387495)) ;
#2946=CARTESIAN_POINT('Control Point',(-4.20470997173,-5.74327870725,9.01306177912)) ;
#2947=CARTESIAN_POINT('Control Point',(-4.13270839671,-5.71920248984,9.01200457369)) ;
#2948=CARTESIAN_POINT('Control Point',(-4.05526028727,-5.71828552008,9.00918189852)) ;
#2949=CARTESIAN_POINT('Control Point',(-3.98282364182,-5.74065161854,9.00497490601)) ;
#2950=CARTESIAN_POINT('Control Point',(-3.92273399374,-5.78121437206,9.00000000064)) ;
#2952=CARTESIAN_POINT('Control Point',(-4.52854459958,-5.23557036037,1.4375221249)) ;
#2953=CARTESIAN_POINT('Control Point',(-4.45033376078,-5.18873207943,1.43725057526)) ;
#2954=CARTESIAN_POINT('Control Point',(-4.35234071459,-5.1739166644,1.43853276157)) ;
#2955=CARTESIAN_POINT('Control Point',(-4.25826998188,-5.20261256778,1.44135097761)) ;
#2956=CARTESIAN_POINT('Control Point',(-4.18743487542,-5.25916501508,1.44476424266)) ;
#2966=CARTESIAN_POINT('Control Point',(-4.52838515966,-5.23547493545,1.43752157422)) ;
#2967=CARTESIAN_POINT('Control Point',(-4.53028978319,-5.23228839938,1.39305093972)) ;
#2968=CARTESIAN_POINT('Control Point',(-4.54067883817,-5.21490651936,1.34996084828)) ;
#2969=CARTESIAN_POINT('Control Point',(-4.55928525437,-5.18377611339,1.31659515764)) ;
#2970=CARTESIAN_POINT('Control Point',(-4.58217974798,-5.14547126853,1.29999999997)) ;
#2971=CARTESIAN_POINT('Control Point',(-4.60507422549,-5.10716641396,1.3)) ;
#2972=CARTESIAN_POINT('Control Point',(-4.46582502432,-5.19806239138,1.43730632478)) ;
#2973=CARTESIAN_POINT('Control Point',(-4.46698382121,-5.19435965104,1.39288408553)) ;
#2974=CARTESIAN_POINT('Control Point',(-4.47314864761,-5.17442217221,1.3498635303)) ;
#2975=CARTESIAN_POINT('Control Point',(-4.48415575804,-5.13877120797,1.31656302658)) ;
#2976=CARTESIAN_POINT('Control Point',(-4.49768903127,-5.09492156152,1.29999999915)) ;
#2977=CARTESIAN_POINT('Control Point',(-4.51122225919,-5.05107189331,1.3)) ;
#2978=CARTESIAN_POINT('Control Point',(-4.39181322277,-5.17977532894,1.4380121457)) ;
#2979=CARTESIAN_POINT('Control Point',(-4.3919195485,-5.17599590237,1.39343132303)) ;
#2980=CARTESIAN_POINT('Control Point',(-4.39301283892,-5.154881231,1.35018274651)) ;
#2981=CARTESIAN_POINT('Control Point',(-4.39508223381,-5.11695726598,1.31666841287)) ;
#2982=CARTESIAN_POINT('Control Point',(-4.39766327303,-5.07025945603,1.2999999957)) ;
#2983=CARTESIAN_POINT('Control Point',(-4.40024428477,-5.02356166434,1.3)) ;
#2984=CARTESIAN_POINT('Control Point',(-4.31431580843,-5.18558685382,1.439674638)) ;
#2985=CARTESIAN_POINT('Control Point',(-4.31343827413,-5.18245618138,1.39471738063)) ;
#2986=CARTESIAN_POINT('Control Point',(-4.3092822766,-5.16198422289,1.35093179385)) ;
#2987=CARTESIAN_POINT('Control Point',(-4.30197854158,-5.12458546646,1.31691575122)) ;
#2988=CARTESIAN_POINT('Control Point',(-4.29303534206,-5.0783393311,1.29999999837)) ;
#2989=CARTESIAN_POINT('Control Point',(-4.28409212629,-5.03209317282,1.3)) ;
#2990=CARTESIAN_POINT('Control Point',(-4.24407419101,-5.2139458996,1.44203504212)) ;
#2991=CARTESIAN_POINT('Control Point',(-4.24286372974,-5.21180661946,1.39656171642)) ;
#2992=CARTESIAN_POINT('Control Point',(-4.2342229178,-5.19353233192,1.35201318954)) ;
#2993=CARTESIAN_POINT('Control Point',(-4.21830666387,-5.15936113871,1.31727262147)) ;
#2994=CARTESIAN_POINT('Control Point',(-4.19858515506,-5.11686387129,1.29999999801)) ;
#2995=CARTESIAN_POINT('Control Point',(-4.17886360377,-5.07436663184,1.3)) ;
#2996=CARTESIAN_POINT('Control Point',(-4.18743490644,-5.25916494784,1.44476424889)) ;
#2997=CARTESIAN_POINT('Control Point',(-4.1864331608,-5.25790672417,1.39871580045)) ;
#2998=CARTESIAN_POINT('Control Point',(-4.17441796348,-5.24281624035,1.35328489169)) ;
#2999=CARTESIAN_POINT('Control Point',(-4.15145980269,-5.21398204329,1.31769205201)) ;
#3000=CARTESIAN_POINT('Control Point',(-4.12275930796,-5.17793583988,1.29999999926)) ;
#3001=CARTESIAN_POINT('Control Point',(-4.09405879674,-5.14188964988,1.3)) ;
#3003=CARTESIAN_POINT('Control Point',(-4.50011351528,-5.06145622251,1.3)) ;
#3004=CARTESIAN_POINT('Control Point',(-4.49151120573,-5.05895695391,1.3)) ;
#3005=CARTESIAN_POINT('Control Point',(-4.48284725682,-5.05667262887,1.3)) ;
#3006=CARTESIAN_POINT('Control Point',(-4.47412899248,-5.05460526484,1.3)) ;
#3007=CARTESIAN_POINT('Control Point',(-4.41997150273,-5.04318215358,1.3)) ;
#3008=CARTESIAN_POINT('Control Point',(-4.36431211511,-5.04015054089,1.3)) ;
#3009=CARTESIAN_POINT('Control Point',(-4.31764909954,-5.04367269025,1.3)) ;
#3010=CARTESIAN_POINT('Control Point',(-4.24153058703,-5.0594500549,1.3)) ;
#3011=CARTESIAN_POINT('Control Point',(-4.17092665504,-5.09071668072,1.3)) ;
#3012=CARTESIAN_POINT('Control Point',(-4.14380931631,-5.10561700925,1.3)) ;
#3013=CARTESIAN_POINT('Control Point',(-4.11811251724,-5.12273767182,1.3)) ;
#3014=CARTESIAN_POINT('Control Point',(-4.09405879674,-5.14188964988,1.3)) ;
#3023=CARTESIAN_POINT('Axis2P3D Location',(-2.47092111588,7.22021245956,8.815)) ;
#3028=CARTESIAN_POINT('Line Origine',(-2.47092111588,-6.61345796239,1.44958268738)) ;
#3032=CARTESIAN_POINT('Vertex',(-2.47092111588,-6.48056025628,1.44958268738)) ;
#3034=CARTESIAN_POINT('Vertex',(-2.47092111588,-6.45320470901,1.4495826866)) ;
#3038=CARTESIAN_POINT('Control Point',(-2.47092111588,-6.73919903821,9.)) ;
#3039=CARTESIAN_POINT('Control Point',(-2.47092111588,-6.64417052204,6.48317858821)) ;
#3040=CARTESIAN_POINT('Control Point',(-2.47092111588,-6.54885248148,3.96637162909)) ;
#3041=CARTESIAN_POINT('Control Point',(-2.47092111588,-6.45320470904,1.44958268738)) ;
#3044=CARTESIAN_POINT('Control Point',(-2.47092111588,-6.48056025628,1.44958268738)) ;
#3045=CARTESIAN_POINT('Control Point',(-2.47092111588,-6.61157577264,3.89653567223)) ;
#3046=CARTESIAN_POINT('Control Point',(-2.47092111588,-6.74214315786,6.34352634551)) ;
#3047=CARTESIAN_POINT('Control Point',(-2.47092111588,-6.87233467616,8.7905446749)) ;
#3057=CARTESIAN_POINT('Axis2P3D Location',(-2.32092111588,-6.5989548585,1.44958268738)) ;
#3062=CARTESIAN_POINT('Axis2P3D Location',(-2.32092111588,-6.48056025652,1.44958268738)) ;
#3066=CARTESIAN_POINT('Vertex',(-2.32092111588,-6.48056025652,1.29958268738)) ;
#3069=CARTESIAN_POINT('Line Origine',(-2.32092111588,-6.5989548585,1.29958268738)) ;
#3073=CARTESIAN_POINT('Vertex',(-2.3209211146,-6.45320468844,1.29958268738)) ;
#3076=CARTESIAN_POINT('Axis2P3D Location',(-2.32092111588,-6.45320470904,1.44958268738)) ;
#3088=CARTESIAN_POINT('Axis2P3D Location',(-2.32092111588,-6.48056025652,1.44958268738)) ;
#3093=CARTESIAN_POINT('Axis2P3D Location',(-2.32092111588,-6.48056025652,1.44958268738)) ;
#3097=CARTESIAN_POINT('Vertex',(-2.37143179438,-6.62159800467,1.44203120041)) ;
#3100=CARTESIAN_POINT('Axis2P3D Location',(-2.32092111588,-6.48056025652,1.44958268738)) ;
#3112=CARTESIAN_POINT('Control Point',(-2.37143179318,-6.62159800482,1.44203120041)) ;
#3113=CARTESIAN_POINT('Control Point',(-2.40610180743,-6.60921692276,1.44269411215)) ;
#3114=CARTESIAN_POINT('Control Point',(-2.43696741209,-6.58621303004,1.44392579373)) ;
#3115=CARTESIAN_POINT('Control Point',(-2.45962327808,-6.55409569078,1.44564543029)) ;
#3116=CARTESIAN_POINT('Control Point',(-2.47092111586,-6.51732797353,1.44761405883)) ;
#3117=CARTESIAN_POINT('Control Point',(-2.47092111588,-6.48056025628,1.44958268738)) ;
#3118=CARTESIAN_POINT('Control Point',(-2.37088480566,-6.70097405481,2.92086454815)) ;
#3119=CARTESIAN_POINT('Control Point',(-2.40571223502,-6.68868793292,2.92152145475)) ;
#3120=CARTESIAN_POINT('Control Point',(-2.43675244449,-6.66569720747,2.92275072056)) ;
#3121=CARTESIAN_POINT('Control Point',(-2.45955197981,-6.63350817001,2.9244718075)) ;
#3122=CARTESIAN_POINT('Control Point',(-2.47092111583,-6.59662429025,2.92644392131)) ;
#3123=CARTESIAN_POINT('Control Point',(-2.47092111588,-6.55974041048,2.92841603512)) ;
#3124=CARTESIAN_POINT('Control Point',(-2.37035262239,-6.78020495413,4.399709408)) ;
#3125=CARTESIAN_POINT('Control Point',(-2.40533266269,-6.76801234954,4.40036044655)) ;
#3126=CARTESIAN_POINT('Control Point',(-2.43654280439,-6.74503540642,4.40158734448)) ;
#3127=CARTESIAN_POINT('Control Point',(-2.45948245344,-6.71277709908,4.40330984787)) ;
#3128=CARTESIAN_POINT('Control Point',(-2.47092111579,-6.67578040346,4.40528537142)) ;
#3129=CARTESIAN_POINT('Control Point',(-2.47092111588,-6.63878370784,4.40726089497)) ;
#3130=CARTESIAN_POINT('Control Point',(-2.36983444269,-6.8592996824,5.87856490018)) ;
#3131=CARTESIAN_POINT('Control Point',(-2.40496257598,-6.84719916397,5.87921020145)) ;
#3132=CARTESIAN_POINT('Control Point',(-2.43633822668,-6.82423653049,5.88043477754)) ;
#3133=CARTESIAN_POINT('Control Point',(-2.45941461065,-6.79191122037,5.88215866504)) ;
#3134=CARTESIAN_POINT('Control Point',(-2.47092111582,-6.75480485839,5.8841375261)) ;
#3135=CARTESIAN_POINT('Control Point',(-2.47092111588,-6.71769849642,5.88611638715)) ;
#3136=CARTESIAN_POINT('Control Point',(-2.36932955192,-6.93826603558,7.35742931062)) ;
#3137=CARTESIAN_POINT('Control Point',(-2.40460151317,-6.9262561903,7.35806899967)) ;
#3138=CARTESIAN_POINT('Control Point',(-2.43613847244,-6.90330832157,7.35929129822)) ;
#3139=CARTESIAN_POINT('Control Point',(-2.45934837175,-6.87091813572,7.36101653895)) ;
#3140=CARTESIAN_POINT('Control Point',(-2.47092111586,-6.83370508352,7.36299866827)) ;
#3141=CARTESIAN_POINT('Control Point',(-2.47092111588,-6.79649203132,7.36498079759)) ;
#3142=CARTESIAN_POINT('Control Point',(-2.3688373005,-7.01711106591,8.83630240016)) ;
#3143=CARTESIAN_POINT('Control Point',(-2.40424905279,-7.00519050225,8.83693659678)) ;
#3144=CARTESIAN_POINT('Control Point',(-2.43594332309,-6.9822577918,8.83815666051)) ;
#3145=CARTESIAN_POINT('Control Point',(-2.45928366384,-6.9498047323,8.83988322489)) ;
#3146=CARTESIAN_POINT('Control Point',(-2.47092111587,-6.91248780981,8.84186855601)) ;
#3147=CARTESIAN_POINT('Control Point',(-2.47092111588,-6.87517088733,8.84385388713)) ;
#3149=CARTESIAN_POINT('Control Point',(-2.37143179318,-6.62159800482,1.44203120041)) ;
#3150=CARTESIAN_POINT('Control Point',(-2.37088849904,-6.70043809121,2.91087915784)) ;
#3151=CARTESIAN_POINT('Control Point',(-2.37035980989,-6.77913498049,4.37973847245)) ;
#3152=CARTESIAN_POINT('Control Point',(-2.36984494118,-6.85769747161,5.84860828214)) ;
#3153=CARTESIAN_POINT('Control Point',(-2.36934319206,-6.9361332115,7.31748691286)) ;
#3154=CARTESIAN_POINT('Control Point',(-2.36885392518,-7.01444912036,8.78637411086)) ;
#3164=CARTESIAN_POINT('Control Point',(-2.47092111588,-6.73919903821,9.)) ;
#3165=CARTESIAN_POINT('Control Point',(-2.47092111588,-6.66839232236,9.00267347421)) ;
#3166=CARTESIAN_POINT('Control Point',(-2.49184085952,-6.59758560651,9.00534694842)) ;
#3167=CARTESIAN_POINT('Control Point',(-2.53377712651,-6.53506167451,9.00770768663)) ;
#3168=CARTESIAN_POINT('Control Point',(-2.59136736369,-6.48881570414,9.00945381208)) ;
#3169=CARTESIAN_POINT('Control Point',(-2.65690801688,-6.46190606046,9.01046984901)) ;
#3170=CARTESIAN_POINT('Control Point',(-2.47092111588,-6.68206648419,7.48684962083)) ;
#3171=CARTESIAN_POINT('Control Point',(-2.47092111588,-6.61143853585,7.48951962278)) ;
#3172=CARTESIAN_POINT('Control Point',(-2.49173529933,-6.54081058751,7.49218962474)) ;
#3173=CARTESIAN_POINT('Control Point',(-2.53345905971,-6.4784021937,7.49454889467)) ;
#3174=CARTESIAN_POINT('Control Point',(-2.59078616761,-6.43215029776,7.49629738452)) ;
#3175=CARTESIAN_POINT('Control Point',(-2.65608122807,-6.40511345287,7.49731946984)) ;
#3176=CARTESIAN_POINT('Control Point',(-2.47092111588,-6.62484654374,5.97370362684)) ;
#3177=CARTESIAN_POINT('Control Point',(-2.47092111588,-6.55440087779,5.97637010733)) ;
#3178=CARTESIAN_POINT('Control Point',(-2.4916279971,-6.48395521184,5.97903658782)) ;
#3179=CARTESIAN_POINT('Control Point',(-2.53313575944,-6.42166503824,5.98139436684)) ;
#3180=CARTESIAN_POINT('Control Point',(-2.59019503362,-6.37540823909,5.98314525121)) ;
#3181=CARTESIAN_POINT('Control Point',(-2.65523945262,-6.3482432233,5.98417347585)) ;
#3182=CARTESIAN_POINT('Control Point',(-2.47092111588,-6.56753551515,4.46056223592)) ;
#3183=CARTESIAN_POINT('Control Point',(-2.47092111588,-6.49727578881,4.46322514434)) ;
#3184=CARTESIAN_POINT('Control Point',(-2.49151889497,-6.42701606246,4.46588805275)) ;
#3185=CARTESIAN_POINT('Control Point',(-2.53280705233,-6.36484691335,4.46824431752)) ;
#3186=CARTESIAN_POINT('Control Point',(-2.58959362061,-6.31858631406,4.46999762728)) ;
#3187=CARTESIAN_POINT('Control Point',(-2.65438214719,-6.29129217666,4.47103208493)) ;
#3188=CARTESIAN_POINT('Control Point',(-2.47092111588,-6.51012938637,2.9474260385)) ;
#3189=CARTESIAN_POINT('Control Point',(-2.47092111588,-6.44005941097,2.95008532274)) ;
#3190=CARTESIAN_POINT('Control Point',(-2.49140793129,-6.36998943558,2.95274460698)) ;
#3191=CARTESIAN_POINT('Control Point',(-2.53247275364,-6.30794424853,2.95509933342)) ;
#3192=CARTESIAN_POINT('Control Point',(-2.5889815643,-6.2616810422,2.95685510024)) ;
#3193=CARTESIAN_POINT('Control Point',(-2.65350872955,-6.2342568573,2.95789588751)) ;
#3194=CARTESIAN_POINT('Control Point',(-2.47092111588,-6.45262372189,1.43429522433)) ;
#3195=CARTESIAN_POINT('Control Point',(-2.47092111588,-6.38274747765,1.43695083072)) ;
#3196=CARTESIAN_POINT('Control Point',(-2.49129503985,-6.3128712334,1.4396064371)) ;
#3197=CARTESIAN_POINT('Control Point',(-2.532132665,-6.2509530932,1.44195960034)) ;
#3198=CARTESIAN_POINT('Control Point',(-2.58835847254,-6.20468857511,1.44371785668)) ;
#3199=CARTESIAN_POINT('Control Point',(-2.65261857031,-6.17713344988,1.44476507334)) ;
#3201=CARTESIAN_POINT('Control Point',(-2.49056317824,-6.34628248812,1.44755532949)) ;
#3202=CARTESIAN_POINT('Control Point',(-2.47761156943,-6.3803407091,1.44820110361)) ;
#3203=CARTESIAN_POINT('Control Point',(-2.47092111588,-6.41676755612,1.44889181104)) ;
#3204=CARTESIAN_POINT('Control Point',(-2.47092111588,-6.45320470901,1.4495826866)) ;
#3205=CARTESIAN_POINT('Vertex',(-2.49057107449,-6.34627758571,1.44797225021)) ;
#3209=CARTESIAN_POINT('Control Point',(-2.65261857027,-6.1771334499,1.44476507334)) ;
#3210=CARTESIAN_POINT('Control Point',(-2.57892007023,-6.20880428708,1.44536559672)) ;
#3211=CARTESIAN_POINT('Control Point',(-2.51908510971,-6.27131234512,1.44655084555)) ;
#3212=CARTESIAN_POINT('Control Point',(-2.49057107449,-6.34627758571,1.44797225021)) ;
#3223=CARTESIAN_POINT('Control Point',(-2.6526185778,-6.17713346412,1.4447650728)) ;
#3224=CARTESIAN_POINT('Control Point',(-2.65198410623,-6.17565587086,1.39871644994)) ;
#3225=CARTESIAN_POINT('Control Point',(-2.64437287589,-6.15793153073,1.35328527532)) ;
#3226=CARTESIAN_POINT('Control Point',(-2.62982951724,-6.12406439492,1.31769217925)) ;
#3227=CARTESIAN_POINT('Control Point',(-2.6116485104,-6.08172632302,1.29999999991)) ;
#3228=CARTESIAN_POINT('Control Point',(-2.59346748935,-6.03938825725,1.3)) ;
#3229=CARTESIAN_POINT('Control Point',(-2.60839947108,-6.19613595395,1.4451253873)) ;
#3230=CARTESIAN_POINT('Control Point',(-2.60757054119,-6.19485957411,1.39900083646)) ;
#3231=CARTESIAN_POINT('Control Point',(-2.59713524287,-6.17840382497,1.35345316818)) ;
#3232=CARTESIAN_POINT('Control Point',(-2.57714604104,-6.14684492806,1.31774755321)) ;
#3233=CARTESIAN_POINT('Control Point',(-2.55214237915,-6.10735819523,1.29999999993)) ;
#3234=CARTESIAN_POINT('Control Point',(-2.5271387122,-6.06787146731,1.3)) ;
#3235=CARTESIAN_POINT('Control Point',(-2.5679950844,-6.22401236509,1.44565397393)) ;
#3236=CARTESIAN_POINT('Control Point',(-2.56705208514,-6.22301446498,1.39941836058)) ;
#3237=CARTESIAN_POINT('Control Point',(-2.55406741234,-6.20841169221,1.35369979117)) ;
#3238=CARTESIAN_POINT('Control Point',(-2.5290874623,-6.18024287928,1.31782889046)) ;
#3239=CARTESIAN_POINT('Control Point',(-2.4978094382,-6.14494957768,1.3000000003)) ;
#3240=CARTESIAN_POINT('Control Point',(-2.4665314618,-6.10965625703,1.3)) ;
#3241=CARTESIAN_POINT('Control Point',(-2.53378614746,-6.25974035472,1.44633143786)) ;
#3242=CARTESIAN_POINT('Control Point',(-2.53285301983,-6.25905608884,1.39995432124)) ;
#3243=CARTESIAN_POINT('Control Point',(-2.51776220973,-6.24680729779,1.35401670556)) ;
#3244=CARTESIAN_POINT('Control Point',(-2.48853273225,-6.22299332177,1.31793340168)) ;
#3245=CARTESIAN_POINT('Control Point',(-2.45187554326,-6.19310168788,1.30000000029)) ;
#3246=CARTESIAN_POINT('Control Point',(-2.41521837738,-6.1632100037,1.3)) ;
#3247=CARTESIAN_POINT('Control Point',(-2.50767946595,-6.30129843632,1.4471194076)) ;
#3248=CARTESIAN_POINT('Control Point',(-2.50687910879,-6.30088560119,1.40057950848)) ;
#3249=CARTESIAN_POINT('Control Point',(-2.49024310043,-6.29132922226,1.35438710199)) ;
#3250=CARTESIAN_POINT('Control Point',(-2.45774206628,-6.27260183287,1.31805552785)) ;
#3251=CARTESIAN_POINT('Control Point',(-2.4169003593,-6.24905174601,1.29999999998)) ;
#3252=CARTESIAN_POINT('Control Point',(-2.37605865152,-6.22550165324,1.3)) ;
#3253=CARTESIAN_POINT('Control Point',(-2.49057110582,-6.34627759063,1.44797225002)) ;
#3254=CARTESIAN_POINT('Control Point',(-2.48998088269,-6.3460528802,1.40125819206)) ;
#3255=CARTESIAN_POINT('Control Point',(-2.47239364732,-6.33935845614,1.35479000967)) ;
#3256=CARTESIAN_POINT('Control Point',(-2.43772069472,-6.32616056398,1.31818835105)) ;
#3257=CARTESIAN_POINT('Control Point',(-2.39405844012,-6.30954101845,1.29999999992)) ;
#3258=CARTESIAN_POINT('Control Point',(-2.35039617917,-6.29292148954,1.3)) ;
#3260=CARTESIAN_POINT('Control Point',(-2.59346730684,-6.03938833563,1.3)) ;
#3261=CARTESIAN_POINT('Control Point',(-2.57992715782,-6.04520281609,1.3)) ;
#3262=CARTESIAN_POINT('Control Point',(-2.56662543581,-6.05157159824,1.3)) ;
#3263=CARTESIAN_POINT('Control Point',(-2.55359240233,-6.0584815692,1.3)) ;
#3264=CARTESIAN_POINT('Control Point',(-2.50243797899,-6.08834862361,1.3)) ;
#3265=CARTESIAN_POINT('Control Point',(-2.45653690316,-6.12640631605,1.3)) ;
#3266=CARTESIAN_POINT('Control Point',(-2.4257862991,-6.15911857206,1.3)) ;
#3267=CARTESIAN_POINT('Control Point',(-2.39167396798,-6.20585264723,1.3)) ;
#3268=CARTESIAN_POINT('Control Point',(-2.36556021057,-6.25702935565,1.3)) ;
#3269=CARTESIAN_POINT('Control Point',(-2.36007337296,-6.26881320501,1.3)) ;
#3270=CARTESIAN_POINT('Control Point',(-2.35501606033,-6.28078424776,1.3)) ;
#3271=CARTESIAN_POINT('Control Point',(-2.35039617917,-6.29292148954,1.3)) ;
#3272=CARTESIAN_POINT('Vertex',(-2.35039617917,-6.29292148954,1.29958268738)) ;
#3276=CARTESIAN_POINT('Control Point',(-2.49057110582,-6.34627759063,1.44797225002)) ;
#3277=CARTESIAN_POINT('Control Point',(-2.48983332691,-6.3459967026,1.38957967757)) ;
#3278=CARTESIAN_POINT('Control Point',(-2.46023095544,-6.33472884471,1.3308779189)) ;
#3279=CARTESIAN_POINT('Control Point',(-2.40497400535,-6.31369590068,1.2999999999)) ;
#3280=CARTESIAN_POINT('Control Point',(-2.35039617917,-6.29292148954,1.3)) ;
#3290=CARTESIAN_POINT('Control Point',(-2.49056646815,-6.34627394976,1.44755516718)) ;
#3291=CARTESIAN_POINT('Control Point',(-2.48997630414,-6.34604928417,1.40084106237)) ;
#3292=CARTESIAN_POINT('Control Point',(-2.47238881361,-6.33935563017,1.35437280567)) ;
#3293=CARTESIAN_POINT('Control Point',(-2.43771527504,-6.3261592329,1.31777107422)) ;
#3294=CARTESIAN_POINT('Control Point',(-2.39405225807,-6.30954156465,1.29958268729)) ;
#3295=CARTESIAN_POINT('Control Point',(-2.35038923384,-6.29292391541,1.29958268738)) ;
#3296=CARTESIAN_POINT('Control Point',(-2.4827942511,-6.36671035867,1.44794265937)) ;
#3297=CARTESIAN_POINT('Control Point',(-2.4822995664,-6.36657116187,1.40114942497)) ;
#3298=CARTESIAN_POINT('Control Point',(-2.46427994672,-6.36117784464,1.35455586845)) ;
#3299=CARTESIAN_POINT('Control Point',(-2.4286197133,-6.35049379661,1.31783142301)) ;
#3300=CARTESIAN_POINT('Control Point',(-2.38367532635,-6.33702504896,1.29958268727)) ;
#3301=CARTESIAN_POINT('Control Point',(-2.33873093035,-6.32355632926,1.29958268738)) ;
#3302=CARTESIAN_POINT('Control Point',(-2.4768795678,-6.38785291424,1.4483435429)) ;
#3303=CARTESIAN_POINT('Control Point',(-2.47649633006,-6.38778199316,1.40146883052)) ;
#3304=CARTESIAN_POINT('Control Point',(-2.45816719326,-6.38372401278,1.35474564235)) ;
#3305=CARTESIAN_POINT('Control Point',(-2.42174726347,-6.37564374222,1.31789397992)) ;
#3306=CARTESIAN_POINT('Control Point',(-2.37580307235,-6.36544549636,1.29958268731)) ;
#3307=CARTESIAN_POINT('Control Point',(-2.32985887462,-6.35524728093,1.29958268738)) ;
#3308=CARTESIAN_POINT('Control Point',(-2.4729072031,-6.40947629867,1.44875355891)) ;
#3309=CARTESIAN_POINT('Control Point',(-2.47264729522,-6.40945262783,1.40179594463)) ;
#3310=CARTESIAN_POINT('Control Point',(-2.45413448535,-6.40674924706,1.35494016991)) ;
#3311=CARTESIAN_POINT('Control Point',(-2.4171933212,-6.40133722292,1.31795809996)) ;
#3312=CARTESIAN_POINT('Control Point',(-2.3705467786,-6.39449830952,1.29958268739)) ;
#3313=CARTESIAN_POINT('Control Point',(-2.32390023682,-6.38765939333,1.29958268738)) ;
#3314=CARTESIAN_POINT('Control Point',(-2.47092111946,-6.43134058856,1.4491681266)) ;
#3315=CARTESIAN_POINT('Control Point',(-2.47079088126,-6.43134059914,1.4021271488)) ;
#3316=CARTESIAN_POINT('Control Point',(-2.4522202537,-6.42999484177,1.35513731543)) ;
#3317=CARTESIAN_POINT('Control Point',(-2.41500307595,-6.4272861639,1.31802307669)) ;
#3318=CARTESIAN_POINT('Control Point',(-2.3679620994,-6.42385918968,1.29958268738)) ;
#3319=CARTESIAN_POINT('Control Point',(-2.32092112272,-6.42043221131,1.29958268738)) ;
#3320=CARTESIAN_POINT('Control Point',(-2.47092111502,-6.45320470905,1.44958268659)) ;
#3321=CARTESIAN_POINT('Control Point',(-2.47092111494,-6.45320470473,1.40245879701)) ;
#3322=CARTESIAN_POINT('Control Point',(-2.45241560659,-6.45320469956,1.35533490745)) ;
#3323=CARTESIAN_POINT('Control Point',(-2.41516889437,-6.45320469445,1.31808819552)) ;
#3324=CARTESIAN_POINT('Control Point',(-2.36804500448,-6.4532046906,1.29958268738)) ;
#3325=CARTESIAN_POINT('Control Point',(-2.3209211146,-6.45320468844,1.29958268738)) ;
#3327=CARTESIAN_POINT('Control Point',(-2.35038914048,-6.29292416072,1.29958268738)) ;
#3328=CARTESIAN_POINT('Control Point',(-2.33987346309,-6.32055435122,1.29958268738)) ;
#3329=CARTESIAN_POINT('Control Point',(-2.33162464702,-6.34904575523,1.29958268738)) ;
#3330=CARTESIAN_POINT('Control Point',(-2.3257359747,-6.37815069294,1.29958268738)) ;
#3331=CARTESIAN_POINT('Control Point',(-2.32188282866,-6.41080711789,1.29958268738)) ;
#3332=CARTESIAN_POINT('Control Point',(-2.32100696274,-6.44356925529,1.29958268738)) ;
#3333=CARTESIAN_POINT('Control Point',(-2.32094973141,-6.44678084346,1.29958268738)) ;
#3334=CARTESIAN_POINT('Control Point',(-2.32092111539,-6.44999276759,1.29958268738)) ;
#3335=CARTESIAN_POINT('Control Point',(-2.3209211146,-6.45320468844,1.29958268738)) ;
#3344=CARTESIAN_POINT('Axis2P3D Location',(0.,0.,1.29958268738)) ;
#3350=CARTESIAN_POINT('Control Point',(2.35038206436,6.29294231754,1.29958268738)) ;
#3351=CARTESIAN_POINT('Control Point',(1.22567432576,6.71301495813,1.29958268738)) ;
#3352=CARTESIAN_POINT('Control Point',(-6.49632261318E-008,6.86511620673,1.29958268738)) ;
#3353=CARTESIAN_POINT('Control Point',(-1.22567445281,6.71301493494,1.29958268738)) ;
#3354=CARTESIAN_POINT('Control Point',(-2.35038218346,6.29294227305,1.29958268738)) ;
#3355=CARTESIAN_POINT('Vertex',(2.35038206436,6.29294231754,1.3)) ;
#3359=CARTESIAN_POINT('Control Point',(2.32092112518,6.45320470899,1.29958268738)) ;
#3360=CARTESIAN_POINT('Control Point',(2.32092111883,6.3985899675,1.29958268738)) ;
#3361=CARTESIAN_POINT('Control Point',(2.33095657461,6.34398986093,1.29958268738)) ;
#3362=CARTESIAN_POINT('Control Point',(2.35038206436,6.29294231754,1.29958268738)) ;
#3363=CARTESIAN_POINT('Vertex',(2.32092111588,6.45320470899,1.29958268738)) ;
#3366=CARTESIAN_POINT('Line Origine',(2.32092111588,0.,1.29958268738)) ;
#3370=CARTESIAN_POINT('Vertex',(2.32092111588,6.48056025652,1.29958268738)) ;
#3374=CARTESIAN_POINT('Control Point',(2.32092111588,6.48056025652,1.29958268738)) ;
#3375=CARTESIAN_POINT('Control Point',(1.20657468937,6.87964768868,1.29958268738)) ;
#3376=CARTESIAN_POINT('Control Point',(-4.4408920985E-015,7.02328749418,1.29958268738)) ;
#3377=CARTESIAN_POINT('Control Point',(-1.20657468937,6.87964768868,1.29958268738)) ;
#3378=CARTESIAN_POINT('Control Point',(-2.32092111588,6.48056025652,1.29958268738)) ;
#3389=CARTESIAN_POINT('Axis2P3D Location',(2.32092111588,6.59895485849,1.44958268738)) ;
#3394=CARTESIAN_POINT('Axis2P3D Location',(2.32092111588,6.48056025652,1.44958268738)) ;
#3398=CARTESIAN_POINT('Vertex',(2.47092111588,6.48056025652,1.44958268738)) ;
#3401=CARTESIAN_POINT('Axis2P3D Location',(2.32092111588,6.45320470899,1.44958268738)) ;
#3405=CARTESIAN_POINT('Vertex',(2.47092111588,6.45320470899,1.44958268738)) ;
#3408=CARTESIAN_POINT('Line Origine',(2.47092111588,6.59895485849,1.44958268738)) ;
#3420=CARTESIAN_POINT('Axis2P3D Location',(2.32092111588,6.48056025652,1.44958268738)) ;
#3425=CARTESIAN_POINT('Axis2P3D Location',(2.32092111588,6.48056025652,1.44958268738)) ;
#3429=CARTESIAN_POINT('Vertex',(2.37143189722,6.62159796784,1.44203120041)) ;
#3432=CARTESIAN_POINT('Axis2P3D Location',(2.32092111588,6.48056025652,1.44958268738)) ;
#3444=CARTESIAN_POINT('Control Point',(2.47092112216,6.45320470869,1.44958269483)) ;
#3445=CARTESIAN_POINT('Control Point',(2.47092112292,6.45320474984,1.40245880297)) ;
#3446=CARTESIAN_POINT('Control Point',(2.45241561542,6.45320479904,1.35533491079)) ;
#3447=CARTESIAN_POINT('Control Point',(2.41516890385,6.45320484776,1.31808819662)) ;
#3448=CARTESIAN_POINT('Control Point',(2.36804501451,6.45320488441,1.29958268737)) ;
#3449=CARTESIAN_POINT('Control Point',(2.32092112518,6.4532049049,1.29958268738)) ;
#3450=CARTESIAN_POINT('Control Point',(2.47092111969,6.43134306707,1.44916817718)) ;
#3451=CARTESIAN_POINT('Control Point',(2.47079089327,6.43134309748,1.402127189)) ;
#3452=CARTESIAN_POINT('Control Point',(2.45222026929,6.42999751631,1.3551373393)) ;
#3453=CARTESIAN_POINT('Control Point',(2.41500308418,6.42728916888,1.31802308458)) ;
#3454=CARTESIAN_POINT('Control Point',(2.36796209506,6.42386260078,1.29958268739)) ;
#3455=CARTESIAN_POINT('Control Point',(2.32092110712,6.42043602082,1.29958268738)) ;
#3456=CARTESIAN_POINT('Control Point',(2.47290675546,6.40948141378,1.44875365327)) ;
#3457=CARTESIAN_POINT('Control Point',(2.47264687566,6.40945773388,1.40179602023)) ;
#3458=CARTESIAN_POINT('Control Point',(2.45413405081,6.40675465334,1.35494021498)) ;
#3459=CARTESIAN_POINT('Control Point',(2.41719282199,6.40134324447,1.31795811483)) ;
#3460=CARTESIAN_POINT('Control Point',(2.37054618821,6.39450511646,1.2995826874)) ;
#3461=CARTESIAN_POINT('Control Point',(2.32389955601,6.38766699137,1.29958268738)) ;
#3462=CARTESIAN_POINT('Control Point',(2.4768783149,6.38785966429,1.44834368683)) ;
#3463=CARTESIAN_POINT('Control Point',(2.47649510383,6.38778884548,1.4014689442)) ;
#3464=CARTESIAN_POINT('Control Point',(2.45816589355,6.38373139272,1.35474570962)) ;
#3465=CARTESIAN_POINT('Control Point',(2.42174578299,6.37565205905,1.31789400215)) ;
#3466=CARTESIAN_POINT('Control Point',(2.37580135741,6.3654549405,1.29958268736)) ;
#3467=CARTESIAN_POINT('Control Point',(2.32985693054,6.35525781814,1.29958268738)) ;
#3468=CARTESIAN_POINT('Control Point',(2.48279158352,6.36671968765,1.44794285782)) ;
#3469=CARTESIAN_POINT('Control Point',(2.48229691404,6.36658063982,1.40114958163)) ;
#3470=CARTESIAN_POINT('Control Point',(2.4642771122,6.36118805359,1.35455596118)) ;
#3471=CARTESIAN_POINT('Control Point',(2.42861649324,6.3505052949,1.31783145379)) ;
#3472=CARTESIAN_POINT('Control Point',(2.38367162243,6.33703809659,1.29958268746)) ;
#3473=CARTESIAN_POINT('Control Point',(2.33872675658,6.32357088019,1.29958268738)) ;
#3474=CARTESIAN_POINT('Control Point',(2.49056181846,6.34628588417,1.44755541299)) ;
#3475=CARTESIAN_POINT('Control Point',(2.48997167089,6.34606137653,1.40084125669)) ;
#3476=CARTESIAN_POINT('Control Point',(2.47238387323,6.33936861036,1.35437292076)) ;
#3477=CARTESIAN_POINT('Control Point',(2.43770969613,6.3261738071,1.31777111241)) ;
#3478=CARTESIAN_POINT('Control Point',(2.39404587598,6.30955807358,1.29958268751)) ;
#3479=CARTESIAN_POINT('Control Point',(2.35038206436,6.29294231754,1.29958268738)) ;
#3481=CARTESIAN_POINT('Control Point',(2.49056181846,6.34628588417,1.44755541299)) ;
#3482=CARTESIAN_POINT('Control Point',(2.489824134,6.34600524962,1.38916271762)) ;
#3483=CARTESIAN_POINT('Control Point',(2.46022077129,6.33474011715,1.33046073592)) ;
#3484=CARTESIAN_POINT('Control Point',(2.40496182889,6.31371201258,1.29958268754)) ;
#3485=CARTESIAN_POINT('Control Point',(2.35038206436,6.29294231754,1.29958268738)) ;
#3486=CARTESIAN_POINT('Vertex',(2.49056187578,6.34628591381,1.44755541186)) ;
#3490=CARTESIAN_POINT('Control Point',(2.47092112216,6.45320470869,1.44958269483)) ;
#3491=CARTESIAN_POINT('Control Point',(2.47092112105,6.44336753829,1.44939617267)) ;
#3492=CARTESIAN_POINT('Control Point',(2.47132316522,6.43353036554,1.44920964923)) ;
#3493=CARTESIAN_POINT('Control Point',(2.47212725584,6.42371507847,1.44902353985)) ;
#3494=CARTESIAN_POINT('Control Point',(2.47480379131,6.40199936289,1.44861178463)) ;
#3495=CARTESIAN_POINT('Control Point',(2.47943976591,6.38060678483,1.44820616599)) ;
#3496=CARTESIAN_POINT('Control Point',(2.48257594144,6.368977768,1.44798567155)) ;
#3497=CARTESIAN_POINT('Control Point',(2.48628798724,6.3575250073,1.44776851772)) ;
#3498=CARTESIAN_POINT('Control Point',(2.49056181846,6.34628588417,1.44755541299)) ;
#3507=CARTESIAN_POINT('Axis2P3D Location',(6.39488462184E-014,-2.43360886998E-013,1.44958268738)) ;
#3512=CARTESIAN_POINT('Axis2P3D Location',(6.39488462184E-014,-2.43360886998E-013,1.44203120041)) ;
#3524=CARTESIAN_POINT('Axis2P3D Location',(0.,10.032251358,9.30840216512)) ;
#3529=CARTESIAN_POINT('Axis2P3D Location',(0.,10.032251358,9.05976007028)) ;
#3541=CARTESIAN_POINT('Axis2P3D Location',(0.,10.032251358,9.00067594048)) ;
#3547=CARTESIAN_POINT('Control Point',(0.131460957462,7.38238816463,9.0377797451)) ;
#3548=CARTESIAN_POINT('Control Point',(0.0633293559528,7.34516770109,9.04133214075)) ;
#3549=CARTESIAN_POINT('Control Point',(-0.0207923824915,7.33309978396,9.04242249774)) ;
#3550=CARTESIAN_POINT('Control Point',(-0.101734168182,7.35688758479,9.04023811526)) ;
#3551=CARTESIAN_POINT('Control Point',(-0.163821972279,7.40313920313,9.03579212678)) ;
#3552=CARTESIAN_POINT('Vertex',(0.131460957462,7.38238816463,9.0377797451)) ;
#3556=CARTESIAN_POINT('Control Point',(0.131460957462,7.38238816463,9.0377797451)) ;
#3557=CARTESIAN_POINT('Control Point',(0.142718350767,7.38853810662,9.0371927823)) ;
#3558=CARTESIAN_POINT('Control Point',(0.153530092555,7.39547534126,9.03652880262)) ;
#3559=CARTESIAN_POINT('Control Point',(0.163811404305,7.40313939318,9.03579203777)) ;
#3569=CARTESIAN_POINT('Axis2P3D Location',(0.,7.62302583315,5.07347400308)) ;
#3574=CARTESIAN_POINT('Line Origine',(0.131460957462,7.38238816463,5.07347400308)) ;
#3578=CARTESIAN_POINT('Vertex',(0.131460957462,7.38238816463,8.38788209358)) ;
#3582=CARTESIAN_POINT('Control Point',(0.131460957462,7.38238816463,8.38788209358)) ;
#3583=CARTESIAN_POINT('Control Point',(0.126817083018,7.37985120446,8.33592042925)) ;
#3584=CARTESIAN_POINT('Control Point',(0.121911046545,7.37731648043,8.28398164808)) ;
#3585=CARTESIAN_POINT('Control Point',(0.116694332762,7.37478393671,8.23206458376)) ;
#3586=CARTESIAN_POINT('Control Point',(0.105473085393,7.36970020642,8.12780103267)) ;
#3587=CARTESIAN_POINT('Control Point',(0.0921998667553,7.36463243776,8.02377353015)) ;
#3588=CARTESIAN_POINT('Control Point',(0.0851638753509,7.3622148166,7.97412588675)) ;
#3589=CARTESIAN_POINT('Control Point',(0.074671319964,7.35891974784,7.90642474212)) ;
#3590=CARTESIAN_POINT('Control Point',(0.0609755369229,7.35565583234,7.83932843111)) ;
#3591=CARTESIAN_POINT('Control Point',(0.0576094894711,7.35490567461,7.82390557613)) ;
#3592=CARTESIAN_POINT('Control Point',(0.0503822877035,7.35341195179,7.79318960648)) ;
#3593=CARTESIAN_POINT('Control Point',(0.0416049564209,7.35193788492,7.76287197075)) ;
#3594=CARTESIAN_POINT('Control Point',(0.0364004609684,7.3512101823,7.74790881381)) ;
#3595=CARTESIAN_POINT('Control Point',(0.0299141621483,7.35031278433,7.72943798739)) ;
#3596=CARTESIAN_POINT('Control Point',(0.0196703590334,7.34951730654,7.71307173844)) ;
#3597=CARTESIAN_POINT('Control Point',(0.017955979361,7.34939201062,7.70990518494)) ;
#3598=CARTESIAN_POINT('Control Point',(0.0135971968709,7.34913597011,7.7056613402)) ;
#3599=CARTESIAN_POINT('Control Point',(0.00923430969402,7.34896672947,7.70141749547)) ;
#3600=CARTESIAN_POINT('Control Point',(0.00688286376839,7.34888878824,7.69951126821)) ;
#3601=CARTESIAN_POINT('Control Point',(0.000950804265244,7.3487818101,7.69874829572)) ;
#3602=CARTESIAN_POINT('Control Point',(-0.00498225794037,7.34883527387,7.69798532322)) ;
#3603=CARTESIAN_POINT('Control Point',(-0.00857903452066,7.34893945791,7.70065172567)) ;
#3604=CARTESIAN_POINT('Control Point',(-0.0151590217743,7.34918823327,7.7072368764)) ;
#3605=CARTESIAN_POINT('Control Point',(-0.0217294036989,7.34963440553,7.71382202713)) ;
#3606=CARTESIAN_POINT('Control Point',(-0.0238959458745,7.3498430321,7.71977322078)) ;
#3607=CARTESIAN_POINT('Control Point',(-0.0329648003901,7.35071378413,7.73769072195)) ;
#3608=CARTESIAN_POINT('Control Point',(-0.0395286446523,7.35163936239,7.75672785879)) ;
#3609=CARTESIAN_POINT('Control Point',(-0.0437903067364,7.35229691076,7.77025567843)) ;
#3610=CARTESIAN_POINT('Control Point',(-0.0513858685843,7.35361930497,7.79745434739)) ;
#3611=CARTESIAN_POINT('Control Point',(-0.0578128263081,7.35495635782,7.82494652371)) ;
#3612=CARTESIAN_POINT('Control Point',(-0.0608255045321,7.35562746506,7.83874467406)) ;
#3613=CARTESIAN_POINT('Control Point',(-0.0841833727391,7.36115489694,7.95237591197)) ;
#3614=CARTESIAN_POINT('Control Point',(-0.098054869327,7.36677635946,8.06781933183)) ;
#3615=CARTESIAN_POINT('Control Point',(-0.110568588142,7.37169812999,8.16881855095)) ;
#3616=CARTESIAN_POINT('Control Point',(-0.129182998546,7.38069288181,8.35322897485)) ;
#3617=CARTESIAN_POINT('Control Point',(-0.144377671421,7.38971669269,8.53794224604)) ;
#3618=CARTESIAN_POINT('Control Point',(-0.150683342906,7.39376312174,8.62072688188)) ;
#3619=CARTESIAN_POINT('Control Point',(-0.156569724851,7.39781144285,8.70347693341)) ;
#3620=CARTESIAN_POINT('Control Point',(-0.162106656237,7.40186999929,8.78637417807)) ;
#3629=CARTESIAN_POINT('Axis2P3D Location',(0.,-4.82531329555,1.3)) ;
#3635=CARTESIAN_POINT('Control Point',(-2.35039617917,-6.29292148954,1.3)) ;
#3636=CARTESIAN_POINT('Control Point',(-1.22568258601,-6.71300022983,1.3)) ;
#3637=CARTESIAN_POINT('Control Point',(3.10862446895E-015,-6.86510390302,1.3)) ;
#3638=CARTESIAN_POINT('Control Point',(1.22568258601,-6.71300022983,1.3)) ;
#3639=CARTESIAN_POINT('Control Point',(2.35039617917,-6.29292148954,1.3)) ;
#3640=CARTESIAN_POINT('Vertex',(2.35039617917,-6.29292148954,1.29958268738)) ;
#3644=CARTESIAN_POINT('Control Point',(2.59346730684,-6.03938833563,1.3)) ;
#3645=CARTESIAN_POINT('Control Point',(2.48291942675,-6.08686037507,1.3)) ;
#3646=CARTESIAN_POINT('Control Point',(2.39316694288,-6.18055515754,1.3)) ;
#3647=CARTESIAN_POINT('Control Point',(2.35039617917,-6.29292148954,1.3)) ;
#3648=CARTESIAN_POINT('Vertex',(2.59346730164,-6.03938831219,1.3)) ;
#3652=CARTESIAN_POINT('Control Point',(2.59346730164,-6.03938831219,1.3)) ;
#3653=CARTESIAN_POINT('Control Point',(3.13060508076,-5.80872765673,1.3)) ;
#3654=CARTESIAN_POINT('Control Point',(3.63674425101,-5.50600548625,1.3)) ;
#3655=CARTESIAN_POINT('Control Point',(4.09405876362,-5.1418835722,1.3)) ;
#3656=CARTESIAN_POINT('Vertex',(4.09405876362,-5.1418835722,1.3)) ;
#3660=CARTESIAN_POINT('Control Point',(4.09405859908,-5.14188373514,1.3)) ;
#3661=CARTESIAN_POINT('Control Point',(4.17781008529,-5.07519932387,1.3)) ;
#3662=CARTESIAN_POINT('Control Point',(4.2830174433,-5.03463044418,1.3)) ;
#3663=CARTESIAN_POINT('Control Point',(4.39647225572,-5.03133694409,1.3)) ;
#3664=CARTESIAN_POINT('Control Point',(4.50011903195,-5.06145131766,1.3)) ;
#3665=CARTESIAN_POINT('Vertex',(4.50011903195,-5.06145131766,1.3)) ;
#3669=CARTESIAN_POINT('Control Point',(4.50011903195,-5.06145131766,1.3)) ;
#3670=CARTESIAN_POINT('Control Point',(6.20894299414,-3.5421417853,1.3)) ;
#3671=CARTESIAN_POINT('Control Point',(7.28134537851,-1.30216456694,1.3)) ;
#3672=CARTESIAN_POINT('Control Point',(7.28134395923,1.30217250315,1.3)) ;
#3673=CARTESIAN_POINT('Control Point',(6.20893913342,3.54214855266,1.3)) ;
#3674=CARTESIAN_POINT('Control Point',(4.50011351528,5.06145622251,1.3)) ;
#3675=CARTESIAN_POINT('Vertex',(4.50011351528,5.06145622251,1.3)) ;
#3679=CARTESIAN_POINT('Control Point',(4.50011351528,5.06145622251,1.3)) ;
#3680=CARTESIAN_POINT('Control Point',(4.39645909823,5.03134102747,1.3)) ;
#3681=CARTESIAN_POINT('Control Point',(4.28301170251,5.03463895973,1.3)) ;
#3682=CARTESIAN_POINT('Control Point',(4.17780397014,5.07521021904,1.3)) ;
#3683=CARTESIAN_POINT('Control Point',(4.09405850977,5.14188987837,1.3)) ;
#3684=CARTESIAN_POINT('Vertex',(4.09405189353,5.14188904229,1.3)) ;
#3688=CARTESIAN_POINT('Control Point',(4.09405189353,5.14188904229,1.3)) ;
#3689=CARTESIAN_POINT('Control Point',(3.63673918331,5.50600852285,1.3)) ;
#3690=CARTESIAN_POINT('Control Point',(3.13060238851,5.80872881328,1.3)) ;
#3691=CARTESIAN_POINT('Control Point',(2.59346729766,6.0393883139,1.3)) ;
#3692=CARTESIAN_POINT('Vertex',(2.59346728974,6.03938831691,1.3)) ;
#3696=CARTESIAN_POINT('Control Point',(2.35038914898,6.29293961862,1.3)) ;
#3697=CARTESIAN_POINT('Control Point',(2.39315699722,6.18056626646,1.3)) ;
#3698=CARTESIAN_POINT('Control Point',(2.48291093395,6.08686402402,1.3)) ;
#3699=CARTESIAN_POINT('Control Point',(2.59346728974,6.03938831691,1.3)) ;
#3720=CARTESIAN_POINT('Control Point',(1.11022302463E-015,5.02102819099,1.3)) ;
#3721=CARTESIAN_POINT('Control Point',(-0.788701263913,5.02102819099,1.3)) ;
#3722=CARTESIAN_POINT('Control Point',(-1.57740252783,4.86616705995,1.3)) ;
#3723=CARTESIAN_POINT('Control Point',(-2.32550770239,4.55629175056,1.3)) ;
#3724=CARTESIAN_POINT('Control Point',(-3.65990643827,3.65990643827,1.3)) ;
#3725=CARTESIAN_POINT('Control Point',(-4.55629175056,2.32550770239,1.3)) ;
#3726=CARTESIAN_POINT('Control Point',(-4.86616705995,1.57740252783,1.3)) ;
#3727=CARTESIAN_POINT('Control Point',(-5.17588932202,1.24738158956E-014,1.3)) ;
#3728=CARTESIAN_POINT('Control Point',(-4.86616705995,-1.57740252783,1.3)) ;
#3729=CARTESIAN_POINT('Control Point',(-4.55629175056,-2.32550770239,1.3)) ;
#3730=CARTESIAN_POINT('Control Point',(-3.65990643827,-3.65990643827,1.3)) ;
#3731=CARTESIAN_POINT('Control Point',(-2.32550770239,-4.55629175056,1.3)) ;
#3732=CARTESIAN_POINT('Control Point',(-1.57740252783,-4.86616705995,1.3)) ;
#3733=CARTESIAN_POINT('Control Point',(-0.788701263913,-5.02102819099,1.3)) ;
#3734=CARTESIAN_POINT('Control Point',(-2.34213771855E-015,-5.02102819099,1.3)) ;
#3735=CARTESIAN_POINT('Vertex',(5.99681540957E-015,5.02102819099,1.3)) ;
#3737=CARTESIAN_POINT('Vertex',(3.53722096856E-015,-5.02102819099,1.3)) ;
#3741=CARTESIAN_POINT('Control Point',(-8.881784197E-016,-5.02102819099,1.3)) ;
#3742=CARTESIAN_POINT('Control Point',(0.788701263913,-5.02102819099,1.3)) ;
#3743=CARTESIAN_POINT('Control Point',(1.57740252783,-4.86616705995,1.3)) ;
#3744=CARTESIAN_POINT('Control Point',(2.32550770239,-4.55629175056,1.3)) ;
#3745=CARTESIAN_POINT('Control Point',(3.65990643827,-3.65990643827,1.3)) ;
#3746=CARTESIAN_POINT('Control Point',(4.55629175056,-2.32550770239,1.3)) ;
#3747=CARTESIAN_POINT('Control Point',(4.86616705995,-1.57740252783,1.3)) ;
#3748=CARTESIAN_POINT('Control Point',(5.17588932202,-4.81942886874E-015,1.3)) ;
#3749=CARTESIAN_POINT('Control Point',(4.86616705995,1.57740252783,1.3)) ;
#3750=CARTESIAN_POINT('Control Point',(4.55629175056,2.32550770239,1.3)) ;
#3751=CARTESIAN_POINT('Control Point',(3.65990643827,3.65990643827,1.3)) ;
#3752=CARTESIAN_POINT('Control Point',(2.32550770239,4.55629175056,1.3)) ;
#3753=CARTESIAN_POINT('Control Point',(1.57740252783,4.86616705995,1.3)) ;
#3754=CARTESIAN_POINT('Control Point',(0.788701263913,5.02102819099,1.3)) ;
#3755=CARTESIAN_POINT('Control Point',(1.7763568394E-015,5.02102819099,1.3)) ;
#3763=CARTESIAN_POINT('Control Point',(2.49056647313,6.34628954229,1.44797249339)) ;
#3764=CARTESIAN_POINT('Control Point',(2.48997627212,6.34606497461,1.40125838462)) ;
#3765=CARTESIAN_POINT('Control Point',(2.47238873752,6.3393714213,1.35479012376)) ;
#3766=CARTESIAN_POINT('Control Point',(2.43771515536,6.32617510733,1.31818838887)) ;
#3767=CARTESIAN_POINT('Control Point',(2.39405210551,6.30955748562,1.30000000011)) ;
#3768=CARTESIAN_POINT('Control Point',(2.35038906286,6.29293984488,1.3)) ;
#3769=CARTESIAN_POINT('Control Point',(2.50767368253,6.30130760596,1.44711959579)) ;
#3770=CARTESIAN_POINT('Control Point',(2.50687330916,6.30089490934,1.40057965696)) ;
#3771=CARTESIAN_POINT('Control Point',(2.49023690331,6.29133921826,1.35438718988)) ;
#3772=CARTESIAN_POINT('Control Point',(2.45773508889,6.2726130443,1.31805555714)) ;
#3773=CARTESIAN_POINT('Control Point',(2.41689241225,6.24906442749,1.30000000026)) ;
#3774=CARTESIAN_POINT('Control Point',(2.3760497528,6.22551577456,1.3)) ;
#3775=CARTESIAN_POINT('Control Point',(2.53377942828,6.25974892322,1.44633158417)) ;
#3776=CARTESIAN_POINT('Control Point',(2.53284631659,6.25906463148,1.39995443831)) ;
#3777=CARTESIAN_POINT('Control Point',(2.51775510238,6.24681629263,1.35401677523)) ;
#3778=CARTESIAN_POINT('Control Point',(2.48852479216,6.22300325828,1.31793342465)) ;
#3779=CARTESIAN_POINT('Control Point',(2.45186654305,6.19311284782,1.30000000029)) ;
#3780=CARTESIAN_POINT('Control Point',(2.41520831542,6.16322242189,1.3)) ;
#3781=CARTESIAN_POINT('Control Point',(2.56798988453,6.22401620091,1.44565405879)) ;
#3782=CARTESIAN_POINT('Control Point',(2.56704675366,6.22301840617,1.39941842698)) ;
#3783=CARTESIAN_POINT('Control Point',(2.55406161242,6.20841596766,1.35369983041)) ;
#3784=CARTESIAN_POINT('Control Point',(2.52908088014,6.18024769934,1.31782890375)) ;
#3785=CARTESIAN_POINT('Control Point',(2.49780193981,6.14495503445,1.30000000062)) ;
#3786=CARTESIAN_POINT('Control Point',(2.46652309208,6.10966232539,1.3)) ;
#3787=CARTESIAN_POINT('Control Point',(2.60839607399,6.19613740636,1.44512541925)) ;
#3788=CARTESIAN_POINT('Control Point',(2.60756709075,6.19486106637,1.39900086146)) ;
#3789=CARTESIAN_POINT('Control Point',(2.59713152974,6.17840544306,1.35345318296)) ;
#3790=CARTESIAN_POINT('Control Point',(2.57714186399,6.14684675105,1.31774755822)) ;
#3791=CARTESIAN_POINT('Control Point',(2.5521376431,6.10736025778,1.30000000006)) ;
#3792=CARTESIAN_POINT('Control Point',(2.52713343174,6.06787376029,1.3)) ;
#3793=CARTESIAN_POINT('Control Point',(2.65261857021,6.17713344973,1.44476507563)) ;
#3794=CARTESIAN_POINT('Control Point',(2.6519840594,6.17565587346,1.39871645202)) ;
#3795=CARTESIAN_POINT('Control Point',(2.64437278196,6.1579315526,1.35328527657)) ;
#3796=CARTESIAN_POINT('Control Point',(2.62982937608,6.12406443496,1.31769217976)) ;
#3797=CARTESIAN_POINT('Control Point',(2.61164833261,6.08172637607,1.3)) ;
#3798=CARTESIAN_POINT('Control Point',(2.59346728974,6.03938831691,1.3)) ;
#3800=CARTESIAN_POINT('Control Point',(2.65261857021,6.17713344973,1.44476507563)) ;
#3801=CARTESIAN_POINT('Control Point',(2.6518254317,6.17528647939,1.38720429611)) ;
#3802=CARTESIAN_POINT('Control Point',(2.63918960927,6.14586153913,1.33000764832)) ;
#3803=CARTESIAN_POINT('Control Point',(2.61619359332,6.09231089085,1.3)) ;
#3804=CARTESIAN_POINT('Control Point',(2.59346728974,6.03938831691,1.3)) ;
#3805=CARTESIAN_POINT('Vertex',(2.65261857045,6.17713344991,1.44476507562)) ;
#3809=CARTESIAN_POINT('Control Point',(2.49056647313,6.34628954229,1.44797249339)) ;
#3810=CARTESIAN_POINT('Control Point',(2.49757572976,6.32785930459,1.44762303966)) ;
#3811=CARTESIAN_POINT('Control Point',(2.50609561414,6.310003745,1.44728447865)) ;
#3812=CARTESIAN_POINT('Control Point',(2.51606394863,6.29288779755,1.4469599346)) ;
#3813=CARTESIAN_POINT('Control Point',(2.54371182619,6.25329557719,1.44620920174)) ;
#3814=CARTESIAN_POINT('Control Point',(2.57878714571,6.21984987209,1.44557505182)) ;
#3815=CARTESIAN_POINT('Control Point',(2.60174142318,6.20266076745,1.44524911744)) ;
#3816=CARTESIAN_POINT('Control Point',(2.62651514986,6.18835100438,1.44497777735)) ;
#3817=CARTESIAN_POINT('Control Point',(2.65261857021,6.17713344973,1.44476507563)) ;
#3827=CARTESIAN_POINT('Control Point',(4.18743505117,-5.25915876976,1.44476507413)) ;
#3828=CARTESIAN_POINT('Control Point',(4.18643341196,-5.257900773,1.39871645084)) ;
#3829=CARTESIAN_POINT('Control Point',(4.17441821971,-5.24281043647,1.35328527588)) ;
#3830=CARTESIAN_POINT('Control Point',(4.15145994006,-5.21397626061,1.31769217953)) ;
#3831=CARTESIAN_POINT('Control Point',(4.12275926957,-5.17792999787,1.3)) ;
#3832=CARTESIAN_POINT('Control Point',(4.09405859908,-5.14188373514,1.3)) ;
#3833=CARTESIAN_POINT('Control Point',(4.24407875832,-5.2139362235,1.44203585271)) ;
#3834=CARTESIAN_POINT('Control Point',(4.24286830106,-5.21179721445,1.39656234977)) ;
#3835=CARTESIAN_POINT('Control Point',(4.23422767021,-5.19352290122,1.35201356241)) ;
#3836=CARTESIAN_POINT('Control Point',(4.21831177734,-5.15935132968,1.31727274668)) ;
#3837=CARTESIAN_POINT('Control Point',(4.19859075231,-5.11685347394,1.3)) ;
#3838=CARTESIAN_POINT('Control Point',(4.17886972726,-5.07435561823,1.3)) ;
#3839=CARTESIAN_POINT('Control Point',(4.31432770359,-5.18557565376,1.43967554728)) ;
#3840=CARTESIAN_POINT('Control Point',(4.31344974359,-5.18244550018,1.3947180836)) ;
#3841=CARTESIAN_POINT('Control Point',(4.30929386805,-5.16197373401,1.35093221277)) ;
#3842=CARTESIAN_POINT('Control Point',(4.30199089279,-5.12457474121,1.31691590387)) ;
#3843=CARTESIAN_POINT('Control Point',(4.29304893891,-5.078328044,1.30000001165)) ;
#3844=CARTESIAN_POINT('Control Point',(4.28410717456,-5.03208119185,1.3)) ;
#3845=CARTESIAN_POINT('Control Point',(4.39180451347,-5.17976242785,1.43801319379)) ;
#3846=CARTESIAN_POINT('Control Point',(4.39191018061,-5.17598298834,1.39343213666)) ;
#3847=CARTESIAN_POINT('Control Point',(4.39300223567,-5.1548677262,1.35018322258)) ;
#3848=CARTESIAN_POINT('Control Point',(4.39506993258,-5.11694259117,1.31666857171)) ;
#3849=CARTESIAN_POINT('Control Point',(4.39764917051,-5.07024336332,1.29999999726)) ;
#3850=CARTESIAN_POINT('Control Point',(4.40022856824,-5.02354423724,1.3)) ;
#3851=CARTESIAN_POINT('Control Point',(4.4658279927,-5.19805637806,1.43730734623)) ;
#3852=CARTESIAN_POINT('Control Point',(4.46698662768,-5.19435387125,1.39288487746)) ;
#3853=CARTESIAN_POINT('Control Point',(4.47315147518,-5.17441647511,1.34986399285)) ;
#3854=CARTESIAN_POINT('Control Point',(4.48415882034,-5.13876540101,1.31656318031)) ;
#3855=CARTESIAN_POINT('Control Point',(4.49769246855,-5.09491555042,1.30000000009)) ;
#3856=CARTESIAN_POINT('Control Point',(4.51122610928,-5.05106569527,1.3)) ;
#3857=CARTESIAN_POINT('Control Point',(4.52838961975,-5.23547118257,1.43752252417)) ;
#3858=CARTESIAN_POINT('Control Point',(4.53029411304,-5.23228487953,1.3930516762)) ;
#3859=CARTESIAN_POINT('Control Point',(4.54068334084,-5.21490323905,1.34996127789)) ;
#3860=CARTESIAN_POINT('Control Point',(4.55929025871,-5.18377303856,1.3165952995)) ;
#3861=CARTESIAN_POINT('Control Point',(4.58218544007,-5.14546838333,1.3)) ;
#3862=CARTESIAN_POINT('Control Point',(4.60508062164,-5.10716372823,1.3)) ;
#3864=CARTESIAN_POINT('Control Point',(4.18743505117,-5.25915876976,1.44476507413)) ;
#3865=CARTESIAN_POINT('Control Point',(4.18618300215,-5.25758627382,1.38720429502)) ;
#3866=CARTESIAN_POINT('Control Point',(4.16623604274,-5.23253412948,1.33000764791)) ;
#3867=CARTESIAN_POINT('Control Point',(4.12993443719,-5.18694156356,1.3)) ;
#3868=CARTESIAN_POINT('Control Point',(4.09405859908,-5.14188373514,1.3)) ;
#3869=CARTESIAN_POINT('Vertex',(4.18743501652,-5.25915876549,1.44476507549)) ;
#3873=CARTESIAN_POINT('Control Point',(4.18743505117,-5.25915876976,1.44476507413)) ;
#3874=CARTESIAN_POINT('Control Point',(4.20350067068,-5.2463324867,1.44399099639)) ;
#3875=CARTESIAN_POINT('Control Point',(4.22066074483,-5.2348626421,1.44324659559)) ;
#3876=CARTESIAN_POINT('Control Point',(4.23876441916,-5.22487697857,1.44253937977)) ;
#3877=CARTESIAN_POINT('Control Point',(4.2764988647,-5.20808968464,1.4412140629)) ;
#3878=CARTESIAN_POINT('Control Point',(4.31658087169,-5.19793660522,1.44009016718)) ;
#3879=CARTESIAN_POINT('Control Point',(4.33700588325,-5.19459338163,1.43958510202)) ;
#3880=CARTESIAN_POINT('Control Point',(4.38843602499,-5.19067399268,1.4384796733)) ;
#3881=CARTESIAN_POINT('Control Point',(4.43981746812,-5.19780050039,1.4377836497)) ;
#3882=CARTESIAN_POINT('Control Point',(4.46988455424,-5.20604734237,1.43752706571)) ;
#3883=CARTESIAN_POINT('Control Point',(4.49923766091,-5.21838666906,1.43743518876)) ;
#3884=CARTESIAN_POINT('Control Point',(4.52648589941,-5.23434065589,1.43751627176)) ;
#3885=CARTESIAN_POINT('Control Point',(4.52712164224,-5.2347155348,1.43751826146)) ;
#3886=CARTESIAN_POINT('Control Point',(4.52775621844,-5.2350923787,1.43752034561)) ;
#3887=CARTESIAN_POINT('Control Point',(4.52838961975,-5.23547118257,1.43752252417)) ;
#3888=CARTESIAN_POINT('Vertex',(4.52829537857,-5.23611919889,1.44476507549)) ;
#3892=CARTESIAN_POINT('Control Point',(4.50011903195,-5.06145131766,1.3)) ;
#3893=CARTESIAN_POINT('Control Point',(4.51370141417,-5.12162548715,1.30000000036)) ;
#3894=CARTESIAN_POINT('Control Point',(4.52339534162,-5.1761289338,1.32301817445)) ;
#3895=CARTESIAN_POINT('Control Point',(4.52780454068,-5.22877742415,1.37228586605)) ;
#3896=CARTESIAN_POINT('Control Point',(4.52838961975,-5.23547118257,1.43752252417)) ;
#3905=CARTESIAN_POINT('Axis2P3D Location',(0.,-4.4408920985E-016,1.45)) ;
#3910=CARTESIAN_POINT('Axis2P3D Location',(0.,-4.4408920985E-016,1.44476507549)) ;
#3914=CARTESIAN_POINT('Vertex',(4.5285440478,5.23556972326,1.43752215429)) ;
#3918=CARTESIAN_POINT('Control Point',(4.50011351528,5.06145622251,1.3)) ;
#3919=CARTESIAN_POINT('Control Point',(4.51364681101,5.12141130804,1.3)) ;
#3920=CARTESIAN_POINT('Control Point',(4.52353360877,5.17708384756,1.32350759359)) ;
#3921=CARTESIAN_POINT('Control Point',(4.52780212492,5.22880515569,1.37252314883)) ;
#3922=CARTESIAN_POINT('Control Point',(4.52838515966,5.23547493545,1.43752157422)) ;
#3932=CARTESIAN_POINT('Control Point',(4.52838515966,5.23547493545,1.43752157422)) ;
#3933=CARTESIAN_POINT('Control Point',(4.53028978319,5.23228839938,1.39305093972)) ;
#3934=CARTESIAN_POINT('Control Point',(4.54067883817,5.21490651936,1.34996084828)) ;
#3935=CARTESIAN_POINT('Control Point',(4.55928525437,5.18377611339,1.31659515764)) ;
#3936=CARTESIAN_POINT('Control Point',(4.58217974798,5.14547126853,1.29999999997)) ;
#3937=CARTESIAN_POINT('Control Point',(4.60507422549,5.10716641396,1.3)) ;
#3938=CARTESIAN_POINT('Control Point',(4.46582502432,5.19806239138,1.43730632478)) ;
#3939=CARTESIAN_POINT('Control Point',(4.46698382121,5.19435965104,1.39288408553)) ;
#3940=CARTESIAN_POINT('Control Point',(4.47314864761,5.17442217221,1.3498635303)) ;
#3941=CARTESIAN_POINT('Control Point',(4.48415575804,5.13877120797,1.31656302658)) ;
#3942=CARTESIAN_POINT('Control Point',(4.49768903127,5.09492156152,1.29999999915)) ;
#3943=CARTESIAN_POINT('Control Point',(4.51122225919,5.05107189331,1.3)) ;
#3944=CARTESIAN_POINT('Control Point',(4.39181322277,5.17977532894,1.4380121457)) ;
#3945=CARTESIAN_POINT('Control Point',(4.3919195485,5.17599590237,1.39343132303)) ;
#3946=CARTESIAN_POINT('Control Point',(4.39301283892,5.154881231,1.35018274651)) ;
#3947=CARTESIAN_POINT('Control Point',(4.39508223381,5.11695726598,1.31666841287)) ;
#3948=CARTESIAN_POINT('Control Point',(4.39766327304,5.07025945603,1.2999999957)) ;
#3949=CARTESIAN_POINT('Control Point',(4.40024428478,5.02356166434,1.3)) ;
#3950=CARTESIAN_POINT('Control Point',(4.31431580843,5.18558685382,1.439674638)) ;
#3951=CARTESIAN_POINT('Control Point',(4.31343827413,5.18245618139,1.39471738063)) ;
#3952=CARTESIAN_POINT('Control Point',(4.3092822766,5.16198422289,1.35093179385)) ;
#3953=CARTESIAN_POINT('Control Point',(4.30197854157,5.12458546646,1.31691575122)) ;
#3954=CARTESIAN_POINT('Control Point',(4.29303534206,5.07833933111,1.29999999837)) ;
#3955=CARTESIAN_POINT('Control Point',(4.28409212628,5.03209317282,1.3)) ;
#3956=CARTESIAN_POINT('Control Point',(4.24407419101,5.2139458996,1.44203504212)) ;
#3957=CARTESIAN_POINT('Control Point',(4.24286372974,5.21180661946,1.39656171642)) ;
#3958=CARTESIAN_POINT('Control Point',(4.2342229178,5.19353233192,1.35201318954)) ;
#3959=CARTESIAN_POINT('Control Point',(4.21830666387,5.15936113871,1.31727262147)) ;
#3960=CARTESIAN_POINT('Control Point',(4.19858515506,5.11686387129,1.29999999801)) ;
#3961=CARTESIAN_POINT('Control Point',(4.17886360377,5.07436663184,1.3)) ;
#3962=CARTESIAN_POINT('Control Point',(4.18743490644,5.25916494784,1.44476424889)) ;
#3963=CARTESIAN_POINT('Control Point',(4.1864331608,5.25790672417,1.39871580045)) ;
#3964=CARTESIAN_POINT('Control Point',(4.17441796348,5.24281624035,1.35328489169)) ;
#3965=CARTESIAN_POINT('Control Point',(4.15145980269,5.21398204329,1.31769205201)) ;
#3966=CARTESIAN_POINT('Control Point',(4.12275930796,5.17793583988,1.29999999926)) ;
#3967=CARTESIAN_POINT('Control Point',(4.09405879674,5.14188964988,1.3)) ;
#3969=CARTESIAN_POINT('Control Point',(4.52838515966,5.23547493545,1.43752157422)) ;
#3970=CARTESIAN_POINT('Control Point',(4.51012091025,5.22455245211,1.43745873277)) ;
#3971=CARTESIAN_POINT('Control Point',(4.4908805998,5.21526009291,1.43747439701)) ;
#3972=CARTESIAN_POINT('Control Point',(4.4708600132,5.20771616182,1.43756929422)) ;
#3973=CARTESIAN_POINT('Control Point',(4.42035399743,5.19369231741,1.43799390926)) ;
#3974=CARTESIAN_POINT('Control Point',(4.36782588484,5.19089854978,1.43887157136)) ;
#3975=CARTESIAN_POINT('Control Point',(4.33669194532,5.1932969071,1.43954169645)) ;
#3976=CARTESIAN_POINT('Control Point',(4.28589625131,5.20391512312,1.4408830314)) ;
#3977=CARTESIAN_POINT('Control Point',(4.23876410581,5.22488333664,1.44253842338)) ;
#3978=CARTESIAN_POINT('Control Point',(4.22065912053,5.23486980153,1.44324571475)) ;
#3979=CARTESIAN_POINT('Control Point',(4.20349986276,5.24633918494,1.44399014682)) ;
#3980=CARTESIAN_POINT('Control Point',(4.18743490644,5.25916494784,1.44476424889)) ;
#3981=CARTESIAN_POINT('Vertex',(4.18742820704,5.25916418731,1.44476507549)) ;
#3985=CARTESIAN_POINT('Control Point',(4.18743490644,5.25916494784,1.44476424889)) ;
#3986=CARTESIAN_POINT('Control Point',(4.1861827244,5.25759216825,1.38720368833)) ;
#3987=CARTESIAN_POINT('Control Point',(4.16623580676,5.2325398776,1.33000742535)) ;
#3988=CARTESIAN_POINT('Control Point',(4.12993443576,5.18694738738,1.29999999907)) ;
#3989=CARTESIAN_POINT('Control Point',(4.09405879674,5.14188964988,1.3)) ;
#3998=CARTESIAN_POINT('Axis2P3D Location',(1.7763568394E-015,2.22044604925E-015,1.45)) ;
#4003=CARTESIAN_POINT('Axis2P3D Location',(1.7763568394E-015,2.22044604925E-015,1.44476507549)) ;
#4015=CARTESIAN_POINT('Axis2P3D Location',(1.33226762955E-015,-5.3290705182E-015,1.45)) ;
#4020=CARTESIAN_POINT('Axis2P3D Location',(2.59346729754,-6.03938831395,1.45)) ;
#4024=CARTESIAN_POINT('Vertex',(2.65261857032,-6.17713344996,1.44476507549)) ;
#4027=CARTESIAN_POINT('Axis2P3D Location',(1.33226762955E-015,-5.3290705182E-015,1.44476507549)) ;
#4040=CARTESIAN_POINT('Control Point',(2.6526185778,-6.17713346412,1.4447650728)) ;
#4041=CARTESIAN_POINT('Control Point',(2.65198410623,-6.17565587086,1.39871644994)) ;
#4042=CARTESIAN_POINT('Control Point',(2.64437287589,-6.15793153073,1.35328527532)) ;
#4043=CARTESIAN_POINT('Control Point',(2.62982951724,-6.12406439492,1.31769217925)) ;
#4044=CARTESIAN_POINT('Control Point',(2.6116485104,-6.08172632302,1.29999999991)) ;
#4045=CARTESIAN_POINT('Control Point',(2.59346748935,-6.03938825725,1.3)) ;
#4046=CARTESIAN_POINT('Control Point',(2.60839947108,-6.19613595395,1.4451253873)) ;
#4047=CARTESIAN_POINT('Control Point',(2.60757054119,-6.19485957411,1.39900083646)) ;
#4048=CARTESIAN_POINT('Control Point',(2.59713524287,-6.17840382497,1.35345316818)) ;
#4049=CARTESIAN_POINT('Control Point',(2.57714604104,-6.14684492806,1.31774755321)) ;
#4050=CARTESIAN_POINT('Control Point',(2.55214237915,-6.10735819523,1.29999999993)) ;
#4051=CARTESIAN_POINT('Control Point',(2.5271387122,-6.06787146731,1.3)) ;
#4052=CARTESIAN_POINT('Control Point',(2.5679950844,-6.22401236509,1.44565397393)) ;
#4053=CARTESIAN_POINT('Control Point',(2.56705208514,-6.22301446498,1.39941836058)) ;
#4054=CARTESIAN_POINT('Control Point',(2.55406741234,-6.20841169221,1.35369979117)) ;
#4055=CARTESIAN_POINT('Control Point',(2.52908746229,-6.18024287928,1.31782889046)) ;
#4056=CARTESIAN_POINT('Control Point',(2.4978094382,-6.14494957768,1.3000000003)) ;
#4057=CARTESIAN_POINT('Control Point',(2.4665314618,-6.10965625703,1.3)) ;
#4058=CARTESIAN_POINT('Control Point',(2.53378614746,-6.25974035472,1.44633143786)) ;
#4059=CARTESIAN_POINT('Control Point',(2.53285301983,-6.25905608884,1.39995432124)) ;
#4060=CARTESIAN_POINT('Control Point',(2.51776220973,-6.24680729779,1.35401670556)) ;
#4061=CARTESIAN_POINT('Control Point',(2.48853273225,-6.22299332177,1.31793340168)) ;
#4062=CARTESIAN_POINT('Control Point',(2.45187554326,-6.19310168788,1.30000000029)) ;
#4063=CARTESIAN_POINT('Control Point',(2.41521837738,-6.1632100037,1.3)) ;
#4064=CARTESIAN_POINT('Control Point',(2.50767946595,-6.30129843632,1.4471194076)) ;
#4065=CARTESIAN_POINT('Control Point',(2.50687910879,-6.30088560119,1.40057950848)) ;
#4066=CARTESIAN_POINT('Control Point',(2.49024310043,-6.29132922226,1.35438710199)) ;
#4067=CARTESIAN_POINT('Control Point',(2.45774206628,-6.27260183287,1.31805552785)) ;
#4068=CARTESIAN_POINT('Control Point',(2.4169003593,-6.24905174601,1.29999999998)) ;
#4069=CARTESIAN_POINT('Control Point',(2.37605865152,-6.22550165324,1.3)) ;
#4070=CARTESIAN_POINT('Control Point',(2.49057110582,-6.34627759063,1.44797225002)) ;
#4071=CARTESIAN_POINT('Control Point',(2.48998088269,-6.3460528802,1.40125819206)) ;
#4072=CARTESIAN_POINT('Control Point',(2.47239364732,-6.33935845614,1.35479000967)) ;
#4073=CARTESIAN_POINT('Control Point',(2.43772069472,-6.32616056398,1.31818835105)) ;
#4074=CARTESIAN_POINT('Control Point',(2.39405844012,-6.30954101845,1.29999999992)) ;
#4075=CARTESIAN_POINT('Control Point',(2.35039617917,-6.29292148954,1.3)) ;
#4077=CARTESIAN_POINT('Control Point',(2.49057110582,-6.34627759063,1.44797225002)) ;
#4078=CARTESIAN_POINT('Control Point',(2.48983332691,-6.3459967026,1.38957967757)) ;
#4079=CARTESIAN_POINT('Control Point',(2.46023095544,-6.33472884471,1.3308779189)) ;
#4080=CARTESIAN_POINT('Control Point',(2.40497400535,-6.31369590068,1.2999999999)) ;
#4081=CARTESIAN_POINT('Control Point',(2.35039617917,-6.29292148954,1.3)) ;
#4082=CARTESIAN_POINT('Vertex',(2.49057107449,-6.34627758571,1.44797225021)) ;
#4086=CARTESIAN_POINT('Control Point',(2.6526185778,-6.17713346412,1.4447650728)) ;
#4087=CARTESIAN_POINT('Control Point',(2.64359180167,-6.18101258413,1.44483862649)) ;
#4088=CARTESIAN_POINT('Control Point',(2.63472399295,-6.18526149909,1.44491919243)) ;
#4089=CARTESIAN_POINT('Control Point',(2.62603532005,-6.18987146023,1.44500660475)) ;
#4090=CARTESIAN_POINT('Control Point',(2.59193247675,-6.20979711416,1.44538442731)) ;
#4091=CARTESIAN_POINT('Control Point',(2.56133134431,-6.23518747651,1.4458658478)) ;
#4092=CARTESIAN_POINT('Control Point',(2.54083106772,-6.25701149054,1.44627965237)) ;
#4093=CARTESIAN_POINT('Control Point',(2.51808973373,-6.28818961065,1.44687085012)) ;
#4094=CARTESIAN_POINT('Control Point',(2.50068049778,-6.32233213552,1.44751822437)) ;
#4095=CARTESIAN_POINT('Control Point',(2.49702258957,-6.33019373843,1.44766728692)) ;
#4096=CARTESIAN_POINT('Control Point',(2.49365103473,-6.33818022789,1.44781871724)) ;
#4097=CARTESIAN_POINT('Control Point',(2.49057110582,-6.34627759063,1.44797225002)) ;
#4106=CARTESIAN_POINT('Axis2P3D Location',(1.11022302463E-015,-1.33226762955E-015,0.55)) ;
#4111=CARTESIAN_POINT('Axis2P3D Location',(1.7746391544E-014,7.49226423446,0.55)) ;
#4115=CARTESIAN_POINT('Vertex',(-5.67436764243E-009,7.49226423446,0.4)) ;
#4118=CARTESIAN_POINT('Axis2P3D Location',(-7.49226423446,4.49039135222E-015,0.55)) ;
#4122=CARTESIAN_POINT('Vertex',(-7.49226423446,-1.82912487933E-007,0.4)) ;
#4125=CARTESIAN_POINT('Axis2P3D Location',(1.11022302463E-015,-1.33226762955E-015,0.4)) ;
#4137=CARTESIAN_POINT('Axis2P3D Location',(2.22044604925E-016,0.,0.55)) ;
#4142=CARTESIAN_POINT('Axis2P3D Location',(2.22044604925E-016,0.,0.4)) ;
#4155=CARTESIAN_POINT('Control Point',(4.17057662563,6.12400996532,9.85078539457)) ;
#4156=CARTESIAN_POINT('Control Point',(4.1695433627,6.1246763232,9.85078547373)) ;
#4157=CARTESIAN_POINT('Control Point',(4.16851829314,6.1253553858,9.85078547373)) ;
#4158=CARTESIAN_POINT('Control Point',(4.16750172684,6.12604694785,9.85078539457)) ;
#4159=CARTESIAN_POINT('Control Point',(4.17033066176,6.12363847312,9.76570073394)) ;
#4160=CARTESIAN_POINT('Control Point',(4.16929733682,6.12430486991,9.76570081311)) ;
#4161=CARTESIAN_POINT('Control Point',(4.16827220621,6.12498397295,9.76570081311)) ;
#4162=CARTESIAN_POINT('Control Point',(4.16725557988,6.12567557691,9.76570073394)) ;
#4163=CARTESIAN_POINT('Control Point',(4.17008469791,6.1232669809,9.68061607331)) ;
#4164=CARTESIAN_POINT('Control Point',(4.16905131094,6.12393341662,9.68061615248)) ;
#4165=CARTESIAN_POINT('Control Point',(4.16802611927,6.12461256009,9.68061615248)) ;
#4166=CARTESIAN_POINT('Control Point',(4.1670094329,6.12530420597,9.68061607331)) ;
#4167=CARTESIAN_POINT('Control Point',(4.17049316881,6.12247372327,9.59550559996)) ;
#4168=CARTESIAN_POINT('Control Point',(4.16903297211,6.1234359537,9.5955055796)) ;
#4169=CARTESIAN_POINT('Control Point',(4.16757507222,6.12440174445,9.59550553706)) ;
#4170=CARTESIAN_POINT('Control Point',(4.16611955499,6.12537103861,9.59550547233)) ;
#4171=CARTESIAN_POINT('Control Point',(4.16869237169,6.12257426959,9.42538790413)) ;
#4172=CARTESIAN_POINT('Control Point',(4.16808554627,6.12294506629,9.42538808287)) ;
#4173=CARTESIAN_POINT('Control Point',(4.16749281853,6.12333772429,9.42538812542)) ;
#4174=CARTESIAN_POINT('Control Point',(4.16691472282,6.12375188961,9.42538803176)) ;
#4175=CARTESIAN_POINT('Control Point',(4.16950931357,6.12098775422,9.25516695743)) ;
#4176=CARTESIAN_POINT('Control Point',(4.16804886866,6.1219501404,9.25516693711)) ;
#4177=CARTESIAN_POINT('Control Point',(4.16659072441,6.12291609297,9.25516689457)) ;
#4178=CARTESIAN_POINT('Control Point',(4.16513496693,6.1238855549,9.2551668298)) ;
#4179=CARTESIAN_POINT('Control Point',(4.16545676309,6.12306976418,9.17023245563)) ;
#4180=CARTESIAN_POINT('Control Point',(4.16648627034,6.12232358658,9.17023290608)) ;
#4181=CARTESIAN_POINT('Control Point',(4.16754477827,6.12162238257,9.17023307634)) ;
#4182=CARTESIAN_POINT('Control Point',(4.16863338884,6.12096542214,9.17023296641)) ;
#4183=CARTESIAN_POINT('Control Point',(4.17154125498,6.11861750532,9.08489804346)) ;
#4184=CARTESIAN_POINT('Control Point',(4.16841398016,6.12068917513,9.08489792987)) ;
#4185=CARTESIAN_POINT('Control Point',(4.16528670774,6.12276084592,9.08489781627)) ;
#4186=CARTESIAN_POINT('Control Point',(4.16215943397,6.1248325202,9.08489770266)) ;
#4187=CARTESIAN_POINT('Control Point',(4.16656629283,6.12129518124,9.)) ;
#4188=CARTESIAN_POINT('Control Point',(4.16656629283,6.12129518124,9.)) ;
#4189=CARTESIAN_POINT('Control Point',(4.16656629283,6.12129518124,9.)) ;
#4190=CARTESIAN_POINT('Control Point',(4.16656629283,6.12129518124,9.)) ;
#4197=CARTESIAN_POINT('Line Origine',(2.47092111588,0.,9.)) ;
#4201=CARTESIAN_POINT('Vertex',(2.47092111588,6.73919903826,9.)) ;
#4205=CARTESIAN_POINT('Control Point',(2.65690229581,6.4615130974,9.)) ;
#4206=CARTESIAN_POINT('Control Point',(2.57503830731,6.49517465866,9.)) ;
#4207=CARTESIAN_POINT('Control Point',(2.50587414735,6.56154412479,9.)) ;
#4208=CARTESIAN_POINT('Control Point',(2.47092111588,6.65072383386,9.)) ;
#4209=CARTESIAN_POINT('Control Point',(2.47092111588,6.73919903826,9.)) ;
#4210=CARTESIAN_POINT('Vertex',(2.65690229581,6.4615130974,9.)) ;
#4214=CARTESIAN_POINT('Control Point',(3.92273396927,5.7812143641,9.)) ;
#4215=CARTESIAN_POINT('Control Point',(3.52564747713,6.05064991403,9.)) ;
#4216=CARTESIAN_POINT('Control Point',(3.10071555168,6.27902202439,9.)) ;
#4217=CARTESIAN_POINT('Control Point',(2.65690229581,6.4615130974,9.)) ;
#4218=CARTESIAN_POINT('Vertex',(3.92273396746,5.78121436533,9.)) ;
#4222=CARTESIAN_POINT('Control Point',(3.92273398611,5.78121437721,9.)) ;
#4223=CARTESIAN_POINT('Control Point',(3.99762930791,5.73039556935,9.)) ;
#4224=CARTESIAN_POINT('Control Point',(4.09385939963,5.7091487079,9.)) ;
#4225=CARTESIAN_POINT('Control Point',(4.19027485523,5.73183623159,9.)) ;
#4226=CARTESIAN_POINT('Control Point',(4.26446076491,5.7843953799,9.)) ;
#4227=CARTESIAN_POINT('Vertex',(4.26446076491,5.7843953799,9.)) ;
#4231=CARTESIAN_POINT('Control Point',(6.81898400724,2.26854857465,9.)) ;
#4232=CARTESIAN_POINT('Control Point',(6.47056265317,3.31586123426,9.)) ;
#4233=CARTESIAN_POINT('Control Point',(5.90743008365,4.29218571997,9.)) ;
#4234=CARTESIAN_POINT('Control Point',(5.15287324735,5.12942629055,9.)) ;
#4235=CARTESIAN_POINT('Control Point',(4.26446076491,5.7843953799,9.)) ;
#4236=CARTESIAN_POINT('Vertex',(6.81898400724,2.26854857465,9.)) ;
#4239=CARTESIAN_POINT('Line Origine',(0.,2.26854857465,9.)) ;
#4257=CARTESIAN_POINT('Axis2P3D Location',(4.77398267419,2.26854857465,8.85)) ;
#4263=CARTESIAN_POINT('Control Point',(6.86180839793,2.11875414444,8.85785039344)) ;
#4264=CARTESIAN_POINT('Control Point',(6.86189609297,2.11897981678,8.86215647827)) ;
#4265=CARTESIAN_POINT('Control Point',(6.86198378801,2.1193602209,8.86645445395)) ;
#4266=CARTESIAN_POINT('Control Point',(6.86191919914,2.11970772528,8.86893905167)) ;
#4267=CARTESIAN_POINT('Control Point',(6.86183896785,2.12117103211,8.87911512228)) ;
#4268=CARTESIAN_POINT('Control Point',(6.86157810538,2.12281059036,8.88584297868)) ;
#4269=CARTESIAN_POINT('Control Point',(6.8613757349,2.12400433858,8.89041665223)) ;
#4270=CARTESIAN_POINT('Control Point',(6.86052375095,2.12848940062,8.90510812345)) ;
#4271=CARTESIAN_POINT('Control Point',(6.85945997455,2.13306511618,8.91487370597)) ;
#4272=CARTESIAN_POINT('Control Point',(6.85874572179,2.13605872523,8.92081994169)) ;
#4273=CARTESIAN_POINT('Control Point',(6.85654378688,2.1448946418,8.93594853775)) ;
#4274=CARTESIAN_POINT('Control Point',(6.85417572123,2.15374493998,8.94707055342)) ;
#4275=CARTESIAN_POINT('Control Point',(6.85270037286,2.15912881425,8.9530448201)) ;
#4276=CARTESIAN_POINT('Control Point',(6.84561226878,2.18444508848,8.97775911127)) ;
#4277=CARTESIAN_POINT('Control Point',(6.83795970141,2.20970303461,8.99000062112)) ;
#4278=CARTESIAN_POINT('Control Point',(6.83186003681,2.22925439591,8.9967929011)) ;
#4279=CARTESIAN_POINT('Control Point',(6.82551043012,2.2489309329,9.)) ;
#4280=CARTESIAN_POINT('Control Point',(6.81898400724,2.26854857465,9.)) ;
#4281=CARTESIAN_POINT('Vertex',(6.86180839793,2.11875414444,8.85785039344)) ;
#4284=CARTESIAN_POINT('Line Origine',(4.77398267419,2.11875414444,8.85785039344)) ;
#4296=CARTESIAN_POINT('Axis2P3D Location',(2.47092111588,7.22021245956,8.815)) ;
#4302=CARTESIAN_POINT('Control Point',(2.47092111588,6.87233467617,8.79054467717)) ;
#4303=CARTESIAN_POINT('Control Point',(2.47092111588,6.74214313846,6.34352598757)) ;
#4304=CARTESIAN_POINT('Control Point',(2.47092111588,6.61157577651,3.89653572325)) ;
#4305=CARTESIAN_POINT('Control Point',(2.47092111588,6.48056025652,1.44958268738)) ;
#4308=CARTESIAN_POINT('Control Point',(2.47092111588,6.45320470899,1.44958268738)) ;
#4309=CARTESIAN_POINT('Control Point',(2.47092111588,6.54885248358,3.96637168909)) ;
#4310=CARTESIAN_POINT('Control Point',(2.47092111588,6.6441705245,6.48317864763)) ;
#4311=CARTESIAN_POINT('Control Point',(2.47092111588,6.73919903826,9.)) ;
#4322=CARTESIAN_POINT('Control Point',(2.47092111588,6.8751708822,8.84385379263)) ;
#4323=CARTESIAN_POINT('Control Point',(2.47092111587,6.91248780465,8.84186846151)) ;
#4324=CARTESIAN_POINT('Control Point',(2.45928366386,6.94980472711,8.83988313039)) ;
#4325=CARTESIAN_POINT('Control Point',(2.43594332315,6.9822577866,8.83815656601)) ;
#4326=CARTESIAN_POINT('Control Point',(2.4042490529,7.00519049705,8.83693650228)) ;
#4327=CARTESIAN_POINT('Control Point',(2.36883730065,7.01711106073,8.83630230566)) ;
#4328=CARTESIAN_POINT('Control Point',(2.47092111588,6.79649201566,7.36498050837)) ;
#4329=CARTESIAN_POINT('Control Point',(2.47092111587,6.83370506779,7.36299837905)) ;
#4330=CARTESIAN_POINT('Control Point',(2.45934837182,6.87091811992,7.36101624973)) ;
#4331=CARTESIAN_POINT('Control Point',(2.43613847263,6.90330830571,7.35929100901)) ;
#4332=CARTESIAN_POINT('Control Point',(2.40460151349,6.92625617445,7.35806871045)) ;
#4333=CARTESIAN_POINT('Control Point',(2.36932955236,6.93826601979,7.3574290214)) ;
#4334=CARTESIAN_POINT('Control Point',(2.47092111588,6.71769846646,5.88611582718)) ;
#4335=CARTESIAN_POINT('Control Point',(2.47092111587,6.75480482831,5.88413696613)) ;
#4336=CARTESIAN_POINT('Control Point',(2.45941461085,6.79191119015,5.88215810508)) ;
#4337=CARTESIAN_POINT('Control Point',(2.43633822713,6.82423650018,5.88043421757)) ;
#4338=CARTESIAN_POINT('Control Point',(2.40496257674,6.84719913366,5.87920964148)) ;
#4339=CARTESIAN_POINT('Control Point',(2.36983444372,6.85929965217,5.87856434021)) ;
#4340=CARTESIAN_POINT('Control Point',(2.47092111588,6.63878369596,4.40726063591)) ;
#4341=CARTESIAN_POINT('Control Point',(2.47092111588,6.67578039166,4.40528511236)) ;
#4342=CARTESIAN_POINT('Control Point',(2.4594824536,6.71277708737,4.4033095888)) ;
#4343=CARTESIAN_POINT('Control Point',(2.43654280462,6.74503539474,4.40158708541)) ;
#4344=CARTESIAN_POINT('Control Point',(2.40533266297,6.76801233782,4.40036018748)) ;
#4345=CARTESIAN_POINT('Control Point',(2.37035262272,6.78020494232,4.39970914894)) ;
#4346=CARTESIAN_POINT('Control Point',(2.47092111588,6.5597404118,2.92841604504)) ;
#4347=CARTESIAN_POINT('Control Point',(2.47092111588,6.59662429159,2.92644393123)) ;
#4348=CARTESIAN_POINT('Control Point',(2.45955197991,6.63350817138,2.92447181742)) ;
#4349=CARTESIAN_POINT('Control Point',(2.43675244465,6.66569720884,2.92275073048)) ;
#4350=CARTESIAN_POINT('Control Point',(2.40571223524,6.68868793427,2.92152146467)) ;
#4351=CARTESIAN_POINT('Control Point',(2.37088480594,6.70097405612,2.92086455807)) ;
#4352=CARTESIAN_POINT('Control Point',(2.47092111588,6.48056025652,1.44958268738)) ;
#4353=CARTESIAN_POINT('Control Point',(2.47092111588,6.51732797377,1.44761405883)) ;
#4354=CARTESIAN_POINT('Control Point',(2.45962327812,6.55409569102,1.44564543029)) ;
#4355=CARTESIAN_POINT('Control Point',(2.43696741217,6.58621303028,1.44392579373)) ;
#4356=CARTESIAN_POINT('Control Point',(2.40610180755,6.60921692299,1.44269411215)) ;
#4357=CARTESIAN_POINT('Control Point',(2.37143179334,6.62159800504,1.44203120041)) ;
#4359=CARTESIAN_POINT('Control Point',(2.36885392568,7.01444906031,8.78637298724)) ;
#4360=CARTESIAN_POINT('Control Point',(2.36927334685,6.9473132385,7.52717865182)) ;
#4361=CARTESIAN_POINT('Control Point',(2.369701941,6.88008935448,6.26799056341)) ;
#4362=CARTESIAN_POINT('Control Point',(2.37014010895,6.81277306475,5.00880914686)) ;
#4363=CARTESIAN_POINT('Control Point',(2.37066292132,6.7341332974,3.53994598495)) ;
#4364=CARTESIAN_POINT('Control Point',(2.37120000812,6.65535402023,2.07109354947)) ;
#4365=CARTESIAN_POINT('Control Point',(2.37127697374,6.64410491669,1.8614058764)) ;
#4366=CARTESIAN_POINT('Control Point',(2.37135423472,6.63285292014,1.65171842549)) ;
#4367=CARTESIAN_POINT('Control Point',(2.37143179334,6.62159800504,1.44203120041)) ;
#4377=CARTESIAN_POINT('Control Point',(0.131460957462,7.38238816463,8.38788209358)) ;
#4378=CARTESIAN_POINT('Control Point',(0.1433200493,7.38886681603,8.52057692777)) ;
#4379=CARTESIAN_POINT('Control Point',(0.153224225369,7.39535932531,8.65344552475)) ;
#4380=CARTESIAN_POINT('Control Point',(0.162104417057,7.40186835799,8.78637440588)) ;
#4390=CARTESIAN_POINT('Control Point',(6.88575766793,-1.93145142535,8.)) ;
#4391=CARTESIAN_POINT('Control Point',(7.14985642458,-0.989921126005,8.)) ;
#4392=CARTESIAN_POINT('Control Point',(7.24231054979,1.05471187339E-014,8.)) ;
#4393=CARTESIAN_POINT('Control Point',(7.14985642458,0.989921126005,8.)) ;
#4394=CARTESIAN_POINT('Control Point',(6.88575766793,1.93145142535,8.)) ;
#4395=CARTESIAN_POINT('Vertex',(6.88575766793,1.93145142535,8.)) ;
#4397=CARTESIAN_POINT('Vertex',(6.88575766793,-1.93145142535,8.)) ;
#4400=CARTESIAN_POINT('Line Origine',(0.,-1.93145142535,8.)) ;
#4405=CARTESIAN_POINT('Line Origine',(0.,1.93145142535,8.)) ;
#4418=CARTESIAN_POINT('Axis2P3D Location',(7.1645206465,1.93145142535,8.15)) ;
#4423=CARTESIAN_POINT('Line Origine',(7.1645206465,2.08124585556,8.14214960656)) ;
#4427=CARTESIAN_POINT('Vertex',(6.84716024795,2.08124585556,8.14214960656)) ;
#4431=CARTESIAN_POINT('Control Point',(6.88575766793,1.93145142535,8.)) ;
#4432=CARTESIAN_POINT('Control Point',(6.88199647596,1.94486033436,8.)) ;
#4433=CARTESIAN_POINT('Control Point',(6.87825302272,1.95827425306,8.00149832367)) ;
#4434=CARTESIAN_POINT('Control Point',(6.87454650167,1.97162622996,8.00449518086)) ;
#4435=CARTESIAN_POINT('Control Point',(6.86869816916,1.99282250013,8.0117689711)) ;
#4436=CARTESIAN_POINT('Control Point',(6.86295068495,2.01402446403,8.02427601578)) ;
#4437=CARTESIAN_POINT('Control Point',(6.86085938999,2.02180571025,8.02968736118)) ;
#4438=CARTESIAN_POINT('Control Point',(6.85719489614,2.03558477431,8.04091187054)) ;
#4439=CARTESIAN_POINT('Control Point',(6.85365718841,2.04935853912,8.05658476833)) ;
#4440=CARTESIAN_POINT('Control Point',(6.85230638837,2.05475875694,8.06388555732)) ;
#4441=CARTESIAN_POINT('Control Point',(6.85032675982,2.06277898393,8.07571306945)) ;
#4442=CARTESIAN_POINT('Control Point',(6.84858909592,2.07073480265,8.09396861484)) ;
#4443=CARTESIAN_POINT('Control Point',(6.84820980845,2.07256562172,8.09875043573)) ;
#4444=CARTESIAN_POINT('Control Point',(6.84769162296,2.07516410375,8.10612245151)) ;
#4445=CARTESIAN_POINT('Control Point',(6.84730418074,2.07768381375,8.11645107737)) ;
#4446=CARTESIAN_POINT('Control Point',(6.84722364747,2.07826205592,8.1190522551)) ;
#4447=CARTESIAN_POINT('Control Point',(6.84709945651,2.07928245554,8.12413929351)) ;
#4448=CARTESIAN_POINT('Control Point',(6.84704574071,2.08023571124,8.13060050831)) ;
#4449=CARTESIAN_POINT('Control Point',(6.84697388935,2.08059976649,8.13309822241)) ;
#4450=CARTESIAN_POINT('Control Point',(6.84706706865,2.08100843891,8.13761942692)) ;
#4451=CARTESIAN_POINT('Control Point',(6.84716024795,2.08124585556,8.14214960656)) ;
#4460=CARTESIAN_POINT('Axis2P3D Location',(7.1645206465,-1.93145142535,8.15)) ;
#4466=CARTESIAN_POINT('Control Point',(6.88575766793,-1.93145142535,8.)) ;
#4467=CARTESIAN_POINT('Control Point',(6.88199647596,-1.94486033436,8.)) ;
#4468=CARTESIAN_POINT('Control Point',(6.87825302272,-1.95827425306,8.00149832367)) ;
#4469=CARTESIAN_POINT('Control Point',(6.87454650167,-1.97162622996,8.00449518087)) ;
#4470=CARTESIAN_POINT('Control Point',(6.86869816916,-1.99282250013,8.0117689711)) ;
#4471=CARTESIAN_POINT('Control Point',(6.86295068495,-2.01402446403,8.02427601578)) ;
#4472=CARTESIAN_POINT('Control Point',(6.86085938999,-2.02180571025,8.02968736118)) ;
#4473=CARTESIAN_POINT('Control Point',(6.85719489614,-2.03558477434,8.04091187057)) ;
#4474=CARTESIAN_POINT('Control Point',(6.8536571884,-2.04935853917,8.05658476839)) ;
#4475=CARTESIAN_POINT('Control Point',(6.85230638838,-2.05475875688,8.06388555724)) ;
#4476=CARTESIAN_POINT('Control Point',(6.85032675983,-2.0627789839,8.07571306938)) ;
#4477=CARTESIAN_POINT('Control Point',(6.84858909592,-2.07073480264,8.09396861483)) ;
#4478=CARTESIAN_POINT('Control Point',(6.84820980845,-2.07256562173,8.09875043575)) ;
#4479=CARTESIAN_POINT('Control Point',(6.84769162296,-2.07516410375,8.10612245152)) ;
#4480=CARTESIAN_POINT('Control Point',(6.84730418074,-2.07768381375,8.11645107737)) ;
#4481=CARTESIAN_POINT('Control Point',(6.84722364747,-2.07826205592,8.1190522551)) ;
#4482=CARTESIAN_POINT('Control Point',(6.84709945651,-2.07928245554,8.12413929351)) ;
#4483=CARTESIAN_POINT('Control Point',(6.84704574071,-2.08023571124,8.1306005083)) ;
#4484=CARTESIAN_POINT('Control Point',(6.84697388935,-2.08059976649,8.13309822241)) ;
#4485=CARTESIAN_POINT('Control Point',(6.84706706865,-2.08100843891,8.13761942692)) ;
#4486=CARTESIAN_POINT('Control Point',(6.84716024795,-2.08124585556,8.14214960656)) ;
#4487=CARTESIAN_POINT('Vertex',(6.84716024795,-2.08124585556,8.14214960656)) ;
#4490=CARTESIAN_POINT('Line Origine',(7.1645206465,-2.08124585556,8.14214960656)) ;
#4503=CARTESIAN_POINT('Control Point',(6.86180839793,2.11875414444,8.85785039344)) ;
#4504=CARTESIAN_POINT('Control Point',(6.85694772448,2.10624580224,8.61917700623)) ;
#4505=CARTESIAN_POINT('Control Point',(6.85206502444,2.09374300475,8.38060941841)) ;
#4506=CARTESIAN_POINT('Control Point',(6.84716024795,2.08124585556,8.14214960656)) ;
#4516=CARTESIAN_POINT('Control Point',(4.26446352062,-5.7843933483,9.)) ;
#4517=CARTESIAN_POINT('Control Point',(5.1528750021,-5.1294243436,9.)) ;
#4518=CARTESIAN_POINT('Control Point',(5.90743095765,-4.29218420497,9.)) ;
#4519=CARTESIAN_POINT('Control Point',(6.47056292336,-3.31586042211,9.)) ;
#4520=CARTESIAN_POINT('Control Point',(6.81898400724,-2.26854857465,9.)) ;
#4521=CARTESIAN_POINT('Vertex',(6.81898400724,-2.26854857465,9.)) ;
#4523=CARTESIAN_POINT('Vertex',(4.26446352062,-5.7843933483,9.)) ;
#4527=CARTESIAN_POINT('Control Point',(3.92273417577,-5.78121074761,9.)) ;
#4528=CARTESIAN_POINT('Control Point',(3.99761359298,-5.73040261353,9.)) ;
#4529=CARTESIAN_POINT('Control Point',(4.09404729861,-5.70912624972,9.)) ;
#4530=CARTESIAN_POINT('Control Point',(4.19029631545,-5.73184628959,9.)) ;
#4531=CARTESIAN_POINT('Control Point',(4.26446352062,-5.7843933483,9.)) ;
#4532=CARTESIAN_POINT('Vertex',(3.92273830601,-5.78121142568,9.00000009951)) ;
#4536=CARTESIAN_POINT('Control Point',(2.65690229601,-6.46151309732,9.)) ;
#4537=CARTESIAN_POINT('Control Point',(3.10071669819,-6.27902155294,9.)) ;
#4538=CARTESIAN_POINT('Control Point',(3.52564967198,-6.05064873341,9.)) ;
#4539=CARTESIAN_POINT('Control Point',(3.92273704635,-5.7812122762,9.)) ;
#4540=CARTESIAN_POINT('Vertex',(2.65690229601,-6.46151309732,9.)) ;
#4544=CARTESIAN_POINT('Control Point',(2.65690229601,-6.46151309732,9.)) ;
#4545=CARTESIAN_POINT('Control Point',(2.57503830748,-6.49517465858,9.)) ;
#4546=CARTESIAN_POINT('Control Point',(2.50587414728,-6.56154412465,9.)) ;
#4547=CARTESIAN_POINT('Control Point',(2.47092111588,-6.65072383379,9.)) ;
#4548=CARTESIAN_POINT('Control Point',(2.47092111588,-6.73919903821,9.)) ;
#4549=CARTESIAN_POINT('Vertex',(2.47092111588,-6.73919903821,9.)) ;
#4552=CARTESIAN_POINT('Line Origine',(2.47092111588,0.,9.)) ;
#4557=CARTESIAN_POINT('Line Origine',(0.,-2.26854857465,9.)) ;
#4575=CARTESIAN_POINT('Axis2P3D Location',(4.77398267419,-2.26854857465,8.85)) ;
#4581=CARTESIAN_POINT('Control Point',(6.86180839793,-2.11875414444,8.85785039344)) ;
#4582=CARTESIAN_POINT('Control Point',(6.86189609297,-2.11897981678,8.86215647827)) ;
#4583=CARTESIAN_POINT('Control Point',(6.86198378801,-2.1193602209,8.86645445395)) ;
#4584=CARTESIAN_POINT('Control Point',(6.86191919914,-2.11970772528,8.86893905167)) ;
#4585=CARTESIAN_POINT('Control Point',(6.86183896785,-2.12117103211,8.87911512228)) ;
#4586=CARTESIAN_POINT('Control Point',(6.86157810538,-2.12281059036,8.88584297868)) ;
#4587=CARTESIAN_POINT('Control Point',(6.8613757349,-2.12400433858,8.89041665223)) ;
#4588=CARTESIAN_POINT('Control Point',(6.86052375096,-2.12848940062,8.90510812344)) ;
#4589=CARTESIAN_POINT('Control Point',(6.85945997455,-2.13306511618,8.91487370597)) ;
#4590=CARTESIAN_POINT('Control Point',(6.85874572179,-2.13605872523,8.92081994169)) ;
#4591=CARTESIAN_POINT('Control Point',(6.85654378688,-2.1448946418,8.93594853775)) ;
#4592=CARTESIAN_POINT('Control Point',(6.85417572123,-2.15374493998,8.94707055342)) ;
#4593=CARTESIAN_POINT('Control Point',(6.85270037286,-2.15912881425,8.9530448201)) ;
#4594=CARTESIAN_POINT('Control Point',(6.84561226878,-2.18444508848,8.97775911127)) ;
#4595=CARTESIAN_POINT('Control Point',(6.83795970141,-2.20970303462,8.99000062112)) ;
#4596=CARTESIAN_POINT('Control Point',(6.83186003681,-2.22925439591,8.9967929011)) ;
#4597=CARTESIAN_POINT('Control Point',(6.82551043012,-2.2489309329,9.)) ;
#4598=CARTESIAN_POINT('Control Point',(6.81898400724,-2.26854857465,9.)) ;
#4599=CARTESIAN_POINT('Vertex',(6.86180839793,-2.11875414444,8.85785039344)) ;
#4602=CARTESIAN_POINT('Line Origine',(4.77398267419,-2.11875414444,8.85785039344)) ;
#4615=CARTESIAN_POINT('Control Point',(6.86180839793,-2.11875414444,8.85785039344)) ;
#4616=CARTESIAN_POINT('Control Point',(6.85694772448,-2.10624580224,8.61917700623)) ;
#4617=CARTESIAN_POINT('Control Point',(6.85206502444,-2.09374300475,8.38060941841)) ;
#4618=CARTESIAN_POINT('Control Point',(6.84716024795,-2.08124585556,8.14214960656)) ;
#4628=CARTESIAN_POINT('Control Point',(4.16656629281,-6.12129518125,9.)) ;
#4629=CARTESIAN_POINT('Control Point',(4.16656629281,-6.12129518125,9.)) ;
#4630=CARTESIAN_POINT('Control Point',(4.16656629281,-6.12129518125,9.)) ;
#4631=CARTESIAN_POINT('Control Point',(4.16656629281,-6.12129518125,9.)) ;
#4632=CARTESIAN_POINT('Control Point',(4.17328496596,-6.11767898704,9.11465458085)) ;
#4633=CARTESIAN_POINT('Control Point',(4.16906158967,-6.12047677158,9.11465442746)) ;
#4634=CARTESIAN_POINT('Control Point',(4.16483821663,-6.12327455745,9.11465427404)) ;
#4635=CARTESIAN_POINT('Control Point',(4.16061484176,-6.12607234802,9.11465412062)) ;
#4636=CARTESIAN_POINT('Control Point',(4.16315160207,-6.12492767266,9.22997411896)) ;
#4637=CARTESIAN_POINT('Control Point',(4.16581952131,-6.1230959521,9.22997462998)) ;
#4638=CARTESIAN_POINT('Control Point',(4.1685165184,-6.12130932616,9.22997486006)) ;
#4639=CARTESIAN_POINT('Control Point',(4.17124370128,-6.11956706089,9.22997480919)) ;
#4640=CARTESIAN_POINT('Control Point',(4.170385951,-6.12097989622,9.34460840812)) ;
#4641=CARTESIAN_POINT('Control Point',(4.16851690924,-6.12221303239,9.3446083725)) ;
#4642=CARTESIAN_POINT('Control Point',(4.16665013497,-6.12344968313,9.34460831499)) ;
#4643=CARTESIAN_POINT('Control Point',(4.16478571205,-6.12468979286,9.34460823558)) ;
#4644=CARTESIAN_POINT('Control Point',(4.16899347176,-6.12293761039,9.5148520734)) ;
#4645=CARTESIAN_POINT('Control Point',(4.16836174248,-6.12333164927,9.51485220781)) ;
#4646=CARTESIAN_POINT('Control Point',(4.16774106313,-6.12374282311,9.51485223547)) ;
#4647=CARTESIAN_POINT('Control Point',(4.16713185267,-6.12417085435,9.51485215638)) ;
#4648=CARTESIAN_POINT('Control Point',(4.17039167838,-6.12309638773,9.68498563995)) ;
#4649=CARTESIAN_POINT('Control Point',(4.16916506485,-6.12389386334,9.68498569257)) ;
#4650=CARTESIAN_POINT('Control Point',(4.16794527458,-6.12470191886,9.68498567927)) ;
#4651=CARTESIAN_POINT('Control Point',(4.16673256524,-6.12552038362,9.68498560004)) ;
#4652=CARTESIAN_POINT('Control Point',(4.17025711726,-6.12352739496,9.74025996575)) ;
#4653=CARTESIAN_POINT('Control Point',(4.16922377376,-6.12419380339,9.74026004492)) ;
#4654=CARTESIAN_POINT('Control Point',(4.16819862489,-6.12487291852,9.74026004492)) ;
#4655=CARTESIAN_POINT('Control Point',(4.16718198061,-6.12556453502,9.74025996575)) ;
#4656=CARTESIAN_POINT('Control Point',(4.17041687144,-6.12376868014,9.79552268016)) ;
#4657=CARTESIAN_POINT('Control Point',(4.16938356823,-6.1244350633,9.79552275933)) ;
#4658=CARTESIAN_POINT('Control Point',(4.16835845902,-6.12511415216,9.79552275933)) ;
#4659=CARTESIAN_POINT('Control Point',(4.16734185373,-6.12580574143,9.79552268016)) ;
#4660=CARTESIAN_POINT('Control Point',(4.17057662563,-6.12400996532,9.85078539457)) ;
#4661=CARTESIAN_POINT('Control Point',(4.1695433627,-6.1246763232,9.85078547373)) ;
#4662=CARTESIAN_POINT('Control Point',(4.16851829314,-6.1253553858,9.85078547373)) ;
#4663=CARTESIAN_POINT('Control Point',(4.16750172684,-6.12604694785,9.85078539457)) ;
#4670=CARTESIAN_POINT('Axis2P3D Location',(2.47092111588,7.22021245956,8.815)) ;
#4676=CARTESIAN_POINT('Control Point',(2.47092111588,-6.48056025632,1.44958268739)) ;
#4677=CARTESIAN_POINT('Control Point',(2.47092111588,-6.61157577631,3.89653573671)) ;
#4678=CARTESIAN_POINT('Control Point',(2.47092111588,-6.74214315598,6.34352630726)) ;
#4679=CARTESIAN_POINT('Control Point',(2.47092111588,-6.87233467616,8.79054467468)) ;
#4680=CARTESIAN_POINT('Vertex',(2.47092111588,-6.48056025652,1.44958268738)) ;
#4684=CARTESIAN_POINT('Control Point',(2.47092111588,-6.73919903821,9.)) ;
#4685=CARTESIAN_POINT('Control Point',(2.47092111588,-6.64417052204,6.48317858819)) ;
#4686=CARTESIAN_POINT('Control Point',(2.47092111588,-6.54885248148,3.96637162909)) ;
#4687=CARTESIAN_POINT('Control Point',(2.47092111588,-6.45320470904,1.44958268738)) ;
#4688=CARTESIAN_POINT('Vertex',(2.47092111588,-6.45320470901,1.4495826866)) ;
#4691=CARTESIAN_POINT('Line Origine',(2.47092111588,-6.61345796239,1.44958268738)) ;
#4704=CARTESIAN_POINT('Axis2P3D Location',(2.32092111588,-6.5989548585,1.44958268738)) ;
#4709=CARTESIAN_POINT('Axis2P3D Location',(2.32092111588,-6.48056025652,1.44958268738)) ;
#4713=CARTESIAN_POINT('Vertex',(2.32092111588,-6.48056025652,1.29958268738)) ;
#4716=CARTESIAN_POINT('Axis2P3D Location',(2.32092111588,-6.45320470904,1.44958268738)) ;
#4720=CARTESIAN_POINT('Vertex',(2.3209211146,-6.45320468844,1.29958268738)) ;
#4723=CARTESIAN_POINT('Line Origine',(2.32092111588,-6.5989548585,1.29958268738)) ;
#4735=CARTESIAN_POINT('Axis2P3D Location',(2.32092111588,-6.48056025652,1.44958268738)) ;
#4740=CARTESIAN_POINT('Axis2P3D Location',(2.32092111588,-6.48056025652,1.44958268738)) ;
#4744=CARTESIAN_POINT('Vertex',(2.37143150437,-6.62159810853,1.44203120041)) ;
#4747=CARTESIAN_POINT('Axis2P3D Location',(2.32092111588,-6.48056025652,1.44958268738)) ;
#4759=CARTESIAN_POINT('Control Point',(2.37143179318,-6.62159800486,1.44203120042)) ;
#4760=CARTESIAN_POINT('Control Point',(2.40610180743,-6.60921692281,1.44269411216)) ;
#4761=CARTESIAN_POINT('Control Point',(2.43696741209,-6.58621303009,1.44392579374)) ;
#4762=CARTESIAN_POINT('Control Point',(2.45962327808,-6.55409569083,1.4456454303)) ;
#4763=CARTESIAN_POINT('Control Point',(2.47092111586,-6.51732797357,1.44761405884)) ;
#4764=CARTESIAN_POINT('Control Point',(2.47092111588,-6.48056025632,1.44958268739)) ;
#4765=CARTESIAN_POINT('Control Point',(2.37088480566,-6.70097405604,2.9208645681)) ;
#4766=CARTESIAN_POINT('Control Point',(2.40571223502,-6.68868793416,2.9215214747)) ;
#4767=CARTESIAN_POINT('Control Point',(2.43675244449,-6.6656972087,2.92275074051)) ;
#4768=CARTESIAN_POINT('Control Point',(2.45955197982,-6.63350817124,2.92447182745)) ;
#4769=CARTESIAN_POINT('Control Point',(2.47092111583,-6.59662429147,2.92644394126)) ;
#4770=CARTESIAN_POINT('Control Point',(2.47092111588,-6.5597404117,2.92841605507)) ;
#4771=CARTESIAN_POINT('Control Point',(2.37035262239,-6.78020495631,4.39970944044)) ;
#4772=CARTESIAN_POINT('Control Point',(2.40533266269,-6.76801235173,4.40036047898)) ;
#4773=CARTESIAN_POINT('Control Point',(2.4365428044,-6.74503540862,4.40158737692)) ;
#4774=CARTESIAN_POINT('Control Point',(2.45948245345,-6.71277710127,4.40330988031)) ;
#4775=CARTESIAN_POINT('Control Point',(2.4709211158,-6.67578040562,4.40528540386)) ;
#4776=CARTESIAN_POINT('Control Point',(2.47092111588,-6.63878370999,4.40726092741)) ;
#4777=CARTESIAN_POINT('Control Point',(2.36983444281,-6.85929968356,5.87856490838)) ;
#4778=CARTESIAN_POINT('Control Point',(2.40496257608,-6.84719916515,5.87921020964)) ;
#4779=CARTESIAN_POINT('Control Point',(2.43633822675,-6.82423653168,5.88043478573)) ;
#4780=CARTESIAN_POINT('Control Point',(2.4594146107,-6.79191122154,5.88215867323)) ;
#4781=CARTESIAN_POINT('Control Point',(2.47092111585,-6.75480485954,5.88413753429)) ;
#4782=CARTESIAN_POINT('Control Point',(2.47092111588,-6.71769849754,5.88611639534)) ;
#4783=CARTESIAN_POINT('Control Point',(2.36932955204,-6.93826603021,7.35742920881)) ;
#4784=CARTESIAN_POINT('Control Point',(2.40460151326,-6.92625618493,7.35806889785)) ;
#4785=CARTESIAN_POINT('Control Point',(2.43613847251,-6.90330831621,7.3592911964)) ;
#4786=CARTESIAN_POINT('Control Point',(2.45934837178,-6.87091813037,7.36101643713)) ;
#4787=CARTESIAN_POINT('Control Point',(2.47092111588,-6.83370507817,7.36299856645)) ;
#4788=CARTESIAN_POINT('Control Point',(2.47092111588,-6.79649202597,7.36498069577)) ;
#4789=CARTESIAN_POINT('Control Point',(2.36883730054,-7.01711106087,8.83630230569)) ;
#4790=CARTESIAN_POINT('Control Point',(2.40424905283,-7.00519049722,8.83693650231)) ;
#4791=CARTESIAN_POINT('Control Point',(2.43594332311,-6.98225778677,8.83815656604)) ;
#4792=CARTESIAN_POINT('Control Point',(2.45928366385,-6.94980472727,8.83988313042)) ;
#4793=CARTESIAN_POINT('Control Point',(2.47092111587,-6.91248780479,8.84186846154)) ;
#4794=CARTESIAN_POINT('Control Point',(2.47092111588,-6.87517088231,8.84385379266)) ;
#4796=CARTESIAN_POINT('Control Point',(2.37143179318,-6.62159800486,1.44203120043)) ;
#4797=CARTESIAN_POINT('Control Point',(2.37088888931,-6.7003814579,2.90982403524)) ;
#4798=CARTESIAN_POINT('Control Point',(2.37036056946,-6.77902191925,4.37762820358)) ;
#4799=CARTESIAN_POINT('Control Point',(2.36984605079,-6.85752816756,5.845442821)) ;
#4800=CARTESIAN_POINT('Control Point',(2.36934427357,-6.93596416292,7.31432111521)) ;
#4801=CARTESIAN_POINT('Control Point',(2.36885497978,-7.01428031922,8.78320809284)) ;
#4802=CARTESIAN_POINT('Control Point',(2.36885462837,-7.01433656636,8.78426305763)) ;
#4803=CARTESIAN_POINT('Control Point',(2.36885427697,-7.01439281344,8.78531802243)) ;
#4804=CARTESIAN_POINT('Control Point',(2.36885392557,-7.01444906046,8.78637298723)) ;
#4813=CARTESIAN_POINT('Axis2P3D Location',(0.,-10.032251358,9.30840216512)) ;
#4818=CARTESIAN_POINT('Axis2P3D Location',(0.,-10.032251358,9.05976007028)) ;
#4830=CARTESIAN_POINT('Axis2P3D Location',(0.,-10.032251358,9.00067594048)) ;
#4836=CARTESIAN_POINT('Control Point',(0.131460957462,-7.38238816463,9.0377797451)) ;
#4837=CARTESIAN_POINT('Control Point',(0.142718765742,-7.38853833332,9.03719276067)) ;
#4838=CARTESIAN_POINT('Control Point',(0.153531112248,-7.39547595828,9.03652874433)) ;
#4839=CARTESIAN_POINT('Control Point',(0.163811953437,-7.40313921694,9.03579205985)) ;
#4840=CARTESIAN_POINT('Vertex',(0.131460957462,-7.38238816463,9.0377797451)) ;
#4844=CARTESIAN_POINT('Control Point',(0.131460957462,-7.38238816463,9.0377797451)) ;
#4845=CARTESIAN_POINT('Control Point',(0.0633229110262,-7.34516418021,9.04133247679)) ;
#4846=CARTESIAN_POINT('Control Point',(-0.020780177319,-7.33308962245,9.04242350117)) ;
#4847=CARTESIAN_POINT('Control Point',(-0.101748340712,-7.35690009359,9.04023689492)) ;
#4848=CARTESIAN_POINT('Control Point',(-0.163822292262,-7.40313903594,9.03579214641)) ;
#4858=CARTESIAN_POINT('Axis2P3D Location',(0.,-7.62302583315,5.07347400308)) ;
#4863=CARTESIAN_POINT('Line Origine',(0.131460957462,-7.38238816463,5.07347400308)) ;
#4867=CARTESIAN_POINT('Vertex',(0.131460957462,-7.38238816463,8.38788209358)) ;
#4871=CARTESIAN_POINT('Control Point',(0.131460957462,-7.38238816463,8.38788209358)) ;
#4872=CARTESIAN_POINT('Control Point',(0.1433200493,-7.38886681603,8.52057692777)) ;
#4873=CARTESIAN_POINT('Control Point',(0.153224225369,-7.39535932531,8.65344552475)) ;
#4874=CARTESIAN_POINT('Control Point',(0.162104417057,-7.40186835799,8.78637440588)) ;
#4884=CARTESIAN_POINT('Control Point',(0.131460957462,-7.38238816463,8.38788209358)) ;
#4885=CARTESIAN_POINT('Control Point',(0.126757990874,-7.37981892227,8.33525923003)) ;
#4886=CARTESIAN_POINT('Control Point',(0.121786147915,-7.37725197333,8.28265983571)) ;
#4887=CARTESIAN_POINT('Control Point',(0.116494900518,-7.37468725716,8.2300826506)) ;
#4888=CARTESIAN_POINT('Control Point',(0.105072859295,-7.36952563928,8.12421987031)) ;
#4889=CARTESIAN_POINT('Control Point',(0.0915121765873,-7.36438065731,8.01860417783)) ;
#4890=CARTESIAN_POINT('Control Point',(0.0843400921494,-7.36194266011,7.96853647317)) ;
#4891=CARTESIAN_POINT('Control Point',(0.0722582685841,-7.35818001674,7.89122477774)) ;
#4892=CARTESIAN_POINT('Control Point',(0.0557315660066,-7.35446138781,7.81477196249)) ;
#4893=CARTESIAN_POINT('Control Point',(0.0505843836495,-7.35345516314,7.79408392067)) ;
#4894=CARTESIAN_POINT('Control Point',(0.0424632597984,-7.35194438505,7.76300496373)) ;
#4895=CARTESIAN_POINT('Control Point',(0.0305100505003,-7.35050094393,7.73331055461)) ;
#4896=CARTESIAN_POINT('Control Point',(0.0274164597391,-7.35016923544,7.72648771912)) ;
#4897=CARTESIAN_POINT('Control Point',(0.022610083219,-7.34970794214,7.71699320568)) ;
#4898=CARTESIAN_POINT('Control Point',(0.016287444361,-7.34929471113,7.70849145745)) ;
#4899=CARTESIAN_POINT('Control Point',(0.014528156306,-7.34918757719,7.70566240075)) ;
#4900=CARTESIAN_POINT('Control Point',(0.00813583635684,-7.34889366599,7.70116206959)) ;
#4901=CARTESIAN_POINT('Control Point',(0.00173713732485,-7.34878628734,7.69666173843)) ;
#4902=CARTESIAN_POINT('Control Point',(-0.00511608494589,-7.34883563183,7.69792166331)) ;
#4903=CARTESIAN_POINT('Control Point',(-0.011423877778,-7.34901307863,7.70361961271)) ;
#4904=CARTESIAN_POINT('Control Point',(-0.0177237063242,-7.34937182888,7.70931756211)) ;
#4905=CARTESIAN_POINT('Control Point',(-0.0195649206723,-7.34950773835,7.71287416584)) ;
#4906=CARTESIAN_POINT('Control Point',(-0.0282748287224,-7.35018595616,7.7268310402)) ;
#4907=CARTESIAN_POINT('Control Point',(-0.0343159755953,-7.35093642645,7.74226583769)) ;
#4908=CARTESIAN_POINT('Control Point',(-0.0386432214131,-7.3515150512,7.75417276586)) ;
#4909=CARTESIAN_POINT('Control Point',(-0.0461963931529,-7.35268281041,7.77819401832)) ;
#4910=CARTESIAN_POINT('Control Point',(-0.0525051849664,-7.35386787876,7.8025644438)) ;
#4911=CARTESIAN_POINT('Control Point',(-0.0554533668232,-7.35446333094,7.8148091302)) ;
#4912=CARTESIAN_POINT('Control Point',(-0.0663261466062,-7.35680470245,7.86295072746)) ;
#4913=CARTESIAN_POINT('Control Point',(-0.0750039488845,-7.35916951254,7.91155181775)) ;
#4914=CARTESIAN_POINT('Control Point',(-0.0809210551369,-7.36093709686,7.9478699213)) ;
#4915=CARTESIAN_POINT('Control Point',(-0.102099888397,-7.36788170553,8.09051150345)) ;
#4916=CARTESIAN_POINT('Control Point',(-0.117443309134,-7.3748733769,8.23394066426)) ;
#4917=CARTESIAN_POINT('Control Point',(-0.12723362992,-7.37976496576,8.33420254291)) ;
#4918=CARTESIAN_POINT('Control Point',(-0.140585624907,-7.3873138093,8.48878944513)) ;
#4919=CARTESIAN_POINT('Control Point',(-0.15219795332,-7.39487916741,8.64350955061)) ;
#4920=CARTESIAN_POINT('Control Point',(-0.155626584736,-7.39720804108,8.69112236906)) ;
#4921=CARTESIAN_POINT('Control Point',(-0.158925775943,-7.39953841635,8.73874441453)) ;
#4922=CARTESIAN_POINT('Control Point',(-0.162106922076,-7.40187019415,8.78637415077)) ;
#4932=CARTESIAN_POINT('Control Point',(2.35038914048,-6.29292416072,1.29958268738)) ;
#4933=CARTESIAN_POINT('Control Point',(2.33095869553,-6.34397811334,1.29958268738)) ;
#4934=CARTESIAN_POINT('Control Point',(2.32092112814,-6.39858398071,1.29958268738)) ;
#4935=CARTESIAN_POINT('Control Point',(2.3209211146,-6.45320468844,1.29958268738)) ;
#4938=CARTESIAN_POINT('Control Point',(-2.32092111588,-6.48056025652,1.29958268738)) ;
#4939=CARTESIAN_POINT('Control Point',(-1.20657468937,-6.87964768868,1.29958268738)) ;
#4940=CARTESIAN_POINT('Control Point',(-2.22044604925E-016,-7.02328749418,1.29958268738)) ;
#4941=CARTESIAN_POINT('Control Point',(1.20657468937,-6.87964768868,1.29958268738)) ;
#4942=CARTESIAN_POINT('Control Point',(2.32092111588,-6.48056025652,1.29958268738)) ;
#4954=CARTESIAN_POINT('Control Point',(2.49056646815,-6.34627394976,1.44755516718)) ;
#4955=CARTESIAN_POINT('Control Point',(2.48997630414,-6.34604928417,1.40084106237)) ;
#4956=CARTESIAN_POINT('Control Point',(2.47238881361,-6.33935563017,1.35437280567)) ;
#4957=CARTESIAN_POINT('Control Point',(2.43771527504,-6.3261592329,1.31777107422)) ;
#4958=CARTESIAN_POINT('Control Point',(2.39405225807,-6.30954156465,1.29958268729)) ;
#4959=CARTESIAN_POINT('Control Point',(2.35038923384,-6.29292391541,1.29958268738)) ;
#4960=CARTESIAN_POINT('Control Point',(2.4827942511,-6.36671035867,1.44794265937)) ;
#4961=CARTESIAN_POINT('Control Point',(2.4822995664,-6.36657116187,1.40114942497)) ;
#4962=CARTESIAN_POINT('Control Point',(2.46427994672,-6.36117784464,1.35455586845)) ;
#4963=CARTESIAN_POINT('Control Point',(2.4286197133,-6.35049379661,1.31783142301)) ;
#4964=CARTESIAN_POINT('Control Point',(2.38367532635,-6.33702504896,1.29958268727)) ;
#4965=CARTESIAN_POINT('Control Point',(2.33873093035,-6.32355632926,1.29958268738)) ;
#4966=CARTESIAN_POINT('Control Point',(2.4768795678,-6.38785291424,1.4483435429)) ;
#4967=CARTESIAN_POINT('Control Point',(2.47649633006,-6.38778199316,1.40146883052)) ;
#4968=CARTESIAN_POINT('Control Point',(2.45816719326,-6.38372401278,1.35474564235)) ;
#4969=CARTESIAN_POINT('Control Point',(2.42174726347,-6.37564374222,1.31789397992)) ;
#4970=CARTESIAN_POINT('Control Point',(2.37580307235,-6.36544549636,1.29958268731)) ;
#4971=CARTESIAN_POINT('Control Point',(2.32985887462,-6.35524728093,1.29958268738)) ;
#4972=CARTESIAN_POINT('Control Point',(2.4729072031,-6.40947629867,1.44875355891)) ;
#4973=CARTESIAN_POINT('Control Point',(2.47264729522,-6.40945262783,1.40179594463)) ;
#4974=CARTESIAN_POINT('Control Point',(2.45413448535,-6.40674924706,1.35494016991)) ;
#4975=CARTESIAN_POINT('Control Point',(2.4171933212,-6.40133722292,1.31795809996)) ;
#4976=CARTESIAN_POINT('Control Point',(2.3705467786,-6.39449830952,1.29958268739)) ;
#4977=CARTESIAN_POINT('Control Point',(2.32390023682,-6.38765939333,1.29958268738)) ;
#4978=CARTESIAN_POINT('Control Point',(2.47092111946,-6.43134058856,1.4491681266)) ;
#4979=CARTESIAN_POINT('Control Point',(2.47079088126,-6.43134059914,1.4021271488)) ;
#4980=CARTESIAN_POINT('Control Point',(2.4522202537,-6.42999484177,1.35513731543)) ;
#4981=CARTESIAN_POINT('Control Point',(2.41500307595,-6.4272861639,1.31802307669)) ;
#4982=CARTESIAN_POINT('Control Point',(2.3679620994,-6.42385918968,1.29958268738)) ;
#4983=CARTESIAN_POINT('Control Point',(2.32092112272,-6.42043221131,1.29958268738)) ;
#4984=CARTESIAN_POINT('Control Point',(2.47092111502,-6.45320470905,1.44958268659)) ;
#4985=CARTESIAN_POINT('Control Point',(2.47092111494,-6.45320470473,1.40245879701)) ;
#4986=CARTESIAN_POINT('Control Point',(2.45241560659,-6.45320469956,1.35533490745)) ;
#4987=CARTESIAN_POINT('Control Point',(2.41516889437,-6.45320469445,1.31808819552)) ;
#4988=CARTESIAN_POINT('Control Point',(2.36804500448,-6.4532046906,1.29958268738)) ;
#4989=CARTESIAN_POINT('Control Point',(2.3209211146,-6.45320468844,1.29958268738)) ;
#4991=CARTESIAN_POINT('Control Point',(2.49056646815,-6.34627394976,1.44755516718)) ;
#4992=CARTESIAN_POINT('Control Point',(2.48355598009,-6.36470745459,1.44790468255)) ;
#4993=CARTESIAN_POINT('Control Point',(2.47805676663,-6.3837154747,1.44826509302)) ;
#4994=CARTESIAN_POINT('Control Point',(2.47413102447,-6.40313270251,1.44863326793)) ;
#4995=CARTESIAN_POINT('Control Point',(2.47156225926,-6.42491921424,1.44904637043)) ;
#4996=CARTESIAN_POINT('Control Point',(2.47097834705,-6.44677644292,1.44946080174)) ;
#4997=CARTESIAN_POINT('Control Point',(2.47094019278,-6.4489190488,1.44950142724)) ;
#4998=CARTESIAN_POINT('Control Point',(2.47092111545,-6.45106187974,1.44954205696)) ;
#4999=CARTESIAN_POINT('Control Point',(2.47092111502,-6.45320470905,1.44958268659)) ;
#5008=CARTESIAN_POINT('Axis2P3D Location',(-8.881784197E-016,8.881784197E-016,1.44958268738)) ;
#5013=CARTESIAN_POINT('Axis2P3D Location',(-8.881784197E-016,8.90159523369E-016,1.44203120041)) ;
#5026=CARTESIAN_POINT('Control Point',(2.47092111588,6.45262372193,1.43429522661)) ;
#5027=CARTESIAN_POINT('Control Point',(2.47092111588,6.3827474777,1.436950833)) ;
#5028=CARTESIAN_POINT('Control Point',(2.49129503985,6.31287123347,1.43960643938)) ;
#5029=CARTESIAN_POINT('Control Point',(2.53213266497,6.25095309327,1.44195960262)) ;
#5030=CARTESIAN_POINT('Control Point',(2.58835847249,6.20468857518,1.44371785896)) ;
#5031=CARTESIAN_POINT('Control Point',(2.65261857024,6.17713344994,1.44476507562)) ;
#5032=CARTESIAN_POINT('Control Point',(2.47092111588,6.51012938767,2.94742607602)) ;
#5033=CARTESIAN_POINT('Control Point',(2.47092111588,6.44005941231,2.95008536026)) ;
#5034=CARTESIAN_POINT('Control Point',(2.49140793127,6.36998943695,2.9527446445)) ;
#5035=CARTESIAN_POINT('Control Point',(2.53247275358,6.30794424993,2.95509937094)) ;
#5036=CARTESIAN_POINT('Control Point',(2.58898156418,6.2616810436,2.95685513776)) ;
#5037=CARTESIAN_POINT('Control Point',(2.65350872938,6.23425685866,2.95789592503)) ;
#5038=CARTESIAN_POINT('Control Point',(2.47092111588,6.56753551917,4.46056234668)) ;
#5039=CARTESIAN_POINT('Control Point',(2.47092111588,6.4972757929,4.46322525509)) ;
#5040=CARTESIAN_POINT('Control Point',(2.49151889493,6.42701606663,4.4658881635)) ;
#5041=CARTESIAN_POINT('Control Point',(2.5328070522,6.36484691756,4.46824442827)) ;
#5042=CARTESIAN_POINT('Control Point',(2.58959362036,6.31858631827,4.46999773804)) ;
#5043=CARTESIAN_POINT('Control Point',(2.65438214682,6.2912921808,4.47103219569)) ;
#5044=CARTESIAN_POINT('Control Point',(2.47092111588,6.62484654832,5.97370374007)) ;
#5045=CARTESIAN_POINT('Control Point',(2.47092111588,6.55440088241,5.97637022056)) ;
#5046=CARTESIAN_POINT('Control Point',(2.49162799706,6.4839552165,5.97903670106)) ;
#5047=CARTESIAN_POINT('Control Point',(2.53313575932,6.42166504292,5.98139448007)) ;
#5048=CARTESIAN_POINT('Control Point',(2.59019503341,6.37540824376,5.98314536444)) ;
#5049=CARTESIAN_POINT('Control Point',(2.65523945232,6.34824322792,5.98417358908)) ;
#5050=CARTESIAN_POINT('Control Point',(2.47092111588,6.68206648571,7.48684965709)) ;
#5051=CARTESIAN_POINT('Control Point',(2.47092111588,6.61143853738,7.48951965904)) ;
#5052=CARTESIAN_POINT('Control Point',(2.49173529931,6.54081058906,7.492189661)) ;
#5053=CARTESIAN_POINT('Control Point',(2.53345905966,6.47840219526,7.49454893093)) ;
#5054=CARTESIAN_POINT('Control Point',(2.59078616753,6.43215029931,7.49629742078)) ;
#5055=CARTESIAN_POINT('Control Point',(2.65608122796,6.4051134544,7.4973195061)) ;
#5056=CARTESIAN_POINT('Control Point',(2.47092111588,6.73919903826,9.00000000001)) ;
#5057=CARTESIAN_POINT('Control Point',(2.47092111588,6.66839232241,9.00267347422)) ;
#5058=CARTESIAN_POINT('Control Point',(2.49184085951,6.59758560657,9.00534694842)) ;
#5059=CARTESIAN_POINT('Control Point',(2.5337771265,6.53506167458,9.00770768663)) ;
#5060=CARTESIAN_POINT('Control Point',(2.59136736366,6.4888157042,9.00945381209)) ;
#5061=CARTESIAN_POINT('Control Point',(2.65690801684,6.46190606051,9.01046984902)) ;
#5063=CARTESIAN_POINT('Control Point',(2.65261857024,6.17713344994,1.44476507562)) ;
#5064=CARTESIAN_POINT('Control Point',(2.65350749753,6.23417780856,2.9558019822)) ;
#5065=CARTESIAN_POINT('Control Point',(2.65437972944,6.29113432422,4.46684429502)) ;
#5066=CARTESIAN_POINT('Control Point',(2.65523589309,6.34800679269,5.9778917168)) ;
#5067=CARTESIAN_POINT('Control Point',(2.65607656822,6.40479865451,7.48894365136)) ;
#5068=CARTESIAN_POINT('Control Point',(2.6569022958,6.4615130974,9.)) ;
#5079=CARTESIAN_POINT('Control Point',(4.26402914998,-5.78525325759,9.01243874131)) ;
#5080=CARTESIAN_POINT('Control Point',(4.20471264331,-5.74327578045,9.01306183635)) ;
#5081=CARTESIAN_POINT('Control Point',(4.13271057102,-5.71919877111,9.01200466609)) ;
#5082=CARTESIAN_POINT('Control Point',(4.05526169303,-5.71828141843,9.00918198592)) ;
#5083=CARTESIAN_POINT('Control Point',(3.98282431847,-5.7406475971,9.00497495644)) ;
#5084=CARTESIAN_POINT('Control Point',(3.92273417577,-5.78121074761,9.)) ;
#5085=CARTESIAN_POINT('Control Point',(4.30262112315,-5.7088597071,7.90730980226)) ;
#5086=CARTESIAN_POINT('Control Point',(4.24286865923,-5.66750848885,7.9079088667)) ;
#5087=CARTESIAN_POINT('Control Point',(4.17062187191,-5.64418699032,7.90680906669)) ;
#5088=CARTESIAN_POINT('Control Point',(4.09317295329,-5.64407704948,7.90392803747)) ;
#5089=CARTESIAN_POINT('Control Point',(4.02097833648,-5.66719348991,7.89965475024)) ;
#5090=CARTESIAN_POINT('Control Point',(3.96131857729,-5.70837514182,7.89461366403)) ;
#5091=CARTESIAN_POINT('Control Point',(4.34119272873,-5.63123826658,6.80276411709)) ;
#5092=CARTESIAN_POINT('Control Point',(4.28100261634,-5.59053331768,6.8033379722)) ;
#5093=CARTESIAN_POINT('Control Point',(4.20851549988,-5.56798771423,6.80219344623)) ;
#5094=CARTESIAN_POINT('Control Point',(4.13107719762,-5.56870349695,6.79925119384)) ;
#5095=CARTESIAN_POINT('Control Point',(4.05914079366,-5.59258401371,6.79490838019)) ;
#5096=CARTESIAN_POINT('Control Point',(3.99992943989,-5.63439252964,6.78979789785)) ;
#5097=CARTESIAN_POINT('Control Point',(4.37976723709,-5.55227985708,5.69813530962)) ;
#5098=CARTESIAN_POINT('Control Point',(4.31913777703,-5.51224257784,5.69868265187)) ;
#5099=CARTESIAN_POINT('Control Point',(4.24641512527,-5.49049463306,5.69749108367)) ;
#5100=CARTESIAN_POINT('Control Point',(4.16899891827,-5.49205565242,5.69448443339)) ;
#5101=CARTESIAN_POINT('Control Point',(4.09733730473,-5.51671492855,5.69006848323)) ;
#5102=CARTESIAN_POINT('Control Point',(4.03859364642,-5.55915915482,5.68488499723)) ;
#5103=CARTESIAN_POINT('Control Point',(4.4324535186,-5.44248021051,4.18939840801)) ;
#5104=CARTESIAN_POINT('Control Point',(4.37122197257,-5.40338571697,4.1899075972)) ;
#5105=CARTESIAN_POINT('Control Point',(4.2981849356,-5.3827585574,4.18864828646)) ;
#5106=CARTESIAN_POINT('Control Point',(4.22081584075,-5.38550207331,4.18554886773)) ;
#5107=CARTESIAN_POINT('Control Point',(4.14955385474,-5.41124606232,4.18102753811)) ;
#5108=CARTESIAN_POINT('Control Point',(4.09147724135,-5.45457115186,4.17573885128)) ;
#5109=CARTESIAN_POINT('Control Point',(4.48462849637,-5.33090720731,2.69530332516)) ;
#5110=CARTESIAN_POINT('Control Point',(4.42279863909,-5.29279146903,2.69577167216)) ;
#5111=CARTESIAN_POINT('Control Point',(4.34946188992,-5.27331965429,2.69443981197)) ;
#5112=CARTESIAN_POINT('Control Point',(4.27216502287,-5.2772744524,2.69124101745)) ;
#5113=CARTESIAN_POINT('Control Point',(4.20133483743,-5.30412238413,2.68660678373)) ;
#5114=CARTESIAN_POINT('Control Point',(4.14396023392,-5.34833705584,2.68120537159)) ;
#5115=CARTESIAN_POINT('Control Point',(4.49932701856,-5.29924229903,2.27439294531)) ;
#5116=CARTESIAN_POINT('Control Point',(4.4373284646,-5.26140601301,2.27484952925)) ;
#5117=CARTESIAN_POINT('Control Point',(4.36390827029,-5.24226341252,2.27349677328)) ;
#5118=CARTESIAN_POINT('Control Point',(4.28663388614,-5.24656274229,2.27026935572)) ;
#5119=CARTESIAN_POINT('Control Point',(4.21592833344,-5.27372408964,2.26560260162)) ;
#5120=CARTESIAN_POINT('Control Point',(4.1587549149,-5.31819075483,2.26016871993)) ;
#5121=CARTESIAN_POINT('Control Point',(4.51398269143,-5.26743169248,1.85470960876)) ;
#5122=CARTESIAN_POINT('Control Point',(4.45181581159,-5.22987783962,1.85515419777)) ;
#5123=CARTESIAN_POINT('Control Point',(4.37831344839,-5.21106729565,1.85378013332)) ;
#5124=CARTESIAN_POINT('Control Point',(4.30106368132,-5.21571349729,1.85052352661)) ;
#5125=CARTESIAN_POINT('Control Point',(4.2304854619,-5.24318979136,1.8458236081)) ;
#5126=CARTESIAN_POINT('Control Point',(4.17351613798,-5.2879091034,1.8403566131)) ;
#5127=CARTESIAN_POINT('Control Point',(4.52859475193,-5.2354725566,1.43627516681)) ;
#5128=CARTESIAN_POINT('Control Point',(4.466259949,-5.19820416297,1.4367075203)) ;
#5129=CARTESIAN_POINT('Control Point',(4.39267673835,-5.17972855338,1.43531171858)) ;
#5130=CARTESIAN_POINT('Control Point',(4.31545377788,-5.18472398829,1.43202533414)) ;
#5131=CARTESIAN_POINT('Control Point',(4.24500565178,-5.21251676421,1.42729158136)) ;
#5132=CARTESIAN_POINT('Control Point',(4.18824338974,-5.25748936437,1.42179080342)) ;
#5134=CARTESIAN_POINT('Control Point',(3.92273417577,-5.78121074761,9.)) ;
#5135=CARTESIAN_POINT('Control Point',(3.9613185773,-5.70837514182,7.89461366403)) ;
#5136=CARTESIAN_POINT('Control Point',(3.99992943989,-5.63439252964,6.78979789785)) ;
#5137=CARTESIAN_POINT('Control Point',(4.03859364643,-5.55915915482,5.68488499723)) ;
#5138=CARTESIAN_POINT('Control Point',(4.0913132353,-5.454895507,4.18041911384)) ;
#5139=CARTESIAN_POINT('Control Point',(4.1436347027,-5.34899596024,2.69047540174)) ;
#5140=CARTESIAN_POINT('Control Point',(4.15826770384,-5.31918344553,2.27403418495)) ;
#5141=CARTESIAN_POINT('Control Point',(4.17286798408,-5.28923859986,1.85879043566)) ;
#5142=CARTESIAN_POINT('Control Point',(4.18743505117,-5.25915876976,1.44476507413)) ;
#5145=CARTESIAN_POINT('Control Point',(4.26446352062,-5.7843933483,9.)) ;
#5146=CARTESIAN_POINT('Control Point',(4.31841252193,-5.67758282852,7.45508787045)) ;
#5147=CARTESIAN_POINT('Control Point',(4.37245972403,-5.5680777821,5.90736326545)) ;
#5148=CARTESIAN_POINT('Control Point',(4.42490622278,-5.45921777473,4.40547655495)) ;
#5149=CARTESIAN_POINT('Control Point',(4.47697291066,-5.34835825897,2.91446568888)) ;
#5150=CARTESIAN_POINT('Control Point',(4.52829541829,-5.23611924568,1.44476507331)) ;
#5160=CARTESIAN_POINT('Control Point',(4.26446076491,5.7843953799,9.)) ;
#5161=CARTESIAN_POINT('Control Point',(4.29246915822,5.72894929979,8.19794119731)) ;
#5162=CARTESIAN_POINT('Control Point',(4.32032800133,5.67313497945,7.40016613013)) ;
#5163=CARTESIAN_POINT('Control Point',(4.34544389452,5.62221966266,6.68093002331)) ;
#5164=CARTESIAN_POINT('Control Point',(4.39920095757,5.51190999013,5.14160310945)) ;
#5165=CARTESIAN_POINT('Control Point',(4.45212389469,5.4005332274,3.62588447392)) ;
#5166=CARTESIAN_POINT('Control Point',(4.47764108793,5.34615428816,2.89504935007)) ;
#5167=CARTESIAN_POINT('Control Point',(4.50302659252,5.29137058111,2.16817354742)) ;
#5168=CARTESIAN_POINT('Control Point',(4.52829109418,5.23612290411,1.44476507549)) ;
#5186=CARTESIAN_POINT('Control Point',(4.52856887886,5.23552759298,1.43693314244)) ;
#5187=CARTESIAN_POINT('Control Point',(4.46623450824,5.19825971626,1.43736544619)) ;
#5188=CARTESIAN_POINT('Control Point',(4.39265199203,5.17978431806,1.43596964669)) ;
#5189=CARTESIAN_POINT('Control Point',(4.3154297914,5.18477950263,1.43268332414)) ;
#5190=CARTESIAN_POINT('Control Point',(4.24498217553,5.21257161398,1.42794967555)) ;
#5191=CARTESIAN_POINT('Control Point',(4.18822003036,5.25754335142,1.4224490163)) ;
#5192=CARTESIAN_POINT('Control Point',(4.49850522098,5.30128778759,2.29784366541)) ;
#5193=CARTESIAN_POINT('Control Point',(4.43651634246,5.26343252701,2.29830114588)) ;
#5194=CARTESIAN_POINT('Control Point',(4.36310014841,5.24426795014,2.29695007601)) ;
#5195=CARTESIAN_POINT('Control Point',(4.28582275832,5.24854453916,2.29372502924)) ;
#5196=CARTESIAN_POINT('Control Point',(4.21510742662,5.2756854489,2.2890610045)) ;
#5197=CARTESIAN_POINT('Control Point',(4.1579191921,5.32013601852,2.28362986387)) ;
#5198=CARTESIAN_POINT('Control Point',(4.46836280625,5.36618762812,3.16100948969)) ;
#5199=CARTESIAN_POINT('Control Point',(4.40671990992,5.32775986376,3.16149103919)) ;
#5200=CARTESIAN_POINT('Control Point',(4.33347504825,5.3079207187,3.16018272539)) ;
#5201=CARTESIAN_POINT('Control Point',(4.25615193392,5.31149123896,3.15701624592)) ;
#5202=CARTESIAN_POINT('Control Point',(4.18518151473,5.33798973803,3.15241876306)) ;
#5203=CARTESIAN_POINT('Control Point',(4.12758125333,5.38192368836,3.14705406032)) ;
#5204=CARTESIAN_POINT('Control Point',(4.43809486131,5.43036909835,4.02777002894)) ;
#5205=CARTESIAN_POINT('Control Point',(4.37679875665,5.39138220532,4.02827466949)) ;
#5206=CARTESIAN_POINT('Control Point',(4.30373010025,5.37088151451,4.02700736847)) ;
#5207=CARTESIAN_POINT('Control Point',(4.22637009427,5.3737570052,4.0238970633)) ;
#5208=CARTESIAN_POINT('Control Point',(4.15515617562,5.39962069452,4.01936339904)) ;
#5209=CARTESIAN_POINT('Control Point',(4.09715666136,5.4430417747,4.01406241192)) ;
#5210=CARTESIAN_POINT('Control Point',(4.38514498609,5.54102404885,5.54405606942)) ;
#5211=CARTESIAN_POINT('Control Point',(4.32445415062,5.50108469631,5.54459939666)) ;
#5212=CARTESIAN_POINT('Control Point',(4.25170011025,5.47945265719,5.5434007792)) ;
#5213=CARTESIAN_POINT('Control Point',(4.17428989502,5.48113539182,5.54038452744)) ;
#5214=CARTESIAN_POINT('Control Point',(4.10267037823,5.5059057814,5.53595770077)) ;
#5215=CARTESIAN_POINT('Control Point',(4.04399596702,5.54843980665,5.53076337007)) ;
#5216=CARTESIAN_POINT('Control Point',(4.33173342316,5.64992760595,7.07356311635)) ;
#5217=CARTESIAN_POINT('Control Point',(4.27165025494,5.60907063383,7.0741427505)) ;
#5218=CARTESIAN_POINT('Control Point',(4.19922375964,5.58634114044,7.07300855411)) ;
#5219=CARTESIAN_POINT('Control Point',(4.12178652159,5.58685985341,7.07008049105)) ;
#5220=CARTESIAN_POINT('Control Point',(4.04979174666,5.61055674139,7.06575381958)) ;
#5221=CARTESIAN_POINT('Control Point',(3.99047586707,5.65221347643,7.06065946141)) ;
#5222=CARTESIAN_POINT('Control Point',(4.30923883689,5.69533108504,7.71772378713)) ;
#5223=CARTESIAN_POINT('Control Point',(4.24941103419,5.65409506352,7.71831826179)) ;
#5224=CARTESIAN_POINT('Control Point',(4.17712418069,5.63091089704,7.71721039669)) ;
#5225=CARTESIAN_POINT('Control Point',(4.09967956983,5.63094610998,7.71431837849)) ;
#5226=CARTESIAN_POINT('Control Point',(4.0275325196,5.65419593815,7.71003264142)) ;
#5227=CARTESIAN_POINT('Control Point',(3.96795317807,5.69548622219,7.70497914168)) ;
#5228=CARTESIAN_POINT('Control Point',(4.28666915119,5.74043785012,8.36403502455)) ;
#5229=CARTESIAN_POINT('Control Point',(4.2270969549,5.69882870714,8.36464395799)) ;
#5230=CARTESIAN_POINT('Control Point',(4.15495178283,5.67519567733,8.36356174558)) ;
#5231=CARTESIAN_POINT('Control Point',(4.07750360276,5.67475235829,8.36070484185)) ;
#5232=CARTESIAN_POINT('Control Point',(4.00520932192,5.69755859937,8.35645898104)) ;
#5233=CARTESIAN_POINT('Control Point',(3.94537211461,5.73848421447,8.35144528225)) ;
#5234=CARTESIAN_POINT('Control Point',(4.26402639421,5.7852552042,9.0124387495)) ;
#5235=CARTESIAN_POINT('Control Point',(4.20470997173,5.74327870725,9.01306177912)) ;
#5236=CARTESIAN_POINT('Control Point',(4.13270839672,5.71920248984,9.01200457369)) ;
#5237=CARTESIAN_POINT('Control Point',(4.05526028727,5.71828552008,9.00918189852)) ;
#5238=CARTESIAN_POINT('Control Point',(3.98282364182,5.74065161854,9.00497490601)) ;
#5239=CARTESIAN_POINT('Control Point',(3.92273399374,5.78121437206,9.00000000064)) ;
#5241=CARTESIAN_POINT('Control Point',(4.18743487695,5.2591650152,1.4447642726)) ;
#5242=CARTESIAN_POINT('Control Point',(4.15729029472,5.32141672738,2.30152867145)) ;
#5243=CARTESIAN_POINT('Control Point',(4.12710821034,5.38287389337,3.16053450517)) ;
#5244=CARTESIAN_POINT('Control Point',(4.09683693559,5.44367565499,4.02318444872)) ;
#5245=CARTESIAN_POINT('Control Point',(4.04383502633,5.54875186847,5.5353640086)) ;
#5246=CARTESIAN_POINT('Control Point',(3.99047586978,5.65221347452,7.0606594613)) ;
#5247=CARTESIAN_POINT('Control Point',(3.9679531808,5.69548622028,7.7049791414)) ;
#5248=CARTESIAN_POINT('Control Point',(3.94537211735,5.73848421256,8.35144528178)) ;
#5249=CARTESIAN_POINT('Control Point',(3.9227339965,5.78121437016,9.)) ;
#5266=CARTESIAN_POINT('Control Point',(2.65690229601,-6.46151309732,9.)) ;
#5267=CARTESIAN_POINT('Control Point',(2.65552608413,-6.36698902329,6.48157269218)) ;
#5268=CARTESIAN_POINT('Control Point',(2.65410011613,-6.27220737876,3.9631598605)) ;
#5269=CARTESIAN_POINT('Control Point',(2.65261857032,-6.17713344996,1.44476507549)) ;
#5278=CARTESIAN_POINT('Axis2P3D Location',(0.,0.,-0.432259761415)) ;
#5283=CARTESIAN_POINT('Axis2P3D Location',(0.,0.,1.18532618599)) ;
#5287=CARTESIAN_POINT('Vertex',(-3.4311090809,2.75651746179,1.18532618599)) ;
#5289=CARTESIAN_POINT('Vertex',(-3.4311090809,-2.75651746179,1.18532618599)) ;
#5293=CARTESIAN_POINT('Control Point',(-3.4311090809,2.75651746179,1.18532618599)) ;
#5294=CARTESIAN_POINT('Control Point',(-3.44571578119,2.81246910838,1.20311612808)) ;
#5295=CARTESIAN_POINT('Control Point',(-3.46183216473,2.86821509373,1.21916608255)) ;
#5296=CARTESIAN_POINT('Control Point',(-3.47942809014,2.92363451595,1.2332162173)) ;
#5297=CARTESIAN_POINT('Vertex',(-3.47942809014,2.92363451595,1.2332162173)) ;
#5301=CARTESIAN_POINT('Control Point',(-2.92363417031,3.47942785803,1.23321610288)) ;
#5302=CARTESIAN_POINT('Control Point',(-3.10475329782,3.53693315322,1.27913393662)) ;
#5303=CARTESIAN_POINT('Control Point',(-3.32395647503,3.497271112,1.28706914261)) ;
#5304=CARTESIAN_POINT('Control Point',(-3.49726826189,3.32394196826,1.28706740337)) ;
#5305=CARTESIAN_POINT('Control Point',(-3.536932702,3.10475022562,1.27913325064)) ;
#5306=CARTESIAN_POINT('Control Point',(-3.47942797781,2.92363436072,1.23321616414)) ;
#5307=CARTESIAN_POINT('Vertex',(-2.92363451594,3.47942809014,1.2332162173)) ;
#5311=CARTESIAN_POINT('Control Point',(-2.7565174618,3.4311090809,1.18532618599)) ;
#5312=CARTESIAN_POINT('Control Point',(-2.81246910838,3.44571578119,1.20311612808)) ;
#5313=CARTESIAN_POINT('Control Point',(-2.86821509373,3.46183216473,1.21916608255)) ;
#5314=CARTESIAN_POINT('Control Point',(-2.92363451594,3.47942809014,1.2332162173)) ;
#5315=CARTESIAN_POINT('Vertex',(-2.7565174618,3.4311090809,1.18532618599)) ;
#5318=CARTESIAN_POINT('Axis2P3D Location',(0.,0.,1.18532618599)) ;
#5322=CARTESIAN_POINT('Vertex',(5.25657540504E-015,4.40123823966,1.18532618599)) ;
#5325=CARTESIAN_POINT('Axis2P3D Location',(5.99681540957E-015,5.02102819099,-0.432259761415)) ;
#5330=CARTESIAN_POINT('Axis2P3D Location',(-2.15214513588E-015,-5.02102819099,-0.432259761415)) ;
#5334=CARTESIAN_POINT('Vertex',(-8.08494348372E-016,-4.40123823966,1.18532618599)) ;
#5337=CARTESIAN_POINT('Axis2P3D Location',(0.,0.,1.18532618599)) ;
#5341=CARTESIAN_POINT('Vertex',(-2.75651746179,-3.4311090809,1.18532618599)) ;
#5345=CARTESIAN_POINT('Control Point',(-2.75651746179,-3.4311090809,1.18532618599)) ;
#5346=CARTESIAN_POINT('Control Point',(-2.81246910838,-3.44571578119,1.20311612808)) ;
#5347=CARTESIAN_POINT('Control Point',(-2.86821509373,-3.46183216473,1.21916608255)) ;
#5348=CARTESIAN_POINT('Control Point',(-2.92363451595,-3.47942809014,1.2332162173)) ;
#5349=CARTESIAN_POINT('Vertex',(-2.92363451595,-3.47942809014,1.2332162173)) ;
#5353=CARTESIAN_POINT('Control Point',(-3.47942785804,-2.92363417032,1.23321610288)) ;
#5354=CARTESIAN_POINT('Control Point',(-3.53693315321,-3.10475329782,1.27913393662)) ;
#5355=CARTESIAN_POINT('Control Point',(-3.497271112,-3.32395647502,1.28706914261)) ;
#5356=CARTESIAN_POINT('Control Point',(-3.32394196827,-3.49726826189,1.28706740337)) ;
#5357=CARTESIAN_POINT('Control Point',(-3.10475022562,-3.536932702,1.27913325064)) ;
#5358=CARTESIAN_POINT('Control Point',(-2.92363436072,-3.47942797781,1.23321616414)) ;
#5359=CARTESIAN_POINT('Vertex',(-3.47942809014,-2.92363451595,1.2332162173)) ;
#5363=CARTESIAN_POINT('Control Point',(-3.4311090809,-2.75651746179,1.18532618599)) ;
#5364=CARTESIAN_POINT('Control Point',(-3.44571578119,-2.81246910838,1.20311612808)) ;
#5365=CARTESIAN_POINT('Control Point',(-3.46183216473,-2.86821509373,1.21916608255)) ;
#5366=CARTESIAN_POINT('Control Point',(-3.47942809014,-2.92363451595,1.2332162173)) ;
#5383=CARTESIAN_POINT('Axis2P3D Location',(0.,0.,1.18532618599)) ;
#5387=CARTESIAN_POINT('Vertex',(3.4311090809,-2.7565174618,1.18532618599)) ;
#5389=CARTESIAN_POINT('Vertex',(3.4311090809,2.75651746179,1.18532618599)) ;
#5393=CARTESIAN_POINT('Control Point',(3.4311090809,-2.7565174618,1.18532618599)) ;
#5394=CARTESIAN_POINT('Control Point',(3.44571578119,-2.81246910838,1.20311612808)) ;
#5395=CARTESIAN_POINT('Control Point',(3.46183216473,-2.86821509373,1.21916608255)) ;
#5396=CARTESIAN_POINT('Control Point',(3.47942809014,-2.92363451594,1.2332162173)) ;
#5397=CARTESIAN_POINT('Vertex',(3.47942809014,-2.92363451594,1.2332162173)) ;
#5401=CARTESIAN_POINT('Control Point',(2.92363417032,-3.47942785804,1.23321610288)) ;
#5402=CARTESIAN_POINT('Control Point',(3.10475329782,-3.53693315322,1.27913393662)) ;
#5403=CARTESIAN_POINT('Control Point',(3.32395647501,-3.497271112,1.28706914261)) ;
#5404=CARTESIAN_POINT('Control Point',(3.4972682619,-3.32394196826,1.28706740337)) ;
#5405=CARTESIAN_POINT('Control Point',(3.536932702,-3.10475022562,1.27913325064)) ;
#5406=CARTESIAN_POINT('Control Point',(3.47942797781,-2.92363436072,1.23321616414)) ;
#5407=CARTESIAN_POINT('Vertex',(2.92363451779,-3.47942808341,1.23321613751)) ;
#5411=CARTESIAN_POINT('Control Point',(2.75651746179,-3.4311090809,1.18532618599)) ;
#5412=CARTESIAN_POINT('Control Point',(2.81246910838,-3.44571578119,1.20311612808)) ;
#5413=CARTESIAN_POINT('Control Point',(2.86821509373,-3.46183216473,1.21916608255)) ;
#5414=CARTESIAN_POINT('Control Point',(2.92363451595,-3.47942809014,1.2332162173)) ;
#5415=CARTESIAN_POINT('Vertex',(2.75651746179,-3.4311090809,1.18532618599)) ;
#5418=CARTESIAN_POINT('Axis2P3D Location',(0.,0.,1.18532618599)) ;
#5423=CARTESIAN_POINT('Axis2P3D Location',(0.,0.,1.18532618599)) ;
#5427=CARTESIAN_POINT('Vertex',(2.75651746179,3.4311090809,1.18532618599)) ;
#5431=CARTESIAN_POINT('Control Point',(2.75651746179,3.4311090809,1.18532618599)) ;
#5432=CARTESIAN_POINT('Control Point',(2.81246910838,3.44571578119,1.20311612808)) ;
#5433=CARTESIAN_POINT('Control Point',(2.86821509373,3.46183216473,1.21916608255)) ;
#5434=CARTESIAN_POINT('Control Point',(2.92363451594,3.47942809014,1.2332162173)) ;
#5435=CARTESIAN_POINT('Vertex',(2.92363451594,3.47942809014,1.2332162173)) ;
#5439=CARTESIAN_POINT('Control Point',(3.47942785803,2.92363417031,1.23321610288)) ;
#5440=CARTESIAN_POINT('Control Point',(3.53693315322,3.10475329781,1.27913393662)) ;
#5441=CARTESIAN_POINT('Control Point',(3.49727111201,3.32395647502,1.28706914261)) ;
#5442=CARTESIAN_POINT('Control Point',(3.32394196826,3.4972682619,1.28706740337)) ;
#5443=CARTESIAN_POINT('Control Point',(3.10475022562,3.536932702,1.27913325064)) ;
#5444=CARTESIAN_POINT('Control Point',(2.92363436072,3.47942797781,1.23321616414)) ;
#5445=CARTESIAN_POINT('Vertex',(3.47942808341,2.92363451779,1.23321613751)) ;
#5449=CARTESIAN_POINT('Control Point',(3.4311090809,2.75651746179,1.18532618599)) ;
#5450=CARTESIAN_POINT('Control Point',(3.44571578119,2.81246910838,1.20311612808)) ;
#5451=CARTESIAN_POINT('Control Point',(3.46183216473,2.86821509373,1.21916608255)) ;
#5452=CARTESIAN_POINT('Control Point',(3.47942809014,2.92363451594,1.2332162173)) ;
#5469=CARTESIAN_POINT('Axis2P3D Location',(5.08239507675,0.,0.4)) ;
#5478=CARTESIAN_POINT('Axis2P3D Location',(0.,0.,0.4)) ;
#5482=CARTESIAN_POINT('Vertex',(-5.5,1.76893491464E-015,0.4)) ;
#5484=CARTESIAN_POINT('Vertex',(5.5,6.23209278741E-015,0.4)) ;
#5487=CARTESIAN_POINT('Axis2P3D Location',(0.,0.,0.4)) ;
#5498=CARTESIAN_POINT('Control Point',(2.47092111588,-6.73919903821,9.)) ;
#5499=CARTESIAN_POINT('Control Point',(2.47092111588,-6.66839232236,9.00267347421)) ;
#5500=CARTESIAN_POINT('Control Point',(2.49184085952,-6.59758560651,9.00534694842)) ;
#5501=CARTESIAN_POINT('Control Point',(2.53377712651,-6.53506167451,9.00770768663)) ;
#5502=CARTESIAN_POINT('Control Point',(2.59136736369,-6.48881570414,9.00945381208)) ;
#5503=CARTESIAN_POINT('Control Point',(2.65690801688,-6.46190606046,9.01046984901)) ;
#5504=CARTESIAN_POINT('Control Point',(2.47092111588,-6.68206648419,7.48684962082)) ;
#5505=CARTESIAN_POINT('Control Point',(2.47092111588,-6.61143853585,7.48951962277)) ;
#5506=CARTESIAN_POINT('Control Point',(2.49173529933,-6.54081058751,7.49218962473)) ;
#5507=CARTESIAN_POINT('Control Point',(2.53345905971,-6.4784021937,7.49454889466)) ;
#5508=CARTESIAN_POINT('Control Point',(2.59078616761,-6.43215029776,7.49629738451)) ;
#5509=CARTESIAN_POINT('Control Point',(2.65608122807,-6.40511345287,7.49731946983)) ;
#5510=CARTESIAN_POINT('Control Point',(2.47092111588,-6.62484654374,5.97370362681)) ;
#5511=CARTESIAN_POINT('Control Point',(2.47092111588,-6.55440087779,5.97637010731)) ;
#5512=CARTESIAN_POINT('Control Point',(2.4916279971,-6.48395521184,5.9790365878)) ;
#5513=CARTESIAN_POINT('Control Point',(2.53313575944,-6.42166503824,5.98139436682)) ;
#5514=CARTESIAN_POINT('Control Point',(2.59019503362,-6.37540823909,5.98314525119)) ;
#5515=CARTESIAN_POINT('Control Point',(2.65523945261,-6.3482432233,5.98417347583)) ;
#5516=CARTESIAN_POINT('Control Point',(2.47092111588,-6.56753551515,4.4605622359)) ;
#5517=CARTESIAN_POINT('Control Point',(2.47092111588,-6.49727578881,4.46322514431)) ;
#5518=CARTESIAN_POINT('Control Point',(2.49151889497,-6.42701606246,4.46588805273)) ;
#5519=CARTESIAN_POINT('Control Point',(2.53280705233,-6.36484691335,4.4682443175)) ;
#5520=CARTESIAN_POINT('Control Point',(2.58959362061,-6.31858631406,4.46999762726)) ;
#5521=CARTESIAN_POINT('Control Point',(2.65438214719,-6.29129217666,4.47103208491)) ;
#5522=CARTESIAN_POINT('Control Point',(2.47092111588,-6.51012938637,2.9474260385)) ;
#5523=CARTESIAN_POINT('Control Point',(2.47092111588,-6.44005941097,2.95008532274)) ;
#5524=CARTESIAN_POINT('Control Point',(2.49140793129,-6.36998943558,2.95274460698)) ;
#5525=CARTESIAN_POINT('Control Point',(2.53247275364,-6.30794424853,2.95509933342)) ;
#5526=CARTESIAN_POINT('Control Point',(2.5889815643,-6.2616810422,2.95685510024)) ;
#5527=CARTESIAN_POINT('Control Point',(2.65350872955,-6.2342568573,2.95789588751)) ;
#5528=CARTESIAN_POINT('Control Point',(2.47092111588,-6.45262372189,1.43429522433)) ;
#5529=CARTESIAN_POINT('Control Point',(2.47092111588,-6.38274747765,1.43695083072)) ;
#5530=CARTESIAN_POINT('Control Point',(2.49129503985,-6.3128712334,1.4396064371)) ;
#5531=CARTESIAN_POINT('Control Point',(2.532132665,-6.2509530932,1.44195960034)) ;
#5532=CARTESIAN_POINT('Control Point',(2.58835847254,-6.20468857511,1.44371785668)) ;
#5533=CARTESIAN_POINT('Control Point',(2.65261857031,-6.17713344988,1.44476507334)) ;
#5542=CARTESIAN_POINT('Axis2P3D Location',(0.,0.,1.05417242963)) ;
#5548=CARTESIAN_POINT('Control Point',(-3.34954558571,-2.29249761483,1.05417242963)) ;
#5549=CARTESIAN_POINT('Control Point',(-3.3640091124,-2.44913111497,1.09264241958)) ;
#5550=CARTESIAN_POINT('Control Point',(-3.39143040466,-2.60452644217,1.13700032605)) ;
#5551=CARTESIAN_POINT('Control Point',(-3.4311090809,-2.75651746179,1.18532618599)) ;
#5552=CARTESIAN_POINT('Vertex',(-3.34954558571,-2.29249761483,1.05417242963)) ;
#5555=CARTESIAN_POINT('Axis2P3D Location',(0.,0.,1.05417242963)) ;
#5559=CARTESIAN_POINT('Vertex',(-3.34954558571,2.29249761483,1.05417242963)) ;
#5563=CARTESIAN_POINT('Control Point',(-3.34954558571,2.29249761483,1.05417242963)) ;
#5564=CARTESIAN_POINT('Control Point',(-3.3640091124,2.44913111497,1.09264241958)) ;
#5565=CARTESIAN_POINT('Control Point',(-3.39143040466,2.60452644217,1.13700032605)) ;
#5566=CARTESIAN_POINT('Control Point',(-3.4311090809,2.75651746179,1.18532618599)) ;
#5576=CARTESIAN_POINT('Control Point',(-3.28116316866,2.09076329299,0.357454645447)) ;
#5577=CARTESIAN_POINT('Control Point',(-3.28135483757,2.26382240546,0.35964543102)) ;
#5578=CARTESIAN_POINT('Control Point',(-3.29397996795,2.43688151793,0.360748429666)) ;
#5579=CARTESIAN_POINT('Control Point',(-3.31903746776,2.60874063249,0.360748429666)) ;
#5580=CARTESIAN_POINT('Control Point',(-3.35635239723,2.77819990891,0.35964543102)) ;
#5581=CARTESIAN_POINT('Control Point',(-3.40558316138,2.94410899549,0.357454645447)) ;
#5582=CARTESIAN_POINT('Control Point',(-3.30031796183,2.08797047502,0.576394933144)) ;
#5583=CARTESIAN_POINT('Control Point',(-3.30050852257,2.26053286619,0.578573052425)) ;
#5584=CARTESIAN_POINT('Control Point',(-3.31306115906,2.43309525736,0.57966963022)) ;
#5585=CARTESIAN_POINT('Control Point',(-3.33797479048,2.60446798493,0.57966963022)) ;
#5586=CARTESIAN_POINT('Control Point',(-3.37507649268,2.77346153983,0.578573052425)) ;
#5587=CARTESIAN_POINT('Control Point',(-3.42402856703,2.93893519366,0.576394933144)) ;
#5588=CARTESIAN_POINT('Control Point',(-3.31947276127,2.08518849737,0.79533529259)) ;
#5589=CARTESIAN_POINT('Control Point',(-3.31966223094,2.25725987007,0.797500940863)) ;
#5590=CARTESIAN_POINT('Control Point',(-3.33214348356,2.42933124276,0.798591197475)) ;
#5591=CARTESIAN_POINT('Control Point',(-3.35691544933,2.6002230884,0.798591197475)) ;
#5592=CARTESIAN_POINT('Control Point',(-3.39380717328,2.76875603139,0.797500940863)) ;
#5593=CARTESIAN_POINT('Control Point',(-3.44248476421,2.93379878789,0.79533529259)) ;
#5594=CARTESIAN_POINT('Control Point',(-3.33862756676,2.08241717083,1.01427572121)) ;
#5595=CARTESIAN_POINT('Control Point',(-3.33881596185,2.25400306435,1.01642908699)) ;
#5596=CARTESIAN_POINT('Control Point',(-3.35122690243,2.42558895787,1.01751311861)) ;
#5597=CARTESIAN_POINT('Control Point',(-3.3758593295,2.59600527103,1.01751311861)) ;
#5598=CARTESIAN_POINT('Control Point',(-3.41254421295,2.76408257199,1.01642908699)) ;
#5599=CARTESIAN_POINT('Control Point',(-3.4609513842,2.92869884966,1.01427572121)) ;
#5600=CARTESIAN_POINT('Control Point',(-3.35778237815,2.07965631674,1.23321621724)) ;
#5601=CARTESIAN_POINT('Control Point',(-3.35796971462,2.25076211936,1.23535748289)) ;
#5602=CARTESIAN_POINT('Control Point',(-3.37031138011,2.42186792197,1.23643538252)) ;
#5603=CARTESIAN_POINT('Control Point',(-3.39480632622,2.59181390826,1.23643538252)) ;
#5604=CARTESIAN_POINT('Control Point',(-3.4312874053,2.75944040755,1.23535748289)) ;
#5605=CARTESIAN_POINT('Control Point',(-3.47942809016,2.92363451599,1.23321621724)) ;
#5607=CARTESIAN_POINT('Control Point',(-3.34954558571,2.29249761483,1.05417242963)) ;
#5608=CARTESIAN_POINT('Control Point',(-3.34311367387,2.22284289748,1.03706487426)) ;
#5609=CARTESIAN_POINT('Control Point',(-3.3393632873,2.1527251185,1.02268504545)) ;
#5610=CARTESIAN_POINT('Control Point',(-3.33829806974,2.08246873802,1.0105095531)) ;
#5611=CARTESIAN_POINT('Vertex',(-3.33829806973,2.08246873803,1.01050955298)) ;
#5615=CARTESIAN_POINT('Control Point',(-3.28576029151,2.09009325469,0.41)) ;
#5616=CARTESIAN_POINT('Control Point',(-3.29626784368,2.08856229598,0.530101870944)) ;
#5617=CARTESIAN_POINT('Control Point',(-3.30677539762,2.08703438905,0.650203761967)) ;
#5618=CARTESIAN_POINT('Control Point',(-3.31728295329,2.08550950956,0.770305672861)) ;
#5619=CARTESIAN_POINT('Control Point',(-3.32779051067,2.08398763369,0.890407603271)) ;
#5620=CARTESIAN_POINT('Control Point',(-3.33829806973,2.08246873803,1.01050955298)) ;
#5621=CARTESIAN_POINT('Vertex',(-3.28576029151,2.09009325469,0.41)) ;
#5625=CARTESIAN_POINT('Control Point',(-3.28576029151,2.09009325469,0.41)) ;
#5626=CARTESIAN_POINT('Control Point',(-3.28576029151,2.37837022833,0.41)) ;
#5627=CARTESIAN_POINT('Control Point',(-3.32776300892,2.66661273696,0.41)) ;
#5628=CARTESIAN_POINT('Control Point',(-3.4100102649,2.94286809748,0.41)) ;
#5629=CARTESIAN_POINT('Vertex',(-3.4100102649,2.94286809748,0.41)) ;
#5633=CARTESIAN_POINT('Control Point',(-3.4100102649,2.94286809748,0.41)) ;
#5634=CARTESIAN_POINT('Control Point',(-3.423882673,2.93898245134,0.574643169308)) ;
#5635=CARTESIAN_POINT('Control Point',(-3.43776077898,2.93511657226,0.739286376349)) ;
#5636=CARTESIAN_POINT('Control Point',(-3.4516444609,2.93127015285,0.903929620588)) ;
#5637=CARTESIAN_POINT('Control Point',(-3.46553360196,2.92744289641,1.06857290097)) ;
#5638=CARTESIAN_POINT('Control Point',(-3.47942809014,2.92363451595,1.2332162173)) ;
#5649=CARTESIAN_POINT('Axis2P3D Location',(-3.05003931368,3.05003931368,0.4)) ;
#5654=CARTESIAN_POINT('Axis2P3D Location',(-3.05003931368,3.05003931368,0.41)) ;
#5658=CARTESIAN_POINT('Vertex',(-2.94286809748,3.4100102649,0.41)) ;
#5662=CARTESIAN_POINT('Control Point',(-2.92363451594,3.47942809014,1.2332162173)) ;
#5663=CARTESIAN_POINT('Control Point',(-2.92998181671,3.45627060982,0.958810689961)) ;
#5664=CARTESIAN_POINT('Control Point',(-2.93639202057,3.43313094504,0.684405282002)) ;
#5665=CARTESIAN_POINT('Control Point',(-2.94286809748,3.4100102649,0.41)) ;
#5675=CARTESIAN_POINT('Control Point',(-2.92363451598,3.47942809016,1.23321621726)) ;
#5676=CARTESIAN_POINT('Control Point',(-2.75944040755,3.4312874053,1.2353574829)) ;
#5677=CARTESIAN_POINT('Control Point',(-2.59181390826,3.39480632621,1.23643538254)) ;
#5678=CARTESIAN_POINT('Control Point',(-2.42186792197,3.37031138011,1.23643538254)) ;
#5679=CARTESIAN_POINT('Control Point',(-2.25076211935,3.35796971462,1.2353574829)) ;
#5680=CARTESIAN_POINT('Control Point',(-2.07965631674,3.35778237815,1.23321621726)) ;
#5681=CARTESIAN_POINT('Control Point',(-2.92869884966,3.46095138419,1.01427572108)) ;
#5682=CARTESIAN_POINT('Control Point',(-2.76408257199,3.41254421293,1.01642908687)) ;
#5683=CARTESIAN_POINT('Control Point',(-2.59600527103,3.37585932948,1.01751311848)) ;
#5684=CARTESIAN_POINT('Control Point',(-2.42558895787,3.35122690241,1.01751311848)) ;
#5685=CARTESIAN_POINT('Control Point',(-2.25400306434,3.33881596184,1.01642908687)) ;
#5686=CARTESIAN_POINT('Control Point',(-2.08241717082,3.33862756675,1.01427572108)) ;
#5687=CARTESIAN_POINT('Control Point',(-2.93379878788,3.44248476417,0.795335292169)) ;
#5688=CARTESIAN_POINT('Control Point',(-2.76875603139,3.39380717323,0.797500940443)) ;
#5689=CARTESIAN_POINT('Control Point',(-2.6002230884,3.35691544928,0.798591197055)) ;
#5690=CARTESIAN_POINT('Control Point',(-2.42933124277,3.33214348351,0.798591197055)) ;
#5691=CARTESIAN_POINT('Control Point',(-2.25725987007,3.3196622309,0.797500940443)) ;
#5692=CARTESIAN_POINT('Control Point',(-2.08518849737,3.31947276123,0.795335292169)) ;
#5693=CARTESIAN_POINT('Control Point',(-2.93893519366,3.42402856702,0.57639493305)) ;
#5694=CARTESIAN_POINT('Control Point',(-2.77346153983,3.37507649267,0.57857305233)) ;
#5695=CARTESIAN_POINT('Control Point',(-2.60446798493,3.33797479047,0.579669630126)) ;
#5696=CARTESIAN_POINT('Control Point',(-2.43309525736,3.31306115905,0.579669630126)) ;
#5697=CARTESIAN_POINT('Control Point',(-2.26053286619,3.30050852256,0.57857305233)) ;
#5698=CARTESIAN_POINT('Control Point',(-2.08797047502,3.30031796182,0.57639493305)) ;
#5699=CARTESIAN_POINT('Control Point',(-2.94410899549,3.40558316138,0.357454645431)) ;
#5700=CARTESIAN_POINT('Control Point',(-2.77819990891,3.35635239722,0.359645431004)) ;
#5701=CARTESIAN_POINT('Control Point',(-2.60874063249,3.31903746776,0.360748429649)) ;
#5702=CARTESIAN_POINT('Control Point',(-2.43688151793,3.29397996795,0.360748429649)) ;
#5703=CARTESIAN_POINT('Control Point',(-2.26382240546,3.28135483757,0.359645431004)) ;
#5704=CARTESIAN_POINT('Control Point',(-2.09076329299,3.28116316866,0.357454645431)) ;
#5706=CARTESIAN_POINT('Control Point',(-2.94286809748,3.4100102649,0.41)) ;
#5707=CARTESIAN_POINT('Control Point',(-2.66661273694,3.32776300892,0.41)) ;
#5708=CARTESIAN_POINT('Control Point',(-2.37837022834,3.28576029151,0.41)) ;
#5709=CARTESIAN_POINT('Control Point',(-2.09009325469,3.28576029151,0.41)) ;
#5710=CARTESIAN_POINT('Vertex',(-2.09009325469,3.28576029151,0.41)) ;
#5714=CARTESIAN_POINT('Control Point',(-2.08246873802,3.33829806973,1.01050955298)) ;
#5715=CARTESIAN_POINT('Control Point',(-2.08398763369,3.32779051066,0.890407603176)) ;
#5716=CARTESIAN_POINT('Control Point',(-2.08550950957,3.31728295327,0.770305672706)) ;
#5717=CARTESIAN_POINT('Control Point',(-2.08703438905,3.30677539761,0.65020376184)) ;
#5718=CARTESIAN_POINT('Control Point',(-2.08856229598,3.29626784368,0.530101870893)) ;
#5719=CARTESIAN_POINT('Control Point',(-2.09009325469,3.28576029151,0.41)) ;
#5720=CARTESIAN_POINT('Vertex',(-2.08246873802,3.33829806973,1.01050955298)) ;
#5724=CARTESIAN_POINT('Control Point',(-2.29249761483,3.3495455857,1.05417242963)) ;
#5725=CARTESIAN_POINT('Control Point',(-2.22284289748,3.34311367387,1.03706487426)) ;
#5726=CARTESIAN_POINT('Control Point',(-2.1527251185,3.3393632873,1.02268504545)) ;
#5727=CARTESIAN_POINT('Control Point',(-2.08246873802,3.33829806974,1.0105095531)) ;
#5728=CARTESIAN_POINT('Vertex',(-2.29249761483,3.3495455857,1.05417242963)) ;
#5732=CARTESIAN_POINT('Control Point',(-2.29249761483,3.3495455857,1.05417242963)) ;
#5733=CARTESIAN_POINT('Control Point',(-2.44913111498,3.3640091124,1.09264241958)) ;
#5734=CARTESIAN_POINT('Control Point',(-2.60452644217,3.39143040466,1.13700032605)) ;
#5735=CARTESIAN_POINT('Control Point',(-2.7565174618,3.4311090809,1.18532618599)) ;
#5746=CARTESIAN_POINT('Axis2P3D Location',(0.,0.,1.05417242963)) ;
#5750=CARTESIAN_POINT('Vertex',(4.84775591757E-015,4.0589408649,1.05417242963)) ;
#5753=CARTESIAN_POINT('Line Origine',(5.05216566131E-015,4.23008955228,1.11974930781)) ;
#5766=CARTESIAN_POINT('Control Point',(-2.29249761483,-3.34954558571,1.05417242963)) ;
#5767=CARTESIAN_POINT('Control Point',(-2.44913111497,-3.3640091124,1.09264241958)) ;
#5768=CARTESIAN_POINT('Control Point',(-2.60452644217,-3.39143040466,1.13700032605)) ;
#5769=CARTESIAN_POINT('Control Point',(-2.75651746179,-3.4311090809,1.18532618599)) ;
#5770=CARTESIAN_POINT('Vertex',(-2.29249761483,-3.34954558571,1.05417242963)) ;
#5773=CARTESIAN_POINT('Line Origine',(-1.81312797061E-015,-4.23008955228,1.11974930781)) ;
#5777=CARTESIAN_POINT('Vertex',(-4.35067902376E-015,-4.0589408649,1.05417242963)) ;
#5780=CARTESIAN_POINT('Axis2P3D Location',(0.,0.,1.05417242963)) ;
#5793=CARTESIAN_POINT('Control Point',(-2.09076329299,-3.28116316866,0.357454645447)) ;
#5794=CARTESIAN_POINT('Control Point',(-2.26382240546,-3.28135483757,0.35964543102)) ;
#5795=CARTESIAN_POINT('Control Point',(-2.43688151793,-3.29397996795,0.360748429666)) ;
#5796=CARTESIAN_POINT('Control Point',(-2.60874063249,-3.31903746776,0.360748429666)) ;
#5797=CARTESIAN_POINT('Control Point',(-2.77819990891,-3.35635239723,0.35964543102)) ;
#5798=CARTESIAN_POINT('Control Point',(-2.94410899549,-3.40558316138,0.357454645447)) ;
#5799=CARTESIAN_POINT('Control Point',(-2.08797047502,-3.30031796183,0.576394933144)) ;
#5800=CARTESIAN_POINT('Control Point',(-2.26053286619,-3.30050852257,0.578573052425)) ;
#5801=CARTESIAN_POINT('Control Point',(-2.43309525736,-3.31306115906,0.57966963022)) ;
#5802=CARTESIAN_POINT('Control Point',(-2.60446798493,-3.33797479048,0.57966963022)) ;
#5803=CARTESIAN_POINT('Control Point',(-2.77346153983,-3.37507649268,0.578573052425)) ;
#5804=CARTESIAN_POINT('Control Point',(-2.93893519366,-3.42402856703,0.576394933144)) ;
#5805=CARTESIAN_POINT('Control Point',(-2.08518849737,-3.31947276127,0.79533529259)) ;
#5806=CARTESIAN_POINT('Control Point',(-2.25725987007,-3.31966223094,0.797500940863)) ;
#5807=CARTESIAN_POINT('Control Point',(-2.42933124276,-3.33214348356,0.798591197474)) ;
#5808=CARTESIAN_POINT('Control Point',(-2.6002230884,-3.35691544933,0.798591197474)) ;
#5809=CARTESIAN_POINT('Control Point',(-2.76875603139,-3.39380717328,0.797500940863)) ;
#5810=CARTESIAN_POINT('Control Point',(-2.93379878789,-3.44248476421,0.79533529259)) ;
#5811=CARTESIAN_POINT('Control Point',(-2.08241717083,-3.33862756676,1.01427572121)) ;
#5812=CARTESIAN_POINT('Control Point',(-2.25400306435,-3.33881596185,1.01642908699)) ;
#5813=CARTESIAN_POINT('Control Point',(-2.42558895787,-3.35122690243,1.01751311861)) ;
#5814=CARTESIAN_POINT('Control Point',(-2.59600527103,-3.3758593295,1.01751311861)) ;
#5815=CARTESIAN_POINT('Control Point',(-2.76408257199,-3.41254421295,1.01642908699)) ;
#5816=CARTESIAN_POINT('Control Point',(-2.92869884966,-3.4609513842,1.01427572121)) ;
#5817=CARTESIAN_POINT('Control Point',(-2.07965631674,-3.35778237815,1.23321621724)) ;
#5818=CARTESIAN_POINT('Control Point',(-2.25076211936,-3.35796971462,1.23535748289)) ;
#5819=CARTESIAN_POINT('Control Point',(-2.42186792197,-3.37031138011,1.23643538252)) ;
#5820=CARTESIAN_POINT('Control Point',(-2.59181390826,-3.39480632622,1.23643538252)) ;
#5821=CARTESIAN_POINT('Control Point',(-2.75944040755,-3.4312874053,1.23535748289)) ;
#5822=CARTESIAN_POINT('Control Point',(-2.92363451599,-3.47942809016,1.23321621724)) ;
#5824=CARTESIAN_POINT('Control Point',(-2.29249761483,-3.34954558571,1.05417242963)) ;
#5825=CARTESIAN_POINT('Control Point',(-2.22284289748,-3.34311367387,1.03706487426)) ;
#5826=CARTESIAN_POINT('Control Point',(-2.1527251185,-3.3393632873,1.02268504545)) ;
#5827=CARTESIAN_POINT('Control Point',(-2.08246873802,-3.33829806974,1.0105095531)) ;
#5828=CARTESIAN_POINT('Vertex',(-2.08246873803,-3.33829806972,1.01050955287)) ;
#5832=CARTESIAN_POINT('Control Point',(-2.09009325469,-3.28576029151,0.41)) ;
#5833=CARTESIAN_POINT('Control Point',(-2.08856229598,-3.29626784368,0.530101870921)) ;
#5834=CARTESIAN_POINT('Control Point',(-2.08703438905,-3.30677539761,0.650203761921)) ;
#5835=CARTESIAN_POINT('Control Point',(-2.08550950957,-3.31728295328,0.770305672793)) ;
#5836=CARTESIAN_POINT('Control Point',(-2.08398763369,-3.32779051066,0.890407603179)) ;
#5837=CARTESIAN_POINT('Control Point',(-2.08246873803,-3.33829806972,1.01050955287)) ;
#5838=CARTESIAN_POINT('Vertex',(-2.09009325469,-3.28576029151,0.41)) ;
#5842=CARTESIAN_POINT('Control Point',(-2.09009325469,-3.28576029151,0.41)) ;
#5843=CARTESIAN_POINT('Control Point',(-2.37837022833,-3.28576029151,0.41)) ;
#5844=CARTESIAN_POINT('Control Point',(-2.66661273696,-3.32776300892,0.41)) ;
#5845=CARTESIAN_POINT('Control Point',(-2.94286809748,-3.4100102649,0.41)) ;
#5846=CARTESIAN_POINT('Vertex',(-2.94286809748,-3.4100102649,0.41)) ;
#5850=CARTESIAN_POINT('Control Point',(-2.94286809748,-3.4100102649,0.41)) ;
#5851=CARTESIAN_POINT('Control Point',(-2.93898245134,-3.423882673,0.574643169308)) ;
#5852=CARTESIAN_POINT('Control Point',(-2.93511657226,-3.43776077898,0.739286376349)) ;
#5853=CARTESIAN_POINT('Control Point',(-2.93127015285,-3.4516444609,0.903929620588)) ;
#5854=CARTESIAN_POINT('Control Point',(-2.92744289641,-3.46553360196,1.06857290097)) ;
#5855=CARTESIAN_POINT('Control Point',(-2.92363451595,-3.47942809014,1.2332162173)) ;
#5866=CARTESIAN_POINT('Axis2P3D Location',(-3.05003931368,-3.05003931368,0.4)) ;
#5871=CARTESIAN_POINT('Axis2P3D Location',(-3.05003931368,-3.05003931368,0.41)) ;
#5875=CARTESIAN_POINT('Vertex',(-3.4100102649,-2.94286809748,0.41)) ;
#5879=CARTESIAN_POINT('Control Point',(-3.4100102649,-2.94286809748,0.41)) ;
#5880=CARTESIAN_POINT('Control Point',(-3.43313094506,-2.93639202058,0.68440528218)) ;
#5881=CARTESIAN_POINT('Control Point',(-3.45627060983,-2.92998181672,0.958810690078)) ;
#5882=CARTESIAN_POINT('Control Point',(-3.47942809014,-2.92363451595,1.2332162173)) ;
#5892=CARTESIAN_POINT('Control Point',(-3.40558316138,-2.94410899549,0.357454645447)) ;
#5893=CARTESIAN_POINT('Control Point',(-3.35635239723,-2.77819990891,0.359645431021)) ;
#5894=CARTESIAN_POINT('Control Point',(-3.31903746777,-2.60874063249,0.360748429666)) ;
#5895=CARTESIAN_POINT('Control Point',(-3.29397996795,-2.43688151793,0.360748429666)) ;
#5896=CARTESIAN_POINT('Control Point',(-3.28135483757,-2.26382240546,0.359645431021)) ;
#5897=CARTESIAN_POINT('Control Point',(-3.28116316866,-2.09076329299,0.357454645447)) ;
#5898=CARTESIAN_POINT('Control Point',(-3.42402856703,-2.93893519366,0.576394933144)) ;
#5899=CARTESIAN_POINT('Control Point',(-3.37507649269,-2.77346153983,0.578573052425)) ;
#5900=CARTESIAN_POINT('Control Point',(-3.33797479049,-2.60446798493,0.57966963022)) ;
#5901=CARTESIAN_POINT('Control Point',(-3.31306115906,-2.43309525736,0.57966963022)) ;
#5902=CARTESIAN_POINT('Control Point',(-3.30050852258,-2.26053286619,0.578573052425)) ;
#5903=CARTESIAN_POINT('Control Point',(-3.30031796183,-2.08797047502,0.576394933144)) ;
#5904=CARTESIAN_POINT('Control Point',(-3.44248476421,-2.93379878789,0.79533529259)) ;
#5905=CARTESIAN_POINT('Control Point',(-3.39380717329,-2.76875603139,0.797500940863)) ;
#5906=CARTESIAN_POINT('Control Point',(-3.35691544934,-2.6002230884,0.798591197474)) ;
#5907=CARTESIAN_POINT('Control Point',(-3.33214348357,-2.42933124276,0.798591197474)) ;
#5908=CARTESIAN_POINT('Control Point',(-3.31966223095,-2.25725987006,0.797500940863)) ;
#5909=CARTESIAN_POINT('Control Point',(-3.31947276127,-2.08518849737,0.79533529259)) ;
#5910=CARTESIAN_POINT('Control Point',(-3.4609513842,-2.92869884966,1.01427572121)) ;
#5911=CARTESIAN_POINT('Control Point',(-3.41254421295,-2.76408257199,1.01642908699)) ;
#5912=CARTESIAN_POINT('Control Point',(-3.3758593295,-2.59600527103,1.01751311861)) ;
#5913=CARTESIAN_POINT('Control Point',(-3.35122690243,-2.42558895786,1.01751311861)) ;
#5914=CARTESIAN_POINT('Control Point',(-3.33881596185,-2.25400306435,1.01642908699)) ;
#5915=CARTESIAN_POINT('Control Point',(-3.33862756676,-2.08241717083,1.01427572121)) ;
#5916=CARTESIAN_POINT('Control Point',(-3.47942809016,-2.92363451599,1.23321621724)) ;
#5917=CARTESIAN_POINT('Control Point',(-3.4312874053,-2.75944040755,1.23535748289)) ;
#5918=CARTESIAN_POINT('Control Point',(-3.39480632622,-2.59181390826,1.23643538252)) ;
#5919=CARTESIAN_POINT('Control Point',(-3.37031138011,-2.42186792197,1.23643538252)) ;
#5920=CARTESIAN_POINT('Control Point',(-3.35796971462,-2.25076211936,1.23535748289)) ;
#5921=CARTESIAN_POINT('Control Point',(-3.35778237815,-2.07965631674,1.23321621724)) ;
#5923=CARTESIAN_POINT('Control Point',(-3.34954558571,-2.29249761483,1.05417242963)) ;
#5924=CARTESIAN_POINT('Control Point',(-3.34311367387,-2.22284289748,1.03706487426)) ;
#5925=CARTESIAN_POINT('Control Point',(-3.3393632873,-2.1527251185,1.02268504545)) ;
#5926=CARTESIAN_POINT('Control Point',(-3.33829806974,-2.08246873802,1.0105095531)) ;
#5927=CARTESIAN_POINT('Vertex',(-3.33829806972,-2.08246873803,1.01050955287)) ;
#5931=CARTESIAN_POINT('Control Point',(-3.4100102649,-2.94286809748,0.41)) ;
#5932=CARTESIAN_POINT('Control Point',(-3.32776300892,-2.66661273695,0.41)) ;
#5933=CARTESIAN_POINT('Control Point',(-3.28576029151,-2.37837022833,0.41)) ;
#5934=CARTESIAN_POINT('Control Point',(-3.28576029151,-2.09009325469,0.41)) ;
#5935=CARTESIAN_POINT('Vertex',(-3.28576029151,-2.09009325469,0.41)) ;
#5939=CARTESIAN_POINT('Control Point',(-3.28576029151,-2.09009325469,0.41)) ;
#5940=CARTESIAN_POINT('Control Point',(-3.29626784368,-2.08856229598,0.530101870921)) ;
#5941=CARTESIAN_POINT('Control Point',(-3.30677539761,-2.08703438905,0.650203761922)) ;
#5942=CARTESIAN_POINT('Control Point',(-3.31728295328,-2.08550950957,0.770305672793)) ;
#5943=CARTESIAN_POINT('Control Point',(-3.32779051066,-2.08398763369,0.890407603179)) ;
#5944=CARTESIAN_POINT('Control Point',(-3.33829806972,-2.08246873803,1.01050955287)) ;
#5956=CARTESIAN_POINT('Control Point',(3.34954558571,2.29249761483,1.05417242963)) ;
#5957=CARTESIAN_POINT('Control Point',(3.3640091124,2.44913111497,1.09264241958)) ;
#5958=CARTESIAN_POINT('Control Point',(3.39143040466,2.60452644217,1.13700032605)) ;
#5959=CARTESIAN_POINT('Control Point',(3.4311090809,2.75651746179,1.18532618599)) ;
#5960=CARTESIAN_POINT('Vertex',(3.34954558571,2.29249761483,1.05417242963)) ;
#5963=CARTESIAN_POINT('Axis2P3D Location',(0.,0.,1.05417242963)) ;
#5967=CARTESIAN_POINT('Vertex',(3.3495455857,-2.29249761483,1.05417242963)) ;
#5971=CARTESIAN_POINT('Control Point',(3.3495455857,-2.29249761483,1.05417242963)) ;
#5972=CARTESIAN_POINT('Control Point',(3.3640091124,-2.44913111498,1.09264241958)) ;
#5973=CARTESIAN_POINT('Control Point',(3.39143040466,-2.60452644217,1.13700032605)) ;
#5974=CARTESIAN_POINT('Control Point',(3.4311090809,-2.7565174618,1.18532618599)) ;
#5984=CARTESIAN_POINT('Control Point',(3.47942809016,-2.92363451598,1.23321621726)) ;
#5985=CARTESIAN_POINT('Control Point',(3.4312874053,-2.75944040755,1.2353574829)) ;
#5986=CARTESIAN_POINT('Control Point',(3.39480632621,-2.59181390826,1.23643538254)) ;
#5987=CARTESIAN_POINT('Control Point',(3.37031138011,-2.42186792197,1.23643538254)) ;
#5988=CARTESIAN_POINT('Control Point',(3.35796971462,-2.25076211935,1.2353574829)) ;
#5989=CARTESIAN_POINT('Control Point',(3.35778237815,-2.07965631674,1.23321621726)) ;
#5990=CARTESIAN_POINT('Control Point',(3.46095138419,-2.92869884966,1.01427572108)) ;
#5991=CARTESIAN_POINT('Control Point',(3.41254421293,-2.76408257199,1.01642908687)) ;
#5992=CARTESIAN_POINT('Control Point',(3.37585932948,-2.59600527103,1.01751311848)) ;
#5993=CARTESIAN_POINT('Control Point',(3.35122690241,-2.42558895787,1.01751311848)) ;
#5994=CARTESIAN_POINT('Control Point',(3.33881596184,-2.25400306434,1.01642908687)) ;
#5995=CARTESIAN_POINT('Control Point',(3.33862756675,-2.08241717082,1.01427572108)) ;
#5996=CARTESIAN_POINT('Control Point',(3.44248476417,-2.93379878788,0.795335292169)) ;
#5997=CARTESIAN_POINT('Control Point',(3.39380717323,-2.76875603139,0.797500940443)) ;
#5998=CARTESIAN_POINT('Control Point',(3.35691544928,-2.6002230884,0.798591197055)) ;
#5999=CARTESIAN_POINT('Control Point',(3.33214348351,-2.42933124277,0.798591197055)) ;
#6000=CARTESIAN_POINT('Control Point',(3.3196622309,-2.25725987007,0.797500940443)) ;
#6001=CARTESIAN_POINT('Control Point',(3.31947276123,-2.08518849737,0.795335292169)) ;
#6002=CARTESIAN_POINT('Control Point',(3.42402856702,-2.93893519366,0.57639493305)) ;
#6003=CARTESIAN_POINT('Control Point',(3.37507649267,-2.77346153983,0.578573052331)) ;
#6004=CARTESIAN_POINT('Control Point',(3.33797479047,-2.60446798493,0.579669630126)) ;
#6005=CARTESIAN_POINT('Control Point',(3.31306115905,-2.43309525736,0.579669630126)) ;
#6006=CARTESIAN_POINT('Control Point',(3.30050852256,-2.26053286619,0.578573052331)) ;
#6007=CARTESIAN_POINT('Control Point',(3.30031796182,-2.08797047502,0.57639493305)) ;
#6008=CARTESIAN_POINT('Control Point',(3.40558316138,-2.94410899549,0.357454645431)) ;
#6009=CARTESIAN_POINT('Control Point',(3.35635239722,-2.77819990891,0.359645431004)) ;
#6010=CARTESIAN_POINT('Control Point',(3.31903746776,-2.60874063249,0.360748429649)) ;
#6011=CARTESIAN_POINT('Control Point',(3.29397996795,-2.43688151793,0.360748429649)) ;
#6012=CARTESIAN_POINT('Control Point',(3.28135483757,-2.26382240546,0.359645431004)) ;
#6013=CARTESIAN_POINT('Control Point',(3.28116316866,-2.09076329299,0.357454645431)) ;
#6015=CARTESIAN_POINT('Control Point',(3.3495455857,-2.29249761483,1.05417242963)) ;
#6016=CARTESIAN_POINT('Control Point',(3.34311367387,-2.22284289748,1.03706487426)) ;
#6017=CARTESIAN_POINT('Control Point',(3.3393632873,-2.1527251185,1.02268504545)) ;
#6018=CARTESIAN_POINT('Control Point',(3.33829806974,-2.08246873802,1.0105095531)) ;
#6019=CARTESIAN_POINT('Vertex',(3.33829806973,-2.08246873802,1.01050955298)) ;
#6023=CARTESIAN_POINT('Control Point',(3.33829806973,-2.08246873802,1.01050955298)) ;
#6024=CARTESIAN_POINT('Control Point',(3.32779051066,-2.08398763369,0.890407603176)) ;
#6025=CARTESIAN_POINT('Control Point',(3.31728295327,-2.08550950957,0.770305672706)) ;
#6026=CARTESIAN_POINT('Control Point',(3.30677539761,-2.08703438905,0.65020376184)) ;
#6027=CARTESIAN_POINT('Control Point',(3.29626784368,-2.08856229598,0.530101870893)) ;
#6028=CARTESIAN_POINT('Control Point',(3.28576029151,-2.09009325469,0.41)) ;
#6029=CARTESIAN_POINT('Vertex',(3.28576029151,-2.09009325469,0.41)) ;
#6033=CARTESIAN_POINT('Control Point',(3.4100102649,-2.94286809748,0.41)) ;
#6034=CARTESIAN_POINT('Control Point',(3.32776300892,-2.66661273695,0.41)) ;
#6035=CARTESIAN_POINT('Control Point',(3.28576029151,-2.37837022833,0.41)) ;
#6036=CARTESIAN_POINT('Control Point',(3.28576029151,-2.09009325469,0.41)) ;
#6037=CARTESIAN_POINT('Vertex',(3.4100102649,-2.94286809748,0.41)) ;
#6041=CARTESIAN_POINT('Control Point',(3.47942809014,-2.92363451594,1.2332162173)) ;
#6042=CARTESIAN_POINT('Control Point',(3.46553360195,-2.92744289641,1.0685729009)) ;
#6043=CARTESIAN_POINT('Control Point',(3.45164446087,-2.93127015285,0.903929620315)) ;
#6044=CARTESIAN_POINT('Control Point',(3.43776077896,-2.93511657225,0.739286376088)) ;
#6045=CARTESIAN_POINT('Control Point',(3.42388267299,-2.93898245134,0.574643169201)) ;
#6046=CARTESIAN_POINT('Control Point',(3.4100102649,-2.94286809748,0.41)) ;
#6057=CARTESIAN_POINT('Axis2P3D Location',(3.05003931368,-3.05003931368,0.4)) ;
#6062=CARTESIAN_POINT('Axis2P3D Location',(3.05003931368,-3.05003931368,0.41)) ;
#6066=CARTESIAN_POINT('Vertex',(2.94286809748,-3.4100102649,0.41)) ;
#6070=CARTESIAN_POINT('Control Point',(2.94286809748,-3.4100102649,0.41)) ;
#6071=CARTESIAN_POINT('Control Point',(2.9363920212,-3.43313094282,0.684405255583)) ;
#6072=CARTESIAN_POINT('Control Point',(2.92998181796,-3.45627060535,0.958810636884)) ;
#6073=CARTESIAN_POINT('Control Point',(2.92363451779,-3.47942808341,1.23321613751)) ;
#6083=CARTESIAN_POINT('Control Point',(2.94410899549,-3.40558316138,0.357454645447)) ;
#6084=CARTESIAN_POINT('Control Point',(2.77819990891,-3.35635239723,0.359645431021)) ;
#6085=CARTESIAN_POINT('Control Point',(2.60874063249,-3.31903746777,0.360748429666)) ;
#6086=CARTESIAN_POINT('Control Point',(2.43688151793,-3.29397996795,0.360748429666)) ;
#6087=CARTESIAN_POINT('Control Point',(2.26382240546,-3.28135483757,0.359645431021)) ;
#6088=CARTESIAN_POINT('Control Point',(2.09076329299,-3.28116316866,0.357454645447)) ;
#6089=CARTESIAN_POINT('Control Point',(2.93893519366,-3.42402856703,0.576394933144)) ;
#6090=CARTESIAN_POINT('Control Point',(2.77346153983,-3.37507649269,0.578573052425)) ;
#6091=CARTESIAN_POINT('Control Point',(2.60446798493,-3.33797479049,0.57966963022)) ;
#6092=CARTESIAN_POINT('Control Point',(2.43309525736,-3.31306115906,0.57966963022)) ;
#6093=CARTESIAN_POINT('Control Point',(2.26053286619,-3.30050852258,0.578573052425)) ;
#6094=CARTESIAN_POINT('Control Point',(2.08797047502,-3.30031796183,0.576394933144)) ;
#6095=CARTESIAN_POINT('Control Point',(2.93379878789,-3.44248476421,0.79533529259)) ;
#6096=CARTESIAN_POINT('Control Point',(2.76875603139,-3.39380717329,0.797500940863)) ;
#6097=CARTESIAN_POINT('Control Point',(2.6002230884,-3.35691544934,0.798591197474)) ;
#6098=CARTESIAN_POINT('Control Point',(2.42933124276,-3.33214348357,0.798591197474)) ;
#6099=CARTESIAN_POINT('Control Point',(2.25725987007,-3.31966223095,0.797500940863)) ;
#6100=CARTESIAN_POINT('Control Point',(2.08518849737,-3.31947276127,0.79533529259)) ;
#6101=CARTESIAN_POINT('Control Point',(2.92869884966,-3.4609513842,1.01427572121)) ;
#6102=CARTESIAN_POINT('Control Point',(2.76408257199,-3.41254421295,1.01642908699)) ;
#6103=CARTESIAN_POINT('Control Point',(2.59600527103,-3.3758593295,1.01751311861)) ;
#6104=CARTESIAN_POINT('Control Point',(2.42558895787,-3.35122690243,1.01751311861)) ;
#6105=CARTESIAN_POINT('Control Point',(2.25400306435,-3.33881596185,1.01642908699)) ;
#6106=CARTESIAN_POINT('Control Point',(2.08241717083,-3.33862756676,1.01427572121)) ;
#6107=CARTESIAN_POINT('Control Point',(2.92363451599,-3.47942809016,1.23321621724)) ;
#6108=CARTESIAN_POINT('Control Point',(2.75944040755,-3.4312874053,1.23535748289)) ;
#6109=CARTESIAN_POINT('Control Point',(2.59181390826,-3.39480632622,1.23643538252)) ;
#6110=CARTESIAN_POINT('Control Point',(2.42186792197,-3.37031138011,1.23643538252)) ;
#6111=CARTESIAN_POINT('Control Point',(2.25076211936,-3.35796971462,1.23535748289)) ;
#6112=CARTESIAN_POINT('Control Point',(2.07965631674,-3.35778237815,1.23321621724)) ;
#6114=CARTESIAN_POINT('Control Point',(2.29249761483,-3.34954558571,1.05417242963)) ;
#6115=CARTESIAN_POINT('Control Point',(2.44913111497,-3.3640091124,1.09264241958)) ;
#6116=CARTESIAN_POINT('Control Point',(2.60452644217,-3.39143040466,1.13700032605)) ;
#6117=CARTESIAN_POINT('Control Point',(2.75651746179,-3.4311090809,1.18532618599)) ;
#6118=CARTESIAN_POINT('Vertex',(2.29249761483,-3.34954558571,1.05417242963)) ;
#6122=CARTESIAN_POINT('Control Point',(2.94286809748,-3.4100102649,0.41)) ;
#6123=CARTESIAN_POINT('Control Point',(2.66661273695,-3.32776300892,0.41)) ;
#6124=CARTESIAN_POINT('Control Point',(2.37837022833,-3.28576029151,0.41)) ;
#6125=CARTESIAN_POINT('Control Point',(2.09009325469,-3.28576029151,0.41)) ;
#6126=CARTESIAN_POINT('Vertex',(2.09009327525,-3.28576015044,0.409998387593)) ;
#6130=CARTESIAN_POINT('Control Point',(2.09009327525,-3.28576015044,0.409998387593)) ;
#6131=CARTESIAN_POINT('Control Point',(2.08856231239,-3.29626773083,0.530100581043)) ;
#6132=CARTESIAN_POINT('Control Point',(2.08703440133,-3.30677531298,0.650202794572)) ;
#6133=CARTESIAN_POINT('Control Point',(2.08550951774,-3.31728289687,0.770305027972)) ;
#6134=CARTESIAN_POINT('Control Point',(2.08398763777,-3.32779048246,0.890407280888)) ;
#6135=CARTESIAN_POINT('Control Point',(2.08246873802,-3.33829806974,1.0105095531)) ;
#6136=CARTESIAN_POINT('Vertex',(2.08246873802,-3.33829806974,1.0105095531)) ;
#6140=CARTESIAN_POINT('Control Point',(2.29249761483,-3.34954558571,1.05417242963)) ;
#6141=CARTESIAN_POINT('Control Point',(2.22284289748,-3.34311367387,1.03706487426)) ;
#6142=CARTESIAN_POINT('Control Point',(2.1527251185,-3.3393632873,1.02268504545)) ;
#6143=CARTESIAN_POINT('Control Point',(2.08246873802,-3.33829806974,1.0105095531)) ;
#6154=CARTESIAN_POINT('Axis2P3D Location',(0.,0.,1.05417242963)) ;
#6167=CARTESIAN_POINT('Control Point',(2.29249761483,3.34954558571,1.05417242963)) ;
#6168=CARTESIAN_POINT('Control Point',(2.44913111497,3.3640091124,1.09264241958)) ;
#6169=CARTESIAN_POINT('Control Point',(2.60452644217,3.39143040466,1.13700032605)) ;
#6170=CARTESIAN_POINT('Control Point',(2.75651746179,3.4311090809,1.18532618599)) ;
#6171=CARTESIAN_POINT('Vertex',(2.29249761483,3.34954558571,1.05417242963)) ;
#6174=CARTESIAN_POINT('Axis2P3D Location',(0.,0.,1.05417242963)) ;
#6187=CARTESIAN_POINT('Control Point',(2.07965631674,3.35778237815,1.23321621726)) ;
#6188=CARTESIAN_POINT('Control Point',(2.25076211935,3.35796971462,1.2353574829)) ;
#6189=CARTESIAN_POINT('Control Point',(2.42186792197,3.37031138011,1.23643538254)) ;
#6190=CARTESIAN_POINT('Control Point',(2.59181390826,3.39480632622,1.23643538254)) ;
#6191=CARTESIAN_POINT('Control Point',(2.75944040755,3.4312874053,1.2353574829)) ;
#6192=CARTESIAN_POINT('Control Point',(2.92363451598,3.47942809016,1.23321621726)) ;
#6193=CARTESIAN_POINT('Control Point',(2.08241717082,3.33862756675,1.01427572108)) ;
#6194=CARTESIAN_POINT('Control Point',(2.25400306434,3.33881596184,1.01642908687)) ;
#6195=CARTESIAN_POINT('Control Point',(2.42558895786,3.35122690242,1.01751311848)) ;
#6196=CARTESIAN_POINT('Control Point',(2.59600527103,3.37585932949,1.01751311848)) ;
#6197=CARTESIAN_POINT('Control Point',(2.76408257199,3.41254421294,1.01642908687)) ;
#6198=CARTESIAN_POINT('Control Point',(2.92869884966,3.46095138419,1.01427572108)) ;
#6199=CARTESIAN_POINT('Control Point',(2.08518849737,3.31947276123,0.795335292169)) ;
#6200=CARTESIAN_POINT('Control Point',(2.25725987007,3.3196622309,0.797500940443)) ;
#6201=CARTESIAN_POINT('Control Point',(2.42933124276,3.33214348352,0.798591197054)) ;
#6202=CARTESIAN_POINT('Control Point',(2.6002230884,3.35691544929,0.798591197054)) ;
#6203=CARTESIAN_POINT('Control Point',(2.76875603139,3.39380717324,0.797500940443)) ;
#6204=CARTESIAN_POINT('Control Point',(2.93379878788,3.44248476417,0.795335292169)) ;
#6205=CARTESIAN_POINT('Control Point',(2.08797047502,3.30031796182,0.57639493305)) ;
#6206=CARTESIAN_POINT('Control Point',(2.26053286619,3.30050852256,0.57857305233)) ;
#6207=CARTESIAN_POINT('Control Point',(2.43309525736,3.31306115905,0.579669630126)) ;
#6208=CARTESIAN_POINT('Control Point',(2.60446798493,3.33797479047,0.579669630126)) ;
#6209=CARTESIAN_POINT('Control Point',(2.77346153983,3.37507649267,0.57857305233)) ;
#6210=CARTESIAN_POINT('Control Point',(2.93893519366,3.42402856702,0.57639493305)) ;
#6211=CARTESIAN_POINT('Control Point',(2.09076329299,3.28116316866,0.357454645431)) ;
#6212=CARTESIAN_POINT('Control Point',(2.26382240546,3.28135483757,0.359645431004)) ;
#6213=CARTESIAN_POINT('Control Point',(2.43688151793,3.29397996795,0.360748429649)) ;
#6214=CARTESIAN_POINT('Control Point',(2.60874063249,3.31903746776,0.360748429649)) ;
#6215=CARTESIAN_POINT('Control Point',(2.77819990891,3.35635239722,0.359645431004)) ;
#6216=CARTESIAN_POINT('Control Point',(2.94410899549,3.40558316138,0.357454645431)) ;
#6218=CARTESIAN_POINT('Control Point',(2.08246873802,3.33829806972,1.01050955287)) ;
#6219=CARTESIAN_POINT('Control Point',(2.08398763369,3.32779051065,0.890407603084)) ;
#6220=CARTESIAN_POINT('Control Point',(2.08550950957,3.31728295327,0.770305672637)) ;
#6221=CARTESIAN_POINT('Control Point',(2.08703438905,3.3067753976,0.650203761794)) ;
#6222=CARTESIAN_POINT('Control Point',(2.08856229598,3.29626784368,0.53010187087)) ;
#6223=CARTESIAN_POINT('Control Point',(2.09009325469,3.28576029151,0.41)) ;
#6224=CARTESIAN_POINT('Vertex',(2.08246873802,3.33829806972,1.01050955287)) ;
#6226=CARTESIAN_POINT('Vertex',(2.09009325469,3.28576029151,0.41)) ;
#6230=CARTESIAN_POINT('Control Point',(2.09009325469,3.28576029151,0.41)) ;
#6231=CARTESIAN_POINT('Control Point',(2.37837022833,3.28576029151,0.41)) ;
#6232=CARTESIAN_POINT('Control Point',(2.66661273695,3.32776300892,0.41)) ;
#6233=CARTESIAN_POINT('Control Point',(2.94286809748,3.4100102649,0.41)) ;
#6234=CARTESIAN_POINT('Vertex',(2.94286809748,3.4100102649,0.41)) ;
#6238=CARTESIAN_POINT('Control Point',(2.92363451594,3.47942809014,1.2332162173)) ;
#6239=CARTESIAN_POINT('Control Point',(2.92744289641,3.46553360195,1.0685729009)) ;
#6240=CARTESIAN_POINT('Control Point',(2.93127015285,3.45164446087,0.903929620315)) ;
#6241=CARTESIAN_POINT('Control Point',(2.93511657225,3.43776077896,0.739286376088)) ;
#6242=CARTESIAN_POINT('Control Point',(2.93898245134,3.42388267299,0.574643169201)) ;
#6243=CARTESIAN_POINT('Control Point',(2.94286809748,3.4100102649,0.41)) ;
#6246=CARTESIAN_POINT('Control Point',(2.29249761483,3.34954558571,1.05417242963)) ;
#6247=CARTESIAN_POINT('Control Point',(2.22284289748,3.34311367387,1.03706487426)) ;
#6248=CARTESIAN_POINT('Control Point',(2.1527251185,3.3393632873,1.02268504545)) ;
#6249=CARTESIAN_POINT('Control Point',(2.08246873802,3.33829806974,1.0105095531)) ;
#6260=CARTESIAN_POINT('Axis2P3D Location',(3.05003931368,3.05003931368,0.4)) ;
#6265=CARTESIAN_POINT('Axis2P3D Location',(3.05003931368,3.05003931368,0.41)) ;
#6269=CARTESIAN_POINT('Vertex',(3.4100102649,2.94286809748,0.41)) ;
#6273=CARTESIAN_POINT('Control Point',(3.47942808341,2.92363451779,1.23321613751)) ;
#6274=CARTESIAN_POINT('Control Point',(3.45627060534,2.92998181796,0.958810636767)) ;
#6275=CARTESIAN_POINT('Control Point',(3.4331309428,2.9363920212,0.684405255405)) ;
#6276=CARTESIAN_POINT('Control Point',(3.4100102649,2.94286809748,0.41)) ;
#6286=CARTESIAN_POINT('Control Point',(3.35778237815,2.07965631674,1.23321621726)) ;
#6287=CARTESIAN_POINT('Control Point',(3.35796971462,2.25076211935,1.2353574829)) ;
#6288=CARTESIAN_POINT('Control Point',(3.37031138011,2.42186792197,1.23643538254)) ;
#6289=CARTESIAN_POINT('Control Point',(3.39480632622,2.59181390826,1.23643538254)) ;
#6290=CARTESIAN_POINT('Control Point',(3.4312874053,2.75944040755,1.2353574829)) ;
#6291=CARTESIAN_POINT('Control Point',(3.47942809016,2.92363451598,1.23321621726)) ;
#6292=CARTESIAN_POINT('Control Point',(3.33862756675,2.08241717082,1.01427572108)) ;
#6293=CARTESIAN_POINT('Control Point',(3.33881596184,2.25400306434,1.01642908687)) ;
#6294=CARTESIAN_POINT('Control Point',(3.35122690242,2.42558895786,1.01751311848)) ;
#6295=CARTESIAN_POINT('Control Point',(3.37585932949,2.59600527103,1.01751311848)) ;
#6296=CARTESIAN_POINT('Control Point',(3.41254421294,2.76408257199,1.01642908687)) ;
#6297=CARTESIAN_POINT('Control Point',(3.46095138419,2.92869884966,1.01427572108)) ;
#6298=CARTESIAN_POINT('Control Point',(3.31947276123,2.08518849738,0.795335292169)) ;
#6299=CARTESIAN_POINT('Control Point',(3.3196622309,2.25725987007,0.797500940443)) ;
#6300=CARTESIAN_POINT('Control Point',(3.33214348352,2.42933124276,0.798591197054)) ;
#6301=CARTESIAN_POINT('Control Point',(3.35691544929,2.6002230884,0.798591197054)) ;
#6302=CARTESIAN_POINT('Control Point',(3.39380717324,2.76875603139,0.797500940443)) ;
#6303=CARTESIAN_POINT('Control Point',(3.44248476417,2.93379878788,0.795335292169)) ;
#6304=CARTESIAN_POINT('Control Point',(3.30031796182,2.08797047502,0.57639493305)) ;
#6305=CARTESIAN_POINT('Control Point',(3.30050852256,2.26053286619,0.57857305233)) ;
#6306=CARTESIAN_POINT('Control Point',(3.31306115905,2.43309525736,0.579669630126)) ;
#6307=CARTESIAN_POINT('Control Point',(3.33797479047,2.60446798493,0.579669630126)) ;
#6308=CARTESIAN_POINT('Control Point',(3.37507649267,2.77346153983,0.57857305233)) ;
#6309=CARTESIAN_POINT('Control Point',(3.42402856702,2.93893519366,0.57639493305)) ;
#6310=CARTESIAN_POINT('Control Point',(3.28116316866,2.09076329299,0.357454645431)) ;
#6311=CARTESIAN_POINT('Control Point',(3.28135483757,2.26382240546,0.359645431004)) ;
#6312=CARTESIAN_POINT('Control Point',(3.29397996795,2.43688151793,0.360748429649)) ;
#6313=CARTESIAN_POINT('Control Point',(3.31903746776,2.60874063249,0.360748429649)) ;
#6314=CARTESIAN_POINT('Control Point',(3.35635239722,2.77819990891,0.359645431004)) ;
#6315=CARTESIAN_POINT('Control Point',(3.40558316138,2.94410899549,0.357454645431)) ;
#6317=CARTESIAN_POINT('Control Point',(3.34954558571,2.29249761483,1.05417242963)) ;
#6318=CARTESIAN_POINT('Control Point',(3.34311367387,2.22284289748,1.03706487426)) ;
#6319=CARTESIAN_POINT('Control Point',(3.3393632873,2.1527251185,1.02268504545)) ;
#6320=CARTESIAN_POINT('Control Point',(3.33829806974,2.08246873802,1.0105095531)) ;
#6321=CARTESIAN_POINT('Vertex',(3.33829806974,2.08246873802,1.0105095531)) ;
#6325=CARTESIAN_POINT('Control Point',(3.28576029151,2.0900932547,0.41)) ;
#6326=CARTESIAN_POINT('Control Point',(3.28576029151,2.37837022833,0.41)) ;
#6327=CARTESIAN_POINT('Control Point',(3.32776300892,2.66661273695,0.41)) ;
#6328=CARTESIAN_POINT('Control Point',(3.4100102649,2.94286809748,0.41)) ;
#6329=CARTESIAN_POINT('Vertex',(3.28576015044,2.09009327525,0.409998387593)) ;
#6333=CARTESIAN_POINT('Control Point',(3.33829806974,2.08246873802,1.0105095531)) ;
#6334=CARTESIAN_POINT('Control Point',(3.32779048245,2.08398763776,0.890407280793)) ;
#6335=CARTESIAN_POINT('Control Point',(3.31728289685,2.08550951774,0.770305027816)) ;
#6336=CARTESIAN_POINT('Control Point',(3.30677531297,2.08703440133,0.650202794445)) ;
#6337=CARTESIAN_POINT('Control Point',(3.29626773083,2.08856231239,0.530100580992)) ;
#6338=CARTESIAN_POINT('Control Point',(3.28576015044,2.09009327525,0.409998387593)) ;
#6349=CARTESIAN_POINT('Axis2P3D Location',(0.,0.,0.405)) ;
#6354=CARTESIAN_POINT('Line Origine',(-5.5,1.76893491464E-015,0.405)) ;
#6358=CARTESIAN_POINT('Vertex',(-5.5,1.76893491464E-015,0.41)) ;
#6361=CARTESIAN_POINT('Axis2P3D Location',(0.,0.,0.41)) ;
#6365=CARTESIAN_POINT('Vertex',(5.5,0.,0.41)) ;
#6368=CARTESIAN_POINT('Line Origine',(5.5,0.,0.405)) ;
#6380=CARTESIAN_POINT('Axis2P3D Location',(0.,0.,0.41)) ;
#6392=CARTESIAN_POINT('Axis2P3D Location',(0.,0.,3.23259429783)) ;
#6398=CARTESIAN_POINT('Control Point',(-3.33829806974,2.082468738,1.0105095531)) ;
#6399=CARTESIAN_POINT('Control Point',(-3.32551585787,1.23941847331,0.864408202877)) ;
#6400=CARTESIAN_POINT('Control Point',(-3.32943468005,0.375222251768,0.909198525684)) ;
#6401=CARTESIAN_POINT('Control Point',(-3.32943455631,-0.37523305567,0.90919906059)) ;
#6402=CARTESIAN_POINT('Control Point',(-3.32551585787,-1.23941847329,0.864408202877)) ;
#6403=CARTESIAN_POINT('Control Point',(-3.33829806974,-2.08246873797,1.01050955309)) ;
#6412=CARTESIAN_POINT('Axis2P3D Location',(0.,0.,0.41)) ;
#6421=CARTESIAN_POINT('Line Origine',(2.30926389122E-014,-3.28576029151,0.41)) ;
#6426=CARTESIAN_POINT('Line Origine',(3.28576029151,1.90958360236E-014,0.41)) ;
#6431=CARTESIAN_POINT('Line Origine',(2.6645352591E-015,3.28576029151,0.41)) ;
#6436=CARTESIAN_POINT('Line Origine',(-3.28576029151,-8.881784197E-016,0.41)) ;
#6459=CARTESIAN_POINT('Line Origine',(-4.60017453736,3.4083846856E-014,0.41)) ;
#6463=CARTESIAN_POINT('Vertex',(-4.60017453736,0.954026703394,0.41)) ;
#6465=CARTESIAN_POINT('Vertex',(-4.60017453736,-0.954026703394,0.41)) ;
#6468=CARTESIAN_POINT('Axis2P3D Location',(-4.3,5.26598123633E-016,0.41)) ;
#6477=CARTESIAN_POINT('Line Origine',(4.60017453736,3.29736238314E-014,0.41)) ;
#6481=CARTESIAN_POINT('Vertex',(4.60017453736,0.954026703394,0.41)) ;
#6483=CARTESIAN_POINT('Vertex',(4.60017453736,-0.954026703394,0.41)) ;
#6486=CARTESIAN_POINT('Axis2P3D Location',(4.3,-5.26598123633E-016,0.41)) ;
#6496=CARTESIAN_POINT('Axis2P3D Location',(-3.28511415906,0.,0.402614672282)) ;
#6508=CARTESIAN_POINT('Axis2P3D Location',(0.,3.28511415906,0.402614672282)) ;
#6514=CARTESIAN_POINT('Control Point',(1.00949870685E-009,3.32881204529,0.902083797481)) ;
#6515=CARTESIAN_POINT('Control Point',(0.511771931118,3.32881204529,0.902083797488)) ;
#6516=CARTESIAN_POINT('Control Point',(1.02181860674,3.32910773784,0.90546357872)) ;
#6517=CARTESIAN_POINT('Control Point',(1.55557556298,3.33030938807,0.919198503788)) ;
#6518=CARTESIAN_POINT('Control Point',(2.08246873797,3.33829806974,1.01050955309)) ;
#6519=CARTESIAN_POINT('Vertex',(1.00949859583E-009,3.32881204529,0.902083797481)) ;
#6523=CARTESIAN_POINT('Control Point',(-2.082468738,3.33829806974,1.0105095531)) ;
#6524=CARTESIAN_POINT('Control Point',(-1.55557656937,3.33030940333,0.919198678193)) ;
#6525=CARTESIAN_POINT('Control Point',(-1.0218187548,3.3291076936,0.905463073144)) ;
#6526=CARTESIAN_POINT('Control Point',(-0.511770951619,3.32881204529,0.902083797474)) ;
#6527=CARTESIAN_POINT('Control Point',(1.00949848481E-009,3.32881204529,0.902083797481)) ;
#6537=CARTESIAN_POINT('Axis2P3D Location',(3.85086606689E-015,3.22426250618,3.23259429783)) ;
#6549=CARTESIAN_POINT('Axis2P3D Location',(-7.10944472011E-015,-3.22426250618,3.23259429783)) ;
#6553=CARTESIAN_POINT('Vertex',(-6.75176248244E-010,-3.32881204529,0.902083797481)) ;
#6557=CARTESIAN_POINT('Control Point',(-2.08246873797,-3.33829806974,1.01050955309)) ;
#6558=CARTESIAN_POINT('Control Point',(-1.55557609612,-3.33030939616,0.91919859618)) ;
#6559=CARTESIAN_POINT('Control Point',(-1.02181828254,-3.32910976557,0.905476360391)) ;
#6560=CARTESIAN_POINT('Control Point',(-0.511771412952,-3.32881204529,0.902083797486)) ;
#6561=CARTESIAN_POINT('Control Point',(-6.75171696329E-010,-3.32881204529,0.902083797481)) ;
#6570=CARTESIAN_POINT('Axis2P3D Location',(0.,-3.28511415906,0.402614672282)) ;
#6576=CARTESIAN_POINT('Control Point',(-6.75173694731E-010,-3.32881204529,0.902083797481)) ;
#6577=CARTESIAN_POINT('Control Point',(0.511771929336,-3.32881204529,0.902083797481)) ;
#6578=CARTESIAN_POINT('Control Point',(1.02181860969,-3.32910773781,0.905463578416)) ;
#6579=CARTESIAN_POINT('Control Point',(1.5555755631,-3.33030938808,0.919198503806)) ;
#6580=CARTESIAN_POINT('Control Point',(2.08246873798,-3.33829806974,1.0105095531)) ;
#6591=CARTESIAN_POINT('Control Point',(3.33829806974,-2.082468738,1.0105095531)) ;
#6592=CARTESIAN_POINT('Control Point',(3.32551585787,-1.23941847331,0.864408202877)) ;
#6593=CARTESIAN_POINT('Control Point',(3.32943468005,-0.375222251738,0.909198525683)) ;
#6594=CARTESIAN_POINT('Control Point',(3.32943455631,0.375233055663,0.90919906059)) ;
#6595=CARTESIAN_POINT('Control Point',(3.32551585787,1.2394184733,0.864408202877)) ;
#6596=CARTESIAN_POINT('Control Point',(3.33829806974,2.08246873798,1.0105095531)) ;
#6605=CARTESIAN_POINT('Axis2P3D Location',(3.28511415906,0.,0.402614672282)) ;
#6631=CARTESIAN_POINT('Axis2P3D Location',(-4.6,8.24654353037E-010,0.39)) ;
#6637=CARTESIAN_POINT('Control Point',(-4.60000000224,0.9538990131,0.390000256567)) ;
#6638=CARTESIAN_POINT('Control Point',(-4.60017453736,0.954026703394,0.41)) ;
#6639=CARTESIAN_POINT('Vertex',(-4.60000000224,0.9538990131,0.390000256567)) ;
#6643=CARTESIAN_POINT('Control Point',(-4.59136033443,0.947578212181,-0.600007615387)) ;
#6644=CARTESIAN_POINT('Control Point',(-4.60000000224,0.9538990131,0.390000256567)) ;
#6645=CARTESIAN_POINT('Vertex',(-4.59136033443,0.947578212181,-0.600007615387)) ;
#6648=CARTESIAN_POINT('Line Origine',(-4.59136033443,8.24654122766E-010,-0.600007615387)) ;
#6652=CARTESIAN_POINT('Vertex',(-4.59136033443,-0.947578212181,-0.600007615398)) ;
#6656=CARTESIAN_POINT('Control Point',(-4.60000000224,-0.9538990131,0.390000256567)) ;
#6657=CARTESIAN_POINT('Control Point',(-4.59136033443,-0.947578212181,-0.600007615398)) ;
#6658=CARTESIAN_POINT('Vertex',(-4.60000000224,-0.9538990131,0.390000256567)) ;
#6662=CARTESIAN_POINT('Control Point',(-4.60017453736,-0.954026703394,0.41)) ;
#6663=CARTESIAN_POINT('Control Point',(-4.60000000224,-0.9538990131,0.390000256567)) ;
#6674=CARTESIAN_POINT('Axis2P3D Location',(-4.3,5.26598123633E-016,0.39)) ;
#6679=CARTESIAN_POINT('Axis2P3D Location',(-4.3,5.26598123633E-016,-0.600007615387)) ;
#6693=CARTESIAN_POINT('Axis2P3D Location',(4.6,8.24653226362E-010,0.39)) ;
#6699=CARTESIAN_POINT('Control Point',(4.60000000224,-0.9538990131,0.390000256567)) ;
#6700=CARTESIAN_POINT('Control Point',(4.60017453736,-0.954026703394,0.41)) ;
#6701=CARTESIAN_POINT('Vertex',(4.60000000224,-0.9538990131,0.390000256567)) ;
#6705=CARTESIAN_POINT('Control Point',(4.59136033443,-0.947578212181,-0.600007615398)) ;
#6706=CARTESIAN_POINT('Control Point',(4.60000000224,-0.9538990131,0.390000256567)) ;
#6707=CARTESIAN_POINT('Vertex',(4.59136033443,-0.947578212181,-0.600007615398)) ;
#6710=CARTESIAN_POINT('Line Origine',(4.59136033443,8.24653234588E-010,-0.600007615387)) ;
#6714=CARTESIAN_POINT('Vertex',(4.59136033443,0.947578212181,-0.600007615387)) ;
#6718=CARTESIAN_POINT('Control Point',(4.60000000224,0.9538990131,0.390000256567)) ;
#6719=CARTESIAN_POINT('Control Point',(4.59136033443,0.947578212181,-0.600007615387)) ;
#6720=CARTESIAN_POINT('Vertex',(4.60000000224,0.9538990131,0.390000256567)) ;
#6724=CARTESIAN_POINT('Control Point',(4.60017453736,0.954026703394,0.41)) ;
#6725=CARTESIAN_POINT('Control Point',(4.60000000224,0.9538990131,0.390000256567)) ;
#6736=CARTESIAN_POINT('Axis2P3D Location',(4.3,-5.26598123633E-016,0.39)) ;
#6741=CARTESIAN_POINT('Axis2P3D Location',(4.3,-5.26598123633E-016,-0.600007615387)) ;
#6755=CARTESIAN_POINT('Axis2P3D Location',(-4.59136033443,-1.42162788099,-0.600007615387)) ;
#6761=CARTESIAN_POINT('Control Point',(-4.47355581695,0.856141427412,-0.8)) ;
#6762=CARTESIAN_POINT('Control Point',(-4.50856673107,0.884767118329,-0.740563262328)) ;
#6763=CARTESIAN_POINT('Control Point',(-4.54739624557,0.915100827409,-0.674643827612)) ;
#6764=CARTESIAN_POINT('Control Point',(-4.59136033443,0.947578212181,-0.600007615387)) ;
#6765=CARTESIAN_POINT('Vertex',(-4.47355581695,0.856141427412,-0.8)) ;
#6768=CARTESIAN_POINT('Line Origine',(-4.47355581695,-0.00537299763376,-0.8)) ;
#6772=CARTESIAN_POINT('Vertex',(-4.47355581695,-0.856141427412,-0.8)) ;
#6776=CARTESIAN_POINT('Control Point',(-4.47355581695,-0.856141427412,-0.8)) ;
#6777=CARTESIAN_POINT('Control Point',(-4.50856673039,-0.884767117777,-0.740563263475)) ;
#6778=CARTESIAN_POINT('Control Point',(-4.54739624651,-0.915100826636,-0.674643826024)) ;
#6779=CARTESIAN_POINT('Control Point',(-4.59136033443,-0.947578210782,-0.600007615387)) ;
#6788=CARTESIAN_POINT('Axis2P3D Location',(-4.3,-9.41700794196E-013,-2.28300349311)) ;
#6793=CARTESIAN_POINT('Axis2P3D Location',(-4.3,-1.1143939391E-013,-0.8)) ;
#6805=CARTESIAN_POINT('Axis2P3D Location',(4.59136033443,-1.42162788099,-0.600007615387)) ;
#6811=CARTESIAN_POINT('Control Point',(4.47355581695,-0.856141427412,-0.8)) ;
#6812=CARTESIAN_POINT('Control Point',(4.50856673039,-0.884767117777,-0.740563263475)) ;
#6813=CARTESIAN_POINT('Control Point',(4.54739624651,-0.915100826636,-0.674643826024)) ;
#6814=CARTESIAN_POINT('Control Point',(4.59136033443,-0.947578210782,-0.600007615387)) ;
#6815=CARTESIAN_POINT('Vertex',(4.47355581695,-0.856141427412,-0.8)) ;
#6818=CARTESIAN_POINT('Line Origine',(4.47355581695,-0.00537299763376,-0.8)) ;
#6822=CARTESIAN_POINT('Vertex',(4.47355581695,0.856141427412,-0.8)) ;
#6826=CARTESIAN_POINT('Control Point',(4.47355581695,0.856141427412,-0.8)) ;
#6827=CARTESIAN_POINT('Control Point',(4.50856673107,0.884767118329,-0.740563262328)) ;
#6828=CARTESIAN_POINT('Control Point',(4.54739624557,0.915100827409,-0.674643827612)) ;
#6829=CARTESIAN_POINT('Control Point',(4.59136033443,0.947578212181,-0.600007615387)) ;
#6838=CARTESIAN_POINT('Axis2P3D Location',(4.3,-9.42753990443E-013,-2.28300349311)) ;
#6843=CARTESIAN_POINT('Axis2P3D Location',(4.3,-1.12492590157E-013,-0.8)) ;
#6855=CARTESIAN_POINT('Axis2P3D Location',(0.,0.,-0.8)) ;
#6870=CARTESIAN_POINT('Axis2P3D Location',(0.,0.,1.09196149512)) ;
#6885=CARTESIAN_POINT('Axis2P3D Location',(0.,0.,1.09196149512)) ;
#6904=CARTESIAN_POINT('Axis2P3D Location',(0.,0.,0.2)) ;
#6909=CARTESIAN_POINT('Line Origine',(7.05,0.,0.2)) ;
#6913=CARTESIAN_POINT('Vertex',(7.05,0.,0.4)) ;
#6915=CARTESIAN_POINT('Vertex',(7.05,0.,0.)) ;
#6918=CARTESIAN_POINT('Axis2P3D Location',(0.,0.,0.4)) ;
#6922=CARTESIAN_POINT('Vertex',(-7.05,-8.63375993399E-016,0.4)) ;
#6925=CARTESIAN_POINT('Line Origine',(-7.05,-8.63375993399E-016,0.2)) ;
#6929=CARTESIAN_POINT('Vertex',(-7.05,-8.63375993399E-016,0.)) ;
#6932=CARTESIAN_POINT('Axis2P3D Location',(0.,0.,0.)) ;
#6944=CARTESIAN_POINT('Axis2P3D Location',(0.,0.,0.4)) ;
#6949=CARTESIAN_POINT('Axis2P3D Location',(0.,0.,0.)) ;
#6961=CARTESIAN_POINT('Axis2P3D Location',(-3.56200116061,-3.78576029151,0.4)) ;
#6966=CARTESIAN_POINT('Line Origine',(-8.881784197E-016,-3.78576029151,0.4)) ;
#6970=CARTESIAN_POINT('Vertex',(3.14058144221,-3.78576029151,0.4)) ;
#6972=CARTESIAN_POINT('Vertex',(-3.14058144221,-3.78576029151,0.4)) ;
#6975=CARTESIAN_POINT('Line Origine',(3.14058144221,-3.78576029151,0.2)) ;
#6979=CARTESIAN_POINT('Vertex',(3.14058144221,-3.78576029151,0.)) ;
#6982=CARTESIAN_POINT('Line Origine',(-8.881784197E-016,-3.78576029151,0.)) ;
#6986=CARTESIAN_POINT('Vertex',(-3.14058144221,-3.78576029151,0.)) ;
#6989=CARTESIAN_POINT('Line Origine',(-3.14058144221,-3.78576029151,0.2)) ;
#7001=CARTESIAN_POINT('Axis2P3D Location',(3.14058144221,-2.78576029151,0.2)) ;
#7006=CARTESIAN_POINT('Line Origine',(3.88868438671,-3.44934297997,0.2)) ;
#7010=CARTESIAN_POINT('Vertex',(3.88868438671,-3.44934297997,0.)) ;
#7012=CARTESIAN_POINT('Vertex',(3.88868438671,-3.44934297997,0.4)) ;
#7015=CARTESIAN_POINT('Axis2P3D Location',(3.14058144221,-2.78576029151,0.)) ;
#7020=CARTESIAN_POINT('Axis2P3D Location',(3.14058144221,-2.78576029151,0.4)) ;
#7032=CARTESIAN_POINT('Axis2P3D Location',(-3.14058144221,-2.78576029151,0.2)) ;
#7037=CARTESIAN_POINT('Axis2P3D Location',(-3.14058144221,-2.78576029151,0.)) ;
#7041=CARTESIAN_POINT('Vertex',(-3.88868438671,-3.44934297997,0.)) ;
#7044=CARTESIAN_POINT('Line Origine',(-3.88868438671,-3.44934297997,0.2)) ;
#7048=CARTESIAN_POINT('Vertex',(-3.88868438671,-3.44934297997,0.4)) ;
#7051=CARTESIAN_POINT('Axis2P3D Location',(-3.14058144221,-2.78576029151,0.4)) ;
#7063=CARTESIAN_POINT('Axis2P3D Location',(0.,0.,0.2)) ;
#7068=CARTESIAN_POINT('Axis2P3D Location',(0.,0.,0.4)) ;
#7072=CARTESIAN_POINT('Vertex',(3.88868438671,3.44934297997,0.4)) ;
#7075=CARTESIAN_POINT('Line Origine',(3.88868438671,3.44934297997,0.2)) ;
#7079=CARTESIAN_POINT('Vertex',(3.88868438671,3.44934297997,0.)) ;
#7082=CARTESIAN_POINT('Axis2P3D Location',(0.,0.,0.)) ;
#7094=CARTESIAN_POINT('Axis2P3D Location',(3.14058144221,2.78576029151,0.2)) ;
#7099=CARTESIAN_POINT('Line Origine',(3.14058144221,3.78576029151,0.2)) ;
#7103=CARTESIAN_POINT('Vertex',(3.14058144221,3.78576029151,0.)) ;
#7105=CARTESIAN_POINT('Vertex',(3.14058144221,3.78576029151,0.4)) ;
#7108=CARTESIAN_POINT('Axis2P3D Location',(3.14058144221,2.78576029151,-2.77555756156E-017)) ;
#7113=CARTESIAN_POINT('Axis2P3D Location',(3.14058144221,2.78576029151,0.4)) ;
#7125=CARTESIAN_POINT('Axis2P3D Location',(-3.56200116061,3.78576029151,0.4)) ;
#7130=CARTESIAN_POINT('Line Origine',(-3.14058144221,3.78576029151,0.2)) ;
#7134=CARTESIAN_POINT('Vertex',(-3.14058144221,3.78576029151,0.)) ;
#7136=CARTESIAN_POINT('Vertex',(-3.14058144221,3.78576029151,0.4)) ;
#7139=CARTESIAN_POINT('Line Origine',(4.4408920985E-016,3.78576029151,0.)) ;
#7144=CARTESIAN_POINT('Line Origine',(4.4408920985E-016,3.78576029151,0.4)) ;
#7156=CARTESIAN_POINT('Axis2P3D Location',(-3.14058144221,2.78576029151,0.2)) ;
#7161=CARTESIAN_POINT('Line Origine',(-3.88868438671,3.44934297997,0.2)) ;
#7165=CARTESIAN_POINT('Vertex',(-3.88868438671,3.44934297997,0.)) ;
#7167=CARTESIAN_POINT('Vertex',(-3.88868438671,3.44934297997,0.4)) ;
#7170=CARTESIAN_POINT('Axis2P3D Location',(-3.14058144221,2.78576029151,-2.77555756156E-017)) ;
#7175=CARTESIAN_POINT('Axis2P3D Location',(-3.14058144221,2.78576029151,0.4)) ;
#7187=CARTESIAN_POINT('Axis2P3D Location',(0.,0.,0.2)) ;
#7192=CARTESIAN_POINT('Axis2P3D Location',(0.,0.,0.)) ;
#7197=CARTESIAN_POINT('Axis2P3D Location',(0.,0.,0.4)) ;
#7209=CARTESIAN_POINT('Axis2P3D Location',(0.,0.,0.4)) ;
#7229=CARTESIAN_POINT('Axis2P3D Location',(0.,0.,0.)) ;
#7251=CARTESIAN_POINT('Axis2P3D Location',(0.,0.,1.06252583395)) ;
#7256=CARTESIAN_POINT('Axis2P3D Location',(0.,0.,1.06252583395)) ;
#7260=CARTESIAN_POINT('Vertex',(-2.73653999061,-1.00538848207E-015,1.06252583395)) ;
#7262=CARTESIAN_POINT('Vertex',(-1.31196715891,2.40153977568,1.06252583395)) ;
#7265=CARTESIAN_POINT('Line Origine',(-3.35067863496,1.23101935958E-015,1.1708150469)) ;
#7269=CARTESIAN_POINT('Vertex',(-3.96481727932,4.85550079032E-016,1.27910425984)) ;
#7272=CARTESIAN_POINT('Axis2P3D Location',(0.,0.,1.27910425984)) ;
#7276=CARTESIAN_POINT('Vertex',(-1.9008346596,3.47945450541,1.27910425984)) ;
#7279=CARTESIAN_POINT('Line Origine',(-1.60640090926,2.94049714054,1.1708150469)) ;
#7291=CARTESIAN_POINT('Axis2P3D Location',(0.,0.,1.27910425984)) ;
#7295=CARTESIAN_POINT('Vertex',(1.90083465898,-3.47945450427,1.27910425961)) ;
#7298=CARTESIAN_POINT('Axis2P3D Location',(0.,0.,1.06252583395)) ;
#7302=CARTESIAN_POINT('Vertex',(1.3119671589,-2.40153977566,1.06252583396)) ;
#7305=CARTESIAN_POINT('Line Origine',(1.60640090926,-2.94049714054,1.1708150469)) ;
#7317=CARTESIAN_POINT('Axis2P3D Location',(0.,0.,1.06252583395)) ;
#7321=CARTESIAN_POINT('Vertex',(2.73653999061,6.70258988048E-016,1.06252583395)) ;
#7324=CARTESIAN_POINT('Line Origine',(3.35067863496,-8.20679573056E-016,1.1708150469)) ;
#7328=CARTESIAN_POINT('Vertex',(3.96481727932,-9.71100158064E-016,1.27910425984)) ;
#7331=CARTESIAN_POINT('Axis2P3D Location',(0.,0.,1.27910425984)) ;
#7343=CARTESIAN_POINT('Axis2P3D Location',(0.,0.,1.27910425984)) ;
#7348=CARTESIAN_POINT('Axis2P3D Location',(0.,0.,1.06252583395)) ;
#7360=CARTESIAN_POINT('Axis2P3D Location',(0.,0.,1.20058798189)) ;
#7365=CARTESIAN_POINT('Line Origine',(-1.25542642933,2.29804266441,1.13155690792)) ;
#7369=CARTESIAN_POINT('Vertex',(-1.19888569976,2.19454555314,1.20058798189)) ;
#7372=CARTESIAN_POINT('Axis2P3D Location',(0.,0.,1.20058798189)) ;
#7376=CARTESIAN_POINT('Vertex',(-2.50067133105,-9.18731742385E-016,1.20058798189)) ;
#7379=CARTESIAN_POINT('Line Origine',(-2.61860566083,-3.20686704076E-016,1.13155690792)) ;
#7391=CARTESIAN_POINT('Line Origine',(1.25542642933,-2.29804266441,1.13155690792)) ;
#7395=CARTESIAN_POINT('Vertex',(1.19888569978,-2.19454555318,1.20058798173)) ;
#7398=CARTESIAN_POINT('Axis2P3D Location',(0.,0.,1.20058798189)) ;
#7410=CARTESIAN_POINT('Axis2P3D Location',(0.,0.,1.20058798189)) ;
#7414=CARTESIAN_POINT('Vertex',(2.50067133105,6.12487828257E-016,1.20058798189)) ;
#7417=CARTESIAN_POINT('Line Origine',(2.61860566083,6.41373408153E-016,1.13155690792)) ;
#7429=CARTESIAN_POINT('Axis2P3D Location',(0.,0.,1.20058798189)) ;
#7441=CARTESIAN_POINT('Axis2P3D Location',(0.,0.,1.48122733897)) ;
#7446=CARTESIAN_POINT('Line Origine',(-1.18192105002,2.1634919701,1.34090766043)) ;
#7450=CARTESIAN_POINT('Vertex',(-1.1649564003,2.13243838704,1.48122733897)) ;
#7453=CARTESIAN_POINT('Axis2P3D Location',(0.,0.,1.48122733897)) ;
#7457=CARTESIAN_POINT('Vertex',(-2.42990059244,2.97576998278E-016,1.48122733897)) ;
#7460=CARTESIAN_POINT('Line Origine',(-2.46528596174,7.92896438601E-016,1.34090766043)) ;
#7472=CARTESIAN_POINT('Line Origine',(1.18192105002,-2.1634919701,1.34090766043)) ;
#7476=CARTESIAN_POINT('Vertex',(1.16495640028,-2.13243838705,1.48122733897)) ;
#7479=CARTESIAN_POINT('Axis2P3D Location',(0.,0.,1.48122733897)) ;
#7491=CARTESIAN_POINT('Axis2P3D Location',(0.,0.,8.33358279947)) ;
#7497=CARTESIAN_POINT('Control Point',(2.42131412657,-6.55818863648,9.00000000011)) ;
#7498=CARTESIAN_POINT('Control Point',(2.40146284913,-6.56551782159,9.00000000012)) ;
#7499=CARTESIAN_POINT('Control Point',(2.38129581002,-6.57199667579,8.99667767282)) ;
#7500=CARTESIAN_POINT('Control Point',(2.36276403153,-6.57691995605,8.99001471195)) ;
#7501=CARTESIAN_POINT('Control Point',(2.33597347163,-6.58326284009,8.97786146804)) ;
#7502=CARTESIAN_POINT('Control Point',(2.30805309073,-6.58543033612,8.94890865449)) ;
#7503=CARTESIAN_POINT('Control Point',(2.30289454928,-6.58553362761,8.94245260031)) ;
#7504=CARTESIAN_POINT('Control Point',(2.29485559867,-6.58556230589,8.93192193221)) ;
#7505=CARTESIAN_POINT('Control Point',(2.28654793892,-6.5841962659,8.91578435454)) ;
#7506=CARTESIAN_POINT('Control Point',(2.28490921206,-6.58386722261,8.91237653195)) ;
#7507=CARTESIAN_POINT('Control Point',(2.28242188013,-6.58322929457,8.90668061467)) ;
#7508=CARTESIAN_POINT('Control Point',(2.27988602918,-6.58230049333,8.89981996933)) ;
#7509=CARTESIAN_POINT('Control Point',(2.27903338515,-6.58195324241,8.89738083661)) ;
#7510=CARTESIAN_POINT('Control Point',(2.27725815999,-6.58113597704,8.89194531248)) ;
#7511=CARTESIAN_POINT('Control Point',(2.27547255099,-6.5799935508,8.88526302727)) ;
#7512=CARTESIAN_POINT('Control Point',(2.27437994951,-6.57958699214,8.88228525498)) ;
#7513=CARTESIAN_POINT('Control Point',(2.27357625606,-6.57836347305,8.87658490928)) ;
#7514=CARTESIAN_POINT('Control Point',(2.2727739163,-6.57713719736,8.87087596523)) ;
#7515=CARTESIAN_POINT('Vertex',(2.42131412658,-6.55818863654,9.00000000036)) ;
#7517=CARTESIAN_POINT('Vertex',(2.2727739163,-6.57713719736,8.87087596523)) ;
#7521=CARTESIAN_POINT('Control Point',(2.2727739163,-6.57713719736,8.87087596523)) ;
#7522=CARTESIAN_POINT('Control Point',(2.24750636873,-6.53851892013,8.69108802195)) ;
#7523=CARTESIAN_POINT('Control Point',(2.22233332354,-6.50001611459,8.5119724981)) ;
#7524=CARTESIAN_POINT('Control Point',(2.19726234135,-6.46163946787,8.3335831902)) ;
#7525=CARTESIAN_POINT('Vertex',(2.19726227068,-6.46163875051,8.33358268735)) ;
#7528=CARTESIAN_POINT('Axis2P3D Location',(0.,0.,8.33358279947)) ;
#7532=CARTESIAN_POINT('Vertex',(6.65647690769,-1.5073354833,8.33358279947)) ;
#7536=CARTESIAN_POINT('Control Point',(6.67747756039,-1.98630834632,8.90257882943)) ;
#7537=CARTESIAN_POINT('Control Point',(6.67362401573,-1.98382283248,8.88489347952)) ;
#7538=CARTESIAN_POINT('Control Point',(6.67040506286,-1.98104970779,8.86932343662)) ;
#7539=CARTESIAN_POINT('Control Point',(6.66791219578,-1.9784832837,8.85678848991)) ;
#7540=CARTESIAN_POINT('Control Point',(6.65631062577,-1.96485906073,8.79654495252)) ;
#7541=CARTESIAN_POINT('Control Point',(6.65087468369,-1.950897677,8.75974241247)) ;
#7542=CARTESIAN_POINT('Control Point',(6.64734711873,-1.94227911254,8.7364186146)) ;
#7543=CARTESIAN_POINT('Control Point',(6.638619282,-1.91242400593,8.66923028192)) ;
#7544=CARTESIAN_POINT('Control Point',(6.63482671157,-1.88446929959,8.62370387353)) ;
#7545=CARTESIAN_POINT('Control Point',(6.63308176544,-1.8683930139,8.59936451256)) ;
#7546=CARTESIAN_POINT('Control Point',(6.62755417458,-1.78126769377,8.48373239234)) ;
#7547=CARTESIAN_POINT('Control Point',(6.63395481315,-1.69713628451,8.42247008002)) ;
#7548=CARTESIAN_POINT('Control Point',(6.6392190161,-1.63659470251,8.38374801246)) ;
#7549=CARTESIAN_POINT('Control Point',(6.64717198657,-1.57177095449,8.35429515176)) ;
#7550=CARTESIAN_POINT('Control Point',(6.65647665778,-1.50733702731,8.3335831902)) ;
#7551=CARTESIAN_POINT('Vertex',(6.67747756039,-1.98630834631,8.90257882943)) ;
#7555=CARTESIAN_POINT('Control Point',(6.69870138873,-1.99999999895,9.00000000011)) ;
#7556=CARTESIAN_POINT('Control Point',(6.69162205134,-1.99543226406,8.96749887756)) ;
#7557=CARTESIAN_POINT('Control Point',(6.68454741882,-1.99086836377,8.93502503962)) ;
#7558=CARTESIAN_POINT('Control Point',(6.67747756039,-1.98630834631,8.90257882943)) ;
#7559=CARTESIAN_POINT('Vertex',(6.69870138851,-1.9999999999,9.00000000036)) ;
#7562=CARTESIAN_POINT('Axis2P3D Location',(0.,0.,9.00000000036)) ;
#7576=CARTESIAN_POINT('Axis2P3D Location',(0.,0.,8.33358279947)) ;
#7580=CARTESIAN_POINT('Vertex',(-2.19726227068,6.46163875051,8.33358268735)) ;
#7582=CARTESIAN_POINT('Vertex',(-6.8250087972,3.86673528173E-015,8.33358279947)) ;
#7585=CARTESIAN_POINT('Line Origine',(-6.90935887026,1.48119441524E-014,8.67244549105)) ;
#7589=CARTESIAN_POINT('Vertex',(-6.99089409818,3.96071824426E-015,9.00000000036)) ;
#7592=CARTESIAN_POINT('Axis2P3D Location',(0.,0.,9.00000000036)) ;
#7596=CARTESIAN_POINT('Vertex',(-2.42131412657,6.55818863648,9.00000000011)) ;
#7600=CARTESIAN_POINT('Control Point',(-2.42131412657,6.55818863648,9.00000000011)) ;
#7601=CARTESIAN_POINT('Control Point',(-2.40146284914,6.56551782158,9.00000000012)) ;
#7602=CARTESIAN_POINT('Control Point',(-2.38129581004,6.57199667579,8.99667767282)) ;
#7603=CARTESIAN_POINT('Control Point',(-2.36276403152,6.57691995606,8.99001471194)) ;
#7604=CARTESIAN_POINT('Control Point',(-2.33597347159,6.5832628401,8.97786146802)) ;
#7605=CARTESIAN_POINT('Control Point',(-2.30805309067,6.58543033613,8.94890865442)) ;
#7606=CARTESIAN_POINT('Control Point',(-2.30289454935,6.58553362761,8.9424526004)) ;
#7607=CARTESIAN_POINT('Control Point',(-2.2948555987,6.58556230589,8.93192193227)) ;
#7608=CARTESIAN_POINT('Control Point',(-2.28654793892,6.5841962659,8.91578435454)) ;
#7609=CARTESIAN_POINT('Control Point',(-2.28490921206,6.58386722261,8.91237653195)) ;
#7610=CARTESIAN_POINT('Control Point',(-2.28242188013,6.58322929457,8.90668061467)) ;
#7611=CARTESIAN_POINT('Control Point',(-2.27988602918,6.58230049333,8.89981996933)) ;
#7612=CARTESIAN_POINT('Control Point',(-2.27903338515,6.58195324241,8.89738083661)) ;
#7613=CARTESIAN_POINT('Control Point',(-2.27725815999,6.58113597704,8.89194531248)) ;
#7614=CARTESIAN_POINT('Control Point',(-2.27547255099,6.5799935508,8.88526302727)) ;
#7615=CARTESIAN_POINT('Control Point',(-2.27437994951,6.57958699214,8.88228525498)) ;
#7616=CARTESIAN_POINT('Control Point',(-2.27357625606,6.57836347305,8.87658490928)) ;
#7617=CARTESIAN_POINT('Control Point',(-2.2727739163,6.57713719736,8.87087596523)) ;
#7618=CARTESIAN_POINT('Vertex',(-2.2727739163,6.57713719736,8.87087596523)) ;
#7622=CARTESIAN_POINT('Control Point',(-2.2727739163,6.57713719736,8.87087596523)) ;
#7623=CARTESIAN_POINT('Control Point',(-2.24750636873,6.53851892013,8.69108802195)) ;
#7624=CARTESIAN_POINT('Control Point',(-2.22233332354,6.50001611459,8.5119724981)) ;
#7625=CARTESIAN_POINT('Control Point',(-2.19726234135,6.46163946787,8.3335831902)) ;
#7635=CARTESIAN_POINT('Axis2P3D Location',(0.,0.,9.00000000036)) ;
#7639=CARTESIAN_POINT('Vertex',(6.69870138846,1.99999999987,9.00000000012)) ;
#7641=CARTESIAN_POINT('Vertex',(2.42131412657,6.55818863648,9.00000000011)) ;
#7645=CARTESIAN_POINT('Control Point',(6.69870138846,1.99999999987,9.00000000012)) ;
#7646=CARTESIAN_POINT('Control Point',(6.69162205107,1.99543226499,8.96749887756)) ;
#7647=CARTESIAN_POINT('Control Point',(6.68454741854,1.9908683647,8.93502503962)) ;
#7648=CARTESIAN_POINT('Control Point',(6.67747756011,1.98630834725,8.90257882943)) ;
#7649=CARTESIAN_POINT('Vertex',(6.67747756011,1.98630834725,8.90257882943)) ;
#7653=CARTESIAN_POINT('Control Point',(6.67747756011,1.98630834725,8.90257882943)) ;
#7654=CARTESIAN_POINT('Control Point',(6.67362401545,1.98382283341,8.88489347952)) ;
#7655=CARTESIAN_POINT('Control Point',(6.67040506259,1.98104970872,8.86932343662)) ;
#7656=CARTESIAN_POINT('Control Point',(6.6679121955,1.97848328463,8.85678848991)) ;
#7657=CARTESIAN_POINT('Control Point',(6.65631062551,1.96485906169,8.79654495264)) ;
#7658=CARTESIAN_POINT('Control Point',(6.65087468344,1.95089767798,8.75974241262)) ;
#7659=CARTESIAN_POINT('Control Point',(6.64734711843,1.94227911336,8.73641861439)) ;
#7660=CARTESIAN_POINT('Control Point',(6.63861928161,1.91242400647,8.66923028101)) ;
#7661=CARTESIAN_POINT('Control Point',(6.6348267113,1.88446930042,8.62370387343)) ;
#7662=CARTESIAN_POINT('Control Point',(6.63308176525,1.86839301589,8.59936451397)) ;
#7663=CARTESIAN_POINT('Control Point',(6.62755417429,1.78126769523,8.4837323927)) ;
#7664=CARTESIAN_POINT('Control Point',(6.6339548129,1.69713628549,8.42247008003)) ;
#7665=CARTESIAN_POINT('Control Point',(6.63921901586,1.63659470348,8.38374801247)) ;
#7666=CARTESIAN_POINT('Control Point',(6.64717198635,1.57177095544,8.35429515176)) ;
#7667=CARTESIAN_POINT('Control Point',(6.65647665757,1.50733702824,8.3335831902)) ;
#7668=CARTESIAN_POINT('Vertex',(6.65647665757,1.50733702824,8.3335831902)) ;
#7671=CARTESIAN_POINT('Axis2P3D Location',(0.,0.,8.33358279947)) ;
#7675=CARTESIAN_POINT('Vertex',(2.19726389833,6.4616388357,8.33358279947)) ;
#7679=CARTESIAN_POINT('Control Point',(2.2727739163,6.57713719736,8.87087596523)) ;
#7680=CARTESIAN_POINT('Control Point',(2.24750636873,6.53851892013,8.69108802195)) ;
#7681=CARTESIAN_POINT('Control Point',(2.22233332354,6.50001611459,8.5119724981)) ;
#7682=CARTESIAN_POINT('Control Point',(2.19726234135,6.46163946787,8.3335831902)) ;
#7683=CARTESIAN_POINT('Vertex',(2.2727739163,6.57713719736,8.87087596523)) ;
#7687=CARTESIAN_POINT('Control Point',(2.42131412657,6.55818863648,9.00000000011)) ;
#7688=CARTESIAN_POINT('Control Point',(2.40146284912,6.56551782159,9.00000000012)) ;
#7689=CARTESIAN_POINT('Control Point',(2.38129580999,6.5719966758,8.99667767281)) ;
#7690=CARTESIAN_POINT('Control Point',(2.36276403157,6.57691995605,8.99001471196)) ;
#7691=CARTESIAN_POINT('Control Point',(2.33597347163,6.58326284009,8.97786146805)) ;
#7692=CARTESIAN_POINT('Control Point',(2.30805309068,6.58543033613,8.94890865443)) ;
#7693=CARTESIAN_POINT('Control Point',(2.30289454933,6.58553362761,8.94245260038)) ;
#7694=CARTESIAN_POINT('Control Point',(2.29485559869,6.58556230589,8.93192193226)) ;
#7695=CARTESIAN_POINT('Control Point',(2.28654793892,6.5841962659,8.91578435454)) ;
#7696=CARTESIAN_POINT('Control Point',(2.28490921206,6.58386722261,8.91237653195)) ;
#7697=CARTESIAN_POINT('Control Point',(2.28242188013,6.58322929457,8.90668061467)) ;
#7698=CARTESIAN_POINT('Control Point',(2.27988602918,6.58230049333,8.89981996933)) ;
#7699=CARTESIAN_POINT('Control Point',(2.27903338515,6.58195324241,8.89738083661)) ;
#7700=CARTESIAN_POINT('Control Point',(2.27725815999,6.58113597704,8.89194531248)) ;
#7701=CARTESIAN_POINT('Control Point',(2.27547255099,6.5799935508,8.88526302727)) ;
#7702=CARTESIAN_POINT('Control Point',(2.27437994951,6.57958699214,8.88228525498)) ;
#7703=CARTESIAN_POINT('Control Point',(2.27357625606,6.57836347305,8.87658490928)) ;
#7704=CARTESIAN_POINT('Control Point',(2.2727739163,6.57713719736,8.87087596523)) ;
#7715=CARTESIAN_POINT('Axis2P3D Location',(0.,0.,9.00000000036)) ;
#7719=CARTESIAN_POINT('Vertex',(-2.42131412657,-6.55818863648,9.00000000011)) ;
#7722=CARTESIAN_POINT('Axis2P3D Location',(0.,0.,8.33358279947)) ;
#7726=CARTESIAN_POINT('Vertex',(-2.19726389833,-6.4616388357,8.33358279947)) ;
#7730=CARTESIAN_POINT('Control Point',(-2.2727739163,-6.57713719736,8.87087596523)) ;
#7731=CARTESIAN_POINT('Control Point',(-2.24750636873,-6.53851892013,8.69108802195)) ;
#7732=CARTESIAN_POINT('Control Point',(-2.22233332354,-6.50001611459,8.5119724981)) ;
#7733=CARTESIAN_POINT('Control Point',(-2.19726234135,-6.46163946787,8.3335831902)) ;
#7734=CARTESIAN_POINT('Vertex',(-2.2727739163,-6.57713719736,8.87087596523)) ;
#7738=CARTESIAN_POINT('Control Point',(-2.42131412657,-6.55818863648,9.00000000011)) ;
#7739=CARTESIAN_POINT('Control Point',(-2.40146284912,-6.56551782159,9.00000000012)) ;
#7740=CARTESIAN_POINT('Control Point',(-2.38129580998,-6.5719966758,8.99667767281)) ;
#7741=CARTESIAN_POINT('Control Point',(-2.36276403157,-6.57691995605,8.99001471196)) ;
#7742=CARTESIAN_POINT('Control Point',(-2.33597347165,-6.58326284009,8.97786146806)) ;
#7743=CARTESIAN_POINT('Control Point',(-2.30805309072,-6.58543033612,8.94890865447)) ;
#7744=CARTESIAN_POINT('Control Point',(-2.3028945493,-6.58553362761,8.94245260033)) ;
#7745=CARTESIAN_POINT('Control Point',(-2.29485559867,-6.58556230589,8.93192193222)) ;
#7746=CARTESIAN_POINT('Control Point',(-2.28654793892,-6.5841962659,8.91578435454)) ;
#7747=CARTESIAN_POINT('Control Point',(-2.28490921206,-6.58386722261,8.91237653195)) ;
#7748=CARTESIAN_POINT('Control Point',(-2.28242188013,-6.58322929457,8.90668061467)) ;
#7749=CARTESIAN_POINT('Control Point',(-2.27988602918,-6.58230049333,8.89981996933)) ;
#7750=CARTESIAN_POINT('Control Point',(-2.27903338515,-6.58195324241,8.89738083661)) ;
#7751=CARTESIAN_POINT('Control Point',(-2.27725815999,-6.58113597704,8.89194531248)) ;
#7752=CARTESIAN_POINT('Control Point',(-2.27547255099,-6.5799935508,8.88526302727)) ;
#7753=CARTESIAN_POINT('Control Point',(-2.27437994951,-6.57958699214,8.88228525498)) ;
#7754=CARTESIAN_POINT('Control Point',(-2.27357625606,-6.57836347305,8.87658490928)) ;
#7755=CARTESIAN_POINT('Control Point',(-2.2727739163,-6.57713719736,8.87087596523)) ;
#7765=CARTESIAN_POINT('Axis2P3D Location',(0.,0.,1.48122733897)) ;
#7769=CARTESIAN_POINT('Vertex',(2.42990059244,-5.95153996555E-016,1.48122733897)) ;
#7772=CARTESIAN_POINT('Line Origine',(2.46528596174,6.03820912406E-016,1.34090766043)) ;
#7784=CARTESIAN_POINT('Axis2P3D Location',(0.,0.,1.48122733897)) ;
#7796=CARTESIAN_POINT('Axis2P3D Location',(0.,0.,3.38295682629)) ;
#7801=CARTESIAN_POINT('Line Origine',(0.816574191368,-1.49472903117,3.16413271267)) ;
#7805=CARTESIAN_POINT('Vertex',(0.795613650175,-1.45636101644,3.38295682629)) ;
#7807=CARTESIAN_POINT('Vertex',(0.837534733166,-1.53309704556,2.94530859904)) ;
#7810=CARTESIAN_POINT('Axis2P3D Location',(0.,0.,2.94530859904)) ;
#7814=CARTESIAN_POINT('Vertex',(-1.74695477333,-3.74503583116E-015,2.94530859947)) ;
#7817=CARTESIAN_POINT('Line Origine',(-1.70323465401,-3.65131078692E-015,3.16413271267)) ;
#7821=CARTESIAN_POINT('Vertex',(-1.6595145346,1.27071308052E-015,3.38295682629)) ;
#7824=CARTESIAN_POINT('Axis2P3D Location',(0.,0.,3.38295682629)) ;
#7836=CARTESIAN_POINT('Axis2P3D Location',(0.,0.,3.38295682629)) ;
#7840=CARTESIAN_POINT('Vertex',(1.6595145346,1.07343842151E-012,3.38295682629)) ;
#7843=CARTESIAN_POINT('Line Origine',(1.70323465401,4.17172173446E-016,3.16413271267)) ;
#7847=CARTESIAN_POINT('Vertex',(1.74695477342,-4.27880514304E-016,2.94530859904)) ;
#7850=CARTESIAN_POINT('Axis2P3D Location',(0.,0.,2.94530859904)) ;
#7863=CARTESIAN_POINT('Control Point',(-0.795613875061,1.45636142964,3.38295447173)) ;
#7864=CARTESIAN_POINT('Control Point',(-0.837534457784,1.53309654149,2.94531147393)) ;
#7865=CARTESIAN_POINT('Vertex',(-0.795613650175,1.45636101644,3.38295682629)) ;
#7867=CARTESIAN_POINT('Vertex',(-0.837534457779,1.5330965415,2.94531147389)) ;
#7870=CARTESIAN_POINT('Axis2P3D Location',(0.,0.,2.94530859904)) ;
#7875=CARTESIAN_POINT('Axis2P3D Location',(0.,0.,3.38295682629)) ;
#7887=CARTESIAN_POINT('Axis2P3D Location',(0.,0.,3.38295682629)) ;
#7892=CARTESIAN_POINT('Axis2P3D Location',(0.,0.,2.94530859904)) ;
#7904=CARTESIAN_POINT('Axis2P3D Location',(0.,0.,3.38250829781)) ;
#7916=CARTESIAN_POINT('Axis2P3D Location',(6.93837690353,-1.99999999907,9.)) ;
#7921=CARTESIAN_POINT('Line Origine',(6.88873878028,-1.9863083465,8.90257882983)) ;
#7925=CARTESIAN_POINT('Vertex',(7.09999999989,-1.98630834643,8.90257882933)) ;
#7928=CARTESIAN_POINT('Line Origine',(7.09999999962,-1.99315417278,8.95128941491)) ;
#7932=CARTESIAN_POINT('Vertex',(7.09999999962,-1.99999999907,9.)) ;
#7935=CARTESIAN_POINT('Line Origine',(7.08632931113,-1.99999999907,9.)) ;
#7939=CARTESIAN_POINT('Vertex',(7.07265862263,-1.99999999907,9.)) ;
#7942=CARTESIAN_POINT('Line Origine',(6.88568000588,-1.99999999907,9.)) ;
#7955=CARTESIAN_POINT('Axis2P3D Location',(6.73739932504,-1.29312069831,9.)) ;
#7960=CARTESIAN_POINT('Line Origine',(6.8603443232,-1.29312069831,8.3)) ;
#7964=CARTESIAN_POINT('Vertex',(6.6923436002,-1.293120699,8.3)) ;
#7966=CARTESIAN_POINT('Vertex',(7.09999999963,-1.293120699,8.3)) ;
#7969=CARTESIAN_POINT('Axis2P3D Location',(7.09999999989,-1.29312069831,9.)) ;
#7975=CARTESIAN_POINT('Control Point',(6.65647683331,-1.50733581179,8.33358279947)) ;
#7976=CARTESIAN_POINT('Control Point',(6.66616191854,-1.43789153106,8.31126042474)) ;
#7977=CARTESIAN_POINT('Control Point',(6.67839129087,-1.3653286909,8.3)) ;
#7978=CARTESIAN_POINT('Control Point',(6.69234360046,-1.2931206983,8.3)) ;
#7988=CARTESIAN_POINT('Axis2P3D Location',(7.1,0.,0.)) ;
#7993=CARTESIAN_POINT('Line Origine',(7.1,-1.90065778047,9.40000000037)) ;
#7997=CARTESIAN_POINT('Vertex',(7.09999999962,-1.90065778047,9.)) ;
#7999=CARTESIAN_POINT('Vertex',(7.09999999925,-1.90065778047,9.8)) ;
#8002=CARTESIAN_POINT('Line Origine',(7.1,-1.95032889023,9.)) ;
#8007=CARTESIAN_POINT('Line Origine',(7.1,0.,8.30000000075)) ;
#8011=CARTESIAN_POINT('Vertex',(7.10000000069,1.29312069924,8.3)) ;
#8014=CARTESIAN_POINT('Axis2P3D Location',(7.1,1.29312070027,8.99999999984)) ;
#8018=CARTESIAN_POINT('Vertex',(7.10000000069,1.98630834736,8.90257882933)) ;
#8021=CARTESIAN_POINT('Line Origine',(7.1,1.99315417372,8.95128941443)) ;
#8025=CARTESIAN_POINT('Vertex',(7.09999999962,2.,9.)) ;
#8028=CARTESIAN_POINT('Line Origine',(7.1,1.95032889023,9.)) ;
#8032=CARTESIAN_POINT('Vertex',(7.09999999962,1.90065778047,9.)) ;
#8035=CARTESIAN_POINT('Line Origine',(7.1,1.90065778047,9.40000000037)) ;
#8039=CARTESIAN_POINT('Vertex',(7.09999999925,1.90065778047,9.8)) ;
#8042=CARTESIAN_POINT('Line Origine',(7.1,0.,9.80000000075)) ;
#8060=CARTESIAN_POINT('Axis2P3D Location',(6.93837690353,0.,9.)) ;
#8065=CARTESIAN_POINT('Axis2P3D Location',(-2.57867324827E-007,7.49884470075E-008,9.)) ;
#8076=CARTESIAN_POINT('Axis2P3D Location',(3.74117803403E-009,-3.0216744662E-009,9.)) ;
#8080=CARTESIAN_POINT('Vertex',(2.42131412673,-6.93972174512,9.)) ;
#8083=CARTESIAN_POINT('Line Origine',(2.42131412588,-6.74895519111,9.)) ;
#8095=CARTESIAN_POINT('Axis2P3D Location',(7.,2.,8.3)) ;
#8100=CARTESIAN_POINT('Line Origine',(6.89617180034,1.293120699,8.3)) ;
#8104=CARTESIAN_POINT('Vertex',(6.69234360028,1.29312069924,8.3)) ;
#8107=CARTESIAN_POINT('Axis2P3D Location',(0.,0.,8.3)) ;
#8111=CARTESIAN_POINT('Vertex',(6.81612969412,-3.86170479134E-015,8.3)) ;
#8114=CARTESIAN_POINT('Axis2P3D Location',(0.,0.,8.3)) ;
#8127=CARTESIAN_POINT('Axis2P3D Location',(0.,0.,9.39999961853)) ;
#8132=CARTESIAN_POINT('Axis2P3D Location',(0.,0.,9.)) ;
#8136=CARTESIAN_POINT('Vertex',(-7.34999999963,2.67647223664E-015,9.)) ;
#8138=CARTESIAN_POINT('Vertex',(-2.42131412673,-6.93972174512,9.)) ;
#8141=CARTESIAN_POINT('Axis2P3D Location',(0.,0.,9.)) ;
#8145=CARTESIAN_POINT('Vertex',(-2.29092111606,-6.98385140449,9.)) ;
#8148=CARTESIAN_POINT('Axis2P3D Location',(0.,0.,9.)) ;
#8152=CARTESIAN_POINT('Vertex',(2.29092111606,-6.98385140449,9.)) ;
#8155=CARTESIAN_POINT('Axis2P3D Location',(0.,0.,9.)) ;
#8160=CARTESIAN_POINT('Axis2P3D Location',(0.,0.,9.80000000074)) ;
#8164=CARTESIAN_POINT('Vertex',(1.60771292885,-7.17201221067,9.80000000006)) ;
#8168=CARTESIAN_POINT('Control Point',(1.60771292885,-7.17201220986,9.80000000074)) ;
#8169=CARTESIAN_POINT('Control Point',(1.59199857556,-7.17553481526,9.68799865559)) ;
#8170=CARTESIAN_POINT('Control Point',(1.57627188193,-7.17900594318,9.57599739455)) ;
#8171=CARTESIAN_POINT('Control Point',(1.56053385491,-7.18242536249,9.46399614401)) ;
#8172=CARTESIAN_POINT('Vertex',(1.5604906655,-7.182226586,9.46399613716)) ;
#8176=CARTESIAN_POINT('Control Point',(1.56053385491,-7.18242536249,9.46399614401)) ;
#8177=CARTESIAN_POINT('Control Point',(1.53541934995,-7.18788201999,9.28529715583)) ;
#8178=CARTESIAN_POINT('Control Point',(1.42273810204,-7.21317720878,9.11883605365)) ;
#8179=CARTESIAN_POINT('Control Point',(1.24367331998,-7.24625806097,9.03358268738)) ;
#8180=CARTESIAN_POINT('Control Point',(1.06535663109,-7.27238030143,9.03358268738)) ;
#8181=CARTESIAN_POINT('Vertex',(1.06535663083,-7.27238030064,9.03358268738)) ;
#8184=CARTESIAN_POINT('Axis2P3D Location',(0.,0.,9.03358268738)) ;
#8188=CARTESIAN_POINT('Vertex',(-1.06535663109,-7.27238030074,9.03358268738)) ;
#8192=CARTESIAN_POINT('Control Point',(-1.56053301728,-7.18242554448,9.46399018421)) ;
#8193=CARTESIAN_POINT('Control Point',(-1.5354165314,-7.18788265271,9.28529299211)) ;
#8194=CARTESIAN_POINT('Control Point',(-1.42273511603,-7.21317776042,9.11883463199)) ;
#8195=CARTESIAN_POINT('Control Point',(-1.24367183322,-7.24625827877,9.03358268738)) ;
#8196=CARTESIAN_POINT('Control Point',(-1.06535663109,-7.27238030143,9.03358268738)) ;
#8197=CARTESIAN_POINT('Vertex',(-1.56049066546,-7.18242554445,9.4639961369)) ;
#8201=CARTESIAN_POINT('Control Point',(-1.56053385491,-7.18242536249,9.46399614401)) ;
#8202=CARTESIAN_POINT('Control Point',(-1.57627188193,-7.17900594318,9.57599739455)) ;
#8203=CARTESIAN_POINT('Control Point',(-1.59199857556,-7.17553481526,9.68799865559)) ;
#8204=CARTESIAN_POINT('Control Point',(-1.60771292885,-7.17201220986,9.80000000074)) ;
#8205=CARTESIAN_POINT('Vertex',(-1.60771292858,-7.17201220989,9.8)) ;
#8209=CARTESIAN_POINT('Control Point',(-7.35,2.6645352591E-015,9.8)) ;
#8210=CARTESIAN_POINT('Control Point',(-7.35,-1.98490711531,9.80000000015)) ;
#8211=CARTESIAN_POINT('Control Point',(-6.68109718139,-3.97058352823,9.8000000003)) ;
#8212=CARTESIAN_POINT('Control Point',(-5.33583127377,-5.65079620228,9.80000000045)) ;
#8213=CARTESIAN_POINT('Control Point',(-3.54455348211,-6.73784066811,9.8000000006)) ;
#8214=CARTESIAN_POINT('Control Point',(-1.60771292885,-7.17201220986,9.80000000074)) ;
#8215=CARTESIAN_POINT('Vertex',(-7.35,9.00115397369E-016,9.8)) ;
#8219=CARTESIAN_POINT('Control Point',(-1.60771292885,7.17201220986,9.80000000074)) ;
#8220=CARTESIAN_POINT('Control Point',(-3.54455348211,6.73784066811,9.8000000006)) ;
#8221=CARTESIAN_POINT('Control Point',(-5.33583127377,5.65079620228,9.80000000045)) ;
#8222=CARTESIAN_POINT('Control Point',(-6.68109718139,3.97058352823,9.8000000003)) ;
#8223=CARTESIAN_POINT('Control Point',(-7.35,1.98490711531,9.80000000015)) ;
#8224=CARTESIAN_POINT('Control Point',(-7.35,2.6645352591E-015,9.8)) ;
#8225=CARTESIAN_POINT('Vertex',(-1.60771292885,7.17201220912,9.80000000006)) ;
#8229=CARTESIAN_POINT('Control Point',(-1.60771292885,7.17201220986,9.80000000074)) ;
#8230=CARTESIAN_POINT('Control Point',(-1.59199857556,7.17553481526,9.68799865559)) ;
#8231=CARTESIAN_POINT('Control Point',(-1.57627188193,7.17900594318,9.57599739455)) ;
#8232=CARTESIAN_POINT('Control Point',(-1.56053385491,7.18242536249,9.46399614401)) ;
#8233=CARTESIAN_POINT('Vertex',(-1.56049066546,7.18242554445,9.4639961369)) ;
#8237=CARTESIAN_POINT('Control Point',(-1.56053301728,7.18242554448,9.46399018421)) ;
#8238=CARTESIAN_POINT('Control Point',(-1.53541653141,7.18788265271,9.28529299212)) ;
#8239=CARTESIAN_POINT('Control Point',(-1.42273511606,7.21317776041,9.11883463201)) ;
#8240=CARTESIAN_POINT('Control Point',(-1.2436718332,7.24625827877,9.03358268738)) ;
#8241=CARTESIAN_POINT('Control Point',(-1.06535663109,7.27238030143,9.03358268738)) ;
#8242=CARTESIAN_POINT('Vertex',(-1.06535663109,7.27238030067,9.03358268738)) ;
#8245=CARTESIAN_POINT('Axis2P3D Location',(0.,0.,9.03358268738)) ;
#8249=CARTESIAN_POINT('Vertex',(1.06535663083,7.27238030095,9.03358268738)) ;
#8253=CARTESIAN_POINT('Control Point',(1.56053385491,7.18242536249,9.46399614401)) ;
#8254=CARTESIAN_POINT('Control Point',(1.53541934995,7.18788201999,9.28529715585)) ;
#8255=CARTESIAN_POINT('Control Point',(1.42273810206,7.21317720877,9.11883605365)) ;
#8256=CARTESIAN_POINT('Control Point',(1.24367331997,7.24625806097,9.03358268738)) ;
#8257=CARTESIAN_POINT('Control Point',(1.06535663109,7.27238030143,9.03358268738)) ;
#8258=CARTESIAN_POINT('Vertex',(1.56049066546,7.18222658599,9.4639961369)) ;
#8262=CARTESIAN_POINT('Control Point',(1.56053385491,7.18242536249,9.46399614401)) ;
#8263=CARTESIAN_POINT('Control Point',(1.57627188193,7.17900594318,9.57599739455)) ;
#8264=CARTESIAN_POINT('Control Point',(1.59199857556,7.17553481526,9.68799865559)) ;
#8265=CARTESIAN_POINT('Control Point',(1.60771292885,7.17201220986,9.80000000074)) ;
#8266=CARTESIAN_POINT('Vertex',(1.6077129297,7.17201220989,9.8)) ;
#8269=CARTESIAN_POINT('Axis2P3D Location',(0.,0.,9.80000000074)) ;
#8274=CARTESIAN_POINT('Axis2P3D Location',(0.,0.,9.)) ;
#8278=CARTESIAN_POINT('Vertex',(7.07265862263,2.,9.)) ;
#8281=CARTESIAN_POINT('Axis2P3D Location',(0.,0.,9.)) ;
#8285=CARTESIAN_POINT('Vertex',(2.42131412588,6.93972174451,9.)) ;
#8288=CARTESIAN_POINT('Axis2P3D Location',(0.,0.,9.)) ;
#8292=CARTESIAN_POINT('Vertex',(2.29092111606,6.98385140449,9.)) ;
#8295=CARTESIAN_POINT('Axis2P3D Location',(0.,0.,9.)) ;
#8299=CARTESIAN_POINT('Vertex',(-2.29092111606,6.98385140449,9.)) ;
#8302=CARTESIAN_POINT('Axis2P3D Location',(0.,0.,9.)) ;
#8306=CARTESIAN_POINT('Vertex',(-2.42131412588,6.93972174451,9.)) ;
#8309=CARTESIAN_POINT('Axis2P3D Location',(0.,0.,9.)) ;
#8345=CARTESIAN_POINT('Axis2P3D Location',(6.73739933888,1.29312069924,9.)) ;
#8350=CARTESIAN_POINT('Line Origine',(6.86034432346,1.98630834736,8.90257882933)) ;
#8356=CARTESIAN_POINT('Control Point',(6.6564768331,1.50733581272,8.33358279947)) ;
#8357=CARTESIAN_POINT('Control Point',(6.66616191834,1.43789153199,8.31126042474)) ;
#8358=CARTESIAN_POINT('Control Point',(6.67839129068,1.36532869184,8.3)) ;
#8359=CARTESIAN_POINT('Control Point',(6.69234360028,1.29312069924,8.3)) ;
#8369=CARTESIAN_POINT('Axis2P3D Location',(6.93837690353,2.,9.)) ;
#8374=CARTESIAN_POINT('Line Origine',(6.88568000588,2.,9.)) ;
#8379=CARTESIAN_POINT('Line Origine',(7.08632931113,2.,9.)) ;
#8398=CARTESIAN_POINT('Axis2P3D Location',(7.4,0.,9.8)) ;
#8403=CARTESIAN_POINT('Line Origine',(-1.60771292858,-6.96077769715,9.8)) ;
#8407=CARTESIAN_POINT('Vertex',(-1.60771292858,-6.74954318441,9.8)) ;
#8410=CARTESIAN_POINT('Axis2P3D Location',(5.05389982131E-006,2.18657708002E-005,9.8)) ;
#8414=CARTESIAN_POINT('Vertex',(-1.50000000037,-6.77429509722,9.8)) ;
#8417=CARTESIAN_POINT('Axis2P3D Location',(-3.72528674575E-010,2.64643258419E-008,9.8)) ;
#8421=CARTESIAN_POINT('Vertex',(1.49999999963,-6.77429509722,9.8)) ;
#8424=CARTESIAN_POINT('Axis2P3D Location',(-3.60641237052E-006,1.56844804922E-005,9.8)) ;
#8428=CARTESIAN_POINT('Vertex',(1.6077129297,-6.74954318441,9.8)) ;
#8431=CARTESIAN_POINT('Line Origine',(1.6077129297,-6.96077769715,9.8)) ;
#8436=CARTESIAN_POINT('Line Origine',(1.6077129297,6.96077769715,9.8)) ;
#8440=CARTESIAN_POINT('Vertex',(1.6077129297,6.74954318441,9.8)) ;
#8443=CARTESIAN_POINT('Axis2P3D Location',(-3.60641237496E-006,-1.56844805108E-005,9.8)) ;
#8447=CARTESIAN_POINT('Vertex',(1.49999999963,6.77429509722,9.8)) ;
#8450=CARTESIAN_POINT('Axis2P3D Location',(-3.72528674575E-010,-2.64643258419E-008,9.8)) ;
#8454=CARTESIAN_POINT('Vertex',(-1.50000000037,6.77429509722,9.8)) ;
#8457=CARTESIAN_POINT('Axis2P3D Location',(5.05389981509E-006,-2.18657707753E-005,9.8)) ;
#8461=CARTESIAN_POINT('Vertex',(-1.60771292858,6.74954318441,9.8)) ;
#8464=CARTESIAN_POINT('Line Origine',(-1.60771292858,6.96077769715,9.8)) ;
#8486=CARTESIAN_POINT('Axis2P3D Location',(-1.28371979713E-010,-7.16360304409E-011,9.8)) ;
#8490=CARTESIAN_POINT('Vertex',(-3.32117817588,6.07937587053,9.8)) ;
#8492=CARTESIAN_POINT('Vertex',(-6.0793758709,-3.32117817551,9.8)) ;
#8495=CARTESIAN_POINT('Axis2P3D Location',(-4.44164705016E-010,-2.44156694862E-010,9.8)) ;
#8499=CARTESIAN_POINT('Vertex',(6.07937587015,3.32117817551,9.8)) ;
#8502=CARTESIAN_POINT('Axis2P3D Location',(-6.16685369437E-010,7.16360304409E-011,9.8)) ;
#8506=CARTESIAN_POINT('Vertex',(3.32117817514,-6.07937587053,9.8)) ;
#8509=CARTESIAN_POINT('Axis2P3D Location',(2.0319124161E-010,1.96217886383E-009,9.8)) ;
#8521=CARTESIAN_POINT('Axis2P3D Location',(2.42131412673,4.49192543154,8.85)) ;
#8527=CARTESIAN_POINT('Control Point',(2.42131412673,-6.93972174521,9.)) ;
#8528=CARTESIAN_POINT('Control Point',(2.36894298733,-6.95799437693,9.)) ;
#8529=CARTESIAN_POINT('Control Point',(2.31594270281,-6.97580082938,8.9759176122)) ;
#8530=CARTESIAN_POINT('Control Point',(2.28049919517,-6.98726623296,8.92584417969)) ;
#8531=CARTESIAN_POINT('Control Point',(2.27277391642,-6.98977815989,8.87087596514)) ;
#8532=CARTESIAN_POINT('Vertex',(2.27277391643,-6.98977815991,8.87087596581)) ;
#8535=CARTESIAN_POINT('Line Origine',(2.27277391642,6.77363563161,8.87087596514)) ;
#8547=CARTESIAN_POINT('Line Origine',(-2.42131412588,6.74895519111,9.)) ;
#8552=CARTESIAN_POINT('Line Origine',(-2.42131412588,-6.74895519111,9.)) ;
#8567=CARTESIAN_POINT('Control Point',(-2.42131412673,-6.93972174512,9.)) ;
#8568=CARTESIAN_POINT('Control Point',(-2.36945733883,-6.95781491625,9.)) ;
#8569=CARTESIAN_POINT('Control Point',(-2.3156618905,-6.97591660228,8.97621371259)) ;
#8570=CARTESIAN_POINT('Control Point',(-2.28042332308,-6.98729090331,8.92530432226)) ;
#8571=CARTESIAN_POINT('Control Point',(-2.27277391643,-6.98977815991,8.87087596581)) ;
#8572=CARTESIAN_POINT('Vertex',(-2.27277391643,-6.98977815991,8.87087596581)) ;
#8576=CARTESIAN_POINT('Control Point',(-2.25347860457,-6.99602274001,8.73358268664)) ;
#8577=CARTESIAN_POINT('Control Point',(-2.25991043658,-6.99395099205,8.77934754932)) ;
#8578=CARTESIAN_POINT('Control Point',(-2.26634220744,-6.99186947384,8.82511197838)) ;
#8579=CARTESIAN_POINT('Control Point',(-2.27277391643,-6.98977815991,8.87087596581)) ;
#8580=CARTESIAN_POINT('Vertex',(-2.25347860458,-6.99602274038,8.73358268749)) ;
#8583=CARTESIAN_POINT('Axis2P3D Location',(0.,0.,8.73358268664)) ;
#8587=CARTESIAN_POINT('Vertex',(-3.15040389081E-015,-7.35,8.73358268664)) ;
#8590=CARTESIAN_POINT('Axis2P3D Location',(0.,0.,8.73358268664)) ;
#8594=CARTESIAN_POINT('Vertex',(2.25347860457,-6.99602274001,8.73358268664)) ;
#8598=CARTESIAN_POINT('Control Point',(2.25347860457,-6.99602274001,8.73358268664)) ;
#8599=CARTESIAN_POINT('Control Point',(2.25991043658,-6.99395099205,8.77934754932)) ;
#8600=CARTESIAN_POINT('Control Point',(2.26634220744,-6.99186947384,8.82511197838)) ;
#8601=CARTESIAN_POINT('Control Point',(2.27277391643,-6.98977815991,8.87087596581)) ;
#8615=CARTESIAN_POINT('Axis2P3D Location',(1.5,-7.74861064201E-010,9.03358268738)) ;
#8620=CARTESIAN_POINT('Line Origine',(1.5604906655,-6.97744256242,9.46399613716)) ;
#8624=CARTESIAN_POINT('Vertex',(1.5604906655,-6.77265853885,9.46399613716)) ;
#8628=CARTESIAN_POINT('Control Point',(1.5604906655,-6.77265853885,9.46399613716)) ;
#8629=CARTESIAN_POINT('Control Point',(1.56993552874,-6.76807405061,9.53119983112)) ;
#8630=CARTESIAN_POINT('Control Point',(1.57938018831,-6.76347033483,9.59840207585)) ;
#8631=CARTESIAN_POINT('Control Point',(1.58882464374,-6.75884732715,9.66560286804)) ;
#8632=CARTESIAN_POINT('Control Point',(1.59826889075,-6.75420496477,9.73280217725)) ;
#8633=CARTESIAN_POINT('Control Point',(1.60771292885,-6.74954318333,9.80000000006)) ;
#8642=CARTESIAN_POINT('Axis2P3D Location',(1.06535663109,7.06002434792,9.53358268738)) ;
#8647=CARTESIAN_POINT('Line Origine',(1.06535663109,7.02251941973,9.03358268738)) ;
#8651=CARTESIAN_POINT('Vertex',(1.06535663109,-6.883182506,9.03358268738)) ;
#8655=CARTESIAN_POINT('Control Point',(1.06535663109,-6.883182506,9.03358268738)) ;
#8656=CARTESIAN_POINT('Control Point',(1.24475398656,-6.85541596602,9.03358268738)) ;
#8657=CARTESIAN_POINT('Control Point',(1.42282167851,-6.81753882077,9.11967984126)) ;
#8658=CARTESIAN_POINT('Control Point',(1.53530886728,-6.78488165451,9.28481833257)) ;
#8659=CARTESIAN_POINT('Control Point',(1.56049066546,-6.77265853893,9.4639961369)) ;
#8668=CARTESIAN_POINT('Axis2P3D Location',(0.,-6.893,9.03358268738)) ;
#8673=CARTESIAN_POINT('Axis2P3D Location',(0.,4.0964423853E-008,9.03358268738)) ;
#8677=CARTESIAN_POINT('Vertex',(-1.06535663083,-6.88318250592,9.03358268738)) ;
#8680=CARTESIAN_POINT('Line Origine',(-1.06535663083,-7.07778140328,9.03358268738)) ;
#8692=CARTESIAN_POINT('Axis2P3D Location',(-1.06535663109,-7.06002434803,9.53358268738)) ;
#8697=CARTESIAN_POINT('Line Origine',(-1.56049066546,7.02251941977,9.4639961369)) ;
#8701=CARTESIAN_POINT('Vertex',(-1.56049066546,-6.77265853895,9.4639961369)) ;
#8705=CARTESIAN_POINT('Control Point',(-1.06535663109,-6.88318250602,9.03358268738)) ;
#8706=CARTESIAN_POINT('Control Point',(-1.24475399164,-6.85541596526,9.03358268738)) ;
#8707=CARTESIAN_POINT('Control Point',(-1.42282167605,-6.81753882115,9.11967984409)) ;
#8708=CARTESIAN_POINT('Control Point',(-1.53530886657,-6.78488165489,9.28481832749)) ;
#8709=CARTESIAN_POINT('Control Point',(-1.56049066546,-6.77265853895,9.4639961369)) ;
#8718=CARTESIAN_POINT('Axis2P3D Location',(-1.5,-7.74861064201E-010,9.03358268738)) ;
#8724=CARTESIAN_POINT('Control Point',(-1.60771292885,-6.74954318333,9.80000000006)) ;
#8725=CARTESIAN_POINT('Control Point',(-1.59826889075,-6.75420496477,9.73280217725)) ;
#8726=CARTESIAN_POINT('Control Point',(-1.58882464374,-6.75884732712,9.66560286804)) ;
#8727=CARTESIAN_POINT('Control Point',(-1.57938018831,-6.76347033504,9.59840207586)) ;
#8728=CARTESIAN_POINT('Control Point',(-1.56993552874,-6.76807405073,9.53119983112)) ;
#8729=CARTESIAN_POINT('Control Point',(-1.5604906655,-6.77265853885,9.46399613716)) ;
#8739=CARTESIAN_POINT('Control Point',(-1.5604906655,6.77265853916,9.46399613716)) ;
#8740=CARTESIAN_POINT('Control Point',(-1.56993552874,6.76807405113,9.53119983113)) ;
#8741=CARTESIAN_POINT('Control Point',(-1.57938018831,6.76347033552,9.59840207587)) ;
#8742=CARTESIAN_POINT('Control Point',(-1.58882464374,6.75884732741,9.66560286804)) ;
#8743=CARTESIAN_POINT('Control Point',(-1.59826889075,6.75420496509,9.73280217725)) ;
#8744=CARTESIAN_POINT('Control Point',(-1.60771292885,6.74954318364,9.80000000006)) ;
#8745=CARTESIAN_POINT('Vertex',(-1.5604906655,6.77265853916,9.46399613716)) ;
#8748=CARTESIAN_POINT('Line Origine',(-1.5604906655,6.97744256274,9.46399613716)) ;
#8761=CARTESIAN_POINT('Control Point',(-1.06535663109,6.88318250595,9.03358268738)) ;
#8762=CARTESIAN_POINT('Control Point',(-1.2447539957,6.85541596455,9.03358268738)) ;
#8763=CARTESIAN_POINT('Control Point',(-1.4228216741,6.81753882165,9.11967984636)) ;
#8764=CARTESIAN_POINT('Control Point',(-1.535308866,6.78488165509,9.28481832345)) ;
#8765=CARTESIAN_POINT('Control Point',(-1.56049066546,6.77265853888,9.4639961369)) ;
#8766=CARTESIAN_POINT('Vertex',(-1.06535663109,6.88318250595,9.03358268738)) ;
#8769=CARTESIAN_POINT('Line Origine',(-1.06535663109,7.02251941977,9.03358268738)) ;
#8781=CARTESIAN_POINT('Axis2P3D Location',(0.,-4.06514990559E-008,9.03358268738)) ;
#8785=CARTESIAN_POINT('Vertex',(1.06535663083,6.88318250623,9.03358268738)) ;
#8788=CARTESIAN_POINT('Line Origine',(1.06535663083,7.07778140359,9.03358268738)) ;
#8801=CARTESIAN_POINT('Control Point',(1.06535663109,6.88318250591,9.03358268738)) ;
#8802=CARTESIAN_POINT('Control Point',(1.24475399002,6.8554159654,9.03358268738)) ;
#8803=CARTESIAN_POINT('Control Point',(1.42282167686,6.81753882128,9.11967984321)) ;
#8804=CARTESIAN_POINT('Control Point',(1.5353088668,6.78488165465,9.28481832912)) ;
#8805=CARTESIAN_POINT('Control Point',(1.56049066546,6.77265853884,9.4639961369)) ;
#8806=CARTESIAN_POINT('Vertex',(1.56049066546,6.77265853884,9.4639961369)) ;
#8809=CARTESIAN_POINT('Line Origine',(1.56049066546,7.02251941973,9.4639961369)) ;
#8822=CARTESIAN_POINT('Control Point',(1.60771292885,6.74954318364,9.80000000006)) ;
#8823=CARTESIAN_POINT('Control Point',(1.59826889075,6.75420496509,9.73280217725)) ;
#8824=CARTESIAN_POINT('Control Point',(1.58882464374,6.75884732744,9.66560286804)) ;
#8825=CARTESIAN_POINT('Control Point',(1.57938018831,6.76347033531,9.59840207586)) ;
#8826=CARTESIAN_POINT('Control Point',(1.56993552874,6.76807405101,9.53119983112)) ;
#8827=CARTESIAN_POINT('Control Point',(1.5604906655,6.77265853916,9.46399613716)) ;
#8836=CARTESIAN_POINT('Line Origine',(2.42131412588,6.74895519111,9.)) ;
#8849=CARTESIAN_POINT('Control Point',(2.27277391641,6.98977815992,8.87087596581)) ;
#8850=CARTESIAN_POINT('Control Point',(2.26634220742,6.99186947385,8.82511197838)) ;
#8851=CARTESIAN_POINT('Control Point',(2.25991043656,6.99395099206,8.77934754932)) ;
#8852=CARTESIAN_POINT('Control Point',(2.25347860456,6.99602274001,8.73358268664)) ;
#8853=CARTESIAN_POINT('Vertex',(2.27277391642,6.98977815931,8.87087596514)) ;
#8855=CARTESIAN_POINT('Vertex',(2.25347860456,6.99602274001,8.73358268664)) ;
#8858=CARTESIAN_POINT('Axis2P3D Location',(0.,0.,8.73358268664)) ;
#8862=CARTESIAN_POINT('Vertex',(-2.25347860456,6.99602274001,8.73358268664)) ;
#8866=CARTESIAN_POINT('Control Point',(-2.27277391641,6.98977815992,8.87087596581)) ;
#8867=CARTESIAN_POINT('Control Point',(-2.26634220742,6.99186947385,8.82511197838)) ;
#8868=CARTESIAN_POINT('Control Point',(-2.25991043656,6.99395099206,8.77934754932)) ;
#8869=CARTESIAN_POINT('Control Point',(-2.25347860456,6.99602274001,8.73358268664)) ;
#8870=CARTESIAN_POINT('Vertex',(-2.27277391641,6.98977815992,8.87087596581)) ;
#8874=CARTESIAN_POINT('Control Point',(-2.42131412673,6.93972174512,9.)) ;
#8875=CARTESIAN_POINT('Control Point',(-2.36945733882,6.95781491625,9.)) ;
#8876=CARTESIAN_POINT('Control Point',(-2.31566189044,6.9759166023,8.97621371261)) ;
#8877=CARTESIAN_POINT('Control Point',(-2.28042332306,6.98729090331,8.92530432226)) ;
#8878=CARTESIAN_POINT('Control Point',(-2.27277391641,6.98977815992,8.87087596581)) ;
#8881=CARTESIAN_POINT('Control Point',(2.42131412673,6.93972174512,9.)) ;
#8882=CARTESIAN_POINT('Control Point',(2.36945720141,6.9578149642,9.)) ;
#8883=CARTESIAN_POINT('Control Point',(2.31565943683,6.97591741854,8.97621757265)) ;
#8884=CARTESIAN_POINT('Control Point',(2.28042334348,6.98729089667,8.92530446748)) ;
#8885=CARTESIAN_POINT('Control Point',(2.27277391642,6.98977815992,8.87087596581)) ;
#8898=CARTESIAN_POINT('Axis2P3D Location',(0.,0.,9.8)) ;
#8925=CARTESIAN_POINT('Axis2P3D Location',(0.,0.,7.06002148785)) ;
#8930=CARTESIAN_POINT('Line Origine',(-4.01174680383,-2.19162726755,8.43001074393)) ;
#8934=CARTESIAN_POINT('Vertex',(-1.94411773678,-1.06207636015,7.06002148785)) ;
#8937=CARTESIAN_POINT('Axis2P3D Location',(0.,0.,7.06002148785)) ;
#8941=CARTESIAN_POINT('Vertex',(1.94411773678,1.06207636015,7.06002148785)) ;
#8944=CARTESIAN_POINT('Line Origine',(4.01174680383,2.19162726755,8.43001074393)) ;
#8957=CARTESIAN_POINT('Axis2P3D Location',(0.,0.,7.06002148785)) ;
#8970=CARTESIAN_POINT('Axis2P3D Location',(2.29092111606,1.86264514923E-009,9.)) ;
#8976=CARTESIAN_POINT('Control Point',(2.25347860458,-6.99602274038,8.73358268749)) ;
#8977=CARTESIAN_POINT('Control Point',(2.24637623881,-6.99831047298,8.68304672916)) ;
#8978=CARTESIAN_POINT('Control Point',(2.23918727939,-6.99169740095,8.63189462496)) ;
#8979=CARTESIAN_POINT('Control Point',(2.23222864894,-6.97664429253,8.58238139652)) ;
#8980=CARTESIAN_POINT('Control Point',(2.21931802362,-6.93072431037,8.49051752405)) ;
#8981=CARTESIAN_POINT('Control Point',(2.20921043463,-6.85744514537,8.41859829136)) ;
#8982=CARTESIAN_POINT('Control Point',(2.20507084987,-6.81510660276,8.3891436153)) ;
#8983=CARTESIAN_POINT('Control Point',(2.20038669483,-6.74535674872,8.35581412036)) ;
#8984=CARTESIAN_POINT('Control Point',(2.19804183888,-6.67025840002,8.33912960333)) ;
#8985=CARTESIAN_POINT('Control Point',(2.19751909414,-6.64461697787,8.3354100812)) ;
#8986=CARTESIAN_POINT('Control Point',(2.19726227068,-6.61903375622,8.33358268735)) ;
#8987=CARTESIAN_POINT('Control Point',(2.19726227068,-6.59352246672,8.33358268735)) ;
#8988=CARTESIAN_POINT('Vertex',(2.19726227068,-6.59352246672,8.33358268735)) ;
#8991=CARTESIAN_POINT('Line Origine',(2.19726227068,-6.52758060861,8.33358268735)) ;
#9004=CARTESIAN_POINT('Axis2P3D Location',(-2.42131412673,-0.022064829685,8.85)) ;
#9009=CARTESIAN_POINT('Line Origine',(-2.27277391642,6.77363563242,8.87087596514)) ;
#9021=CARTESIAN_POINT('Line Origine',(-2.27277391642,6.77363563242,8.87087596514)) ;
#9033=CARTESIAN_POINT('Axis2P3D Location',(-2.29092111606,1.86264514923E-009,9.)) ;
#9038=CARTESIAN_POINT('Line Origine',(-2.19726227068,-6.52758060861,8.33358268735)) ;
#9042=CARTESIAN_POINT('Vertex',(-2.19726227068,-6.59352246672,8.33358268735)) ;
#9046=CARTESIAN_POINT('Control Point',(-2.25347860458,-6.99602274038,8.73358268749)) ;
#9047=CARTESIAN_POINT('Control Point',(-2.24637625368,-6.99831046819,8.6830468349)) ;
#9048=CARTESIAN_POINT('Control Point',(-2.2391873504,-6.99169672153,8.63189513021)) ;
#9049=CARTESIAN_POINT('Control Point',(-2.23222880267,-6.97664265184,8.58238249039)) ;
#9050=CARTESIAN_POINT('Control Point',(-2.21931833914,-6.93072135223,8.49051976908)) ;
#9051=CARTESIAN_POINT('Control Point',(-2.20921078137,-6.85744232828,8.41860075855)) ;
#9052=CARTESIAN_POINT('Control Point',(-2.20507114628,-6.81510426019,8.38914572433)) ;
#9053=CARTESIAN_POINT('Control Point',(-2.20038686122,-6.7453554052,8.35581530428)) ;
#9054=CARTESIAN_POINT('Control Point',(-2.19804188864,-6.67025787812,8.33912995739)) ;
#9055=CARTESIAN_POINT('Control Point',(-2.19751911205,-6.64461669492,8.33541020868)) ;
#9056=CARTESIAN_POINT('Control Point',(-2.19726227068,-6.61903366369,8.33358268735)) ;
#9057=CARTESIAN_POINT('Control Point',(-2.19726227068,-6.59352246672,8.33358268735)) ;
#9067=CARTESIAN_POINT('Axis2P3D Location',(3.10862446895E-015,-8.881784197E-016,8.73358268738)) ;
#9072=CARTESIAN_POINT('Axis2P3D Location',(3.10862446895E-015,-8.881784197E-016,8.33358268738)) ;
#9076=CARTESIAN_POINT('Vertex',(-2.96173835227E-016,-6.95000000005,8.33358268738)) ;
#9079=CARTESIAN_POINT('Axis2P3D Location',(3.10862446895E-015,-8.881784197E-016,8.33358268738)) ;
#9093=CARTESIAN_POINT('Line Origine',(2.27277391642,6.77363563161,8.87087596514)) ;
#9105=CARTESIAN_POINT('Line Origine',(2.19726227068,6.52758060861,8.33358268735)) ;
#9109=CARTESIAN_POINT('Vertex',(2.19726227068,6.59352246672,8.33358268735)) ;
#9113=CARTESIAN_POINT('Control Point',(2.25347860458,6.99602274038,8.73358268749)) ;
#9114=CARTESIAN_POINT('Control Point',(2.24637625368,6.99831046819,8.68304683491)) ;
#9115=CARTESIAN_POINT('Control Point',(2.2391873504,6.99169672153,8.63189513022)) ;
#9116=CARTESIAN_POINT('Control Point',(2.23222880267,6.97664265184,8.58238249038)) ;
#9117=CARTESIAN_POINT('Control Point',(2.21931833914,6.93072135223,8.49051976909)) ;
#9118=CARTESIAN_POINT('Control Point',(2.20921078137,6.85744232828,8.41860075856)) ;
#9119=CARTESIAN_POINT('Control Point',(2.20507114627,6.81510426018,8.38914572432)) ;
#9120=CARTESIAN_POINT('Control Point',(2.20038686122,6.7453554052,8.35581530428)) ;
#9121=CARTESIAN_POINT('Control Point',(2.19804188864,6.67025787812,8.33912995739)) ;
#9122=CARTESIAN_POINT('Control Point',(2.19751911205,6.64461669492,8.33541020868)) ;
#9123=CARTESIAN_POINT('Control Point',(2.19726227068,6.61903366369,8.33358268735)) ;
#9124=CARTESIAN_POINT('Control Point',(2.19726227068,6.59352246672,8.33358268735)) ;
#9134=CARTESIAN_POINT('Axis2P3D Location',(3.10862446895E-015,-8.881784197E-016,8.33358268738)) ;
#9138=CARTESIAN_POINT('Vertex',(5.75831529425E-015,6.95,8.33358268738)) ;
#9141=CARTESIAN_POINT('Axis2P3D Location',(3.10862446895E-015,-8.881784197E-016,8.33358268738)) ;
#9145=CARTESIAN_POINT('Vertex',(-2.19726227069,6.59352246632,8.33358268738)) ;
#9149=CARTESIAN_POINT('Control Point',(-2.25347860456,6.99602274001,8.73358268738)) ;
#9150=CARTESIAN_POINT('Control Point',(-2.23128884649,7.00317025038,8.57569435462)) ;
#9151=CARTESIAN_POINT('Control Point',(-2.20815598018,6.91847839233,8.41020229671)) ;
#9152=CARTESIAN_POINT('Control Point',(-2.19726227069,6.75299081941,8.33358268738)) ;
#9153=CARTESIAN_POINT('Control Point',(-2.19726227069,6.59352246632,8.33358268738)) ;
#9163=CARTESIAN_POINT('Line Origine',(-2.19726227068,6.52758060861,8.33358268735)) ;
#9176=CARTESIAN_POINT('Axis2P3D Location',(-2.21531035506,0.,7.06002148785)) ;
#9186=CARTESIAN_POINT('Axis2P3D Location',(0.,-7.23022301388,8.33358268738)) ;
#9192=CARTESIAN_POINT('Control Point',(-2.19726389833,-6.46163883649,8.33358268738)) ;
#9193=CARTESIAN_POINT('Control Point',(-1.60872303163,-6.66177066557,8.33358268738)) ;
#9194=CARTESIAN_POINT('Control Point',(-0.997396930266,-6.79489531376,8.33358268738)) ;
#9195=CARTESIAN_POINT('Control Point',(-0.373430704901,-6.85754724975,8.33358268738)) ;
#9196=CARTESIAN_POINT('Control Point',(0.526868319368,-6.8446996498,8.33358268738)) ;
#9197=CARTESIAN_POINT('Control Point',(1.40850873625,-6.68646438395,8.33358268738)) ;
#9198=CARTESIAN_POINT('Control Point',(1.67599058794,-6.62448174328,8.33358268738)) ;
#9199=CARTESIAN_POINT('Control Point',(1.93882403677,-6.54952065517,8.33358268738)) ;
#9200=CARTESIAN_POINT('Control Point',(2.19726389833,-6.4616388357,8.33358268738)) ;
#9211=CARTESIAN_POINT('Control Point',(2.19726389833,6.4616388349,8.33358268738)) ;
#9212=CARTESIAN_POINT('Control Point',(1.60872302822,6.66177066515,8.33358268738)) ;
#9213=CARTESIAN_POINT('Control Point',(0.997396923167,6.79489531371,8.33358268738)) ;
#9214=CARTESIAN_POINT('Control Point',(0.373430712419,6.85754724984,8.33358268738)) ;
#9215=CARTESIAN_POINT('Control Point',(-0.526868315609,6.84469965046,8.33358268738)) ;
#9216=CARTESIAN_POINT('Control Point',(-1.4085087361,6.68646438399,8.33358268738)) ;
#9217=CARTESIAN_POINT('Control Point',(-1.67599058785,6.62448174331,8.33358268738)) ;
#9218=CARTESIAN_POINT('Control Point',(-1.93882403672,6.54952065519,8.33358268738)) ;
#9219=CARTESIAN_POINT('Control Point',(-2.19726389833,6.4616388357,8.33358268738)) ;
#9229=CARTESIAN_POINT('Axis2P3D Location',(0.,0.,3.66889466614)) ;
#9234=CARTESIAN_POINT('Line Origine',(6.01500187219,-6.81564541527E-015,5.89913495707)) ;
#9238=CARTESIAN_POINT('Vertex',(5.26276414424,-1.28900545278E-015,3.66889466614)) ;
#9240=CARTESIAN_POINT('Vertex',(6.76723960015,-7.66801183687E-015,8.12937524801)) ;
#9243=CARTESIAN_POINT('Axis2P3D Location',(0.,0.,8.12937524801)) ;
#9247=CARTESIAN_POINT('Vertex',(-6.76723960015,8.28747831538E-016,8.12937524801)) ;
#9250=CARTESIAN_POINT('Line Origine',(-6.01500187219,7.36625278965E-016,5.89913495707)) ;
#9254=CARTESIAN_POINT('Vertex',(-5.26276414424,6.44502726391E-016,3.66889466614)) ;
#9257=CARTESIAN_POINT('Axis2P3D Location',(0.,0.,3.66889466614)) ;
#9269=CARTESIAN_POINT('Axis2P3D Location',(0.,0.,8.12937524801)) ;
#9274=CARTESIAN_POINT('Axis2P3D Location',(0.,0.,3.66889466614)) ;
#9286=CARTESIAN_POINT('Axis2P3D Location',(0.,0.,8.63770925636)) ;
#9291=CARTESIAN_POINT('Axis2P3D Location',(5.260126962,-5.96029078195E-015,8.63770925636)) ;
#9295=CARTESIAN_POINT('Vertex',(6.79684388376,-7.70155668094E-015,8.22747387213)) ;
#9298=CARTESIAN_POINT('Axis2P3D Location',(0.,0.,8.22747387213)) ;
#9302=CARTESIAN_POINT('Vertex',(-6.79684388376,8.32373310656E-016,8.22747387213)) ;
#9305=CARTESIAN_POINT('Axis2P3D Location',(-5.260126962,6.44179764712E-016,8.63770925636)) ;
#9317=CARTESIAN_POINT('Axis2P3D Location',(0.,0.,8.22747387213)) ;
#9330=CARTESIAN_POINT('Control Point',(-6.79684388376,0.,8.22747387213)) ;
#9331=CARTESIAN_POINT('Control Point',(-6.80628396231,0.,8.26283583506)) ;
#9332=CARTESIAN_POINT('Control Point',(-6.8156737811,0.,8.29821121512)) ;
#9333=CARTESIAN_POINT('Control Point',(-6.82501330218,0.,8.33359986939)) ;
#9334=CARTESIAN_POINT('Axis1P Location',(0.,0.,5.03126291744)) ;
#9339=CARTESIAN_POINT('Control Point',(-6.79684388376,0.,8.22747387213)) ;
#9340=CARTESIAN_POINT('Control Point',(-6.80628244449,0.,8.26283014938)) ;
#9341=CARTESIAN_POINT('Control Point',(-6.81567076161,0.,8.29819983944)) ;
#9342=CARTESIAN_POINT('Control Point',(-6.8250087972,0.,8.33358279947)) ;
#9345=CARTESIAN_POINT('Control Point',(6.79684388376,-3.85077834047E-015,8.22747387213)) ;
#9346=CARTESIAN_POINT('Control Point',(6.80329596971,-3.85443379486E-015,8.25164299559)) ;
#9347=CARTESIAN_POINT('Control Point',(6.8097245772,-3.85807594744E-015,8.27581838676)) ;
#9348=CARTESIAN_POINT('Control Point',(6.81612969412,-3.86170479134E-015,8.3)) ;
#9362=CARTESIAN_POINT('Control Point',(-6.79684388376,0.,8.22747387213)) ;
#9363=CARTESIAN_POINT('Control Point',(-6.80628396231,0.,8.26283583506)) ;
#9364=CARTESIAN_POINT('Control Point',(-6.8156737811,0.,8.29821121512)) ;
#9365=CARTESIAN_POINT('Control Point',(-6.82501330218,0.,8.33359986939)) ;
#9366=CARTESIAN_POINT('Axis1P Location',(0.,0.,5.03126291744)) ;
#9382=CARTESIAN_POINT('Control Point',(-4.26307306098,0.,1.3986546273)) ;
#9383=CARTESIAN_POINT('Control Point',(-4.5891120788,0.,2.07409297473)) ;
#9384=CARTESIAN_POINT('Control Point',(-4.89547327063,0.,2.75902979255)) ;
#9385=CARTESIAN_POINT('Control Point',(-5.18163714631,0.,3.45230364794)) ;
#9386=CARTESIAN_POINT('Axis1P Location',(0.,0.,5.03126291744)) ;
#9391=CARTESIAN_POINT('Control Point',(4.26307306098,-5.22075877866E-016,1.3986546273)) ;
#9392=CARTESIAN_POINT('Control Point',(4.5891120788,-5.62004141823E-016,2.07409297473)) ;
#9393=CARTESIAN_POINT('Control Point',(4.89547327063,-5.99522567119E-016,2.75902979255)) ;
#9394=CARTESIAN_POINT('Control Point',(5.18163714631,-6.34567534557E-016,3.45230364794)) ;
#9395=CARTESIAN_POINT('Vertex',(4.26307306098,2.74221773864E-015,1.3986546273)) ;
#9397=CARTESIAN_POINT('Vertex',(5.18163714631,-6.34567534557E-016,3.45230364794)) ;
#9400=CARTESIAN_POINT('Axis2P3D Location',(0.,0.,3.45230364794)) ;
#9404=CARTESIAN_POINT('Vertex',(-5.18163714631,0.,3.45230364794)) ;
#9408=CARTESIAN_POINT('Control Point',(-4.26307306098,0.,1.3986546273)) ;
#9409=CARTESIAN_POINT('Control Point',(-4.5891120788,0.,2.07409297473)) ;
#9410=CARTESIAN_POINT('Control Point',(-4.89547327063,0.,2.75902979255)) ;
#9411=CARTESIAN_POINT('Control Point',(-5.18163714631,0.,3.45230364794)) ;
#9412=CARTESIAN_POINT('Vertex',(-4.26307306098,5.22075877866E-016,1.3986546273)) ;
#9415=CARTESIAN_POINT('Axis2P3D Location',(0.,0.,1.3986546273)) ;
#9428=CARTESIAN_POINT('Control Point',(-4.26307306098,0.,1.3986546273)) ;
#9429=CARTESIAN_POINT('Control Point',(-4.5891120788,0.,2.07409297473)) ;
#9430=CARTESIAN_POINT('Control Point',(-4.89547327063,0.,2.75902979255)) ;
#9431=CARTESIAN_POINT('Control Point',(-5.18163714631,0.,3.45230364794)) ;
#9432=CARTESIAN_POINT('Axis1P Location',(0.,0.,5.03126291744)) ;
#9436=CARTESIAN_POINT('Axis2P3D Location',(0.,0.,3.45230364794)) ;
#9441=CARTESIAN_POINT('Axis2P3D Location',(0.,0.,1.3986546273)) ;
#9453=CARTESIAN_POINT('Axis2P3D Location',(0.,0.,8.97959733037)) ;
#9458=CARTESIAN_POINT('Axis2P3D Location',(16.593906363,-4.06433486256E-015,8.97959733037)) ;
#9463=CARTESIAN_POINT('Axis2P3D Location',(-16.593906363,2.03216743128E-015,8.97959733037)) ;
#9487=CARTESIAN_POINT('Control Point',(-6.66133814775E-016,1.97215226305E-031,1.88393957504)) ;
#9488=CARTESIAN_POINT('Control Point',(-0.627592544351,7.68579200608E-017,1.46236115836)) ;
#9489=CARTESIAN_POINT('Control Point',(-1.36913258942,1.67670384324E-016,1.21041334673)) ;
#9490=CARTESIAN_POINT('Control Point',(-2.16358554117,2.64962810768E-016,1.16991648409)) ;
#9491=CARTESIAN_POINT('Control Point',(-3.69021687131,4.51921227961E-016,1.52039349433)) ;
#9492=CARTESIAN_POINT('Control Point',(-4.832416151,5.91800297148E-016,2.59222284566)) ;
#9493=CARTESIAN_POINT('Control Point',(-5.24179598446,6.41934867415E-016,3.27428123054)) ;
#9494=CARTESIAN_POINT('Control Point',(-5.65049428437,6.91985973895E-016,4.78636689364)) ;
#9495=CARTESIAN_POINT('Control Point',(-5.24179598446,6.41934867415E-016,6.29845255673)) ;
#9496=CARTESIAN_POINT('Control Point',(-4.832416151,5.91800297148E-016,6.98051094162)) ;
#9497=CARTESIAN_POINT('Control Point',(-3.69021687131,4.51921227961E-016,8.05234029294)) ;
#9498=CARTESIAN_POINT('Control Point',(-2.16358554117,2.64962810768E-016,8.40281730319)) ;
#9499=CARTESIAN_POINT('Control Point',(-1.36913258942,1.67670384324E-016,8.36232044055)) ;
#9500=CARTESIAN_POINT('Control Point',(-0.627592544351,7.68579200608E-017,8.11037262892)) ;
#9501=CARTESIAN_POINT('Control Point',(-8.881784197E-016,1.47911419729E-031,7.68879421224)) ;
#9502=CARTESIAN_POINT('Axis1P Location',(0.,0.,4.78636689364)) ;
#9506=CARTESIAN_POINT('Axis2P3D Location',(-1.9496737565,2.38766172528E-016,4.78636689364)) ;
#9511=CARTESIAN_POINT('Axis2P3D Location',(1.9496737565,-4.77532345057E-016,4.78636689364)) ;
#9530=CARTESIAN_POINT('Axis2P3D Location',(0.,0.,1.27910425984)) ;
#9535=CARTESIAN_POINT('Line Origine',(-4.11394517015,1.51143893535E-015,1.33887944357)) ;
#9540=CARTESIAN_POINT('Line Origine',(4.11394517015,2.64629136306E-015,1.33887944357)) ;
#52=DIRECTION('Axis2P3D Direction',(-6.02717811112E-016,1.94298112651E-016,1.)) ;
#53=DIRECTION('Axis2P3D XDirection',(-0.200314395258,0.979731668904,-2.39818692453E-016)) ;
#68=DIRECTION('Axis2P3D Direction',(-6.02717811112E-016,1.94298112651E-016,1.)) ;
#75=DIRECTION('Axis2P3D Direction',(0.840394254579,0.541975550068,4.01215759109E-016)) ;
#82=DIRECTION('Axis2P3D Direction',(-6.02717811112E-016,1.94298112651E-016,1.)) ;
#94=DIRECTION('Axis2P3D Direction',(-4.81193935009E-016,-5.51679111934E-016,1.)) ;
#95=DIRECTION('Axis2P3D XDirection',(-0.989656173311,0.143459606254,-4.79637384907E-016)) ;
#99=DIRECTION('Axis2P3D Direction',(-0.840394221271,0.541975601715,-1.05395983648E-016)) ;
#108=DIRECTION('Axis2P3D Direction',(-4.81193935009E-016,-5.51679111934E-016,1.)) ;
#113=DIRECTION('Axis2P3D Direction',(-4.81193935009E-016,-5.51679111934E-016,1.)) ;
#125=DIRECTION('Axis2P3D Direction',(0.,0.,1.)) ;
#126=DIRECTION('Axis2P3D XDirection',(0.88567852474,-0.464298988599,0.)) ;
#158=DIRECTION('Axis2P3D Direction',(0.,0.,1.)) ;
#165=DIRECTION('Axis2P3D Direction',(0.,0.,1.)) ;
#189=DIRECTION('Vector Direction',(-0.00523593222988,-1.81914276862E-005,0.999986292247)) ;
#196=DIRECTION('Axis2P3D Direction',(0.,0.,1.)) ;
#213=DIRECTION('Axis2P3D Direction',(0.541968158084,-0.840382710618,0.00523596383142)) ;
#214=DIRECTION('Axis2P3D XDirection',(0.0789369531425,0.04470218096,-0.995876835982)) ;
#218=DIRECTION('Axis2P3D Direction',(0.00289186930912,-0.00436538129359,-0.999986290175)) ;
#281=DIRECTION('Axis2P3D Direction',(0.,0.,1.)) ;
#282=DIRECTION('Axis2P3D XDirection',(1.,0.,0.)) ;
#286=DIRECTION('Axis2P3D Direction',(0.,0.,1.)) ;
#295=DIRECTION('Axis2P3D Direction',(0.,0.,1.)) ;
#304=DIRECTION('Axis2P3D Direction',(0.,0.,1.)) ;
#313=DIRECTION('Axis2P3D Direction',(0.,0.,1.)) ;
#320=DIRECTION('Axis2P3D Direction',(0.,0.,1.)) ;
#327=DIRECTION('Axis2P3D Direction',(0.,0.,1.)) ;
#334=DIRECTION('Axis2P3D Direction',(0.,0.,1.)) ;
#361=DIRECTION('Axis2P3D Direction',(0.,0.,1.)) ;
#368=DIRECTION('Axis2P3D Direction',(0.,0.,1.)) ;
#373=DIRECTION('Axis2P3D Direction',(0.,0.,1.)) ;
#380=DIRECTION('Axis2P3D Direction',(0.,0.,1.)) ;
#407=DIRECTION('Axis2P3D Direction',(0.,0.,1.)) ;
#431=DIRECTION('Axis2P3D Direction',(0.541968158084,0.840382710618,0.00523596383142)) ;
#432=DIRECTION('Axis2P3D XDirection',(-0.00842451586863,-0.000797204658151,0.999964195358)) ;
#436=DIRECTION('Axis2P3D Direction',(-0.00289186930912,-0.00436538129359,0.999986290175)) ;
#472=DIRECTION('Axis2P3D Direction',(0.,0.,1.)) ;
#473=DIRECTION('Axis2P3D XDirection',(-0.999993964523,0.00347432264086,0.)) ;
#488=DIRECTION('Axis2P3D Direction',(0.,0.,1.)) ;
#512=DIRECTION('Axis2P3D Direction',(0.,0.,1.)) ;
#519=DIRECTION('Axis2P3D Direction',(0.,0.,1.)) ;
#553=DIRECTION('Axis2P3D Direction',(0.,0.,1.)) ;
#554=DIRECTION('Axis2P3D XDirection',(1.,0.,0.)) ;
#595=DIRECTION('Vector Direction',(0.,1.,0.)) ;
#617=DIRECTION('Vector Direction',(1.,0.,0.)) ;
#635=DIRECTION('Axis2P3D Direction',(-1.,0.,0.)) ;
#636=DIRECTION('Axis2P3D XDirection',(0.,-0.998629534755,0.0523359562429)) ;
#640=DIRECTION('Vector Direction',(-1.,0.,0.)) ;
#674=DIRECTION('Axis2P3D Direction',(0.,-0.998629534755,0.0523359562429)) ;
#675=DIRECTION('Axis2P3D XDirection',(-1.,0.,0.)) ;
#679=DIRECTION('Vector Direction',(-1.,0.,0.)) ;
#699=DIRECTION('Axis2P3D Direction',(-1.,0.,0.)) ;
#700=DIRECTION('Axis2P3D XDirection',(0.,0.998629534755,-0.0523359562429)) ;
#704=DIRECTION('Vector Direction',(-1.,0.,0.)) ;
#741=DIRECTION('Axis2P3D Direction',(0.,0.,1.)) ;
#742=DIRECTION('Axis2P3D XDirection',(1.,0.,0.)) ;
#746=DIRECTION('Vector Direction',(1.,0.,0.)) ;
#768=DIRECTION('Axis2P3D Direction',(-1.,0.,0.)) ;
#769=DIRECTION('Axis2P3D XDirection',(0.,0.,-1.)) ;
#773=DIRECTION('Vector Direction',(-1.,0.,0.)) ;
#867=DIRECTION('Axis2P3D Direction',(-0.,0.,1.)) ;
#868=DIRECTION('Axis2P3D XDirection',(1.,-1.76244138922E-016,0.)) ;
#872=DIRECTION('Axis2P3D Direction',(-0.,0.,1.)) ;
#911=DIRECTION('Axis2P3D Direction',(-7.70795023791E-017,9.10159974972E-017,1.)) ;
#912=DIRECTION('Axis2P3D XDirection',(-0.897895115824,0.440209451262,0.)) ;
#916=DIRECTION('Axis2P3D Direction',(2.77555756156E-016,1.,-9.10159974972E-017)) ;
#923=DIRECTION('Axis2P3D Direction',(-7.70795023791E-017,9.10159974972E-017,1.)) ;
#930=DIRECTION('Axis2P3D Direction',(1.,-1.27675647832E-015,7.70795023791E-017)) ;
#942=DIRECTION('Axis2P3D Direction',(-0.,0.,1.)) ;
#943=DIRECTION('Axis2P3D XDirection',(0.219001356641,0.975724554262,0.)) ;
#947=DIRECTION('Axis2P3D Direction',(-0.,0.,1.)) ;
#959=DIRECTION('Axis2P3D Direction',(-0.,0.,1.)) ;
#960=DIRECTION('Axis2P3D XDirection',(1.,2.20305173652E-017,0.)) ;
#998=DIRECTION('Axis2P3D Direction',(-0.,0.,1.)) ;
#1005=DIRECTION('Axis2P3D Direction',(0.826814160841,-0.562475193615,0.)) ;
#1019=DIRECTION('Axis2P3D Direction',(0.,0.,1.)) ;
#1020=DIRECTION('Axis2P3D XDirection',(0.979299290167,-0.20241763826,0.)) ;
#1024=DIRECTION('Axis2P3D Direction',(0.840394230534,-0.541975587351,0.)) ;
#1031=DIRECTION('Axis2P3D Direction',(0.,0.,1.)) ;
#1052=DIRECTION('Axis2P3D Direction',(0.,0.,1.)) ;
#1053=DIRECTION('Axis2P3D XDirection',(0.200325262541,-0.979729446933,0.)) ;
#1057=DIRECTION('Axis2P3D Direction',(0.,0.,1.)) ;
#1064=DIRECTION('Axis2P3D Direction',(-0.840394251583,-0.541975554713,0.)) ;
#1076=DIRECTION('Axis2P3D Direction',(-0.,0.,1.)) ;
#1117=DIRECTION('Axis2P3D Direction',(-0.826814160841,-0.562475193615,0.)) ;
#1131=DIRECTION('Axis2P3D Direction',(0.,0.,1.)) ;
#1132=DIRECTION('Axis2P3D XDirection',(0.642787609687,0.766044443119,0.)) ;
#1136=DIRECTION('Axis2P3D Direction',(0.,0.,1.)) ;
#1196=DIRECTION('Axis2P3D Direction',(-0.,0.,1.)) ;
#1209=DIRECTION('Axis2P3D Direction',(0.,0.,1.)) ;
#1210=DIRECTION('Axis2P3D XDirection',(0.642787609687,-0.766044443119,0.)) ;
#1222=DIRECTION('Axis2P3D Direction',(0.,0.,-1.)) ;
#1302=DIRECTION('Axis2P3D Direction',(-0.,-0.998629534755,-0.0523359562429)) ;
#1303=DIRECTION('Axis2P3D XDirection',(-1.,0.,0.)) ;
#1307=DIRECTION('Vector Direction',(-1.,0.,0.)) ;
#1327=DIRECTION('Axis2P3D Direction',(-1.,0.,0.)) ;
#1328=DIRECTION('Axis2P3D XDirection',(0.,-1.38777878078E-016,1.)) ;
#1332=DIRECTION('Vector Direction',(-1.,0.,0.)) ;
#1383=DIRECTION('Vector Direction',(0.,1.,0.)) ;
#1436=DIRECTION('Axis2P3D Direction',(1.,0.,0.)) ;
#1437=DIRECTION('Axis2P3D XDirection',(0.,-1.,0.)) ;
#1449=DIRECTION('Vector Direction',(0.,-1.,0.)) ;
#1522=DIRECTION('Axis2P3D Direction',(0.,1.,0.)) ;
#1523=DIRECTION('Axis2P3D XDirection',(1.83697019872E-016,0.,-1.)) ;
#1527=DIRECTION('Axis2P3D Direction',(0.,1.,0.)) ;
#1534=DIRECTION('Axis2P3D Direction',(0.,1.,0.)) ;
#1541=DIRECTION('Vector Direction',(0.,1.,0.)) ;
#1553=DIRECTION('Axis2P3D Direction',(-0.336737849546,0.940251656856,-0.0503432464499)) ;
#1554=DIRECTION('Axis2P3D XDirection',(0.24602842776,0.0362513560867,-0.968584457812)) ;
#1558=DIRECTION('Axis2P3D Direction',(1.11022302463E-016,-0.0534657284407,-0.998569685041)) ;
#1565=DIRECTION('Axis2P3D Direction',(0.941445433367,0.337165383741,-1.17961196366E-016)) ;
#1628=DIRECTION('Axis2P3D Direction',(0.,0.,1.)) ;
#1629=DIRECTION('Axis2P3D XDirection',(1.,0.,0.)) ;
#1633=DIRECTION('Axis2P3D Direction',(0.,0.,1.)) ;
#1690=DIRECTION('Axis2P3D Direction',(0.,0.,1.)) ;
#1691=DIRECTION('Axis2P3D XDirection',(-1.,6.32750428866E-013,0.)) ;
#1708=DIRECTION('Axis2P3D Direction',(-0.,0.,1.)) ;
#1737=DIRECTION('Axis2P3D Direction',(0.,-0.,1.)) ;
#1738=DIRECTION('Axis2P3D XDirection',(6.33477157665E-013,1.,0.)) ;
#1751=DIRECTION('Axis2P3D Direction',(0.,-0.,1.)) ;
#1921=DIRECTION('Axis2P3D Direction',(0.,0.,1.)) ;
#1922=DIRECTION('Axis2P3D XDirection',(-0.474951381602,-0.880012036914,0.)) ;
#1926=DIRECTION('Axis2P3D Direction',(0.,0.,1.)) ;
#1946=DIRECTION('Axis2P3D Direction',(-0.,0.,1.)) ;
#1947=DIRECTION('Axis2P3D XDirection',(0.20920285459,0.977872264476,0.)) ;
#1951=DIRECTION('Axis2P3D Direction',(-0.,0.,1.)) ;
#1958=DIRECTION('Axis2P3D Direction',(0.918860651784,0.394582187387,0.)) ;
#2148=DIRECTION('Axis2P3D Direction',(-0.,0.,-1.)) ;
#2149=DIRECTION('Axis2P3D XDirection',(-0.642787609687,-0.766044443119,0.)) ;
#2153=DIRECTION('Axis2P3D Direction',(-0.,0.,1.)) ;
#2177=DIRECTION('Axis2P3D Direction',(0.,0.,1.)) ;
#2178=DIRECTION('Axis2P3D XDirection',(-1.,1.01064309961E-015,0.)) ;
#2182=DIRECTION('Vector Direction',(-0.0436193873653,4.40836328502E-017,0.999048221582)) ;
#2189=DIRECTION('Axis2P3D Direction',(0.,0.,1.)) ;
#2196=DIRECTION('Vector Direction',(5.20963843179E-017,0.0436193873653,0.999048221582)) ;
#2208=DIRECTION('Axis2P3D Direction',(0.,0.,1.)) ;
#2209=DIRECTION('Axis2P3D XDirection',(9.49410759657E-016,1.,0.)) ;
#2213=DIRECTION('Axis2P3D Direction',(0.,0.,1.)) ;
#2234=DIRECTION('Axis2P3D Direction',(0.,0.,1.)) ;
#2290=DIRECTION('Axis2P3D Direction',(0.,0.,1.)) ;
#2358=DIRECTION('Axis2P3D Direction',(-0.541968158084,-0.840382710618,0.00523596383142)) ;
#2359=DIRECTION('Axis2P3D XDirection',(0.00842451586869,0.000797204658114,0.999964195358)) ;
#2363=DIRECTION('Axis2P3D Direction',(0.00289186930912,0.00436538129359,0.999986290175)) ;
#2374=DIRECTION('Axis2P3D Direction',(0.,0.,1.)) ;
#2375=DIRECTION('Axis2P3D XDirection',(0.999993964523,-0.00347432264086,0.)) ;
#2390=DIRECTION('Axis2P3D Direction',(0.,0.,1.)) ;
#2397=DIRECTION('Vector Direction',(0.00523593222988,-1.81914276862E-005,0.999986292247)) ;
#2419=DIRECTION('Axis2P3D Direction',(0.,0.,1.)) ;
#2426=DIRECTION('Axis2P3D Direction',(0.,0.,1.)) ;
#2460=DIRECTION('Axis2P3D Direction',(0.,0.,1.)) ;
#2461=DIRECTION('Axis2P3D XDirection',(-0.88567852474,0.464298988599,0.)) ;
#2493=DIRECTION('Axis2P3D Direction',(0.,0.,1.)) ;
#2500=DIRECTION('Axis2P3D Direction',(0.,0.,1.)) ;
#2524=DIRECTION('Axis2P3D Direction',(0.,0.,1.)) ;
#2541=DIRECTION('Axis2P3D Direction',(-0.541968158084,0.840382710618,0.00523596383142)) ;
#2542=DIRECTION('Axis2P3D XDirection',(-0.0789369531427,-0.04470218096,-0.995876835982)) ;
#2546=DIRECTION('Axis2P3D Direction',(-0.00289186930912,0.00436538129359,-0.999986290175)) ;
#2557=DIRECTION('Axis2P3D Direction',(0.,0.,1.)) ;
#2558=DIRECTION('Axis2P3D XDirection',(1.,0.,0.)) ;
#2571=DIRECTION('Axis2P3D Direction',(0.,0.,1.)) ;
#2633=DIRECTION('Axis2P3D Direction',(0.,0.,1.)) ;
#2701=DIRECTION('Axis2P3D Direction',(-0.,-0.,-1.)) ;
#2702=DIRECTION('Axis2P3D XDirection',(-0.642787609687,0.766044443119,0.)) ;
#2706=DIRECTION('Axis2P3D Direction',(0.,0.,-1.)) ;
#2769=DIRECTION('Axis2P3D Direction',(0.,0.,1.)) ;
#2831=DIRECTION('Axis2P3D Direction',(0.,0.,1.)) ;
#2832=DIRECTION('Axis2P3D XDirection',(-0.474951381602,0.880012036914,0.)) ;
#2836=DIRECTION('Axis2P3D Direction',(0.,0.,1.)) ;
#2866=DIRECTION('Axis2P3D Direction',(0.,-0.,1.)) ;
#2867=DIRECTION('Axis2P3D XDirection',(-0.888161087076,-0.459532244139,0.)) ;
#2871=DIRECTION('Axis2P3D Direction',(0.,-0.,1.)) ;
#2880=DIRECTION('Axis2P3D Direction',(-0.782310933079,0.622888115142,0.)) ;
#2885=DIRECTION('Axis2P3D Direction',(-0.918860651784,0.394582187387,0.)) ;
#3024=DIRECTION('Axis2P3D Direction',(1.,0.,0.)) ;
#3025=DIRECTION('Axis2P3D XDirection',(0.,-1.,0.)) ;
#3029=DIRECTION('Vector Direction',(0.,-1.,0.)) ;
#3058=DIRECTION('Axis2P3D Direction',(0.,1.,0.)) ;
#3059=DIRECTION('Axis2P3D XDirection',(1.83697019872E-016,0.,-1.)) ;
#3063=DIRECTION('Axis2P3D Direction',(0.,1.,0.)) ;
#3070=DIRECTION('Vector Direction',(0.,1.,0.)) ;
#3077=DIRECTION('Axis2P3D Direction',(0.,1.,0.)) ;
#3089=DIRECTION('Axis2P3D Direction',(-0.336737849546,-0.940251656856,-0.0503432464499)) ;
#3090=DIRECTION('Axis2P3D XDirection',(-0.906084300711,0.309028331832,0.288985691913)) ;
#3094=DIRECTION('Axis2P3D Direction',(7.6327832943E-017,-0.0534657284407,0.998569685041)) ;
#3101=DIRECTION('Axis2P3D Direction',(-0.941445433367,0.337165383741,3.47291639891E-015)) ;
#3345=DIRECTION('Axis2P3D Direction',(0.,0.,1.)) ;
#3346=DIRECTION('Axis2P3D XDirection',(1.,0.,0.)) ;
#3367=DIRECTION('Vector Direction',(0.,1.,0.)) ;
#3390=DIRECTION('Axis2P3D Direction',(-0.,1.,0.)) ;
#3391=DIRECTION('Axis2P3D XDirection',(1.,0.,0.)) ;
#3395=DIRECTION('Axis2P3D Direction',(-0.,1.,0.)) ;
#3402=DIRECTION('Axis2P3D Direction',(-0.,1.,0.)) ;
#3409=DIRECTION('Vector Direction',(0.,1.,0.)) ;
#3421=DIRECTION('Axis2P3D Direction',(0.336737849546,0.940251656856,-0.0503432464499)) ;
#3422=DIRECTION('Axis2P3D XDirection',(0.906084300711,-0.309028331832,0.288985691913)) ;
#3426=DIRECTION('Axis2P3D Direction',(0.941445433367,-0.337165383741,3.33066907388E-016)) ;
#3433=DIRECTION('Axis2P3D Direction',(9.36750677027E-017,0.0534657284407,0.998569685041)) ;
#3508=DIRECTION('Axis2P3D Direction',(-0.,0.,1.)) ;
#3509=DIRECTION('Axis2P3D XDirection',(0.450287392641,0.89288367889,0.)) ;
#3513=DIRECTION('Axis2P3D Direction',(-0.,0.,1.)) ;
#3525=DIRECTION('Axis2P3D Direction',(0.,0.,1.)) ;
#3526=DIRECTION('Axis2P3D XDirection',(0.642787609687,-0.766044443119,0.)) ;
#3530=DIRECTION('Axis2P3D Direction',(0.,0.,-1.)) ;
#3542=DIRECTION('Axis2P3D Direction',(0.,0.,1.)) ;
#3543=DIRECTION('Axis2P3D XDirection',(0.642787609687,-0.766044443119,0.)) ;
#3570=DIRECTION('Axis2P3D Direction',(0.,0.,1.)) ;
#3571=DIRECTION('Axis2P3D XDirection',(0.479425538604,-0.87758256189,0.)) ;
#3575=DIRECTION('Vector Direction',(0.,0.,1.)) ;
#3630=DIRECTION('Axis2P3D Direction',(0.,0.,1.)) ;
#3631=DIRECTION('Axis2P3D XDirection',(1.,0.,0.)) ;
#3906=DIRECTION('Axis2P3D Direction',(0.,-0.,1.)) ;
#3907=DIRECTION('Axis2P3D XDirection',(-0.925344344505,0.379127741128,0.)) ;
#3911=DIRECTION('Axis2P3D Direction',(0.,-0.,1.)) ;
#3999=DIRECTION('Axis2P3D Direction',(0.,0.,1.)) ;
#4000=DIRECTION('Axis2P3D XDirection',(0.956533240114,0.291623319638,0.)) ;
#4004=DIRECTION('Axis2P3D Direction',(0.,0.,1.)) ;
#4016=DIRECTION('Axis2P3D Direction',(0.,0.,1.)) ;
#4017=DIRECTION('Axis2P3D XDirection',(-0.209202854601,-0.977872264474,0.)) ;
#4021=DIRECTION('Axis2P3D Direction',(-0.918860651784,-0.394582187387,0.)) ;
#4028=DIRECTION('Axis2P3D Direction',(0.,0.,1.)) ;
#4107=DIRECTION('Axis2P3D Direction',(0.,-0.,1.)) ;
#4108=DIRECTION('Axis2P3D XDirection',(-0.981750597718,0.190172984098,0.)) ;
#4112=DIRECTION('Axis2P3D Direction',(1.,-2.22044604925E-015,-0.)) ;
#4119=DIRECTION('Axis2P3D Direction',(7.77156117238E-016,1.,0.)) ;
#4126=DIRECTION('Axis2P3D Direction',(0.,-0.,1.)) ;
#4138=DIRECTION('Axis2P3D Direction',(-0.,0.,1.)) ;
#4139=DIRECTION('Axis2P3D XDirection',(0.464960766411,0.885331285846,0.)) ;
#4143=DIRECTION('Axis2P3D Direction',(-0.,0.,1.)) ;
#4198=DIRECTION('Vector Direction',(0.,1.,0.)) ;
#4240=DIRECTION('Vector Direction',(1.,0.,0.)) ;
#4258=DIRECTION('Axis2P3D Direction',(1.,0.,0.)) ;
#4259=DIRECTION('Axis2P3D XDirection',(0.,1.38777878078E-016,1.)) ;
#4285=DIRECTION('Vector Direction',(1.,0.,0.)) ;
#4297=DIRECTION('Axis2P3D Direction',(1.,0.,0.)) ;
#4298=DIRECTION('Axis2P3D XDirection',(0.,-1.,0.)) ;
#4401=DIRECTION('Vector Direction',(1.,0.,0.)) ;
#4406=DIRECTION('Vector Direction',(1.,0.,0.)) ;
#4419=DIRECTION('Axis2P3D Direction',(-1.,0.,0.)) ;
#4420=DIRECTION('Axis2P3D XDirection',(0.,0.998629534755,-0.0523359562429)) ;
#4424=DIRECTION('Vector Direction',(-1.,0.,0.)) ;
#4461=DIRECTION('Axis2P3D Direction',(-1.,0.,0.)) ;
#4462=DIRECTION('Axis2P3D XDirection',(0.,0.,-1.)) ;
#4491=DIRECTION('Vector Direction',(-1.,0.,0.)) ;
#4553=DIRECTION('Vector Direction',(0.,1.,0.)) ;
#4558=DIRECTION('Vector Direction',(1.,0.,0.)) ;
#4576=DIRECTION('Axis2P3D Direction',(-1.,0.,0.)) ;
#4577=DIRECTION('Axis2P3D XDirection',(0.,-1.38777878078E-016,1.)) ;
#4603=DIRECTION('Vector Direction',(-1.,0.,0.)) ;
#4671=DIRECTION('Axis2P3D Direction',(1.,0.,0.)) ;
#4672=DIRECTION('Axis2P3D XDirection',(0.,-1.,0.)) ;
#4692=DIRECTION('Vector Direction',(0.,-1.,0.)) ;
#4705=DIRECTION('Axis2P3D Direction',(-0.,1.,0.)) ;
#4706=DIRECTION('Axis2P3D XDirection',(1.,0.,0.)) ;
#4710=DIRECTION('Axis2P3D Direction',(-0.,1.,0.)) ;
#4717=DIRECTION('Axis2P3D Direction',(-0.,1.,0.)) ;
#4724=DIRECTION('Vector Direction',(0.,1.,0.)) ;
#4736=DIRECTION('Axis2P3D Direction',(0.336737849546,-0.940251656856,-0.0503432464499)) ;
#4737=DIRECTION('Axis2P3D XDirection',(-0.24602842776,-0.0362513560867,-0.968584457812)) ;
#4741=DIRECTION('Axis2P3D Direction',(-0.941445433367,-0.337165383741,-1.86899107302E-014)) ;
#4748=DIRECTION('Axis2P3D Direction',(1.1483869411E-015,0.0534657284407,-0.998569685041)) ;
#4814=DIRECTION('Axis2P3D Direction',(0.,0.,1.)) ;
#4815=DIRECTION('Axis2P3D XDirection',(0.642787609687,0.766044443119,0.)) ;
#4819=DIRECTION('Axis2P3D Direction',(0.,0.,1.)) ;
#4831=DIRECTION('Axis2P3D Direction',(0.,0.,1.)) ;
#4832=DIRECTION('Axis2P3D XDirection',(0.642787609687,0.766044443119,0.)) ;
#4859=DIRECTION('Axis2P3D Direction',(0.,0.,-1.)) ;
#4860=DIRECTION('Axis2P3D XDirection',(0.479425538604,0.87758256189,0.)) ;
#4864=DIRECTION('Vector Direction',(0.,0.,-1.)) ;
#5009=DIRECTION('Axis2P3D Direction',(9.43551598354E-029,-2.62346168063E-016,1.)) ;
#5010=DIRECTION('Axis2P3D XDirection',(-0.481989859853,-0.876176794373,-2.257984028E-016)) ;
#5014=DIRECTION('Axis2P3D Direction',(9.43551598354E-029,-2.62346168063E-016,1.)) ;
#5279=DIRECTION('Axis2P3D Direction',(0.,0.,1.)) ;
#5280=DIRECTION('Axis2P3D XDirection',(-1.83697019872E-016,-1.,0.)) ;
#5284=DIRECTION('Axis2P3D Direction',(0.,0.,1.)) ;
#5319=DIRECTION('Axis2P3D Direction',(0.,0.,1.)) ;
#5326=DIRECTION('Axis2P3D Direction',(1.,-1.19434011949E-015,0.)) ;
#5331=DIRECTION('Axis2P3D Direction',(-1.,4.28626379702E-016,0.)) ;
#5338=DIRECTION('Axis2P3D Direction',(0.,0.,1.)) ;
#5384=DIRECTION('Axis2P3D Direction',(0.,0.,1.)) ;
#5419=DIRECTION('Axis2P3D Direction',(0.,0.,1.)) ;
#5424=DIRECTION('Axis2P3D Direction',(0.,0.,1.)) ;
#5470=DIRECTION('Axis2P3D Direction',(0.,0.,1.)) ;
#5471=DIRECTION('Axis2P3D XDirection',(1.,0.,0.)) ;
#5479=DIRECTION('Axis2P3D Direction',(0.,0.,1.)) ;
#5488=DIRECTION('Axis2P3D Direction',(0.,0.,1.)) ;
#5543=DIRECTION('Axis2P3D Direction',(0.,0.,1.)) ;
#5544=DIRECTION('Axis2P3D XDirection',(-1.83697019872E-016,-1.,0.)) ;
#5556=DIRECTION('Axis2P3D Direction',(0.,0.,1.)) ;
#5650=DIRECTION('Axis2P3D Direction',(0.,0.,1.)) ;
#5651=DIRECTION('Axis2P3D XDirection',(0.71647891323,-0.697608749154,0.)) ;
#5655=DIRECTION('Axis2P3D Direction',(0.,0.,1.)) ;
#5747=DIRECTION('Axis2P3D Direction',(0.,0.,1.)) ;
#5754=DIRECTION('Vector Direction',(1.11527603235E-015,0.933801028828,0.357792731283)) ;
#5774=DIRECTION('Vector Direction',(-4.00251754348E-016,-0.933801028828,0.357792731283)) ;
#5781=DIRECTION('Axis2P3D Direction',(0.,0.,1.)) ;
#5867=DIRECTION('Axis2P3D Direction',(0.,0.,1.)) ;
#5868=DIRECTION('Axis2P3D XDirection',(0.697608749154,0.71647891323,0.)) ;
#5872=DIRECTION('Axis2P3D Direction',(0.,0.,1.)) ;
#5964=DIRECTION('Axis2P3D Direction',(0.,0.,1.)) ;
#6058=DIRECTION('Axis2P3D Direction',(0.,0.,1.)) ;
#6059=DIRECTION('Axis2P3D XDirection',(-0.71647891323,0.697608749154,0.)) ;
#6063=DIRECTION('Axis2P3D Direction',(0.,0.,1.)) ;
#6155=DIRECTION('Axis2P3D Direction',(0.,0.,1.)) ;
#6175=DIRECTION('Axis2P3D Direction',(0.,0.,1.)) ;
#6261=DIRECTION('Axis2P3D Direction',(0.,0.,1.)) ;
#6262=DIRECTION('Axis2P3D XDirection',(-0.697608749154,-0.71647891323,0.)) ;
#6266=DIRECTION('Axis2P3D Direction',(0.,0.,1.)) ;
#6350=DIRECTION('Axis2P3D Direction',(0.,0.,-1.)) ;
#6351=DIRECTION('Axis2P3D XDirection',(1.,0.,0.)) ;
#6355=DIRECTION('Vector Direction',(0.,0.,-1.)) ;
#6362=DIRECTION('Axis2P3D Direction',(0.,0.,-1.)) ;
#6369=DIRECTION('Vector Direction',(0.,0.,-1.)) ;
#6381=DIRECTION('Axis2P3D Direction',(0.,0.,-1.)) ;
#6393=DIRECTION('Axis2P3D Direction',(0.,0.,1.)) ;
#6394=DIRECTION('Axis2P3D XDirection',(-1.07187543957E-015,-1.,0.)) ;
#6413=DIRECTION('Axis2P3D Direction',(0.,0.,-1.)) ;
#6414=DIRECTION('Axis2P3D XDirection',(1.,0.,0.)) ;
#6422=DIRECTION('Vector Direction',(-1.,0.,0.)) ;
#6427=DIRECTION('Vector Direction',(0.,-1.,0.)) ;
#6432=DIRECTION('Vector Direction',(-1.,0.,0.)) ;
#6437=DIRECTION('Vector Direction',(0.,1.,0.)) ;
#6460=DIRECTION('Vector Direction',(0.,-1.,0.)) ;
#6469=DIRECTION('Axis2P3D Direction',(0.,0.,-1.)) ;
#6478=DIRECTION('Vector Direction',(0.,-1.,0.)) ;
#6487=DIRECTION('Axis2P3D Direction',(0.,0.,-1.)) ;
#6497=DIRECTION('Axis2P3D Direction',(-0.996194698092,0.,-0.0871557427477)) ;
#6498=DIRECTION('Axis2P3D XDirection',(0.,1.,0.)) ;
#6509=DIRECTION('Axis2P3D Direction',(0.,-0.996194698092,0.0871557427477)) ;
#6510=DIRECTION('Axis2P3D XDirection',(-1.,0.,0.)) ;
#6538=DIRECTION('Axis2P3D Direction',(1.,-1.19434011949E-015,0.)) ;
#6550=DIRECTION('Axis2P3D Direction',(-1.,2.2049832191E-015,0.)) ;
#6571=DIRECTION('Axis2P3D Direction',(-0.,-0.996194698092,-0.0871557427477)) ;
#6572=DIRECTION('Axis2P3D XDirection',(-1.,0.,0.)) ;
#6606=DIRECTION('Axis2P3D Direction',(0.996194698092,0.,-0.0871557427477)) ;
#6607=DIRECTION('Axis2P3D XDirection',(0.,-1.,0.)) ;
#6632=DIRECTION('Axis2P3D Direction',(-0.999961923064,1.22460016835E-016,-0.00872653549837)) ;
#6633=DIRECTION('Axis2P3D XDirection',(-1.22464679915E-016,-1.,0.)) ;
#6649=DIRECTION('Vector Direction',(-1.44184808411E-016,-1.,0.)) ;
#6675=DIRECTION('Axis2P3D Direction',(0.,0.,1.)) ;
#6676=DIRECTION('Axis2P3D XDirection',(-1.,1.22464679915E-016,0.)) ;
#6680=DIRECTION('Axis2P3D Direction',(0.,0.,1.)) ;
#6694=DIRECTION('Axis2P3D Direction',(-0.999961923064,1.22460016835E-016,0.00872653549837)) ;
#6695=DIRECTION('Axis2P3D XDirection',(-1.22464679915E-016,-1.,0.)) ;
#6711=DIRECTION('Vector Direction',(-1.44184808411E-016,-1.,0.)) ;
#6737=DIRECTION('Axis2P3D Direction',(0.,0.,1.)) ;
#6738=DIRECTION('Axis2P3D XDirection',(1.,-1.22464679915E-016,0.)) ;
#6742=DIRECTION('Axis2P3D Direction',(0.,-0.,-1.)) ;
#6756=DIRECTION('Axis2P3D Direction',(-0.861629160442,1.05519139339E-016,-0.507538362961)) ;
#6757=DIRECTION('Axis2P3D XDirection',(1.22464679915E-016,1.,0.)) ;
#6769=DIRECTION('Vector Direction',(0.,1.,0.)) ;
#6789=DIRECTION('Axis2P3D Direction',(1.46555019617E-013,5.59851277588E-013,1.)) ;
#6790=DIRECTION('Axis2P3D XDirection',(-0.904360053534,-0.426770305402,3.71399883947E-013)) ;
#6794=DIRECTION('Axis2P3D Direction',(-1.89384359292E-013,4.0132044601E-013,1.)) ;
#6806=DIRECTION('Axis2P3D Direction',(-0.861629160442,1.05519139339E-016,0.507538362961)) ;
#6807=DIRECTION('Axis2P3D XDirection',(1.22464679915E-016,1.,0.)) ;
#6819=DIRECTION('Vector Direction',(0.,1.,0.)) ;
#6839=DIRECTION('Axis2P3D Direction',(-1.46555019617E-013,5.59851277588E-013,1.)) ;
#6840=DIRECTION('Axis2P3D XDirection',(0.904360053534,-0.426770305402,3.71399883947E-013)) ;
#6844=DIRECTION('Axis2P3D Direction',(-1.89384359292E-013,-4.0132044601E-013,-1.)) ;
#6856=DIRECTION('Axis2P3D Direction',(0.,0.,1.)) ;
#6857=DIRECTION('Axis2P3D XDirection',(-1.,1.22464679915E-016,0.)) ;
#6871=DIRECTION('Axis2P3D Direction',(0.,0.,1.)) ;
#6872=DIRECTION('Axis2P3D XDirection',(-0.5,-0.866025403784,0.)) ;
#6886=DIRECTION('Axis2P3D Direction',(0.,0.,1.)) ;
#6887=DIRECTION('Axis2P3D XDirection',(-0.5,0.866025403784,0.)) ;
#6905=DIRECTION('Axis2P3D Direction',(0.,0.,-1.)) ;
#6906=DIRECTION('Axis2P3D XDirection',(1.,0.,0.)) ;
#6910=DIRECTION('Vector Direction',(0.,0.,-1.)) ;
#6919=DIRECTION('Axis2P3D Direction',(0.,0.,-1.)) ;
#6926=DIRECTION('Vector Direction',(0.,0.,-1.)) ;
#6933=DIRECTION('Axis2P3D Direction',(0.,0.,-1.)) ;
#6945=DIRECTION('Axis2P3D Direction',(0.,0.,-1.)) ;
#6950=DIRECTION('Axis2P3D Direction',(0.,0.,-1.)) ;
#6962=DIRECTION('Axis2P3D Direction',(-0.,1.,0.)) ;
#6963=DIRECTION('Axis2P3D XDirection',(1.,0.,0.)) ;
#6967=DIRECTION('Vector Direction',(1.,0.,0.)) ;
#6976=DIRECTION('Vector Direction',(0.,0.,1.)) ;
#6983=DIRECTION('Vector Direction',(1.,0.,0.)) ;
#6990=DIRECTION('Vector Direction',(0.,0.,1.)) ;
#7002=DIRECTION('Axis2P3D Direction',(0.,0.,1.)) ;
#7003=DIRECTION('Axis2P3D XDirection',(1.27675647832E-015,-1.,0.)) ;
#7007=DIRECTION('Vector Direction',(0.,0.,1.)) ;
#7016=DIRECTION('Axis2P3D Direction',(0.,0.,1.)) ;
#7021=DIRECTION('Axis2P3D Direction',(0.,0.,1.)) ;
#7033=DIRECTION('Axis2P3D Direction',(0.,0.,1.)) ;
#7034=DIRECTION('Axis2P3D XDirection',(-0.748102944503,-0.663582688462,0.)) ;
#7038=DIRECTION('Axis2P3D Direction',(0.,0.,1.)) ;
#7045=DIRECTION('Vector Direction',(0.,0.,1.)) ;
#7052=DIRECTION('Axis2P3D Direction',(0.,0.,1.)) ;
#7064=DIRECTION('Axis2P3D Direction',(0.,0.,-1.)) ;
#7065=DIRECTION('Axis2P3D XDirection',(0.68525580674,0.728302464179,0.)) ;
#7069=DIRECTION('Axis2P3D Direction',(0.,0.,-1.)) ;
#7076=DIRECTION('Vector Direction',(0.,0.,-1.)) ;
#7083=DIRECTION('Axis2P3D Direction',(0.,0.,-1.)) ;
#7095=DIRECTION('Axis2P3D Direction',(0.,0.,-1.)) ;
#7096=DIRECTION('Axis2P3D XDirection',(0.,1.,0.)) ;
#7100=DIRECTION('Vector Direction',(0.,0.,-1.)) ;
#7109=DIRECTION('Axis2P3D Direction',(0.,0.,-1.)) ;
#7114=DIRECTION('Axis2P3D Direction',(0.,0.,-1.)) ;
#7126=DIRECTION('Axis2P3D Direction',(-0.,1.,0.)) ;
#7127=DIRECTION('Axis2P3D XDirection',(1.,0.,0.)) ;
#7131=DIRECTION('Vector Direction',(0.,0.,-1.)) ;
#7140=DIRECTION('Vector Direction',(1.,0.,0.)) ;
#7145=DIRECTION('Vector Direction',(1.,0.,0.)) ;
#7157=DIRECTION('Axis2P3D Direction',(0.,0.,-1.)) ;
#7158=DIRECTION('Axis2P3D XDirection',(-0.748102944503,0.663582688462,0.)) ;
#7162=DIRECTION('Vector Direction',(0.,0.,-1.)) ;
#7171=DIRECTION('Axis2P3D Direction',(0.,0.,-1.)) ;
#7176=DIRECTION('Axis2P3D Direction',(0.,0.,-1.)) ;
#7188=DIRECTION('Axis2P3D Direction',(0.,0.,-1.)) ;
#7189=DIRECTION('Axis2P3D XDirection',(-0.68525580674,-0.728302464179,0.)) ;
#7193=DIRECTION('Axis2P3D Direction',(0.,0.,-1.)) ;
#7198=DIRECTION('Axis2P3D Direction',(0.,0.,-1.)) ;
#7210=DIRECTION('Axis2P3D Direction',(0.,0.,-1.)) ;
#7211=DIRECTION('Axis2P3D XDirection',(1.,0.,0.)) ;
#7230=DIRECTION('Axis2P3D Direction',(0.,0.,-1.)) ;
#7231=DIRECTION('Axis2P3D XDirection',(1.,0.,0.)) ;
#7252=DIRECTION('Axis2P3D Direction',(0.,0.,1.)) ;
#7253=DIRECTION('Axis2P3D XDirection',(1.,-2.44929359829E-016,0.)) ;
#7257=DIRECTION('Axis2P3D Direction',(0.,0.,1.)) ;
#7266=DIRECTION('Vector Direction',(-0.984807752999,3.61812498746E-016,0.173648177742)) ;
#7273=DIRECTION('Axis2P3D Direction',(0.,0.,1.)) ;
#7280=DIRECTION('Vector Direction',(-0.472141987403,0.864250110846,0.173648177742)) ;
#7292=DIRECTION('Axis2P3D Direction',(0.,0.,1.)) ;
#7299=DIRECTION('Axis2P3D Direction',(0.,0.,1.)) ;
#7306=DIRECTION('Vector Direction',(0.472141987403,-0.864250110846,0.173648177742)) ;
#7318=DIRECTION('Axis2P3D Direction',(0.,0.,1.)) ;
#7325=DIRECTION('Vector Direction',(0.984807752999,-2.41208332497E-016,0.173648177742)) ;
#7332=DIRECTION('Axis2P3D Direction',(0.,0.,1.)) ;
#7344=DIRECTION('Axis2P3D Direction',(0.,0.,1.)) ;
#7349=DIRECTION('Axis2P3D Direction',(0.,0.,1.)) ;
#7361=DIRECTION('Axis2P3D Direction',(-0.,-0.,-1.)) ;
#7362=DIRECTION('Axis2P3D XDirection',(-0.479425538604,0.87758256189,0.)) ;
#7366=DIRECTION('Vector Direction',(-0.413756768255,0.757376684066,-0.505159277017)) ;
#7373=DIRECTION('Axis2P3D Direction',(0.,0.,-1.)) ;
#7380=DIRECTION('Vector Direction',(-0.863026132191,-1.05690219037E-016,-0.505159277017)) ;
#7392=DIRECTION('Vector Direction',(0.413756768255,-0.757376684066,-0.505159277017)) ;
#7399=DIRECTION('Axis2P3D Direction',(0.,0.,-1.)) ;
#7411=DIRECTION('Axis2P3D Direction',(0.,0.,-1.)) ;
#7418=DIRECTION('Vector Direction',(0.863026132191,2.11380438074E-016,-0.505159277017)) ;
#7430=DIRECTION('Axis2P3D Direction',(0.,0.,-1.)) ;
#7442=DIRECTION('Axis2P3D Direction',(-0.,-0.,-1.)) ;
#7443=DIRECTION('Axis2P3D XDirection',(-0.47942553861,0.877582561887,0.)) ;
#7447=DIRECTION('Vector Direction',(-0.117229942371,0.214587970128,-0.969643823106)) ;
#7454=DIRECTION('Axis2P3D Direction',(0.,0.,-1.)) ;
#7461=DIRECTION('Vector Direction',(-0.244521688838,7.86441732315E-017,-0.969643823106)) ;
#7473=DIRECTION('Vector Direction',(0.117229942371,-0.214587970128,-0.969643823106)) ;
#7480=DIRECTION('Axis2P3D Direction',(0.,0.,-1.)) ;
#7492=DIRECTION('Axis2P3D Direction',(0.,0.,1.)) ;
#7493=DIRECTION('Axis2P3D XDirection',(-1.,1.01064309961E-015,0.)) ;
#7529=DIRECTION('Axis2P3D Direction',(0.,0.,1.)) ;
#7563=DIRECTION('Axis2P3D Direction',(0.,0.,1.)) ;
#7577=DIRECTION('Axis2P3D Direction',(0.,0.,1.)) ;
#7586=DIRECTION('Vector Direction',(-0.241550131001,5.17823305692E-016,0.970388341961)) ;
#7593=DIRECTION('Axis2P3D Direction',(0.,0.,1.)) ;
#7636=DIRECTION('Axis2P3D Direction',(0.,0.,1.)) ;
#7672=DIRECTION('Axis2P3D Direction',(0.,0.,1.)) ;
#7716=DIRECTION('Axis2P3D Direction',(0.,0.,1.)) ;
#7723=DIRECTION('Axis2P3D Direction',(0.,0.,1.)) ;
#7766=DIRECTION('Axis2P3D Direction',(0.,0.,-1.)) ;
#7773=DIRECTION('Vector Direction',(0.244521688838,5.98905407115E-017,-0.969643823106)) ;
#7785=DIRECTION('Axis2P3D Direction',(0.,0.,-1.)) ;
#7797=DIRECTION('Axis2P3D Direction',(-0.,-0.,-1.)) ;
#7798=DIRECTION('Axis2P3D XDirection',(-1.,-1.22464679915E-016,0.)) ;
#7802=DIRECTION('Vector Direction',(0.0939307327816,-0.171939053048,-0.980619181679)) ;
#7811=DIRECTION('Axis2P3D Direction',(0.,0.,-1.)) ;
#7818=DIRECTION('Vector Direction',(-0.195923506818,-4.20011189987E-016,-0.980619181679)) ;
#7825=DIRECTION('Axis2P3D Direction',(0.,0.,-1.)) ;
#7837=DIRECTION('Axis2P3D Direction',(0.,0.,-1.)) ;
#7844=DIRECTION('Vector Direction',(0.195923506818,4.79874191006E-017,-0.980619181679)) ;
#7851=DIRECTION('Axis2P3D Direction',(0.,0.,-1.)) ;
#7871=DIRECTION('Axis2P3D Direction',(0.,0.,-1.)) ;
#7876=DIRECTION('Axis2P3D Direction',(0.,0.,-1.)) ;
#7888=DIRECTION('Axis2P3D Direction',(0.,0.,-1.)) ;
#7893=DIRECTION('Axis2P3D Direction',(0.,0.,-1.)) ;
#7905=DIRECTION('Axis2P3D Direction',(0.,0.,1.)) ;
#7906=DIRECTION('Axis2P3D XDirection',(1.,0.,0.)) ;
#7917=DIRECTION('Axis2P3D Direction',(0.,-0.990268068742,-0.13917310096)) ;
#7918=DIRECTION('Axis2P3D XDirection',(1.,0.,0.)) ;
#7922=DIRECTION('Vector Direction',(1.,0.,0.)) ;
#7929=DIRECTION('Vector Direction',(0.,-0.13917310096,0.990268068742)) ;
#7936=DIRECTION('Vector Direction',(1.,0.,0.)) ;
#7943=DIRECTION('Vector Direction',(1.,0.,0.)) ;
#7956=DIRECTION('Axis2P3D Direction',(1.,0.,0.)) ;
#7957=DIRECTION('Axis2P3D XDirection',(0.,-0.990268068742,-0.139173100959)) ;
#7961=DIRECTION('Vector Direction',(1.,0.,0.)) ;
#7970=DIRECTION('Axis2P3D Direction',(1.,0.,0.)) ;
#7989=DIRECTION('Axis2P3D Direction',(1.,0.,0.)) ;
#7990=DIRECTION('Axis2P3D XDirection',(0.,1.,0.)) ;
#7994=DIRECTION('Vector Direction',(0.,0.,1.)) ;
#8003=DIRECTION('Vector Direction',(0.,1.,0.)) ;
#8008=DIRECTION('Vector Direction',(0.,-1.,0.)) ;
#8015=DIRECTION('Axis2P3D Direction',(1.,0.,0.)) ;
#8022=DIRECTION('Vector Direction',(0.,0.139173099524,0.990268068943)) ;
#8029=DIRECTION('Vector Direction',(0.,1.,0.)) ;
#8036=DIRECTION('Vector Direction',(0.,0.,1.)) ;
#8043=DIRECTION('Vector Direction',(0.,1.,0.)) ;
#8061=DIRECTION('Axis2P3D Direction',(0.,0.,1.)) ;
#8062=DIRECTION('Axis2P3D XDirection',(1.,0.,0.)) ;
#8066=DIRECTION('Axis2P3D Direction',(0.,0.,1.)) ;
#8077=DIRECTION('Axis2P3D Direction',(0.,0.,1.)) ;
#8084=DIRECTION('Vector Direction',(0.,-1.,0.)) ;
#8096=DIRECTION('Axis2P3D Direction',(-0.,-0.,-1.)) ;
#8097=DIRECTION('Axis2P3D XDirection',(0.,-1.,0.)) ;
#8101=DIRECTION('Vector Direction',(1.,0.,0.)) ;
#8108=DIRECTION('Axis2P3D Direction',(-0.,-0.,-1.)) ;
#8115=DIRECTION('Axis2P3D Direction',(-0.,-0.,-1.)) ;
#8128=DIRECTION('Axis2P3D Direction',(-0.,0.,1.)) ;
#8129=DIRECTION('Axis2P3D XDirection',(0.356364196826,0.934347129936,0.)) ;
#8133=DIRECTION('Axis2P3D Direction',(-0.,0.,1.)) ;
#8142=DIRECTION('Axis2P3D Direction',(-0.,0.,1.)) ;
#8149=DIRECTION('Axis2P3D Direction',(-0.,0.,1.)) ;
#8156=DIRECTION('Axis2P3D Direction',(-0.,0.,1.)) ;
#8161=DIRECTION('Axis2P3D Direction',(-0.,0.,1.)) ;
#8185=DIRECTION('Axis2P3D Direction',(-0.,0.,1.)) ;
#8246=DIRECTION('Axis2P3D Direction',(-0.,0.,1.)) ;
#8270=DIRECTION('Axis2P3D Direction',(-0.,0.,1.)) ;
#8275=DIRECTION('Axis2P3D Direction',(-0.,0.,1.)) ;
#8282=DIRECTION('Axis2P3D Direction',(-0.,0.,1.)) ;
#8289=DIRECTION('Axis2P3D Direction',(-0.,0.,1.)) ;
#8296=DIRECTION('Axis2P3D Direction',(-0.,0.,1.)) ;
#8303=DIRECTION('Axis2P3D Direction',(-0.,0.,1.)) ;
#8310=DIRECTION('Axis2P3D Direction',(-0.,0.,1.)) ;
#8346=DIRECTION('Axis2P3D Direction',(1.,0.,0.)) ;
#8347=DIRECTION('Axis2P3D XDirection',(0.,-2.77555756156E-016,-1.)) ;
#8351=DIRECTION('Vector Direction',(1.,0.,0.)) ;
#8370=DIRECTION('Axis2P3D Direction',(0.,-0.990268068742,0.13917310096)) ;
#8371=DIRECTION('Axis2P3D XDirection',(1.,0.,0.)) ;
#8375=DIRECTION('Vector Direction',(1.,0.,0.)) ;
#8380=DIRECTION('Vector Direction',(1.,0.,0.)) ;
#8399=DIRECTION('Axis2P3D Direction',(0.,0.,1.)) ;
#8400=DIRECTION('Axis2P3D XDirection',(1.,0.,0.)) ;
#8404=DIRECTION('Vector Direction',(0.,-1.,0.)) ;
#8411=DIRECTION('Axis2P3D Direction',(0.,0.,1.)) ;
#8418=DIRECTION('Axis2P3D Direction',(0.,0.,1.)) ;
#8425=DIRECTION('Axis2P3D Direction',(0.,0.,1.)) ;
#8432=DIRECTION('Vector Direction',(0.,-1.,0.)) ;
#8437=DIRECTION('Vector Direction',(0.,-1.,0.)) ;
#8444=DIRECTION('Axis2P3D Direction',(0.,0.,1.)) ;
#8451=DIRECTION('Axis2P3D Direction',(0.,0.,1.)) ;
#8458=DIRECTION('Axis2P3D Direction',(0.,0.,1.)) ;
#8465=DIRECTION('Vector Direction',(0.,-1.,0.)) ;
#8487=DIRECTION('Axis2P3D Direction',(0.,0.,1.)) ;
#8496=DIRECTION('Axis2P3D Direction',(0.,0.,1.)) ;
#8503=DIRECTION('Axis2P3D Direction',(0.,0.,1.)) ;
#8510=DIRECTION('Axis2P3D Direction',(0.,0.,1.)) ;
#8522=DIRECTION('Axis2P3D Direction',(0.,-1.,0.)) ;
#8523=DIRECTION('Axis2P3D XDirection',(3.05311331772E-015,0.,1.)) ;
#8536=DIRECTION('Vector Direction',(0.,-1.,0.)) ;
#8548=DIRECTION('Vector Direction',(0.,-1.,0.)) ;
#8553=DIRECTION('Vector Direction',(0.,-1.,0.)) ;
#8584=DIRECTION('Axis2P3D Direction',(-0.,0.,1.)) ;
#8591=DIRECTION('Axis2P3D Direction',(-0.,0.,1.)) ;
#8616=DIRECTION('Axis2P3D Direction',(0.990268068742,0.,-0.13917310096)) ;
#8617=DIRECTION('Axis2P3D XDirection',(0.,-1.,0.)) ;
#8621=DIRECTION('Vector Direction',(0.,-1.,0.)) ;
#8643=DIRECTION('Axis2P3D Direction',(0.,-1.,0.)) ;
#8644=DIRECTION('Axis2P3D XDirection',(-9.99200722164E-016,0.,-1.)) ;
#8648=DIRECTION('Vector Direction',(0.,-1.,0.)) ;
#8669=DIRECTION('Axis2P3D Direction',(0.,0.,1.)) ;
#8670=DIRECTION('Axis2P3D XDirection',(1.,0.,0.)) ;
#8674=DIRECTION('Axis2P3D Direction',(0.,0.,1.)) ;
#8681=DIRECTION('Vector Direction',(0.,-1.,0.)) ;
#8693=DIRECTION('Axis2P3D Direction',(0.,-1.,-0.)) ;
#8694=DIRECTION('Axis2P3D XDirection',(-0.990268068742,0.,-0.13917310096)) ;
#8698=DIRECTION('Vector Direction',(0.,-1.,0.)) ;
#8719=DIRECTION('Axis2P3D Direction',(0.990268068742,0.,0.13917310096)) ;
#8720=DIRECTION('Axis2P3D XDirection',(0.,-1.,0.)) ;
#8749=DIRECTION('Vector Direction',(0.,-1.,0.)) ;
#8770=DIRECTION('Vector Direction',(0.,-1.,0.)) ;
#8782=DIRECTION('Axis2P3D Direction',(0.,0.,1.)) ;
#8789=DIRECTION('Vector Direction',(0.,-1.,0.)) ;
#8810=DIRECTION('Vector Direction',(0.,-1.,0.)) ;
#8837=DIRECTION('Vector Direction',(0.,-1.,0.)) ;
#8859=DIRECTION('Axis2P3D Direction',(-0.,0.,1.)) ;
#8899=DIRECTION('Axis2P3D Direction',(0.,0.,-1.)) ;
#8900=DIRECTION('Axis2P3D XDirection',(-0.231713115509,0.972784165219,0.)) ;
#8926=DIRECTION('Axis2P3D Direction',(0.,0.,1.)) ;
#8927=DIRECTION('Axis2P3D XDirection',(-0.87758256189,-0.479425538604,0.)) ;
#8931=DIRECTION('Vector Direction',(-0.758649524647,-0.414452124234,0.502673189529)) ;
#8938=DIRECTION('Axis2P3D Direction',(0.,0.,1.)) ;
#8945=DIRECTION('Vector Direction',(0.758649524647,0.414452124234,0.502673189529)) ;
#8958=DIRECTION('Axis2P3D Direction',(0.,0.,1.)) ;
#8971=DIRECTION('Axis2P3D Direction',(-0.990268068742,-1.98679868084E-017,0.13917310096)) ;
#8972=DIRECTION('Axis2P3D XDirection',(2.00632408896E-017,-1.,0.)) ;
#8992=DIRECTION('Vector Direction',(0.,-1.,0.)) ;
#9005=DIRECTION('Axis2P3D Direction',(0.,-1.,0.)) ;
#9006=DIRECTION('Axis2P3D XDirection',(0.990268068742,0.,0.13917310096)) ;
#9010=DIRECTION('Vector Direction',(0.,-1.,0.)) ;
#9022=DIRECTION('Vector Direction',(0.,-1.,0.)) ;
#9034=DIRECTION('Axis2P3D Direction',(-0.990268068742,1.98679868084E-017,-0.13917310096)) ;
#9035=DIRECTION('Axis2P3D XDirection',(-2.00632408896E-017,-1.,0.)) ;
#9039=DIRECTION('Vector Direction',(0.,-1.,0.)) ;
#9068=DIRECTION('Axis2P3D Direction',(0.,0.,1.)) ;
#9069=DIRECTION('Axis2P3D XDirection',(0.316152844706,0.948708268534,0.)) ;
#9073=DIRECTION('Axis2P3D Direction',(0.,0.,1.)) ;
#9080=DIRECTION('Axis2P3D Direction',(0.,0.,1.)) ;
#9094=DIRECTION('Vector Direction',(0.,-1.,0.)) ;
#9106=DIRECTION('Vector Direction',(0.,-1.,0.)) ;
#9135=DIRECTION('Axis2P3D Direction',(0.,0.,1.)) ;
#9142=DIRECTION('Axis2P3D Direction',(0.,0.,1.)) ;
#9164=DIRECTION('Vector Direction',(0.,-1.,0.)) ;
#9177=DIRECTION('Axis2P3D Direction',(0.,0.,1.)) ;
#9178=DIRECTION('Axis2P3D XDirection',(1.,0.,0.)) ;
#9187=DIRECTION('Axis2P3D Direction',(0.,0.,1.)) ;
#9188=DIRECTION('Axis2P3D XDirection',(1.,0.,0.)) ;
#9230=DIRECTION('Axis2P3D Direction',(0.,0.,1.)) ;
#9231=DIRECTION('Axis2P3D XDirection',(1.,-2.02128619923E-015,0.)) ;
#9235=DIRECTION('Vector Direction',(0.319599992884,-3.62141238275E-016,0.947552555032)) ;
#9244=DIRECTION('Axis2P3D Direction',(0.,0.,1.)) ;
#9251=DIRECTION('Vector Direction',(-0.319599992884,3.91397108293E-017,0.947552555032)) ;
#9258=DIRECTION('Axis2P3D Direction',(0.,0.,1.)) ;
#9270=DIRECTION('Axis2P3D Direction',(0.,0.,1.)) ;
#9275=DIRECTION('Axis2P3D Direction',(0.,0.,1.)) ;
#9287=DIRECTION('Axis2P3D Direction',(0.,0.,1.)) ;
#9288=DIRECTION('Axis2P3D XDirection',(1.,-1.13310777953E-015,0.)) ;
#9292=DIRECTION('Axis2P3D Direction',(-1.13310777953E-015,-1.,0.)) ;
#9299=DIRECTION('Axis2P3D Direction',(0.,0.,1.)) ;
#9306=DIRECTION('Axis2P3D Direction',(1.22464679915E-016,1.,-0.)) ;
#9318=DIRECTION('Axis2P3D Direction',(0.,0.,1.)) ;
#9335=DIRECTION('Axis1P Direction',(0.,0.,1.)) ;
#9367=DIRECTION('Axis1P Direction',(0.,0.,1.)) ;
#9387=DIRECTION('Axis1P Direction',(0.,0.,1.)) ;
#9401=DIRECTION('Axis2P3D Direction',(0.,0.,1.)) ;
#9416=DIRECTION('Axis2P3D Direction',(0.,0.,1.)) ;
#9433=DIRECTION('Axis1P Direction',(0.,0.,1.)) ;
#9437=DIRECTION('Axis2P3D Direction',(0.,0.,1.)) ;
#9442=DIRECTION('Axis2P3D Direction',(0.,0.,1.)) ;
#9454=DIRECTION('Axis2P3D Direction',(0.,0.,1.)) ;
#9455=DIRECTION('Axis2P3D XDirection',(1.,-2.44929359829E-016,0.)) ;
#9459=DIRECTION('Axis2P3D Direction',(-2.44929359829E-016,-1.,0.)) ;
#9464=DIRECTION('Axis2P3D Direction',(1.22464679915E-016,1.,-0.)) ;
#9503=DIRECTION('Axis1P Direction',(-0.,-0.,-1.)) ;
#9507=DIRECTION('Axis2P3D Direction',(1.22464679915E-016,1.,-0.)) ;
#9512=DIRECTION('Axis2P3D Direction',(-2.44929359829E-016,-1.,0.)) ;
#9531=DIRECTION('Axis2P3D Direction',(0.,0.,1.)) ;
#9532=DIRECTION('Axis2P3D XDirection',(-1.,1.22464679915E-016,0.)) ;
#9536=DIRECTION('Vector Direction',(-0.928210252955,3.41018914565E-016,0.372056079522)) ;
#9541=DIRECTION('Vector Direction',(0.928210252955,5.97070372575E-016,0.372056079522)) ;
#47=AXIS2_PLACEMENT_3D(' ',#46,$,$) ;
#54=AXIS2_PLACEMENT_3D('Torus Axis2P3D',#51,#52,#53) ;
#69=AXIS2_PLACEMENT_3D('Circle Axis2P3D',#67,#68,$) ;
#76=AXIS2_PLACEMENT_3D('Circle Axis2P3D',#74,#75,$) ;
#83=AXIS2_PLACEMENT_3D('Circle Axis2P3D',#81,#82,$) ;
#96=AXIS2_PLACEMENT_3D('Torus Axis2P3D',#93,#94,#95) ;
#100=AXIS2_PLACEMENT_3D('Circle Axis2P3D',#98,#99,$) ;
#109=AXIS2_PLACEMENT_3D('Circle Axis2P3D',#107,#108,$) ;
#114=AXIS2_PLACEMENT_3D('Circle Axis2P3D',#112,#113,$) ;
#127=AXIS2_PLACEMENT_3D('Cone Axis2P3D',#124,#125,#126) ;
#159=AXIS2_PLACEMENT_3D('Circle Axis2P3D',#157,#158,$) ;
#166=AXIS2_PLACEMENT_3D('Circle Axis2P3D',#164,#165,$) ;
#197=AXIS2_PLACEMENT_3D('Circle Axis2P3D',#195,#196,$) ;
#215=AXIS2_PLACEMENT_3D('Sphere Axis2P3D',#212,#213,#214) ;
#219=AXIS2_PLACEMENT_3D('Circle Axis2P3D',#217,#218,$) ;
#283=AXIS2_PLACEMENT_3D('Plane Axis2P3D',#280,#281,#282) ;
#287=AXIS2_PLACEMENT_3D('Circle Axis2P3D',#285,#286,$) ;
#296=AXIS2_PLACEMENT_3D('Circle Axis2P3D',#294,#295,$) ;
#305=AXIS2_PLACEMENT_3D('Circle Axis2P3D',#303,#304,$) ;
#314=AXIS2_PLACEMENT_3D('Circle Axis2P3D',#312,#313,$) ;
#321=AXIS2_PLACEMENT_3D('Circle Axis2P3D',#319,#320,$) ;
#328=AXIS2_PLACEMENT_3D('Circle Axis2P3D',#326,#327,$) ;
#335=AXIS2_PLACEMENT_3D('Circle Axis2P3D',#333,#334,$) ;
#362=AXIS2_PLACEMENT_3D('Circle Axis2P3D',#360,#361,$) ;
#369=AXIS2_PLACEMENT_3D('Circle Axis2P3D',#367,#368,$) ;
#374=AXIS2_PLACEMENT_3D('Circle Axis2P3D',#372,#373,$) ;
#381=AXIS2_PLACEMENT_3D('Circle Axis2P3D',#379,#380,$) ;
#408=AXIS2_PLACEMENT_3D('Circle Axis2P3D',#406,#407,$) ;
#433=AXIS2_PLACEMENT_3D('Sphere Axis2P3D',#430,#431,#432) ;
#437=AXIS2_PLACEMENT_3D('Circle Axis2P3D',#435,#436,$) ;
#474=AXIS2_PLACEMENT_3D('Cone Axis2P3D',#471,#472,#473) ;
#489=AXIS2_PLACEMENT_3D('Circle Axis2P3D',#487,#488,$) ;
#513=AXIS2_PLACEMENT_3D('Circle Axis2P3D',#511,#512,$) ;
#520=AXIS2_PLACEMENT_3D('Circle Axis2P3D',#518,#519,$) ;
#555=AXIS2_PLACEMENT_3D('Plane Axis2P3D',#552,#553,#554) ;
#637=AXIS2_PLACEMENT_3D('Cylinder Axis2P3D',#634,#635,#636) ;
#676=AXIS2_PLACEMENT_3D('Plane Axis2P3D',#673,#674,#675) ;
#701=AXIS2_PLACEMENT_3D('Cylinder Axis2P3D',#698,#699,#700) ;
#743=AXIS2_PLACEMENT_3D('Plane Axis2P3D',#740,#741,#742) ;
#770=AXIS2_PLACEMENT_3D('Cylinder Axis2P3D',#767,#768,#769) ;
#869=AXIS2_PLACEMENT_3D('Torus Axis2P3D',#866,#867,#868) ;
#873=AXIS2_PLACEMENT_3D('Circle Axis2P3D',#871,#872,$) ;
#913=AXIS2_PLACEMENT_3D('Torus Axis2P3D',#910,#911,#912) ;
#917=AXIS2_PLACEMENT_3D('Circle Axis2P3D',#915,#916,$) ;
#924=AXIS2_PLACEMENT_3D('Circle Axis2P3D',#922,#923,$) ;
#931=AXIS2_PLACEMENT_3D('Circle Axis2P3D',#929,#930,$) ;
#944=AXIS2_PLACEMENT_3D('Torus Axis2P3D',#941,#942,#943) ;
#948=AXIS2_PLACEMENT_3D('Circle Axis2P3D',#946,#947,$) ;
#961=AXIS2_PLACEMENT_3D('Torus Axis2P3D',#958,#959,#960) ;
#999=AXIS2_PLACEMENT_3D('Circle Axis2P3D',#997,#998,$) ;
#1006=AXIS2_PLACEMENT_3D('Circle Axis2P3D',#1004,#1005,$) ;
#1021=AXIS2_PLACEMENT_3D('Torus Axis2P3D',#1018,#1019,#1020) ;
#1025=AXIS2_PLACEMENT_3D('Circle Axis2P3D',#1023,#1024,$) ;
#1032=AXIS2_PLACEMENT_3D('Circle Axis2P3D',#1030,#1031,$) ;
#1054=AXIS2_PLACEMENT_3D('Torus Axis2P3D',#1051,#1052,#1053) ;
#1058=AXIS2_PLACEMENT_3D('Circle Axis2P3D',#1056,#1057,$) ;
#1065=AXIS2_PLACEMENT_3D('Circle Axis2P3D',#1063,#1064,$) ;
#1077=AXIS2_PLACEMENT_3D('Circle Axis2P3D',#1075,#1076,$) ;
#1118=AXIS2_PLACEMENT_3D('Circle Axis2P3D',#1116,#1117,$) ;
#1133=AXIS2_PLACEMENT_3D('Torus Axis2P3D',#1130,#1131,#1132) ;
#1137=AXIS2_PLACEMENT_3D('Circle Axis2P3D',#1135,#1136,$) ;
#1197=AXIS2_PLACEMENT_3D('Circle Axis2P3D',#1195,#1196,$) ;
#1211=AXIS2_PLACEMENT_3D('Torus Axis2P3D',#1208,#1209,#1210) ;
#1223=AXIS2_PLACEMENT_3D('Circle Axis2P3D',#1221,#1222,$) ;
#1304=AXIS2_PLACEMENT_3D('Plane Axis2P3D',#1301,#1302,#1303) ;
#1329=AXIS2_PLACEMENT_3D('Cylinder Axis2P3D',#1326,#1327,#1328) ;
#1438=AXIS2_PLACEMENT_3D('Plane Axis2P3D',#1435,#1436,#1437) ;
#1524=AXIS2_PLACEMENT_3D('Cylinder Axis2P3D',#1521,#1522,#1523) ;
#1528=AXIS2_PLACEMENT_3D('Circle Axis2P3D',#1526,#1527,$) ;
#1535=AXIS2_PLACEMENT_3D('Circle Axis2P3D',#1533,#1534,$) ;
#1555=AXIS2_PLACEMENT_3D('Sphere Axis2P3D',#1552,#1553,#1554) ;
#1559=AXIS2_PLACEMENT_3D('Circle Axis2P3D',#1557,#1558,$) ;
#1566=AXIS2_PLACEMENT_3D('Circle Axis2P3D',#1564,#1565,$) ;
#1630=AXIS2_PLACEMENT_3D('Cone Axis2P3D',#1627,#1628,#1629) ;
#1634=AXIS2_PLACEMENT_3D('Circle Axis2P3D',#1632,#1633,$) ;
#1692=AXIS2_PLACEMENT_3D('Cone Axis2P3D',#1689,#1690,#1691) ;
#1709=AXIS2_PLACEMENT_3D('Circle Axis2P3D',#1707,#1708,$) ;
#1739=AXIS2_PLACEMENT_3D('Torus Axis2P3D',#1736,#1737,#1738) ;
#1752=AXIS2_PLACEMENT_3D('Circle Axis2P3D',#1750,#1751,$) ;
#1923=AXIS2_PLACEMENT_3D('Cone Axis2P3D',#1920,#1921,#1922) ;
#1927=AXIS2_PLACEMENT_3D('Circle Axis2P3D',#1925,#1926,$) ;
#1948=AXIS2_PLACEMENT_3D('Torus Axis2P3D',#1945,#1946,#1947) ;
#1952=AXIS2_PLACEMENT_3D('Circle Axis2P3D',#1950,#1951,$) ;
#1959=AXIS2_PLACEMENT_3D('Circle Axis2P3D',#1957,#1958,$) ;
#2150=AXIS2_PLACEMENT_3D('Cone Axis2P3D',#2147,#2148,#2149) ;
#2154=AXIS2_PLACEMENT_3D('Circle Axis2P3D',#2152,#2153,$) ;
#2179=AXIS2_PLACEMENT_3D('Cone Axis2P3D',#2176,#2177,#2178) ;
#2190=AXIS2_PLACEMENT_3D('Circle Axis2P3D',#2188,#2189,$) ;
#2210=AXIS2_PLACEMENT_3D('Cone Axis2P3D',#2207,#2208,#2209) ;
#2214=AXIS2_PLACEMENT_3D('Circle Axis2P3D',#2212,#2213,$) ;
#2235=AXIS2_PLACEMENT_3D('Circle Axis2P3D',#2233,#2234,$) ;
#2291=AXIS2_PLACEMENT_3D('Circle Axis2P3D',#2289,#2290,$) ;
#2360=AXIS2_PLACEMENT_3D('Sphere Axis2P3D',#2357,#2358,#2359) ;
#2364=AXIS2_PLACEMENT_3D('Circle Axis2P3D',#2362,#2363,$) ;
#2376=AXIS2_PLACEMENT_3D('Cone Axis2P3D',#2373,#2374,#2375) ;
#2391=AXIS2_PLACEMENT_3D('Circle Axis2P3D',#2389,#2390,$) ;
#2420=AXIS2_PLACEMENT_3D('Circle Axis2P3D',#2418,#2419,$) ;
#2427=AXIS2_PLACEMENT_3D('Circle Axis2P3D',#2425,#2426,$) ;
#2462=AXIS2_PLACEMENT_3D('Cone Axis2P3D',#2459,#2460,#2461) ;
#2494=AXIS2_PLACEMENT_3D('Circle Axis2P3D',#2492,#2493,$) ;
#2501=AXIS2_PLACEMENT_3D('Circle Axis2P3D',#2499,#2500,$) ;
#2525=AXIS2_PLACEMENT_3D('Circle Axis2P3D',#2523,#2524,$) ;
#2543=AXIS2_PLACEMENT_3D('Sphere Axis2P3D',#2540,#2541,#2542) ;
#2547=AXIS2_PLACEMENT_3D('Circle Axis2P3D',#2545,#2546,$) ;
#2559=AXIS2_PLACEMENT_3D('Cone Axis2P3D',#2556,#2557,#2558) ;
#2572=AXIS2_PLACEMENT_3D('Circle Axis2P3D',#2570,#2571,$) ;
#2634=AXIS2_PLACEMENT_3D('Circle Axis2P3D',#2632,#2633,$) ;
#2703=AXIS2_PLACEMENT_3D('Cone Axis2P3D',#2700,#2701,#2702) ;
#2707=AXIS2_PLACEMENT_3D('Circle Axis2P3D',#2705,#2706,$) ;
#2770=AXIS2_PLACEMENT_3D('Circle Axis2P3D',#2768,#2769,$) ;
#2833=AXIS2_PLACEMENT_3D('Cone Axis2P3D',#2830,#2831,#2832) ;
#2837=AXIS2_PLACEMENT_3D('Circle Axis2P3D',#2835,#2836,$) ;
#2868=AXIS2_PLACEMENT_3D('Torus Axis2P3D',#2865,#2866,#2867) ;
#2872=AXIS2_PLACEMENT_3D('Circle Axis2P3D',#2870,#2871,$) ;
#2881=AXIS2_PLACEMENT_3D('Circle Axis2P3D',#2879,#2880,$) ;
#2886=AXIS2_PLACEMENT_3D('Circle Axis2P3D',#2884,#2885,$) ;
#3026=AXIS2_PLACEMENT_3D('Plane Axis2P3D',#3023,#3024,#3025) ;
#3060=AXIS2_PLACEMENT_3D('Cylinder Axis2P3D',#3057,#3058,#3059) ;
#3064=AXIS2_PLACEMENT_3D('Circle Axis2P3D',#3062,#3063,$) ;
#3078=AXIS2_PLACEMENT_3D('Circle Axis2P3D',#3076,#3077,$) ;
#3091=AXIS2_PLACEMENT_3D('Sphere Axis2P3D',#3088,#3089,#3090) ;
#3095=AXIS2_PLACEMENT_3D('Circle Axis2P3D',#3093,#3094,$) ;
#3102=AXIS2_PLACEMENT_3D('Circle Axis2P3D',#3100,#3101,$) ;
#3347=AXIS2_PLACEMENT_3D('Plane Axis2P3D',#3344,#3345,#3346) ;
#3392=AXIS2_PLACEMENT_3D('Cylinder Axis2P3D',#3389,#3390,#3391) ;
#3396=AXIS2_PLACEMENT_3D('Circle Axis2P3D',#3394,#3395,$) ;
#3403=AXIS2_PLACEMENT_3D('Circle Axis2P3D',#3401,#3402,$) ;
#3423=AXIS2_PLACEMENT_3D('Sphere Axis2P3D',#3420,#3421,#3422) ;
#3427=AXIS2_PLACEMENT_3D('Circle Axis2P3D',#3425,#3426,$) ;
#3434=AXIS2_PLACEMENT_3D('Circle Axis2P3D',#3432,#3433,$) ;
#3510=AXIS2_PLACEMENT_3D('Torus Axis2P3D',#3507,#3508,#3509) ;
#3514=AXIS2_PLACEMENT_3D('Circle Axis2P3D',#3512,#3513,$) ;
#3527=AXIS2_PLACEMENT_3D('Torus Axis2P3D',#3524,#3525,#3526) ;
#3531=AXIS2_PLACEMENT_3D('Circle Axis2P3D',#3529,#3530,$) ;
#3544=AXIS2_PLACEMENT_3D('Cone Axis2P3D',#3541,#3542,#3543) ;
#3572=AXIS2_PLACEMENT_3D('Cylinder Axis2P3D',#3569,#3570,#3571) ;
#3632=AXIS2_PLACEMENT_3D('Plane Axis2P3D',#3629,#3630,#3631) ;
#3908=AXIS2_PLACEMENT_3D('Torus Axis2P3D',#3905,#3906,#3907) ;
#3912=AXIS2_PLACEMENT_3D('Circle Axis2P3D',#3910,#3911,$) ;
#4001=AXIS2_PLACEMENT_3D('Torus Axis2P3D',#3998,#3999,#4000) ;
#4005=AXIS2_PLACEMENT_3D('Circle Axis2P3D',#4003,#4004,$) ;
#4018=AXIS2_PLACEMENT_3D('Torus Axis2P3D',#4015,#4016,#4017) ;
#4022=AXIS2_PLACEMENT_3D('Circle Axis2P3D',#4020,#4021,$) ;
#4029=AXIS2_PLACEMENT_3D('Circle Axis2P3D',#4027,#4028,$) ;
#4109=AXIS2_PLACEMENT_3D('Torus Axis2P3D',#4106,#4107,#4108) ;
#4113=AXIS2_PLACEMENT_3D('Circle Axis2P3D',#4111,#4112,$) ;
#4120=AXIS2_PLACEMENT_3D('Circle Axis2P3D',#4118,#4119,$) ;
#4127=AXIS2_PLACEMENT_3D('Circle Axis2P3D',#4125,#4126,$) ;
#4140=AXIS2_PLACEMENT_3D('Torus Axis2P3D',#4137,#4138,#4139) ;
#4144=AXIS2_PLACEMENT_3D('Circle Axis2P3D',#4142,#4143,$) ;
#4260=AXIS2_PLACEMENT_3D('Cylinder Axis2P3D',#4257,#4258,#4259) ;
#4299=AXIS2_PLACEMENT_3D('Plane Axis2P3D',#4296,#4297,#4298) ;
#4421=AXIS2_PLACEMENT_3D('Cylinder Axis2P3D',#4418,#4419,#4420) ;
#4463=AXIS2_PLACEMENT_3D('Cylinder Axis2P3D',#4460,#4461,#4462) ;
#4578=AXIS2_PLACEMENT_3D('Cylinder Axis2P3D',#4575,#4576,#4577) ;
#4673=AXIS2_PLACEMENT_3D('Plane Axis2P3D',#4670,#4671,#4672) ;
#4707=AXIS2_PLACEMENT_3D('Cylinder Axis2P3D',#4704,#4705,#4706) ;
#4711=AXIS2_PLACEMENT_3D('Circle Axis2P3D',#4709,#4710,$) ;
#4718=AXIS2_PLACEMENT_3D('Circle Axis2P3D',#4716,#4717,$) ;
#4738=AXIS2_PLACEMENT_3D('Sphere Axis2P3D',#4735,#4736,#4737) ;
#4742=AXIS2_PLACEMENT_3D('Circle Axis2P3D',#4740,#4741,$) ;
#4749=AXIS2_PLACEMENT_3D('Circle Axis2P3D',#4747,#4748,$) ;
#4816=AXIS2_PLACEMENT_3D('Torus Axis2P3D',#4813,#4814,#4815) ;
#4820=AXIS2_PLACEMENT_3D('Circle Axis2P3D',#4818,#4819,$) ;
#4833=AXIS2_PLACEMENT_3D('Cone Axis2P3D',#4830,#4831,#4832) ;
#4861=AXIS2_PLACEMENT_3D('Cylinder Axis2P3D',#4858,#4859,#4860) ;
#5011=AXIS2_PLACEMENT_3D('Torus Axis2P3D',#5008,#5009,#5010) ;
#5015=AXIS2_PLACEMENT_3D('Circle Axis2P3D',#5013,#5014,$) ;
#5281=AXIS2_PLACEMENT_3D('Torus Axis2P3D',#5278,#5279,#5280) ;
#5285=AXIS2_PLACEMENT_3D('Circle Axis2P3D',#5283,#5284,$) ;
#5320=AXIS2_PLACEMENT_3D('Circle Axis2P3D',#5318,#5319,$) ;
#5327=AXIS2_PLACEMENT_3D('Circle Axis2P3D',#5325,#5326,$) ;
#5332=AXIS2_PLACEMENT_3D('Circle Axis2P3D',#5330,#5331,$) ;
#5339=AXIS2_PLACEMENT_3D('Circle Axis2P3D',#5337,#5338,$) ;
#5385=AXIS2_PLACEMENT_3D('Circle Axis2P3D',#5383,#5384,$) ;
#5420=AXIS2_PLACEMENT_3D('Circle Axis2P3D',#5418,#5419,$) ;
#5425=AXIS2_PLACEMENT_3D('Circle Axis2P3D',#5423,#5424,$) ;
#5472=AXIS2_PLACEMENT_3D('Plane Axis2P3D',#5469,#5470,#5471) ;
#5480=AXIS2_PLACEMENT_3D('Circle Axis2P3D',#5478,#5479,$) ;
#5489=AXIS2_PLACEMENT_3D('Circle Axis2P3D',#5487,#5488,$) ;
#5545=AXIS2_PLACEMENT_3D('Cone Axis2P3D',#5542,#5543,#5544) ;
#5557=AXIS2_PLACEMENT_3D('Circle Axis2P3D',#5555,#5556,$) ;
#5652=AXIS2_PLACEMENT_3D('Cone Axis2P3D',#5649,#5650,#5651) ;
#5656=AXIS2_PLACEMENT_3D('Circle Axis2P3D',#5654,#5655,$) ;
#5748=AXIS2_PLACEMENT_3D('Circle Axis2P3D',#5746,#5747,$) ;
#5782=AXIS2_PLACEMENT_3D('Circle Axis2P3D',#5780,#5781,$) ;
#5869=AXIS2_PLACEMENT_3D('Cone Axis2P3D',#5866,#5867,#5868) ;
#5873=AXIS2_PLACEMENT_3D('Circle Axis2P3D',#5871,#5872,$) ;
#5965=AXIS2_PLACEMENT_3D('Circle Axis2P3D',#5963,#5964,$) ;
#6060=AXIS2_PLACEMENT_3D('Cone Axis2P3D',#6057,#6058,#6059) ;
#6064=AXIS2_PLACEMENT_3D('Circle Axis2P3D',#6062,#6063,$) ;
#6156=AXIS2_PLACEMENT_3D('Circle Axis2P3D',#6154,#6155,$) ;
#6176=AXIS2_PLACEMENT_3D('Circle Axis2P3D',#6174,#6175,$) ;
#6263=AXIS2_PLACEMENT_3D('Cone Axis2P3D',#6260,#6261,#6262) ;
#6267=AXIS2_PLACEMENT_3D('Circle Axis2P3D',#6265,#6266,$) ;
#6352=AXIS2_PLACEMENT_3D('Cylinder Axis2P3D',#6349,#6350,#6351) ;
#6363=AXIS2_PLACEMENT_3D('Circle Axis2P3D',#6361,#6362,$) ;
#6382=AXIS2_PLACEMENT_3D('Circle Axis2P3D',#6380,#6381,$) ;
#6395=AXIS2_PLACEMENT_3D('Torus Axis2P3D',#6392,#6393,#6394) ;
#6415=AXIS2_PLACEMENT_3D('Plane Axis2P3D',#6412,#6413,#6414) ;
#6470=AXIS2_PLACEMENT_3D('Circle Axis2P3D',#6468,#6469,$) ;
#6488=AXIS2_PLACEMENT_3D('Circle Axis2P3D',#6486,#6487,$) ;
#6499=AXIS2_PLACEMENT_3D('Plane Axis2P3D',#6496,#6497,#6498) ;
#6511=AXIS2_PLACEMENT_3D('Plane Axis2P3D',#6508,#6509,#6510) ;
#6539=AXIS2_PLACEMENT_3D('Circle Axis2P3D',#6537,#6538,$) ;
#6551=AXIS2_PLACEMENT_3D('Circle Axis2P3D',#6549,#6550,$) ;
#6573=AXIS2_PLACEMENT_3D('Plane Axis2P3D',#6570,#6571,#6572) ;
#6608=AXIS2_PLACEMENT_3D('Plane Axis2P3D',#6605,#6606,#6607) ;
#6634=AXIS2_PLACEMENT_3D('Plane Axis2P3D',#6631,#6632,#6633) ;
#6677=AXIS2_PLACEMENT_3D('Cone Axis2P3D',#6674,#6675,#6676) ;
#6681=AXIS2_PLACEMENT_3D('Circle Axis2P3D',#6679,#6680,$) ;
#6696=AXIS2_PLACEMENT_3D('Plane Axis2P3D',#6693,#6694,#6695) ;
#6739=AXIS2_PLACEMENT_3D('Cone Axis2P3D',#6736,#6737,#6738) ;
#6743=AXIS2_PLACEMENT_3D('Circle Axis2P3D',#6741,#6742,$) ;
#6758=AXIS2_PLACEMENT_3D('Plane Axis2P3D',#6755,#6756,#6757) ;
#6791=AXIS2_PLACEMENT_3D('Cone Axis2P3D',#6788,#6789,#6790) ;
#6795=AXIS2_PLACEMENT_3D('Circle Axis2P3D',#6793,#6794,$) ;
#6808=AXIS2_PLACEMENT_3D('Plane Axis2P3D',#6805,#6806,#6807) ;
#6841=AXIS2_PLACEMENT_3D('Cone Axis2P3D',#6838,#6839,#6840) ;
#6845=AXIS2_PLACEMENT_3D('Circle Axis2P3D',#6843,#6844,$) ;
#6858=AXIS2_PLACEMENT_3D('Plane Axis2P3D',#6855,#6856,#6857) ;
#6873=AXIS2_PLACEMENT_3D('Cone Axis2P3D',#6870,#6871,#6872) ;
#6888=AXIS2_PLACEMENT_3D('Cone Axis2P3D',#6885,#6886,#6887) ;
#6907=AXIS2_PLACEMENT_3D('Cylinder Axis2P3D',#6904,#6905,#6906) ;
#6920=AXIS2_PLACEMENT_3D('Circle Axis2P3D',#6918,#6919,$) ;
#6934=AXIS2_PLACEMENT_3D('Circle Axis2P3D',#6932,#6933,$) ;
#6946=AXIS2_PLACEMENT_3D('Circle Axis2P3D',#6944,#6945,$) ;
#6951=AXIS2_PLACEMENT_3D('Circle Axis2P3D',#6949,#6950,$) ;
#6964=AXIS2_PLACEMENT_3D('Plane Axis2P3D',#6961,#6962,#6963) ;
#7004=AXIS2_PLACEMENT_3D('Cylinder Axis2P3D',#7001,#7002,#7003) ;
#7017=AXIS2_PLACEMENT_3D('Circle Axis2P3D',#7015,#7016,$) ;
#7022=AXIS2_PLACEMENT_3D('Circle Axis2P3D',#7020,#7021,$) ;
#7035=AXIS2_PLACEMENT_3D('Cylinder Axis2P3D',#7032,#7033,#7034) ;
#7039=AXIS2_PLACEMENT_3D('Circle Axis2P3D',#7037,#7038,$) ;
#7053=AXIS2_PLACEMENT_3D('Circle Axis2P3D',#7051,#7052,$) ;
#7066=AXIS2_PLACEMENT_3D('Cylinder Axis2P3D',#7063,#7064,#7065) ;
#7070=AXIS2_PLACEMENT_3D('Circle Axis2P3D',#7068,#7069,$) ;
#7084=AXIS2_PLACEMENT_3D('Circle Axis2P3D',#7082,#7083,$) ;
#7097=AXIS2_PLACEMENT_3D('Cylinder Axis2P3D',#7094,#7095,#7096) ;
#7110=AXIS2_PLACEMENT_3D('Circle Axis2P3D',#7108,#7109,$) ;
#7115=AXIS2_PLACEMENT_3D('Circle Axis2P3D',#7113,#7114,$) ;
#7128=AXIS2_PLACEMENT_3D('Plane Axis2P3D',#7125,#7126,#7127) ;
#7159=AXIS2_PLACEMENT_3D('Cylinder Axis2P3D',#7156,#7157,#7158) ;
#7172=AXIS2_PLACEMENT_3D('Circle Axis2P3D',#7170,#7171,$) ;
#7177=AXIS2_PLACEMENT_3D('Circle Axis2P3D',#7175,#7176,$) ;
#7190=AXIS2_PLACEMENT_3D('Cylinder Axis2P3D',#7187,#7188,#7189) ;
#7194=AXIS2_PLACEMENT_3D('Circle Axis2P3D',#7192,#7193,$) ;
#7199=AXIS2_PLACEMENT_3D('Circle Axis2P3D',#7197,#7198,$) ;
#7212=AXIS2_PLACEMENT_3D('Plane Axis2P3D',#7209,#7210,#7211) ;
#7232=AXIS2_PLACEMENT_3D('Plane Axis2P3D',#7229,#7230,#7231) ;
#7254=AXIS2_PLACEMENT_3D('Cone Axis2P3D',#7251,#7252,#7253) ;
#7258=AXIS2_PLACEMENT_3D('Circle Axis2P3D',#7256,#7257,$) ;
#7274=AXIS2_PLACEMENT_3D('Circle Axis2P3D',#7272,#7273,$) ;
#7293=AXIS2_PLACEMENT_3D('Circle Axis2P3D',#7291,#7292,$) ;
#7300=AXIS2_PLACEMENT_3D('Circle Axis2P3D',#7298,#7299,$) ;
#7319=AXIS2_PLACEMENT_3D('Circle Axis2P3D',#7317,#7318,$) ;
#7333=AXIS2_PLACEMENT_3D('Circle Axis2P3D',#7331,#7332,$) ;
#7345=AXIS2_PLACEMENT_3D('Circle Axis2P3D',#7343,#7344,$) ;
#7350=AXIS2_PLACEMENT_3D('Circle Axis2P3D',#7348,#7349,$) ;
#7363=AXIS2_PLACEMENT_3D('Cone Axis2P3D',#7360,#7361,#7362) ;
#7374=AXIS2_PLACEMENT_3D('Circle Axis2P3D',#7372,#7373,$) ;
#7400=AXIS2_PLACEMENT_3D('Circle Axis2P3D',#7398,#7399,$) ;
#7412=AXIS2_PLACEMENT_3D('Circle Axis2P3D',#7410,#7411,$) ;
#7431=AXIS2_PLACEMENT_3D('Circle Axis2P3D',#7429,#7430,$) ;
#7444=AXIS2_PLACEMENT_3D('Cone Axis2P3D',#7441,#7442,#7443) ;
#7455=AXIS2_PLACEMENT_3D('Circle Axis2P3D',#7453,#7454,$) ;
#7481=AXIS2_PLACEMENT_3D('Circle Axis2P3D',#7479,#7480,$) ;
#7494=AXIS2_PLACEMENT_3D('Cone Axis2P3D',#7491,#7492,#7493) ;
#7530=AXIS2_PLACEMENT_3D('Circle Axis2P3D',#7528,#7529,$) ;
#7564=AXIS2_PLACEMENT_3D('Circle Axis2P3D',#7562,#7563,$) ;
#7578=AXIS2_PLACEMENT_3D('Circle Axis2P3D',#7576,#7577,$) ;
#7594=AXIS2_PLACEMENT_3D('Circle Axis2P3D',#7592,#7593,$) ;
#7637=AXIS2_PLACEMENT_3D('Circle Axis2P3D',#7635,#7636,$) ;
#7673=AXIS2_PLACEMENT_3D('Circle Axis2P3D',#7671,#7672,$) ;
#7717=AXIS2_PLACEMENT_3D('Circle Axis2P3D',#7715,#7716,$) ;
#7724=AXIS2_PLACEMENT_3D('Circle Axis2P3D',#7722,#7723,$) ;
#7767=AXIS2_PLACEMENT_3D('Circle Axis2P3D',#7765,#7766,$) ;
#7786=AXIS2_PLACEMENT_3D('Circle Axis2P3D',#7784,#7785,$) ;
#7799=AXIS2_PLACEMENT_3D('Cone Axis2P3D',#7796,#7797,#7798) ;
#7812=AXIS2_PLACEMENT_3D('Circle Axis2P3D',#7810,#7811,$) ;
#7826=AXIS2_PLACEMENT_3D('Circle Axis2P3D',#7824,#7825,$) ;
#7838=AXIS2_PLACEMENT_3D('Circle Axis2P3D',#7836,#7837,$) ;
#7852=AXIS2_PLACEMENT_3D('Circle Axis2P3D',#7850,#7851,$) ;
#7872=AXIS2_PLACEMENT_3D('Circle Axis2P3D',#7870,#7871,$) ;
#7877=AXIS2_PLACEMENT_3D('Circle Axis2P3D',#7875,#7876,$) ;
#7889=AXIS2_PLACEMENT_3D('Circle Axis2P3D',#7887,#7888,$) ;
#7894=AXIS2_PLACEMENT_3D('Circle Axis2P3D',#7892,#7893,$) ;
#7907=AXIS2_PLACEMENT_3D('Plane Axis2P3D',#7904,#7905,#7906) ;
#7919=AXIS2_PLACEMENT_3D('Plane Axis2P3D',#7916,#7917,#7918) ;
#7958=AXIS2_PLACEMENT_3D('Cylinder Axis2P3D',#7955,#7956,#7957) ;
#7971=AXIS2_PLACEMENT_3D('Circle Axis2P3D',#7969,#7970,$) ;
#7991=AXIS2_PLACEMENT_3D('Plane Axis2P3D',#7988,#7989,#7990) ;
#8016=AXIS2_PLACEMENT_3D('Circle Axis2P3D',#8014,#8015,$) ;
#8063=AXIS2_PLACEMENT_3D('Plane Axis2P3D',#8060,#8061,#8062) ;
#8067=AXIS2_PLACEMENT_3D('Circle Axis2P3D',#8065,#8066,$) ;
#8078=AXIS2_PLACEMENT_3D('Circle Axis2P3D',#8076,#8077,$) ;
#8098=AXIS2_PLACEMENT_3D('Plane Axis2P3D',#8095,#8096,#8097) ;
#8109=AXIS2_PLACEMENT_3D('Circle Axis2P3D',#8107,#8108,$) ;
#8116=AXIS2_PLACEMENT_3D('Circle Axis2P3D',#8114,#8115,$) ;
#8130=AXIS2_PLACEMENT_3D('Cylinder Axis2P3D',#8127,#8128,#8129) ;
#8134=AXIS2_PLACEMENT_3D('Circle Axis2P3D',#8132,#8133,$) ;
#8143=AXIS2_PLACEMENT_3D('Circle Axis2P3D',#8141,#8142,$) ;
#8150=AXIS2_PLACEMENT_3D('Circle Axis2P3D',#8148,#8149,$) ;
#8157=AXIS2_PLACEMENT_3D('Circle Axis2P3D',#8155,#8156,$) ;
#8162=AXIS2_PLACEMENT_3D('Circle Axis2P3D',#8160,#8161,$) ;
#8186=AXIS2_PLACEMENT_3D('Circle Axis2P3D',#8184,#8185,$) ;
#8247=AXIS2_PLACEMENT_3D('Circle Axis2P3D',#8245,#8246,$) ;
#8271=AXIS2_PLACEMENT_3D('Circle Axis2P3D',#8269,#8270,$) ;
#8276=AXIS2_PLACEMENT_3D('Circle Axis2P3D',#8274,#8275,$) ;
#8283=AXIS2_PLACEMENT_3D('Circle Axis2P3D',#8281,#8282,$) ;
#8290=AXIS2_PLACEMENT_3D('Circle Axis2P3D',#8288,#8289,$) ;
#8297=AXIS2_PLACEMENT_3D('Circle Axis2P3D',#8295,#8296,$) ;
#8304=AXIS2_PLACEMENT_3D('Circle Axis2P3D',#8302,#8303,$) ;
#8311=AXIS2_PLACEMENT_3D('Circle Axis2P3D',#8309,#8310,$) ;
#8348=AXIS2_PLACEMENT_3D('Cylinder Axis2P3D',#8345,#8346,#8347) ;
#8372=AXIS2_PLACEMENT_3D('Plane Axis2P3D',#8369,#8370,#8371) ;
#8401=AXIS2_PLACEMENT_3D('Plane Axis2P3D',#8398,#8399,#8400) ;
#8412=AXIS2_PLACEMENT_3D('Circle Axis2P3D',#8410,#8411,$) ;
#8419=AXIS2_PLACEMENT_3D('Circle Axis2P3D',#8417,#8418,$) ;
#8426=AXIS2_PLACEMENT_3D('Circle Axis2P3D',#8424,#8425,$) ;
#8445=AXIS2_PLACEMENT_3D('Circle Axis2P3D',#8443,#8444,$) ;
#8452=AXIS2_PLACEMENT_3D('Circle Axis2P3D',#8450,#8451,$) ;
#8459=AXIS2_PLACEMENT_3D('Circle Axis2P3D',#8457,#8458,$) ;
#8488=AXIS2_PLACEMENT_3D('Circle Axis2P3D',#8486,#8487,$) ;
#8497=AXIS2_PLACEMENT_3D('Circle Axis2P3D',#8495,#8496,$) ;
#8504=AXIS2_PLACEMENT_3D('Circle Axis2P3D',#8502,#8503,$) ;
#8511=AXIS2_PLACEMENT_3D('Circle Axis2P3D',#8509,#8510,$) ;
#8524=AXIS2_PLACEMENT_3D('Cylinder Axis2P3D',#8521,#8522,#8523) ;
#8585=AXIS2_PLACEMENT_3D('Circle Axis2P3D',#8583,#8584,$) ;
#8592=AXIS2_PLACEMENT_3D('Circle Axis2P3D',#8590,#8591,$) ;
#8618=AXIS2_PLACEMENT_3D('Plane Axis2P3D',#8615,#8616,#8617) ;
#8645=AXIS2_PLACEMENT_3D('Cylinder Axis2P3D',#8642,#8643,#8644) ;
#8671=AXIS2_PLACEMENT_3D('Plane Axis2P3D',#8668,#8669,#8670) ;
#8675=AXIS2_PLACEMENT_3D('Circle Axis2P3D',#8673,#8674,$) ;
#8695=AXIS2_PLACEMENT_3D('Cylinder Axis2P3D',#8692,#8693,#8694) ;
#8721=AXIS2_PLACEMENT_3D('Plane Axis2P3D',#8718,#8719,#8720) ;
#8783=AXIS2_PLACEMENT_3D('Circle Axis2P3D',#8781,#8782,$) ;
#8860=AXIS2_PLACEMENT_3D('Circle Axis2P3D',#8858,#8859,$) ;
#8901=AXIS2_PLACEMENT_3D('Cone Axis2P3D',#8898,#8899,#8900) ;
#8928=AXIS2_PLACEMENT_3D('Cone Axis2P3D',#8925,#8926,#8927) ;
#8939=AXIS2_PLACEMENT_3D('Circle Axis2P3D',#8937,#8938,$) ;
#8959=AXIS2_PLACEMENT_3D('Circle Axis2P3D',#8957,#8958,$) ;
#8973=AXIS2_PLACEMENT_3D('Plane Axis2P3D',#8970,#8971,#8972) ;
#9007=AXIS2_PLACEMENT_3D('Cylinder Axis2P3D',#9004,#9005,#9006) ;
#9036=AXIS2_PLACEMENT_3D('Plane Axis2P3D',#9033,#9034,#9035) ;
#9070=AXIS2_PLACEMENT_3D('Torus Axis2P3D',#9067,#9068,#9069) ;
#9074=AXIS2_PLACEMENT_3D('Circle Axis2P3D',#9072,#9073,$) ;
#9081=AXIS2_PLACEMENT_3D('Circle Axis2P3D',#9079,#9080,$) ;
#9136=AXIS2_PLACEMENT_3D('Circle Axis2P3D',#9134,#9135,$) ;
#9143=AXIS2_PLACEMENT_3D('Circle Axis2P3D',#9141,#9142,$) ;
#9179=AXIS2_PLACEMENT_3D('Plane Axis2P3D',#9176,#9177,#9178) ;
#9189=AXIS2_PLACEMENT_3D('Plane Axis2P3D',#9186,#9187,#9188) ;
#9232=AXIS2_PLACEMENT_3D('Cone Axis2P3D',#9229,#9230,#9231) ;
#9245=AXIS2_PLACEMENT_3D('Circle Axis2P3D',#9243,#9244,$) ;
#9259=AXIS2_PLACEMENT_3D('Circle Axis2P3D',#9257,#9258,$) ;
#9271=AXIS2_PLACEMENT_3D('Circle Axis2P3D',#9269,#9270,$) ;
#9276=AXIS2_PLACEMENT_3D('Circle Axis2P3D',#9274,#9275,$) ;
#9289=AXIS2_PLACEMENT_3D('Torus Axis2P3D',#9286,#9287,#9288) ;
#9293=AXIS2_PLACEMENT_3D('Circle Axis2P3D',#9291,#9292,$) ;
#9300=AXIS2_PLACEMENT_3D('Circle Axis2P3D',#9298,#9299,$) ;
#9307=AXIS2_PLACEMENT_3D('Circle Axis2P3D',#9305,#9306,$) ;
#9319=AXIS2_PLACEMENT_3D('Circle Axis2P3D',#9317,#9318,$) ;
#9402=AXIS2_PLACEMENT_3D('Circle Axis2P3D',#9400,#9401,$) ;
#9417=AXIS2_PLACEMENT_3D('Circle Axis2P3D',#9415,#9416,$) ;
#9438=AXIS2_PLACEMENT_3D('Circle Axis2P3D',#9436,#9437,$) ;
#9443=AXIS2_PLACEMENT_3D('Circle Axis2P3D',#9441,#9442,$) ;
#9456=AXIS2_PLACEMENT_3D('Torus Axis2P3D',#9453,#9454,#9455) ;
#9460=AXIS2_PLACEMENT_3D('Circle Axis2P3D',#9458,#9459,$) ;
#9465=AXIS2_PLACEMENT_3D('Circle Axis2P3D',#9463,#9464,$) ;
#9508=AXIS2_PLACEMENT_3D('Circle Axis2P3D',#9506,#9507,$) ;
#9513=AXIS2_PLACEMENT_3D('Circle Axis2P3D',#9511,#9512,$) ;
#9533=AXIS2_PLACEMENT_3D('Cone Axis2P3D',#9530,#9531,#9532) ;
#40=PRODUCT_DEFINITION_SHAPE(' ',' ',#14) ;
#31=APPROVAL_PERSON_ORGANIZATION(#25,#21,#19) ;
#25=PERSON_AND_ORGANIZATION(#22,#23) ;
#22=PERSON(' ',' ',' ',$,$,$) ;
#23=ORGANIZATION(' ',' ',' ') ;
#21=APPROVAL(#20,' ') ;
#20=APPROVAL_STATUS('not_yet_approved') ;
#19=APPROVAL_ROLE('APPROVER') ;
#13=DATE_AND_TIME(#11,#12) ;
#12=LOCAL_TIME(15,15,56.,#10) ;
#10=COORDINATED_UNIVERSAL_TIME_OFFSET(0,0,.AHEAD.) ;
#87=ORIENTED_EDGE('',*,*,#66,.T.) ;
#88=ORIENTED_EDGE('',*,*,#73,.T.) ;
#89=ORIENTED_EDGE('',*,*,#80,.F.) ;
#90=ORIENTED_EDGE('',*,*,#85,.F.) ;
#118=ORIENTED_EDGE('',*,*,#106,.T.) ;
#119=ORIENTED_EDGE('',*,*,#111,.T.) ;
#120=ORIENTED_EDGE('',*,*,#66,.F.) ;
#121=ORIENTED_EDGE('',*,*,#116,.F.) ;
#201=ORIENTED_EDGE('',*,*,#139,.T.) ;
#202=ORIENTED_EDGE('',*,*,#147,.T.) ;
#203=ORIENTED_EDGE('',*,*,#156,.F.) ;
#204=ORIENTED_EDGE('',*,*,#163,.F.) ;
#205=ORIENTED_EDGE('',*,*,#170,.F.) ;
#206=ORIENTED_EDGE('',*,*,#187,.F.) ;
#207=ORIENTED_EDGE('',*,*,#73,.F.) ;
#208=ORIENTED_EDGE('',*,*,#194,.T.) ;
#209=ORIENTED_EDGE('',*,*,#199,.F.) ;
#275=ORIENTED_EDGE('',*,*,#80,.T.) ;
#276=ORIENTED_EDGE('',*,*,#223,.F.) ;
#277=ORIENTED_EDGE('',*,*,#273,.F.) ;
#300=ORIENTED_EDGE('',*,*,#293,.T.) ;
#301=ORIENTED_EDGE('',*,*,#298,.T.) ;
#412=ORIENTED_EDGE('',*,*,#311,.F.) ;
#413=ORIENTED_EDGE('',*,*,#318,.T.) ;
#414=ORIENTED_EDGE('',*,*,#325,.T.) ;
#415=ORIENTED_EDGE('',*,*,#332,.F.) ;
#416=ORIENTED_EDGE('',*,*,#339,.F.) ;
#417=ORIENTED_EDGE('',*,*,#349,.T.) ;
#418=ORIENTED_EDGE('',*,*,#359,.T.) ;
#419=ORIENTED_EDGE('',*,*,#366,.F.) ;
#420=ORIENTED_EDGE('',*,*,#371,.F.) ;
#421=ORIENTED_EDGE('',*,*,#116,.T.) ;
#422=ORIENTED_EDGE('',*,*,#85,.T.) ;
#423=ORIENTED_EDGE('',*,*,#378,.F.) ;
#424=ORIENTED_EDGE('',*,*,#385,.F.) ;
#425=ORIENTED_EDGE('',*,*,#395,.T.) ;
#426=ORIENTED_EDGE('',*,*,#405,.T.) ;
#427=ORIENTED_EDGE('',*,*,#410,.F.) ;
#466=ORIENTED_EDGE('',*,*,#441,.T.) ;
#467=ORIENTED_EDGE('',*,*,#106,.F.) ;
#468=ORIENTED_EDGE('',*,*,#464,.F.) ;
#541=ORIENTED_EDGE('',*,*,#486,.T.) ;
#542=ORIENTED_EDGE('',*,*,#491,.F.) ;
#543=ORIENTED_EDGE('',*,*,#194,.F.) ;
#544=ORIENTED_EDGE('',*,*,#111,.F.) ;
#545=ORIENTED_EDGE('',*,*,#510,.F.) ;
#546=ORIENTED_EDGE('',*,*,#517,.F.) ;
#547=ORIENTED_EDGE('',*,*,#524,.F.) ;
#548=ORIENTED_EDGE('',*,*,#533,.F.) ;
#549=ORIENTED_EDGE('',*,*,#539,.T.) ;
#622=ORIENTED_EDGE('',*,*,#567,.T.) ;
#623=ORIENTED_EDGE('',*,*,#576,.F.) ;
#624=ORIENTED_EDGE('',*,*,#584,.T.) ;
#625=ORIENTED_EDGE('',*,*,#593,.F.) ;
#626=ORIENTED_EDGE('',*,*,#600,.F.) ;
#627=ORIENTED_EDGE('',*,*,#609,.T.) ;
#628=ORIENTED_EDGE('',*,*,#615,.F.) ;
#629=ORIENTED_EDGE('',*,*,#170,.T.) ;
#630=ORIENTED_EDGE('',*,*,#163,.T.) ;
#631=ORIENTED_EDGE('',*,*,#620,.F.) ;
#667=ORIENTED_EDGE('',*,*,#156,.T.) ;
#668=ORIENTED_EDGE('',*,*,#645,.F.) ;
#669=ORIENTED_EDGE('',*,*,#665,.T.) ;
#670=ORIENTED_EDGE('',*,*,#620,.T.) ;
#692=ORIENTED_EDGE('',*,*,#147,.F.) ;
#693=ORIENTED_EDGE('',*,*,#684,.T.) ;
#694=ORIENTED_EDGE('',*,*,#690,.T.) ;
#695=ORIENTED_EDGE('',*,*,#645,.T.) ;
#734=ORIENTED_EDGE('',*,*,#684,.F.) ;
#735=ORIENTED_EDGE('',*,*,#139,.F.) ;
#736=ORIENTED_EDGE('',*,*,#709,.T.) ;
#737=ORIENTED_EDGE('',*,*,#732,.F.) ;
#760=ORIENTED_EDGE('',*,*,#199,.T.) ;
#761=ORIENTED_EDGE('',*,*,#491,.T.) ;
#762=ORIENTED_EDGE('',*,*,#751,.T.) ;
#763=ORIENTED_EDGE('',*,*,#758,.T.) ;
#764=ORIENTED_EDGE('',*,*,#709,.F.) ;
#803=ORIENTED_EDGE('',*,*,#751,.F.) ;
#804=ORIENTED_EDGE('',*,*,#486,.F.) ;
#805=ORIENTED_EDGE('',*,*,#778,.T.) ;
#806=ORIENTED_EDGE('',*,*,#801,.F.) ;
#861=ORIENTED_EDGE('',*,*,#223,.T.) ;
#862=ORIENTED_EDGE('',*,*,#187,.T.) ;
#863=ORIENTED_EDGE('',*,*,#859,.F.) ;
#903=ORIENTED_EDGE('',*,*,#877,.T.) ;
#904=ORIENTED_EDGE('',*,*,#887,.T.) ;
#905=ORIENTED_EDGE('',*,*,#901,.T.) ;
#906=ORIENTED_EDGE('',*,*,#378,.T.) ;
#907=ORIENTED_EDGE('',*,*,#273,.T.) ;
#935=ORIENTED_EDGE('',*,*,#921,.T.) ;
#936=ORIENTED_EDGE('',*,*,#928,.T.) ;
#937=ORIENTED_EDGE('',*,*,#933,.F.) ;
#938=ORIENTED_EDGE('',*,*,#293,.F.) ;
#952=ORIENTED_EDGE('',*,*,#933,.T.) ;
#953=ORIENTED_EDGE('',*,*,#950,.T.) ;
#954=ORIENTED_EDGE('',*,*,#921,.F.) ;
#955=ORIENTED_EDGE('',*,*,#298,.F.) ;
#1010=ORIENTED_EDGE('',*,*,#311,.T.) ;
#1011=ORIENTED_EDGE('',*,*,#978,.T.) ;
#1012=ORIENTED_EDGE('',*,*,#986,.T.) ;
#1013=ORIENTED_EDGE('',*,*,#996,.T.) ;
#1014=ORIENTED_EDGE('',*,*,#1003,.T.) ;
#1015=ORIENTED_EDGE('',*,*,#1008,.T.) ;
#1045=ORIENTED_EDGE('',*,*,#1029,.T.) ;
#1046=ORIENTED_EDGE('',*,*,#1036,.T.) ;
#1047=ORIENTED_EDGE('',*,*,#1043,.F.) ;
#1048=ORIENTED_EDGE('',*,*,#318,.F.) ;
#1069=ORIENTED_EDGE('',*,*,#1043,.T.) ;
#1070=ORIENTED_EDGE('',*,*,#1062,.T.) ;
#1071=ORIENTED_EDGE('',*,*,#1067,.F.) ;
#1072=ORIENTED_EDGE('',*,*,#325,.F.) ;
#1122=ORIENTED_EDGE('',*,*,#1083,.F.) ;
#1123=ORIENTED_EDGE('',*,*,#1093,.T.) ;
#1124=ORIENTED_EDGE('',*,*,#1101,.T.) ;
#1125=ORIENTED_EDGE('',*,*,#1115,.T.) ;
#1126=ORIENTED_EDGE('',*,*,#332,.T.) ;
#1127=ORIENTED_EDGE('',*,*,#1120,.T.) ;
#1173=ORIENTED_EDGE('',*,*,#1101,.F.) ;
#1174=ORIENTED_EDGE('',*,*,#1141,.T.) ;
#1175=ORIENTED_EDGE('',*,*,#1149,.T.) ;
#1176=ORIENTED_EDGE('',*,*,#1157,.T.) ;
#1177=ORIENTED_EDGE('',*,*,#1171,.F.) ;
#1178=ORIENTED_EDGE('',*,*,#366,.T.) ;
#1179=ORIENTED_EDGE('',*,*,#359,.F.) ;
#1180=ORIENTED_EDGE('',*,*,#349,.F.) ;
#1181=ORIENTED_EDGE('',*,*,#339,.T.) ;
#1182=ORIENTED_EDGE('',*,*,#1115,.F.) ;
#1201=ORIENTED_EDGE('',*,*,#371,.T.) ;
#1202=ORIENTED_EDGE('',*,*,#1171,.T.) ;
#1203=ORIENTED_EDGE('',*,*,#1194,.T.) ;
#1204=ORIENTED_EDGE('',*,*,#1199,.F.) ;
#1205=ORIENTED_EDGE('',*,*,#464,.T.) ;
#1235=ORIENTED_EDGE('',*,*,#1220,.T.) ;
#1236=ORIENTED_EDGE('',*,*,#986,.F.) ;
#1237=ORIENTED_EDGE('',*,*,#978,.F.) ;
#1238=ORIENTED_EDGE('',*,*,#410,.T.) ;
#1239=ORIENTED_EDGE('',*,*,#405,.F.) ;
#1240=ORIENTED_EDGE('',*,*,#395,.F.) ;
#1241=ORIENTED_EDGE('',*,*,#385,.T.) ;
#1242=ORIENTED_EDGE('',*,*,#901,.F.) ;
#1243=ORIENTED_EDGE('',*,*,#1227,.T.) ;
#1244=ORIENTED_EDGE('',*,*,#1233,.F.) ;
#1296=ORIENTED_EDGE('',*,*,#510,.T.) ;
#1297=ORIENTED_EDGE('',*,*,#441,.F.) ;
#1298=ORIENTED_EDGE('',*,*,#1294,.F.) ;
#1320=ORIENTED_EDGE('',*,*,#1312,.F.) ;
#1321=ORIENTED_EDGE('',*,*,#1318,.F.) ;
#1322=ORIENTED_EDGE('',*,*,#778,.F.) ;
#1323=ORIENTED_EDGE('',*,*,#539,.F.) ;
#1359=ORIENTED_EDGE('',*,*,#533,.T.) ;
#1360=ORIENTED_EDGE('',*,*,#1337,.F.) ;
#1361=ORIENTED_EDGE('',*,*,#1357,.T.) ;
#1362=ORIENTED_EDGE('',*,*,#1312,.T.) ;
#1423=ORIENTED_EDGE('',*,*,#524,.T.) ;
#1424=ORIENTED_EDGE('',*,*,#517,.T.) ;
#1425=ORIENTED_EDGE('',*,*,#1372,.F.) ;
#1426=ORIENTED_EDGE('',*,*,#1381,.T.) ;
#1427=ORIENTED_EDGE('',*,*,#1388,.F.) ;
#1428=ORIENTED_EDGE('',*,*,#1397,.F.) ;
#1429=ORIENTED_EDGE('',*,*,#1405,.T.) ;
#1430=ORIENTED_EDGE('',*,*,#1414,.T.) ;
#1431=ORIENTED_EDGE('',*,*,#1421,.T.) ;
#1432=ORIENTED_EDGE('',*,*,#1337,.T.) ;
#1469=ORIENTED_EDGE('',*,*,#600,.T.) ;
#1470=ORIENTED_EDGE('',*,*,#1447,.T.) ;
#1471=ORIENTED_EDGE('',*,*,#1454,.T.) ;
#1472=ORIENTED_EDGE('',*,*,#1462,.T.) ;
#1473=ORIENTED_EDGE('',*,*,#1467,.T.) ;
#1515=ORIENTED_EDGE('',*,*,#1467,.F.) ;
#1516=ORIENTED_EDGE('',*,*,#1502,.T.) ;
#1517=ORIENTED_EDGE('',*,*,#1513,.T.) ;
#1518=ORIENTED_EDGE('',*,*,#609,.F.) ;
#1546=ORIENTED_EDGE('',*,*,#1532,.T.) ;
#1547=ORIENTED_EDGE('',*,*,#1454,.F.) ;
#1548=ORIENTED_EDGE('',*,*,#1539,.F.) ;
#1549=ORIENTED_EDGE('',*,*,#1544,.T.) ;
#1570=ORIENTED_EDGE('',*,*,#1563,.T.) ;
#1571=ORIENTED_EDGE('',*,*,#1532,.F.) ;
#1572=ORIENTED_EDGE('',*,*,#1568,.F.) ;
#1621=ORIENTED_EDGE('',*,*,#1462,.F.) ;
#1622=ORIENTED_EDGE('',*,*,#1563,.F.) ;
#1623=ORIENTED_EDGE('',*,*,#1619,.T.) ;
#1624=ORIENTED_EDGE('',*,*,#1502,.F.) ;
#1678=ORIENTED_EDGE('',*,*,#1513,.F.) ;
#1679=ORIENTED_EDGE('',*,*,#1638,.T.) ;
#1680=ORIENTED_EDGE('',*,*,#1646,.T.) ;
#1681=ORIENTED_EDGE('',*,*,#1654,.F.) ;
#1682=ORIENTED_EDGE('',*,*,#1670,.F.) ;
#1683=ORIENTED_EDGE('',*,*,#1676,.F.) ;
#1684=ORIENTED_EDGE('',*,*,#877,.F.) ;
#1685=ORIENTED_EDGE('',*,*,#859,.T.) ;
#1686=ORIENTED_EDGE('',*,*,#615,.T.) ;
#1722=ORIENTED_EDGE('',*,*,#665,.F.) ;
#1723=ORIENTED_EDGE('',*,*,#690,.F.) ;
#1724=ORIENTED_EDGE('',*,*,#732,.T.) ;
#1725=ORIENTED_EDGE('',*,*,#758,.F.) ;
#1726=ORIENTED_EDGE('',*,*,#801,.T.) ;
#1727=ORIENTED_EDGE('',*,*,#1318,.T.) ;
#1728=ORIENTED_EDGE('',*,*,#1357,.F.) ;
#1729=ORIENTED_EDGE('',*,*,#1421,.F.) ;
#1730=ORIENTED_EDGE('',*,*,#1706,.T.) ;
#1731=ORIENTED_EDGE('',*,*,#1713,.T.) ;
#1732=ORIENTED_EDGE('',*,*,#1720,.F.) ;
#1733=ORIENTED_EDGE('',*,*,#567,.F.) ;
#1765=ORIENTED_EDGE('',*,*,#1713,.F.) ;
#1766=ORIENTED_EDGE('',*,*,#1749,.F.) ;
#1767=ORIENTED_EDGE('',*,*,#1756,.T.) ;
#1768=ORIENTED_EDGE('',*,*,#1763,.T.) ;
#1847=ORIENTED_EDGE('',*,*,#1838,.F.) ;
#1848=ORIENTED_EDGE('',*,*,#576,.T.) ;
#1849=ORIENTED_EDGE('',*,*,#1720,.T.) ;
#1850=ORIENTED_EDGE('',*,*,#1845,.T.) ;
#1914=ORIENTED_EDGE('',*,*,#1905,.T.) ;
#1915=ORIENTED_EDGE('',*,*,#1912,.T.) ;
#1916=ORIENTED_EDGE('',*,*,#1845,.F.) ;
#1917=ORIENTED_EDGE('',*,*,#1763,.F.) ;
#1939=ORIENTED_EDGE('',*,*,#1931,.T.) ;
#1940=ORIENTED_EDGE('',*,*,#1937,.F.) ;
#1941=ORIENTED_EDGE('',*,*,#584,.F.) ;
#1942=ORIENTED_EDGE('',*,*,#1838,.T.) ;
#1963=ORIENTED_EDGE('',*,*,#1956,.T.) ;
#1964=ORIENTED_EDGE('',*,*,#1961,.T.) ;
#1965=ORIENTED_EDGE('',*,*,#1931,.F.) ;
#1966=ORIENTED_EDGE('',*,*,#1912,.F.) ;
#2021=ORIENTED_EDGE('',*,*,#1447,.F.) ;
#2022=ORIENTED_EDGE('',*,*,#593,.T.) ;
#2023=ORIENTED_EDGE('',*,*,#1937,.T.) ;
#2024=ORIENTED_EDGE('',*,*,#2013,.T.) ;
#2025=ORIENTED_EDGE('',*,*,#2019,.T.) ;
#2086=ORIENTED_EDGE('',*,*,#2077,.T.) ;
#2087=ORIENTED_EDGE('',*,*,#1539,.T.) ;
#2088=ORIENTED_EDGE('',*,*,#2019,.F.) ;
#2089=ORIENTED_EDGE('',*,*,#2084,.F.) ;
#2141=ORIENTED_EDGE('',*,*,#2139,.T.) ;
#2142=ORIENTED_EDGE('',*,*,#2084,.T.) ;
#2143=ORIENTED_EDGE('',*,*,#2013,.F.) ;
#2144=ORIENTED_EDGE('',*,*,#1961,.F.) ;
#2166=ORIENTED_EDGE('',*,*,#996,.F.) ;
#2167=ORIENTED_EDGE('',*,*,#1220,.F.) ;
#2168=ORIENTED_EDGE('',*,*,#1233,.T.) ;
#2169=ORIENTED_EDGE('',*,*,#1227,.F.) ;
#2170=ORIENTED_EDGE('',*,*,#887,.F.) ;
#2171=ORIENTED_EDGE('',*,*,#1676,.T.) ;
#2172=ORIENTED_EDGE('',*,*,#2158,.F.) ;
#2173=ORIENTED_EDGE('',*,*,#2164,.T.) ;
#2201=ORIENTED_EDGE('',*,*,#928,.F.) ;
#2202=ORIENTED_EDGE('',*,*,#2187,.F.) ;
#2203=ORIENTED_EDGE('',*,*,#2194,.F.) ;
#2204=ORIENTED_EDGE('',*,*,#2199,.T.) ;
#2218=ORIENTED_EDGE('',*,*,#2199,.F.) ;
#2219=ORIENTED_EDGE('',*,*,#2216,.F.) ;
#2220=ORIENTED_EDGE('',*,*,#2187,.T.) ;
#2221=ORIENTED_EDGE('',*,*,#950,.F.) ;
#2295=ORIENTED_EDGE('',*,*,#2232,.T.) ;
#2296=ORIENTED_EDGE('',*,*,#2239,.T.) ;
#2297=ORIENTED_EDGE('',*,*,#2256,.T.) ;
#2298=ORIENTED_EDGE('',*,*,#1003,.F.) ;
#2299=ORIENTED_EDGE('',*,*,#2164,.F.) ;
#2300=ORIENTED_EDGE('',*,*,#2272,.F.) ;
#2301=ORIENTED_EDGE('',*,*,#2280,.F.) ;
#2302=ORIENTED_EDGE('',*,*,#2288,.F.) ;
#2303=ORIENTED_EDGE('',*,*,#2293,.T.) ;
#2351=ORIENTED_EDGE('',*,*,#2336,.T.) ;
#2352=ORIENTED_EDGE('',*,*,#2343,.F.) ;
#2353=ORIENTED_EDGE('',*,*,#2232,.F.) ;
#2354=ORIENTED_EDGE('',*,*,#2349,.T.) ;
#2368=ORIENTED_EDGE('',*,*,#2366,.T.) ;
#2369=ORIENTED_EDGE('',*,*,#1029,.F.) ;
#2370=ORIENTED_EDGE('',*,*,#1008,.F.) ;
#2448=ORIENTED_EDGE('',*,*,#2388,.T.) ;
#2449=ORIENTED_EDGE('',*,*,#2395,.F.) ;
#2450=ORIENTED_EDGE('',*,*,#2400,.F.) ;
#2451=ORIENTED_EDGE('',*,*,#1036,.F.) ;
#2452=ORIENTED_EDGE('',*,*,#2417,.F.) ;
#2453=ORIENTED_EDGE('',*,*,#2424,.F.) ;
#2454=ORIENTED_EDGE('',*,*,#2431,.F.) ;
#2455=ORIENTED_EDGE('',*,*,#2440,.F.) ;
#2456=ORIENTED_EDGE('',*,*,#2446,.T.) ;
#2529=ORIENTED_EDGE('',*,*,#2474,.T.) ;
#2530=ORIENTED_EDGE('',*,*,#2482,.T.) ;
#2531=ORIENTED_EDGE('',*,*,#2491,.F.) ;
#2532=ORIENTED_EDGE('',*,*,#2498,.F.) ;
#2533=ORIENTED_EDGE('',*,*,#2505,.F.) ;
#2534=ORIENTED_EDGE('',*,*,#2522,.F.) ;
#2535=ORIENTED_EDGE('',*,*,#1062,.F.) ;
#2536=ORIENTED_EDGE('',*,*,#2400,.T.) ;
#2537=ORIENTED_EDGE('',*,*,#2527,.F.) ;
#2551=ORIENTED_EDGE('',*,*,#1067,.T.) ;
#2552=ORIENTED_EDGE('',*,*,#2549,.F.) ;
#2553=ORIENTED_EDGE('',*,*,#1120,.F.) ;
#2638=ORIENTED_EDGE('',*,*,#2569,.F.) ;
#2639=ORIENTED_EDGE('',*,*,#2576,.F.) ;
#2640=ORIENTED_EDGE('',*,*,#2584,.T.) ;
#2641=ORIENTED_EDGE('',*,*,#2592,.F.) ;
#2642=ORIENTED_EDGE('',*,*,#2608,.F.) ;
#2643=ORIENTED_EDGE('',*,*,#2614,.F.) ;
#2644=ORIENTED_EDGE('',*,*,#1083,.T.) ;
#2645=ORIENTED_EDGE('',*,*,#2631,.T.) ;
#2646=ORIENTED_EDGE('',*,*,#2636,.T.) ;
#2694=ORIENTED_EDGE('',*,*,#2569,.T.) ;
#2695=ORIENTED_EDGE('',*,*,#2676,.F.) ;
#2696=ORIENTED_EDGE('',*,*,#2686,.F.) ;
#2697=ORIENTED_EDGE('',*,*,#2692,.T.) ;
#2719=ORIENTED_EDGE('',*,*,#2711,.T.) ;
#2720=ORIENTED_EDGE('',*,*,#2717,.T.) ;
#2721=ORIENTED_EDGE('',*,*,#1194,.F.) ;
#2722=ORIENTED_EDGE('',*,*,#1157,.F.) ;
#2723=ORIENTED_EDGE('',*,*,#1149,.F.) ;
#2724=ORIENTED_EDGE('',*,*,#1141,.F.) ;
#2725=ORIENTED_EDGE('',*,*,#1093,.F.) ;
#2726=ORIENTED_EDGE('',*,*,#2614,.T.) ;
#2774=ORIENTED_EDGE('',*,*,#2735,.T.) ;
#2775=ORIENTED_EDGE('',*,*,#1372,.T.) ;
#2776=ORIENTED_EDGE('',*,*,#1294,.T.) ;
#2777=ORIENTED_EDGE('',*,*,#1199,.T.) ;
#2778=ORIENTED_EDGE('',*,*,#2717,.F.) ;
#2779=ORIENTED_EDGE('',*,*,#2751,.F.) ;
#2780=ORIENTED_EDGE('',*,*,#2759,.F.) ;
#2781=ORIENTED_EDGE('',*,*,#2767,.F.) ;
#2782=ORIENTED_EDGE('',*,*,#2772,.F.) ;
#2824=ORIENTED_EDGE('',*,*,#2735,.F.) ;
#2825=ORIENTED_EDGE('',*,*,#2811,.T.) ;
#2826=ORIENTED_EDGE('',*,*,#2822,.T.) ;
#2827=ORIENTED_EDGE('',*,*,#1381,.F.) ;
#2859=ORIENTED_EDGE('',*,*,#2843,.T.) ;
#2860=ORIENTED_EDGE('',*,*,#2851,.T.) ;
#2861=ORIENTED_EDGE('',*,*,#1405,.F.) ;
#2862=ORIENTED_EDGE('',*,*,#2857,.T.) ;
#2890=ORIENTED_EDGE('',*,*,#2878,.T.) ;
#2891=ORIENTED_EDGE('',*,*,#2883,.T.) ;
#2892=ORIENTED_EDGE('',*,*,#2843,.F.) ;
#2893=ORIENTED_EDGE('',*,*,#2888,.F.) ;
#2959=ORIENTED_EDGE('',*,*,#1706,.F.) ;
#2960=ORIENTED_EDGE('',*,*,#1414,.F.) ;
#2961=ORIENTED_EDGE('',*,*,#2851,.F.) ;
#2962=ORIENTED_EDGE('',*,*,#2957,.T.) ;
#3017=ORIENTED_EDGE('',*,*,#2957,.F.) ;
#3018=ORIENTED_EDGE('',*,*,#2883,.F.) ;
#3019=ORIENTED_EDGE('',*,*,#3015,.T.) ;
#3020=ORIENTED_EDGE('',*,*,#1749,.T.) ;
#3050=ORIENTED_EDGE('',*,*,#3036,.T.) ;
#3051=ORIENTED_EDGE('',*,*,#3042,.F.) ;
#3052=ORIENTED_EDGE('',*,*,#1388,.T.) ;
#3053=ORIENTED_EDGE('',*,*,#2822,.F.) ;
#3054=ORIENTED_EDGE('',*,*,#3048,.F.) ;
#3082=ORIENTED_EDGE('',*,*,#3068,.F.) ;
#3083=ORIENTED_EDGE('',*,*,#3075,.T.) ;
#3084=ORIENTED_EDGE('',*,*,#3080,.T.) ;
#3085=ORIENTED_EDGE('',*,*,#3036,.F.) ;
#3106=ORIENTED_EDGE('',*,*,#3068,.T.) ;
#3107=ORIENTED_EDGE('',*,*,#3099,.T.) ;
#3108=ORIENTED_EDGE('',*,*,#3104,.F.) ;
#3157=ORIENTED_EDGE('',*,*,#2811,.F.) ;
#3158=ORIENTED_EDGE('',*,*,#3155,.F.) ;
#3159=ORIENTED_EDGE('',*,*,#3099,.F.) ;
#3160=ORIENTED_EDGE('',*,*,#3048,.T.) ;
#3215=ORIENTED_EDGE('',*,*,#2857,.F.) ;
#3216=ORIENTED_EDGE('',*,*,#1397,.T.) ;
#3217=ORIENTED_EDGE('',*,*,#3042,.T.) ;
#3218=ORIENTED_EDGE('',*,*,#3207,.T.) ;
#3219=ORIENTED_EDGE('',*,*,#3213,.T.) ;
#3283=ORIENTED_EDGE('',*,*,#3274,.T.) ;
#3284=ORIENTED_EDGE('',*,*,#2888,.T.) ;
#3285=ORIENTED_EDGE('',*,*,#3213,.F.) ;
#3286=ORIENTED_EDGE('',*,*,#3281,.F.) ;
#3338=ORIENTED_EDGE('',*,*,#3336,.T.) ;
#3339=ORIENTED_EDGE('',*,*,#3281,.T.) ;
#3340=ORIENTED_EDGE('',*,*,#3207,.F.) ;
#3341=ORIENTED_EDGE('',*,*,#3080,.F.) ;
#3381=ORIENTED_EDGE('',*,*,#1544,.F.) ;
#3382=ORIENTED_EDGE('',*,*,#2077,.F.) ;
#3383=ORIENTED_EDGE('',*,*,#3357,.T.) ;
#3384=ORIENTED_EDGE('',*,*,#3365,.F.) ;
#3385=ORIENTED_EDGE('',*,*,#3372,.F.) ;
#3386=ORIENTED_EDGE('',*,*,#3379,.T.) ;
#3414=ORIENTED_EDGE('',*,*,#3400,.T.) ;
#3415=ORIENTED_EDGE('',*,*,#3372,.T.) ;
#3416=ORIENTED_EDGE('',*,*,#3407,.T.) ;
#3417=ORIENTED_EDGE('',*,*,#3412,.F.) ;
#3438=ORIENTED_EDGE('',*,*,#3431,.T.) ;
#3439=ORIENTED_EDGE('',*,*,#3400,.F.) ;
#3440=ORIENTED_EDGE('',*,*,#3436,.F.) ;
#3501=ORIENTED_EDGE('',*,*,#3365,.T.) ;
#3502=ORIENTED_EDGE('',*,*,#3488,.T.) ;
#3503=ORIENTED_EDGE('',*,*,#3499,.F.) ;
#3504=ORIENTED_EDGE('',*,*,#3407,.F.) ;
#3518=ORIENTED_EDGE('',*,*,#3516,.T.) ;
#3519=ORIENTED_EDGE('',*,*,#1568,.T.) ;
#3520=ORIENTED_EDGE('',*,*,#3379,.F.) ;
#3521=ORIENTED_EDGE('',*,*,#3431,.F.) ;
#3535=ORIENTED_EDGE('',*,*,#2158,.T.) ;
#3536=ORIENTED_EDGE('',*,*,#1670,.T.) ;
#3537=ORIENTED_EDGE('',*,*,#3533,.F.) ;
#3538=ORIENTED_EDGE('',*,*,#2272,.T.) ;
#3562=ORIENTED_EDGE('',*,*,#3554,.F.) ;
#3563=ORIENTED_EDGE('',*,*,#3560,.T.) ;
#3564=ORIENTED_EDGE('',*,*,#2280,.T.) ;
#3565=ORIENTED_EDGE('',*,*,#3533,.T.) ;
#3566=ORIENTED_EDGE('',*,*,#1654,.T.) ;
#3623=ORIENTED_EDGE('',*,*,#3580,.T.) ;
#3624=ORIENTED_EDGE('',*,*,#3554,.T.) ;
#3625=ORIENTED_EDGE('',*,*,#1646,.F.) ;
#3626=ORIENTED_EDGE('',*,*,#3621,.F.) ;
#3702=ORIENTED_EDGE('',*,*,#3642,.F.) ;
#3703=ORIENTED_EDGE('',*,*,#3650,.F.) ;
#3704=ORIENTED_EDGE('',*,*,#3658,.F.) ;
#3705=ORIENTED_EDGE('',*,*,#3667,.F.) ;
#3706=ORIENTED_EDGE('',*,*,#3677,.F.) ;
#3707=ORIENTED_EDGE('',*,*,#3686,.F.) ;
#3708=ORIENTED_EDGE('',*,*,#3694,.F.) ;
#3709=ORIENTED_EDGE('',*,*,#3700,.F.) ;
#3710=ORIENTED_EDGE('',*,*,#3357,.F.) ;
#3711=ORIENTED_EDGE('',*,*,#2139,.F.) ;
#3712=ORIENTED_EDGE('',*,*,#1956,.F.) ;
#3713=ORIENTED_EDGE('',*,*,#1905,.F.) ;
#3714=ORIENTED_EDGE('',*,*,#1756,.F.) ;
#3715=ORIENTED_EDGE('',*,*,#3015,.F.) ;
#3716=ORIENTED_EDGE('',*,*,#2878,.F.) ;
#3717=ORIENTED_EDGE('',*,*,#3274,.F.) ;
#3758=ORIENTED_EDGE('',*,*,#3739,.F.) ;
#3759=ORIENTED_EDGE('',*,*,#3756,.F.) ;
#3820=ORIENTED_EDGE('',*,*,#3700,.T.) ;
#3821=ORIENTED_EDGE('',*,*,#3807,.T.) ;
#3822=ORIENTED_EDGE('',*,*,#3818,.F.) ;
#3823=ORIENTED_EDGE('',*,*,#3488,.F.) ;
#3899=ORIENTED_EDGE('',*,*,#3667,.T.) ;
#3900=ORIENTED_EDGE('',*,*,#3871,.T.) ;
#3901=ORIENTED_EDGE('',*,*,#3890,.F.) ;
#3902=ORIENTED_EDGE('',*,*,#3897,.F.) ;
#3925=ORIENTED_EDGE('',*,*,#3916,.F.) ;
#3926=ORIENTED_EDGE('',*,*,#3923,.F.) ;
#3927=ORIENTED_EDGE('',*,*,#3677,.T.) ;
#3928=ORIENTED_EDGE('',*,*,#3897,.T.) ;
#3992=ORIENTED_EDGE('',*,*,#3983,.F.) ;
#3993=ORIENTED_EDGE('',*,*,#3990,.F.) ;
#3994=ORIENTED_EDGE('',*,*,#3686,.T.) ;
#3995=ORIENTED_EDGE('',*,*,#3923,.T.) ;
#4009=ORIENTED_EDGE('',*,*,#3694,.T.) ;
#4010=ORIENTED_EDGE('',*,*,#3990,.T.) ;
#4011=ORIENTED_EDGE('',*,*,#4007,.F.) ;
#4012=ORIENTED_EDGE('',*,*,#3807,.F.) ;
#4033=ORIENTED_EDGE('',*,*,#3658,.T.) ;
#4034=ORIENTED_EDGE('',*,*,#4026,.T.) ;
#4035=ORIENTED_EDGE('',*,*,#4031,.F.) ;
#4036=ORIENTED_EDGE('',*,*,#3871,.F.) ;
#4100=ORIENTED_EDGE('',*,*,#3650,.T.) ;
#4101=ORIENTED_EDGE('',*,*,#4084,.T.) ;
#4102=ORIENTED_EDGE('',*,*,#4098,.F.) ;
#4103=ORIENTED_EDGE('',*,*,#4026,.F.) ;
#4131=ORIENTED_EDGE('',*,*,#4117,.T.) ;
#4132=ORIENTED_EDGE('',*,*,#2194,.T.) ;
#4133=ORIENTED_EDGE('',*,*,#4124,.F.) ;
#4134=ORIENTED_EDGE('',*,*,#4129,.F.) ;
#4148=ORIENTED_EDGE('',*,*,#4124,.T.) ;
#4149=ORIENTED_EDGE('',*,*,#2216,.T.) ;
#4150=ORIENTED_EDGE('',*,*,#4117,.F.) ;
#4151=ORIENTED_EDGE('',*,*,#4146,.F.) ;
#4192=ORIENTED_EDGE('',*,*,#2417,.T.) ;
#4193=ORIENTED_EDGE('',*,*,#2366,.F.) ;
#4194=ORIENTED_EDGE('',*,*,#2256,.F.) ;
#4245=ORIENTED_EDGE('',*,*,#2431,.T.) ;
#4246=ORIENTED_EDGE('',*,*,#2424,.T.) ;
#4247=ORIENTED_EDGE('',*,*,#2239,.F.) ;
#4248=ORIENTED_EDGE('',*,*,#2343,.T.) ;
#4249=ORIENTED_EDGE('',*,*,#4203,.T.) ;
#4250=ORIENTED_EDGE('',*,*,#4212,.F.) ;
#4251=ORIENTED_EDGE('',*,*,#4220,.T.) ;
#4252=ORIENTED_EDGE('',*,*,#4229,.T.) ;
#4253=ORIENTED_EDGE('',*,*,#4238,.T.) ;
#4254=ORIENTED_EDGE('',*,*,#4243,.T.) ;
#4290=ORIENTED_EDGE('',*,*,#2440,.T.) ;
#4291=ORIENTED_EDGE('',*,*,#4243,.F.) ;
#4292=ORIENTED_EDGE('',*,*,#4283,.T.) ;
#4293=ORIENTED_EDGE('',*,*,#4288,.T.) ;
#4314=ORIENTED_EDGE('',*,*,#4306,.T.) ;
#4315=ORIENTED_EDGE('',*,*,#3412,.T.) ;
#4316=ORIENTED_EDGE('',*,*,#4312,.F.) ;
#4317=ORIENTED_EDGE('',*,*,#4203,.F.) ;
#4318=ORIENTED_EDGE('',*,*,#2336,.F.) ;
#4370=ORIENTED_EDGE('',*,*,#2349,.F.) ;
#4371=ORIENTED_EDGE('',*,*,#4368,.T.) ;
#4372=ORIENTED_EDGE('',*,*,#3436,.T.) ;
#4373=ORIENTED_EDGE('',*,*,#4306,.F.) ;
#4383=ORIENTED_EDGE('',*,*,#2288,.T.) ;
#4384=ORIENTED_EDGE('',*,*,#3560,.F.) ;
#4385=ORIENTED_EDGE('',*,*,#3580,.F.) ;
#4386=ORIENTED_EDGE('',*,*,#4381,.T.) ;
#4411=ORIENTED_EDGE('',*,*,#4399,.T.) ;
#4412=ORIENTED_EDGE('',*,*,#4404,.T.) ;
#4413=ORIENTED_EDGE('',*,*,#2527,.T.) ;
#4414=ORIENTED_EDGE('',*,*,#2395,.T.) ;
#4415=ORIENTED_EDGE('',*,*,#4409,.F.) ;
#4454=ORIENTED_EDGE('',*,*,#4429,.F.) ;
#4455=ORIENTED_EDGE('',*,*,#4452,.F.) ;
#4456=ORIENTED_EDGE('',*,*,#4409,.T.) ;
#4457=ORIENTED_EDGE('',*,*,#2388,.F.) ;
#4496=ORIENTED_EDGE('',*,*,#4404,.F.) ;
#4497=ORIENTED_EDGE('',*,*,#4489,.F.) ;
#4498=ORIENTED_EDGE('',*,*,#4494,.T.) ;
#4499=ORIENTED_EDGE('',*,*,#2474,.F.) ;
#4509=ORIENTED_EDGE('',*,*,#4507,.T.) ;
#4510=ORIENTED_EDGE('',*,*,#4429,.T.) ;
#4511=ORIENTED_EDGE('',*,*,#2446,.F.) ;
#4512=ORIENTED_EDGE('',*,*,#4288,.F.) ;
#4563=ORIENTED_EDGE('',*,*,#4525,.T.) ;
#4564=ORIENTED_EDGE('',*,*,#4534,.F.) ;
#4565=ORIENTED_EDGE('',*,*,#4542,.T.) ;
#4566=ORIENTED_EDGE('',*,*,#4551,.F.) ;
#4567=ORIENTED_EDGE('',*,*,#4556,.T.) ;
#4568=ORIENTED_EDGE('',*,*,#2676,.T.) ;
#4569=ORIENTED_EDGE('',*,*,#2636,.F.) ;
#4570=ORIENTED_EDGE('',*,*,#2505,.T.) ;
#4571=ORIENTED_EDGE('',*,*,#2498,.T.) ;
#4572=ORIENTED_EDGE('',*,*,#4561,.T.) ;
#4608=ORIENTED_EDGE('',*,*,#4601,.T.) ;
#4609=ORIENTED_EDGE('',*,*,#4561,.F.) ;
#4610=ORIENTED_EDGE('',*,*,#2491,.T.) ;
#4611=ORIENTED_EDGE('',*,*,#4606,.T.) ;
#4621=ORIENTED_EDGE('',*,*,#4606,.F.) ;
#4622=ORIENTED_EDGE('',*,*,#2482,.F.) ;
#4623=ORIENTED_EDGE('',*,*,#4494,.F.) ;
#4624=ORIENTED_EDGE('',*,*,#4619,.F.) ;
#4665=ORIENTED_EDGE('',*,*,#2549,.T.) ;
#4666=ORIENTED_EDGE('',*,*,#2522,.T.) ;
#4667=ORIENTED_EDGE('',*,*,#2631,.F.) ;
#4697=ORIENTED_EDGE('',*,*,#4682,.F.) ;
#4698=ORIENTED_EDGE('',*,*,#2686,.T.) ;
#4699=ORIENTED_EDGE('',*,*,#4556,.F.) ;
#4700=ORIENTED_EDGE('',*,*,#4690,.F.) ;
#4701=ORIENTED_EDGE('',*,*,#4695,.T.) ;
#4729=ORIENTED_EDGE('',*,*,#4715,.F.) ;
#4730=ORIENTED_EDGE('',*,*,#4695,.F.) ;
#4731=ORIENTED_EDGE('',*,*,#4722,.F.) ;
#4732=ORIENTED_EDGE('',*,*,#4727,.T.) ;
#4753=ORIENTED_EDGE('',*,*,#4715,.T.) ;
#4754=ORIENTED_EDGE('',*,*,#4746,.T.) ;
#4755=ORIENTED_EDGE('',*,*,#4751,.F.) ;
#4807=ORIENTED_EDGE('',*,*,#4682,.T.) ;
#4808=ORIENTED_EDGE('',*,*,#4751,.T.) ;
#4809=ORIENTED_EDGE('',*,*,#4805,.F.) ;
#4810=ORIENTED_EDGE('',*,*,#2692,.F.) ;
#4824=ORIENTED_EDGE('',*,*,#2608,.T.) ;
#4825=ORIENTED_EDGE('',*,*,#4822,.T.) ;
#4826=ORIENTED_EDGE('',*,*,#2751,.T.) ;
#4827=ORIENTED_EDGE('',*,*,#2711,.F.) ;
#4851=ORIENTED_EDGE('',*,*,#2759,.T.) ;
#4852=ORIENTED_EDGE('',*,*,#4822,.F.) ;
#4853=ORIENTED_EDGE('',*,*,#2592,.T.) ;
#4854=ORIENTED_EDGE('',*,*,#4842,.F.) ;
#4855=ORIENTED_EDGE('',*,*,#4849,.T.) ;
#4877=ORIENTED_EDGE('',*,*,#4869,.T.) ;
#4878=ORIENTED_EDGE('',*,*,#4842,.T.) ;
#4879=ORIENTED_EDGE('',*,*,#2584,.F.) ;
#4880=ORIENTED_EDGE('',*,*,#4875,.F.) ;
#4925=ORIENTED_EDGE('',*,*,#2767,.T.) ;
#4926=ORIENTED_EDGE('',*,*,#4849,.F.) ;
#4927=ORIENTED_EDGE('',*,*,#4869,.F.) ;
#4928=ORIENTED_EDGE('',*,*,#4923,.T.) ;
#4945=ORIENTED_EDGE('',*,*,#4727,.F.) ;
#4946=ORIENTED_EDGE('',*,*,#4936,.F.) ;
#4947=ORIENTED_EDGE('',*,*,#3642,.T.) ;
#4948=ORIENTED_EDGE('',*,*,#3336,.F.) ;
#4949=ORIENTED_EDGE('',*,*,#3075,.F.) ;
#4950=ORIENTED_EDGE('',*,*,#4943,.F.) ;
#5002=ORIENTED_EDGE('',*,*,#4936,.T.) ;
#5003=ORIENTED_EDGE('',*,*,#4722,.T.) ;
#5004=ORIENTED_EDGE('',*,*,#5000,.F.) ;
#5005=ORIENTED_EDGE('',*,*,#4084,.F.) ;
#5019=ORIENTED_EDGE('',*,*,#4943,.T.) ;
#5020=ORIENTED_EDGE('',*,*,#3104,.T.) ;
#5021=ORIENTED_EDGE('',*,*,#5017,.F.) ;
#5022=ORIENTED_EDGE('',*,*,#4746,.F.) ;
#5071=ORIENTED_EDGE('',*,*,#3499,.T.) ;
#5072=ORIENTED_EDGE('',*,*,#3818,.T.) ;
#5073=ORIENTED_EDGE('',*,*,#5069,.F.) ;
#5074=ORIENTED_EDGE('',*,*,#4212,.T.) ;
#5075=ORIENTED_EDGE('',*,*,#4312,.T.) ;
#5153=ORIENTED_EDGE('',*,*,#5143,.F.) ;
#5154=ORIENTED_EDGE('',*,*,#4534,.T.) ;
#5155=ORIENTED_EDGE('',*,*,#5151,.T.) ;
#5156=ORIENTED_EDGE('',*,*,#3890,.T.) ;
#5171=ORIENTED_EDGE('',*,*,#4601,.F.) ;
#5172=ORIENTED_EDGE('',*,*,#4619,.T.) ;
#5173=ORIENTED_EDGE('',*,*,#4489,.T.) ;
#5174=ORIENTED_EDGE('',*,*,#4399,.F.) ;
#5175=ORIENTED_EDGE('',*,*,#4452,.T.) ;
#5176=ORIENTED_EDGE('',*,*,#4507,.F.) ;
#5177=ORIENTED_EDGE('',*,*,#4283,.F.) ;
#5178=ORIENTED_EDGE('',*,*,#4238,.F.) ;
#5179=ORIENTED_EDGE('',*,*,#5169,.T.) ;
#5180=ORIENTED_EDGE('',*,*,#3916,.T.) ;
#5181=ORIENTED_EDGE('',*,*,#5151,.F.) ;
#5182=ORIENTED_EDGE('',*,*,#4525,.F.) ;
#5252=ORIENTED_EDGE('',*,*,#5169,.F.) ;
#5253=ORIENTED_EDGE('',*,*,#4229,.F.) ;
#5254=ORIENTED_EDGE('',*,*,#5250,.F.) ;
#5255=ORIENTED_EDGE('',*,*,#3983,.T.) ;
#5259=ORIENTED_EDGE('',*,*,#4007,.T.) ;
#5260=ORIENTED_EDGE('',*,*,#5250,.T.) ;
#5261=ORIENTED_EDGE('',*,*,#4220,.F.) ;
#5262=ORIENTED_EDGE('',*,*,#5069,.T.) ;
#5272=ORIENTED_EDGE('',*,*,#4031,.T.) ;
#5273=ORIENTED_EDGE('',*,*,#5270,.T.) ;
#5274=ORIENTED_EDGE('',*,*,#4542,.F.) ;
#5275=ORIENTED_EDGE('',*,*,#5143,.T.) ;
#5369=ORIENTED_EDGE('',*,*,#5291,.F.) ;
#5370=ORIENTED_EDGE('',*,*,#5299,.T.) ;
#5371=ORIENTED_EDGE('',*,*,#5309,.F.) ;
#5372=ORIENTED_EDGE('',*,*,#5317,.F.) ;
#5373=ORIENTED_EDGE('',*,*,#5324,.F.) ;
#5374=ORIENTED_EDGE('',*,*,#5329,.F.) ;
#5375=ORIENTED_EDGE('',*,*,#3739,.T.) ;
#5376=ORIENTED_EDGE('',*,*,#5336,.T.) ;
#5377=ORIENTED_EDGE('',*,*,#5343,.F.) ;
#5378=ORIENTED_EDGE('',*,*,#5351,.T.) ;
#5379=ORIENTED_EDGE('',*,*,#5361,.F.) ;
#5380=ORIENTED_EDGE('',*,*,#5367,.F.) ;
#5455=ORIENTED_EDGE('',*,*,#5391,.F.) ;
#5456=ORIENTED_EDGE('',*,*,#5399,.T.) ;
#5457=ORIENTED_EDGE('',*,*,#5409,.F.) ;
#5458=ORIENTED_EDGE('',*,*,#5417,.F.) ;
#5459=ORIENTED_EDGE('',*,*,#5422,.F.) ;
#5460=ORIENTED_EDGE('',*,*,#5336,.F.) ;
#5461=ORIENTED_EDGE('',*,*,#3756,.T.) ;
#5462=ORIENTED_EDGE('',*,*,#5329,.T.) ;
#5463=ORIENTED_EDGE('',*,*,#5429,.F.) ;
#5464=ORIENTED_EDGE('',*,*,#5437,.T.) ;
#5465=ORIENTED_EDGE('',*,*,#5447,.F.) ;
#5466=ORIENTED_EDGE('',*,*,#5453,.F.) ;
#5475=ORIENTED_EDGE('',*,*,#4146,.T.) ;
#5476=ORIENTED_EDGE('',*,*,#4129,.T.) ;
#5493=ORIENTED_EDGE('',*,*,#5486,.F.) ;
#5494=ORIENTED_EDGE('',*,*,#5491,.F.) ;
#5535=ORIENTED_EDGE('',*,*,#4098,.T.) ;
#5536=ORIENTED_EDGE('',*,*,#5000,.T.) ;
#5537=ORIENTED_EDGE('',*,*,#4690,.T.) ;
#5538=ORIENTED_EDGE('',*,*,#4551,.T.) ;
#5539=ORIENTED_EDGE('',*,*,#5270,.F.) ;
#5569=ORIENTED_EDGE('',*,*,#5554,.F.) ;
#5570=ORIENTED_EDGE('',*,*,#5561,.F.) ;
#5571=ORIENTED_EDGE('',*,*,#5567,.T.) ;
#5572=ORIENTED_EDGE('',*,*,#5291,.T.) ;
#5641=ORIENTED_EDGE('',*,*,#5299,.F.) ;
#5642=ORIENTED_EDGE('',*,*,#5567,.F.) ;
#5643=ORIENTED_EDGE('',*,*,#5613,.T.) ;
#5644=ORIENTED_EDGE('',*,*,#5623,.T.) ;
#5645=ORIENTED_EDGE('',*,*,#5631,.T.) ;
#5646=ORIENTED_EDGE('',*,*,#5639,.F.) ;
#5668=ORIENTED_EDGE('',*,*,#5309,.T.) ;
#5669=ORIENTED_EDGE('',*,*,#5639,.T.) ;
#5670=ORIENTED_EDGE('',*,*,#5660,.T.) ;
#5671=ORIENTED_EDGE('',*,*,#5666,.F.) ;
#5738=ORIENTED_EDGE('',*,*,#5666,.T.) ;
#5739=ORIENTED_EDGE('',*,*,#5712,.T.) ;
#5740=ORIENTED_EDGE('',*,*,#5722,.F.) ;
#5741=ORIENTED_EDGE('',*,*,#5730,.F.) ;
#5742=ORIENTED_EDGE('',*,*,#5736,.T.) ;
#5743=ORIENTED_EDGE('',*,*,#5317,.T.) ;
#5759=ORIENTED_EDGE('',*,*,#5736,.F.) ;
#5760=ORIENTED_EDGE('',*,*,#5752,.F.) ;
#5761=ORIENTED_EDGE('',*,*,#5757,.F.) ;
#5762=ORIENTED_EDGE('',*,*,#5324,.T.) ;
#5786=ORIENTED_EDGE('',*,*,#5772,.T.) ;
#5787=ORIENTED_EDGE('',*,*,#5343,.T.) ;
#5788=ORIENTED_EDGE('',*,*,#5779,.T.) ;
#5789=ORIENTED_EDGE('',*,*,#5784,.F.) ;
#5858=ORIENTED_EDGE('',*,*,#5772,.F.) ;
#5859=ORIENTED_EDGE('',*,*,#5830,.T.) ;
#5860=ORIENTED_EDGE('',*,*,#5840,.T.) ;
#5861=ORIENTED_EDGE('',*,*,#5848,.T.) ;
#5862=ORIENTED_EDGE('',*,*,#5856,.F.) ;
#5863=ORIENTED_EDGE('',*,*,#5351,.F.) ;
#5885=ORIENTED_EDGE('',*,*,#5361,.T.) ;
#5886=ORIENTED_EDGE('',*,*,#5856,.T.) ;
#5887=ORIENTED_EDGE('',*,*,#5877,.T.) ;
#5888=ORIENTED_EDGE('',*,*,#5883,.F.) ;
#5947=ORIENTED_EDGE('',*,*,#5929,.F.) ;
#5948=ORIENTED_EDGE('',*,*,#5554,.T.) ;
#5949=ORIENTED_EDGE('',*,*,#5367,.T.) ;
#5950=ORIENTED_EDGE('',*,*,#5883,.T.) ;
#5951=ORIENTED_EDGE('',*,*,#5937,.T.) ;
#5952=ORIENTED_EDGE('',*,*,#5945,.F.) ;
#5977=ORIENTED_EDGE('',*,*,#5962,.F.) ;
#5978=ORIENTED_EDGE('',*,*,#5969,.F.) ;
#5979=ORIENTED_EDGE('',*,*,#5975,.T.) ;
#5980=ORIENTED_EDGE('',*,*,#5391,.T.) ;
#6049=ORIENTED_EDGE('',*,*,#5399,.F.) ;
#6050=ORIENTED_EDGE('',*,*,#5975,.F.) ;
#6051=ORIENTED_EDGE('',*,*,#6021,.T.) ;
#6052=ORIENTED_EDGE('',*,*,#6031,.F.) ;
#6053=ORIENTED_EDGE('',*,*,#6039,.F.) ;
#6054=ORIENTED_EDGE('',*,*,#6047,.T.) ;
#6076=ORIENTED_EDGE('',*,*,#5409,.T.) ;
#6077=ORIENTED_EDGE('',*,*,#6047,.F.) ;
#6078=ORIENTED_EDGE('',*,*,#6068,.T.) ;
#6079=ORIENTED_EDGE('',*,*,#6074,.F.) ;
#6146=ORIENTED_EDGE('',*,*,#6120,.T.) ;
#6147=ORIENTED_EDGE('',*,*,#5417,.T.) ;
#6148=ORIENTED_EDGE('',*,*,#6074,.T.) ;
#6149=ORIENTED_EDGE('',*,*,#6128,.T.) ;
#6150=ORIENTED_EDGE('',*,*,#6138,.F.) ;
#6151=ORIENTED_EDGE('',*,*,#6144,.F.) ;
#6160=ORIENTED_EDGE('',*,*,#6120,.F.) ;
#6161=ORIENTED_EDGE('',*,*,#6158,.F.) ;
#6162=ORIENTED_EDGE('',*,*,#5779,.F.) ;
#6163=ORIENTED_EDGE('',*,*,#5422,.T.) ;
#6180=ORIENTED_EDGE('',*,*,#6173,.T.) ;
#6181=ORIENTED_EDGE('',*,*,#5429,.T.) ;
#6182=ORIENTED_EDGE('',*,*,#5757,.T.) ;
#6183=ORIENTED_EDGE('',*,*,#6178,.F.) ;
#6252=ORIENTED_EDGE('',*,*,#6228,.T.) ;
#6253=ORIENTED_EDGE('',*,*,#6236,.T.) ;
#6254=ORIENTED_EDGE('',*,*,#6244,.F.) ;
#6255=ORIENTED_EDGE('',*,*,#5437,.F.) ;
#6256=ORIENTED_EDGE('',*,*,#6173,.F.) ;
#6257=ORIENTED_EDGE('',*,*,#6250,.T.) ;
#6279=ORIENTED_EDGE('',*,*,#5447,.T.) ;
#6280=ORIENTED_EDGE('',*,*,#6244,.T.) ;
#6281=ORIENTED_EDGE('',*,*,#6271,.T.) ;
#6282=ORIENTED_EDGE('',*,*,#6277,.T.) ;
#6341=ORIENTED_EDGE('',*,*,#6323,.F.) ;
#6342=ORIENTED_EDGE('',*,*,#5962,.T.) ;
#6343=ORIENTED_EDGE('',*,*,#5453,.T.) ;
#6344=ORIENTED_EDGE('',*,*,#6277,.F.) ;
#6345=ORIENTED_EDGE('',*,*,#6331,.F.) ;
#6346=ORIENTED_EDGE('',*,*,#6339,.T.) ;
#6374=ORIENTED_EDGE('',*,*,#6360,.T.) ;
#6375=ORIENTED_EDGE('',*,*,#6367,.T.) ;
#6376=ORIENTED_EDGE('',*,*,#6372,.F.) ;
#6377=ORIENTED_EDGE('',*,*,#5491,.T.) ;
#6386=ORIENTED_EDGE('',*,*,#5486,.T.) ;
#6387=ORIENTED_EDGE('',*,*,#6372,.T.) ;
#6388=ORIENTED_EDGE('',*,*,#6384,.T.) ;
#6389=ORIENTED_EDGE('',*,*,#6360,.F.) ;
#6406=ORIENTED_EDGE('',*,*,#6404,.F.) ;
#6407=ORIENTED_EDGE('',*,*,#5613,.F.) ;
#6408=ORIENTED_EDGE('',*,*,#5561,.T.) ;
#6409=ORIENTED_EDGE('',*,*,#5929,.T.) ;
#6418=ORIENTED_EDGE('',*,*,#6367,.F.) ;
#6419=ORIENTED_EDGE('',*,*,#6384,.F.) ;
#6442=ORIENTED_EDGE('',*,*,#5848,.F.) ;
#6443=ORIENTED_EDGE('',*,*,#6425,.F.) ;
#6444=ORIENTED_EDGE('',*,*,#6128,.F.) ;
#6445=ORIENTED_EDGE('',*,*,#6068,.F.) ;
#6446=ORIENTED_EDGE('',*,*,#6039,.T.) ;
#6447=ORIENTED_EDGE('',*,*,#6430,.F.) ;
#6448=ORIENTED_EDGE('',*,*,#6331,.T.) ;
#6449=ORIENTED_EDGE('',*,*,#6271,.F.) ;
#6450=ORIENTED_EDGE('',*,*,#6236,.F.) ;
#6451=ORIENTED_EDGE('',*,*,#6435,.T.) ;
#6452=ORIENTED_EDGE('',*,*,#5712,.F.) ;
#6453=ORIENTED_EDGE('',*,*,#5660,.F.) ;
#6454=ORIENTED_EDGE('',*,*,#5631,.F.) ;
#6455=ORIENTED_EDGE('',*,*,#6440,.F.) ;
#6456=ORIENTED_EDGE('',*,*,#5937,.F.) ;
#6457=ORIENTED_EDGE('',*,*,#5877,.F.) ;
#6474=ORIENTED_EDGE('',*,*,#6467,.T.) ;
#6475=ORIENTED_EDGE('',*,*,#6472,.F.) ;
#6492=ORIENTED_EDGE('',*,*,#6485,.F.) ;
#6493=ORIENTED_EDGE('',*,*,#6490,.F.) ;
#6502=ORIENTED_EDGE('',*,*,#5945,.T.) ;
#6503=ORIENTED_EDGE('',*,*,#6440,.T.) ;
#6504=ORIENTED_EDGE('',*,*,#5623,.F.) ;
#6505=ORIENTED_EDGE('',*,*,#6404,.T.) ;
#6530=ORIENTED_EDGE('',*,*,#6521,.F.) ;
#6531=ORIENTED_EDGE('',*,*,#6528,.F.) ;
#6532=ORIENTED_EDGE('',*,*,#5722,.T.) ;
#6533=ORIENTED_EDGE('',*,*,#6435,.F.) ;
#6534=ORIENTED_EDGE('',*,*,#6228,.F.) ;
#6543=ORIENTED_EDGE('',*,*,#6541,.T.) ;
#6544=ORIENTED_EDGE('',*,*,#5752,.T.) ;
#6545=ORIENTED_EDGE('',*,*,#5730,.T.) ;
#6546=ORIENTED_EDGE('',*,*,#6528,.T.) ;
#6564=ORIENTED_EDGE('',*,*,#5830,.F.) ;
#6565=ORIENTED_EDGE('',*,*,#5784,.T.) ;
#6566=ORIENTED_EDGE('',*,*,#6555,.F.) ;
#6567=ORIENTED_EDGE('',*,*,#6562,.F.) ;
#6583=ORIENTED_EDGE('',*,*,#6581,.T.) ;
#6584=ORIENTED_EDGE('',*,*,#6138,.T.) ;
#6585=ORIENTED_EDGE('',*,*,#6425,.T.) ;
#6586=ORIENTED_EDGE('',*,*,#5840,.F.) ;
#6587=ORIENTED_EDGE('',*,*,#6562,.T.) ;
#6599=ORIENTED_EDGE('',*,*,#6597,.F.) ;
#6600=ORIENTED_EDGE('',*,*,#6021,.F.) ;
#6601=ORIENTED_EDGE('',*,*,#5969,.T.) ;
#6602=ORIENTED_EDGE('',*,*,#6323,.T.) ;
#6611=ORIENTED_EDGE('',*,*,#6339,.F.) ;
#6612=ORIENTED_EDGE('',*,*,#6430,.T.) ;
#6613=ORIENTED_EDGE('',*,*,#6031,.T.) ;
#6614=ORIENTED_EDGE('',*,*,#6597,.T.) ;
#6618=ORIENTED_EDGE('',*,*,#6555,.T.) ;
#6619=ORIENTED_EDGE('',*,*,#6158,.T.) ;
#6620=ORIENTED_EDGE('',*,*,#6144,.T.) ;
#6621=ORIENTED_EDGE('',*,*,#6581,.F.) ;
#6625=ORIENTED_EDGE('',*,*,#6541,.F.) ;
#6626=ORIENTED_EDGE('',*,*,#6521,.T.) ;
#6627=ORIENTED_EDGE('',*,*,#6250,.F.) ;
#6628=ORIENTED_EDGE('',*,*,#6178,.T.) ;
#6666=ORIENTED_EDGE('',*,*,#6641,.F.) ;
#6667=ORIENTED_EDGE('',*,*,#6647,.F.) ;
#6668=ORIENTED_EDGE('',*,*,#6654,.F.) ;
#6669=ORIENTED_EDGE('',*,*,#6660,.F.) ;
#6670=ORIENTED_EDGE('',*,*,#6664,.F.) ;
#6671=ORIENTED_EDGE('',*,*,#6467,.F.) ;
#6685=ORIENTED_EDGE('',*,*,#6664,.T.) ;
#6686=ORIENTED_EDGE('',*,*,#6660,.T.) ;
#6687=ORIENTED_EDGE('',*,*,#6683,.F.) ;
#6688=ORIENTED_EDGE('',*,*,#6647,.T.) ;
#6689=ORIENTED_EDGE('',*,*,#6641,.T.) ;
#6690=ORIENTED_EDGE('',*,*,#6472,.T.) ;
#6728=ORIENTED_EDGE('',*,*,#6485,.T.) ;
#6729=ORIENTED_EDGE('',*,*,#6703,.F.) ;
#6730=ORIENTED_EDGE('',*,*,#6709,.F.) ;
#6731=ORIENTED_EDGE('',*,*,#6716,.T.) ;
#6732=ORIENTED_EDGE('',*,*,#6722,.F.) ;
#6733=ORIENTED_EDGE('',*,*,#6726,.F.) ;
#6747=ORIENTED_EDGE('',*,*,#6490,.T.) ;
#6748=ORIENTED_EDGE('',*,*,#6726,.T.) ;
#6749=ORIENTED_EDGE('',*,*,#6722,.T.) ;
#6750=ORIENTED_EDGE('',*,*,#6745,.T.) ;
#6751=ORIENTED_EDGE('',*,*,#6709,.T.) ;
#6752=ORIENTED_EDGE('',*,*,#6703,.T.) ;
#6782=ORIENTED_EDGE('',*,*,#6767,.T.) ;
#6783=ORIENTED_EDGE('',*,*,#6774,.F.) ;
#6784=ORIENTED_EDGE('',*,*,#6780,.T.) ;
#6785=ORIENTED_EDGE('',*,*,#6654,.T.) ;
#6799=ORIENTED_EDGE('',*,*,#6780,.F.) ;
#6800=ORIENTED_EDGE('',*,*,#6797,.F.) ;
#6801=ORIENTED_EDGE('',*,*,#6767,.F.) ;
#6802=ORIENTED_EDGE('',*,*,#6683,.T.) ;
#6832=ORIENTED_EDGE('',*,*,#6716,.F.) ;
#6833=ORIENTED_EDGE('',*,*,#6817,.F.) ;
#6834=ORIENTED_EDGE('',*,*,#6824,.T.) ;
#6835=ORIENTED_EDGE('',*,*,#6830,.F.) ;
#6849=ORIENTED_EDGE('',*,*,#6745,.F.) ;
#6850=ORIENTED_EDGE('',*,*,#6830,.T.) ;
#6851=ORIENTED_EDGE('',*,*,#6847,.T.) ;
#6852=ORIENTED_EDGE('',*,*,#6817,.T.) ;
#6861=ORIENTED_EDGE('',*,*,#6797,.T.) ;
#6862=ORIENTED_EDGE('',*,*,#6774,.T.) ;
#6866=ORIENTED_EDGE('',*,*,#6824,.F.) ;
#6867=ORIENTED_EDGE('',*,*,#6847,.F.) ;
#6876=ORIENTED_EDGE('',*,*,#4805,.T.) ;
#6877=ORIENTED_EDGE('',*,*,#5017,.T.) ;
#6878=ORIENTED_EDGE('',*,*,#3155,.T.) ;
#6879=ORIENTED_EDGE('',*,*,#2772,.T.) ;
#6880=ORIENTED_EDGE('',*,*,#4923,.F.) ;
#6881=ORIENTED_EDGE('',*,*,#4875,.T.) ;
#6882=ORIENTED_EDGE('',*,*,#2576,.T.) ;
#6891=ORIENTED_EDGE('',*,*,#2293,.F.) ;
#6892=ORIENTED_EDGE('',*,*,#4381,.F.) ;
#6893=ORIENTED_EDGE('',*,*,#3621,.T.) ;
#6894=ORIENTED_EDGE('',*,*,#1638,.F.) ;
#6895=ORIENTED_EDGE('',*,*,#1619,.F.) ;
#6896=ORIENTED_EDGE('',*,*,#3516,.F.) ;
#6897=ORIENTED_EDGE('',*,*,#4368,.F.) ;
#6938=ORIENTED_EDGE('',*,*,#6917,.F.) ;
#6939=ORIENTED_EDGE('',*,*,#6924,.T.) ;
#6940=ORIENTED_EDGE('',*,*,#6931,.T.) ;
#6941=ORIENTED_EDGE('',*,*,#6936,.F.) ;
#6955=ORIENTED_EDGE('',*,*,#6931,.F.) ;
#6956=ORIENTED_EDGE('',*,*,#6948,.T.) ;
#6957=ORIENTED_EDGE('',*,*,#6917,.T.) ;
#6958=ORIENTED_EDGE('',*,*,#6953,.F.) ;
#6995=ORIENTED_EDGE('',*,*,#6974,.F.) ;
#6996=ORIENTED_EDGE('',*,*,#6981,.F.) ;
#6997=ORIENTED_EDGE('',*,*,#6988,.T.) ;
#6998=ORIENTED_EDGE('',*,*,#6993,.T.) ;
#7026=ORIENTED_EDGE('',*,*,#7014,.F.) ;
#7027=ORIENTED_EDGE('',*,*,#7019,.F.) ;
#7028=ORIENTED_EDGE('',*,*,#6981,.T.) ;
#7029=ORIENTED_EDGE('',*,*,#7024,.F.) ;
#7057=ORIENTED_EDGE('',*,*,#6993,.F.) ;
#7058=ORIENTED_EDGE('',*,*,#7043,.F.) ;
#7059=ORIENTED_EDGE('',*,*,#7050,.T.) ;
#7060=ORIENTED_EDGE('',*,*,#7055,.F.) ;
#7088=ORIENTED_EDGE('',*,*,#7014,.T.) ;
#7089=ORIENTED_EDGE('',*,*,#7074,.F.) ;
#7090=ORIENTED_EDGE('',*,*,#7081,.F.) ;
#7091=ORIENTED_EDGE('',*,*,#7086,.T.) ;
#7119=ORIENTED_EDGE('',*,*,#7107,.F.) ;
#7120=ORIENTED_EDGE('',*,*,#7112,.F.) ;
#7121=ORIENTED_EDGE('',*,*,#7081,.T.) ;
#7122=ORIENTED_EDGE('',*,*,#7117,.F.) ;
#7150=ORIENTED_EDGE('',*,*,#7138,.F.) ;
#7151=ORIENTED_EDGE('',*,*,#7143,.T.) ;
#7152=ORIENTED_EDGE('',*,*,#7107,.T.) ;
#7153=ORIENTED_EDGE('',*,*,#7148,.F.) ;
#7181=ORIENTED_EDGE('',*,*,#7169,.F.) ;
#7182=ORIENTED_EDGE('',*,*,#7174,.F.) ;
#7183=ORIENTED_EDGE('',*,*,#7138,.T.) ;
#7184=ORIENTED_EDGE('',*,*,#7179,.F.) ;
#7203=ORIENTED_EDGE('',*,*,#7050,.F.) ;
#7204=ORIENTED_EDGE('',*,*,#7196,.T.) ;
#7205=ORIENTED_EDGE('',*,*,#7169,.T.) ;
#7206=ORIENTED_EDGE('',*,*,#7201,.F.) ;
#7215=ORIENTED_EDGE('',*,*,#6948,.F.) ;
#7216=ORIENTED_EDGE('',*,*,#6924,.F.) ;
#7219=ORIENTED_EDGE('',*,*,#7201,.T.) ;
#7220=ORIENTED_EDGE('',*,*,#7179,.T.) ;
#7221=ORIENTED_EDGE('',*,*,#7148,.T.) ;
#7222=ORIENTED_EDGE('',*,*,#7117,.T.) ;
#7223=ORIENTED_EDGE('',*,*,#7074,.T.) ;
#7224=ORIENTED_EDGE('',*,*,#7024,.T.) ;
#7225=ORIENTED_EDGE('',*,*,#6974,.T.) ;
#7226=ORIENTED_EDGE('',*,*,#7055,.T.) ;
#7235=ORIENTED_EDGE('',*,*,#6936,.T.) ;
#7236=ORIENTED_EDGE('',*,*,#6953,.T.) ;
#7239=ORIENTED_EDGE('',*,*,#7043,.T.) ;
#7240=ORIENTED_EDGE('',*,*,#6988,.F.) ;
#7241=ORIENTED_EDGE('',*,*,#7019,.T.) ;
#7242=ORIENTED_EDGE('',*,*,#7086,.F.) ;
#7243=ORIENTED_EDGE('',*,*,#7112,.T.) ;
#7244=ORIENTED_EDGE('',*,*,#7143,.F.) ;
#7245=ORIENTED_EDGE('',*,*,#7174,.T.) ;
#7246=ORIENTED_EDGE('',*,*,#7196,.F.) ;
#7285=ORIENTED_EDGE('',*,*,#7264,.F.) ;
#7286=ORIENTED_EDGE('',*,*,#7271,.T.) ;
#7287=ORIENTED_EDGE('',*,*,#7278,.F.) ;
#7288=ORIENTED_EDGE('',*,*,#7283,.F.) ;
#7311=ORIENTED_EDGE('',*,*,#7297,.F.) ;
#7312=ORIENTED_EDGE('',*,*,#7271,.F.) ;
#7313=ORIENTED_EDGE('',*,*,#7304,.F.) ;
#7314=ORIENTED_EDGE('',*,*,#7309,.T.) ;
#7337=ORIENTED_EDGE('',*,*,#7323,.F.) ;
#7338=ORIENTED_EDGE('',*,*,#7330,.T.) ;
#7339=ORIENTED_EDGE('',*,*,#7335,.F.) ;
#7340=ORIENTED_EDGE('',*,*,#7309,.F.) ;
#7354=ORIENTED_EDGE('',*,*,#7347,.F.) ;
#7355=ORIENTED_EDGE('',*,*,#7330,.F.) ;
#7356=ORIENTED_EDGE('',*,*,#7352,.F.) ;
#7357=ORIENTED_EDGE('',*,*,#7283,.T.) ;
#7385=ORIENTED_EDGE('',*,*,#7371,.F.) ;
#7386=ORIENTED_EDGE('',*,*,#7378,.F.) ;
#7387=ORIENTED_EDGE('',*,*,#7383,.T.) ;
#7388=ORIENTED_EDGE('',*,*,#7264,.T.) ;
#7404=ORIENTED_EDGE('',*,*,#7397,.T.) ;
#7405=ORIENTED_EDGE('',*,*,#7304,.T.) ;
#7406=ORIENTED_EDGE('',*,*,#7383,.F.) ;
#7407=ORIENTED_EDGE('',*,*,#7402,.F.) ;
#7423=ORIENTED_EDGE('',*,*,#7397,.F.) ;
#7424=ORIENTED_EDGE('',*,*,#7416,.F.) ;
#7425=ORIENTED_EDGE('',*,*,#7421,.T.) ;
#7426=ORIENTED_EDGE('',*,*,#7323,.T.) ;
#7435=ORIENTED_EDGE('',*,*,#7371,.T.) ;
#7436=ORIENTED_EDGE('',*,*,#7352,.T.) ;
#7437=ORIENTED_EDGE('',*,*,#7421,.F.) ;
#7438=ORIENTED_EDGE('',*,*,#7433,.F.) ;
#7466=ORIENTED_EDGE('',*,*,#7452,.F.) ;
#7467=ORIENTED_EDGE('',*,*,#7459,.T.) ;
#7468=ORIENTED_EDGE('',*,*,#7464,.T.) ;
#7469=ORIENTED_EDGE('',*,*,#7378,.T.) ;
#7485=ORIENTED_EDGE('',*,*,#7478,.T.) ;
#7486=ORIENTED_EDGE('',*,*,#7402,.T.) ;
#7487=ORIENTED_EDGE('',*,*,#7464,.F.) ;
#7488=ORIENTED_EDGE('',*,*,#7483,.T.) ;
#7568=ORIENTED_EDGE('',*,*,#7519,.T.) ;
#7569=ORIENTED_EDGE('',*,*,#7527,.T.) ;
#7570=ORIENTED_EDGE('',*,*,#7534,.T.) ;
#7571=ORIENTED_EDGE('',*,*,#7553,.F.) ;
#7572=ORIENTED_EDGE('',*,*,#7561,.F.) ;
#7573=ORIENTED_EDGE('',*,*,#7566,.F.) ;
#7628=ORIENTED_EDGE('',*,*,#7584,.T.) ;
#7629=ORIENTED_EDGE('',*,*,#7591,.T.) ;
#7630=ORIENTED_EDGE('',*,*,#7598,.F.) ;
#7631=ORIENTED_EDGE('',*,*,#7620,.T.) ;
#7632=ORIENTED_EDGE('',*,*,#7626,.T.) ;
#7707=ORIENTED_EDGE('',*,*,#7643,.F.) ;
#7708=ORIENTED_EDGE('',*,*,#7651,.T.) ;
#7709=ORIENTED_EDGE('',*,*,#7670,.T.) ;
#7710=ORIENTED_EDGE('',*,*,#7677,.T.) ;
#7711=ORIENTED_EDGE('',*,*,#7685,.F.) ;
#7712=ORIENTED_EDGE('',*,*,#7705,.F.) ;
#7758=ORIENTED_EDGE('',*,*,#7721,.F.) ;
#7759=ORIENTED_EDGE('',*,*,#7591,.F.) ;
#7760=ORIENTED_EDGE('',*,*,#7728,.T.) ;
#7761=ORIENTED_EDGE('',*,*,#7736,.F.) ;
#7762=ORIENTED_EDGE('',*,*,#7756,.F.) ;
#7778=ORIENTED_EDGE('',*,*,#7478,.F.) ;
#7779=ORIENTED_EDGE('',*,*,#7771,.T.) ;
#7780=ORIENTED_EDGE('',*,*,#7776,.T.) ;
#7781=ORIENTED_EDGE('',*,*,#7416,.T.) ;
#7790=ORIENTED_EDGE('',*,*,#7452,.T.) ;
#7791=ORIENTED_EDGE('',*,*,#7433,.T.) ;
#7792=ORIENTED_EDGE('',*,*,#7776,.F.) ;
#7793=ORIENTED_EDGE('',*,*,#7788,.T.) ;
#7830=ORIENTED_EDGE('',*,*,#7809,.T.) ;
#7831=ORIENTED_EDGE('',*,*,#7816,.T.) ;
#7832=ORIENTED_EDGE('',*,*,#7823,.F.) ;
#7833=ORIENTED_EDGE('',*,*,#7828,.T.) ;
#7856=ORIENTED_EDGE('',*,*,#7809,.F.) ;
#7857=ORIENTED_EDGE('',*,*,#7842,.T.) ;
#7858=ORIENTED_EDGE('',*,*,#7849,.T.) ;
#7859=ORIENTED_EDGE('',*,*,#7854,.T.) ;
#7881=ORIENTED_EDGE('',*,*,#7869,.T.) ;
#7882=ORIENTED_EDGE('',*,*,#7874,.T.) ;
#7883=ORIENTED_EDGE('',*,*,#7849,.F.) ;
#7884=ORIENTED_EDGE('',*,*,#7879,.T.) ;
#7898=ORIENTED_EDGE('',*,*,#7869,.F.) ;
#7899=ORIENTED_EDGE('',*,*,#7891,.T.) ;
#7900=ORIENTED_EDGE('',*,*,#7823,.T.) ;
#7901=ORIENTED_EDGE('',*,*,#7896,.T.) ;
#7910=ORIENTED_EDGE('',*,*,#7879,.F.) ;
#7911=ORIENTED_EDGE('',*,*,#7842,.F.) ;
#7912=ORIENTED_EDGE('',*,*,#7828,.F.) ;
#7913=ORIENTED_EDGE('',*,*,#7891,.F.) ;
#7948=ORIENTED_EDGE('',*,*,#7561,.T.) ;
#7949=ORIENTED_EDGE('',*,*,#7927,.T.) ;
#7950=ORIENTED_EDGE('',*,*,#7934,.T.) ;
#7951=ORIENTED_EDGE('',*,*,#7941,.F.) ;
#7952=ORIENTED_EDGE('',*,*,#7946,.F.) ;
#7981=ORIENTED_EDGE('',*,*,#7968,.T.) ;
#7982=ORIENTED_EDGE('',*,*,#7973,.F.) ;
#7983=ORIENTED_EDGE('',*,*,#7927,.F.) ;
#7984=ORIENTED_EDGE('',*,*,#7553,.T.) ;
#7985=ORIENTED_EDGE('',*,*,#7979,.T.) ;
#8048=ORIENTED_EDGE('',*,*,#8001,.F.) ;
#8049=ORIENTED_EDGE('',*,*,#8006,.F.) ;
#8050=ORIENTED_EDGE('',*,*,#7934,.F.) ;
#8051=ORIENTED_EDGE('',*,*,#7973,.T.) ;
#8052=ORIENTED_EDGE('',*,*,#8013,.F.) ;
#8053=ORIENTED_EDGE('',*,*,#8020,.T.) ;
#8054=ORIENTED_EDGE('',*,*,#8027,.T.) ;
#8055=ORIENTED_EDGE('',*,*,#8034,.F.) ;
#8056=ORIENTED_EDGE('',*,*,#8041,.T.) ;
#8057=ORIENTED_EDGE('',*,*,#8046,.F.) ;
#8071=ORIENTED_EDGE('',*,*,#7941,.T.) ;
#8072=ORIENTED_EDGE('',*,*,#8006,.T.) ;
#8073=ORIENTED_EDGE('',*,*,#8069,.F.) ;
#8089=ORIENTED_EDGE('',*,*,#8082,.F.) ;
#8090=ORIENTED_EDGE('',*,*,#8087,.T.) ;
#8091=ORIENTED_EDGE('',*,*,#7566,.T.) ;
#8092=ORIENTED_EDGE('',*,*,#7946,.T.) ;
#8120=ORIENTED_EDGE('',*,*,#8106,.T.) ;
#8121=ORIENTED_EDGE('',*,*,#8013,.T.) ;
#8122=ORIENTED_EDGE('',*,*,#7968,.F.) ;
#8123=ORIENTED_EDGE('',*,*,#8113,.F.) ;
#8124=ORIENTED_EDGE('',*,*,#8118,.F.) ;
#8315=ORIENTED_EDGE('',*,*,#8140,.T.) ;
#8316=ORIENTED_EDGE('',*,*,#8147,.T.) ;
#8317=ORIENTED_EDGE('',*,*,#8154,.T.) ;
#8318=ORIENTED_EDGE('',*,*,#8159,.T.) ;
#8319=ORIENTED_EDGE('',*,*,#8082,.T.) ;
#8320=ORIENTED_EDGE('',*,*,#8069,.T.) ;
#8321=ORIENTED_EDGE('',*,*,#8001,.T.) ;
#8322=ORIENTED_EDGE('',*,*,#8166,.F.) ;
#8323=ORIENTED_EDGE('',*,*,#8174,.T.) ;
#8324=ORIENTED_EDGE('',*,*,#8183,.T.) ;
#8325=ORIENTED_EDGE('',*,*,#8190,.F.) ;
#8326=ORIENTED_EDGE('',*,*,#8199,.F.) ;
#8327=ORIENTED_EDGE('',*,*,#8207,.T.) ;
#8328=ORIENTED_EDGE('',*,*,#8217,.F.) ;
#8329=ORIENTED_EDGE('',*,*,#8227,.F.) ;
#8330=ORIENTED_EDGE('',*,*,#8235,.T.) ;
#8331=ORIENTED_EDGE('',*,*,#8244,.T.) ;
#8332=ORIENTED_EDGE('',*,*,#8251,.F.) ;
#8333=ORIENTED_EDGE('',*,*,#8260,.F.) ;
#8334=ORIENTED_EDGE('',*,*,#8268,.T.) ;
#8335=ORIENTED_EDGE('',*,*,#8273,.F.) ;
#8336=ORIENTED_EDGE('',*,*,#8041,.F.) ;
#8337=ORIENTED_EDGE('',*,*,#8280,.T.) ;
#8338=ORIENTED_EDGE('',*,*,#8287,.T.) ;
#8339=ORIENTED_EDGE('',*,*,#8294,.T.) ;
#8340=ORIENTED_EDGE('',*,*,#8301,.T.) ;
#8341=ORIENTED_EDGE('',*,*,#8308,.T.) ;
#8342=ORIENTED_EDGE('',*,*,#8313,.T.) ;
#8362=ORIENTED_EDGE('',*,*,#7670,.F.) ;
#8363=ORIENTED_EDGE('',*,*,#8354,.T.) ;
#8364=ORIENTED_EDGE('',*,*,#8020,.F.) ;
#8365=ORIENTED_EDGE('',*,*,#8106,.F.) ;
#8366=ORIENTED_EDGE('',*,*,#8360,.F.) ;
#8385=ORIENTED_EDGE('',*,*,#8378,.T.) ;
#8386=ORIENTED_EDGE('',*,*,#8383,.T.) ;
#8387=ORIENTED_EDGE('',*,*,#8027,.F.) ;
#8388=ORIENTED_EDGE('',*,*,#8354,.F.) ;
#8389=ORIENTED_EDGE('',*,*,#7651,.F.) ;
#8393=ORIENTED_EDGE('',*,*,#8280,.F.) ;
#8394=ORIENTED_EDGE('',*,*,#8034,.T.) ;
#8395=ORIENTED_EDGE('',*,*,#8383,.F.) ;
#8470=ORIENTED_EDGE('',*,*,#8409,.F.) ;
#8471=ORIENTED_EDGE('',*,*,#8416,.F.) ;
#8472=ORIENTED_EDGE('',*,*,#8423,.F.) ;
#8473=ORIENTED_EDGE('',*,*,#8430,.F.) ;
#8474=ORIENTED_EDGE('',*,*,#8435,.T.) ;
#8475=ORIENTED_EDGE('',*,*,#8166,.T.) ;
#8476=ORIENTED_EDGE('',*,*,#8046,.T.) ;
#8477=ORIENTED_EDGE('',*,*,#8273,.T.) ;
#8478=ORIENTED_EDGE('',*,*,#8442,.T.) ;
#8479=ORIENTED_EDGE('',*,*,#8449,.F.) ;
#8480=ORIENTED_EDGE('',*,*,#8456,.F.) ;
#8481=ORIENTED_EDGE('',*,*,#8463,.F.) ;
#8482=ORIENTED_EDGE('',*,*,#8468,.F.) ;
#8483=ORIENTED_EDGE('',*,*,#8227,.T.) ;
#8484=ORIENTED_EDGE('',*,*,#8217,.T.) ;
#8515=ORIENTED_EDGE('',*,*,#8494,.F.) ;
#8516=ORIENTED_EDGE('',*,*,#8501,.F.) ;
#8517=ORIENTED_EDGE('',*,*,#8508,.F.) ;
#8518=ORIENTED_EDGE('',*,*,#8513,.F.) ;
#8541=ORIENTED_EDGE('',*,*,#7519,.F.) ;
#8542=ORIENTED_EDGE('',*,*,#8087,.F.) ;
#8543=ORIENTED_EDGE('',*,*,#8534,.F.) ;
#8544=ORIENTED_EDGE('',*,*,#8539,.T.) ;
#8558=ORIENTED_EDGE('',*,*,#8140,.F.) ;
#8559=ORIENTED_EDGE('',*,*,#8313,.F.) ;
#8560=ORIENTED_EDGE('',*,*,#8551,.F.) ;
#8561=ORIENTED_EDGE('',*,*,#7598,.T.) ;
#8562=ORIENTED_EDGE('',*,*,#7721,.T.) ;
#8563=ORIENTED_EDGE('',*,*,#8556,.F.) ;
#8604=ORIENTED_EDGE('',*,*,#8159,.F.) ;
#8605=ORIENTED_EDGE('',*,*,#8154,.F.) ;
#8606=ORIENTED_EDGE('',*,*,#8147,.F.) ;
#8607=ORIENTED_EDGE('',*,*,#8574,.T.) ;
#8608=ORIENTED_EDGE('',*,*,#8582,.F.) ;
#8609=ORIENTED_EDGE('',*,*,#8589,.T.) ;
#8610=ORIENTED_EDGE('',*,*,#8596,.T.) ;
#8611=ORIENTED_EDGE('',*,*,#8602,.T.) ;
#8612=ORIENTED_EDGE('',*,*,#8534,.T.) ;
#8636=ORIENTED_EDGE('',*,*,#8626,.F.) ;
#8637=ORIENTED_EDGE('',*,*,#8174,.F.) ;
#8638=ORIENTED_EDGE('',*,*,#8435,.F.) ;
#8639=ORIENTED_EDGE('',*,*,#8634,.T.) ;
#8662=ORIENTED_EDGE('',*,*,#8653,.F.) ;
#8663=ORIENTED_EDGE('',*,*,#8183,.F.) ;
#8664=ORIENTED_EDGE('',*,*,#8626,.T.) ;
#8665=ORIENTED_EDGE('',*,*,#8660,.F.) ;
#8686=ORIENTED_EDGE('',*,*,#8679,.T.) ;
#8687=ORIENTED_EDGE('',*,*,#8684,.F.) ;
#8688=ORIENTED_EDGE('',*,*,#8190,.T.) ;
#8689=ORIENTED_EDGE('',*,*,#8653,.T.) ;
#8712=ORIENTED_EDGE('',*,*,#8703,.F.) ;
#8713=ORIENTED_EDGE('',*,*,#8199,.T.) ;
#8714=ORIENTED_EDGE('',*,*,#8684,.T.) ;
#8715=ORIENTED_EDGE('',*,*,#8710,.F.) ;
#8732=ORIENTED_EDGE('',*,*,#8730,.T.) ;
#8733=ORIENTED_EDGE('',*,*,#8409,.T.) ;
#8734=ORIENTED_EDGE('',*,*,#8207,.F.) ;
#8735=ORIENTED_EDGE('',*,*,#8703,.T.) ;
#8754=ORIENTED_EDGE('',*,*,#8235,.F.) ;
#8755=ORIENTED_EDGE('',*,*,#8468,.T.) ;
#8756=ORIENTED_EDGE('',*,*,#8747,.T.) ;
#8757=ORIENTED_EDGE('',*,*,#8752,.T.) ;
#8775=ORIENTED_EDGE('',*,*,#8752,.F.) ;
#8776=ORIENTED_EDGE('',*,*,#8768,.F.) ;
#8777=ORIENTED_EDGE('',*,*,#8773,.T.) ;
#8778=ORIENTED_EDGE('',*,*,#8244,.F.) ;
#8794=ORIENTED_EDGE('',*,*,#8251,.T.) ;
#8795=ORIENTED_EDGE('',*,*,#8773,.F.) ;
#8796=ORIENTED_EDGE('',*,*,#8787,.T.) ;
#8797=ORIENTED_EDGE('',*,*,#8792,.T.) ;
#8815=ORIENTED_EDGE('',*,*,#8792,.F.) ;
#8816=ORIENTED_EDGE('',*,*,#8808,.F.) ;
#8817=ORIENTED_EDGE('',*,*,#8813,.T.) ;
#8818=ORIENTED_EDGE('',*,*,#8260,.T.) ;
#8830=ORIENTED_EDGE('',*,*,#8813,.F.) ;
#8831=ORIENTED_EDGE('',*,*,#8828,.T.) ;
#8832=ORIENTED_EDGE('',*,*,#8442,.F.) ;
#8833=ORIENTED_EDGE('',*,*,#8268,.F.) ;
#8842=ORIENTED_EDGE('',*,*,#8378,.F.) ;
#8843=ORIENTED_EDGE('',*,*,#7643,.T.) ;
#8844=ORIENTED_EDGE('',*,*,#8840,.T.) ;
#8845=ORIENTED_EDGE('',*,*,#8287,.F.) ;
#8888=ORIENTED_EDGE('',*,*,#8857,.T.) ;
#8889=ORIENTED_EDGE('',*,*,#8864,.T.) ;
#8890=ORIENTED_EDGE('',*,*,#8872,.F.) ;
#8891=ORIENTED_EDGE('',*,*,#8879,.T.) ;
#8892=ORIENTED_EDGE('',*,*,#8308,.F.) ;
#8893=ORIENTED_EDGE('',*,*,#8301,.F.) ;
#8894=ORIENTED_EDGE('',*,*,#8294,.F.) ;
#8895=ORIENTED_EDGE('',*,*,#8886,.T.) ;
#8904=ORIENTED_EDGE('',*,*,#8660,.T.) ;
#8905=ORIENTED_EDGE('',*,*,#8634,.F.) ;
#8906=ORIENTED_EDGE('',*,*,#8430,.T.) ;
#8907=ORIENTED_EDGE('',*,*,#8423,.T.) ;
#8908=ORIENTED_EDGE('',*,*,#8416,.T.) ;
#8909=ORIENTED_EDGE('',*,*,#8730,.F.) ;
#8910=ORIENTED_EDGE('',*,*,#8710,.T.) ;
#8911=ORIENTED_EDGE('',*,*,#8679,.F.) ;
#8915=ORIENTED_EDGE('',*,*,#8808,.T.) ;
#8916=ORIENTED_EDGE('',*,*,#8787,.F.) ;
#8917=ORIENTED_EDGE('',*,*,#8768,.T.) ;
#8918=ORIENTED_EDGE('',*,*,#8747,.F.) ;
#8919=ORIENTED_EDGE('',*,*,#8463,.T.) ;
#8920=ORIENTED_EDGE('',*,*,#8456,.T.) ;
#8921=ORIENTED_EDGE('',*,*,#8449,.T.) ;
#8922=ORIENTED_EDGE('',*,*,#8828,.F.) ;
#8950=ORIENTED_EDGE('',*,*,#8936,.T.) ;
#8951=ORIENTED_EDGE('',*,*,#8943,.F.) ;
#8952=ORIENTED_EDGE('',*,*,#8948,.F.) ;
#8953=ORIENTED_EDGE('',*,*,#8501,.T.) ;
#8954=ORIENTED_EDGE('',*,*,#8494,.T.) ;
#8963=ORIENTED_EDGE('',*,*,#8948,.T.) ;
#8964=ORIENTED_EDGE('',*,*,#8961,.F.) ;
#8965=ORIENTED_EDGE('',*,*,#8936,.F.) ;
#8966=ORIENTED_EDGE('',*,*,#8513,.T.) ;
#8967=ORIENTED_EDGE('',*,*,#8508,.T.) ;
#8997=ORIENTED_EDGE('',*,*,#7527,.F.) ;
#8998=ORIENTED_EDGE('',*,*,#8539,.F.) ;
#8999=ORIENTED_EDGE('',*,*,#8602,.F.) ;
#9000=ORIENTED_EDGE('',*,*,#8990,.T.) ;
#9001=ORIENTED_EDGE('',*,*,#8995,.F.) ;
#9015=ORIENTED_EDGE('',*,*,#7756,.T.) ;
#9016=ORIENTED_EDGE('',*,*,#9013,.F.) ;
#9017=ORIENTED_EDGE('',*,*,#8574,.F.) ;
#9018=ORIENTED_EDGE('',*,*,#8556,.T.) ;
#9027=ORIENTED_EDGE('',*,*,#7620,.F.) ;
#9028=ORIENTED_EDGE('',*,*,#8551,.T.) ;
#9029=ORIENTED_EDGE('',*,*,#8879,.F.) ;
#9030=ORIENTED_EDGE('',*,*,#9025,.F.) ;
#9060=ORIENTED_EDGE('',*,*,#9044,.T.) ;
#9061=ORIENTED_EDGE('',*,*,#9058,.F.) ;
#9062=ORIENTED_EDGE('',*,*,#8582,.T.) ;
#9063=ORIENTED_EDGE('',*,*,#9013,.T.) ;
#9064=ORIENTED_EDGE('',*,*,#7736,.T.) ;
#9085=ORIENTED_EDGE('',*,*,#8589,.F.) ;
#9086=ORIENTED_EDGE('',*,*,#9058,.T.) ;
#9087=ORIENTED_EDGE('',*,*,#9078,.T.) ;
#9088=ORIENTED_EDGE('',*,*,#9083,.T.) ;
#9089=ORIENTED_EDGE('',*,*,#8990,.F.) ;
#9090=ORIENTED_EDGE('',*,*,#8596,.F.) ;
#9099=ORIENTED_EDGE('',*,*,#7705,.T.) ;
#9100=ORIENTED_EDGE('',*,*,#9097,.T.) ;
#9101=ORIENTED_EDGE('',*,*,#8886,.F.) ;
#9102=ORIENTED_EDGE('',*,*,#8840,.F.) ;
#9127=ORIENTED_EDGE('',*,*,#7685,.T.) ;
#9128=ORIENTED_EDGE('',*,*,#9111,.F.) ;
#9129=ORIENTED_EDGE('',*,*,#9125,.F.) ;
#9130=ORIENTED_EDGE('',*,*,#8857,.F.) ;
#9131=ORIENTED_EDGE('',*,*,#9097,.F.) ;
#9156=ORIENTED_EDGE('',*,*,#8864,.F.) ;
#9157=ORIENTED_EDGE('',*,*,#9125,.T.) ;
#9158=ORIENTED_EDGE('',*,*,#9140,.T.) ;
#9159=ORIENTED_EDGE('',*,*,#9147,.T.) ;
#9160=ORIENTED_EDGE('',*,*,#9154,.T.) ;
#9169=ORIENTED_EDGE('',*,*,#9025,.T.) ;
#9170=ORIENTED_EDGE('',*,*,#8872,.T.) ;
#9171=ORIENTED_EDGE('',*,*,#9154,.F.) ;
#9172=ORIENTED_EDGE('',*,*,#9167,.T.) ;
#9173=ORIENTED_EDGE('',*,*,#7626,.F.) ;
#9182=ORIENTED_EDGE('',*,*,#8943,.T.) ;
#9183=ORIENTED_EDGE('',*,*,#8961,.T.) ;
#9203=ORIENTED_EDGE('',*,*,#9201,.T.) ;
#9204=ORIENTED_EDGE('',*,*,#8995,.T.) ;
#9205=ORIENTED_EDGE('',*,*,#9083,.F.) ;
#9206=ORIENTED_EDGE('',*,*,#9078,.F.) ;
#9207=ORIENTED_EDGE('',*,*,#9044,.F.) ;
#9222=ORIENTED_EDGE('',*,*,#9220,.T.) ;
#9223=ORIENTED_EDGE('',*,*,#9167,.F.) ;
#9224=ORIENTED_EDGE('',*,*,#9147,.F.) ;
#9225=ORIENTED_EDGE('',*,*,#9140,.F.) ;
#9226=ORIENTED_EDGE('',*,*,#9111,.T.) ;
#9263=ORIENTED_EDGE('',*,*,#9242,.T.) ;
#9264=ORIENTED_EDGE('',*,*,#9249,.F.) ;
#9265=ORIENTED_EDGE('',*,*,#9256,.F.) ;
#9266=ORIENTED_EDGE('',*,*,#9261,.T.) ;
#9280=ORIENTED_EDGE('',*,*,#9256,.T.) ;
#9281=ORIENTED_EDGE('',*,*,#9273,.F.) ;
#9282=ORIENTED_EDGE('',*,*,#9242,.F.) ;
#9283=ORIENTED_EDGE('',*,*,#9278,.T.) ;
#9311=ORIENTED_EDGE('',*,*,#9297,.T.) ;
#9312=ORIENTED_EDGE('',*,*,#9304,.F.) ;
#9313=ORIENTED_EDGE('',*,*,#9309,.F.) ;
#9314=ORIENTED_EDGE('',*,*,#9249,.T.) ;
#9323=ORIENTED_EDGE('',*,*,#9309,.T.) ;
#9324=ORIENTED_EDGE('',*,*,#9321,.F.) ;
#9325=ORIENTED_EDGE('',*,*,#9297,.F.) ;
#9326=ORIENTED_EDGE('',*,*,#9273,.T.) ;
#9351=ORIENTED_EDGE('',*,*,#8113,.T.) ;
#9352=ORIENTED_EDGE('',*,*,#7979,.F.) ;
#9353=ORIENTED_EDGE('',*,*,#7534,.F.) ;
#9354=ORIENTED_EDGE('',*,*,#9201,.F.) ;
#9355=ORIENTED_EDGE('',*,*,#7728,.F.) ;
#9356=ORIENTED_EDGE('',*,*,#9343,.F.) ;
#9357=ORIENTED_EDGE('',*,*,#9304,.T.) ;
#9358=ORIENTED_EDGE('',*,*,#9349,.T.) ;
#9371=ORIENTED_EDGE('',*,*,#8360,.T.) ;
#9372=ORIENTED_EDGE('',*,*,#8118,.T.) ;
#9373=ORIENTED_EDGE('',*,*,#9349,.F.) ;
#9374=ORIENTED_EDGE('',*,*,#9321,.T.) ;
#9375=ORIENTED_EDGE('',*,*,#9343,.T.) ;
#9376=ORIENTED_EDGE('',*,*,#7584,.F.) ;
#9377=ORIENTED_EDGE('',*,*,#9220,.F.) ;
#9378=ORIENTED_EDGE('',*,*,#7677,.F.) ;
#9421=ORIENTED_EDGE('',*,*,#9399,.T.) ;
#9422=ORIENTED_EDGE('',*,*,#9406,.F.) ;
#9423=ORIENTED_EDGE('',*,*,#9414,.F.) ;
#9424=ORIENTED_EDGE('',*,*,#9419,.T.) ;
#9447=ORIENTED_EDGE('',*,*,#9414,.T.) ;
#9448=ORIENTED_EDGE('',*,*,#9440,.F.) ;
#9449=ORIENTED_EDGE('',*,*,#9399,.F.) ;
#9450=ORIENTED_EDGE('',*,*,#9445,.T.) ;
#9469=ORIENTED_EDGE('',*,*,#7854,.F.) ;
#9470=ORIENTED_EDGE('',*,*,#9462,.T.) ;
#9471=ORIENTED_EDGE('',*,*,#7771,.F.) ;
#9472=ORIENTED_EDGE('',*,*,#7483,.F.) ;
#9473=ORIENTED_EDGE('',*,*,#9467,.F.) ;
#9474=ORIENTED_EDGE('',*,*,#7816,.F.) ;
#9478=ORIENTED_EDGE('',*,*,#7788,.F.) ;
#9479=ORIENTED_EDGE('',*,*,#9462,.F.) ;
#9480=ORIENTED_EDGE('',*,*,#7874,.F.) ;
#9481=ORIENTED_EDGE('',*,*,#7896,.F.) ;
#9482=ORIENTED_EDGE('',*,*,#9467,.T.) ;
#9483=ORIENTED_EDGE('',*,*,#7459,.F.) ;
#9517=ORIENTED_EDGE('',*,*,#9261,.F.) ;
#9518=ORIENTED_EDGE('',*,*,#9510,.F.) ;
#9519=ORIENTED_EDGE('',*,*,#9406,.T.) ;
#9520=ORIENTED_EDGE('',*,*,#9515,.T.) ;
#9524=ORIENTED_EDGE('',*,*,#9440,.T.) ;
#9525=ORIENTED_EDGE('',*,*,#9510,.T.) ;
#9526=ORIENTED_EDGE('',*,*,#9278,.F.) ;
#9527=ORIENTED_EDGE('',*,*,#9515,.F.) ;
#9546=ORIENTED_EDGE('',*,*,#7278,.T.) ;
#9547=ORIENTED_EDGE('',*,*,#9539,.T.) ;
#9548=ORIENTED_EDGE('',*,*,#9445,.F.) ;
#9549=ORIENTED_EDGE('',*,*,#9544,.F.) ;
#9550=ORIENTED_EDGE('',*,*,#7347,.T.) ;
#9554=ORIENTED_EDGE('',*,*,#9419,.F.) ;
#9555=ORIENTED_EDGE('',*,*,#9539,.F.) ;
#9556=ORIENTED_EDGE('',*,*,#7297,.T.) ;
#9557=ORIENTED_EDGE('',*,*,#7335,.T.) ;
#9558=ORIENTED_EDGE('',*,*,#9544,.T.) ;
#428=FACE_BOUND('',#411,.T.) ;
#3760=FACE_BOUND('',#3757,.T.) ;
#5495=FACE_BOUND('',#5492,.T.) ;
#6458=FACE_BOUND('',#6441,.T.) ;
#6476=FACE_BOUND('',#6473,.T.) ;
#6494=FACE_BOUND('',#6491,.T.) ;
#7227=FACE_BOUND('',#7218,.T.) ;
#7247=FACE_BOUND('',#7238,.T.) ;
#8519=FACE_BOUND('',#8514,.T.) ;
#50=CLOSED_SHELL('Closed Shell',(#92,#123,#211,#279,#429,#470,#551,#633,#672,#697,#739,#766,#808,#865,#909,#940,#957,#1017,#1050,#1074,#1129,#1184,#1207,#1246,#1300,#1325,#1364,#1434,#1475,#1520,#1551,#1574,#1626,#1688,#1735,#1770,#1852,#1919,#1944,#1968,#2027,#2091,#2146,#2175,#2206,#2223,#2305,#2356,#2372,#2458,#2539,#2555,#2648,#2699,#2728,#2784,#2829,#2864,#2895,#2964,#3022,#3056,#3087,#3110,#3162,#3221,#3288,#3343,#3388,#3419,#3442,#3506,#3523,#3540,#3568,#3628,#3761,#3825,#3904,#3930,#3997,#4014,#4038,#4105,#4136,#4153,#4196,#4256,#4295,#4320,#4375,#4388,#4417,#4459,#4501,#4514,#4574,#4613,#4626,#4669,#4703,#4734,#4757,#4812,#4829,#4857,#4882,#4930,#4952,#5007,#5024,#5077,#5158,#5184,#5257,#5264,#5277,#5382,#5468,#5496,#5541,#5574,#5648,#5673,#5745,#5764,#5791,#5865,#5890,#5954,#5982,#6056,#6081,#6153,#6165,#6185,#6259,#6284,#6348,#6379,#6391,#6411,#6495,#6507,#6536,#6548,#6569,#6589,#6604,#6616,#6623,#6630,#6673,#6692,#6735,#6754,#6787,#6804,#6837,#6854,#6864,#6869,#6884,#6899)) ;
#6903=CLOSED_SHELL('Closed Shell',(#6943,#6960,#7000,#7031,#7062,#7093,#7124,#7155,#7186,#7208,#7228,#7248)) ;
#7250=CLOSED_SHELL('Closed Shell',(#7290,#7316,#7342,#7359,#7390,#7409,#7428,#7440,#7471,#7490,#7575,#7634,#7714,#7764,#7783,#7795,#7835,#7861,#7886,#7903,#7915,#7954,#7987,#8059,#8075,#8094,#8126,#8344,#8368,#8391,#8397,#8520,#8546,#8565,#8614,#8641,#8667,#8691,#8717,#8737,#8759,#8780,#8799,#8820,#8835,#8847,#8897,#8913,#8924,#8956,#8969,#9003,#9020,#9032,#9066,#9092,#9104,#9133,#9162,#9175,#9185,#9209,#9228,#9268,#9285,#9316,#9328,#9360,#9380,#9426,#9452,#9476,#9485,#9522,#9529,#9552,#9560)) ;
#190=VECTOR('Line Direction',#189,1.) ;
#596=VECTOR('Line Direction',#595,1.) ;
#618=VECTOR('Line Direction',#617,1.) ;
#641=VECTOR('Line Direction',#640,1.) ;
#680=VECTOR('Line Direction',#679,1.) ;
#705=VECTOR('Line Direction',#704,1.) ;
#747=VECTOR('Line Direction',#746,1.) ;
#774=VECTOR('Line Direction',#773,1.) ;
#1308=VECTOR('Line Direction',#1307,1.) ;
#1333=VECTOR('Line Direction',#1332,1.) ;
#1384=VECTOR('Line Direction',#1383,1.) ;
#1450=VECTOR('Line Direction',#1449,1.) ;
#1542=VECTOR('Line Direction',#1541,1.) ;
#2183=VECTOR('Line Direction',#2182,1.) ;
#2197=VECTOR('Line Direction',#2196,1.) ;
#2398=VECTOR('Line Direction',#2397,1.) ;
#3030=VECTOR('Line Direction',#3029,1.) ;
#3071=VECTOR('Line Direction',#3070,1.) ;
#3368=VECTOR('Line Direction',#3367,1.) ;
#3410=VECTOR('Line Direction',#3409,1.) ;
#3576=VECTOR('Line Direction',#3575,1.) ;
#4199=VECTOR('Line Direction',#4198,1.) ;
#4241=VECTOR('Line Direction',#4240,1.) ;
#4286=VECTOR('Line Direction',#4285,1.) ;
#4402=VECTOR('Line Direction',#4401,1.) ;
#4407=VECTOR('Line Direction',#4406,1.) ;
#4425=VECTOR('Line Direction',#4424,1.) ;
#4492=VECTOR('Line Direction',#4491,1.) ;
#4554=VECTOR('Line Direction',#4553,1.) ;
#4559=VECTOR('Line Direction',#4558,1.) ;
#4604=VECTOR('Line Direction',#4603,1.) ;
#4693=VECTOR('Line Direction',#4692,1.) ;
#4725=VECTOR('Line Direction',#4724,1.) ;
#4865=VECTOR('Line Direction',#4864,1.) ;
#5755=VECTOR('Line Direction',#5754,1.) ;
#5775=VECTOR('Line Direction',#5774,1.) ;
#6356=VECTOR('Line Direction',#6355,1.) ;
#6370=VECTOR('Line Direction',#6369,1.) ;
#6423=VECTOR('Line Direction',#6422,1.) ;
#6428=VECTOR('Line Direction',#6427,1.) ;
#6433=VECTOR('Line Direction',#6432,1.) ;
#6438=VECTOR('Line Direction',#6437,1.) ;
#6461=VECTOR('Line Direction',#6460,1.) ;
#6479=VECTOR('Line Direction',#6478,1.) ;
#6650=VECTOR('Line Direction',#6649,1.) ;
#6712=VECTOR('Line Direction',#6711,1.) ;
#6770=VECTOR('Line Direction',#6769,1.) ;
#6820=VECTOR('Line Direction',#6819,1.) ;
#6911=VECTOR('Line Direction',#6910,1.) ;
#6927=VECTOR('Line Direction',#6926,1.) ;
#6968=VECTOR('Line Direction',#6967,1.) ;
#6977=VECTOR('Line Direction',#6976,1.) ;
#6984=VECTOR('Line Direction',#6983,1.) ;
#6991=VECTOR('Line Direction',#6990,1.) ;
#7008=VECTOR('Line Direction',#7007,1.) ;
#7046=VECTOR('Line Direction',#7045,1.) ;
#7077=VECTOR('Line Direction',#7076,1.) ;
#7101=VECTOR('Line Direction',#7100,1.) ;
#7132=VECTOR('Line Direction',#7131,1.) ;
#7141=VECTOR('Line Direction',#7140,1.) ;
#7146=VECTOR('Line Direction',#7145,1.) ;
#7163=VECTOR('Line Direction',#7162,1.) ;
#7267=VECTOR('Line Direction',#7266,1.) ;
#7281=VECTOR('Line Direction',#7280,1.) ;
#7307=VECTOR('Line Direction',#7306,1.) ;
#7326=VECTOR('Line Direction',#7325,1.) ;
#7367=VECTOR('Line Direction',#7366,1.) ;
#7381=VECTOR('Line Direction',#7380,1.) ;
#7393=VECTOR('Line Direction',#7392,1.) ;
#7419=VECTOR('Line Direction',#7418,1.) ;
#7448=VECTOR('Line Direction',#7447,1.) ;
#7462=VECTOR('Line Direction',#7461,1.) ;
#7474=VECTOR('Line Direction',#7473,1.) ;
#7587=VECTOR('Line Direction',#7586,1.) ;
#7774=VECTOR('Line Direction',#7773,1.) ;
#7803=VECTOR('Line Direction',#7802,1.) ;
#7819=VECTOR('Line Direction',#7818,1.) ;
#7845=VECTOR('Line Direction',#7844,1.) ;
#7923=VECTOR('Line Direction',#7922,1.) ;
#7930=VECTOR('Line Direction',#7929,1.) ;
#7937=VECTOR('Line Direction',#7936,1.) ;
#7944=VECTOR('Line Direction',#7943,1.) ;
#7962=VECTOR('Line Direction',#7961,1.) ;
#7995=VECTOR('Line Direction',#7994,1.) ;
#8004=VECTOR('Line Direction',#8003,1.) ;
#8009=VECTOR('Line Direction',#8008,1.) ;
#8023=VECTOR('Line Direction',#8022,1.) ;
#8030=VECTOR('Line Direction',#8029,1.) ;
#8037=VECTOR('Line Direction',#8036,1.) ;
#8044=VECTOR('Line Direction',#8043,1.) ;
#8085=VECTOR('Line Direction',#8084,1.) ;
#8102=VECTOR('Line Direction',#8101,1.) ;
#8352=VECTOR('Line Direction',#8351,1.) ;
#8376=VECTOR('Line Direction',#8375,1.) ;
#8381=VECTOR('Line Direction',#8380,1.) ;
#8405=VECTOR('Line Direction',#8404,1.) ;
#8433=VECTOR('Line Direction',#8432,1.) ;
#8438=VECTOR('Line Direction',#8437,1.) ;
#8466=VECTOR('Line Direction',#8465,1.) ;
#8537=VECTOR('Line Direction',#8536,1.) ;
#8549=VECTOR('Line Direction',#8548,1.) ;
#8554=VECTOR('Line Direction',#8553,1.) ;
#8622=VECTOR('Line Direction',#8621,1.) ;
#8649=VECTOR('Line Direction',#8648,1.) ;
#8682=VECTOR('Line Direction',#8681,1.) ;
#8699=VECTOR('Line Direction',#8698,1.) ;
#8750=VECTOR('Line Direction',#8749,1.) ;
#8771=VECTOR('Line Direction',#8770,1.) ;
#8790=VECTOR('Line Direction',#8789,1.) ;
#8811=VECTOR('Line Direction',#8810,1.) ;
#8838=VECTOR('Line Direction',#8837,1.) ;
#8932=VECTOR('Line Direction',#8931,1.) ;
#8946=VECTOR('Line Direction',#8945,1.) ;
#8993=VECTOR('Line Direction',#8992,1.) ;
#9011=VECTOR('Line Direction',#9010,1.) ;
#9023=VECTOR('Line Direction',#9022,1.) ;
#9040=VECTOR('Line Direction',#9039,1.) ;
#9095=VECTOR('Line Direction',#9094,1.) ;
#9107=VECTOR('Line Direction',#9106,1.) ;
#9165=VECTOR('Line Direction',#9164,1.) ;
#9236=VECTOR('Line Direction',#9235,1.) ;
#9252=VECTOR('Line Direction',#9251,1.) ;
#9537=VECTOR('Line Direction',#9536,1.) ;
#9542=VECTOR('Line Direction',#9541,1.) ;
#6901=ADVANCED_BREP_SHAPE_REPRESENTATION('NONE',(#6900,#7249,#9561),#45) ;
#48=SHAPE_REPRESENTATION(' ',(#47),#45) ;
#92=ADVANCED_FACE('HLD',(#91),#55,.T.) ;
#123=ADVANCED_FACE('HLD',(#122),#97,.T.) ;
#211=ADVANCED_FACE('HLD',(#210),#128,.F.) ;
#279=ADVANCED_FACE('HLD',(#278),#216,.T.) ;
#429=ADVANCED_FACE('HLD',(#302,#428),#284,.T.) ;
#470=ADVANCED_FACE('HLD',(#469),#434,.T.) ;
#551=ADVANCED_FACE('HLD',(#550),#475,.F.) ;
#633=ADVANCED_FACE('HLD',(#632),#556,.T.) ;
#672=ADVANCED_FACE('HLD',(#671),#638,.T.) ;
#697=ADVANCED_FACE('HLD',(#696),#677,.T.) ;
#739=ADVANCED_FACE('HLD',(#738),#702,.F.) ;
#766=ADVANCED_FACE('HLD',(#765),#744,.T.) ;
#808=ADVANCED_FACE('HLD',(#807),#771,.F.) ;
#865=ADVANCED_FACE('HLD',(#864),#809,.F.) ;
#909=ADVANCED_FACE('HLD',(#908),#870,.T.) ;
#940=ADVANCED_FACE('HLD',(#939),#914,.T.) ;
#957=ADVANCED_FACE('HLD',(#956),#945,.T.) ;
#1017=ADVANCED_FACE('HLD',(#1016),#962,.T.) ;
#1050=ADVANCED_FACE('HLD',(#1049),#1022,.T.) ;
#1074=ADVANCED_FACE('HLD',(#1073),#1055,.T.) ;
#1129=ADVANCED_FACE('HLD',(#1128),#962,.T.) ;
#1184=ADVANCED_FACE('HLD',(#1183),#1134,.T.) ;
#1207=ADVANCED_FACE('HLD',(#1206),#870,.T.) ;
#1246=ADVANCED_FACE('HLD',(#1245),#1212,.T.) ;
#1300=ADVANCED_FACE('HLD',(#1299),#1247,.F.) ;
#1325=ADVANCED_FACE('HLD',(#1324),#1305,.F.) ;
#1364=ADVANCED_FACE('HLD',(#1363),#1330,.T.) ;
#1434=ADVANCED_FACE('HLD',(#1433),#556,.T.) ;
#1475=ADVANCED_FACE('HLD',(#1474),#1439,.T.) ;
#1520=ADVANCED_FACE('HLD',(#1519),#1476,.F.) ;
#1551=ADVANCED_FACE('HLD',(#1550),#1525,.F.) ;
#1574=ADVANCED_FACE('HLD',(#1573),#1556,.F.) ;
#1626=ADVANCED_FACE('HLD',(#1625),#1575,.T.) ;
#1688=ADVANCED_FACE('HLD',(#1687),#1631,.F.) ;
#1735=ADVANCED_FACE('HLD',(#1734),#1693,.F.) ;
#1770=ADVANCED_FACE('HLD',(#1769),#1740,.F.) ;
#1852=ADVANCED_FACE('HLD',(#1851),#1771,.T.) ;
#1919=ADVANCED_FACE('HLD',(#1918),#1853,.T.) ;
#1944=ADVANCED_FACE('HLD',(#1943),#1924,.F.) ;
#1968=ADVANCED_FACE('HLD',(#1967),#1949,.F.) ;
#2027=ADVANCED_FACE('HLD',(#2026),#1969,.T.) ;
#2091=ADVANCED_FACE('HLD',(#2090),#2028,.T.) ;
#2146=ADVANCED_FACE('HLD',(#2145),#2092,.T.) ;
#2175=ADVANCED_FACE('HLD',(#2174),#2151,.T.) ;
#2206=ADVANCED_FACE('HLD',(#2205),#2180,.T.) ;
#2223=ADVANCED_FACE('HLD',(#2222),#2211,.T.) ;
#2305=ADVANCED_FACE('HLD',(#2304),#1631,.F.) ;
#2356=ADVANCED_FACE('HLD',(#2355),#2306,.T.) ;
#2372=ADVANCED_FACE('HLD',(#2371),#2361,.T.) ;
#2458=ADVANCED_FACE('HLD',(#2457),#2377,.F.) ;
#2539=ADVANCED_FACE('HLD',(#2538),#2463,.F.) ;
#2555=ADVANCED_FACE('HLD',(#2554),#2544,.T.) ;
#2648=ADVANCED_FACE('HLD',(#2647),#2560,.F.) ;
#2699=ADVANCED_FACE('HLD',(#2698),#2649,.T.) ;
#2728=ADVANCED_FACE('HLD',(#2727),#2704,.T.) ;
#2784=ADVANCED_FACE('HLD',(#2783),#2560,.F.) ;
#2829=ADVANCED_FACE('HLD',(#2828),#2785,.F.) ;
#2864=ADVANCED_FACE('HLD',(#2863),#2834,.F.) ;
#2895=ADVANCED_FACE('HLD',(#2894),#2869,.F.) ;
#2964=ADVANCED_FACE('HLD',(#2963),#2896,.T.) ;
#3022=ADVANCED_FACE('HLD',(#3021),#2965,.T.) ;
#3056=ADVANCED_FACE('HLD',(#3055),#3027,.T.) ;
#3087=ADVANCED_FACE('HLD',(#3086),#3061,.F.) ;
#3110=ADVANCED_FACE('HLD',(#3109),#3092,.F.) ;
#3162=ADVANCED_FACE('HLD',(#3161),#3111,.F.) ;
#3221=ADVANCED_FACE('HLD',(#3220),#3163,.T.) ;
#3288=ADVANCED_FACE('HLD',(#3287),#3222,.T.) ;
#3343=ADVANCED_FACE('HLD',(#3342),#3289,.T.) ;
#3388=ADVANCED_FACE('HLD',(#3387),#3348,.T.) ;
#3419=ADVANCED_FACE('HLD',(#3418),#3393,.F.) ;
#3442=ADVANCED_FACE('HLD',(#3441),#3424,.F.) ;
#3506=ADVANCED_FACE('HLD',(#3505),#3443,.F.) ;
#3523=ADVANCED_FACE('HLD',(#3522),#3511,.F.) ;
#3540=ADVANCED_FACE('HLD',(#3539),#3528,.T.) ;
#3568=ADVANCED_FACE('HLD',(#3567),#3545,.T.) ;
#3628=ADVANCED_FACE('HLD',(#3627),#3573,.T.) ;
#3761=ADVANCED_FACE('HLD',(#3718,#3760),#3633,.T.) ;
#3825=ADVANCED_FACE('HLD',(#3824),#3762,.F.) ;
#3904=ADVANCED_FACE('HLD',(#3903),#3826,.T.) ;
#3930=ADVANCED_FACE('HLD',(#3929),#3909,.F.) ;
#3997=ADVANCED_FACE('HLD',(#3996),#3931,.T.) ;
#4014=ADVANCED_FACE('HLD',(#4013),#4002,.F.) ;
#4038=ADVANCED_FACE('HLD',(#4037),#4019,.F.) ;
#4105=ADVANCED_FACE('HLD',(#4104),#4039,.F.) ;
#4136=ADVANCED_FACE('HLD',(#4135),#4110,.T.) ;
#4153=ADVANCED_FACE('HLD',(#4152),#4141,.T.) ;
#4196=ADVANCED_FACE('HLD',(#4195),#4154,.F.) ;
#4256=ADVANCED_FACE('HLD',(#4255),#556,.T.) ;
#4295=ADVANCED_FACE('HLD',(#4294),#4261,.T.) ;
#4320=ADVANCED_FACE('HLD',(#4319),#4300,.F.) ;
#4375=ADVANCED_FACE('HLD',(#4374),#4321,.F.) ;
#4388=ADVANCED_FACE('HLD',(#4387),#3573,.T.) ;
#4417=ADVANCED_FACE('HLD',(#4416),#744,.T.) ;
#4459=ADVANCED_FACE('HLD',(#4458),#4422,.F.) ;
#4501=ADVANCED_FACE('HLD',(#4500),#4464,.F.) ;
#4514=ADVANCED_FACE('HLD',(#4513),#677,.T.) ;
#4574=ADVANCED_FACE('HLD',(#4573),#556,.T.) ;
#4613=ADVANCED_FACE('HLD',(#4612),#4579,.T.) ;
#4626=ADVANCED_FACE('HLD',(#4625),#1305,.F.) ;
#4669=ADVANCED_FACE('HLD',(#4668),#4627,.F.) ;
#4703=ADVANCED_FACE('HLD',(#4702),#4674,.F.) ;
#4734=ADVANCED_FACE('HLD',(#4733),#4708,.F.) ;
#4757=ADVANCED_FACE('HLD',(#4756),#4739,.F.) ;
#4812=ADVANCED_FACE('HLD',(#4811),#4758,.T.) ;
#4829=ADVANCED_FACE('HLD',(#4828),#4817,.T.) ;
#4857=ADVANCED_FACE('HLD',(#4856),#4834,.T.) ;
#4882=ADVANCED_FACE('HLD',(#4881),#4862,.T.) ;
#4930=ADVANCED_FACE('HLD',(#4929),#4862,.T.) ;
#4952=ADVANCED_FACE('HLD',(#4951),#3348,.T.) ;
#5007=ADVANCED_FACE('HLD',(#5006),#4953,.F.) ;
#5024=ADVANCED_FACE('HLD',(#5023),#5012,.F.) ;
#5077=ADVANCED_FACE('HLD',(#5076),#5025,.F.) ;
#5158=ADVANCED_FACE('HLD',(#5157),#5078,.T.) ;
#5184=ADVANCED_FACE('HLD',(#5183),#1693,.F.) ;
#5257=ADVANCED_FACE('HLD',(#5256),#5185,.T.) ;
#5264=ADVANCED_FACE('HLD',(#5263),#1924,.F.) ;
#5277=ADVANCED_FACE('HLD',(#5276),#2834,.F.) ;
#5382=ADVANCED_FACE('HLD',(#5381),#5282,.T.) ;
#5468=ADVANCED_FACE('HLD',(#5467),#5282,.T.) ;
#5496=ADVANCED_FACE('HLD',(#5477,#5495),#5473,.F.) ;
#5541=ADVANCED_FACE('HLD',(#5540),#5497,.F.) ;
#5574=ADVANCED_FACE('HLD',(#5573),#5546,.F.) ;
#5648=ADVANCED_FACE('HLD',(#5647),#5575,.F.) ;
#5673=ADVANCED_FACE('HLD',(#5672),#5653,.F.) ;
#5745=ADVANCED_FACE('HLD',(#5744),#5674,.T.) ;
#5764=ADVANCED_FACE('HLD',(#5763),#5546,.F.) ;
#5791=ADVANCED_FACE('HLD',(#5790),#5546,.F.) ;
#5865=ADVANCED_FACE('HLD',(#5864),#5792,.F.) ;
#5890=ADVANCED_FACE('HLD',(#5889),#5870,.F.) ;
#5954=ADVANCED_FACE('HLD',(#5953),#5891,.F.) ;
#5982=ADVANCED_FACE('HLD',(#5981),#5546,.F.) ;
#6056=ADVANCED_FACE('HLD',(#6055),#5983,.F.) ;
#6081=ADVANCED_FACE('HLD',(#6080),#6061,.F.) ;
#6153=ADVANCED_FACE('HLD',(#6152),#6082,.F.) ;
#6165=ADVANCED_FACE('HLD',(#6164),#5546,.F.) ;
#6185=ADVANCED_FACE('HLD',(#6184),#5546,.F.) ;
#6259=ADVANCED_FACE('HLD',(#6258),#6186,.T.) ;
#6284=ADVANCED_FACE('HLD',(#6283),#6264,.F.) ;
#6348=ADVANCED_FACE('HLD',(#6347),#6285,.F.) ;
#6379=ADVANCED_FACE('HLD',(#6378),#6353,.F.) ;
#6391=ADVANCED_FACE('HLD',(#6390),#6353,.F.) ;
#6411=ADVANCED_FACE('HLD',(#6410),#6396,.F.) ;
#6495=ADVANCED_FACE('HLD',(#6420,#6458,#6476,#6494),#6416,.T.) ;
#6507=ADVANCED_FACE('HLD',(#6506),#6500,.F.) ;
#6536=ADVANCED_FACE('HLD',(#6535),#6512,.T.) ;
#6548=ADVANCED_FACE('HLD',(#6547),#6396,.F.) ;
#6569=ADVANCED_FACE('HLD',(#6568),#6396,.F.) ;
#6589=ADVANCED_FACE('HLD',(#6588),#6574,.F.) ;
#6604=ADVANCED_FACE('HLD',(#6603),#6396,.F.) ;
#6616=ADVANCED_FACE('HLD',(#6615),#6609,.F.) ;
#6623=ADVANCED_FACE('HLD',(#6622),#6396,.F.) ;
#6630=ADVANCED_FACE('HLD',(#6629),#6396,.F.) ;
#6673=ADVANCED_FACE('HLD',(#6672),#6635,.T.) ;
#6692=ADVANCED_FACE('HLD',(#6691),#6678,.T.) ;
#6735=ADVANCED_FACE('HLD',(#6734),#6697,.F.) ;
#6754=ADVANCED_FACE('HLD',(#6753),#6740,.T.) ;
#6787=ADVANCED_FACE('HLD',(#6786),#6759,.T.) ;
#6804=ADVANCED_FACE('HLD',(#6803),#6792,.T.) ;
#6837=ADVANCED_FACE('HLD',(#6836),#6809,.F.) ;
#6854=ADVANCED_FACE('HLD',(#6853),#6842,.T.) ;
#6864=ADVANCED_FACE('HLD',(#6863),#6859,.F.) ;
#6869=ADVANCED_FACE('HLD',(#6868),#6859,.F.) ;
#6884=ADVANCED_FACE('HLD',(#6883),#6874,.F.) ;
#6899=ADVANCED_FACE('HLD',(#6898),#6889,.F.) ;
#6943=ADVANCED_FACE('TAPE',(#6942),#6908,.T.) ;
#6960=ADVANCED_FACE('TAPE',(#6959),#6908,.T.) ;
#7000=ADVANCED_FACE('TAPE',(#6999),#6965,.T.) ;
#7031=ADVANCED_FACE('TAPE',(#7030),#7005,.F.) ;
#7062=ADVANCED_FACE('TAPE',(#7061),#7036,.F.) ;
#7093=ADVANCED_FACE('TAPE',(#7092),#7067,.F.) ;
#7124=ADVANCED_FACE('TAPE',(#7123),#7098,.F.) ;
#7155=ADVANCED_FACE('TAPE',(#7154),#7129,.F.) ;
#7186=ADVANCED_FACE('TAPE',(#7185),#7160,.F.) ;
#7208=ADVANCED_FACE('TAPE',(#7207),#7191,.F.) ;
#7228=ADVANCED_FACE('TAPE',(#7217,#7227),#7213,.F.) ;
#7248=ADVANCED_FACE('TAPE',(#7237,#7247),#7233,.T.) ;
#7290=ADVANCED_FACE('LENS',(#7289),#7255,.T.) ;
#7316=ADVANCED_FACE('LENS',(#7315),#7255,.T.) ;
#7342=ADVANCED_FACE('LENS',(#7341),#7255,.T.) ;
#7359=ADVANCED_FACE('LENS',(#7358),#7255,.T.) ;
#7390=ADVANCED_FACE('LENS',(#7389),#7364,.F.) ;
#7409=ADVANCED_FACE('LENS',(#7408),#7364,.F.) ;
#7428=ADVANCED_FACE('LENS',(#7427),#7364,.F.) ;
#7440=ADVANCED_FACE('LENS',(#7439),#7364,.F.) ;
#7471=ADVANCED_FACE('LENS',(#7470),#7445,.F.) ;
#7490=ADVANCED_FACE('LENS',(#7489),#7445,.F.) ;
#7575=ADVANCED_FACE('LENS',(#7574),#7495,.T.) ;
#7634=ADVANCED_FACE('LENS',(#7633),#7495,.T.) ;
#7714=ADVANCED_FACE('LENS',(#7713),#7495,.T.) ;
#7764=ADVANCED_FACE('LENS',(#7763),#7495,.T.) ;
#7783=ADVANCED_FACE('LENS',(#7782),#7445,.F.) ;
#7795=ADVANCED_FACE('LENS',(#7794),#7445,.F.) ;
#7835=ADVANCED_FACE('LENS',(#7834),#7800,.F.) ;
#7861=ADVANCED_FACE('LENS',(#7860),#7800,.F.) ;
#7886=ADVANCED_FACE('LENS',(#7885),#7800,.F.) ;
#7903=ADVANCED_FACE('LENS',(#7902),#7800,.F.) ;
#7915=ADVANCED_FACE('LENS',(#7914),#7908,.F.) ;
#7954=ADVANCED_FACE('LENS',(#7953),#7920,.T.) ;
#7987=ADVANCED_FACE('LENS',(#7986),#7959,.T.) ;
#8059=ADVANCED_FACE('LENS',(#8058),#7992,.T.) ;
#8075=ADVANCED_FACE('LENS',(#8074),#8064,.T.) ;
#8094=ADVANCED_FACE('LENS',(#8093),#8064,.F.) ;
#8126=ADVANCED_FACE('LENS',(#8125),#8099,.T.) ;
#8344=ADVANCED_FACE('LENS',(#8343),#8131,.T.) ;
#8368=ADVANCED_FACE('LENS',(#8367),#8349,.T.) ;
#8391=ADVANCED_FACE('LENS',(#8390),#8373,.F.) ;
#8397=ADVANCED_FACE('LENS',(#8396),#8064,.T.) ;
#8520=ADVANCED_FACE('LENS',(#8485,#8519),#8402,.T.) ;
#8546=ADVANCED_FACE('LENS',(#8545),#8525,.F.) ;
#8565=ADVANCED_FACE('LENS',(#8564),#8064,.F.) ;
#8614=ADVANCED_FACE('LENS',(#8613),#8131,.T.) ;
#8641=ADVANCED_FACE('LENS',(#8640),#8619,.F.) ;
#8667=ADVANCED_FACE('LENS',(#8666),#8646,.F.) ;
#8691=ADVANCED_FACE('LENS',(#8690),#8672,.T.) ;
#8717=ADVANCED_FACE('LENS',(#8716),#8696,.F.) ;
#8737=ADVANCED_FACE('LENS',(#8736),#8722,.T.) ;
#8759=ADVANCED_FACE('LENS',(#8758),#8722,.T.) ;
#8780=ADVANCED_FACE('LENS',(#8779),#8696,.F.) ;
#8799=ADVANCED_FACE('LENS',(#8798),#8672,.T.) ;
#8820=ADVANCED_FACE('LENS',(#8819),#8646,.F.) ;
#8835=ADVANCED_FACE('LENS',(#8834),#8619,.F.) ;
#8847=ADVANCED_FACE('LENS',(#8846),#8064,.F.) ;
#8897=ADVANCED_FACE('LENS',(#8896),#8131,.T.) ;
#8913=ADVANCED_FACE('LENS',(#8912),#8902,.T.) ;
#8924=ADVANCED_FACE('LENS',(#8923),#8902,.T.) ;
#8956=ADVANCED_FACE('LENS',(#8955),#8929,.F.) ;
#8969=ADVANCED_FACE('LENS',(#8968),#8929,.F.) ;
#9003=ADVANCED_FACE('LENS',(#9002),#8974,.F.) ;
#9020=ADVANCED_FACE('LENS',(#9019),#9008,.F.) ;
#9032=ADVANCED_FACE('LENS',(#9031),#9008,.F.) ;
#9066=ADVANCED_FACE('LENS',(#9065),#9037,.T.) ;
#9092=ADVANCED_FACE('LENS',(#9091),#9071,.T.) ;
#9104=ADVANCED_FACE('LENS',(#9103),#8525,.F.) ;
#9133=ADVANCED_FACE('LENS',(#9132),#8974,.F.) ;
#9162=ADVANCED_FACE('LENS',(#9161),#9071,.T.) ;
#9175=ADVANCED_FACE('LENS',(#9174),#9037,.T.) ;
#9185=ADVANCED_FACE('LENS',(#9184),#9180,.T.) ;
#9209=ADVANCED_FACE('LENS',(#9208),#9190,.F.) ;
#9228=ADVANCED_FACE('LENS',(#9227),#9190,.F.) ;
#9268=ADVANCED_FACE('LENS',(#9267),#9233,.T.) ;
#9285=ADVANCED_FACE('LENS',(#9284),#9233,.T.) ;
#9316=ADVANCED_FACE('LENS',(#9315),#9290,.T.) ;
#9328=ADVANCED_FACE('LENS',(#9327),#9290,.T.) ;
#9360=ADVANCED_FACE('LENS',(#9359),#9337,.T.) ;
#9380=ADVANCED_FACE('LENS',(#9379),#9369,.T.) ;
#9426=ADVANCED_FACE('LENS',(#9425),#9389,.T.) ;
#9452=ADVANCED_FACE('LENS',(#9451),#9435,.T.) ;
#9476=ADVANCED_FACE('LENS',(#9475),#9457,.T.) ;
#9485=ADVANCED_FACE('LENS',(#9484),#9457,.T.) ;
#9522=ADVANCED_FACE('LENS',(#9521),#9505,.F.) ;
#9529=ADVANCED_FACE('LENS',(#9528),#9505,.F.) ;
#9552=ADVANCED_FACE('LENS',(#9551),#9534,.T.) ;
#9560=ADVANCED_FACE('LENS',(#9559),#9534,.T.) ;
#4=APPLICATION_PROTOCOL_DEFINITION('international standard','config_control_design',1994,#1) ;
#32=APPROVAL_DATE_TIME(#13,#21) ;
#9336=AXIS1_PLACEMENT('Revolution Surface Axis1P',#9334,#9335) ;
#9368=AXIS1_PLACEMENT('Revolution Surface Axis1P',#9366,#9367) ;
#9388=AXIS1_PLACEMENT('Revolution Surface Axis1P',#9386,#9387) ;
#9434=AXIS1_PLACEMENT('Revolution Surface Axis1P',#9432,#9433) ;
#9504=AXIS1_PLACEMENT('Revolution Surface Axis1P',#9502,#9503) ;
#56=B_SPLINE_CURVE_WITH_KNOTS('',4,(#57,#58,#59,#60,#61),.UNSPECIFIED.,.F.,.U.,(5,5),(-0.117417331987,0.117417331987),.UNSPECIFIED.) ;
#129=B_SPLINE_CURVE_WITH_KNOTS('',4,(#130,#131,#132,#133,#134),.UNSPECIFIED.,.F.,.U.,(5,5),(0.,0.328010916818),.UNSPECIFIED.) ;
#140=B_SPLINE_CURVE_WITH_KNOTS('',3,(#141,#142,#143,#144),.UNSPECIFIED.,.F.,.U.,(4,4),(0.201316402375,1.21491216622),.UNSPECIFIED.) ;
#148=B_SPLINE_CURVE_WITH_KNOTS('',4,(#149,#150,#151,#152,#153),.UNSPECIFIED.,.F.,.U.,(5,5),(0.,0.329411164872),.UNSPECIFIED.) ;
#171=B_SPLINE_CURVE_WITH_KNOTS('',5,(#172,#173,#174,#175,#176,#177,#178,#179,#180,#181,#182,#183,#184,#185,#186),.UNSPECIFIED.,.F.,.U.,(6,3,3,3,6),(0.,0.202792357149,0.405584714298,0.811169428596,1.20329530703),.UNSPECIFIED.) ;
#224=B_SPLINE_CURVE_WITH_KNOTS('',5,(#225,#226,#227,#228,#229,#230,#231,#232,#233,#234,#235,#236,#237,#238,#239,#240,#241,#242,#243,#244,#245,#246,#247,#248,#249,#250,#251,#252,#253,#254,#255,#256,#257,#258,#259,#260,#261,#262,#263,#264,#265,#266,#267,#268,#269,#270,#271,#272),.UNSPECIFIED.,.F.,.U.,(6,3,3,3,3,3,3,3,3,3,3,3,3,3,3,6),(0.484842385333,0.485897976428,0.486953567523,0.487981851796,0.489064749712,0.4901389605,0.49129469526,0.493643076395,0.495798030231,0.49811652776,0.503185701118,0.513000001523,0.52458979882,0.548422641593,0.581614694512,0.720452177323),.UNSPECIFIED.) ;
#340=B_SPLINE_CURVE_WITH_KNOTS('',5,(#341,#342,#343,#344,#345,#346),.UNSPECIFIED.,.F.,.U.,(6,6),(0.,0.598493525217),.UNSPECIFIED.) ;
#350=B_SPLINE_CURVE_WITH_KNOTS('',5,(#351,#352,#353,#354,#355,#356),.UNSPECIFIED.,.F.,.U.,(6,6),(0.,0.59849352522),.UNSPECIFIED.) ;
#386=B_SPLINE_CURVE_WITH_KNOTS('',5,(#387,#388,#389,#390,#391,#392),.UNSPECIFIED.,.F.,.U.,(6,6),(0.,0.598493525226),.UNSPECIFIED.) ;
#396=B_SPLINE_CURVE_WITH_KNOTS('',5,(#397,#398,#399,#400,#401,#402),.UNSPECIFIED.,.F.,.U.,(6,6),(0.,0.598493525222),.UNSPECIFIED.) ;
#442=B_SPLINE_CURVE_WITH_KNOTS('',5,(#443,#444,#445,#446,#447,#448,#449,#450,#451,#452,#453,#454,#455,#456,#457,#458,#459,#460,#461,#462,#463),.UNSPECIFIED.,.F.,.U.,(6,3,3,3,3,3,6),(0.000997184705249,0.00521954908441,0.00979787576711,0.0193405004903,0.0407445981926,0.0977694938847,0.236606976696),.UNSPECIFIED.) ;
#476=B_SPLINE_CURVE_WITH_KNOTS('',4,(#477,#478,#479,#480,#481),.UNSPECIFIED.,.F.,.U.,(5,5),(0.,0.328010916819),.UNSPECIFIED.) ;
#492=B_SPLINE_CURVE_WITH_KNOTS('',5,(#493,#494,#495,#496,#497,#498,#499,#500,#501,#502,#503,#504,#505,#506,#507),.UNSPECIFIED.,.F.,.U.,(6,3,3,3,6),(0.471510611489,1.073158265,1.37398209176,1.52439400514,1.67480591852),.UNSPECIFIED.) ;
#525=B_SPLINE_CURVE_WITH_KNOTS('',4,(#526,#527,#528,#529,#530),.UNSPECIFIED.,.F.,.U.,(5,5),(0.,0.329411164872),.UNSPECIFIED.) ;
#534=B_SPLINE_CURVE_WITH_KNOTS('',3,(#535,#536,#537,#538),.UNSPECIFIED.,.F.,.U.,(4,4),(0.201317845807,1.21491360966),.UNSPECIFIED.) ;
#557=B_SPLINE_CURVE_WITH_KNOTS('',4,(#558,#559,#560,#561,#562),.UNSPECIFIED.,.F.,.U.,(5,5),(15.8538398922,20.2688313667),.UNSPECIFIED.) ;
#568=B_SPLINE_CURVE_WITH_KNOTS('',4,(#569,#570,#571,#572,#573),.UNSPECIFIED.,.F.,.U.,(5,5),(0.,0.471523793817),.UNSPECIFIED.) ;
#577=B_SPLINE_CURVE_WITH_KNOTS('',3,(#578,#579,#580,#581),.UNSPECIFIED.,.F.,.U.,(4,4),(13.6997776919,15.1393850989),.UNSPECIFIED.) ;
#585=B_SPLINE_CURVE_WITH_KNOTS('',4,(#586,#587,#588,#589,#590),.UNSPECIFIED.,.F.,.U.,(5,5),(0.,0.463981706856),.UNSPECIFIED.) ;
#601=B_SPLINE_CURVE_WITH_KNOTS('',4,(#602,#603,#604,#605,#606),.UNSPECIFIED.,.F.,.U.,(5,5),(0.,0.238777973111),.UNSPECIFIED.) ;
#610=B_SPLINE_CURVE_WITH_KNOTS('',3,(#611,#612,#613,#614),.UNSPECIFIED.,.F.,.U.,(4,4),(14.0426753001,16.0567067001),.UNSPECIFIED.) ;
#646=B_SPLINE_CURVE_WITH_KNOTS('',5,(#647,#648,#649,#650,#651,#652,#653,#654,#655,#656,#657,#658,#659,#660,#661,#662,#663,#664),.UNSPECIFIED.,.F.,.U.,(6,3,3,3,3,6),(0.,0.0332218288613,0.122364853366,0.366313685064,0.7656034901,2.2077709744),.UNSPECIFIED.) ;
#685=B_SPLINE_CURVE_WITH_KNOTS('',3,(#686,#687,#688,#689),.UNSPECIFIED.,.F.,.U.,(4,4),(0.219555517605,1.32438724016),.UNSPECIFIED.) ;
#710=B_SPLINE_CURVE_WITH_KNOTS('',5,(#711,#712,#713,#714,#715,#716,#717,#718,#719,#720,#721,#722,#723,#724,#725,#726,#727,#728,#729,#730,#731),.UNSPECIFIED.,.F.,.U.,(6,3,3,3,3,3,6),(0.,0.976156531822,1.54178711742,1.97802127818,2.12494094927,2.16924853392,2.20423057776),.UNSPECIFIED.) ;
#752=B_SPLINE_CURVE_WITH_KNOTS('',4,(#753,#754,#755,#756,#757),.UNSPECIFIED.,.F.,.U.,(5,5),(20.5114085424,24.4228838811),.UNSPECIFIED.) ;
#779=B_SPLINE_CURVE_WITH_KNOTS('',5,(#780,#781,#782,#783,#784,#785,#786,#787,#788,#789,#790,#791,#792,#793,#794,#795,#796,#797,#798,#799,#800),.UNSPECIFIED.,.F.,.U.,(6,3,3,3,3,3,6),(0.,0.976156531816,1.54178711742,1.97802127858,2.12494094971,2.16924853436,2.2042305782),.UNSPECIFIED.) ;
#846=B_SPLINE_CURVE_WITH_KNOTS('',5,(#847,#848,#849,#850,#851,#852,#853,#854,#855,#856,#857,#858),.UNSPECIFIED.,.F.,.U.,(6,3,3,6),(0.,0.0394599524988,0.811169428596,1.20329530703),.UNSPECIFIED.) ;
#878=B_SPLINE_CURVE_WITH_KNOTS('',5,(#879,#880,#881,#882,#883,#884),.UNSPECIFIED.,.F.,.U.,(6,6),(0.,0.188441241639),.UNSPECIFIED.) ;
#888=B_SPLINE_CURVE_WITH_KNOTS('',5,(#889,#890,#891,#892,#893,#894,#895,#896,#897,#898,#899,#900),.UNSPECIFIED.,.F.,.U.,(6,3,3,6),(0.,0.139351350244,0.173218781431,0.185782520444),.UNSPECIFIED.) ;
#963=B_SPLINE_CURVE_WITH_KNOTS('',5,(#964,#965,#966,#967,#968,#969,#970,#971,#972,#973,#974,#975),.UNSPECIFIED.,.F.,.U.,(6,3,3,6),(0.,0.0471606417766,0.0793648444186,0.0943212835532),.UNSPECIFIED.) ;
#979=B_SPLINE_CURVE_WITH_KNOTS('',3,(#980,#981,#982,#983),.UNSPECIFIED.,.F.,.U.,(4,4),(0.,0.0917481620392),.UNSPECIFIED.) ;
#987=B_SPLINE_CURVE_WITH_KNOTS('',5,(#988,#989,#990,#991,#992,#993),.UNSPECIFIED.,.F.,.U.,(6,6),(0.,0.188441357066),.UNSPECIFIED.) ;
#1037=B_SPLINE_CURVE_WITH_KNOTS('',4,(#1038,#1039,#1040,#1041,#1042),.UNSPECIFIED.,.F.,.U.,(5,5),(-0.117417331987,0.117417331987),.UNSPECIFIED.) ;
#1084=B_SPLINE_CURVE_WITH_KNOTS('',5,(#1085,#1086,#1087,#1088,#1089,#1090),.UNSPECIFIED.,.F.,.U.,(6,6),(0.,0.188441241664),.UNSPECIFIED.) ;
#1094=B_SPLINE_CURVE_WITH_KNOTS('',3,(#1095,#1096,#1097,#1098),.UNSPECIFIED.,.F.,.U.,(4,4),(0.,0.0914561080764),.UNSPECIFIED.) ;
#1102=B_SPLINE_CURVE_WITH_KNOTS('',5,(#1103,#1104,#1105,#1106,#1107,#1108,#1109,#1110,#1111,#1112,#1113,#1114),.UNSPECIFIED.,.F.,.U.,(6,3,3,6),(0.,0.047160506494,0.0793646784491,0.094321012988),.UNSPECIFIED.) ;
#1142=B_SPLINE_CURVE_WITH_KNOTS('',3,(#1143,#1144,#1145,#1146),.UNSPECIFIED.,.F.,.U.,(4,4),(0.000527118364039,2.09555137824),.UNSPECIFIED.) ;
#1150=B_SPLINE_CURVE_WITH_KNOTS('',3,(#1151,#1152,#1153,#1154),.UNSPECIFIED.,.F.,.U.,(4,4),(-3.83438205155,-3.73891609371),.UNSPECIFIED.) ;
#1158=B_SPLINE_CURVE_WITH_KNOTS('',5,(#1159,#1160,#1161,#1162,#1163,#1164,#1165,#1166,#1167,#1168,#1169,#1170),.UNSPECIFIED.,.F.,.U.,(6,3,3,6),(0.000309793664598,0.139368068791,0.173236475643,0.186109051511),.UNSPECIFIED.) ;
#1185=B_SPLINE_CURVE_WITH_KNOTS('',5,(#1186,#1187,#1188,#1189,#1190,#1191),.UNSPECIFIED.,.F.,.U.,(6,6),(0.,0.188441357068),.UNSPECIFIED.) ;
#1213=B_SPLINE_CURVE_WITH_KNOTS('',3,(#1214,#1215,#1216,#1217),.UNSPECIFIED.,.F.,.U.,(4,4),(-3.83438205157,-3.7389160937),.UNSPECIFIED.) ;
#1228=B_SPLINE_CURVE_WITH_KNOTS('',3,(#1229,#1230,#1231,#1232),.UNSPECIFIED.,.F.,.U.,(4,4),(0.,2.0950242599),.UNSPECIFIED.) ;
#1284=B_SPLINE_CURVE_WITH_KNOTS('',5,(#1285,#1286,#1287,#1288,#1289,#1290,#1291,#1292,#1293),.UNSPECIFIED.,.F.,.U.,(6,3,6),(0.471510611489,1.63534596602,1.67480591852),.UNSPECIFIED.) ;
#1313=B_SPLINE_CURVE_WITH_KNOTS('',3,(#1314,#1315,#1316,#1317),.UNSPECIFIED.,.F.,.U.,(4,4),(0.219555517604,1.32438724016),.UNSPECIFIED.) ;
#1338=B_SPLINE_CURVE_WITH_KNOTS('',5,(#1339,#1340,#1341,#1342,#1343,#1344,#1345,#1346,#1347,#1348,#1349,#1350,#1351,#1352,#1353,#1354,#1355,#1356),.UNSPECIFIED.,.F.,.U.,(6,3,3,3,3,6),(0.,0.0332218288613,0.122364853366,0.366313685127,0.765603490193,2.20777097443),.UNSPECIFIED.) ;
#1365=B_SPLINE_CURVE_WITH_KNOTS('',3,(#1366,#1367,#1368,#1369),.UNSPECIFIED.,.F.,.U.,(4,4),(30.4687974441,32.4828288442),.UNSPECIFIED.) ;
#1373=B_SPLINE_CURVE_WITH_KNOTS('',4,(#1374,#1375,#1376,#1377,#1378),.UNSPECIFIED.,.F.,.U.,(5,5),(0.,0.238777973111),.UNSPECIFIED.) ;
#1389=B_SPLINE_CURVE_WITH_KNOTS('',4,(#1390,#1391,#1392,#1393,#1394),.UNSPECIFIED.,.F.,.U.,(5,5),(0.,0.463981706863),.UNSPECIFIED.) ;
#1398=B_SPLINE_CURVE_WITH_KNOTS('',3,(#1399,#1400,#1401,#1402),.UNSPECIFIED.,.F.,.U.,(4,4),(28.7576876475,30.1972913359),.UNSPECIFIED.) ;
#1406=B_SPLINE_CURVE_WITH_KNOTS('',4,(#1407,#1408,#1409,#1410,#1411),.UNSPECIFIED.,.F.,.U.,(5,5),(0.,0.471639373238),.UNSPECIFIED.) ;
#1415=B_SPLINE_CURVE_WITH_KNOTS('',4,(#1416,#1417,#1418,#1419,#1420),.UNSPECIFIED.,.F.,.U.,(5,5),(24.8848747225,29.2998696207),.UNSPECIFIED.) ;
#1440=B_SPLINE_CURVE_WITH_KNOTS('',3,(#1441,#1442,#1443,#1444),.UNSPECIFIED.,.F.,.U.,(4,4),(2.17954702217,12.8650790065),.UNSPECIFIED.) ;
#1455=B_SPLINE_CURVE_WITH_KNOTS('',3,(#1456,#1457,#1458,#1459),.UNSPECIFIED.,.F.,.U.,(4,4),(2.43522593729,12.8317210877),.UNSPECIFIED.) ;
#1463=B_SPLINE_CURVE_WITH_KNOTS('',2,(#1464,#1465,#1466),.UNSPECIFIED.,.F.,.U.,(3,3),(12.5174603164,12.8136794035),.UNSPECIFIED.) ;
#1495=B_SPLINE_CURVE_WITH_KNOTS('',3,(#1496,#1497,#1498,#1499),.UNSPECIFIED.,.F.,.U.,(4,4),(0.,0.212204203991),.UNSPECIFIED.) ;
#1503=B_SPLINE_CURVE_WITH_KNOTS('',5,(#1504,#1505,#1506,#1507,#1508,#1509,#1510,#1511,#1512),.UNSPECIFIED.,.F.,.U.,(6,3,6),(12.5126728826,12.6634484094,12.8147901361),.UNSPECIFIED.) ;
#1612=B_SPLINE_CURVE_WITH_KNOTS('',5,(#1613,#1614,#1615,#1616,#1617,#1618),.UNSPECIFIED.,.F.,.U.,(6,6),(2.43043783976,12.8317210877),.UNSPECIFIED.) ;
#1639=B_SPLINE_CURVE_WITH_KNOTS('',3,(#1640,#1641,#1642,#1643),.UNSPECIFIED.,.F.,.U.,(4,4),(10.7653438092,11.1180870717),.UNSPECIFIED.) ;
#1647=B_SPLINE_CURVE_WITH_KNOTS('',3,(#1648,#1649,#1650,#1651),.UNSPECIFIED.,.F.,.U.,(4,4),(1.58435905379,2.70926800534),.UNSPECIFIED.) ;
#1655=B_SPLINE_CURVE_WITH_KNOTS('',5,(#1656,#1657,#1658,#1659,#1660,#1661,#1662,#1663,#1664,#1665,#1666,#1667),.UNSPECIFIED.,.F.,.U.,(6,3,3,6),(0.,0.507692413492,0.753178883242,0.939784313222),.UNSPECIFIED.) ;
#1671=B_SPLINE_CURVE_WITH_KNOTS('',3,(#1672,#1673,#1674,#1675),.UNSPECIFIED.,.F.,.U.,(4,4),(0.,0.888780994886),.UNSPECIFIED.) ;
#1694=B_SPLINE_CURVE_WITH_KNOTS('',5,(#1695,#1696,#1697,#1698,#1699,#1700,#1701,#1702,#1703),.UNSPECIFIED.,.F.,.U.,(6,3,6),(0.,9.71202902389,18.9249746459),.UNSPECIFIED.) ;
#1714=B_SPLINE_CURVE_WITH_KNOTS('',4,(#1715,#1716,#1717,#1718,#1719),.UNSPECIFIED.,.F.,.U.,(5,5),(0.,18.6677992201),.UNSPECIFIED.) ;
#1741=B_SPLINE_CURVE_WITH_KNOTS('',4,(#1742,#1743,#1744,#1745,#1746),.UNSPECIFIED.,.F.,.U.,(5,5),(0.,0.315874875389),.UNSPECIFIED.) ;
#1757=B_SPLINE_CURVE_WITH_KNOTS('',4,(#1758,#1759,#1760,#1761,#1762),.UNSPECIFIED.,.F.,.U.,(5,5),(0.,0.317031707177),.UNSPECIFIED.) ;
#1826=B_SPLINE_CURVE_WITH_KNOTS('',5,(#1827,#1828,#1829,#1830,#1831,#1832,#1833,#1834,#1835),.UNSPECIFIED.,.F.,.U.,(6,3,6),(2.6051317932,13.5364340544,17.793710493),.UNSPECIFIED.) ;
#1839=B_SPLINE_CURVE_WITH_KNOTS('',4,(#1840,#1841,#1842,#1843,#1844),.UNSPECIFIED.,.F.,.U.,(5,5),(0.125895575319,0.750386728458),.UNSPECIFIED.) ;
#1890=B_SPLINE_CURVE_WITH_KNOTS('',5,(#1891,#1892,#1893,#1894,#1895,#1896,#1897,#1898,#1899,#1900,#1901,#1902),.UNSPECIFIED.,.F.,.U.,(6,3,3,6),(0.125895575319,0.302927581115,0.479709480359,0.618996311354),.UNSPECIFIED.) ;
#1906=B_SPLINE_CURVE_WITH_KNOTS('',4,(#1907,#1908,#1909,#1910,#1911),.UNSPECIFIED.,.F.,.U.,(5,5),(0.,0.15),.UNSPECIFIED.) ;
#1932=B_SPLINE_CURVE_WITH_KNOTS('',3,(#1933,#1934,#1935,#1936),.UNSPECIFIED.,.F.,.U.,(4,4),(2.19436411207,12.8867143334),.UNSPECIFIED.) ;
#2006=B_SPLINE_CURVE_WITH_KNOTS('',3,(#2007,#2008,#2009,#2010),.UNSPECIFIED.,.F.,.U.,(4,4),(0.309986133913,0.725885657023),.UNSPECIFIED.) ;
#2014=B_SPLINE_CURVE_WITH_KNOTS('',3,(#2015,#2016,#2017,#2018),.UNSPECIFIED.,.F.,.U.,(4,4),(0.121035960987,0.309947745692),.UNSPECIFIED.) ;
#2065=B_SPLINE_CURVE_WITH_KNOTS('',5,(#2066,#2067,#2068,#2069,#2070,#2071,#2072,#2073,#2074),.UNSPECIFIED.,.F.,.U.,(6,3,6),(0.121035960987,0.22496834661,0.309963109361),.UNSPECIFIED.) ;
#2078=B_SPLINE_CURVE_WITH_KNOTS('',4,(#2079,#2080,#2081,#2082,#2083),.UNSPECIFIED.,.F.,.U.,(5,5),(0.,0.15),.UNSPECIFIED.) ;
#2129=B_SPLINE_CURVE_WITH_KNOTS('',5,(#2130,#2131,#2132,#2133,#2134,#2135,#2136,#2137,#2138),.UNSPECIFIED.,.F.,.U.,(6,3,6),(0.309986133913,0.470271262084,0.725885657023),.UNSPECIFIED.) ;
#2159=B_SPLINE_CURVE_WITH_KNOTS('',3,(#2160,#2161,#2162,#2163),.UNSPECIFIED.,.F.,.U.,(4,4),(0.253320923678,1.1421320016),.UNSPECIFIED.) ;
#2224=B_SPLINE_CURVE_WITH_KNOTS('',2,(#2225,#2226,#2227),.UNSPECIFIED.,.F.,.U.,(3,3),(2.1769295146,2.47904676815),.UNSPECIFIED.) ;
#2240=B_SPLINE_CURVE_WITH_KNOTS('',5,(#2241,#2242,#2243,#2244,#2245,#2246,#2247,#2248,#2249,#2250,#2251,#2252,#2253,#2254,#2255),.UNSPECIFIED.,.F.,.U.,(6,3,3,3,6),(0.477313899804,1.07896155332,1.37978538007,1.53019729345,1.68060920683),.UNSPECIFIED.) ;
#2257=B_SPLINE_CURVE_WITH_KNOTS('',5,(#2258,#2259,#2260,#2261,#2262,#2263,#2264,#2265,#2266,#2267,#2268,#2269),.UNSPECIFIED.,.F.,.U.,(6,3,3,6),(0.,0.234831748389,0.470795018418,0.940122283707),.UNSPECIFIED.) ;
#2273=B_SPLINE_CURVE_WITH_KNOTS('',3,(#2274,#2275,#2276,#2277),.UNSPECIFIED.,.F.,.U.,(4,4),(0.,1.12505021918),.UNSPECIFIED.) ;
#2281=B_SPLINE_CURVE_WITH_KNOTS('',3,(#2282,#2283,#2284,#2285),.UNSPECIFIED.,.F.,.U.,(4,4),(5.4255500609,5.77829333604),.UNSPECIFIED.) ;
#2325=B_SPLINE_CURVE_WITH_KNOTS('',5,(#2326,#2327,#2328,#2329,#2330,#2331),.UNSPECIFIED.,.F.,.U.,(6,6),(2.17804024726,2.4742593391),.UNSPECIFIED.) ;
#2337=B_SPLINE_CURVE_WITH_KNOTS('',4,(#2338,#2339,#2340,#2341,#2342),.UNSPECIFIED.,.F.,.U.,(5,5),(0.,0.238777973111),.UNSPECIFIED.) ;
#2344=B_SPLINE_CURVE_WITH_KNOTS('',3,(#2345,#2346,#2347,#2348),.UNSPECIFIED.,.F.,.U.,(4,4),(0.,0.216143533704),.UNSPECIFIED.) ;
#2378=B_SPLINE_CURVE_WITH_KNOTS('',4,(#2379,#2380,#2381,#2382,#2383),.UNSPECIFIED.,.F.,.U.,(5,5),(0.,0.328010916818),.UNSPECIFIED.) ;
#2401=B_SPLINE_CURVE_WITH_KNOTS('',5,(#2402,#2403,#2404,#2405,#2406,#2407,#2408,#2409,#2410,#2411,#2412,#2413,#2414,#2415,#2416),.UNSPECIFIED.,.F.,.U.,(6,3,3,3,6),(0.477313899804,1.07896155332,1.37978538007,1.53019729345,1.68060920683),.UNSPECIFIED.) ;
#2432=B_SPLINE_CURVE_WITH_KNOTS('',4,(#2433,#2434,#2435,#2436,#2437),.UNSPECIFIED.,.F.,.U.,(5,5),(0.,0.329411164872),.UNSPECIFIED.) ;
#2441=B_SPLINE_CURVE_WITH_KNOTS('',3,(#2442,#2443,#2444,#2445),.UNSPECIFIED.,.F.,.U.,(4,4),(0.201316786986,1.21491255084),.UNSPECIFIED.) ;
#2464=B_SPLINE_CURVE_WITH_KNOTS('',4,(#2465,#2466,#2467,#2468,#2469),.UNSPECIFIED.,.F.,.U.,(5,5),(0.,0.328010916819),.UNSPECIFIED.) ;
#2475=B_SPLINE_CURVE_WITH_KNOTS('',3,(#2476,#2477,#2478,#2479),.UNSPECIFIED.,.F.,.U.,(4,4),(0.201316402375,1.21491216623),.UNSPECIFIED.) ;
#2483=B_SPLINE_CURVE_WITH_KNOTS('',4,(#2484,#2485,#2486,#2487,#2488),.UNSPECIFIED.,.F.,.U.,(5,5),(0.,0.329411164872),.UNSPECIFIED.) ;
#2506=B_SPLINE_CURVE_WITH_KNOTS('',5,(#2507,#2508,#2509,#2510,#2511,#2512,#2513,#2514,#2515,#2516,#2517,#2518,#2519,#2520,#2521),.UNSPECIFIED.,.F.,.U.,(6,3,3,3,6),(0.,0.203130887146,0.406261774291,0.812523548582,1.20329530703),.UNSPECIFIED.) ;
#2561=B_SPLINE_CURVE_WITH_KNOTS('',2,(#2562,#2563,#2564),.UNSPECIFIED.,.F.,.U.,(3,3),(2.13450245865,2.4366197122),.UNSPECIFIED.) ;
#2577=B_SPLINE_CURVE_WITH_KNOTS('',3,(#2578,#2579,#2580,#2581),.UNSPECIFIED.,.F.,.U.,(4,4),(5.4255500609,5.77829335225),.UNSPECIFIED.) ;
#2585=B_SPLINE_CURVE_WITH_KNOTS('',3,(#2586,#2587,#2588,#2589),.UNSPECIFIED.,.F.,.U.,(4,4),(1.58433232839,2.70912752219),.UNSPECIFIED.) ;
#2593=B_SPLINE_CURVE_WITH_KNOTS('',5,(#2594,#2595,#2596,#2597,#2598,#2599,#2600,#2601,#2602,#2603,#2604,#2605),.UNSPECIFIED.,.F.,.U.,(6,3,3,6),(0.,0.507692413278,0.753178883022,0.939784312985),.UNSPECIFIED.) ;
#2609=B_SPLINE_CURVE_WITH_KNOTS('',3,(#2610,#2611,#2612,#2613),.UNSPECIFIED.,.F.,.U.,(4,4),(0.,0.88878099491),.UNSPECIFIED.) ;
#2615=B_SPLINE_CURVE_WITH_KNOTS('',5,(#2616,#2617,#2618,#2619,#2620,#2621,#2622,#2623,#2624,#2625,#2626,#2627,#2628,#2629,#2630),.UNSPECIFIED.,.F.,.U.,(6,3,3,3,6),(6.56692512446E-014,0.203130887146,0.406261774291,0.812523548582,1.20329530703),.UNSPECIFIED.) ;
#2668=B_SPLINE_CURVE_WITH_KNOTS('',4,(#2669,#2670,#2671,#2672,#2673),.UNSPECIFIED.,.F.,.U.,(5,5),(0.,0.238777973111),.UNSPECIFIED.) ;
#2677=B_SPLINE_CURVE_WITH_KNOTS('',5,(#2678,#2679,#2680,#2681,#2682,#2683),.UNSPECIFIED.,.F.,.U.,(6,6),(2.13561319131,2.43183228666),.UNSPECIFIED.) ;
#2687=B_SPLINE_CURVE_WITH_KNOTS('',3,(#2688,#2689,#2690,#2691),.UNSPECIFIED.,.F.,.U.,(4,4),(0.,0.216143533314),.UNSPECIFIED.) ;
#2712=B_SPLINE_CURVE_WITH_KNOTS('',3,(#2713,#2714,#2715,#2716),.UNSPECIFIED.,.F.,.U.,(4,4),(0.253320923747,1.14213200167),.UNSPECIFIED.) ;
#2729=B_SPLINE_CURVE_WITH_KNOTS('',2,(#2730,#2731,#2732),.UNSPECIFIED.,.F.,.U.,(3,3),(12.5126728826,12.8147901361),.UNSPECIFIED.) ;
#2736=B_SPLINE_CURVE_WITH_KNOTS('',5,(#2737,#2738,#2739,#2740,#2741,#2742,#2743,#2744,#2745,#2746,#2747,#2748),.UNSPECIFIED.,.F.,.U.,(6,3,3,6),(0.,0.234831748389,0.470795018418,0.940122283712),.UNSPECIFIED.) ;
#2752=B_SPLINE_CURVE_WITH_KNOTS('',3,(#2753,#2754,#2755,#2756),.UNSPECIFIED.,.F.,.U.,(4,4),(0.,1.12503722706),.UNSPECIFIED.) ;
#2760=B_SPLINE_CURVE_WITH_KNOTS('',3,(#2761,#2762,#2763,#2764),.UNSPECIFIED.,.F.,.U.,(4,4),(10.7653438866,11.118087188),.UNSPECIFIED.) ;
#2804=B_SPLINE_CURVE_WITH_KNOTS('',3,(#2805,#2806,#2807,#2808),.UNSPECIFIED.,.F.,.U.,(4,4),(0.,0.212204203907),.UNSPECIFIED.) ;
#2812=B_SPLINE_CURVE_WITH_KNOTS('',5,(#2813,#2814,#2815,#2816,#2817,#2818,#2819,#2820,#2821),.UNSPECIFIED.,.F.,.U.,(6,3,6),(12.5174603084,12.6634542555,12.8136794035),.UNSPECIFIED.) ;
#2844=B_SPLINE_CURVE_WITH_KNOTS('',5,(#2845,#2846,#2847,#2848,#2849,#2850),.UNSPECIFIED.,.F.,.U.,(6,6),(3.41095018962,18.6928794897),.UNSPECIFIED.) ;
#2852=B_SPLINE_CURVE_WITH_KNOTS('',3,(#2853,#2854,#2855,#2856),.UNSPECIFIED.,.F.,.U.,(4,4),(2.19436411207,12.8867143333),.UNSPECIFIED.) ;
#2951=B_SPLINE_CURVE_WITH_KNOTS('',4,(#2952,#2953,#2954,#2955,#2956),.UNSPECIFIED.,.F.,.U.,(5,5),(1.00380648196,1.6283101096),.UNSPECIFIED.) ;
#3002=B_SPLINE_CURVE_WITH_KNOTS('',5,(#3003,#3004,#3005,#3006,#3007,#3008,#3009,#3010,#3011,#3012,#3013,#3014),.UNSPECIFIED.,.F.,.U.,(6,3,3,6),(1.13519955197,1.18635382756,1.45126848392,1.6283101096),.UNSPECIFIED.) ;
#3037=B_SPLINE_CURVE_WITH_KNOTS('',3,(#3038,#3039,#3040,#3041),.UNSPECIFIED.,.F.,.U.,(4,4),(2.17954702217,12.8650790064),.UNSPECIFIED.) ;
#3043=B_SPLINE_CURVE_WITH_KNOTS('',3,(#3044,#3045,#3046,#3047),.UNSPECIFIED.,.F.,.U.,(4,4),(2.32549882968,12.7219939059),.UNSPECIFIED.) ;
#3148=B_SPLINE_CURVE_WITH_KNOTS('',5,(#3149,#3150,#3151,#3152,#3153,#3154),.UNSPECIFIED.,.F.,.U.,(6,6),(2.32549882968,12.7267820117),.UNSPECIFIED.) ;
#3200=B_SPLINE_CURVE_WITH_KNOTS('',3,(#3201,#3202,#3203,#3204),.UNSPECIFIED.,.F.,.U.,(4,4),(0.536761603857,0.725694215131),.UNSPECIFIED.) ;
#3208=B_SPLINE_CURVE_WITH_KNOTS('',3,(#3209,#3210,#3211,#3212),.UNSPECIFIED.,.F.,.U.,(4,4),(0.120854333433,0.536723798474),.UNSPECIFIED.) ;
#3259=B_SPLINE_CURVE_WITH_KNOTS('',5,(#3260,#3261,#3262,#3263,#3264,#3265,#3266,#3267,#3268,#3269,#3270,#3271),.UNSPECIFIED.,.F.,.U.,(6,3,3,6),(0.1208545623,0.20574886971,0.461856985957,0.536723798474),.UNSPECIFIED.) ;
#3275=B_SPLINE_CURVE_WITH_KNOTS('',4,(#3276,#3277,#3278,#3279,#3280),.UNSPECIFIED.,.F.,.U.,(5,5),(0.,0.15),.UNSPECIFIED.) ;
#3326=B_SPLINE_CURVE_WITH_KNOTS('',5,(#3327,#3328,#3329,#3330,#3331,#3332,#3333,#3334,#3335),.UNSPECIFIED.,.F.,.U.,(6,3,6),(0.536746104573,0.707176013226,0.725694215131),.UNSPECIFIED.) ;
#3349=B_SPLINE_CURVE_WITH_KNOTS('',4,(#3350,#3351,#3352,#3353,#3354),.UNSPECIFIED.,.F.,.U.,(5,5),(8.1507058751,12.9530861527),.UNSPECIFIED.) ;
#3358=B_SPLINE_CURVE_WITH_KNOTS('',3,(#3359,#3360,#3361,#3362),.UNSPECIFIED.,.F.,.U.,(4,4),(0.121035855746,0.309963338549),.UNSPECIFIED.) ;
#3373=B_SPLINE_CURVE_WITH_KNOTS('',4,(#3374,#3375,#3376,#3377,#3378),.UNSPECIFIED.,.F.,.U.,(5,5),(8.44546811924,13.1800874058),.UNSPECIFIED.) ;
#3480=B_SPLINE_CURVE_WITH_KNOTS('',4,(#3481,#3482,#3483,#3484,#3485),.UNSPECIFIED.,.F.,.U.,(5,5),(0.,0.15),.UNSPECIFIED.) ;
#3489=B_SPLINE_CURVE_WITH_KNOTS('',5,(#3490,#3491,#3492,#3493,#3494,#3495,#3496,#3497,#3498),.UNSPECIFIED.,.F.,.U.,(6,3,6),(0.121035629849,0.206048187227,0.309963338549),.UNSPECIFIED.) ;
#3546=B_SPLINE_CURVE_WITH_KNOTS('',4,(#3547,#3548,#3549,#3550,#3551),.UNSPECIFIED.,.F.,.U.,(5,5),(0.,0.434850899316),.UNSPECIFIED.) ;
#3555=B_SPLINE_CURVE_WITH_KNOTS('',3,(#3556,#3557,#3558,#3559),.UNSPECIFIED.,.F.,.U.,(4,4),(0.,0.0538878526338),.UNSPECIFIED.) ;
#3581=B_SPLINE_CURVE_WITH_KNOTS('',5,(#3582,#3583,#3584,#3585,#3586,#3587,#3588,#3589,#3590,#3591,#3592,#3593,#3594,#3595,#3596,#3597,#3598,#3599,#3600,#3601,#3602,#3603,#3604,#3605,#3606,#3607,#3608,#3609,#3610,#3611,#3612,#3613,#3614,#3615,#3616,#3617,#3618,#3619,#3620),.UNSPECIFIED.,.F.,.U.,(6,3,3,3,3,3,3,3,3,3,3,3,6),(0.,0.369292726014,0.742259325261,0.853857417756,0.965455510251,0.990046030749,1.00831063598,1.03196755271,1.07386276158,1.17372447101,1.27358618044,1.99459514675,2.58552639376),.UNSPECIFIED.) ;
#3634=B_SPLINE_CURVE_WITH_KNOTS('',4,(#3635,#3636,#3637,#3638,#3639),.UNSPECIFIED.,.F.,.U.,(5,5),(29.2544138016,34.0568245541),.UNSPECIFIED.) ;
#3643=B_SPLINE_CURVE_WITH_KNOTS('',3,(#3644,#3645,#3646,#3647),.UNSPECIFIED.,.F.,.U.,(4,4),(0.1208545623,0.536723798474),.UNSPECIFIED.) ;
#3651=B_SPLINE_CURVE_WITH_KNOTS('',3,(#3652,#3653,#3654,#3655),.UNSPECIFIED.,.F.,.U.,(4,4),(33.6390527719,35.3927608393),.UNSPECIFIED.) ;
#3659=B_SPLINE_CURVE_WITH_KNOTS('',4,(#3660,#3661,#3662,#3663,#3664),.UNSPECIFIED.,.F.,.U.,(5,5),(0.12589557532,0.618996311355),.UNSPECIFIED.) ;
#3668=B_SPLINE_CURVE_WITH_KNOTS('',5,(#3669,#3670,#3671,#3672,#3673,#3674),.UNSPECIFIED.,.F.,.U.,(6,6),(36.8376711204,48.2704975304),.UNSPECIFIED.) ;
#3678=B_SPLINE_CURVE_WITH_KNOTS('',4,(#3679,#3680,#3681,#3682,#3683),.UNSPECIFIED.,.F.,.U.,(5,5),(1.13519955197,1.62831053203),.UNSPECIFIED.) ;
#3687=B_SPLINE_CURVE_WITH_KNOTS('',3,(#3688,#3689,#3690,#3691),.UNSPECIFIED.,.F.,.U.,(4,4),(5.90469151559,7.65839080551),.UNSPECIFIED.) ;
#3695=B_SPLINE_CURVE_WITH_KNOTS('',3,(#3696,#3697,#3698,#3699),.UNSPECIFIED.,.F.,.U.,(4,4),(0.309986229833,0.72588605877),.UNSPECIFIED.) ;
#3719=B_SPLINE_CURVE_WITH_KNOTS('',5,(#3720,#3721,#3722,#3723,#3724,#3725,#3726,#3727,#3728,#3729,#3730,#3731,#3732,#3733,#3734),.UNSPECIFIED.,.F.,.U.,(6,3,3,3,6),(39.4350631957,43.3785695152,47.3220758348,51.2655821544,55.2090884739),.UNSPECIFIED.) ;
#3740=B_SPLINE_CURVE_WITH_KNOTS('',5,(#3741,#3742,#3743,#3744,#3745,#3746,#3747,#3748,#3749,#3750,#3751,#3752,#3753,#3754,#3755),.UNSPECIFIED.,.F.,.U.,(6,3,3,3,6),(23.6610379174,27.604544237,31.5480505565,35.4915568761,39.4350631957),.UNSPECIFIED.) ;
#3799=B_SPLINE_CURVE_WITH_KNOTS('',4,(#3800,#3801,#3802,#3803,#3804),.UNSPECIFIED.,.F.,.U.,(5,5),(0.,0.15),.UNSPECIFIED.) ;
#3808=B_SPLINE_CURVE_WITH_KNOTS('',5,(#3809,#3810,#3811,#3812,#3813,#3814,#3815,#3816,#3817),.UNSPECIFIED.,.F.,.U.,(6,3,6),(0.309985950697,0.480390750418,0.72588605877),.UNSPECIFIED.) ;
#3863=B_SPLINE_CURVE_WITH_KNOTS('',4,(#3864,#3865,#3866,#3867,#3868),.UNSPECIFIED.,.F.,.U.,(5,5),(0.,0.15),.UNSPECIFIED.) ;
#3872=B_SPLINE_CURVE_WITH_KNOTS('',5,(#3873,#3874,#3875,#3876,#3877,#3878,#3879,#3880,#3881,#3882,#3883,#3884,#3885,#3886,#3887),.UNSPECIFIED.,.F.,.U.,(6,3,3,3,6),(0.12589557532,0.302927581117,0.479709480361,0.743750601795,0.750070017203),.UNSPECIFIED.) ;
#3891=B_SPLINE_CURVE_WITH_KNOTS('',4,(#3892,#3893,#3894,#3895,#3896),.UNSPECIFIED.,.F.,.U.,(5,5),(0.,0.317031707192),.UNSPECIFIED.) ;
#3917=B_SPLINE_CURVE_WITH_KNOTS('',4,(#3918,#3919,#3920,#3921,#3922),.UNSPECIFIED.,.F.,.U.,(5,5),(0.,0.315874876615),.UNSPECIFIED.) ;
#3968=B_SPLINE_CURVE_WITH_KNOTS('',5,(#3969,#3970,#3971,#3972,#3973,#3974,#3975,#3976,#3977,#3978,#3979,#3980),.UNSPECIFIED.,.F.,.U.,(6,3,3,6),(1.00412471998,1.18635382756,1.45126848392,1.62831010961),.UNSPECIFIED.) ;
#3984=B_SPLINE_CURVE_WITH_KNOTS('',4,(#3985,#3986,#3987,#3988,#3989),.UNSPECIFIED.,.F.,.U.,(5,5),(0.,0.15),.UNSPECIFIED.) ;
#4076=B_SPLINE_CURVE_WITH_KNOTS('',4,(#4077,#4078,#4079,#4080,#4081),.UNSPECIFIED.,.F.,.U.,(5,5),(0.,0.15),.UNSPECIFIED.) ;
#4085=B_SPLINE_CURVE_WITH_KNOTS('',5,(#4086,#4087,#4088,#4089,#4090,#4091,#4092,#4093,#4094,#4095,#4096,#4097),.UNSPECIFIED.,.F.,.U.,(6,3,3,6),(0.120854333433,0.20574886971,0.461856985957,0.536723798474),.UNSPECIFIED.) ;
#4204=B_SPLINE_CURVE_WITH_KNOTS('',4,(#4205,#4206,#4207,#4208,#4209),.UNSPECIFIED.,.F.,.U.,(5,5),(0.,0.463981706734),.UNSPECIFIED.) ;
#4213=B_SPLINE_CURVE_WITH_KNOTS('',3,(#4214,#4215,#4216,#4217),.UNSPECIFIED.,.F.,.U.,(4,4),(6.80915313359,8.24875682222),.UNSPECIFIED.) ;
#4221=B_SPLINE_CURVE_WITH_KNOTS('',4,(#4222,#4223,#4224,#4225,#4226),.UNSPECIFIED.,.F.,.U.,(5,5),(0.,0.471639373238),.UNSPECIFIED.) ;
#4230=B_SPLINE_CURVE_WITH_KNOTS('',4,(#4231,#4232,#4233,#4234,#4235),.UNSPECIFIED.,.F.,.U.,(5,5),(47.4617277671,51.8767226653),.UNSPECIFIED.) ;
#4262=B_SPLINE_CURVE_WITH_KNOTS('',5,(#4263,#4264,#4265,#4266,#4267,#4268,#4269,#4270,#4271,#4272,#4273,#4274,#4275,#4276,#4277,#4278,#4279,#4280),.UNSPECIFIED.,.F.,.U.,(6,3,3,3,3,6),(0.,0.0332218288601,0.122364853348,0.366313683024,0.765603488087,2.20777097246),.UNSPECIFIED.) ;
#4301=B_SPLINE_CURVE_WITH_KNOTS('',3,(#4302,#4303,#4304,#4305),.UNSPECIFIED.,.F.,.U.,(4,4),(2.26971232899,12.6662083096),.UNSPECIFIED.) ;
#4307=B_SPLINE_CURVE_WITH_KNOTS('',3,(#4308,#4309,#4310,#4311),.UNSPECIFIED.,.F.,.U.,(4,4),(2.4066838522,13.0922158203),.UNSPECIFIED.) ;
#4358=B_SPLINE_CURVE_WITH_KNOTS('',5,(#4359,#4360,#4361,#4362,#4363,#4364,#4365,#4366,#4367),.UNSPECIFIED.,.F.,.U.,(6,3,6),(2.26492581791,11.1813600372,12.6662083096),.UNSPECIFIED.) ;
#4376=B_SPLINE_CURVE_WITH_KNOTS('',3,(#4377,#4378,#4379,#4380),.UNSPECIFIED.,.F.,.U.,(4,4),(0.,0.565839116349),.UNSPECIFIED.) ;
#4389=B_SPLINE_CURVE_WITH_KNOTS('',4,(#4390,#4391,#4392,#4393,#4394),.UNSPECIFIED.,.F.,.U.,(5,5),(42.9785547541,46.8900300928),.UNSPECIFIED.) ;
#4430=B_SPLINE_CURVE_WITH_KNOTS('',5,(#4431,#4432,#4433,#4434,#4435,#4436,#4437,#4438,#4439,#4440,#4441,#4442,#4443,#4444,#4445,#4446,#4447,#4448,#4449,#4450,#4451),.UNSPECIFIED.,.F.,.U.,(6,3,3,3,3,3,6),(0.,0.976156531806,1.54178711741,1.97802127859,2.12494095018,2.16924853483,2.20423057865),.UNSPECIFIED.) ;
#4465=B_SPLINE_CURVE_WITH_KNOTS('',5,(#4466,#4467,#4468,#4469,#4470,#4471,#4472,#4473,#4474,#4475,#4476,#4477,#4478,#4479,#4480,#4481,#4482,#4483,#4484,#4485,#4486),.UNSPECIFIED.,.F.,.U.,(6,3,3,3,3,3,6),(0.,0.976156531799,1.5417871174,1.97802128052,2.12494095185,2.1692485365,2.20423058032),.UNSPECIFIED.) ;
#4502=B_SPLINE_CURVE_WITH_KNOTS('',3,(#4503,#4504,#4505,#4506),.UNSPECIFIED.,.F.,.U.,(4,4),(0.219320047359,1.32415176992),.UNSPECIFIED.) ;
#4515=B_SPLINE_CURVE_WITH_KNOTS('',4,(#4516,#4517,#4518,#4519,#4520),.UNSPECIFIED.,.F.,.U.,(5,5),(38.4306929368,42.8456844113),.UNSPECIFIED.) ;
#4526=B_SPLINE_CURVE_WITH_KNOTS('',4,(#4527,#4528,#4529,#4530,#4531),.UNSPECIFIED.,.F.,.U.,(5,5),(0.,0.471523793817),.UNSPECIFIED.) ;
#4535=B_SPLINE_CURVE_WITH_KNOTS('',3,(#4536,#4537,#4538,#4539),.UNSPECIFIED.,.F.,.U.,(4,4),(35.6483122058,37.0879196128),.UNSPECIFIED.) ;
#4543=B_SPLINE_CURVE_WITH_KNOTS('',4,(#4544,#4545,#4546,#4547,#4548),.UNSPECIFIED.,.F.,.U.,(5,5),(0.,0.463981706863),.UNSPECIFIED.) ;
#4580=B_SPLINE_CURVE_WITH_KNOTS('',5,(#4581,#4582,#4583,#4584,#4585,#4586,#4587,#4588,#4589,#4590,#4591,#4592,#4593,#4594,#4595,#4596,#4597,#4598),.UNSPECIFIED.,.F.,.U.,(6,3,3,3,3,6),(0.,0.0332218288603,0.122364853349,0.366313682959,0.765603488093,2.20777097255),.UNSPECIFIED.) ;
#4614=B_SPLINE_CURVE_WITH_KNOTS('',3,(#4615,#4616,#4617,#4618),.UNSPECIFIED.,.F.,.U.,(4,4),(0.219320047359,1.32415176992),.UNSPECIFIED.) ;
#4675=B_SPLINE_CURVE_WITH_KNOTS('',3,(#4676,#4677,#4678,#4679),.UNSPECIFIED.,.F.,.U.,(4,4),(2.32549883013,12.7219941922),.UNSPECIFIED.) ;
#4683=B_SPLINE_CURVE_WITH_KNOTS('',3,(#4684,#4685,#4686,#4687),.UNSPECIFIED.,.F.,.U.,(4,4),(2.17954702217,12.8650790065),.UNSPECIFIED.) ;
#4795=B_SPLINE_CURVE_WITH_KNOTS('',5,(#4796,#4797,#4798,#4799,#4800,#4801,#4802,#4803,#4804),.UNSPECIFIED.,.F.,.U.,(6,3,6),(2.32549883014,12.7193104346,12.7267807072),.UNSPECIFIED.) ;
#4835=B_SPLINE_CURVE_WITH_KNOTS('',3,(#4836,#4837,#4838,#4839),.UNSPECIFIED.,.F.,.U.,(4,4),(0.,0.0538898390755),.UNSPECIFIED.) ;
#4843=B_SPLINE_CURVE_WITH_KNOTS('',4,(#4844,#4845,#4846,#4847,#4848),.UNSPECIFIED.,.F.,.U.,(5,5),(0.,0.43489203415),.UNSPECIFIED.) ;
#4870=B_SPLINE_CURVE_WITH_KNOTS('',3,(#4871,#4872,#4873,#4874),.UNSPECIFIED.,.F.,.U.,(4,4),(0.,0.565839116348),.UNSPECIFIED.) ;
#4883=B_SPLINE_CURVE_WITH_KNOTS('',5,(#4884,#4885,#4886,#4887,#4888,#4889,#4890,#4891,#4892,#4893,#4894,#4895,#4896,#4897,#4898,#4899,#4900,#4901,#4902,#4903,#4904,#4905,#4906,#4907,#4908,#4909,#4910,#4911,#4912,#4913,#4914,#4915,#4916,#4917,#4918,#4919,#4920,#4921,#4922),.UNSPECIFIED.,.F.,.U.,(6,3,3,3,3,3,3,3,3,3,3,3,6),(0.,0.373991883854,0.753663906124,0.927385784036,0.979855832518,1.00202719056,1.03483897923,1.06184533747,1.15086627724,1.239887217,1.50006420171,2.26048474998,2.5984032976),.UNSPECIFIED.) ;
#4931=B_SPLINE_CURVE_WITH_KNOTS('',3,(#4932,#4933,#4934,#4935),.UNSPECIFIED.,.F.,.U.,(4,4),(0.536746104568,0.725694215125),.UNSPECIFIED.) ;
#4937=B_SPLINE_CURVE_WITH_KNOTS('',4,(#4938,#4939,#4940,#4941,#4942),.UNSPECIFIED.,.F.,.U.,(5,5),(-13.1800874058,-8.44546811924),.UNSPECIFIED.) ;
#4990=B_SPLINE_CURVE_WITH_KNOTS('',5,(#4991,#4992,#4993,#4994,#4995,#4996,#4997,#4998,#4999),.UNSPECIFIED.,.F.,.U.,(6,3,6),(0.536745801944,0.70717601322,0.725694215125),.UNSPECIFIED.) ;
#5062=B_SPLINE_CURVE_WITH_KNOTS('',5,(#5063,#5064,#5065,#5066,#5067,#5068),.UNSPECIFIED.,.F.,.U.,(6,6),(2.38504852599,13.07739873),.UNSPECIFIED.) ;
#5133=B_SPLINE_CURVE_WITH_KNOTS('',5,(#5134,#5135,#5136,#5137,#5138,#5139,#5140,#5141,#5142),.UNSPECIFIED.,.F.,.U.,(6,3,6),(2.60513179325,13.536434075,17.7937104935),.UNSPECIFIED.) ;
#5144=B_SPLINE_CURVE_WITH_KNOTS('',5,(#5145,#5146,#5147,#5148,#5149,#5150),.UNSPECIFIED.,.F.,.U.,(6,6),(0.,18.6677584364),.UNSPECIFIED.) ;
#5159=B_SPLINE_CURVE_WITH_KNOTS('',5,(#5160,#5161,#5162,#5163,#5164,#5165,#5166,#5167,#5168),.UNSPECIFIED.,.F.,.U.,(6,3,6),(0.,9.71202903915,18.9249746613),.UNSPECIFIED.) ;
#5240=B_SPLINE_CURVE_WITH_KNOTS('',5,(#5241,#5242,#5243,#5244,#5245,#5246,#5247,#5248,#5249),.UNSPECIFIED.,.F.,.U.,(6,3,6),(3.41094853129,12.2592539717,18.6928794902),.UNSPECIFIED.) ;
#5265=B_SPLINE_CURVE_WITH_KNOTS('',3,(#5266,#5267,#5268,#5269),.UNSPECIFIED.,.F.,.U.,(4,4),(2.19436411207,12.8867143334),.UNSPECIFIED.) ;
#5292=B_SPLINE_CURVE_WITH_KNOTS('',3,(#5293,#5294,#5295,#5296),.UNSPECIFIED.,.F.,.U.,(4,4),(0.,0.641687839754),.UNSPECIFIED.) ;
#5300=B_SPLINE_CURVE_WITH_KNOTS('',5,(#5301,#5302,#5303,#5304,#5305,#5306),.UNSPECIFIED.,.F.,.U.,(6,6),(0.0698606108747,1.37291354302),.UNSPECIFIED.) ;
#5310=B_SPLINE_CURVE_WITH_KNOTS('',3,(#5311,#5312,#5313,#5314),.UNSPECIFIED.,.F.,.U.,(4,4),(0.,0.641687839732),.UNSPECIFIED.) ;
#5344=B_SPLINE_CURVE_WITH_KNOTS('',3,(#5345,#5346,#5347,#5348),.UNSPECIFIED.,.F.,.U.,(4,4),(0.,0.641687839754),.UNSPECIFIED.) ;
#5352=B_SPLINE_CURVE_WITH_KNOTS('',5,(#5353,#5354,#5355,#5356,#5357,#5358),.UNSPECIFIED.,.F.,.U.,(6,6),(0.0698606108776,1.37291354301),.UNSPECIFIED.) ;
#5362=B_SPLINE_CURVE_WITH_KNOTS('',3,(#5363,#5364,#5365,#5366),.UNSPECIFIED.,.F.,.U.,(4,4),(0.,0.641687839754),.UNSPECIFIED.) ;
#5392=B_SPLINE_CURVE_WITH_KNOTS('',3,(#5393,#5394,#5395,#5396),.UNSPECIFIED.,.F.,.U.,(4,4),(0.,0.641687839732),.UNSPECIFIED.) ;
#5400=B_SPLINE_CURVE_WITH_KNOTS('',5,(#5401,#5402,#5403,#5404,#5405,#5406),.UNSPECIFIED.,.F.,.U.,(6,6),(0.0698606108793,1.37291354305),.UNSPECIFIED.) ;
#5410=B_SPLINE_CURVE_WITH_KNOTS('',3,(#5411,#5412,#5413,#5414),.UNSPECIFIED.,.F.,.U.,(4,4),(0.,0.641687839754),.UNSPECIFIED.) ;
#5430=B_SPLINE_CURVE_WITH_KNOTS('',3,(#5431,#5432,#5433,#5434),.UNSPECIFIED.,.F.,.U.,(4,4),(0.,0.641687839739),.UNSPECIFIED.) ;
#5438=B_SPLINE_CURVE_WITH_KNOTS('',5,(#5439,#5440,#5441,#5442,#5443,#5444),.UNSPECIFIED.,.F.,.U.,(6,6),(0.0698606108785,1.37291354305),.UNSPECIFIED.) ;
#5448=B_SPLINE_CURVE_WITH_KNOTS('',3,(#5449,#5450,#5451,#5452),.UNSPECIFIED.,.F.,.U.,(4,4),(0.,0.64168783974),.UNSPECIFIED.) ;
#5547=B_SPLINE_CURVE_WITH_KNOTS('',3,(#5548,#5549,#5550,#5551),.UNSPECIFIED.,.F.,.U.,(4,4),(0.,1.73455510538),.UNSPECIFIED.) ;
#5562=B_SPLINE_CURVE_WITH_KNOTS('',3,(#5563,#5564,#5565,#5566),.UNSPECIFIED.,.F.,.U.,(4,4),(0.,1.73455510536),.UNSPECIFIED.) ;
#5606=B_SPLINE_CURVE_WITH_KNOTS('',3,(#5607,#5608,#5609,#5610),.UNSPECIFIED.,.F.,.U.,(4,4),(0.,0.763617097954),.UNSPECIFIED.) ;
#5614=B_SPLINE_CURVE_WITH_KNOTS('',5,(#5615,#5616,#5617,#5618,#5619,#5620),.UNSPECIFIED.,.F.,.U.,(6,6),(0.269738006346,1.12226526398),.UNSPECIFIED.) ;
#5624=B_SPLINE_CURVE_WITH_KNOTS('',3,(#5625,#5626,#5627,#5628),.UNSPECIFIED.,.F.,.U.,(4,4),(0.,3.1221777667),.UNSPECIFIED.) ;
#5632=B_SPLINE_CURVE_WITH_KNOTS('',5,(#5633,#5634,#5635,#5636,#5637,#5638),.UNSPECIFIED.,.F.,.U.,(6,6),(0.269738006346,1.43843578361),.UNSPECIFIED.) ;
#5661=B_SPLINE_CURVE_WITH_KNOTS('',3,(#5662,#5663,#5664,#5665),.UNSPECIFIED.,.F.,.U.,(4,4),(0.35035205442,1.51904983135),.UNSPECIFIED.) ;
#5705=B_SPLINE_CURVE_WITH_KNOTS('',3,(#5706,#5707,#5708,#5709),.UNSPECIFIED.,.F.,.U.,(4,4),(0.,3.12217776686),.UNSPECIFIED.) ;
#5713=B_SPLINE_CURVE_WITH_KNOTS('',5,(#5714,#5715,#5716,#5717,#5718,#5719),.UNSPECIFIED.,.F.,.U.,(6,6),(0.666522573772,1.51904983135),.UNSPECIFIED.) ;
#5723=B_SPLINE_CURVE_WITH_KNOTS('',3,(#5724,#5725,#5726,#5727),.UNSPECIFIED.,.F.,.U.,(4,4),(0.,0.763617097978),.UNSPECIFIED.) ;
#5731=B_SPLINE_CURVE_WITH_KNOTS('',3,(#5732,#5733,#5734,#5735),.UNSPECIFIED.,.F.,.U.,(4,4),(0.,1.73455510536),.UNSPECIFIED.) ;
#5765=B_SPLINE_CURVE_WITH_KNOTS('',3,(#5766,#5767,#5768,#5769),.UNSPECIFIED.,.F.,.U.,(4,4),(0.,1.73455510539),.UNSPECIFIED.) ;
#5823=B_SPLINE_CURVE_WITH_KNOTS('',3,(#5824,#5825,#5826,#5827),.UNSPECIFIED.,.F.,.U.,(4,4),(0.,0.763617097955),.UNSPECIFIED.) ;
#5831=B_SPLINE_CURVE_WITH_KNOTS('',5,(#5832,#5833,#5834,#5835,#5836,#5837),.UNSPECIFIED.,.F.,.U.,(6,6),(0.269738006346,1.12226526381),.UNSPECIFIED.) ;
#5841=B_SPLINE_CURVE_WITH_KNOTS('',3,(#5842,#5843,#5844,#5845),.UNSPECIFIED.,.F.,.U.,(4,4),(0.,3.12217776668),.UNSPECIFIED.) ;
#5849=B_SPLINE_CURVE_WITH_KNOTS('',5,(#5850,#5851,#5852,#5853,#5854,#5855),.UNSPECIFIED.,.F.,.U.,(6,6),(0.269738006346,1.43843578361),.UNSPECIFIED.) ;
#5878=B_SPLINE_CURVE_WITH_KNOTS('',3,(#5879,#5880,#5881,#5882),.UNSPECIFIED.,.F.,.U.,(4,4),(0.269738006346,1.43843578361),.UNSPECIFIED.) ;
#5922=B_SPLINE_CURVE_WITH_KNOTS('',3,(#5923,#5924,#5925,#5926),.UNSPECIFIED.,.F.,.U.,(4,4),(0.,0.76361709795),.UNSPECIFIED.) ;
#5930=B_SPLINE_CURVE_WITH_KNOTS('',3,(#5931,#5932,#5933,#5934),.UNSPECIFIED.,.F.,.U.,(4,4),(0.,3.12217776679),.UNSPECIFIED.) ;
#5938=B_SPLINE_CURVE_WITH_KNOTS('',5,(#5939,#5940,#5941,#5942,#5943,#5944),.UNSPECIFIED.,.F.,.U.,(6,6),(0.269738006346,1.12226526381),.UNSPECIFIED.) ;
#5955=B_SPLINE_CURVE_WITH_KNOTS('',3,(#5956,#5957,#5958,#5959),.UNSPECIFIED.,.F.,.U.,(4,4),(0.,1.73455510535),.UNSPECIFIED.) ;
#5970=B_SPLINE_CURVE_WITH_KNOTS('',3,(#5971,#5972,#5973,#5974),.UNSPECIFIED.,.F.,.U.,(4,4),(0.,1.73455510536),.UNSPECIFIED.) ;
#6014=B_SPLINE_CURVE_WITH_KNOTS('',3,(#6015,#6016,#6017,#6018),.UNSPECIFIED.,.F.,.U.,(4,4),(0.,0.763617097979),.UNSPECIFIED.) ;
#6022=B_SPLINE_CURVE_WITH_KNOTS('',5,(#6023,#6024,#6025,#6026,#6027,#6028),.UNSPECIFIED.,.F.,.U.,(6,6),(0.666522573772,1.51904983135),.UNSPECIFIED.) ;
#6032=B_SPLINE_CURVE_WITH_KNOTS('',3,(#6033,#6034,#6035,#6036),.UNSPECIFIED.,.F.,.U.,(4,4),(0.,3.12217776677),.UNSPECIFIED.) ;
#6040=B_SPLINE_CURVE_WITH_KNOTS('',5,(#6041,#6042,#6043,#6044,#6045,#6046),.UNSPECIFIED.,.F.,.U.,(6,6),(0.35035205442,1.51904983135),.UNSPECIFIED.) ;
#6069=B_SPLINE_CURVE_WITH_KNOTS('',3,(#6070,#6071,#6072,#6073),.UNSPECIFIED.,.F.,.U.,(4,4),(0.269738006346,1.43843567033),.UNSPECIFIED.) ;
#6113=B_SPLINE_CURVE_WITH_KNOTS('',3,(#6114,#6115,#6116,#6117),.UNSPECIFIED.,.F.,.U.,(4,4),(0.,1.73455510541),.UNSPECIFIED.) ;
#6121=B_SPLINE_CURVE_WITH_KNOTS('',3,(#6122,#6123,#6124,#6125),.UNSPECIFIED.,.F.,.U.,(4,4),(0.,3.12217776673),.UNSPECIFIED.) ;
#6129=B_SPLINE_CURVE_WITH_KNOTS('',5,(#6130,#6131,#6132,#6133,#6134,#6135),.UNSPECIFIED.,.F.,.U.,(6,6),(0.269735717254,1.12226526415),.UNSPECIFIED.) ;
#6139=B_SPLINE_CURVE_WITH_KNOTS('',3,(#6140,#6141,#6142,#6143),.UNSPECIFIED.,.F.,.U.,(4,4),(0.,0.763617097949),.UNSPECIFIED.) ;
#6166=B_SPLINE_CURVE_WITH_KNOTS('',3,(#6167,#6168,#6169,#6170),.UNSPECIFIED.,.F.,.U.,(4,4),(0.,1.73455510536),.UNSPECIFIED.) ;
#6217=B_SPLINE_CURVE_WITH_KNOTS('',5,(#6218,#6219,#6220,#6221,#6222,#6223),.UNSPECIFIED.,.F.,.U.,(6,6),(0.666522573935,1.51904983135),.UNSPECIFIED.) ;
#6229=B_SPLINE_CURVE_WITH_KNOTS('',3,(#6230,#6231,#6232,#6233),.UNSPECIFIED.,.F.,.U.,(4,4),(0.,3.12217776679),.UNSPECIFIED.) ;
#6237=B_SPLINE_CURVE_WITH_KNOTS('',5,(#6238,#6239,#6240,#6241,#6242,#6243),.UNSPECIFIED.,.F.,.U.,(6,6),(0.35035205442,1.51904983135),.UNSPECIFIED.) ;
#6245=B_SPLINE_CURVE_WITH_KNOTS('',3,(#6246,#6247,#6248,#6249),.UNSPECIFIED.,.F.,.U.,(4,4),(0.,0.763617097961),.UNSPECIFIED.) ;
#6272=B_SPLINE_CURVE_WITH_KNOTS('',3,(#6273,#6274,#6275,#6276),.UNSPECIFIED.,.F.,.U.,(4,4),(0.350352167698,1.51904983135),.UNSPECIFIED.) ;
#6316=B_SPLINE_CURVE_WITH_KNOTS('',3,(#6317,#6318,#6319,#6320),.UNSPECIFIED.,.F.,.U.,(4,4),(0.,0.76361709796),.UNSPECIFIED.) ;
#6324=B_SPLINE_CURVE_WITH_KNOTS('',3,(#6325,#6326,#6327,#6328),.UNSPECIFIED.,.F.,.U.,(4,4),(0.,3.1221777667),.UNSPECIFIED.) ;
#6332=B_SPLINE_CURVE_WITH_KNOTS('',5,(#6333,#6334,#6335,#6336,#6337,#6338),.UNSPECIFIED.,.F.,.U.,(6,6),(0.666522573597,1.51905212044),.UNSPECIFIED.) ;
#6397=B_SPLINE_CURVE_WITH_KNOTS('',5,(#6398,#6399,#6400,#6401,#6402,#6403),.UNSPECIFIED.,.F.,.U.,(6,6),(0.,5.69998173743),.UNSPECIFIED.) ;
#6513=B_SPLINE_CURVE_WITH_KNOTS('',4,(#6514,#6515,#6516,#6517,#6518),.UNSPECIFIED.,.F.,.U.,(5,5),(2.84991380901,5.69983306133),.UNSPECIFIED.) ;
#6522=B_SPLINE_CURVE_WITH_KNOTS('',4,(#6523,#6524,#6525,#6526,#6527),.UNSPECIFIED.,.F.,.U.,(5,5),(0.,2.84991380901),.UNSPECIFIED.) ;
#6556=B_SPLINE_CURVE_WITH_KNOTS('',4,(#6557,#6558,#6559,#6560,#6561),.UNSPECIFIED.,.F.,.U.,(5,5),(0.,2.84991636866),.UNSPECIFIED.) ;
#6575=B_SPLINE_CURVE_WITH_KNOTS('',4,(#6576,#6577,#6578,#6579,#6580),.UNSPECIFIED.,.F.,.U.,(5,5),(0.,2.84991925178),.UNSPECIFIED.) ;
#6590=B_SPLINE_CURVE_WITH_KNOTS('',5,(#6591,#6592,#6593,#6594,#6595,#6596),.UNSPECIFIED.,.F.,.U.,(6,6),(0.,5.69998173741),.UNSPECIFIED.) ;
#6636=B_SPLINE_CURVE_WITH_KNOTS('',1,(#6637,#6638),.UNSPECIFIED.,.F.,.U.,(2,2),(-0.455022534319,-0.435021621722),.UNSPECIFIED.) ;
#6642=B_SPLINE_CURVE_WITH_KNOTS('',1,(#6643,#6644),.UNSPECIFIED.,.F.,.U.,(2,2),(-1.44508828108,-0.455022534319),.UNSPECIFIED.) ;
#6655=B_SPLINE_CURVE_WITH_KNOTS('',1,(#6656,#6657),.UNSPECIFIED.,.F.,.U.,(2,2),(0.455022534314,1.44508828109),.UNSPECIFIED.) ;
#6661=B_SPLINE_CURVE_WITH_KNOTS('',1,(#6662,#6663),.UNSPECIFIED.,.F.,.U.,(2,2),(0.435021621717,0.455022534314),.UNSPECIFIED.) ;
#6698=B_SPLINE_CURVE_WITH_KNOTS('',1,(#6699,#6700),.UNSPECIFIED.,.F.,.U.,(2,2),(-0.455022534314,-0.435021621717),.UNSPECIFIED.) ;
#6704=B_SPLINE_CURVE_WITH_KNOTS('',1,(#6705,#6706),.UNSPECIFIED.,.F.,.U.,(2,2),(-1.44508828109,-0.455022534314),.UNSPECIFIED.) ;
#6717=B_SPLINE_CURVE_WITH_KNOTS('',1,(#6718,#6719),.UNSPECIFIED.,.F.,.U.,(2,2),(0.455022534319,1.44508828108),.UNSPECIFIED.) ;
#6723=B_SPLINE_CURVE_WITH_KNOTS('',1,(#6724,#6725),.UNSPECIFIED.,.F.,.U.,(2,2),(0.435021621722,0.455022534319),.UNSPECIFIED.) ;
#6760=B_SPLINE_CURVE_WITH_KNOTS('',3,(#6761,#6762,#6763,#6764),.UNSPECIFIED.,.F.,.U.,(4,4),(0.,9.83547852739),.UNSPECIFIED.) ;
#6775=B_SPLINE_CURVE_WITH_KNOTS('',3,(#6776,#6777,#6778,#6779),.UNSPECIFIED.,.F.,.U.,(4,4),(0.,9.83547833765),.UNSPECIFIED.) ;
#6810=B_SPLINE_CURVE_WITH_KNOTS('',3,(#6811,#6812,#6813,#6814),.UNSPECIFIED.,.F.,.U.,(4,4),(0.,9.83547833765),.UNSPECIFIED.) ;
#6825=B_SPLINE_CURVE_WITH_KNOTS('',3,(#6826,#6827,#6828,#6829),.UNSPECIFIED.,.F.,.U.,(4,4),(0.,9.83547852739),.UNSPECIFIED.) ;
#7496=B_SPLINE_CURVE_WITH_KNOTS('',5,(#7497,#7498,#7499,#7500,#7501,#7502,#7503,#7504,#7505,#7506,#7507,#7508,#7509,#7510,#7511,#7512,#7513,#7514),.UNSPECIFIED.,.F.,.U.,(6,3,3,3,3,6),(0.,1.52129068324,1.96610358988,2.07450816983,2.12882978012,2.18713295298),.UNSPECIFIED.) ;
#7520=B_SPLINE_CURVE_WITH_KNOTS('',3,(#7521,#7522,#7523,#7524),.UNSPECIFIED.,.F.,.U.,(4,4),(0.,1.07939403199),.UNSPECIFIED.) ;
#7535=B_SPLINE_CURVE_WITH_KNOTS('',5,(#7536,#7537,#7538,#7539,#7540,#7541,#7542,#7543,#7544,#7545,#7546,#7547,#7548,#7549,#7550),.UNSPECIFIED.,.F.,.U.,(6,3,3,3,6),(0.,0.184735842747,0.890150224635,2.21130108978,6.99274520245),.UNSPECIFIED.) ;
#7554=B_SPLINE_CURVE_WITH_KNOTS('',3,(#7555,#7556,#7557,#7558),.UNSPECIFIED.,.F.,.U.,(4,4),(0.,0.201417839073),.UNSPECIFIED.) ;
#7599=B_SPLINE_CURVE_WITH_KNOTS('',5,(#7600,#7601,#7602,#7603,#7604,#7605,#7606,#7607,#7608,#7609,#7610,#7611,#7612,#7613,#7614,#7615,#7616,#7617),.UNSPECIFIED.,.F.,.U.,(6,3,3,3,3,6),(0.,1.52129068265,1.96610359147,2.07450817143,2.12882978171,2.18713295457),.UNSPECIFIED.) ;
#7621=B_SPLINE_CURVE_WITH_KNOTS('',3,(#7622,#7623,#7624,#7625),.UNSPECIFIED.,.F.,.U.,(4,4),(0.,1.07939403199),.UNSPECIFIED.) ;
#7644=B_SPLINE_CURVE_WITH_KNOTS('',3,(#7645,#7646,#7647,#7648),.UNSPECIFIED.,.F.,.U.,(4,4),(0.,0.201417838891),.UNSPECIFIED.) ;
#7652=B_SPLINE_CURVE_WITH_KNOTS('',5,(#7653,#7654,#7655,#7656,#7657,#7658,#7659,#7660,#7661,#7662,#7663,#7664,#7665,#7666,#7667),.UNSPECIFIED.,.F.,.U.,(6,3,3,3,6),(0.,0.184735842736,0.890150222895,2.21130112177,6.992745236),.UNSPECIFIED.) ;
#7678=B_SPLINE_CURVE_WITH_KNOTS('',3,(#7679,#7680,#7681,#7682),.UNSPECIFIED.,.F.,.U.,(4,4),(0.,1.07939403199),.UNSPECIFIED.) ;
#7686=B_SPLINE_CURVE_WITH_KNOTS('',5,(#7687,#7688,#7689,#7690,#7691,#7692,#7693,#7694,#7695,#7696,#7697,#7698,#7699,#7700,#7701,#7702,#7703,#7704),.UNSPECIFIED.,.F.,.U.,(6,3,3,3,3,6),(0.,1.52129068461,1.96610359303,2.07450817299,2.12882978327,2.18713295613),.UNSPECIFIED.) ;
#7729=B_SPLINE_CURVE_WITH_KNOTS('',3,(#7730,#7731,#7732,#7733),.UNSPECIFIED.,.F.,.U.,(4,4),(0.,1.07939403199),.UNSPECIFIED.) ;
#7737=B_SPLINE_CURVE_WITH_KNOTS('',5,(#7738,#7739,#7740,#7741,#7742,#7743,#7744,#7745,#7746,#7747,#7748,#7749,#7750,#7751,#7752,#7753,#7754,#7755),.UNSPECIFIED.,.F.,.U.,(6,3,3,3,3,6),(0.,1.52129068465,1.96610359181,2.07450817176,2.12882978205,2.1871329549),.UNSPECIFIED.) ;
#7862=B_SPLINE_CURVE_WITH_KNOTS('',1,(#7863,#7864),.UNSPECIFIED.,.F.,.U.,(2,2),(0.,0.631152923971),.UNSPECIFIED.) ;
#7974=B_SPLINE_CURVE_WITH_KNOTS('',3,(#7975,#7976,#7977,#7978),.UNSPECIFIED.,.F.,.U.,(4,4),(0.,0.311900428837),.UNSPECIFIED.) ;
#8167=B_SPLINE_CURVE_WITH_KNOTS('',3,(#8168,#8169,#8170,#8171),.UNSPECIFIED.,.F.,.U.,(4,4),(0.,0.480068543097),.UNSPECIFIED.) ;
#8175=B_SPLINE_CURVE_WITH_KNOTS('',4,(#8176,#8177,#8178,#8179,#8180),.UNSPECIFIED.,.F.,.U.,(5,5),(0.,1.05092602804),.UNSPECIFIED.) ;
#8191=B_SPLINE_CURVE_WITH_KNOTS('',4,(#8192,#8193,#8194,#8195,#8196),.UNSPECIFIED.,.F.,.U.,(5,5),(8.76237981672E-006,1.05092602803),.UNSPECIFIED.) ;
#8200=B_SPLINE_CURVE_WITH_KNOTS('',3,(#8201,#8202,#8203,#8204),.UNSPECIFIED.,.F.,.U.,(4,4),(0.,0.480068543097),.UNSPECIFIED.) ;
#8208=B_SPLINE_CURVE_WITH_KNOTS('',5,(#8209,#8210,#8211,#8212,#8213,#8214),.UNSPECIFIED.,.F.,.U.,(6,6),(-4.96226778827,4.96226778827),.UNSPECIFIED.) ;
#8218=B_SPLINE_CURVE_WITH_KNOTS('',5,(#8219,#8220,#8221,#8222,#8223,#8224),.UNSPECIFIED.,.F.,.U.,(6,6),(-4.96226778827,4.96226778827),.UNSPECIFIED.) ;
#8228=B_SPLINE_CURVE_WITH_KNOTS('',3,(#8229,#8230,#8231,#8232),.UNSPECIFIED.,.F.,.U.,(4,4),(0.,0.480068543097),.UNSPECIFIED.) ;
#8236=B_SPLINE_CURVE_WITH_KNOTS('',4,(#8237,#8238,#8239,#8240,#8241),.UNSPECIFIED.,.F.,.U.,(5,5),(8.76237981145E-006,1.05092602795),.UNSPECIFIED.) ;
#8252=B_SPLINE_CURVE_WITH_KNOTS('',4,(#8253,#8254,#8255,#8256,#8257),.UNSPECIFIED.,.F.,.U.,(5,5),(0.,1.05092602797),.UNSPECIFIED.) ;
#8261=B_SPLINE_CURVE_WITH_KNOTS('',3,(#8262,#8263,#8264,#8265),.UNSPECIFIED.,.F.,.U.,(4,4),(0.,0.480068543097),.UNSPECIFIED.) ;
#8355=B_SPLINE_CURVE_WITH_KNOTS('',3,(#8356,#8357,#8358,#8359),.UNSPECIFIED.,.F.,.U.,(4,4),(0.,0.311900428842),.UNSPECIFIED.) ;
#8526=B_SPLINE_CURVE_WITH_KNOTS('',4,(#8527,#8528,#8529,#8530,#8531),.UNSPECIFIED.,.F.,.U.,(5,5),(0.,0.323834923253),.UNSPECIFIED.) ;
#8566=B_SPLINE_CURVE_WITH_KNOTS('',4,(#8567,#8568,#8569,#8570,#8571),.UNSPECIFIED.,.F.,.U.,(5,5),(0.,0.320654450561),.UNSPECIFIED.) ;
#8575=B_SPLINE_CURVE_WITH_KNOTS('',3,(#8576,#8577,#8578,#8579),.UNSPECIFIED.,.F.,.U.,(4,4),(0.,0.196268940846),.UNSPECIFIED.) ;
#8597=B_SPLINE_CURVE_WITH_KNOTS('',3,(#8598,#8599,#8600,#8601),.UNSPECIFIED.,.F.,.U.,(4,4),(0.,0.196268940846),.UNSPECIFIED.) ;
#8627=B_SPLINE_CURVE_WITH_KNOTS('',5,(#8628,#8629,#8630,#8631,#8632,#8633),.UNSPECIFIED.,.F.,.U.,(6,6),(0.,0.480963346399),.UNSPECIFIED.) ;
#8654=B_SPLINE_CURVE_WITH_KNOTS('',4,(#8655,#8656,#8657,#8658,#8659),.UNSPECIFIED.,.F.,.U.,(5,5),(0.,1.05684284993),.UNSPECIFIED.) ;
#8704=B_SPLINE_CURVE_WITH_KNOTS('',4,(#8705,#8706,#8707,#8708,#8709),.UNSPECIFIED.,.F.,.U.,(5,5),(0.,1.0568428799),.UNSPECIFIED.) ;
#8723=B_SPLINE_CURVE_WITH_KNOTS('',5,(#8724,#8725,#8726,#8727,#8728,#8729),.UNSPECIFIED.,.F.,.U.,(6,6),(0.,0.480963346384),.UNSPECIFIED.) ;
#8738=B_SPLINE_CURVE_WITH_KNOTS('',5,(#8739,#8740,#8741,#8742,#8743,#8744),.UNSPECIFIED.,.F.,.U.,(6,6),(0.,0.480963346373),.UNSPECIFIED.) ;
#8760=B_SPLINE_CURVE_WITH_KNOTS('',4,(#8761,#8762,#8763,#8764,#8765),.UNSPECIFIED.,.F.,.U.,(5,5),(0.,1.05684290376),.UNSPECIFIED.) ;
#8800=B_SPLINE_CURVE_WITH_KNOTS('',4,(#8801,#8802,#8803,#8804,#8805),.UNSPECIFIED.,.F.,.U.,(5,5),(0.,1.05684287031),.UNSPECIFIED.) ;
#8821=B_SPLINE_CURVE_WITH_KNOTS('',5,(#8822,#8823,#8824,#8825,#8826,#8827),.UNSPECIFIED.,.F.,.U.,(6,6),(0.,0.480963346388),.UNSPECIFIED.) ;
#8848=B_SPLINE_CURVE_WITH_KNOTS('',3,(#8849,#8850,#8851,#8852),.UNSPECIFIED.,.F.,.U.,(4,4),(0.,0.196268940843),.UNSPECIFIED.) ;
#8865=B_SPLINE_CURVE_WITH_KNOTS('',3,(#8866,#8867,#8868,#8869),.UNSPECIFIED.,.F.,.U.,(4,4),(0.,0.196268940843),.UNSPECIFIED.) ;
#8873=B_SPLINE_CURVE_WITH_KNOTS('',4,(#8874,#8875,#8876,#8877,#8878),.UNSPECIFIED.,.F.,.U.,(5,5),(0.,0.320654450581),.UNSPECIFIED.) ;
#8880=B_SPLINE_CURVE_WITH_KNOTS('',4,(#8881,#8882,#8883,#8884,#8885),.UNSPECIFIED.,.F.,.U.,(5,5),(0.,0.320657166813),.UNSPECIFIED.) ;
#8975=B_SPLINE_CURVE_WITH_KNOTS('',5,(#8976,#8977,#8978,#8979,#8980,#8981,#8982,#8983,#8984,#8985,#8986,#8987),.UNSPECIFIED.,.F.,.U.,(6,3,3,6),(0.,0.375980136638,0.751314785931,0.939136510818),.UNSPECIFIED.) ;
#9045=B_SPLINE_CURVE_WITH_KNOTS('',5,(#9046,#9047,#9048,#9049,#9050,#9051,#9052,#9053,#9054,#9055,#9056,#9057),.UNSPECIFIED.,.F.,.U.,(6,3,3,6),(0.,0.375977537669,0.751309701641,0.939129839565),.UNSPECIFIED.) ;
#9112=B_SPLINE_CURVE_WITH_KNOTS('',5,(#9113,#9114,#9115,#9116,#9117,#9118,#9119,#9120,#9121,#9122,#9123,#9124),.UNSPECIFIED.,.F.,.U.,(6,3,3,6),(0.,0.375977537636,0.751309701564,0.939129839488),.UNSPECIFIED.) ;
#9148=B_SPLINE_CURVE_WITH_KNOTS('',4,(#9149,#9150,#9151,#9152,#9153),.UNSPECIFIED.,.F.,.U.,(5,5),(0.,0.939242875906),.UNSPECIFIED.) ;
#9191=B_SPLINE_CURVE_WITH_KNOTS('',5,(#9192,#9193,#9194,#9195,#9196,#9197,#9198,#9199,#9200),.UNSPECIFIED.,.F.,.U.,(6,3,6),(0.,4.39564045836,6.32585257415),.UNSPECIFIED.) ;
#9210=B_SPLINE_CURVE_WITH_KNOTS('',5,(#9211,#9212,#9213,#9214,#9215,#9216,#9217,#9218,#9219),.UNSPECIFIED.,.F.,.U.,(6,3,6),(0.,4.39564048388,6.32585260002),.UNSPECIFIED.) ;
#9329=B_SPLINE_CURVE_WITH_KNOTS('',3,(#9330,#9331,#9332,#9333),.UNSPECIFIED.,.F.,.U.,(4,4),(232.624618416,232.734419379),.UNSPECIFIED.) ;
#9338=B_SPLINE_CURVE_WITH_KNOTS('',3,(#9339,#9340,#9341,#9342),.UNSPECIFIED.,.F.,.U.,(4,4),(232.624618416,232.734401725),.UNSPECIFIED.) ;
#9344=B_SPLINE_CURVE_WITH_KNOTS('',3,(#9345,#9346,#9347,#9348),.UNSPECIFIED.,.F.,.U.,(4,4),(232.624618416,232.699664958),.UNSPECIFIED.) ;
#9361=B_SPLINE_CURVE_WITH_KNOTS('',3,(#9362,#9363,#9364,#9365),.UNSPECIFIED.,.F.,.U.,(4,4),(232.624618416,232.734419379),.UNSPECIFIED.) ;
#9381=B_SPLINE_CURVE_WITH_KNOTS('',3,(#9382,#9383,#9384,#9385),.UNSPECIFIED.,.F.,.U.,(4,4),(225.330050879,227.580087683),.UNSPECIFIED.) ;
#9390=B_SPLINE_CURVE_WITH_KNOTS('',3,(#9391,#9392,#9393,#9394),.UNSPECIFIED.,.F.,.U.,(4,4),(225.330050879,227.580087683),.UNSPECIFIED.) ;
#9407=B_SPLINE_CURVE_WITH_KNOTS('',3,(#9408,#9409,#9410,#9411),.UNSPECIFIED.,.F.,.U.,(4,4),(225.330050879,227.580087683),.UNSPECIFIED.) ;
#9427=B_SPLINE_CURVE_WITH_KNOTS('',3,(#9428,#9429,#9430,#9431),.UNSPECIFIED.,.F.,.U.,(4,4),(225.330050879,227.580087683),.UNSPECIFIED.) ;
#9486=B_SPLINE_CURVE_WITH_KNOTS('',5,(#9487,#9488,#9489,#9490,#9491,#9492,#9493,#9494,#9495,#9496,#9497,#9498,#9499,#9500,#9501),.UNSPECIFIED.,.F.,.U.,(6,3,3,3,6),(-7.56042831547,-3.78021415774,-4.4408920985E-016,3.78021415774,7.56042831547),.UNSPECIFIED.) ;
#809=B_SPLINE_SURFACE_WITH_KNOTS('',5,3,((#810,#811,#812,#813),(#814,#815,#816,#817),(#818,#819,#820,#821),(#822,#823,#824,#825),(#826,#827,#828,#829),(#830,#831,#832,#833),(#834,#835,#836,#837),(#838,#839,#840,#841),(#842,#843,#844,#845)),.UNSPECIFIED.,.F.,.F.,.U.,(6,3,6),(4,4),(0.,0.811169428596,1.20329530703),(0.,0.15),.UNSPECIFIED.) ;
#1247=B_SPLINE_SURFACE_WITH_KNOTS('',5,3,((#1248,#1249,#1250,#1251),(#1252,#1253,#1254,#1255),(#1256,#1257,#1258,#1259),(#1260,#1261,#1262,#1263),(#1264,#1265,#1266,#1267),(#1268,#1269,#1270,#1271),(#1272,#1273,#1274,#1275),(#1276,#1277,#1278,#1279),(#1280,#1281,#1282,#1283)),.UNSPECIFIED.,.F.,.F.,.U.,(6,3,6),(4,4),(0.471510611489,1.073158265,1.67480591852),(0.,0.15),.UNSPECIFIED.) ;
#1476=B_SPLINE_SURFACE_WITH_KNOTS('',2,5,((#1477,#1478,#1479,#1480,#1481,#1482),(#1483,#1484,#1485,#1486,#1487,#1488),(#1489,#1490,#1491,#1492,#1493,#1494)),.UNSPECIFIED.,.F.,.F.,.U.,(3,3),(6,6),(12.4419626456,12.8855008121),(0.,0.15),.UNSPECIFIED.) ;
#1575=B_SPLINE_SURFACE_WITH_KNOTS('',5,5,((#1576,#1577,#1578,#1579,#1580,#1581),(#1582,#1583,#1584,#1585,#1586,#1587),(#1588,#1589,#1590,#1591,#1592,#1593),(#1594,#1595,#1596,#1597,#1598,#1599),(#1600,#1601,#1602,#1603,#1604,#1605),(#1606,#1607,#1608,#1609,#1610,#1611)),.UNSPECIFIED.,.F.,.F.,.U.,(6,6),(6,6),(2.35972876785,12.8317210877),(0.,0.15),.UNSPECIFIED.) ;
#1771=B_SPLINE_SURFACE_WITH_KNOTS('',5,5,((#1772,#1773,#1774,#1775,#1776,#1777),(#1778,#1779,#1780,#1781,#1782,#1783),(#1784,#1785,#1786,#1787,#1788,#1789),(#1790,#1791,#1792,#1793,#1794,#1795),(#1796,#1797,#1798,#1799,#1800,#1801),(#1802,#1803,#1804,#1805,#1806,#1807),(#1808,#1809,#1810,#1811,#1812,#1813),(#1814,#1815,#1816,#1817,#1818,#1819),(#1820,#1821,#1822,#1823,#1824,#1825)),.UNSPECIFIED.,.F.,.F.,.U.,(6,3,6),(6,6),(2.6051317932,13.5364340544,17.8409608408),(-2.77956233063E-006,0.300000000001),.UNSPECIFIED.) ;
#1853=B_SPLINE_SURFACE_WITH_KNOTS('',5,5,((#1854,#1855,#1856,#1857,#1858,#1859),(#1860,#1861,#1862,#1863,#1864,#1865),(#1866,#1867,#1868,#1869,#1870,#1871),(#1872,#1873,#1874,#1875,#1876,#1877),(#1878,#1879,#1880,#1881,#1882,#1883),(#1884,#1885,#1886,#1887,#1888,#1889)),.UNSPECIFIED.,.F.,.F.,.U.,(6,6),(6,6),(0.125895575319,0.750070017205),(0.,0.15),.UNSPECIFIED.) ;
#1969=B_SPLINE_SURFACE_WITH_KNOTS('',5,5,((#1970,#1971,#1972,#1973,#1974,#1975),(#1976,#1977,#1978,#1979,#1980,#1981),(#1982,#1983,#1984,#1985,#1986,#1987),(#1988,#1989,#1990,#1991,#1992,#1993),(#1994,#1995,#1996,#1997,#1998,#1999),(#2000,#2001,#2002,#2003,#2004,#2005)),.UNSPECIFIED.,.F.,.F.,.U.,(6,6),(6,6),(2.17954702217,12.8867143334),(0.,0.3),.UNSPECIFIED.) ;
#2028=B_SPLINE_SURFACE_WITH_KNOTS('',5,5,((#2029,#2030,#2031,#2032,#2033,#2034),(#2035,#2036,#2037,#2038,#2039,#2040),(#2041,#2042,#2043,#2044,#2045,#2046),(#2047,#2048,#2049,#2050,#2051,#2052),(#2053,#2054,#2055,#2056,#2057,#2058),(#2059,#2060,#2061,#2062,#2063,#2064)),.UNSPECIFIED.,.F.,.F.,.U.,(6,6),(6,6),(0.121035960987,0.309963109361),(0.,0.15),.UNSPECIFIED.) ;
#2092=B_SPLINE_SURFACE_WITH_KNOTS('',5,5,((#2093,#2094,#2095,#2096,#2097,#2098),(#2099,#2100,#2101,#2102,#2103,#2104),(#2105,#2106,#2107,#2108,#2109,#2110),(#2111,#2112,#2113,#2114,#2115,#2116),(#2117,#2118,#2119,#2120,#2121,#2122),(#2123,#2124,#2125,#2126,#2127,#2128)),.UNSPECIFIED.,.F.,.F.,.U.,(6,6),(6,6),(0.309986133913,0.725885657023),(0.,0.15),.UNSPECIFIED.) ;
#2306=B_SPLINE_SURFACE_WITH_KNOTS('',2,5,((#2307,#2308,#2309,#2310,#2311,#2312),(#2313,#2314,#2315,#2316,#2317,#2318),(#2319,#2320,#2321,#2322,#2323,#2324)),.UNSPECIFIED.,.F.,.F.,.U.,(3,3),(6,6),(2.10621883871,2.54976151809),(0.,0.15),.UNSPECIFIED.) ;
#2649=B_SPLINE_SURFACE_WITH_KNOTS('',2,5,((#2650,#2651,#2652,#2653,#2654,#2655),(#2656,#2657,#2658,#2659,#2660,#2661),(#2662,#2663,#2664,#2665,#2666,#2667)),.UNSPECIFIED.,.F.,.F.,.U.,(3,3),(6,6),(2.06379178276,2.50733446148),(0.,0.15),.UNSPECIFIED.) ;
#2785=B_SPLINE_SURFACE_WITH_KNOTS('',2,5,((#2786,#2787,#2788,#2789,#2790,#2791),(#2792,#2793,#2794,#2795,#2796,#2797),(#2798,#2799,#2800,#2801,#2802,#2803)),.UNSPECIFIED.,.F.,.F.,.U.,(3,3),(6,6),(12.4419626376,12.8855008121),(0.,0.15),.UNSPECIFIED.) ;
#2896=B_SPLINE_SURFACE_WITH_KNOTS('',5,5,((#2897,#2898,#2899,#2900,#2901,#2902),(#2903,#2904,#2905,#2906,#2907,#2908),(#2909,#2910,#2911,#2912,#2913,#2914),(#2915,#2916,#2917,#2918,#2919,#2920),(#2921,#2922,#2923,#2924,#2925,#2926),(#2927,#2928,#2929,#2930,#2931,#2932),(#2933,#2934,#2935,#2936,#2937,#2938),(#2939,#2940,#2941,#2942,#2943,#2944),(#2945,#2946,#2947,#2948,#2949,#2950)),.UNSPECIFIED.,.F.,.F.,.U.,(6,3,6),(6,6),(3.36485474709,12.2592539913,18.6928794914),(8.70802930804E-009,0.300000002727),.UNSPECIFIED.) ;
#2965=B_SPLINE_SURFACE_WITH_KNOTS('',5,5,((#2966,#2967,#2968,#2969,#2970,#2971),(#2972,#2973,#2974,#2975,#2976,#2977),(#2978,#2979,#2980,#2981,#2982,#2983),(#2984,#2985,#2986,#2987,#2988,#2989),(#2990,#2991,#2992,#2993,#2994,#2995),(#2996,#2997,#2998,#2999,#3000,#3001)),.UNSPECIFIED.,.F.,.F.,.U.,(6,6),(6,6),(1.00412471997,1.6283101096),(0.,0.15),.UNSPECIFIED.) ;
#3111=B_SPLINE_SURFACE_WITH_KNOTS('',5,5,((#3112,#3113,#3114,#3115,#3116,#3117),(#3118,#3119,#3120,#3121,#3122,#3123),(#3124,#3125,#3126,#3127,#3128,#3129),(#3130,#3131,#3132,#3133,#3134,#3135),(#3136,#3137,#3138,#3139,#3140,#3141),(#3142,#3143,#3144,#3145,#3146,#3147)),.UNSPECIFIED.,.F.,.F.,.U.,(6,6),(6,6),(2.32549882968,12.7974910812),(0.,0.15),.UNSPECIFIED.) ;
#3163=B_SPLINE_SURFACE_WITH_KNOTS('',5,5,((#3164,#3165,#3166,#3167,#3168,#3169),(#3170,#3171,#3172,#3173,#3174,#3175),(#3176,#3177,#3178,#3179,#3180,#3181),(#3182,#3183,#3184,#3185,#3186,#3187),(#3188,#3189,#3190,#3191,#3192,#3193),(#3194,#3195,#3196,#3197,#3198,#3199)),.UNSPECIFIED.,.F.,.F.,.U.,(6,6),(6,6),(2.17954702217,12.8867143364),(-3.46944695196E-018,0.3),.UNSPECIFIED.) ;
#3222=B_SPLINE_SURFACE_WITH_KNOTS('',5,5,((#3223,#3224,#3225,#3226,#3227,#3228),(#3229,#3230,#3231,#3232,#3233,#3234),(#3235,#3236,#3237,#3238,#3239,#3240),(#3241,#3242,#3243,#3244,#3245,#3246),(#3247,#3248,#3249,#3250,#3251,#3252),(#3253,#3254,#3255,#3256,#3257,#3258)),.UNSPECIFIED.,.F.,.F.,.U.,(6,6),(6,6),(0.120854333433,0.536723798474),(0.,0.15),.UNSPECIFIED.) ;
#3289=B_SPLINE_SURFACE_WITH_KNOTS('',5,5,((#3290,#3291,#3292,#3293,#3294,#3295),(#3296,#3297,#3298,#3299,#3300,#3301),(#3302,#3303,#3304,#3305,#3306,#3307),(#3308,#3309,#3310,#3311,#3312,#3313),(#3314,#3315,#3316,#3317,#3318,#3319),(#3320,#3321,#3322,#3323,#3324,#3325)),.UNSPECIFIED.,.F.,.F.,.U.,(6,6),(6,6),(0.536745801949,0.725694215131),(0.,0.15),.UNSPECIFIED.) ;
#3443=B_SPLINE_SURFACE_WITH_KNOTS('',5,5,((#3444,#3445,#3446,#3447,#3448,#3449),(#3450,#3451,#3452,#3453,#3454,#3455),(#3456,#3457,#3458,#3459,#3460,#3461),(#3462,#3463,#3464,#3465,#3466,#3467),(#3468,#3469,#3470,#3471,#3472,#3473),(#3474,#3475,#3476,#3477,#3478,#3479)),.UNSPECIFIED.,.F.,.F.,.U.,(6,6),(6,6),(0.121035629849,0.309963338549),(0.,0.15),.UNSPECIFIED.) ;
#3762=B_SPLINE_SURFACE_WITH_KNOTS('',5,5,((#3763,#3764,#3765,#3766,#3767,#3768),(#3769,#3770,#3771,#3772,#3773,#3774),(#3775,#3776,#3777,#3778,#3779,#3780),(#3781,#3782,#3783,#3784,#3785,#3786),(#3787,#3788,#3789,#3790,#3791,#3792),(#3793,#3794,#3795,#3796,#3797,#3798)),.UNSPECIFIED.,.F.,.F.,.U.,(6,6),(6,6),(0.309985950697,0.72588605877),(0.,0.15),.UNSPECIFIED.) ;
#3826=B_SPLINE_SURFACE_WITH_KNOTS('',5,5,((#3827,#3828,#3829,#3830,#3831,#3832),(#3833,#3834,#3835,#3836,#3837,#3838),(#3839,#3840,#3841,#3842,#3843,#3844),(#3845,#3846,#3847,#3848,#3849,#3850),(#3851,#3852,#3853,#3854,#3855,#3856),(#3857,#3858,#3859,#3860,#3861,#3862)),.UNSPECIFIED.,.F.,.F.,.U.,(6,6),(6,6),(0.12589557532,0.750070017204),(0.,0.15),.UNSPECIFIED.) ;
#3931=B_SPLINE_SURFACE_WITH_KNOTS('',5,5,((#3932,#3933,#3934,#3935,#3936,#3937),(#3938,#3939,#3940,#3941,#3942,#3943),(#3944,#3945,#3946,#3947,#3948,#3949),(#3950,#3951,#3952,#3953,#3954,#3955),(#3956,#3957,#3958,#3959,#3960,#3961),(#3962,#3963,#3964,#3965,#3966,#3967)),.UNSPECIFIED.,.F.,.F.,.U.,(6,6),(6,6),(1.00412471997,1.62831010961),(0.,0.15),.UNSPECIFIED.) ;
#4039=B_SPLINE_SURFACE_WITH_KNOTS('',5,5,((#4040,#4041,#4042,#4043,#4044,#4045),(#4046,#4047,#4048,#4049,#4050,#4051),(#4052,#4053,#4054,#4055,#4056,#4057),(#4058,#4059,#4060,#4061,#4062,#4063),(#4064,#4065,#4066,#4067,#4068,#4069),(#4070,#4071,#4072,#4073,#4074,#4075)),.UNSPECIFIED.,.F.,.F.,.U.,(6,6),(6,6),(0.120854333433,0.536723798474),(0.,0.15),.UNSPECIFIED.) ;
#4154=B_SPLINE_SURFACE_WITH_KNOTS('',5,3,((#4155,#4156,#4157,#4158),(#4159,#4160,#4161,#4162),(#4163,#4164,#4165,#4166),(#4167,#4168,#4169,#4170),(#4171,#4172,#4173,#4174),(#4175,#4176,#4177,#4178),(#4179,#4180,#4181,#4182),(#4183,#4184,#4185,#4186),(#4187,#4188,#4189,#4190)),.UNSPECIFIED.,.F.,.F.,.U.,(6,3,6),(4,4),(0.477313899804,1.07896155332,1.68060920683),(0.,0.15),.UNSPECIFIED.) ;
#4321=B_SPLINE_SURFACE_WITH_KNOTS('',5,5,((#4322,#4323,#4324,#4325,#4326,#4327),(#4328,#4329,#4330,#4331,#4332,#4333),(#4334,#4335,#4336,#4337,#4338,#4339),(#4340,#4341,#4342,#4343,#4344,#4345),(#4346,#4347,#4348,#4349,#4350,#4351),(#4352,#4353,#4354,#4355,#4356,#4357)),.UNSPECIFIED.,.F.,.F.,.U.,(6,6),(6,6),(2.1942152952,12.6662083096),(0.,0.15),.UNSPECIFIED.) ;
#4627=B_SPLINE_SURFACE_WITH_KNOTS('',5,3,((#4628,#4629,#4630,#4631),(#4632,#4633,#4634,#4635),(#4636,#4637,#4638,#4639),(#4640,#4641,#4642,#4643),(#4644,#4645,#4646,#4647),(#4648,#4649,#4650,#4651),(#4652,#4653,#4654,#4655),(#4656,#4657,#4658,#4659),(#4660,#4661,#4662,#4663)),.UNSPECIFIED.,.F.,.F.,.U.,(6,3,6),(4,4),(0.,0.812523548582,1.20329530703),(0.,0.15),.UNSPECIFIED.) ;
#4758=B_SPLINE_SURFACE_WITH_KNOTS('',5,5,((#4759,#4760,#4761,#4762,#4763,#4764),(#4765,#4766,#4767,#4768,#4769,#4770),(#4771,#4772,#4773,#4774,#4775,#4776),(#4777,#4778,#4779,#4780,#4781,#4782),(#4783,#4784,#4785,#4786,#4787,#4788),(#4789,#4790,#4791,#4792,#4793,#4794)),.UNSPECIFIED.,.F.,.F.,.U.,(6,6),(6,6),(2.32549883013,12.7974912349),(0.,0.15),.UNSPECIFIED.) ;
#4953=B_SPLINE_SURFACE_WITH_KNOTS('',5,5,((#4954,#4955,#4956,#4957,#4958,#4959),(#4960,#4961,#4962,#4963,#4964,#4965),(#4966,#4967,#4968,#4969,#4970,#4971),(#4972,#4973,#4974,#4975,#4976,#4977),(#4978,#4979,#4980,#4981,#4982,#4983),(#4984,#4985,#4986,#4987,#4988,#4989)),.UNSPECIFIED.,.F.,.F.,.U.,(6,6),(6,6),(0.536745801944,0.725694215125),(0.,0.15),.UNSPECIFIED.) ;
#5025=B_SPLINE_SURFACE_WITH_KNOTS('',5,5,((#5026,#5027,#5028,#5029,#5030,#5031),(#5032,#5033,#5034,#5035,#5036,#5037),(#5038,#5039,#5040,#5041,#5042,#5043),(#5044,#5045,#5046,#5047,#5048,#5049),(#5050,#5051,#5052,#5053,#5054,#5055),(#5056,#5057,#5058,#5059,#5060,#5061)),.UNSPECIFIED.,.F.,.F.,.U.,(6,6),(6,6),(2.38504852599,13.0922158203),(0.,0.3),.UNSPECIFIED.) ;
#5078=B_SPLINE_SURFACE_WITH_KNOTS('',5,5,((#5079,#5080,#5081,#5082,#5083,#5084),(#5085,#5086,#5087,#5088,#5089,#5090),(#5091,#5092,#5093,#5094,#5095,#5096),(#5097,#5098,#5099,#5100,#5101,#5102),(#5103,#5104,#5105,#5106,#5107,#5108),(#5109,#5110,#5111,#5112,#5113,#5114),(#5115,#5116,#5117,#5118,#5119,#5120),(#5121,#5122,#5123,#5124,#5125,#5126),(#5127,#5128,#5129,#5130,#5131,#5132)),.UNSPECIFIED.,.F.,.F.,.U.,(6,3,6),(6,6),(2.60513179325,13.536434075,17.8409608413),(-2.77956241654E-006,0.300000000001),.UNSPECIFIED.) ;
#5185=B_SPLINE_SURFACE_WITH_KNOTS('',5,5,((#5186,#5187,#5188,#5189,#5190,#5191),(#5192,#5193,#5194,#5195,#5196,#5197),(#5198,#5199,#5200,#5201,#5202,#5203),(#5204,#5205,#5206,#5207,#5208,#5209),(#5210,#5211,#5212,#5213,#5214,#5215),(#5216,#5217,#5218,#5219,#5220,#5221),(#5222,#5223,#5224,#5225,#5226,#5227),(#5228,#5229,#5230,#5231,#5232,#5233),(#5234,#5235,#5236,#5237,#5238,#5239)),.UNSPECIFIED.,.F.,.F.,.U.,(6,3,6),(6,6),(3.36485474715,12.2592539717,18.6928794919),(8.70774786212E-009,0.300000002727),.UNSPECIFIED.) ;
#5497=B_SPLINE_SURFACE_WITH_KNOTS('',5,5,((#5498,#5499,#5500,#5501,#5502,#5503),(#5504,#5505,#5506,#5507,#5508,#5509),(#5510,#5511,#5512,#5513,#5514,#5515),(#5516,#5517,#5518,#5519,#5520,#5521),(#5522,#5523,#5524,#5525,#5526,#5527),(#5528,#5529,#5530,#5531,#5532,#5533)),.UNSPECIFIED.,.F.,.F.,.U.,(6,6),(6,6),(2.17954702217,12.8867143365),(-1.04083408559E-017,0.3),.UNSPECIFIED.) ;
#5575=B_SPLINE_SURFACE_WITH_KNOTS('',4,5,((#5576,#5577,#5578,#5579,#5580,#5581),(#5582,#5583,#5584,#5585,#5586,#5587),(#5588,#5589,#5590,#5591,#5592,#5593),(#5594,#5595,#5596,#5597,#5598,#5599),(#5600,#5601,#5602,#5603,#5604,#5605)),.UNSPECIFIED.,.F.,.F.,.U.,(5,5),(6,6),(0.195140753151,1.43843578361),(0.,3.),.UNSPECIFIED.) ;
#5674=B_SPLINE_SURFACE_WITH_KNOTS('',4,5,((#5675,#5676,#5677,#5678,#5679,#5680),(#5681,#5682,#5683,#5684,#5685,#5686),(#5687,#5688,#5689,#5690,#5691,#5692),(#5693,#5694,#5695,#5696,#5697,#5698),(#5699,#5700,#5701,#5702,#5703,#5704)),.UNSPECIFIED.,.F.,.F.,.U.,(5,5),(6,6),(0.350352054419,1.59364708457),(-5.55111512313E-017,3.),.UNSPECIFIED.) ;
#5792=B_SPLINE_SURFACE_WITH_KNOTS('',4,5,((#5793,#5794,#5795,#5796,#5797,#5798),(#5799,#5800,#5801,#5802,#5803,#5804),(#5805,#5806,#5807,#5808,#5809,#5810),(#5811,#5812,#5813,#5814,#5815,#5816),(#5817,#5818,#5819,#5820,#5821,#5822)),.UNSPECIFIED.,.F.,.F.,.U.,(5,5),(6,6),(0.195140753151,1.43843578361),(0.,3.),.UNSPECIFIED.) ;
#5891=B_SPLINE_SURFACE_WITH_KNOTS('',4,5,((#5892,#5893,#5894,#5895,#5896,#5897),(#5898,#5899,#5900,#5901,#5902,#5903),(#5904,#5905,#5906,#5907,#5908,#5909),(#5910,#5911,#5912,#5913,#5914,#5915),(#5916,#5917,#5918,#5919,#5920,#5921)),.UNSPECIFIED.,.F.,.F.,.U.,(5,5),(6,6),(0.195140753151,1.43843578361),(0.,3.),.UNSPECIFIED.) ;
#5983=B_SPLINE_SURFACE_WITH_KNOTS('',4,5,((#5984,#5985,#5986,#5987,#5988,#5989),(#5990,#5991,#5992,#5993,#5994,#5995),(#5996,#5997,#5998,#5999,#6000,#6001),(#6002,#6003,#6004,#6005,#6006,#6007),(#6008,#6009,#6010,#6011,#6012,#6013)),.UNSPECIFIED.,.F.,.F.,.U.,(5,5),(6,6),(0.350352054419,1.59364708457),(0.,3.),.UNSPECIFIED.) ;
#6082=B_SPLINE_SURFACE_WITH_KNOTS('',4,5,((#6083,#6084,#6085,#6086,#6087,#6088),(#6089,#6090,#6091,#6092,#6093,#6094),(#6095,#6096,#6097,#6098,#6099,#6100),(#6101,#6102,#6103,#6104,#6105,#6106),(#6107,#6108,#6109,#6110,#6111,#6112)),.UNSPECIFIED.,.F.,.F.,.U.,(5,5),(6,6),(0.195140753151,1.43843578361),(0.,3.),.UNSPECIFIED.) ;
#6186=B_SPLINE_SURFACE_WITH_KNOTS('',4,5,((#6187,#6188,#6189,#6190,#6191,#6192),(#6193,#6194,#6195,#6196,#6197,#6198),(#6199,#6200,#6201,#6202,#6203,#6204),(#6205,#6206,#6207,#6208,#6209,#6210),(#6211,#6212,#6213,#6214,#6215,#6216)),.UNSPECIFIED.,.F.,.F.,.U.,(5,5),(6,6),(0.350352054419,1.59364708457),(0.,3.),.UNSPECIFIED.) ;
#6285=B_SPLINE_SURFACE_WITH_KNOTS('',4,5,((#6286,#6287,#6288,#6289,#6290,#6291),(#6292,#6293,#6294,#6295,#6296,#6297),(#6298,#6299,#6300,#6301,#6302,#6303),(#6304,#6305,#6306,#6307,#6308,#6309),(#6310,#6311,#6312,#6313,#6314,#6315)),.UNSPECIFIED.,.F.,.F.,.U.,(5,5),(6,6),(0.350352054419,1.59364708457),(0.,3.),.UNSPECIFIED.) ;
#6900=MANIFOLD_SOLID_BREP('HLD',#50) ;
#7249=MANIFOLD_SOLID_BREP('TAPE',#6903) ;
#9561=MANIFOLD_SOLID_BREP('LENS',#7250) ;
#11=CALENDAR_DATE(2024,29,4) ;
#30=CC_DESIGN_APPROVAL(#21,(#16,#6,#14)) ;
#18=CC_DESIGN_DATE_AND_TIME_ASSIGNMENT(#13,#17,(#16)) ;
#29=CC_DESIGN_DATE_AND_TIME_ASSIGNMENT(#13,#28,(#14)) ;
#17=DATE_TIME_ROLE('classification_date') ;
#28=DATE_TIME_ROLE('creation_date') ;
#27=CC_DESIGN_PERSON_AND_ORGANIZATION_ASSIGNMENT(#25,#26,(#16)) ;
#33=CC_DESIGN_PERSON_AND_ORGANIZATION_ASSIGNMENT(#25,#34,(#6)) ;
#35=CC_DESIGN_PERSON_AND_ORGANIZATION_ASSIGNMENT(#25,#36,(#6,#14)) ;
#37=CC_DESIGN_PERSON_AND_ORGANIZATION_ASSIGNMENT(#25,#38,(#5)) ;
#26=PERSON_AND_ORGANIZATION_ROLE('classification_officer') ;
#34=PERSON_AND_ORGANIZATION_ROLE('design_supplier') ;
#36=PERSON_AND_ORGANIZATION_ROLE('creator') ;
#38=PERSON_AND_ORGANIZATION_ROLE('design_owner') ;
#39=CC_DESIGN_SECURITY_CLASSIFICATION(#16,(#6)) ;
#70=CIRCLE('generated circle',#69,7.25708455348) ;
#77=CIRCLE('generated circle',#76,0.15) ;
#84=CIRCLE('generated circle',#83,7.40708249731) ;
#101=CIRCLE('generated circle',#100,0.15) ;
#110=CIRCLE('generated circle',#109,7.25708455348) ;
#115=CIRCLE('generated circle',#114,7.40708249731) ;
#160=CIRCLE('generated circle',#159,7.25262981086) ;
#167=CIRCLE('generated circle',#166,7.25262981086) ;
#198=CIRCLE('generated circle',#197,7.24739377525) ;
#220=CIRCLE('generated circle',#219,0.15) ;
#288=CIRCLE('generated circle',#287,7.89831100351) ;
#297=CIRCLE('generated circle',#296,7.89831100351) ;
#306=CIRCLE('generated circle',#305,7.55921665085) ;
#315=CIRCLE('generated circle',#314,7.40708249731) ;
#322=CIRCLE('generated circle',#321,7.40708249731) ;
#329=CIRCLE('generated circle',#328,7.55921665085) ;
#336=CIRCLE('generated circle',#335,2.66775844436) ;
#363=CIRCLE('generated circle',#362,2.66775844436) ;
#370=CIRCLE('generated circle',#369,7.55921665085) ;
#375=CIRCLE('generated circle',#374,7.55921665085) ;
#382=CIRCLE('generated circle',#381,2.66775844436) ;
#409=CIRCLE('generated circle',#408,2.66775844436) ;
#438=CIRCLE('generated circle',#437,0.15) ;
#490=CIRCLE('generated circle',#489,7.24739377525) ;
#514=CIRCLE('generated circle',#513,7.25262981086) ;
#521=CIRCLE('generated circle',#520,7.25262981086) ;
#874=CIRCLE('generated circle',#873,7.40921870701) ;
#918=CIRCLE('generated circle',#917,0.15) ;
#925=CIRCLE('generated circle',#924,8.04816823675) ;
#932=CIRCLE('generated circle',#931,0.15) ;
#949=CIRCLE('generated circle',#948,8.04816823675) ;
#1000=CIRCLE('generated circle',#999,7.40921870701) ;
#1007=CIRCLE('generated circle',#1006,0.15) ;
#1026=CIRCLE('generated circle',#1025,0.15) ;
#1033=CIRCLE('generated circle',#1032,7.25708455348) ;
#1059=CIRCLE('generated circle',#1058,7.25708455348) ;
#1066=CIRCLE('generated circle',#1065,0.15) ;
#1078=CIRCLE('generated circle',#1077,7.40921870701) ;
#1119=CIRCLE('generated circle',#1118,0.15) ;
#1138=CIRCLE('generated circle',#1137,2.75436098474) ;
#1198=CIRCLE('generated circle',#1197,7.40921870701) ;
#1224=CIRCLE('generated circle',#1223,2.75436098474) ;
#1529=CIRCLE('generated circle',#1528,0.15) ;
#1536=CIRCLE('generated circle',#1535,0.15) ;
#1560=CIRCLE('generated circle',#1559,0.15) ;
#1567=CIRCLE('generated circle',#1566,0.15) ;
#1635=CIRCLE('generated circle',#1634,7.40364541163) ;
#1710=CIRCLE('generated circle',#1709,6.92260090577) ;
#1753=CIRCLE('generated circle',#1752,6.77269228171) ;
#1928=CIRCLE('generated circle',#1927,6.72260090577) ;
#1953=CIRCLE('generated circle',#1952,6.57269228171) ;
#1960=CIRCLE('generated circle',#1959,0.15) ;
#2155=CIRCLE('generated circle',#2154,3.05262559316) ;
#2191=CIRCLE('generated circle',#2190,7.6421214677) ;
#2215=CIRCLE('generated circle',#2214,7.6421214677) ;
#2236=CIRCLE('generated circle',#2235,7.40476396439) ;
#2292=CIRCLE('generated circle',#2291,7.40364541163) ;
#2365=CIRCLE('generated circle',#2364,0.15) ;
#2392=CIRCLE('generated circle',#2391,7.24739377525) ;
#2421=CIRCLE('generated circle',#2420,7.25262981086) ;
#2428=CIRCLE('generated circle',#2427,7.25262981086) ;
#2495=CIRCLE('generated circle',#2494,7.25262981086) ;
#2502=CIRCLE('generated circle',#2501,7.25262981086) ;
#2526=CIRCLE('generated circle',#2525,7.24739377525) ;
#2548=CIRCLE('generated circle',#2547,0.15) ;
#2573=CIRCLE('generated circle',#2572,7.40364541163) ;
#2635=CIRCLE('generated circle',#2634,7.40476396439) ;
#2708=CIRCLE('generated circle',#2707,3.05262559316) ;
#2771=CIRCLE('generated circle',#2770,7.40364541163) ;
#2838=CIRCLE('generated circle',#2837,6.72260090577) ;
#2873=CIRCLE('generated circle',#2872,6.57269228171) ;
#2882=CIRCLE('generated circle',#2881,0.15) ;
#2887=CIRCLE('generated circle',#2886,0.15) ;
#3065=CIRCLE('generated circle',#3064,0.15) ;
#3079=CIRCLE('generated circle',#3078,0.15) ;
#3096=CIRCLE('generated circle',#3095,0.15) ;
#3103=CIRCLE('generated circle',#3102,0.15) ;
#3397=CIRCLE('generated circle',#3396,0.15) ;
#3404=CIRCLE('generated circle',#3403,0.15) ;
#3428=CIRCLE('generated circle',#3427,0.15) ;
#3435=CIRCLE('generated circle',#3434,0.15) ;
#3515=CIRCLE('generated circle',#3514,7.03343791405) ;
#3532=CIRCLE('generated circle',#3531,2.86225135803) ;
#3913=CIRCLE('generated circle',#3912,6.92260090577) ;
#4006=CIRCLE('generated circle',#4005,6.72260090577) ;
#4023=CIRCLE('generated circle',#4022,0.15) ;
#4030=CIRCLE('generated circle',#4029,6.72260090577) ;
#4114=CIRCLE('generated circle',#4113,0.15) ;
#4121=CIRCLE('generated circle',#4120,0.15) ;
#4128=CIRCLE('generated circle',#4127,7.49226423446) ;
#4145=CIRCLE('generated circle',#4144,7.49226423446) ;
#4712=CIRCLE('generated circle',#4711,0.15) ;
#4719=CIRCLE('generated circle',#4718,0.15) ;
#4743=CIRCLE('generated circle',#4742,0.15) ;
#4750=CIRCLE('generated circle',#4749,0.15) ;
#4821=CIRCLE('generated circle',#4820,2.86225135803) ;
#5016=CIRCLE('generated circle',#5015,7.03343791405) ;
#5286=CIRCLE('generated circle',#5285,4.40123823966) ;
#5321=CIRCLE('generated circle',#5320,4.40123823966) ;
#5328=CIRCLE('generated circle',#5327,1.73225976141) ;
#5333=CIRCLE('generated circle',#5332,1.73225976141) ;
#5340=CIRCLE('generated circle',#5339,4.40123823966) ;
#5386=CIRCLE('generated circle',#5385,4.40123823966) ;
#5421=CIRCLE('generated circle',#5420,4.40123823966) ;
#5426=CIRCLE('generated circle',#5425,4.40123823966) ;
#5481=CIRCLE('generated circle',#5480,5.5) ;
#5490=CIRCLE('generated circle',#5489,5.5) ;
#5558=CIRCLE('generated circle',#5557,4.0589408649) ;
#5657=CIRCLE('generated circle',#5656,0.375585882728) ;
#5749=CIRCLE('generated circle',#5748,4.0589408649) ;
#5783=CIRCLE('generated circle',#5782,4.0589408649) ;
#5874=CIRCLE('generated circle',#5873,0.375585882728) ;
#5966=CIRCLE('generated circle',#5965,4.0589408649) ;
#6065=CIRCLE('generated circle',#6064,0.375585882728) ;
#6157=CIRCLE('generated circle',#6156,4.0589408649) ;
#6177=CIRCLE('generated circle',#6176,4.0589408649) ;
#6268=CIRCLE('generated circle',#6267,0.375585882728) ;
#6364=CIRCLE('generated circle',#6363,5.5) ;
#6383=CIRCLE('generated circle',#6382,5.5) ;
#6471=CIRCLE('generated circle',#6470,1.00017453736) ;
#6489=CIRCLE('generated circle',#6488,1.00017453736) ;
#6540=CIRCLE('generated circle',#6539,2.33285443145) ;
#6552=CIRCLE('generated circle',#6551,2.33285443145) ;
#6682=CIRCLE('generated circle',#6681,0.991360334429) ;
#6744=CIRCLE('generated circle',#6743,0.991360334429) ;
#6796=CIRCLE('generated circle',#6795,0.87355581695) ;
#6846=CIRCLE('generated circle',#6845,0.87355581695) ;
#6921=CIRCLE('generated circle',#6920,7.05) ;
#6935=CIRCLE('generated circle',#6934,7.05) ;
#6947=CIRCLE('generated circle',#6946,7.05) ;
#6952=CIRCLE('generated circle',#6951,7.05) ;
#7018=CIRCLE('generated circle',#7017,1.) ;
#7023=CIRCLE('generated circle',#7022,1.) ;
#7040=CIRCLE('generated circle',#7039,1.) ;
#7054=CIRCLE('generated circle',#7053,1.) ;
#7071=CIRCLE('generated circle',#7070,5.19806052802) ;
#7085=CIRCLE('generated circle',#7084,5.19806052802) ;
#7111=CIRCLE('generated circle',#7110,1.) ;
#7116=CIRCLE('generated circle',#7115,1.) ;
#7173=CIRCLE('generated circle',#7172,1.) ;
#7178=CIRCLE('generated circle',#7177,1.) ;
#7195=CIRCLE('generated circle',#7194,5.19806052802) ;
#7200=CIRCLE('generated circle',#7199,5.19806052802) ;
#7259=CIRCLE('generated circle',#7258,2.73653999061) ;
#7275=CIRCLE('generated circle',#7274,3.96481727932) ;
#7294=CIRCLE('generated circle',#7293,3.96481727932) ;
#7301=CIRCLE('generated circle',#7300,2.73653999061) ;
#7320=CIRCLE('generated circle',#7319,2.73653999061) ;
#7334=CIRCLE('generated circle',#7333,3.96481727932) ;
#7346=CIRCLE('generated circle',#7345,3.96481727932) ;
#7351=CIRCLE('generated circle',#7350,2.73653999061) ;
#7375=CIRCLE('generated circle',#7374,2.50067133105) ;
#7401=CIRCLE('generated circle',#7400,2.50067133105) ;
#7413=CIRCLE('generated circle',#7412,2.50067133105) ;
#7432=CIRCLE('generated circle',#7431,2.50067133105) ;
#7456=CIRCLE('generated circle',#7455,2.42990059244) ;
#7482=CIRCLE('generated circle',#7481,2.42990059244) ;
#7531=CIRCLE('generated circle',#7530,6.8250087972) ;
#7565=CIRCLE('generated circle',#7564,6.99089409818) ;
#7579=CIRCLE('generated circle',#7578,6.8250087972) ;
#7595=CIRCLE('generated circle',#7594,6.99089409818) ;
#7638=CIRCLE('generated circle',#7637,6.99089409818) ;
#7674=CIRCLE('generated circle',#7673,6.8250087972) ;
#7718=CIRCLE('generated circle',#7717,6.99089409818) ;
#7725=CIRCLE('generated circle',#7724,6.8250087972) ;
#7768=CIRCLE('generated circle',#7767,2.42990059244) ;
#7787=CIRCLE('generated circle',#7786,2.42990059244) ;
#7813=CIRCLE('generated circle',#7812,1.74695477342) ;
#7827=CIRCLE('generated circle',#7826,1.6595145346) ;
#7839=CIRCLE('generated circle',#7838,1.6595145346) ;
#7853=CIRCLE('generated circle',#7852,1.74695477342) ;
#7873=CIRCLE('generated circle',#7872,1.74695477342) ;
#7878=CIRCLE('generated circle',#7877,1.6595145346) ;
#7890=CIRCLE('generated circle',#7889,1.6595145346) ;
#7895=CIRCLE('generated circle',#7894,1.74695477342) ;
#7972=CIRCLE('generated circle',#7971,0.7) ;
#8017=CIRCLE('generated circle',#8016,0.699999999096) ;
#8068=CIRCLE('generated circle',#8067,7.35000026802) ;
#8079=CIRCLE('generated circle',#8078,7.34999999505) ;
#8110=CIRCLE('generated circle',#8109,6.8161296949) ;
#8117=CIRCLE('generated circle',#8116,6.8161296949) ;
#8135=CIRCLE('generated circle',#8134,7.35) ;
#8144=CIRCLE('generated circle',#8143,7.35) ;
#8151=CIRCLE('generated circle',#8150,7.35) ;
#8158=CIRCLE('generated circle',#8157,7.35) ;
#8163=CIRCLE('generated circle',#8162,7.35) ;
#8187=CIRCLE('generated circle',#8186,7.35) ;
#8248=CIRCLE('generated circle',#8247,7.35) ;
#8272=CIRCLE('generated circle',#8271,7.35) ;
#8277=CIRCLE('generated circle',#8276,7.35) ;
#8284=CIRCLE('generated circle',#8283,7.35) ;
#8291=CIRCLE('generated circle',#8290,7.35) ;
#8298=CIRCLE('generated circle',#8297,7.35) ;
#8305=CIRCLE('generated circle',#8304,7.35) ;
#8312=CIRCLE('generated circle',#8311,7.35) ;
#8413=CIRCLE('generated circle',#8412,6.93839934552) ;
#8420=CIRCLE('generated circle',#8419,6.93837693) ;
#8427=CIRCLE('generated circle',#8426,6.93839299731) ;
#8446=CIRCLE('generated circle',#8445,6.93839299731) ;
#8453=CIRCLE('generated circle',#8452,6.93837693) ;
#8460=CIRCLE('generated circle',#8459,6.93839934552) ;
#8489=CIRCLE('generated circle',#8488,6.92741188692) ;
#8498=CIRCLE('generated circle',#8497,6.92741188692) ;
#8505=CIRCLE('generated circle',#8504,6.92741188692) ;
#8512=CIRCLE('generated circle',#8511,6.92741188819) ;
#8586=CIRCLE('generated circle',#8585,7.35) ;
#8593=CIRCLE('generated circle',#8592,7.35) ;
#8676=CIRCLE('generated circle',#8675,6.9651408259) ;
#8784=CIRCLE('generated circle',#8783,6.9651408259) ;
#8861=CIRCLE('generated circle',#8860,7.35) ;
#8940=CIRCLE('generated circle',#8939,2.21531035506) ;
#8960=CIRCLE('generated circle',#8959,2.21531035506) ;
#9075=CIRCLE('generated circle',#9074,6.95) ;
#9082=CIRCLE('generated circle',#9081,6.95) ;
#9137=CIRCLE('generated circle',#9136,6.95) ;
#9144=CIRCLE('generated circle',#9143,6.95) ;
#9246=CIRCLE('generated circle',#9245,6.76723960015) ;
#9260=CIRCLE('generated circle',#9259,5.26276414424) ;
#9272=CIRCLE('generated circle',#9271,6.76723960015) ;
#9277=CIRCLE('generated circle',#9276,5.26276414424) ;
#9294=CIRCLE('generated circle',#9293,1.59053197646) ;
#9301=CIRCLE('generated circle',#9300,6.79684388376) ;
#9308=CIRCLE('generated circle',#9307,1.59053197646) ;
#9320=CIRCLE('generated circle',#9319,6.79684388376) ;
#9403=CIRCLE('generated circle',#9402,5.18163714631) ;
#9418=CIRCLE('generated circle',#9417,4.26307306098) ;
#9439=CIRCLE('generated circle',#9438,5.18163714631) ;
#9444=CIRCLE('generated circle',#9443,4.26307306098) ;
#9461=CIRCLE('generated circle',#9460,16.0263723904) ;
#9466=CIRCLE('generated circle',#9465,16.0263723904) ;
#9509=CIRCLE('generated circle',#9508,3.49647137791) ;
#9514=CIRCLE('generated circle',#9513,3.49647137791) ;
#128=CONICAL_SURFACE('Cone',#127,7.25262981086,0.00523598775598) ;
#475=CONICAL_SURFACE('Cone',#474,7.25262981086,0.00523598775598) ;
#1631=CONICAL_SURFACE('Cone',#1630,7.41,0.00523598775598) ;
#1693=CONICAL_SURFACE('Cone',#1692,7.17997518066,0.0349065850399) ;
#1924=CONICAL_SURFACE('Cone',#1923,6.97997518066,0.0349065850399) ;
#2151=CONICAL_SURFACE('Cone',#2150,2.75436098474,0.523598775598) ;
#2180=CONICAL_SURFACE('Cone',#2179,8.05500304772,0.0436332312999) ;
#2211=CONICAL_SURFACE('Cone',#2210,8.05500304772,0.0436332312999) ;
#2377=CONICAL_SURFACE('Cone',#2376,7.25262981086,0.00523598775598) ;
#2463=CONICAL_SURFACE('Cone',#2462,7.25262981086,0.00523598775598) ;
#2560=CONICAL_SURFACE('Cone',#2559,7.41,0.00523598775598) ;
#2704=CONICAL_SURFACE('Cone',#2703,2.75436098474,0.523598775598) ;
#2834=CONICAL_SURFACE('Cone',#2833,6.97997518066,0.0349065850399) ;
#3545=CONICAL_SURFACE('Cone',#3544,2.30010227364,1.46607678249) ;
#4834=CONICAL_SURFACE('Cone',#4833,2.30010227364,1.46607678249) ;
#5546=CONICAL_SURFACE('Cone',#5545,4.0589408649,1.20489325323) ;
#5653=CONICAL_SURFACE('Cone',#5652,0.374710996092,0.0872664625997) ;
#5870=CONICAL_SURFACE('Cone',#5869,0.374710996092,0.0872664625997) ;
#6061=CONICAL_SURFACE('Cone',#6060,0.374710996092,0.0872664625997) ;
#6264=CONICAL_SURFACE('Cone',#6263,0.374710996092,0.0872664625997) ;
#6678=CONICAL_SURFACE('Cone',#6677,1.,0.00872664625997) ;
#6740=CONICAL_SURFACE('Cone',#6739,1.,0.00872664625997) ;
#6792=CONICAL_SURFACE('Cone',#6791,0.,0.532325421858) ;
#6842=CONICAL_SURFACE('Cone',#6841,0.,0.532325421858) ;
#6874=CONICAL_SURFACE('Cone',#6873,7.01579189301,0.0503645360832) ;
#6889=CONICAL_SURFACE('Cone',#6888,7.01579189301,0.0503645360832) ;
#7255=CONICAL_SURFACE('Cone',#7254,2.73653999061,1.39626340152) ;
#7364=CONICAL_SURFACE('Cone',#7363,2.50067133105,1.04122981502) ;
#7445=CONICAL_SURFACE('Cone',#7444,2.42990059244,0.247026376407) ;
#7495=CONICAL_SURFACE('Cone',#7494,6.8250087972,0.243962967907) ;
#7800=CONICAL_SURFACE('Cone',#7799,1.6595145346,0.197199120595) ;
#8902=CONICAL_SURFACE('Cone',#8901,6.93837690353,0.0349065850399) ;
#8929=CONICAL_SURFACE('Cone',#8928,2.21531035506,1.0441080575) ;
#9233=CONICAL_SURFACE('Cone',#9232,5.26276414424,0.325307309541) ;
#9534=CONICAL_SURFACE('Cone',#9533,3.96481727932,1.18957318573) ;
#6902=SHAPE_REPRESENTATION_RELATIONSHIP(' ',' ',#48,#6901) ;
#638=CYLINDRICAL_SURFACE('generated cylinder',#637,0.15) ;
#702=CYLINDRICAL_SURFACE('generated cylinder',#701,0.15) ;
#771=CYLINDRICAL_SURFACE('generated cylinder',#770,0.15) ;
#1330=CYLINDRICAL_SURFACE('generated cylinder',#1329,0.15) ;
#1525=CYLINDRICAL_SURFACE('generated cylinder',#1524,0.15) ;
#3061=CYLINDRICAL_SURFACE('generated cylinder',#3060,0.15) ;
#3393=CYLINDRICAL_SURFACE('generated cylinder',#3392,0.15) ;
#3573=CYLINDRICAL_SURFACE('generated cylinder',#3572,0.274205161963) ;
#4261=CYLINDRICAL_SURFACE('generated cylinder',#4260,0.15) ;
#4422=CYLINDRICAL_SURFACE('generated cylinder',#4421,0.15) ;
#4464=CYLINDRICAL_SURFACE('generated cylinder',#4463,0.15) ;
#4579=CYLINDRICAL_SURFACE('generated cylinder',#4578,0.15) ;
#4708=CYLINDRICAL_SURFACE('generated cylinder',#4707,0.15) ;
#4862=CYLINDRICAL_SURFACE('generated cylinder',#4861,0.274205161963) ;
#6353=CYLINDRICAL_SURFACE('generated cylinder',#6352,5.5) ;
#6908=CYLINDRICAL_SURFACE('generated cylinder',#6907,7.05) ;
#7005=CYLINDRICAL_SURFACE('generated cylinder',#7004,1.) ;
#7036=CYLINDRICAL_SURFACE('generated cylinder',#7035,1.) ;
#7067=CYLINDRICAL_SURFACE('generated cylinder',#7066,5.19806052802) ;
#7098=CYLINDRICAL_SURFACE('generated cylinder',#7097,1.) ;
#7160=CYLINDRICAL_SURFACE('generated cylinder',#7159,1.) ;
#7191=CYLINDRICAL_SURFACE('generated cylinder',#7190,5.19806052802) ;
#7959=CYLINDRICAL_SURFACE('generated cylinder',#7958,0.7) ;
#8131=CYLINDRICAL_SURFACE('generated cylinder',#8130,7.35) ;
#8349=CYLINDRICAL_SURFACE('generated cylinder',#8348,0.7) ;
#8525=CYLINDRICAL_SURFACE('generated cylinder',#8524,0.15) ;
#8646=CYLINDRICAL_SURFACE('generated cylinder',#8645,0.5) ;
#8696=CYLINDRICAL_SURFACE('generated cylinder',#8695,0.5) ;
#9008=CYLINDRICAL_SURFACE('generated cylinder',#9007,0.15) ;
#55=TOROIDAL_SURFACE('homeo Torus',#54,7.40708249731,0.15) ;
#97=TOROIDAL_SURFACE('homeo Torus',#96,7.40708249731,0.15) ;
#870=TOROIDAL_SURFACE('homeo Torus',#869,7.55921665085,0.15) ;
#914=TOROIDAL_SURFACE('homeo Torus',#913,7.89831100351,0.15) ;
#945=TOROIDAL_SURFACE('homeo Torus',#944,7.89831100351,0.15) ;
#962=TOROIDAL_SURFACE('homeo Torus',#961,7.55921665085,0.15) ;
#1022=TOROIDAL_SURFACE('homeo Torus',#1021,7.40708249731,0.15) ;
#1055=TOROIDAL_SURFACE('homeo Torus',#1054,7.40708249731,0.15) ;
#1134=TOROIDAL_SURFACE('homeo Torus',#1133,2.66676302766,0.101728982484) ;
#1212=TOROIDAL_SURFACE('homeo Torus',#1211,2.66676302766,0.101728982484) ;
#1740=TOROIDAL_SURFACE('homeo Torus',#1739,6.77269228171,0.15) ;
#1949=TOROIDAL_SURFACE('homeo Torus',#1948,6.57269228171,0.15) ;
#2869=TOROIDAL_SURFACE('homeo Torus',#2868,6.57269228171,0.15) ;
#3511=TOROIDAL_SURFACE('homeo Torus',#3510,6.88362811783,0.15) ;
#3528=TOROIDAL_SURFACE('homeo Torus',#3527,2.83609643472,0.250013942292) ;
#3909=TOROIDAL_SURFACE('homeo Torus',#3908,6.77269228171,0.15) ;
#4002=TOROIDAL_SURFACE('homeo Torus',#4001,6.57269228171,0.15) ;
#4019=TOROIDAL_SURFACE('homeo Torus',#4018,6.57269228171,0.15) ;
#4110=TOROIDAL_SURFACE('homeo Torus',#4109,7.49226423446,0.15) ;
#4141=TOROIDAL_SURFACE('homeo Torus',#4140,7.49226423446,0.15) ;
#4817=TOROIDAL_SURFACE('homeo Torus',#4816,2.83609643472,0.250013942292) ;
#5012=TOROIDAL_SURFACE('homeo Torus',#5011,6.88362811783,0.15) ;
#5282=TOROIDAL_SURFACE('homeo Torus',#5281,5.02102819099,1.73225976141) ;
#6396=TOROIDAL_SURFACE('homeo Torus',#6395,3.22426250618,2.33285443145) ;
#9071=TOROIDAL_SURFACE('homeo Torus',#9070,6.95,0.4) ;
#9290=TOROIDAL_SURFACE('homeo Torus',#9289,5.260126962,1.59053197646) ;
#9457=TOROIDAL_SURFACE('homeo Torus',#9456,16.593906363,16.0263723904) ;
#3=DESIGN_CONTEXT(' ',#1,'design') ;
#66=EDGE_CURVE('',#63,#65,#56,.F.) ;
#73=EDGE_CURVE('',#65,#72,#70,.F.) ;
#80=EDGE_CURVE('',#79,#72,#77,.T.) ;
#85=EDGE_CURVE('',#63,#79,#84,.F.) ;
#106=EDGE_CURVE('',#103,#105,#101,.T.) ;
#111=EDGE_CURVE('',#105,#65,#110,.F.) ;
#116=EDGE_CURVE('',#103,#63,#115,.F.) ;
#139=EDGE_CURVE('',#136,#138,#129,.F.) ;
#147=EDGE_CURVE('',#138,#146,#140,.T.) ;
#156=EDGE_CURVE('',#155,#146,#148,.T.) ;
#163=EDGE_CURVE('',#162,#155,#160,.T.) ;
#170=EDGE_CURVE('',#169,#162,#167,.T.) ;
#187=EDGE_CURVE('',#72,#169,#171,.F.) ;
#194=EDGE_CURVE('',#65,#193,#191,.F.) ;
#199=EDGE_CURVE('',#136,#193,#198,.T.) ;
#223=EDGE_CURVE('',#222,#72,#220,.T.) ;
#273=EDGE_CURVE('',#79,#222,#224,.T.) ;
#293=EDGE_CURVE('',#290,#292,#288,.T.) ;
#298=EDGE_CURVE('',#292,#290,#297,.T.) ;
#311=EDGE_CURVE('',#308,#310,#306,.T.) ;
#318=EDGE_CURVE('',#308,#317,#315,.F.) ;
#325=EDGE_CURVE('',#317,#324,#322,.F.) ;
#332=EDGE_CURVE('',#331,#324,#329,.T.) ;
#339=EDGE_CURVE('',#338,#331,#336,.F.) ;
#349=EDGE_CURVE('',#338,#348,#340,.T.) ;
#359=EDGE_CURVE('',#348,#358,#350,.T.) ;
#366=EDGE_CURVE('',#365,#358,#363,.F.) ;
#371=EDGE_CURVE('',#103,#365,#370,.T.) ;
#378=EDGE_CURVE('',#377,#79,#375,.T.) ;
#385=EDGE_CURVE('',#384,#377,#382,.F.) ;
#395=EDGE_CURVE('',#384,#394,#386,.T.) ;
#405=EDGE_CURVE('',#394,#404,#396,.T.) ;
#410=EDGE_CURVE('',#310,#404,#409,.F.) ;
#441=EDGE_CURVE('',#440,#105,#438,.T.) ;
#464=EDGE_CURVE('',#440,#103,#442,.F.) ;
#486=EDGE_CURVE('',#483,#485,#476,.T.) ;
#491=EDGE_CURVE('',#193,#485,#490,.T.) ;
#510=EDGE_CURVE('',#509,#105,#492,.F.) ;
#517=EDGE_CURVE('',#516,#509,#514,.T.) ;
#524=EDGE_CURVE('',#523,#516,#521,.T.) ;
#533=EDGE_CURVE('',#532,#523,#525,.F.) ;
#539=EDGE_CURVE('',#532,#483,#534,.T.) ;
#567=EDGE_CURVE('',#564,#566,#557,.F.) ;
#576=EDGE_CURVE('',#575,#566,#568,.T.) ;
#584=EDGE_CURVE('',#575,#583,#577,.F.) ;
#593=EDGE_CURVE('',#592,#583,#585,.F.) ;
#600=EDGE_CURVE('',#599,#592,#597,.F.) ;
#609=EDGE_CURVE('',#599,#608,#601,.T.) ;
#615=EDGE_CURVE('',#169,#608,#610,.F.) ;
#620=EDGE_CURVE('',#564,#155,#619,.F.) ;
#645=EDGE_CURVE('',#644,#146,#642,.T.) ;
#665=EDGE_CURVE('',#644,#564,#646,.T.) ;
#684=EDGE_CURVE('',#138,#683,#681,.F.) ;
#690=EDGE_CURVE('',#683,#644,#685,.T.) ;
#709=EDGE_CURVE('',#136,#708,#706,.F.) ;
#732=EDGE_CURVE('',#683,#708,#710,.F.) ;
#751=EDGE_CURVE('',#485,#750,#748,.T.) ;
#758=EDGE_CURVE('',#750,#708,#752,.F.) ;
#778=EDGE_CURVE('',#483,#777,#775,.F.) ;
#801=EDGE_CURVE('',#750,#777,#779,.T.) ;
#859=EDGE_CURVE('',#222,#169,#846,.F.) ;
#877=EDGE_CURVE('',#222,#876,#874,.F.) ;
#887=EDGE_CURVE('',#876,#886,#878,.T.) ;
#901=EDGE_CURVE('',#886,#377,#888,.T.) ;
#921=EDGE_CURVE('',#290,#920,#918,.F.) ;
#928=EDGE_CURVE('',#920,#927,#925,.T.) ;
#933=EDGE_CURVE('',#292,#927,#932,.F.) ;
#950=EDGE_CURVE('',#927,#920,#949,.T.) ;
#978=EDGE_CURVE('',#310,#977,#963,.F.) ;
#986=EDGE_CURVE('',#977,#985,#979,.F.) ;
#996=EDGE_CURVE('',#985,#995,#987,.F.) ;
#1003=EDGE_CURVE('',#995,#1002,#1000,.F.) ;
#1008=EDGE_CURVE('',#1002,#308,#1007,.F.) ;
#1029=EDGE_CURVE('',#308,#1028,#1026,.T.) ;
#1036=EDGE_CURVE('',#1028,#1035,#1033,.F.) ;
#1043=EDGE_CURVE('',#317,#1035,#1037,.F.) ;
#1062=EDGE_CURVE('',#1035,#1061,#1059,.F.) ;
#1067=EDGE_CURVE('',#324,#1061,#1066,.T.) ;
#1083=EDGE_CURVE('',#1080,#1082,#1078,.T.) ;
#1093=EDGE_CURVE('',#1080,#1092,#1084,.T.) ;
#1101=EDGE_CURVE('',#1092,#1100,#1094,.T.) ;
#1115=EDGE_CURVE('',#1100,#331,#1102,.T.) ;
#1120=EDGE_CURVE('',#324,#1082,#1119,.T.) ;
#1141=EDGE_CURVE('',#1092,#1140,#1138,.T.) ;
#1149=EDGE_CURVE('',#1140,#1148,#1142,.T.) ;
#1157=EDGE_CURVE('',#1148,#1156,#1150,.T.) ;
#1171=EDGE_CURVE('',#365,#1156,#1158,.F.) ;
#1194=EDGE_CURVE('',#1156,#1193,#1185,.F.) ;
#1199=EDGE_CURVE('',#440,#1193,#1198,.T.) ;
#1220=EDGE_CURVE('',#1219,#985,#1213,.T.) ;
#1227=EDGE_CURVE('',#886,#1226,#1224,.F.) ;
#1233=EDGE_CURVE('',#1219,#1226,#1228,.T.) ;
#1294=EDGE_CURVE('',#509,#440,#1284,.F.) ;
#1312=EDGE_CURVE('',#1311,#532,#1309,.T.) ;
#1318=EDGE_CURVE('',#777,#1311,#1313,.T.) ;
#1337=EDGE_CURVE('',#1336,#523,#1334,.T.) ;
#1357=EDGE_CURVE('',#1336,#1311,#1338,.F.) ;
#1372=EDGE_CURVE('',#1371,#509,#1365,.F.) ;
#1381=EDGE_CURVE('',#1371,#1380,#1373,.F.) ;
#1388=EDGE_CURVE('',#1387,#1380,#1385,.F.) ;
#1397=EDGE_CURVE('',#1396,#1387,#1389,.T.) ;
#1405=EDGE_CURVE('',#1396,#1404,#1398,.F.) ;
#1414=EDGE_CURVE('',#1404,#1413,#1406,.T.) ;
#1421=EDGE_CURVE('',#1413,#1336,#1415,.F.) ;
#1447=EDGE_CURVE('',#592,#1446,#1440,.T.) ;
#1454=EDGE_CURVE('',#1446,#1453,#1451,.F.) ;
#1462=EDGE_CURVE('',#1453,#1461,#1455,.F.) ;
#1467=EDGE_CURVE('',#1461,#599,#1463,.T.) ;
#1502=EDGE_CURVE('',#1461,#1501,#1495,.T.) ;
#1513=EDGE_CURVE('',#1501,#608,#1503,.T.) ;
#1532=EDGE_CURVE('',#1531,#1453,#1529,.T.) ;
#1539=EDGE_CURVE('',#1538,#1446,#1536,.T.) ;
#1544=EDGE_CURVE('',#1538,#1531,#1543,.T.) ;
#1563=EDGE_CURVE('',#1562,#1453,#1560,.F.) ;
#1568=EDGE_CURVE('',#1562,#1531,#1567,.F.) ;
#1619=EDGE_CURVE('',#1562,#1501,#1612,.F.) ;
#1638=EDGE_CURVE('',#1501,#1637,#1635,.F.) ;
#1646=EDGE_CURVE('',#1637,#1645,#1639,.T.) ;
#1654=EDGE_CURVE('',#1653,#1645,#1647,.F.) ;
#1670=EDGE_CURVE('',#1669,#1653,#1655,.F.) ;
#1676=EDGE_CURVE('',#876,#1669,#1671,.F.) ;
#1706=EDGE_CURVE('',#1413,#1705,#1694,.T.) ;
#1713=EDGE_CURVE('',#1705,#1712,#1710,.F.) ;
#1720=EDGE_CURVE('',#566,#1712,#1714,.T.) ;
#1749=EDGE_CURVE('',#1748,#1705,#1741,.T.) ;
#1756=EDGE_CURVE('',#1748,#1755,#1753,.F.) ;
#1763=EDGE_CURVE('',#1755,#1712,#1757,.T.) ;
#1838=EDGE_CURVE('',#575,#1837,#1826,.T.) ;
#1845=EDGE_CURVE('',#1712,#1837,#1839,.F.) ;
#1905=EDGE_CURVE('',#1755,#1904,#1890,.F.) ;
#1912=EDGE_CURVE('',#1904,#1837,#1906,.F.) ;
#1931=EDGE_CURVE('',#1837,#1930,#1928,.F.) ;
#1937=EDGE_CURVE('',#583,#1930,#1932,.T.) ;
#1956=EDGE_CURVE('',#1904,#1955,#1953,.F.) ;
#1961=EDGE_CURVE('',#1955,#1930,#1960,.T.) ;
#2013=EDGE_CURVE('',#1930,#2012,#2006,.F.) ;
#2019=EDGE_CURVE('',#2012,#1446,#2014,.F.) ;
#2077=EDGE_CURVE('',#2076,#1538,#2065,.F.) ;
#2084=EDGE_CURVE('',#2076,#2012,#2078,.F.) ;
#2139=EDGE_CURVE('',#1955,#2076,#2129,.F.) ;
#2158=EDGE_CURVE('',#2157,#1669,#2155,.F.) ;
#2164=EDGE_CURVE('',#2157,#995,#2159,.F.) ;
#2187=EDGE_CURVE('',#2186,#920,#2184,.T.) ;
#2194=EDGE_CURVE('',#2193,#2186,#2191,.F.) ;
#2199=EDGE_CURVE('',#2193,#927,#2198,.T.) ;
#2216=EDGE_CURVE('',#2186,#2193,#2215,.F.) ;
#2232=EDGE_CURVE('',#2229,#2231,#2224,.F.) ;
#2239=EDGE_CURVE('',#2231,#2238,#2236,.F.) ;
#2256=EDGE_CURVE('',#2238,#1002,#2240,.F.) ;
#2272=EDGE_CURVE('',#2271,#2157,#2257,.F.) ;
#2280=EDGE_CURVE('',#2279,#2271,#2273,.F.) ;
#2288=EDGE_CURVE('',#2287,#2279,#2281,.T.) ;
#2293=EDGE_CURVE('',#2287,#2229,#2292,.F.) ;
#2336=EDGE_CURVE('',#2333,#2335,#2325,.F.) ;
#2343=EDGE_CURVE('',#2231,#2335,#2337,.F.) ;
#2349=EDGE_CURVE('',#2229,#2333,#2344,.F.) ;
#2366=EDGE_CURVE('',#1002,#1028,#2365,.T.) ;
#2388=EDGE_CURVE('',#2385,#2387,#2378,.T.) ;
#2395=EDGE_CURVE('',#2394,#2387,#2392,.T.) ;
#2400=EDGE_CURVE('',#1035,#2394,#2399,.F.) ;
#2417=EDGE_CURVE('',#2238,#1028,#2401,.F.) ;
#2424=EDGE_CURVE('',#2423,#2238,#2421,.T.) ;
#2431=EDGE_CURVE('',#2430,#2423,#2428,.T.) ;
#2440=EDGE_CURVE('',#2439,#2430,#2432,.F.) ;
#2446=EDGE_CURVE('',#2439,#2385,#2441,.T.) ;
#2474=EDGE_CURVE('',#2471,#2473,#2464,.F.) ;
#2482=EDGE_CURVE('',#2473,#2481,#2475,.T.) ;
#2491=EDGE_CURVE('',#2490,#2481,#2483,.T.) ;
#2498=EDGE_CURVE('',#2497,#2490,#2495,.T.) ;
#2505=EDGE_CURVE('',#2504,#2497,#2502,.T.) ;
#2522=EDGE_CURVE('',#1061,#2504,#2506,.F.) ;
#2527=EDGE_CURVE('',#2471,#2394,#2526,.T.) ;
#2549=EDGE_CURVE('',#1082,#1061,#2548,.T.) ;
#2569=EDGE_CURVE('',#2566,#2568,#2561,.F.) ;
#2576=EDGE_CURVE('',#2575,#2566,#2573,.T.) ;
#2584=EDGE_CURVE('',#2575,#2583,#2577,.T.) ;
#2592=EDGE_CURVE('',#2591,#2583,#2585,.F.) ;
#2608=EDGE_CURVE('',#2607,#2591,#2593,.F.) ;
#2614=EDGE_CURVE('',#1080,#2607,#2609,.F.) ;
#2631=EDGE_CURVE('',#1082,#2504,#2615,.F.) ;
#2636=EDGE_CURVE('',#2504,#2568,#2635,.F.) ;
#2676=EDGE_CURVE('',#2675,#2568,#2668,.T.) ;
#2686=EDGE_CURVE('',#2685,#2675,#2677,.F.) ;
#2692=EDGE_CURVE('',#2685,#2566,#2687,.T.) ;
#2711=EDGE_CURVE('',#2607,#2710,#2708,.F.) ;
#2717=EDGE_CURVE('',#2710,#1193,#2712,.F.) ;
#2735=EDGE_CURVE('',#2734,#1371,#2729,.T.) ;
#2751=EDGE_CURVE('',#2750,#2710,#2736,.F.) ;
#2759=EDGE_CURVE('',#2758,#2750,#2752,.F.) ;
#2767=EDGE_CURVE('',#2766,#2758,#2760,.T.) ;
#2772=EDGE_CURVE('',#2734,#2766,#2771,.T.) ;
#2811=EDGE_CURVE('',#2734,#2810,#2804,.T.) ;
#2822=EDGE_CURVE('',#2810,#1380,#2812,.T.) ;
#2843=EDGE_CURVE('',#2840,#2842,#2838,.F.) ;
#2851=EDGE_CURVE('',#2842,#1404,#2844,.T.) ;
#2857=EDGE_CURVE('',#1396,#2840,#2852,.T.) ;
#2878=EDGE_CURVE('',#2875,#2877,#2873,.F.) ;
#2883=EDGE_CURVE('',#2877,#2842,#2882,.T.) ;
#2888=EDGE_CURVE('',#2875,#2840,#2887,.T.) ;
#2957=EDGE_CURVE('',#2842,#1705,#2951,.F.) ;
#3015=EDGE_CURVE('',#2877,#1748,#3002,.F.) ;
#3036=EDGE_CURVE('',#3033,#3035,#3031,.F.) ;
#3042=EDGE_CURVE('',#1387,#3035,#3037,.T.) ;
#3048=EDGE_CURVE('',#3033,#2810,#3043,.T.) ;
#3068=EDGE_CURVE('',#3067,#3033,#3065,.T.) ;
#3075=EDGE_CURVE('',#3067,#3074,#3072,.T.) ;
#3080=EDGE_CURVE('',#3074,#3035,#3079,.T.) ;
#3099=EDGE_CURVE('',#3033,#3098,#3096,.T.) ;
#3104=EDGE_CURVE('',#3067,#3098,#3103,.T.) ;
#3155=EDGE_CURVE('',#3098,#2734,#3148,.T.) ;
#3207=EDGE_CURVE('',#3035,#3206,#3200,.F.) ;
#3213=EDGE_CURVE('',#3206,#2840,#3208,.F.) ;
#3274=EDGE_CURVE('',#3273,#2875,#3259,.F.) ;
#3281=EDGE_CURVE('',#3273,#3206,#3275,.F.) ;
#3336=EDGE_CURVE('',#3074,#3273,#3326,.F.) ;
#3357=EDGE_CURVE('',#2076,#3356,#3349,.F.) ;
#3365=EDGE_CURVE('',#3364,#3356,#3358,.T.) ;
#3372=EDGE_CURVE('',#3371,#3364,#3369,.F.) ;
#3379=EDGE_CURVE('',#3371,#1531,#3373,.T.) ;
#3400=EDGE_CURVE('',#3399,#3371,#3397,.T.) ;
#3407=EDGE_CURVE('',#3364,#3406,#3404,.F.) ;
#3412=EDGE_CURVE('',#3399,#3406,#3411,.F.) ;
#3431=EDGE_CURVE('',#3430,#3371,#3428,.F.) ;
#3436=EDGE_CURVE('',#3430,#3399,#3435,.F.) ;
#3488=EDGE_CURVE('',#3356,#3487,#3480,.F.) ;
#3499=EDGE_CURVE('',#3406,#3487,#3489,.T.) ;
#3516=EDGE_CURVE('',#3430,#1562,#3515,.T.) ;
#3533=EDGE_CURVE('',#2271,#1653,#3532,.T.) ;
#3554=EDGE_CURVE('',#3553,#1645,#3546,.T.) ;
#3560=EDGE_CURVE('',#3553,#2279,#3555,.T.) ;
#3580=EDGE_CURVE('',#3579,#3553,#3577,.T.) ;
#3621=EDGE_CURVE('',#3579,#1637,#3581,.T.) ;
#3642=EDGE_CURVE('',#3641,#3273,#3634,.F.) ;
#3650=EDGE_CURVE('',#3649,#3641,#3643,.T.) ;
#3658=EDGE_CURVE('',#3657,#3649,#3651,.F.) ;
#3667=EDGE_CURVE('',#3666,#3657,#3659,.F.) ;
#3677=EDGE_CURVE('',#3676,#3666,#3668,.F.) ;
#3686=EDGE_CURVE('',#3685,#3676,#3678,.F.) ;
#3694=EDGE_CURVE('',#3693,#3685,#3687,.F.) ;
#3700=EDGE_CURVE('',#3356,#3693,#3695,.T.) ;
#3739=EDGE_CURVE('',#3736,#3738,#3719,.T.) ;
#3756=EDGE_CURVE('',#3738,#3736,#3740,.T.) ;
#3807=EDGE_CURVE('',#3693,#3806,#3799,.F.) ;
#3818=EDGE_CURVE('',#3487,#3806,#3808,.T.) ;
#3871=EDGE_CURVE('',#3657,#3870,#3863,.F.) ;
#3890=EDGE_CURVE('',#3889,#3870,#3872,.F.) ;
#3897=EDGE_CURVE('',#3666,#3889,#3891,.T.) ;
#3916=EDGE_CURVE('',#3915,#3889,#3913,.F.) ;
#3923=EDGE_CURVE('',#3676,#3915,#3917,.T.) ;
#3983=EDGE_CURVE('',#3982,#3915,#3968,.F.) ;
#3990=EDGE_CURVE('',#3685,#3982,#3984,.F.) ;
#4007=EDGE_CURVE('',#3806,#3982,#4006,.F.) ;
#4026=EDGE_CURVE('',#3649,#4025,#4023,.T.) ;
#4031=EDGE_CURVE('',#3870,#4025,#4030,.F.) ;
#4084=EDGE_CURVE('',#3641,#4083,#4076,.F.) ;
#4098=EDGE_CURVE('',#4025,#4083,#4085,.T.) ;
#4117=EDGE_CURVE('',#4116,#2193,#4114,.T.) ;
#4124=EDGE_CURVE('',#4123,#2186,#4121,.T.) ;
#4129=EDGE_CURVE('',#4116,#4123,#4128,.F.) ;
#4146=EDGE_CURVE('',#4123,#4116,#4145,.F.) ;
#4203=EDGE_CURVE('',#2335,#4202,#4200,.F.) ;
#4212=EDGE_CURVE('',#4211,#4202,#4204,.T.) ;
#4220=EDGE_CURVE('',#4211,#4219,#4213,.F.) ;
#4229=EDGE_CURVE('',#4219,#4228,#4221,.T.) ;
#4238=EDGE_CURVE('',#4228,#4237,#4230,.F.) ;
#4243=EDGE_CURVE('',#4237,#2430,#4242,.T.) ;
#4283=EDGE_CURVE('',#4237,#4282,#4262,.F.) ;
#4288=EDGE_CURVE('',#4282,#2439,#4287,.T.) ;
#4306=EDGE_CURVE('',#2333,#3399,#4301,.T.) ;
#4312=EDGE_CURVE('',#4202,#3406,#4307,.F.) ;
#4368=EDGE_CURVE('',#2229,#3430,#4358,.T.) ;
#4381=EDGE_CURVE('',#3579,#2287,#4376,.T.) ;
#4399=EDGE_CURVE('',#4396,#4398,#4389,.F.) ;
#4404=EDGE_CURVE('',#4398,#2471,#4403,.T.) ;
#4409=EDGE_CURVE('',#4396,#2387,#4408,.T.) ;
#4429=EDGE_CURVE('',#4428,#2385,#4426,.F.) ;
#4452=EDGE_CURVE('',#4396,#4428,#4430,.T.) ;
#4489=EDGE_CURVE('',#4488,#4398,#4465,.F.) ;
#4494=EDGE_CURVE('',#4488,#2473,#4493,.F.) ;
#4507=EDGE_CURVE('',#4282,#4428,#4502,.T.) ;
#4525=EDGE_CURVE('',#4522,#4524,#4515,.F.) ;
#4534=EDGE_CURVE('',#4533,#4524,#4526,.T.) ;
#4542=EDGE_CURVE('',#4533,#4541,#4535,.F.) ;
#4551=EDGE_CURVE('',#4550,#4541,#4543,.F.) ;
#4556=EDGE_CURVE('',#4550,#2675,#4555,.F.) ;
#4561=EDGE_CURVE('',#2490,#4522,#4560,.F.) ;
#4601=EDGE_CURVE('',#4600,#4522,#4580,.T.) ;
#4606=EDGE_CURVE('',#2481,#4600,#4605,.T.) ;
#4619=EDGE_CURVE('',#4600,#4488,#4614,.T.) ;
#4682=EDGE_CURVE('',#2685,#4681,#4675,.F.) ;
#4690=EDGE_CURVE('',#4689,#4550,#4683,.F.) ;
#4695=EDGE_CURVE('',#4689,#4681,#4694,.T.) ;
#4715=EDGE_CURVE('',#4681,#4714,#4712,.T.) ;
#4722=EDGE_CURVE('',#4721,#4689,#4719,.F.) ;
#4727=EDGE_CURVE('',#4721,#4714,#4726,.F.) ;
#4746=EDGE_CURVE('',#4714,#4745,#4743,.T.) ;
#4751=EDGE_CURVE('',#4681,#4745,#4750,.T.) ;
#4805=EDGE_CURVE('',#2566,#4745,#4795,.F.) ;
#4822=EDGE_CURVE('',#2591,#2750,#4821,.T.) ;
#4842=EDGE_CURVE('',#4841,#2583,#4835,.T.) ;
#4849=EDGE_CURVE('',#4841,#2758,#4843,.T.) ;
#4869=EDGE_CURVE('',#4868,#4841,#4866,.F.) ;
#4875=EDGE_CURVE('',#4868,#2575,#4870,.T.) ;
#4923=EDGE_CURVE('',#4868,#2766,#4883,.T.) ;
#4936=EDGE_CURVE('',#3641,#4721,#4931,.T.) ;
#4943=EDGE_CURVE('',#4714,#3067,#4937,.F.) ;
#5000=EDGE_CURVE('',#4083,#4689,#4990,.T.) ;
#5017=EDGE_CURVE('',#4745,#3098,#5016,.F.) ;
#5069=EDGE_CURVE('',#4211,#3806,#5062,.F.) ;
#5143=EDGE_CURVE('',#4533,#3870,#5133,.T.) ;
#5151=EDGE_CURVE('',#4524,#3889,#5144,.T.) ;
#5169=EDGE_CURVE('',#4228,#3915,#5159,.T.) ;
#5250=EDGE_CURVE('',#3982,#4219,#5240,.T.) ;
#5270=EDGE_CURVE('',#4025,#4541,#5265,.F.) ;
#5291=EDGE_CURVE('',#5288,#5290,#5286,.T.) ;
#5299=EDGE_CURVE('',#5288,#5298,#5292,.T.) ;
#5309=EDGE_CURVE('',#5308,#5298,#5300,.T.) ;
#5317=EDGE_CURVE('',#5316,#5308,#5310,.T.) ;
#5324=EDGE_CURVE('',#5323,#5316,#5321,.T.) ;
#5329=EDGE_CURVE('',#3736,#5323,#5328,.T.) ;
#5336=EDGE_CURVE('',#3738,#5335,#5333,.T.) ;
#5343=EDGE_CURVE('',#5342,#5335,#5340,.T.) ;
#5351=EDGE_CURVE('',#5342,#5350,#5344,.T.) ;
#5361=EDGE_CURVE('',#5360,#5350,#5352,.T.) ;
#5367=EDGE_CURVE('',#5290,#5360,#5362,.T.) ;
#5391=EDGE_CURVE('',#5388,#5390,#5386,.T.) ;
#5399=EDGE_CURVE('',#5388,#5398,#5392,.T.) ;
#5409=EDGE_CURVE('',#5408,#5398,#5400,.T.) ;
#5417=EDGE_CURVE('',#5416,#5408,#5410,.T.) ;
#5422=EDGE_CURVE('',#5335,#5416,#5421,.T.) ;
#5429=EDGE_CURVE('',#5428,#5323,#5426,.T.) ;
#5437=EDGE_CURVE('',#5428,#5436,#5430,.T.) ;
#5447=EDGE_CURVE('',#5446,#5436,#5438,.T.) ;
#5453=EDGE_CURVE('',#5390,#5446,#5448,.T.) ;
#5486=EDGE_CURVE('',#5483,#5485,#5481,.F.) ;
#5491=EDGE_CURVE('',#5485,#5483,#5490,.F.) ;
#5554=EDGE_CURVE('',#5553,#5290,#5547,.T.) ;
#5561=EDGE_CURVE('',#5560,#5553,#5558,.T.) ;
#5567=EDGE_CURVE('',#5560,#5288,#5562,.T.) ;
#5613=EDGE_CURVE('',#5560,#5612,#5606,.T.) ;
#5623=EDGE_CURVE('',#5612,#5622,#5614,.F.) ;
#5631=EDGE_CURVE('',#5622,#5630,#5624,.T.) ;
#5639=EDGE_CURVE('',#5298,#5630,#5632,.F.) ;
#5660=EDGE_CURVE('',#5630,#5659,#5657,.F.) ;
#5666=EDGE_CURVE('',#5308,#5659,#5661,.T.) ;
#5712=EDGE_CURVE('',#5659,#5711,#5705,.T.) ;
#5722=EDGE_CURVE('',#5721,#5711,#5713,.T.) ;
#5730=EDGE_CURVE('',#5729,#5721,#5723,.T.) ;
#5736=EDGE_CURVE('',#5729,#5316,#5731,.T.) ;
#5752=EDGE_CURVE('',#5751,#5729,#5749,.T.) ;
#5757=EDGE_CURVE('',#5323,#5751,#5756,.F.) ;
#5772=EDGE_CURVE('',#5771,#5342,#5765,.T.) ;
#5779=EDGE_CURVE('',#5335,#5778,#5776,.F.) ;
#5784=EDGE_CURVE('',#5771,#5778,#5783,.T.) ;
#5830=EDGE_CURVE('',#5771,#5829,#5823,.T.) ;
#5840=EDGE_CURVE('',#5829,#5839,#5831,.F.) ;
#5848=EDGE_CURVE('',#5839,#5847,#5841,.T.) ;
#5856=EDGE_CURVE('',#5350,#5847,#5849,.F.) ;
#5877=EDGE_CURVE('',#5847,#5876,#5874,.F.) ;
#5883=EDGE_CURVE('',#5360,#5876,#5878,.F.) ;
#5929=EDGE_CURVE('',#5553,#5928,#5922,.T.) ;
#5937=EDGE_CURVE('',#5876,#5936,#5930,.T.) ;
#5945=EDGE_CURVE('',#5928,#5936,#5938,.F.) ;
#5962=EDGE_CURVE('',#5961,#5390,#5955,.T.) ;
#5969=EDGE_CURVE('',#5968,#5961,#5966,.T.) ;
#5975=EDGE_CURVE('',#5968,#5388,#5970,.T.) ;
#6021=EDGE_CURVE('',#5968,#6020,#6014,.T.) ;
#6031=EDGE_CURVE('',#6030,#6020,#6022,.F.) ;
#6039=EDGE_CURVE('',#6038,#6030,#6032,.T.) ;
#6047=EDGE_CURVE('',#6038,#5398,#6040,.F.) ;
#6068=EDGE_CURVE('',#6038,#6067,#6065,.F.) ;
#6074=EDGE_CURVE('',#5408,#6067,#6069,.F.) ;
#6120=EDGE_CURVE('',#6119,#5416,#6113,.T.) ;
#6128=EDGE_CURVE('',#6067,#6127,#6121,.T.) ;
#6138=EDGE_CURVE('',#6137,#6127,#6129,.F.) ;
#6144=EDGE_CURVE('',#6119,#6137,#6139,.T.) ;
#6158=EDGE_CURVE('',#5778,#6119,#6157,.T.) ;
#6173=EDGE_CURVE('',#6172,#5428,#6166,.T.) ;
#6178=EDGE_CURVE('',#6172,#5751,#6177,.T.) ;
#6228=EDGE_CURVE('',#6225,#6227,#6217,.T.) ;
#6236=EDGE_CURVE('',#6227,#6235,#6229,.T.) ;
#6244=EDGE_CURVE('',#5436,#6235,#6237,.T.) ;
#6250=EDGE_CURVE('',#6172,#6225,#6245,.T.) ;
#6271=EDGE_CURVE('',#6235,#6270,#6268,.F.) ;
#6277=EDGE_CURVE('',#6270,#5446,#6272,.F.) ;
#6323=EDGE_CURVE('',#5961,#6322,#6316,.T.) ;
#6331=EDGE_CURVE('',#6330,#6270,#6324,.T.) ;
#6339=EDGE_CURVE('',#6330,#6322,#6332,.F.) ;
#6360=EDGE_CURVE('',#5483,#6359,#6357,.F.) ;
#6367=EDGE_CURVE('',#6359,#6366,#6364,.F.) ;
#6372=EDGE_CURVE('',#5485,#6366,#6371,.F.) ;
#6384=EDGE_CURVE('',#6366,#6359,#6383,.F.) ;
#6404=EDGE_CURVE('',#5612,#5928,#6397,.T.) ;
#6425=EDGE_CURVE('',#6127,#5839,#6424,.T.) ;
#6430=EDGE_CURVE('',#6330,#6030,#6429,.T.) ;
#6435=EDGE_CURVE('',#6227,#5711,#6434,.T.) ;
#6440=EDGE_CURVE('',#5936,#5622,#6439,.T.) ;
#6467=EDGE_CURVE('',#6464,#6466,#6462,.T.) ;
#6472=EDGE_CURVE('',#6464,#6466,#6471,.T.) ;
#6485=EDGE_CURVE('',#6482,#6484,#6480,.T.) ;
#6490=EDGE_CURVE('',#6484,#6482,#6489,.T.) ;
#6521=EDGE_CURVE('',#6520,#6225,#6513,.T.) ;
#6528=EDGE_CURVE('',#5721,#6520,#6522,.T.) ;
#6541=EDGE_CURVE('',#6520,#5751,#6540,.T.) ;
#6555=EDGE_CURVE('',#6554,#5778,#6552,.T.) ;
#6562=EDGE_CURVE('',#5829,#6554,#6556,.T.) ;
#6581=EDGE_CURVE('',#6554,#6137,#6575,.T.) ;
#6597=EDGE_CURVE('',#6020,#6322,#6590,.T.) ;
#6641=EDGE_CURVE('',#6640,#6464,#6636,.T.) ;
#6647=EDGE_CURVE('',#6646,#6640,#6642,.T.) ;
#6654=EDGE_CURVE('',#6653,#6646,#6651,.F.) ;
#6660=EDGE_CURVE('',#6659,#6653,#6655,.T.) ;
#6664=EDGE_CURVE('',#6466,#6659,#6661,.T.) ;
#6683=EDGE_CURVE('',#6646,#6653,#6682,.F.) ;
#6703=EDGE_CURVE('',#6702,#6484,#6698,.T.) ;
#6709=EDGE_CURVE('',#6708,#6702,#6704,.T.) ;
#6716=EDGE_CURVE('',#6708,#6715,#6713,.F.) ;
#6722=EDGE_CURVE('',#6721,#6715,#6717,.T.) ;
#6726=EDGE_CURVE('',#6482,#6721,#6723,.T.) ;
#6745=EDGE_CURVE('',#6715,#6708,#6744,.F.) ;
#6767=EDGE_CURVE('',#6646,#6766,#6760,.F.) ;
#6774=EDGE_CURVE('',#6773,#6766,#6771,.T.) ;
#6780=EDGE_CURVE('',#6773,#6653,#6775,.T.) ;
#6797=EDGE_CURVE('',#6766,#6773,#6796,.F.) ;
#6817=EDGE_CURVE('',#6816,#6708,#6810,.T.) ;
#6824=EDGE_CURVE('',#6816,#6823,#6821,.T.) ;
#6830=EDGE_CURVE('',#6715,#6823,#6825,.F.) ;
#6847=EDGE_CURVE('',#6823,#6816,#6846,.F.) ;
#6917=EDGE_CURVE('',#6914,#6916,#6912,.T.) ;
#6924=EDGE_CURVE('',#6914,#6923,#6921,.T.) ;
#6931=EDGE_CURVE('',#6923,#6930,#6928,.T.) ;
#6936=EDGE_CURVE('',#6916,#6930,#6935,.T.) ;
#6948=EDGE_CURVE('',#6923,#6914,#6947,.T.) ;
#6953=EDGE_CURVE('',#6930,#6916,#6952,.T.) ;
#6974=EDGE_CURVE('',#6971,#6973,#6969,.F.) ;
#6981=EDGE_CURVE('',#6980,#6971,#6978,.T.) ;
#6988=EDGE_CURVE('',#6980,#6987,#6985,.F.) ;
#6993=EDGE_CURVE('',#6987,#6973,#6992,.T.) ;
#7014=EDGE_CURVE('',#7011,#7013,#7009,.T.) ;
#7019=EDGE_CURVE('',#6980,#7011,#7018,.T.) ;
#7024=EDGE_CURVE('',#7013,#6971,#7023,.F.) ;
#7043=EDGE_CURVE('',#7042,#6987,#7040,.T.) ;
#7050=EDGE_CURVE('',#7042,#7049,#7047,.T.) ;
#7055=EDGE_CURVE('',#6973,#7049,#7054,.F.) ;
#7074=EDGE_CURVE('',#7073,#7013,#7071,.T.) ;
#7081=EDGE_CURVE('',#7080,#7073,#7078,.F.) ;
#7086=EDGE_CURVE('',#7080,#7011,#7085,.T.) ;
#7107=EDGE_CURVE('',#7104,#7106,#7102,.F.) ;
#7112=EDGE_CURVE('',#7080,#7104,#7111,.F.) ;
#7117=EDGE_CURVE('',#7106,#7073,#7116,.T.) ;
#7138=EDGE_CURVE('',#7135,#7137,#7133,.F.) ;
#7143=EDGE_CURVE('',#7135,#7104,#7142,.T.) ;
#7148=EDGE_CURVE('',#7137,#7106,#7147,.T.) ;
#7169=EDGE_CURVE('',#7166,#7168,#7164,.F.) ;
#7174=EDGE_CURVE('',#7135,#7166,#7173,.F.) ;
#7179=EDGE_CURVE('',#7168,#7137,#7178,.T.) ;
#7196=EDGE_CURVE('',#7042,#7166,#7195,.T.) ;
#7201=EDGE_CURVE('',#7049,#7168,#7200,.T.) ;
#7264=EDGE_CURVE('',#7261,#7263,#7259,.F.) ;
#7271=EDGE_CURVE('',#7261,#7270,#7268,.T.) ;
#7278=EDGE_CURVE('',#7277,#7270,#7275,.T.) ;
#7283=EDGE_CURVE('',#7263,#7277,#7282,.T.) ;
#7297=EDGE_CURVE('',#7270,#7296,#7294,.T.) ;
#7304=EDGE_CURVE('',#7303,#7261,#7301,.F.) ;
#7309=EDGE_CURVE('',#7303,#7296,#7308,.T.) ;
#7323=EDGE_CURVE('',#7322,#7303,#7320,.F.) ;
#7330=EDGE_CURVE('',#7322,#7329,#7327,.T.) ;
#7335=EDGE_CURVE('',#7296,#7329,#7334,.T.) ;
#7347=EDGE_CURVE('',#7329,#7277,#7346,.T.) ;
#7352=EDGE_CURVE('',#7263,#7322,#7351,.F.) ;
#7371=EDGE_CURVE('',#7370,#7263,#7368,.T.) ;
#7378=EDGE_CURVE('',#7377,#7370,#7375,.T.) ;
#7383=EDGE_CURVE('',#7377,#7261,#7382,.T.) ;
#7397=EDGE_CURVE('',#7396,#7303,#7394,.T.) ;
#7402=EDGE_CURVE('',#7396,#7377,#7401,.T.) ;
#7416=EDGE_CURVE('',#7415,#7396,#7413,.T.) ;
#7421=EDGE_CURVE('',#7415,#7322,#7420,.T.) ;
#7433=EDGE_CURVE('',#7370,#7415,#7432,.T.) ;
#7452=EDGE_CURVE('',#7451,#7370,#7449,.T.) ;
#7459=EDGE_CURVE('',#7451,#7458,#7456,.F.) ;
#7464=EDGE_CURVE('',#7458,#7377,#7463,.T.) ;
#7478=EDGE_CURVE('',#7477,#7396,#7475,.T.) ;
#7483=EDGE_CURVE('',#7458,#7477,#7482,.F.) ;
#7519=EDGE_CURVE('',#7516,#7518,#7496,.T.) ;
#7527=EDGE_CURVE('',#7518,#7526,#7520,.T.) ;
#7534=EDGE_CURVE('',#7526,#7533,#7531,.T.) ;
#7553=EDGE_CURVE('',#7552,#7533,#7535,.T.) ;
#7561=EDGE_CURVE('',#7560,#7552,#7554,.T.) ;
#7566=EDGE_CURVE('',#7516,#7560,#7565,.T.) ;
#7584=EDGE_CURVE('',#7581,#7583,#7579,.T.) ;
#7591=EDGE_CURVE('',#7583,#7590,#7588,.T.) ;
#7598=EDGE_CURVE('',#7597,#7590,#7595,.T.) ;
#7620=EDGE_CURVE('',#7597,#7619,#7599,.T.) ;
#7626=EDGE_CURVE('',#7619,#7581,#7621,.T.) ;
#7643=EDGE_CURVE('',#7640,#7642,#7638,.T.) ;
#7651=EDGE_CURVE('',#7640,#7650,#7644,.T.) ;
#7670=EDGE_CURVE('',#7650,#7669,#7652,.T.) ;
#7677=EDGE_CURVE('',#7669,#7676,#7674,.T.) ;
#7685=EDGE_CURVE('',#7684,#7676,#7678,.T.) ;
#7705=EDGE_CURVE('',#7642,#7684,#7686,.T.) ;
#7721=EDGE_CURVE('',#7590,#7720,#7718,.T.) ;
#7728=EDGE_CURVE('',#7583,#7727,#7725,.T.) ;
#7736=EDGE_CURVE('',#7735,#7727,#7729,.T.) ;
#7756=EDGE_CURVE('',#7720,#7735,#7737,.T.) ;
#7771=EDGE_CURVE('',#7477,#7770,#7768,.F.) ;
#7776=EDGE_CURVE('',#7770,#7415,#7775,.T.) ;
#7788=EDGE_CURVE('',#7770,#7451,#7787,.F.) ;
#7809=EDGE_CURVE('',#7806,#7808,#7804,.T.) ;
#7816=EDGE_CURVE('',#7808,#7815,#7813,.T.) ;
#7823=EDGE_CURVE('',#7822,#7815,#7820,.T.) ;
#7828=EDGE_CURVE('',#7822,#7806,#7827,.F.) ;
#7842=EDGE_CURVE('',#7806,#7841,#7839,.F.) ;
#7849=EDGE_CURVE('',#7841,#7848,#7846,.T.) ;
#7854=EDGE_CURVE('',#7848,#7808,#7853,.T.) ;
#7869=EDGE_CURVE('',#7866,#7868,#7862,.T.) ;
#7874=EDGE_CURVE('',#7868,#7848,#7873,.T.) ;
#7879=EDGE_CURVE('',#7841,#7866,#7878,.F.) ;
#7891=EDGE_CURVE('',#7866,#7822,#7890,.F.) ;
#7896=EDGE_CURVE('',#7815,#7868,#7895,.T.) ;
#7927=EDGE_CURVE('',#7552,#7926,#7924,.T.) ;
#7934=EDGE_CURVE('',#7926,#7933,#7931,.T.) ;
#7941=EDGE_CURVE('',#7940,#7933,#7938,.T.) ;
#7946=EDGE_CURVE('',#7560,#7940,#7945,.T.) ;
#7968=EDGE_CURVE('',#7965,#7967,#7963,.T.) ;
#7973=EDGE_CURVE('',#7926,#7967,#7972,.T.) ;
#7979=EDGE_CURVE('',#7533,#7965,#7974,.T.) ;
#8001=EDGE_CURVE('',#7998,#8000,#7996,.T.) ;
#8006=EDGE_CURVE('',#7933,#7998,#8005,.T.) ;
#8013=EDGE_CURVE('',#8012,#7967,#8010,.T.) ;
#8020=EDGE_CURVE('',#8012,#8019,#8017,.T.) ;
#8027=EDGE_CURVE('',#8019,#8026,#8024,.T.) ;
#8034=EDGE_CURVE('',#8033,#8026,#8031,.T.) ;
#8041=EDGE_CURVE('',#8033,#8040,#8038,.T.) ;
#8046=EDGE_CURVE('',#8000,#8040,#8045,.T.) ;
#8069=EDGE_CURVE('',#7940,#7998,#8068,.T.) ;
#8082=EDGE_CURVE('',#8081,#7940,#8079,.T.) ;
#8087=EDGE_CURVE('',#8081,#7516,#8086,.F.) ;
#8106=EDGE_CURVE('',#8105,#8012,#8103,.T.) ;
#8113=EDGE_CURVE('',#8112,#7965,#8110,.T.) ;
#8118=EDGE_CURVE('',#8105,#8112,#8117,.T.) ;
#8140=EDGE_CURVE('',#8137,#8139,#8135,.T.) ;
#8147=EDGE_CURVE('',#8139,#8146,#8144,.T.) ;
#8154=EDGE_CURVE('',#8146,#8153,#8151,.T.) ;
#8159=EDGE_CURVE('',#8153,#8081,#8158,.T.) ;
#8166=EDGE_CURVE('',#8165,#8000,#8163,.T.) ;
#8174=EDGE_CURVE('',#8165,#8173,#8167,.T.) ;
#8183=EDGE_CURVE('',#8173,#8182,#8175,.T.) ;
#8190=EDGE_CURVE('',#8189,#8182,#8187,.T.) ;
#8199=EDGE_CURVE('',#8198,#8189,#8191,.T.) ;
#8207=EDGE_CURVE('',#8198,#8206,#8200,.T.) ;
#8217=EDGE_CURVE('',#8216,#8206,#8208,.T.) ;
#8227=EDGE_CURVE('',#8226,#8216,#8218,.T.) ;
#8235=EDGE_CURVE('',#8226,#8234,#8228,.T.) ;
#8244=EDGE_CURVE('',#8234,#8243,#8236,.T.) ;
#8251=EDGE_CURVE('',#8250,#8243,#8248,.T.) ;
#8260=EDGE_CURVE('',#8259,#8250,#8252,.T.) ;
#8268=EDGE_CURVE('',#8259,#8267,#8261,.T.) ;
#8273=EDGE_CURVE('',#8040,#8267,#8272,.T.) ;
#8280=EDGE_CURVE('',#8033,#8279,#8277,.T.) ;
#8287=EDGE_CURVE('',#8279,#8286,#8284,.T.) ;
#8294=EDGE_CURVE('',#8286,#8293,#8291,.T.) ;
#8301=EDGE_CURVE('',#8293,#8300,#8298,.T.) ;
#8308=EDGE_CURVE('',#8300,#8307,#8305,.T.) ;
#8313=EDGE_CURVE('',#8307,#8137,#8312,.T.) ;
#8354=EDGE_CURVE('',#7650,#8019,#8353,.T.) ;
#8360=EDGE_CURVE('',#7669,#8105,#8355,.T.) ;
#8378=EDGE_CURVE('',#7640,#8279,#8377,.T.) ;
#8383=EDGE_CURVE('',#8279,#8026,#8382,.T.) ;
#8409=EDGE_CURVE('',#8408,#8206,#8406,.T.) ;
#8416=EDGE_CURVE('',#8415,#8408,#8413,.F.) ;
#8423=EDGE_CURVE('',#8422,#8415,#8420,.F.) ;
#8430=EDGE_CURVE('',#8429,#8422,#8427,.F.) ;
#8435=EDGE_CURVE('',#8429,#8165,#8434,.T.) ;
#8442=EDGE_CURVE('',#8267,#8441,#8439,.T.) ;
#8449=EDGE_CURVE('',#8448,#8441,#8446,.F.) ;
#8456=EDGE_CURVE('',#8455,#8448,#8453,.F.) ;
#8463=EDGE_CURVE('',#8462,#8455,#8460,.F.) ;
#8468=EDGE_CURVE('',#8226,#8462,#8467,.T.) ;
#8494=EDGE_CURVE('',#8491,#8493,#8489,.T.) ;
#8501=EDGE_CURVE('',#8500,#8491,#8498,.T.) ;
#8508=EDGE_CURVE('',#8507,#8500,#8505,.T.) ;
#8513=EDGE_CURVE('',#8493,#8507,#8512,.T.) ;
#8534=EDGE_CURVE('',#8533,#8081,#8526,.F.) ;
#8539=EDGE_CURVE('',#8533,#7518,#8538,.F.) ;
#8551=EDGE_CURVE('',#7597,#8307,#8550,.F.) ;
#8556=EDGE_CURVE('',#8139,#7720,#8555,.F.) ;
#8574=EDGE_CURVE('',#8139,#8573,#8566,.T.) ;
#8582=EDGE_CURVE('',#8581,#8573,#8575,.T.) ;
#8589=EDGE_CURVE('',#8581,#8588,#8586,.T.) ;
#8596=EDGE_CURVE('',#8588,#8595,#8593,.T.) ;
#8602=EDGE_CURVE('',#8595,#8533,#8597,.T.) ;
#8626=EDGE_CURVE('',#8173,#8625,#8623,.F.) ;
#8634=EDGE_CURVE('',#8429,#8625,#8627,.F.) ;
#8653=EDGE_CURVE('',#8182,#8652,#8650,.F.) ;
#8660=EDGE_CURVE('',#8652,#8625,#8654,.T.) ;
#8679=EDGE_CURVE('',#8652,#8678,#8676,.F.) ;
#8684=EDGE_CURVE('',#8189,#8678,#8683,.F.) ;
#8703=EDGE_CURVE('',#8198,#8702,#8700,.F.) ;
#8710=EDGE_CURVE('',#8702,#8678,#8704,.F.) ;
#8730=EDGE_CURVE('',#8702,#8408,#8723,.F.) ;
#8747=EDGE_CURVE('',#8462,#8746,#8738,.F.) ;
#8752=EDGE_CURVE('',#8746,#8234,#8751,.F.) ;
#8768=EDGE_CURVE('',#8767,#8746,#8760,.T.) ;
#8773=EDGE_CURVE('',#8767,#8243,#8772,.F.) ;
#8787=EDGE_CURVE('',#8767,#8786,#8784,.F.) ;
#8792=EDGE_CURVE('',#8786,#8250,#8791,.F.) ;
#8808=EDGE_CURVE('',#8807,#8786,#8800,.F.) ;
#8813=EDGE_CURVE('',#8807,#8259,#8812,.F.) ;
#8828=EDGE_CURVE('',#8807,#8441,#8821,.F.) ;
#8840=EDGE_CURVE('',#7642,#8286,#8839,.F.) ;
#8857=EDGE_CURVE('',#8854,#8856,#8848,.T.) ;
#8864=EDGE_CURVE('',#8856,#8863,#8861,.T.) ;
#8872=EDGE_CURVE('',#8871,#8863,#8865,.T.) ;
#8879=EDGE_CURVE('',#8871,#8307,#8873,.F.) ;
#8886=EDGE_CURVE('',#8286,#8854,#8880,.T.) ;
#8936=EDGE_CURVE('',#8493,#8935,#8933,.F.) ;
#8943=EDGE_CURVE('',#8942,#8935,#8940,.T.) ;
#8948=EDGE_CURVE('',#8500,#8942,#8947,.F.) ;
#8961=EDGE_CURVE('',#8935,#8942,#8960,.T.) ;
#8990=EDGE_CURVE('',#8595,#8989,#8975,.T.) ;
#8995=EDGE_CURVE('',#7526,#8989,#8994,.T.) ;
#9013=EDGE_CURVE('',#8573,#7735,#9012,.F.) ;
#9025=EDGE_CURVE('',#7619,#8871,#9024,.F.) ;
#9044=EDGE_CURVE('',#7727,#9043,#9041,.T.) ;
#9058=EDGE_CURVE('',#8581,#9043,#9045,.T.) ;
#9078=EDGE_CURVE('',#9043,#9077,#9075,.T.) ;
#9083=EDGE_CURVE('',#9077,#8989,#9082,.T.) ;
#9097=EDGE_CURVE('',#7684,#8854,#9096,.F.) ;
#9111=EDGE_CURVE('',#9110,#7676,#9108,.T.) ;
#9125=EDGE_CURVE('',#8856,#9110,#9112,.T.) ;
#9140=EDGE_CURVE('',#9110,#9139,#9137,.T.) ;
#9147=EDGE_CURVE('',#9139,#9146,#9144,.T.) ;
#9154=EDGE_CURVE('',#9146,#8863,#9148,.F.) ;
#9167=EDGE_CURVE('',#9146,#7581,#9166,.T.) ;
#9201=EDGE_CURVE('',#7727,#7526,#9191,.T.) ;
#9220=EDGE_CURVE('',#7676,#7581,#9210,.T.) ;
#9242=EDGE_CURVE('',#9239,#9241,#9237,.T.) ;
#9249=EDGE_CURVE('',#9248,#9241,#9246,.T.) ;
#9256=EDGE_CURVE('',#9255,#9248,#9253,.T.) ;
#9261=EDGE_CURVE('',#9255,#9239,#9260,.T.) ;
#9273=EDGE_CURVE('',#9241,#9248,#9272,.T.) ;
#9278=EDGE_CURVE('',#9239,#9255,#9277,.T.) ;
#9297=EDGE_CURVE('',#9241,#9296,#9294,.T.) ;
#9304=EDGE_CURVE('',#9303,#9296,#9301,.T.) ;
#9309=EDGE_CURVE('',#9248,#9303,#9308,.T.) ;
#9321=EDGE_CURVE('',#9296,#9303,#9320,.T.) ;
#9343=EDGE_CURVE('',#9303,#7583,#9338,.T.) ;
#9349=EDGE_CURVE('',#9296,#8112,#9344,.T.) ;
#9399=EDGE_CURVE('',#9396,#9398,#9390,.T.) ;
#9406=EDGE_CURVE('',#9405,#9398,#9403,.T.) ;
#9414=EDGE_CURVE('',#9413,#9405,#9407,.T.) ;
#9419=EDGE_CURVE('',#9413,#9396,#9418,.T.) ;
#9440=EDGE_CURVE('',#9398,#9405,#9439,.T.) ;
#9445=EDGE_CURVE('',#9396,#9413,#9444,.T.) ;
#9462=EDGE_CURVE('',#7848,#7770,#9461,.T.) ;
#9467=EDGE_CURVE('',#7815,#7458,#9466,.T.) ;
#9510=EDGE_CURVE('',#9405,#9255,#9509,.T.) ;
#9515=EDGE_CURVE('',#9398,#9239,#9514,.T.) ;
#9539=EDGE_CURVE('',#7270,#9413,#9538,.T.) ;
#9544=EDGE_CURVE('',#7329,#9396,#9543,.T.) ;
#86=EDGE_LOOP('',(#87,#88,#89,#90)) ;
#117=EDGE_LOOP('',(#118,#119,#120,#121)) ;
#200=EDGE_LOOP('',(#201,#202,#203,#204,#205,#206,#207,#208,#209)) ;
#274=EDGE_LOOP('',(#275,#276,#277)) ;
#299=EDGE_LOOP('',(#300,#301)) ;
#411=EDGE_LOOP('',(#412,#413,#414,#415,#416,#417,#418,#419,#420,#421,#422,#423,#424,#425,#426,#427)) ;
#465=EDGE_LOOP('',(#466,#467,#468)) ;
#540=EDGE_LOOP('',(#541,#542,#543,#544,#545,#546,#547,#548,#549)) ;
#621=EDGE_LOOP('',(#622,#623,#624,#625,#626,#627,#628,#629,#630,#631)) ;
#666=EDGE_LOOP('',(#667,#668,#669,#670)) ;
#691=EDGE_LOOP('',(#692,#693,#694,#695)) ;
#733=EDGE_LOOP('',(#734,#735,#736,#737)) ;
#759=EDGE_LOOP('',(#760,#761,#762,#763,#764)) ;
#802=EDGE_LOOP('',(#803,#804,#805,#806)) ;
#860=EDGE_LOOP('',(#861,#862,#863)) ;
#902=EDGE_LOOP('',(#903,#904,#905,#906,#907)) ;
#934=EDGE_LOOP('',(#935,#936,#937,#938)) ;
#951=EDGE_LOOP('',(#952,#953,#954,#955)) ;
#1009=EDGE_LOOP('',(#1010,#1011,#1012,#1013,#1014,#1015)) ;
#1044=EDGE_LOOP('',(#1045,#1046,#1047,#1048)) ;
#1068=EDGE_LOOP('',(#1069,#1070,#1071,#1072)) ;
#1121=EDGE_LOOP('',(#1122,#1123,#1124,#1125,#1126,#1127)) ;
#1172=EDGE_LOOP('',(#1173,#1174,#1175,#1176,#1177,#1178,#1179,#1180,#1181,#1182)) ;
#1200=EDGE_LOOP('',(#1201,#1202,#1203,#1204,#1205)) ;
#1234=EDGE_LOOP('',(#1235,#1236,#1237,#1238,#1239,#1240,#1241,#1242,#1243,#1244)) ;
#1295=EDGE_LOOP('',(#1296,#1297,#1298)) ;
#1319=EDGE_LOOP('',(#1320,#1321,#1322,#1323)) ;
#1358=EDGE_LOOP('',(#1359,#1360,#1361,#1362)) ;
#1422=EDGE_LOOP('',(#1423,#1424,#1425,#1426,#1427,#1428,#1429,#1430,#1431,#1432)) ;
#1468=EDGE_LOOP('',(#1469,#1470,#1471,#1472,#1473)) ;
#1514=EDGE_LOOP('',(#1515,#1516,#1517,#1518)) ;
#1545=EDGE_LOOP('',(#1546,#1547,#1548,#1549)) ;
#1569=EDGE_LOOP('',(#1570,#1571,#1572)) ;
#1620=EDGE_LOOP('',(#1621,#1622,#1623,#1624)) ;
#1677=EDGE_LOOP('',(#1678,#1679,#1680,#1681,#1682,#1683,#1684,#1685,#1686)) ;
#1721=EDGE_LOOP('',(#1722,#1723,#1724,#1725,#1726,#1727,#1728,#1729,#1730,#1731,#1732,#1733)) ;
#1764=EDGE_LOOP('',(#1765,#1766,#1767,#1768)) ;
#1846=EDGE_LOOP('',(#1847,#1848,#1849,#1850)) ;
#1913=EDGE_LOOP('',(#1914,#1915,#1916,#1917)) ;
#1938=EDGE_LOOP('',(#1939,#1940,#1941,#1942)) ;
#1962=EDGE_LOOP('',(#1963,#1964,#1965,#1966)) ;
#2020=EDGE_LOOP('',(#2021,#2022,#2023,#2024,#2025)) ;
#2085=EDGE_LOOP('',(#2086,#2087,#2088,#2089)) ;
#2140=EDGE_LOOP('',(#2141,#2142,#2143,#2144)) ;
#2165=EDGE_LOOP('',(#2166,#2167,#2168,#2169,#2170,#2171,#2172,#2173)) ;
#2200=EDGE_LOOP('',(#2201,#2202,#2203,#2204)) ;
#2217=EDGE_LOOP('',(#2218,#2219,#2220,#2221)) ;
#2294=EDGE_LOOP('',(#2295,#2296,#2297,#2298,#2299,#2300,#2301,#2302,#2303)) ;
#2350=EDGE_LOOP('',(#2351,#2352,#2353,#2354)) ;
#2367=EDGE_LOOP('',(#2368,#2369,#2370)) ;
#2447=EDGE_LOOP('',(#2448,#2449,#2450,#2451,#2452,#2453,#2454,#2455,#2456)) ;
#2528=EDGE_LOOP('',(#2529,#2530,#2531,#2532,#2533,#2534,#2535,#2536,#2537)) ;
#2550=EDGE_LOOP('',(#2551,#2552,#2553)) ;
#2637=EDGE_LOOP('',(#2638,#2639,#2640,#2641,#2642,#2643,#2644,#2645,#2646)) ;
#2693=EDGE_LOOP('',(#2694,#2695,#2696,#2697)) ;
#2718=EDGE_LOOP('',(#2719,#2720,#2721,#2722,#2723,#2724,#2725,#2726)) ;
#2773=EDGE_LOOP('',(#2774,#2775,#2776,#2777,#2778,#2779,#2780,#2781,#2782)) ;
#2823=EDGE_LOOP('',(#2824,#2825,#2826,#2827)) ;
#2858=EDGE_LOOP('',(#2859,#2860,#2861,#2862)) ;
#2889=EDGE_LOOP('',(#2890,#2891,#2892,#2893)) ;
#2958=EDGE_LOOP('',(#2959,#2960,#2961,#2962)) ;
#3016=EDGE_LOOP('',(#3017,#3018,#3019,#3020)) ;
#3049=EDGE_LOOP('',(#3050,#3051,#3052,#3053,#3054)) ;
#3081=EDGE_LOOP('',(#3082,#3083,#3084,#3085)) ;
#3105=EDGE_LOOP('',(#3106,#3107,#3108)) ;
#3156=EDGE_LOOP('',(#3157,#3158,#3159,#3160)) ;
#3214=EDGE_LOOP('',(#3215,#3216,#3217,#3218,#3219)) ;
#3282=EDGE_LOOP('',(#3283,#3284,#3285,#3286)) ;
#3337=EDGE_LOOP('',(#3338,#3339,#3340,#3341)) ;
#3380=EDGE_LOOP('',(#3381,#3382,#3383,#3384,#3385,#3386)) ;
#3413=EDGE_LOOP('',(#3414,#3415,#3416,#3417)) ;
#3437=EDGE_LOOP('',(#3438,#3439,#3440)) ;
#3500=EDGE_LOOP('',(#3501,#3502,#3503,#3504)) ;
#3517=EDGE_LOOP('',(#3518,#3519,#3520,#3521)) ;
#3534=EDGE_LOOP('',(#3535,#3536,#3537,#3538)) ;
#3561=EDGE_LOOP('',(#3562,#3563,#3564,#3565,#3566)) ;
#3622=EDGE_LOOP('',(#3623,#3624,#3625,#3626)) ;
#3701=EDGE_LOOP('',(#3702,#3703,#3704,#3705,#3706,#3707,#3708,#3709,#3710,#3711,#3712,#3713,#3714,#3715,#3716,#3717)) ;
#3757=EDGE_LOOP('',(#3758,#3759)) ;
#3819=EDGE_LOOP('',(#3820,#3821,#3822,#3823)) ;
#3898=EDGE_LOOP('',(#3899,#3900,#3901,#3902)) ;
#3924=EDGE_LOOP('',(#3925,#3926,#3927,#3928)) ;
#3991=EDGE_LOOP('',(#3992,#3993,#3994,#3995)) ;
#4008=EDGE_LOOP('',(#4009,#4010,#4011,#4012)) ;
#4032=EDGE_LOOP('',(#4033,#4034,#4035,#4036)) ;
#4099=EDGE_LOOP('',(#4100,#4101,#4102,#4103)) ;
#4130=EDGE_LOOP('',(#4131,#4132,#4133,#4134)) ;
#4147=EDGE_LOOP('',(#4148,#4149,#4150,#4151)) ;
#4191=EDGE_LOOP('',(#4192,#4193,#4194)) ;
#4244=EDGE_LOOP('',(#4245,#4246,#4247,#4248,#4249,#4250,#4251,#4252,#4253,#4254)) ;
#4289=EDGE_LOOP('',(#4290,#4291,#4292,#4293)) ;
#4313=EDGE_LOOP('',(#4314,#4315,#4316,#4317,#4318)) ;
#4369=EDGE_LOOP('',(#4370,#4371,#4372,#4373)) ;
#4382=EDGE_LOOP('',(#4383,#4384,#4385,#4386)) ;
#4410=EDGE_LOOP('',(#4411,#4412,#4413,#4414,#4415)) ;
#4453=EDGE_LOOP('',(#4454,#4455,#4456,#4457)) ;
#4495=EDGE_LOOP('',(#4496,#4497,#4498,#4499)) ;
#4508=EDGE_LOOP('',(#4509,#4510,#4511,#4512)) ;
#4562=EDGE_LOOP('',(#4563,#4564,#4565,#4566,#4567,#4568,#4569,#4570,#4571,#4572)) ;
#4607=EDGE_LOOP('',(#4608,#4609,#4610,#4611)) ;
#4620=EDGE_LOOP('',(#4621,#4622,#4623,#4624)) ;
#4664=EDGE_LOOP('',(#4665,#4666,#4667)) ;
#4696=EDGE_LOOP('',(#4697,#4698,#4699,#4700,#4701)) ;
#4728=EDGE_LOOP('',(#4729,#4730,#4731,#4732)) ;
#4752=EDGE_LOOP('',(#4753,#4754,#4755)) ;
#4806=EDGE_LOOP('',(#4807,#4808,#4809,#4810)) ;
#4823=EDGE_LOOP('',(#4824,#4825,#4826,#4827)) ;
#4850=EDGE_LOOP('',(#4851,#4852,#4853,#4854,#4855)) ;
#4876=EDGE_LOOP('',(#4877,#4878,#4879,#4880)) ;
#4924=EDGE_LOOP('',(#4925,#4926,#4927,#4928)) ;
#4944=EDGE_LOOP('',(#4945,#4946,#4947,#4948,#4949,#4950)) ;
#5001=EDGE_LOOP('',(#5002,#5003,#5004,#5005)) ;
#5018=EDGE_LOOP('',(#5019,#5020,#5021,#5022)) ;
#5070=EDGE_LOOP('',(#5071,#5072,#5073,#5074,#5075)) ;
#5152=EDGE_LOOP('',(#5153,#5154,#5155,#5156)) ;
#5170=EDGE_LOOP('',(#5171,#5172,#5173,#5174,#5175,#5176,#5177,#5178,#5179,#5180,#5181,#5182)) ;
#5251=EDGE_LOOP('',(#5252,#5253,#5254,#5255)) ;
#5258=EDGE_LOOP('',(#5259,#5260,#5261,#5262)) ;
#5271=EDGE_LOOP('',(#5272,#5273,#5274,#5275)) ;
#5368=EDGE_LOOP('',(#5369,#5370,#5371,#5372,#5373,#5374,#5375,#5376,#5377,#5378,#5379,#5380)) ;
#5454=EDGE_LOOP('',(#5455,#5456,#5457,#5458,#5459,#5460,#5461,#5462,#5463,#5464,#5465,#5466)) ;
#5474=EDGE_LOOP('',(#5475,#5476)) ;
#5492=EDGE_LOOP('',(#5493,#5494)) ;
#5534=EDGE_LOOP('',(#5535,#5536,#5537,#5538,#5539)) ;
#5568=EDGE_LOOP('',(#5569,#5570,#5571,#5572)) ;
#5640=EDGE_LOOP('',(#5641,#5642,#5643,#5644,#5645,#5646)) ;
#5667=EDGE_LOOP('',(#5668,#5669,#5670,#5671)) ;
#5737=EDGE_LOOP('',(#5738,#5739,#5740,#5741,#5742,#5743)) ;
#5758=EDGE_LOOP('',(#5759,#5760,#5761,#5762)) ;
#5785=EDGE_LOOP('',(#5786,#5787,#5788,#5789)) ;
#5857=EDGE_LOOP('',(#5858,#5859,#5860,#5861,#5862,#5863)) ;
#5884=EDGE_LOOP('',(#5885,#5886,#5887,#5888)) ;
#5946=EDGE_LOOP('',(#5947,#5948,#5949,#5950,#5951,#5952)) ;
#5976=EDGE_LOOP('',(#5977,#5978,#5979,#5980)) ;
#6048=EDGE_LOOP('',(#6049,#6050,#6051,#6052,#6053,#6054)) ;
#6075=EDGE_LOOP('',(#6076,#6077,#6078,#6079)) ;
#6145=EDGE_LOOP('',(#6146,#6147,#6148,#6149,#6150,#6151)) ;
#6159=EDGE_LOOP('',(#6160,#6161,#6162,#6163)) ;
#6179=EDGE_LOOP('',(#6180,#6181,#6182,#6183)) ;
#6251=EDGE_LOOP('',(#6252,#6253,#6254,#6255,#6256,#6257)) ;
#6278=EDGE_LOOP('',(#6279,#6280,#6281,#6282)) ;
#6340=EDGE_LOOP('',(#6341,#6342,#6343,#6344,#6345,#6346)) ;
#6373=EDGE_LOOP('',(#6374,#6375,#6376,#6377)) ;
#6385=EDGE_LOOP('',(#6386,#6387,#6388,#6389)) ;
#6405=EDGE_LOOP('',(#6406,#6407,#6408,#6409)) ;
#6417=EDGE_LOOP('',(#6418,#6419)) ;
#6441=EDGE_LOOP('',(#6442,#6443,#6444,#6445,#6446,#6447,#6448,#6449,#6450,#6451,#6452,#6453,#6454,#6455,#6456,#6457)) ;
#6473=EDGE_LOOP('',(#6474,#6475)) ;
#6491=EDGE_LOOP('',(#6492,#6493)) ;
#6501=EDGE_LOOP('',(#6502,#6503,#6504,#6505)) ;
#6529=EDGE_LOOP('',(#6530,#6531,#6532,#6533,#6534)) ;
#6542=EDGE_LOOP('',(#6543,#6544,#6545,#6546)) ;
#6563=EDGE_LOOP('',(#6564,#6565,#6566,#6567)) ;
#6582=EDGE_LOOP('',(#6583,#6584,#6585,#6586,#6587)) ;
#6598=EDGE_LOOP('',(#6599,#6600,#6601,#6602)) ;
#6610=EDGE_LOOP('',(#6611,#6612,#6613,#6614)) ;
#6617=EDGE_LOOP('',(#6618,#6619,#6620,#6621)) ;
#6624=EDGE_LOOP('',(#6625,#6626,#6627,#6628)) ;
#6665=EDGE_LOOP('',(#6666,#6667,#6668,#6669,#6670,#6671)) ;
#6684=EDGE_LOOP('',(#6685,#6686,#6687,#6688,#6689,#6690)) ;
#6727=EDGE_LOOP('',(#6728,#6729,#6730,#6731,#6732,#6733)) ;
#6746=EDGE_LOOP('',(#6747,#6748,#6749,#6750,#6751,#6752)) ;
#6781=EDGE_LOOP('',(#6782,#6783,#6784,#6785)) ;
#6798=EDGE_LOOP('',(#6799,#6800,#6801,#6802)) ;
#6831=EDGE_LOOP('',(#6832,#6833,#6834,#6835)) ;
#6848=EDGE_LOOP('',(#6849,#6850,#6851,#6852)) ;
#6860=EDGE_LOOP('',(#6861,#6862)) ;
#6865=EDGE_LOOP('',(#6866,#6867)) ;
#6875=EDGE_LOOP('',(#6876,#6877,#6878,#6879,#6880,#6881,#6882)) ;
#6890=EDGE_LOOP('',(#6891,#6892,#6893,#6894,#6895,#6896,#6897)) ;
#6937=EDGE_LOOP('',(#6938,#6939,#6940,#6941)) ;
#6954=EDGE_LOOP('',(#6955,#6956,#6957,#6958)) ;
#6994=EDGE_LOOP('',(#6995,#6996,#6997,#6998)) ;
#7025=EDGE_LOOP('',(#7026,#7027,#7028,#7029)) ;
#7056=EDGE_LOOP('',(#7057,#7058,#7059,#7060)) ;
#7087=EDGE_LOOP('',(#7088,#7089,#7090,#7091)) ;
#7118=EDGE_LOOP('',(#7119,#7120,#7121,#7122)) ;
#7149=EDGE_LOOP('',(#7150,#7151,#7152,#7153)) ;
#7180=EDGE_LOOP('',(#7181,#7182,#7183,#7184)) ;
#7202=EDGE_LOOP('',(#7203,#7204,#7205,#7206)) ;
#7214=EDGE_LOOP('',(#7215,#7216)) ;
#7218=EDGE_LOOP('',(#7219,#7220,#7221,#7222,#7223,#7224,#7225,#7226)) ;
#7234=EDGE_LOOP('',(#7235,#7236)) ;
#7238=EDGE_LOOP('',(#7239,#7240,#7241,#7242,#7243,#7244,#7245,#7246)) ;
#7284=EDGE_LOOP('',(#7285,#7286,#7287,#7288)) ;
#7310=EDGE_LOOP('',(#7311,#7312,#7313,#7314)) ;
#7336=EDGE_LOOP('',(#7337,#7338,#7339,#7340)) ;
#7353=EDGE_LOOP('',(#7354,#7355,#7356,#7357)) ;
#7384=EDGE_LOOP('',(#7385,#7386,#7387,#7388)) ;
#7403=EDGE_LOOP('',(#7404,#7405,#7406,#7407)) ;
#7422=EDGE_LOOP('',(#7423,#7424,#7425,#7426)) ;
#7434=EDGE_LOOP('',(#7435,#7436,#7437,#7438)) ;
#7465=EDGE_LOOP('',(#7466,#7467,#7468,#7469)) ;
#7484=EDGE_LOOP('',(#7485,#7486,#7487,#7488)) ;
#7567=EDGE_LOOP('',(#7568,#7569,#7570,#7571,#7572,#7573)) ;
#7627=EDGE_LOOP('',(#7628,#7629,#7630,#7631,#7632)) ;
#7706=EDGE_LOOP('',(#7707,#7708,#7709,#7710,#7711,#7712)) ;
#7757=EDGE_LOOP('',(#7758,#7759,#7760,#7761,#7762)) ;
#7777=EDGE_LOOP('',(#7778,#7779,#7780,#7781)) ;
#7789=EDGE_LOOP('',(#7790,#7791,#7792,#7793)) ;
#7829=EDGE_LOOP('',(#7830,#7831,#7832,#7833)) ;
#7855=EDGE_LOOP('',(#7856,#7857,#7858,#7859)) ;
#7880=EDGE_LOOP('',(#7881,#7882,#7883,#7884)) ;
#7897=EDGE_LOOP('',(#7898,#7899,#7900,#7901)) ;
#7909=EDGE_LOOP('',(#7910,#7911,#7912,#7913)) ;
#7947=EDGE_LOOP('',(#7948,#7949,#7950,#7951,#7952)) ;
#7980=EDGE_LOOP('',(#7981,#7982,#7983,#7984,#7985)) ;
#8047=EDGE_LOOP('',(#8048,#8049,#8050,#8051,#8052,#8053,#8054,#8055,#8056,#8057)) ;
#8070=EDGE_LOOP('',(#8071,#8072,#8073)) ;
#8088=EDGE_LOOP('',(#8089,#8090,#8091,#8092)) ;
#8119=EDGE_LOOP('',(#8120,#8121,#8122,#8123,#8124)) ;
#8314=EDGE_LOOP('',(#8315,#8316,#8317,#8318,#8319,#8320,#8321,#8322,#8323,#8324,#8325,#8326,#8327,#8328,#8329,#8330,#8331,#8332,#8333,#8334,#8335,#8336,#8337,#8338,#8339,#8340,#8341,#8342)) ;
#8361=EDGE_LOOP('',(#8362,#8363,#8364,#8365,#8366)) ;
#8384=EDGE_LOOP('',(#8385,#8386,#8387,#8388,#8389)) ;
#8392=EDGE_LOOP('',(#8393,#8394,#8395)) ;
#8469=EDGE_LOOP('',(#8470,#8471,#8472,#8473,#8474,#8475,#8476,#8477,#8478,#8479,#8480,#8481,#8482,#8483,#8484)) ;
#8514=EDGE_LOOP('',(#8515,#8516,#8517,#8518)) ;
#8540=EDGE_LOOP('',(#8541,#8542,#8543,#8544)) ;
#8557=EDGE_LOOP('',(#8558,#8559,#8560,#8561,#8562,#8563)) ;
#8603=EDGE_LOOP('',(#8604,#8605,#8606,#8607,#8608,#8609,#8610,#8611,#8612)) ;
#8635=EDGE_LOOP('',(#8636,#8637,#8638,#8639)) ;
#8661=EDGE_LOOP('',(#8662,#8663,#8664,#8665)) ;
#8685=EDGE_LOOP('',(#8686,#8687,#8688,#8689)) ;
#8711=EDGE_LOOP('',(#8712,#8713,#8714,#8715)) ;
#8731=EDGE_LOOP('',(#8732,#8733,#8734,#8735)) ;
#8753=EDGE_LOOP('',(#8754,#8755,#8756,#8757)) ;
#8774=EDGE_LOOP('',(#8775,#8776,#8777,#8778)) ;
#8793=EDGE_LOOP('',(#8794,#8795,#8796,#8797)) ;
#8814=EDGE_LOOP('',(#8815,#8816,#8817,#8818)) ;
#8829=EDGE_LOOP('',(#8830,#8831,#8832,#8833)) ;
#8841=EDGE_LOOP('',(#8842,#8843,#8844,#8845)) ;
#8887=EDGE_LOOP('',(#8888,#8889,#8890,#8891,#8892,#8893,#8894,#8895)) ;
#8903=EDGE_LOOP('',(#8904,#8905,#8906,#8907,#8908,#8909,#8910,#8911)) ;
#8914=EDGE_LOOP('',(#8915,#8916,#8917,#8918,#8919,#8920,#8921,#8922)) ;
#8949=EDGE_LOOP('',(#8950,#8951,#8952,#8953,#8954)) ;
#8962=EDGE_LOOP('',(#8963,#8964,#8965,#8966,#8967)) ;
#8996=EDGE_LOOP('',(#8997,#8998,#8999,#9000,#9001)) ;
#9014=EDGE_LOOP('',(#9015,#9016,#9017,#9018)) ;
#9026=EDGE_LOOP('',(#9027,#9028,#9029,#9030)) ;
#9059=EDGE_LOOP('',(#9060,#9061,#9062,#9063,#9064)) ;
#9084=EDGE_LOOP('',(#9085,#9086,#9087,#9088,#9089,#9090)) ;
#9098=EDGE_LOOP('',(#9099,#9100,#9101,#9102)) ;
#9126=EDGE_LOOP('',(#9127,#9128,#9129,#9130,#9131)) ;
#9155=EDGE_LOOP('',(#9156,#9157,#9158,#9159,#9160)) ;
#9168=EDGE_LOOP('',(#9169,#9170,#9171,#9172,#9173)) ;
#9181=EDGE_LOOP('',(#9182,#9183)) ;
#9202=EDGE_LOOP('',(#9203,#9204,#9205,#9206,#9207)) ;
#9221=EDGE_LOOP('',(#9222,#9223,#9224,#9225,#9226)) ;
#9262=EDGE_LOOP('',(#9263,#9264,#9265,#9266)) ;
#9279=EDGE_LOOP('',(#9280,#9281,#9282,#9283)) ;
#9310=EDGE_LOOP('',(#9311,#9312,#9313,#9314)) ;
#9322=EDGE_LOOP('',(#9323,#9324,#9325,#9326)) ;
#9350=EDGE_LOOP('',(#9351,#9352,#9353,#9354,#9355,#9356,#9357,#9358)) ;
#9370=EDGE_LOOP('',(#9371,#9372,#9373,#9374,#9375,#9376,#9377,#9378)) ;
#9420=EDGE_LOOP('',(#9421,#9422,#9423,#9424)) ;
#9446=EDGE_LOOP('',(#9447,#9448,#9449,#9450)) ;
#9468=EDGE_LOOP('',(#9469,#9470,#9471,#9472,#9473,#9474)) ;
#9477=EDGE_LOOP('',(#9478,#9479,#9480,#9481,#9482,#9483)) ;
#9516=EDGE_LOOP('',(#9517,#9518,#9519,#9520)) ;
#9523=EDGE_LOOP('',(#9524,#9525,#9526,#9527)) ;
#9545=EDGE_LOOP('',(#9546,#9547,#9548,#9549,#9550)) ;
#9553=EDGE_LOOP('',(#9554,#9555,#9556,#9557,#9558)) ;
#91=FACE_OUTER_BOUND('',#86,.T.) ;
#122=FACE_OUTER_BOUND('',#117,.T.) ;
#210=FACE_OUTER_BOUND('',#200,.T.) ;
#278=FACE_OUTER_BOUND('',#274,.T.) ;
#302=FACE_OUTER_BOUND('',#299,.T.) ;
#469=FACE_OUTER_BOUND('',#465,.T.) ;
#550=FACE_OUTER_BOUND('',#540,.T.) ;
#632=FACE_OUTER_BOUND('',#621,.T.) ;
#671=FACE_OUTER_BOUND('',#666,.T.) ;
#696=FACE_OUTER_BOUND('',#691,.T.) ;
#738=FACE_OUTER_BOUND('',#733,.T.) ;
#765=FACE_OUTER_BOUND('',#759,.T.) ;
#807=FACE_OUTER_BOUND('',#802,.T.) ;
#864=FACE_OUTER_BOUND('',#860,.T.) ;
#908=FACE_OUTER_BOUND('',#902,.T.) ;
#939=FACE_OUTER_BOUND('',#934,.T.) ;
#956=FACE_OUTER_BOUND('',#951,.T.) ;
#1016=FACE_OUTER_BOUND('',#1009,.T.) ;
#1049=FACE_OUTER_BOUND('',#1044,.T.) ;
#1073=FACE_OUTER_BOUND('',#1068,.T.) ;
#1128=FACE_OUTER_BOUND('',#1121,.T.) ;
#1183=FACE_OUTER_BOUND('',#1172,.T.) ;
#1206=FACE_OUTER_BOUND('',#1200,.T.) ;
#1245=FACE_OUTER_BOUND('',#1234,.T.) ;
#1299=FACE_OUTER_BOUND('',#1295,.T.) ;
#1324=FACE_OUTER_BOUND('',#1319,.T.) ;
#1363=FACE_OUTER_BOUND('',#1358,.T.) ;
#1433=FACE_OUTER_BOUND('',#1422,.T.) ;
#1474=FACE_OUTER_BOUND('',#1468,.T.) ;
#1519=FACE_OUTER_BOUND('',#1514,.T.) ;
#1550=FACE_OUTER_BOUND('',#1545,.T.) ;
#1573=FACE_OUTER_BOUND('',#1569,.T.) ;
#1625=FACE_OUTER_BOUND('',#1620,.T.) ;
#1687=FACE_OUTER_BOUND('',#1677,.T.) ;
#1734=FACE_OUTER_BOUND('',#1721,.T.) ;
#1769=FACE_OUTER_BOUND('',#1764,.T.) ;
#1851=FACE_OUTER_BOUND('',#1846,.T.) ;
#1918=FACE_OUTER_BOUND('',#1913,.T.) ;
#1943=FACE_OUTER_BOUND('',#1938,.T.) ;
#1967=FACE_OUTER_BOUND('',#1962,.T.) ;
#2026=FACE_OUTER_BOUND('',#2020,.T.) ;
#2090=FACE_OUTER_BOUND('',#2085,.T.) ;
#2145=FACE_OUTER_BOUND('',#2140,.T.) ;
#2174=FACE_OUTER_BOUND('',#2165,.T.) ;
#2205=FACE_OUTER_BOUND('',#2200,.T.) ;
#2222=FACE_OUTER_BOUND('',#2217,.T.) ;
#2304=FACE_OUTER_BOUND('',#2294,.T.) ;
#2355=FACE_OUTER_BOUND('',#2350,.T.) ;
#2371=FACE_OUTER_BOUND('',#2367,.T.) ;
#2457=FACE_OUTER_BOUND('',#2447,.T.) ;
#2538=FACE_OUTER_BOUND('',#2528,.T.) ;
#2554=FACE_OUTER_BOUND('',#2550,.T.) ;
#2647=FACE_OUTER_BOUND('',#2637,.T.) ;
#2698=FACE_OUTER_BOUND('',#2693,.T.) ;
#2727=FACE_OUTER_BOUND('',#2718,.T.) ;
#2783=FACE_OUTER_BOUND('',#2773,.T.) ;
#2828=FACE_OUTER_BOUND('',#2823,.T.) ;
#2863=FACE_OUTER_BOUND('',#2858,.T.) ;
#2894=FACE_OUTER_BOUND('',#2889,.T.) ;
#2963=FACE_OUTER_BOUND('',#2958,.T.) ;
#3021=FACE_OUTER_BOUND('',#3016,.T.) ;
#3055=FACE_OUTER_BOUND('',#3049,.T.) ;
#3086=FACE_OUTER_BOUND('',#3081,.T.) ;
#3109=FACE_OUTER_BOUND('',#3105,.T.) ;
#3161=FACE_OUTER_BOUND('',#3156,.T.) ;
#3220=FACE_OUTER_BOUND('',#3214,.T.) ;
#3287=FACE_OUTER_BOUND('',#3282,.T.) ;
#3342=FACE_OUTER_BOUND('',#3337,.T.) ;
#3387=FACE_OUTER_BOUND('',#3380,.T.) ;
#3418=FACE_OUTER_BOUND('',#3413,.T.) ;
#3441=FACE_OUTER_BOUND('',#3437,.T.) ;
#3505=FACE_OUTER_BOUND('',#3500,.T.) ;
#3522=FACE_OUTER_BOUND('',#3517,.T.) ;
#3539=FACE_OUTER_BOUND('',#3534,.T.) ;
#3567=FACE_OUTER_BOUND('',#3561,.T.) ;
#3627=FACE_OUTER_BOUND('',#3622,.T.) ;
#3718=FACE_OUTER_BOUND('',#3701,.T.) ;
#3824=FACE_OUTER_BOUND('',#3819,.T.) ;
#3903=FACE_OUTER_BOUND('',#3898,.T.) ;
#3929=FACE_OUTER_BOUND('',#3924,.T.) ;
#3996=FACE_OUTER_BOUND('',#3991,.T.) ;
#4013=FACE_OUTER_BOUND('',#4008,.T.) ;
#4037=FACE_OUTER_BOUND('',#4032,.T.) ;
#4104=FACE_OUTER_BOUND('',#4099,.T.) ;
#4135=FACE_OUTER_BOUND('',#4130,.T.) ;
#4152=FACE_OUTER_BOUND('',#4147,.T.) ;
#4195=FACE_OUTER_BOUND('',#4191,.T.) ;
#4255=FACE_OUTER_BOUND('',#4244,.T.) ;
#4294=FACE_OUTER_BOUND('',#4289,.T.) ;
#4319=FACE_OUTER_BOUND('',#4313,.T.) ;
#4374=FACE_OUTER_BOUND('',#4369,.T.) ;
#4387=FACE_OUTER_BOUND('',#4382,.T.) ;
#4416=FACE_OUTER_BOUND('',#4410,.T.) ;
#4458=FACE_OUTER_BOUND('',#4453,.T.) ;
#4500=FACE_OUTER_BOUND('',#4495,.T.) ;
#4513=FACE_OUTER_BOUND('',#4508,.T.) ;
#4573=FACE_OUTER_BOUND('',#4562,.T.) ;
#4612=FACE_OUTER_BOUND('',#4607,.T.) ;
#4625=FACE_OUTER_BOUND('',#4620,.T.) ;
#4668=FACE_OUTER_BOUND('',#4664,.T.) ;
#4702=FACE_OUTER_BOUND('',#4696,.T.) ;
#4733=FACE_OUTER_BOUND('',#4728,.T.) ;
#4756=FACE_OUTER_BOUND('',#4752,.T.) ;
#4811=FACE_OUTER_BOUND('',#4806,.T.) ;
#4828=FACE_OUTER_BOUND('',#4823,.T.) ;
#4856=FACE_OUTER_BOUND('',#4850,.T.) ;
#4881=FACE_OUTER_BOUND('',#4876,.T.) ;
#4929=FACE_OUTER_BOUND('',#4924,.T.) ;
#4951=FACE_OUTER_BOUND('',#4944,.T.) ;
#5006=FACE_OUTER_BOUND('',#5001,.T.) ;
#5023=FACE_OUTER_BOUND('',#5018,.T.) ;
#5076=FACE_OUTER_BOUND('',#5070,.T.) ;
#5157=FACE_OUTER_BOUND('',#5152,.T.) ;
#5183=FACE_OUTER_BOUND('',#5170,.T.) ;
#5256=FACE_OUTER_BOUND('',#5251,.T.) ;
#5263=FACE_OUTER_BOUND('',#5258,.T.) ;
#5276=FACE_OUTER_BOUND('',#5271,.T.) ;
#5381=FACE_OUTER_BOUND('',#5368,.T.) ;
#5467=FACE_OUTER_BOUND('',#5454,.T.) ;
#5477=FACE_OUTER_BOUND('',#5474,.T.) ;
#5540=FACE_OUTER_BOUND('',#5534,.T.) ;
#5573=FACE_OUTER_BOUND('',#5568,.T.) ;
#5647=FACE_OUTER_BOUND('',#5640,.T.) ;
#5672=FACE_OUTER_BOUND('',#5667,.T.) ;
#5744=FACE_OUTER_BOUND('',#5737,.T.) ;
#5763=FACE_OUTER_BOUND('',#5758,.T.) ;
#5790=FACE_OUTER_BOUND('',#5785,.T.) ;
#5864=FACE_OUTER_BOUND('',#5857,.T.) ;
#5889=FACE_OUTER_BOUND('',#5884,.T.) ;
#5953=FACE_OUTER_BOUND('',#5946,.T.) ;
#5981=FACE_OUTER_BOUND('',#5976,.T.) ;
#6055=FACE_OUTER_BOUND('',#6048,.T.) ;
#6080=FACE_OUTER_BOUND('',#6075,.T.) ;
#6152=FACE_OUTER_BOUND('',#6145,.T.) ;
#6164=FACE_OUTER_BOUND('',#6159,.T.) ;
#6184=FACE_OUTER_BOUND('',#6179,.T.) ;
#6258=FACE_OUTER_BOUND('',#6251,.T.) ;
#6283=FACE_OUTER_BOUND('',#6278,.T.) ;
#6347=FACE_OUTER_BOUND('',#6340,.T.) ;
#6378=FACE_OUTER_BOUND('',#6373,.T.) ;
#6390=FACE_OUTER_BOUND('',#6385,.T.) ;
#6410=FACE_OUTER_BOUND('',#6405,.T.) ;
#6420=FACE_OUTER_BOUND('',#6417,.T.) ;
#6506=FACE_OUTER_BOUND('',#6501,.T.) ;
#6535=FACE_OUTER_BOUND('',#6529,.T.) ;
#6547=FACE_OUTER_BOUND('',#6542,.T.) ;
#6568=FACE_OUTER_BOUND('',#6563,.T.) ;
#6588=FACE_OUTER_BOUND('',#6582,.T.) ;
#6603=FACE_OUTER_BOUND('',#6598,.T.) ;
#6615=FACE_OUTER_BOUND('',#6610,.T.) ;
#6622=FACE_OUTER_BOUND('',#6617,.T.) ;
#6629=FACE_OUTER_BOUND('',#6624,.T.) ;
#6672=FACE_OUTER_BOUND('',#6665,.T.) ;
#6691=FACE_OUTER_BOUND('',#6684,.T.) ;
#6734=FACE_OUTER_BOUND('',#6727,.T.) ;
#6753=FACE_OUTER_BOUND('',#6746,.T.) ;
#6786=FACE_OUTER_BOUND('',#6781,.T.) ;
#6803=FACE_OUTER_BOUND('',#6798,.T.) ;
#6836=FACE_OUTER_BOUND('',#6831,.T.) ;
#6853=FACE_OUTER_BOUND('',#6848,.T.) ;
#6863=FACE_OUTER_BOUND('',#6860,.T.) ;
#6868=FACE_OUTER_BOUND('',#6865,.T.) ;
#6883=FACE_OUTER_BOUND('',#6875,.T.) ;
#6898=FACE_OUTER_BOUND('',#6890,.T.) ;
#6942=FACE_OUTER_BOUND('',#6937,.T.) ;
#6959=FACE_OUTER_BOUND('',#6954,.T.) ;
#6999=FACE_OUTER_BOUND('',#6994,.T.) ;
#7030=FACE_OUTER_BOUND('',#7025,.T.) ;
#7061=FACE_OUTER_BOUND('',#7056,.T.) ;
#7092=FACE_OUTER_BOUND('',#7087,.T.) ;
#7123=FACE_OUTER_BOUND('',#7118,.T.) ;
#7154=FACE_OUTER_BOUND('',#7149,.T.) ;
#7185=FACE_OUTER_BOUND('',#7180,.T.) ;
#7207=FACE_OUTER_BOUND('',#7202,.T.) ;
#7217=FACE_OUTER_BOUND('',#7214,.T.) ;
#7237=FACE_OUTER_BOUND('',#7234,.T.) ;
#7289=FACE_OUTER_BOUND('',#7284,.T.) ;
#7315=FACE_OUTER_BOUND('',#7310,.T.) ;
#7341=FACE_OUTER_BOUND('',#7336,.T.) ;
#7358=FACE_OUTER_BOUND('',#7353,.T.) ;
#7389=FACE_OUTER_BOUND('',#7384,.T.) ;
#7408=FACE_OUTER_BOUND('',#7403,.T.) ;
#7427=FACE_OUTER_BOUND('',#7422,.T.) ;
#7439=FACE_OUTER_BOUND('',#7434,.T.) ;
#7470=FACE_OUTER_BOUND('',#7465,.T.) ;
#7489=FACE_OUTER_BOUND('',#7484,.T.) ;
#7574=FACE_OUTER_BOUND('',#7567,.T.) ;
#7633=FACE_OUTER_BOUND('',#7627,.T.) ;
#7713=FACE_OUTER_BOUND('',#7706,.T.) ;
#7763=FACE_OUTER_BOUND('',#7757,.T.) ;
#7782=FACE_OUTER_BOUND('',#7777,.T.) ;
#7794=FACE_OUTER_BOUND('',#7789,.T.) ;
#7834=FACE_OUTER_BOUND('',#7829,.T.) ;
#7860=FACE_OUTER_BOUND('',#7855,.T.) ;
#7885=FACE_OUTER_BOUND('',#7880,.T.) ;
#7902=FACE_OUTER_BOUND('',#7897,.T.) ;
#7914=FACE_OUTER_BOUND('',#7909,.T.) ;
#7953=FACE_OUTER_BOUND('',#7947,.T.) ;
#7986=FACE_OUTER_BOUND('',#7980,.T.) ;
#8058=FACE_OUTER_BOUND('',#8047,.T.) ;
#8074=FACE_OUTER_BOUND('',#8070,.T.) ;
#8093=FACE_OUTER_BOUND('',#8088,.T.) ;
#8125=FACE_OUTER_BOUND('',#8119,.T.) ;
#8343=FACE_OUTER_BOUND('',#8314,.T.) ;
#8367=FACE_OUTER_BOUND('',#8361,.T.) ;
#8390=FACE_OUTER_BOUND('',#8384,.T.) ;
#8396=FACE_OUTER_BOUND('',#8392,.T.) ;
#8485=FACE_OUTER_BOUND('',#8469,.T.) ;
#8545=FACE_OUTER_BOUND('',#8540,.T.) ;
#8564=FACE_OUTER_BOUND('',#8557,.T.) ;
#8613=FACE_OUTER_BOUND('',#8603,.T.) ;
#8640=FACE_OUTER_BOUND('',#8635,.T.) ;
#8666=FACE_OUTER_BOUND('',#8661,.T.) ;
#8690=FACE_OUTER_BOUND('',#8685,.T.) ;
#8716=FACE_OUTER_BOUND('',#8711,.T.) ;
#8736=FACE_OUTER_BOUND('',#8731,.T.) ;
#8758=FACE_OUTER_BOUND('',#8753,.T.) ;
#8779=FACE_OUTER_BOUND('',#8774,.T.) ;
#8798=FACE_OUTER_BOUND('',#8793,.T.) ;
#8819=FACE_OUTER_BOUND('',#8814,.T.) ;
#8834=FACE_OUTER_BOUND('',#8829,.T.) ;
#8846=FACE_OUTER_BOUND('',#8841,.T.) ;
#8896=FACE_OUTER_BOUND('',#8887,.T.) ;
#8912=FACE_OUTER_BOUND('',#8903,.T.) ;
#8923=FACE_OUTER_BOUND('',#8914,.T.) ;
#8955=FACE_OUTER_BOUND('',#8949,.T.) ;
#8968=FACE_OUTER_BOUND('',#8962,.T.) ;
#9002=FACE_OUTER_BOUND('',#8996,.T.) ;
#9019=FACE_OUTER_BOUND('',#9014,.T.) ;
#9031=FACE_OUTER_BOUND('',#9026,.T.) ;
#9065=FACE_OUTER_BOUND('',#9059,.T.) ;
#9091=FACE_OUTER_BOUND('',#9084,.T.) ;
#9103=FACE_OUTER_BOUND('',#9098,.T.) ;
#9132=FACE_OUTER_BOUND('',#9126,.T.) ;
#9161=FACE_OUTER_BOUND('',#9155,.T.) ;
#9174=FACE_OUTER_BOUND('',#9168,.T.) ;
#9184=FACE_OUTER_BOUND('',#9181,.T.) ;
#9208=FACE_OUTER_BOUND('',#9202,.T.) ;
#9227=FACE_OUTER_BOUND('',#9221,.T.) ;
#9267=FACE_OUTER_BOUND('',#9262,.T.) ;
#9284=FACE_OUTER_BOUND('',#9279,.T.) ;
#9315=FACE_OUTER_BOUND('',#9310,.T.) ;
#9327=FACE_OUTER_BOUND('',#9322,.T.) ;
#9359=FACE_OUTER_BOUND('',#9350,.T.) ;
#9379=FACE_OUTER_BOUND('',#9370,.T.) ;
#9425=FACE_OUTER_BOUND('',#9420,.T.) ;
#9451=FACE_OUTER_BOUND('',#9446,.T.) ;
#9475=FACE_OUTER_BOUND('',#9468,.T.) ;
#9484=FACE_OUTER_BOUND('',#9477,.T.) ;
#9521=FACE_OUTER_BOUND('',#9516,.T.) ;
#9528=FACE_OUTER_BOUND('',#9523,.T.) ;
#9551=FACE_OUTER_BOUND('',#9545,.T.) ;
#9559=FACE_OUTER_BOUND('',#9553,.T.) ;
#44=UNCERTAINTY_MEASURE_WITH_UNIT(LENGTH_MEASURE(0.005),#41,'distance_accuracy_value','CONFUSED CURVE UNCERTAINTY') ;
#191=LINE('Line',#188,#190) ;
#597=LINE('Line',#594,#596) ;
#619=LINE('Line',#616,#618) ;
#642=LINE('Line',#639,#641) ;
#681=LINE('Line',#678,#680) ;
#706=LINE('Line',#703,#705) ;
#748=LINE('Line',#745,#747) ;
#775=LINE('Line',#772,#774) ;
#1309=LINE('Line',#1306,#1308) ;
#1334=LINE('Line',#1331,#1333) ;
#1385=LINE('Line',#1382,#1384) ;
#1451=LINE('Line',#1448,#1450) ;
#1543=LINE('Line',#1540,#1542) ;
#2184=LINE('Line',#2181,#2183) ;
#2198=LINE('Line',#2195,#2197) ;
#2399=LINE('Line',#2396,#2398) ;
#3031=LINE('Line',#3028,#3030) ;
#3072=LINE('Line',#3069,#3071) ;
#3369=LINE('Line',#3366,#3368) ;
#3411=LINE('Line',#3408,#3410) ;
#3577=LINE('Line',#3574,#3576) ;
#4200=LINE('Line',#4197,#4199) ;
#4242=LINE('Line',#4239,#4241) ;
#4287=LINE('Line',#4284,#4286) ;
#4403=LINE('Line',#4400,#4402) ;
#4408=LINE('Line',#4405,#4407) ;
#4426=LINE('Line',#4423,#4425) ;
#4493=LINE('Line',#4490,#4492) ;
#4555=LINE('Line',#4552,#4554) ;
#4560=LINE('Line',#4557,#4559) ;
#4605=LINE('Line',#4602,#4604) ;
#4694=LINE('Line',#4691,#4693) ;
#4726=LINE('Line',#4723,#4725) ;
#4866=LINE('Line',#4863,#4865) ;
#5756=LINE('Line',#5753,#5755) ;
#5776=LINE('Line',#5773,#5775) ;
#6357=LINE('Line',#6354,#6356) ;
#6371=LINE('Line',#6368,#6370) ;
#6424=LINE('Line',#6421,#6423) ;
#6429=LINE('Line',#6426,#6428) ;
#6434=LINE('Line',#6431,#6433) ;
#6439=LINE('Line',#6436,#6438) ;
#6462=LINE('Line',#6459,#6461) ;
#6480=LINE('Line',#6477,#6479) ;
#6651=LINE('Line',#6648,#6650) ;
#6713=LINE('Line',#6710,#6712) ;
#6771=LINE('Line',#6768,#6770) ;
#6821=LINE('Line',#6818,#6820) ;
#6912=LINE('Line',#6909,#6911) ;
#6928=LINE('Line',#6925,#6927) ;
#6969=LINE('Line',#6966,#6968) ;
#6978=LINE('Line',#6975,#6977) ;
#6985=LINE('Line',#6982,#6984) ;
#6992=LINE('Line',#6989,#6991) ;
#7009=LINE('Line',#7006,#7008) ;
#7047=LINE('Line',#7044,#7046) ;
#7078=LINE('Line',#7075,#7077) ;
#7102=LINE('Line',#7099,#7101) ;
#7133=LINE('Line',#7130,#7132) ;
#7142=LINE('Line',#7139,#7141) ;
#7147=LINE('Line',#7144,#7146) ;
#7164=LINE('Line',#7161,#7163) ;
#7268=LINE('Line',#7265,#7267) ;
#7282=LINE('Line',#7279,#7281) ;
#7308=LINE('Line',#7305,#7307) ;
#7327=LINE('Line',#7324,#7326) ;
#7368=LINE('Line',#7365,#7367) ;
#7382=LINE('Line',#7379,#7381) ;
#7394=LINE('Line',#7391,#7393) ;
#7420=LINE('Line',#7417,#7419) ;
#7449=LINE('Line',#7446,#7448) ;
#7463=LINE('Line',#7460,#7462) ;
#7475=LINE('Line',#7472,#7474) ;
#7588=LINE('Line',#7585,#7587) ;
#7775=LINE('Line',#7772,#7774) ;
#7804=LINE('Line',#7801,#7803) ;
#7820=LINE('Line',#7817,#7819) ;
#7846=LINE('Line',#7843,#7845) ;
#7924=LINE('Line',#7921,#7923) ;
#7931=LINE('Line',#7928,#7930) ;
#7938=LINE('Line',#7935,#7937) ;
#7945=LINE('Line',#7942,#7944) ;
#7963=LINE('Line',#7960,#7962) ;
#7996=LINE('Line',#7993,#7995) ;
#8005=LINE('Line',#8002,#8004) ;
#8010=LINE('Line',#8007,#8009) ;
#8024=LINE('Line',#8021,#8023) ;
#8031=LINE('Line',#8028,#8030) ;
#8038=LINE('Line',#8035,#8037) ;
#8045=LINE('Line',#8042,#8044) ;
#8086=LINE('Line',#8083,#8085) ;
#8103=LINE('Line',#8100,#8102) ;
#8353=LINE('Line',#8350,#8352) ;
#8377=LINE('Line',#8374,#8376) ;
#8382=LINE('Line',#8379,#8381) ;
#8406=LINE('Line',#8403,#8405) ;
#8434=LINE('Line',#8431,#8433) ;
#8439=LINE('Line',#8436,#8438) ;
#8467=LINE('Line',#8464,#8466) ;
#8538=LINE('Line',#8535,#8537) ;
#8550=LINE('Line',#8547,#8549) ;
#8555=LINE('Line',#8552,#8554) ;
#8623=LINE('Line',#8620,#8622) ;
#8650=LINE('Line',#8647,#8649) ;
#8683=LINE('Line',#8680,#8682) ;
#8700=LINE('Line',#8697,#8699) ;
#8751=LINE('Line',#8748,#8750) ;
#8772=LINE('Line',#8769,#8771) ;
#8791=LINE('Line',#8788,#8790) ;
#8812=LINE('Line',#8809,#8811) ;
#8839=LINE('Line',#8836,#8838) ;
#8933=LINE('Line',#8930,#8932) ;
#8947=LINE('Line',#8944,#8946) ;
#8994=LINE('Line',#8991,#8993) ;
#9012=LINE('Line',#9009,#9011) ;
#9024=LINE('Line',#9021,#9023) ;
#9041=LINE('Line',#9038,#9040) ;
#9096=LINE('Line',#9093,#9095) ;
#9108=LINE('Line',#9105,#9107) ;
#9166=LINE('Line',#9163,#9165) ;
#9237=LINE('Line',#9234,#9236) ;
#9253=LINE('Line',#9250,#9252) ;
#9538=LINE('Line',#9535,#9537) ;
#9543=LINE('Line',#9540,#9542) ;
#2=MECHANICAL_CONTEXT(' ',#1,'mechanical') ;
#24=PERSONAL_ADDRESS(' ',' ',' ',' ',' ',' ',' ',' ',' ',' ',' ',' ',(#22),' ') ;
#284=PLANE('',#283) ;
#556=PLANE('',#555) ;
#677=PLANE('',#676) ;
#744=PLANE('',#743) ;
#1305=PLANE('',#1304) ;
#1439=PLANE('',#1438) ;
#3027=PLANE('',#3026) ;
#3348=PLANE('',#3347) ;
#3633=PLANE('',#3632) ;
#4300=PLANE('',#4299) ;
#4674=PLANE('',#4673) ;
#5473=PLANE('',#5472) ;
#6416=PLANE('',#6415) ;
#6500=PLANE('',#6499) ;
#6512=PLANE('',#6511) ;
#6574=PLANE('',#6573) ;
#6609=PLANE('',#6608) ;
#6635=PLANE('',#6634) ;
#6697=PLANE('',#6696) ;
#6759=PLANE('',#6758) ;
#6809=PLANE('',#6808) ;
#6859=PLANE('',#6858) ;
#6965=PLANE('',#6964) ;
#7129=PLANE('',#7128) ;
#7213=PLANE('',#7212) ;
#7233=PLANE('',#7232) ;
#7908=PLANE('',#7907) ;
#7920=PLANE('',#7919) ;
#7992=PLANE('',#7991) ;
#8064=PLANE('',#8063) ;
#8099=PLANE('',#8098) ;
#8373=PLANE('',#8372) ;
#8402=PLANE('',#8401) ;
#8619=PLANE('',#8618) ;
#8672=PLANE('',#8671) ;
#8722=PLANE('',#8721) ;
#8974=PLANE('',#8973) ;
#9037=PLANE('',#9036) ;
#9180=PLANE('',#9179) ;
#9190=PLANE('',#9189) ;
#7=PRODUCT_CATEGORY('part',$) ;
#9=PRODUCT_CATEGORY_RELATIONSHIP(' ',' ',#7,#8) ;
#6=PRODUCT_DEFINITION_FORMATION_WITH_SPECIFIED_SOURCE('',' ',#5,.NOT_KNOWN.) ;
#8=PRODUCT_RELATED_PRODUCT_CATEGORY('detail',$,(#5)) ;
#49=SHAPE_DEFINITION_REPRESENTATION(#40,#48) ;
#216=SPHERICAL_SURFACE('',#215,0.15) ;
#434=SPHERICAL_SURFACE('',#433,0.15) ;
#1556=SPHERICAL_SURFACE('',#1555,0.15) ;
#2361=SPHERICAL_SURFACE('',#2360,0.15) ;
#2544=SPHERICAL_SURFACE('',#2543,0.15) ;
#3092=SPHERICAL_SURFACE('',#3091,0.15) ;
#3424=SPHERICAL_SURFACE('',#3423,0.15) ;
#4739=SPHERICAL_SURFACE('',#4738,0.15) ;
#9337=SURFACE_OF_REVOLUTION('Surface of Revolution',#9329,#9336) ;
#9369=SURFACE_OF_REVOLUTION('Surface of Revolution',#9361,#9368) ;
#9389=SURFACE_OF_REVOLUTION('Surface of Revolution',#9381,#9388) ;
#9435=SURFACE_OF_REVOLUTION('Surface of Revolution',#9427,#9434) ;
#9505=SURFACE_OF_REVOLUTION('homeo Torus',#9486,#9504) ;
#63=VERTEX_POINT('',#62) ;
#65=VERTEX_POINT('',#64) ;
#72=VERTEX_POINT('',#71) ;
#79=VERTEX_POINT('',#78) ;
#103=VERTEX_POINT('',#102) ;
#105=VERTEX_POINT('',#104) ;
#136=VERTEX_POINT('',#135) ;
#138=VERTEX_POINT('',#137) ;
#146=VERTEX_POINT('',#145) ;
#155=VERTEX_POINT('',#154) ;
#162=VERTEX_POINT('',#161) ;
#169=VERTEX_POINT('',#168) ;
#193=VERTEX_POINT('',#192) ;
#222=VERTEX_POINT('',#221) ;
#290=VERTEX_POINT('',#289) ;
#292=VERTEX_POINT('',#291) ;
#308=VERTEX_POINT('',#307) ;
#310=VERTEX_POINT('',#309) ;
#317=VERTEX_POINT('',#316) ;
#324=VERTEX_POINT('',#323) ;
#331=VERTEX_POINT('',#330) ;
#338=VERTEX_POINT('',#337) ;
#348=VERTEX_POINT('',#347) ;
#358=VERTEX_POINT('',#357) ;
#365=VERTEX_POINT('',#364) ;
#377=VERTEX_POINT('',#376) ;
#384=VERTEX_POINT('',#383) ;
#394=VERTEX_POINT('',#393) ;
#404=VERTEX_POINT('',#403) ;
#440=VERTEX_POINT('',#439) ;
#483=VERTEX_POINT('',#482) ;
#485=VERTEX_POINT('',#484) ;
#509=VERTEX_POINT('',#508) ;
#516=VERTEX_POINT('',#515) ;
#523=VERTEX_POINT('',#522) ;
#532=VERTEX_POINT('',#531) ;
#564=VERTEX_POINT('',#563) ;
#566=VERTEX_POINT('',#565) ;
#575=VERTEX_POINT('',#574) ;
#583=VERTEX_POINT('',#582) ;
#592=VERTEX_POINT('',#591) ;
#599=VERTEX_POINT('',#598) ;
#608=VERTEX_POINT('',#607) ;
#644=VERTEX_POINT('',#643) ;
#683=VERTEX_POINT('',#682) ;
#708=VERTEX_POINT('',#707) ;
#750=VERTEX_POINT('',#749) ;
#777=VERTEX_POINT('',#776) ;
#876=VERTEX_POINT('',#875) ;
#886=VERTEX_POINT('',#885) ;
#920=VERTEX_POINT('',#919) ;
#927=VERTEX_POINT('',#926) ;
#977=VERTEX_POINT('',#976) ;
#985=VERTEX_POINT('',#984) ;
#995=VERTEX_POINT('',#994) ;
#1002=VERTEX_POINT('',#1001) ;
#1028=VERTEX_POINT('',#1027) ;
#1035=VERTEX_POINT('',#1034) ;
#1061=VERTEX_POINT('',#1060) ;
#1080=VERTEX_POINT('',#1079) ;
#1082=VERTEX_POINT('',#1081) ;
#1092=VERTEX_POINT('',#1091) ;
#1100=VERTEX_POINT('',#1099) ;
#1140=VERTEX_POINT('',#1139) ;
#1148=VERTEX_POINT('',#1147) ;
#1156=VERTEX_POINT('',#1155) ;
#1193=VERTEX_POINT('',#1192) ;
#1219=VERTEX_POINT('',#1218) ;
#1226=VERTEX_POINT('',#1225) ;
#1311=VERTEX_POINT('',#1310) ;
#1336=VERTEX_POINT('',#1335) ;
#1371=VERTEX_POINT('',#1370) ;
#1380=VERTEX_POINT('',#1379) ;
#1387=VERTEX_POINT('',#1386) ;
#1396=VERTEX_POINT('',#1395) ;
#1404=VERTEX_POINT('',#1403) ;
#1413=VERTEX_POINT('',#1412) ;
#1446=VERTEX_POINT('',#1445) ;
#1453=VERTEX_POINT('',#1452) ;
#1461=VERTEX_POINT('',#1460) ;
#1501=VERTEX_POINT('',#1500) ;
#1531=VERTEX_POINT('',#1530) ;
#1538=VERTEX_POINT('',#1537) ;
#1562=VERTEX_POINT('',#1561) ;
#1637=VERTEX_POINT('',#1636) ;
#1645=VERTEX_POINT('',#1644) ;
#1653=VERTEX_POINT('',#1652) ;
#1669=VERTEX_POINT('',#1668) ;
#1705=VERTEX_POINT('',#1704) ;
#1712=VERTEX_POINT('',#1711) ;
#1748=VERTEX_POINT('',#1747) ;
#1755=VERTEX_POINT('',#1754) ;
#1837=VERTEX_POINT('',#1836) ;
#1904=VERTEX_POINT('',#1903) ;
#1930=VERTEX_POINT('',#1929) ;
#1955=VERTEX_POINT('',#1954) ;
#2012=VERTEX_POINT('',#2011) ;
#2076=VERTEX_POINT('',#2075) ;
#2157=VERTEX_POINT('',#2156) ;
#2186=VERTEX_POINT('',#2185) ;
#2193=VERTEX_POINT('',#2192) ;
#2229=VERTEX_POINT('',#2228) ;
#2231=VERTEX_POINT('',#2230) ;
#2238=VERTEX_POINT('',#2237) ;
#2271=VERTEX_POINT('',#2270) ;
#2279=VERTEX_POINT('',#2278) ;
#2287=VERTEX_POINT('',#2286) ;
#2333=VERTEX_POINT('',#2332) ;
#2335=VERTEX_POINT('',#2334) ;
#2385=VERTEX_POINT('',#2384) ;
#2387=VERTEX_POINT('',#2386) ;
#2394=VERTEX_POINT('',#2393) ;
#2423=VERTEX_POINT('',#2422) ;
#2430=VERTEX_POINT('',#2429) ;
#2439=VERTEX_POINT('',#2438) ;
#2471=VERTEX_POINT('',#2470) ;
#2473=VERTEX_POINT('',#2472) ;
#2481=VERTEX_POINT('',#2480) ;
#2490=VERTEX_POINT('',#2489) ;
#2497=VERTEX_POINT('',#2496) ;
#2504=VERTEX_POINT('',#2503) ;
#2566=VERTEX_POINT('',#2565) ;
#2568=VERTEX_POINT('',#2567) ;
#2575=VERTEX_POINT('',#2574) ;
#2583=VERTEX_POINT('',#2582) ;
#2591=VERTEX_POINT('',#2590) ;
#2607=VERTEX_POINT('',#2606) ;
#2675=VERTEX_POINT('',#2674) ;
#2685=VERTEX_POINT('',#2684) ;
#2710=VERTEX_POINT('',#2709) ;
#2734=VERTEX_POINT('',#2733) ;
#2750=VERTEX_POINT('',#2749) ;
#2758=VERTEX_POINT('',#2757) ;
#2766=VERTEX_POINT('',#2765) ;
#2810=VERTEX_POINT('',#2809) ;
#2840=VERTEX_POINT('',#2839) ;
#2842=VERTEX_POINT('',#2841) ;
#2875=VERTEX_POINT('',#2874) ;
#2877=VERTEX_POINT('',#2876) ;
#3033=VERTEX_POINT('',#3032) ;
#3035=VERTEX_POINT('',#3034) ;
#3067=VERTEX_POINT('',#3066) ;
#3074=VERTEX_POINT('',#3073) ;
#3098=VERTEX_POINT('',#3097) ;
#3206=VERTEX_POINT('',#3205) ;
#3273=VERTEX_POINT('',#3272) ;
#3356=VERTEX_POINT('',#3355) ;
#3364=VERTEX_POINT('',#3363) ;
#3371=VERTEX_POINT('',#3370) ;
#3399=VERTEX_POINT('',#3398) ;
#3406=VERTEX_POINT('',#3405) ;
#3430=VERTEX_POINT('',#3429) ;
#3487=VERTEX_POINT('',#3486) ;
#3553=VERTEX_POINT('',#3552) ;
#3579=VERTEX_POINT('',#3578) ;
#3641=VERTEX_POINT('',#3640) ;
#3649=VERTEX_POINT('',#3648) ;
#3657=VERTEX_POINT('',#3656) ;
#3666=VERTEX_POINT('',#3665) ;
#3676=VERTEX_POINT('',#3675) ;
#3685=VERTEX_POINT('',#3684) ;
#3693=VERTEX_POINT('',#3692) ;
#3736=VERTEX_POINT('',#3735) ;
#3738=VERTEX_POINT('',#3737) ;
#3806=VERTEX_POINT('',#3805) ;
#3870=VERTEX_POINT('',#3869) ;
#3889=VERTEX_POINT('',#3888) ;
#3915=VERTEX_POINT('',#3914) ;
#3982=VERTEX_POINT('',#3981) ;
#4025=VERTEX_POINT('',#4024) ;
#4083=VERTEX_POINT('',#4082) ;
#4116=VERTEX_POINT('',#4115) ;
#4123=VERTEX_POINT('',#4122) ;
#4202=VERTEX_POINT('',#4201) ;
#4211=VERTEX_POINT('',#4210) ;
#4219=VERTEX_POINT('',#4218) ;
#4228=VERTEX_POINT('',#4227) ;
#4237=VERTEX_POINT('',#4236) ;
#4282=VERTEX_POINT('',#4281) ;
#4396=VERTEX_POINT('',#4395) ;
#4398=VERTEX_POINT('',#4397) ;
#4428=VERTEX_POINT('',#4427) ;
#4488=VERTEX_POINT('',#4487) ;
#4522=VERTEX_POINT('',#4521) ;
#4524=VERTEX_POINT('',#4523) ;
#4533=VERTEX_POINT('',#4532) ;
#4541=VERTEX_POINT('',#4540) ;
#4550=VERTEX_POINT('',#4549) ;
#4600=VERTEX_POINT('',#4599) ;
#4681=VERTEX_POINT('',#4680) ;
#4689=VERTEX_POINT('',#4688) ;
#4714=VERTEX_POINT('',#4713) ;
#4721=VERTEX_POINT('',#4720) ;
#4745=VERTEX_POINT('',#4744) ;
#4841=VERTEX_POINT('',#4840) ;
#4868=VERTEX_POINT('',#4867) ;
#5288=VERTEX_POINT('',#5287) ;
#5290=VERTEX_POINT('',#5289) ;
#5298=VERTEX_POINT('',#5297) ;
#5308=VERTEX_POINT('',#5307) ;
#5316=VERTEX_POINT('',#5315) ;
#5323=VERTEX_POINT('',#5322) ;
#5335=VERTEX_POINT('',#5334) ;
#5342=VERTEX_POINT('',#5341) ;
#5350=VERTEX_POINT('',#5349) ;
#5360=VERTEX_POINT('',#5359) ;
#5388=VERTEX_POINT('',#5387) ;
#5390=VERTEX_POINT('',#5389) ;
#5398=VERTEX_POINT('',#5397) ;
#5408=VERTEX_POINT('',#5407) ;
#5416=VERTEX_POINT('',#5415) ;
#5428=VERTEX_POINT('',#5427) ;
#5436=VERTEX_POINT('',#5435) ;
#5446=VERTEX_POINT('',#5445) ;
#5483=VERTEX_POINT('',#5482) ;
#5485=VERTEX_POINT('',#5484) ;
#5553=VERTEX_POINT('',#5552) ;
#5560=VERTEX_POINT('',#5559) ;
#5612=VERTEX_POINT('',#5611) ;
#5622=VERTEX_POINT('',#5621) ;
#5630=VERTEX_POINT('',#5629) ;
#5659=VERTEX_POINT('',#5658) ;
#5711=VERTEX_POINT('',#5710) ;
#5721=VERTEX_POINT('',#5720) ;
#5729=VERTEX_POINT('',#5728) ;
#5751=VERTEX_POINT('',#5750) ;
#5771=VERTEX_POINT('',#5770) ;
#5778=VERTEX_POINT('',#5777) ;
#5829=VERTEX_POINT('',#5828) ;
#5839=VERTEX_POINT('',#5838) ;
#5847=VERTEX_POINT('',#5846) ;
#5876=VERTEX_POINT('',#5875) ;
#5928=VERTEX_POINT('',#5927) ;
#5936=VERTEX_POINT('',#5935) ;
#5961=VERTEX_POINT('',#5960) ;
#5968=VERTEX_POINT('',#5967) ;
#6020=VERTEX_POINT('',#6019) ;
#6030=VERTEX_POINT('',#6029) ;
#6038=VERTEX_POINT('',#6037) ;
#6067=VERTEX_POINT('',#6066) ;
#6119=VERTEX_POINT('',#6118) ;
#6127=VERTEX_POINT('',#6126) ;
#6137=VERTEX_POINT('',#6136) ;
#6172=VERTEX_POINT('',#6171) ;
#6225=VERTEX_POINT('',#6224) ;
#6227=VERTEX_POINT('',#6226) ;
#6235=VERTEX_POINT('',#6234) ;
#6270=VERTEX_POINT('',#6269) ;
#6322=VERTEX_POINT('',#6321) ;
#6330=VERTEX_POINT('',#6329) ;
#6359=VERTEX_POINT('',#6358) ;
#6366=VERTEX_POINT('',#6365) ;
#6464=VERTEX_POINT('',#6463) ;
#6466=VERTEX_POINT('',#6465) ;
#6482=VERTEX_POINT('',#6481) ;
#6484=VERTEX_POINT('',#6483) ;
#6520=VERTEX_POINT('',#6519) ;
#6554=VERTEX_POINT('',#6553) ;
#6640=VERTEX_POINT('',#6639) ;
#6646=VERTEX_POINT('',#6645) ;
#6653=VERTEX_POINT('',#6652) ;
#6659=VERTEX_POINT('',#6658) ;
#6702=VERTEX_POINT('',#6701) ;
#6708=VERTEX_POINT('',#6707) ;
#6715=VERTEX_POINT('',#6714) ;
#6721=VERTEX_POINT('',#6720) ;
#6766=VERTEX_POINT('',#6765) ;
#6773=VERTEX_POINT('',#6772) ;
#6816=VERTEX_POINT('',#6815) ;
#6823=VERTEX_POINT('',#6822) ;
#6914=VERTEX_POINT('',#6913) ;
#6916=VERTEX_POINT('',#6915) ;
#6923=VERTEX_POINT('',#6922) ;
#6930=VERTEX_POINT('',#6929) ;
#6971=VERTEX_POINT('',#6970) ;
#6973=VERTEX_POINT('',#6972) ;
#6980=VERTEX_POINT('',#6979) ;
#6987=VERTEX_POINT('',#6986) ;
#7011=VERTEX_POINT('',#7010) ;
#7013=VERTEX_POINT('',#7012) ;
#7042=VERTEX_POINT('',#7041) ;
#7049=VERTEX_POINT('',#7048) ;
#7073=VERTEX_POINT('',#7072) ;
#7080=VERTEX_POINT('',#7079) ;
#7104=VERTEX_POINT('',#7103) ;
#7106=VERTEX_POINT('',#7105) ;
#7135=VERTEX_POINT('',#7134) ;
#7137=VERTEX_POINT('',#7136) ;
#7166=VERTEX_POINT('',#7165) ;
#7168=VERTEX_POINT('',#7167) ;
#7261=VERTEX_POINT('',#7260) ;
#7263=VERTEX_POINT('',#7262) ;
#7270=VERTEX_POINT('',#7269) ;
#7277=VERTEX_POINT('',#7276) ;
#7296=VERTEX_POINT('',#7295) ;
#7303=VERTEX_POINT('',#7302) ;
#7322=VERTEX_POINT('',#7321) ;
#7329=VERTEX_POINT('',#7328) ;
#7370=VERTEX_POINT('',#7369) ;
#7377=VERTEX_POINT('',#7376) ;
#7396=VERTEX_POINT('',#7395) ;
#7415=VERTEX_POINT('',#7414) ;
#7451=VERTEX_POINT('',#7450) ;
#7458=VERTEX_POINT('',#7457) ;
#7477=VERTEX_POINT('',#7476) ;
#7516=VERTEX_POINT('',#7515) ;
#7518=VERTEX_POINT('',#7517) ;
#7526=VERTEX_POINT('',#7525) ;
#7533=VERTEX_POINT('',#7532) ;
#7552=VERTEX_POINT('',#7551) ;
#7560=VERTEX_POINT('',#7559) ;
#7581=VERTEX_POINT('',#7580) ;
#7583=VERTEX_POINT('',#7582) ;
#7590=VERTEX_POINT('',#7589) ;
#7597=VERTEX_POINT('',#7596) ;
#7619=VERTEX_POINT('',#7618) ;
#7640=VERTEX_POINT('',#7639) ;
#7642=VERTEX_POINT('',#7641) ;
#7650=VERTEX_POINT('',#7649) ;
#7669=VERTEX_POINT('',#7668) ;
#7676=VERTEX_POINT('',#7675) ;
#7684=VERTEX_POINT('',#7683) ;
#7720=VERTEX_POINT('',#7719) ;
#7727=VERTEX_POINT('',#7726) ;
#7735=VERTEX_POINT('',#7734) ;
#7770=VERTEX_POINT('',#7769) ;
#7806=VERTEX_POINT('',#7805) ;
#7808=VERTEX_POINT('',#7807) ;
#7815=VERTEX_POINT('',#7814) ;
#7822=VERTEX_POINT('',#7821) ;
#7841=VERTEX_POINT('',#7840) ;
#7848=VERTEX_POINT('',#7847) ;
#7866=VERTEX_POINT('',#7865) ;
#7868=VERTEX_POINT('',#7867) ;
#7926=VERTEX_POINT('',#7925) ;
#7933=VERTEX_POINT('',#7932) ;
#7940=VERTEX_POINT('',#7939) ;
#7965=VERTEX_POINT('',#7964) ;
#7967=VERTEX_POINT('',#7966) ;
#7998=VERTEX_POINT('',#7997) ;
#8000=VERTEX_POINT('',#7999) ;
#8012=VERTEX_POINT('',#8011) ;
#8019=VERTEX_POINT('',#8018) ;
#8026=VERTEX_POINT('',#8025) ;
#8033=VERTEX_POINT('',#8032) ;
#8040=VERTEX_POINT('',#8039) ;
#8081=VERTEX_POINT('',#8080) ;
#8105=VERTEX_POINT('',#8104) ;
#8112=VERTEX_POINT('',#8111) ;
#8137=VERTEX_POINT('',#8136) ;
#8139=VERTEX_POINT('',#8138) ;
#8146=VERTEX_POINT('',#8145) ;
#8153=VERTEX_POINT('',#8152) ;
#8165=VERTEX_POINT('',#8164) ;
#8173=VERTEX_POINT('',#8172) ;
#8182=VERTEX_POINT('',#8181) ;
#8189=VERTEX_POINT('',#8188) ;
#8198=VERTEX_POINT('',#8197) ;
#8206=VERTEX_POINT('',#8205) ;
#8216=VERTEX_POINT('',#8215) ;
#8226=VERTEX_POINT('',#8225) ;
#8234=VERTEX_POINT('',#8233) ;
#8243=VERTEX_POINT('',#8242) ;
#8250=VERTEX_POINT('',#8249) ;
#8259=VERTEX_POINT('',#8258) ;
#8267=VERTEX_POINT('',#8266) ;
#8279=VERTEX_POINT('',#8278) ;
#8286=VERTEX_POINT('',#8285) ;
#8293=VERTEX_POINT('',#8292) ;
#8300=VERTEX_POINT('',#8299) ;
#8307=VERTEX_POINT('',#8306) ;
#8408=VERTEX_POINT('',#8407) ;
#8415=VERTEX_POINT('',#8414) ;
#8422=VERTEX_POINT('',#8421) ;
#8429=VERTEX_POINT('',#8428) ;
#8441=VERTEX_POINT('',#8440) ;
#8448=VERTEX_POINT('',#8447) ;
#8455=VERTEX_POINT('',#8454) ;
#8462=VERTEX_POINT('',#8461) ;
#8491=VERTEX_POINT('',#8490) ;
#8493=VERTEX_POINT('',#8492) ;
#8500=VERTEX_POINT('',#8499) ;
#8507=VERTEX_POINT('',#8506) ;
#8533=VERTEX_POINT('',#8532) ;
#8573=VERTEX_POINT('',#8572) ;
#8581=VERTEX_POINT('',#8580) ;
#8588=VERTEX_POINT('',#8587) ;
#8595=VERTEX_POINT('',#8594) ;
#8625=VERTEX_POINT('',#8624) ;
#8652=VERTEX_POINT('',#8651) ;
#8678=VERTEX_POINT('',#8677) ;
#8702=VERTEX_POINT('',#8701) ;
#8746=VERTEX_POINT('',#8745) ;
#8767=VERTEX_POINT('',#8766) ;
#8786=VERTEX_POINT('',#8785) ;
#8807=VERTEX_POINT('',#8806) ;
#8854=VERTEX_POINT('',#8853) ;
#8856=VERTEX_POINT('',#8855) ;
#8863=VERTEX_POINT('',#8862) ;
#8871=VERTEX_POINT('',#8870) ;
#8935=VERTEX_POINT('',#8934) ;
#8942=VERTEX_POINT('',#8941) ;
#8989=VERTEX_POINT('',#8988) ;
#9043=VERTEX_POINT('',#9042) ;
#9077=VERTEX_POINT('',#9076) ;
#9110=VERTEX_POINT('',#9109) ;
#9139=VERTEX_POINT('',#9138) ;
#9146=VERTEX_POINT('',#9145) ;
#9239=VERTEX_POINT('',#9238) ;
#9241=VERTEX_POINT('',#9240) ;
#9248=VERTEX_POINT('',#9247) ;
#9255=VERTEX_POINT('',#9254) ;
#9296=VERTEX_POINT('',#9295) ;
#9303=VERTEX_POINT('',#9302) ;
#9396=VERTEX_POINT('',#9395) ;
#9398=VERTEX_POINT('',#9397) ;
#9405=VERTEX_POINT('',#9404) ;
#9413=VERTEX_POINT('',#9412) ;
#41=(LENGTH_UNIT()NAMED_UNIT(*)SI_UNIT(.MILLI.,.METRE.)) ;
#42=(NAMED_UNIT(*)PLANE_ANGLE_UNIT()SI_UNIT($,.RADIAN.)) ;
#43=(NAMED_UNIT(*)SI_UNIT($,.STERADIAN.)SOLID_ANGLE_UNIT()) ;
#45=(GEOMETRIC_REPRESENTATION_CONTEXT(3)GLOBAL_UNCERTAINTY_ASSIGNED_CONTEXT((#44))GLOBAL_UNIT_ASSIGNED_CONTEXT((#41,#42,#43))REPRESENTATION_CONTEXT(' ',' ')) ;
ENDSEC;
END-ISO-10303-21;
