ISO-10303-21;
HEADER;
FILE_DESCRIPTION (( 'STEP AP214' ),
    '1' );
FILE_NAME ('XGL4020.STEP',
    '2025-04-04T14:00:50',
    ( '' ),
    ( '' ),
    'SwSTEP 2.0',
    'SolidWorks 2023',
    '' );
FILE_SCHEMA (( 'AUTOMOTIVE_DESIGN' ));
ENDSEC;

DATA;
#1 = DIRECTION ( 'NONE',  ( 0.000000000000000000, 0.000000000000000000, 1.000000000000000000 ) ) ;
#2 = CARTESIAN_POINT ( 'NONE',  ( 0.4579918929540660044, 2.000000000000000000, -0.6426426023145804800 ) ) ;
#3 = COLOUR_RGB ( '',1.000000000000000000, 1.000000000000000000, 1.000000000000000000 ) ;
#4 = SURFACE_STYLE_USAGE ( .BOTH. , #1025 ) ;
#5 = EDGE_CURVE ( 'NONE', #1292, #2670, #1743, .T. ) ;
#6 = CARTESIAN_POINT ( 'NONE',  ( 1.783761415491975422, 1.999999999999999556, -0.6979959836438807130 ) ) ;
#7 = CARTESIAN_POINT ( 'NONE',  ( 0.3535955464973720708, 2.000000000000000000, -0.4543577267240323514 ) ) ;
#8 = ORIENTED_EDGE ( 'NONE', *, *, #2598, .T. ) ;
#9 =( GEOMETRIC_REPRESENTATION_CONTEXT ( 3 ) GLOBAL_UNCERTAINTY_ASSIGNED_CONTEXT ( ( #1985 ) ) GLOBAL_UNIT_ASSIGNED_CONTEXT ( ( #2660, #1897, #1175 ) ) REPRESENTATION_CONTEXT ( 'NONE', 'WORKASPACE' ) );
#10 = CARTESIAN_POINT ( 'NONE',  ( 1.214279204130276790, 2.000000000000000000, -0.8098674166746674397 ) ) ;
#11 = FILL_AREA_STYLE ('',( #1597 ) ) ;
#12 = CARTESIAN_POINT ( 'NONE',  ( 1.592944016905270654, 1.999000000000000332, -0.6275465048497027576 ) ) ;
#13 = VERTEX_POINT ( 'NONE', #2276 ) ;
#14 =( LENGTH_UNIT ( ) NAMED_UNIT ( * ) SI_UNIT ( .MILLI., .METRE. ) );
#15 = DIRECTION ( 'NONE',  ( -0.000000000000000000, 1.000000000000000000, -0.000000000000000000 ) ) ;
#16 = MECHANICAL_DESIGN_GEOMETRIC_PRESENTATION_REPRESENTATION (  '', ( #2824 ), #1891 ) ;
#17 = VERTEX_POINT ( 'NONE', #356 ) ;
#18 = DIRECTION ( 'NONE',  ( 0.000000000000000000, 0.000000000000000000, 1.000000000000000000 ) ) ;
#19 = CARTESIAN_POINT ( 'NONE',  ( 1.588695564061296306, 1.999999999999999556, -0.08423471214300079501 ) ) ;
#20 = DIRECTION ( 'NONE',  ( -0.000000000000000000, 1.000000000000000000, -0.000000000000000000 ) ) ;
#21 =( NAMED_UNIT ( * ) PLANE_ANGLE_UNIT ( ) SI_UNIT ( $, .RADIAN. ) );
#22 = VECTOR ( 'NONE', #3100, 1000.000000000000000 ) ;
#23 =( LENGTH_UNIT ( ) NAMED_UNIT ( * ) SI_UNIT ( .MILLI., .METRE. ) );
#24 = ADVANCED_FACE ( 'NONE', ( #1163 ), #3071, .F. ) ;
#25 = ORIENTED_EDGE ( 'NONE', *, *, #1931, .T. ) ;
#26 = ADVANCED_FACE ( 'NONE', ( #3088 ), #737, .T. ) ;
#27 = CARTESIAN_POINT ( 'NONE',  ( 1.604999999999999760, -0.1000000000000000056, 1.625000000000000444 ) ) ;
#28 = MECHANICAL_DESIGN_GEOMETRIC_PRESENTATION_REPRESENTATION (  '', ( #1591 ), #2388 ) ;
#29 = FILL_AREA_STYLE_COLOUR ( '', #60 ) ;
#30 = SURFACE_SIDE_STYLE ('',( #495 ) ) ;
#31 = CARTESIAN_POINT ( 'NONE',  ( 1.166976922377209513, 2.000000000000000000, -0.2868539256859678477 ) ) ;
#32 = ORIENTED_EDGE ( 'NONE', *, *, #1515, .F. ) ;
#33 = DIRECTION ( 'NONE',  ( 0.000000000000000000, 1.000000000000000000, 0.000000000000000000 ) ) ;
#34 = DIRECTION ( 'NONE',  ( -0.000000000000000000, 1.000000000000000000, -0.000000000000000000 ) ) ;
#35 = VERTEX_POINT ( 'NONE', #1036 ) ;
#36 = VECTOR ( 'NONE', #1982, 1000.000000000000000 ) ;
#37 = PRESENTATION_LAYER_ASSIGNMENT (  '', '', ( #829 ) ) ;
#38 = CARTESIAN_POINT ( 'NONE',  ( 1.844598523588411698, 1.998999999999999888, 0.06962044423575332319 ) ) ;
#39 = ADVANCED_FACE ( 'NONE', ( #262 ), #2562, .T. ) ;
#40 = CARTESIAN_POINT ( 'NONE',  ( -1.604999999999999760, -0.000000000000000000, -1.625000000000000000 ) ) ;
#41 = CARTESIAN_POINT ( 'NONE',  ( 1.818736998913070391, 1.999000000000000332, 0.06882154722262183444 ) ) ;
#42 = SURFACE_SIDE_STYLE ('',( #345 ) ) ;
#43 =( GEOMETRIC_REPRESENTATION_CONTEXT ( 3 ) GLOBAL_UNCERTAINTY_ASSIGNED_CONTEXT ( ( #2507 ) ) GLOBAL_UNIT_ASSIGNED_CONTEXT ( ( #2345, #3401, #1328 ) ) REPRESENTATION_CONTEXT ( 'NONE', 'WORKASPACE' ) );
#44 =( GEOMETRIC_REPRESENTATION_CONTEXT ( 3 ) GLOBAL_UNCERTAINTY_ASSIGNED_CONTEXT ( ( #474 ) ) GLOBAL_UNIT_ASSIGNED_CONTEXT ( ( #3215, #609, #3033 ) ) REPRESENTATION_CONTEXT ( 'NONE', 'WORKASPACE' ) );
#45 =( GEOMETRIC_REPRESENTATION_CONTEXT ( 3 ) GLOBAL_UNCERTAINTY_ASSIGNED_CONTEXT ( ( #759 ) ) GLOBAL_UNIT_ASSIGNED_CONTEXT ( ( #354, #324, #2137 ) ) REPRESENTATION_CONTEXT ( 'NONE', 'WORKASPACE' ) );
#46 =( NAMED_UNIT ( * ) SI_UNIT ( $, .STERADIAN. ) SOLID_ANGLE_UNIT ( ) );
#47 = APPLICATION_PROTOCOL_DEFINITION ( 'draft international standard', 'automotive_design', 1998, #101 ) ;
#48 = ORIENTED_EDGE ( 'NONE', *, *, #2809, .T. ) ;
#49 = AXIS2_PLACEMENT_3D ( 'NONE', #1241, #437, #1259 ) ;
#50 = CARTESIAN_POINT ( 'NONE',  ( 1.114470318460206721, 2.000000000000000000, -0.8893539147386058108 ) ) ;
#51 = SURFACE_SIDE_STYLE ('',( #294 ) ) ;
#52 = ORIENTED_EDGE ( 'NONE', *, *, #3220, .F. ) ;
#53 = CARTESIAN_POINT ( 'NONE',  ( 1.393092125782104063, 1.998999999999999888, 0.4969425979905797708 ) ) ;
#54 = SURFACE_STYLE_FILL_AREA ( #2200 ) ;
#55 = FILL_AREA_STYLE ('',( #2726 ) ) ;
#56 = ORIENTED_EDGE ( 'NONE', *, *, #1269, .T. ) ;
#57 =( NAMED_UNIT ( * ) SI_UNIT ( $, .STERADIAN. ) SOLID_ANGLE_UNIT ( ) );
#58 = CARTESIAN_POINT ( 'NONE',  ( 1.393092125782104285, 2.000000000000000000, -0.8107497097017279941 ) ) ;
#59 = AXIS2_PLACEMENT_3D ( 'NONE', #2340, #2618, #1869 ) ;
#60 = COLOUR_RGB ( '',1.000000000000000000, 1.000000000000000000, 1.000000000000000000 ) ;
#61 = EDGE_CURVE ( 'NONE', #3081, #1453, #1051, .T. ) ;
#62 = CARTESIAN_POINT ( 'NONE',  ( 1.844598523588411698, 2.000000000000000000, 0.7234665980819070530 ) ) ;
#63 = EDGE_LOOP ( 'NONE', ( #2221, #3255, #2853, #2178 ) ) ;
#64 = CARTESIAN_POINT ( 'NONE',  ( -0.7849999999999995870, -0.1000000000000000056, 1.625000000000000000 ) ) ;
#65 = CARTESIAN_POINT ( 'NONE',  ( 1.638943977746428748, 2.000000000000000000, -0.6155842192402385393 ) ) ;
#66 = SURFACE_STYLE_USAGE ( .BOTH. , #410 ) ;
#67 = CARTESIAN_POINT ( 'NONE',  ( 1.783761415491974978, 1.998999999999999000, 0.6096963240484266633 ) ) ;
#68 = VERTEX_POINT ( 'NONE', #245 ) ;
#69 = DIRECTION ( 'NONE',  ( -0.000000000000000000, 1.000000000000000000, -0.000000000000000000 ) ) ;
#70 = DIRECTION ( 'NONE',  ( -1.000000000000000000, 0.000000000000000000, 1.008560160451632221E-16 ) ) ;
#71 = COLOUR_RGB ( '',1.000000000000000000, 1.000000000000000000, 1.000000000000000000 ) ;
#72 = CARTESIAN_POINT ( 'NONE',  ( 1.538885060303292418, 1.999999999999999556, 0.5550740808328559206 ) ) ;
#73 =( NAMED_UNIT ( * ) SI_UNIT ( $, .STERADIAN. ) SOLID_ANGLE_UNIT ( ) );
#74 = ORIENTED_EDGE ( 'NONE', *, *, #1585, .T. ) ;
#75 = FILL_AREA_STYLE ('',( #329 ) ) ;
#76 = CARTESIAN_POINT ( 'NONE',  ( 1.588695564061296528, 2.000000000000000000, -0.7380808659891547885 ) ) ;
#77 = EDGE_CURVE ( 'NONE', #1683, #2878, #1649, .T. ) ;
#78 = CARTESIAN_POINT ( 'NONE',  ( 1.613538828075591125, 2.000000000000000000, -0.7308302769180928804 ) ) ;
#79 = ORIENTED_EDGE ( 'NONE', *, *, #169, .T. ) ;
#80 =( LENGTH_UNIT ( ) NAMED_UNIT ( * ) SI_UNIT ( .MILLI., .METRE. ) );
#81 = CARTESIAN_POINT ( 'NONE',  ( 1.302507916529031418, 1.999000000000000332, 0.5541099772709601190 ) ) ;
#82 = FACE_OUTER_BOUND ( 'NONE', #2309, .T. ) ;
#83 = FACE_OUTER_BOUND ( 'NONE', #696, .T. ) ;
#84 = SURFACE_STYLE_FILL_AREA ( #265 ) ;
#85 =( LENGTH_UNIT ( ) NAMED_UNIT ( * ) SI_UNIT ( .MILLI., .METRE. ) );
#86 = CARTESIAN_POINT ( 'NONE',  ( 1.704041081140212022, 2.000000000000000444, 0.05312356633710009490 ) ) ;
#87 = COLOUR_RGB ( '',1.000000000000000000, 1.000000000000000000, 1.000000000000000000 ) ;
#88 = CARTESIAN_POINT ( 'NONE',  ( 1.844598523588411698, 1.998999999999999888, 0.06962044423575332319 ) ) ;
#89 = ORIENTED_EDGE ( 'NONE', *, *, #1931, .F. ) ;
#90 = CARTESIAN_POINT ( 'NONE',  ( -0.5335578645262447628, 2.000000000000000000, 0.5354677598901483870 ) ) ;
#91 = CARTESIAN_POINT ( 'NONE',  ( 1.194811448530128661, 2.000000000000000444, -0.9218295220924767053 ) ) ;
#92 = PRESENTATION_LAYER_ASSIGNMENT (  '', '', ( #2859 ) ) ;
#93 = PRESENTATION_LAYER_ASSIGNMENT (  '', '', ( #1161 ) ) ;
#94 = DIRECTION ( 'NONE',  ( 0.000000000000000000, 0.000000000000000000, 1.000000000000000000 ) ) ;
#95 = SURFACE_SIDE_STYLE ('',( #2451 ) ) ;
#96 = VECTOR ( 'NONE', #1555, 1000.000000000000000 ) ;
#97 = ORIENTED_EDGE ( 'NONE', *, *, #287, .T. ) ;
#98 = ADVANCED_FACE ( 'NONE', ( #2807 ), #184, .F. ) ;
#99 = PRESENTATION_LAYER_ASSIGNMENT (  '', '', ( #3299 ) ) ;
#100 = DIRECTION ( 'NONE',  ( -0.000000000000000000, 1.000000000000000000, -0.000000000000000000 ) ) ;
#101 = APPLICATION_CONTEXT ( 'automotive_design' ) ;
#102 = CARTESIAN_POINT ( 'NONE',  ( 1.122077273403712550, 2.000000000000000000, 0.4251571532015419597 ) ) ;
#103 =( NAMED_UNIT ( * ) PLANE_ANGLE_UNIT ( ) SI_UNIT ( $, .RADIAN. ) );
#104 = AXIS2_PLACEMENT_3D ( 'NONE', #470, #2368, #1913 ) ;
#105 = ORIENTED_EDGE ( 'NONE', *, *, #3357, .T. ) ;
#106 = CARTESIAN_POINT ( 'NONE',  ( 1.255322057264013358, 1.999000000000000332, -0.8839990637417195485 ) ) ;
#107 = EDGE_CURVE ( 'NONE', #1876, #1010, #3122, .T. ) ;
#108 = CARTESIAN_POINT ( 'NONE',  ( -1.647270752819367745, 2.000000000000000000, 1.500000000000000000 ) ) ;
#109 = LINE ( 'NONE', #132, #333 ) ;
#110 = VERTEX_POINT ( 'NONE', #2929 ) ;
#111 = ORIENTED_EDGE ( 'NONE', *, *, #1310, .F. ) ;
#112 = CARTESIAN_POINT ( 'NONE',  ( -0.6553023936601068966, 1.998999999999999888, -0.2231953708185161755 ) ) ;
#113 = UNCERTAINTY_MEASURE_WITH_UNIT (LENGTH_MEASURE( 1.000000000000000082E-05 ), #2826, 'distance_accuracy_value', 'NONE');
#114 = MECHANICAL_DESIGN_GEOMETRIC_PRESENTATION_REPRESENTATION (  '', ( #1625 ), #574 ) ;
#115 = VERTEX_POINT ( 'NONE', #571 ) ;
#116 = VECTOR ( 'NONE', #1115, 1000.000000000000000 ) ;
#117 = LINE ( 'NONE', #3291, #2045 ) ;
#118 = FILL_AREA_STYLE_COLOUR ( '', #1870 ) ;
#119 = ORIENTED_EDGE ( 'NONE', *, *, #77, .F. ) ;
#120 = SURFACE_STYLE_FILL_AREA ( #130 ) ;
#121 = PRESENTATION_STYLE_ASSIGNMENT (( #2483 ) ) ;
#122 = EDGE_CURVE ( 'NONE', #433, #570, #1617, .T. ) ;
#123 = ORIENTED_EDGE ( 'NONE', *, *, #901, .T. ) ;
#124 = FILL_AREA_STYLE ('',( #2788 ) ) ;
#125 = DIRECTION ( 'NONE',  ( 0.000000000000000000, -1.000000000000000000, 0.000000000000000000 ) ) ;
#126 = CARTESIAN_POINT ( 'NONE',  ( 1.005495959485847468, 1.998999999999999888, -0.9983282737129647311 ) ) ;
#127 = ORIENTED_EDGE ( 'NONE', *, *, #2036, .F. ) ;
#128 =( NAMED_UNIT ( * ) PLANE_ANGLE_UNIT ( ) SI_UNIT ( $, .RADIAN. ) );
#129 = CARTESIAN_POINT ( 'NONE',  ( 1.214279204130276790, 1.998999999999999888, 0.4978248910176398812 ) ) ;
#130 = FILL_AREA_STYLE ('',( #933 ) ) ;
#131 = UNCERTAINTY_MEASURE_WITH_UNIT (LENGTH_MEASURE( 1.000000000000000082E-05 ), #2778, 'distance_accuracy_value', 'NONE');
#132 = CARTESIAN_POINT ( 'NONE',  ( 1.604999999999999760, -0.1000000000000000056, 1.625000000000000444 ) ) ;
#133 = SURFACE_STYLE_USAGE ( .BOTH. , #158 ) ;
#134 = ORIENTED_EDGE ( 'NONE', *, *, #2100, .F. ) ;
#135 = ORIENTED_EDGE ( 'NONE', *, *, #694, .F. ) ;
#136 = CARTESIAN_POINT ( 'NONE',  ( 1.613538828075591125, 1.998999999999999888, 0.5768620307742146069 ) ) ;
#137 =( GEOMETRIC_REPRESENTATION_CONTEXT ( 3 ) GLOBAL_UNCERTAINTY_ASSIGNED_CONTEXT ( ( #839 ) ) GLOBAL_UNIT_ASSIGNED_CONTEXT ( ( #3039, #1520, #2301 ) ) REPRESENTATION_CONTEXT ( 'NONE', 'WORKASPACE' ) );
#138 = EDGE_CURVE ( 'NONE', #789, #1321, #826, .T. ) ;
#139 = UNCERTAINTY_MEASURE_WITH_UNIT (LENGTH_MEASURE( 1.000000000000000082E-05 ), #1053, 'distance_accuracy_value', 'NONE');
#140 = CARTESIAN_POINT ( 'NONE',  ( 1.667981684308877277, 2.000000000000000000, -0.06271679922464636070 ) ) ;
#141 = VECTOR ( 'NONE', #969, 1000.000000000000000 ) ;
#142 = CARTESIAN_POINT ( 'NONE',  ( 1.194811448530127773, 1.999999999999999556, 0.3858627855998310041 ) ) ;
#143 =( GEOMETRIC_REPRESENTATION_CONTEXT ( 3 ) GLOBAL_UNCERTAINTY_ASSIGNED_CONTEXT ( ( #676 ) ) GLOBAL_UNIT_ASSIGNED_CONTEXT ( ( #1254, #3298, #1237 ) ) REPRESENTATION_CONTEXT ( 'NONE', 'WORKASPACE' ) );
#144 = CARTESIAN_POINT ( 'NONE',  ( 1.187387142859996247, 1.999000000000000776, 0.4785811866517564739 ) ) ;
#145 =( GEOMETRIC_REPRESENTATION_CONTEXT ( 3 ) GLOBAL_UNCERTAINTY_ASSIGNED_CONTEXT ( ( #1745 ) ) GLOBAL_UNIT_ASSIGNED_CONTEXT ( ( #1561, #2326, #2910 ) ) REPRESENTATION_CONTEXT ( 'NONE', 'WORKASPACE' ) );
#146 = ORIENTED_EDGE ( 'NONE', *, *, #2303, .T. ) ;
#147 = VECTOR ( 'NONE', #2748, 1000.000000000000000 ) ;
#148 = CARTESIAN_POINT ( 'NONE',  ( 1.344862199222082833, 1.999999999999999556, 0.5784893323248135877 ) ) ;
#149 = DIRECTION ( 'NONE',  ( -0.000000000000000000, -0.000000000000000000, 1.000000000000000000 ) ) ;
#150 = VECTOR ( 'NONE', #2776, 1000.000000000000000 ) ;
#151 =( LENGTH_UNIT ( ) NAMED_UNIT ( * ) SI_UNIT ( .MILLI., .METRE. ) );
#152 = FILL_AREA_STYLE ('',( #3317 ) ) ;
#153 = VERTEX_POINT ( 'NONE', #1396 ) ;
#154 = CARTESIAN_POINT ( 'NONE',  ( 1.114470318460206499, 1.998999999999999888, 0.4183383929537018986 ) ) ;
#155 = CARTESIAN_POINT ( 'NONE',  ( -0.5619670613766420963, 2.000000000000000000, -0.5345340290862313770 ) ) ;
#156 = FACE_BOUND ( 'NONE', #2171, .T. ) ;
#157 = DIRECTION ( 'NONE',  ( -0.000000000000000000, 1.000000000000000000, -0.000000000000000000 ) ) ;
#158 = SURFACE_SIDE_STYLE ('',( #958 ) ) ;
#159 = VECTOR ( 'NONE', #2944, 1000.000000000000000 ) ;
#160 = ORIENTED_EDGE ( 'NONE', *, *, #715, .T. ) ;
#161 = ORIENTED_EDGE ( 'NONE', *, *, #248, .T. ) ;
#162 = UNCERTAINTY_MEASURE_WITH_UNIT (LENGTH_MEASURE( 1.000000000000000082E-05 ), #1005, 'distance_accuracy_value', 'NONE');
#163 = PRESENTATION_LAYER_ASSIGNMENT (  '', '', ( #894 ) ) ;
#164 = CARTESIAN_POINT ( 'NONE',  ( 1.093697081280719408, 1.998999999999999888, 0.3093640339793429228 ) ) ;
#165 = CARTESIAN_POINT ( 'NONE',  ( 1.288135590727311763, 1.998999999999999888, 0.4425507463036981726 ) ) ;
#166 = CARTESIAN_POINT ( 'NONE',  ( -2.149999999999999911, 2.000000000000000000, 1.899999999999998135 ) ) ;
#167 = SURFACE_STYLE_FILL_AREA ( #2847 ) ;
#168 = EDGE_CURVE ( 'NONE', #1389, #2410, #1356, .T. ) ;
#169 = EDGE_CURVE ( 'NONE', #1256, #633, #2425, .T. ) ;
#170 = COLOUR_RGB ( '',0.1019607843137254888, 0.1019607843137254888, 0.1019607843137254888 ) ;
#171 = ORIENTED_EDGE ( 'NONE', *, *, #3218, .F. ) ;
#172 = CARTESIAN_POINT ( 'NONE',  ( 1.187387142859996247, 2.000000000000000888, 0.4785811866517564739 ) ) ;
#173 = PRESENTATION_STYLE_ASSIGNMENT (( #1531 ) ) ;
#174 = PRESENTATION_LAYER_ASSIGNMENT (  '', '', ( #2824 ) ) ;
#175 = B_SPLINE_SURFACE_WITH_KNOTS ( 'NONE', 3, 1, ( 
 ( #3098, #798 ),
 ( #1850, #2102 ),
 ( #2116, #2129 ),
 ( #1623, #3161 ),
 ( #2893, #31 ),
 ( #2610, #844 ),
 ( #1632, #536 ),
 ( #781, #2668 ),
 ( #256, #2923 ),
 ( #1373, #1592 ),
 ( #565, #1316 ),
 ( #2083, #3386 ),
 ( #2348, #302 ),
 ( #1360, #19 ),
 ( #2622, #1835 ) ),
 .UNSPECIFIED., .F., .F., .F.,
 ( 4, 1, 1, 1, 1, 1, 1, 1, 1, 1, 1, 1, 4 ),
 ( 2, 2 ),
 ( 0.000000000000000000, 0.05027287497458349935, 0.1027903700748775961, 0.1576131012369289819, 0.2146311133156756368, 0.2740612127265388276, 0.3356974550538851521, 0.4000702787165529850, 0.4668267493853403005, 0.6020780869193703699, 0.7357515335047495331, 0.8682046170340286251, 1.000000000000000000 ),
 ( 0.000000000000000000, 1.000000000000000000 ),
 .UNSPECIFIED. ) ;
#176 = CARTESIAN_POINT ( 'NONE',  ( 1.005495959485847468, 2.000000000000000000, -0.9983282737129647311 ) ) ;
#177 = DIRECTION ( 'NONE',  ( -8.673617379884035472E-16, 0.000000000000000000, 1.000000000000000000 ) ) ;
#178 = CARTESIAN_POINT ( 'NONE',  ( 0.7354871496469833625, 1.998999999999999888, -0.01750269680276892240 ) ) ;
#179 = ORIENTED_EDGE ( 'NONE', *, *, #1366, .T. ) ;
#180 = STYLED_ITEM ( 'NONE', ( #1463 ), #2454 ) ;
#181 = SURFACE_SIDE_STYLE ('',( #3082 ) ) ;
#182 = CARTESIAN_POINT ( 'NONE',  ( 1.538885060303292862, 1.998999999999999888, -0.09877207301329772593 ) ) ;
#183 = LINE ( 'NONE', #1219, #1559 ) ;
#184 = PLANE ( 'NONE',  #1003 ) ;
#185 = PLANE ( 'NONE',  #49 ) ;
#186 = FILL_AREA_STYLE ('',( #249 ) ) ;
#187 = B_SPLINE_SURFACE_WITH_KNOTS ( 'NONE', 3, 1, ( 
 ( #2009, #990 ),
 ( #2029, #2270 ),
 ( #3294, #1216 ),
 ( #178, #2514 ) ),
 .UNSPECIFIED., .F., .F., .F.,
 ( 4, 4 ),
 ( 2, 2 ),
 ( 0.09090909090909091161, 0.1818181818181818232 ),
 ( 0.000000000000000000, 1.000000000000000000 ),
 .UNSPECIFIED. ) ;
#188 = CARTESIAN_POINT ( 'NONE',  ( -0.7849999999999995870, -0.1000000000000000056, 1.625000000000000000 ) ) ;
#189 = DIRECTION ( 'NONE',  ( 1.000000000000000000, 0.000000000000000000, 0.000000000000000000 ) ) ;
#190 = CARTESIAN_POINT ( 'NONE',  ( 1.242388969312482105, 1.999000000000000332, 0.5168904482041003501 ) ) ;
#191 = VERTEX_POINT ( 'NONE', #3179 ) ;
#192 = CARTESIAN_POINT ( 'NONE',  ( 0.1654665890170580467, 1.998999999999999888, -0.6426426023145787036 ) ) ;
#193 = CARTESIAN_POINT ( 'NONE',  ( 1.187387142859996025, 1.999000000000000776, -0.8291111210405519572 ) ) ;
#194 = ADVANCED_FACE ( 'NONE', ( #1365 ), #1509, .F. ) ;
#195 = CARTESIAN_POINT ( 'NONE',  ( -0.9842666771246730839, 1.998999999999999888, 0.1211016244570786021 ) ) ;
#196 = FACE_OUTER_BOUND ( 'NONE', #1742, .T. ) ;
#197 = EDGE_LOOP ( 'NONE', ( #2925, #815, #3046, #1953 ) ) ;
#198 = CARTESIAN_POINT ( 'NONE',  ( 1.604999999999999760, -0.1000000000000000056, 1.625000000000000444 ) ) ;
#199 = CARTESIAN_POINT ( 'NONE',  ( 1.166976922377209291, 1.998999999999999888, -0.9407000795321217579 ) ) ;
#200 = ORIENTED_EDGE ( 'NONE', *, *, #1450, .F. ) ;
#201 = DIRECTION ( 'NONE',  ( 0.000000000000000000, -1.000000000000000000, 0.000000000000000000 ) ) ;
#202 = B_SPLINE_CURVE_WITH_KNOTS ( 'NONE', 3,
 ( #303, #2654, #2948, #2434 ),
 .UNSPECIFIED., .F., .F.,
 ( 4, 4 ),
 ( 0.3636363636363636465, 0.4545454545454545858 ),
 .UNSPECIFIED. ) ;
#203 = FACE_OUTER_BOUND ( 'NONE', #783, .T. ) ;
#204 = CARTESIAN_POINT ( 'NONE',  ( -1.604999999999999316, 0.000000000000000000, -1.624999999999999778 ) ) ;
#205 = DIRECTION ( 'NONE',  ( -0.000000000000000000, 0.000000000000000000, 1.000000000000000000 ) ) ;
#206 = VECTOR ( 'NONE', #2189, 1000.000000000000000 ) ;
#207 = PRESENTATION_STYLE_ASSIGNMENT (( #1475 ) ) ;
#208 = CARTESIAN_POINT ( 'NONE',  ( -0.3656959684632566931, 2.000000000000000000, -0.3464669802673330801 ) ) ;
#209 = CARTESIAN_POINT ( 'NONE',  ( 1.242388969312482105, 2.000000000000000444, 0.5168904482041003501 ) ) ;
#210 = VECTOR ( 'NONE', #2900, 1000.000000000000000 ) ;
#211 = MECHANICAL_DESIGN_GEOMETRIC_PRESENTATION_REPRESENTATION (  '', ( #2039 ), #3181 ) ;
#212 = SURFACE_STYLE_USAGE ( .BOTH. , #1251 ) ;
#213 = ORIENTED_EDGE ( 'NONE', *, *, #1347, .T. ) ;
#214 = ADVANCED_FACE ( 'NONE', ( #83 ), #650, .T. ) ;
#215 = FILL_AREA_STYLE ('',( #2323 ) ) ;
#216 = CARTESIAN_POINT ( 'NONE',  ( 1.093697081280719408, 1.998999999999999888, -0.3444821198668107098 ) ) ;
#217 = VECTOR ( 'NONE', #1796, 1000.000000000000000 ) ;
#218 = LINE ( 'NONE', #1319, #2526 ) ;
#219 = CARTESIAN_POINT ( 'NONE',  ( 1.588695564061296084, 2.000000000000000000, 0.5696114417031528099 ) ) ;
#220 = EDGE_CURVE ( 'NONE', #3066, #1453, #2250, .T. ) ;
#221 = ORIENTED_EDGE ( 'NONE', *, *, #2456, .F. ) ;
#222 = SURFACE_SIDE_STYLE ('',( #1322 ) ) ;
#223 = EDGE_CURVE ( 'NONE', #1440, #461, #2986, .T. ) ;
#224 = CARTESIAN_POINT ( 'NONE',  ( 1.538885060303292862, 2.000000000000000000, -0.09877207301329772593 ) ) ;
#225 =( GEOMETRIC_REPRESENTATION_CONTEXT ( 3 ) GLOBAL_UNCERTAINTY_ASSIGNED_CONTEXT ( ( #2296 ) ) GLOBAL_UNIT_ASSIGNED_CONTEXT ( ( #3277, #3355, #1288 ) ) REPRESENTATION_CONTEXT ( 'NONE', 'WORKASPACE' ) );
#226 = UNCERTAINTY_MEASURE_WITH_UNIT (LENGTH_MEASURE( 1.000000000000000082E-05 ), #1686, 'distance_accuracy_value', 'NONE');
#227 = CARTESIAN_POINT ( 'NONE',  ( 1.005495959485847468, 1.998999999999999888, -0.3444821198668107098 ) ) ;
#228 =( NAMED_UNIT ( * ) PLANE_ANGLE_UNIT ( ) SI_UNIT ( $, .RADIAN. ) );
#229 = PRESENTATION_LAYER_ASSIGNMENT (  '', '', ( #2413 ) ) ;
#230 = DIRECTION ( 'NONE',  ( 1.000000000000000000, 0.000000000000000000, 0.000000000000000000 ) ) ;
#231 = CARTESIAN_POINT ( 'NONE',  ( 1.114470318460206499, 2.000000000000000000, -0.4534564788411698522 ) ) ;
#232 = SURFACE_STYLE_FILL_AREA ( #268 ) ;
#233 = CARTESIAN_POINT ( 'NONE',  ( 1.535105287417091180, 2.000000000000000444, 0.6623752494765842158 ) ) ;
#234 = CARTESIAN_POINT ( 'NONE',  ( 1.214279204130276790, 2.000000000000000000, -0.8098674166746674397 ) ) ;
#235 = FACE_OUTER_BOUND ( 'NONE', #1192, .T. ) ;
#236 = CARTESIAN_POINT ( 'NONE',  ( 1.399473708798349536, 2.000000000000000444, -0.04715036060231736492 ) ) ;
#237 = ORIENTED_EDGE ( 'NONE', *, *, #1566, .F. ) ;
#238 = CARTESIAN_POINT ( 'NONE',  ( 2.149999999999998135, 0.000000000000000000, 2.149999999999999911 ) ) ;
#239 = DIRECTION ( 'NONE',  ( -0.000000000000000000, 0.000000000000000000, 1.000000000000000000 ) ) ;
#240 =( GEOMETRIC_REPRESENTATION_CONTEXT ( 3 ) GLOBAL_UNCERTAINTY_ASSIGNED_CONTEXT ( ( #3049 ) ) GLOBAL_UNIT_ASSIGNED_CONTEXT ( ( #2374, #3241, #897 ) ) REPRESENTATION_CONTEXT ( 'NONE', 'WORKASPACE' ) );
#241 = B_SPLINE_CURVE_WITH_KNOTS ( 'NONE', 3,
 ( #2876, #813, #1331, #2363, #6, #1607, #1861 ),
 .UNSPECIFIED., .F., .F.,
 ( 4, 1, 1, 1, 4 ),
 ( 0.000000000000000000, 0.2372165186042102247, 0.4825864912431362397, 0.7368469271779309882, 1.000000000000000000 ),
 .UNSPECIFIED. ) ;
#242 = CARTESIAN_POINT ( 'NONE',  ( 1.194811448530127773, 1.999999999999999556, 0.3858627855998310041 ) ) ;
#243 = VECTOR ( 'NONE', #426, 1000.000000000000000 ) ;
#244 = ORIENTED_EDGE ( 'NONE', *, *, #5, .F. ) ;
#245 = CARTESIAN_POINT ( 'NONE',  ( 1.114470318460206721, 2.000000000000000444, -0.2355077608924517618 ) ) ;
#246 = PLANE ( 'NONE',  #2357 ) ;
#247 = PRESENTATION_LAYER_ASSIGNMENT (  '', '', ( #577 ) ) ;
#248 = EDGE_CURVE ( 'NONE', #3335, #369, #964, .T. ) ;
#249 = FILL_AREA_STYLE_COLOUR ( '', #2126 ) ;
#250 = CARTESIAN_POINT ( 'NONE',  ( 1.588695564061296084, 1.998999999999999888, 0.5696114417031528099 ) ) ;
#251 = CARTESIAN_POINT ( 'NONE',  ( 1.093697081280719408, 2.000000000000000000, 0.3093640339793429228 ) ) ;
#252 = LINE ( 'NONE', #2317, #3186 ) ;
#253 = CARTESIAN_POINT ( 'NONE',  ( 1.535105287417091180, 1.998999999999999888, 0.008529095630430564082 ) ) ;
#254 =( GEOMETRIC_REPRESENTATION_CONTEXT ( 3 ) GLOBAL_UNCERTAINTY_ASSIGNED_CONTEXT ( ( #1206 ) ) GLOBAL_UNIT_ASSIGNED_CONTEXT ( ( #3378, #2279, #3070 ) ) REPRESENTATION_CONTEXT ( 'NONE', 'WORKASPACE' ) );
#255 = CARTESIAN_POINT ( 'NONE',  ( 1.271732682161234251, 2.000000000000000444, -0.7718980254628626803 ) ) ;
#256 = CARTESIAN_POINT ( 'NONE',  ( 1.288135590727311763, 1.998999999999999888, -0.2112954075424552935 ) ) ;
#257 = ORIENTED_EDGE ( 'NONE', *, *, #2124, .F. ) ;
#258 = CARTESIAN_POINT ( 'NONE',  ( 2.149999999999998135, 2.000000000000000000, 2.149999999999999911 ) ) ;
#259 = DIRECTION ( 'NONE',  ( 1.000000000000000000, 0.000000000000000000, 0.000000000000000000 ) ) ;
#260 = LINE ( 'NONE', #525, #2402 ) ;
#261 = ORIENTED_EDGE ( 'NONE', *, *, #2619, .F. ) ;
#262 = FACE_OUTER_BOUND ( 'NONE', #3295, .T. ) ;
#263 = CARTESIAN_POINT ( 'NONE',  ( 1.393092125782103841, 2.000000000000000000, -0.1569035558555738064 ) ) ;
#264 = ORIENTED_EDGE ( 'NONE', *, *, #2919, .T. ) ;
#265 = FILL_AREA_STYLE ('',( #635 ) ) ;
#266 = DIRECTION ( 'NONE',  ( -0.000000000000000000, 1.000000000000000000, -0.000000000000000000 ) ) ;
#267 = EDGE_CURVE ( 'NONE', #828, #2861, #413, .T. ) ;
#268 = FILL_AREA_STYLE ('',( #3366 ) ) ;
#269 = CARTESIAN_POINT ( 'NONE',  ( -0.8318957038963288309, 1.998999999999999888, -0.4085086306610319351 ) ) ;
#270 = LINE ( 'NONE', #2924, #2908 ) ;
#271 = ORIENTED_EDGE ( 'NONE', *, *, #1694, .F. ) ;
#272 = VECTOR ( 'NONE', #614, 1000.000000000000000 ) ;
#273 = LINE ( 'NONE', #1595, #2647 ) ;
#274 =( LENGTH_UNIT ( ) NAMED_UNIT ( * ) SI_UNIT ( .MILLI., .METRE. ) );
#275 = MECHANICAL_DESIGN_GEOMETRIC_PRESENTATION_REPRESENTATION (  '', ( #380 ), #1159 ) ;
#276 = SURFACE_SIDE_STYLE ('',( #1879 ) ) ;
#277 = CARTESIAN_POINT ( 'NONE',  ( 1.187387142859996025, 1.999000000000000776, -0.8291111210405519572 ) ) ;
#278 = ORIENTED_EDGE ( 'NONE', *, *, #1914, .T. ) ;
#279 = SURFACE_SIDE_STYLE ('',( #2397 ) ) ;
#280 = CARTESIAN_POINT ( 'NONE',  ( -0.2033966802742774582, 2.000000000000000000, 0.3783458701263677226 ) ) ;
#281 = COLOUR_RGB ( '',1.000000000000000000, 1.000000000000000000, 1.000000000000000000 ) ;
#282 = COLOUR_RGB ( '',0.1921568627450980227, 0.2039215686274509776, 0.2039215686274509776 ) ;
#283 = ORIENTED_EDGE ( 'NONE', *, *, #2850, .T. ) ;
#284 = PRESENTATION_LAYER_ASSIGNMENT (  '', '', ( #1772 ) ) ;
#285 =( GEOMETRIC_REPRESENTATION_CONTEXT ( 3 ) GLOBAL_UNCERTAINTY_ASSIGNED_CONTEXT ( ( #999 ) ) GLOBAL_UNIT_ASSIGNED_CONTEXT ( ( #274, #1014, #2052 ) ) REPRESENTATION_CONTEXT ( 'NONE', 'WORKASPACE' ) );
#286 = DIRECTION ( 'NONE',  ( -1.000000000000000000, 0.000000000000000000, 0.000000000000000000 ) ) ;
#287 = EDGE_CURVE ( 'NONE', #2410, #2643, #2213, .T. ) ;
#288 = EDGE_CURVE ( 'NONE', #1967, #1929, #1236, .T. ) ;
#289 = CARTESIAN_POINT ( 'NONE',  ( 1.734634102153721269, 1.999999999999999556, 0.05880723340261857779 ) ) ;
#290 = EDGE_LOOP ( 'NONE', ( #2743, #630, #3331, #555, #3217, #3163, #1940, #3374 ) ) ;
#291 = AXIS2_PLACEMENT_3D ( 'NONE', #3222, #2687, #1682 ) ;
#292 = DIRECTION ( 'NONE',  ( 1.000000000000000000, 0.000000000000000000, 0.000000000000000000 ) ) ;
#293 =( LENGTH_UNIT ( ) NAMED_UNIT ( * ) SI_UNIT ( .MILLI., .METRE. ) );
#294 = SURFACE_STYLE_FILL_AREA ( #11 ) ;
#295 = FILL_AREA_STYLE_COLOUR ( '', #3138 ) ;
#296 = ORIENTED_EDGE ( 'NONE', *, *, #1956, .F. ) ;
#297 =( NAMED_UNIT ( * ) SI_UNIT ( $, .STERADIAN. ) SOLID_ANGLE_UNIT ( ) );
#298 = VECTOR ( 'NONE', #2366, 1000.000000000000000 ) ;
#299 = DIRECTION ( 'NONE',  ( -0.000000000000000000, -1.000000000000000000, -0.000000000000000000 ) ) ;
#300 = AXIS2_PLACEMENT_3D ( 'NONE', #2713, #870, #640 ) ;
#301 =( GEOMETRIC_REPRESENTATION_CONTEXT ( 3 ) GLOBAL_UNCERTAINTY_ASSIGNED_CONTEXT ( ( #2187 ) ) GLOBAL_UNIT_ASSIGNED_CONTEXT ( ( #1258, #3067, #2503 ) ) REPRESENTATION_CONTEXT ( 'NONE', 'WORKASPACE' ) );
#302 = CARTESIAN_POINT ( 'NONE',  ( 1.538885060303292862, 2.000000000000000000, -0.09877207301329772593 ) ) ;
#303 = CARTESIAN_POINT ( 'NONE',  ( -0.1005526361797927787, 2.000000000000000000, -0.3828990810547363566 ) ) ;
#304 = VERTEX_POINT ( 'NONE', #912 ) ;
#305 = EDGE_CURVE ( 'NONE', #355, #1876, #1930, .T. ) ;
#306 = CARTESIAN_POINT ( 'NONE',  ( 1.137494231787218757, 2.000000000000000444, -0.8687156243701361635 ) ) ;
#307 = LINE ( 'NONE', #2394, #2817 ) ;
#308 = ORIENTED_EDGE ( 'NONE', *, *, #3201, .F. ) ;
#309 = CARTESIAN_POINT ( 'NONE',  ( 0.7354871496469833625, 1.998999999999999888, -0.01750269680276892240 ) ) ;
#310 = DIRECTION ( 'NONE',  ( -1.000000000000000000, 0.000000000000000000, -2.644395542647572259E-16 ) ) ;
#311 = PLANE ( 'NONE',  #2935 ) ;
#312 = EDGE_LOOP ( 'NONE', ( #278, #2229, #903, #2938 ) ) ;
#313 = CARTESIAN_POINT ( 'NONE',  ( -0.2398425385419974409, 1.998999999999999888, -0.2033203975901712313 ) ) ;
#314 = PRESENTATION_STYLE_ASSIGNMENT (( #2633 ) ) ;
#315 = FILL_AREA_STYLE ('',( #1922 ) ) ;
#316 =( NAMED_UNIT ( * ) PLANE_ANGLE_UNIT ( ) SI_UNIT ( $, .RADIAN. ) );
#317 = EDGE_LOOP ( 'NONE', ( #1568, #2037, #686, #985 ) ) ;
#318 = FILL_AREA_STYLE_COLOUR ( '', #1290 ) ;
#319 = STYLED_ITEM ( 'NONE', ( #362 ), #1532 ) ;
#320 = EDGE_CURVE ( 'NONE', #1696, #833, #3350, .T. ) ;
#321 = ORIENTED_EDGE ( 'NONE', *, *, #1695, .T. ) ;
#322 = CARTESIAN_POINT ( 'NONE',  ( 1.588695564061296084, 1.998999999999999888, 0.5696114417031528099 ) ) ;
#323 = PLANE ( 'NONE',  #2192 ) ;
#324 =( NAMED_UNIT ( * ) PLANE_ANGLE_UNIT ( ) SI_UNIT ( $, .RADIAN. ) );
#325 = CARTESIAN_POINT ( 'NONE',  ( 1.824088457804143193, 1.998999999999999888, -0.6948169194909930013 ) ) ;
#326 = EDGE_CURVE ( 'NONE', #1996, #3006, #487, .T. ) ;
#327 = EDGE_CURVE ( 'NONE', #1321, #2737, #1818, .T. ) ;
#328 = VERTEX_POINT ( 'NONE', #1076 ) ;
#329 = FILL_AREA_STYLE_COLOUR ( '', #282 ) ;
#330 = CARTESIAN_POINT ( 'NONE',  ( 1.093697081280719408, 2.000000000000000000, -0.9983282737129647311 ) ) ;
#331 = VECTOR ( 'NONE', #634, 1000.000000000000000 ) ;
#332 = PRESENTATION_LAYER_ASSIGNMENT (  '', '', ( #1385 ) ) ;
#333 = VECTOR ( 'NONE', #157, 1000.000000000000000 ) ;
#334 = LINE ( 'NONE', #611, #1826 ) ;
#335 = ORIENTED_EDGE ( 'NONE', *, *, #288, .T. ) ;
#336 = SURFACE_STYLE_FILL_AREA ( #3191 ) ;
#337 = CARTESIAN_POINT ( 'NONE',  ( 1.161962249413596826, 1.998999999999999444, 0.4587707109648296866 ) ) ;
#338 = DIRECTION ( 'NONE',  ( -0.000000000000000000, 1.000000000000000000, -0.000000000000000000 ) ) ;
#339 = VERTEX_POINT ( 'NONE', #1612 ) ;
#340 = CARTESIAN_POINT ( 'NONE',  ( 1.140965832094679389, 1.999000000000000776, -0.3059510901845516329 ) ) ;
#341 = CARTESIAN_POINT ( 'NONE',  ( 1.638943977746428082, 2.000000000000000444, 0.03826193460591545414 ) ) ;
#342 = SURFACE_STYLE_FILL_AREA ( #3242 ) ;
#343 = VERTEX_POINT ( 'NONE', #2475 ) ;
#344 = CARTESIAN_POINT ( 'NONE',  ( -2.149999999999999911, 2.000000000000000000, 2.149999999999999911 ) ) ;
#345 = SURFACE_STYLE_FILL_AREA ( #2173 ) ;
#346 =( GEOMETRIC_REPRESENTATION_CONTEXT ( 3 ) GLOBAL_UNCERTAINTY_ASSIGNED_CONTEXT ( ( #360 ) ) GLOBAL_UNIT_ASSIGNED_CONTEXT ( ( #648, #2286, #3272 ) ) REPRESENTATION_CONTEXT ( 'NONE', 'WORKASPACE' ) );
#347 = CARTESIAN_POINT ( 'NONE',  ( 1.704041081140212022, 1.998999999999999888, 0.7069697201832535471 ) ) ;
#348 = VERTEX_POINT ( 'NONE', #388 ) ;
#349 = CARTESIAN_POINT ( 'NONE',  ( 1.734634102153721713, 2.000000000000000000, 0.7126533872487722521 ) ) ;
#350 = CARTESIAN_POINT ( 'NONE',  ( 1.638943977746428304, 2.000000000000000000, 0.6921080884520689480 ) ) ;
#351 = ORIENTED_EDGE ( 'NONE', *, *, #1872, .T. ) ;
#352 = CARTESIAN_POINT ( 'NONE',  ( 1.005495959485847468, 1.998999999999999888, 0.3093640339793429228 ) ) ;
#353 = CARTESIAN_POINT ( 'NONE',  ( 1.194811448530127773, 1.998999999999999444, -0.2679833682463224620 ) ) ;
#354 =( LENGTH_UNIT ( ) NAMED_UNIT ( * ) SI_UNIT ( .MILLI., .METRE. ) );
#355 = VERTEX_POINT ( 'NONE', #1961 ) ;
#356 = CARTESIAN_POINT ( 'NONE',  ( 1.844598523588411698, 2.000000000000000000, -0.03935391473860561096 ) ) ;
#357 = CARTESIAN_POINT ( 'NONE',  ( 1.399473708798349536, 1.999000000000000332, -0.04715036060231736492 ) ) ;
#358 = FACE_OUTER_BOUND ( 'NONE', #424, .T. ) ;
#359 = ADVANCED_FACE ( 'NONE', ( #2492 ), #646, .F. ) ;
#360 = UNCERTAINTY_MEASURE_WITH_UNIT (LENGTH_MEASURE( 1.000000000000000082E-05 ), #648, 'distance_accuracy_value', 'NONE');
#361 = CARTESIAN_POINT ( 'NONE',  ( -1.900000000000000577, 0.000000000000000000, -2.149999999999999911 ) ) ;
#362 = PRESENTATION_STYLE_ASSIGNMENT (( #1439 ) ) ;
#363 = EDGE_CURVE ( 'NONE', #507, #1185, #2997, .T. ) ;
#364 = ORIENTED_EDGE ( 'NONE', *, *, #327, .F. ) ;
#365 = SURFACE_STYLE_USAGE ( .BOTH. , #1441 ) ;
#366 = B_SPLINE_CURVE_WITH_KNOTS ( 'NONE', 3,
 ( #2642, #2659, #2927, #2149 ),
 .UNSPECIFIED., .F., .F.,
 ( 4, 4 ),
 ( 0.6363636363636364646, 0.7272727272727274039 ),
 .UNSPECIFIED. ) ;
#367 = PLANE ( 'NONE',  #2684 ) ;
#368 = CARTESIAN_POINT ( 'NONE',  ( 1.137494231787218979, 1.999000000000000332, 0.4389766833221717679 ) ) ;
#369 = VERTEX_POINT ( 'NONE', #950 ) ;
#370 = CARTESIAN_POINT ( 'NONE',  ( 1.288135590727312207, 1.998999999999999888, -0.8651415613886092038 ) ) ;
#371 = SURFACE_SIDE_STYLE ('',( #120 ) ) ;
#372 = FILL_AREA_STYLE_COLOUR ( '', #1880 ) ;
#373 = COLOUR_RGB ( '',0.1921568627450980227, 0.2039215686274509776, 0.2039215686274509776 ) ;
#374 = SURFACE_SIDE_STYLE ('',( #1384 ) ) ;
#375 = ORIENTED_EDGE ( 'NONE', *, *, #2395, .T. ) ;
#376 = SURFACE_STYLE_USAGE ( .BOTH. , #1240 ) ;
#377 = SURFACE_STYLE_FILL_AREA ( #2223 ) ;
#378 = FACE_OUTER_BOUND ( 'NONE', #1068, .T. ) ;
#379 = VECTOR ( 'NONE', #1738, 1000.000000000000000 ) ;
#380 = STYLED_ITEM ( 'NONE', ( #713 ), #2785 ) ;
#381 = PRESENTATION_STYLE_ASSIGNMENT (( #740 ) ) ;
#382 = PRESENTATION_LAYER_ASSIGNMENT (  '', '', ( #3143 ) ) ;
#383 = AXIS2_PLACEMENT_3D ( 'NONE', #344, #1937, #2446 ) ;
#384 = CARTESIAN_POINT ( 'NONE',  ( 1.783761415491975866, 2.000000000000000444, -0.04414982979772683058 ) ) ;
#385 = CARTESIAN_POINT ( 'NONE',  ( 1.824088457804143193, 1.999000000000000332, -0.04097076564483898009 ) ) ;
#386 = MECHANICAL_DESIGN_GEOMETRIC_PRESENTATION_REPRESENTATION (  '', ( #2201 ), #947 ) ;
#387 = EDGE_LOOP ( 'NONE', ( #1138, #895, #736, #1716 ) ) ;
#388 = CARTESIAN_POINT ( 'NONE',  ( 1.613538828075591125, 2.000000000000000000, -0.07698412307193897020 ) ) ;
#389 = EDGE_CURVE ( 'NONE', #2985, #2515, #873, .T. ) ;
#390 = FACE_OUTER_BOUND ( 'NONE', #2384, .T. ) ;
#391 = SURFACE_STYLE_USAGE ( .BOTH. , #728 ) ;
#392 = B_SPLINE_CURVE_WITH_KNOTS ( 'NONE', 3,
 ( #1148, #607, #2155, #3402 ),
 .UNSPECIFIED., .F., .F.,
 ( 4, 4 ),
 ( 0.8181818181818183433, 0.9090909090909092827 ),
 .UNSPECIFIED. ) ;
#393 =( GEOMETRIC_REPRESENTATION_CONTEXT ( 3 ) GLOBAL_UNCERTAINTY_ASSIGNED_CONTEXT ( ( #1739 ) ) GLOBAL_UNIT_ASSIGNED_CONTEXT ( ( #2225, #1627, #554 ) ) REPRESENTATION_CONTEXT ( 'NONE', 'WORKASPACE' ) );
#394 = ORIENTED_EDGE ( 'NONE', *, *, #3265, .F. ) ;
#395 = LINE ( 'NONE', #3297, #966 ) ;
#396 = UNCERTAINTY_MEASURE_WITH_UNIT (LENGTH_MEASURE( 1.000000000000000082E-05 ), #2811, 'distance_accuracy_value', 'NONE');
#397 = CARTESIAN_POINT ( 'NONE',  ( 1.122077273403712772, 2.000000000000000444, -0.2286890006446116730 ) ) ;
#398 = ORIENTED_EDGE ( 'NONE', *, *, #2550, .F. ) ;
#399 = VERTEX_POINT ( 'NONE', #1973 ) ;
#400 = CARTESIAN_POINT ( 'NONE',  ( 1.783761415491974978, 1.998999999999999000, 0.6096963240484266633 ) ) ;
#401 = UNCERTAINTY_MEASURE_WITH_UNIT (LENGTH_MEASURE( 1.000000000000000082E-05 ), #1430, 'distance_accuracy_value', 'NONE');
#402 = PRESENTATION_LAYER_ASSIGNMENT (  '', '', ( #2114 ) ) ;
#403 = STYLED_ITEM ( 'NONE', ( #1119 ), #2310 ) ;
#404 = DIRECTION ( 'NONE',  ( 0.000000000000000000, 0.000000000000000000, 1.000000000000000000 ) ) ;
#405 = DIRECTION ( 'NONE',  ( -1.008560160451632221E-16, 0.000000000000000000, -1.000000000000000000 ) ) ;
#406 = COLOUR_RGB ( '',1.000000000000000000, 1.000000000000000000, 1.000000000000000000 ) ;
#407 = EDGE_LOOP ( 'NONE', ( #2970, #237, #697, #1837, #2365, #1106, #1992, #2415 ) ) ;
#408 =( GEOMETRIC_REPRESENTATION_CONTEXT ( 3 ) GLOBAL_UNCERTAINTY_ASSIGNED_CONTEXT ( ( #2448 ) ) GLOBAL_UNIT_ASSIGNED_CONTEXT ( ( #590, #3197, #1642 ) ) REPRESENTATION_CONTEXT ( 'NONE', 'WORKASPACE' ) );
#409 = CARTESIAN_POINT ( 'NONE',  ( -0.2033966802742774582, 1.998999999999999888, 0.3783458701263677226 ) ) ;
#410 = SURFACE_SIDE_STYLE ('',( #2756 ) ) ;
#411 = SURFACE_STYLE_FILL_AREA ( #152 ) ;
#412 = EDGE_LOOP ( 'NONE', ( #1579, #538, #3370, #1643 ) ) ;
#413 = LINE ( 'NONE', #1481, #1381 ) ;
#414 = EDGE_CURVE ( 'NONE', #1453, #3058, #1862, .T. ) ;
#415 = FILL_AREA_STYLE_COLOUR ( '', #984 ) ;
#416 = DIRECTION ( 'NONE',  ( 0.000000000000000000, -1.000000000000000000, 0.000000000000000000 ) ) ;
#417 = CARTESIAN_POINT ( 'NONE',  ( 1.704041081140212022, 1.998999999999999888, -0.6007225875090536071 ) ) ;
#418 = CARTESIAN_POINT ( 'NONE',  ( 0.4579918929540659489, 2.000000000000000000, -0.6426426023145807020 ) ) ;
#419 = UNCERTAINTY_MEASURE_WITH_UNIT (LENGTH_MEASURE( 1.000000000000000082E-05 ), #1390, 'distance_accuracy_value', 'NONE');
#420 = PLANE ( 'NONE',  #1496 ) ;
#421 = DIRECTION ( 'NONE',  ( -0.000000000000000000, 1.000000000000000000, -0.000000000000000000 ) ) ;
#422 = SURFACE_STYLE_USAGE ( .BOTH. , #1459 ) ;
#423 = COLOUR_RGB ( '',0.8274509803921568096, 0.8392156862745098200, 0.8274509803921568096 ) ;
#424 = EDGE_LOOP ( 'NONE', ( #56, #1075, #1857, #2327 ) ) ;
#425 = LINE ( 'NONE', #3332, #1064 ) ;
#426 = DIRECTION ( 'NONE',  ( 0.000000000000000000, 0.000000000000000000, -1.000000000000000000 ) ) ;
#427 = CARTESIAN_POINT ( 'NONE',  ( 1.465638922642790831, 1.998999999999999888, -0.7799241933919082159 ) ) ;
#428 = FACE_OUTER_BOUND ( 'NONE', #2016, .T. ) ;
#429 = LINE ( 'NONE', #2518, #1873 ) ;
#430 = PLANE ( 'NONE',  #951 ) ;
#431 = CARTESIAN_POINT ( 'NONE',  ( 1.588695564061296528, 2.000000000000000444, -0.7380808659891547885 ) ) ;
#432 = B_SPLINE_SURFACE_WITH_KNOTS ( 'NONE', 3, 1, ( 
 ( #710, #692 ),
 ( #1755, #3257 ),
 ( #2821, #1522 ),
 ( #1737, #155 ) ),
 .UNSPECIFIED., .F., .F., .F.,
 ( 4, 4 ),
 ( 2, 2 ),
 ( 0.3636363636363636465, 0.4545454545454545858 ),
 ( 0.000000000000000000, 1.000000000000000000 ),
 .UNSPECIFIED. ) ;
#433 = VERTEX_POINT ( 'NONE', #192 ) ;
#434 = CARTESIAN_POINT ( 'NONE',  ( -0.9842666771246730839, 1.998999999999999888, 0.1211016244570786021 ) ) ;
#435 = EDGE_CURVE ( 'NONE', #1010, #2613, #3114, .T. ) ;
#436 = EDGE_CURVE ( 'NONE', #3234, #115, #3312, .T. ) ;
#437 = DIRECTION ( 'NONE',  ( -1.000000000000000000, 0.000000000000000000, 0.000000000000000000 ) ) ;
#438 = CARTESIAN_POINT ( 'NONE',  ( 1.166976922377209513, 1.998999999999999888, 0.3669922281601857295 ) ) ;
#439 = STYLED_ITEM ( 'NONE', ( #2663 ), #1871 ) ;
#440 = CARTESIAN_POINT ( 'NONE',  ( 1.613538828075591125, 2.000000000000000000, -0.07698412307193897020 ) ) ;
#441 = DIRECTION ( 'NONE',  ( 0.6128916609699368578, 0.000000000000000000, -0.7901669519244093332 ) ) ;
#442 = VERTEX_POINT ( 'NONE', #2531 ) ;
#443 = VECTOR ( 'NONE', #69, 1000.000000000000000 ) ;
#444 = CARTESIAN_POINT ( 'NONE',  ( 1.844598523588411698, 2.000000000000000000, -0.6932000685847595767 ) ) ;
#445 = CARTESIAN_POINT ( 'NONE',  ( 1.114470318460206721, 1.999000000000000332, -0.8893539147386058108 ) ) ;
#446 =( GEOMETRIC_REPRESENTATION_CONTEXT ( 3 ) GLOBAL_UNCERTAINTY_ASSIGNED_CONTEXT ( ( #700 ) ) GLOBAL_UNIT_ASSIGNED_CONTEXT ( ( #1465, #3001, #2781 ) ) REPRESENTATION_CONTEXT ( 'NONE', 'WORKASPACE' ) );
#447 = SURFACE_STYLE_FILL_AREA ( #1499 ) ;
#448 = LINE ( 'NONE', #2818, #1951 ) ;
#449 = SURFACE_SIDE_STYLE ('',( #3057 ) ) ;
#450 = ORIENTED_EDGE ( 'NONE', *, *, #1490, .T. ) ;
#451 = FILL_AREA_STYLE ('',( #3002 ) ) ;
#452 = FILL_AREA_STYLE ('',( #2801 ) ) ;
#453 = FACE_OUTER_BOUND ( 'NONE', #2396, .T. ) ;
#454 = CARTESIAN_POINT ( 'NONE',  ( 1.166976922377209291, 2.000000000000000444, -0.9407000795321217579 ) ) ;
#455 = FILL_AREA_STYLE_COLOUR ( '', #2094 ) ;
#456 = CARTESIAN_POINT ( 'NONE',  ( -0.8685181164947515242, 2.000000000000000000, -0.2812083723933140322 ) ) ;
#457 =( NAMED_UNIT ( * ) PLANE_ANGLE_UNIT ( ) SI_UNIT ( $, .RADIAN. ) );
#458 = DIRECTION ( 'NONE',  ( 1.000000000000000000, 0.000000000000000000, 0.000000000000000000 ) ) ;
#459 = ADVANCED_FACE ( 'NONE', ( #1298 ), #1790, .T. ) ;
#460 = VECTOR ( 'NONE', #2105, 1000.000000000000000 ) ;
#461 = VERTEX_POINT ( 'NONE', #479 ) ;
#462 = CARTESIAN_POINT ( 'NONE',  ( 1.161962249413596826, 1.999999999999999556, 0.4587707109648296866 ) ) ;
#463 = CARTESIAN_POINT ( 'NONE',  ( 1.818736998913069947, 1.999000000000000332, -0.5850246066235322839 ) ) ;
#464 =( GEOMETRIC_REPRESENTATION_CONTEXT ( 3 ) GLOBAL_UNCERTAINTY_ASSIGNED_CONTEXT ( ( #3248 ) ) GLOBAL_UNIT_ASSIGNED_CONTEXT ( ( #816, #1580, #2119 ) ) REPRESENTATION_CONTEXT ( 'NONE', 'WORKASPACE' ) );
#465 = B_SPLINE_SURFACE_WITH_KNOTS ( 'NONE', 3, 1, ( 
 ( #972, #2719 ),
 ( #1284, #1575 ),
 ( #463, #521 ),
 ( #779, #3385 ),
 ( #2796, #1791 ),
 ( #1044, #2835 ),
 ( #2082, #2025 ),
 ( #2347, #3130 ),
 ( #2320, #725 ),
 ( #1776, #3333 ),
 ( #3077, #1264 ),
 ( #1833, #797 ),
 ( #1299, #2875 ),
 ( #3403, #3368 ),
 ( #2609, #1518 ),
 ( #2048, #255 ),
 ( #2099, #1027 ),
 ( #1315, #234 ),
 ( #193, #480 ),
 ( #2592, #746 ),
 ( #2332, #1058 ),
 ( #3149, #1006 ),
 ( #445, #1498 ) ),
 .UNSPECIFIED., .F., .F., .F.,
 ( 4, 1, 1, 1, 1, 1, 1, 1, 1, 1, 1, 1, 1, 1, 1, 1, 1, 1, 1, 1, 4 ),
 ( 2, 2 ),
 ( 0.000000000000000000, 0.03151551312998480958, 0.06480979674365734688, 0.09991169883527560580, 0.1366755286001710423, 0.1751432978746825242, 0.2157650117082456631, 0.2581569125231217288, 0.3022930440652046857, 0.3927408518774001545, 0.4832984694610616416, 0.5744114847371660781, 0.6664774093514971298, 0.7120107481430553165, 0.7563744975915033253, 0.7998154803065209428, 0.8419616993485901091, 0.8828431755911849699, 0.9229180315891943875, 0.9619666184423849575, 1.000000000000000000 ),
 ( 0.000000000000000000, 1.000000000000000000 ),
 .UNSPECIFIED. ) ;
#466 = SURFACE_SIDE_STYLE ('',( #411 ) ) ;
#467 = ORIENTED_EDGE ( 'NONE', *, *, #3309, .F. ) ;
#468 = CARTESIAN_POINT ( 'NONE',  ( 1.844598523588411698, 2.000000000000000000, 0.6144922391075480217 ) ) ;
#469 = LINE ( 'NONE', #1539, #1784 ) ;
#470 = CARTESIAN_POINT ( 'NONE',  ( -1.647270752819367745, 1.998999999999999888, -1.500000000000000000 ) ) ;
#471 = CARTESIAN_POINT ( 'NONE',  ( 1.101198395776623151, 1.998999999999999888, -0.9919137427061504031 ) ) ;
#472 = SURFACE_SIDE_STYLE ('',( #2862 ) ) ;
#473 = CARTESIAN_POINT ( 'NONE',  ( 1.844598523588411698, 2.000000000000000000, 0.7234665980819070530 ) ) ;
#474 = UNCERTAINTY_MEASURE_WITH_UNIT (LENGTH_MEASURE( 1.000000000000000082E-05 ), #3215, 'distance_accuracy_value', 'NONE');
#475 = SURFACE_STYLE_USAGE ( .BOTH. , #701 ) ;
#476 = EDGE_CURVE ( 'NONE', #2068, #1302, #425, .T. ) ;
#477 = CARTESIAN_POINT ( 'NONE',  ( 1.604999999999999760, -0.1000000000000000056, -1.625000000000000444 ) ) ;
#478 = CARTESIAN_POINT ( 'NONE',  ( 1.604999999999999760, 0.000000000000000000, -1.625000000000000444 ) ) ;
#479 = CARTESIAN_POINT ( 'NONE',  ( 1.114470318460206499, 1.998999999999999888, 0.8542358288511376907 ) ) ;
#480 = CARTESIAN_POINT ( 'NONE',  ( 1.187387142859996025, 2.000000000000000888, -0.8291111210405519572 ) ) ;
#481 = STYLED_ITEM ( 'NONE', ( #2855 ), #3132 ) ;
#482 = EDGE_CURVE ( 'NONE', #1321, #531, #682, .T. ) ;
#483 = EDGE_CURVE ( 'NONE', #2085, #2510, #1043, .T. ) ;
#484 = PLANE ( 'NONE',  #2731 ) ;
#485 = FILL_AREA_STYLE_COLOUR ( '', #1149 ) ;
#486 = VERTEX_POINT ( 'NONE', #1517 ) ;
#487 = LINE ( 'NONE', #1537, #1229 ) ;
#488 = SURFACE_SIDE_STYLE ('',( #1011 ) ) ;
#489 = CARTESIAN_POINT ( 'NONE',  ( 1.114470318460206499, 1.998999999999999888, 0.8542358288511376907 ) ) ;
#490 = B_SPLINE_CURVE_WITH_KNOTS ( 'NONE', 3,
 ( #3176, #2939, #1878, #2148, #1391, #584, #3219 ),
 .UNSPECIFIED., .F., .F.,
 ( 4, 1, 1, 1, 4 ),
 ( 0.000000000000000000, 0.2372165186042103913, 0.4825864912431362952, 0.7368469271779310992, 1.000000000000000000 ),
 .UNSPECIFIED. ) ;
#491 = SURFACE_STYLE_FILL_AREA ( #2305 ) ;
#492 = DIRECTION ( 'NONE',  ( -0.000000000000000000, 1.000000000000000000, -0.000000000000000000 ) ) ;
#493 = VERTEX_POINT ( 'NONE', #2834 ) ;
#494 = CARTESIAN_POINT ( 'NONE',  ( 1.116535948949617607, 1.999999999999999556, -0.3249521261700162866 ) ) ;
#495 = SURFACE_STYLE_FILL_AREA ( #2868 ) ;
#496 =( NAMED_UNIT ( * ) SI_UNIT ( $, .STERADIAN. ) SOLID_ANGLE_UNIT ( ) );
#497 = LINE ( 'NONE', #2587, #2607 ) ;
#498 = PRESENTATION_LAYER_ASSIGNMENT (  '', '', ( #2031 ) ) ;
#499 = CARTESIAN_POINT ( 'NONE',  ( 0.3940700535839912755, 1.998999999999999888, 0.7886627205200660296 ) ) ;
#500 = SURFACE_STYLE_USAGE ( .BOTH. , #2848 ) ;
#501 = CARTESIAN_POINT ( 'NONE',  ( -0.6553023936601068966, 1.998999999999999888, -0.2231953708185161755 ) ) ;
#502 = VECTOR ( 'NONE', #492, 1000.000000000000000 ) ;
#503 = VECTOR ( 'NONE', #2372, 1000.000000000000000 ) ;
#504 = SURFACE_STYLE_USAGE ( .BOTH. , #2268 ) ;
#505 = VECTOR ( 'NONE', #3194, 1000.000000000000000 ) ;
#506 = FILL_AREA_STYLE_COLOUR ( '', #1959 ) ;
#507 = VERTEX_POINT ( 'NONE', #1530 ) ;
#508 = EDGE_CURVE ( 'NONE', #355, #1292, #2569, .T. ) ;
#509 = SURFACE_SIDE_STYLE ('',( #2857 ) ) ;
#510 = CARTESIAN_POINT ( 'NONE',  ( 1.535105287417090958, 1.998999999999999444, -0.6453170582157232715 ) ) ;
#511 = PRESENTATION_LAYER_ASSIGNMENT (  '', '', ( #2201 ) ) ;
#512 = EDGE_LOOP ( 'NONE', ( #1035, #2238, #261, #2886 ) ) ;
#513 = CARTESIAN_POINT ( 'NONE',  ( -1.900000000000000577, 2.000000000000000000, -2.149999999999999911 ) ) ;
#514 = STYLED_ITEM ( 'NONE', ( #1949 ), #920 ) ;
#515 = VERTEX_POINT ( 'NONE', #2849 ) ;
#516 = DIRECTION ( 'NONE',  ( 1.000000000000000000, 0.000000000000000000, 0.000000000000000000 ) ) ;
#517 = AXIS2_PLACEMENT_3D ( 'NONE', #1109, #1614, #1805 ) ;
#518 = CARTESIAN_POINT ( 'NONE',  ( 1.588695564061296084, 2.000000000000000000, 0.5696114417031528099 ) ) ;
#519 = CARTESIAN_POINT ( 'NONE',  ( 2.149999999999999911, 2.000000000000000000, 1.899999999999998135 ) ) ;
#520 = CARTESIAN_POINT ( 'NONE',  ( 1.899999999999999245, 0.000000000000000000, -1.899999999999999911 ) ) ;
#521 = CARTESIAN_POINT ( 'NONE',  ( 1.818736998913069947, 2.000000000000000444, -0.5850246066235322839 ) ) ;
#522 = CARTESIAN_POINT ( 'NONE',  ( 1.613538828075591125, 1.998999999999999888, -0.07698412307193897020 ) ) ;
#523 = CARTESIAN_POINT ( 'NONE',  ( 1.818736998913070391, 2.000000000000000444, 0.06882154722262183444 ) ) ;
#524 = PRESENTATION_LAYER_ASSIGNMENT (  '', '', ( #1398 ) ) ;
#525 = CARTESIAN_POINT ( 'NONE',  ( 1.844598523588411698, 1.998999999999999888, -0.6932000685847595767 ) ) ;
#526 = EDGE_CURVE ( 'NONE', #570, #3006, #392, .T. ) ;
#527 = CIRCLE ( 'NONE', #2890, 0.2500000000000000000 ) ;
#528 = ORIENTED_EDGE ( 'NONE', *, *, #2012, .F. ) ;
#529 = SURFACE_STYLE_USAGE ( .BOTH. , #222 ) ;
#530 = CARTESIAN_POINT ( 'NONE',  ( 0.5189398236627312810, 2.000000000000000000, -0.0007644290862337006906 ) ) ;
#531 = VERTEX_POINT ( 'NONE', #1921 ) ;
#532 = DIRECTION ( 'NONE',  ( 0.000000000000000000, 1.905380692786253304E-12, -1.000000000000000000 ) ) ;
#533 = LINE ( 'NONE', #2549, #2766 ) ;
#534 = B_SPLINE_CURVE_WITH_KNOTS ( 'NONE', 3,
 ( #3360, #1841, #494, #2328, #3169, #2914, #1308, #1825, #1601, #820, #263, #757, #224, #2112, #1584 ),
 .UNSPECIFIED., .F., .F.,
 ( 4, 1, 1, 1, 1, 1, 1, 1, 1, 1, 1, 1, 4 ),
 ( 0.000000000000000000, 0.05027287497458349935, 0.1027903700748775961, 0.1576131012369289819, 0.2146311133156756368, 0.2740612127265388276, 0.3356974550538851521, 0.4000702787165529850, 0.4668267493853403005, 0.6020780869193703699, 0.7357515335047495331, 0.8682046170340286251, 1.000000000000000000 ),
 .UNSPECIFIED. ) ;
#535 = CARTESIAN_POINT ( 'NONE',  ( -0.8318957038963288309, 2.000000000000000000, -0.4085086306610319351 ) ) ;
#536 = CARTESIAN_POINT ( 'NONE',  ( 1.224256708570093499, 2.000000000000000000, -0.2491352656121982312 ) ) ;
#537 = CARTESIAN_POINT ( 'NONE',  ( 1.214279204130277012, 2.000000000000000444, -0.1560212628285136960 ) ) ;
#538 = ORIENTED_EDGE ( 'NONE', *, *, #3260, .F. ) ;
#539 = DIRECTION ( 'NONE',  ( -0.000000000000000000, 1.000000000000000000, -0.000000000000000000 ) ) ;
#540 = FILL_AREA_STYLE_COLOUR ( '', #2261 ) ;
#541 =( NAMED_UNIT ( * ) PLANE_ANGLE_UNIT ( ) SI_UNIT ( $, .RADIAN. ) );
#542 = CARTESIAN_POINT ( 'NONE',  ( 1.114470318460206499, 1.998999999999999888, 0.4183383929537018986 ) ) ;
#543 = ORIENTED_EDGE ( 'NONE', *, *, #3059, .F. ) ;
#544 = CARTESIAN_POINT ( 'NONE',  ( 1.334136272213520602, 1.999000000000000332, 0.4674209320251092037 ) ) ;
#545 = LINE ( 'NONE', #2311, #3407 ) ;
#546 = EDGE_CURVE ( 'NONE', #1972, #3335, #3148, .T. ) ;
#547 = EDGE_CURVE ( 'NONE', #1929, #2380, #2391, .T. ) ;
#548 = AXIS2_PLACEMENT_3D ( 'NONE', #2964, #2669, #2190 ) ;
#549 = FACE_OUTER_BOUND ( 'NONE', #2399, .T. ) ;
#550 = MECHANICAL_DESIGN_GEOMETRIC_PRESENTATION_REPRESENTATION (  '', ( #2031 ), #1220 ) ;
#551 = CARTESIAN_POINT ( 'NONE',  ( 1.005495959485847468, 2.000000000000000000, 0.8542358288511376907 ) ) ;
#552 = CARTESIAN_POINT ( 'NONE',  ( 1.704041081140212022, 2.000000000000000000, 0.05312356633710009490 ) ) ;
#553 = COLOUR_RGB ( '',0.1921568627450980227, 0.2039215686274509776, 0.2039215686274509776 ) ;
#554 =( NAMED_UNIT ( * ) SI_UNIT ( $, .STERADIAN. ) SOLID_ANGLE_UNIT ( ) );
#555 = ORIENTED_EDGE ( 'NONE', *, *, #3338, .F. ) ;
#556 = VECTOR ( 'NONE', #2072, 1000.000000000000000 ) ;
#557 = CARTESIAN_POINT ( 'NONE',  ( -0.2033966802742774582, 1.998999999999999888, 0.3783458701263677226 ) ) ;
#558 = VECTOR ( 'NONE', #2318, 1000.000000000000000 ) ;
#559 = B_SPLINE_CURVE_WITH_KNOTS ( 'NONE', 3,
 ( #2558, #195, #2300, #989 ),
 .UNSPECIFIED., .F., .F.,
 ( 4, 4 ),
 ( 0.1818181818181818232, 0.2727272727272727071 ),
 .UNSPECIFIED. ) ;
#560 = PRESENTATION_LAYER_ASSIGNMENT (  '', '', ( #1550 ) ) ;
#561 = PLANE ( 'NONE',  #1847 ) ;
#562 = PRESENTATION_LAYER_ASSIGNMENT (  '', '', ( #2810 ) ) ;
#563 = STYLED_ITEM ( 'NONE', ( #2909 ), #1097 ) ;
#564 = EDGE_CURVE ( 'NONE', #3227, #191, #1832, .T. ) ;
#565 = CARTESIAN_POINT ( 'NONE',  ( 1.393092125782103841, 1.998999999999999888, -0.1569035558555738064 ) ) ;
#566 = DIRECTION ( 'NONE',  ( -0.000000000000000000, 1.000000000000000000, -0.000000000000000000 ) ) ;
#567 = EDGE_LOOP ( 'NONE', ( #606, #1124, #2676, #865 ) ) ;
#568 = CARTESIAN_POINT ( 'NONE',  ( 1.122077273403712772, 2.000000000000000444, -0.8825351544907656942 ) ) ;
#569 = CARTESIAN_POINT ( 'NONE',  ( 1.214279204130276790, 1.998999999999999888, -0.8098674166746674397 ) ) ;
#570 = VERTEX_POINT ( 'NONE', #1644 ) ;
#571 = CARTESIAN_POINT ( 'NONE',  ( 1.844598523588411698, 2.000000000000000000, -0.5842257096104006564 ) ) ;
#572 = COLOUR_RGB ( '',1.000000000000000000, 1.000000000000000000, 1.000000000000000000 ) ;
#573 = CARTESIAN_POINT ( 'NONE',  ( 1.638943977746428082, 1.998999999999999888, 0.03826193460591545414 ) ) ;
#574 =( GEOMETRIC_REPRESENTATION_CONTEXT ( 3 ) GLOBAL_UNCERTAINTY_ASSIGNED_CONTEXT ( ( #2977 ) ) GLOBAL_UNIT_ASSIGNED_CONTEXT ( ( #723, #2095, #2297 ) ) REPRESENTATION_CONTEXT ( 'NONE', 'WORKASPACE' ) );
#575 = CARTESIAN_POINT ( 'NONE',  ( -0.9842666771246730839, 2.000000000000000000, 0.1211016244570786021 ) ) ;
#576 = SURFACE_SIDE_STYLE ('',( #1955 ) ) ;
#577 = STYLED_ITEM ( 'NONE', ( #917 ), #2754 ) ;
#578 = EDGE_CURVE ( 'NONE', #2085, #706, #2920, .T. ) ;
#579 = CARTESIAN_POINT ( 'NONE',  ( 0.7849999999999998090, -0.1000000000000000056, 1.625000000000000222 ) ) ;
#580 = PRESENTATION_LAYER_ASSIGNMENT (  '', '', ( #2175 ) ) ;
#581 = CARTESIAN_POINT ( 'NONE',  ( 1.592944016905271321, 2.000000000000000444, 0.02629964899645117690 ) ) ;
#582 = ORIENTED_EDGE ( 'NONE', *, *, #1269, .F. ) ;
#583 = EDGE_CURVE ( 'NONE', #531, #1222, #3214, .T. ) ;
#584 = CARTESIAN_POINT ( 'NONE',  ( 1.824088457804143193, 2.000000000000000000, 0.6128753882013147081 ) ) ;
#585 = ADVANCED_FACE ( 'NONE', ( #1057 ), #2400, .F. ) ;
#586 = ORIENTED_EDGE ( 'NONE', *, *, #547, .T. ) ;
#587 = CARTESIAN_POINT ( 'NONE',  ( 1.288135590727311763, 1.998999999999999888, 0.4425507463036981726 ) ) ;
#588 = CARTESIAN_POINT ( 'NONE',  ( -0.2006956283057726165, 1.998999999999999888, 0.6263175740633744049 ) ) ;
#589 = FACE_OUTER_BOUND ( 'NONE', #649, .T. ) ;
#590 =( LENGTH_UNIT ( ) NAMED_UNIT ( * ) SI_UNIT ( .MILLI., .METRE. ) );
#591 = ORIENTED_EDGE ( 'NONE', *, *, #2504, .T. ) ;
#592 = DIRECTION ( 'NONE',  ( -0.000000000000000000, 1.000000000000000000, -0.000000000000000000 ) ) ;
#593 = CARTESIAN_POINT ( 'NONE',  ( 1.604999999999999760, -0.1000000000000000056, -1.625000000000000444 ) ) ;
#594 = CARTESIAN_POINT ( 'NONE',  ( 1.836137204112395338, 1.998999999999999444, 0.7232052166304495655 ) ) ;
#595 = ORIENTED_EDGE ( 'NONE', *, *, #476, .F. ) ;
#596 = CARTESIAN_POINT ( 'NONE',  ( 1.704041081140212022, 2.000000000000000000, -0.6007225875090536071 ) ) ;
#597 = LINE ( 'NONE', #1698, #1543 ) ;
#598 = CARTESIAN_POINT ( 'NONE',  ( 1.613538828075591125, 1.998999999999999888, 0.5768620307742146069 ) ) ;
#599 = ORIENTED_EDGE ( 'NONE', *, *, #483, .F. ) ;
#600 = CARTESIAN_POINT ( 'NONE',  ( 1.538885060303292418, 1.998999999999999444, 0.5550740808328559206 ) ) ;
#601 = DIRECTION ( 'NONE',  ( 0.000000000000000000, -1.000000000000000000, 0.000000000000000000 ) ) ;
#602 = STYLED_ITEM ( 'NONE', ( #2383 ), #2921 ) ;
#603 = CARTESIAN_POINT ( 'NONE',  ( 1.763933828761196976, 1.999000000000000332, 0.06327874556418287832 ) ) ;
#604 = CARTESIAN_POINT ( 'NONE',  ( 1.631480882556953560, 1.998999999999999888, -0.7261283725823896029 ) ) ;
#605 = MECHANICAL_DESIGN_GEOMETRIC_PRESENTATION_REPRESENTATION (  '', ( #1226 ), #940 ) ;
#606 = ORIENTED_EDGE ( 'NONE', *, *, #2694, .F. ) ;
#607 = CARTESIAN_POINT ( 'NONE',  ( 0.3535955464973720708, 2.000000000000000000, -0.4543577267240323514 ) ) ;
#608 = DIRECTION ( 'NONE',  ( -0.000000000000000000, 1.000000000000000000, -0.000000000000000000 ) ) ;
#609 =( NAMED_UNIT ( * ) PLANE_ANGLE_UNIT ( ) SI_UNIT ( $, .RADIAN. ) );
#610 = VECTOR ( 'NONE', #100, 1000.000000000000000 ) ;
#611 = CARTESIAN_POINT ( 'NONE',  ( 0.7849999999999998090, -0.1000000000000000056, 1.625000000000000222 ) ) ;
#612 = ORIENTED_EDGE ( 'NONE', *, *, #1347, .F. ) ;
#613 = CARTESIAN_POINT ( 'NONE',  ( 0.3940700535839912755, 2.000000000000000000, 0.7886627205200660296 ) ) ;
#614 = DIRECTION ( 'NONE',  ( -1.000000000000000000, 0.000000000000000000, 0.000000000000000000 ) ) ;
#615 = PRESENTATION_STYLE_ASSIGNMENT (( #2721 ) ) ;
#616 = COLOUR_RGB ( '',1.000000000000000000, 1.000000000000000000, 1.000000000000000000 ) ;
#617 = ORIENTED_EDGE ( 'NONE', *, *, #546, .T. ) ;
#618 = CARTESIAN_POINT ( 'NONE',  ( -0.6553023936601068966, 2.000000000000000000, -0.2231953708185161755 ) ) ;
#619 = CARTESIAN_POINT ( 'NONE',  ( 1.166976922377209513, 1.998999999999999888, -0.2868539256859678477 ) ) ;
#620 = CARTESIAN_POINT ( 'NONE',  ( 1.465638922642791497, 1.999000000000000332, 0.5277681143003993824 ) ) ;
#621 = EDGE_CURVE ( 'NONE', #2768, #655, #2858, .T. ) ;
#622 = CARTESIAN_POINT ( 'NONE',  ( 1.667981684308877277, 1.998999999999999444, -0.7165629530708003125 ) ) ;
#623 = AXIS2_PLACEMENT_3D ( 'NONE', #258, #1032, #1012 ) ;
#624 = ORIENTED_EDGE ( 'NONE', *, *, #1691, .F. ) ;
#625 =( LENGTH_UNIT ( ) NAMED_UNIT ( * ) SI_UNIT ( .MILLI., .METRE. ) );
#626 = PRESENTATION_LAYER_ASSIGNMENT (  '', '', ( #1183 ) ) ;
#627 = VECTOR ( 'NONE', #421, 1000.000000000000000 ) ;
#628 = CARTESIAN_POINT ( 'NONE',  ( 1.114470318460206499, 1.998999999999999888, -0.8893539147386056998 ) ) ;
#629 = PLANE ( 'NONE',  #776 ) ;
#630 = ORIENTED_EDGE ( 'NONE', *, *, #2850, .F. ) ;
#631 = CARTESIAN_POINT ( 'NONE',  ( 1.672122341919930699, 1.999999999999999556, 0.7001969174374510496 ) ) ;
#632 = CYLINDRICAL_SURFACE ( 'NONE', #1505, 0.2500000000000000000 ) ;
#633 = VERTEX_POINT ( 'NONE', #904 ) ;
#634 = DIRECTION ( 'NONE',  ( 0.000000000000000000, 0.000000000000000000, 1.000000000000000000 ) ) ;
#635 = FILL_AREA_STYLE_COLOUR ( '', #803 ) ;
#636 = CARTESIAN_POINT ( 'NONE',  ( 1.137494231787218535, 2.000000000000000888, -0.2148694705239819480 ) ) ;
#637 = EDGE_LOOP ( 'NONE', ( #1093, #1521, #1151, #1795 ) ) ;
#638 = ORIENTED_EDGE ( 'NONE', *, *, #1470, .T. ) ;
#639 = SURFACE_STYLE_USAGE ( .BOTH. , #2991 ) ;
#640 = DIRECTION ( 'NONE',  ( -0.000000000000000000, 0.000000000000000000, -1.000000000000000000 ) ) ;
#641 = ADVANCED_FACE ( 'NONE', ( #2729 ), #1243, .F. ) ;
#642 = ADVANCED_FACE ( 'NONE', ( #549 ), #1056, .T. ) ;
#643 = UNCERTAINTY_MEASURE_WITH_UNIT (LENGTH_MEASURE( 1.000000000000000082E-05 ), #3118, 'distance_accuracy_value', 'NONE');
#644 = LINE ( 'NONE', #2404, #3344 ) ;
#645 = ORIENTED_EDGE ( 'NONE', *, *, #287, .F. ) ;
#646 = PLANE ( 'NONE',  #3087 ) ;
#647 = CARTESIAN_POINT ( 'NONE',  ( 1.535105287417091180, 2.000000000000000444, 0.6623752494765842158 ) ) ;
#648 =( LENGTH_UNIT ( ) NAMED_UNIT ( * ) SI_UNIT ( .MILLI., .METRE. ) );
#649 = EDGE_LOOP ( 'NONE', ( #1460, #467, #3047, #666 ) ) ;
#650 = PLANE ( 'NONE',  #2963 ) ;
#651 = SURFACE_STYLE_USAGE ( .BOTH. , #2517 ) ;
#652 = FACE_BOUND ( 'NONE', #2030, .T. ) ;
#653 = CARTESIAN_POINT ( 'NONE',  ( 1.302507916529030751, 1.998999999999999888, -0.09973617657519365243 ) ) ;
#654 = CARTESIAN_POINT ( 'NONE',  ( 1.844598523588411698, 1.998999999999999888, 0.6144922391075480217 ) ) ;
#655 = VERTEX_POINT ( 'NONE', #2377 ) ;
#656 = ORIENTED_EDGE ( 'NONE', *, *, #1383, .F. ) ;
#657 =( GEOMETRIC_REPRESENTATION_CONTEXT ( 3 ) GLOBAL_UNCERTAINTY_ASSIGNED_CONTEXT ( ( #401 ) ) GLOBAL_UNIT_ASSIGNED_CONTEXT ( ( #1430, #1705, #73 ) ) REPRESENTATION_CONTEXT ( 'NONE', 'WORKASPACE' ) );
#658 = CARTESIAN_POINT ( 'NONE',  ( -0.9842666771246730839, 2.000000000000000000, 0.1211016244570786021 ) ) ;
#659 = COLOUR_RGB ( '',0.8274509803921568096, 0.8392156862745098200, 0.8274509803921568096 ) ;
#660 = CARTESIAN_POINT ( 'NONE',  ( -1.497270752819367390, 2.000000000000000000, -1.500000000000000000 ) ) ;
#661 = VECTOR ( 'NONE', #2385, 1000.000000000000000 ) ;
#662 = DIRECTION ( 'NONE',  ( 1.000000000000000000, 0.000000000000000000, 0.000000000000000000 ) ) ;
#663 = EDGE_CURVE ( 'NONE', #1920, #1638, #3383, .T. ) ;
#664 = DIRECTION ( 'NONE',  ( 1.000000000000000000, 0.000000000000000000, -1.008560160451632221E-16 ) ) ;
#665 = COLOUR_RGB ( '',1.000000000000000000, 1.000000000000000000, 1.000000000000000000 ) ;
#666 = ORIENTED_EDGE ( 'NONE', *, *, #2501, .T. ) ;
#667 =( NAMED_UNIT ( * ) SI_UNIT ( $, .STERADIAN. ) SOLID_ANGLE_UNIT ( ) );
#668 = VECTOR ( 'NONE', #2241, 1000.000000000000000 ) ;
#669 = CARTESIAN_POINT ( 'NONE',  ( 1.339704879030627405, 1.998999999999999888, -0.8377649799517908891 ) ) ;
#670 = DIRECTION ( 'NONE',  ( -0.000000000000000000, -0.000000000000000000, -1.000000000000000000 ) ) ;
#671 = CARTESIAN_POINT ( 'NONE',  ( 1.114470318460206499, 1.998999999999999888, 0.8542358288511376907 ) ) ;
#672 =( GEOMETRIC_REPRESENTATION_CONTEXT ( 3 ) GLOBAL_UNCERTAINTY_ASSIGNED_CONTEXT ( ( #396 ) ) GLOBAL_UNIT_ASSIGNED_CONTEXT ( ( #2811, #457, #963 ) ) REPRESENTATION_CONTEXT ( 'NONE', 'WORKASPACE' ) );
#673 = CARTESIAN_POINT ( 'NONE',  ( 1.224256708570093499, 1.998999999999999888, -0.9029814194583523079 ) ) ;
#674 = PRESENTATION_STYLE_ASSIGNMENT (( #932 ) ) ;
#675 = CARTESIAN_POINT ( 'NONE',  ( 1.588695564061296306, 1.998999999999999444, -0.08423471214300079501 ) ) ;
#676 = UNCERTAINTY_MEASURE_WITH_UNIT (LENGTH_MEASURE( 1.000000000000000082E-05 ), #1254, 'distance_accuracy_value', 'NONE');
#677 = CARTESIAN_POINT ( 'NONE',  ( 1.818736998913069947, 1.999000000000000332, -0.5850246066235322839 ) ) ;
#678 = CARTESIAN_POINT ( 'NONE',  ( 0.6345943748438317433, 1.998999999999999888, -0.4239972605822950880 ) ) ;
#679 = UNCERTAINTY_MEASURE_WITH_UNIT (LENGTH_MEASURE( 1.000000000000000082E-05 ), #1887, 'distance_accuracy_value', 'NONE');
#680 = CARTESIAN_POINT ( 'NONE',  ( 1.613538828075591125, 1.998999999999999888, -0.07698412307193897020 ) ) ;
#681 = MECHANICAL_DESIGN_GEOMETRIC_PRESENTATION_REPRESENTATION (  '', ( #1398 ), #1572 ) ;
#682 = B_SPLINE_CURVE_WITH_KNOTS ( 'NONE', 3,
 ( #501, #986, #1774, #2511 ),
 .UNSPECIFIED., .F., .F.,
 ( 4, 4 ),
 ( 0.5454545454545455252, 0.6363636363636364646 ),
 .UNSPECIFIED. ) ;
#683 = CARTESIAN_POINT ( 'NONE',  ( 1.613538828075591125, 2.000000000000000000, 0.5768620307742146069 ) ) ;
#684 =( NAMED_UNIT ( * ) PLANE_ANGLE_UNIT ( ) SI_UNIT ( $, .RADIAN. ) );
#685 = STYLED_ITEM ( 'NONE', ( #2808 ), #2341 ) ;
#686 = ORIENTED_EDGE ( 'NONE', *, *, #2079, .F. ) ;
#687 = PRESENTATION_STYLE_ASSIGNMENT (( #365 ) ) ;
#688 = VECTOR ( 'NONE', #1055, 1000.000000000000000 ) ;
#689 = FACE_OUTER_BOUND ( 'NONE', #2990, .T. ) ;
#690 = DIRECTION ( 'NONE',  ( 0.000000000000000000, 0.000000000000000000, -1.000000000000000000 ) ) ;
#691 = CARTESIAN_POINT ( 'NONE',  ( -0.7455721007467192019, 2.000000000000000000, -0.02426220546418005747 ) ) ;
#692 = CARTESIAN_POINT ( 'NONE',  ( -0.1005526361797927787, 2.000000000000000000, -0.3828990810547363566 ) ) ;
#693 = CARTESIAN_POINT ( 'NONE',  ( 0.7354871496469833625, 1.998999999999999888, -0.01750269680276892240 ) ) ;
#694 = EDGE_CURVE ( 'NONE', #2643, #959, #3127, .T. ) ;
#695 = CARTESIAN_POINT ( 'NONE',  ( 1.140965832094679611, 2.000000000000001332, -0.9597972440307058761 ) ) ;
#696 = EDGE_LOOP ( 'NONE', ( #1516, #1823, #617, #2418 ) ) ;
#697 = ORIENTED_EDGE ( 'NONE', *, *, #2577, .F. ) ;
#698 =( GEOMETRIC_REPRESENTATION_CONTEXT ( 3 ) GLOBAL_UNCERTAINTY_ASSIGNED_CONTEXT ( ( #2258 ) ) GLOBAL_UNIT_ASSIGNED_CONTEXT ( ( #3389, #1557, #1268 ) ) REPRESENTATION_CONTEXT ( 'NONE', 'WORKASPACE' ) );
#699 = CARTESIAN_POINT ( 'NONE',  ( 1.783761415491974978, 1.999999999999999112, 0.6096963240484266633 ) ) ;
#700 = UNCERTAINTY_MEASURE_WITH_UNIT (LENGTH_MEASURE( 1.000000000000000082E-05 ), #1465, 'distance_accuracy_value', 'NONE');
#701 = SURFACE_SIDE_STYLE ('',( #1038 ) ) ;
#702 = CARTESIAN_POINT ( 'NONE',  ( 1.116535948949617607, 1.998999999999999444, 0.3288940276761372350 ) ) ;
#703 = LINE ( 'NONE', #628, #2982 ) ;
#704 = CARTESIAN_POINT ( 'NONE',  ( 1.344862199222082833, 1.998999999999999444, 0.5784893323248135877 ) ) ;
#705 = PRESENTATION_LAYER_ASSIGNMENT (  '', '', ( #3060 ) ) ;
#706 = VERTEX_POINT ( 'NONE', #1281 ) ;
#707 = CARTESIAN_POINT ( 'NONE',  ( 1.114470318460206499, 2.000000000000000000, 0.4183383929537018986 ) ) ;
#708 = DIRECTION ( 'NONE',  ( -0.000000000000000000, -1.000000000000000000, -0.000000000000000000 ) ) ;
#709 = FACE_OUTER_BOUND ( 'NONE', #637, .T. ) ;
#710 = CARTESIAN_POINT ( 'NONE',  ( -0.1005526361797927787, 1.998999999999999888, -0.3828990810547363566 ) ) ;
#711 = LINE ( 'NONE', #108, #379 ) ;
#712 = DIRECTION ( 'NONE',  ( 0.000000000000000000, 1.905380692785644228E-12, -1.000000000000000000 ) ) ;
#713 = PRESENTATION_STYLE_ASSIGNMENT (( #133 ) ) ;
#714 = MECHANICAL_DESIGN_GEOMETRIC_PRESENTATION_REPRESENTATION (  '', ( #1371 ), #775 ) ;
#715 = EDGE_CURVE ( 'NONE', #655, #2786, #252, .T. ) ;
#716 = B_SPLINE_SURFACE_WITH_KNOTS ( 'NONE', 3, 1, ( 
 ( #758, #473 ),
 ( #1462, #2458 ),
 ( #2477, #2245 ),
 ( #927, #910 ),
 ( #1215, #1425 ),
 ( #1194, #2741 ),
 ( #2704, #2495 ),
 ( #1650, #631 ),
 ( #1667, #350 ),
 ( #1409, #2968 ),
 ( #2983, #647 ),
 ( #2211, #1915 ),
 ( #1976, #2437 ),
 ( #1714, #1393 ),
 ( #81, #1155 ),
 ( #2232, #2952 ),
 ( #2422, #1927 ),
 ( #129, #1963 ),
 ( #2196, #3271 ),
 ( #337, #3221 ),
 ( #368, #3235 ),
 ( #892, #102 ),
 ( #2720, #3020 ) ),
 .UNSPECIFIED., .F., .F., .F.,
 ( 4, 1, 1, 1, 1, 1, 1, 1, 1, 1, 1, 1, 1, 1, 1, 1, 1, 1, 1, 1, 4 ),
 ( 2, 2 ),
 ( 0.000000000000000000, 0.03151551312998480958, 0.06480979674365734688, 0.09991169883527560580, 0.1366755286001710146, 0.1751432978746824964, 0.2157650117082455798, 0.2581569125231216177, 0.3022930440652046302, 0.3927408518774000989, 0.4832984694610614751, 0.5744114847371659671, 0.6664774093514970188, 0.7120107481430553165, 0.7563744975915033253, 0.7998154803065209428, 0.8419616993485902201, 0.8828431755911850809, 0.9229180315891944986, 0.9619666184423850686, 1.000000000000000000 ),
 ( 0.000000000000000000, 1.000000000000000000 ),
 .UNSPECIFIED. ) ;
#717 = ORIENTED_EDGE ( 'NONE', *, *, #3220, .T. ) ;
#718 = CARTESIAN_POINT ( 'NONE',  ( 1.724662807284687238, 1.999000000000001220, 0.6016005428852349013 ) ) ;
#719 = STYLED_ITEM ( 'NONE', ( #2180 ), #1271 ) ;
#720 = CARTESIAN_POINT ( 'NONE',  ( 1.824088457804143193, 2.000000000000000444, -0.04097076564483898009 ) ) ;
#721 = SURFACE_STYLE_USAGE ( .BOTH. , #2564 ) ;
#722 = FACE_OUTER_BOUND ( 'NONE', #197, .T. ) ;
#723 =( LENGTH_UNIT ( ) NAMED_UNIT ( * ) SI_UNIT ( .MILLI., .METRE. ) );
#724 = ORIENTED_EDGE ( 'NONE', *, *, #2504, .F. ) ;
#725 = CARTESIAN_POINT ( 'NONE',  ( 1.638943977746428748, 2.000000000000000000, -0.6155842192402385393 ) ) ;
#726 =( GEOMETRIC_REPRESENTATION_CONTEXT ( 3 ) GLOBAL_UNCERTAINTY_ASSIGNED_CONTEXT ( ( #1726 ) ) GLOBAL_UNIT_ASSIGNED_CONTEXT ( ( #1387, #885, #57 ) ) REPRESENTATION_CONTEXT ( 'NONE', 'WORKASPACE' ) );
#727 = CARTESIAN_POINT ( 'NONE',  ( -1.497270752819367390, 1.998999999999999888, 1.500000000000000000 ) ) ;
#728 = SURFACE_SIDE_STYLE ('',( #3079 ) ) ;
#729 = FILL_AREA_STYLE_COLOUR ( '', #2865 ) ;
#730 = EDGE_LOOP ( 'NONE', ( #1099, #3178, #3175, #105 ) ) ;
#731 = CARTESIAN_POINT ( 'NONE',  ( 0.1433606110643076414, 1.998999999999999888, 0.5192637409925079384 ) ) ;
#732 = CARTESIAN_POINT ( 'NONE',  ( 0.5189398236627312810, 1.998999999999999888, -0.0007644290862337006906 ) ) ;
#733 =( LENGTH_UNIT ( ) NAMED_UNIT ( * ) SI_UNIT ( .MILLI., .METRE. ) );
#734 = CARTESIAN_POINT ( 'NONE',  ( 1.465638922642790831, 1.998999999999999888, -0.7799241933919082159 ) ) ;
#735 = STYLED_ITEM ( 'NONE', ( #1934 ), #874 ) ;
#736 = ORIENTED_EDGE ( 'NONE', *, *, #1327, .F. ) ;
#737 = PLANE ( 'NONE',  #2635 ) ;
#738 = CARTESIAN_POINT ( 'NONE',  ( 1.824088457804143193, 1.998999999999999888, 0.6128753882013147081 ) ) ;
#739 = ADVANCED_FACE ( 'NONE', ( #1845 ), #3055, .F. ) ;
#740 = SURFACE_STYLE_USAGE ( .BOTH. , #1437 ) ;
#741 = MECHANICAL_DESIGN_GEOMETRIC_PRESENTATION_REPRESENTATION (  '', ( #2532 ), #2885 ) ;
#742 = FILL_AREA_STYLE_COLOUR ( '', #71 ) ;
#743 = EDGE_CURVE ( 'NONE', #328, #1760, #117, .T. ) ;
#744 = FILL_AREA_STYLE_COLOUR ( '', #1329 ) ;
#745 = CARTESIAN_POINT ( 'NONE',  ( -2.150000000000000355, 0.000000000000000000, -2.149999999999999911 ) ) ;
#746 = CARTESIAN_POINT ( 'NONE',  ( 1.161962249413596826, 1.999999999999999556, -0.8489215967274774677 ) ) ;
#747 = VECTOR ( 'NONE', #608, 1000.000000000000000 ) ;
#748 = CARTESIAN_POINT ( 'NONE',  ( 1.005495959485847468, 2.000000000000000000, 0.3093640339793429228 ) ) ;
#749 = SURFACE_STYLE_USAGE ( .BOTH. , #449 ) ;
#750 = ORIENTED_EDGE ( 'NONE', *, *, #1563, .F. ) ;
#751 = CARTESIAN_POINT ( 'NONE',  ( -1.604999999999999760, -0.1000000000000000056, -1.625000000000000000 ) ) ;
#752 = VECTOR ( 'NONE', #94, 1000.000000000000000 ) ;
#753 = DIRECTION ( 'NONE',  ( -1.000000000000000000, -0.000000000000000000, -0.000000000000000000 ) ) ;
#754 = CARTESIAN_POINT ( 'NONE',  ( 1.538885060303292862, 2.000000000000000000, -0.7526182268594516778 ) ) ;
#755 = ORIENTED_EDGE ( 'NONE', *, *, #2060, .F. ) ;
#756 =( LENGTH_UNIT ( ) NAMED_UNIT ( * ) SI_UNIT ( .MILLI., .METRE. ) );
#757 = CARTESIAN_POINT ( 'NONE',  ( 1.465638922642791497, 2.000000000000000444, -0.1260780395457543612 ) ) ;
#758 = CARTESIAN_POINT ( 'NONE',  ( 1.844598523588411698, 1.998999999999999888, 0.7234665980819070530 ) ) ;
#759 = UNCERTAINTY_MEASURE_WITH_UNIT (LENGTH_MEASURE( 1.000000000000000082E-05 ), #354, 'distance_accuracy_value', 'NONE');
#760 = DIRECTION ( 'NONE',  ( -0.000000000000000000, 1.000000000000000000, -0.000000000000000000 ) ) ;
#761 = FILL_AREA_STYLE_COLOUR ( '', #2464 ) ;
#762 = FACE_OUTER_BOUND ( 'NONE', #312, .T. ) ;
#763 = EDGE_CURVE ( 'NONE', #3032, #1132, #3252, .T. ) ;
#764 = SURFACE_STYLE_USAGE ( .BOTH. , #2590 ) ;
#765 = SURFACE_SIDE_STYLE ('',( #3115 ) ) ;
#766 = MECHANICAL_DESIGN_GEOMETRIC_PRESENTATION_REPRESENTATION (  '', ( #3060 ), #1635 ) ;
#767 = DIRECTION ( 'NONE',  ( 0.000000000000000000, 1.000000000000000000, 0.000000000000000000 ) ) ;
#768 = LINE ( 'NONE', #489, #1666 ) ;
#769 = CARTESIAN_POINT ( 'NONE',  ( -0.2398425385419974409, 2.000000000000000000, -0.2033203975901712313 ) ) ;
#770 = CARTESIAN_POINT ( 'NONE',  ( 1.271732682161234251, 1.999000000000000332, -0.7718980254628626803 ) ) ;
#771 = ORIENTED_EDGE ( 'NONE', *, *, #436, .T. ) ;
#772 = DIRECTION ( 'NONE',  ( 2.428612866367527723E-14, 0.000000000000000000, 1.000000000000000000 ) ) ;
#773 = ORIENTED_EDGE ( 'NONE', *, *, #2950, .T. ) ;
#774 =( NAMED_UNIT ( * ) SI_UNIT ( $, .STERADIAN. ) SOLID_ANGLE_UNIT ( ) );
#775 =( GEOMETRIC_REPRESENTATION_CONTEXT ( 3 ) GLOBAL_UNCERTAINTY_ASSIGNED_CONTEXT ( ( #2932 ) ) GLOBAL_UNIT_ASSIGNED_CONTEXT ( ( #2905, #827, #1578 ) ) REPRESENTATION_CONTEXT ( 'NONE', 'WORKASPACE' ) );
#776 = AXIS2_PLACEMENT_3D ( 'NONE', #1663, #664, #405 ) ;
#777 = CARTESIAN_POINT ( 'NONE',  ( 1.122077273403712550, 2.000000000000000000, 0.4251571532015419597 ) ) ;
#778 = VECTOR ( 'NONE', #310, 1000.000000000000000 ) ;
#779 = CARTESIAN_POINT ( 'NONE',  ( 1.791999731630300463, 1.999000000000000332, -0.5874015443926038360 ) ) ;
#780 = ADVANCED_FACE ( 'NONE', ( #689 ), #367, .T. ) ;
#781 = CARTESIAN_POINT ( 'NONE',  ( 1.255322057264013580, 1.998999999999999888, -0.2301529098955655273 ) ) ;
#782 = CARTESIAN_POINT ( 'NONE',  ( 0.1654665890170580467, 2.000000000000000000, -0.6426426023145787036 ) ) ;
#783 = EDGE_LOOP ( 'NONE', ( #3101, #2407, #2747, #1411 ) ) ;
#784 = DIRECTION ( 'NONE',  ( 2.644395542647572259E-16, 0.000000000000000000, -1.000000000000000000 ) ) ;
#785 =( NAMED_UNIT ( * ) SI_UNIT ( $, .STERADIAN. ) SOLID_ANGLE_UNIT ( ) );
#786 =( GEOMETRIC_REPRESENTATION_CONTEXT ( 3 ) GLOBAL_UNCERTAINTY_ASSIGNED_CONTEXT ( ( #162 ) ) GLOBAL_UNIT_ASSIGNED_CONTEXT ( ( #1005, #1751, #2046 ) ) REPRESENTATION_CONTEXT ( 'NONE', 'WORKASPACE' ) );
#787 = CARTESIAN_POINT ( 'NONE',  ( 1.302507916529030529, 1.998999999999999444, -0.7535823304213472573 ) ) ;
#788 = STYLED_ITEM ( 'NONE', ( #2998 ), #780 ) ;
#789 = VERTEX_POINT ( 'NONE', #409 ) ;
#790 = CARTESIAN_POINT ( 'NONE',  ( 0.7849999999999996980, 0.000000000000000000, 1.625000000000000222 ) ) ;
#791 =( GEOMETRIC_REPRESENTATION_CONTEXT ( 3 ) GLOBAL_UNCERTAINTY_ASSIGNED_CONTEXT ( ( #2057 ) ) GLOBAL_UNIT_ASSIGNED_CONTEXT ( ( #3094, #2528, #981 ) ) REPRESENTATION_CONTEXT ( 'NONE', 'WORKASPACE' ) );
#792 = PRESENTATION_STYLE_ASSIGNMENT (( #1685 ) ) ;
#793 = FILL_AREA_STYLE ('',( #1344 ) ) ;
#794 = B_SPLINE_CURVE_WITH_KNOTS ( 'NONE', 3,
 ( #2236, #2288, #2032, #2271 ),
 .UNSPECIFIED., .F., .F.,
 ( 4, 4 ),
 ( 0.3636363636363636465, 0.4545454545454545858 ),
 .UNSPECIFIED. ) ;
#795 = CARTESIAN_POINT ( 'NONE',  ( 0.7849999999999998090, -0.1000000000000000056, 1.625000000000000222 ) ) ;
#796 = PRESENTATION_STYLE_ASSIGNMENT (( #639 ) ) ;
#797 = CARTESIAN_POINT ( 'NONE',  ( 1.466705123443036607, 2.000000000000000888, -0.6711678999691337300 ) ) ;
#798 = CARTESIAN_POINT ( 'NONE',  ( 1.093697081280719408, 2.000000000000000000, -0.3444821198668107098 ) ) ;
#799 = CARTESIAN_POINT ( 'NONE',  ( 1.242388969312482327, 2.000000000000000000, -0.1369557056420533381 ) ) ;
#800 = ORIENTED_EDGE ( 'NONE', *, *, #2176, .T. ) ;
#801 = SURFACE_SIDE_STYLE ('',( #1287 ) ) ;
#802 = VECTOR ( 'NONE', #266, 1000.000000000000000 ) ;
#803 = COLOUR_RGB ( '',0.8274509803921568096, 0.8392156862745098200, 0.8274509803921568096 ) ;
#804 = CARTESIAN_POINT ( 'NONE',  ( 0.7849999999999998090, -0.1000000000000000056, 1.625000000000000222 ) ) ;
#805 = CARTESIAN_POINT ( 'NONE',  ( 1.538885060303292418, 1.999999999999999556, 0.5550740808328559206 ) ) ;
#806 = EDGE_CURVE ( 'NONE', #3227, #1960, #1680, .T. ) ;
#807 = ORIENTED_EDGE ( 'NONE', *, *, #77, .T. ) ;
#808 = DIRECTION ( 'NONE',  ( 0.000000000000000000, 0.000000000000000000, 1.000000000000000000 ) ) ;
#809 = ADVANCED_FACE ( 'NONE', ( #1443 ), #465, .T. ) ;
#810 = CARTESIAN_POINT ( 'NONE',  ( -1.604999999999999760, -0.1000000000000000056, 1.625000000000000000 ) ) ;
#811 = ORIENTED_EDGE ( 'NONE', *, *, #1736, .T. ) ;
#812 = PLANE ( 'NONE',  #1846 ) ;
#813 = CARTESIAN_POINT ( 'NONE',  ( 1.631480882556953560, 2.000000000000000000, -0.7261283725823896029 ) ) ;
#814 = PRESENTATION_STYLE_ASSIGNMENT (( #2364 ) ) ;
#815 = ORIENTED_EDGE ( 'NONE', *, *, #3167, .F. ) ;
#816 =( LENGTH_UNIT ( ) NAMED_UNIT ( * ) SI_UNIT ( .MILLI., .METRE. ) );
#817 = CARTESIAN_POINT ( 'NONE',  ( 1.836137204112395338, 1.999999999999999556, -0.5844870910618580329 ) ) ;
#818 = CARTESIAN_POINT ( 'NONE',  ( 1.005495959485847468, 1.998999999999999888, -0.3444821198668107098 ) ) ;
#819 = EDGE_LOOP ( 'NONE', ( #930, #1406, #1248, #1497 ) ) ;
#820 = CARTESIAN_POINT ( 'NONE',  ( 1.334136272213520602, 2.000000000000000444, -0.1864252218210445400 ) ) ;
#821 = ADVANCED_FACE ( 'NONE', ( #2065 ), #996, .F. ) ;
#822 = VERTEX_POINT ( 'NONE', #2508 ) ;
#823 = CARTESIAN_POINT ( 'NONE',  ( 1.005495959485847468, 1.998999999999999888, -0.3444821198668107098 ) ) ;
#824 = PRODUCT_DEFINITION_FORMATION_WITH_SPECIFIED_SOURCE ( 'ANY', '', #2804, .NOT_KNOWN. ) ;
#825 =( NAMED_UNIT ( * ) SI_UNIT ( $, .STERADIAN. ) SOLID_ANGLE_UNIT ( ) );
#826 = B_SPLINE_CURVE_WITH_KNOTS ( 'NONE', 3,
 ( #2690, #1917, #2899, #2662 ),
 .UNSPECIFIED., .F., .F.,
 ( 4, 4 ),
 ( 0.6363636363636364646, 0.7272727272727274039 ),
 .UNSPECIFIED. ) ;
#827 =( NAMED_UNIT ( * ) PLANE_ANGLE_UNIT ( ) SI_UNIT ( $, .RADIAN. ) );
#828 = VERTEX_POINT ( 'NONE', #2280 ) ;
#829 = STYLED_ITEM ( 'NONE', ( #2044 ), #1622 ) ;
#830 = CARTESIAN_POINT ( 'NONE',  ( 1.791999731630300463, 2.000000000000000444, -0.5874015443926038360 ) ) ;
#831 = COLOUR_RGB ( '',1.000000000000000000, 1.000000000000000000, 1.000000000000000000 ) ;
#832 = CARTESIAN_POINT ( 'NONE',  ( 1.005495959485847468, 1.998999999999999888, -0.4534564788411698522 ) ) ;
#833 = VERTEX_POINT ( 'NONE', #204 ) ;
#834 = SURFACE_STYLE_USAGE ( .BOTH. , #1670 ) ;
#835 = VECTOR ( 'NONE', #3269, 1000.000000000000000 ) ;
#836 = CARTESIAN_POINT ( 'NONE',  ( 1.791999731630300019, 1.998999999999999888, 0.06644460945355018522 ) ) ;
#837 =( GEOMETRIC_REPRESENTATION_CONTEXT ( 3 ) GLOBAL_UNCERTAINTY_ASSIGNED_CONTEXT ( ( #2563 ) ) GLOBAL_UNIT_ASSIGNED_CONTEXT ( ( #952, #128, #2455 ) ) REPRESENTATION_CONTEXT ( 'NONE', 'WORKASPACE' ) );
#838 = ORIENTED_EDGE ( 'NONE', *, *, #267, .T. ) ;
#839 = UNCERTAINTY_MEASURE_WITH_UNIT (LENGTH_MEASURE( 1.000000000000000082E-05 ), #3039, 'distance_accuracy_value', 'NONE');
#840 = DIRECTION ( 'NONE',  ( -0.000000000000000000, 1.000000000000000000, -0.000000000000000000 ) ) ;
#841 = ADVANCED_FACE ( 'NONE', ( #2061 ), #420, .F. ) ;
#842 = ADVANCED_FACE ( 'NONE', ( #722 ), #2790, .T. ) ;
#843 = EDGE_CURVE ( 'NONE', #2786, #507, #1160, .T. ) ;
#844 = CARTESIAN_POINT ( 'NONE',  ( 1.194811448530127773, 1.999999999999999556, -0.2679833682463224620 ) ) ;
#845 = CARTESIAN_POINT ( 'NONE',  ( 1.466705123443036163, 2.000000000000000000, -0.01732174612297955260 ) ) ;
#846 = EDGE_LOOP ( 'NONE', ( #1629, #2478, #2050, #123 ) ) ;
#847 = CARTESIAN_POINT ( 'NONE',  ( 1.824088457804143193, 1.998999999999999888, 0.6128753882013147081 ) ) ;
#848 = ORIENTED_EDGE ( 'NONE', *, *, #1121, .F. ) ;
#849 =( NAMED_UNIT ( * ) PLANE_ANGLE_UNIT ( ) SI_UNIT ( $, .RADIAN. ) );
#850 = FACE_OUTER_BOUND ( 'NONE', #3193, .T. ) ;
#851 = CARTESIAN_POINT ( 'NONE',  ( 1.344862199222083499, 1.998999999999999444, -0.07535682152133973966 ) ) ;
#852 = PRESENTATION_LAYER_ASSIGNMENT (  '', '', ( #180 ) ) ;
#853 = DIRECTION ( 'NONE',  ( 0.000000000000000000, 0.000000000000000000, 1.000000000000000000 ) ) ;
#854 = ORIENTED_EDGE ( 'NONE', *, *, #1245, .F. ) ;
#855 = CARTESIAN_POINT ( 'NONE',  ( 1.242388969312482327, 1.998999999999999888, -0.1369557056420533381 ) ) ;
#856 = CARTESIAN_POINT ( 'NONE',  ( 1.224256708570093499, 2.000000000000000000, -0.9029814194583523079 ) ) ;
#857 = EDGE_CURVE ( 'NONE', #3058, #1147, #2170, .T. ) ;
#858 = DIRECTION ( 'NONE',  ( -0.000000000000000000, 1.000000000000000000, -0.000000000000000000 ) ) ;
#859 = VECTOR ( 'NONE', #458, 1000.000000000000000 ) ;
#860 = PRODUCT_CONTEXT ( 'NONE', #1943, 'mechanical' ) ;
#861 = ORIENTED_EDGE ( 'NONE', *, *, #2809, .F. ) ;
#862 = CARTESIAN_POINT ( 'NONE',  ( 1.242388969312482327, 2.000000000000000000, -0.7908018594882073593 ) ) ;
#863 = SURFACE_STYLE_USAGE ( .BOTH. , #276 ) ;
#864 = CARTESIAN_POINT ( 'NONE',  ( 1.724662807284687238, 1.999000000000001220, 0.6016005428852349013 ) ) ;
#865 = ORIENTED_EDGE ( 'NONE', *, *, #389, .T. ) ;
#866 = CARTESIAN_POINT ( 'NONE',  ( 1.166976922377209513, 1.998999999999999888, 0.3669922281601857295 ) ) ;
#867 =( NAMED_UNIT ( * ) PLANE_ANGLE_UNIT ( ) SI_UNIT ( $, .RADIAN. ) );
#868 = CARTESIAN_POINT ( 'NONE',  ( 1.836137204112395560, 1.998999999999999888, 0.06935906278429597449 ) ) ;
#869 = ORIENTED_EDGE ( 'NONE', *, *, #857, .T. ) ;
#870 = DIRECTION ( 'NONE',  ( 1.000000000000000000, 0.000000000000000000, -0.000000000000000000 ) ) ;
#871 = LINE ( 'NONE', #2416, #1372 ) ;
#872 = EDGE_LOOP ( 'NONE', ( #1452, #2912, #2460, #79 ) ) ;
#873 = LINE ( 'NONE', #1712, #1874 ) ;
#874 = ADVANCED_FACE ( 'NONE', ( #589 ), #2274, .T. ) ;
#875 = CARTESIAN_POINT ( 'NONE',  ( 1.734634102153721047, 1.999999999999999556, -0.5950389204435353463 ) ) ;
#876 = CARTESIAN_POINT ( 'NONE',  ( 1.114470318460206499, 2.000000000000000000, 0.8542358288511376907 ) ) ;
#877 = LINE ( 'NONE', #2150, #1345 ) ;
#878 = PRESENTATION_LAYER_ASSIGNMENT (  '', '', ( #2090 ) ) ;
#879 = ORIENTED_EDGE ( 'NONE', *, *, #2432, .F. ) ;
#880 = DIRECTION ( 'NONE',  ( -0.000000000000000000, 1.000000000000000000, -0.000000000000000000 ) ) ;
#881 = AXIS2_PLACEMENT_3D ( 'NONE', #3288, #1512, #3330 ) ;
#882 = CARTESIAN_POINT ( 'NONE',  ( 1.334136272213520602, 1.999000000000000332, 0.4674209320251092037 ) ) ;
#883 = VECTOR ( 'NONE', #1565, 1000.000000000000000 ) ;
#884 = EDGE_LOOP ( 'NONE', ( #1364, #1779, #773, #2799 ) ) ;
#885 =( NAMED_UNIT ( * ) PLANE_ANGLE_UNIT ( ) SI_UNIT ( $, .RADIAN. ) );
#886 = PRESENTATION_STYLE_ASSIGNMENT (( #2992 ) ) ;
#887 = COLOUR_RGB ( '',1.000000000000000000, 1.000000000000000000, 1.000000000000000000 ) ;
#888 = UNCERTAINTY_MEASURE_WITH_UNIT (LENGTH_MEASURE( 1.000000000000000082E-05 ), #1195, 'distance_accuracy_value', 'NONE');
#889 = AXIS2_PLACEMENT_3D ( 'NONE', #804, #259, #2840 ) ;
#890 = CARTESIAN_POINT ( 'NONE',  ( 1.638943977746428304, 1.998999999999999888, 0.6921080884520689480 ) ) ;
#891 = ORIENTED_EDGE ( 'NONE', *, *, #1228, .F. ) ;
#892 = CARTESIAN_POINT ( 'NONE',  ( 1.122077273403712550, 1.998999999999999888, 0.4251571532015419597 ) ) ;
#893 = FILL_AREA_STYLE ('',( #2672 ) ) ;
#894 = STYLED_ITEM ( 'NONE', ( #2409 ), #2974 ) ;
#895 = ORIENTED_EDGE ( 'NONE', *, *, #2308, .F. ) ;
#896 = CARTESIAN_POINT ( 'NONE',  ( 1.140965832094679611, 1.999000000000000776, -0.9597972440307058761 ) ) ;
#897 =( NAMED_UNIT ( * ) SI_UNIT ( $, .STERADIAN. ) SOLID_ANGLE_UNIT ( ) );
#898 = DIRECTION ( 'NONE',  ( 1.008560160451632221E-16, 0.000000000000000000, 1.000000000000000000 ) ) ;
#899 = CARTESIAN_POINT ( 'NONE',  ( 1.271732682161234251, 1.998999999999999444, -0.1180518716167084509 ) ) ;
#900 = CARTESIAN_POINT ( 'NONE',  ( 1.613538828075591125, 2.000000000000000000, -0.7308302769180928804 ) ) ;
#901 = EDGE_CURVE ( 'NONE', #515, #328, #109, .T. ) ;
#902 = EDGE_CURVE ( 'NONE', #3032, #3227, #183, .T. ) ;
#903 = ORIENTED_EDGE ( 'NONE', *, *, #2263, .T. ) ;
#904 = CARTESIAN_POINT ( 'NONE',  ( 0.7354871496469833625, 2.000000000000000000, -0.01750269680276892240 ) ) ;
#905 = CARTESIAN_POINT ( 'NONE',  ( 1.538885060303292862, 1.999999999999999556, -0.7526182268594516778 ) ) ;
#906 =( GEOMETRIC_REPRESENTATION_CONTEXT ( 3 ) GLOBAL_UNCERTAINTY_ASSIGNED_CONTEXT ( ( #113 ) ) GLOBAL_UNIT_ASSIGNED_CONTEXT ( ( #2826, #1984, #1276 ) ) REPRESENTATION_CONTEXT ( 'NONE', 'WORKASPACE' ) );
#907 = CARTESIAN_POINT ( 'NONE',  ( 0.4579918929540660044, 2.000000000000000000, -0.6426426023145804800 ) ) ;
#908 = VERTEX_POINT ( 'NONE', #3300 ) ;
#909 = FILL_AREA_STYLE_COLOUR ( '', #887 ) ;
#910 = CARTESIAN_POINT ( 'NONE',  ( 1.791999731630300463, 2.000000000000000444, 0.7202907632997039844 ) ) ;
#911 = ORIENTED_EDGE ( 'NONE', *, *, #1814, .F. ) ;
#912 = CARTESIAN_POINT ( 'NONE',  ( 1.005495959485847468, 1.998999999999999888, -0.4534564788411698522 ) ) ;
#913 = PLANE ( 'NONE',  #1911 ) ;
#914 = FACE_BOUND ( 'NONE', #3171, .T. ) ;
#915 = PRESENTATION_LAYER_ASSIGNMENT (  '', '', ( #2228 ) ) ;
#916 = PLANE ( 'NONE',  #889 ) ;
#917 = PRESENTATION_STYLE_ASSIGNMENT (( #2972 ) ) ;
#918 = ORIENTED_EDGE ( 'NONE', *, *, #61, .F. ) ;
#919 = SURFACE_STYLE_USAGE ( .BOTH. , #2038 ) ;
#920 = ADVANCED_FACE ( 'NONE', ( #3259 ), #430, .F. ) ;
#921 = CARTESIAN_POINT ( 'NONE',  ( -1.647270752819367745, 1.998999999999999888, 1.500000000000000000 ) ) ;
#922 = CARTESIAN_POINT ( 'NONE',  ( 1.824088457804143193, 2.000000000000000444, -0.04097076564483898009 ) ) ;
#923 = CARTESIAN_POINT ( 'NONE',  ( 1.783761415491975866, 1.999000000000000332, -0.04414982979772683058 ) ) ;
#924 = ORIENTED_EDGE ( 'NONE', *, *, #1135, .T. ) ;
#925 = DIRECTION ( 'NONE',  ( -0.000000000000000000, 1.000000000000000000, -0.000000000000000000 ) ) ;
#926 = DIRECTION ( 'NONE',  ( -1.000000000000000000, 0.000000000000000000, 0.000000000000000000 ) ) ;
#927 = CARTESIAN_POINT ( 'NONE',  ( 1.791999731630300463, 1.999000000000000332, 0.7202907632997039844 ) ) ;
#928 = PLANE ( 'NONE',  #3041 ) ;
#929 = MECHANICAL_DESIGN_GEOMETRIC_PRESENTATION_REPRESENTATION (  '', ( #1830 ), #137 ) ;
#930 = ORIENTED_EDGE ( 'NONE', *, *, #948, .F. ) ;
#931 = CARTESIAN_POINT ( 'NONE',  ( 1.093697081280719408, 1.998999999999999888, -0.9983282737129647311 ) ) ;
#932 = SURFACE_STYLE_USAGE ( .BOTH. , #181 ) ;
#933 = FILL_AREA_STYLE_COLOUR ( '', #553 ) ;
#934 =( NAMED_UNIT ( * ) PLANE_ANGLE_UNIT ( ) SI_UNIT ( $, .RADIAN. ) );
#935 = VECTOR ( 'NONE', #3348, 1000.000000000000227 ) ;
#936 = FILL_AREA_STYLE_COLOUR ( '', #281 ) ;
#937 = DIRECTION ( 'NONE',  ( -0.000000000000000000, -0.000000000000000000, -1.000000000000000000 ) ) ;
#938 = PRESENTATION_LAYER_ASSIGNMENT (  '', '', ( #439 ) ) ;
#939 = CARTESIAN_POINT ( 'NONE',  ( 1.844598523588411698, 1.998999999999999888, -0.03935391473860561096 ) ) ;
#940 =( GEOMETRIC_REPRESENTATION_CONTEXT ( 3 ) GLOBAL_UNCERTAINTY_ASSIGNED_CONTEXT ( ( #2789 ) ) GLOBAL_UNIT_ASSIGNED_CONTEXT ( ( #1866, #2913, #297 ) ) REPRESENTATION_CONTEXT ( 'NONE', 'WORKASPACE' ) );
#941 = ADVANCED_FACE ( 'NONE', ( #453 ), #916, .F. ) ;
#942 = VECTOR ( 'NONE', #3116, 1000.000000000000000 ) ;
#943 = VECTOR ( 'NONE', #1701, 1000.000000000000000 ) ;
#944 = LINE ( 'NONE', #3053, #1788 ) ;
#945 = PLANE ( 'NONE',  #881 ) ;
#946 = ADVANCED_FACE ( 'NONE', ( #2624 ), #2561, .F. ) ;
#947 =( GEOMETRIC_REPRESENTATION_CONTEXT ( 3 ) GLOBAL_UNCERTAINTY_ASSIGNED_CONTEXT ( ( #3363 ) ) GLOBAL_UNIT_ASSIGNED_CONTEXT ( ( #2554, #987, #3347 ) ) REPRESENTATION_CONTEXT ( 'NONE', 'WORKASPACE' ) );
#948 = EDGE_CURVE ( 'NONE', #1089, #991, #218, .T. ) ;
#949 = ORIENTED_EDGE ( 'NONE', *, *, #1092, .T. ) ;
#950 = CARTESIAN_POINT ( 'NONE',  ( 1.613538828075591125, 1.998999999999999888, -0.7308302769180928804 ) ) ;
#951 = AXIS2_PLACEMENT_3D ( 'NONE', #2988, #3063, #712 ) ;
#952 =( LENGTH_UNIT ( ) NAMED_UNIT ( * ) SI_UNIT ( .MILLI., .METRE. ) );
#953 = DIRECTION ( 'NONE',  ( -0.000000000000000000, 1.000000000000000000, -0.000000000000000000 ) ) ;
#954 = VERTEX_POINT ( 'NONE', #2325 ) ;
#955 = DIRECTION ( 'NONE',  ( 1.000000000000000000, 0.000000000000000000, 0.000000000000000000 ) ) ;
#956 = UNCERTAINTY_MEASURE_WITH_UNIT (LENGTH_MEASURE( 1.000000000000000082E-05 ), #1363, 'distance_accuracy_value', 'NONE');
#957 = FILL_AREA_STYLE_COLOUR ( '', #1988 ) ;
#958 = SURFACE_STYLE_FILL_AREA ( #2255 ) ;
#959 = VERTEX_POINT ( 'NONE', #1065 ) ;
#960 = ORIENTED_EDGE ( 'NONE', *, *, #1556, .F. ) ;
#961 = CARTESIAN_POINT ( 'NONE',  ( -0.2006956283057726165, 2.000000000000000000, 0.6263175740633744049 ) ) ;
#962 = UNCERTAINTY_MEASURE_WITH_UNIT (LENGTH_MEASURE( 1.000000000000000082E-05 ), #1358, 'distance_accuracy_value', 'NONE');
#963 =( NAMED_UNIT ( * ) SI_UNIT ( $, .STERADIAN. ) SOLID_ANGLE_UNIT ( ) );
#964 = B_SPLINE_CURVE_WITH_KNOTS ( 'NONE', 3,
 ( #931, #3040, #2235, #896, #2723, #1997, #673, #106, #370, #1717, #1197, #427, #2707, #3274, #2744 ),
 .UNSPECIFIED., .F., .F.,
 ( 4, 1, 1, 1, 1, 1, 1, 1, 1, 1, 1, 1, 4 ),
 ( 0.000000000000000000, 0.05027287497458372140, 0.1027903700748777072, 0.1576131012369290929, 0.2146311133156756645, 0.2740612127265388276, 0.3356974550538851521, 0.4000702787165529295, 0.4668267493853402450, 0.6020780869193703699, 0.7357515335047495331, 0.8682046170340285141, 1.000000000000000000 ),
 .UNSPECIFIED. ) ;
#965 =( GEOMETRIC_REPRESENTATION_CONTEXT ( 3 ) GLOBAL_UNCERTAINTY_ASSIGNED_CONTEXT ( ( #1438 ) ) GLOBAL_UNIT_ASSIGNED_CONTEXT ( ( #1620, #1039, #1359 ) ) REPRESENTATION_CONTEXT ( 'NONE', 'WORKASPACE' ) );
#966 = VECTOR ( 'NONE', #1447, 1000.000000000000000 ) ;
#967 = B_SPLINE_SURFACE_WITH_KNOTS ( 'NONE', 3, 1, ( 
 ( #1904, #900 ),
 ( #604, #3005 ),
 ( #622, #1182 ),
 ( #1952, #2414 ),
 ( #1656, #2989 ),
 ( #325, #1673 ),
 ( #1687, #1131 ) ),
 .UNSPECIFIED., .F., .F., .F.,
 ( 4, 1, 1, 1, 4 ),
 ( 2, 2 ),
 ( 0.000000000000000000, 0.2372165186042102247, 0.4825864912431362397, 0.7368469271779309882, 1.000000000000000000 ),
 ( 0.000000000000000000, 1.000000000000000000 ),
 .UNSPECIFIED. ) ;
#968 = CARTESIAN_POINT ( 'NONE',  ( 1.255322057264013580, 2.000000000000000000, 0.4236932439505882164 ) ) ;
#969 = DIRECTION ( 'NONE',  ( -0.000000000000000000, 1.000000000000000000, -0.000000000000000000 ) ) ;
#970 = ORIENTED_EDGE ( 'NONE', *, *, #1872, .F. ) ;
#971 = CARTESIAN_POINT ( 'NONE',  ( 1.399473708798349758, 2.000000000000000444, 0.6066957932438362677 ) ) ;
#972 = CARTESIAN_POINT ( 'NONE',  ( 1.844598523588411698, 1.998999999999999888, -0.5842257096104006564 ) ) ;
#973 = LINE ( 'NONE', #2321, #2405 ) ;
#974 = ORIENTED_EDGE ( 'NONE', *, *, #3167, .T. ) ;
#975 = FACE_OUTER_BOUND ( 'NONE', #3140, .T. ) ;
#976 = CARTESIAN_POINT ( 'NONE',  ( 1.101198395776623151, 2.000000000000000444, -0.9919137427061504031 ) ) ;
#977 = ORIENTED_EDGE ( 'NONE', *, *, #3090, .T. ) ;
#978 = CARTESIAN_POINT ( 'NONE',  ( -1.604999999999999760, -0.1000000000000000056, -1.625000000000000000 ) ) ;
#979 = CARTESIAN_POINT ( 'NONE',  ( 1.824088457804143193, 1.999000000000000332, -0.04097076564483898009 ) ) ;
#980 = LINE ( 'NONE', #2828, #2772 ) ;
#981 =( NAMED_UNIT ( * ) SI_UNIT ( $, .STERADIAN. ) SOLID_ANGLE_UNIT ( ) );
#982 = CARTESIAN_POINT ( 'NONE',  ( 1.724662807284685906, 1.999999999999999556, -0.05224561096091889095 ) ) ;
#983 = SURFACE_STYLE_FILL_AREA ( #2551 ) ;
#984 = COLOUR_RGB ( '',1.000000000000000000, 1.000000000000000000, 1.000000000000000000 ) ;
#985 = ORIENTED_EDGE ( 'NONE', *, *, #3218, .T. ) ;
#986 = CARTESIAN_POINT ( 'NONE',  ( -0.5846141668884511366, 1.998999999999999888, -0.3789759062515856147 ) ) ;
#987 =( NAMED_UNIT ( * ) PLANE_ANGLE_UNIT ( ) SI_UNIT ( $, .RADIAN. ) );
#988 = CARTESIAN_POINT ( 'NONE',  ( 1.114470318460206499, 1.998999999999999888, -0.4534564788411698522 ) ) ;
#989 = CARTESIAN_POINT ( 'NONE',  ( -0.2006956283057726165, 1.998999999999999888, 0.6263175740633744049 ) ) ;
#990 = CARTESIAN_POINT ( 'NONE',  ( -0.2006956283057726165, 2.000000000000000000, 0.6263175740633744049 ) ) ;
#991 = VERTEX_POINT ( 'NONE', #3371 ) ;
#992 = EDGE_CURVE ( 'NONE', #2737, #1222, #3395, .T. ) ;
#993 = FILL_AREA_STYLE_COLOUR ( '', #2969 ) ;
#994 = CARTESIAN_POINT ( 'NONE',  ( 1.224256708570093499, 2.000000000000000444, -0.9029814194583523079 ) ) ;
#995 = ADVANCED_FACE ( 'NONE', ( #2290 ), #2897, .F. ) ;
#996 = B_SPLINE_SURFACE_WITH_KNOTS ( 'NONE', 3, 1, ( 
 ( #2533, #1590 ),
 ( #1848, #2892 ),
 ( #269, #535 ),
 ( #2621, #1494 ) ),
 .UNSPECIFIED., .F., .F., .F.,
 ( 4, 4 ),
 ( 2, 2 ),
 ( 0.2727272727272727071, 0.3636363636363636465 ),
 ( 0.000000000000000000, 1.000000000000000000 ),
 .UNSPECIFIED. ) ;
#997 = VECTOR ( 'NONE', #1890, 1000.000000000000000 ) ;
#998 = PLANE ( 'NONE',  #517 ) ;
#999 = UNCERTAINTY_MEASURE_WITH_UNIT (LENGTH_MEASURE( 1.000000000000000082E-05 ), #274, 'distance_accuracy_value', 'NONE');
#1000 = VECTOR ( 'NONE', #2441, 1000.000000000000000 ) ;
#1001 = LINE ( 'NONE', #2603, #2073 ) ;
#1002 = FILL_AREA_STYLE_COLOUR ( '', #3 ) ;
#1003 = AXIS2_PLACEMENT_3D ( 'NONE', #1901, #808, #2123 ) ;
#1004 = DIRECTION ( 'NONE',  ( 0.7901669519244094442, 0.000000000000000000, 0.6128916609699369689 ) ) ;
#1005 =( LENGTH_UNIT ( ) NAMED_UNIT ( * ) SI_UNIT ( .MILLI., .METRE. ) );
#1006 = CARTESIAN_POINT ( 'NONE',  ( 1.122077273403712772, 2.000000000000000444, -0.8825351544907656942 ) ) ;
#1007 = MECHANICAL_DESIGN_GEOMETRIC_PRESENTATION_REPRESENTATION (  '', ( #1385 ), #2101 ) ;
#1008 =( NAMED_UNIT ( * ) SI_UNIT ( $, .STERADIAN. ) SOLID_ANGLE_UNIT ( ) );
#1009 =( LENGTH_UNIT ( ) NAMED_UNIT ( * ) SI_UNIT ( .MILLI., .METRE. ) );
#1010 = VERTEX_POINT ( 'NONE', #1090 ) ;
#1011 = SURFACE_STYLE_FILL_AREA ( #215 ) ;
#1012 = DIRECTION ( 'NONE',  ( 0.000000000000000000, -0.000000000000000000, 1.000000000000000000 ) ) ;
#1013 = MECHANICAL_DESIGN_GEOMETRIC_PRESENTATION_REPRESENTATION (  '', ( #3299 ), #2259 ) ;
#1014 =( NAMED_UNIT ( * ) PLANE_ANGLE_UNIT ( ) SI_UNIT ( $, .RADIAN. ) );
#1015 = CARTESIAN_POINT ( 'NONE',  ( -0.7849999999999995870, -0.1000000000000000056, -1.625000000000000000 ) ) ;
#1016 = MECHANICAL_DESIGN_GEOMETRIC_PRESENTATION_REPRESENTATION (  '', ( #735 ), #45 ) ;
#1017 = ORIENTED_EDGE ( 'NONE', *, *, #2619, .T. ) ;
#1018 = FILL_AREA_STYLE ('',( #1782 ) ) ;
#1019 = CARTESIAN_POINT ( 'NONE',  ( -0.5619670613766420963, 2.000000000000000000, -0.5345340290862313770 ) ) ;
#1020 = EDGE_CURVE ( 'NONE', #2613, #3066, #490, .T. ) ;
#1021 = DIRECTION ( 'NONE',  ( -0.000000000000000000, 0.000000000000000000, 1.000000000000000000 ) ) ;
#1022 = FILL_AREA_STYLE ('',( #761 ) ) ;
#1023 =( NAMED_UNIT ( * ) SI_UNIT ( $, .STERADIAN. ) SOLID_ANGLE_UNIT ( ) );
#1024 = FILL_AREA_STYLE_COLOUR ( '', #659 ) ;
#1025 = SURFACE_SIDE_STYLE ('',( #232 ) ) ;
#1026 = DIRECTION ( 'NONE',  ( 0.000000000000000000, -1.000000000000000000, 0.000000000000000000 ) ) ;
#1027 = CARTESIAN_POINT ( 'NONE',  ( 1.242388969312482327, 2.000000000000000000, -0.7908018594882073593 ) ) ;
#1028 = DIRECTION ( 'NONE',  ( 0.000000000000000000, -0.000000000000000000, 1.000000000000000000 ) ) ;
#1029 = FILL_AREA_STYLE ('',( #485 ) ) ;
#1030 = EDGE_LOOP ( 'NONE', ( #1502, #364, #1536, #1233 ) ) ;
#1031 = STYLED_ITEM ( 'NONE', ( #2709 ), #2764 ) ;
#1032 = DIRECTION ( 'NONE',  ( 0.000000000000000000, 1.000000000000000000, 0.000000000000000000 ) ) ;
#1033 = PRESENTATION_STYLE_ASSIGNMENT (( #1596 ) ) ;
#1034 = CARTESIAN_POINT ( 'NONE',  ( 0.1654665890170580467, 1.998999999999999888, -0.6426426023145787036 ) ) ;
#1035 = ORIENTED_EDGE ( 'NONE', *, *, #3201, .T. ) ;
#1036 = CARTESIAN_POINT ( 'NONE',  ( -0.7849999999999995870, 0.000000000000000000, 1.625000000000000000 ) ) ;
#1037 = DIRECTION ( 'NONE',  ( -1.000000000000000000, 0.000000000000000000, 0.000000000000000000 ) ) ;
#1038 = SURFACE_STYLE_FILL_AREA ( #186 ) ;
#1039 =( NAMED_UNIT ( * ) PLANE_ANGLE_UNIT ( ) SI_UNIT ( $, .RADIAN. ) );
#1040 = EDGE_CURVE ( 'NONE', #115, #1920, #1104, .T. ) ;
#1041 = CARTESIAN_POINT ( 'NONE',  ( 1.101198395776622929, 1.998999999999999444, 0.3157785649861569177 ) ) ;
#1042 = CARTESIAN_POINT ( 'NONE',  ( -0.8685181164947515242, 1.998999999999999888, -0.2812083723933140322 ) ) ;
#1043 = LINE ( 'NONE', #745, #2097 ) ;
#1044 = CARTESIAN_POINT ( 'NONE',  ( 1.734634102153721047, 1.998999999999999444, -0.5950389204435353463 ) ) ;
#1045 = CARTESIAN_POINT ( 'NONE',  ( 1.114470318460206499, 1.998999999999999888, 0.8542358288511376907 ) ) ;
#1046 = CARTESIAN_POINT ( 'NONE',  ( 1.187387142859995581, 2.000000000000000000, -0.1752649671943973808 ) ) ;
#1047 = ORIENTED_EDGE ( 'NONE', *, *, #564, .T. ) ;
#1048 = PLANE ( 'NONE',  #2650 ) ;
#1049 = DIRECTION ( 'NONE',  ( 0.000000000000000000, 0.000000000000000000, -1.000000000000000000 ) ) ;
#1050 = CARTESIAN_POINT ( 'NONE',  ( 1.255322057264013580, 2.000000000000000000, 0.4236932439505882164 ) ) ;
#1051 = LINE ( 'NONE', #1069, #883 ) ;
#1052 = DIRECTION ( 'NONE',  ( -1.000000000000000000, -0.000000000000000000, -0.000000000000000000 ) ) ;
#1053 =( LENGTH_UNIT ( ) NAMED_UNIT ( * ) SI_UNIT ( .MILLI., .METRE. ) );
#1054 = LINE ( 'NONE', #3144, #2755 ) ;
#1055 = DIRECTION ( 'NONE',  ( 0.000000000000000000, 0.000000000000000000, -1.000000000000000000 ) ) ;
#1056 = PLANE ( 'NONE',  #1232 ) ;
#1057 = FACE_OUTER_BOUND ( 'NONE', #512, .T. ) ;
#1058 = CARTESIAN_POINT ( 'NONE',  ( 1.137494231787218757, 2.000000000000000444, -0.8687156243701361635 ) ) ;
#1059 = EDGE_CURVE ( 'NONE', #531, #2949, #1665, .T. ) ;
#1060 = EDGE_CURVE ( 'NONE', #2380, #633, #2887, .T. ) ;
#1061 = CARTESIAN_POINT ( 'NONE',  ( 0.3535955464973720708, 1.998999999999999888, -0.4543577267240323514 ) ) ;
#1062 = VERTEX_POINT ( 'NONE', #2641 ) ;
#1063 = DIRECTION ( 'NONE',  ( -1.000000000000000000, 0.000000000000000000, 0.000000000000000000 ) ) ;
#1064 = VECTOR ( 'NONE', #1283, 1000.000000000000000 ) ;
#1065 = CARTESIAN_POINT ( 'NONE',  ( 1.604999999999999760, 0.000000000000000000, -1.625000000000000222 ) ) ;
#1066 = CARTESIAN_POINT ( 'NONE',  ( 1.638943977746428748, 1.998999999999999888, -0.6155842192402385393 ) ) ;
#1067 = PRESENTATION_LAYER_ASSIGNMENT (  '', '', ( #3024 ) ) ;
#1068 = EDGE_LOOP ( 'NONE', ( #586, #2243, #221, #335 ) ) ;
#1069 = CARTESIAN_POINT ( 'NONE',  ( 1.844598523588411698, 1.998999999999999888, 0.7234665980819070530 ) ) ;
#1070 = CARTESIAN_POINT ( 'NONE',  ( -1.604999999999999760, -0.1000000000000000056, -1.625000000000000000 ) ) ;
#1071 = PRESENTATION_LAYER_ASSIGNMENT (  '', '', ( #735 ) ) ;
#1072 =( LENGTH_UNIT ( ) NAMED_UNIT ( * ) SI_UNIT ( .MILLI., .METRE. ) );
#1073 = VECTOR ( 'NONE', #753, 1000.000000000000000 ) ;
#1074 = CARTESIAN_POINT ( 'NONE',  ( 0.5211272630328078748, 1.998999999999999888, -0.1590465330232416208 ) ) ;
#1075 = ORIENTED_EDGE ( 'NONE', *, *, #763, .F. ) ;
#1076 = CARTESIAN_POINT ( 'NONE',  ( 1.604999999999999760, 0.000000000000000000, 1.625000000000000444 ) ) ;
#1077 = SURFACE_STYLE_USAGE ( .BOTH. , #801 ) ;
#1078 = STYLED_ITEM ( 'NONE', ( #3379 ), #2240 ) ;
#1079 = CARTESIAN_POINT ( 'NONE',  ( 1.005495959485847468, 2.000000000000000000, 0.2003896750049840858 ) ) ;
#1080 = CARTESIAN_POINT ( 'NONE',  ( 1.344862199222084165, 1.999000000000000776, -0.7292029753674941217 ) ) ;
#1081 = PRESENTATION_LAYER_ASSIGNMENT (  '', '', ( #2378 ) ) ;
#1082 = EDGE_LOOP ( 'NONE', ( #1611, #111, #2265, #2953 ) ) ;
#1083 = CARTESIAN_POINT ( 'NONE',  ( 1.194811448530127773, 1.998999999999999444, 0.3858627855998310041 ) ) ;
#1084 = LINE ( 'NONE', #810, #3080 ) ;
#1085 = ORIENTED_EDGE ( 'NONE', *, *, #2735, .F. ) ;
#1086 = DIRECTION ( 'NONE',  ( -0.000000000000000000, 0.000000000000000000, 1.000000000000000000 ) ) ;
#1087 = CARTESIAN_POINT ( 'NONE',  ( -0.5846141668884511366, 2.000000000000000000, -0.3789759062515856147 ) ) ;
#1088 = LINE ( 'NONE', #2145, #997 ) ;
#1089 = VERTEX_POINT ( 'NONE', #1079 ) ;
#1090 = CARTESIAN_POINT ( 'NONE',  ( 1.613538828075591125, 1.998999999999999888, 0.5768620307742146069 ) ) ;
#1091 = CARTESIAN_POINT ( 'NONE',  ( 1.140965832094679389, 2.000000000000000888, 0.3478950636616022773 ) ) ;
#1092 = EDGE_CURVE ( 'NONE', #433, #1996, #1330, .T. ) ;
#1093 = ORIENTED_EDGE ( 'NONE', *, *, #1060, .T. ) ;
#1094 = FILL_AREA_STYLE ('',( #2644 ) ) ;
#1095 = CARTESIAN_POINT ( 'NONE',  ( 2.149999999999999467, 2.000000000000000000, -2.149999999999999911 ) ) ;
#1096 = CARTESIAN_POINT ( 'NONE',  ( 1.465638922642791497, 2.000000000000000444, 0.5277681143003993824 ) ) ;
#1097 = ADVANCED_FACE ( 'NONE', ( #1125 ), #2026, .T. ) ;
#1098 = EDGE_CURVE ( 'NONE', #339, #1274, #2260, .T. ) ;
#1099 = ORIENTED_EDGE ( 'NONE', *, *, #663, .F. ) ;
#1100 = FILL_AREA_STYLE ('',( #29 ) ) ;
#1101 = SURFACE_STYLE_USAGE ( .BOTH. , #30 ) ;
#1102 = PRESENTATION_LAYER_ASSIGNMENT (  '', '', ( #719 ) ) ;
#1103 = DIRECTION ( 'NONE',  ( 0.000000000000000000, 0.000000000000000000, 1.000000000000000000 ) ) ;
#1104 = B_SPLINE_CURVE_WITH_KNOTS ( 'NONE', 3,
 ( #1139, #817, #2967, #830, #2131, #875, #596, #1335, #65, #1895, #1648, #1351, #3207, #2926, #2382, #2179, #862, #10, #2421, #2685, #306, #568, #50 ),
 .UNSPECIFIED., .F., .F.,
 ( 4, 1, 1, 1, 1, 1, 1, 1, 1, 1, 1, 1, 1, 1, 1, 1, 1, 1, 1, 1, 4 ),
 ( 0.000000000000000000, 0.03151551312998480958, 0.06480979674365734688, 0.09991169883527560580, 0.1366755286001710423, 0.1751432978746825242, 0.2157650117082456631, 0.2581569125231217288, 0.3022930440652046857, 0.3927408518774001545, 0.4832984694610616416, 0.5744114847371660781, 0.6664774093514971298, 0.7120107481430553165, 0.7563744975915033253, 0.7998154803065209428, 0.8419616993485901091, 0.8828431755911849699, 0.9229180315891943875, 0.9619666184423849575, 1.000000000000000000 ),
 .UNSPECIFIED. ) ;
#1105 = CARTESIAN_POINT ( 'NONE',  ( 1.836137204112395560, 2.000000000000000000, 0.06935906278429597449 ) ) ;
#1106 = ORIENTED_EDGE ( 'NONE', *, *, #305, .F. ) ;
#1107 = SURFACE_STYLE_USAGE ( .BOTH. , #1863 ) ;
#1108 = PRESENTATION_LAYER_ASSIGNMENT (  '', '', ( #1226 ) ) ;
#1109 = CARTESIAN_POINT ( 'NONE',  ( -1.647270752819367745, 1.998999999999999888, 1.500000000000000000 ) ) ;
#1110 = CARTESIAN_POINT ( 'NONE',  ( 0.5189398236627312810, 2.000000000000000000, -0.0007644290862337006906 ) ) ;
#1111 = ORIENTED_EDGE ( 'NONE', *, *, #806, .T. ) ;
#1112 = CARTESIAN_POINT ( 'NONE',  ( 1.101198395776622929, 1.998999999999999444, 0.3157785649861569177 ) ) ;
#1113 = CARTESIAN_POINT ( 'NONE',  ( 1.093697081280719408, 1.998999999999999888, 0.3093640339793429228 ) ) ;
#1114 = CARTESIAN_POINT ( 'NONE',  ( 1.399473708798349536, 1.999000000000000332, -0.04715036060231736492 ) ) ;
#1115 = DIRECTION ( 'NONE',  ( -0.000000000000000000, 0.000000000000000000, 1.000000000000000000 ) ) ;
#1116 =( GEOMETRIC_REPRESENTATION_CONTEXT ( 3 ) GLOBAL_UNCERTAINTY_ASSIGNED_CONTEXT ( ( #1544 ) ) GLOBAL_UNIT_ASSIGNED_CONTEXT ( ( #80, #3270, #2194 ) ) REPRESENTATION_CONTEXT ( 'NONE', 'WORKASPACE' ) );
#1117 = PRODUCT_DEFINITION_CONTEXT ( 'detailed design', #101, 'design' ) ;
#1118 = CARTESIAN_POINT ( 'NONE',  ( 1.672122341919930699, 1.998999999999999444, 0.04635076359129749329 ) ) ;
#1119 = PRESENTATION_STYLE_ASSIGNMENT (( #1436 ) ) ;
#1120 = STYLED_ITEM ( 'NONE', ( #3029 ), #1153 ) ;
#1121 = EDGE_CURVE ( 'NONE', #3189, #2768, #1456, .T. ) ;
#1122 = CARTESIAN_POINT ( 'NONE',  ( 0.6345943748438317433, 2.000000000000000000, -0.4239972605822950880 ) ) ;
#1123 = SHAPE_DEFINITION_REPRESENTATION ( #1801, #2218 ) ;
#1124 = ORIENTED_EDGE ( 'NONE', *, *, #3170, .T. ) ;
#1125 = FACE_OUTER_BOUND ( 'NONE', #412, .T. ) ;
#1126 = CARTESIAN_POINT ( 'NONE',  ( -1.899999999999999911, 2.000000000000000000, 1.899999999999999911 ) ) ;
#1127 = ORIENTED_EDGE ( 'NONE', *, *, #2694, .T. ) ;
#1128 = CARTESIAN_POINT ( 'NONE',  ( 1.613538828075591125, 1.998999999999999888, 0.5768620307742146069 ) ) ;
#1129 = CARTESIAN_POINT ( 'NONE',  ( 1.005495959485847468, 1.998999999999999888, -0.4534564788411698522 ) ) ;
#1130 = STYLED_ITEM ( 'NONE', ( #1445 ), #2479 ) ;
#1131 = CARTESIAN_POINT ( 'NONE',  ( 1.844598523588411698, 2.000000000000000000, -0.6932000685847595767 ) ) ;
#1132 = VERTEX_POINT ( 'NONE', #660 ) ;
#1133 = CARTESIAN_POINT ( 'NONE',  ( -0.7849999999999995870, -0.1000000000000000056, -1.625000000000000000 ) ) ;
#1134 = MECHANICAL_DESIGN_GEOMETRIC_PRESENTATION_REPRESENTATION (  '', ( #577 ), #408 ) ;
#1135 = EDGE_CURVE ( 'NONE', #1960, #1062, #3009, .T. ) ;
#1136 = DIRECTION ( 'NONE',  ( -0.000000000000000000, 1.000000000000000000, -0.000000000000000000 ) ) ;
#1137 = AXIS2_PLACEMENT_3D ( 'NONE', #198, #784, #3351 ) ;
#1138 = ORIENTED_EDGE ( 'NONE', *, *, #2735, .T. ) ;
#1139 = CARTESIAN_POINT ( 'NONE',  ( 1.844598523588411698, 2.000000000000000000, -0.5842257096104006564 ) ) ;
#1140 = CARTESIAN_POINT ( 'NONE',  ( 1.844598523588411698, 1.998999999999999888, 0.6144922391075480217 ) ) ;
#1141 = CARTESIAN_POINT ( 'NONE',  ( -2.149999999999999911, 0.000000000000000000, 1.899999999999998135 ) ) ;
#1142 = ORIENTED_EDGE ( 'NONE', *, *, #1383, .T. ) ;
#1143 = CARTESIAN_POINT ( 'NONE',  ( 1.114470318460206721, 2.000000000000000000, -0.8893539147386058108 ) ) ;
#1144 = CARTESIAN_POINT ( 'NONE',  ( 1.334136272213520602, 2.000000000000000444, 0.4674209320251092037 ) ) ;
#1145 = COLOUR_RGB ( '',0.1921568627450980227, 0.2039215686274509776, 0.2039215686274509776 ) ;
#1146 = SURFACE_SIDE_STYLE ('',( #342 ) ) ;
#1147 = VERTEX_POINT ( 'NONE', #2750 ) ;
#1148 = CARTESIAN_POINT ( 'NONE',  ( 0.1654665890170580467, 2.000000000000000000, -0.6426426023145787036 ) ) ;
#1149 = COLOUR_RGB ( '',1.000000000000000000, 1.000000000000000000, 1.000000000000000000 ) ;
#1150 = CARTESIAN_POINT ( 'NONE',  ( 1.791999731630300463, 1.999000000000000332, 0.7202907632997039844 ) ) ;
#1151 = ORIENTED_EDGE ( 'NONE', *, *, #1634, .F. ) ;
#1152 = AXIS2_PLACEMENT_3D ( 'NONE', #3316, #3056, #1028 ) ;
#1153 = ADVANCED_FACE ( 'NONE', ( #1708 ), #185, .T. ) ;
#1154 = ADVANCED_FACE ( 'NONE', ( #2295 ), #998, .F. ) ;
#1155 = CARTESIAN_POINT ( 'NONE',  ( 1.302507916529031418, 2.000000000000000444, 0.5541099772709601190 ) ) ;
#1156 = COLOUR_RGB ( '',0.1921568627450980227, 0.2039215686274509776, 0.2039215686274509776 ) ;
#1157 = ORIENTED_EDGE ( 'NONE', *, *, #482, .T. ) ;
#1158 = FILL_AREA_STYLE_COLOUR ( '', #1377 ) ;
#1159 =( GEOMETRIC_REPRESENTATION_CONTEXT ( 3 ) GLOBAL_UNCERTAINTY_ASSIGNED_CONTEXT ( ( #2771 ) ) GLOBAL_UNIT_ASSIGNED_CONTEXT ( ( #2291, #3356, #1221 ) ) REPRESENTATION_CONTEXT ( 'NONE', 'WORKASPACE' ) );
#1160 = LINE ( 'NONE', #2412, #3026 ) ;
#1161 = STYLED_ITEM ( 'NONE', ( #2338 ), #39 ) ;
#1162 = ORIENTED_EDGE ( 'NONE', *, *, #2012, .T. ) ;
#1163 = FACE_OUTER_BOUND ( 'NONE', #872, .T. ) ;
#1164 = CARTESIAN_POINT ( 'NONE',  ( 1.836137204112395560, 1.998999999999999888, 0.06935906278429597449 ) ) ;
#1165 = CARTESIAN_POINT ( 'NONE',  ( 1.140965832094679611, 2.000000000000000888, -0.9597972440307058761 ) ) ;
#1166 = COLOUR_RGB ( '',0.8274509803921568096, 0.8392156862745098200, 0.8274509803921568096 ) ;
#1167 = UNCERTAINTY_MEASURE_WITH_UNIT (LENGTH_MEASURE( 1.000000000000000082E-05 ), #2076, 'distance_accuracy_value', 'NONE');
#1168 = MECHANICAL_DESIGN_GEOMETRIC_PRESENTATION_REPRESENTATION (  '', ( #2206 ), #3302 ) ;
#1169 = LINE ( 'NONE', #3013, #2653 ) ;
#1170 = FILL_AREA_STYLE_COLOUR ( '', #373 ) ;
#1171 = ORIENTED_EDGE ( 'NONE', *, *, #1658, .T. ) ;
#1172 = DIRECTION ( 'NONE',  ( -1.000000000000000000, -0.000000000000000000, 0.000000000000000000 ) ) ;
#1173 = PRESENTATION_STYLE_ASSIGNMENT (( #1408 ) ) ;
#1174 = CARTESIAN_POINT ( 'NONE',  ( -0.2398425385419974409, 2.000000000000000000, -0.2033203975901712313 ) ) ;
#1175 =( NAMED_UNIT ( * ) SI_UNIT ( $, .STERADIAN. ) SOLID_ANGLE_UNIT ( ) );
#1176 = B_SPLINE_CURVE_WITH_KNOTS ( 'NONE', 3,
 ( #693, #3062, #1980, #2272 ),
 .UNSPECIFIED., .F., .F.,
 ( 4, 4 ),
 ( 0.000000000000000000, 0.09090909090909091161 ),
 .UNSPECIFIED. ) ;
#1177 = ORIENTED_EDGE ( 'NONE', *, *, #2079, .T. ) ;
#1178 = DIRECTION ( 'NONE',  ( 0.000000000000000000, 0.000000000000000000, 1.000000000000000000 ) ) ;
#1179 = EDGE_CURVE ( 'NONE', #1700, #2737, #366, .T. ) ;
#1180 = LINE ( 'NONE', #1483, #2915 ) ;
#1181 = CARTESIAN_POINT ( 'NONE',  ( 1.242388969312482327, 1.998999999999999888, -0.1369557056420533381 ) ) ;
#1182 = CARTESIAN_POINT ( 'NONE',  ( 1.667981684308877277, 1.999999999999999556, -0.7165629530708003125 ) ) ;
#1183 = STYLED_ITEM ( 'NONE', ( #3136 ), #2157 ) ;
#1184 = ORIENTED_EDGE ( 'NONE', *, *, #1421, .T. ) ;
#1185 = VERTEX_POINT ( 'NONE', #818 ) ;
#1186 = FILL_AREA_STYLE_COLOUR ( '', #1432 ) ;
#1187 = PRESENTATION_LAYER_ASSIGNMENT (  '', '', ( #685 ) ) ;
#1188 = CARTESIAN_POINT ( 'NONE',  ( 1.844598523588411698, 1.998999999999999888, -0.03935391473860561096 ) ) ;
#1189 = VECTOR ( 'NONE', #125, 1000.000000000000000 ) ;
#1190 = CARTESIAN_POINT ( 'NONE',  ( 2.149999999999999911, 0.000000000000000000, 1.899999999999998135 ) ) ;
#1191 = DIRECTION ( 'NONE',  ( -0.000000000000000000, 1.000000000000000000, -0.000000000000000000 ) ) ;
#1192 = EDGE_LOOP ( 'NONE', ( #2168, #2727, #450, #351 ) ) ;
#1193 = SURFACE_SIDE_STYLE ('',( #1975 ) ) ;
#1194 = CARTESIAN_POINT ( 'NONE',  ( 1.734634102153721713, 1.998999999999999888, 0.7126533872487722521 ) ) ;
#1195 =( LENGTH_UNIT ( ) NAMED_UNIT ( * ) SI_UNIT ( .MILLI., .METRE. ) );
#1196 = ORIENTED_EDGE ( 'NONE', *, *, #326, .T. ) ;
#1197 = CARTESIAN_POINT ( 'NONE',  ( 1.393092125782104285, 1.998999999999999888, -0.8107497097017279941 ) ) ;
#1198 =( NAMED_UNIT ( * ) PLANE_ANGLE_UNIT ( ) SI_UNIT ( $, .RADIAN. ) );
#1199 = SURFACE_STYLE_USAGE ( .BOTH. , #371 ) ;
#1200 = UNCERTAINTY_MEASURE_WITH_UNIT (LENGTH_MEASURE( 1.000000000000000082E-05 ), #2831, 'distance_accuracy_value', 'NONE');
#1201 = EDGE_CURVE ( 'NONE', #2139, #2655, #1989, .T. ) ;
#1202 = CARTESIAN_POINT ( 'NONE',  ( 1.791999731630300463, 1.999000000000000332, -0.5874015443926038360 ) ) ;
#1203 = ORIENTED_EDGE ( 'NONE', *, *, #547, .F. ) ;
#1204 = FILL_AREA_STYLE ('',( #936 ) ) ;
#1205 = PRESENTATION_STYLE_ASSIGNMENT (( #3340 ) ) ;
#1207 = ADVANCED_FACE ( 'NONE', ( #2313 ), #2393, .T. ) ;
#1206 = UNCERTAINTY_MEASURE_WITH_UNIT (LENGTH_MEASURE( 1.000000000000000082E-05 ), #3378, 'distance_accuracy_value', 'NONE');
#1208 = ADVANCED_FACE ( 'NONE', ( #3177 ), #716, .T. ) ;
#1209 = SURFACE_STYLE_FILL_AREA ( #124 ) ;
#1210 = CARTESIAN_POINT ( 'NONE',  ( -1.900000000000000355, 2.000000000000000000, -1.899999999999999911 ) ) ;
#1211 = CARTESIAN_POINT ( 'NONE',  ( 1.137494231787218979, 1.999000000000000332, 0.4389766833221717679 ) ) ;
#1212 = ORIENTED_EDGE ( 'NONE', *, *, #414, .T. ) ;
#1213 = FILL_AREA_STYLE ('',( #1941 ) ) ;
#1214 = DIRECTION ( 'NONE',  ( 0.000000000000000000, 4.590506860641045669E-13, -1.000000000000000000 ) ) ;
#1215 = CARTESIAN_POINT ( 'NONE',  ( 1.763933828761196754, 1.998999999999999888, 0.7171248994103364138 ) ) ;
#1216 = CARTESIAN_POINT ( 'NONE',  ( 0.7498407874422584607, 2.000000000000000000, 0.4297644528035306499 ) ) ;
#1217 = VECTOR ( 'NONE', #1851, 1000.000000000000000 ) ;
#1218 = DIRECTION ( 'NONE',  ( -0.000000000000000000, 0.000000000000000000, 1.000000000000000000 ) ) ;
#1219 = CARTESIAN_POINT ( 'NONE',  ( -1.647270752819367745, 1.998999999999999888, -1.500000000000000000 ) ) ;
#1220 =( GEOMETRIC_REPRESENTATION_CONTEXT ( 3 ) GLOBAL_UNCERTAINTY_ASSIGNED_CONTEXT ( ( #3043 ) ) GLOBAL_UNIT_ASSIGNED_CONTEXT ( ( #1577, #316, #825 ) ) REPRESENTATION_CONTEXT ( 'NONE', 'WORKASPACE' ) );
#1221 =( NAMED_UNIT ( * ) SI_UNIT ( $, .STERADIAN. ) SOLID_ANGLE_UNIT ( ) );
#1222 = VERTEX_POINT ( 'NONE', #1174 ) ;
#1223 = VECTOR ( 'NONE', #1337, 1000.000000000000000 ) ;
#1224 = CARTESIAN_POINT ( 'NONE',  ( 1.667981684308877055, 1.998999999999999000, 0.5911293546215070638 ) ) ;
#1225 = MECHANICAL_DESIGN_GEOMETRIC_PRESENTATION_REPRESENTATION (  '', ( #2631 ), #143 ) ;
#1226 = STYLED_ITEM ( 'NONE', ( #1340 ), #194 ) ;
#1227 = UNCERTAINTY_MEASURE_WITH_UNIT (LENGTH_MEASURE( 1.000000000000000082E-05 ), #3324, 'distance_accuracy_value', 'NONE');
#1228 = EDGE_CURVE ( 'NONE', #1147, #1395, #3293, .T. ) ;
#1229 = VECTOR ( 'NONE', #2069, 1000.000000000000000 ) ;
#1230 = CARTESIAN_POINT ( 'NONE',  ( 1.224256708570093499, 1.998999999999999888, 0.4047108882339554015 ) ) ;
#1231 =( NAMED_UNIT ( * ) SI_UNIT ( $, .STERADIAN. ) SOLID_ANGLE_UNIT ( ) );
#1232 = AXIS2_PLACEMENT_3D ( 'NONE', #2080, #286, #1346 ) ;
#1233 = ORIENTED_EDGE ( 'NONE', *, *, #1810, .T. ) ;
#1234 = CARTESIAN_POINT ( 'NONE',  ( 1.613538828075591125, 1.998999999999999888, 0.5768620307742146069 ) ) ;
#1235 = CARTESIAN_POINT ( 'NONE',  ( -1.497270752819367390, 1.998999999999999888, -1.500000000000000000 ) ) ;
#1236 = LINE ( 'NONE', #3224, #2636 ) ;
#1237 =( NAMED_UNIT ( * ) SI_UNIT ( $, .STERADIAN. ) SOLID_ANGLE_UNIT ( ) );
#1238 = SURFACE_STYLE_USAGE ( .BOTH. , #2725 ) ;
#1239 = ORIENTED_EDGE ( 'NONE', *, *, #1691, .T. ) ;
#1240 = SURFACE_SIDE_STYLE ('',( #2222 ) ) ;
#1241 = CARTESIAN_POINT ( 'NONE',  ( 1.844598523588411698, 1.998999999999999888, -0.6932000685847595767 ) ) ;
#1242 = VECTOR ( 'NONE', #3173, 1000.000000000000000 ) ;
#1243 = B_SPLINE_SURFACE_WITH_KNOTS ( 'NONE', 3, 1, ( 
 ( #112, #1860 ),
 ( #3147, #1087 ),
 ( #2903, #208 ),
 ( #1789, #2833 ) ),
 .UNSPECIFIED., .F., .F., .F.,
 ( 4, 4 ),
 ( 2, 2 ),
 ( 0.5454545454545455252, 0.6363636363636364646 ),
 ( 0.000000000000000000, 1.000000000000000000 ),
 .UNSPECIFIED. ) ;
#1244 = CARTESIAN_POINT ( 'NONE',  ( 1.288135590727311763, 2.000000000000000000, 0.4425507463036981726 ) ) ;
#1245 = EDGE_CURVE ( 'NONE', #2212, #3066, #1944, .T. ) ;
#1246 = CARTESIAN_POINT ( 'NONE',  ( 1.271732682161234251, 1.998999999999999888, 0.5357942822294452512 ) ) ;
#1247 = COLOUR_RGB ( '',0.8274509803921568096, 0.8392156862745098200, 0.8274509803921568096 ) ;
#1248 = ORIENTED_EDGE ( 'NONE', *, *, #363, .T. ) ;
#1249 = LINE ( 'NONE', #1265, #1603 ) ;
#1250 = CARTESIAN_POINT ( 'NONE',  ( 1.114470318460206499, 2.000000000000000000, 0.2003896750049840858 ) ) ;
#1251 = SURFACE_SIDE_STYLE ('',( #2573 ) ) ;
#1252 = ORIENTED_EDGE ( 'NONE', *, *, #2059, .T. ) ;
#1253 =( LENGTH_UNIT ( ) NAMED_UNIT ( * ) SI_UNIT ( .MILLI., .METRE. ) );
#1254 =( LENGTH_UNIT ( ) NAMED_UNIT ( * ) SI_UNIT ( .MILLI., .METRE. ) );
#1255 = CARTESIAN_POINT ( 'NONE',  ( 1.093697081280719408, 2.000000000000000444, -0.9983282737129647311 ) ) ;
#1256 = VERTEX_POINT ( 'NONE', #3253 ) ;
#1257 = SURFACE_SIDE_STYLE ('',( #2545 ) ) ;
#1258 =( LENGTH_UNIT ( ) NAMED_UNIT ( * ) SI_UNIT ( .MILLI., .METRE. ) );
#1259 = DIRECTION ( 'NONE',  ( 0.000000000000000000, 0.000000000000000000, 1.000000000000000000 ) ) ;
#1260 = PRESENTATION_STYLE_ASSIGNMENT (( #2791 ) ) ;
#1261 = SURFACE_SIDE_STYLE ('',( #1844 ) ) ;
#1262 = LINE ( 'NONE', #126, #141 ) ;
#1263 = VERTEX_POINT ( 'NONE', #2999 ) ;
#1264 = CARTESIAN_POINT ( 'NONE',  ( 1.535105287417090958, 1.999999999999999556, -0.6453170582157232715 ) ) ;
#1265 = CARTESIAN_POINT ( 'NONE',  ( -1.604999999999999760, -0.1000000000000000056, -1.625000000000000000 ) ) ;
#1266 = CARTESIAN_POINT ( 'NONE',  ( 1.005495959485847468, 1.998999999999999888, -0.4534564788411698522 ) ) ;
#1267 = ORIENTED_EDGE ( 'NONE', *, *, #1657, .F. ) ;
#1268 =( NAMED_UNIT ( * ) SI_UNIT ( $, .STERADIAN. ) SOLID_ANGLE_UNIT ( ) );
#1269 = EDGE_CURVE ( 'NONE', #110, #1132, #597, .T. ) ;
#1270 = CARTESIAN_POINT ( 'NONE',  ( -1.604999999999999760, -0.1000000000000000056, 1.625000000000000000 ) ) ;
#1271 = ADVANCED_FACE ( 'NONE', ( #390 ), #1444, .T. ) ;
#1272 = DIRECTION ( 'NONE',  ( 2.644395542647572259E-16, 0.000000000000000000, 1.000000000000000000 ) ) ;
#1273 = CARTESIAN_POINT ( 'NONE',  ( 1.393092125782104285, 1.998999999999999888, -0.8107497097017279941 ) ) ;
#1274 = VERTEX_POINT ( 'NONE', #1533 ) ;
#1275 = DIRECTION ( 'NONE',  ( 0.000000000000000000, 0.000000000000000000, -1.000000000000000000 ) ) ;
#1276 =( NAMED_UNIT ( * ) SI_UNIT ( $, .STERADIAN. ) SOLID_ANGLE_UNIT ( ) );
#1277 = UNCERTAINTY_MEASURE_WITH_UNIT (LENGTH_MEASURE( 1.000000000000000082E-05 ), #1294, 'distance_accuracy_value', 'NONE');
#1278 =( GEOMETRIC_REPRESENTATION_CONTEXT ( 3 ) GLOBAL_UNCERTAINTY_ASSIGNED_CONTEXT ( ( #1200 ) ) GLOBAL_UNIT_ASSIGNED_CONTEXT ( ( #2831, #684, #2774 ) ) REPRESENTATION_CONTEXT ( 'NONE', 'WORKASPACE' ) );
#1279 = CARTESIAN_POINT ( 'NONE',  ( 1.093697081280719408, 2.000000000000000000, 0.3093640339793429228 ) ) ;
#1280 = SURFACE_STYLE_USAGE ( .BOTH. , #3125 ) ;
#1281 = CARTESIAN_POINT ( 'NONE',  ( 2.149999999999999467, 0.000000000000000000, -1.900000000000000133 ) ) ;
#1282 = MECHANICAL_DESIGN_GEOMETRIC_PRESENTATION_REPRESENTATION (  '', ( #2314 ), #43 ) ;
#1283 = DIRECTION ( 'NONE',  ( 0.000000000000000000, 0.000000000000000000, -1.000000000000000000 ) ) ;
#1284 = CARTESIAN_POINT ( 'NONE',  ( 1.836137204112395338, 1.998999999999999444, -0.5844870910618580329 ) ) ;
#1285 = PRESENTATION_STYLE_ASSIGNMENT (( #212 ) ) ;
#1286 = ORIENTED_EDGE ( 'NONE', *, *, #122, .F. ) ;
#1287 = SURFACE_STYLE_FILL_AREA ( #1523 ) ;
#1288 =( NAMED_UNIT ( * ) SI_UNIT ( $, .STERADIAN. ) SOLID_ANGLE_UNIT ( ) );
#1289 = SURFACE_STYLE_FILL_AREA ( #2626 ) ;
#1290 = COLOUR_RGB ( '',1.000000000000000000, 1.000000000000000000, 1.000000000000000000 ) ;
#1291 = ADVANCED_FACE ( 'NONE', ( #235 ), #484, .T. ) ;
#1292 = VERTEX_POINT ( 'NONE', #748 ) ;
#1293 = LINE ( 'NONE', #1323, #1977 ) ;
#1294 =( LENGTH_UNIT ( ) NAMED_UNIT ( * ) SI_UNIT ( .MILLI., .METRE. ) );
#1295 = CARTESIAN_POINT ( 'NONE',  ( -0.5619670613766420963, 1.998999999999999888, -0.5345340290862313770 ) ) ;
#1296 = CARTESIAN_POINT ( 'NONE',  ( -0.2006956283057726165, 1.998999999999999888, 0.6263175740633744049 ) ) ;
#1297 = MECHANICAL_DESIGN_GEOMETRIC_PRESENTATION_REPRESENTATION (  '', ( #1078 ), #965 ) ;
#1298 = FACE_OUTER_BOUND ( 'NONE', #63, .T. ) ;
#1299 = CARTESIAN_POINT ( 'NONE',  ( 1.399473708798349092, 1.998999999999999444, -0.7009965144484712196 ) ) ;
#1300 = CARTESIAN_POINT ( 'NONE',  ( -1.900000000000000355, 0.000000000000000000, -1.899999999999999911 ) ) ;
#1301 = CARTESIAN_POINT ( 'NONE',  ( 1.344862199222083499, 1.999999999999999556, -0.07535682152133973966 ) ) ;
#1302 = VERTEX_POINT ( 'NONE', #176 ) ;
#1303 = CARTESIAN_POINT ( 'NONE',  ( 1.114470318460206499, 2.000000000000000000, 0.2003896750049840858 ) ) ;
#1304 = CARTESIAN_POINT ( 'NONE',  ( -0.3656959684632566931, 2.000000000000000000, -0.3464669802673330801 ) ) ;
#1305 = CARTESIAN_POINT ( 'NONE',  ( 1.393092125782104063, 2.000000000000000000, 0.4969425979905797708 ) ) ;
#1306 = ORIENTED_EDGE ( 'NONE', *, *, #1327, .T. ) ;
#1307 = DIRECTION ( 'NONE',  ( -1.000000000000000000, 0.000000000000000000, 0.000000000000000000 ) ) ;
#1308 = CARTESIAN_POINT ( 'NONE',  ( 1.224256708570093499, 2.000000000000000000, -0.2491352656121982312 ) ) ;
#1309 = CARTESIAN_POINT ( 'NONE',  ( 1.604999999999999760, -0.1000000000000000056, -1.625000000000000444 ) ) ;
#1310 = EDGE_CURVE ( 'NONE', #1062, #110, #2593, .T. ) ;
#1311 = EDGE_CURVE ( 'NONE', #3017, #2510, #3073, .T. ) ;
#1312 = CARTESIAN_POINT ( 'NONE',  ( 1.844598523588411698, 2.000000000000000444, 0.06962044423575332319 ) ) ;
#1313 = LINE ( 'NONE', #2846, #688 ) ;
#1314 = CARTESIAN_POINT ( 'NONE',  ( 1.344862199222083499, 1.998999999999999444, -0.07535682152133973966 ) ) ;
#1315 = CARTESIAN_POINT ( 'NONE',  ( 1.214279204130276790, 1.998999999999999888, -0.8098674166746674397 ) ) ;
#1316 = CARTESIAN_POINT ( 'NONE',  ( 1.393092125782103841, 2.000000000000000000, -0.1569035558555738064 ) ) ;
#1317 = CARTESIAN_POINT ( 'NONE',  ( 0.5211272630328078748, 2.000000000000000000, -0.1590465330232416208 ) ) ;
#1318 = ORIENTED_EDGE ( 'NONE', *, *, #1813, .T. ) ;
#1319 = CARTESIAN_POINT ( 'NONE',  ( 1.005495959485847468, 2.000000000000000000, 0.2003896750049840858 ) ) ;
#1320 = CARTESIAN_POINT ( 'NONE',  ( 1.242388969312482327, 1.998999999999999888, -0.7908018594882073593 ) ) ;
#1321 = VERTEX_POINT ( 'NONE', #2797 ) ;
#1322 = SURFACE_STYLE_FILL_AREA ( #1018 ) ;
#1323 = CARTESIAN_POINT ( 'NONE',  ( 1.093697081280719408, 1.998999999999999888, -0.9983282737129647311 ) ) ;
#1324 = FILL_AREA_STYLE ('',( #3158 ) ) ;
#1325 = LINE ( 'NONE', #2359, #2543 ) ;
#1326 = AXIS2_PLACEMENT_3D ( 'NONE', #3362, #2827, #1896 ) ;
#1327 = EDGE_CURVE ( 'NONE', #1696, #2820, #1249, .T. ) ;
#1328 =( NAMED_UNIT ( * ) SI_UNIT ( $, .STERADIAN. ) SOLID_ANGLE_UNIT ( ) );
#1329 = COLOUR_RGB ( '',1.000000000000000000, 1.000000000000000000, 1.000000000000000000 ) ;
#1330 = B_SPLINE_CURVE_WITH_KNOTS ( 'NONE', 3,
 ( #2120, #2408, #2671, #3165 ),
 .UNSPECIFIED., .F., .F.,
 ( 4, 4 ),
 ( 0.8181818181818183433, 0.9090909090909092827 ),
 .UNSPECIFIED. ) ;
#1331 = CARTESIAN_POINT ( 'NONE',  ( 1.667981684308877277, 1.999999999999999556, -0.7165629530708003125 ) ) ;
#1332 = ORIENTED_EDGE ( 'NONE', *, *, #902, .F. ) ;
#1333 = LINE ( 'NONE', #3152, #2376 ) ;
#1334 = VECTOR ( 'NONE', #840, 1000.000000000000000 ) ;
#1335 = CARTESIAN_POINT ( 'NONE',  ( 1.672122341919930699, 1.999999999999999556, -0.6074953902548564377 ) ) ;
#1336 = MECHANICAL_DESIGN_GEOMETRIC_PRESENTATION_REPRESENTATION (  '', ( #1631 ), #1933 ) ;
#1337 = DIRECTION ( 'NONE',  ( -0.000000000000000000, 1.000000000000000000, -0.000000000000000000 ) ) ;
#1338 = VECTOR ( 'NONE', #2568, 1000.000000000000000 ) ;
#1339 = ORIENTED_EDGE ( 'NONE', *, *, #122, .T. ) ;
#1340 = PRESENTATION_STYLE_ASSIGNMENT (( #2135 ) ) ;
#1341 = CARTESIAN_POINT ( 'NONE',  ( -1.900000000000000133, 2.000000000000000000, 2.149999999999999911 ) ) ;
#1342 = STYLED_ITEM ( 'NONE', ( #1033 ), #946 ) ;
#1343 = SURFACE_SIDE_STYLE ('',( #2888 ) ) ;
#1344 = FILL_AREA_STYLE_COLOUR ( '', #3035 ) ;
#1345 = VECTOR ( 'NONE', #338, 1000.000000000000000 ) ;
#1346 = DIRECTION ( 'NONE',  ( 0.000000000000000000, 0.000000000000000000, 1.000000000000000000 ) ) ;
#1347 = EDGE_CURVE ( 'NONE', #1222, #2191, #2285, .T. ) ;
#1348 = CARTESIAN_POINT ( 'NONE',  ( 1.844598523588411698, 2.000000000000000000, -0.03935391473860561096 ) ) ;
#1349 = ORIENTED_EDGE ( 'NONE', *, *, #2138, .F. ) ;
#1350 = ADVANCED_FACE ( 'NONE', ( #1815 ), #175, .T. ) ;
#1351 = CARTESIAN_POINT ( 'NONE',  ( 1.466705123443036607, 2.000000000000000888, -0.6711678999691337300 ) ) ;
#1352 = SURFACE_STYLE_USAGE ( .BOTH. , #51 ) ;
#1353 = CARTESIAN_POINT ( 'NONE',  ( 1.899999999999997691, 2.000000000000000000, -2.149999999999999911 ) ) ;
#1354 = MECHANICAL_DESIGN_GEOMETRIC_PRESENTATION_REPRESENTATION (  '', ( #180 ), #346 ) ;
#1355 = ORIENTED_EDGE ( 'NONE', *, *, #3090, .F. ) ;
#1356 = LINE ( 'NONE', #2954, #661 ) ;
#1357 = SURFACE_SIDE_STYLE ('',( #3142 ) ) ;
#1358 =( LENGTH_UNIT ( ) NAMED_UNIT ( * ) SI_UNIT ( .MILLI., .METRE. ) );
#1359 =( NAMED_UNIT ( * ) SI_UNIT ( $, .STERADIAN. ) SOLID_ANGLE_UNIT ( ) );
#1360 = CARTESIAN_POINT ( 'NONE',  ( 1.588695564061296306, 1.998999999999999444, -0.08423471214300079501 ) ) ;
#1361 = CARTESIAN_POINT ( 'NONE',  ( 1.631480882556953560, 1.998999999999999888, -0.7261283725823896029 ) ) ;
#1362 = EDGE_LOOP ( 'NONE', ( #3262, #1688, #1668, #3223 ) ) ;
#1363 =( LENGTH_UNIT ( ) NAMED_UNIT ( * ) SI_UNIT ( .MILLI., .METRE. ) );
#1364 = ORIENTED_EDGE ( 'NONE', *, *, #1020, .F. ) ;
#1365 = FACE_OUTER_BOUND ( 'NONE', #1030, .T. ) ;
#1366 = EDGE_CURVE ( 'NONE', #1487, #3234, #241, .T. ) ;
#1367 = CARTESIAN_POINT ( 'NONE',  ( 1.672122341919930699, 2.000000000000000000, 0.04635076359129749329 ) ) ;
#1368 = LINE ( 'NONE', #40, #1727 ) ;
#1369 = SURFACE_SIDE_STYLE ('',( #2098 ) ) ;
#1370 = FACE_OUTER_BOUND ( 'NONE', #1674, .T. ) ;
#1371 = STYLED_ITEM ( 'NONE', ( #814 ), #3337 ) ;
#1372 = VECTOR ( 'NONE', #2979, 1000.000000000000000 ) ;
#1373 = CARTESIAN_POINT ( 'NONE',  ( 1.334136272213520602, 1.999000000000000332, -0.1864252218210445400 ) ) ;
#1374 = EDGE_LOOP ( 'NONE', ( #1582, #52, #1910, #2337 ) ) ;
#1375 = STYLED_ITEM ( 'NONE', ( #207 ), #1604 ) ;
#1376 = PRESENTATION_LAYER_ASSIGNMENT (  '', '', ( #602 ) ) ;
#1377 = COLOUR_RGB ( '',1.000000000000000000, 1.000000000000000000, 1.000000000000000000 ) ;
#1378 = ORIENTED_EDGE ( 'NONE', *, *, #1956, .T. ) ;
#1379 = CARTESIAN_POINT ( 'NONE',  ( 1.140965832094679389, 1.999000000000000776, 0.3478950636616022773 ) ) ;
#1380 = FILL_AREA_STYLE_COLOUR ( '', #1763 ) ;
#1381 = VECTOR ( 'NONE', #1178, 1000.000000000000000 ) ;
#1382 = CARTESIAN_POINT ( 'NONE',  ( 1.393092125782104063, 1.998999999999999888, 0.4969425979905797708 ) ) ;
#1383 = EDGE_CURVE ( 'NONE', #461, #1147, #2389, .T. ) ;
#1384 = SURFACE_STYLE_FILL_AREA ( #55 ) ;
#1385 = STYLED_ITEM ( 'NONE', ( #1510 ), #841 ) ;
#1386 = ORIENTED_EDGE ( 'NONE', *, *, #3400, .F. ) ;
#1387 =( LENGTH_UNIT ( ) NAMED_UNIT ( * ) SI_UNIT ( .MILLI., .METRE. ) );
#1388 = CARTESIAN_POINT ( 'NONE',  ( 1.288135590727312207, 2.000000000000000000, -0.8651415613886092038 ) ) ;
#1389 = VERTEX_POINT ( 'NONE', #579 ) ;
#1390 =( LENGTH_UNIT ( ) NAMED_UNIT ( * ) SI_UNIT ( .MILLI., .METRE. ) );
#1391 = CARTESIAN_POINT ( 'NONE',  ( 1.783761415491974978, 1.999999999999999112, 0.6096963240484266633 ) ) ;
#1392 = MECHANICAL_DESIGN_GEOMETRIC_PRESENTATION_REPRESENTATION (  '', ( #2114 ), #1942 ) ;
#1393 = CARTESIAN_POINT ( 'NONE',  ( 1.344862199222082833, 1.999999999999999556, 0.5784893323248135877 ) ) ;
#1394 = SURFACE_SIDE_STYLE ('',( #1651 ) ) ;
#1395 = VERTEX_POINT ( 'NONE', #551 ) ;
#1396 = CARTESIAN_POINT ( 'NONE',  ( -0.2006956283057726165, 1.998999999999999888, 0.6263175740633744049 ) ) ;
#1397 = CIRCLE ( 'NONE', #59, 0.2500000000000000000 ) ;
#1398 = STYLED_ITEM ( 'NONE', ( #792 ), #3034 ) ;
#1399 = CARTESIAN_POINT ( 'NONE',  ( 1.224256708570093499, 1.998999999999999888, -0.2491352656121982312 ) ) ;
#1400 = CARTESIAN_POINT ( 'NONE',  ( 1.592944016905271321, 2.000000000000000888, 0.02629964899645117690 ) ) ;
#1401 = VECTOR ( 'NONE', #2242, 1000.000000000000000 ) ;
#1402 = EDGE_LOOP ( 'NONE', ( #879, #724, #2006, #321 ) ) ;
#1403 = DIRECTION ( 'NONE',  ( 1.000000000000000000, 0.000000000000000000, 0.000000000000000000 ) ) ;
#1404 = EDGE_CURVE ( 'NONE', #17, #908, #2637, .T. ) ;
#1405 =( LENGTH_UNIT ( ) NAMED_UNIT ( * ) SI_UNIT ( .MILLI., .METRE. ) );
#1406 = ORIENTED_EDGE ( 'NONE', *, *, #1695, .F. ) ;
#1407 = CARTESIAN_POINT ( 'NONE',  ( 1.704041081140212022, 2.000000000000000000, 0.7069697201832535471 ) ) ;
#1408 = SURFACE_STYLE_USAGE ( .BOTH. , #2231 ) ;
#1409 = CARTESIAN_POINT ( 'NONE',  ( 1.592944016905270876, 1.998999999999999888, 0.6801458028426046187 ) ) ;
#1410 = CARTESIAN_POINT ( 'NONE',  ( -0.1005526361797927787, 1.998999999999999888, -0.3828990810547363566 ) ) ;
#1411 = ORIENTED_EDGE ( 'NONE', *, *, #1765, .T. ) ;
#1412 = CARTESIAN_POINT ( 'NONE',  ( -0.6553023936601068966, 1.998999999999999888, -0.2231953708185161755 ) ) ;
#1413 = CARTESIAN_POINT ( 'NONE',  ( 1.255322057264013580, 1.998999999999999888, -0.2301529098955655273 ) ) ;
#1414 = CARTESIAN_POINT ( 'NONE',  ( 1.704041081140212022, 1.998999999999999888, 0.05312356633710009490 ) ) ;
#1415 = MECHANICAL_DESIGN_GEOMETRIC_PRESENTATION_REPRESENTATION (  '', ( #481 ), #698 ) ;
#1416 = DIRECTION ( 'NONE',  ( -1.000000000000000000, 0.000000000000000000, 0.000000000000000000 ) ) ;
#1417 = ORIENTED_EDGE ( 'NONE', *, *, #1515, .T. ) ;
#1418 =( NAMED_UNIT ( * ) SI_UNIT ( $, .STERADIAN. ) SOLID_ANGLE_UNIT ( ) );
#1419 = CARTESIAN_POINT ( 'NONE',  ( 1.005495959485847468, 1.998999999999999888, -0.9983282737129647311 ) ) ;
#1420 = DIRECTION ( 'NONE',  ( 0.000000000000000000, 0.000000000000000000, 1.000000000000000000 ) ) ;
#1421 = EDGE_CURVE ( 'NONE', #1132, #191, #1088, .T. ) ;
#1422 = LINE ( 'NONE', #1909, #3135 ) ;
#1423 = ORIENTED_EDGE ( 'NONE', *, *, #3011, .T. ) ;
#1424 =( GEOMETRIC_REPRESENTATION_CONTEXT ( 3 ) GLOBAL_UNCERTAINTY_ASSIGNED_CONTEXT ( ( #956 ) ) GLOBAL_UNIT_ASSIGNED_CONTEXT ( ( #1363, #541, #1864 ) ) REPRESENTATION_CONTEXT ( 'NONE', 'WORKASPACE' ) );
#1425 = CARTESIAN_POINT ( 'NONE',  ( 1.763933828761196754, 2.000000000000000000, 0.7171248994103364138 ) ) ;
#1426 = MECHANICAL_DESIGN_GEOMETRIC_PRESENTATION_REPRESENTATION (  '', ( #2859 ), #2247 ) ;
#1427 = EDGE_LOOP ( 'NONE', ( #1162, #127, #2683, #1047 ) ) ;
#1428 = DIRECTION ( 'NONE',  ( 1.000000000000000000, 0.000000000000000000, 0.000000000000000000 ) ) ;
#1429 = CARTESIAN_POINT ( 'NONE',  ( 1.161962249413596826, 1.998999999999999888, -0.1950754428813237795 ) ) ;
#1430 =( LENGTH_UNIT ( ) NAMED_UNIT ( * ) SI_UNIT ( .MILLI., .METRE. ) );
#1431 = COLOUR_RGB ( '',0.1921568627450980227, 0.2039215686274509776, 0.2039215686274509776 ) ;
#1432 = COLOUR_RGB ( '',1.000000000000000000, 1.000000000000000000, 1.000000000000000000 ) ;
#1433 = EDGE_LOOP ( 'NONE', ( #2752, #977, #2249, #2717, #1978, #2552, #1599, #3311 ) ) ;
#1434 = CARTESIAN_POINT ( 'NONE',  ( 0.7354871496469833625, 1.998999999999999888, -0.01750269680276892240 ) ) ;
#1435 = CARTESIAN_POINT ( 'NONE',  ( 1.122077273403712772, 1.998999999999999888, -0.2286890006446116730 ) ) ;
#1436 = SURFACE_STYLE_USAGE ( .BOTH. , #42 ) ;
#1437 = SURFACE_SIDE_STYLE ('',( #3091 ) ) ;
#1438 = UNCERTAINTY_MEASURE_WITH_UNIT (LENGTH_MEASURE( 1.000000000000000082E-05 ), #1620, 'distance_accuracy_value', 'NONE');
#1439 = SURFACE_STYLE_USAGE ( .BOTH. , #95 ) ;
#1440 = VERTEX_POINT ( 'NONE', #2937 ) ;
#1441 = SURFACE_SIDE_STYLE ('',( #2718 ) ) ;
#1442 = EDGE_CURVE ( 'NONE', #3106, #3189, #1812, .T. ) ;
#1443 = FACE_OUTER_BOUND ( 'NONE', #1664, .T. ) ;
#1444 = PLANE ( 'NONE',  #1152 ) ;
#1445 = PRESENTATION_STYLE_ASSIGNMENT (( #391 ) ) ;
#1446 = VERTEX_POINT ( 'NONE', #3014 ) ;
#1447 = DIRECTION ( 'NONE',  ( 0.000000000000000000, 0.000000000000000000, 1.000000000000000000 ) ) ;
#1448 = PRODUCT_RELATED_PRODUCT_CATEGORY ( 'part', '', ( #2804 ) ) ;
#1449 = FACE_OUTER_BOUND ( 'NONE', #3119, .T. ) ;
#1450 = EDGE_CURVE ( 'NONE', #3017, #2985, #871, .T. ) ;
#1451 = SURFACE_STYLE_USAGE ( .BOTH. , #374 ) ;
#1452 = ORIENTED_EDGE ( 'NONE', *, *, #1556, .T. ) ;
#1453 = VERTEX_POINT ( 'NONE', #62 ) ;
#1454 = SURFACE_SIDE_STYLE ('',( #2787 ) ) ;
#1455 = PRESENTATION_LAYER_ASSIGNMENT (  '', '', ( #2547 ) ) ;
#1456 = LINE ( 'NONE', #939, #2151 ) ;
#1457 = PRESENTATION_LAYER_ASSIGNMENT (  '', '', ( #1031 ) ) ;
#1458 = LINE ( 'NONE', #2489, #1189 ) ;
#1459 = SURFACE_SIDE_STYLE ('',( #983 ) ) ;
#1460 = ORIENTED_EDGE ( 'NONE', *, *, #3380, .F. ) ;
#1461 = CARTESIAN_POINT ( 'NONE',  ( 1.763933828761196754, 2.000000000000000000, 0.7171248994103364138 ) ) ;
#1462 = CARTESIAN_POINT ( 'NONE',  ( 1.836137204112395338, 1.998999999999999444, 0.7232052166304495655 ) ) ;
#1463 = PRESENTATION_STYLE_ASSIGNMENT (( #2757 ) ) ;
#1464 = EDGE_LOOP ( 'NONE', ( #1171, #1554, #1306, #1711 ) ) ;
#1465 =( LENGTH_UNIT ( ) NAMED_UNIT ( * ) SI_UNIT ( .MILLI., .METRE. ) );
#1466 = CARTESIAN_POINT ( 'NONE',  ( 1.288135590727311763, 1.998999999999999888, -0.2112954075424552935 ) ) ;
#1467 = UNCERTAINTY_MEASURE_WITH_UNIT (LENGTH_MEASURE( 1.000000000000000082E-05 ), #2509, 'distance_accuracy_value', 'NONE');
#1468 = CARTESIAN_POINT ( 'NONE',  ( 1.122077273403712772, 1.998999999999999888, -0.2286890006446116730 ) ) ;
#1469 = CARTESIAN_POINT ( 'NONE',  ( 1.538885060303292862, 1.998999999999999444, -0.7526182268594516778 ) ) ;
#1470 = EDGE_CURVE ( 'NONE', #1389, #1760, #334, .T. ) ;
#1471 = ORIENTED_EDGE ( 'NONE', *, *, #902, .T. ) ;
#1472 = UNCERTAINTY_MEASURE_WITH_UNIT (LENGTH_MEASURE( 1.000000000000000082E-05 ), #3319, 'distance_accuracy_value', 'NONE');
#1473 = B_SPLINE_CURVE_WITH_KNOTS ( 'NONE', 3,
 ( #1296, #499, #1548, #2588 ),
 .UNSPECIFIED., .F., .F.,
 ( 4, 4 ),
 ( 0.09090909090909091161, 0.1818181818181818232 ),
 .UNSPECIFIED. ) ;
#1474 = LINE ( 'NONE', #1692, #2217 ) ;
#1475 = SURFACE_STYLE_USAGE ( .BOTH. , #3310 ) ;
#1476 = ORIENTED_EDGE ( 'NONE', *, *, #1121, .T. ) ;
#1477 = CARTESIAN_POINT ( 'NONE',  ( 1.302507916529031418, 2.000000000000000444, 0.5541099772709601190 ) ) ;
#1478 = B_SPLINE_SURFACE_WITH_KNOTS ( 'NONE', 3, 1, ( 
 ( #2049, #1793 ),
 ( #1534, #2838 ),
 ( #1729, #2529 ),
 ( #2472, #3308 ) ),
 .UNSPECIFIED., .F., .F., .F.,
 ( 4, 4 ),
 ( 2, 2 ),
 ( 0.7272727272727274039, 0.8181818181818183433 ),
 ( 0.000000000000000000, 1.000000000000000000 ),
 .UNSPECIFIED. ) ;
#1479 = DIRECTION ( 'NONE',  ( -0.000000000000000000, -1.000000000000000000, -0.000000000000000000 ) ) ;
#1480 = ORIENTED_EDGE ( 'NONE', *, *, #2060, .T. ) ;
#1481 = CARTESIAN_POINT ( 'NONE',  ( 1.844598523588411698, 1.998999999999999888, -0.6932000685847595767 ) ) ;
#1482 = SURFACE_STYLE_FILL_AREA ( #451 ) ;
#1483 = CARTESIAN_POINT ( 'NONE',  ( -1.604999999999999760, -0.000000000000000000, -1.625000000000000000 ) ) ;
#1484 = CARTESIAN_POINT ( 'NONE',  ( 1.137494231787218535, 1.999000000000000332, -0.2148694705239819480 ) ) ;
#1485 =( GEOMETRIC_REPRESENTATION_CONTEXT ( 3 ) GLOBAL_UNCERTAINTY_ASSIGNED_CONTEXT ( ( #2765 ) ) GLOBAL_UNIT_ASSIGNED_CONTEXT ( ( #23, #1637, #2166 ) ) REPRESENTATION_CONTEXT ( 'NONE', 'WORKASPACE' ) );
#1486 = CARTESIAN_POINT ( 'NONE',  ( 1.613538828075591125, 1.998999999999999888, -0.7308302769180928804 ) ) ;
#1487 = VERTEX_POINT ( 'NONE', #78 ) ;
#1488 = SURFACE_STYLE_FILL_AREA ( #3280 ) ;
#1489 = AXIS2_PLACEMENT_3D ( 'NONE', #2792, #1004, #441 ) ;
#1490 = EDGE_CURVE ( 'NONE', #486, #304, #644, .T. ) ;
#1491 = CARTESIAN_POINT ( 'NONE',  ( 1.844598523588411698, 2.000000000000000000, -0.03935391473860561096 ) ) ;
#1492 = UNCERTAINTY_MEASURE_WITH_UNIT (LENGTH_MEASURE( 1.000000000000000082E-05 ), #3155, 'distance_accuracy_value', 'NONE');
#1493 =( NAMED_UNIT ( * ) SI_UNIT ( $, .STERADIAN. ) SOLID_ANGLE_UNIT ( ) );
#1494 = CARTESIAN_POINT ( 'NONE',  ( -0.8685181164947515242, 2.000000000000000000, -0.2812083723933140322 ) ) ;
#1495 = CARTESIAN_POINT ( 'NONE',  ( 1.535105287417091180, 1.999000000000000332, 0.6623752494765842158 ) ) ;
#1496 = AXIS2_PLACEMENT_3D ( 'NONE', #188, #3343, #2586 ) ;
#1497 = ORIENTED_EDGE ( 'NONE', *, *, #2159, .T. ) ;
#1498 = CARTESIAN_POINT ( 'NONE',  ( 1.114470318460206721, 2.000000000000000444, -0.8893539147386058108 ) ) ;
#1499 = FILL_AREA_STYLE ('',( #3078 ) ) ;
#1500 = PLANE ( 'NONE',  #1724 ) ;
#1501 = LINE ( 'NONE', #2536, #942 ) ;
#1502 = ORIENTED_EDGE ( 'NONE', *, *, #1179, .T. ) ;
#1503 = CARTESIAN_POINT ( 'NONE',  ( 1.334136272213520602, 1.999000000000000332, -0.1864252218210445400 ) ) ;
#1504 = CARTESIAN_POINT ( 'NONE',  ( 1.344862199222083499, 2.000000000000000000, -0.07535682152133973966 ) ) ;
#1505 = AXIS2_PLACEMENT_3D ( 'NONE', #1126, #2197, #3209 ) ;
#1506 = CARTESIAN_POINT ( 'NONE',  ( 1.255322057264013358, 1.999000000000000332, -0.8839990637417195485 ) ) ;
#1507 = FILL_AREA_STYLE ('',( #455 ) ) ;
#1508 = COLOUR_RGB ( '',1.000000000000000000, 1.000000000000000000, 1.000000000000000000 ) ;
#1509 = B_SPLINE_SURFACE_WITH_KNOTS ( 'NONE', 3, 1, ( 
 ( #2628, #1979 ),
 ( #3296, #1947 ),
 ( #2461, #691 ),
 ( #1412, #618 ) ),
 .UNSPECIFIED., .F., .F., .F.,
 ( 4, 4 ),
 ( 2, 2 ),
 ( 0.6363636363636364646, 0.7272727272727274039 ),
 ( 0.000000000000000000, 1.000000000000000000 ),
 .UNSPECIFIED. ) ;
#1510 = PRESENTATION_STYLE_ASSIGNMENT (( #3328 ) ) ;
#1511 = CARTESIAN_POINT ( 'NONE',  ( -0.7100090141325501314, 1.998999999999999888, -0.5056158054641858302 ) ) ;
#1512 = DIRECTION ( 'NONE',  ( 1.000000000000000000, 0.000000000000000000, -0.000000000000000000 ) ) ;
#1513 = MECHANICAL_DESIGN_GEOMETRIC_PRESENTATION_REPRESENTATION (  '', ( #685 ), #301 ) ;
#1514 = EDGE_CURVE ( 'NONE', #399, #2209, #1693, .T. ) ;
#1515 = EDGE_CURVE ( 'NONE', #35, #493, #2736, .T. ) ;
#1516 = ORIENTED_EDGE ( 'NONE', *, *, #2598, .F. ) ;
#1517 = CARTESIAN_POINT ( 'NONE',  ( 1.114470318460206499, 1.998999999999999888, -0.4534564788411698522 ) ) ;
#1518 = CARTESIAN_POINT ( 'NONE',  ( 1.302507916529030529, 1.999999999999999556, -0.7535823304213472573 ) ) ;
#1519 = CARTESIAN_POINT ( 'NONE',  ( -1.604999999999999760, -0.1000000000000000056, 1.625000000000000000 ) ) ;
#1520 =( NAMED_UNIT ( * ) PLANE_ANGLE_UNIT ( ) SI_UNIT ( $, .RADIAN. ) );
#1521 = ORIENTED_EDGE ( 'NONE', *, *, #169, .F. ) ;
#1522 = CARTESIAN_POINT ( 'NONE',  ( -0.4139159369671944200, 2.000000000000000000, -0.5634545456216667469 ) ) ;
#1523 = FILL_AREA_STYLE ('',( #2086 ) ) ;
#1524 = CARTESIAN_POINT ( 'NONE',  ( 1.194811448530128661, 1.999000000000000332, -0.9218295220924767053 ) ) ;
#1525 = ORIENTED_EDGE ( 'NONE', *, *, #583, .T. ) ;
#1526 = PRESENTATION_STYLE_ASSIGNMENT (( #1583 ) ) ;
#1527 = FILL_AREA_STYLE ('',( #2293 ) ) ;
#1528 = CARTESIAN_POINT ( 'NONE',  ( 1.101198395776622929, 1.999999999999999556, 0.3157785649861569177 ) ) ;
#1529 =( NAMED_UNIT ( * ) PLANE_ANGLE_UNIT ( ) SI_UNIT ( $, .RADIAN. ) );
#1530 = CARTESIAN_POINT ( 'NONE',  ( 1.005495959485847468, 1.998999999999999888, 0.2003896750049840858 ) ) ;
#1531 = SURFACE_STYLE_USAGE ( .BOTH. , #765 ) ;
#1532 = ADVANCED_FACE ( 'NONE', ( #2161 ), #629, .F. ) ;
#1533 = CARTESIAN_POINT ( 'NONE',  ( -0.5619670613766420963, 2.000000000000000000, -0.5345340290862313770 ) ) ;
#1534 = CARTESIAN_POINT ( 'NONE',  ( 0.5134184882296605190, 1.998999999999999888, 0.3980672181578631119 ) ) ;
#1535 = SURFACE_STYLE_FILL_AREA ( #1029 ) ;
#1536 = ORIENTED_EDGE ( 'NONE', *, *, #138, .F. ) ;
#1537 = CARTESIAN_POINT ( 'NONE',  ( 0.5189398236627312810, 1.998999999999999888, -0.0007644290862337006906 ) ) ;
#1538 = SURFACE_STYLE_USAGE ( .BOTH. , #488 ) ;
#1539 = CARTESIAN_POINT ( 'NONE',  ( 0.7849999999999998090, 0.000000000000000000, 1.625000000000000222 ) ) ;
#1540 = CARTESIAN_POINT ( 'NONE',  ( 1.836137204112395338, 1.998999999999999444, -0.5844870910618580329 ) ) ;
#1541 =( NAMED_UNIT ( * ) SI_UNIT ( $, .STERADIAN. ) SOLID_ANGLE_UNIT ( ) );
#1542 = LINE ( 'NONE', #2583, #1924 ) ;
#1543 = VECTOR ( 'NONE', #670, 1000.000000000000000 ) ;
#1544 = UNCERTAINTY_MEASURE_WITH_UNIT (LENGTH_MEASURE( 1.000000000000000082E-05 ), #80, 'distance_accuracy_value', 'NONE');
#1545 = CARTESIAN_POINT ( 'NONE',  ( 1.005495959485847468, 1.998999999999999888, 0.8542358288511376907 ) ) ;
#1546 = CLOSED_SHELL ( 'NONE', ( #2055, #3131, #1871, #98, #1532, #585, #1950, #39, #459, #2973, #3132, #941, #946, #2264, #2658, #2454, #1604, #3016, #359, #841, #3015, #2362, #3184, #3034, #842, #2341, #2764, #1208, #2240, #642, #1207, #2157, #3240, #1350, #1097, #780, #874, #920, #26, #1291, #2921, #214, #2785, #2754, #1153, #809, #739, #24, #3264, #2310, #821, #3126, #1622, #641, #194, #2479, #3337, #2974, #1271, #995, #2284, #2652, #1154, #1912 ) ) ;
#1547 = DIRECTION ( 'NONE',  ( 0.000000000000000000, -1.000000000000000000, 0.000000000000000000 ) ) ;
#1548 = CARTESIAN_POINT ( 'NONE',  ( 0.7498407874422584607, 1.998999999999999888, 0.4297644528035306499 ) ) ;
#1549 = PRESENTATION_STYLE_ASSIGNMENT (( #500 ) ) ;
#1550 = STYLED_ITEM ( 'NONE', ( #1886 ), #585 ) ;
#1551 = FILL_AREA_STYLE_COLOUR ( '', #2043 ) ;
#1552 = PRESENTATION_STYLE_ASSIGNMENT (( #504 ) ) ;
#1553 =( NAMED_UNIT ( * ) PLANE_ANGLE_UNIT ( ) SI_UNIT ( $, .RADIAN. ) );
#1554 = ORIENTED_EDGE ( 'NONE', *, *, #2360, .T. ) ;
#1555 = DIRECTION ( 'NONE',  ( -0.000000000000000000, 1.000000000000000000, -0.000000000000000000 ) ) ;
#1556 = EDGE_CURVE ( 'NONE', #633, #2209, #2579, .T. ) ;
#1557 =( NAMED_UNIT ( * ) PLANE_ANGLE_UNIT ( ) SI_UNIT ( $, .RADIAN. ) );
#1558 = DIRECTION ( 'NONE',  ( 0.000000000000000000, 0.000000000000000000, -1.000000000000000000 ) ) ;
#1559 = VECTOR ( 'NONE', #2015, 1000.000000000000000 ) ;
#1560 = PRESENTATION_STYLE_ASSIGNMENT (( #2034 ) ) ;
#1561 =( LENGTH_UNIT ( ) NAMED_UNIT ( * ) SI_UNIT ( .MILLI., .METRE. ) );
#1562 = PRESENTATION_LAYER_ASSIGNMENT (  '', '', ( #3364 ) ) ;
#1563 = EDGE_CURVE ( 'NONE', #2510, #1817, #1422, .T. ) ;
#1564 = EDGE_LOOP ( 'NONE', ( #891, #656, #1252, #2996 ) ) ;
#1565 = DIRECTION ( 'NONE',  ( -0.000000000000000000, 1.000000000000000000, -0.000000000000000000 ) ) ;
#1566 = EDGE_CURVE ( 'NONE', #3081, #1440, #1925, .T. ) ;
#1567 = FACE_OUTER_BOUND ( 'NONE', #2485, .T. ) ;
#1568 = ORIENTED_EDGE ( 'NONE', *, *, #483, .T. ) ;
#1569 = CARTESIAN_POINT ( 'NONE',  ( -2.149999999999999911, 0.000000000000000000, 2.149999999999999911 ) ) ;
#1570 = CARTESIAN_POINT ( 'NONE',  ( 1.535105287417091180, 1.998999999999999888, 0.008529095630430564082 ) ) ;
#1571 = PRESENTATION_STYLE_ASSIGNMENT (( #4 ) ) ;
#1572 =( GEOMETRIC_REPRESENTATION_CONTEXT ( 3 ) GLOBAL_UNCERTAINTY_ASSIGNED_CONTEXT ( ( #679 ) ) GLOBAL_UNIT_ASSIGNED_CONTEXT ( ( #1887, #2987, #2462 ) ) REPRESENTATION_CONTEXT ( 'NONE', 'WORKASPACE' ) );
#1573 = CARTESIAN_POINT ( 'NONE',  ( 1.763933828761196976, 1.999000000000000332, 0.06327874556418287832 ) ) ;
#1574 = B_SPLINE_CURVE_WITH_KNOTS ( 'NONE', 3,
 ( #598, #2181, #2984, #864, #67, #847, #2438 ),
 .UNSPECIFIED., .F., .F.,
 ( 4, 1, 1, 1, 4 ),
 ( 0.000000000000000000, 0.2372165186042103913, 0.4825864912431362952, 0.7368469271779310992, 1.000000000000000000 ),
 .UNSPECIFIED. ) ;
#1575 = CARTESIAN_POINT ( 'NONE',  ( 1.836137204112395338, 1.999999999999999556, -0.5844870910618580329 ) ) ;
#1576 = MECHANICAL_DESIGN_GEOMETRIC_PRESENTATION_REPRESENTATION (  '', ( #1130 ), #3251 ) ;
#1577 =( LENGTH_UNIT ( ) NAMED_UNIT ( * ) SI_UNIT ( .MILLI., .METRE. ) );
#1578 =( NAMED_UNIT ( * ) SI_UNIT ( $, .STERADIAN. ) SOLID_ANGLE_UNIT ( ) );
#1579 = ORIENTED_EDGE ( 'NONE', *, *, #2555, .F. ) ;
#1580 =( NAMED_UNIT ( * ) PLANE_ANGLE_UNIT ( ) SI_UNIT ( $, .RADIAN. ) );
#1581 = FACE_OUTER_BOUND ( 'NONE', #3074, .T. ) ;
#1582 = ORIENTED_EDGE ( 'NONE', *, *, #2124, .T. ) ;
#1583 = SURFACE_STYLE_USAGE ( .BOTH. , #472 ) ;
#1584 = CARTESIAN_POINT ( 'NONE',  ( 1.613538828075591125, 2.000000000000000000, -0.07698412307193897020 ) ) ;
#1585 = EDGE_CURVE ( 'NONE', #1972, #1302, #1262, .T. ) ;
#1586 = ORIENTED_EDGE ( 'NONE', *, *, #2014, .F. ) ;
#1587 = PRESENTATION_STYLE_ASSIGNMENT (( #3172 ) ) ;
#1588 = FACE_OUTER_BOUND ( 'NONE', #2906, .T. ) ;
#1589 = DIRECTION ( 'NONE',  ( -0.000000000000000000, 1.000000000000000000, -0.000000000000000000 ) ) ;
#1590 = CARTESIAN_POINT ( 'NONE',  ( -0.5619670613766420963, 2.000000000000000000, -0.5345340290862313770 ) ) ;
#1591 = STYLED_ITEM ( 'NONE', ( #2499 ), #3131 ) ;
#1592 = CARTESIAN_POINT ( 'NONE',  ( 1.334136272213520602, 2.000000000000000444, -0.1864252218210445400 ) ) ;
#1593 = CARTESIAN_POINT ( 'NONE',  ( 1.724662807284686350, 1.998999999999999888, -0.7060917648070726971 ) ) ;
#1594 = VERTEX_POINT ( 'NONE', #477 ) ;
#1595 = CARTESIAN_POINT ( 'NONE',  ( 1.005495959485847468, 1.998999999999999888, 0.8542358288511376907 ) ) ;
#1596 = SURFACE_STYLE_USAGE ( .BOTH. , #2071 ) ;
#1597 = FILL_AREA_STYLE_COLOUR ( '', #1758 ) ;
#1598 = CARTESIAN_POINT ( 'NONE',  ( 1.288135590727311763, 2.000000000000000000, 0.4425507463036981726 ) ) ;
#1599 = ORIENTED_EDGE ( 'NONE', *, *, #2555, .T. ) ;
#1600 = CARTESIAN_POINT ( 'NONE',  ( 1.224256708570093499, 1.998999999999999888, 0.4047108882339554015 ) ) ;
#1601 = CARTESIAN_POINT ( 'NONE',  ( 1.288135590727311763, 2.000000000000000000, -0.2112954075424552935 ) ) ;
#1602 = FACE_OUTER_BOUND ( 'NONE', #387, .T. ) ;
#1603 = VECTOR ( 'NONE', #2299, 1000.000000000000000 ) ;
#1604 = ADVANCED_FACE ( 'NONE', ( #3031 ), #945, .F. ) ;
#1605 = VECTOR ( 'NONE', #2125, 1000.000000000000000 ) ;
#1606 = MECHANICAL_DESIGN_GEOMETRIC_PRESENTATION_REPRESENTATION (  '', ( #2738 ), #1703 ) ;
#1607 = CARTESIAN_POINT ( 'NONE',  ( 1.824088457804143193, 2.000000000000000000, -0.6948169194909930013 ) ) ;
#1608 = AXIS2_PLACEMENT_3D ( 'NONE', #832, #2336, #2928 ) ;
#1609 = AXIS2_PLACEMENT_3D ( 'NONE', #1824, #201, #1275 ) ;
#1610 = CARTESIAN_POINT ( 'NONE',  ( 1.672122341919930699, 1.999999999999999556, 0.04635076359129749329 ) ) ;
#1611 = ORIENTED_EDGE ( 'NONE', *, *, #3376, .T. ) ;
#1612 = CARTESIAN_POINT ( 'NONE',  ( -0.5619670613766420963, 1.998999999999999888, -0.5345340290862313770 ) ) ;
#1613 = VECTOR ( 'NONE', #2538, 1000.000000000000000 ) ;
#1614 = DIRECTION ( 'NONE',  ( -1.000000000000000000, 0.000000000000000000, -0.000000000000000000 ) ) ;
#1615 = CARTESIAN_POINT ( 'NONE',  ( 1.466705123443036607, 1.999000000000000776, -0.6711678999691337300 ) ) ;
#1616 = ORIENTED_EDGE ( 'NONE', *, *, #2883, .T. ) ;
#1617 = LINE ( 'NONE', #2169, #505 ) ;
#1618 = DIRECTION ( 'NONE',  ( -0.000000000000000000, 1.000000000000000000, -0.000000000000000000 ) ) ;
#1619 = CARTESIAN_POINT ( 'NONE',  ( -1.604999999999999760, -0.1000000000000000056, -1.625000000000000000 ) ) ;
#1620 =( LENGTH_UNIT ( ) NAMED_UNIT ( * ) SI_UNIT ( .MILLI., .METRE. ) );
#1621 = COLOUR_RGB ( '',1.000000000000000000, 1.000000000000000000, 1.000000000000000000 ) ;
#1622 = ADVANCED_FACE ( 'NONE', ( #3095 ), #1749, .F. ) ;
#1623 = CARTESIAN_POINT ( 'NONE',  ( 1.140965832094679389, 1.999000000000000776, -0.3059510901845516329 ) ) ;
#1624 = ORIENTED_EDGE ( 'NONE', *, *, #694, .T. ) ;
#1625 = STYLED_ITEM ( 'NONE', ( #3072 ), #2652 ) ;
#1626 = CARTESIAN_POINT ( 'NONE',  ( -0.2006956283057726165, 2.000000000000000000, 0.6263175740633744049 ) ) ;
#1627 =( NAMED_UNIT ( * ) PLANE_ANGLE_UNIT ( ) SI_UNIT ( $, .RADIAN. ) );
#1628 = ORIENTED_EDGE ( 'NONE', *, *, #2936, .F. ) ;
#1629 = ORIENTED_EDGE ( 'NONE', *, *, #743, .T. ) ;
#1630 = DIRECTION ( 'NONE',  ( 1.000000000000000000, 0.000000000000000000, 0.000000000000000000 ) ) ;
#1631 = STYLED_ITEM ( 'NONE', ( #1285 ), #3264 ) ;
#1632 = CARTESIAN_POINT ( 'NONE',  ( 1.224256708570093499, 1.998999999999999888, -0.2491352656121982312 ) ) ;
#1633 = ORIENTED_EDGE ( 'NONE', *, *, #327, .T. ) ;
#1634 = EDGE_CURVE ( 'NONE', #153, #1256, #1473, .T. ) ;
#1635 =( GEOMETRIC_REPRESENTATION_CONTEXT ( 3 ) GLOBAL_UNCERTAINTY_ASSIGNED_CONTEXT ( ( #1472 ) ) GLOBAL_UNIT_ASSIGNED_CONTEXT ( ( #3319, #1198, #3061 ) ) REPRESENTATION_CONTEXT ( 'NONE', 'WORKASPACE' ) );
#1636 = CARTESIAN_POINT ( 'NONE',  ( -0.1005526361797927787, 1.998999999999999888, -0.3828990810547363566 ) ) ;
#1637 =( NAMED_UNIT ( * ) PLANE_ANGLE_UNIT ( ) SI_UNIT ( $, .RADIAN. ) );
#1638 = VERTEX_POINT ( 'NONE', #231 ) ;
#1639 = CARTESIAN_POINT ( 'NONE',  ( 1.465638922642791497, 1.999000000000000332, 0.5277681143003993824 ) ) ;
#1640 =( NAMED_UNIT ( * ) SI_UNIT ( $, .STERADIAN. ) SOLID_ANGLE_UNIT ( ) );
#1641 = SURFACE_STYLE_USAGE ( .BOTH. , #3226 ) ;
#1642 =( NAMED_UNIT ( * ) SI_UNIT ( $, .STERADIAN. ) SOLID_ANGLE_UNIT ( ) );
#1643 = ORIENTED_EDGE ( 'NONE', *, *, #1694, .T. ) ;
#1644 = CARTESIAN_POINT ( 'NONE',  ( 0.1654665890170580467, 2.000000000000000000, -0.6426426023145787036 ) ) ;
#1645 = DIRECTION ( 'NONE',  ( -1.000000000000000000, 0.000000000000000000, 0.000000000000000000 ) ) ;
#1646 = VECTOR ( 'NONE', #1103, 1000.000000000000000 ) ;
#1647 = ORIENTED_EDGE ( 'NONE', *, *, #2550, .T. ) ;
#1648 = CARTESIAN_POINT ( 'NONE',  ( 1.535105287417090958, 1.999999999999999556, -0.6453170582157232715 ) ) ;
#1649 = CIRCLE ( 'NONE', #2916, 0.2500000000000000000 ) ;
#1650 = CARTESIAN_POINT ( 'NONE',  ( 1.672122341919930699, 1.998999999999999444, 0.7001969174374510496 ) ) ;
#1651 = SURFACE_STYLE_FILL_AREA ( #2459 ) ;
#1652 = ORIENTED_EDGE ( 'NONE', *, *, #1311, .T. ) ;
#1653 = CARTESIAN_POINT ( 'NONE',  ( 1.093697081280719408, 1.998999999999999888, 0.3093640339793429228 ) ) ;
#1654 = CARTESIAN_POINT ( 'NONE',  ( 1.101198395776622929, 1.998999999999999444, -0.3380675888599966039 ) ) ;
#1655 = CARTESIAN_POINT ( 'NONE',  ( 1.763933828761196976, 2.000000000000000888, 0.06327874556418287832 ) ) ;
#1656 = CARTESIAN_POINT ( 'NONE',  ( 1.783761415491975422, 1.998999999999999444, -0.6979959836438807130 ) ) ;
#1657 = EDGE_CURVE ( 'NONE', #3006, #1700, #3190, .T. ) ;
#1658 = EDGE_CURVE ( 'NONE', #13, #442, #1084, .T. ) ;
#1659 = ORIENTED_EDGE ( 'NONE', *, *, #583, .F. ) ;
#1660 =( NAMED_UNIT ( * ) PLANE_ANGLE_UNIT ( ) SI_UNIT ( $, .RADIAN. ) );
#1661 = COLOUR_RGB ( '',1.000000000000000000, 1.000000000000000000, 1.000000000000000000 ) ;
#1662 = MECHANICAL_DESIGN_GEOMETRIC_PRESENTATION_REPRESENTATION (  '', ( #3353 ), #9 ) ;
#1663 = CARTESIAN_POINT ( 'NONE',  ( -2.150000000000000355, 2.000000000000000000, -2.149999999999999911 ) ) ;
#1664 = EDGE_LOOP ( 'NONE', ( #2758, #2429, #283, #1423 ) ) ;
#1665 = LINE ( 'NONE', #1636, #1838 ) ;
#1666 = VECTOR ( 'NONE', #1063, 1000.000000000000000 ) ;
#1667 = CARTESIAN_POINT ( 'NONE',  ( 1.638943977746428304, 1.998999999999999888, 0.6921080884520689480 ) ) ;
#1668 = ORIENTED_EDGE ( 'NONE', *, *, #3338, .T. ) ;
#1669 = AXIS2_PLACEMENT_3D ( 'NONE', #593, #1645, #1420 ) ;
#1670 = SURFACE_SIDE_STYLE ('',( #1948 ) ) ;
#1671 = FILL_AREA_STYLE_COLOUR ( '', #1661 ) ;
#1672 = COLOUR_RGB ( '',1.000000000000000000, 1.000000000000000000, 1.000000000000000000 ) ;
#1673 = CARTESIAN_POINT ( 'NONE',  ( 1.824088457804143193, 2.000000000000000000, -0.6948169194909930013 ) ) ;
#1674 = EDGE_LOOP ( 'NONE', ( #244, #3021, #3289, #974 ) ) ;
#1675 = CARTESIAN_POINT ( 'NONE',  ( 1.638943977746428082, 1.998999999999999888, 0.03826193460591545414 ) ) ;
#1676 = UNCERTAINTY_MEASURE_WITH_UNIT (LENGTH_MEASURE( 1.000000000000000082E-05 ), #2606, 'distance_accuracy_value', 'NONE');
#1677 = LINE ( 'NONE', #1971, #752 ) ;
#1678 = CARTESIAN_POINT ( 'NONE',  ( 1.724662807284685906, 1.998999999999999444, -0.05224561096091889095 ) ) ;
#1679 = ORIENTED_EDGE ( 'NONE', *, *, #3089, .F. ) ;
#1680 = LINE ( 'NONE', #2739, #1834 ) ;
#1681 = DIRECTION ( 'NONE',  ( -0.000000000000000000, 1.000000000000000000, -0.000000000000000000 ) ) ;
#1682 = DIRECTION ( 'NONE',  ( -1.000000000000000000, 0.000000000000000000, 7.042071574656164103E-15 ) ) ;
#1683 = VERTEX_POINT ( 'NONE', #3394 ) ;
#1684 = SURFACE_SIDE_STYLE ('',( #2759 ) ) ;
#1685 = SURFACE_STYLE_USAGE ( .BOTH. , #2401 ) ;
#1686 =( LENGTH_UNIT ( ) NAMED_UNIT ( * ) SI_UNIT ( .MILLI., .METRE. ) );
#1687 = CARTESIAN_POINT ( 'NONE',  ( 1.844598523588411698, 1.998999999999999888, -0.6932000685847595767 ) ) ;
#1688 = ORIENTED_EDGE ( 'NONE', *, *, #2832, .F. ) ;
#1689 = CARTESIAN_POINT ( 'NONE',  ( 1.114470318460206721, 1.999000000000000332, -0.2355077608924517618 ) ) ;
#1690 = CARTESIAN_POINT ( 'NONE',  ( 1.116535948949617607, 1.999999999999999556, -0.9787982800161698638 ) ) ;
#1691 = EDGE_CURVE ( 'NONE', #2209, #570, #1867, .T. ) ;
#1692 = CARTESIAN_POINT ( 'NONE',  ( 2.149999999999999467, 2.000000000000000000, -1.899999999999999911 ) ) ;
#1693 = LINE ( 'NONE', #2995, #2244 ) ;
#1694 = EDGE_CURVE ( 'NONE', #3189, #17, #2843, .T. ) ;
#1695 = EDGE_CURVE ( 'NONE', #507, #1089, #2884, .T. ) ;
#1696 = VERTEX_POINT ( 'NONE', #1070 ) ;
#1697 = DIRECTION ( 'NONE',  ( 0.000000000000000000, 0.000000000000000000, 1.000000000000000000 ) ) ;
#1698 = CARTESIAN_POINT ( 'NONE',  ( -1.497270752819367390, 2.000000000000000000, -1.500000000000000000 ) ) ;
#1699 = LINE ( 'NONE', #1250, #3105 ) ;
#1700 = VERTEX_POINT ( 'NONE', #280 ) ;
#1701 = DIRECTION ( 'NONE',  ( 0.000000000000000000, 0.000000000000000000, 1.000000000000000000 ) ) ;
#1702 = CARTESIAN_POINT ( 'NONE',  ( -0.8685181164947515242, 1.998999999999999888, -0.2812083723933140322 ) ) ;
#1703 =( GEOMETRIC_REPRESENTATION_CONTEXT ( 3 ) GLOBAL_UNCERTAINTY_ASSIGNED_CONTEXT ( ( #1227 ) ) GLOBAL_UNIT_ASSIGNED_CONTEXT ( ( #3324, #3279, #1418 ) ) REPRESENTATION_CONTEXT ( 'NONE', 'WORKASPACE' ) );
#1704 = SURFACE_SIDE_STYLE ('',( #1966 ) ) ;
#1705 =( NAMED_UNIT ( * ) PLANE_ANGLE_UNIT ( ) SI_UNIT ( $, .RADIAN. ) );
#1706 = ORIENTED_EDGE ( 'NONE', *, *, #2936, .T. ) ;
#1707 = CARTESIAN_POINT ( 'NONE',  ( -0.5335578645262447628, 1.998999999999999888, 0.5354677598901483870 ) ) ;
#1708 = FACE_OUTER_BOUND ( 'NONE', #2010, .T. ) ;
#1709 = VECTOR ( 'NONE', #3068, 1000.000000000000000 ) ;
#1710 = LINE ( 'NONE', #2751, #1401 ) ;
#1711 = ORIENTED_EDGE ( 'NONE', *, *, #2762, .T. ) ;
#1712 = CARTESIAN_POINT ( 'NONE',  ( -2.149999999999999911, 2.000000000000000000, 1.899999999999999689 ) ) ;
#1713 = DIRECTION ( 'NONE',  ( -1.000000000000000000, 0.000000000000000000, -2.644395542647572259E-16 ) ) ;
#1714 = CARTESIAN_POINT ( 'NONE',  ( 1.344862199222082833, 1.998999999999999444, 0.5784893323248135877 ) ) ;
#1715 = DIRECTION ( 'NONE',  ( 0.000000000000000000, 0.000000000000000000, -1.000000000000000000 ) ) ;
#1716 = ORIENTED_EDGE ( 'NONE', *, *, #320, .T. ) ;
#1717 = CARTESIAN_POINT ( 'NONE',  ( 1.334136272213519936, 1.998999999999999444, -0.8402713756671981171 ) ) ;
#1718 = DIRECTION ( 'NONE',  ( -0.000000000000000000, 1.000000000000000000, -0.000000000000000000 ) ) ;
#1719 = CARTESIAN_POINT ( 'NONE',  ( 1.271732682161234251, 2.000000000000000000, -0.1180518716167084509 ) ) ;
#1720 = CARTESIAN_POINT ( 'NONE',  ( 1.763933828761196976, 1.999000000000000332, -0.5905674082819709625 ) ) ;
#1721 = MECHANICAL_DESIGN_GEOMETRIC_PRESENTATION_REPRESENTATION (  '', ( #403 ), #2760 ) ;
#1722 = AXIS2_PLACEMENT_3D ( 'NONE', #2358, #1843, #1 ) ;
#1723 = CARTESIAN_POINT ( 'NONE',  ( 0.6345943748438317433, 2.000000000000000000, -0.4239972605822950880 ) ) ;
#1724 = AXIS2_PLACEMENT_3D ( 'NONE', #671, #2028, #2496 ) ;
#1725 = B_SPLINE_CURVE_WITH_KNOTS ( 'NONE', 3,
 ( #2580, #3408, #1822, #1091, #2108, #242, #3153, #1050, #1598, #1853, #1305, #2612, #805, #219, #2898 ),
 .UNSPECIFIED., .F., .F.,
 ( 4, 1, 1, 1, 1, 1, 1, 1, 1, 1, 1, 1, 4 ),
 ( 0.000000000000000000, 0.05027287497458349935, 0.1027903700748775961, 0.1576131012369289819, 0.2146311133156756368, 0.2740612127265388276, 0.3356974550538851521, 0.4000702787165529850, 0.4668267493853403005, 0.6020780869193703699, 0.7357515335047496441, 0.8682046170340287361, 1.000000000000000000 ),
 .UNSPECIFIED. ) ;
#1726 = UNCERTAINTY_MEASURE_WITH_UNIT (LENGTH_MEASURE( 1.000000000000000082E-05 ), #1387, 'distance_accuracy_value', 'NONE');
#1727 = VECTOR ( 'NONE', #230, 1000.000000000000000 ) ;
#1728 = CARTESIAN_POINT ( 'NONE',  ( 1.194811448530127773, 1.998999999999999444, 0.3858627855998310041 ) ) ;
#1729 = CARTESIAN_POINT ( 'NONE',  ( 0.1433606110643076414, 1.998999999999999888, 0.5192637409925079384 ) ) ;
#1730 = ORIENTED_EDGE ( 'NONE', *, *, #3089, .T. ) ;
#1731 = CARTESIAN_POINT ( 'NONE',  ( 1.844598523588411698, 1.998999999999999888, -0.03935391473860561096 ) ) ;
#1732 =( NAMED_UNIT ( * ) PLANE_ANGLE_UNIT ( ) SI_UNIT ( $, .RADIAN. ) );
#1733 = CARTESIAN_POINT ( 'NONE',  ( -0.2006956283057726165, 2.000000000000000000, 0.6263175740633744049 ) ) ;
#1734 = CARTESIAN_POINT ( 'NONE',  ( 1.093697081280719408, 1.998999999999999888, -0.9983282737129647311 ) ) ;
#1735 = DIRECTION ( 'NONE',  ( -0.000000000000000000, 0.000000000000000000, 1.000000000000000000 ) ) ;
#1736 = EDGE_CURVE ( 'NONE', #1062, #3032, #545, .T. ) ;
#1737 = CARTESIAN_POINT ( 'NONE',  ( -0.5619670613766420963, 1.998999999999999888, -0.5345340290862313770 ) ) ;
#1738 = DIRECTION ( 'NONE',  ( -0.000000000000000000, -0.000000000000000000, 1.000000000000000000 ) ) ;
#1739 = UNCERTAINTY_MEASURE_WITH_UNIT (LENGTH_MEASURE( 1.000000000000000082E-05 ), #2225, 'distance_accuracy_value', 'NONE');
#1740 = FILL_AREA_STYLE ('',( #957 ) ) ;
#1741 = CARTESIAN_POINT ( 'NONE',  ( 1.194811448530128661, 2.000000000000000888, -0.9218295220924767053 ) ) ;
#1742 = EDGE_LOOP ( 'NONE', ( #1905, #2775, #2435, #1339 ) ) ;
#1743 = LINE ( 'NONE', #2445, #147 ) ;
#1744 = CARTESIAN_POINT ( 'NONE',  ( 1.667981684308877055, 1.999999999999999112, 0.5911293546215070638 ) ) ;
#1745 = UNCERTAINTY_MEASURE_WITH_UNIT (LENGTH_MEASURE( 1.000000000000000082E-05 ), #1561, 'distance_accuracy_value', 'NONE');
#1746 = CARTESIAN_POINT ( 'NONE',  ( 1.667981684308877277, 1.998999999999999888, -0.06271679922464636070 ) ) ;
#1747 = DIRECTION ( 'NONE',  ( -0.000000000000000000, 1.000000000000000000, -0.000000000000000000 ) ) ;
#1748 = CARTESIAN_POINT ( 'NONE',  ( 1.631480882556953560, 2.000000000000000000, -0.07228221873623559557 ) ) ;
#1749 = PLANE ( 'NONE',  #1489 ) ;
#1750 = ORIENTED_EDGE ( 'NONE', *, *, #526, .F. ) ;
#1751 =( NAMED_UNIT ( * ) PLANE_ANGLE_UNIT ( ) SI_UNIT ( $, .RADIAN. ) );
#1752 = B_SPLINE_SURFACE_WITH_KNOTS ( 'NONE', 3, 1, ( 
 ( #3246, #456 ),
 ( #434, #658 ),
 ( #1707, #2770 ),
 ( #2523, #961 ) ),
 .UNSPECIFIED., .F., .F., .F.,
 ( 4, 4 ),
 ( 2, 2 ),
 ( 0.1818181818181818232, 0.2727272727272727071 ),
 ( 0.000000000000000000, 1.000000000000000000 ),
 .UNSPECIFIED. ) ;
#1753 = DIRECTION ( 'NONE',  ( 0.000000000000000000, 0.000000000000000000, 1.000000000000000000 ) ) ;
#1754 = LINE ( 'NONE', #1266, #243 ) ;
#1755 = CARTESIAN_POINT ( 'NONE',  ( -0.2396980849986908024, 1.998999999999999888, -0.5241952826295385170 ) ) ;
#1756 = PLANE ( 'NONE',  #623 ) ;
#1757 = SURFACE_STYLE_FILL_AREA ( #1740 ) ;
#1758 = COLOUR_RGB ( '',1.000000000000000000, 1.000000000000000000, 1.000000000000000000 ) ;
#1759 = CARTESIAN_POINT ( 'NONE',  ( 1.116535948949617607, 2.000000000000000000, -0.9787982800161698638 ) ) ;
#1760 = VERTEX_POINT ( 'NONE', #790 ) ;
#1761 = AXIS2_PLACEMENT_3D ( 'NONE', #654, #1416, #853 ) ;
#1762 = CARTESIAN_POINT ( 'NONE',  ( 1.724662807284687238, 2.000000000000001332, 0.6016005428852349013 ) ) ;
#1763 = COLOUR_RGB ( '',1.000000000000000000, 1.000000000000000000, 1.000000000000000000 ) ;
#1764 = EDGE_CURVE ( 'NONE', #1263, #348, #534, .T. ) ;
#1765 = EDGE_CURVE ( 'NONE', #2147, #1263, #3121, .T. ) ;
#1766 = MECHANICAL_DESIGN_GEOMETRIC_PRESENTATION_REPRESENTATION (  '', ( #602 ), #145 ) ;
#1767 = SURFACE_SIDE_STYLE ('',( #1209 ) ) ;
#1768 = LINE ( 'NONE', #1569, #859 ) ;
#1769 = VECTOR ( 'NONE', #592, 1000.000000000000000 ) ;
#1770 = FILL_AREA_STYLE_COLOUR ( '', #1247 ) ;
#1771 = CARTESIAN_POINT ( 'NONE',  ( 1.114470318460206499, 1.998999999999999888, 0.4183383929537018986 ) ) ;
#1772 = STYLED_ITEM ( 'NONE', ( #1260 ), #842 ) ;
#1773 = VERTEX_POINT ( 'NONE', #1341 ) ;
#1774 = CARTESIAN_POINT ( 'NONE',  ( -0.3656959684632566931, 1.998999999999999888, -0.3464669802673330801 ) ) ;
#1775 = MECHANICAL_DESIGN_GEOMETRIC_PRESENTATION_REPRESENTATION (  '', ( #1342 ), #285 ) ;
#1776 = CARTESIAN_POINT ( 'NONE',  ( 1.592944016905270654, 1.999000000000000332, -0.6275465048497027576 ) ) ;
#1777 = SURFACE_SIDE_STYLE ('',( #447 ) ) ;
#1778 = DIRECTION ( 'NONE',  ( -1.000000000000000000, 0.000000000000000000, -0.000000000000000000 ) ) ;
#1779 = ORIENTED_EDGE ( 'NONE', *, *, #435, .F. ) ;
#1780 = CARTESIAN_POINT ( 'NONE',  ( -1.647270752819367745, 1.998999999999999888, 1.500000000000000000 ) ) ;
#1781 = CARTESIAN_POINT ( 'NONE',  ( 1.613538828075591125, 2.000000000000000444, -0.7308302769180928804 ) ) ;
#1782 = FILL_AREA_STYLE_COLOUR ( '', #2864 ) ;
#1783 = CARTESIAN_POINT ( 'NONE',  ( 1.824088457804143193, 2.000000000000000000, 0.6128753882013147081 ) ) ;
#1784 = VECTOR ( 'NONE', #1558, 1000.000000000000000 ) ;
#1785 = UNCERTAINTY_MEASURE_WITH_UNIT (LENGTH_MEASURE( 1.000000000000000082E-05 ), #293, 'distance_accuracy_value', 'NONE');
#1786 = CARTESIAN_POINT ( 'NONE',  ( 1.844598523588411698, 1.998999999999999888, -0.03935391473860561096 ) ) ;
#1787 = EDGE_CURVE ( 'NONE', #3335, #2439, #1293, .T. ) ;
#1788 = VECTOR ( 'NONE', #2978, 1000.000000000000000 ) ;
#1789 = CARTESIAN_POINT ( 'NONE',  ( -0.2398425385419974409, 1.998999999999999888, -0.2033203975901712313 ) ) ;
#1790 = CYLINDRICAL_SURFACE ( 'NONE', #2041, 0.2500000000000000000 ) ;
#1791 = CARTESIAN_POINT ( 'NONE',  ( 1.763933828761196976, 2.000000000000000444, -0.5905674082819709625 ) ) ;
#1792 = FILL_AREA_STYLE_COLOUR ( '', #87 ) ;
#1793 = CARTESIAN_POINT ( 'NONE',  ( 0.5189398236627312810, 2.000000000000000000, -0.0007644290862337006906 ) ) ;
#1794 = CARTESIAN_POINT ( 'NONE',  ( 0.1654665890170580467, 1.998999999999999888, -0.6426426023145787036 ) ) ;
#1795 = ORIENTED_EDGE ( 'NONE', *, *, #1889, .T. ) ;
#1796 = DIRECTION ( 'NONE',  ( -0.000000000000000000, 1.000000000000000000, -0.000000000000000000 ) ) ;
#1797 =( NAMED_UNIT ( * ) PLANE_ANGLE_UNIT ( ) SI_UNIT ( $, .RADIAN. ) );
#1798 = FACE_OUTER_BOUND ( 'NONE', #819, .T. ) ;
#1799 = CARTESIAN_POINT ( 'NONE',  ( 1.604999999999999760, -0.1000000000000000056, -1.625000000000000444 ) ) ;
#1800 = LINE ( 'NONE', #2841, #502 ) ;
#1801 = PRODUCT_DEFINITION_SHAPE ( 'NONE', 'NONE',  #2656 ) ;
#1802 = ORIENTED_EDGE ( 'NONE', *, *, #1179, .F. ) ;
#1803 = MECHANICAL_DESIGN_GEOMETRIC_PRESENTATION_REPRESENTATION (  '', ( #2228 ), #2556 ) ;
#1804 = CARTESIAN_POINT ( 'NONE',  ( -0.8685181164947515242, 2.000000000000000000, -0.2812083723933140322 ) ) ;
#1805 = DIRECTION ( 'NONE',  ( -0.000000000000000000, 0.000000000000000000, 1.000000000000000000 ) ) ;
#1806 = PRESENTATION_STYLE_ASSIGNMENT (( #475 ) ) ;
#1807 = CARTESIAN_POINT ( 'NONE',  ( 1.339704879030627849, 1.998999999999999888, 0.4699273277405165983 ) ) ;
#1808 = CARTESIAN_POINT ( 'NONE',  ( 1.116535948949617607, 1.999999999999999556, 0.3288940276761372350 ) ) ;
#1809 = DIRECTION ( 'NONE',  ( 0.000000000000000000, 0.000000000000000000, -1.000000000000000000 ) ) ;
#1810 = EDGE_CURVE ( 'NONE', #789, #1700, #2356, .T. ) ;
#1811 = SURFACE_STYLE_FILL_AREA ( #2891 ) ;
#1812 = B_SPLINE_CURVE_WITH_KNOTS ( 'NONE', 3,
 ( #522, #3232, #2473, #1678, #923, #385, #2962 ),
 .UNSPECIFIED., .F., .F.,
 ( 4, 1, 1, 1, 4 ),
 ( 0.000000000000000000, 0.2372165186042102802, 0.4825864912431362397, 0.7368469271779310992, 1.000000000000000000 ),
 .UNSPECIFIED. ) ;
#1813 = EDGE_CURVE ( 'NONE', #2484, #954, #2403, .T. ) ;
#1814 = EDGE_CURVE ( 'NONE', #1274, #1929, #2693, .T. ) ;
#1815 = FACE_OUTER_BOUND ( 'NONE', #2595, .T. ) ;
#1816 = CARTESIAN_POINT ( 'NONE',  ( 1.844598523588411698, 1.998999999999999888, 0.06962044423575332319 ) ) ;
#1817 = VERTEX_POINT ( 'NONE', #513 ) ;
#1818 = LINE ( 'NONE', #2854, #96 ) ;
#1819 = DIRECTION ( 'NONE',  ( 0.000000000000000000, -0.000000000000000000, 1.000000000000000000 ) ) ;
#1820 = SURFACE_STYLE_FILL_AREA ( #452 ) ;
#1821 = FILL_AREA_STYLE ('',( #993 ) ) ;
#1822 = CARTESIAN_POINT ( 'NONE',  ( 1.116535948949617607, 1.999999999999999556, 0.3288940276761372350 ) ) ;
#1823 = ORIENTED_EDGE ( 'NONE', *, *, #1585, .F. ) ;
#1824 = CARTESIAN_POINT ( 'NONE',  ( 1.899999999999999245, 2.000000000000000000, -1.899999999999999911 ) ) ;
#1825 = CARTESIAN_POINT ( 'NONE',  ( 1.255322057264013580, 2.000000000000000000, -0.2301529098955655273 ) ) ;
#1826 = VECTOR ( 'NONE', #1191, 1000.000000000000000 ) ;
#1827 = EDGE_LOOP ( 'NONE', ( #2945, #854, #1900, #3359 ) ) ;
#1828 = CARTESIAN_POINT ( 'NONE',  ( 1.791999731630300019, 2.000000000000000444, 0.06644460945355018522 ) ) ;
#1829 = STYLED_ITEM ( 'NONE', ( #2498 ), #214 ) ;
#1830 = STYLED_ITEM ( 'NONE', ( #2067 ), #3327 ) ;
#1831 = PRESENTATION_LAYER_ASSIGNMENT (  '', '', ( #3185 ) ) ;
#1832 = LINE ( 'NONE', #2430, #1334 ) ;
#1833 = CARTESIAN_POINT ( 'NONE',  ( 1.466705123443036607, 1.999000000000000776, -0.6711678999691337300 ) ) ;
#1834 = VECTOR ( 'NONE', #149, 1000.000000000000000 ) ;
#1835 = CARTESIAN_POINT ( 'NONE',  ( 1.613538828075591125, 2.000000000000000000, -0.07698412307193897020 ) ) ;
#1836 = CARTESIAN_POINT ( 'NONE',  ( 1.122077273403712772, 2.000000000000000000, -0.2286890006446116730 ) ) ;
#1837 = ORIENTED_EDGE ( 'NONE', *, *, #2950, .F. ) ;
#1838 = VECTOR ( 'NONE', #1926, 1000.000000000000227 ) ;
#1839 = CARTESIAN_POINT ( 'NONE',  ( 1.844598523588411698, 1.998999999999999888, -0.5842257096104006564 ) ) ;
#1840 = ORIENTED_EDGE ( 'NONE', *, *, #1854, .T. ) ;
#1841 = CARTESIAN_POINT ( 'NONE',  ( 1.101198395776622929, 1.999999999999999556, -0.3380675888599966039 ) ) ;
#1842 = ORIENTED_EDGE ( 'NONE', *, *, #414, .F. ) ;
#1843 = DIRECTION ( 'NONE',  ( -1.000000000000000000, 0.000000000000000000, 0.000000000000000000 ) ) ;
#1844 = SURFACE_STYLE_FILL_AREA ( #3382 ) ;
#1845 = FACE_OUTER_BOUND ( 'NONE', #290, .T. ) ;
#1846 = AXIS2_PLACEMENT_3D ( 'NONE', #1807, #1859, #532 ) ;
#1847 = AXIS2_PLACEMENT_3D ( 'NONE', #1619, #1086, #1630 ) ;
#1848 = CARTESIAN_POINT ( 'NONE',  ( -0.7100090141325501314, 1.998999999999999888, -0.5056158054641858302 ) ) ;
#1849 = COLOUR_RGB ( '',1.000000000000000000, 1.000000000000000000, 1.000000000000000000 ) ;
#1850 = CARTESIAN_POINT ( 'NONE',  ( 1.101198395776622929, 1.998999999999999444, -0.3380675888599966039 ) ) ;
#1851 = DIRECTION ( 'NONE',  ( 1.000000000000000000, 0.000000000000000000, 0.000000000000000000 ) ) ;
#1852 = ORIENTED_EDGE ( 'NONE', *, *, #1787, .F. ) ;
#1853 = CARTESIAN_POINT ( 'NONE',  ( 1.334136272213520602, 2.000000000000000444, 0.4674209320251092037 ) ) ;
#1854 = EDGE_CURVE ( 'NONE', #1638, #2068, #1542, .T. ) ;
#1855 = CARTESIAN_POINT ( 'NONE',  ( 1.116535948949617607, 1.998999999999999444, 0.3288940276761372350 ) ) ;
#1856 = CARTESIAN_POINT ( 'NONE',  ( 1.844598523588411698, 1.998999999999999888, -0.03935391473860561096 ) ) ;
#1857 = ORIENTED_EDGE ( 'NONE', *, *, #1736, .F. ) ;
#1858 = PLANE ( 'NONE',  #3314 ) ;
#1859 = DIRECTION ( 'NONE',  ( 1.571516921614965084E-12, -1.000000000000000000, -1.905380692786253304E-12 ) ) ;
#1860 = CARTESIAN_POINT ( 'NONE',  ( -0.6553023936601068966, 2.000000000000000000, -0.2231953708185161755 ) ) ;
#1861 = CARTESIAN_POINT ( 'NONE',  ( 1.844598523588411698, 2.000000000000000000, -0.6932000685847595767 ) ) ;
#1862 = B_SPLINE_CURVE_WITH_KNOTS ( 'NONE', 3,
 ( #2702, #2966, #3019, #2753, #1461, #349, #1407, #2436, #2794, #2024, #233, #3367, #971, #148, #1477, #2064, #209, #2553, #172, #462, #2081, #777, #707 ),
 .UNSPECIFIED., .F., .F.,
 ( 4, 1, 1, 1, 1, 1, 1, 1, 1, 1, 1, 1, 1, 1, 1, 1, 1, 1, 1, 1, 4 ),
 ( 0.000000000000000000, 0.03151551312998480958, 0.06480979674365734688, 0.09991169883527560580, 0.1366755286001710146, 0.1751432978746824964, 0.2157650117082455798, 0.2581569125231216177, 0.3022930440652046302, 0.3927408518774000989, 0.4832984694610614751, 0.5744114847371659671, 0.6664774093514970188, 0.7120107481430553165, 0.7563744975915033253, 0.7998154803065209428, 0.8419616993485902201, 0.8828431755911850809, 0.9229180315891944986, 0.9619666184423850686, 1.000000000000000000 ),
 .UNSPECIFIED. ) ;
#1863 = SURFACE_SIDE_STYLE ('',( #336 ) ) ;
#1864 =( NAMED_UNIT ( * ) SI_UNIT ( $, .STERADIAN. ) SOLID_ANGLE_UNIT ( ) );
#1865 = ORIENTED_EDGE ( 'NONE', *, *, #2398, .F. ) ;
#1866 =( LENGTH_UNIT ( ) NAMED_UNIT ( * ) SI_UNIT ( .MILLI., .METRE. ) );
#1867 = LINE ( 'NONE', #2054, #503 ) ;
#1868 = ORIENTED_EDGE ( 'NONE', *, *, #2674, .T. ) ;
#1869 = DIRECTION ( 'NONE',  ( 0.000000000000000000, 0.000000000000000000, 1.000000000000000000 ) ) ;
#1870 = COLOUR_RGB ( '',1.000000000000000000, 1.000000000000000000, 1.000000000000000000 ) ;
#1871 = ADVANCED_FACE ( 'NONE', ( #1567 ), #246, .F. ) ;
#1872 = EDGE_CURVE ( 'NONE', #304, #2068, #1902, .T. ) ;
#1873 = VECTOR ( 'NONE', #955, 1000.000000000000000 ) ;
#1874 = VECTOR ( 'NONE', #925, 1000.000000000000000 ) ;
#1875 = CARTESIAN_POINT ( 'NONE',  ( 1.824088457804143193, 1.998999999999999888, -0.6948169194909930013 ) ) ;
#1876 = VERTEX_POINT ( 'NONE', #1113 ) ;
#1877 = AXIS2_PLACEMENT_3D ( 'NONE', #669, #2267, #1214 ) ;
#1878 = CARTESIAN_POINT ( 'NONE',  ( 1.667981684308877055, 1.999999999999999112, 0.5911293546215070638 ) ) ;
#1879 = SURFACE_STYLE_FILL_AREA ( #2625 ) ;
#1880 = COLOUR_RGB ( '',0.8274509803921568096, 0.8392156862745098200, 0.8274509803921568096 ) ;
#1881 = EDGE_LOOP ( 'NONE', ( #1184, #1946, #1332, #3250 ) ) ;
#1882 =( LENGTH_UNIT ( ) NAMED_UNIT ( * ) SI_UNIT ( .MILLI., .METRE. ) );
#1883 = CARTESIAN_POINT ( 'NONE',  ( 1.592944016905271321, 1.999000000000000332, 0.02629964899645117690 ) ) ;
#1884 = MECHANICAL_DESIGN_GEOMETRIC_PRESENTATION_REPRESENTATION (  '', ( #3364 ), #393 ) ;
#1885 = ORIENTED_EDGE ( 'NONE', *, *, #2993, .T. ) ;
#1886 = PRESENTATION_STYLE_ASSIGNMENT (( #2712 ) ) ;
#1887 =( LENGTH_UNIT ( ) NAMED_UNIT ( * ) SI_UNIT ( .MILLI., .METRE. ) );
#1888 = LINE ( 'NONE', #1133, #747 ) ;
#1889 = EDGE_CURVE ( 'NONE', #153, #2380, #2136, .T. ) ;
#1890 = DIRECTION ( 'NONE',  ( -1.000000000000000000, -0.000000000000000000, -0.000000000000000000 ) ) ;
#1891 =( GEOMETRIC_REPRESENTATION_CONTEXT ( 3 ) GLOBAL_UNCERTAINTY_ASSIGNED_CONTEXT ( ( #1957 ) ) GLOBAL_UNIT_ASSIGNED_CONTEXT ( ( #625, #1660, #2447 ) ) REPRESENTATION_CONTEXT ( 'NONE', 'WORKASPACE' ) );
#1892 = LINE ( 'NONE', #2117, #2570 ) ;
#1893 = EDGE_LOOP ( 'NONE', ( #2616, #2182, #1679, #1196 ) ) ;
#1894 = MECHANICAL_DESIGN_GEOMETRIC_PRESENTATION_REPRESENTATION (  '', ( #2378 ), #906 ) ;
#1895 = CARTESIAN_POINT ( 'NONE',  ( 1.592944016905270654, 2.000000000000000444, -0.6275465048497027576 ) ) ;
#1896 = DIRECTION ( 'NONE',  ( -1.000000000000000000, 0.000000000000000000, 0.000000000000000000 ) ) ;
#1897 =( NAMED_UNIT ( * ) PLANE_ANGLE_UNIT ( ) SI_UNIT ( $, .RADIAN. ) );
#1898 = B_SPLINE_CURVE_WITH_KNOTS ( 'NONE', 3,
 ( #1295, #1511, #2331, #1042 ),
 .UNSPECIFIED., .F., .F.,
 ( 4, 4 ),
 ( 0.2727272727272727071, 0.3636363636363636465 ),
 .UNSPECIFIED. ) ;
#1899 =( GEOMETRIC_REPRESENTATION_CONTEXT ( 3 ) GLOBAL_UNCERTAINTY_ASSIGNED_CONTEXT ( ( #1676 ) ) GLOBAL_UNIT_ASSIGNED_CONTEXT ( ( #2606, #3365, #1023 ) ) REPRESENTATION_CONTEXT ( 'NONE', 'WORKASPACE' ) );
#1900 = ORIENTED_EDGE ( 'NONE', *, *, #2577, .T. ) ;
#1901 = CARTESIAN_POINT ( 'NONE',  ( -2.150000000000000355, 2.000000000000000000, -2.149999999999999911 ) ) ;
#1902 = LINE ( 'NONE', #1129, #3076 ) ;
#1903 = CARTESIAN_POINT ( 'NONE',  ( 1.613538828075591125, 1.998999999999999888, 0.5768620307742146069 ) ) ;
#1904 = CARTESIAN_POINT ( 'NONE',  ( 1.613538828075591125, 1.998999999999999888, -0.7308302769180928804 ) ) ;
#1905 = ORIENTED_EDGE ( 'NONE', *, *, #526, .T. ) ;
#1906 = UNCERTAINTY_MEASURE_WITH_UNIT (LENGTH_MEASURE( 1.000000000000000082E-05 ), #2417, 'distance_accuracy_value', 'NONE');
#1907 = CARTESIAN_POINT ( 'NONE',  ( 1.214279204130277012, 1.999000000000000332, -0.1560212628285136960 ) ) ;
#1908 = VECTOR ( 'NONE', #1747, 1000.000000000000000 ) ;
#1909 = CARTESIAN_POINT ( 'NONE',  ( -1.900000000000000355, 2.000000000000000000, -2.149999999999999911 ) ) ;
#1910 = ORIENTED_EDGE ( 'NONE', *, *, #2762, .F. ) ;
#1911 = AXIS2_PLACEMENT_3D ( 'NONE', #238, #767, #1819 ) ;
#1912 = ADVANCED_FACE ( 'NONE', ( #850 ), #323, .F. ) ;
#1913 = DIRECTION ( 'NONE',  ( -1.000000000000000000, 0.000000000000000000, -0.000000000000000000 ) ) ;
#1914 = EDGE_CURVE ( 'NONE', #515, #1389, #2955, .T. ) ;
#1915 = CARTESIAN_POINT ( 'NONE',  ( 1.466705123443036163, 1.999999999999999556, 0.6365244077231740905 ) ) ;
#1916 = ORIENTED_EDGE ( 'NONE', *, *, #1421, .F. ) ;
#1917 = CARTESIAN_POINT ( 'NONE',  ( -0.4665199558648298606, 1.998999999999999888, 0.2714273189452667823 ) ) ;
#1918 = CARTESIAN_POINT ( 'NONE',  ( 1.818736998913070391, 1.999000000000000332, 0.06882154722262183444 ) ) ;
#1919 = FACE_OUTER_BOUND ( 'NONE', #3154, .T. ) ;
#1920 = VERTEX_POINT ( 'NONE', #1143 ) ;
#1921 = CARTESIAN_POINT ( 'NONE',  ( -0.2398425385419974409, 1.998999999999999888, -0.2033203975901712313 ) ) ;
#1922 = FILL_AREA_STYLE_COLOUR ( '', #1508 ) ;
#1923 = ORIENTED_EDGE ( 'NONE', *, *, #1311, .F. ) ;
#1924 = VECTOR ( 'NONE', #1037, 1000.000000000000000 ) ;
#1925 = B_SPLINE_CURVE_WITH_KNOTS ( 'NONE', 3,
 ( #2947, #594, #2177, #1150, #3216, #1939, #347, #2433, #890, #1958, #1495, #2022, #2490, #704, #2815, #1246, #190, #2281, #144, #3112, #1211, #2567, #1771 ),
 .UNSPECIFIED., .F., .F.,
 ( 4, 1, 1, 1, 1, 1, 1, 1, 1, 1, 1, 1, 1, 1, 1, 1, 1, 1, 1, 1, 4 ),
 ( 0.000000000000000000, 0.03151551312998480958, 0.06480979674365734688, 0.09991169883527560580, 0.1366755286001710146, 0.1751432978746824964, 0.2157650117082455798, 0.2581569125231216177, 0.3022930440652046302, 0.3927408518774000989, 0.4832984694610614751, 0.5744114847371659671, 0.6664774093514970188, 0.7120107481430553165, 0.7563744975915033253, 0.7998154803065209428, 0.8419616993485902201, 0.8828431755911850809, 0.9229180315891944986, 0.9619666184423850686, 1.000000000000000000 ),
 .UNSPECIFIED. ) ;
#1926 = DIRECTION ( 'NONE',  ( 0.6128916609699368578, -0.000000000000000000, -0.7901669519244093332 ) ) ;
#1927 = CARTESIAN_POINT ( 'NONE',  ( 1.242388969312482105, 2.000000000000000444, 0.5168904482041003501 ) ) ;
#1928 = FACE_OUTER_BOUND ( 'NONE', #2522, .T. ) ;
#1929 = VERTEX_POINT ( 'NONE', #3225 ) ;
#1930 = LINE ( 'NONE', #352, #1613 ) ;
#1931 = EDGE_CURVE ( 'NONE', #2147, #3106, #2901, .T. ) ;
#1932 = MECHANICAL_DESIGN_GEOMETRIC_PRESENTATION_REPRESENTATION (  '', ( #3185 ), #786 ) ;
#1933 =( GEOMETRIC_REPRESENTATION_CONTEXT ( 3 ) GLOBAL_UNCERTAINTY_ASSIGNED_CONTEXT ( ( #2140 ) ) GLOBAL_UNIT_ASSIGNED_CONTEXT ( ( #1009, #1553, #3318 ) ) REPRESENTATION_CONTEXT ( 'NONE', 'WORKASPACE' ) );
#1934 = PRESENTATION_STYLE_ASSIGNMENT (( #1641 ) ) ;
#1935 = PRESENTATION_LAYER_ASSIGNMENT (  '', '', ( #788 ) ) ;
#1936 = ORIENTED_EDGE ( 'NONE', *, *, #363, .F. ) ;
#1937 = DIRECTION ( 'NONE',  ( 0.000000000000000000, 0.000000000000000000, -1.000000000000000000 ) ) ;
#1938 = CARTESIAN_POINT ( 'NONE',  ( 1.101198395776623151, 2.000000000000000000, -0.9919137427061504031 ) ) ;
#1939 = CARTESIAN_POINT ( 'NONE',  ( 1.734634102153721713, 1.998999999999999888, 0.7126533872487722521 ) ) ;
#1940 = ORIENTED_EDGE ( 'NONE', *, *, #2381, .F. ) ;
#1941 = FILL_AREA_STYLE_COLOUR ( '', #1166 ) ;
#1942 =( GEOMETRIC_REPRESENTATION_CONTEXT ( 3 ) GLOBAL_UNCERTAINTY_ASSIGNED_CONTEXT ( ( #643 ) ) GLOBAL_UNIT_ASSIGNED_CONTEXT ( ( #3118, #2351, #785 ) ) REPRESENTATION_CONTEXT ( 'NONE', 'WORKASPACE' ) );
#1943 = APPLICATION_CONTEXT ( 'automotive_design' ) ;
#1944 = LINE ( 'NONE', #1140, #2143 ) ;
#1945 = SURFACE_SIDE_STYLE ('',( #2705 ) ) ;
#1946 = ORIENTED_EDGE ( 'NONE', *, *, #564, .F. ) ;
#1947 = CARTESIAN_POINT ( 'NONE',  ( -0.4665199558648298606, 2.000000000000000000, 0.2714273189452667823 ) ) ;
#1948 = SURFACE_STYLE_FILL_AREA ( #3180 ) ;
#1949 = PRESENTATION_STYLE_ASSIGNMENT (( #1238 ) ) ;
#1950 = ADVANCED_FACE ( 'NONE', ( #1449 ), #2463, .T. ) ;
#1951 = VECTOR ( 'NONE', #1715, 1000.000000000000000 ) ;
#1952 = CARTESIAN_POINT ( 'NONE',  ( 1.724662807284686350, 1.998999999999999888, -0.7060917648070726971 ) ) ;
#1953 = ORIENTED_EDGE ( 'NONE', *, *, #435, .T. ) ;
#1954 = CARTESIAN_POINT ( 'NONE',  ( 1.137494231787218535, 1.999000000000000332, -0.2148694705239819480 ) ) ;
#1955 = SURFACE_STYLE_FILL_AREA ( #315 ) ;
#1956 = EDGE_CURVE ( 'NONE', #493, #833, #1180, .T. ) ;
#1957 = UNCERTAINTY_MEASURE_WITH_UNIT (LENGTH_MEASURE( 1.000000000000000082E-05 ), #625, 'distance_accuracy_value', 'NONE');
#1958 = CARTESIAN_POINT ( 'NONE',  ( 1.592944016905270876, 1.998999999999999888, 0.6801458028426046187 ) ) ;
#1959 = COLOUR_RGB ( '',1.000000000000000000, 1.000000000000000000, 1.000000000000000000 ) ;
#1960 = VERTEX_POINT ( 'NONE', #3275 ) ;
#1961 = CARTESIAN_POINT ( 'NONE',  ( 1.005495959485847468, 1.998999999999999888, 0.3093640339793429228 ) ) ;
#1962 = SURFACE_STYLE_USAGE ( .BOTH. , #1193 ) ;
#1963 = CARTESIAN_POINT ( 'NONE',  ( 1.214279204130276790, 2.000000000000000000, 0.4978248910176398812 ) ) ;
#1964 = ORIENTED_EDGE ( 'NONE', *, *, #2902, .F. ) ;
#1965 = CARTESIAN_POINT ( 'NONE',  ( 1.114470318460206499, 2.000000000000000000, 0.4183383929537018986 ) ) ;
#1966 = SURFACE_STYLE_FILL_AREA ( #3004 ) ;
#1967 = VERTEX_POINT ( 'NONE', #1702 ) ;
#1968 = ORIENTED_EDGE ( 'NONE', *, *, #389, .F. ) ;
#1969 = CARTESIAN_POINT ( 'NONE',  ( 1.613538828075591125, 2.000000000000000000, -0.07698412307193897020 ) ) ;
#1970 = EDGE_CURVE ( 'NONE', #991, #1263, #429, .T. ) ;
#1971 = CARTESIAN_POINT ( 'NONE',  ( 1.844598523588411698, 1.998999999999999888, 0.6144922391075480217 ) ) ;
#1972 = VERTEX_POINT ( 'NONE', #3083 ) ;
#1973 = CARTESIAN_POINT ( 'NONE',  ( 0.4579918929540659489, 1.998999999999999888, -0.6426426023145807020 ) ) ;
#1974 = STYLED_ITEM ( 'NONE', ( #2066 ), #1291 ) ;
#1975 = SURFACE_STYLE_FILL_AREA ( #2476 ) ;
#1976 = CARTESIAN_POINT ( 'NONE',  ( 1.399473708798349758, 1.999000000000000332, 0.6066957932438362677 ) ) ;
#1977 = VECTOR ( 'NONE', #15, 1000.000000000000000 ) ;
#1978 = ORIENTED_EDGE ( 'NONE', *, *, #1970, .T. ) ;
#1979 = CARTESIAN_POINT ( 'NONE',  ( -0.2033966802742774582, 2.000000000000000000, 0.3783458701263677226 ) ) ;
#1980 = CARTESIAN_POINT ( 'NONE',  ( 0.6345943748438317433, 1.998999999999999888, -0.4239972605822950880 ) ) ;
#1981 = UNCERTAINTY_MEASURE_WITH_UNIT (LENGTH_MEASURE( 1.000000000000000082E-05 ), #1882, 'distance_accuracy_value', 'NONE');
#1982 = DIRECTION ( 'NONE',  ( -1.008560160451632221E-16, -0.000000000000000000, -1.000000000000000000 ) ) ;
#1983 = COLOUR_RGB ( '',1.000000000000000000, 1.000000000000000000, 1.000000000000000000 ) ;
#1984 =( NAMED_UNIT ( * ) PLANE_ANGLE_UNIT ( ) SI_UNIT ( $, .RADIAN. ) );
#1985 = UNCERTAINTY_MEASURE_WITH_UNIT (LENGTH_MEASURE( 1.000000000000000082E-05 ), #2660, 'distance_accuracy_value', 'NONE');
#1986 = MECHANICAL_DESIGN_GEOMETRIC_PRESENTATION_REPRESENTATION (  '', ( #2810 ), #1116 ) ;
#1987 = SURFACE_STYLE_USAGE ( .BOTH. , #1767 ) ;
#1988 = COLOUR_RGB ( '',1.000000000000000000, 1.000000000000000000, 1.000000000000000000 ) ;
#1989 = CIRCLE ( 'NONE', #2749, 0.2500000000000002220 ) ;
#1990 = CARTESIAN_POINT ( 'NONE',  ( 0.7849999999999996980, 0.000000000000000000, -1.625000000000000222 ) ) ;
#1991 = EDGE_CURVE ( 'NONE', #1256, #399, #1176, .T. ) ;
#1992 = ORIENTED_EDGE ( 'NONE', *, *, #2674, .F. ) ;
#1993 = DIRECTION ( 'NONE',  ( -1.000000000000000000, 0.000000000000000000, 0.000000000000000000 ) ) ;
#1994 =( NAMED_UNIT ( * ) SI_UNIT ( $, .STERADIAN. ) SOLID_ANGLE_UNIT ( ) );
#1995 = FILL_AREA_STYLE ('',( #729 ) ) ;
#1996 = VERTEX_POINT ( 'NONE', #732 ) ;
#1997 = CARTESIAN_POINT ( 'NONE',  ( 1.194811448530128661, 1.999000000000000332, -0.9218295220924767053 ) ) ;
#1998 = CARTESIAN_POINT ( 'NONE',  ( 1.613538828075591125, 1.998999999999999888, -0.07698412307193897020 ) ) ;
#1999 = CARTESIAN_POINT ( 'NONE',  ( 1.613538828075591125, 1.998999999999999888, -0.07698412307193897020 ) ) ;
#2000 = CARTESIAN_POINT ( 'NONE',  ( 1.187387142859995581, 2.000000000000000444, -0.1752649671943973808 ) ) ;
#2001 = CARTESIAN_POINT ( 'NONE',  ( 1.465638922642790831, 2.000000000000000444, -0.7799241933919082159 ) ) ;
#2002 = EDGE_LOOP ( 'NONE', ( #1239, #1286, #1628, #2780 ) ) ;
#2003 = FACE_OUTER_BOUND ( 'NONE', #884, .T. ) ;
#2004 = UNCERTAINTY_MEASURE_WITH_UNIT (LENGTH_MEASURE( 1.000000000000000082E-05 ), #14, 'distance_accuracy_value', 'NONE');
#2005 =( NAMED_UNIT ( * ) PLANE_ANGLE_UNIT ( ) SI_UNIT ( $, .RADIAN. ) );
#2006 = ORIENTED_EDGE ( 'NONE', *, *, #843, .T. ) ;
#2007 = FILL_AREA_STYLE_COLOUR ( '', #665 ) ;
#2008 = DIRECTION ( 'NONE',  ( -1.000000000000000000, 0.000000000000000000, 0.000000000000000000 ) ) ;
#2009 = CARTESIAN_POINT ( 'NONE',  ( -0.2006956283057726165, 1.998999999999999888, 0.6263175740633744049 ) ) ;
#2010 = EDGE_LOOP ( 'NONE', ( #3182, #1964, #838, #2491 ) ) ;
#2011 = CARTESIAN_POINT ( 'NONE',  ( 1.005495959485847468, 1.998999999999999888, 0.3093640339793429228 ) ) ;
#2012 = EDGE_CURVE ( 'NONE', #191, #2354, #711, .T. ) ;
#2013 = CARTESIAN_POINT ( 'NONE',  ( -1.900000000000000355, 2.000000000000000000, -1.899999999999999911 ) ) ;
#2014 = EDGE_CURVE ( 'NONE', #2949, #2191, #3042, .T. ) ;
#2015 = DIRECTION ( 'NONE',  ( -1.000000000000000000, -0.000000000000000000, -0.000000000000000000 ) ) ;
#2016 = EDGE_LOOP ( 'NONE', ( #200, #1652, #599, #3065, #861, #1318, #308, #3054 ) ) ;
#2017 = CARTESIAN_POINT ( 'NONE',  ( 1.631480882556953338, 1.999999999999999556, 0.5815639351099178844 ) ) ;
#2018 = CARTESIAN_POINT ( 'NONE',  ( 1.631480882556953560, 2.000000000000000000, -0.07228221873623559557 ) ) ;
#2019 = SURFACE_STYLE_FILL_AREA ( #3051 ) ;
#2020 = SURFACE_SIDE_STYLE ('',( #3111 ) ) ;
#2021 = PRESENTATION_STYLE_ASSIGNMENT (( #3399 ) ) ;
#2022 = CARTESIAN_POINT ( 'NONE',  ( 1.466705123443036163, 1.998999999999999444, 0.6365244077231740905 ) ) ;
#2023 = ORIENTED_EDGE ( 'NONE', *, *, #2193, .F. ) ;
#2024 = CARTESIAN_POINT ( 'NONE',  ( 1.592944016905270876, 2.000000000000000000, 0.6801458028426046187 ) ) ;
#2025 = CARTESIAN_POINT ( 'NONE',  ( 1.704041081140212022, 2.000000000000000000, -0.6007225875090536071 ) ) ;
#2026 = B_SPLINE_SURFACE_WITH_KNOTS ( 'NONE', 3, 1, ( 
 ( #680, #1969 ),
 ( #3050, #2018 ),
 ( #1746, #140 ),
 ( #3282, #2278 ),
 ( #3326, #3266 ),
 ( #979, #720 ),
 ( #1188, #1491 ) ),
 .UNSPECIFIED., .F., .F., .F.,
 ( 4, 1, 1, 1, 4 ),
 ( 2, 2 ),
 ( 0.000000000000000000, 0.2372165186042102802, 0.4825864912431362397, 0.7368469271779310992, 1.000000000000000000 ),
 ( 0.000000000000000000, 1.000000000000000000 ),
 .UNSPECIFIED. ) ;
#2027 =( NAMED_UNIT ( * ) SI_UNIT ( $, .STERADIAN. ) SOLID_ANGLE_UNIT ( ) );
#2028 = DIRECTION ( 'NONE',  ( -0.000000000000000000, 0.000000000000000000, -1.000000000000000000 ) ) ;
#2029 = CARTESIAN_POINT ( 'NONE',  ( 0.3940700535839912755, 1.998999999999999888, 0.7886627205200660296 ) ) ;
#2030 = EDGE_LOOP ( 'NONE', ( #2392, #2696, #1840, #2839, #8, #146, #179, #771 ) ) ;
#2031 = STYLED_ITEM ( 'NONE', ( #1552 ), #1350 ) ;
#2032 = CARTESIAN_POINT ( 'NONE',  ( -0.4139159369671944200, 1.998999999999999888, -0.5634545456216667469 ) ) ;
#2033 = DIRECTION ( 'NONE',  ( -0.000000000000000000, -0.000000000000000000, -1.000000000000000000 ) ) ;
#2034 = SURFACE_STYLE_USAGE ( .BOTH. , #509 ) ;
#2035 = CARTESIAN_POINT ( 'NONE',  ( 1.288135590727312207, 1.998999999999999888, -0.8651415613886092038 ) ) ;
#2036 = EDGE_CURVE ( 'NONE', #1960, #2354, #2763, .T. ) ;
#2037 = ORIENTED_EDGE ( 'NONE', *, *, #1563, .T. ) ;
#2038 = SURFACE_SIDE_STYLE ('',( #1488 ) ) ;
#2039 = STYLED_ITEM ( 'NONE', ( #3339 ), #98 ) ;
#2040 = FILL_AREA_STYLE ('',( #2487 ) ) ;
#2041 = AXIS2_PLACEMENT_3D ( 'NONE', #3128, #1026, #2283 ) ;
#2042 = CARTESIAN_POINT ( 'NONE',  ( 1.844598523588411698, 2.000000000000000000, -0.6932000685847595767 ) ) ;
#2043 = COLOUR_RGB ( '',0.1921568627450980227, 0.2039215686274509776, 0.2039215686274509776 ) ;
#2044 = PRESENTATION_STYLE_ASSIGNMENT (( #422 ) ) ;
#2045 = VECTOR ( 'NONE', #1713, 1000.000000000000000 ) ;
#2046 =( NAMED_UNIT ( * ) SI_UNIT ( $, .STERADIAN. ) SOLID_ANGLE_UNIT ( ) );
#2047 = COLOUR_RGB ( '',1.000000000000000000, 1.000000000000000000, 1.000000000000000000 ) ;
#2048 = CARTESIAN_POINT ( 'NONE',  ( 1.271732682161234251, 1.999000000000000332, -0.7718980254628626803 ) ) ;
#2049 = CARTESIAN_POINT ( 'NONE',  ( 0.5189398236627312810, 1.998999999999999888, -0.0007644290862337006906 ) ) ;
#2050 = ORIENTED_EDGE ( 'NONE', *, *, #1914, .F. ) ;
#2051 = LINE ( 'NONE', #164, #1908 ) ;
#2052 =( NAMED_UNIT ( * ) SI_UNIT ( $, .STERADIAN. ) SOLID_ANGLE_UNIT ( ) );
#2053 = VERTEX_POINT ( 'NONE', #3258 ) ;
#2054 = CARTESIAN_POINT ( 'NONE',  ( 0.1654665890170580467, 2.000000000000000000, -0.6426426023145787036 ) ) ;
#2055 = ADVANCED_FACE ( 'NONE', ( #156, #3320, #975, #914, #3003, #652 ), #1756, .T. ) ;
#2056 =( GEOMETRIC_REPRESENTATION_CONTEXT ( 3 ) GLOBAL_UNCERTAINTY_ASSIGNED_CONTEXT ( ( #1167 ) ) GLOBAL_UNIT_ASSIGNED_CONTEXT ( ( #2076, #228, #774 ) ) REPRESENTATION_CONTEXT ( 'NONE', 'WORKASPACE' ) );
#2057 = UNCERTAINTY_MEASURE_WITH_UNIT (LENGTH_MEASURE( 1.000000000000000082E-05 ), #3094, 'distance_accuracy_value', 'NONE');
#2058 = DIRECTION ( 'NONE',  ( 0.000000000000000000, 0.000000000000000000, -1.000000000000000000 ) ) ;
#2059 = EDGE_CURVE ( 'NONE', #461, #3243, #768, .T. ) ;
#2060 = EDGE_CURVE ( 'NONE', #1760, #2643, #469, .T. ) ;
#2061 = FACE_OUTER_BOUND ( 'NONE', #1464, .T. ) ;
#2062 = COLOUR_RGB ( '',1.000000000000000000, 1.000000000000000000, 1.000000000000000000 ) ;
#2063 =( NAMED_UNIT ( * ) PLANE_ANGLE_UNIT ( ) SI_UNIT ( $, .RADIAN. ) );
#2064 = CARTESIAN_POINT ( 'NONE',  ( 1.271732682161234251, 2.000000000000000000, 0.5357942822294452512 ) ) ;
#2065 = FACE_OUTER_BOUND ( 'NONE', #2468, .T. ) ;
#2066 = PRESENTATION_STYLE_ASSIGNMENT (( #2837 ) ) ;
#2067 = PRESENTATION_STYLE_ASSIGNMENT (( #749 ) ) ;
#2068 = VERTEX_POINT ( 'NONE', #2822 ) ;
#2069 = DIRECTION ( 'NONE',  ( -0.000000000000000000, 1.000000000000000000, -0.000000000000000000 ) ) ;
#2070 = FACE_OUTER_BOUND ( 'NONE', #846, .T. ) ;
#2071 = SURFACE_SIDE_STYLE ('',( #491 ) ) ;
#2072 = DIRECTION ( 'NONE',  ( -1.000000000000000000, -0.000000000000000000, 7.042071574656164103E-15 ) ) ;
#2073 = VECTOR ( 'NONE', #760, 1000.000000000000000 ) ;
#2074 = CARTESIAN_POINT ( 'NONE',  ( 0.5134184882296605190, 2.000000000000000000, 0.3980672181578631119 ) ) ;
#2075 = CARTESIAN_POINT ( 'NONE',  ( -2.150000000000000355, 2.000000000000000000, -1.899999999999999911 ) ) ;
#2076 =( LENGTH_UNIT ( ) NAMED_UNIT ( * ) SI_UNIT ( .MILLI., .METRE. ) );
#2077 = CARTESIAN_POINT ( 'NONE',  ( 1.140965832094679389, 2.000000000000000888, 0.3478950636616022773 ) ) ;
#2078 = CARTESIAN_POINT ( 'NONE',  ( -0.6553023936601068966, 2.000000000000000000, -0.2231953708185161755 ) ) ;
#2079 = EDGE_CURVE ( 'NONE', #2878, #1817, #3103, .T. ) ;
#2080 = CARTESIAN_POINT ( 'NONE',  ( 1.114470318460206499, 1.998999999999999888, -0.2355077608924517341 ) ) ;
#2081 = CARTESIAN_POINT ( 'NONE',  ( 1.137494231787218979, 2.000000000000000444, 0.4389766833221717679 ) ) ;
#2082 = CARTESIAN_POINT ( 'NONE',  ( 1.704041081140212022, 1.998999999999999888, -0.6007225875090536071 ) ) ;
#2083 = CARTESIAN_POINT ( 'NONE',  ( 1.465638922642791497, 1.999000000000000332, -0.1260780395457543612 ) ) ;
#2084 = CARTESIAN_POINT ( 'NONE',  ( 1.137494231787218535, 2.000000000000000444, -0.2148694705239819480 ) ) ;
#2085 = VERTEX_POINT ( 'NONE', #2576 ) ;
#2086 = FILL_AREA_STYLE_COLOUR ( '', #3099 ) ;
#2087 = CARTESIAN_POINT ( 'NONE',  ( 1.399473708798349092, 1.998999999999999444, -0.7009965144484712196 ) ) ;
#2088 = ORIENTED_EDGE ( 'NONE', *, *, #2263, .F. ) ;
#2089 = FILL_AREA_STYLE ('',( #2339 ) ) ;
#2090 = STYLED_ITEM ( 'NONE', ( #2940 ), #1208 ) ;
#2091 = VECTOR ( 'NONE', #2629, 1000.000000000000000 ) ;
#2092 = SURFACE_SIDE_STYLE ('',( #84 ) ) ;
#2093 = DIRECTION ( 'NONE',  ( 0.000000000000000000, -1.000000000000000000, 0.000000000000000000 ) ) ;
#2094 = COLOUR_RGB ( '',0.1921568627450980227, 0.2039215686274509776, 0.2039215686274509776 ) ;
#2095 =( NAMED_UNIT ( * ) PLANE_ANGLE_UNIT ( ) SI_UNIT ( $, .RADIAN. ) );
#2096 = DIRECTION ( 'NONE',  ( 0.000000000000000000, 0.000000000000000000, 1.000000000000000000 ) ) ;
#2097 = VECTOR ( 'NONE', #3096, 1000.000000000000000 ) ;
#2098 = SURFACE_STYLE_FILL_AREA ( #75 ) ;
#2099 = CARTESIAN_POINT ( 'NONE',  ( 1.242388969312482327, 1.998999999999999888, -0.7908018594882073593 ) ) ;
#2100 = EDGE_CURVE ( 'NONE', #3243, #1395, #273, .T. ) ;
#2101 =( GEOMETRIC_REPRESENTATION_CONTEXT ( 3 ) GLOBAL_UNCERTAINTY_ASSIGNED_CONTEXT ( ( #1277 ) ) GLOBAL_UNIT_ASSIGNED_CONTEXT ( ( #1294, #2005, #496 ) ) REPRESENTATION_CONTEXT ( 'NONE', 'WORKASPACE' ) );
#2102 = CARTESIAN_POINT ( 'NONE',  ( 1.101198395776622929, 1.999999999999999556, -0.3380675888599966039 ) ) ;
#2103 = CARTESIAN_POINT ( 'NONE',  ( 1.783761415491975422, 1.998999999999999444, -0.6979959836438807130 ) ) ;
#2104 = ORIENTED_EDGE ( 'NONE', *, *, #3059, .T. ) ;
#2105 = DIRECTION ( 'NONE',  ( -0.000000000000000000, 1.000000000000000000, -0.000000000000000000 ) ) ;
#2106 = MECHANICAL_DESIGN_GEOMETRIC_PRESENTATION_REPRESENTATION (  '', ( #514 ), #2688 ) ;
#2107 =( NAMED_UNIT ( * ) SI_UNIT ( $, .STERADIAN. ) SOLID_ANGLE_UNIT ( ) );
#2108 = CARTESIAN_POINT ( 'NONE',  ( 1.166976922377209513, 2.000000000000000000, 0.3669922281601857295 ) ) ;
#2109 = B_SPLINE_CURVE_WITH_KNOTS ( 'NONE', 3,
 ( #2877, #1105, #523, #3188, #3404, #289, #552, #1610, #2130, #581, #3150, #845, #236, #1301, #2638, #2379, #799, #537, #1046, #3174, #2084, #1836, #3133 ),
 .UNSPECIFIED., .F., .F.,
 ( 4, 1, 1, 1, 1, 1, 1, 1, 1, 1, 1, 1, 1, 1, 1, 1, 1, 1, 1, 1, 4 ),
 ( 0.000000000000000000, 0.03151551312998480264, 0.06480979674365734688, 0.09991169883527559192, 0.1366755286001710146, 0.1751432978746824964, 0.2157650117082455798, 0.2581569125231216733, 0.3022930440652046302, 0.3927408518774000989, 0.4832984694610614751, 0.5744114847371659671, 0.6664774093514970188, 0.7120107481430550944, 0.7563744975915032143, 0.7998154803065208318, 0.8419616993485899981, 0.8828431755911848589, 0.9229180315891943875, 0.9619666184423849575, 1.000000000000000000 ),
 .UNSPECIFIED. ) ;
#2110 = ORIENTED_EDGE ( 'NONE', *, *, #1765, .F. ) ;
#2111 =( NAMED_UNIT ( * ) PLANE_ANGLE_UNIT ( ) SI_UNIT ( $, .RADIAN. ) );
#2112 = CARTESIAN_POINT ( 'NONE',  ( 1.588695564061296306, 1.999999999999999556, -0.08423471214300079501 ) ) ;
#2113 = MECHANICAL_DESIGN_GEOMETRIC_PRESENTATION_REPRESENTATION (  '', ( #894 ), #2646 ) ;
#2114 = STYLED_ITEM ( 'NONE', ( #2324 ), #2055 ) ;
#2115 = COLOUR_RGB ( '',1.000000000000000000, 1.000000000000000000, 1.000000000000000000 ) ;
#2116 = CARTESIAN_POINT ( 'NONE',  ( 1.116535948949617607, 1.998999999999999444, -0.3249521261700162866 ) ) ;
#2117 = CARTESIAN_POINT ( 'NONE',  ( 1.114470318460206499, 1.998999999999999888, -0.4534564788411698522 ) ) ;
#2118 = ORIENTED_EDGE ( 'NONE', *, *, #3284, .F. ) ;
#2119 =( NAMED_UNIT ( * ) SI_UNIT ( $, .STERADIAN. ) SOLID_ANGLE_UNIT ( ) );
#2120 = CARTESIAN_POINT ( 'NONE',  ( 0.1654665890170580467, 1.998999999999999888, -0.6426426023145787036 ) ) ;
#2121 = EDGE_CURVE ( 'NONE', #442, #493, #3390, .T. ) ;
#2122 = ORIENTED_EDGE ( 'NONE', *, *, #2121, .T. ) ;
#2123 = DIRECTION ( 'NONE',  ( 1.000000000000000000, 0.000000000000000000, -0.000000000000000000 ) ) ;
#2124 = EDGE_CURVE ( 'NONE', #822, #35, #1333, .T. ) ;
#2125 = DIRECTION ( 'NONE',  ( -0.000000000000000000, 1.000000000000000000, -0.000000000000000000 ) ) ;
#2126 = COLOUR_RGB ( '',1.000000000000000000, 1.000000000000000000, 1.000000000000000000 ) ;
#2127 = VERTEX_POINT ( 'NONE', #1303 ) ;
#2128 =( NAMED_UNIT ( * ) SI_UNIT ( $, .STERADIAN. ) SOLID_ANGLE_UNIT ( ) );
#2129 = CARTESIAN_POINT ( 'NONE',  ( 1.116535948949617607, 1.999999999999999556, -0.3249521261700162866 ) ) ;
#2130 = CARTESIAN_POINT ( 'NONE',  ( 1.638943977746428082, 2.000000000000000000, 0.03826193460591545414 ) ) ;
#2131 = CARTESIAN_POINT ( 'NONE',  ( 1.763933828761196976, 2.000000000000000444, -0.5905674082819709625 ) ) ;
#2132 = PRESENTATION_STYLE_ASSIGNMENT (( #863 ) ) ;
#2133 = PLANE ( 'NONE',  #1608 ) ;
#2134 = ORIENTED_EDGE ( 'NONE', *, *, #2714, .T. ) ;
#2135 = SURFACE_STYLE_USAGE ( .BOTH. , #279 ) ;
#2136 = LINE ( 'NONE', #588, #1000 ) ;
#2137 =( NAMED_UNIT ( * ) SI_UNIT ( $, .STERADIAN. ) SOLID_ANGLE_UNIT ( ) );
#2138 = EDGE_CURVE ( 'NONE', #1594, #515, #2856, .T. ) ;
#2139 = VERTEX_POINT ( 'NONE', #2334 ) ;
#2140 = UNCERTAINTY_MEASURE_WITH_UNIT (LENGTH_MEASURE( 1.000000000000000082E-05 ), #1009, 'distance_accuracy_value', 'NONE');
#2141 = SURFACE_STYLE_FILL_AREA ( #1100 ) ;
#2142 = DIRECTION ( 'NONE',  ( 0.000000000000000000, 0.000000000000000000, 1.000000000000000000 ) ) ;
#2143 = VECTOR ( 'NONE', #1681, 1000.000000000000000 ) ;
#2144 = MECHANICAL_DESIGN_GEOMETRIC_PRESENTATION_REPRESENTATION (  '', ( #439 ), #3012 ) ;
#2145 = CARTESIAN_POINT ( 'NONE',  ( -1.647270752819367745, 2.000000000000000000, -1.500000000000000000 ) ) ;
#2146 = CARTESIAN_POINT ( 'NONE',  ( 1.667981684308877277, 1.998999999999999444, -0.7165629530708003125 ) ) ;
#2147 = VERTEX_POINT ( 'NONE', #216 ) ;
#2148 = CARTESIAN_POINT ( 'NONE',  ( 1.724662807284687238, 2.000000000000001332, 0.6016005428852349013 ) ) ;
#2149 = CARTESIAN_POINT ( 'NONE',  ( -0.6553023936601068966, 2.000000000000000000, -0.2231953708185161755 ) ) ;
#2150 = CARTESIAN_POINT ( 'NONE',  ( 1.114470318460206721, 1.999000000000000332, -0.8893539147386058108 ) ) ;
#2151 = VECTOR ( 'NONE', #3305, 1000.000000000000000 ) ;
#2152 = ORIENTED_EDGE ( 'NONE', *, *, #743, .F. ) ;
#2153 = SURFACE_STYLE_USAGE ( .BOTH. , #1357 ) ;
#2154 = ORIENTED_EDGE ( 'NONE', *, *, #288, .F. ) ;
#2155 = CARTESIAN_POINT ( 'NONE',  ( 0.5211272630328078748, 2.000000000000000000, -0.1590465330232416208 ) ) ;
#2156 =( LENGTH_UNIT ( ) NAMED_UNIT ( * ) SI_UNIT ( .MILLI., .METRE. ) );
#2157 = ADVANCED_FACE ( 'NONE', ( #1798 ), #1048, .T. ) ;
#2158 = B_SPLINE_CURVE_WITH_KNOTS ( 'NONE', 3,
 ( #330, #1938, #1690, #1165, #2933, #91, #856, #2205, #1388, #2431, #58, #2698, #905, #76, #2730 ),
 .UNSPECIFIED., .F., .F.,
 ( 4, 1, 1, 1, 1, 1, 1, 1, 1, 1, 1, 1, 4 ),
 ( 0.000000000000000000, 0.05027287497458372140, 0.1027903700748777072, 0.1576131012369290929, 0.2146311133156756645, 0.2740612127265388276, 0.3356974550538851521, 0.4000702787165529295, 0.4668267493853402450, 0.6020780869193703699, 0.7357515335047495331, 0.8682046170340285141, 1.000000000000000000 ),
 .UNSPECIFIED. ) ;
#2159 = EDGE_CURVE ( 'NONE', #1185, #991, #2889, .T. ) ;
#2160 = VECTOR ( 'NONE', #2215, 1000.000000000000000 ) ;
#2161 = FACE_OUTER_BOUND ( 'NONE', #567, .T. ) ;
#2162 = MECHANICAL_DESIGN_GEOMETRIC_PRESENTATION_REPRESENTATION (  '', ( #3036 ), #240 ) ;
#2163 = APPLICATION_PROTOCOL_DEFINITION ( 'draft international standard', 'automotive_design', 1998, #1943 ) ;
#2164 = ORIENTED_EDGE ( 'NONE', *, *, #2176, .F. ) ;
#2165 = CIRCLE ( 'NONE', #2420, 0.2500000000000000000 ) ;
#2166 =( NAMED_UNIT ( * ) SI_UNIT ( $, .STERADIAN. ) SOLID_ANGLE_UNIT ( ) );
#2167 =( LENGTH_UNIT ( ) NAMED_UNIT ( * ) SI_UNIT ( .MILLI., .METRE. ) );
#2168 = ORIENTED_EDGE ( 'NONE', *, *, #1854, .F. ) ;
#2169 = CARTESIAN_POINT ( 'NONE',  ( 0.1654665890170580467, 1.998999999999999888, -0.6426426023145787036 ) ) ;
#2170 = LINE ( 'NONE', #2664, #159 ) ;
#2171 = EDGE_LOOP ( 'NONE', ( #1916, #582, #3388, #528 ) ) ;
#2172 = CARTESIAN_POINT ( 'NONE',  ( 1.791999731630300019, 1.998999999999999888, 0.06644460945355018522 ) ) ;
#2173 = FILL_AREA_STYLE ('',( #2667 ) ) ;
#2174 = B_SPLINE_CURVE_WITH_KNOTS ( 'NONE', 3,
 ( #3023, #3336, #731, #2560 ),
 .UNSPECIFIED., .F., .F.,
 ( 4, 4 ),
 ( 0.7272727272727274039, 0.8181818181818183433 ),
 .UNSPECIFIED. ) ;
#2175 = STYLED_ITEM ( 'NONE', ( #2329 ), #3184 ) ;
#2176 = EDGE_CURVE ( 'NONE', #2515, #1773, #1397, .T. ) ;
#2177 = CARTESIAN_POINT ( 'NONE',  ( 1.818736998913069947, 1.999000000000000332, 0.7226677010687754255 ) ) ;
#2178 = ORIENTED_EDGE ( 'NONE', *, *, #2620, .F. ) ;
#2179 = CARTESIAN_POINT ( 'NONE',  ( 1.271732682161234251, 2.000000000000000444, -0.7718980254628626803 ) ) ;
#2180 = PRESENTATION_STYLE_ASSIGNMENT (( #66 ) ) ;
#2181 = CARTESIAN_POINT ( 'NONE',  ( 1.631480882556953338, 1.998999999999999444, 0.5815639351099178844 ) ) ;
#2182 = ORIENTED_EDGE ( 'NONE', *, *, #1810, .F. ) ;
#2183 =( NAMED_UNIT ( * ) SI_UNIT ( $, .STERADIAN. ) SOLID_ANGLE_UNIT ( ) );
#2184 = CARTESIAN_POINT ( 'NONE',  ( 1.393092125782104063, 2.000000000000000000, 0.4969425979905797708 ) ) ;
#2185 = ORIENTED_EDGE ( 'NONE', *, *, #1991, .T. ) ;
#2186 = DIRECTION ( 'NONE',  ( -0.000000000000000000, -1.000000000000000000, -0.000000000000000000 ) ) ;
#2187 = UNCERTAINTY_MEASURE_WITH_UNIT (LENGTH_MEASURE( 1.000000000000000082E-05 ), #1258, 'distance_accuracy_value', 'NONE');
#2188 =( GEOMETRIC_REPRESENTATION_CONTEXT ( 3 ) GLOBAL_UNCERTAINTY_ASSIGNED_CONTEXT ( ( #131 ) ) GLOBAL_UNIT_ASSIGNED_CONTEXT ( ( #2778, #2534, #2027 ) ) REPRESENTATION_CONTEXT ( 'NONE', 'WORKASPACE' ) );
#2189 = DIRECTION ( 'NONE',  ( -1.000000000000000000, -0.000000000000000000, -0.000000000000000000 ) ) ;
#2190 = DIRECTION ( 'NONE',  ( 1.000000000000000000, 0.000000000000000000, 0.000000000000000000 ) ) ;
#2191 = VERTEX_POINT ( 'NONE', #3397 ) ;
#2192 = AXIS2_PLACEMENT_3D ( 'NONE', #2724, #601, #3211 ) ;
#2193 = EDGE_CURVE ( 'NONE', #1773, #1446, #1325, .T. ) ;
#2194 =( NAMED_UNIT ( * ) SI_UNIT ( $, .STERADIAN. ) SOLID_ANGLE_UNIT ( ) );
#2195 = PRESENTATION_LAYER_ASSIGNMENT (  '', '', ( #2738 ) ) ;
#2196 = CARTESIAN_POINT ( 'NONE',  ( 1.187387142859996247, 1.999000000000000776, 0.4785811866517564739 ) ) ;
#2197 = DIRECTION ( 'NONE',  ( 0.000000000000000000, -1.000000000000000000, 0.000000000000000000 ) ) ;
#2198 = ORIENTED_EDGE ( 'NONE', *, *, #2381, .T. ) ;
#2199 = SURFACE_STYLE_USAGE ( .BOTH. , #1684 ) ;
#2200 = FILL_AREA_STYLE ('',( #1671 ) ) ;
#2201 = STYLED_ITEM ( 'NONE', ( #173 ), #821 ) ;
#2202 = ORIENTED_EDGE ( 'NONE', *, *, #2527, .F. ) ;
#2203 = EDGE_LOOP ( 'NONE', ( #3213, #2825, #848, #2981, #89, #2118, #1936, #2816 ) ) ;
#2204 = CARTESIAN_POINT ( 'NONE',  ( 1.592944016905271321, 1.999000000000000332, 0.02629964899645117690 ) ) ;
#2205 = CARTESIAN_POINT ( 'NONE',  ( 1.255322057264013358, 2.000000000000000444, -0.8839990637417195485 ) ) ;
#2206 = STYLED_ITEM ( 'NONE', ( #1560 ), #995 ) ;
#2207 = PRESENTATION_LAYER_ASSIGNMENT (  '', '', ( #2532 ) ) ;
#2208 =( NAMED_UNIT ( * ) PLANE_ANGLE_UNIT ( ) SI_UNIT ( $, .RADIAN. ) );
#2209 = VERTEX_POINT ( 'NONE', #2 ) ;
#2210 = PRESENTATION_LAYER_ASSIGNMENT (  '', '', ( #1078 ) ) ;
#2211 = CARTESIAN_POINT ( 'NONE',  ( 1.466705123443036163, 1.998999999999999444, 0.6365244077231740905 ) ) ;
#2212 = VERTEX_POINT ( 'NONE', #2387 ) ;
#2213 = LINE ( 'NONE', #2516, #3412 ) ;
#2214 = STYLED_ITEM ( 'NONE', ( #3183 ), #2264 ) ;
#2215 = DIRECTION ( 'NONE',  ( -0.000000000000000000, 1.000000000000000000, -0.000000000000000000 ) ) ;
#2216 = CARTESIAN_POINT ( 'NONE',  ( 1.242388969312482327, 2.000000000000000444, -0.1369557056420533381 ) ) ;
#2217 = VECTOR ( 'NONE', #2773, 1000.000000000000000 ) ;
#2218 = ADVANCED_BREP_SHAPE_REPRESENTATION ( 'XGL4020', ( #3327, #548 ), #3129 ) ;
#2219 = CARTESIAN_POINT ( 'NONE',  ( -0.7849999999999995870, -0.1000000000000000056, 1.625000000000000000 ) ) ;
#2220 = EDGE_CURVE ( 'NONE', #959, #328, #1054, .T. ) ;
#2221 = ORIENTED_EDGE ( 'NONE', *, *, #1201, .F. ) ;
#2222 = SURFACE_STYLE_FILL_AREA ( #1204 ) ;
#2223 = FILL_AREA_STYLE ('',( #1186 ) ) ;
#2224 =( NAMED_UNIT ( * ) PLANE_ANGLE_UNIT ( ) SI_UNIT ( $, .RADIAN. ) );
#2225 =( LENGTH_UNIT ( ) NAMED_UNIT ( * ) SI_UNIT ( .MILLI., .METRE. ) );
#2226 = CARTESIAN_POINT ( 'NONE',  ( 1.114470318460206721, 1.999000000000000332, -0.2355077608924517618 ) ) ;
#2227 = FILL_AREA_STYLE ('',( #1170 ) ) ;
#2228 = STYLED_ITEM ( 'NONE', ( #1806 ), #3240 ) ;
#2229 = ORIENTED_EDGE ( 'NONE', *, *, #168, .T. ) ;
#2230 = DIRECTION ( 'NONE',  ( 0.000000000000000000, 0.000000000000000000, 1.000000000000000000 ) ) ;
#2231 = SURFACE_SIDE_STYLE ('',( #2777 ) ) ;
#2232 = CARTESIAN_POINT ( 'NONE',  ( 1.271732682161234251, 1.998999999999999888, 0.5357942822294452512 ) ) ;
#2233 = CARTESIAN_POINT ( 'NONE',  ( 0.7849999999999998090, -0.1000000000000000056, -1.625000000000000222 ) ) ;
#2234 = EDGE_LOOP ( 'NONE', ( #1842, #918, #2806, #264 ) ) ;
#2235 = CARTESIAN_POINT ( 'NONE',  ( 1.116535948949617607, 1.998999999999999444, -0.9787982800161698638 ) ) ;
#2236 = CARTESIAN_POINT ( 'NONE',  ( -0.1005526361797927787, 1.998999999999999888, -0.3828990810547363566 ) ) ;
#2237 = DIRECTION ( 'NONE',  ( 0.000000000000000000, 0.000000000000000000, -1.000000000000000000 ) ) ;
#2238 = ORIENTED_EDGE ( 'NONE', *, *, #3381, .T. ) ;
#2239 = CARTESIAN_POINT ( 'NONE',  ( -1.647270752819367745, 2.000000000000000000, 1.500000000000000000 ) ) ;
#2240 = ADVANCED_FACE ( 'NONE', ( #2649 ), #812, .F. ) ;
#2241 = DIRECTION ( 'NONE',  ( 1.000000000000000000, 0.000000000000000000, 0.000000000000000000 ) ) ;
#2242 = DIRECTION ( 'NONE',  ( 1.000000000000000000, 0.000000000000000000, 0.000000000000000000 ) ) ;
#2243 = ORIENTED_EDGE ( 'NONE', *, *, #1889, .F. ) ;
#2244 = VECTOR ( 'NONE', #858, 1000.000000000000000 ) ;
#2245 = CARTESIAN_POINT ( 'NONE',  ( 1.818736998913069947, 2.000000000000000444, 0.7226677010687754255 ) ) ;
#2246 = FILL_AREA_STYLE_COLOUR ( '', #2115 ) ;
#2247 =( GEOMETRIC_REPRESENTATION_CONTEXT ( 3 ) GLOBAL_UNCERTAINTY_ASSIGNED_CONTEXT ( ( #1981 ) ) GLOBAL_UNIT_ASSIGNED_CONTEXT ( ( #1882, #2930, #1640 ) ) REPRESENTATION_CONTEXT ( 'NONE', 'WORKASPACE' ) );
#2248 = LINE ( 'NONE', #1816, #2681 ) ;
#2249 = ORIENTED_EDGE ( 'NONE', *, *, #2432, .T. ) ;
#2250 = LINE ( 'NONE', #3022, #943 ) ;
#2251 = CARTESIAN_POINT ( 'NONE',  ( 1.844598523588411698, 1.998999999999999888, 0.7234665980819070530 ) ) ;
#2252 = UNCERTAINTY_MEASURE_WITH_UNIT (LENGTH_MEASURE( 1.000000000000000082E-05 ), #85, 'distance_accuracy_value', 'NONE');
#2253 = PRESENTATION_LAYER_ASSIGNMENT (  '', '', ( #1829 ) ) ;
#2254 = CARTESIAN_POINT ( 'NONE',  ( 1.214279204130277012, 1.999000000000000332, -0.1560212628285136960 ) ) ;
#2255 = FILL_AREA_STYLE ('',( #2542 ) ) ;
#2256 = PRESENTATION_LAYER_ASSIGNMENT (  '', '', ( #2682 ) ) ;
#2257 = CARTESIAN_POINT ( 'NONE',  ( 1.844598523588411698, 1.998999999999999888, 0.6144922391075480217 ) ) ;
#2258 = UNCERTAINTY_MEASURE_WITH_UNIT (LENGTH_MEASURE( 1.000000000000000082E-05 ), #3389, 'distance_accuracy_value', 'NONE');
#2259 =( GEOMETRIC_REPRESENTATION_CONTEXT ( 3 ) GLOBAL_UNCERTAINTY_ASSIGNED_CONTEXT ( ( #3306 ) ) GLOBAL_UNIT_ASSIGNED_CONTEXT ( ( #1072, #2063, #2128 ) ) REPRESENTATION_CONTEXT ( 'NONE', 'WORKASPACE' ) );
#2260 = LINE ( 'NONE', #3341, #1709 ) ;
#2261 = COLOUR_RGB ( '',0.8274509803921568096, 0.8392156862745098200, 0.8274509803921568096 ) ;
#2262 = CARTESIAN_POINT ( 'NONE',  ( 1.224256708570093499, 2.000000000000000000, 0.4047108882339554015 ) ) ;
#2263 = EDGE_CURVE ( 'NONE', #2410, #1594, #2634, .T. ) ;
#2264 = ADVANCED_FACE ( 'NONE', ( #1588 ), #2585, .F. ) ;
#2265 = ORIENTED_EDGE ( 'NONE', *, *, #1135, .F. ) ;
#2266 = DIRECTION ( 'NONE',  ( -0.000000000000000000, 1.000000000000000000, -0.000000000000000000 ) ) ;
#2267 = DIRECTION ( 'NONE',  ( 3.925438482902680222E-13, -1.000000000000000000, -4.590506860641045669E-13 ) ) ;
#2268 = SURFACE_SIDE_STYLE ('',( #2851 ) ) ;
#2269 = CARTESIAN_POINT ( 'NONE',  ( 1.093697081280719408, 2.000000000000000000, -0.9983282737129647311 ) ) ;
#2270 = CARTESIAN_POINT ( 'NONE',  ( 0.3940700535839912755, 2.000000000000000000, 0.7886627205200660296 ) ) ;
#2271 = CARTESIAN_POINT ( 'NONE',  ( -0.5619670613766420963, 1.998999999999999888, -0.5345340290862313770 ) ) ;
#2272 = CARTESIAN_POINT ( 'NONE',  ( 0.4579918929540659489, 1.998999999999999888, -0.6426426023145807020 ) ) ;
#2273 = CARTESIAN_POINT ( 'NONE',  ( 1.116535948949617607, 1.998999999999999444, -0.9787982800161698638 ) ) ;
#2274 = B_SPLINE_SURFACE_WITH_KNOTS ( 'NONE', 3, 1, ( 
 ( #38, #1312 ),
 ( #868, #3212 ),
 ( #1918, #2956 ),
 ( #836, #1828 ),
 ( #603, #1655 ),
 ( #2442, #3196 ),
 ( #1414, #86 ),
 ( #2692, #1367 ),
 ( #573, #341 ),
 ( #1883, #1400 ),
 ( #1570, #2605 ),
 ( #2343, #3398 ),
 ( #1114, #2931 ),
 ( #851, #1504 ),
 ( #653, #2802 ),
 ( #899, #1719 ),
 ( #1181, #2216 ),
 ( #2254, #2465 ),
 ( #2520, #2000 ),
 ( #1429, #3044 ),
 ( #1484, #636 ),
 ( #1468, #397 ),
 ( #3321, #2500 ) ),
 .UNSPECIFIED., .F., .F., .F.,
 ( 4, 1, 1, 1, 1, 1, 1, 1, 1, 1, 1, 1, 1, 1, 1, 1, 1, 1, 1, 1, 4 ),
 ( 2, 2 ),
 ( 0.000000000000000000, 0.03151551312998480264, 0.06480979674365734688, 0.09991169883527559192, 0.1366755286001710146, 0.1751432978746824964, 0.2157650117082455798, 0.2581569125231216733, 0.3022930440652046302, 0.3927408518774000989, 0.4832984694610614751, 0.5744114847371659671, 0.6664774093514970188, 0.7120107481430550944, 0.7563744975915032143, 0.7998154803065208318, 0.8419616993485899981, 0.8828431755911848589, 0.9229180315891943875, 0.9619666184423849575, 1.000000000000000000 ),
 ( 0.000000000000000000, 1.000000000000000000 ),
 .UNSPECIFIED. ) ;
#2275 = ORIENTED_EDGE ( 'NONE', *, *, #5, .T. ) ;
#2276 = CARTESIAN_POINT ( 'NONE',  ( -0.7849999999999995870, -0.1000000000000000056, 1.625000000000000000 ) ) ;
#2277 = CARTESIAN_POINT ( 'NONE',  ( 1.613538828075591125, 2.000000000000000000, 0.5768620307742146069 ) ) ;
#2278 = CARTESIAN_POINT ( 'NONE',  ( 1.724662807284685906, 1.999999999999999556, -0.05224561096091889095 ) ) ;
#2279 =( NAMED_UNIT ( * ) PLANE_ANGLE_UNIT ( ) SI_UNIT ( $, .RADIAN. ) );
#2280 = CARTESIAN_POINT ( 'NONE',  ( 1.844598523588411698, 1.998999999999999888, -0.6932000685847595767 ) ) ;
#2281 = CARTESIAN_POINT ( 'NONE',  ( 1.214279204130276790, 1.998999999999999888, 0.4978248910176398812 ) ) ;
#2282 = ORIENTED_EDGE ( 'NONE', *, *, #482, .F. ) ;
#2283 = DIRECTION ( 'NONE',  ( 0.000000000000000000, 0.000000000000000000, -1.000000000000000000 ) ) ;
#2284 = ADVANCED_FACE ( 'NONE', ( #358 ), #2678, .F. ) ;
#2285 = LINE ( 'NONE', #3334, #935 ) ;
#2286 =( NAMED_UNIT ( * ) PLANE_ANGLE_UNIT ( ) SI_UNIT ( $, .RADIAN. ) );
#2287 = ORIENTED_EDGE ( 'NONE', *, *, #578, .F. ) ;
#2288 = CARTESIAN_POINT ( 'NONE',  ( -0.2396980849986908024, 1.998999999999999888, -0.5241952826295385170 ) ) ;
#2289 = CARTESIAN_POINT ( 'NONE',  ( 1.465638922642791497, 1.999000000000000332, -0.1260780395457543612 ) ) ;
#2290 = FACE_OUTER_BOUND ( 'NONE', #1881, .T. ) ;
#2291 =( LENGTH_UNIT ( ) NAMED_UNIT ( * ) SI_UNIT ( .MILLI., .METRE. ) );
#2292 = SURFACE_STYLE_USAGE ( .BOTH. , #1257 ) ;
#2293 = FILL_AREA_STYLE_COLOUR ( '', #1672 ) ;
#2294 = PRESENTATION_LAYER_ASSIGNMENT (  '', '', ( #1591 ) ) ;
#2295 = FACE_OUTER_BOUND ( 'NONE', #1427, .T. ) ;
#2296 = UNCERTAINTY_MEASURE_WITH_UNIT (LENGTH_MEASURE( 1.000000000000000082E-05 ), #3277, 'distance_accuracy_value', 'NONE');
#2297 =( NAMED_UNIT ( * ) SI_UNIT ( $, .STERADIAN. ) SOLID_ANGLE_UNIT ( ) );
#2298 = FILL_AREA_STYLE ('',( #1551 ) ) ;
#2299 = DIRECTION ( 'NONE',  ( 1.000000000000000000, 0.000000000000000000, 0.000000000000000000 ) ) ;
#2300 = CARTESIAN_POINT ( 'NONE',  ( -0.5335578645262447628, 1.998999999999999888, 0.5354677598901483870 ) ) ;
#2301 =( NAMED_UNIT ( * ) SI_UNIT ( $, .STERADIAN. ) SOLID_ANGLE_UNIT ( ) );
#2302 = PRESENTATION_LAYER_ASSIGNMENT (  '', '', ( #319 ) ) ;
#2303 = EDGE_CURVE ( 'NONE', #2439, #1487, #2158, .T. ) ;
#2304 = PLANE ( 'NONE',  #1137 ) ;
#2305 = FILL_AREA_STYLE ('',( #540 ) ) ;
#2306 = MECHANICAL_DESIGN_GEOMETRIC_PRESENTATION_REPRESENTATION (  '', ( #1375 ), #2798 ) ;
#2307 = LINE ( 'NONE', #3104, #36 ) ;
#2308 = EDGE_CURVE ( 'NONE', #2820, #822, #1888, .T. ) ;
#2309 = EDGE_LOOP ( 'NONE', ( #2164, #1968, #1865, #2023 ) ) ;
#2310 = ADVANCED_FACE ( 'NONE', ( #378 ), #1752, .F. ) ;
#2311 = CARTESIAN_POINT ( 'NONE',  ( -1.497270752819367390, 1.998999999999999888, -1.500000000000000000 ) ) ;
#2312 = MECHANICAL_DESIGN_GEOMETRIC_PRESENTATION_REPRESENTATION (  '', ( #3143 ), #2519 ) ;
#2313 = FACE_OUTER_BOUND ( 'NONE', #1402, .T. ) ;
#2314 = STYLED_ITEM ( 'NONE', ( #796 ), #641 ) ;
#2315 = LINE ( 'NONE', #2075, #3052 ) ;
#2316 = SURFACE_SIDE_STYLE ('',( #2565 ) ) ;
#2317 = CARTESIAN_POINT ( 'NONE',  ( 1.114470318460206499, 1.998999999999999888, -0.2355077608924517341 ) ) ;
#2318 = DIRECTION ( 'NONE',  ( -0.000000000000000000, 1.000000000000000000, -0.000000000000000000 ) ) ;
#2319 = MECHANICAL_DESIGN_GEOMETRIC_PRESENTATION_REPRESENTATION (  '', ( #2413 ), #1424 ) ;
#2320 = CARTESIAN_POINT ( 'NONE',  ( 1.638943977746428748, 1.998999999999999888, -0.6155842192402385393 ) ) ;
#2321 = CARTESIAN_POINT ( 'NONE',  ( 2.149999999999999467, 2.000000000000000000, -2.149999999999999911 ) ) ;
#2322 = ORIENTED_EDGE ( 'NONE', *, *, #992, .F. ) ;
#2323 = FILL_AREA_STYLE_COLOUR ( '', #423 ) ;
#2324 = PRESENTATION_STYLE_ASSIGNMENT (( #3164 ) ) ;
#2325 = CARTESIAN_POINT ( 'NONE',  ( 1.899999999999998135, 0.000000000000000000, 2.149999999999999911 ) ) ;
#2326 =( NAMED_UNIT ( * ) PLANE_ANGLE_UNIT ( ) SI_UNIT ( $, .RADIAN. ) );
#2327 = ORIENTED_EDGE ( 'NONE', *, *, #1310, .T. ) ;
#2328 = CARTESIAN_POINT ( 'NONE',  ( 1.140965832094679389, 2.000000000000000888, -0.3059510901845516329 ) ) ;
#2329 = PRESENTATION_STYLE_ASSIGNMENT (( #721 ) ) ;
#2330 = FILL_AREA_STYLE ('',( #1002 ) ) ;
#2331 = CARTESIAN_POINT ( 'NONE',  ( -0.8318957038963288309, 1.998999999999999888, -0.4085086306610319351 ) ) ;
#2332 = CARTESIAN_POINT ( 'NONE',  ( 1.137494231787218757, 1.999000000000000332, -0.8687156243701361635 ) ) ;
#2333 = EDGE_LOOP ( 'NONE', ( #3134, #134, #1868, #2452 ) ) ;
#2334 = CARTESIAN_POINT ( 'NONE',  ( 1.899999999999998135, 2.000000000000000000, 2.149999999999999911 ) ) ;
#2335 = AXIS2_PLACEMENT_3D ( 'NONE', #2867, #516, #2058 ) ;
#2336 = DIRECTION ( 'NONE',  ( 1.000000000000000000, 0.000000000000000000, 0.000000000000000000 ) ) ;
#2337 = ORIENTED_EDGE ( 'NONE', *, *, #2308, .T. ) ;
#2338 = PRESENTATION_STYLE_ASSIGNMENT (( #529 ) ) ;
#2339 = FILL_AREA_STYLE_COLOUR ( '', #1156 ) ;
#2340 = CARTESIAN_POINT ( 'NONE',  ( -1.899999999999999911, 2.000000000000000000, 1.899999999999999911 ) ) ;
#2341 = ADVANCED_FACE ( 'NONE', ( #2003 ), #2544, .T. ) ;
#2342 = PRESENTATION_LAYER_ASSIGNMENT (  '', '', ( #481 ) ) ;
#2343 = CARTESIAN_POINT ( 'NONE',  ( 1.466705123443036163, 1.998999999999999888, -0.01732174612297955260 ) ) ;
#2344 = FILL_AREA_STYLE ('',( #3145 ) ) ;
#2345 =( LENGTH_UNIT ( ) NAMED_UNIT ( * ) SI_UNIT ( .MILLI., .METRE. ) );
#2346 = CARTESIAN_POINT ( 'NONE',  ( 1.302507916529030751, 1.998999999999999888, -0.09973617657519365243 ) ) ;
#2347 = CARTESIAN_POINT ( 'NONE',  ( 1.672122341919930699, 1.998999999999999444, -0.6074953902548564377 ) ) ;
#2348 = CARTESIAN_POINT ( 'NONE',  ( 1.538885060303292862, 1.998999999999999888, -0.09877207301329772593 ) ) ;
#2349 = CARTESIAN_POINT ( 'NONE',  ( -1.647270752819367745, 2.000000000000000000, 1.500000000000000000 ) ) ;
#2350 = ORIENTED_EDGE ( 'NONE', *, *, #2919, .F. ) ;
#2351 =( NAMED_UNIT ( * ) PLANE_ANGLE_UNIT ( ) SI_UNIT ( $, .RADIAN. ) );
#2352 = CARTESIAN_POINT ( 'NONE',  ( 1.137494231787218757, 1.999000000000000332, -0.8687156243701361635 ) ) ;
#2353 = PRESENTATION_LAYER_ASSIGNMENT (  '', '', ( #1830 ) ) ;
#2354 = VERTEX_POINT ( 'NONE', #2239 ) ;
#2355 = FILL_AREA_STYLE_COLOUR ( '', #831 ) ;
#2356 = LINE ( 'NONE', #557, #2449 ) ;
#2357 = AXIS2_PLACEMENT_3D ( 'NONE', #1095, #70, #898 ) ;
#2358 = CARTESIAN_POINT ( 'NONE',  ( 1.114470318460206499, 1.998999999999999888, 0.4183383929537018986 ) ) ;
#2359 = CARTESIAN_POINT ( 'NONE',  ( -1.899999999999999911, 2.000000000000000000, 2.149999999999999911 ) ) ;
#2360 = EDGE_CURVE ( 'NONE', #442, #1696, #2546, .T. ) ;
#2361 = MECHANICAL_DESIGN_GEOMETRIC_PRESENTATION_REPRESENTATION (  '', ( #788 ), #837 ) ;
#2362 = ADVANCED_FACE ( 'NONE', ( #3008 ), #1500, .T. ) ;
#2363 = CARTESIAN_POINT ( 'NONE',  ( 1.724662807284686350, 2.000000000000000000, -0.7060917648070726971 ) ) ;
#2364 = SURFACE_STYLE_USAGE ( .BOTH. , #2894 ) ;
#2365 = ORIENTED_EDGE ( 'NONE', *, *, #107, .F. ) ;
#2366 = DIRECTION ( 'NONE',  ( 0.000000000000000000, 0.000000000000000000, 1.000000000000000000 ) ) ;
#2367 = MECHANICAL_DESIGN_GEOMETRIC_PRESENTATION_REPRESENTATION (  '', ( #3146 ), #225 ) ;
#2368 = DIRECTION ( 'NONE',  ( 0.000000000000000000, 0.000000000000000000, -1.000000000000000000 ) ) ;
#2369 = CARTESIAN_POINT ( 'NONE',  ( 1.899999999999999911, 2.000000000000000000, 1.899999999999999689 ) ) ;
#2370 = SURFACE_SIDE_STYLE ('',( #1289 ) ) ;
#2371 = ORIENTED_EDGE ( 'NONE', *, *, #2220, .F. ) ;
#2372 = DIRECTION ( 'NONE',  ( -1.000000000000000000, -0.000000000000000000, 7.042071574656164103E-15 ) ) ;
#2373 = ORIENTED_EDGE ( 'NONE', *, *, #3170, .F. ) ;
#2374 =( LENGTH_UNIT ( ) NAMED_UNIT ( * ) SI_UNIT ( .MILLI., .METRE. ) );
#2375 = FILL_AREA_STYLE_COLOUR ( '', #3157 ) ;
#2376 = VECTOR ( 'NONE', #239, 1000.000000000000000 ) ;
#2377 = CARTESIAN_POINT ( 'NONE',  ( 1.114470318460206721, 1.999000000000000332, -0.2355077608924517618 ) ) ;
#2378 = STYLED_ITEM ( 'NONE', ( #1205 ), #2362 ) ;
#2379 = CARTESIAN_POINT ( 'NONE',  ( 1.271732682161234251, 1.999999999999999556, -0.1180518716167084509 ) ) ;
#2380 = VERTEX_POINT ( 'NONE', #1733 ) ;
#2381 = EDGE_CURVE ( 'NONE', #304, #1972, #1754, .T. ) ;
#2382 = CARTESIAN_POINT ( 'NONE',  ( 1.302507916529030529, 1.999999999999999556, -0.7535823304213472573 ) ) ;
#2383 = PRESENTATION_STYLE_ASSIGNMENT (( #3139 ) ) ;
#2384 = EDGE_LOOP ( 'NONE', ( #2185, #1706, #949, #1730, #3000, #1157, #2424, #2104, #2134, #2661, #2632 ) ) ;
#2385 = DIRECTION ( 'NONE',  ( 0.000000000000000000, 0.000000000000000000, -1.000000000000000000 ) ) ;
#2386 = CARTESIAN_POINT ( 'NONE',  ( -1.497270752819367390, 1.998999999999999888, -1.500000000000000000 ) ) ;
#2387 = CARTESIAN_POINT ( 'NONE',  ( 1.844598523588411698, 1.998999999999999888, 0.6144922391075480217 ) ) ;
#2388 =( GEOMETRIC_REPRESENTATION_CONTEXT ( 3 ) GLOBAL_UNCERTAINTY_ASSIGNED_CONTEXT ( ( #2486 ) ) GLOBAL_UNIT_ASSIGNED_CONTEXT ( ( #1253, #1797, #3102 ) ) REPRESENTATION_CONTEXT ( 'NONE', 'WORKASPACE' ) );
#2389 = LINE ( 'NONE', #1045, #2960 ) ;
#2390 = CARTESIAN_POINT ( 'NONE',  ( 1.844598523588411698, 1.998999999999999888, -0.6932000685847595767 ) ) ;
#2391 = B_SPLINE_CURVE_WITH_KNOTS ( 'NONE', 3,
 ( #2677, #575, #90, #2608 ),
 .UNSPECIFIED., .F., .F.,
 ( 4, 4 ),
 ( 0.1818181818181818232, 0.2727272727272727071 ),
 .UNSPECIFIED. ) ;
#2392 = ORIENTED_EDGE ( 'NONE', *, *, #1040, .T. ) ;
#2393 = PLANE ( 'NONE',  #1326 ) ;
#2394 = CARTESIAN_POINT ( 'NONE',  ( 1.604999999999999760, -0.1000000000000000056, -1.625000000000000444 ) ) ;
#2395 = EDGE_CURVE ( 'NONE', #1395, #1292, #448, .T. ) ;
#2396 = EDGE_LOOP ( 'NONE', ( #1480, #645, #3168, #638 ) ) ;
#2397 = SURFACE_STYLE_FILL_AREA ( #1094 ) ;
#2398 = EDGE_CURVE ( 'NONE', #1446, #2985, #2165, .T. ) ;
#2399 = EDGE_LOOP ( 'NONE', ( #1355, #2521, #160, #591 ) ) ;
#2400 = PLANE ( 'NONE',  #383 ) ;
#2401 = SURFACE_SIDE_STYLE ('',( #2141 ) ) ;
#2402 = VECTOR ( 'NONE', #2860, 1000.000000000000000 ) ;
#2403 = CIRCLE ( 'NONE', #3230, 0.2500000000000002220 ) ;
#2404 = CARTESIAN_POINT ( 'NONE',  ( 1.114470318460206499, 1.998999999999999888, -0.4534564788411698522 ) ) ;
#2405 = VECTOR ( 'NONE', #3369, 1000.000000000000000 ) ;
#2406 =( NAMED_UNIT ( * ) SI_UNIT ( $, .STERADIAN. ) SOLID_ANGLE_UNIT ( ) );
#2407 = ORIENTED_EDGE ( 'NONE', *, *, #2159, .F. ) ;
#2408 = CARTESIAN_POINT ( 'NONE',  ( 0.3535955464973720708, 1.998999999999999888, -0.4543577267240323514 ) ) ;
#2409 = PRESENTATION_STYLE_ASSIGNMENT (( #3192 ) ) ;
#2410 = VERTEX_POINT ( 'NONE', #2233 ) ;
#2411 =( NAMED_UNIT ( * ) SI_UNIT ( $, .STERADIAN. ) SOLID_ANGLE_UNIT ( ) );
#2412 = CARTESIAN_POINT ( 'NONE',  ( 1.114470318460206499, 1.998999999999999888, 0.2003896750049840858 ) ) ;
#2413 = STYLED_ITEM ( 'NONE', ( #2132 ), #1207 ) ;
#2414 = CARTESIAN_POINT ( 'NONE',  ( 1.724662807284686350, 2.000000000000000000, -0.7060917648070726971 ) ) ;
#2415 = ORIENTED_EDGE ( 'NONE', *, *, #2059, .F. ) ;
#2416 = CARTESIAN_POINT ( 'NONE',  ( -2.150000000000000355, 0.000000000000000000, -2.149999999999999911 ) ) ;
#2417 =( LENGTH_UNIT ( ) NAMED_UNIT ( * ) SI_UNIT ( .MILLI., .METRE. ) );
#2418 = ORIENTED_EDGE ( 'NONE', *, *, #1787, .T. ) ;
#2419 =( NAMED_UNIT ( * ) PLANE_ANGLE_UNIT ( ) SI_UNIT ( $, .RADIAN. ) );
#2420 = AXIS2_PLACEMENT_3D ( 'NONE', #2535, #1479, #177 ) ;
#2421 = CARTESIAN_POINT ( 'NONE',  ( 1.187387142859996025, 2.000000000000000888, -0.8291111210405519572 ) ) ;
#2422 = CARTESIAN_POINT ( 'NONE',  ( 1.242388969312482105, 1.999000000000000332, 0.5168904482041003501 ) ) ;
#2423 = PLANE ( 'NONE',  #291 ) ;
#2424 = ORIENTED_EDGE ( 'NONE', *, *, #1059, .T. ) ;
#2425 = LINE ( 'NONE', #309, #443 ) ;
#2426 = PRESENTATION_STYLE_ASSIGNMENT (( #834 ) ) ;
#2427 = CARTESIAN_POINT ( 'NONE',  ( 1.538885060303292418, 1.998999999999999444, 0.5550740808328559206 ) ) ;
#2428 = FACE_OUTER_BOUND ( 'NONE', #1827, .T. ) ;
#2429 = ORIENTED_EDGE ( 'NONE', *, *, #2715, .F. ) ;
#2430 = CARTESIAN_POINT ( 'NONE',  ( -1.647270752819367745, 1.998999999999999888, -1.500000000000000000 ) ) ;
#2431 = CARTESIAN_POINT ( 'NONE',  ( 1.334136272213519936, 1.999999999999999556, -0.8402713756671981171 ) ) ;
#2432 = EDGE_CURVE ( 'NONE', #2127, #1089, #1699, .T. ) ;
#2433 = CARTESIAN_POINT ( 'NONE',  ( 1.672122341919930699, 1.998999999999999444, 0.7001969174374510496 ) ) ;
#2434 = CARTESIAN_POINT ( 'NONE',  ( -0.5619670613766420963, 2.000000000000000000, -0.5345340290862313770 ) ) ;
#2435 = ORIENTED_EDGE ( 'NONE', *, *, #1092, .F. ) ;
#2436 = CARTESIAN_POINT ( 'NONE',  ( 1.672122341919930699, 1.999999999999999556, 0.7001969174374510496 ) ) ;
#2437 = CARTESIAN_POINT ( 'NONE',  ( 1.399473708798349758, 2.000000000000000444, 0.6066957932438362677 ) ) ;
#2438 = CARTESIAN_POINT ( 'NONE',  ( 1.844598523588411698, 1.998999999999999888, 0.6144922391075480217 ) ) ;
#2439 = VERTEX_POINT ( 'NONE', #2269 ) ;
#2440 = FILL_AREA_STYLE ('',( #1158 ) ) ;
#2441 = DIRECTION ( 'NONE',  ( -0.000000000000000000, 1.000000000000000000, -0.000000000000000000 ) ) ;
#2442 = CARTESIAN_POINT ( 'NONE',  ( 1.734634102153721269, 1.998999999999999444, 0.05880723340261857779 ) ) ;
#2443 = LINE ( 'NONE', #2219, #116 ) ;
#2444 = EDGE_LOOP ( 'NONE', ( #2559, #1659, #2282, #1633 ) ) ;
#2445 = CARTESIAN_POINT ( 'NONE',  ( 1.005495959485847468, 2.000000000000000000, 0.3093640339793429228 ) ) ;
#2446 = DIRECTION ( 'NONE',  ( -1.000000000000000000, 0.000000000000000000, -0.000000000000000000 ) ) ;
#2447 =( NAMED_UNIT ( * ) SI_UNIT ( $, .STERADIAN. ) SOLID_ANGLE_UNIT ( ) );
#2448 = UNCERTAINTY_MEASURE_WITH_UNIT (LENGTH_MEASURE( 1.000000000000000082E-05 ), #590, 'distance_accuracy_value', 'NONE');
#2449 = VECTOR ( 'NONE', #1618, 1000.000000000000000 ) ;
#2450 = CARTESIAN_POINT ( 'NONE',  ( 1.844598523588411698, 2.000000000000000000, -0.03935391473860561096 ) ) ;
#2451 = SURFACE_STYLE_FILL_AREA ( #2227 ) ;
#2452 = ORIENTED_EDGE ( 'NONE', *, *, #508, .T. ) ;
#2453 = PRESENTATION_LAYER_ASSIGNMENT (  '', '', ( #2039 ) ) ;
#2454 = ADVANCED_FACE ( 'NONE', ( #2513 ), #928, .F. ) ;
#2455 =( NAMED_UNIT ( * ) SI_UNIT ( $, .STERADIAN. ) SOLID_ANGLE_UNIT ( ) );
#2456 = EDGE_CURVE ( 'NONE', #1967, #153, #559, .T. ) ;
#2457 = MECHANICAL_DESIGN_GEOMETRIC_PRESENTATION_REPRESENTATION (  '', ( #1550 ), #726 ) ;
#2458 = CARTESIAN_POINT ( 'NONE',  ( 1.836137204112395338, 1.999999999999999556, 0.7232052166304495655 ) ) ;
#2459 = FILL_AREA_STYLE ('',( #3236 ) ) ;
#2460 = ORIENTED_EDGE ( 'NONE', *, *, #1991, .F. ) ;
#2461 = CARTESIAN_POINT ( 'NONE',  ( -0.7455721007467192019, 1.998999999999999888, -0.02426220546418005747 ) ) ;
#2462 =( NAMED_UNIT ( * ) SI_UNIT ( $, .STERADIAN. ) SOLID_ANGLE_UNIT ( ) );
#2463 = CYLINDRICAL_SURFACE ( 'NONE', #3346, 0.2500000000000000000 ) ;
#2464 = COLOUR_RGB ( '',0.8274509803921568096, 0.8392156862745098200, 0.8274509803921568096 ) ;
#2465 = CARTESIAN_POINT ( 'NONE',  ( 1.214279204130277012, 2.000000000000000888, -0.1560212628285136960 ) ) ;
#2466 = FILL_AREA_STYLE_COLOUR ( '', #3109 ) ;
#2467 = COLOUR_RGB ( '',1.000000000000000000, 1.000000000000000000, 1.000000000000000000 ) ;
#2468 = EDGE_LOOP ( 'NONE', ( #2706, #2154, #2537, #2793 ) ) ;
#2469 = CARTESIAN_POINT ( 'NONE',  ( 0.7293673638202105014, 1.998999999999999888, -0.2081561519208797728 ) ) ;
#2470 = CARTESIAN_POINT ( 'NONE',  ( 1.161962249413596826, 1.998999999999999888, -0.1950754428813237795 ) ) ;
#2471 = PRESENTATION_LAYER_ASSIGNMENT (  '', '', ( #563 ) ) ;
#2472 = CARTESIAN_POINT ( 'NONE',  ( -0.2033966802742774582, 1.998999999999999888, 0.3783458701263677226 ) ) ;
#2473 = CARTESIAN_POINT ( 'NONE',  ( 1.667981684308877277, 1.998999999999999888, -0.06271679922464636070 ) ) ;
#2474 = ORIENTED_EDGE ( 'NONE', *, *, #1098, .F. ) ;
#2475 = CARTESIAN_POINT ( 'NONE',  ( 1.114470318460206721, 1.999000000000000332, -0.8893539147386058108 ) ) ;
#2476 = FILL_AREA_STYLE ('',( #909 ) ) ;
#2477 = CARTESIAN_POINT ( 'NONE',  ( 1.818736998913069947, 1.999000000000000332, 0.7226677010687754255 ) ) ;
#2478 = ORIENTED_EDGE ( 'NONE', *, *, #1470, .F. ) ;
#2479 = ADVANCED_FACE ( 'NONE', ( #3349 ), #1478, .F. ) ;
#2480 = PRESENTATION_LAYER_ASSIGNMENT (  '', '', ( #1625 ) ) ;
#2481 = FILL_AREA_STYLE ('',( #415 ) ) ;
#2482 = UNCERTAINTY_MEASURE_WITH_UNIT (LENGTH_MEASURE( 1.000000000000000082E-05 ), #151, 'distance_accuracy_value', 'NONE');
#2483 = SURFACE_STYLE_USAGE ( .BOTH. , #1704 ) ;
#2484 = VERTEX_POINT ( 'NONE', #1190 ) ;
#2485 = EDGE_LOOP ( 'NONE', ( #48, #1647, #394, #2689 ) ) ;
#2486 = UNCERTAINTY_MEASURE_WITH_UNIT (LENGTH_MEASURE( 1.000000000000000082E-05 ), #1253, 'distance_accuracy_value', 'NONE');
#2487 = FILL_AREA_STYLE_COLOUR ( '', #2591 ) ;
#2488 = MECHANICAL_DESIGN_GEOMETRIC_PRESENTATION_REPRESENTATION (  '', ( #2175 ), #254 ) ;
#2489 = CARTESIAN_POINT ( 'NONE',  ( 2.149999999999999911, 2.000000000000000000, 1.899999999999999689 ) ) ;
#2490 = CARTESIAN_POINT ( 'NONE',  ( 1.399473708798349758, 1.999000000000000332, 0.6066957932438362677 ) ) ;
#2491 = ORIENTED_EDGE ( 'NONE', *, *, #2715, .T. ) ;
#2492 = FACE_OUTER_BOUND ( 'NONE', #1374, .T. ) ;
#2493 = B_SPLINE_CURVE_WITH_KNOTS ( 'NONE', 3,
 ( #440, #1748, #3329, #982, #384, #922, #2450 ),
 .UNSPECIFIED., .F., .F.,
 ( 4, 1, 1, 1, 4 ),
 ( 0.000000000000000000, 0.2372165186042102802, 0.4825864912431362397, 0.7368469271779310992, 1.000000000000000000 ),
 .UNSPECIFIED. ) ;
#2494 = FILL_AREA_STYLE ('',( #2007 ) ) ;
#2495 = CARTESIAN_POINT ( 'NONE',  ( 1.704041081140212022, 2.000000000000000000, 0.7069697201832535471 ) ) ;
#2496 = DIRECTION ( 'NONE',  ( -1.000000000000000000, 0.000000000000000000, 0.000000000000000000 ) ) ;
#2497 = ORIENTED_EDGE ( 'NONE', *, *, #220, .T. ) ;
#2498 = PRESENTATION_STYLE_ASSIGNMENT (( #2199 ) ) ;
#2499 = PRESENTATION_STYLE_ASSIGNMENT (( #651 ) ) ;
#2500 = CARTESIAN_POINT ( 'NONE',  ( 1.114470318460206721, 2.000000000000000888, -0.2355077608924517618 ) ) ;
#2501 = EDGE_CURVE ( 'NONE', #655, #68, #2734, .T. ) ;
#2502 = CARTESIAN_POINT ( 'NONE',  ( 1.672122341919930699, 1.998999999999999444, -0.6074953902548564377 ) ) ;
#2503 =( NAMED_UNIT ( * ) SI_UNIT ( $, .STERADIAN. ) SOLID_ANGLE_UNIT ( ) );
#2504 = EDGE_CURVE ( 'NONE', #2786, #2127, #944, .T. ) ;
#2505 = EDGE_CURVE ( 'NONE', #343, #486, #703, .T. ) ;
#2506 =( NAMED_UNIT ( * ) SI_UNIT ( $, .STERADIAN. ) SOLID_ANGLE_UNIT ( ) );
#2507 = UNCERTAINTY_MEASURE_WITH_UNIT (LENGTH_MEASURE( 1.000000000000000082E-05 ), #2345, 'distance_accuracy_value', 'NONE');
#2508 = CARTESIAN_POINT ( 'NONE',  ( -0.7849999999999996980, 0.000000000000000000, -1.624999999999999778 ) ) ;
#2509 =( LENGTH_UNIT ( ) NAMED_UNIT ( * ) SI_UNIT ( .MILLI., .METRE. ) );
#2510 = VERTEX_POINT ( 'NONE', #361 ) ;
#2511 = CARTESIAN_POINT ( 'NONE',  ( -0.2398425385419974409, 1.998999999999999888, -0.2033203975901712313 ) ) ;
#2512 = VECTOR ( 'NONE', #3037, 1000.000000000000000 ) ;
#2513 = FACE_OUTER_BOUND ( 'NONE', #2574, .T. ) ;
#2514 = CARTESIAN_POINT ( 'NONE',  ( 0.7354871496469833625, 2.000000000000000000, -0.01750269680276892240 ) ) ;
#2515 = VERTEX_POINT ( 'NONE', #166 ) ;
#2516 = CARTESIAN_POINT ( 'NONE',  ( 0.7849999999999998090, -0.1000000000000000056, -1.625000000000000222 ) ) ;
#2517 = SURFACE_SIDE_STYLE ('',( #1482 ) ) ;
#2518 = CARTESIAN_POINT ( 'NONE',  ( 1.005495959485847468, 2.000000000000000000, -0.3444821198668107098 ) ) ;
#2519 =( GEOMETRIC_REPRESENTATION_CONTEXT ( 3 ) GLOBAL_UNCERTAINTY_ASSIGNED_CONTEXT ( ( #1492 ) ) GLOBAL_UNIT_ASSIGNED_CONTEXT ( ( #3155, #2111, #1541 ) ) REPRESENTATION_CONTEXT ( 'NONE', 'WORKASPACE' ) );
#2520 = CARTESIAN_POINT ( 'NONE',  ( 1.187387142859995581, 1.998999999999999888, -0.1752649671943973808 ) ) ;
#2521 = ORIENTED_EDGE ( 'NONE', *, *, #2501, .F. ) ;
#2522 = EDGE_LOOP ( 'NONE', ( #3117, #2350, #3303, #1142 ) ) ;
#2523 = CARTESIAN_POINT ( 'NONE',  ( -0.2006956283057726165, 1.998999999999999888, 0.6263175740633744049 ) ) ;
#2524 = COLOUR_RGB ( '',1.000000000000000000, 1.000000000000000000, 1.000000000000000000 ) ;
#2525 =( NAMED_UNIT ( * ) PLANE_ANGLE_UNIT ( ) SI_UNIT ( $, .RADIAN. ) );
#2526 = VECTOR ( 'NONE', #1049, 1000.000000000000000 ) ;
#2527 = EDGE_CURVE ( 'NONE', #1817, #2053, #527, .T. ) ;
#2528 =( NAMED_UNIT ( * ) PLANE_ANGLE_UNIT ( ) SI_UNIT ( $, .RADIAN. ) );
#2529 = CARTESIAN_POINT ( 'NONE',  ( 0.1433606110643076414, 2.000000000000000000, 0.5192637409925079384 ) ) ;
#2530 = ORIENTED_EDGE ( 'NONE', *, *, #1060, .F. ) ;
#2531 = CARTESIAN_POINT ( 'NONE',  ( -1.604999999999999760, -0.1000000000000000056, 1.625000000000000000 ) ) ;
#2532 = STYLED_ITEM ( 'NONE', ( #1587 ), #3015 ) ;
#2533 = CARTESIAN_POINT ( 'NONE',  ( -0.5619670613766420963, 1.998999999999999888, -0.5345340290862313770 ) ) ;
#2534 =( NAMED_UNIT ( * ) PLANE_ANGLE_UNIT ( ) SI_UNIT ( $, .RADIAN. ) );
#2535 = CARTESIAN_POINT ( 'NONE',  ( -1.899999999999999911, 0.000000000000000000, 1.899999999999999911 ) ) ;
#2536 = CARTESIAN_POINT ( 'NONE',  ( 1.005495959485847468, 1.998999999999999888, -0.3444821198668107098 ) ) ;
#2537 = ORIENTED_EDGE ( 'NONE', *, *, #2714, .F. ) ;
#2538 = DIRECTION ( 'NONE',  ( 1.000000000000000000, 0.000000000000000000, 0.000000000000000000 ) ) ;
#2539 = FACE_OUTER_BOUND ( 'NONE', #2701, .T. ) ;
#2540 = CARTESIAN_POINT ( 'NONE',  ( 1.393092125782103841, 1.998999999999999888, -0.1569035558555738064 ) ) ;
#2541 =( NAMED_UNIT ( * ) SI_UNIT ( $, .STERADIAN. ) SOLID_ANGLE_UNIT ( ) );
#2542 = FILL_AREA_STYLE_COLOUR ( '', #3285 ) ;
#2543 = VECTOR ( 'NONE', #2093, 1000.000000000000000 ) ;
#2544 = B_SPLINE_SURFACE_WITH_KNOTS ( 'NONE', 3, 1, ( 
 ( #136, #2277 ),
 ( #3263, #2017 ),
 ( #1224, #1744 ),
 ( #718, #1762 ),
 ( #400, #699 ),
 ( #738, #1783 ),
 ( #2257, #3325 ) ),
 .UNSPECIFIED., .F., .F., .F.,
 ( 4, 1, 1, 1, 4 ),
 ( 2, 2 ),
 ( 0.000000000000000000, 0.2372165186042103913, 0.4825864912431362952, 0.7368469271779310992, 1.000000000000000000 ),
 ( 0.000000000000000000, 1.000000000000000000 ),
 .UNSPECIFIED. ) ;
#2545 = SURFACE_STYLE_FILL_AREA ( #1507 ) ;
#2546 = LINE ( 'NONE', #978, #2651 ) ;
#2547 = STYLED_ITEM ( 'NONE', ( #2021 ), #2658 ) ;
#2548 = CARTESIAN_POINT ( 'NONE',  ( -1.647270752819367745, 1.998999999999999888, -1.500000000000000000 ) ) ;
#2549 = CARTESIAN_POINT ( 'NONE',  ( 1.844598523588411698, 1.998999999999999888, -0.5842257096104006564 ) ) ;
#2550 = EDGE_CURVE ( 'NONE', #706, #1683, #1474, .T. ) ;
#2551 = FILL_AREA_STYLE ('',( #744 ) ) ;
#2552 = ORIENTED_EDGE ( 'NONE', *, *, #1764, .T. ) ;
#2553 = CARTESIAN_POINT ( 'NONE',  ( 1.214279204130276790, 2.000000000000000000, 0.4978248910176398812 ) ) ;
#2554 =( LENGTH_UNIT ( ) NAMED_UNIT ( * ) SI_UNIT ( .MILLI., .METRE. ) );
#2555 = EDGE_CURVE ( 'NONE', #348, #17, #2493, .T. ) ;
#2556 =( GEOMETRIC_REPRESENTATION_CONTEXT ( 3 ) GLOBAL_UNCERTAINTY_ASSIGNED_CONTEXT ( ( #139 ) ) GLOBAL_UNIT_ASSIGNED_CONTEXT ( ( #1053, #2525, #1493 ) ) REPRESENTATION_CONTEXT ( 'NONE', 'WORKASPACE' ) );
#2557 = DIRECTION ( 'NONE',  ( -0.000000000000000000, 0.000000000000000000, -1.000000000000000000 ) ) ;
#2558 = CARTESIAN_POINT ( 'NONE',  ( -0.8685181164947515242, 1.998999999999999888, -0.2812083723933140322 ) ) ;
#2559 = ORIENTED_EDGE ( 'NONE', *, *, #992, .T. ) ;
#2560 = CARTESIAN_POINT ( 'NONE',  ( -0.2033966802742774582, 1.998999999999999888, 0.3783458701263677226 ) ) ;
#2561 = PLANE ( 'NONE',  #2746 ) ;
#2562 = CYLINDRICAL_SURFACE ( 'NONE', #1609, 0.2500000000000000000 ) ;
#2563 = UNCERTAINTY_MEASURE_WITH_UNIT (LENGTH_MEASURE( 1.000000000000000082E-05 ), #952, 'distance_accuracy_value', 'NONE');
#2564 = SURFACE_SIDE_STYLE ('',( #2019 ) ) ;
#2565 = SURFACE_STYLE_FILL_AREA ( #1022 ) ;
#2566 = PLANE ( 'NONE',  #2934 ) ;
#2567 = CARTESIAN_POINT ( 'NONE',  ( 1.122077273403712550, 1.998999999999999888, 0.4251571532015419597 ) ) ;
#2568 = DIRECTION ( 'NONE',  ( 1.000000000000000000, -0.000000000000000000, -2.644395542647572259E-16 ) ) ;
#2569 = LINE ( 'NONE', #3384, #558 ) ;
#2570 = VECTOR ( 'NONE', #20, 1000.000000000000000 ) ;
#2571 = FILL_AREA_STYLE ('',( #3097 ) ) ;
#2572 = FILL_AREA_STYLE ('',( #1792 ) ) ;
#2573 = SURFACE_STYLE_FILL_AREA ( #2819 ) ;
#2574 = EDGE_LOOP ( 'NONE', ( #1417, #2599, #2665, #717 ) ) ;
#2575 =( GEOMETRIC_REPRESENTATION_CONTEXT ( 3 ) GLOBAL_UNCERTAINTY_ASSIGNED_CONTEXT ( ( #3276 ) ) GLOBAL_UNIT_ASSIGNED_CONTEXT ( ( #1405, #2208, #46 ) ) REPRESENTATION_CONTEXT ( 'NONE', 'WORKASPACE' ) );
#2576 = CARTESIAN_POINT ( 'NONE',  ( 1.899999999999997691, 0.000000000000000000, -2.149999999999999911 ) ) ;
#2577 = EDGE_CURVE ( 'NONE', #2212, #3081, #1677, .T. ) ;
#2578 = PRESENTATION_LAYER_ASSIGNMENT (  '', '', ( #380 ) ) ;
#2579 = B_SPLINE_CURVE_WITH_KNOTS ( 'NONE', 3,
 ( #3204, #2699, #1122, #907 ),
 .UNSPECIFIED., .F., .F.,
 ( 4, 4 ),
 ( 0.000000000000000000, 0.09090909090909091161 ),
 .UNSPECIFIED. ) ;
#2580 = CARTESIAN_POINT ( 'NONE',  ( 1.093697081280719408, 2.000000000000000000, 0.3093640339793429228 ) ) ;
#2581 = ORIENTED_EDGE ( 'NONE', *, *, #2360, .F. ) ;
#2582 = CARTESIAN_POINT ( 'NONE',  ( 1.114470318460206499, 1.998999999999999888, -0.8893539147386056998 ) ) ;
#2583 = CARTESIAN_POINT ( 'NONE',  ( 1.114470318460206499, 2.000000000000000000, -0.4534564788411698522 ) ) ;
#2584 = COLOUR_RGB ( '',1.000000000000000000, 1.000000000000000000, 1.000000000000000000 ) ;
#2585 = PLANE ( 'NONE',  #1669 ) ;
#2586 = DIRECTION ( 'NONE',  ( 0.000000000000000000, 0.000000000000000000, 1.000000000000000000 ) ) ;
#2587 = CARTESIAN_POINT ( 'NONE',  ( -2.150000000000000355, 2.000000000000000000, -2.149999999999999911 ) ) ;
#2588 = CARTESIAN_POINT ( 'NONE',  ( 0.7354871496469833625, 1.998999999999999888, -0.01750269680276892240 ) ) ;
#2589 = COLOUR_RGB ( '',1.000000000000000000, 1.000000000000000000, 1.000000000000000000 ) ;
#2590 = SURFACE_SIDE_STYLE ('',( #3345 ) ) ;
#2591 = COLOUR_RGB ( '',1.000000000000000000, 1.000000000000000000, 1.000000000000000000 ) ;
#2592 = CARTESIAN_POINT ( 'NONE',  ( 1.161962249413596826, 1.998999999999999444, -0.8489215967274774677 ) ) ;
#2593 = LINE ( 'NONE', #727, #2512 ) ;
#2594 = CARTESIAN_POINT ( 'NONE',  ( 0.5189398236627312810, 2.000000000000000000, -0.0007644290862337006906 ) ) ;
#2595 = EDGE_LOOP ( 'NONE', ( #3151, #2110, #25, #3268 ) ) ;
#2596 = CARTESIAN_POINT ( 'NONE',  ( -2.150000000000000355, 2.000000000000000000, -2.149999999999999911 ) ) ;
#2597 = CARTESIAN_POINT ( 'NONE',  ( 1.161962249413596826, 1.998999999999999444, -0.8489215967274774677 ) ) ;
#2598 = EDGE_CURVE ( 'NONE', #1302, #2439, #1169, .T. ) ;
#2599 = ORIENTED_EDGE ( 'NONE', *, *, #2121, .F. ) ;
#2600 = CARTESIAN_POINT ( 'NONE',  ( -0.7100090141325501314, 2.000000000000000000, -0.5056158054641858302 ) ) ;
#2601 = PRESENTATION_LAYER_ASSIGNMENT (  '', '', ( #2214 ) ) ;
#2602 = ORIENTED_EDGE ( 'NONE', *, *, #1201, .T. ) ;
#2603 = CARTESIAN_POINT ( 'NONE',  ( -0.7849999999999995870, -0.1000000000000000056, 1.625000000000000000 ) ) ;
#2604 = COLOUR_RGB ( '',0.8274509803921568096, 0.8392156862745098200, 0.8274509803921568096 ) ;
#2605 = CARTESIAN_POINT ( 'NONE',  ( 1.535105287417091180, 2.000000000000000444, 0.008529095630430564082 ) ) ;
#2606 =( LENGTH_UNIT ( ) NAMED_UNIT ( * ) SI_UNIT ( .MILLI., .METRE. ) );
#2607 = VECTOR ( 'NONE', #2830, 1000.000000000000000 ) ;
#2608 = CARTESIAN_POINT ( 'NONE',  ( -0.2006956283057726165, 2.000000000000000000, 0.6263175740633744049 ) ) ;
#2609 = CARTESIAN_POINT ( 'NONE',  ( 1.302507916529030529, 1.998999999999999444, -0.7535823304213472573 ) ) ;
#2610 = CARTESIAN_POINT ( 'NONE',  ( 1.194811448530127773, 1.998999999999999444, -0.2679833682463224620 ) ) ;
#2611 = CARTESIAN_POINT ( 'NONE',  ( 1.613538828075591125, 1.998999999999999888, -0.7308302769180928804 ) ) ;
#2612 = CARTESIAN_POINT ( 'NONE',  ( 1.465638922642791497, 2.000000000000000444, 0.5277681143003993824 ) ) ;
#2613 = VERTEX_POINT ( 'NONE', #683 ) ;
#2614 = DIRECTION ( 'NONE',  ( 0.000000000000000000, 0.000000000000000000, 1.000000000000000000 ) ) ;
#2615 = DIRECTION ( 'NONE',  ( -0.000000000000000000, -0.000000000000000000, -1.000000000000000000 ) ) ;
#2616 = ORIENTED_EDGE ( 'NONE', *, *, #1657, .T. ) ;
#2617 = PLANE ( 'NONE',  #1722 ) ;
#2618 = DIRECTION ( 'NONE',  ( 0.000000000000000000, 1.000000000000000000, 0.000000000000000000 ) ) ;
#2619 = EDGE_CURVE ( 'NONE', #1773, #2139, #1710, .T. ) ;
#2620 = EDGE_CURVE ( 'NONE', #2655, #2484, #1458, .T. ) ;
#2621 = CARTESIAN_POINT ( 'NONE',  ( -0.8685181164947515242, 1.998999999999999888, -0.2812083723933140322 ) ) ;
#2622 = CARTESIAN_POINT ( 'NONE',  ( 1.613538828075591125, 1.998999999999999888, -0.07698412307193897020 ) ) ;
#2623 = ORIENTED_EDGE ( 'NONE', *, *, #901, .F. ) ;
#2624 = FACE_OUTER_BOUND ( 'NONE', #2673, .T. ) ;
#2625 = FILL_AREA_STYLE ('',( #318 ) ) ;
#2626 = FILL_AREA_STYLE ('',( #295 ) ) ;
#2627 =( GEOMETRIC_REPRESENTATION_CONTEXT ( 3 ) GLOBAL_UNCERTAINTY_ASSIGNED_CONTEXT ( ( #2482 ) ) GLOBAL_UNIT_ASSIGNED_CONTEXT ( ( #151, #1732, #1008 ) ) REPRESENTATION_CONTEXT ( 'NONE', 'WORKASPACE' ) );
#2628 = CARTESIAN_POINT ( 'NONE',  ( -0.2033966802742774582, 1.998999999999999888, 0.3783458701263677226 ) ) ;
#2629 = DIRECTION ( 'NONE',  ( -0.000000000000000000, 1.000000000000000000, -0.000000000000000000 ) ) ;
#2630 = AXIS2_PLACEMENT_3D ( 'NONE', #1300, #708, #1753 ) ;
#2631 = STYLED_ITEM ( 'NONE', ( #2745 ), #1950 ) ;
#2632 = ORIENTED_EDGE ( 'NONE', *, *, #1634, .T. ) ;
#2633 = SURFACE_STYLE_USAGE ( .BOTH. , #2092 ) ;
#2634 = LINE ( 'NONE', #1309, #1242 ) ;
#2635 = AXIS2_PLACEMENT_3D ( 'NONE', #2582, #1307, #3107 ) ;
#2636 = VECTOR ( 'NONE', #880, 1000.000000000000000 ) ;
#2637 = LINE ( 'NONE', #1348, #1646 ) ;
#2638 = CARTESIAN_POINT ( 'NONE',  ( 1.302507916529030751, 2.000000000000000000, -0.09973617657519365243 ) ) ;
#2639 = CARTESIAN_POINT ( 'NONE',  ( 1.005495959485847468, 1.998999999999999888, 0.2003896750049840858 ) ) ;
#2640 = PRESENTATION_LAYER_ASSIGNMENT (  '', '', ( #2206 ) ) ;
#2641 = CARTESIAN_POINT ( 'NONE',  ( -1.497270752819367390, 1.998999999999999888, 1.500000000000000000 ) ) ;
#2642 = CARTESIAN_POINT ( 'NONE',  ( -0.2033966802742774582, 2.000000000000000000, 0.3783458701263677226 ) ) ;
#2643 = VERTEX_POINT ( 'NONE', #1990 ) ;
#2644 = FILL_AREA_STYLE_COLOUR ( '', #2584 ) ;
#2645 = CARTESIAN_POINT ( 'NONE',  ( 1.899999999999999911, 0.000000000000000000, 1.899999999999999689 ) ) ;
#2646 =( GEOMETRIC_REPRESENTATION_CONTEXT ( 3 ) GLOBAL_UNCERTAINTY_ASSIGNED_CONTEXT ( ( #3281 ) ) GLOBAL_UNIT_ASSIGNED_CONTEXT ( ( #2167, #103, #3254 ) ) REPRESENTATION_CONTEXT ( 'NONE', 'WORKASPACE' ) );
#2647 = VECTOR ( 'NONE', #539, 1000.000000000000000 ) ;
#2648 = CARTESIAN_POINT ( 'NONE',  ( -2.150000000000000355, 0.000000000000000000, -1.900000000000000133 ) ) ;
#2649 = FACE_OUTER_BOUND ( 'NONE', #407, .T. ) ;
#2650 = AXIS2_PLACEMENT_3D ( 'NONE', #2639, #292, #2907 ) ;
#2651 = VECTOR ( 'NONE', #937, 1000.000000000000000 ) ;
#2652 = ADVANCED_FACE ( 'NONE', ( #3030 ), #2566, .F. ) ;
#2653 = VECTOR ( 'NONE', #662, 1000.000000000000000 ) ;
#2654 = CARTESIAN_POINT ( 'NONE',  ( -0.2396980849986908024, 2.000000000000000000, -0.5241952826295385170 ) ) ;
#2655 = VERTEX_POINT ( 'NONE', #519 ) ;
#2656 = PRODUCT_DEFINITION ( 'UNKNOWN', '', #824, #1117 ) ;
#2657 = FILL_AREA_STYLE_COLOUR ( '', #2047 ) ;
#2658 = ADVANCED_FACE ( 'NONE', ( #762 ), #311, .T. ) ;
#2659 = CARTESIAN_POINT ( 'NONE',  ( -0.4665199558648298606, 2.000000000000000000, 0.2714273189452667823 ) ) ;
#2660 =( LENGTH_UNIT ( ) NAMED_UNIT ( * ) SI_UNIT ( .MILLI., .METRE. ) );
#2661 = ORIENTED_EDGE ( 'NONE', *, *, #2456, .T. ) ;
#2662 = CARTESIAN_POINT ( 'NONE',  ( -0.6553023936601068966, 1.998999999999999888, -0.2231953708185161755 ) ) ;
#2663 = PRESENTATION_STYLE_ASSIGNMENT (( #2153 ) ) ;
#2664 = CARTESIAN_POINT ( 'NONE',  ( 1.114470318460206499, 2.000000000000000000, 0.4183383929537018986 ) ) ;
#2665 = ORIENTED_EDGE ( 'NONE', *, *, #1658, .F. ) ;
#2666 =( NAMED_UNIT ( * ) SI_UNIT ( $, .STERADIAN. ) SOLID_ANGLE_UNIT ( ) );
#2667 = FILL_AREA_STYLE_COLOUR ( '', #572 ) ;
#2668 = CARTESIAN_POINT ( 'NONE',  ( 1.255322057264013580, 2.000000000000000000, -0.2301529098955655273 ) ) ;
#2669 = DIRECTION ( 'NONE',  ( 0.000000000000000000, 0.000000000000000000, 1.000000000000000000 ) ) ;
#2670 = VERTEX_POINT ( 'NONE', #251 ) ;
#2671 = CARTESIAN_POINT ( 'NONE',  ( 0.5211272630328078748, 1.998999999999999888, -0.1590465330232416208 ) ) ;
#2672 = FILL_AREA_STYLE_COLOUR ( '', #1431 ) ;
#2673 = EDGE_LOOP ( 'NONE', ( #1624, #3392, #2088, #97 ) ) ;
#2674 = EDGE_CURVE ( 'NONE', #3243, #355, #1313, .T. ) ;
#2675 = PRESENTATION_LAYER_ASSIGNMENT (  '', '', ( #1371 ) ) ;
#2676 = ORIENTED_EDGE ( 'NONE', *, *, #1450, .T. ) ;
#2677 = CARTESIAN_POINT ( 'NONE',  ( -0.8685181164947515242, 2.000000000000000000, -0.2812083723933140322 ) ) ;
#2678 = PLANE ( 'NONE',  #300 ) ;
#2679 = PRESENTATION_LAYER_ASSIGNMENT (  '', '', ( #2631 ) ) ;
#2680 = MECHANICAL_DESIGN_GEOMETRIC_PRESENTATION_REPRESENTATION (  '', ( #1829 ), #446 ) ;
#2681 = VECTOR ( 'NONE', #953, 1000.000000000000000 ) ;
#2682 = STYLED_ITEM ( 'NONE', ( #687 ), #359 ) ;
#2683 = ORIENTED_EDGE ( 'NONE', *, *, #806, .F. ) ;
#2684 = AXIS2_PLACEMENT_3D ( 'NONE', #1731, #926, #1697 ) ;
#2685 = CARTESIAN_POINT ( 'NONE',  ( 1.161962249413596826, 1.999999999999999556, -0.8489215967274774677 ) ) ;
#2686 = FILL_AREA_STYLE ('',( #118 ) ) ;
#2687 = DIRECTION ( 'NONE',  ( -7.042071574656164103E-15, 0.000000000000000000, -1.000000000000000000 ) ) ;
#2688 =( GEOMETRIC_REPRESENTATION_CONTEXT ( 3 ) GLOBAL_UNCERTAINTY_ASSIGNED_CONTEXT ( ( #226 ) ) GLOBAL_UNIT_ASSIGNED_CONTEXT ( ( #1686, #934, #2541 ) ) REPRESENTATION_CONTEXT ( 'NONE', 'WORKASPACE' ) );
#2689 = ORIENTED_EDGE ( 'NONE', *, *, #2620, .T. ) ;
#2690 = CARTESIAN_POINT ( 'NONE',  ( -0.2033966802742774582, 1.998999999999999888, 0.3783458701263677226 ) ) ;
#2691 = CARTESIAN_POINT ( 'NONE',  ( 1.116535948949617607, 1.998999999999999444, -0.3249521261700162866 ) ) ;
#2692 = CARTESIAN_POINT ( 'NONE',  ( 1.672122341919930699, 1.998999999999999444, 0.04635076359129749329 ) ) ;
#2693 = B_SPLINE_CURVE_WITH_KNOTS ( 'NONE', 3,
 ( #1019, #2600, #3410, #1804 ),
 .UNSPECIFIED., .F., .F.,
 ( 4, 4 ),
 ( 0.2727272727272727071, 0.3636363636363636465 ),
 .UNSPECIFIED. ) ;
#2694 = EDGE_CURVE ( 'NONE', #2053, #2515, #497, .T. ) ;
#2695 = PLANE ( 'NONE',  #1761 ) ;
#2696 = ORIENTED_EDGE ( 'NONE', *, *, #663, .T. ) ;
#2697 = DIRECTION ( 'NONE',  ( 0.000000000000000000, 0.000000000000000000, 1.000000000000000000 ) ) ;
#2698 = CARTESIAN_POINT ( 'NONE',  ( 1.465638922642790831, 2.000000000000000000, -0.7799241933919082159 ) ) ;
#2699 = CARTESIAN_POINT ( 'NONE',  ( 0.7293673638202105014, 2.000000000000000000, -0.2081561519208797728 ) ) ;
#2700 = PRESENTATION_LAYER_ASSIGNMENT (  '', '', ( #3036 ) ) ;
#2701 = EDGE_LOOP ( 'NONE', ( #2958, #2474, #543, #3323 ) ) ;
#2702 = CARTESIAN_POINT ( 'NONE',  ( 1.844598523588411698, 2.000000000000000000, 0.7234665980819070530 ) ) ;
#2703 = CARTESIAN_POINT ( 'NONE',  ( 0.7354871496469833625, 2.000000000000000000, -0.01750269680276892240 ) ) ;
#2704 = CARTESIAN_POINT ( 'NONE',  ( 1.704041081140212022, 1.998999999999999888, 0.7069697201832535471 ) ) ;
#2705 = SURFACE_STYLE_FILL_AREA ( #893 ) ;
#2706 = ORIENTED_EDGE ( 'NONE', *, *, #1814, .T. ) ;
#2707 = CARTESIAN_POINT ( 'NONE',  ( 1.538885060303292862, 1.998999999999999444, -0.7526182268594516778 ) ) ;
#2708 = CARTESIAN_POINT ( 'NONE',  ( 1.093697081280719408, 1.998999999999999888, -0.3444821198668107098 ) ) ;
#2709 = PRESENTATION_STYLE_ASSIGNMENT (( #1451 ) ) ;
#2710 = ORIENTED_EDGE ( 'NONE', *, *, #1059, .F. ) ;
#2711 = EDGE_LOOP ( 'NONE', ( #1378, #3027, #2581, #2122 ) ) ;
#2712 = SURFACE_STYLE_USAGE ( .BOTH. , #1369 ) ;
#2713 = CARTESIAN_POINT ( 'NONE',  ( -1.497270752819367390, 1.998999999999999888, -1.500000000000000000 ) ) ;
#2714 = EDGE_CURVE ( 'NONE', #339, #1967, #1898, .T. ) ;
#2715 = EDGE_CURVE ( 'NONE', #2861, #115, #533, .T. ) ;
#2716 = DIRECTION ( 'NONE',  ( -1.000000000000000000, 0.000000000000000000, 0.000000000000000000 ) ) ;
#2717 = ORIENTED_EDGE ( 'NONE', *, *, #948, .T. ) ;
#2718 = SURFACE_STYLE_FILL_AREA ( #1213 ) ;
#2719 = CARTESIAN_POINT ( 'NONE',  ( 1.844598523588411698, 2.000000000000000000, -0.5842257096104006564 ) ) ;
#2720 = CARTESIAN_POINT ( 'NONE',  ( 1.114470318460206499, 1.998999999999999888, 0.4183383929537018986 ) ) ;
#2721 = SURFACE_STYLE_USAGE ( .BOTH. , #1945 ) ;
#2722 = EDGE_LOOP ( 'NONE', ( #2152, #2371, #135, #755 ) ) ;
#2723 = CARTESIAN_POINT ( 'NONE',  ( 1.166976922377209291, 1.998999999999999888, -0.9407000795321217579 ) ) ;
#2724 = CARTESIAN_POINT ( 'NONE',  ( -1.497270752819367390, 1.998999999999999888, -1.500000000000000000 ) ) ;
#2725 = SURFACE_SIDE_STYLE ('',( #1757 ) ) ;
#2726 = FILL_AREA_STYLE_COLOUR ( '', #2062 ) ;
#2727 = ORIENTED_EDGE ( 'NONE', *, *, #3357, .F. ) ;
#2728 = CARTESIAN_POINT ( 'NONE',  ( 0.7354871496469833625, 2.000000000000000000, -0.01750269680276892240 ) ) ;
#2729 = FACE_OUTER_BOUND ( 'NONE', #2444, .T. ) ;
#2730 = CARTESIAN_POINT ( 'NONE',  ( 1.613538828075591125, 2.000000000000000000, -0.7308302769180928804 ) ) ;
#2731 = AXIS2_PLACEMENT_3D ( 'NONE', #988, #2557, #1993 ) ;
#2732 = UNCERTAINTY_MEASURE_WITH_UNIT (LENGTH_MEASURE( 1.000000000000000082E-05 ), #2156, 'distance_accuracy_value', 'NONE');
#2733 = VECTOR ( 'NONE', #1718, 1000.000000000000000 ) ;
#2734 = LINE ( 'NONE', #2226, #627 ) ;
#2735 = EDGE_CURVE ( 'NONE', #833, #822, #1368, .T. ) ;
#2736 = LINE ( 'NONE', #3249, #206 ) ;
#2737 = VERTEX_POINT ( 'NONE', #2078 ) ;
#2738 = STYLED_ITEM ( 'NONE', ( #3244 ), #24 ) ;
#2739 = CARTESIAN_POINT ( 'NONE',  ( -1.647270752819367745, 1.998999999999999888, 1.500000000000000000 ) ) ;
#2740 = PRESENTATION_LAYER_ASSIGNMENT (  '', '', ( #2314 ) ) ;
#2741 = CARTESIAN_POINT ( 'NONE',  ( 1.734634102153721713, 2.000000000000000000, 0.7126533872487722521 ) ) ;
#2742 = FILL_AREA_STYLE ('',( #2246 ) ) ;
#2743 = ORIENTED_EDGE ( 'NONE', *, *, #2505, .F. ) ;
#2744 = CARTESIAN_POINT ( 'NONE',  ( 1.613538828075591125, 1.998999999999999888, -0.7308302769180928804 ) ) ;
#2745 = PRESENTATION_STYLE_ASSIGNMENT (( #1199 ) ) ;
#2746 = AXIS2_PLACEMENT_3D ( 'NONE', #1799, #1272, #2879 ) ;
#2747 = ORIENTED_EDGE ( 'NONE', *, *, #3284, .T. ) ;
#2748 = DIRECTION ( 'NONE',  ( 1.000000000000000000, 0.000000000000000000, 0.000000000000000000 ) ) ;
#2749 = AXIS2_PLACEMENT_3D ( 'NONE', #2369, #33, #3208 ) ;
#2750 = CARTESIAN_POINT ( 'NONE',  ( 1.114470318460206499, 2.000000000000000000, 0.8542358288511376907 ) ) ;
#2751 = CARTESIAN_POINT ( 'NONE',  ( -2.149999999999999911, 2.000000000000000000, 2.149999999999999911 ) ) ;
#2752 = ORIENTED_EDGE ( 'NONE', *, *, #3380, .T. ) ;
#2753 = CARTESIAN_POINT ( 'NONE',  ( 1.791999731630300463, 2.000000000000000444, 0.7202907632997039844 ) ) ;
#2754 = ADVANCED_FACE ( 'NONE', ( #3261 ), #967, .T. ) ;
#2755 = VECTOR ( 'NONE', #2142, 1000.000000000000000 ) ;
#2756 = SURFACE_STYLE_FILL_AREA ( #2686 ) ;
#2757 = SURFACE_STYLE_USAGE ( .BOTH. , #466 ) ;
#2758 = ORIENTED_EDGE ( 'NONE', *, *, #1040, .F. ) ;
#2759 = SURFACE_STYLE_FILL_AREA ( #2440 ) ;
#2760 =( GEOMETRIC_REPRESENTATION_CONTEXT ( 3 ) GLOBAL_UNCERTAINTY_ASSIGNED_CONTEXT ( ( #2732 ) ) GLOBAL_UNIT_ASSIGNED_CONTEXT ( ( #2156, #2224, #3228 ) ) REPRESENTATION_CONTEXT ( 'NONE', 'WORKASPACE' ) );
#2761 = DIRECTION ( 'NONE',  ( 1.000000000000000000, 0.000000000000000000, 0.000000000000000000 ) ) ;
#2762 = EDGE_CURVE ( 'NONE', #2820, #13, #2443, .T. ) ;
#2763 = LINE ( 'NONE', #1780, #2160 ) ;
#2764 = ADVANCED_FACE ( 'NONE', ( #2428 ), #2695, .T. ) ;
#2765 = UNCERTAINTY_MEASURE_WITH_UNIT (LENGTH_MEASURE( 1.000000000000000082E-05 ), #23, 'distance_accuracy_value', 'NONE');
#2766 = VECTOR ( 'NONE', #1589, 1000.000000000000000 ) ;
#2767 = CARTESIAN_POINT ( 'NONE',  ( 1.734634102153721047, 1.998999999999999444, -0.5950389204435353463 ) ) ;
#2768 = VERTEX_POINT ( 'NONE', #88 ) ;
#2769 = CARTESIAN_POINT ( 'NONE',  ( 0.4579918929540659489, 1.998999999999999888, -0.6426426023145807020 ) ) ;
#2770 = CARTESIAN_POINT ( 'NONE',  ( -0.5335578645262447628, 2.000000000000000000, 0.5354677598901483870 ) ) ;
#2771 = UNCERTAINTY_MEASURE_WITH_UNIT (LENGTH_MEASURE( 1.000000000000000082E-05 ), #2291, 'distance_accuracy_value', 'NONE');
#2772 = VECTOR ( 'NONE', #2812, 1000.000000000000000 ) ;
#2773 = DIRECTION ( 'NONE',  ( -0.000000000000000000, 1.000000000000000000, -0.000000000000000000 ) ) ;
#2774 =( NAMED_UNIT ( * ) SI_UNIT ( $, .STERADIAN. ) SOLID_ANGLE_UNIT ( ) );
#2775 = ORIENTED_EDGE ( 'NONE', *, *, #326, .F. ) ;
#2776 = DIRECTION ( 'NONE',  ( 0.000000000000000000, 0.000000000000000000, 1.000000000000000000 ) ) ;
#2777 = SURFACE_STYLE_FILL_AREA ( #2494 ) ;
#2778 =( LENGTH_UNIT ( ) NAMED_UNIT ( * ) SI_UNIT ( .MILLI., .METRE. ) );
#2779 = CARTESIAN_POINT ( 'NONE',  ( 1.613538828075591125, 1.998999999999999888, -0.07698412307193897020 ) ) ;
#2780 = ORIENTED_EDGE ( 'NONE', *, *, #1514, .T. ) ;
#2781 =( NAMED_UNIT ( * ) SI_UNIT ( $, .STERADIAN. ) SOLID_ANGLE_UNIT ( ) );
#2782 = FACE_BOUND ( 'NONE', #2722, .T. ) ;
#2783 = CARTESIAN_POINT ( 'NONE',  ( -0.1005526361797927787, 1.998999999999999888, -0.3828990810547363566 ) ) ;
#2784 = CARTESIAN_POINT ( 'NONE',  ( 1.393092125782104285, 2.000000000000000444, -0.8107497097017279941 ) ) ;
#2785 = ADVANCED_FACE ( 'NONE', ( #1919 ), #3315, .T. ) ;
#2786 = VERTEX_POINT ( 'NONE', #2823 ) ;
#2787 = SURFACE_STYLE_FILL_AREA ( #1527 ) ;
#2788 = FILL_AREA_STYLE_COLOUR ( '', #2589 ) ;
#2789 = UNCERTAINTY_MEASURE_WITH_UNIT (LENGTH_MEASURE( 1.000000000000000082E-05 ), #1866, 'distance_accuracy_value', 'NONE');
#2790 = B_SPLINE_SURFACE_WITH_KNOTS ( 'NONE', 3, 1, ( 
 ( #2829, #1279 ),
 ( #1041, #1528 ),
 ( #702, #1808 ),
 ( #2845, #2077 ),
 ( #438, #3124 ),
 ( #1728, #142 ),
 ( #1230, #2262 ),
 ( #3307, #968 ),
 ( #165, #1244 ),
 ( #882, #1144 ),
 ( #1382, #2184 ),
 ( #620, #1096 ),
 ( #2427, #72 ),
 ( #250, #518 ),
 ( #1903, #2870 ) ),
 .UNSPECIFIED., .F., .F., .F.,
 ( 4, 1, 1, 1, 1, 1, 1, 1, 1, 1, 1, 1, 4 ),
 ( 2, 2 ),
 ( 0.000000000000000000, 0.05027287497458349935, 0.1027903700748775961, 0.1576131012369289819, 0.2146311133156756368, 0.2740612127265388276, 0.3356974550538851521, 0.4000702787165529850, 0.4668267493853403005, 0.6020780869193703699, 0.7357515335047496441, 0.8682046170340287361, 1.000000000000000000 ),
 ( 0.000000000000000000, 1.000000000000000000 ),
 .UNSPECIFIED. ) ;
#2791 = SURFACE_STYLE_USAGE ( .BOTH. , #2020 ) ;
#2792 = CARTESIAN_POINT ( 'NONE',  ( -0.1005526361797927787, 1.998999999999999888, -0.3828990810547363566 ) ) ;
#2793 = ORIENTED_EDGE ( 'NONE', *, *, #1098, .T. ) ;
#2794 = CARTESIAN_POINT ( 'NONE',  ( 1.638943977746428304, 2.000000000000000000, 0.6921080884520689480 ) ) ;
#2795 = COLOUR_RGB ( '',1.000000000000000000, 1.000000000000000000, 1.000000000000000000 ) ;
#2796 = CARTESIAN_POINT ( 'NONE',  ( 1.763933828761196976, 1.999000000000000332, -0.5905674082819709625 ) ) ;
#2797 = CARTESIAN_POINT ( 'NONE',  ( -0.6553023936601068966, 1.998999999999999888, -0.2231953708185161755 ) ) ;
#2798 =( GEOMETRIC_REPRESENTATION_CONTEXT ( 3 ) GLOBAL_UNCERTAINTY_ASSIGNED_CONTEXT ( ( #1467 ) ) GLOBAL_UNIT_ASSIGNED_CONTEXT ( ( #2509, #1529, #1231 ) ) REPRESENTATION_CONTEXT ( 'NONE', 'WORKASPACE' ) );
#2799 = ORIENTED_EDGE ( 'NONE', *, *, #1245, .T. ) ;
#2800 = FACE_BOUND ( 'NONE', #2881, .T. ) ;
#2801 = FILL_AREA_STYLE_COLOUR ( '', #170 ) ;
#2802 = CARTESIAN_POINT ( 'NONE',  ( 1.302507916529030751, 2.000000000000000444, -0.09973617657519365243 ) ) ;
#2803 = CARTESIAN_POINT ( 'NONE',  ( 1.140965832094679611, 1.999000000000000776, -0.9597972440307058761 ) ) ;
#2804 = PRODUCT ( 'XGL4020', 'XGL4020', '', ( #860 ) ) ;
#2805 = VECTOR ( 'NONE', #1403, 1000.000000000000000 ) ;
#2806 = ORIENTED_EDGE ( 'NONE', *, *, #1566, .T. ) ;
#2807 = FACE_OUTER_BOUND ( 'NONE', #317, .T. ) ;
#2808 = PRESENTATION_STYLE_ASSIGNMENT (( #919 ) ) ;
#2809 = EDGE_CURVE ( 'NONE', #2484, #706, #2307, .T. ) ;
#2810 = STYLED_ITEM ( 'NONE', ( #1173 ), #809 ) ;
#2811 =( LENGTH_UNIT ( ) NAMED_UNIT ( * ) SI_UNIT ( .MILLI., .METRE. ) );
#2812 = DIRECTION ( 'NONE',  ( 0.000000000000000000, -1.000000000000000000, 0.000000000000000000 ) ) ;
#2813 = PRESENTATION_LAYER_ASSIGNMENT (  '', '', ( #514 ) ) ;
#2814 = SURFACE_STYLE_FILL_AREA ( #2344 ) ;
#2815 = CARTESIAN_POINT ( 'NONE',  ( 1.302507916529031418, 1.999000000000000332, 0.5541099772709601190 ) ) ;
#2816 = ORIENTED_EDGE ( 'NONE', *, *, #843, .F. ) ;
#2817 = VECTOR ( 'NONE', #34, 1000.000000000000000 ) ;
#2818 = CARTESIAN_POINT ( 'NONE',  ( 1.005495959485847468, 2.000000000000000000, 0.8542358288511376907 ) ) ;
#2819 = FILL_AREA_STYLE ('',( #506 ) ) ;
#2820 = VERTEX_POINT ( 'NONE', #1015 ) ;
#2821 = CARTESIAN_POINT ( 'NONE',  ( -0.4139159369671944200, 1.998999999999999888, -0.5634545456216667469 ) ) ;
#2822 = CARTESIAN_POINT ( 'NONE',  ( 1.005495959485847468, 2.000000000000000000, -0.4534564788411698522 ) ) ;
#2823 = CARTESIAN_POINT ( 'NONE',  ( 1.114470318460206499, 1.998999999999999888, 0.2003896750049840858 ) ) ;
#2824 = STYLED_ITEM ( 'NONE', ( #886 ), #2284 ) ;
#2825 = ORIENTED_EDGE ( 'NONE', *, *, #621, .F. ) ;
#2826 =( LENGTH_UNIT ( ) NAMED_UNIT ( * ) SI_UNIT ( .MILLI., .METRE. ) );
#2827 = DIRECTION ( 'NONE',  ( -0.000000000000000000, 0.000000000000000000, -1.000000000000000000 ) ) ;
#2828 = CARTESIAN_POINT ( 'NONE',  ( 1.899999999999999245, 2.000000000000000000, -2.149999999999999911 ) ) ;
#2829 = CARTESIAN_POINT ( 'NONE',  ( 1.093697081280719408, 1.998999999999999888, 0.3093640339793429228 ) ) ;
#2830 = DIRECTION ( 'NONE',  ( 1.008560160451632221E-16, 0.000000000000000000, 1.000000000000000000 ) ) ;
#2831 =( LENGTH_UNIT ( ) NAMED_UNIT ( * ) SI_UNIT ( .MILLI., .METRE. ) );
#2832 = EDGE_CURVE ( 'NONE', #369, #1487, #1800, .T. ) ;
#2833 = CARTESIAN_POINT ( 'NONE',  ( -0.2398425385419974409, 2.000000000000000000, -0.2033203975901712313 ) ) ;
#2834 = CARTESIAN_POINT ( 'NONE',  ( -1.604999999999999760, 0.000000000000000000, 1.624999999999999778 ) ) ;
#2835 = CARTESIAN_POINT ( 'NONE',  ( 1.734634102153721047, 1.999999999999999556, -0.5950389204435353463 ) ) ;
#2836 = AXIS2_PLACEMENT_3D ( 'NONE', #227, #1021, #3110 ) ;
#2837 = SURFACE_STYLE_USAGE ( .BOTH. , #1777 ) ;
#2838 = CARTESIAN_POINT ( 'NONE',  ( 0.5134184882296605190, 2.000000000000000000, 0.3980672181578631119 ) ) ;
#2839 = ORIENTED_EDGE ( 'NONE', *, *, #476, .T. ) ;
#2840 = DIRECTION ( 'NONE',  ( 0.000000000000000000, 0.000000000000000000, -1.000000000000000000 ) ) ;
#2841 = CARTESIAN_POINT ( 'NONE',  ( 1.613538828075591125, 1.998999999999999888, -0.7308302769180928804 ) ) ;
#2842 =( NAMED_UNIT ( * ) SI_UNIT ( $, .STERADIAN. ) SOLID_ANGLE_UNIT ( ) );
#2843 = LINE ( 'NONE', #1856, #1605 ) ;
#2844 = SURFACE_STYLE_FILL_AREA ( #793 ) ;
#2845 = CARTESIAN_POINT ( 'NONE',  ( 1.140965832094679389, 1.999000000000000776, 0.3478950636616022773 ) ) ;
#2846 = CARTESIAN_POINT ( 'NONE',  ( 1.005495959485847468, 1.998999999999999888, 0.8542358288511376907 ) ) ;
#2847 = FILL_AREA_STYLE ('',( #1024 ) ) ;
#2848 = SURFACE_SIDE_STYLE ('',( #1811 ) ) ;
#2849 = CARTESIAN_POINT ( 'NONE',  ( 1.604999999999999760, -0.1000000000000000056, 1.625000000000000444 ) ) ;
#2850 = EDGE_CURVE ( 'NONE', #2861, #343, #3411, .T. ) ;
#2851 = SURFACE_STYLE_FILL_AREA ( #2572 ) ;
#2852 = LINE ( 'NONE', #2779, #22 ) ;
#2853 = ORIENTED_EDGE ( 'NONE', *, *, #1813, .F. ) ;
#2854 = CARTESIAN_POINT ( 'NONE',  ( -0.6553023936601068966, 1.998999999999999888, -0.2231953708185161755 ) ) ;
#2855 = PRESENTATION_STYLE_ASSIGNMENT (( #1538 ) ) ;
#2856 = LINE ( 'NONE', #3352, #298 ) ;
#2857 = SURFACE_STYLE_FILL_AREA ( #1821 ) ;
#2858 = B_SPLINE_CURVE_WITH_KNOTS ( 'NONE', 3,
 ( #2873, #1164, #41, #2172, #1573, #2959, #2976, #1118, #1675, #2204, #253, #3245, #357, #1314, #2346, #3199, #855, #1907, #2946, #2470, #1954, #1435, #1689 ),
 .UNSPECIFIED., .F., .F.,
 ( 4, 1, 1, 1, 1, 1, 1, 1, 1, 1, 1, 1, 1, 1, 1, 1, 1, 1, 1, 1, 4 ),
 ( 0.000000000000000000, 0.03151551312998480264, 0.06480979674365734688, 0.09991169883527559192, 0.1366755286001710146, 0.1751432978746824964, 0.2157650117082455798, 0.2581569125231216733, 0.3022930440652046302, 0.3927408518774000989, 0.4832984694610614751, 0.5744114847371659671, 0.6664774093514970188, 0.7120107481430550944, 0.7563744975915032143, 0.7998154803065208318, 0.8419616993485899981, 0.8828431755911848589, 0.9229180315891943875, 0.9619666184423849575, 1.000000000000000000 ),
 .UNSPECIFIED. ) ;
#2859 = STYLED_ITEM ( 'NONE', ( #2426 ), #1912 ) ;
#2860 = DIRECTION ( 'NONE',  ( -0.000000000000000000, 1.000000000000000000, -0.000000000000000000 ) ) ;
#2861 = VERTEX_POINT ( 'NONE', #1839 ) ;
#2862 = SURFACE_STYLE_FILL_AREA ( #2882 ) ;
#2863 = CARTESIAN_POINT ( 'NONE',  ( 1.093697081280719408, 1.998999999999999888, -0.3444821198668107098 ) ) ;
#2864 = COLOUR_RGB ( '',0.1921568627450980227, 0.2039215686274509776, 0.2039215686274509776 ) ;
#2865 = COLOUR_RGB ( '',0.7921568627450980005, 0.8196078431372548767, 0.9333333333333333481 ) ;
#2866 = VECTOR ( 'NONE', #2266, 1000.000000000000000 ) ;
#2867 = CARTESIAN_POINT ( 'NONE',  ( 1.005495959485847468, 1.998999999999999888, 0.8542358288511376907 ) ) ;
#2868 = FILL_AREA_STYLE ('',( #2375 ) ) ;
#2869 = VECTOR ( 'NONE', #18, 1000.000000000000000 ) ;
#2870 = CARTESIAN_POINT ( 'NONE',  ( 1.613538828075591125, 2.000000000000000000, 0.5768620307742146069 ) ) ;
#2871 = CARTESIAN_POINT ( 'NONE',  ( -1.647270752819367745, 1.998999999999999888, 1.500000000000000000 ) ) ;
#2872 = PRESENTATION_LAYER_ASSIGNMENT (  '', '', ( #3146 ) ) ;
#2873 = CARTESIAN_POINT ( 'NONE',  ( 1.844598523588411698, 1.998999999999999888, 0.06962044423575332319 ) ) ;
#2874 = PRESENTATION_LAYER_ASSIGNMENT (  '', '', ( #1120 ) ) ;
#2875 = CARTESIAN_POINT ( 'NONE',  ( 1.399473708798349092, 1.999999999999999556, -0.7009965144484712196 ) ) ;
#2876 = CARTESIAN_POINT ( 'NONE',  ( 1.613538828075591125, 2.000000000000000000, -0.7308302769180928804 ) ) ;
#2877 = CARTESIAN_POINT ( 'NONE',  ( 1.844598523588411698, 2.000000000000000000, 0.06962044423575332319 ) ) ;
#2878 = VERTEX_POINT ( 'NONE', #1353 ) ;
#2879 = DIRECTION ( 'NONE',  ( 1.000000000000000000, 0.000000000000000000, -2.644395542647572259E-16 ) ) ;
#2880 = LINE ( 'NONE', #542, #1223 ) ;
#2881 = EDGE_LOOP ( 'NONE', ( #32, #257, #1085, #296 ) ) ;
#2882 = FILL_AREA_STYLE ('',( #2355 ) ) ;
#2883 = EDGE_CURVE ( 'NONE', #2670, #2613, #1725, .T. ) ;
#2884 = LINE ( 'NONE', #3108, #210 ) ;
#2885 =( GEOMETRIC_REPRESENTATION_CONTEXT ( 3 ) GLOBAL_UNCERTAINTY_ASSIGNED_CONTEXT ( ( #962 ) ) GLOBAL_UNIT_ASSIGNED_CONTEXT ( ( #1358, #2917, #2666 ) ) REPRESENTATION_CONTEXT ( 'NONE', 'WORKASPACE' ) );
#2886 = ORIENTED_EDGE ( 'NONE', *, *, #2193, .T. ) ;
#2887 = B_SPLINE_CURVE_WITH_KNOTS ( 'NONE', 3,
 ( #1626, #613, #2951, #2703 ),
 .UNSPECIFIED., .F., .F.,
 ( 4, 4 ),
 ( 0.09090909090909091161, 0.1818181818181818232 ),
 .UNSPECIFIED. ) ;
#2888 = SURFACE_STYLE_FILL_AREA ( #1324 ) ;
#2889 = LINE ( 'NONE', #823, #802 ) ;
#2890 = AXIS2_PLACEMENT_3D ( 'NONE', #1210, #3267, #404 ) ;
#2891 = FILL_AREA_STYLE ('',( #3113 ) ) ;
#2892 = CARTESIAN_POINT ( 'NONE',  ( -0.7100090141325501314, 2.000000000000000000, -0.5056158054641858302 ) ) ;
#2893 = CARTESIAN_POINT ( 'NONE',  ( 1.166976922377209513, 1.998999999999999888, -0.2868539256859678477 ) ) ;
#2894 = SURFACE_SIDE_STYLE ('',( #1535 ) ) ;
#2895 = EDGE_LOOP ( 'NONE', ( #213, #1586, #2710, #1525 ) ) ;
#2896 = SURFACE_SIDE_STYLE ('',( #1820 ) ) ;
#2897 = PLANE ( 'NONE',  #104 ) ;
#2898 = CARTESIAN_POINT ( 'NONE',  ( 1.613538828075591125, 2.000000000000000000, 0.5768620307742146069 ) ) ;
#2899 = CARTESIAN_POINT ( 'NONE',  ( -0.7455721007467192019, 1.998999999999999888, -0.02426220546418005747 ) ) ;
#2900 = DIRECTION ( 'NONE',  ( -0.000000000000000000, 1.000000000000000000, -0.000000000000000000 ) ) ;
#2901 = B_SPLINE_CURVE_WITH_KNOTS ( 'NONE', 3,
 ( #2708, #1654, #2691, #340, #619, #353, #1399, #1413, #1466, #1503, #2540, #2289, #182, #675, #1999 ),
 .UNSPECIFIED., .F., .F.,
 ( 4, 1, 1, 1, 1, 1, 1, 1, 1, 1, 1, 1, 4 ),
 ( 0.000000000000000000, 0.05027287497458349935, 0.1027903700748775961, 0.1576131012369289819, 0.2146311133156756368, 0.2740612127265388276, 0.3356974550538851521, 0.4000702787165529850, 0.4668267493853403005, 0.6020780869193703699, 0.7357515335047495331, 0.8682046170340286251, 1.000000000000000000 ),
 .UNSPECIFIED. ) ;
#2902 = EDGE_CURVE ( 'NONE', #828, #3234, #260, .T. ) ;
#2903 = CARTESIAN_POINT ( 'NONE',  ( -0.3656959684632566931, 1.998999999999999888, -0.3464669802673330801 ) ) ;
#2904 = DIRECTION ( 'NONE',  ( -0.000000000000000000, 1.000000000000000000, -0.000000000000000000 ) ) ;
#2905 =( LENGTH_UNIT ( ) NAMED_UNIT ( * ) SI_UNIT ( .MILLI., .METRE. ) );
#2906 = EDGE_LOOP ( 'NONE', ( #3007, #2623, #1349, #1885 ) ) ;
#2907 = DIRECTION ( 'NONE',  ( 0.000000000000000000, 0.000000000000000000, -1.000000000000000000 ) ) ;
#2908 = VECTOR ( 'NONE', #566, 1000.000000000000000 ) ;
#2909 = PRESENTATION_STYLE_ASSIGNMENT (( #1107 ) ) ;
#2910 =( NAMED_UNIT ( * ) SI_UNIT ( $, .STERADIAN. ) SOLID_ANGLE_UNIT ( ) );
#2911 = MECHANICAL_DESIGN_GEOMETRIC_PRESENTATION_REPRESENTATION (  '', ( #2090 ), #1485 ) ;
#2912 = ORIENTED_EDGE ( 'NONE', *, *, #1514, .F. ) ;
#2913 =( NAMED_UNIT ( * ) PLANE_ANGLE_UNIT ( ) SI_UNIT ( $, .RADIAN. ) );
#2914 = CARTESIAN_POINT ( 'NONE',  ( 1.194811448530127773, 1.999999999999999556, -0.2679833682463224620 ) ) ;
#2915 = VECTOR ( 'NONE', #2033, 1000.000000000000000 ) ;
#2916 = AXIS2_PLACEMENT_3D ( 'NONE', #3393, #3141, #2614 ) ;
#2917 =( NAMED_UNIT ( * ) PLANE_ANGLE_UNIT ( ) SI_UNIT ( $, .RADIAN. ) );
#2918 = SURFACE_STYLE_USAGE ( .BOTH. , #3159 ) ;
#2919 = EDGE_CURVE ( 'NONE', #1440, #3058, #2880, .T. ) ;
#2920 = CIRCLE ( 'NONE', #3233, 0.2500000000000000000 ) ;
#2921 = ADVANCED_FACE ( 'NONE', ( #1581 ), #2133, .T. ) ;
#2922 = MECHANICAL_DESIGN_GEOMETRIC_PRESENTATION_REPRESENTATION (  '', ( #1772 ), #791 ) ;
#2923 = CARTESIAN_POINT ( 'NONE',  ( 1.288135590727311763, 2.000000000000000000, -0.2112954075424552935 ) ) ;
#2924 = CARTESIAN_POINT ( 'NONE',  ( 1.899999999999999689, 2.000000000000000000, 2.149999999999999911 ) ) ;
#2925 = ORIENTED_EDGE ( 'NONE', *, *, #2883, .F. ) ;
#2926 = CARTESIAN_POINT ( 'NONE',  ( 1.344862199222084165, 2.000000000000000888, -0.7292029753674941217 ) ) ;
#2927 = CARTESIAN_POINT ( 'NONE',  ( -0.7455721007467192019, 2.000000000000000000, -0.02426220546418005747 ) ) ;
#2928 = DIRECTION ( 'NONE',  ( 0.000000000000000000, 0.000000000000000000, -1.000000000000000000 ) ) ;
#2929 = CARTESIAN_POINT ( 'NONE',  ( -1.497270752819367390, 2.000000000000000000, 1.500000000000000000 ) ) ;
#2930 =( NAMED_UNIT ( * ) PLANE_ANGLE_UNIT ( ) SI_UNIT ( $, .RADIAN. ) );
#2931 = CARTESIAN_POINT ( 'NONE',  ( 1.399473708798349536, 2.000000000000000888, -0.04715036060231736492 ) ) ;
#2932 = UNCERTAINTY_MEASURE_WITH_UNIT (LENGTH_MEASURE( 1.000000000000000082E-05 ), #2905, 'distance_accuracy_value', 'NONE');
#2933 = CARTESIAN_POINT ( 'NONE',  ( 1.166976922377209291, 2.000000000000000000, -0.9407000795321217579 ) ) ;
#2934 = AXIS2_PLACEMENT_3D ( 'NONE', #2871, #205, #189 ) ;
#2935 = AXIS2_PLACEMENT_3D ( 'NONE', #795, #1547, #1809 ) ;
#2936 = EDGE_CURVE ( 'NONE', #399, #433, #3372, .T. ) ;
#2937 = CARTESIAN_POINT ( 'NONE',  ( 1.114470318460206499, 1.998999999999999888, 0.4183383929537018986 ) ) ;
#2938 = ORIENTED_EDGE ( 'NONE', *, *, #2138, .T. ) ;
#2939 = CARTESIAN_POINT ( 'NONE',  ( 1.631480882556953338, 1.999999999999999556, 0.5815639351099178844 ) ) ;
#2940 = PRESENTATION_STYLE_ASSIGNMENT (( #1352 ) ) ;
#2941 = FACE_OUTER_BOUND ( 'NONE', #2002, .T. ) ;
#2942 = ORIENTED_EDGE ( 'NONE', *, *, #1228, .T. ) ;
#2943 = CARTESIAN_POINT ( 'NONE',  ( 1.255322057264013580, 1.998999999999999888, 0.4236932439505882164 ) ) ;
#2944 = DIRECTION ( 'NONE',  ( 0.000000000000000000, 0.000000000000000000, 1.000000000000000000 ) ) ;
#2945 = ORIENTED_EDGE ( 'NONE', *, *, #220, .F. ) ;
#2946 = CARTESIAN_POINT ( 'NONE',  ( 1.187387142859995581, 1.998999999999999888, -0.1752649671943973808 ) ) ;
#2947 = CARTESIAN_POINT ( 'NONE',  ( 1.844598523588411698, 1.998999999999999888, 0.7234665980819070530 ) ) ;
#2948 = CARTESIAN_POINT ( 'NONE',  ( -0.4139159369671944200, 2.000000000000000000, -0.5634545456216667469 ) ) ;
#2949 = VERTEX_POINT ( 'NONE', #1410 ) ;
#2950 = EDGE_CURVE ( 'NONE', #1010, #2212, #1574, .T. ) ;
#2951 = CARTESIAN_POINT ( 'NONE',  ( 0.7498407874422584607, 2.000000000000000000, 0.4297644528035306499 ) ) ;
#2952 = CARTESIAN_POINT ( 'NONE',  ( 1.271732682161234251, 2.000000000000000000, 0.5357942822294452512 ) ) ;
#2953 = ORIENTED_EDGE ( 'NONE', *, *, #2036, .T. ) ;
#2954 = CARTESIAN_POINT ( 'NONE',  ( 0.7849999999999998090, -0.1000000000000000056, 1.625000000000000222 ) ) ;
#2955 = LINE ( 'NONE', #27, #778 ) ;
#2956 = CARTESIAN_POINT ( 'NONE',  ( 1.818736998913070391, 2.000000000000000888, 0.06882154722262183444 ) ) ;
#2957 = CARTESIAN_POINT ( 'NONE',  ( 1.093697081280719408, 1.998999999999999888, -0.9983282737129647311 ) ) ;
#2958 = ORIENTED_EDGE ( 'NONE', *, *, #3400, .T. ) ;
#2959 = CARTESIAN_POINT ( 'NONE',  ( 1.734634102153721269, 1.998999999999999444, 0.05880723340261857779 ) ) ;
#2960 = VECTOR ( 'NONE', #2904, 1000.000000000000000 ) ;
#2961 = MECHANICAL_DESIGN_GEOMETRIC_PRESENTATION_REPRESENTATION (  '', ( #829 ), #1278 ) ;
#2962 = CARTESIAN_POINT ( 'NONE',  ( 1.844598523588411698, 1.998999999999999888, -0.03935391473860561096 ) ) ;
#2963 = AXIS2_PLACEMENT_3D ( 'NONE', #3239, #1735, #1428 ) ;
#2964 = CARTESIAN_POINT ( 'NONE',  ( 0.000000000000000000, 0.000000000000000000, 0.000000000000000000 ) ) ;
#2965 = EDGE_LOOP ( 'NONE', ( #960, #2530, #1203, #911, #1386, #612, #2322, #1802, #1267, #1750, #624 ) ) ;
#2966 = CARTESIAN_POINT ( 'NONE',  ( 1.836137204112395338, 1.999999999999999556, 0.7232052166304495655 ) ) ;
#2967 = CARTESIAN_POINT ( 'NONE',  ( 1.818736998913069947, 2.000000000000000444, -0.5850246066235322839 ) ) ;
#2968 = CARTESIAN_POINT ( 'NONE',  ( 1.592944016905270876, 2.000000000000000000, 0.6801458028426046187 ) ) ;
#2969 = COLOUR_RGB ( '',1.000000000000000000, 1.000000000000000000, 1.000000000000000000 ) ;
#2970 = ORIENTED_EDGE ( 'NONE', *, *, #223, .F. ) ;
#2971 = DIRECTION ( 'NONE',  ( -1.000000000000000000, 0.000000000000000000, 0.000000000000000000 ) ) ;
#2972 = SURFACE_STYLE_USAGE ( .BOTH. , #1146 ) ;
#2973 = ADVANCED_FACE ( 'NONE', ( #82 ), #632, .T. ) ;
#2974 = ADVANCED_FACE ( 'NONE', ( #2941 ), #2423, .F. ) ;
#2975 = ORIENTED_EDGE ( 'NONE', *, *, #2527, .T. ) ;
#2976 = CARTESIAN_POINT ( 'NONE',  ( 1.704041081140212022, 1.998999999999999888, 0.05312356633710009490 ) ) ;
#2977 = UNCERTAINTY_MEASURE_WITH_UNIT (LENGTH_MEASURE( 1.000000000000000082E-05 ), #723, 'distance_accuracy_value', 'NONE');
#2978 = DIRECTION ( 'NONE',  ( -0.000000000000000000, 1.000000000000000000, -0.000000000000000000 ) ) ;
#2979 = DIRECTION ( 'NONE',  ( 1.008560160451632221E-16, 0.000000000000000000, 1.000000000000000000 ) ) ;
#2980 = MECHANICAL_DESIGN_GEOMETRIC_PRESENTATION_REPRESENTATION (  '', ( #2214 ), #2056 ) ;
#2981 = ORIENTED_EDGE ( 'NONE', *, *, #1442, .F. ) ;
#2982 = VECTOR ( 'NONE', #3287, 1000.000000000000000 ) ;
#2983 = CARTESIAN_POINT ( 'NONE',  ( 1.535105287417091180, 1.999000000000000332, 0.6623752494765842158 ) ) ;
#2984 = CARTESIAN_POINT ( 'NONE',  ( 1.667981684308877055, 1.998999999999999000, 0.5911293546215070638 ) ) ;
#2985 = VERTEX_POINT ( 'NONE', #1141 ) ;
#2986 = LINE ( 'NONE', #154, #331 ) ;
#2987 =( NAMED_UNIT ( * ) PLANE_ANGLE_UNIT ( ) SI_UNIT ( $, .RADIAN. ) );
#2988 = CARTESIAN_POINT ( 'NONE',  ( 1.339704879030627849, 1.998999999999999888, -0.1839188261056370344 ) ) ;
#2989 = CARTESIAN_POINT ( 'NONE',  ( 1.783761415491975422, 1.999999999999999556, -0.6979959836438807130 ) ) ;
#2990 = EDGE_LOOP ( 'NONE', ( #3210, #271, #1476, #3409 ) ) ;
#2991 = SURFACE_SIDE_STYLE ('',( #377 ) ) ;
#2992 = SURFACE_STYLE_USAGE ( .BOTH. , #576 ) ;
#2993 = EDGE_CURVE ( 'NONE', #1594, #959, #307, .T. ) ;
#2994 = PRESENTATION_LAYER_ASSIGNMENT (  '', '', ( #1631 ) ) ;
#2995 = CARTESIAN_POINT ( 'NONE',  ( 0.4579918929540659489, 1.998999999999999888, -0.6426426023145807020 ) ) ;
#2996 = ORIENTED_EDGE ( 'NONE', *, *, #2100, .T. ) ;
#2997 = LINE ( 'NONE', #3290, #835 ) ;
#2998 = PRESENTATION_STYLE_ASSIGNMENT (( #1962 ) ) ;
#2999 = CARTESIAN_POINT ( 'NONE',  ( 1.093697081280719408, 2.000000000000000000, -0.3444821198668107098 ) ) ;
#3000 = ORIENTED_EDGE ( 'NONE', *, *, #138, .T. ) ;
#3001 =( NAMED_UNIT ( * ) PLANE_ANGLE_UNIT ( ) SI_UNIT ( $, .RADIAN. ) );
#3002 = FILL_AREA_STYLE_COLOUR ( '', #1145 ) ;
#3003 = FACE_BOUND ( 'NONE', #1433, .T. ) ;
#3004 = FILL_AREA_STYLE ('',( #372 ) ) ;
#3005 = CARTESIAN_POINT ( 'NONE',  ( 1.631480882556953560, 2.000000000000000000, -0.7261283725823896029 ) ) ;
#3006 = VERTEX_POINT ( 'NONE', #1110 ) ;
#3007 = ORIENTED_EDGE ( 'NONE', *, *, #2220, .T. ) ;
#3008 = FACE_OUTER_BOUND ( 'NONE', #1564, .T. ) ;
#3009 = LINE ( 'NONE', #921, #668 ) ;
#3010 = MECHANICAL_DESIGN_GEOMETRIC_PRESENTATION_REPRESENTATION (  '', ( #319 ), #2575 ) ;
#3011 = EDGE_CURVE ( 'NONE', #343, #1920, #877, .T. ) ;
#3012 =( GEOMETRIC_REPRESENTATION_CONTEXT ( 3 ) GLOBAL_UNCERTAINTY_ASSIGNED_CONTEXT ( ( #2252 ) ) GLOBAL_UNIT_ASSIGNED_CONTEXT ( ( #85, #867, #2183 ) ) REPRESENTATION_CONTEXT ( 'NONE', 'WORKASPACE' ) );
#3013 = CARTESIAN_POINT ( 'NONE',  ( 1.005495959485847468, 2.000000000000000000, -0.9983282737129647311 ) ) ;
#3014 = CARTESIAN_POINT ( 'NONE',  ( -1.900000000000000133, 0.000000000000000000, 2.149999999999999911 ) ) ;
#3015 = ADVANCED_FACE ( 'NONE', ( #1928 ), #2617, .T. ) ;
#3016 = ADVANCED_FACE ( 'NONE', ( #1602 ), #561, .F. ) ;
#3017 = VERTEX_POINT ( 'NONE', #2648 ) ;
#3018 =( GEOMETRIC_REPRESENTATION_CONTEXT ( 3 ) GLOBAL_UNCERTAINTY_ASSIGNED_CONTEXT ( ( #3069 ) ) GLOBAL_UNIT_ASSIGNED_CONTEXT ( ( #756, #3120, #2842 ) ) REPRESENTATION_CONTEXT ( 'NONE', 'WORKASPACE' ) );
#3019 = CARTESIAN_POINT ( 'NONE',  ( 1.818736998913069947, 2.000000000000000444, 0.7226677010687754255 ) ) ;
#3020 = CARTESIAN_POINT ( 'NONE',  ( 1.114470318460206499, 2.000000000000000000, 0.4183383929537018986 ) ) ;
#3021 = ORIENTED_EDGE ( 'NONE', *, *, #508, .F. ) ;
#3022 = CARTESIAN_POINT ( 'NONE',  ( 1.844598523588411698, 2.000000000000000000, 0.6144922391075480217 ) ) ;
#3023 = CARTESIAN_POINT ( 'NONE',  ( 0.5189398236627312810, 1.998999999999999888, -0.0007644290862337006906 ) ) ;
#3024 = STYLED_ITEM ( 'NONE', ( #1549 ), #739 ) ;
#3025 = CARTESIAN_POINT ( 'NONE',  ( 1.844598523588411698, 1.998999999999999888, -0.5842257096104006564 ) ) ;
#3026 = VECTOR ( 'NONE', #2971, 1000.000000000000000 ) ;
#3027 = ORIENTED_EDGE ( 'NONE', *, *, #320, .F. ) ;
#3028 = CARTESIAN_POINT ( 'NONE',  ( 0.7293673638202105014, 2.000000000000000000, -0.2081561519208797728 ) ) ;
#3029 = PRESENTATION_STYLE_ASSIGNMENT (( #1987 ) ) ;
#3030 = FACE_OUTER_BOUND ( 'NONE', #1082, .T. ) ;
#3031 = FACE_OUTER_BOUND ( 'NONE', #2711, .T. ) ;
#3032 = VERTEX_POINT ( 'NONE', #2386 ) ;
#3033 =( NAMED_UNIT ( * ) SI_UNIT ( $, .STERADIAN. ) SOLID_ANGLE_UNIT ( ) );
#3034 = ADVANCED_FACE ( 'NONE', ( #1370 ), #1858, .T. ) ;
#3035 = COLOUR_RGB ( '',1.000000000000000000, 1.000000000000000000, 1.000000000000000000 ) ;
#3036 = STYLED_ITEM ( 'NONE', ( #314 ), #3016 ) ;
#3037 = DIRECTION ( 'NONE',  ( -0.000000000000000000, 1.000000000000000000, -0.000000000000000000 ) ) ;
#3038 =( NAMED_UNIT ( * ) PLANE_ANGLE_UNIT ( ) SI_UNIT ( $, .RADIAN. ) );
#3039 =( LENGTH_UNIT ( ) NAMED_UNIT ( * ) SI_UNIT ( .MILLI., .METRE. ) );
#3040 = CARTESIAN_POINT ( 'NONE',  ( 1.101198395776623151, 1.998999999999999888, -0.9919137427061504031 ) ) ;
#3041 = AXIS2_PLACEMENT_3D ( 'NONE', #1519, #690, #1778 ) ;
#3042 = LINE ( 'NONE', #2783, #2733 ) ;
#3043 = UNCERTAINTY_MEASURE_WITH_UNIT (LENGTH_MEASURE( 1.000000000000000082E-05 ), #1577, 'distance_accuracy_value', 'NONE');
#3044 = CARTESIAN_POINT ( 'NONE',  ( 1.161962249413596826, 2.000000000000000444, -0.1950754428813237795 ) ) ;
#3045 = CARTESIAN_POINT ( 'NONE',  ( 1.255322057264013358, 2.000000000000000888, -0.8839990637417195485 ) ) ;
#3046 = ORIENTED_EDGE ( 'NONE', *, *, #107, .T. ) ;
#3047 = ORIENTED_EDGE ( 'NONE', *, *, #621, .T. ) ;
#3048 = FILL_AREA_STYLE_COLOUR ( '', #406 ) ;
#3049 = UNCERTAINTY_MEASURE_WITH_UNIT (LENGTH_MEASURE( 1.000000000000000082E-05 ), #2374, 'distance_accuracy_value', 'NONE');
#3050 = CARTESIAN_POINT ( 'NONE',  ( 1.631480882556953560, 1.998999999999999888, -0.07228221873623559557 ) ) ;
#3051 = FILL_AREA_STYLE ('',( #742 ) ) ;
#3052 = VECTOR ( 'NONE', #3123, 1000.000000000000000 ) ;
#3053 = CARTESIAN_POINT ( 'NONE',  ( 1.114470318460206499, 1.998999999999999888, 0.2003896750049840858 ) ) ;
#3054 = ORIENTED_EDGE ( 'NONE', *, *, #2398, .T. ) ;
#3055 = PLANE ( 'NONE',  #1877 ) ;
#3056 = DIRECTION ( 'NONE',  ( 0.000000000000000000, 1.000000000000000000, 0.000000000000000000 ) ) ;
#3057 = SURFACE_STYLE_FILL_AREA ( #1995 ) ;
#3058 = VERTEX_POINT ( 'NONE', #1965 ) ;
#3059 = EDGE_CURVE ( 'NONE', #2949, #339, #794, .T. ) ;
#3060 = STYLED_ITEM ( 'NONE', ( #674 ), #3126 ) ;
#3061 =( NAMED_UNIT ( * ) SI_UNIT ( $, .STERADIAN. ) SOLID_ANGLE_UNIT ( ) );
#3062 = CARTESIAN_POINT ( 'NONE',  ( 0.7293673638202105014, 1.998999999999999888, -0.2081561519208797728 ) ) ;
#3063 = DIRECTION ( 'NONE',  ( 1.571516921614457991E-12, -1.000000000000000000, -1.905380692785644228E-12 ) ) ;
#3064 = CARTESIAN_POINT ( 'NONE',  ( 1.334136272213519936, 1.998999999999999444, -0.8402713756671981171 ) ) ;
#3065 = ORIENTED_EDGE ( 'NONE', *, *, #578, .T. ) ;
#3066 = VERTEX_POINT ( 'NONE', #468 ) ;
#3067 =( NAMED_UNIT ( * ) PLANE_ANGLE_UNIT ( ) SI_UNIT ( $, .RADIAN. ) );
#3068 = DIRECTION ( 'NONE',  ( -0.000000000000000000, 1.000000000000000000, -0.000000000000000000 ) ) ;
#3069 = UNCERTAINTY_MEASURE_WITH_UNIT (LENGTH_MEASURE( 1.000000000000000082E-05 ), #756, 'distance_accuracy_value', 'NONE');
#3070 =( NAMED_UNIT ( * ) SI_UNIT ( $, .STERADIAN. ) SOLID_ANGLE_UNIT ( ) );
#3071 = B_SPLINE_SURFACE_WITH_KNOTS ( 'NONE', 3, 1, ( 
 ( #1434, #2728 ),
 ( #2469, #3028 ),
 ( #678, #1723 ),
 ( #2769, #418 ) ),
 .UNSPECIFIED., .F., .F., .F.,
 ( 4, 4 ),
 ( 2, 2 ),
 ( 0.000000000000000000, 0.09090909090909091161 ),
 ( 0.000000000000000000, 1.000000000000000000 ),
 .UNSPECIFIED. ) ;
#3072 = PRESENTATION_STYLE_ASSIGNMENT (( #1280 ) ) ;
#3073 = CIRCLE ( 'NONE', #2630, 0.2500000000000000000 ) ;
#3074 = EDGE_LOOP ( 'NONE', ( #595, #970, #2198, #74 ) ) ;
#3075 = PRESENTATION_STYLE_ASSIGNMENT (( #764 ) ) ;
#3076 = VECTOR ( 'NONE', #3195, 1000.000000000000000 ) ;
#3077 = CARTESIAN_POINT ( 'NONE',  ( 1.535105287417090958, 1.998999999999999444, -0.6453170582157232715 ) ) ;
#3078 = FILL_AREA_STYLE_COLOUR ( '', #2795 ) ;
#3079 = SURFACE_STYLE_FILL_AREA ( #2742 ) ;
#3080 = VECTOR ( 'NONE', #1052, 1000.000000000000000 ) ;
#3081 = VERTEX_POINT ( 'NONE', #2251 ) ;
#3082 = SURFACE_STYLE_FILL_AREA ( #2481 ) ;
#3083 = CARTESIAN_POINT ( 'NONE',  ( 1.005495959485847468, 1.998999999999999888, -0.9983282737129647311 ) ) ;
#3084 = CARTESIAN_POINT ( 'NONE',  ( -0.5846141668884511366, 2.000000000000000000, -0.3789759062515856147 ) ) ;
#3085 = CARTESIAN_POINT ( 'NONE',  ( 1.334136272213519936, 2.000000000000000000, -0.8402713756671981171 ) ) ;
#3086 = B_SPLINE_SURFACE_WITH_KNOTS ( 'NONE', 3, 1, ( 
 ( #1794, #782 ),
 ( #1061, #7 ),
 ( #1074, #1317 ),
 ( #3387, #2594 ) ),
 .UNSPECIFIED., .F., .F., .F.,
 ( 4, 4 ),
 ( 2, 2 ),
 ( 0.8181818181818183433, 0.9090909090909092827 ),
 ( 0.000000000000000000, 1.000000000000000000 ),
 .UNSPECIFIED. ) ;
#3087 = AXIS2_PLACEMENT_3D ( 'NONE', #64, #1172, #2230 ) ;
#3088 = FACE_OUTER_BOUND ( 'NONE', #730, .T. ) ;
#3089 = EDGE_CURVE ( 'NONE', #1996, #789, #2174, .T. ) ;
#3090 = EDGE_CURVE ( 'NONE', #68, #2127, #395, .T. ) ;
#3091 = SURFACE_STYLE_FILL_AREA ( #2040 ) ;
#3092 = UNCERTAINTY_MEASURE_WITH_UNIT (LENGTH_MEASURE( 1.000000000000000082E-05 ), #733, 'distance_accuracy_value', 'NONE');
#3093 = FACE_OUTER_BOUND ( 'NONE', #2333, .T. ) ;
#3094 =( LENGTH_UNIT ( ) NAMED_UNIT ( * ) SI_UNIT ( .MILLI., .METRE. ) );
#3095 = FACE_OUTER_BOUND ( 'NONE', #2895, .T. ) ;
#3096 = DIRECTION ( 'NONE',  ( -1.000000000000000000, -0.000000000000000000, -0.000000000000000000 ) ) ;
#3097 = FILL_AREA_STYLE_COLOUR ( '', #2524 ) ;
#3098 = CARTESIAN_POINT ( 'NONE',  ( 1.093697081280719408, 1.998999999999999888, -0.3444821198668107098 ) ) ;
#3099 = COLOUR_RGB ( '',1.000000000000000000, 1.000000000000000000, 1.000000000000000000 ) ;
#3100 = DIRECTION ( 'NONE',  ( -0.000000000000000000, 1.000000000000000000, -0.000000000000000000 ) ) ;
#3101 = ORIENTED_EDGE ( 'NONE', *, *, #1970, .F. ) ;
#3102 =( NAMED_UNIT ( * ) SI_UNIT ( $, .STERADIAN. ) SOLID_ANGLE_UNIT ( ) );
#3103 = LINE ( 'NONE', #2596, #1073 ) ;
#3104 = CARTESIAN_POINT ( 'NONE',  ( 2.149999999999999467, 0.000000000000000000, -2.149999999999999911 ) ) ;
#3105 = VECTOR ( 'NONE', #2008, 1000.000000000000000 ) ;
#3106 = VERTEX_POINT ( 'NONE', #1998 ) ;
#3107 = DIRECTION ( 'NONE',  ( 0.000000000000000000, 0.000000000000000000, 1.000000000000000000 ) ) ;
#3108 = CARTESIAN_POINT ( 'NONE',  ( 1.005495959485847468, 1.998999999999999888, 0.2003896750049840858 ) ) ;
#3109 = COLOUR_RGB ( '',1.000000000000000000, 1.000000000000000000, 1.000000000000000000 ) ;
#3110 = DIRECTION ( 'NONE',  ( 1.000000000000000000, 0.000000000000000000, 0.000000000000000000 ) ) ;
#3111 = SURFACE_STYLE_FILL_AREA ( #2330 ) ;
#3112 = CARTESIAN_POINT ( 'NONE',  ( 1.161962249413596826, 1.998999999999999444, 0.4587707109648296866 ) ) ;
#3113 = FILL_AREA_STYLE_COLOUR ( '', #2467 ) ;
#3114 = LINE ( 'NONE', #1234, #2866 ) ;
#3115 = SURFACE_STYLE_FILL_AREA ( #2571 ) ;
#3116 = DIRECTION ( 'NONE',  ( 1.000000000000000000, 0.000000000000000000, 0.000000000000000000 ) ) ;
#3117 = ORIENTED_EDGE ( 'NONE', *, *, #857, .F. ) ;
#3118 =( LENGTH_UNIT ( ) NAMED_UNIT ( * ) SI_UNIT ( .MILLI., .METRE. ) );
#3119 = EDGE_LOOP ( 'NONE', ( #2202, #750, #1923, #2373 ) ) ;
#3120 =( NAMED_UNIT ( * ) PLANE_ANGLE_UNIT ( ) SI_UNIT ( $, .RADIAN. ) );
#3121 = LINE ( 'NONE', #2863, #2091 ) ;
#3122 = B_SPLINE_CURVE_WITH_KNOTS ( 'NONE', 3,
 ( #1653, #1112, #1855, #1379, #866, #1083, #1600, #2943, #587, #544, #53, #1639, #600, #322, #1128 ),
 .UNSPECIFIED., .F., .F.,
 ( 4, 1, 1, 1, 1, 1, 1, 1, 1, 1, 1, 1, 4 ),
 ( 0.000000000000000000, 0.05027287497458349935, 0.1027903700748775961, 0.1576131012369289819, 0.2146311133156756368, 0.2740612127265388276, 0.3356974550538851521, 0.4000702787165529850, 0.4668267493853403005, 0.6020780869193703699, 0.7357515335047496441, 0.8682046170340287361, 1.000000000000000000 ),
 .UNSPECIFIED. ) ;
#3123 = DIRECTION ( 'NONE',  ( 0.000000000000000000, -1.000000000000000000, 0.000000000000000000 ) ) ;
#3124 = CARTESIAN_POINT ( 'NONE',  ( 1.166976922377209513, 2.000000000000000000, 0.3669922281601857295 ) ) ;
#3125 = SURFACE_SIDE_STYLE ('',( #2814 ) ) ;
#3126 = ADVANCED_FACE ( 'NONE', ( #2539 ), #432, .F. ) ;
#3127 = LINE ( 'NONE', #478, #1338 ) ;
#3128 = CARTESIAN_POINT ( 'NONE',  ( 1.899999999999999911, 2.000000000000000000, 1.899999999999999689 ) ) ;
#3129 =( GEOMETRIC_REPRESENTATION_CONTEXT ( 3 ) GLOBAL_UNCERTAINTY_ASSIGNED_CONTEXT ( ( #1906 ) ) GLOBAL_UNIT_ASSIGNED_CONTEXT ( ( #2417, #3205, #2406 ) ) REPRESENTATION_CONTEXT ( 'NONE', 'WORKASPACE' ) );
#3130 = CARTESIAN_POINT ( 'NONE',  ( 1.672122341919930699, 1.999999999999999556, -0.6074953902548564377 ) ) ;
#3131 = ADVANCED_FACE ( 'NONE', ( #2782, #428, #2800 ), #913, .F. ) ;
#3132 = ADVANCED_FACE ( 'NONE', ( #2070 ), #2304, .F. ) ;
#3133 = CARTESIAN_POINT ( 'NONE',  ( 1.114470318460206721, 2.000000000000000444, -0.2355077608924517618 ) ) ;
#3134 = ORIENTED_EDGE ( 'NONE', *, *, #2395, .F. ) ;
#3135 = VECTOR ( 'NONE', #1136, 1000.000000000000000 ) ;
#3136 = PRESENTATION_STYLE_ASSIGNMENT (( #1077 ) ) ;
#3137 =( NAMED_UNIT ( * ) PLANE_ANGLE_UNIT ( ) SI_UNIT ( $, .RADIAN. ) );
#3138 = COLOUR_RGB ( '',1.000000000000000000, 1.000000000000000000, 1.000000000000000000 ) ;
#3139 = SURFACE_STYLE_USAGE ( .BOTH. , #2370 ) ;
#3140 = EDGE_LOOP ( 'NONE', ( #1177, #2975, #1127, #800, #1017, #2602, #3206, #807 ) ) ;
#3141 = DIRECTION ( 'NONE',  ( 0.000000000000000000, 1.000000000000000000, 0.000000000000000000 ) ) ;
#3142 = SURFACE_STYLE_FILL_AREA ( #2089 ) ;
#3143 = STYLED_ITEM ( 'NONE', ( #1526 ), #26 ) ;
#3144 = CARTESIAN_POINT ( 'NONE',  ( 1.604999999999999760, 0.000000000000000000, -1.625000000000000444 ) ) ;
#3145 = FILL_AREA_STYLE_COLOUR ( '', #1849 ) ;
#3146 = STYLED_ITEM ( 'NONE', ( #121 ), #941 ) ;
#3147 = CARTESIAN_POINT ( 'NONE',  ( -0.5846141668884511366, 1.998999999999999888, -0.3789759062515856147 ) ) ;
#3148 = LINE ( 'NONE', #1419, #2805 ) ;
#3149 = CARTESIAN_POINT ( 'NONE',  ( 1.122077273403712772, 1.999000000000000332, -0.8825351544907656942 ) ) ;
#3150 = CARTESIAN_POINT ( 'NONE',  ( 1.535105287417091180, 2.000000000000000000, 0.008529095630430564082 ) ) ;
#3151 = ORIENTED_EDGE ( 'NONE', *, *, #1764, .F. ) ;
#3152 = CARTESIAN_POINT ( 'NONE',  ( -0.7849999999999995870, 0.000000000000000000, 1.625000000000000000 ) ) ;
#3153 = CARTESIAN_POINT ( 'NONE',  ( 1.224256708570093499, 2.000000000000000000, 0.4047108882339554015 ) ) ;
#3154 = EDGE_LOOP ( 'NONE', ( #3238, #1852, #161, #3198 ) ) ;
#3155 =( LENGTH_UNIT ( ) NAMED_UNIT ( * ) SI_UNIT ( .MILLI., .METRE. ) );
#3156 = CARTESIAN_POINT ( 'NONE',  ( -0.2033966802742774582, 2.000000000000000000, 0.3783458701263677226 ) ) ;
#3157 = COLOUR_RGB ( '',0.8274509803921568096, 0.8392156862745098200, 0.8274509803921568096 ) ;
#3158 = FILL_AREA_STYLE_COLOUR ( '', #616 ) ;
#3159 = SURFACE_SIDE_STYLE ('',( #2844 ) ) ;
#3160 = CARTESIAN_POINT ( 'NONE',  ( 1.114470318460206499, 2.000000000000000000, -0.8893539147386056998 ) ) ;
#3161 = CARTESIAN_POINT ( 'NONE',  ( 1.140965832094679389, 2.000000000000000888, -0.3059510901845516329 ) ) ;
#3162 = LINE ( 'NONE', #2349, #1217 ) ;
#3163 = ORIENTED_EDGE ( 'NONE', *, *, #546, .F. ) ;
#3164 = SURFACE_STYLE_USAGE ( .BOTH. , #2896 ) ;
#3165 = CARTESIAN_POINT ( 'NONE',  ( 0.5189398236627312810, 1.998999999999999888, -0.0007644290862337006906 ) ) ;
#3166 = CARTESIAN_POINT ( 'NONE',  ( 1.114470318460206721, 1.999000000000000332, -0.8893539147386058108 ) ) ;
#3167 = EDGE_CURVE ( 'NONE', #1876, #2670, #2051, .T. ) ;
#3168 = ORIENTED_EDGE ( 'NONE', *, *, #168, .F. ) ;
#3169 = CARTESIAN_POINT ( 'NONE',  ( 1.166976922377209513, 2.000000000000000000, -0.2868539256859678477 ) ) ;
#3170 = EDGE_CURVE ( 'NONE', #2053, #3017, #2315, .T. ) ;
#3171 = EDGE_LOOP ( 'NONE', ( #1212, #869, #2942, #375, #2275, #1616, #3273, #2497 ) ) ;
#3172 = SURFACE_STYLE_USAGE ( .BOTH. , #1343 ) ;
#3173 = DIRECTION ( 'NONE',  ( 1.000000000000000000, -0.000000000000000000, -2.644395542647572259E-16 ) ) ;
#3174 = CARTESIAN_POINT ( 'NONE',  ( 1.161962249413596826, 2.000000000000000000, -0.1950754428813237795 ) ) ;
#3175 = ORIENTED_EDGE ( 'NONE', *, *, #2505, .T. ) ;
#3176 = CARTESIAN_POINT ( 'NONE',  ( 1.613538828075591125, 2.000000000000000000, 0.5768620307742146069 ) ) ;
#3177 = FACE_OUTER_BOUND ( 'NONE', #2234, .T. ) ;
#3178 = ORIENTED_EDGE ( 'NONE', *, *, #3011, .F. ) ;
#3179 = CARTESIAN_POINT ( 'NONE',  ( -1.647270752819367745, 2.000000000000000000, -1.500000000000000000 ) ) ;
#3180 = FILL_AREA_STYLE ('',( #1380 ) ) ;
#3181 =( GEOMETRIC_REPRESENTATION_CONTEXT ( 3 ) GLOBAL_UNCERTAINTY_ASSIGNED_CONTEXT ( ( #2004 ) ) GLOBAL_UNIT_ASSIGNED_CONTEXT ( ( #14, #849, #2411 ) ) REPRESENTATION_CONTEXT ( 'NONE', 'WORKASPACE' ) );
#3182 = ORIENTED_EDGE ( 'NONE', *, *, #436, .F. ) ;
#3183 = PRESENTATION_STYLE_ASSIGNMENT (( #1101 ) ) ;
#3184 = ADVANCED_FACE ( 'NONE', ( #3093 ), #3396, .T. ) ;
#3185 = STYLED_ITEM ( 'NONE', ( #3075 ), #459 ) ;
#3186 = VECTOR ( 'NONE', #2096, 1000.000000000000000 ) ;
#3187 =( GEOMETRIC_REPRESENTATION_CONTEXT ( 3 ) GLOBAL_UNCERTAINTY_ASSIGNED_CONTEXT ( ( #1785 ) ) GLOBAL_UNIT_ASSIGNED_CONTEXT ( ( #293, #21, #2506 ) ) REPRESENTATION_CONTEXT ( 'NONE', 'WORKASPACE' ) );
#3188 = CARTESIAN_POINT ( 'NONE',  ( 1.791999731630300019, 2.000000000000000000, 0.06644460945355018522 ) ) ;
#3189 = VERTEX_POINT ( 'NONE', #1786 ) ;
#3190 = B_SPLINE_CURVE_WITH_KNOTS ( 'NONE', 3,
 ( #530, #2074, #3375, #3156 ),
 .UNSPECIFIED., .F., .F.,
 ( 4, 4 ),
 ( 0.7272727272727274039, 0.8181818181818183433 ),
 .UNSPECIFIED. ) ;
#3191 = FILL_AREA_STYLE ('',( #2657 ) ) ;
#3192 = SURFACE_STYLE_USAGE ( .BOTH. , #1394 ) ;
#3193 = EDGE_LOOP ( 'NONE', ( #1471, #1111, #924, #811 ) ) ;
#3194 = DIRECTION ( 'NONE',  ( -0.000000000000000000, 1.000000000000000000, -0.000000000000000000 ) ) ;
#3195 = DIRECTION ( 'NONE',  ( -0.000000000000000000, 1.000000000000000000, -0.000000000000000000 ) ) ;
#3196 = CARTESIAN_POINT ( 'NONE',  ( 1.734634102153721269, 2.000000000000000000, 0.05880723340261857779 ) ) ;
#3197 =( NAMED_UNIT ( * ) PLANE_ANGLE_UNIT ( ) SI_UNIT ( $, .RADIAN. ) );
#3198 = ORIENTED_EDGE ( 'NONE', *, *, #2832, .T. ) ;
#3199 = CARTESIAN_POINT ( 'NONE',  ( 1.271732682161234251, 1.998999999999999444, -0.1180518716167084509 ) ) ;
#3200 = PRESENTATION_LAYER_ASSIGNMENT (  '', '', ( #403 ) ) ;
#3201 = EDGE_CURVE ( 'NONE', #1446, #954, #1768, .T. ) ;
#3202 = PRESENTATION_LAYER_ASSIGNMENT (  '', '', ( #1130 ) ) ;
#3203 = B_SPLINE_CURVE_WITH_KNOTS ( 'NONE', 3,
 ( #2611, #1361, #2146, #1593, #2103, #1875, #2390 ),
 .UNSPECIFIED., .F., .F.,
 ( 4, 1, 1, 1, 4 ),
 ( 0.000000000000000000, 0.2372165186042102247, 0.4825864912431362397, 0.7368469271779309882, 1.000000000000000000 ),
 .UNSPECIFIED. ) ;
#3204 = CARTESIAN_POINT ( 'NONE',  ( 0.7354871496469833625, 2.000000000000000000, -0.01750269680276892240 ) ) ;
#3205 =( NAMED_UNIT ( * ) PLANE_ANGLE_UNIT ( ) SI_UNIT ( $, .RADIAN. ) );
#3206 = ORIENTED_EDGE ( 'NONE', *, *, #3265, .T. ) ;
#3207 = CARTESIAN_POINT ( 'NONE',  ( 1.399473708798349092, 1.999999999999999556, -0.7009965144484712196 ) ) ;
#3208 = DIRECTION ( 'NONE',  ( 0.000000000000000000, 0.000000000000000000, 1.000000000000000000 ) ) ;
#3209 = DIRECTION ( 'NONE',  ( 0.000000000000000000, 0.000000000000000000, -1.000000000000000000 ) ) ;
#3210 = ORIENTED_EDGE ( 'NONE', *, *, #1404, .F. ) ;
#3211 = DIRECTION ( 'NONE',  ( 0.000000000000000000, -0.000000000000000000, -1.000000000000000000 ) ) ;
#3212 = CARTESIAN_POINT ( 'NONE',  ( 1.836137204112395560, 2.000000000000000444, 0.06935906278429597449 ) ) ;
#3213 = ORIENTED_EDGE ( 'NONE', *, *, #715, .F. ) ;
#3214 = LINE ( 'NONE', #313, #1769 ) ;
#3215 =( LENGTH_UNIT ( ) NAMED_UNIT ( * ) SI_UNIT ( .MILLI., .METRE. ) );
#3216 = CARTESIAN_POINT ( 'NONE',  ( 1.763933828761196754, 1.998999999999999888, 0.7171248994103364138 ) ) ;
#3217 = ORIENTED_EDGE ( 'NONE', *, *, #248, .F. ) ;
#3218 = EDGE_CURVE ( 'NONE', #2878, #2085, #980, .T. ) ;
#3219 = CARTESIAN_POINT ( 'NONE',  ( 1.844598523588411698, 2.000000000000000000, 0.6144922391075480217 ) ) ;
#3220 = EDGE_CURVE ( 'NONE', #13, #35, #1001, .T. ) ;
#3221 = CARTESIAN_POINT ( 'NONE',  ( 1.161962249413596826, 1.999999999999999556, 0.4587707109648296866 ) ) ;
#3222 = CARTESIAN_POINT ( 'NONE',  ( 0.1654665890170580467, 1.998999999999999888, -0.6426426023145787036 ) ) ;
#3223 = ORIENTED_EDGE ( 'NONE', *, *, #2902, .T. ) ;
#3224 = CARTESIAN_POINT ( 'NONE',  ( -0.8685181164947515242, 1.998999999999999888, -0.2812083723933140322 ) ) ;
#3225 = CARTESIAN_POINT ( 'NONE',  ( -0.8685181164947515242, 2.000000000000000000, -0.2812083723933140322 ) ) ;
#3226 = SURFACE_SIDE_STYLE ('',( #54 ) ) ;
#3227 = VERTEX_POINT ( 'NONE', #2548 ) ;
#3228 =( NAMED_UNIT ( * ) SI_UNIT ( $, .STERADIAN. ) SOLID_ANGLE_UNIT ( ) );
#3229 = MECHANICAL_DESIGN_GEOMETRIC_PRESENTATION_REPRESENTATION (  '', ( #1974 ), #2188 ) ;
#3230 = AXIS2_PLACEMENT_3D ( 'NONE', #2645, #299, #772 ) ;
#3231 = MECHANICAL_DESIGN_GEOMETRIC_PRESENTATION_REPRESENTATION (  '', ( #1161 ), #3018 ) ;
#3232 = CARTESIAN_POINT ( 'NONE',  ( 1.631480882556953560, 1.998999999999999888, -0.07228221873623559557 ) ) ;
#3233 = AXIS2_PLACEMENT_3D ( 'NONE', #520, #2186, #2697 ) ;
#3234 = VERTEX_POINT ( 'NONE', #2042 ) ;
#3235 = CARTESIAN_POINT ( 'NONE',  ( 1.137494231787218979, 2.000000000000000444, 0.4389766833221717679 ) ) ;
#3236 = FILL_AREA_STYLE_COLOUR ( '', #1621 ) ;
#3237 = PRESENTATION_LAYER_ASSIGNMENT (  '', '', ( #1342 ) ) ;
#3238 = ORIENTED_EDGE ( 'NONE', *, *, #2303, .F. ) ;
#3239 = CARTESIAN_POINT ( 'NONE',  ( 1.005495959485847468, 1.998999999999999888, -0.9983282737129647311 ) ) ;
#3240 = ADVANCED_FACE ( 'NONE', ( #203 ), #3342, .T. ) ;
#3241 =( NAMED_UNIT ( * ) PLANE_ANGLE_UNIT ( ) SI_UNIT ( $, .RADIAN. ) );
#3242 = FILL_AREA_STYLE ('',( #2466 ) ) ;
#3243 = VERTEX_POINT ( 'NONE', #1545 ) ;
#3244 = PRESENTATION_STYLE_ASSIGNMENT (( #376 ) ) ;
#3245 = CARTESIAN_POINT ( 'NONE',  ( 1.466705123443036163, 1.998999999999999888, -0.01732174612297955260 ) ) ;
#3246 = CARTESIAN_POINT ( 'NONE',  ( -0.8685181164947515242, 1.998999999999999888, -0.2812083723933140322 ) ) ;
#3247 = PRESENTATION_LAYER_ASSIGNMENT (  '', '', ( #3353 ) ) ;
#3248 = UNCERTAINTY_MEASURE_WITH_UNIT (LENGTH_MEASURE( 1.000000000000000082E-05 ), #816, 'distance_accuracy_value', 'NONE');
#3249 = CARTESIAN_POINT ( 'NONE',  ( -1.604999999999999760, 0.000000000000000000, 1.625000000000000000 ) ) ;
#3250 = ORIENTED_EDGE ( 'NONE', *, *, #763, .T. ) ;
#3251 =( GEOMETRIC_REPRESENTATION_CONTEXT ( 3 ) GLOBAL_UNCERTAINTY_ASSIGNED_CONTEXT ( ( #888 ) ) GLOBAL_UNIT_ASSIGNED_CONTEXT ( ( #1195, #3038, #1994 ) ) REPRESENTATION_CONTEXT ( 'NONE', 'WORKASPACE' ) );
#3252 = LINE ( 'NONE', #1235, #610 ) ;
#3253 = CARTESIAN_POINT ( 'NONE',  ( 0.7354871496469833625, 1.998999999999999888, -0.01750269680276892240 ) ) ;
#3254 =( NAMED_UNIT ( * ) SI_UNIT ( $, .STERADIAN. ) SOLID_ANGLE_UNIT ( ) );
#3255 = ORIENTED_EDGE ( 'NONE', *, *, #3381, .F. ) ;
#3256 = DIRECTION ( 'NONE',  ( -0.000000000000000000, 1.000000000000000000, -0.000000000000000000 ) ) ;
#3257 = CARTESIAN_POINT ( 'NONE',  ( -0.2396980849986908024, 2.000000000000000000, -0.5241952826295385170 ) ) ;
#3258 = CARTESIAN_POINT ( 'NONE',  ( -2.150000000000000355, 2.000000000000000000, -1.900000000000000133 ) ) ;
#3259 = FACE_OUTER_BOUND ( 'NONE', #2203, .T. ) ;
#3260 = EDGE_CURVE ( 'NONE', #3106, #348, #2852, .T. ) ;
#3261 = FACE_OUTER_BOUND ( 'NONE', #1362, .T. ) ;
#3262 = ORIENTED_EDGE ( 'NONE', *, *, #1366, .F. ) ;
#3263 = CARTESIAN_POINT ( 'NONE',  ( 1.631480882556953338, 1.998999999999999444, 0.5815639351099178844 ) ) ;
#3264 = ADVANCED_FACE ( 'NONE', ( #709 ), #187, .F. ) ;
#3265 = EDGE_CURVE ( 'NONE', #2655, #1683, #973, .T. ) ;
#3266 = CARTESIAN_POINT ( 'NONE',  ( 1.783761415491975866, 2.000000000000000444, -0.04414982979772683058 ) ) ;
#3267 = DIRECTION ( 'NONE',  ( 0.000000000000000000, 1.000000000000000000, 0.000000000000000000 ) ) ;
#3268 = ORIENTED_EDGE ( 'NONE', *, *, #3260, .T. ) ;
#3269 = DIRECTION ( 'NONE',  ( 0.000000000000000000, 0.000000000000000000, -1.000000000000000000 ) ) ;
#3270 =( NAMED_UNIT ( * ) PLANE_ANGLE_UNIT ( ) SI_UNIT ( $, .RADIAN. ) );
#3271 = CARTESIAN_POINT ( 'NONE',  ( 1.187387142859996247, 2.000000000000000888, 0.4785811866517564739 ) ) ;
#3272 =( NAMED_UNIT ( * ) SI_UNIT ( $, .STERADIAN. ) SOLID_ANGLE_UNIT ( ) );
#3273 = ORIENTED_EDGE ( 'NONE', *, *, #1020, .T. ) ;
#3274 = CARTESIAN_POINT ( 'NONE',  ( 1.588695564061296528, 1.998999999999999888, -0.7380808659891547885 ) ) ;
#3275 = CARTESIAN_POINT ( 'NONE',  ( -1.647270752819367745, 1.998999999999999888, 1.500000000000000000 ) ) ;
#3276 = UNCERTAINTY_MEASURE_WITH_UNIT (LENGTH_MEASURE( 1.000000000000000082E-05 ), #1405, 'distance_accuracy_value', 'NONE');
#3277 =( LENGTH_UNIT ( ) NAMED_UNIT ( * ) SI_UNIT ( .MILLI., .METRE. ) );
#3278 = CARTESIAN_POINT ( 'NONE',  ( 1.224256708570093499, 1.998999999999999888, -0.9029814194583523079 ) ) ;
#3279 =( NAMED_UNIT ( * ) PLANE_ANGLE_UNIT ( ) SI_UNIT ( $, .RADIAN. ) );
#3280 = FILL_AREA_STYLE ('',( #3048 ) ) ;
#3281 = UNCERTAINTY_MEASURE_WITH_UNIT (LENGTH_MEASURE( 1.000000000000000082E-05 ), #2167, 'distance_accuracy_value', 'NONE');
#3282 = CARTESIAN_POINT ( 'NONE',  ( 1.724662807284685906, 1.998999999999999444, -0.05224561096091889095 ) ) ;
#3283 = PRESENTATION_LAYER_ASSIGNMENT (  '', '', ( #1974 ) ) ;
#3284 = EDGE_CURVE ( 'NONE', #1185, #2147, #1501, .T. ) ;
#3285 = COLOUR_RGB ( '',1.000000000000000000, 1.000000000000000000, 1.000000000000000000 ) ;
#3286 = PRESENTATION_LAYER_ASSIGNMENT (  '', '', ( #1375 ) ) ;
#3287 = DIRECTION ( 'NONE',  ( 0.000000000000000000, 0.000000000000000000, 1.000000000000000000 ) ) ;
#3288 = CARTESIAN_POINT ( 'NONE',  ( -1.604999999999999760, -0.1000000000000000056, -1.625000000000000000 ) ) ;
#3289 = ORIENTED_EDGE ( 'NONE', *, *, #305, .T. ) ;
#3290 = CARTESIAN_POINT ( 'NONE',  ( 1.005495959485847468, 1.998999999999999888, 0.2003896750049840858 ) ) ;
#3291 = CARTESIAN_POINT ( 'NONE',  ( 1.604999999999999760, 0.000000000000000000, 1.625000000000000444 ) ) ;
#3292 =( GEOMETRIC_REPRESENTATION_CONTEXT ( 3 ) GLOBAL_UNCERTAINTY_ASSIGNED_CONTEXT ( ( #419 ) ) GLOBAL_UNIT_ASSIGNED_CONTEXT ( ( #1390, #2419, #667 ) ) REPRESENTATION_CONTEXT ( 'NONE', 'WORKASPACE' ) );
#3293 = LINE ( 'NONE', #876, #272 ) ;
#3294 = CARTESIAN_POINT ( 'NONE',  ( 0.7498407874422584607, 1.998999999999999888, 0.4297644528035306499 ) ) ;
#3295 = EDGE_LOOP ( 'NONE', ( #119, #398, #2287, #171 ) ) ;
#3296 = CARTESIAN_POINT ( 'NONE',  ( -0.4665199558648298606, 1.998999999999999888, 0.2714273189452667823 ) ) ;
#3297 = CARTESIAN_POINT ( 'NONE',  ( 1.114470318460206499, 2.000000000000000000, -0.2355077608924517341 ) ) ;
#3298 =( NAMED_UNIT ( * ) PLANE_ANGLE_UNIT ( ) SI_UNIT ( $, .RADIAN. ) );
#3299 = STYLED_ITEM ( 'NONE', ( #1571 ), #642 ) ;
#3300 = CARTESIAN_POINT ( 'NONE',  ( 1.844598523588411698, 2.000000000000000000, 0.06962044423575332319 ) ) ;
#3301 = CARTESIAN_POINT ( 'NONE',  ( 1.588695564061296528, 1.998999999999999888, -0.7380808659891547885 ) ) ;
#3302 =( GEOMETRIC_REPRESENTATION_CONTEXT ( 3 ) GLOBAL_UNCERTAINTY_ASSIGNED_CONTEXT ( ( #3092 ) ) GLOBAL_UNIT_ASSIGNED_CONTEXT ( ( #733, #3137, #2107 ) ) REPRESENTATION_CONTEXT ( 'NONE', 'WORKASPACE' ) );
#3303 = ORIENTED_EDGE ( 'NONE', *, *, #223, .T. ) ;
#3304 = MECHANICAL_DESIGN_GEOMETRIC_PRESENTATION_REPRESENTATION (  '', ( #1120 ), #672 ) ;
#3305 = DIRECTION ( 'NONE',  ( 0.000000000000000000, 0.000000000000000000, 1.000000000000000000 ) ) ;
#3306 = UNCERTAINTY_MEASURE_WITH_UNIT (LENGTH_MEASURE( 1.000000000000000082E-05 ), #1072, 'distance_accuracy_value', 'NONE');
#3307 = CARTESIAN_POINT ( 'NONE',  ( 1.255322057264013580, 1.998999999999999888, 0.4236932439505882164 ) ) ;
#3308 = CARTESIAN_POINT ( 'NONE',  ( -0.2033966802742774582, 2.000000000000000000, 0.3783458701263677226 ) ) ;
#3309 = EDGE_CURVE ( 'NONE', #2768, #908, #2248, .T. ) ;
#3310 = SURFACE_SIDE_STYLE ('',( #167 ) ) ;
#3311 = ORIENTED_EDGE ( 'NONE', *, *, #1404, .T. ) ;
#3312 = LINE ( 'NONE', #444, #150 ) ;
#3313 = MECHANICAL_DESIGN_GEOMETRIC_PRESENTATION_REPRESENTATION (  '', ( #1183 ), #464 ) ;
#3314 = AXIS2_PLACEMENT_3D ( 'NONE', #2011, #1218, #2761 ) ;
#3315 = B_SPLINE_SURFACE_WITH_KNOTS ( 'NONE', 3, 1, ( 
 ( #2957, #1255 ),
 ( #471, #976 ),
 ( #2273, #1759 ),
 ( #2803, #695 ),
 ( #199, #454 ),
 ( #1524, #1741 ),
 ( #3278, #994 ),
 ( #1506, #3045 ),
 ( #2035, #3322 ),
 ( #3064, #3085 ),
 ( #1273, #2784 ),
 ( #734, #2001 ),
 ( #1469, #754 ),
 ( #3301, #431 ),
 ( #1486, #1781 ) ),
 .UNSPECIFIED., .F., .F., .F.,
 ( 4, 1, 1, 1, 1, 1, 1, 1, 1, 1, 1, 1, 4 ),
 ( 2, 2 ),
 ( 0.000000000000000000, 0.05027287497458372140, 0.1027903700748777072, 0.1576131012369290929, 0.2146311133156756645, 0.2740612127265388276, 0.3356974550538851521, 0.4000702787165529295, 0.4668267493853402450, 0.6020780869193703699, 0.7357515335047495331, 0.8682046170340285141, 1.000000000000000000 ),
 ( 0.000000000000000000, 1.000000000000000000 ),
 .UNSPECIFIED. ) ;
#3316 = CARTESIAN_POINT ( 'NONE',  ( 0.6606705323241469641, 1.998999999999999888, -0.3195756920783592303 ) ) ;
#3317 = FILL_AREA_STYLE_COLOUR ( '', #2604 ) ;
#3318 =( NAMED_UNIT ( * ) SI_UNIT ( $, .STERADIAN. ) SOLID_ANGLE_UNIT ( ) );
#3319 =( LENGTH_UNIT ( ) NAMED_UNIT ( * ) SI_UNIT ( .MILLI., .METRE. ) );
#3320 = FACE_BOUND ( 'NONE', #2965, .T. ) ;
#3321 = CARTESIAN_POINT ( 'NONE',  ( 1.114470318460206721, 1.999000000000000332, -0.2355077608924517618 ) ) ;
#3322 = CARTESIAN_POINT ( 'NONE',  ( 1.288135590727312207, 2.000000000000000444, -0.8651415613886092038 ) ) ;
#3323 = ORIENTED_EDGE ( 'NONE', *, *, #2014, .T. ) ;
#3324 =( LENGTH_UNIT ( ) NAMED_UNIT ( * ) SI_UNIT ( .MILLI., .METRE. ) );
#3325 = CARTESIAN_POINT ( 'NONE',  ( 1.844598523588411698, 2.000000000000000000, 0.6144922391075480217 ) ) ;
#3326 = CARTESIAN_POINT ( 'NONE',  ( 1.783761415491975866, 1.999000000000000332, -0.04414982979772683058 ) ) ;
#3327 = MANIFOLD_SOLID_BREP ( 'Cut-Extrude1', #1546 ) ;
#3328 = SURFACE_STYLE_USAGE ( .BOTH. , #2316 ) ;
#3329 = CARTESIAN_POINT ( 'NONE',  ( 1.667981684308877277, 2.000000000000000000, -0.06271679922464636070 ) ) ;
#3330 = DIRECTION ( 'NONE',  ( -0.000000000000000000, 0.000000000000000000, -1.000000000000000000 ) ) ;
#3331 = ORIENTED_EDGE ( 'NONE', *, *, #267, .F. ) ;
#3332 = CARTESIAN_POINT ( 'NONE',  ( 1.005495959485847468, 2.000000000000000000, -0.4534564788411698522 ) ) ;
#3333 = CARTESIAN_POINT ( 'NONE',  ( 1.592944016905270654, 2.000000000000000444, -0.6275465048497027576 ) ) ;
#3334 = CARTESIAN_POINT ( 'NONE',  ( -0.1005526361797927787, 2.000000000000000000, -0.3828990810547363566 ) ) ;
#3335 = VERTEX_POINT ( 'NONE', #1734 ) ;
#3336 = CARTESIAN_POINT ( 'NONE',  ( 0.5134184882296605190, 1.998999999999999888, 0.3980672181578631119 ) ) ;
#3337 = ADVANCED_FACE ( 'NONE', ( #196 ), #3086, .F. ) ;
#3338 = EDGE_CURVE ( 'NONE', #369, #828, #3203, .T. ) ;
#3339 = PRESENTATION_STYLE_ASSIGNMENT (( #2292 ) ) ;
#3340 = SURFACE_STYLE_USAGE ( .BOTH. , #1454 ) ;
#3341 = CARTESIAN_POINT ( 'NONE',  ( -0.5619670613766420963, 1.998999999999999888, -0.5345340290862313770 ) ) ;
#3342 = PLANE ( 'NONE',  #2836 ) ;
#3343 = DIRECTION ( 'NONE',  ( 0.000000000000000000, 1.000000000000000000, -0.000000000000000000 ) ) ;
#3344 = VECTOR ( 'NONE', #2716, 1000.000000000000000 ) ;
#3345 = SURFACE_STYLE_FILL_AREA ( #2298 ) ;
#3346 = AXIS2_PLACEMENT_3D ( 'NONE', #2013, #416, #2237 ) ;
#3347 =( NAMED_UNIT ( * ) SI_UNIT ( $, .STERADIAN. ) SOLID_ANGLE_UNIT ( ) );
#3348 = DIRECTION ( 'NONE',  ( 0.6128916609699368578, -0.000000000000000000, -0.7901669519244093332 ) ) ;
#3349 = FACE_OUTER_BOUND ( 'NONE', #1893, .T. ) ;
#3350 = LINE ( 'NONE', #751, #217 ) ;
#3351 = DIRECTION ( 'NONE',  ( -1.000000000000000000, 0.000000000000000000, -2.644395542647572259E-16 ) ) ;
#3352 = CARTESIAN_POINT ( 'NONE',  ( 1.604999999999999760, -0.1000000000000000056, -1.625000000000000444 ) ) ;
#3353 = STYLED_ITEM ( 'NONE', ( #615 ), #2973 ) ;
#3354 = MECHANICAL_DESIGN_GEOMETRIC_PRESENTATION_REPRESENTATION (  '', ( #2682 ), #3292 ) ;
#3355 =( NAMED_UNIT ( * ) PLANE_ANGLE_UNIT ( ) SI_UNIT ( $, .RADIAN. ) );
#3356 =( NAMED_UNIT ( * ) PLANE_ANGLE_UNIT ( ) SI_UNIT ( $, .RADIAN. ) );
#3357 = EDGE_CURVE ( 'NONE', #486, #1638, #1892, .T. ) ;
#3358 = MECHANICAL_DESIGN_GEOMETRIC_PRESENTATION_REPRESENTATION (  '', ( #3024 ), #44 ) ;
#3359 = ORIENTED_EDGE ( 'NONE', *, *, #61, .T. ) ;
#3360 = CARTESIAN_POINT ( 'NONE',  ( 1.093697081280719408, 2.000000000000000000, -0.3444821198668107098 ) ) ;
#3361 = MECHANICAL_DESIGN_GEOMETRIC_PRESENTATION_REPRESENTATION (  '', ( #563 ), #3187 ) ;
#3362 = CARTESIAN_POINT ( 'NONE',  ( 1.114470318460206499, 1.998999999999999888, 0.2003896750049840858 ) ) ;
#3363 = UNCERTAINTY_MEASURE_WITH_UNIT (LENGTH_MEASURE( 1.000000000000000082E-05 ), #2554, 'distance_accuracy_value', 'NONE');
#3364 = STYLED_ITEM ( 'NONE', ( #381 ), #1154 ) ;
#3365 =( NAMED_UNIT ( * ) PLANE_ANGLE_UNIT ( ) SI_UNIT ( $, .RADIAN. ) );
#3366 = FILL_AREA_STYLE_COLOUR ( '', #1983 ) ;
#3367 = CARTESIAN_POINT ( 'NONE',  ( 1.466705123443036163, 1.999999999999999556, 0.6365244077231740905 ) ) ;
#3368 = CARTESIAN_POINT ( 'NONE',  ( 1.344862199222084165, 2.000000000000000888, -0.7292029753674941217 ) ) ;
#3369 = DIRECTION ( 'NONE',  ( -1.008560160451632221E-16, -0.000000000000000000, -1.000000000000000000 ) ) ;
#3370 = ORIENTED_EDGE ( 'NONE', *, *, #1442, .T. ) ;
#3371 = CARTESIAN_POINT ( 'NONE',  ( 1.005495959485847468, 2.000000000000000000, -0.3444821198668107098 ) ) ;
#3372 = LINE ( 'NONE', #1034, #556 ) ;
#3373 = MECHANICAL_DESIGN_GEOMETRIC_PRESENTATION_REPRESENTATION (  '', ( #2547 ), #1899 ) ;
#3374 = ORIENTED_EDGE ( 'NONE', *, *, #1490, .F. ) ;
#3375 = CARTESIAN_POINT ( 'NONE',  ( 0.1433606110643076414, 2.000000000000000000, 0.5192637409925079384 ) ) ;
#3376 = EDGE_CURVE ( 'NONE', #2354, #110, #3162, .T. ) ;
#3377 = MECHANICAL_DESIGN_GEOMETRIC_PRESENTATION_REPRESENTATION (  '', ( #1031 ), #657 ) ;
#3378 =( LENGTH_UNIT ( ) NAMED_UNIT ( * ) SI_UNIT ( .MILLI., .METRE. ) );
#3379 = PRESENTATION_STYLE_ASSIGNMENT (( #2918 ) ) ;
#3380 = EDGE_CURVE ( 'NONE', #908, #68, #2109, .T. ) ;
#3381 = EDGE_CURVE ( 'NONE', #954, #2139, #270, .T. ) ;
#3382 = FILL_AREA_STYLE ('',( #1770 ) ) ;
#3383 = LINE ( 'NONE', #3160, #2869 ) ;
#3384 = CARTESIAN_POINT ( 'NONE',  ( 1.005495959485847468, 1.998999999999999888, 0.3093640339793429228 ) ) ;
#3385 = CARTESIAN_POINT ( 'NONE',  ( 1.791999731630300463, 2.000000000000000444, -0.5874015443926038360 ) ) ;
#3386 = CARTESIAN_POINT ( 'NONE',  ( 1.465638922642791497, 2.000000000000000444, -0.1260780395457543612 ) ) ;
#3387 = CARTESIAN_POINT ( 'NONE',  ( 0.5189398236627312810, 1.998999999999999888, -0.0007644290862337006906 ) ) ;
#3388 = ORIENTED_EDGE ( 'NONE', *, *, #3376, .F. ) ;
#3389 =( LENGTH_UNIT ( ) NAMED_UNIT ( * ) SI_UNIT ( .MILLI., .METRE. ) );
#3390 = LINE ( 'NONE', #1270, #460 ) ;
#3391 = CARTESIAN_POINT ( 'NONE',  ( 1.122077273403712772, 1.999000000000000332, -0.8825351544907656942 ) ) ;
#3392 = ORIENTED_EDGE ( 'NONE', *, *, #2993, .F. ) ;
#3393 = CARTESIAN_POINT ( 'NONE',  ( 1.899999999999999245, 2.000000000000000000, -1.899999999999999911 ) ) ;
#3394 = CARTESIAN_POINT ( 'NONE',  ( 2.149999999999999467, 2.000000000000000000, -1.900000000000000133 ) ) ;
#3395 = B_SPLINE_CURVE_WITH_KNOTS ( 'NONE', 3,
 ( #3406, #3084, #1304, #769 ),
 .UNSPECIFIED., .F., .F.,
 ( 4, 4 ),
 ( 0.5454545454545455252, 0.6363636363636364646 ),
 .UNSPECIFIED. ) ;
#3396 = PLANE ( 'NONE',  #2335 ) ;
#3397 = CARTESIAN_POINT ( 'NONE',  ( -0.1005526361797927787, 2.000000000000000000, -0.3828990810547363566 ) ) ;
#3398 = CARTESIAN_POINT ( 'NONE',  ( 1.466705123443036163, 2.000000000000000444, -0.01732174612297955260 ) ) ;
#3399 = SURFACE_STYLE_USAGE ( .BOTH. , #1261 ) ;
#3400 = EDGE_CURVE ( 'NONE', #2191, #1274, #202, .T. ) ;
#3401 =( NAMED_UNIT ( * ) PLANE_ANGLE_UNIT ( ) SI_UNIT ( $, .RADIAN. ) );
#3402 = CARTESIAN_POINT ( 'NONE',  ( 0.5189398236627312810, 2.000000000000000000, -0.0007644290862337006906 ) ) ;
#3403 = CARTESIAN_POINT ( 'NONE',  ( 1.344862199222084165, 1.999000000000000776, -0.7292029753674941217 ) ) ;
#3404 = CARTESIAN_POINT ( 'NONE',  ( 1.763933828761196976, 2.000000000000000444, 0.06327874556418287832 ) ) ;
#3405 = MECHANICAL_DESIGN_GEOMETRIC_PRESENTATION_REPRESENTATION (  '', ( #719 ), #2627 ) ;
#3406 = CARTESIAN_POINT ( 'NONE',  ( -0.6553023936601068966, 2.000000000000000000, -0.2231953708185161755 ) ) ;
#3407 = VECTOR ( 'NONE', #2615, 1000.000000000000000 ) ;
#3408 = CARTESIAN_POINT ( 'NONE',  ( 1.101198395776622929, 1.999999999999999556, 0.3157785649861569177 ) ) ;
#3409 = ORIENTED_EDGE ( 'NONE', *, *, #3309, .T. ) ;
#3410 = CARTESIAN_POINT ( 'NONE',  ( -0.8318957038963288309, 2.000000000000000000, -0.4085086306610319351 ) ) ;
#3411 = B_SPLINE_CURVE_WITH_KNOTS ( 'NONE', 3,
 ( #3025, #1540, #677, #1202, #1720, #2767, #417, #2502, #1066, #12, #510, #1615, #2087, #1080, #787, #770, #1320, #569, #277, #2597, #2352, #3391, #3166 ),
 .UNSPECIFIED., .F., .F.,
 ( 4, 1, 1, 1, 1, 1, 1, 1, 1, 1, 1, 1, 1, 1, 1, 1, 1, 1, 1, 1, 4 ),
 ( 0.000000000000000000, 0.03151551312998480958, 0.06480979674365734688, 0.09991169883527560580, 0.1366755286001710423, 0.1751432978746825242, 0.2157650117082456631, 0.2581569125231217288, 0.3022930440652046857, 0.3927408518774001545, 0.4832984694610616416, 0.5744114847371660781, 0.6664774093514971298, 0.7120107481430553165, 0.7563744975915033253, 0.7998154803065209428, 0.8419616993485901091, 0.8828431755911849699, 0.9229180315891943875, 0.9619666184423849575, 1.000000000000000000 ),
 .UNSPECIFIED. ) ;
#3412 = VECTOR ( 'NONE', #3256, 1000.000000000000000 ) ;
ENDSEC;
END-ISO-10303-21;
