ISO-10303-21;
HEADER;
FILE_DESCRIPTION (( 'STEP AP214' ),
    '1' );
FILE_NAME ('CREE LED XMLDCL-00-0000-00C3AAAE7.STEP',
    '2025-06-25T09:12:24',
    ( '' ),
    ( '' ),
    'SwSTEP 2.0',
    'SolidWorks 2023',
    '' );
FILE_SCHEMA (( 'AUTOMOTIVE_DESIGN' ));
ENDSEC;

DATA;
#1 = DIRECTION ( 'NONE',  ( -1.000000000000000000, -0.000000000000000000, -0.000000000000000000 ) ) ;
#2 =( NAMED_UNIT ( * ) PLANE_ANGLE_UNIT ( ) SI_UNIT ( $, .RADIAN. ) );
#3 =( LENGTH_UNIT ( ) NAMED_UNIT ( * ) SI_UNIT ( .MILLI., .METRE. ) );
#4 = FILL_AREA_STYLE ('',( #4573 ) ) ;
#5 = VECTOR ( 'NONE', #4199, 1000.000000000000000 ) ;
#6 = ORIENTED_EDGE ( 'NONE', *, *, #4168, .T. ) ;
#7 = ORIENTED_EDGE ( 'NONE', *, *, #6041, .F. ) ;
#8 = ORIENTED_EDGE ( 'NONE', *, *, #122, .F. ) ;
#9 =( NAMED_UNIT ( * ) SI_UNIT ( $, .STERADIAN. ) SOLID_ANGLE_UNIT ( ) );
#10 = LINE ( 'NONE', #2077, #566 ) ;
#11 = MECHANICAL_DESIGN_GEOMETRIC_PRESENTATION_REPRESENTATION (  '', ( #448 ), #3706 ) ;
#12 = CARTESIAN_POINT ( 'NONE',  ( -2.390000000000026770, 0.2999999999999999889, -0.1250000000000009714 ) ) ;
#13 =( GEOMETRIC_REPRESENTATION_CONTEXT ( 3 ) GLOBAL_UNCERTAINTY_ASSIGNED_CONTEXT ( ( #5320 ) ) GLOBAL_UNIT_ASSIGNED_CONTEXT ( ( #1062, #101, #1168 ) ) REPRESENTATION_CONTEXT ( 'NONE', 'WORKASPACE' ) );
#14 =( NAMED_UNIT ( * ) PLANE_ANGLE_UNIT ( ) SI_UNIT ( $, .RADIAN. ) );
#15 = STYLED_ITEM ( 'NONE', ( #4246 ), #4864 ) ;
#16 = CARTESIAN_POINT ( 'NONE',  ( -0.8500000000000001998, 0.5999999999999999778, 0.8499999999999998668 ) ) ;
#17 = FILL_AREA_STYLE ('',( #1509 ) ) ;
#18 = LINE ( 'NONE', #1510, #2181 ) ;
#19 = VECTOR ( 'NONE', #4826, 1000.000000000000000 ) ;
#20 =( GEOMETRIC_REPRESENTATION_CONTEXT ( 3 ) GLOBAL_UNCERTAINTY_ASSIGNED_CONTEXT ( ( #3660 ) ) GLOBAL_UNIT_ASSIGNED_CONTEXT ( ( #3428, #5436, #3984 ) ) REPRESENTATION_CONTEXT ( 'NONE', 'WORKASPACE' ) );
#21 = ORIENTED_EDGE ( 'NONE', *, *, #3829, .F. ) ;
#22 = SURFACE_STYLE_FILL_AREA ( #3629 ) ;
#23 = PRESENTATION_STYLE_ASSIGNMENT (( #4700 ) ) ;
#24 = PRESENTATION_STYLE_ASSIGNMENT (( #4080 ) ) ;
#25 =( GEOMETRIC_REPRESENTATION_CONTEXT ( 3 ) GLOBAL_UNCERTAINTY_ASSIGNED_CONTEXT ( ( #3243 ) ) GLOBAL_UNIT_ASSIGNED_CONTEXT ( ( #2463, #5558, #1956 ) ) REPRESENTATION_CONTEXT ( 'NONE', 'WORKASPACE' ) );
#26 = LINE ( 'NONE', #6256, #2929 ) ;
#27 = ORIENTED_EDGE ( 'NONE', *, *, #1039, .F. ) ;
#28 = FACE_OUTER_BOUND ( 'NONE', #6055, .T. ) ;
#29 = VECTOR ( 'NONE', #2336, 1000.000000000000000 ) ;
#30 = ORIENTED_EDGE ( 'NONE', *, *, #166, .F. ) ;
#31 = CARTESIAN_POINT ( 'NONE',  ( 1.890000000000000346, 0.000000000000000000, 1.385000000000000009 ) ) ;
#32 = EDGE_CURVE ( 'NONE', #835, #6304, #6344, .T. ) ;
#33 = CARTESIAN_POINT ( 'NONE',  ( -1.389999999999999902, 0.2999999999999999889, 0.6299999999999998934 ) ) ;
#34 = ADVANCED_FACE ( 'NONE', ( #3270 ), #2272, .F. ) ;
#35 = CARTESIAN_POINT ( 'NONE',  ( -1.890000000000013669, 0.000000000000000000, 0.1249999999999990286 ) ) ;
#36 = CARTESIAN_POINT ( 'NONE',  ( -1.389999999999999902, 0.000000000000000000, -0.6300000000000000044 ) ) ;
#37 = EDGE_CURVE ( 'NONE', #4348, #6352, #1732, .T. ) ;
#38 = COLOUR_RGB ( '',0.9686274509803921573, 0.8784313725490195957, 0.5999999999999999778 ) ;
#39 =( GEOMETRIC_REPRESENTATION_CONTEXT ( 3 ) GLOBAL_UNCERTAINTY_ASSIGNED_CONTEXT ( ( #3732 ) ) GLOBAL_UNIT_ASSIGNED_CONTEXT ( ( #2277, #3305, #5904 ) ) REPRESENTATION_CONTEXT ( 'NONE', 'WORKASPACE' ) );
#40 = EDGE_LOOP ( 'NONE', ( #1730, #5911, #2971, #723 ) ) ;
#41 = ORIENTED_EDGE ( 'NONE', *, *, #913, .F. ) ;
#42 = VERTEX_POINT ( 'NONE', #1231 ) ;
#43 =( GEOMETRIC_REPRESENTATION_CONTEXT ( 3 ) GLOBAL_UNCERTAINTY_ASSIGNED_CONTEXT ( ( #5979 ) ) GLOBAL_UNIT_ASSIGNED_CONTEXT ( ( #5851, #2730, #3285 ) ) REPRESENTATION_CONTEXT ( 'NONE', 'WORKASPACE' ) );
#44 = FACE_BOUND ( 'NONE', #5326, .T. ) ;
#45 = PRESENTATION_LAYER_ASSIGNMENT (  '', '', ( #3626 ) ) ;
#46 = SURFACE_STYLE_FILL_AREA ( #1143 ) ;
#47 = ADVANCED_FACE ( 'NONE', ( #3303 ), #3198, .F. ) ;
#48 = DIRECTION ( 'NONE',  ( 1.000000000000000000, 0.000000000000000000, -0.000000000000000000 ) ) ;
#49 = EDGE_LOOP ( 'NONE', ( #4737, #1159, #2099, #1023 ) ) ;
#50 = ORIENTED_EDGE ( 'NONE', *, *, #6212, .T. ) ;
#51 = PLANE ( 'NONE',  #522 ) ;
#52 = MECHANICAL_DESIGN_GEOMETRIC_PRESENTATION_REPRESENTATION (  '', ( #4423 ), #1784 ) ;
#53 = CARTESIAN_POINT ( 'NONE',  ( -1.890000000000039204, 0.2999999999999999889, -1.385000000000001341 ) ) ;
#54 = FACE_OUTER_BOUND ( 'NONE', #5432, .T. ) ;
#55 = UNCERTAINTY_MEASURE_WITH_UNIT (LENGTH_MEASURE( 1.000000000000000082E-05 ), #4248, 'distance_accuracy_value', 'NONE');
#56 = ORIENTED_EDGE ( 'NONE', *, *, #3354, .F. ) ;
#57 =( NAMED_UNIT ( * ) PLANE_ANGLE_UNIT ( ) SI_UNIT ( $, .RADIAN. ) );
#58 = AXIS2_PLACEMENT_3D ( 'NONE', #5813, #3201, #5310 ) ;
#59 = DIRECTION ( 'NONE',  ( 0.000000000000000000, 1.000000000000000000, 0.000000000000000000 ) ) ;
#60 = VERTEX_POINT ( 'NONE', #927 ) ;
#61 = DIRECTION ( 'NONE',  ( 1.445602896647339163E-16, 0.000000000000000000, 1.000000000000000000 ) ) ;
#62 = EDGE_LOOP ( 'NONE', ( #1887, #1158, #2397, #5966 ) ) ;
#63 = SURFACE_STYLE_FILL_AREA ( #2670 ) ;
#64 = DIRECTION ( 'NONE',  ( -1.000000000000000000, 0.000000000000000000, 3.614007241618347785E-16 ) ) ;
#65 = CARTESIAN_POINT ( 'NONE',  ( -1.389999999999999902, 0.2999999999999999889, 0.6299999999999998934 ) ) ;
#66 = LINE ( 'NONE', #4229, #3859 ) ;
#67 = FACE_OUTER_BOUND ( 'NONE', #1447, .T. ) ;
#68 = VECTOR ( 'NONE', #4707, 1000.000000000000000 ) ;
#69 = DIRECTION ( 'NONE',  ( 1.000000000000000000, 0.000000000000000000, 0.000000000000000000 ) ) ;
#70 = ORIENTED_EDGE ( 'NONE', *, *, #4377, .T. ) ;
#71 = PRESENTATION_LAYER_ASSIGNMENT (  '', '', ( #2991 ) ) ;
#72 = ORIENTED_EDGE ( 'NONE', *, *, #2601, .F. ) ;
#73 = COLOUR_RGB ( '',0.9686274509803921573, 0.8784313725490195957, 0.5999999999999999778 ) ;
#74 = EDGE_LOOP ( 'NONE', ( #4882, #3653 ) ) ;
#75 = SURFACE_STYLE_FILL_AREA ( #4197 ) ;
#76 = PRESENTATION_STYLE_ASSIGNMENT (( #3686 ) ) ;
#77 = PRESENTATION_LAYER_ASSIGNMENT (  '', '', ( #4211 ) ) ;
#78 = DIRECTION ( 'NONE',  ( -2.146934995020800486E-16, 0.000000000000000000, 1.000000000000000000 ) ) ;
#79 = SURFACE_STYLE_USAGE ( .BOTH. , #2147 ) ;
#80 =( GEOMETRIC_REPRESENTATION_CONTEXT ( 3 ) GLOBAL_UNCERTAINTY_ASSIGNED_CONTEXT ( ( #6735 ) ) GLOBAL_UNIT_ASSIGNED_CONTEXT ( ( #1203, #1174, #2340 ) ) REPRESENTATION_CONTEXT ( 'NONE', 'WORKASPACE' ) );
#81 = ADVANCED_FACE ( 'NONE', ( #6606 ), #1916, .F. ) ;
#82 = EDGE_CURVE ( 'NONE', #6436, #3605, #828, .T. ) ;
#83 = ORIENTED_EDGE ( 'NONE', *, *, #1209, .T. ) ;
#84 = EDGE_CURVE ( 'NONE', #2948, #1217, #5046, .T. ) ;
#85 = FACE_BOUND ( 'NONE', #3708, .T. ) ;
#87 = VECTOR ( 'NONE', #2431, 1000.000000000000000 ) ;
#86 = CARTESIAN_POINT ( 'NONE',  ( 0.1000000000000005052, 0.7599999999999998979, 0.8500000000000000888 ) ) ;
#88 =( NAMED_UNIT ( * ) PLANE_ANGLE_UNIT ( ) SI_UNIT ( $, .RADIAN. ) );
#89 = VECTOR ( 'NONE', #433, 1000.000000000000000 ) ;
#90 = VERTEX_POINT ( 'NONE', #308 ) ;
#91 = MECHANICAL_DESIGN_GEOMETRIC_PRESENTATION_REPRESENTATION (  '', ( #523 ), #3999 ) ;
#92 = FILL_AREA_STYLE ('',( #4182 ) ) ;
#93 = DIRECTION ( 'NONE',  ( 1.000000000000000000, -0.000000000000000000, -0.000000000000000000 ) ) ;
#94 = ORIENTED_EDGE ( 'NONE', *, *, #4150, .F. ) ;
#95 = FACE_OUTER_BOUND ( 'NONE', #553, .T. ) ;
#96 = EDGE_LOOP ( 'NONE', ( #5314, #3850, #2769, #1760 ) ) ;
#97 =( GEOMETRIC_REPRESENTATION_CONTEXT ( 3 ) GLOBAL_UNCERTAINTY_ASSIGNED_CONTEXT ( ( #5179 ) ) GLOBAL_UNIT_ASSIGNED_CONTEXT ( ( #4382, #1297, #4853 ) ) REPRESENTATION_CONTEXT ( 'NONE', 'WORKASPACE' ) );
#98 = LINE ( 'NONE', #652, #2451 ) ;
#99 = CARTESIAN_POINT ( 'NONE',  ( 1.389999999999998570, 0.2999999999999999889, 2.389999999999999680 ) ) ;
#100 = DIRECTION ( 'NONE',  ( -1.000000000000000000, 0.000000000000000000, 0.000000000000000000 ) ) ;
#101 =( NAMED_UNIT ( * ) PLANE_ANGLE_UNIT ( ) SI_UNIT ( $, .RADIAN. ) );
#102 = VECTOR ( 'NONE', #5652, 1000.000000000000000 ) ;
#103 = VERTEX_POINT ( 'NONE', #6063 ) ;
#104 = AXIS2_PLACEMENT_3D ( 'NONE', #5678, #4169, #5200 ) ;
#105 = ORIENTED_EDGE ( 'NONE', *, *, #2148, .T. ) ;
#106 =( NAMED_UNIT ( * ) PLANE_ANGLE_UNIT ( ) SI_UNIT ( $, .RADIAN. ) );
#107 = LINE ( 'NONE', #3066, #6350 ) ;
#108 = CARTESIAN_POINT ( 'NONE',  ( -1.890000000000038982, 0.000000000000000000, -2.395000000000000462 ) ) ;
#109 =( NAMED_UNIT ( * ) SI_UNIT ( $, .STERADIAN. ) SOLID_ANGLE_UNIT ( ) );
#110 = PRESENTATION_LAYER_ASSIGNMENT (  '', '', ( #3363 ) ) ;
#111 = PLANE ( 'NONE',  #5793 ) ;
#112 = UNCERTAINTY_MEASURE_WITH_UNIT (LENGTH_MEASURE( 1.000000000000000082E-05 ), #6144, 'distance_accuracy_value', 'NONE');
#113 = VERTEX_POINT ( 'NONE', #2850 ) ;
#114 = MECHANICAL_DESIGN_GEOMETRIC_PRESENTATION_REPRESENTATION (  '', ( #2932 ), #4809 ) ;
#115 = FACE_BOUND ( 'NONE', #2911, .T. ) ;
#116 = DIRECTION ( 'NONE',  ( 1.000000000000000000, 0.000000000000000000, 0.000000000000000000 ) ) ;
#117 = ADVANCED_FACE ( 'NONE', ( #1390 ), #6034, .F. ) ;
#118 = EDGE_CURVE ( 'NONE', #1015, #650, #4640, .T. ) ;
#119 = CARTESIAN_POINT ( 'NONE',  ( 1.890000000000013447, 0.2999999999999999889, 1.135000000000000009 ) ) ;
#120 = LINE ( 'NONE', #1243, #546 ) ;
#121 = SURFACE_SIDE_STYLE ('',( #2697 ) ) ;
#122 = EDGE_CURVE ( 'NONE', #2842, #5950, #3637, .T. ) ;
#123 = MECHANICAL_DESIGN_GEOMETRIC_PRESENTATION_REPRESENTATION (  '', ( #5679 ), #3042 ) ;
#124 = COLOUR_RGB ( '',0.9686274509803921573, 0.8784313725490195957, 0.5999999999999999778 ) ;
#125 = UNCERTAINTY_MEASURE_WITH_UNIT (LENGTH_MEASURE( 1.000000000000000082E-05 ), #2161, 'distance_accuracy_value', 'NONE');
#126 = ORIENTED_EDGE ( 'NONE', *, *, #4465, .T. ) ;
#127 = PRESENTATION_LAYER_ASSIGNMENT (  '', '', ( #6104 ) ) ;
#128 = EDGE_CURVE ( 'NONE', #4171, #3221, #6259, .T. ) ;
#129 =( GEOMETRIC_REPRESENTATION_CONTEXT ( 3 ) GLOBAL_UNCERTAINTY_ASSIGNED_CONTEXT ( ( #5847 ) ) GLOBAL_UNIT_ASSIGNED_CONTEXT ( ( #1264, #3336, #2312 ) ) REPRESENTATION_CONTEXT ( 'NONE', 'WORKASPACE' ) );
#130 = EDGE_LOOP ( 'NONE', ( #4318, #6012, #4806, #3538, #5606, #3409, #3762 ) ) ;
#131 = VECTOR ( 'NONE', #314, 1000.000000000000000 ) ;
#132 = LINE ( 'NONE', #5256, #3884 ) ;
#133 = ORIENTED_EDGE ( 'NONE', *, *, #5677, .F. ) ;
#134 = FACE_OUTER_BOUND ( 'NONE', #5696, .T. ) ;
#135 = AXIS2_PLACEMENT_3D ( 'NONE', #6682, #2375, #5619 ) ;
#136 = SURFACE_STYLE_USAGE ( .BOTH. , #1794 ) ;
#137 = LINE ( 'NONE', #235, #29 ) ;
#138 = DIRECTION ( 'NONE',  ( 0.000000000000000000, -1.000000000000000000, 0.000000000000000000 ) ) ;
#139 = CARTESIAN_POINT ( 'NONE',  ( -2.390000000000013003, 0.2999999999999999889, 1.134999999999999121 ) ) ;
#140 = DIRECTION ( 'NONE',  ( -1.000000000000000000, 0.000000000000000000, -8.673617379884035472E-16 ) ) ;
#141 = CARTESIAN_POINT ( 'NONE',  ( 1.890000000000013447, 0.000000000000000000, 1.135000000000000009 ) ) ;
#142 = MECHANICAL_DESIGN_GEOMETRIC_PRESENTATION_REPRESENTATION (  '', ( #2844 ), #2627 ) ;
#143 = ORIENTED_EDGE ( 'NONE', *, *, #2275, .F. ) ;
#144 = ORIENTED_EDGE ( 'NONE', *, *, #2567, .T. ) ;
#145 = EDGE_LOOP ( 'NONE', ( #1054, #1189, #4821, #5767 ) ) ;
#146 = LINE ( 'NONE', #464, #2362 ) ;
#147 = SURFACE_STYLE_FILL_AREA ( #3273 ) ;
#148 = CARTESIAN_POINT ( 'NONE',  ( -0.1000000000000003247, 0.7599999999999998979, -0.1000000000000000056 ) ) ;
#149 = PRESENTATION_STYLE_ASSIGNMENT (( #1629 ) ) ;
#150 = VECTOR ( 'NONE', #2933, 1000.000000000000000 ) ;
#151 =( NAMED_UNIT ( * ) SI_UNIT ( $, .STERADIAN. ) SOLID_ANGLE_UNIT ( ) );
#152 = COLOUR_RGB ( '',1.000000000000000000, 1.000000000000000000, 1.000000000000000000 ) ;
#153 = ORIENTED_EDGE ( 'NONE', *, *, #6705, .F. ) ;
#154 =( LENGTH_UNIT ( ) NAMED_UNIT ( * ) SI_UNIT ( .MILLI., .METRE. ) );
#155 = PRESENTATION_STYLE_ASSIGNMENT (( #4351 ) ) ;
#156 = FACE_OUTER_BOUND ( 'NONE', #441, .T. ) ;
#157 = MECHANICAL_DESIGN_GEOMETRIC_PRESENTATION_REPRESENTATION (  '', ( #6032 ), #3627 ) ;
#158 = SURFACE_SIDE_STYLE ('',( #1244 ) ) ;
#159 = VECTOR ( 'NONE', #4911, 1000.000000000000000 ) ;
#160 = VERTEX_POINT ( 'NONE', #3560 ) ;
#161 = EDGE_CURVE ( 'NONE', #2193, #6436, #1581, .T. ) ;
#162 = CARTESIAN_POINT ( 'NONE',  ( 0.1000000000000005052, 0.7599999999999998979, 0.8500000000000000888 ) ) ;
#163 = LINE ( 'NONE', #4320, #1188 ) ;
#164 =( NAMED_UNIT ( * ) PLANE_ANGLE_UNIT ( ) SI_UNIT ( $, .RADIAN. ) );
#165 = VECTOR ( 'NONE', #213, 1000.000000000000000 ) ;
#166 = EDGE_CURVE ( 'NONE', #1720, #1329, #3671, .T. ) ;
#167 = LINE ( 'NONE', #4812, #6599 ) ;
#168 = EDGE_CURVE ( 'NONE', #650, #6071, #1095, .T. ) ;
#169 = EDGE_LOOP ( 'NONE', ( #3018, #2073, #1294, #5276, #2051, #2981, #739 ) ) ;
#170 = ADVANCED_FACE ( 'NONE', ( #4673 ), #6234, .F. ) ;
#171 = EDGE_CURVE ( 'NONE', #207, #5194, #480, .T. ) ;
#172 =( NAMED_UNIT ( * ) SI_UNIT ( $, .STERADIAN. ) SOLID_ANGLE_UNIT ( ) );
#173 = CARTESIAN_POINT ( 'NONE',  ( -2.390000000000013003, 0.000000000000000000, 0.1249999999999990286 ) ) ;
#174 = CARTESIAN_POINT ( 'NONE',  ( -1.890000000000001013, 0.000000000000000000, 2.394999999999999574 ) ) ;
#175 = LINE ( 'NONE', #787, #5342 ) ;
#176 = LINE ( 'NONE', #6376, #4736 ) ;
#177 = LINE ( 'NONE', #6301, #4699 ) ;
#178 = VERTEX_POINT ( 'NONE', #1547 ) ;
#179 = ORIENTED_EDGE ( 'NONE', *, *, #6118, .F. ) ;
#180 = PRESENTATION_STYLE_ASSIGNMENT (( #696 ) ) ;
#181 = SURFACE_SIDE_STYLE ('',( #3821 ) ) ;
#182 = SURFACE_SIDE_STYLE ('',( #3824 ) ) ;
#183 = DIRECTION ( 'NONE',  ( 0.000000000000000000, 1.000000000000000000, 0.000000000000000000 ) ) ;
#184 = PRESENTATION_LAYER_ASSIGNMENT (  '', '', ( #3212 ) ) ;
#185 = UNCERTAINTY_MEASURE_WITH_UNIT (LENGTH_MEASURE( 1.000000000000000082E-05 ), #5157, 'distance_accuracy_value', 'NONE');
#186 = ORIENTED_EDGE ( 'NONE', *, *, #6613, .T. ) ;
#187 =( NAMED_UNIT ( * ) SI_UNIT ( $, .STERADIAN. ) SOLID_ANGLE_UNIT ( ) );
#188 =( NAMED_UNIT ( * ) SI_UNIT ( $, .STERADIAN. ) SOLID_ANGLE_UNIT ( ) );
#189 = CARTESIAN_POINT ( 'NONE',  ( -2.390000000000038760, 0.2999999999999999889, -1.385000000000001341 ) ) ;
#190 = FILL_AREA_STYLE ('',( #1151 ) ) ;
#191 =( GEOMETRIC_REPRESENTATION_CONTEXT ( 3 ) GLOBAL_UNCERTAINTY_ASSIGNED_CONTEXT ( ( #4891 ) ) GLOBAL_UNIT_ASSIGNED_CONTEXT ( ( #2989, #3020, #391 ) ) REPRESENTATION_CONTEXT ( 'NONE', 'WORKASPACE' ) );
#192 = UNCERTAINTY_MEASURE_WITH_UNIT (LENGTH_MEASURE( 1.000000000000000082E-05 ), #4636, 'distance_accuracy_value', 'NONE');
#193 = VECTOR ( 'NONE', #3957, 1000.000000000000000 ) ;
#194 = ORIENTED_EDGE ( 'NONE', *, *, #37, .T. ) ;
#195 = SURFACE_STYLE_USAGE ( .BOTH. , #5358 ) ;
#196 = PRESENTATION_LAYER_ASSIGNMENT (  '', '', ( #6397 ) ) ;
#197 = ORIENTED_EDGE ( 'NONE', *, *, #250, .T. ) ;
#198 = UNCERTAINTY_MEASURE_WITH_UNIT (LENGTH_MEASURE( 1.000000000000000082E-05 ), #3956, 'distance_accuracy_value', 'NONE');
#199 = VECTOR ( 'NONE', #888, 1000.000000000000000 ) ;
#200 = ORIENTED_EDGE ( 'NONE', *, *, #5206, .F. ) ;
#201 = CARTESIAN_POINT ( 'NONE',  ( 0.8500000000000003109, 0.5999999999999999778, -0.1000000000000000056 ) ) ;
#202 = CARTESIAN_POINT ( 'NONE',  ( -2.390000000000026770, 0.2999999999999999889, -0.1250000000000009714 ) ) ;
#203 = FACE_OUTER_BOUND ( 'NONE', #1337, .T. ) ;
#204 = LINE ( 'NONE', #6506, #2214 ) ;
#205 = ADVANCED_FACE ( 'NONE', ( #4607 ), #6169, .T. ) ;
#206 = AXIS2_PLACEMENT_3D ( 'NONE', #1133, #3750, #4709 ) ;
#207 = VERTEX_POINT ( 'NONE', #1256 ) ;
#208 = PRESENTATION_STYLE_ASSIGNMENT (( #1262 ) ) ;
#209 =( LENGTH_UNIT ( ) NAMED_UNIT ( * ) SI_UNIT ( .MILLI., .METRE. ) );
#210 = DIRECTION ( 'NONE',  ( -0.000000000000000000, 0.000000000000000000, 1.000000000000000000 ) ) ;
#211 = PRESENTATION_STYLE_ASSIGNMENT (( #4307 ) ) ;
#212 =( GEOMETRIC_REPRESENTATION_CONTEXT ( 3 ) GLOBAL_UNCERTAINTY_ASSIGNED_CONTEXT ( ( #4356 ) ) GLOBAL_UNIT_ASSIGNED_CONTEXT ( ( #1259, #2305, #3880 ) ) REPRESENTATION_CONTEXT ( 'NONE', 'WORKASPACE' ) );
#213 = DIRECTION ( 'NONE',  ( -1.264902534566421675E-16, -0.000000000000000000, -1.000000000000000000 ) ) ;
#214 = VECTOR ( 'NONE', #2998, 1000.000000000000000 ) ;
#215 = VERTEX_POINT ( 'NONE', #4368 ) ;
#216 = STYLED_ITEM ( 'NONE', ( #5779 ), #2229 ) ;
#217 = DIRECTION ( 'NONE',  ( -1.000000000000000000, 0.000000000000000000, -0.000000000000000000 ) ) ;
#218 = DIRECTION ( 'NONE',  ( 2.146934995020800733E-16, 0.000000000000000000, -1.000000000000000000 ) ) ;
#219 = MECHANICAL_DESIGN_GEOMETRIC_PRESENTATION_REPRESENTATION (  '', ( #3358 ), #1511 ) ;
#220 = CARTESIAN_POINT ( 'NONE',  ( 0.1000000000000002554, 0.5999999999999999778, 0.09999999999999997780 ) ) ;
#221 = PLANE ( 'NONE',  #4800 ) ;
#222 =( NAMED_UNIT ( * ) SI_UNIT ( $, .STERADIAN. ) SOLID_ANGLE_UNIT ( ) );
#223 = VECTOR ( 'NONE', #4723, 1000.000000000000000 ) ;
#224 = ORIENTED_EDGE ( 'NONE', *, *, #2156, .T. ) ;
#225 = CARTESIAN_POINT ( 'NONE',  ( -1.890000000000039204, 0.2999999999999999889, -1.385000000000001341 ) ) ;
#226 = FILL_AREA_STYLE_COLOUR ( '', #2387 ) ;
#227 = SURFACE_SIDE_STYLE ('',( #4896 ) ) ;
#228 = SURFACE_SIDE_STYLE ('',( #537 ) ) ;
#229 = VECTOR ( 'NONE', #3352, 1000.000000000000000 ) ;
#230 =( GEOMETRIC_REPRESENTATION_CONTEXT ( 3 ) GLOBAL_UNCERTAINTY_ASSIGNED_CONTEXT ( ( #2699 ) ) GLOBAL_UNIT_ASSIGNED_CONTEXT ( ( #1249, #1220, #4862 ) ) REPRESENTATION_CONTEXT ( 'NONE', 'WORKASPACE' ) );
#231 =( NAMED_UNIT ( * ) PLANE_ANGLE_UNIT ( ) SI_UNIT ( $, .RADIAN. ) );
#232 = CARTESIAN_POINT ( 'NONE',  ( 2.500000000000000000, 0.000000000000000000, 2.500000000000000444 ) ) ;
#233 = ORIENTED_EDGE ( 'NONE', *, *, #962, .T. ) ;
#234 = DIRECTION ( 'NONE',  ( 1.445602896647339163E-16, 0.000000000000000000, 1.000000000000000000 ) ) ;
#235 = CARTESIAN_POINT ( 'NONE',  ( -1.890000000000038982, 0.000000000000000000, -2.395000000000000462 ) ) ;
#236 = MECHANICAL_DESIGN_GEOMETRIC_PRESENTATION_REPRESENTATION (  '', ( #3590 ), #4386 ) ;
#237 = CARTESIAN_POINT ( 'NONE',  ( -0.1000000000000002970, 0.5999999999999999778, 0.1000000000000000333 ) ) ;
#238 = CARTESIAN_POINT ( 'NONE',  ( 1.890000000000013669, 0.000000000000000000, 0.1249999999999998890 ) ) ;
#239 = PRESENTATION_LAYER_ASSIGNMENT (  '', '', ( #788 ) ) ;
#240 = EDGE_LOOP ( 'NONE', ( #3302, #1255, #5247, #3204 ) ) ;
#241 = ADVANCED_FACE ( 'NONE', ( #134 ), #2669, .T. ) ;
#242 = ORIENTED_EDGE ( 'NONE', *, *, #2016, .T. ) ;
#243 = EDGE_CURVE ( 'NONE', #5202, #1834, #5424, .T. ) ;
#244 = FILL_AREA_STYLE ('',( #5406 ) ) ;
#245 = SURFACE_SIDE_STYLE ('',( #2818 ) ) ;
#246 = CARTESIAN_POINT ( 'NONE',  ( -0.1000000000000002970, 0.5999999999999999778, 0.1000000000000000333 ) ) ;
#247 = CARTESIAN_POINT ( 'NONE',  ( -0.1000000000000002137, 0.7599999999999998979, 0.8500000000000000888 ) ) ;
#248 = STYLED_ITEM ( 'NONE', ( #4262 ), #5311 ) ;
#249 = CARTESIAN_POINT ( 'NONE',  ( -1.890000000000001013, 0.2999999999999999889, 2.394999999999999574 ) ) ;
#250 = EDGE_CURVE ( 'NONE', #5126, #5591, #3709, .T. ) ;
#251 = AXIS2_PLACEMENT_3D ( 'NONE', #2533, #6228, #5216 ) ;
#252 = FILL_AREA_STYLE_COLOUR ( '', #5965 ) ;
#253 = EDGE_CURVE ( 'NONE', #2301, #3681, #2204, .T. ) ;
#254 = FILL_AREA_STYLE ('',( #284 ) ) ;
#255 = CARTESIAN_POINT ( 'NONE',  ( -0.1000000000000002970, 0.7599999999999998979, 0.1000000000000000333 ) ) ;
#256 = SURFACE_STYLE_FILL_AREA ( #4119 ) ;
#257 = CARTESIAN_POINT ( 'NONE',  ( -2.390000000000013003, 0.2999999999999999889, 1.134999999999999121 ) ) ;
#258 = CARTESIAN_POINT ( 'NONE',  ( 2.390000000000000124, 0.000000000000000000, 1.385000000000000009 ) ) ;
#259 =( GEOMETRIC_REPRESENTATION_CONTEXT ( 3 ) GLOBAL_UNCERTAINTY_ASSIGNED_CONTEXT ( ( #3316 ) ) GLOBAL_UNIT_ASSIGNED_CONTEXT ( ( #2226, #3806, #5887 ) ) REPRESENTATION_CONTEXT ( 'NONE', 'WORKASPACE' ) );
#260 = UNCERTAINTY_MEASURE_WITH_UNIT (LENGTH_MEASURE( 1.000000000000000082E-05 ), #5352, 'distance_accuracy_value', 'NONE');
#261 = UNCERTAINTY_MEASURE_WITH_UNIT (LENGTH_MEASURE( 1.000000000000000082E-05 ), #2775, 'distance_accuracy_value', 'NONE');
#262 = EDGE_LOOP ( 'NONE', ( #933, #5576, #3571, #1446 ) ) ;
#263 = DIRECTION ( 'NONE',  ( -1.000000000000000000, 0.000000000000000000, 2.891205793294679312E-16 ) ) ;
#264 = AXIS2_PLACEMENT_3D ( 'NONE', #4764, #638, #1273 ) ;
#265 = DIRECTION ( 'NONE',  ( -1.000000000000000000, -0.000000000000000000, 3.614007241618348771E-16 ) ) ;
#266 = SURFACE_SIDE_STYLE ('',( #5449 ) ) ;
#267 = PRESENTATION_STYLE_ASSIGNMENT (( #2839 ) ) ;
#268 = COLOUR_RGB ( '',1.000000000000000000, 1.000000000000000000, 1.000000000000000000 ) ;
#269 = CARTESIAN_POINT ( 'NONE',  ( 2.390000000000013003, 0.2999999999999999889, 1.135000000000000009 ) ) ;
#270 = VERTEX_POINT ( 'NONE', #3222 ) ;
#271 = CARTESIAN_POINT ( 'NONE',  ( -1.890000000000038982, 0.000000000000000000, -2.395000000000000462 ) ) ;
#272 = DIRECTION ( 'NONE',  ( -1.000000000000000000, 0.000000000000000000, 0.000000000000000000 ) ) ;
#273 = LINE ( 'NONE', #752, #3057 ) ;
#274 =( NAMED_UNIT ( * ) SI_UNIT ( $, .STERADIAN. ) SOLID_ANGLE_UNIT ( ) );
#275 = DIRECTION ( 'NONE',  ( 1.000000000000000000, 0.000000000000000000, 0.000000000000000000 ) ) ;
#276 = ORIENTED_EDGE ( 'NONE', *, *, #5787, .T. ) ;
#277 = PRESENTATION_STYLE_ASSIGNMENT (( #2851 ) ) ;
#278 = DIRECTION ( 'NONE',  ( 0.7071067811865474617, -0.000000000000000000, -0.7071067811865474617 ) ) ;
#279 = LINE ( 'NONE', #246, #159 ) ;
#280 = MECHANICAL_DESIGN_GEOMETRIC_PRESENTATION_REPRESENTATION (  '', ( #3763 ), #3205 ) ;
#281 = CARTESIAN_POINT ( 'NONE',  ( -2.500000000000000888, 0.000000000000000000, 2.500000000000000444 ) ) ;
#282 = ORIENTED_EDGE ( 'NONE', *, *, #3438, .F. ) ;
#283 = DIRECTION ( 'NONE',  ( 2.146934995020800733E-16, 0.000000000000000000, -1.000000000000000000 ) ) ;
#284 = FILL_AREA_STYLE_COLOUR ( '', #920 ) ;
#285 = PLANE ( 'NONE',  #104 ) ;
#286 = CARTESIAN_POINT ( 'NONE',  ( -2.390000000000026770, 0.000000000000000000, -1.135000000000001119 ) ) ;
#287 = VECTOR ( 'NONE', #3045, 1000.000000000000114 ) ;
#288 = ADVANCED_FACE ( 'NONE', ( #5329 ), #651, .T. ) ;
#289 = EDGE_CURVE ( 'NONE', #1504, #374, #5482, .T. ) ;
#290 = VECTOR ( 'NONE', #6562, 1000.000000000000000 ) ;
#291 = CARTESIAN_POINT ( 'NONE',  ( 1.890000000000013447, 0.000000000000000000, 1.135000000000000009 ) ) ;
#292 = CLOSED_SHELL ( 'NONE', ( #205, #2013, #3059, #6366, #3232, #3861 ) ) ;
#293 = DIRECTION ( 'NONE',  ( -0.000000000000000000, -1.000000000000000000, -0.000000000000000000 ) ) ;
#294 = STYLED_ITEM ( 'NONE', ( #6730 ), #4337 ) ;
#295 = CARTESIAN_POINT ( 'NONE',  ( -0.1000000000000005052, 0.7599999999999998979, -0.8500000000000000888 ) ) ;
#296 = SURFACE_SIDE_STYLE ('',( #3510 ) ) ;
#297 = CARTESIAN_POINT ( 'NONE',  ( 0.1000000000000002970, 0.5999999999999999778, -0.1000000000000000056 ) ) ;
#298 = CARTESIAN_POINT ( 'NONE',  ( -1.890000000000026104, 0.000000000000000000, -1.135000000000001119 ) ) ;
#299 = FILL_AREA_STYLE ('',( #4468 ) ) ;
#300 = ORIENTED_EDGE ( 'NONE', *, *, #2640, .T. ) ;
#301 = DIRECTION ( 'NONE',  ( 1.000000000000000000, 0.000000000000000000, 0.000000000000000000 ) ) ;
#302 = FACE_OUTER_BOUND ( 'NONE', #6412, .T. ) ;
#303 = FILL_AREA_STYLE ('',( #4969 ) ) ;
#304 =( GEOMETRIC_REPRESENTATION_CONTEXT ( 3 ) GLOBAL_UNCERTAINTY_ASSIGNED_CONTEXT ( ( #6453 ) ) GLOBAL_UNIT_ASSIGNED_CONTEXT ( ( #6170, #2025, #4742 ) ) REPRESENTATION_CONTEXT ( 'NONE', 'WORKASPACE' ) );
#305 = VECTOR ( 'NONE', #5039, 1000.000000000000000 ) ;
#306 = MECHANICAL_DESIGN_GEOMETRIC_PRESENTATION_REPRESENTATION (  '', ( #6397 ), #2457 ) ;
#307 = VERTEX_POINT ( 'NONE', #2943 ) ;
#308 = CARTESIAN_POINT ( 'NONE',  ( 2.390000000000039648, 0.2999999999999999889, -2.395000000000000462 ) ) ;
#309 = CARTESIAN_POINT ( 'NONE',  ( -2.390000000000013003, 0.000000000000000000, 1.134999999999999121 ) ) ;
#310 = PRESENTATION_LAYER_ASSIGNMENT (  '', '', ( #1817 ) ) ;
#311 = FACE_OUTER_BOUND ( 'NONE', #5690, .T. ) ;
#312 = SURFACE_STYLE_FILL_AREA ( #6039 ) ;
#313 = MECHANICAL_DESIGN_GEOMETRIC_PRESENTATION_REPRESENTATION (  '', ( #3797 ), #864 ) ;
#314 = DIRECTION ( 'NONE',  ( -0.000000000000000000, -1.000000000000000000, -0.000000000000000000 ) ) ;
#315 =( LENGTH_UNIT ( ) NAMED_UNIT ( * ) SI_UNIT ( .MILLI., .METRE. ) );
#316 = ORIENTED_EDGE ( 'NONE', *, *, #4575, .F. ) ;
#317 = EDGE_LOOP ( 'NONE', ( #577, #3467, #5228, #6321 ) ) ;
#318 = PRESENTATION_LAYER_ASSIGNMENT (  '', '', ( #3250 ) ) ;
#319 = AXIS2_PLACEMENT_3D ( 'NONE', #5005, #2395, #405 ) ;
#320 =( LENGTH_UNIT ( ) NAMED_UNIT ( * ) SI_UNIT ( .MILLI., .METRE. ) );
#321 = UNCERTAINTY_MEASURE_WITH_UNIT (LENGTH_MEASURE( 1.000000000000000082E-05 ), #5366, 'distance_accuracy_value', 'NONE');
#322 = AXIS2_PLACEMENT_3D ( 'NONE', #4527, #5541, #4000 ) ;
#323 = PRESENTATION_LAYER_ASSIGNMENT (  '', '', ( #4364 ) ) ;
#324 = EDGE_CURVE ( 'NONE', #4233, #606, #6056, .T. ) ;
#325 = PRODUCT_DEFINITION ( 'UNKNOWN', '', #2116, #6657 ) ;
#326 =( LENGTH_UNIT ( ) NAMED_UNIT ( * ) SI_UNIT ( .MILLI., .METRE. ) );
#327 = VECTOR ( 'NONE', #301, 1000.000000000000000 ) ;
#328 = EDGE_CURVE ( 'NONE', #4185, #5868, #2364, .T. ) ;
#329 = SURFACE_STYLE_USAGE ( .BOTH. , #4995 ) ;
#330 = CARTESIAN_POINT ( 'NONE',  ( -2.390000000000038760, 0.2999999999999999889, -1.385000000000001341 ) ) ;
#331 = COLOUR_RGB ( '',0.5019607843137254832, 0.5019607843137254832, 0.5019607843137254832 ) ;
#332 = UNCERTAINTY_MEASURE_WITH_UNIT (LENGTH_MEASURE( 1.000000000000000082E-05 ), #4329, 'distance_accuracy_value', 'NONE');
#333 = PRESENTATION_STYLE_ASSIGNMENT (( #5000 ) ) ;
#334 = EDGE_LOOP ( 'NONE', ( #4162, #3744, #4718, #3804 ) ) ;
#335 =( NAMED_UNIT ( * ) SI_UNIT ( $, .STERADIAN. ) SOLID_ANGLE_UNIT ( ) );
#336 = FILL_AREA_STYLE_COLOUR ( '', #3122 ) ;
#337 =( GEOMETRIC_REPRESENTATION_CONTEXT ( 3 ) GLOBAL_UNCERTAINTY_ASSIGNED_CONTEXT ( ( #1216 ) ) GLOBAL_UNIT_ASSIGNED_CONTEXT ( ( #6664, #5030, #945 ) ) REPRESENTATION_CONTEXT ( 'NONE', 'WORKASPACE' ) );
#338 = DIRECTION ( 'NONE',  ( -0.000000000000000000, -0.000000000000000000, 1.000000000000000000 ) ) ;
#339 = EDGE_CURVE ( 'NONE', #3811, #2621, #1288, .T. ) ;
#340 = LINE ( 'NONE', #3395, #3947 ) ;
#341 = CARTESIAN_POINT ( 'NONE',  ( 0.000000000000000000, 0.000000000000000000, 0.000000000000000000 ) ) ;
#342 = DIRECTION ( 'NONE',  ( -2.146934995020800733E-16, -0.000000000000000000, 1.000000000000000000 ) ) ;
#343 = ORIENTED_EDGE ( 'NONE', *, *, #4295, .T. ) ;
#344 = VECTOR ( 'NONE', #691, 1000.000000000000000 ) ;
#345 = EDGE_LOOP ( 'NONE', ( #1466, #2529, #1590, #2233 ) ) ;
#346 = FILL_AREA_STYLE ('',( #4938 ) ) ;
#347 = SURFACE_STYLE_FILL_AREA ( #5528 ) ;
#348 = MECHANICAL_DESIGN_GEOMETRIC_PRESENTATION_REPRESENTATION (  '', ( #6104 ), #3935 ) ;
#349 =( NAMED_UNIT ( * ) SI_UNIT ( $, .STERADIAN. ) SOLID_ANGLE_UNIT ( ) );
#350 = SURFACE_SIDE_STYLE ('',( #5973 ) ) ;
#351 = AXIS2_PLACEMENT_3D ( 'NONE', #2473, #4649, #3021 ) ;
#352 = ORIENTED_EDGE ( 'NONE', *, *, #6323, .T. ) ;
#353 = SURFACE_STYLE_USAGE ( .BOTH. , #5674 ) ;
#354 = COLOUR_RGB ( '',1.000000000000000000, 0.1686274509803921684, 0.1686274509803921684 ) ;
#355 = CARTESIAN_POINT ( 'NONE',  ( 0.000000000000000000, 0.2999999999999999889, 0.000000000000000000 ) ) ;
#356 = FACE_OUTER_BOUND ( 'NONE', #2508, .T. ) ;
#357 = CARTESIAN_POINT ( 'NONE',  ( -1.890000000000026104, 0.2999999999999999889, -1.135000000000001119 ) ) ;
#358 = AXIS2_PLACEMENT_3D ( 'NONE', #4402, #1683, #4807 ) ;
#359 = FILL_AREA_STYLE_COLOUR ( '', #6185 ) ;
#360 = MECHANICAL_DESIGN_GEOMETRIC_PRESENTATION_REPRESENTATION (  '', ( #3839 ), #259 ) ;
#361 = PLANE ( 'NONE',  #4813 ) ;
#362 = VECTOR ( 'NONE', #3722, 1000.000000000000000 ) ;
#363 = EDGE_CURVE ( 'NONE', #6456, #60, #3418, .T. ) ;
#364 = VECTOR ( 'NONE', #2658, 1000.000000000000000 ) ;
#365 = ORIENTED_EDGE ( 'NONE', *, *, #4715, .F. ) ;
#366 = CARTESIAN_POINT ( 'NONE',  ( 0.1000000000000002970, 0.5999999999999999778, -0.1000000000000000056 ) ) ;
#367 = COLOUR_RGB ( '',0.5019607843137254832, 0.5019607843137254832, 0.5019607843137254832 ) ;
#368 = CARTESIAN_POINT ( 'NONE',  ( -2.500000000000000888, 0.000000000000000000, 2.500000000000000444 ) ) ;
#369 = DIRECTION ( 'NONE',  ( -0.000000000000000000, -1.000000000000000000, -0.000000000000000000 ) ) ;
#370 = FILL_AREA_STYLE ('',( #6538 ) ) ;
#371 = APPLICATION_PROTOCOL_DEFINITION ( 'draft international standard', 'automotive_design', 1998, #2805 ) ;
#372 = CARTESIAN_POINT ( 'NONE',  ( 2.390000000000026770, 0.000000000000000000, -0.1250000000000001110 ) ) ;
#373 = CARTESIAN_POINT ( 'NONE',  ( 0.8500000000000001998, 0.7599999999999998979, -0.8500000000000000888 ) ) ;
#374 = VERTEX_POINT ( 'NONE', #1318 ) ;
#375 = ADVANCED_FACE ( 'NONE', ( #2804 ), #5547, .T. ) ;
#376 = EDGE_CURVE ( 'NONE', #999, #4861, #2912, .T. ) ;
#377 = EDGE_CURVE ( 'NONE', #659, #160, #2392, .T. ) ;
#378 = ADVANCED_FACE ( 'NONE', ( #4123 ), #1031, .F. ) ;
#379 = EDGE_LOOP ( 'NONE', ( #2438, #5628, #1539, #6102 ) ) ;
#380 =( NAMED_UNIT ( * ) PLANE_ANGLE_UNIT ( ) SI_UNIT ( $, .RADIAN. ) );
#381 = VECTOR ( 'NONE', #2675, 1000.000000000000000 ) ;
#382 = FILL_AREA_STYLE_COLOUR ( '', #5205 ) ;
#383 = CARTESIAN_POINT ( 'NONE',  ( -2.500000000000000888, 0.5999999999999999778, 2.500000000000000444 ) ) ;
#384 = SURFACE_STYLE_USAGE ( .BOTH. , #5664 ) ;
#385 = FACE_OUTER_BOUND ( 'NONE', #1202, .T. ) ;
#386 = CARTESIAN_POINT ( 'NONE',  ( -1.890000000000001013, 0.2999999999999999889, 2.394999999999999574 ) ) ;
#387 = COLOUR_RGB ( '',0.03921568627450980338, 0.4901960784313725283, 0.7098039215686274828 ) ;
#388 = VERTEX_POINT ( 'NONE', #2580 ) ;
#389 = ORIENTED_EDGE ( 'NONE', *, *, #2898, .T. ) ;
#390 = ORIENTED_EDGE ( 'NONE', *, *, #5753, .T. ) ;
#391 =( NAMED_UNIT ( * ) SI_UNIT ( $, .STERADIAN. ) SOLID_ANGLE_UNIT ( ) );
#392 = DIRECTION ( 'NONE',  ( 1.264902534566421675E-16, -0.000000000000000000, 1.000000000000000000 ) ) ;
#393 =( LENGTH_UNIT ( ) NAMED_UNIT ( * ) SI_UNIT ( .MILLI., .METRE. ) );
#394 = LINE ( 'NONE', #1438, #1392 ) ;
#395 = PLANE ( 'NONE',  #1661 ) ;
#396 = DIRECTION ( 'NONE',  ( -1.000000000000000000, -0.000000000000000000, -0.000000000000000000 ) ) ;
#397 = VECTOR ( 'NONE', #1401, 1000.000000000000000 ) ;
#398 = AXIS2_PLACEMENT_3D ( 'NONE', #5862, #4223, #6295 ) ;
#399 = VERTEX_POINT ( 'NONE', #2071 ) ;
#400 = DIRECTION ( 'NONE',  ( 0.000000000000000000, 0.000000000000000000, 1.000000000000000000 ) ) ;
#401 = CARTESIAN_POINT ( 'NONE',  ( 0.1000000000000002970, 0.7599999999999998979, -0.1000000000000000056 ) ) ;
#402 = FILL_AREA_STYLE_COLOUR ( '', #2890 ) ;
#403 = STYLED_ITEM ( 'NONE', ( #5890 ), #1045 ) ;
#404 =( LENGTH_UNIT ( ) NAMED_UNIT ( * ) SI_UNIT ( .MILLI., .METRE. ) );
#405 = DIRECTION ( 'NONE',  ( 0.000000000000000000, 0.000000000000000000, -1.000000000000000000 ) ) ;
#406 = SURFACE_SIDE_STYLE ('',( #437 ) ) ;
#407 = SURFACE_STYLE_FILL_AREA ( #3338 ) ;
#408 = COLOUR_RGB ( '',0.7921568627450980005, 0.8196078431372548767, 0.9333333333333333481 ) ;
#409 = ORIENTED_EDGE ( 'NONE', *, *, #2434, .F. ) ;
#410 = ORIENTED_EDGE ( 'NONE', *, *, #3319, .F. ) ;
#411 =( NAMED_UNIT ( * ) SI_UNIT ( $, .STERADIAN. ) SOLID_ANGLE_UNIT ( ) );
#412 = SURFACE_SIDE_STYLE ('',( #1955 ) ) ;
#413 = FACE_OUTER_BOUND ( 'NONE', #1369, .T. ) ;
#414 = FILL_AREA_STYLE_COLOUR ( '', #5178 ) ;
#415 = CARTESIAN_POINT ( 'NONE',  ( -1.389999999999999902, 0.2999999999999999889, 0.6299999999999998934 ) ) ;
#416 = ADVANCED_FACE ( 'NONE', ( #5625 ), #5162, .F. ) ;
#417 =( GEOMETRIC_REPRESENTATION_CONTEXT ( 3 ) GLOBAL_UNCERTAINTY_ASSIGNED_CONTEXT ( ( #3317 ) ) GLOBAL_UNIT_ASSIGNED_CONTEXT ( ( #154, #3281, #187 ) ) REPRESENTATION_CONTEXT ( 'NONE', 'WORKASPACE' ) );
#418 = SURFACE_STYLE_USAGE ( .BOTH. , #3568 ) ;
#419 = ORIENTED_EDGE ( 'NONE', *, *, #6212, .F. ) ;
#420 = EDGE_LOOP ( 'NONE', ( #5466, #4234, #3919, #2918 ) ) ;
#421 = PRESENTATION_LAYER_ASSIGNMENT (  '', '', ( #2904 ) ) ;
#422 = ORIENTED_EDGE ( 'NONE', *, *, #1823, .T. ) ;
#423 = FILL_AREA_STYLE_COLOUR ( '', #408 ) ;
#424 = FILL_AREA_STYLE ('',( #2960 ) ) ;
#425 = FACE_OUTER_BOUND ( 'NONE', #3535, .T. ) ;
#426 = PRESENTATION_LAYER_ASSIGNMENT (  '', '', ( #2913 ) ) ;
#427 =( LENGTH_UNIT ( ) NAMED_UNIT ( * ) SI_UNIT ( .MILLI., .METRE. ) );
#428 = SURFACE_STYLE_USAGE ( .BOTH. , #5138 ) ;
#429 = CARTESIAN_POINT ( 'NONE',  ( -0.1000000000000005052, 0.5999999999999999778, -0.8500000000000000888 ) ) ;
#430 =( GEOMETRIC_REPRESENTATION_CONTEXT ( 3 ) GLOBAL_UNCERTAINTY_ASSIGNED_CONTEXT ( ( #2628 ) ) GLOBAL_UNIT_ASSIGNED_CONTEXT ( ( #3770, #5450, #645 ) ) REPRESENTATION_CONTEXT ( 'NONE', 'WORKASPACE' ) );
#431 = ORIENTED_EDGE ( 'NONE', *, *, #713, .F. ) ;
#432 = ORIENTED_EDGE ( 'NONE', *, *, #2527, .F. ) ;
#433 = DIRECTION ( 'NONE',  ( 1.264902534566421675E-16, -0.000000000000000000, 1.000000000000000000 ) ) ;
#434 = CARTESIAN_POINT ( 'NONE',  ( 1.389999999999998570, 0.000000000000000000, 2.389999999999999680 ) ) ;
#435 = FILL_AREA_STYLE_COLOUR ( '', #6319 ) ;
#436 = CARTESIAN_POINT ( 'NONE',  ( -2.500000000000000888, 0.5999999999999999778, -2.500000000000000444 ) ) ;
#437 = SURFACE_STYLE_FILL_AREA ( #3008 ) ;
#438 = LINE ( 'NONE', #3853, #1305 ) ;
#439 = ORIENTED_EDGE ( 'NONE', *, *, #4464, .T. ) ;
#440 = AXIS2_PLACEMENT_3D ( 'NONE', #6501, #4470, #5002 ) ;
#441 = EDGE_LOOP ( 'NONE', ( #6431, #431, #30, #818 ) ) ;
#442 =( NAMED_UNIT ( * ) PLANE_ANGLE_UNIT ( ) SI_UNIT ( $, .RADIAN. ) );
#443 = DIRECTION ( 'NONE',  ( -0.000000000000000000, -1.000000000000000000, -0.000000000000000000 ) ) ;
#444 = DIRECTION ( 'NONE',  ( -0.000000000000000000, -0.000000000000000000, -1.000000000000000000 ) ) ;
#445 = DIRECTION ( 'NONE',  ( -1.445602896647340396E-16, 0.000000000000000000, -1.000000000000000000 ) ) ;
#446 = SURFACE_STYLE_USAGE ( .BOTH. , #1394 ) ;
#447 = PLANE ( 'NONE',  #4936 ) ;
#448 = STYLED_ITEM ( 'NONE', ( #3257 ), #2812 ) ;
#449 = SURFACE_STYLE_FILL_AREA ( #4161 ) ;
#450 = COLOUR_RGB ( '',0.5019607843137254832, 0.5019607843137254832, 0.5019607843137254832 ) ;
#451 = ORIENTED_EDGE ( 'NONE', *, *, #2937, .F. ) ;
#452 = ORIENTED_EDGE ( 'NONE', *, *, #6615, .T. ) ;
#453 = ORIENTED_EDGE ( 'NONE', *, *, #1283, .T. ) ;
#454 = CARTESIAN_POINT ( 'NONE',  ( 2.390000000000026770, 0.2999999999999999889, -0.1250000000000001110 ) ) ;
#455 = CARTESIAN_POINT ( 'NONE',  ( 1.890000000000026326, 0.2999999999999999889, -0.1250000000000001110 ) ) ;
#456 = FACE_OUTER_BOUND ( 'NONE', #722, .T. ) ;
#457 =( GEOMETRIC_REPRESENTATION_CONTEXT ( 3 ) GLOBAL_UNCERTAINTY_ASSIGNED_CONTEXT ( ( #6385 ) ) GLOBAL_UNIT_ASSIGNED_CONTEXT ( ( #971, #2548, #6106 ) ) REPRESENTATION_CONTEXT ( 'NONE', 'WORKASPACE' ) );
#458 = VECTOR ( 'NONE', #6582, 1000.000000000000000 ) ;
#459 = EDGE_CURVE ( 'NONE', #215, #1500, #5063, .T. ) ;
#460 = EDGE_CURVE ( 'NONE', #6361, #388, #394, .T. ) ;
#461 = ORIENTED_EDGE ( 'NONE', *, *, #3953, .F. ) ;
#462 = ADVANCED_FACE ( 'NONE', ( #876 ), #6492, .F. ) ;
#463 = PLANE ( 'NONE',  #3344 ) ;
#464 = CARTESIAN_POINT ( 'NONE',  ( 1.890000000000013447, 0.2999999999999999889, 1.135000000000000009 ) ) ;
#465 = CARTESIAN_POINT ( 'NONE',  ( 0.1000000000000002137, 0.7599999999999998979, -0.8500000000000000888 ) ) ;
#466 = CARTESIAN_POINT ( 'NONE',  ( -1.890000000000013669, 0.000000000000000000, 0.1249999999999990286 ) ) ;
#467 = CARTESIAN_POINT ( 'NONE',  ( 1.890000000000000124, 0.2999999999999999889, 2.395000000000000018 ) ) ;
#468 = UNCERTAINTY_MEASURE_WITH_UNIT (LENGTH_MEASURE( 1.000000000000000082E-05 ), #2930, 'distance_accuracy_value', 'NONE');
#469 = ORIENTED_EDGE ( 'NONE', *, *, #1934, .F. ) ;
#470 = COLOUR_RGB ( '',0.9686274509803921573, 0.8784313725490195957, 0.5999999999999999778 ) ;
#471 = CARTESIAN_POINT ( 'NONE',  ( 1.890000000000013447, 0.2999999999999999889, 1.135000000000000009 ) ) ;
#472 = DIRECTION ( 'NONE',  ( -0.000000000000000000, -1.000000000000000000, -0.000000000000000000 ) ) ;
#473 = DIRECTION ( 'NONE',  ( 1.445602896647340149E-16, -0.000000000000000000, 1.000000000000000000 ) ) ;
#474 = SURFACE_STYLE_FILL_AREA ( #609 ) ;
#475 = EDGE_LOOP ( 'NONE', ( #6258, #3704, #902, #4303 ) ) ;
#476 = VECTOR ( 'NONE', #3208, 1000.000000000000000 ) ;
#477 = CARTESIAN_POINT ( 'NONE',  ( 1.890000000000000346, 0.2999999999999999889, 1.385000000000000009 ) ) ;
#478 = COLOUR_RGB ( '',0.5019607843137254832, 0.5019607843137254832, 0.5019607843137254832 ) ;
#479 = ORIENTED_EDGE ( 'NONE', *, *, #3699, .F. ) ;
#480 = LINE ( 'NONE', #5115, #287 ) ;
#481 = PRESENTATION_STYLE_ASSIGNMENT (( #5660 ) ) ;
#482 = LINE ( 'NONE', #2539, #5220 ) ;
#483 = FILL_AREA_STYLE ('',( #2170 ) ) ;
#484 = PRESENTATION_LAYER_ASSIGNMENT (  '', '', ( #3408 ) ) ;
#485 = CARTESIAN_POINT ( 'NONE',  ( 2.390000000000026770, 0.2999999999999999889, -0.1250000000000001110 ) ) ;
#486 = DIRECTION ( 'NONE',  ( 1.000000000000000000, 0.000000000000000000, 0.000000000000000000 ) ) ;
#487 = EDGE_LOOP ( 'NONE', ( #6214, #5797, #1033 ) ) ;
#488 = ORIENTED_EDGE ( 'NONE', *, *, #4158, .T. ) ;
#489 = VERTEX_POINT ( 'NONE', #5474 ) ;
#490 = FACE_OUTER_BOUND ( 'NONE', #5087, .T. ) ;
#491 = SURFACE_SIDE_STYLE ('',( #5632 ) ) ;
#492 = CARTESIAN_POINT ( 'NONE',  ( -1.890000000000026326, 0.000000000000000000, -0.1250000000000009714 ) ) ;
#493 =( NAMED_UNIT ( * ) SI_UNIT ( $, .STERADIAN. ) SOLID_ANGLE_UNIT ( ) );
#494 = DIRECTION ( 'NONE',  ( 0.000000000000000000, -0.000000000000000000, 1.000000000000000000 ) ) ;
#495 = PRESENTATION_STYLE_ASSIGNMENT (( #5242 ) ) ;
#496 = EDGE_CURVE ( 'NONE', #1217, #5197, #810, .T. ) ;
#497 = EDGE_CURVE ( 'NONE', #1081, #5923, #146, .T. ) ;
#498 = AXIS2_PLACEMENT_3D ( 'NONE', #3348, #4894, #4922 ) ;
#499 = EDGE_LOOP ( 'NONE', ( #2291, #2779, #2123, #2427 ) ) ;
#500 = FILL_AREA_STYLE_COLOUR ( '', #1073 ) ;
#501 = CARTESIAN_POINT ( 'NONE',  ( 1.890000000000013447, 0.2999999999999999889, 1.135000000000000009 ) ) ;
#502 = DIRECTION ( 'NONE',  ( -0.000000000000000000, -1.000000000000000000, -0.000000000000000000 ) ) ;
#503 = DIRECTION ( 'NONE',  ( 1.000000000000000000, 0.000000000000000000, -0.000000000000000000 ) ) ;
#504 = ORIENTED_EDGE ( 'NONE', *, *, #843, .F. ) ;
#505 = MECHANICAL_DESIGN_GEOMETRIC_PRESENTATION_REPRESENTATION (  '', ( #3426 ), #6054 ) ;
#506 = DIRECTION ( 'NONE',  ( -0.000000000000000000, -1.000000000000000000, -0.000000000000000000 ) ) ;
#507 = ORIENTED_EDGE ( 'NONE', *, *, #4202, .F. ) ;
#508 = VECTOR ( 'NONE', #3033, 1000.000000000000000 ) ;
#509 = SURFACE_SIDE_STYLE ('',( #5259 ) ) ;
#510 = CARTESIAN_POINT ( 'NONE',  ( 1.890000000000000124, 0.000000000000000000, 2.395000000000000018 ) ) ;
#511 = PLANE ( 'NONE',  #1125 ) ;
#512 = SURFACE_SIDE_STYLE ('',( #617 ) ) ;
#513 = PRESENTATION_LAYER_ASSIGNMENT (  '', '', ( #3220 ) ) ;
#514 = SURFACE_STYLE_FILL_AREA ( #2138 ) ;
#515 = SURFACE_STYLE_USAGE ( .BOTH. , #1524 ) ;
#516 = DIRECTION ( 'NONE',  ( -0.000000000000000000, 1.000000000000000000, 0.000000000000000000 ) ) ;
#517 = ORIENTED_EDGE ( 'NONE', *, *, #2733, .T. ) ;
#518 = ORIENTED_EDGE ( 'NONE', *, *, #5917, .T. ) ;
#519 = VERTEX_POINT ( 'NONE', #940 ) ;
#520 = FILL_AREA_STYLE ('',( #3087 ) ) ;
#521 = PRESENTATION_STYLE_ASSIGNMENT (( #5234 ) ) ;
#522 = AXIS2_PLACEMENT_3D ( 'NONE', #6737, #598, #5816 ) ;
#523 = STYLED_ITEM ( 'NONE', ( #1907 ), #756 ) ;
#524 = VERTEX_POINT ( 'NONE', #526 ) ;
#525 = CARTESIAN_POINT ( 'NONE',  ( -2.390000000000038760, 0.000000000000000000, -1.385000000000001341 ) ) ;
#526 = CARTESIAN_POINT ( 'NONE',  ( -1.890000000000013891, 0.000000000000000000, 1.134999999999999121 ) ) ;
#527 = FILL_AREA_STYLE_COLOUR ( '', #478 ) ;
#528 = CARTESIAN_POINT ( 'NONE',  ( 1.389999999999998570, 0.2999999999999999889, 2.389999999999999680 ) ) ;
#529 = PRESENTATION_LAYER_ASSIGNMENT (  '', '', ( #3449 ) ) ;
#530 = UNCERTAINTY_MEASURE_WITH_UNIT (LENGTH_MEASURE( 1.000000000000000082E-05 ), #728, 'distance_accuracy_value', 'NONE');
#531 = ADVANCED_FACE ( 'NONE', ( #5175 ), #2005, .F. ) ;
#532 = EDGE_CURVE ( 'NONE', #3502, #4389, #482, .T. ) ;
#533 = ORIENTED_EDGE ( 'NONE', *, *, #243, .F. ) ;
#534 = EDGE_CURVE ( 'NONE', #6023, #1421, #4151, .T. ) ;
#535 =( LENGTH_UNIT ( ) NAMED_UNIT ( * ) SI_UNIT ( .MILLI., .METRE. ) );
#536 = SURFACE_STYLE_USAGE ( .BOTH. , #6673 ) ;
#537 = SURFACE_STYLE_FILL_AREA ( #5217 ) ;
#538 = PRESENTATION_LAYER_ASSIGNMENT (  '', '', ( #658 ) ) ;
#539 = ORIENTED_EDGE ( 'NONE', *, *, #1520, .F. ) ;
#540 = EDGE_CURVE ( 'NONE', #2240, #4146, #3117, .T. ) ;
#541 = SURFACE_SIDE_STYLE ('',( #5221 ) ) ;
#542 = EDGE_LOOP ( 'NONE', ( #4875, #3909, #4646, #1865 ) ) ;
#543 = MECHANICAL_DESIGN_GEOMETRIC_PRESENTATION_REPRESENTATION (  '', ( #6423 ), #4685 ) ;
#544 = EDGE_CURVE ( 'NONE', #178, #6293, #2671, .T. ) ;
#545 = SURFACE_STYLE_USAGE ( .BOTH. , #3114 ) ;
#546 = VECTOR ( 'NONE', #3766, 1000.000000000000000 ) ;
#547 = FACE_OUTER_BOUND ( 'NONE', #2177, .T. ) ;
#548 =( GEOMETRIC_REPRESENTATION_CONTEXT ( 3 ) GLOBAL_UNCERTAINTY_ASSIGNED_CONTEXT ( ( #1880 ) ) GLOBAL_UNIT_ASSIGNED_CONTEXT ( ( #851, #1792, #335 ) ) REPRESENTATION_CONTEXT ( 'NONE', 'WORKASPACE' ) );
#549 = LINE ( 'NONE', #1134, #1028 ) ;
#550 = FACE_OUTER_BOUND ( 'NONE', #2499, .T. ) ;
#551 = COLOUR_RGB ( '',1.000000000000000000, 1.000000000000000000, 1.000000000000000000 ) ;
#552 = ORIENTED_EDGE ( 'NONE', *, *, #2979, .T. ) ;
#553 = EDGE_LOOP ( 'NONE', ( #4876, #3894, #5758, #6400 ) ) ;
#554 = ORIENTED_EDGE ( 'NONE', *, *, #2194, .T. ) ;
#555 = DIRECTION ( 'NONE',  ( 0.000000000000000000, -0.000000000000000000, -1.000000000000000000 ) ) ;
#556 = AXIS2_PLACEMENT_3D ( 'NONE', #5790, #59, #1126 ) ;
#557 = VECTOR ( 'NONE', #2209, 1000.000000000000000 ) ;
#558 = LINE ( 'NONE', #2521, #3405 ) ;
#559 = CARTESIAN_POINT ( 'NONE',  ( -1.389999999999999902, 0.2999999999999999889, 0.6299999999999998934 ) ) ;
#560 =( GEOMETRIC_REPRESENTATION_CONTEXT ( 3 ) GLOBAL_UNCERTAINTY_ASSIGNED_CONTEXT ( ( #6320 ) ) GLOBAL_UNIT_ASSIGNED_CONTEXT ( ( #1712, #3801, #222 ) ) REPRESENTATION_CONTEXT ( 'NONE', 'WORKASPACE' ) );
#561 = ORIENTED_EDGE ( 'NONE', *, *, #4028, .F. ) ;
#562 = SURFACE_SIDE_STYLE ('',( #3726 ) ) ;
#563 =( LENGTH_UNIT ( ) NAMED_UNIT ( * ) SI_UNIT ( .MILLI., .METRE. ) );
#564 = DIRECTION ( 'NONE',  ( -0.000000000000000000, 1.000000000000000000, 0.000000000000000000 ) ) ;
#565 = COLOUR_RGB ( '',0.5019607843137254832, 0.5019607843137254832, 0.5019607843137254832 ) ;
#566 = VECTOR ( 'NONE', #5231, 1000.000000000000000 ) ;
#567 = ORIENTED_EDGE ( 'NONE', *, *, #4202, .T. ) ;
#568 =( NAMED_UNIT ( * ) PLANE_ANGLE_UNIT ( ) SI_UNIT ( $, .RADIAN. ) );
#569 = CARTESIAN_POINT ( 'NONE',  ( 1.890000000000013447, 0.2999999999999999889, 1.135000000000000009 ) ) ;
#570 = SURFACE_SIDE_STYLE ('',( #6710 ) ) ;
#571 = DIRECTION ( 'NONE',  ( 0.000000000000000000, -0.000000000000000000, 1.000000000000000000 ) ) ;
#572 = VECTOR ( 'NONE', #278, 1000.000000000000114 ) ;
#573 = DIRECTION ( 'NONE',  ( -0.000000000000000000, -1.000000000000000000, -0.000000000000000000 ) ) ;
#574 = ORIENTED_EDGE ( 'NONE', *, *, #4584, .F. ) ;
#575 = SURFACE_SIDE_STYLE ('',( #6398 ) ) ;
#576 = PRESENTATION_LAYER_ASSIGNMENT (  '', '', ( #2844 ) ) ;
#577 = ORIENTED_EDGE ( 'NONE', *, *, #4956, .T. ) ;
#578 = LINE ( 'NONE', #2134, #6507 ) ;
#579 = DIRECTION ( 'NONE',  ( -0.000000000000000000, 1.000000000000000000, 0.000000000000000000 ) ) ;
#580 = DIRECTION ( 'NONE',  ( 0.000000000000000000, 0.000000000000000000, -1.000000000000000000 ) ) ;
#581 = EDGE_CURVE ( 'NONE', #835, #4196, #2026, .T. ) ;
#582 =( GEOMETRIC_REPRESENTATION_CONTEXT ( 3 ) GLOBAL_UNCERTAINTY_ASSIGNED_CONTEXT ( ( #4355 ) ) GLOBAL_UNIT_ASSIGNED_CONTEXT ( ( #6528, #4958, #3940 ) ) REPRESENTATION_CONTEXT ( 'NONE', 'WORKASPACE' ) );
#583 = ADVANCED_FACE ( 'NONE', ( #547 ), #2101, .F. ) ;
#584 = LINE ( 'NONE', #3782, #557 ) ;
#585 = EDGE_CURVE ( 'NONE', #4811, #2035, #1098, .T. ) ;
#586 = VECTOR ( 'NONE', #6527, 1000.000000000000000 ) ;
#587 = EDGE_LOOP ( 'NONE', ( #2680, #5210, #1000, #5042 ) ) ;
#588 = ORIENTED_EDGE ( 'NONE', *, *, #3556, .F. ) ;
#589 = ORIENTED_EDGE ( 'NONE', *, *, #3659, .F. ) ;
#590 = MECHANICAL_DESIGN_GEOMETRIC_PRESENTATION_REPRESENTATION (  '', ( #5283 ), #6135 ) ;
#591 = CARTESIAN_POINT ( 'NONE',  ( 2.390000000000026770, 0.000000000000000000, -1.135000000000000231 ) ) ;
#592 = DIRECTION ( 'NONE',  ( 0.000000000000000000, -0.000000000000000000, -1.000000000000000000 ) ) ;
#593 = CARTESIAN_POINT ( 'NONE',  ( 1.890000000000026326, 0.2999999999999999889, -0.1250000000000001110 ) ) ;
#594 = SURFACE_STYLE_FILL_AREA ( #1180 ) ;
#595 =( NAMED_UNIT ( * ) SI_UNIT ( $, .STERADIAN. ) SOLID_ANGLE_UNIT ( ) );
#596 = UNCERTAINTY_MEASURE_WITH_UNIT (LENGTH_MEASURE( 1.000000000000000082E-05 ), #1586, 'distance_accuracy_value', 'NONE');
#597 = VERTEX_POINT ( 'NONE', #510 ) ;
#598 = DIRECTION ( 'NONE',  ( -0.000000000000000000, 1.000000000000000000, 0.000000000000000000 ) ) ;
#599 = PLANE ( 'NONE',  #3960 ) ;
#600 = PRESENTATION_LAYER_ASSIGNMENT (  '', '', ( #4423 ) ) ;
#601 = FILL_AREA_STYLE_COLOUR ( '', #5137 ) ;
#602 = CARTESIAN_POINT ( 'NONE',  ( 2.390000000000000124, 0.000000000000000000, 1.385000000000000009 ) ) ;
#603 = DIRECTION ( 'NONE',  ( 1.000000000000000000, -0.000000000000000000, 0.000000000000000000 ) ) ;
#604 = LINE ( 'NONE', #3134, #1842 ) ;
#605 = UNCERTAINTY_MEASURE_WITH_UNIT (LENGTH_MEASURE( 1.000000000000000082E-05 ), #6218, 'distance_accuracy_value', 'NONE');
#606 = VERTEX_POINT ( 'NONE', #6297 ) ;
#607 = SURFACE_SIDE_STYLE ('',( #740 ) ) ;
#608 = DIRECTION ( 'NONE',  ( -0.000000000000000000, 0.000000000000000000, -1.000000000000000000 ) ) ;
#609 = FILL_AREA_STYLE ('',( #3183 ) ) ;
#610 = ORIENTED_EDGE ( 'NONE', *, *, #2729, .T. ) ;
#611 = LINE ( 'NONE', #4845, #629 ) ;
#612 = ORIENTED_EDGE ( 'NONE', *, *, #4662, .F. ) ;
#613 =( NAMED_UNIT ( * ) PLANE_ANGLE_UNIT ( ) SI_UNIT ( $, .RADIAN. ) );
#614 =( NAMED_UNIT ( * ) SI_UNIT ( $, .STERADIAN. ) SOLID_ANGLE_UNIT ( ) );
#615 = CARTESIAN_POINT ( 'NONE',  ( -2.390000000000001013, 0.000000000000000000, 2.394999999999999130 ) ) ;
#616 = CARTESIAN_POINT ( 'NONE',  ( 0.8500000000000003109, 0.5999999999999999778, 0.09999999999999970024 ) ) ;
#617 = SURFACE_STYLE_FILL_AREA ( #483 ) ;
#618 = PRESENTATION_STYLE_ASSIGNMENT (( #656 ) ) ;
#619 = VECTOR ( 'NONE', #2061, 1000.000000000000000 ) ;
#620 = SURFACE_STYLE_USAGE ( .BOTH. , #3161 ) ;
#621 = ORIENTED_EDGE ( 'NONE', *, *, #1934, .T. ) ;
#622 =( GEOMETRIC_REPRESENTATION_CONTEXT ( 3 ) GLOBAL_UNCERTAINTY_ASSIGNED_CONTEXT ( ( #4898 ) ) GLOBAL_UNIT_ASSIGNED_CONTEXT ( ( #2262, #1845, #3389 ) ) REPRESENTATION_CONTEXT ( 'NONE', 'WORKASPACE' ) );
#623 = CLOSED_SHELL ( 'NONE', ( #1780, #4540, #2158, #1649, #4751, #5794 ) ) ;
#624 = EDGE_CURVE ( 'NONE', #2518, #3113, #3639, .T. ) ;
#625 = SURFACE_STYLE_FILL_AREA ( #1768 ) ;
#626 = EDGE_CURVE ( 'NONE', #3605, #6456, #578, .T. ) ;
#627 = SURFACE_STYLE_FILL_AREA ( #2996 ) ;
#628 = LINE ( 'NONE', #4791, #5821 ) ;
#629 = VECTOR ( 'NONE', #2231, 1000.000000000000000 ) ;
#630 = DIRECTION ( 'NONE',  ( -1.000000000000000000, 0.000000000000000000, -2.146934995020800486E-16 ) ) ;
#631 = DIRECTION ( 'NONE',  ( -1.000000000000000000, 0.000000000000000000, -2.146934995020800486E-16 ) ) ;
#632 = STYLED_ITEM ( 'NONE', ( #180 ), #4414 ) ;
#633 = ORIENTED_EDGE ( 'NONE', *, *, #1039, .T. ) ;
#634 = CARTESIAN_POINT ( 'NONE',  ( 1.890000000000026326, 0.000000000000000000, -0.1250000000000001110 ) ) ;
#635 = EDGE_CURVE ( 'NONE', #2283, #2390, #2574, .T. ) ;
#637 = STYLED_ITEM ( 'NONE', ( #5557 ), #4495 ) ;
#636 = CARTESIAN_POINT ( 'NONE',  ( 0.000000000000000000, 0.2999999999999999889, 0.000000000000000000 ) ) ;
#638 = DIRECTION ( 'NONE',  ( 0.000000000000000000, 0.000000000000000000, 1.000000000000000000 ) ) ;
#639 =( NAMED_UNIT ( * ) SI_UNIT ( $, .STERADIAN. ) SOLID_ANGLE_UNIT ( ) );
#640 = VECTOR ( 'NONE', #1616, 1000.000000000000000 ) ;
#641 = STYLED_ITEM ( 'NONE', ( #4856 ), #4166 ) ;
#642 = ORIENTED_EDGE ( 'NONE', *, *, #585, .T. ) ;
#643 = PRESENTATION_LAYER_ASSIGNMENT (  '', '', ( #5867 ) ) ;
#644 = CARTESIAN_POINT ( 'NONE',  ( 1.890000000000013447, 0.2999999999999999889, 1.135000000000000009 ) ) ;
#645 =( NAMED_UNIT ( * ) SI_UNIT ( $, .STERADIAN. ) SOLID_ANGLE_UNIT ( ) );
#646 = MECHANICAL_DESIGN_GEOMETRIC_PRESENTATION_REPRESENTATION (  '', ( #4671 ), #4238 ) ;
#647 = FACE_OUTER_BOUND ( 'NONE', #987, .T. ) ;
#648 = ORIENTED_EDGE ( 'NONE', *, *, #5677, .T. ) ;
#649 = DIRECTION ( 'NONE',  ( -1.000000000000000000, 0.000000000000000000, 1.445602896647339163E-16 ) ) ;
#650 = VERTEX_POINT ( 'NONE', #6338 ) ;
#651 = PLANE ( 'NONE',  #2380 ) ;
#652 = CARTESIAN_POINT ( 'NONE',  ( 1.890000000000039870, 0.2999999999999999889, -2.395000000000000462 ) ) ;
#653 = PLANE ( 'NONE',  #857 ) ;
#654 = SURFACE_STYLE_FILL_AREA ( #2208 ) ;
#655 = SURFACE_STYLE_USAGE ( .BOTH. , #5332 ) ;
#656 = SURFACE_STYLE_USAGE ( .BOTH. , #2324 ) ;
#657 = DIRECTION ( 'NONE',  ( 0.000000000000000000, -1.000000000000000000, 0.000000000000000000 ) ) ;
#658 = STYLED_ITEM ( 'NONE', ( #3836 ), #2095 ) ;
#659 = VERTEX_POINT ( 'NONE', #615 ) ;
#660 = STYLED_ITEM ( 'NONE', ( #521 ), #2428 ) ;
#661 = EDGE_LOOP ( 'NONE', ( #422, #2582, #2927, #2920 ) ) ;
#662 = DIRECTION ( 'NONE',  ( -2.146934995020800733E-16, -0.000000000000000000, 1.000000000000000000 ) ) ;
#663 =( GEOMETRIC_REPRESENTATION_CONTEXT ( 3 ) GLOBAL_UNCERTAINTY_ASSIGNED_CONTEXT ( ( #4558 ) ) GLOBAL_UNIT_ASSIGNED_CONTEXT ( ( #1464, #6138, #6101 ) ) REPRESENTATION_CONTEXT ( 'NONE', 'WORKASPACE' ) );
#664 = FILL_AREA_STYLE ('',( #4236 ) ) ;
#665 = LINE ( 'NONE', #1626, #362 ) ;
#666 =( GEOMETRIC_REPRESENTATION_CONTEXT ( 3 ) GLOBAL_UNCERTAINTY_ASSIGNED_CONTEXT ( ( #2087 ) ) GLOBAL_UNIT_ASSIGNED_CONTEXT ( ( #2248, #3275, #5343 ) ) REPRESENTATION_CONTEXT ( 'NONE', 'WORKASPACE' ) );
#667 = LINE ( 'NONE', #3203, #3384 ) ;
#668 = EDGE_CURVE ( 'NONE', #90, #3977, #3747, .T. ) ;
#669 = UNCERTAINTY_MEASURE_WITH_UNIT (LENGTH_MEASURE( 1.000000000000000082E-05 ), #5260, 'distance_accuracy_value', 'NONE');
#670 = ORIENTED_EDGE ( 'NONE', *, *, #6619, .T. ) ;
#671 = DIRECTION ( 'NONE',  ( -0.000000000000000000, -1.000000000000000000, -0.000000000000000000 ) ) ;
#672 = SURFACE_SIDE_STYLE ('',( #5281 ) ) ;
#673 = EDGE_CURVE ( 'NONE', #6754, #4720, #4675, .T. ) ;
#674 = ADVANCED_FACE ( 'NONE', ( #3188 ), #653, .T. ) ;
#675 = EDGE_CURVE ( 'NONE', #5877, #5295, #4331, .T. ) ;
#676 = UNCERTAINTY_MEASURE_WITH_UNIT (LENGTH_MEASURE( 1.000000000000000082E-05 ), #5977, 'distance_accuracy_value', 'NONE');
#677 = EDGE_LOOP ( 'NONE', ( #5421, #6518, #1589, #3334 ) ) ;
#678 = VECTOR ( 'NONE', #2423, 1000.000000000000000 ) ;
#679 =( GEOMETRIC_REPRESENTATION_CONTEXT ( 3 ) GLOBAL_UNCERTAINTY_ASSIGNED_CONTEXT ( ( #808 ) ) GLOBAL_UNIT_ASSIGNED_CONTEXT ( ( #2191, #5413, #3346 ) ) REPRESENTATION_CONTEXT ( 'NONE', 'WORKASPACE' ) );
#680 = CARTESIAN_POINT ( 'NONE',  ( -0.8500000000000003109, 0.7599999999999998979, 0.1000000000000002970 ) ) ;
#681 = FACE_OUTER_BOUND ( 'NONE', #379, .T. ) ;
#682 =( NAMED_UNIT ( * ) SI_UNIT ( $, .STERADIAN. ) SOLID_ANGLE_UNIT ( ) );
#683 = UNCERTAINTY_MEASURE_WITH_UNIT (LENGTH_MEASURE( 1.000000000000000082E-05 ), #4559, 'distance_accuracy_value', 'NONE');
#684 = VECTOR ( 'NONE', #6042, 1000.000000000000000 ) ;
#685 = DIRECTION ( 'NONE',  ( 1.000000000000000000, -0.000000000000000000, 0.000000000000000000 ) ) ;
#686 = ORIENTED_EDGE ( 'NONE', *, *, #4431, .F. ) ;
#687 = PRESENTATION_STYLE_ASSIGNMENT (( #5361 ) ) ;
#688 = MECHANICAL_DESIGN_GEOMETRIC_PRESENTATION_REPRESENTATION (  '', ( #248 ), #4052 ) ;
#689 = DIRECTION ( 'NONE',  ( 1.000000000000000000, 0.000000000000000000, 0.000000000000000000 ) ) ;
#690 =( LENGTH_UNIT ( ) NAMED_UNIT ( * ) SI_UNIT ( .MILLI., .METRE. ) );
#691 = DIRECTION ( 'NONE',  ( -1.000000000000000000, -0.000000000000000000, -0.000000000000000000 ) ) ;
#692 = PRESENTATION_LAYER_ASSIGNMENT (  '', '', ( #3613 ) ) ;
#693 = ORIENTED_EDGE ( 'NONE', *, *, #84, .F. ) ;
#694 = VERTEX_POINT ( 'NONE', #5401 ) ;
#695 = VERTEX_POINT ( 'NONE', #1724 ) ;
#696 = SURFACE_STYLE_USAGE ( .BOTH. , #761 ) ;
#697 = STYLED_ITEM ( 'NONE', ( #4624 ), #5839 ) ;
#698 = MECHANICAL_DESIGN_GEOMETRIC_PRESENTATION_REPRESENTATION (  '', ( #4408 ), #3297 ) ;
#699 = SURFACE_SIDE_STYLE ('',( #5312 ) ) ;
#700 = AXIS2_PLACEMENT_3D ( 'NONE', #2173, #6237, #4299 ) ;
#701 = VERTEX_POINT ( 'NONE', #4410 ) ;
#702 = VECTOR ( 'NONE', #218, 1000.000000000000000 ) ;
#703 = CARTESIAN_POINT ( 'NONE',  ( 0.000000000000000000, 0.2999999999999999889, 0.000000000000000000 ) ) ;
#704 = FILL_AREA_STYLE ('',( #2896 ) ) ;
#705 = CARTESIAN_POINT ( 'NONE',  ( 0.000000000000000000, 0.2999999999999999889, 0.000000000000000000 ) ) ;
#706 = LINE ( 'NONE', #2256, #3258 ) ;
#707 = AXIS2_PLACEMENT_3D ( 'NONE', #5866, #1727, #2370 ) ;
#708 = MECHANICAL_DESIGN_GEOMETRIC_PRESENTATION_REPRESENTATION (  '', ( #5827 ), #3196 ) ;
#709 = VERTEX_POINT ( 'NONE', #2973 ) ;
#710 = CARTESIAN_POINT ( 'NONE',  ( -2.390000000000001013, 0.2999999999999999889, 1.384999999999999121 ) ) ;
#711 = EDGE_CURVE ( 'NONE', #2621, #5086, #6566, .T. ) ;
#712 = CARTESIAN_POINT ( 'NONE',  ( -0.8500000000000004219, 0.7599999999999998979, -0.8499999999999996447 ) ) ;
#713 = EDGE_CURVE ( 'NONE', #1329, #3668, #2879, .T. ) ;
#714 = FILL_AREA_STYLE_COLOUR ( '', #3151 ) ;
#715 = VECTOR ( 'NONE', #1764, 1000.000000000000000 ) ;
#716 = ORIENTED_EDGE ( 'NONE', *, *, #3742, .T. ) ;
#717 = CARTESIAN_POINT ( 'NONE',  ( -2.390000000000026770, 0.000000000000000000, -0.1250000000000009714 ) ) ;
#718 =( NAMED_UNIT ( * ) SI_UNIT ( $, .STERADIAN. ) SOLID_ANGLE_UNIT ( ) );
#719 =( NAMED_UNIT ( * ) SI_UNIT ( $, .STERADIAN. ) SOLID_ANGLE_UNIT ( ) );
#720 = SURFACE_STYLE_FILL_AREA ( #1824 ) ;
#721 = LINE ( 'NONE', #5521, #715 ) ;
#722 = EDGE_LOOP ( 'NONE', ( #3186, #1592, #2571, #2604 ) ) ;
#723 = ORIENTED_EDGE ( 'NONE', *, *, #459, .T. ) ;
#724 = FILL_AREA_STYLE_COLOUR ( '', #4653 ) ;
#725 = DIRECTION ( 'NONE',  ( 1.000000000000000000, -0.000000000000000000, -0.000000000000000000 ) ) ;
#726 =( NAMED_UNIT ( * ) PLANE_ANGLE_UNIT ( ) SI_UNIT ( $, .RADIAN. ) );
#727 = SPHERICAL_SURFACE ( 'NONE', #3369, 2.259999999999999787 ) ;
#728 =( LENGTH_UNIT ( ) NAMED_UNIT ( * ) SI_UNIT ( .MILLI., .METRE. ) );
#729 = COLOUR_RGB ( '',0.9686274509803921573, 0.8784313725490195957, 0.5999999999999999778 ) ;
#730 = PRESENTATION_LAYER_ASSIGNMENT (  '', '', ( #3426 ) ) ;
#731 = UNCERTAINTY_MEASURE_WITH_UNIT (LENGTH_MEASURE( 1.000000000000000082E-05 ), #4599, 'distance_accuracy_value', 'NONE');
#732 = ORIENTED_EDGE ( 'NONE', *, *, #675, .F. ) ;
#733 = CARTESIAN_POINT ( 'NONE',  ( 2.390000000000026770, 0.2999999999999999889, -1.135000000000000231 ) ) ;
#734 = PLANE ( 'NONE',  #1141 ) ;
#735 = SURFACE_STYLE_FILL_AREA ( #190 ) ;
#736 = FACE_OUTER_BOUND ( 'NONE', #949, .T. ) ;
#737 = UNCERTAINTY_MEASURE_WITH_UNIT (LENGTH_MEASURE( 1.000000000000000082E-05 ), #4884, 'distance_accuracy_value', 'NONE');
#738 = VECTOR ( 'NONE', #6095, 1000.000000000000000 ) ;
#739 = ORIENTED_EDGE ( 'NONE', *, *, #3860, .F. ) ;
#740 = SURFACE_STYLE_FILL_AREA ( #3805 ) ;
#741 = DIRECTION ( 'NONE',  ( 1.000000000000000000, 0.000000000000000000, -2.891205793294678819E-16 ) ) ;
#742 = LINE ( 'NONE', #5323, #3356 ) ;
#743 = CARTESIAN_POINT ( 'NONE',  ( -1.389999999999999902, 0.000000000000000000, 2.389999999999999680 ) ) ;
#744 = EDGE_CURVE ( 'NONE', #4787, #5154, #3949, .T. ) ;
#745 = EDGE_CURVE ( 'NONE', #3291, #1926, #5549, .T. ) ;
#746 = UNCERTAINTY_MEASURE_WITH_UNIT (LENGTH_MEASURE( 1.000000000000000082E-05 ), #5953, 'distance_accuracy_value', 'NONE');
#747 = CARTESIAN_POINT ( 'NONE',  ( -1.890000000000039204, 0.2999999999999999889, -1.385000000000001341 ) ) ;
#748 = EDGE_CURVE ( 'NONE', #5770, #4424, #3521, .T. ) ;
#749 = ORIENTED_EDGE ( 'NONE', *, *, #745, .T. ) ;
#750 = CARTESIAN_POINT ( 'NONE',  ( -0.1000000000000002554, 0.5999999999999999778, 0.1000000000000000333 ) ) ;
#751 =( NAMED_UNIT ( * ) PLANE_ANGLE_UNIT ( ) SI_UNIT ( $, .RADIAN. ) );
#752 = CARTESIAN_POINT ( 'NONE',  ( -0.1000000000000002970, 0.7599999999999998979, 0.1000000000000000333 ) ) ;
#753 = LINE ( 'NONE', #1291, #6417 ) ;
#754 =( NAMED_UNIT ( * ) SI_UNIT ( $, .STERADIAN. ) SOLID_ANGLE_UNIT ( ) );
#755 =( NAMED_UNIT ( * ) SI_UNIT ( $, .STERADIAN. ) SOLID_ANGLE_UNIT ( ) );
#756 = ADVANCED_FACE ( 'NONE', ( #1986 ), #6161, .T. ) ;
#757 = EDGE_CURVE ( 'NONE', #4706, #5001, #1415, .T. ) ;
#758 = EDGE_CURVE ( 'NONE', #1767, #3775, #5036, .T. ) ;
#759 = ORIENTED_EDGE ( 'NONE', *, *, #6573, .T. ) ;
#760 = ORIENTED_EDGE ( 'NONE', *, *, #6285, .F. ) ;
#761 = SURFACE_SIDE_STYLE ('',( #5373 ) ) ;
#762 = FILL_AREA_STYLE_COLOUR ( '', #4989 ) ;
#763 = CARTESIAN_POINT ( 'NONE',  ( -1.890000000000001013, 0.2999999999999999889, 2.394999999999999574 ) ) ;
#764 = DIRECTION ( 'NONE',  ( -1.000000000000000000, -0.000000000000000000, -0.000000000000000000 ) ) ;
#765 = VECTOR ( 'NONE', #4403, 1000.000000000000000 ) ;
#766 = CARTESIAN_POINT ( 'NONE',  ( 1.890000000000039870, 0.2999999999999999889, -2.395000000000000462 ) ) ;
#767 = EDGE_LOOP ( 'NONE', ( #5841, #6213, #1609, #4731 ) ) ;
#768 = AXIS2_PLACEMENT_3D ( 'NONE', #467, #3029, #5752 ) ;
#769 =( NAMED_UNIT ( * ) SI_UNIT ( $, .STERADIAN. ) SOLID_ANGLE_UNIT ( ) );
#770 = DIRECTION ( 'NONE',  ( 1.000000000000000000, 0.000000000000000000, 0.000000000000000000 ) ) ;
#771 = DIRECTION ( 'NONE',  ( -2.146934995020800733E-16, -0.000000000000000000, 1.000000000000000000 ) ) ;
#772 = FILL_AREA_STYLE_COLOUR ( '', #3574 ) ;
#773 = AXIS2_PLACEMENT_3D ( 'NONE', #4081, #1773, #6602 ) ;
#774 = VERTEX_POINT ( 'NONE', #919 ) ;
#775 = DIRECTION ( 'NONE',  ( -2.891205793294679312E-16, 0.000000000000000000, -1.000000000000000000 ) ) ;
#776 = PRESENTATION_STYLE_ASSIGNMENT (( #4463 ) ) ;
#777 = PLANE ( 'NONE',  #5589 ) ;
#778 = COLOUR_RGB ( '',0.5019607843137254832, 0.5019607843137254832, 0.5019607843137254832 ) ;
#779 = STYLED_ITEM ( 'NONE', ( #4770 ), #3861 ) ;
#780 = CARTESIAN_POINT ( 'NONE',  ( -1.890000000000013891, 0.2999999999999999889, 1.134999999999999121 ) ) ;
#781 = VECTOR ( 'NONE', #3974, 1000.000000000000000 ) ;
#782 = SURFACE_SIDE_STYLE ('',( #848 ) ) ;
#783 = STYLED_ITEM ( 'NONE', ( #5444 ), #3099 ) ;
#784 = EDGE_LOOP ( 'NONE', ( #453, #4051, #4620, #1805 ) ) ;
#785 = FILL_AREA_STYLE_COLOUR ( '', #4773 ) ;
#786 = CARTESIAN_POINT ( 'NONE',  ( -1.389999999999999902, 0.2999999999999999889, 2.389999999999999680 ) ) ;
#787 = CARTESIAN_POINT ( 'NONE',  ( -0.1000000000000005052, 0.7599999999999998979, -0.8500000000000000888 ) ) ;
#788 = STYLED_ITEM ( 'NONE', ( #2180 ), #5083 ) ;
#789 = DIRECTION ( 'NONE',  ( -0.000000000000000000, -1.000000000000000000, -0.000000000000000000 ) ) ;
#790 = SURFACE_STYLE_USAGE ( .BOTH. , #2883 ) ;
#791 = AXIS2_PLACEMENT_3D ( 'NONE', #2249, #4422, #5016 ) ;
#792 = ORIENTED_EDGE ( 'NONE', *, *, #3911, .T. ) ;
#793 = CARTESIAN_POINT ( 'NONE',  ( 1.890000000000000346, 0.2999999999999999889, 1.385000000000000009 ) ) ;
#794 = EDGE_CURVE ( 'NONE', #519, #2263, #951, .T. ) ;
#795 = FILL_AREA_STYLE ('',( #6513 ) ) ;
#796 = FILL_AREA_STYLE_COLOUR ( '', #2969 ) ;
#797 = EDGE_CURVE ( 'NONE', #3071, #4185, #4044, .T. ) ;
#798 =( NAMED_UNIT ( * ) PLANE_ANGLE_UNIT ( ) SI_UNIT ( $, .RADIAN. ) );
#799 = CIRCLE ( 'NONE', #3837, 2.259999999999999787 ) ;
#800 = UNCERTAINTY_MEASURE_WITH_UNIT (LENGTH_MEASURE( 1.000000000000000082E-05 ), #2972, 'distance_accuracy_value', 'NONE');
#801 = ORIENTED_EDGE ( 'NONE', *, *, #2852, .T. ) ;
#802 =( GEOMETRIC_REPRESENTATION_CONTEXT ( 3 ) GLOBAL_UNCERTAINTY_ASSIGNED_CONTEXT ( ( #6188 ) ) GLOBAL_UNIT_ASSIGNED_CONTEXT ( ( #4321, #164, #1787 ) ) REPRESENTATION_CONTEXT ( 'NONE', 'WORKASPACE' ) );
#803 = LINE ( 'NONE', #4454, #1497 ) ;
#804 = FACE_OUTER_BOUND ( 'NONE', #1317, .T. ) ;
#805 = CARTESIAN_POINT ( 'NONE',  ( -2.390000000000026770, 0.000000000000000000, -0.1250000000000009714 ) ) ;
#806 = PRESENTATION_LAYER_ASSIGNMENT (  '', '', ( #3839 ) ) ;
#807 = VECTOR ( 'NONE', #5309, 1000.000000000000000 ) ;
#808 = UNCERTAINTY_MEASURE_WITH_UNIT (LENGTH_MEASURE( 1.000000000000000082E-05 ), #2191, 'distance_accuracy_value', 'NONE');
#809 = DIRECTION ( 'NONE',  ( 0.000000000000000000, 0.000000000000000000, 1.000000000000000000 ) ) ;
#810 = LINE ( 'NONE', #2868, #3902 ) ;
#811 = COLOUR_RGB ( '',0.3411764705882353033, 0.8392156862745098200, 0.4117647058823529216 ) ;
#812 = CARTESIAN_POINT ( 'NONE',  ( 1.389999999999999902, 0.2999999999999999889, -2.390000000000000124 ) ) ;
#813 =( NAMED_UNIT ( * ) SI_UNIT ( $, .STERADIAN. ) SOLID_ANGLE_UNIT ( ) );
#814 = PLANE ( 'NONE',  #2377 ) ;
#815 = FILL_AREA_STYLE ('',( #1411 ) ) ;
#816 = ORIENTED_EDGE ( 'NONE', *, *, #2978, .F. ) ;
#817 = LINE ( 'NONE', #232, #842 ) ;
#818 = ORIENTED_EDGE ( 'NONE', *, *, #913, .T. ) ;
#819 = DIRECTION ( 'NONE',  ( 0.000000000000000000, 1.000000000000000000, 0.000000000000000000 ) ) ;
#820 = DIRECTION ( 'NONE',  ( -1.000000000000000000, 0.000000000000000000, -0.000000000000000000 ) ) ;
#821 = MECHANICAL_DESIGN_GEOMETRIC_PRESENTATION_REPRESENTATION (  '', ( #1793 ), #2755 ) ;
#822 = CARTESIAN_POINT ( 'NONE',  ( -2.500000000000000000, 0.7599999999999972333, -1.029992063861222704E-15 ) ) ;
#823 = PRESENTATION_STYLE_ASSIGNMENT (( #4008 ) ) ;
#824 =( NAMED_UNIT ( * ) SI_UNIT ( $, .STERADIAN. ) SOLID_ANGLE_UNIT ( ) );
#825 =( NAMED_UNIT ( * ) PLANE_ANGLE_UNIT ( ) SI_UNIT ( $, .RADIAN. ) );
#826 =( GEOMETRIC_REPRESENTATION_CONTEXT ( 3 ) GLOBAL_UNCERTAINTY_ASSIGNED_CONTEXT ( ( #596 ) ) GLOBAL_UNIT_ASSIGNED_CONTEXT ( ( #1586, #4264, #1658 ) ) REPRESENTATION_CONTEXT ( 'NONE', 'WORKASPACE' ) );
#827 = EDGE_LOOP ( 'NONE', ( #5706, #1389, #143, #144 ) ) ;
#828 = LINE ( 'NONE', #4975, #3094 ) ;
#829 = DIRECTION ( 'NONE',  ( -0.000000000000000000, -1.000000000000000000, -0.000000000000000000 ) ) ;
#830 = FILL_AREA_STYLE_COLOUR ( '', #4173 ) ;
#831 = PRESENTATION_STYLE_ASSIGNMENT (( #5496 ) ) ;
#832 = LINE ( 'NONE', #3406, #458 ) ;
#833 = EDGE_CURVE ( 'NONE', #695, #524, #4471, .T. ) ;
#834 = EDGE_CURVE ( 'NONE', #4720, #374, #5607, .T. ) ;
#835 = VERTEX_POINT ( 'NONE', #5993 ) ;
#836 = ADVANCED_FACE ( 'NONE', ( #5483 ), #3946, .F. ) ;
#837 = VERTEX_POINT ( 'NONE', #5723 ) ;
#838 = ADVANCED_FACE ( 'NONE', ( #1084 ), #5287, .F. ) ;
#839 = DIRECTION ( 'NONE',  ( 0.000000000000000000, 0.000000000000000000, -1.000000000000000000 ) ) ;
#840 = CARTESIAN_POINT ( 'NONE',  ( 0.8500000000000003109, 0.5999999999999999778, 0.09999999999999970024 ) ) ;
#841 = AXIS2_PLACEMENT_3D ( 'NONE', #6202, #1954, #5223 ) ;
#842 = VECTOR ( 'NONE', #2801, 1000.000000000000000 ) ;
#843 = EDGE_CURVE ( 'NONE', #774, #3041, #5187, .T. ) ;
#844 = STYLED_ITEM ( 'NONE', ( #4514 ), #47 ) ;
#845 = VECTOR ( 'NONE', #4579, 1000.000000000000000 ) ;
#846 = SURFACE_STYLE_USAGE ( .BOTH. , #1310 ) ;
#847 = LINE ( 'NONE', #3415, #5994 ) ;
#848 = SURFACE_STYLE_FILL_AREA ( #3353 ) ;
#849 = VERTEX_POINT ( 'NONE', #3593 ) ;
#850 = VERTEX_POINT ( 'NONE', #477 ) ;
#851 =( LENGTH_UNIT ( ) NAMED_UNIT ( * ) SI_UNIT ( .MILLI., .METRE. ) );
#852 = DIRECTION ( 'NONE',  ( -1.000000000000000000, -0.000000000000000000, -0.000000000000000000 ) ) ;
#853 = DIRECTION ( 'NONE',  ( -2.146934995020802705E-16, -0.000000000000000000, 1.000000000000000000 ) ) ;
#854 = DIRECTION ( 'NONE',  ( 0.000000000000000000, 1.000000000000000000, 0.000000000000000000 ) ) ;
#855 =( NAMED_UNIT ( * ) PLANE_ANGLE_UNIT ( ) SI_UNIT ( $, .RADIAN. ) );
#856 = PLANE ( 'NONE',  #4434 ) ;
#857 = AXIS2_PLACEMENT_3D ( 'NONE', #3394, #2808, #820 ) ;
#858 = STYLED_ITEM ( 'NONE', ( #2928 ), #4247 ) ;
#859 = ORIENTED_EDGE ( 'NONE', *, *, #1405, .F. ) ;
#860 = SURFACE_STYLE_FILL_AREA ( #346 ) ;
#861 = LINE ( 'NONE', #5047, #2352 ) ;
#862 = AXIS2_PLACEMENT_3D ( 'NONE', #162, #775, #263 ) ;
#863 = PRESENTATION_STYLE_ASSIGNMENT (( #2404 ) ) ;
#864 =( GEOMETRIC_REPRESENTATION_CONTEXT ( 3 ) GLOBAL_UNCERTAINTY_ASSIGNED_CONTEXT ( ( #1538 ) ) GLOBAL_UNIT_ASSIGNED_CONTEXT ( ( #3460, #6038, #992 ) ) REPRESENTATION_CONTEXT ( 'NONE', 'WORKASPACE' ) );
#865 = CARTESIAN_POINT ( 'NONE',  ( -1.890000000000026326, 0.000000000000000000, -0.1250000000000009714 ) ) ;
#866 = ORIENTED_EDGE ( 'NONE', *, *, #1925, .T. ) ;
#867 = COLOUR_RGB ( '',0.3411764705882353033, 0.8392156862745098200, 0.4117647058823529216 ) ;
#868 = DIRECTION ( 'NONE',  ( 0.000000000000000000, -1.000000000000000000, 0.000000000000000000 ) ) ;
#869 = SURFACE_STYLE_USAGE ( .BOTH. , #5533 ) ;
#870 =( NAMED_UNIT ( * ) PLANE_ANGLE_UNIT ( ) SI_UNIT ( $, .RADIAN. ) );
#871 = EDGE_CURVE ( 'NONE', #6142, #178, #1864, .T. ) ;
#872 = UNCERTAINTY_MEASURE_WITH_UNIT (LENGTH_MEASURE( 1.000000000000000082E-05 ), #1839, 'distance_accuracy_value', 'NONE');
#873 = UNCERTAINTY_MEASURE_WITH_UNIT (LENGTH_MEASURE( 1.000000000000000082E-05 ), #209, 'distance_accuracy_value', 'NONE');
#874 = COLOUR_RGB ( '',0.9686274509803921573, 0.8784313725490195957, 0.5999999999999999778 ) ;
#875 =( NAMED_UNIT ( * ) PLANE_ANGLE_UNIT ( ) SI_UNIT ( $, .RADIAN. ) );
#876 = FACE_OUTER_BOUND ( 'NONE', #5943, .T. ) ;
#877 = CARTESIAN_POINT ( 'NONE',  ( 2.390000000000013003, 0.000000000000000000, 1.135000000000000009 ) ) ;
#878 = EDGE_CURVE ( 'NONE', #3113, #1500, #5112, .T. ) ;
#879 = CARTESIAN_POINT ( 'NONE',  ( -2.390000000000001013, 0.2999999999999999889, 2.394999999999999130 ) ) ;
#880 = ADVANCED_FACE ( 'NONE', ( #3079 ), #4083, .F. ) ;
#881 = SURFACE_STYLE_USAGE ( .BOTH. , #5543 ) ;
#882 = ADVANCED_FACE ( 'NONE', ( #28 ), #2131, .T. ) ;
#883 = UNCERTAINTY_MEASURE_WITH_UNIT (LENGTH_MEASURE( 1.000000000000000082E-05 ), #965, 'distance_accuracy_value', 'NONE');
#884 = CARTESIAN_POINT ( 'NONE',  ( -0.1000000000000002970, 0.5999999999999999778, 0.1000000000000000333 ) ) ;
#885 = EDGE_LOOP ( 'NONE', ( #4010, #957, #1557, #749 ) ) ;
#886 = CARTESIAN_POINT ( 'NONE',  ( 0.000000000000000000, 0.2999999999999999889, 0.000000000000000000 ) ) ;
#887 = LINE ( 'NONE', #368, #678 ) ;
#888 = DIRECTION ( 'NONE',  ( -0.000000000000000000, -1.000000000000000000, -0.000000000000000000 ) ) ;
#889 = LINE ( 'NONE', #1911, #6139 ) ;
#890 = EDGE_LOOP ( 'NONE', ( #5647, #5431, #4059, #3683 ) ) ;
#891 = VERTEX_POINT ( 'NONE', #6292 ) ;
#892 =( NAMED_UNIT ( * ) PLANE_ANGLE_UNIT ( ) SI_UNIT ( $, .RADIAN. ) );
#893 = COLOUR_RGB ( '',0.9686274509803921573, 0.8784313725490195957, 0.5999999999999999778 ) ;
#894 = DIRECTION ( 'NONE',  ( -0.000000000000000000, -1.000000000000000000, -0.000000000000000000 ) ) ;
#895 = SURFACE_STYLE_FILL_AREA ( #4483 ) ;
#896 = STYLED_ITEM ( 'NONE', ( #1568 ), #3059 ) ;
#897 = FILL_AREA_STYLE ('',( #414 ) ) ;
#898 =( NAMED_UNIT ( * ) SI_UNIT ( $, .STERADIAN. ) SOLID_ANGLE_UNIT ( ) );
#899 = FILL_AREA_STYLE ('',( #5560 ) ) ;
#900 = COLOUR_RGB ( '',0.5019607843137254832, 0.5019607843137254832, 0.5019607843137254832 ) ;
#901 = VERTEX_POINT ( 'NONE', #3149 ) ;
#902 = ORIENTED_EDGE ( 'NONE', *, *, #6040, .T. ) ;
#903 = SURFACE_STYLE_FILL_AREA ( #1867 ) ;
#904 =( NAMED_UNIT ( * ) SI_UNIT ( $, .STERADIAN. ) SOLID_ANGLE_UNIT ( ) );
#905 = FACE_OUTER_BOUND ( 'NONE', #420, .T. ) ;
#906 = MECHANICAL_DESIGN_GEOMETRIC_PRESENTATION_REPRESENTATION (  '', ( #6653 ), #4498 ) ;
#907 =( NAMED_UNIT ( * ) PLANE_ANGLE_UNIT ( ) SI_UNIT ( $, .RADIAN. ) );
#908 = CARTESIAN_POINT ( 'NONE',  ( -1.890000000000013891, 0.2999999999999999889, 1.134999999999999121 ) ) ;
#909 = CARTESIAN_POINT ( 'NONE',  ( -0.8500000000000004219, 0.7599999999999998979, -0.8499999999999996447 ) ) ;
#910 = SURFACE_STYLE_FILL_AREA ( #1841 ) ;
#911 = PRESENTATION_STYLE_ASSIGNMENT (( #329 ) ) ;
#912 = VECTOR ( 'NONE', #725, 1000.000000000000000 ) ;
#913 = EDGE_CURVE ( 'NONE', #1720, #891, #132, .T. ) ;
#914 =( NAMED_UNIT ( * ) SI_UNIT ( $, .STERADIAN. ) SOLID_ANGLE_UNIT ( ) );
#915 = ADVANCED_FACE ( 'NONE', ( #3261 ), #5795, .T. ) ;
#916 = ORIENTED_EDGE ( 'NONE', *, *, #3873, .F. ) ;
#917 = EDGE_CURVE ( 'NONE', #4852, #489, #1053, .T. ) ;
#918 = EDGE_CURVE ( 'NONE', #4232, #774, #167, .T. ) ;
#919 = CARTESIAN_POINT ( 'NONE',  ( -0.8500000000000001998, 0.5999999999999999778, 0.8499999999999998668 ) ) ;
#920 = COLOUR_RGB ( '',0.9686274509803921573, 0.8784313725490195957, 0.5999999999999999778 ) ;
#921 = CARTESIAN_POINT ( 'NONE',  ( -2.390000000000026770, 0.000000000000000000, -0.1250000000000009714 ) ) ;
#922 = CARTESIAN_POINT ( 'NONE',  ( -1.890000000000026326, 0.2999999999999999889, -0.1250000000000009714 ) ) ;
#923 = CARTESIAN_POINT ( 'NONE',  ( 0.8500000000000003109, 0.5999999999999999778, -0.1000000000000000056 ) ) ;
#924 = SURFACE_STYLE_USAGE ( .BOTH. , #4049 ) ;
#925 = ORIENTED_EDGE ( 'NONE', *, *, #3398, .T. ) ;
#926 = EDGE_LOOP ( 'NONE', ( #5447, #4195, #1962, #4435 ) ) ;
#927 = CARTESIAN_POINT ( 'NONE',  ( -1.890000000000039204, 0.000000000000000000, -1.385000000000001341 ) ) ;
#928 = SURFACE_STYLE_USAGE ( .BOTH. , #1917 ) ;
#929 = PRESENTATION_STYLE_ASSIGNMENT (( #1769 ) ) ;
#930 = DIRECTION ( 'NONE',  ( -1.000000000000000000, 0.000000000000000000, -0.000000000000000000 ) ) ;
#931 = MECHANICAL_DESIGN_GEOMETRIC_PRESENTATION_REPRESENTATION (  '', ( #6372 ), #3202 ) ;
#932 = ORIENTED_EDGE ( 'NONE', *, *, #3907, .F. ) ;
#933 = ORIENTED_EDGE ( 'NONE', *, *, #624, .T. ) ;
#934 = LINE ( 'NONE', #5127, #956 ) ;
#935 = VECTOR ( 'NONE', #5272, 1000.000000000000000 ) ;
#936 = SURFACE_STYLE_USAGE ( .BOTH. , #5600 ) ;
#937 = FILL_AREA_STYLE_COLOUR ( '', #3592 ) ;
#938 = UNCERTAINTY_MEASURE_WITH_UNIT (LENGTH_MEASURE( 1.000000000000000082E-05 ), #2462, 'distance_accuracy_value', 'NONE');
#939 = DIRECTION ( 'NONE',  ( 0.000000000000000000, 0.000000000000000000, -1.000000000000000000 ) ) ;
#940 = CARTESIAN_POINT ( 'NONE',  ( -0.7600000000000000089, 0.2999999999999999889, 9.583083854271088363E-18 ) ) ;
#941 = SURFACE_STYLE_FILL_AREA ( #3239 ) ;
#942 = PRESENTATION_LAYER_ASSIGNMENT (  '', '', ( #4757 ) ) ;
#943 = FILL_AREA_STYLE_COLOUR ( '', #1135 ) ;
#944 = SURFACE_STYLE_USAGE ( .BOTH. , #2449 ) ;
#945 =( NAMED_UNIT ( * ) SI_UNIT ( $, .STERADIAN. ) SOLID_ANGLE_UNIT ( ) );
#946 = MECHANICAL_DESIGN_GEOMETRIC_PRESENTATION_REPRESENTATION (  '', ( #2991 ), #5316 ) ;
#947 = UNCERTAINTY_MEASURE_WITH_UNIT (LENGTH_MEASURE( 1.000000000000000082E-05 ), #6502, 'distance_accuracy_value', 'NONE');
#948 = CLOSED_SHELL ( 'NONE', ( #4712, #34, #2858, #1856, #3099, #4026, #4166, #2197, #1782, #47, #5035, #3053, #2317, #1556, #1745, #2945, #2768, #3990, #5257, #838, #1437, #4509, #6529, #2428, #2022, #5921, #4473, #3140, #5954, #3236, #3287, #2692, #2357, #1323, #5083, #5796, #6413, #1973, #5784, #170, #378, #1037, #4380, #836, #1286, #3361, #3194, #2229, #583, #462, #880, #1530, #3987, #5215 ) ) ;
#949 = EDGE_LOOP ( 'NONE', ( #759, #3170, #4670, #4126 ) ) ;
#950 = ORIENTED_EDGE ( 'NONE', *, *, #3062, .T. ) ;
#951 = LINE ( 'NONE', #5579, #3003 ) ;
#952 = CARTESIAN_POINT ( 'NONE',  ( 1.890000000000013447, 0.000000000000000000, 1.135000000000000009 ) ) ;
#953 = AXIS2_PLACEMENT_3D ( 'NONE', #1128, #685, #3185 ) ;
#954 = FILL_AREA_STYLE_COLOUR ( '', #5812 ) ;
#955 = DIRECTION ( 'NONE',  ( 0.000000000000000000, 0.000000000000000000, -1.000000000000000000 ) ) ;
#956 = VECTOR ( 'NONE', #1999, 1000.000000000000000 ) ;
#957 = ORIENTED_EDGE ( 'NONE', *, *, #3519, .F. ) ;
#958 = EDGE_CURVE ( 'NONE', #2691, #2552, #2740, .T. ) ;
#959 = VERTEX_POINT ( 'NONE', #5728 ) ;
#960 = CARTESIAN_POINT ( 'NONE',  ( 2.390000000000039648, 0.2999999999999999889, -1.385000000000000453 ) ) ;
#961 = CARTESIAN_POINT ( 'NONE',  ( -1.890000000000001013, 0.2999999999999999889, 2.394999999999999574 ) ) ;
#962 = EDGE_CURVE ( 'NONE', #5188, #5974, #6368, .T. ) ;
#963 = CARTESIAN_POINT ( 'NONE',  ( 0.1000000000000003247, 0.7599999999999998979, 0.09999999999999997780 ) ) ;
#964 = VECTOR ( 'NONE', #5879, 1000.000000000000000 ) ;
#965 =( LENGTH_UNIT ( ) NAMED_UNIT ( * ) SI_UNIT ( .MILLI., .METRE. ) );
#966 = ORIENTED_EDGE ( 'NONE', *, *, #6583, .F. ) ;
#967 = ORIENTED_EDGE ( 'NONE', *, *, #3137, .T. ) ;
#968 = COLOUR_RGB ( '',1.000000000000000000, 0.1686274509803921684, 0.1686274509803921684 ) ;
#969 = ORIENTED_EDGE ( 'NONE', *, *, #3519, .T. ) ;
#970 = SURFACE_STYLE_USAGE ( .BOTH. , #2959 ) ;
#971 =( LENGTH_UNIT ( ) NAMED_UNIT ( * ) SI_UNIT ( .MILLI., .METRE. ) );
#972 = FACE_OUTER_BOUND ( 'NONE', #6687, .T. ) ;
#973 = MECHANICAL_DESIGN_GEOMETRIC_PRESENTATION_REPRESENTATION (  '', ( #4790 ), #5539 ) ;
#974 = CARTESIAN_POINT ( 'NONE',  ( 2.390000000000039648, 0.2999999999999999889, -2.395000000000000462 ) ) ;
#975 = LINE ( 'NONE', #465, #807 ) ;
#976 = SURFACE_STYLE_FILL_AREA ( #6151 ) ;
#977 =( NAMED_UNIT ( * ) SI_UNIT ( $, .STERADIAN. ) SOLID_ANGLE_UNIT ( ) );
#978 = LINE ( 'NONE', #2525, #2720 ) ;
#979 = VECTOR ( 'NONE', #3209, 1000.000000000000000 ) ;
#980 = FILL_AREA_STYLE ('',( #1014 ) ) ;
#981 = ORIENTED_EDGE ( 'NONE', *, *, #5302, .F. ) ;
#982 = DIRECTION ( 'NONE',  ( 0.000000000000000000, -0.000000000000000000, 1.000000000000000000 ) ) ;
#983 = DIRECTION ( 'NONE',  ( -0.000000000000000000, 0.000000000000000000, 1.000000000000000000 ) ) ;
#984 = CARTESIAN_POINT ( 'NONE',  ( 1.890000000000026548, 0.2999999999999999889, -1.135000000000000231 ) ) ;
#985 =( NAMED_UNIT ( * ) SI_UNIT ( $, .STERADIAN. ) SOLID_ANGLE_UNIT ( ) );
#986 = DIRECTION ( 'NONE',  ( -1.000000000000000000, -0.000000000000000000, -0.000000000000000000 ) ) ;
#987 = EDGE_LOOP ( 'NONE', ( #8, #4251, #4340, #866 ) ) ;
#988 = AXIS2_PLACEMENT_3D ( 'NONE', #6470, #4810, #2228 ) ;
#989 = ORIENTED_EDGE ( 'NONE', *, *, #3484, .T. ) ;
#990 = SURFACE_STYLE_FILL_AREA ( #5658 ) ;
#991 = SURFACE_STYLE_USAGE ( .BOTH. , #6066 ) ;
#992 =( NAMED_UNIT ( * ) SI_UNIT ( $, .STERADIAN. ) SOLID_ANGLE_UNIT ( ) );
#993 = DIRECTION ( 'NONE',  ( -1.000000000000000000, 0.000000000000000000, 1.445602896647339410E-16 ) ) ;
#994 = CIRCLE ( 'NONE', #1215, 2.259999999999999787 ) ;
#995 = FILL_AREA_STYLE ('',( #5668 ) ) ;
#996 = VECTOR ( 'NONE', #853, 1000.000000000000000 ) ;
#997 = ORIENTED_EDGE ( 'NONE', *, *, #497, .T. ) ;
#998 = EDGE_CURVE ( 'NONE', #2546, #5807, #611, .T. ) ;
#999 = VERTEX_POINT ( 'NONE', #1092 ) ;
#1000 = ORIENTED_EDGE ( 'NONE', *, *, #168, .T. ) ;
#1001 = VECTOR ( 'NONE', #6077, 1000.000000000000000 ) ;
#1002 = PRESENTATION_STYLE_ASSIGNMENT (( #1665 ) ) ;
#1003 = EDGE_CURVE ( 'NONE', #6268, #2716, #2636, .T. ) ;
#1004 = PRESENTATION_STYLE_ASSIGNMENT (( #353 ) ) ;
#1005 = FACE_OUTER_BOUND ( 'NONE', #827, .T. ) ;
#1006 = FILL_AREA_STYLE ('',( #4582 ) ) ;
#1007 = PRESENTATION_LAYER_ASSIGNMENT (  '', '', ( #3596 ) ) ;
#1008 =( NAMED_UNIT ( * ) PLANE_ANGLE_UNIT ( ) SI_UNIT ( $, .RADIAN. ) );
#1009 = VECTOR ( 'NONE', #4914, 1000.000000000000000 ) ;
#1010 = UNCERTAINTY_MEASURE_WITH_UNIT (LENGTH_MEASURE( 1.000000000000000082E-05 ), #3609, 'distance_accuracy_value', 'NONE');
#1011 = LINE ( 'NONE', #3543, #3007 ) ;
#1012 =( NAMED_UNIT ( * ) SI_UNIT ( $, .STERADIAN. ) SOLID_ANGLE_UNIT ( ) );
#1013 = UNCERTAINTY_MEASURE_WITH_UNIT (LENGTH_MEASURE( 1.000000000000000082E-05 ), #1079, 'distance_accuracy_value', 'NONE');
#1014 = FILL_AREA_STYLE_COLOUR ( '', #5849 ) ;
#1015 = VERTEX_POINT ( 'NONE', #2666 ) ;
#1016 = PLANE ( 'NONE',  #5018 ) ;
#1017 =( NAMED_UNIT ( * ) SI_UNIT ( $, .STERADIAN. ) SOLID_ANGLE_UNIT ( ) );
#1018 = DIRECTION ( 'NONE',  ( 1.000000000000000000, 0.000000000000000000, 0.000000000000000000 ) ) ;
#1019 = STYLED_ITEM ( 'NONE', ( #776 ), #1518 ) ;
#1020 = CARTESIAN_POINT ( 'NONE',  ( -0.1000000000000003247, 0.7599999999999998979, -0.1000000000000000056 ) ) ;
#1021 = EDGE_LOOP ( 'NONE', ( #6062, #6121, #2677, #4667 ) ) ;
#1022 = STYLED_ITEM ( 'NONE', ( #618 ), #6079 ) ;
#1023 = ORIENTED_EDGE ( 'NONE', *, *, #2437, .F. ) ;
#1024 = PRESENTATION_STYLE_ASSIGNMENT (( #1990 ) ) ;
#1025 = FACE_OUTER_BOUND ( 'NONE', #3111, .T. ) ;
#1026 = SURFACE_STYLE_FILL_AREA ( #1656 ) ;
#1027 = DIRECTION ( 'NONE',  ( 1.000000000000000000, -0.000000000000000000, 0.000000000000000000 ) ) ;
#1028 = VECTOR ( 'NONE', #3228, 1000.000000000000000 ) ;
#1029 = DIRECTION ( 'NONE',  ( -0.000000000000000000, -0.000000000000000000, 1.000000000000000000 ) ) ;
#1030 = DIRECTION ( 'NONE',  ( 0.000000000000000000, -0.000000000000000000, 1.000000000000000000 ) ) ;
#1031 = PLANE ( 'NONE',  #2239 ) ;
#1032 = PRESENTATION_LAYER_ASSIGNMENT (  '', '', ( #5498 ) ) ;
#1033 = ORIENTED_EDGE ( 'NONE', *, *, #5998, .F. ) ;
#1034 = ORIENTED_EDGE ( 'NONE', *, *, #1368, .T. ) ;
#1035 = VERTEX_POINT ( 'NONE', #4775 ) ;
#1036 = FACE_OUTER_BOUND ( 'NONE', #1200, .T. ) ;
#1037 = ADVANCED_FACE ( 'NONE', ( #95 ), #6333, .F. ) ;
#1038 = FILL_AREA_STYLE ('',( #5775 ) ) ;
#1039 = EDGE_CURVE ( 'NONE', #1751, #2546, #6499, .T. ) ;
#1040 = ORIENTED_EDGE ( 'NONE', *, *, #3907, .T. ) ;
#1041 = CARTESIAN_POINT ( 'NONE',  ( -1.890000000000026104, 0.000000000000000000, -1.135000000000001119 ) ) ;
#1042 = DIRECTION ( 'NONE',  ( 0.000000000000000000, -1.000000000000000000, 0.000000000000000000 ) ) ;
#1043 = FILL_AREA_STYLE ('',( #4690 ) ) ;
#1044 = CARTESIAN_POINT ( 'NONE',  ( -1.890000000000026104, 0.2999999999999999889, -1.135000000000001119 ) ) ;
#1045 = ADVANCED_FACE ( 'NONE', ( #2332 ), #1223, .T. ) ;
#1046 = EDGE_CURVE ( 'NONE', #849, #4172, #817, .T. ) ;
#1047 = VERTEX_POINT ( 'NONE', #2874 ) ;
#1048 = DIRECTION ( 'NONE',  ( 1.000000000000000000, 0.000000000000000000, -3.614007241618348278E-16 ) ) ;
#1049 = PRESENTATION_STYLE_ASSIGNMENT (( #5789 ) ) ;
#1050 = STYLED_ITEM ( 'NONE', ( #5631 ), #1241 ) ;
#1051 = ORIENTED_EDGE ( 'NONE', *, *, #5214, .F. ) ;
#1052 = AXIS2_PLACEMENT_3D ( 'NONE', #4054, #5189, #5617 ) ;
#1053 = LINE ( 'NONE', #5294, #1900 ) ;
#1054 = ORIENTED_EDGE ( 'NONE', *, *, #834, .F. ) ;
#1055 = MECHANICAL_DESIGN_GEOMETRIC_PRESENTATION_REPRESENTATION (  '', ( #6272 ), #2993 ) ;
#1056 =( LENGTH_UNIT ( ) NAMED_UNIT ( * ) SI_UNIT ( .MILLI., .METRE. ) );
#1057 = SURFACE_SIDE_STYLE ('',( #5731 ) ) ;
#1058 = FILL_AREA_STYLE_COLOUR ( '', #1284 ) ;
#1059 = SURFACE_STYLE_USAGE ( .BOTH. , #512 ) ;
#1060 = MECHANICAL_DESIGN_GEOMETRIC_PRESENTATION_REPRESENTATION (  '', ( #2446 ), #80 ) ;
#1061 = DIRECTION ( 'NONE',  ( 1.000000000000000000, -0.000000000000000000, -0.000000000000000000 ) ) ;
#1062 =( LENGTH_UNIT ( ) NAMED_UNIT ( * ) SI_UNIT ( .MILLI., .METRE. ) );
#1063 = MECHANICAL_DESIGN_GEOMETRIC_PRESENTATION_REPRESENTATION (  '', ( #2570 ), #5854 ) ;
#1064 = ORIENTED_EDGE ( 'NONE', *, *, #6455, .F. ) ;
#1065 = ORIENTED_EDGE ( 'NONE', *, *, #3154, .F. ) ;
#1066 = ORIENTED_EDGE ( 'NONE', *, *, #3148, .F. ) ;
#1067 =( NAMED_UNIT ( * ) PLANE_ANGLE_UNIT ( ) SI_UNIT ( $, .RADIAN. ) );
#1068 = FACE_BOUND ( 'NONE', #345, .T. ) ;
#1069 = DIRECTION ( 'NONE',  ( 0.000000000000000000, -0.000000000000000000, 1.000000000000000000 ) ) ;
#1070 = AXIS2_PLACEMENT_3D ( 'NONE', #6484, #839, #217 ) ;
#1071 = PRESENTATION_STYLE_ASSIGNMENT (( #2004 ) ) ;
#1072 = UNCERTAINTY_MEASURE_WITH_UNIT (LENGTH_MEASURE( 1.000000000000000082E-05 ), #4711, 'distance_accuracy_value', 'NONE');
#1073 = COLOUR_RGB ( '',0.5019607843137254832, 0.5019607843137254832, 0.5019607843137254832 ) ;
#1074 = VERTEX_POINT ( 'NONE', #5930 ) ;
#1075 = LINE ( 'NONE', #2187, #3898 ) ;
#1076 = SURFACE_SIDE_STYLE ('',( #2045 ) ) ;
#1077 = CARTESIAN_POINT ( 'NONE',  ( -1.890000000000038982, 0.000000000000000000, -2.395000000000000462 ) ) ;
#1078 =( NAMED_UNIT ( * ) SI_UNIT ( $, .STERADIAN. ) SOLID_ANGLE_UNIT ( ) );
#1079 =( LENGTH_UNIT ( ) NAMED_UNIT ( * ) SI_UNIT ( .MILLI., .METRE. ) );
#1080 = UNCERTAINTY_MEASURE_WITH_UNIT (LENGTH_MEASURE( 1.000000000000000082E-05 ), #320, 'distance_accuracy_value', 'NONE');
#1081 = VERTEX_POINT ( 'NONE', #269 ) ;
#1082 = EDGE_CURVE ( 'NONE', #5111, #2283, #3294, .T. ) ;
#1083 = EDGE_CURVE ( 'NONE', #3576, #1504, #3875, .T. ) ;
#1084 = FACE_OUTER_BOUND ( 'NONE', #1115, .T. ) ;
#1085 = MECHANICAL_DESIGN_GEOMETRIC_PRESENTATION_REPRESENTATION (  '', ( #2919 ), #4999 ) ;
#1086 = ADVANCED_FACE ( 'NONE', ( #6472 ), #5398, .F. ) ;
#1087 = EDGE_CURVE ( 'NONE', #5195, #4787, #6085, .T. ) ;
#1088 = FACE_OUTER_BOUND ( 'NONE', #1785, .T. ) ;
#1089 = FILL_AREA_STYLE_COLOUR ( '', #2807 ) ;
#1090 = VECTOR ( 'NONE', #1939, 1000.000000000000000 ) ;
#1091 = VERTEX_POINT ( 'NONE', #1881 ) ;
#1092 = CARTESIAN_POINT ( 'NONE',  ( 1.890000000000039870, 0.000000000000000000, -2.395000000000000462 ) ) ;
#1093 = VERTEX_POINT ( 'NONE', #884 ) ;
#1094 = MECHANICAL_DESIGN_GEOMETRIC_PRESENTATION_REPRESENTATION (  '', ( #216 ), #1201 ) ;
#1095 = LINE ( 'NONE', #5730, #2776 ) ;
#1096 =( GEOMETRIC_REPRESENTATION_CONTEXT ( 3 ) GLOBAL_UNCERTAINTY_ASSIGNED_CONTEXT ( ( #5783 ) ) GLOBAL_UNIT_ASSIGNED_CONTEXT ( ( #2696, #5947, #6461 ) ) REPRESENTATION_CONTEXT ( 'NONE', 'WORKASPACE' ) );
#1097 = SURFACE_SIDE_STYLE ('',( #63 ) ) ;
#1098 = LINE ( 'NONE', #3156, #4344 ) ;
#1099 = CARTESIAN_POINT ( 'NONE',  ( -2.500000000000000000, 0.5999999999999999778, -2.500000000000000444 ) ) ;
#1100 = DIRECTION ( 'NONE',  ( -2.349104707051926109E-16, 0.000000000000000000, -1.000000000000000000 ) ) ;
#1101 = VECTOR ( 'NONE', #3945, 1000.000000000000000 ) ;
#1102 = DIRECTION ( 'NONE',  ( -1.000000000000000000, -0.000000000000000000, -0.000000000000000000 ) ) ;
#1103 = SURFACE_STYLE_FILL_AREA ( #1588 ) ;
#1104 = STYLED_ITEM ( 'NONE', ( #3368 ), #2690 ) ;
#1105 = ORIENTED_EDGE ( 'NONE', *, *, #2515, .F. ) ;
#1106 = ORIENTED_EDGE ( 'NONE', *, *, #6157, .T. ) ;
#1107 = ORIENTED_EDGE ( 'NONE', *, *, #122, .T. ) ;
#1108 = DIRECTION ( 'NONE',  ( 0.000000000000000000, -1.000000000000000000, 0.000000000000000000 ) ) ;
#1109 = CARTESIAN_POINT ( 'NONE',  ( 0.000000000000000000, 0.2999999999999999889, 0.000000000000000000 ) ) ;
#1110 = COLOUR_RGB ( '',0.5019607843137254832, 0.5019607843137254832, 0.5019607843137254832 ) ;
#1111 = VECTOR ( 'NONE', #3213, 1000.000000000000000 ) ;
#1112 = FACE_OUTER_BOUND ( 'NONE', #5756, .T. ) ;
#1113 = DIRECTION ( 'NONE',  ( 0.000000000000000000, 0.000000000000000000, -1.000000000000000000 ) ) ;
#1114 = MECHANICAL_DESIGN_GEOMETRIC_PRESENTATION_REPRESENTATION (  '', ( #896 ), #1529 ) ;
#1115 = EDGE_LOOP ( 'NONE', ( #967, #4058, #1230, #6120 ) ) ;
#1116 =( LENGTH_UNIT ( ) NAMED_UNIT ( * ) SI_UNIT ( .MILLI., .METRE. ) );
#1117 = CARTESIAN_POINT ( 'NONE',  ( 0.8500000000000003109, 0.7599999999999998979, 0.09999999999999970024 ) ) ;
#1118 = MECHANICAL_DESIGN_GEOMETRIC_PRESENTATION_REPRESENTATION (  '', ( #3596 ), #2727 ) ;
#1119 = SURFACE_SIDE_STYLE ('',( #5207 ) ) ;
#1120 = PRESENTATION_LAYER_ASSIGNMENT (  '', '', ( #6111 ) ) ;
#1121 = ORIENTED_EDGE ( 'NONE', *, *, #1003, .T. ) ;
#1122 = CARTESIAN_POINT ( 'NONE',  ( 0.000000000000000000, 0.2999999999999999889, 0.000000000000000000 ) ) ;
#1123 = PRESENTATION_STYLE_ASSIGNMENT (( #5788 ) ) ;
#1124 = DIRECTION ( 'NONE',  ( -0.000000000000000000, 0.000000000000000000, -1.000000000000000000 ) ) ;
#1125 = AXIS2_PLACEMENT_3D ( 'NONE', #1725, #4412, #2744 ) ;
#1126 = DIRECTION ( 'NONE',  ( 0.000000000000000000, -0.000000000000000000, 1.000000000000000000 ) ) ;
#1127 = ORIENTED_EDGE ( 'NONE', *, *, #3431, .T. ) ;
#1128 = CARTESIAN_POINT ( 'NONE',  ( 2.500000000000000000, 0.000000000000000000, 0.000000000000000000 ) ) ;
#1129 = ADVANCED_FACE ( 'NONE', ( #5545 ), #1413, .T. ) ;
#1130 = EDGE_LOOP ( 'NONE', ( #5399, #4342, #2509, #5931 ) ) ;
#1131 = DIRECTION ( 'NONE',  ( 1.000000000000000000, -0.000000000000000000, 2.721846458122605600E-16 ) ) ;
#1132 = FILL_AREA_STYLE ('',( #5833 ) ) ;
#1133 = CARTESIAN_POINT ( 'NONE',  ( 2.390000000000000124, 0.2999999999999999889, 2.395000000000000018 ) ) ;
#1134 = CARTESIAN_POINT ( 'NONE',  ( 1.389999999999999902, 0.2999999999999999889, -2.390000000000000124 ) ) ;
#1135 = COLOUR_RGB ( '',0.5019607843137254832, 0.5019607843137254832, 0.5019607843137254832 ) ;
#1136 = LINE ( 'NONE', #4785, #1743 ) ;
#1137 = COLOUR_RGB ( '',0.9686274509803921573, 0.8784313725490195957, 0.5999999999999999778 ) ;
#1138 = ORIENTED_EDGE ( 'NONE', *, *, #5457, .F. ) ;
#1139 = ORIENTED_EDGE ( 'NONE', *, *, #6418, .T. ) ;
#1140 = FILL_AREA_STYLE ('',( #724 ) ) ;
#1141 = AXIS2_PLACEMENT_3D ( 'NONE', #3050, #4087, #930 ) ;
#1142 = FILL_AREA_STYLE_COLOUR ( '', #2205 ) ;
#1143 = FILL_AREA_STYLE ('',( #4753 ) ) ;
#1144 = VECTOR ( 'NONE', #1248, 1000.000000000000000 ) ;
#1145 = ORIENTED_EDGE ( 'NONE', *, *, #3398, .F. ) ;
#1146 = DIRECTION ( 'NONE',  ( 1.000000000000000000, -0.000000000000000000, -0.000000000000000000 ) ) ;
#1147 = LINE ( 'NONE', #4656, #702 ) ;
#1148 = COLOUR_RGB ( '',0.03921568627450980338, 0.4901960784313725283, 0.7098039215686274828 ) ;
#1149 = CARTESIAN_POINT ( 'NONE',  ( 1.890000000000000124, 0.000000000000000000, 2.395000000000000018 ) ) ;
#1150 = LINE ( 'NONE', #2255, #3401 ) ;
#1151 = FILL_AREA_STYLE_COLOUR ( '', #5774 ) ;
#1152 = CARTESIAN_POINT ( 'NONE',  ( -1.890000000000026326, 0.2999999999999999889, -0.1250000000000009714 ) ) ;
#1153 = VECTOR ( 'NONE', #5403, 1000.000000000000000 ) ;
#1154 = UNCERTAINTY_MEASURE_WITH_UNIT (LENGTH_MEASURE( 1.000000000000000082E-05 ), #2610, 'distance_accuracy_value', 'NONE');
#1155 = EDGE_LOOP ( 'NONE', ( #732, #3494, #1121, #4090 ) ) ;
#1156 = DIRECTION ( 'NONE',  ( -0.000000000000000000, 1.000000000000000000, 0.000000000000000000 ) ) ;
#1157 = FILL_AREA_STYLE_COLOUR ( '', #1931 ) ;
#1158 = ORIENTED_EDGE ( 'NONE', *, *, #3362, .F. ) ;
#1159 = ORIENTED_EDGE ( 'NONE', *, *, #5578, .F. ) ;
#1160 = PRESENTATION_STYLE_ASSIGNMENT (( #3296 ) ) ;
#1161 = CARTESIAN_POINT ( 'NONE',  ( 1.890000000000000346, 0.000000000000000000, 1.385000000000000009 ) ) ;
#1162 = DIRECTION ( 'NONE',  ( -1.445602896647339163E-16, -0.000000000000000000, -1.000000000000000000 ) ) ;
#1163 = LINE ( 'NONE', #3357, #2588 ) ;
#1164 = SURFACE_SIDE_STYLE ('',( #1618 ) ) ;
#1165 = DIRECTION ( 'NONE',  ( -0.000000000000000000, 1.000000000000000000, 0.000000000000000000 ) ) ;
#1166 = COLOUR_RGB ( '',0.9686274509803921573, 0.8784313725490195957, 0.5999999999999999778 ) ;
#1167 = ADVANCED_FACE ( 'NONE', ( #1979 ), #5101, .T. ) ;
#1168 =( NAMED_UNIT ( * ) SI_UNIT ( $, .STERADIAN. ) SOLID_ANGLE_UNIT ( ) );
#1169 = ORIENTED_EDGE ( 'NONE', *, *, #4071, .T. ) ;
#1170 = VERTEX_POINT ( 'NONE', #4074 ) ;
#1171 = COLOUR_RGB ( '',0.5019607843137254832, 0.5019607843137254832, 0.5019607843137254832 ) ;
#1172 = EDGE_LOOP ( 'NONE', ( #1064, #5409, #4023, #2780 ) ) ;
#1173 = MECHANICAL_DESIGN_GEOMETRIC_PRESENTATION_REPRESENTATION (  '', ( #294 ), #6391 ) ;
#1174 =( NAMED_UNIT ( * ) PLANE_ANGLE_UNIT ( ) SI_UNIT ( $, .RADIAN. ) );
#1175 = EDGE_CURVE ( 'NONE', #519, #4114, #2485, .T. ) ;
#1176 = SURFACE_STYLE_USAGE ( .BOTH. , #3238 ) ;
#1177 =( NAMED_UNIT ( * ) PLANE_ANGLE_UNIT ( ) SI_UNIT ( $, .RADIAN. ) );
#1178 = EDGE_CURVE ( 'NONE', #3516, #6628, #1941, .T. ) ;
#1179 = EDGE_CURVE ( 'NONE', #4092, #2842, #6703, .T. ) ;
#1180 = FILL_AREA_STYLE ('',( #5906 ) ) ;
#1181 = FACE_OUTER_BOUND ( 'NONE', #2467, .T. ) ;
#1182 = PRESENTATION_LAYER_ASSIGNMENT (  '', '', ( #2788 ) ) ;
#1183 = ORIENTED_EDGE ( 'NONE', *, *, #6327, .F. ) ;
#1184 =( LENGTH_UNIT ( ) NAMED_UNIT ( * ) SI_UNIT ( .MILLI., .METRE. ) );
#1185 = SURFACE_STYLE_USAGE ( .BOTH. , #5441 ) ;
#1186 = FACE_OUTER_BOUND ( 'NONE', #3009, .T. ) ;
#1187 = MECHANICAL_DESIGN_GEOMETRIC_PRESENTATION_REPRESENTATION (  '', ( #5867 ), #1813 ) ;
#1188 = VECTOR ( 'NONE', #5570, 1000.000000000000000 ) ;
#1189 = ORIENTED_EDGE ( 'NONE', *, *, #3484, .F. ) ;
#1190 = LINE ( 'NONE', #712, #5755 ) ;
#1191 = FILL_AREA_STYLE ('',( #5392 ) ) ;
#1192 = LINE ( 'NONE', #2296, #5129 ) ;
#1193 = DIRECTION ( 'NONE',  ( 1.445602896647340149E-16, 0.000000000000000000, 1.000000000000000000 ) ) ;
#1194 = ORIENTED_EDGE ( 'NONE', *, *, #253, .F. ) ;
#1195 = SURFACE_SIDE_STYLE ('',( #1689 ) ) ;
#1196 =( NAMED_UNIT ( * ) SI_UNIT ( $, .STERADIAN. ) SOLID_ANGLE_UNIT ( ) );
#1197 = DIRECTION ( 'NONE',  ( -1.000000000000000000, 0.000000000000000000, -8.673617379884035472E-16 ) ) ;
#1198 = DIRECTION ( 'NONE',  ( 0.000000000000000000, 0.000000000000000000, 1.000000000000000000 ) ) ;
#1199 = COLOUR_RGB ( '',0.9686274509803921573, 0.8784313725490195957, 0.5999999999999999778 ) ;
#1200 = EDGE_LOOP ( 'NONE', ( #5670, #2381, #4041, #6651 ) ) ;
#1201 =( GEOMETRIC_REPRESENTATION_CONTEXT ( 3 ) GLOBAL_UNCERTAINTY_ASSIGNED_CONTEXT ( ( #4696 ) ) GLOBAL_UNIT_ASSIGNED_CONTEXT ( ( #5685, #4588, #2482 ) ) REPRESENTATION_CONTEXT ( 'NONE', 'WORKASPACE' ) );
#1202 = EDGE_LOOP ( 'NONE', ( #6291, #2910, #2704, #1989 ) ) ;
#1203 =( LENGTH_UNIT ( ) NAMED_UNIT ( * ) SI_UNIT ( .MILLI., .METRE. ) );
#1204 = PRODUCT ( 'CREE LED XMLDCL-00-0000-00C3AAAE7', 'CREE LED XMLDCL-00-0000-00C3AAAE7', '', ( #4047 ) ) ;
#1205 = DIRECTION ( 'NONE',  ( 0.000000000000000000, -1.000000000000000000, 0.000000000000000000 ) ) ;
#1206 = FILL_AREA_STYLE ('',( #2687 ) ) ;
#1207 = EDGE_CURVE ( 'NONE', #524, #4453, #6154, .T. ) ;
#1208 = EDGE_LOOP ( 'NONE', ( #642, #6689, #554, #5654 ) ) ;
#1209 = EDGE_CURVE ( 'NONE', #4060, #2468, #3069, .T. ) ;
#1210 = STYLED_ITEM ( 'NONE', ( #267 ), #2858 ) ;
#1211 = LINE ( 'NONE', #5380, #4874 ) ;
#1212 = DIRECTION ( 'NONE',  ( -1.000000000000000000, 0.000000000000000000, 0.000000000000000000 ) ) ;
#1213 = DIRECTION ( 'NONE',  ( -1.000000000000000000, 0.000000000000000000, -0.000000000000000000 ) ) ;
#1214 = CARTESIAN_POINT ( 'NONE',  ( 1.890000000000000346, 0.2999999999999999889, 1.385000000000000009 ) ) ;
#1215 = AXIS2_PLACEMENT_3D ( 'NONE', #4215, #2565, #5106 ) ;
#1216 = UNCERTAINTY_MEASURE_WITH_UNIT (LENGTH_MEASURE( 1.000000000000000082E-05 ), #6664, 'distance_accuracy_value', 'NONE');
#1217 = VERTEX_POINT ( 'NONE', #3970 ) ;
#1218 = VECTOR ( 'NONE', #5067, 1000.000000000000000 ) ;
#1219 = PRESENTATION_STYLE_ASSIGNMENT (( #5507 ) ) ;
#1220 =( NAMED_UNIT ( * ) PLANE_ANGLE_UNIT ( ) SI_UNIT ( $, .RADIAN. ) );
#1221 = CARTESIAN_POINT ( 'NONE',  ( -0.8500000000000001998, 0.7599999999999998979, 0.8499999999999998668 ) ) ;
#1222 = ORIENTED_EDGE ( 'NONE', *, *, #161, .T. ) ;
#1223 = PLANE ( 'NONE',  #4968 ) ;
#1224 = ORIENTED_EDGE ( 'NONE', *, *, #6157, .F. ) ;
#1225 =( LENGTH_UNIT ( ) NAMED_UNIT ( * ) SI_UNIT ( .MILLI., .METRE. ) );
#1226 =( GEOMETRIC_REPRESENTATION_CONTEXT ( 3 ) GLOBAL_UNCERTAINTY_ASSIGNED_CONTEXT ( ( #185 ) ) GLOBAL_UNIT_ASSIGNED_CONTEXT ( ( #5157, #4781, #5802 ) ) REPRESENTATION_CONTEXT ( 'NONE', 'WORKASPACE' ) );
#1227 = DIRECTION ( 'NONE',  ( -1.000000000000000000, 0.000000000000000000, 0.000000000000000000 ) ) ;
#1228 = DIRECTION ( 'NONE',  ( -1.000000000000000000, 0.000000000000000000, 3.614007241618347785E-16 ) ) ;
#1229 =( LENGTH_UNIT ( ) NAMED_UNIT ( * ) SI_UNIT ( .MILLI., .METRE. ) );
#1230 = ORIENTED_EDGE ( 'NONE', *, *, #4873, .F. ) ;
#1231 = CARTESIAN_POINT ( 'NONE',  ( 1.890000000000039870, 0.000000000000000000, -2.395000000000000462 ) ) ;
#1232 =( LENGTH_UNIT ( ) NAMED_UNIT ( * ) SI_UNIT ( .MILLI., .METRE. ) );
#1233 =( LENGTH_UNIT ( ) NAMED_UNIT ( * ) SI_UNIT ( .MILLI., .METRE. ) );
#1234 = FACE_OUTER_BOUND ( 'NONE', #1021, .T. ) ;
#1235 = SURFACE_SIDE_STYLE ('',( #4420 ) ) ;
#1236 = PRESENTATION_LAYER_ASSIGNMENT (  '', '', ( #5590 ) ) ;
#1237 = VECTOR ( 'NONE', #771, 1000.000000000000000 ) ;
#1238 = EDGE_LOOP ( 'NONE', ( #2661, #4012, #5546, #6002 ) ) ;
#1239 = STYLED_ITEM ( 'NONE', ( #155 ), #1370 ) ;
#1240 = PLANE ( 'NONE',  #3064 ) ;
#1241 = ADVANCED_FACE ( 'NONE', ( #1381 ), #4235, .T. ) ;
#1242 = PRESENTATION_STYLE_ASSIGNMENT (( #3765 ) ) ;
#1243 = CARTESIAN_POINT ( 'NONE',  ( -1.890000000000039204, 0.2999999999999999889, -1.385000000000001341 ) ) ;
#1244 = SURFACE_STYLE_FILL_AREA ( #4835 ) ;
#1245 = EDGE_CURVE ( 'NONE', #5230, #5460, #1355, .T. ) ;
#1246 = PRESENTATION_LAYER_ASSIGNMENT (  '', '', ( #5827 ) ) ;
#1247 = ORIENTED_EDGE ( 'NONE', *, *, #5571, .T. ) ;
#1248 = DIRECTION ( 'NONE',  ( 0.000000000000000000, -1.000000000000000000, 0.000000000000000000 ) ) ;
#1249 =( LENGTH_UNIT ( ) NAMED_UNIT ( * ) SI_UNIT ( .MILLI., .METRE. ) );
#1250 = ADVANCED_FACE ( 'NONE', ( #1946 ), #4006, .T. ) ;
#1251 =( NAMED_UNIT ( * ) PLANE_ANGLE_UNIT ( ) SI_UNIT ( $, .RADIAN. ) );
#1252 = ADVANCED_FACE ( 'NONE', ( #5582 ), #5069, .T. ) ;
#1253 = VERTEX_POINT ( 'NONE', #3993 ) ;
#1254 = CARTESIAN_POINT ( 'NONE',  ( 0.1000000000000002970, 0.7599999999999998979, -0.1000000000000000056 ) ) ;
#1255 = ORIENTED_EDGE ( 'NONE', *, *, #5798, .T. ) ;
#1256 = CARTESIAN_POINT ( 'NONE',  ( -1.389999999999999680, 0.000000000000000000, 0.6299999999999997824 ) ) ;
#1257 = PLANE ( 'NONE',  #3667 ) ;
#1258 = CARTESIAN_POINT ( 'NONE',  ( 0.000000000000000000, 0.7600000000000002309, 0.000000000000000000 ) ) ;
#1259 =( LENGTH_UNIT ( ) NAMED_UNIT ( * ) SI_UNIT ( .MILLI., .METRE. ) );
#1260 = LINE ( 'NONE', #4476, #1359 ) ;
#1261 = PLANE ( 'NONE',  #4312 ) ;
#1262 = SURFACE_STYLE_USAGE ( .BOTH. , #1664 ) ;
#1263 = LINE ( 'NONE', #4379, #6603 ) ;
#1264 =( LENGTH_UNIT ( ) NAMED_UNIT ( * ) SI_UNIT ( .MILLI., .METRE. ) );
#1265 = DIRECTION ( 'NONE',  ( 1.000000000000000000, 0.000000000000000000, 8.673617379884035472E-16 ) ) ;
#1266 = CARTESIAN_POINT ( 'NONE',  ( -2.390000000000001013, 0.2999999999999999889, 2.394999999999999130 ) ) ;
#1267 = DIRECTION ( 'NONE',  ( -2.146934995020800486E-16, 0.000000000000000000, 1.000000000000000000 ) ) ;
#1268 = AXIS2_PLACEMENT_3D ( 'NONE', #355, #2411, #1967 ) ;
#1269 = UNCERTAINTY_MEASURE_WITH_UNIT (LENGTH_MEASURE( 1.000000000000000082E-05 ), #404, 'distance_accuracy_value', 'NONE');
#1270 = ORIENTED_EDGE ( 'NONE', *, *, #6751, .F. ) ;
#1271 = CARTESIAN_POINT ( 'NONE',  ( -0.1000000000000002970, 0.7599999999999998979, 0.1000000000000000333 ) ) ;
#1272 = DIRECTION ( 'NONE',  ( -1.000000000000000000, 0.000000000000000000, 0.000000000000000000 ) ) ;
#1273 = DIRECTION ( 'NONE',  ( 1.000000000000000000, 0.000000000000000000, -0.000000000000000000 ) ) ;
#1274 = CARTESIAN_POINT ( 'NONE',  ( 0.1000000000000003247, 0.7599999999999998979, 0.09999999999999997780 ) ) ;
#1275 = VECTOR ( 'NONE', #3964, 1000.000000000000000 ) ;
#1276 = PLANE ( 'NONE',  #4819 ) ;
#1277 = UNCERTAINTY_MEASURE_WITH_UNIT (LENGTH_MEASURE( 1.000000000000000082E-05 ), #5241, 'distance_accuracy_value', 'NONE');
#1278 = UNCERTAINTY_MEASURE_WITH_UNIT (LENGTH_MEASURE( 1.000000000000000082E-05 ), #2938, 'distance_accuracy_value', 'NONE');
#1279 = MECHANICAL_DESIGN_GEOMETRIC_PRESENTATION_REPRESENTATION (  '', ( #2788 ), #3893 ) ;
#1280 = ORIENTED_EDGE ( 'NONE', *, *, #2739, .T. ) ;
#1281 =( NAMED_UNIT ( * ) SI_UNIT ( $, .STERADIAN. ) SOLID_ANGLE_UNIT ( ) );
#1282 =( LENGTH_UNIT ( ) NAMED_UNIT ( * ) SI_UNIT ( .MILLI., .METRE. ) );
#1283 = EDGE_CURVE ( 'NONE', #6352, #113, #4064, .T. ) ;
#1284 = COLOUR_RGB ( '',0.9686274509803921573, 0.8784313725490195957, 0.5999999999999999778 ) ;
#1285 = ORIENTED_EDGE ( 'NONE', *, *, #3962, .T. ) ;
#1286 = ADVANCED_FACE ( 'NONE', ( #1005 ), #5599, .F. ) ;
#1287 = EDGE_CURVE ( 'NONE', #113, #1489, #558, .T. ) ;
#1288 = LINE ( 'NONE', #4441, #1619 ) ;
#1289 =( NAMED_UNIT ( * ) PLANE_ANGLE_UNIT ( ) SI_UNIT ( $, .RADIAN. ) );
#1290 =( NAMED_UNIT ( * ) PLANE_ANGLE_UNIT ( ) SI_UNIT ( $, .RADIAN. ) );
#1291 = CARTESIAN_POINT ( 'NONE',  ( 1.890000000000039870, 0.000000000000000000, -2.395000000000000462 ) ) ;
#1292 = DIRECTION ( 'NONE',  ( -0.000000000000000000, 1.000000000000000000, 0.000000000000000000 ) ) ;
#1293 = CARTESIAN_POINT ( 'NONE',  ( -0.1000000000000002970, 0.7599999999999998979, 0.1000000000000000333 ) ) ;
#1294 = ORIENTED_EDGE ( 'NONE', *, *, #3788, .F. ) ;
#1295 = DIRECTION ( 'NONE',  ( 1.000000000000000000, 0.000000000000000000, -3.614007241618349264E-16 ) ) ;
#1296 = FACE_BOUND ( 'NONE', #49, .T. ) ;
#1297 =( NAMED_UNIT ( * ) PLANE_ANGLE_UNIT ( ) SI_UNIT ( $, .RADIAN. ) );
#1298 = DIRECTION ( 'NONE',  ( -0.000000000000000000, -0.000000000000000000, -1.000000000000000000 ) ) ;
#1299 = PRESENTATION_LAYER_ASSIGNMENT (  '', '', ( #4244 ) ) ;
#1300 = LINE ( 'NONE', #5053, #2396 ) ;
#1301 =( GEOMETRIC_REPRESENTATION_CONTEXT ( 3 ) GLOBAL_UNCERTAINTY_ASSIGNED_CONTEXT ( ( #4212 ) ) GLOBAL_UNIT_ASSIGNED_CONTEXT ( ( #4094, #3648, #3614 ) ) REPRESENTATION_CONTEXT ( 'NONE', 'WORKASPACE' ) );
#1302 = ORIENTED_EDGE ( 'NONE', *, *, #2899, .T. ) ;
#1303 = FILL_AREA_STYLE_COLOUR ( '', #367 ) ;
#1304 = DIRECTION ( 'NONE',  ( 0.000000000000000000, 0.000000000000000000, -1.000000000000000000 ) ) ;
#1305 = VECTOR ( 'NONE', #1298, 1000.000000000000000 ) ;
#1306 = PLANE ( 'NONE',  #2288 ) ;
#1307 = VECTOR ( 'NONE', #396, 1000.000000000000000 ) ;
#1308 = ORIENTED_EDGE ( 'NONE', *, *, #1892, .T. ) ;
#1309 = DIRECTION ( 'NONE',  ( -1.000000000000000000, 0.000000000000000000, -1.560003125878423623E-16 ) ) ;
#1310 = SURFACE_SIDE_STYLE ('',( #5509 ) ) ;
#1311 = CARTESIAN_POINT ( 'NONE',  ( -1.890000000000001013, 0.000000000000000000, 2.394999999999999574 ) ) ;
#1312 =( GEOMETRIC_REPRESENTATION_CONTEXT ( 3 ) GLOBAL_UNCERTAINTY_ASSIGNED_CONTEXT ( ( #3177 ) ) GLOBAL_UNIT_ASSIGNED_CONTEXT ( ( #2009, #1477, #3547 ) ) REPRESENTATION_CONTEXT ( 'NONE', 'WORKASPACE' ) );
#1313 =( GEOMETRIC_REPRESENTATION_CONTEXT ( 3 ) GLOBAL_UNCERTAINTY_ASSIGNED_CONTEXT ( ( #125 ) ) GLOBAL_UNIT_ASSIGNED_CONTEXT ( ( #2161, #2701, #2195 ) ) REPRESENTATION_CONTEXT ( 'NONE', 'WORKASPACE' ) );
#1314 = CARTESIAN_POINT ( 'NONE',  ( 1.890000000000000346, 0.000000000000000000, 1.385000000000000009 ) ) ;
#1315 = VERTEX_POINT ( 'NONE', #6590 ) ;
#1316 = VECTOR ( 'NONE', #1603, 1000.000000000000000 ) ;
#1317 = EDGE_LOOP ( 'NONE', ( #5982, #469, #488, #4759 ) ) ;
#1318 = CARTESIAN_POINT ( 'NONE',  ( 0.1000000000000002970, 0.5999999999999999778, -0.1000000000000000056 ) ) ;
#1319 = DIRECTION ( 'NONE',  ( 0.000000000000000000, -1.000000000000000000, 0.000000000000000000 ) ) ;
#1320 = DIRECTION ( 'NONE',  ( -0.000000000000000000, 0.000000000000000000, 1.000000000000000000 ) ) ;
#1321 =( NAMED_UNIT ( * ) PLANE_ANGLE_UNIT ( ) SI_UNIT ( $, .RADIAN. ) );
#1322 = COLOUR_RGB ( '',0.9686274509803921573, 0.8784313725490195957, 0.5999999999999999778 ) ;
#1323 = ADVANCED_FACE ( 'NONE', ( #4798 ), #4132, .F. ) ;
#1324 = PLANE ( 'NONE',  #707 ) ;
#1325 = EDGE_CURVE ( 'NONE', #2716, #2150, #5204, .T. ) ;
#1326 = COLOUR_RGB ( '',0.5019607843137254832, 0.5019607843137254832, 0.5019607843137254832 ) ;
#1327 = EDGE_CURVE ( 'NONE', #4171, #2957, #2694, .T. ) ;
#1328 = ADVANCED_FACE ( 'NONE', ( #4208 ), #599, .T. ) ;
#1329 = VERTEX_POINT ( 'NONE', #5817 ) ;
#1330 = SURFACE_SIDE_STYLE ('',( #625 ) ) ;
#1331 = FILL_AREA_STYLE ('',( #382 ) ) ;
#1332 = DIRECTION ( 'NONE',  ( 0.000000000000000000, 1.000000000000000000, -1.355252715606876993E-15 ) ) ;
#1333 = FACE_OUTER_BOUND ( 'NONE', #3090, .T. ) ;
#1334 = FILL_AREA_STYLE ('',( #3924 ) ) ;
#1335 = PRESENTATION_LAYER_ASSIGNMENT (  '', '', ( #2512 ) ) ;
#1336 =( NAMED_UNIT ( * ) PLANE_ANGLE_UNIT ( ) SI_UNIT ( $, .RADIAN. ) );
#1337 = EDGE_LOOP ( 'NONE', ( #4893, #5739, #2875, #5219 ) ) ;
#1338 = AXIS2_PLACEMENT_3D ( 'NONE', #2330, #1938, #5064 ) ;
#1339 = SURFACE_STYLE_USAGE ( .BOTH. , #6691 ) ;
#1340 = DIRECTION ( 'NONE',  ( 1.000000000000000000, -0.000000000000000000, 1.560003125878423623E-16 ) ) ;
#1341 = STYLED_ITEM ( 'NONE', ( #5448 ), #1530 ) ;
#1342 = PRESENTATION_STYLE_ASSIGNMENT (( #5061 ) ) ;
#1343 = STYLED_ITEM ( 'NONE', ( #1242 ), #5954 ) ;
#1344 = MECHANICAL_DESIGN_GEOMETRIC_PRESENTATION_REPRESENTATION (  '', ( #1239 ), #5711 ) ;
#1345 = VECTOR ( 'NONE', #1102, 1000.000000000000000 ) ;
#1346 = FILL_AREA_STYLE_COLOUR ( '', #1978 ) ;
#1347 = CARTESIAN_POINT ( 'NONE',  ( 0.1000000000000002137, 0.7599999999999998979, -0.8500000000000000888 ) ) ;
#1348 = FILL_AREA_STYLE_COLOUR ( '', #1199 ) ;
#1349 = LINE ( 'NONE', #5574, #3925 ) ;
#1350 =( LENGTH_UNIT ( ) NAMED_UNIT ( * ) SI_UNIT ( .MILLI., .METRE. ) );
#1351 = EDGE_LOOP ( 'NONE', ( #5708, #3718, #1564, #3849 ) ) ;
#1352 = ORIENTED_EDGE ( 'NONE', *, *, #4866, .T. ) ;
#1353 = DIRECTION ( 'NONE',  ( -2.146934995020802705E-16, -0.000000000000000000, 1.000000000000000000 ) ) ;
#1354 = PRESENTATION_STYLE_ASSIGNMENT (( #2335 ) ) ;
#1355 = LINE ( 'NONE', #3107, #4537 ) ;
#1356 = VECTOR ( 'NONE', #1029, 1000.000000000000000 ) ;
#1357 = SURFACE_STYLE_USAGE ( .BOTH. , #2394 ) ;
#1358 = DIRECTION ( 'NONE',  ( 1.264902534566421675E-16, -0.000000000000000000, 1.000000000000000000 ) ) ;
#1359 = VECTOR ( 'NONE', #2882, 1000.000000000000000 ) ;
#1360 = ORIENTED_EDGE ( 'NONE', *, *, #324, .F. ) ;
#1361 = FILL_AREA_STYLE_COLOUR ( '', #73 ) ;
#1362 = FILL_AREA_STYLE_COLOUR ( '', #1380 ) ;
#1363 = EDGE_CURVE ( 'NONE', #2741, #6361, #1147, .T. ) ;
#1364 = LINE ( 'NONE', #3982, #1532 ) ;
#1365 =( NAMED_UNIT ( * ) PLANE_ANGLE_UNIT ( ) SI_UNIT ( $, .RADIAN. ) );
#1366 =( GEOMETRIC_REPRESENTATION_CONTEXT ( 3 ) GLOBAL_UNCERTAINTY_ASSIGNED_CONTEXT ( ( #3651 ) ) GLOBAL_UNIT_ASSIGNED_CONTEXT ( ( #4494, #2797, #6465 ) ) REPRESENTATION_CONTEXT ( 'NONE', 'WORKASPACE' ) );
#1367 = FACE_OUTER_BOUND ( 'NONE', #3536, .T. ) ;
#1368 = EDGE_CURVE ( 'NONE', #3221, #1081, #3376, .T. ) ;
#1369 = EDGE_LOOP ( 'NONE', ( #3855, #50, #4328, #343, #1352, #4367, #5629 ) ) ;
#1370 = ADVANCED_FACE ( 'NONE', ( #3342 ), #6459, .T. ) ;
#1371 = CARTESIAN_POINT ( 'NONE',  ( -1.389999999999999902, 0.2999999999999999889, -2.390000000000000568 ) ) ;
#1372 = MECHANICAL_DESIGN_GEOMETRIC_PRESENTATION_REPRESENTATION (  '', ( #3092 ), #5737 ) ;
#1373 = PLANE ( 'NONE',  #5235 ) ;
#1374 = FACE_OUTER_BOUND ( 'NONE', #5415, .T. ) ;
#1375 = VECTOR ( 'NONE', #2560, 1000.000000000000000 ) ;
#1376 = CARTESIAN_POINT ( 'NONE',  ( -2.390000000000038760, 0.000000000000000000, -1.385000000000001341 ) ) ;
#1377 = STYLED_ITEM ( 'NONE', ( #3721 ), #4335 ) ;
#1378 = DIRECTION ( 'NONE',  ( 2.146934995020800733E-16, 0.000000000000000000, -1.000000000000000000 ) ) ;
#1379 = SURFACE_STYLE_FILL_AREA ( #1878 ) ;
#1380 = COLOUR_RGB ( '',0.5019607843137254832, 0.5019607843137254832, 0.5019607843137254832 ) ;
#1381 = FACE_OUTER_BOUND ( 'NONE', #6640, .T. ) ;
#1382 = VERTEX_POINT ( 'NONE', #2791 ) ;
#1383 = LINE ( 'NONE', #1908, #1218 ) ;
#1384 = LINE ( 'NONE', #3452, #5981 ) ;
#1385 = VECTOR ( 'NONE', #2479, 1000.000000000000000 ) ;
#1386 = CARTESIAN_POINT ( 'NONE',  ( 1.890000000000013669, 0.000000000000000000, 0.1249999999999998890 ) ) ;
#1387 = ORIENTED_EDGE ( 'NONE', *, *, #3910, .T. ) ;
#1388 = VECTOR ( 'NONE', #1449, 1000.000000000000000 ) ;
#1389 = ORIENTED_EDGE ( 'NONE', *, *, #2900, .F. ) ;
#1390 = FACE_OUTER_BOUND ( 'NONE', #1600, .T. ) ;
#1391 = SURFACE_STYLE_USAGE ( .BOTH. , #412 ) ;
#1392 = VECTOR ( 'NONE', #2354, 1000.000000000000000 ) ;
#1393 =( NAMED_UNIT ( * ) PLANE_ANGLE_UNIT ( ) SI_UNIT ( $, .RADIAN. ) );
#1394 = SURFACE_SIDE_STYLE ('',( #5118 ) ) ;
#1395 = AXIS2_PLACEMENT_3D ( 'NONE', #2313, #3367, #1735 ) ;
#1396 = DIRECTION ( 'NONE',  ( -1.000000000000000000, 0.000000000000000000, 0.000000000000000000 ) ) ;
#1397 = VERTEX_POINT ( 'NONE', #4917 ) ;
#1398 = VERTEX_POINT ( 'NONE', #2347 ) ;
#1399 = AXIS2_PLACEMENT_3D ( 'NONE', #6476, #5428, #2810 ) ;
#1400 = CARTESIAN_POINT ( 'NONE',  ( 1.890000000000000124, 0.000000000000000000, 2.395000000000000018 ) ) ;
#1401 = DIRECTION ( 'NONE',  ( -1.000000000000000000, -0.000000000000000000, -0.000000000000000000 ) ) ;
#1402 = DIRECTION ( 'NONE',  ( 0.000000000000000000, 0.000000000000000000, -1.000000000000000000 ) ) ;
#1403 = EDGE_CURVE ( 'NONE', #3775, #6382, #6387, .T. ) ;
#1404 =( LENGTH_UNIT ( ) NAMED_UNIT ( * ) SI_UNIT ( .MILLI., .METRE. ) );
#1405 = EDGE_CURVE ( 'NONE', #3071, #1894, #2321, .T. ) ;
#1406 = EDGE_CURVE ( 'NONE', #2510, #4561, #3282, .T. ) ;
#1407 = SURFACE_SIDE_STYLE ('',( #5136 ) ) ;
#1408 =( NAMED_UNIT ( * ) SI_UNIT ( $, .STERADIAN. ) SOLID_ANGLE_UNIT ( ) );
#1409 = COLOUR_RGB ( '',0.9686274509803921573, 0.8784313725490195957, 0.5999999999999999778 ) ;
#1410 = FILL_AREA_STYLE_COLOUR ( '', #6755 ) ;
#1411 = FILL_AREA_STYLE_COLOUR ( '', #3373 ) ;
#1412 = STYLED_ITEM ( 'NONE', ( #1503 ), #2516 ) ;
#1413 = PLANE ( 'NONE',  #2774 ) ;
#1414 = ORIENTED_EDGE ( 'NONE', *, *, #3699, .T. ) ;
#1415 = LINE ( 'NONE', #3913, #3440 ) ;
#1416 = PRESENTATION_LAYER_ASSIGNMENT (  '', '', ( #1210 ) ) ;
#1417 = AXIS2_PLACEMENT_3D ( 'NONE', #6707, #4107, #2491 ) ;
#1418 = DIRECTION ( 'NONE',  ( 1.000000000000000000, 0.000000000000000000, 0.000000000000000000 ) ) ;
#1419 =( NAMED_UNIT ( * ) SI_UNIT ( $, .STERADIAN. ) SOLID_ANGLE_UNIT ( ) );
#1420 = LINE ( 'NONE', #2279, #6430 ) ;
#1421 = VERTEX_POINT ( 'NONE', #1777 ) ;
#1422 = AXIS2_PLACEMENT_3D ( 'NONE', #908, #2931, #1897 ) ;
#1423 = ORIENTED_EDGE ( 'NONE', *, *, #2108, .T. ) ;
#1424 = CARTESIAN_POINT ( 'NONE',  ( 1.890000000000039870, 0.2999999999999999889, -2.395000000000000462 ) ) ;
#1425 =( NAMED_UNIT ( * ) SI_UNIT ( $, .STERADIAN. ) SOLID_ANGLE_UNIT ( ) );
#1426 = STYLED_ITEM ( 'NONE', ( #6246 ), #3232 ) ;
#1427 = CARTESIAN_POINT ( 'NONE',  ( -2.500000000000000888, 0.5999999999999999778, -2.500000000000000444 ) ) ;
#1428 = COLOUR_RGB ( '',0.9686274509803921573, 0.8784313725490195957, 0.5999999999999999778 ) ;
#1429 = VECTOR ( 'NONE', #2542, 1000.000000000000000 ) ;
#1430 = ORIENTED_EDGE ( 'NONE', *, *, #4660, .F. ) ;
#1431 = ORIENTED_EDGE ( 'NONE', *, *, #2113, .F. ) ;
#1432 = FILL_AREA_STYLE ('',( #423 ) ) ;
#1433 = AXIS2_PLACEMENT_3D ( 'NONE', #6339, #579, #4153 ) ;
#1434 = CARTESIAN_POINT ( 'NONE',  ( -0.8500000000000000888, 0.7599999999999971223, -0.1000000000000000056 ) ) ;
#1435 = LINE ( 'NONE', #2442, #4704 ) ;
#1436 = MECHANICAL_DESIGN_GEOMETRIC_PRESENTATION_REPRESENTATION (  '', ( #1644 ), #6017 ) ;
#1437 = ADVANCED_FACE ( 'NONE', ( #5468 ), #1240, .F. ) ;
#1438 = CARTESIAN_POINT ( 'NONE',  ( 1.890000000000013669, 0.000000000000000000, 0.1249999999999998890 ) ) ;
#1439 = DIRECTION ( 'NONE',  ( 1.445602896647340149E-16, 0.000000000000000000, 1.000000000000000000 ) ) ;
#1440 = EDGE_CURVE ( 'NONE', #850, #5829, #4885, .T. ) ;
#1441 = DIRECTION ( 'NONE',  ( 0.000000000000000000, 1.000000000000000000, 0.000000000000000000 ) ) ;
#1442 = FILL_AREA_STYLE ('',( #4036 ) ) ;
#1443 = LINE ( 'NONE', #298, #6318 ) ;
#1444 = VECTOR ( 'NONE', #265, 1000.000000000000000 ) ;
#1445 = CARTESIAN_POINT ( 'NONE',  ( 1.890000000000000346, 0.2999999999999999889, 1.385000000000000009 ) ) ;
#1446 = ORIENTED_EDGE ( 'NONE', *, *, #3063, .T. ) ;
#1447 = EDGE_LOOP ( 'NONE', ( #2075, #2665, #3785, #3636 ) ) ;
#1448 = EDGE_CURVE ( 'NONE', #6071, #1397, #2415, .T. ) ;
#1449 = DIRECTION ( 'NONE',  ( 0.000000000000000000, -1.000000000000000000, 0.000000000000000000 ) ) ;
#1450 = SURFACE_STYLE_FILL_AREA ( #6124 ) ;
#1451 = LINE ( 'NONE', #822, #2199 ) ;
#1452 = FILL_AREA_STYLE ('',( #1948 ) ) ;
#1453 = CARTESIAN_POINT ( 'NONE',  ( -0.8500000000000001998, 0.7599999999999998979, 0.8499999999999998668 ) ) ;
#1454 = DIRECTION ( 'NONE',  ( -0.000000000000000000, -1.000000000000000000, -0.000000000000000000 ) ) ;
#1455 = VERTEX_POINT ( 'NONE', #877 ) ;
#1456 = ORIENTED_EDGE ( 'NONE', *, *, #2351, .F. ) ;
#1457 = STYLED_ITEM ( 'NONE', ( #1460 ), #6587 ) ;
#1458 = DIRECTION ( 'NONE',  ( -1.000000000000000000, -0.000000000000000000, -0.000000000000000000 ) ) ;
#1459 = PRESENTATION_STYLE_ASSIGNMENT (( #991 ) ) ;
#1460 = PRESENTATION_STYLE_ASSIGNMENT (( #384 ) ) ;
#1461 = LINE ( 'NONE', #6685, #5050 ) ;
#1462 =( LENGTH_UNIT ( ) NAMED_UNIT ( * ) SI_UNIT ( .MILLI., .METRE. ) );
#1463 =( GEOMETRIC_REPRESENTATION_CONTEXT ( 3 ) GLOBAL_UNCERTAINTY_ASSIGNED_CONTEXT ( ( #4756 ) ) GLOBAL_UNIT_ASSIGNED_CONTEXT ( ( #5429, #4445, #754 ) ) REPRESENTATION_CONTEXT ( 'NONE', 'WORKASPACE' ) );
#1464 =( LENGTH_UNIT ( ) NAMED_UNIT ( * ) SI_UNIT ( .MILLI., .METRE. ) );
#1465 = ORIENTED_EDGE ( 'NONE', *, *, #1368, .F. ) ;
#1466 = ORIENTED_EDGE ( 'NONE', *, *, #2065, .F. ) ;
#1467 = ORIENTED_EDGE ( 'NONE', *, *, #4076, .F. ) ;
#1468 = CARTESIAN_POINT ( 'NONE',  ( -0.7600000000000000089, 0.2999999999999999889, 9.583083854271088363E-18 ) ) ;
#1469 = SURFACE_STYLE_FILL_AREA ( #6075 ) ;
#1470 = SURFACE_SIDE_STYLE ('',( #5130 ) ) ;
#1471 = LINE ( 'NONE', #3540, #1837 ) ;
#1472 = UNCERTAINTY_MEASURE_WITH_UNIT (LENGTH_MEASURE( 1.000000000000000082E-05 ), #1229, 'distance_accuracy_value', 'NONE');
#1473 = DIRECTION ( 'NONE',  ( -0.7071067811865475727, 0.000000000000000000, -0.7071067811865475727 ) ) ;
#1474 = SURFACE_STYLE_USAGE ( .BOTH. , #2718 ) ;
#1475 = VECTOR ( 'NONE', #2951, 1000.000000000000000 ) ;
#1476 = SURFACE_STYLE_FILL_AREA ( #3481 ) ;
#1477 =( NAMED_UNIT ( * ) PLANE_ANGLE_UNIT ( ) SI_UNIT ( $, .RADIAN. ) );
#1478 = DIRECTION ( 'NONE',  ( 0.000000000000000000, -1.000000000000000000, 0.000000000000000000 ) ) ;
#1479 = CLOSED_SHELL ( 'NONE', ( #4201, #6326, #4912, #2690, #5253, #117 ) ) ;
#1480 = VERTEX_POINT ( 'NONE', #909 ) ;
#1481 = SURFACE_STYLE_USAGE ( .BOTH. , #6158 ) ;
#1482 = SURFACE_STYLE_USAGE ( .BOTH. , #3691 ) ;
#1483 = FILL_AREA_STYLE_COLOUR ( '', #4878 ) ;
#1484 = DIRECTION ( 'NONE',  ( -1.000000000000000000, 0.000000000000000000, -0.000000000000000000 ) ) ;
#1485 = DIRECTION ( 'NONE',  ( -1.000000000000000000, 0.000000000000000000, -2.891205793294678819E-16 ) ) ;
#1486 = ORIENTED_EDGE ( 'NONE', *, *, #3788, .T. ) ;
#1487 = EDGE_CURVE ( 'NONE', #1996, #6268, #3906, .T. ) ;
#1488 = EDGE_CURVE ( 'NONE', #3295, #5188, #5985, .T. ) ;
#1489 = VERTEX_POINT ( 'NONE', #1902 ) ;
#1490 = FILL_AREA_STYLE_COLOUR ( '', #1166 ) ;
#1491 = MECHANICAL_DESIGN_GEOMETRIC_PRESENTATION_REPRESENTATION (  '', ( #6183 ), #4102 ) ;
#1492 = CARTESIAN_POINT ( 'NONE',  ( -0.1000000000000003247, 0.7599999999999998979, -0.1000000000000000056 ) ) ;
#1493 = FACE_OUTER_BOUND ( 'NONE', #5121, .T. ) ;
#1494 = DIRECTION ( 'NONE',  ( 1.000000000000000000, 0.000000000000000000, 8.673617379884035472E-16 ) ) ;
#1495 =( NAMED_UNIT ( * ) SI_UNIT ( $, .STERADIAN. ) SOLID_ANGLE_UNIT ( ) );
#1496 =( LENGTH_UNIT ( ) NAMED_UNIT ( * ) SI_UNIT ( .MILLI., .METRE. ) );
#1497 = VECTOR ( 'NONE', #4391, 1000.000000000000000 ) ;
#1498 = ORIENTED_EDGE ( 'NONE', *, *, #460, .T. ) ;
#1499 = EDGE_LOOP ( 'NONE', ( #4795, #3218, #2653, #2789 ) ) ;
#1500 = VERTEX_POINT ( 'NONE', #2837 ) ;
#1501 = CARTESIAN_POINT ( 'NONE',  ( -2.390000000000038760, 0.000000000000000000, -1.385000000000001341 ) ) ;
#1502 = CARTESIAN_POINT ( 'NONE',  ( 1.890000000000026326, 0.000000000000000000, -0.1250000000000001110 ) ) ;
#1503 = PRESENTATION_STYLE_ASSIGNMENT (( #936 ) ) ;
#1504 = VERTEX_POINT ( 'NONE', #4554 ) ;
#1505 = VECTOR ( 'NONE', #2871, 1000.000000000000000 ) ;
#1506 = LINE ( 'NONE', #2934, #3672 ) ;
#1507 = DIRECTION ( 'NONE',  ( 2.146934995020800733E-16, 0.000000000000000000, -1.000000000000000000 ) ) ;
#1508 = DIRECTION ( 'NONE',  ( 1.000000000000000000, 0.000000000000000000, 0.000000000000000000 ) ) ;
#1509 = FILL_AREA_STYLE_COLOUR ( '', #2270 ) ;
#1510 = CARTESIAN_POINT ( 'NONE',  ( 1.389999999999999902, 0.2999999999999999889, -2.390000000000000124 ) ) ;
#1511 =( GEOMETRIC_REPRESENTATION_CONTEXT ( 3 ) GLOBAL_UNCERTAINTY_ASSIGNED_CONTEXT ( ( #676 ) ) GLOBAL_UNIT_ASSIGNED_CONTEXT ( ( #5977, #4427, #4987 ) ) REPRESENTATION_CONTEXT ( 'NONE', 'WORKASPACE' ) );
#1512 = VERTEX_POINT ( 'NONE', #3870 ) ;
#1513 = DIRECTION ( 'NONE',  ( 3.614007241618348278E-16, 0.000000000000000000, 1.000000000000000000 ) ) ;
#1514 =( LENGTH_UNIT ( ) NAMED_UNIT ( * ) SI_UNIT ( .MILLI., .METRE. ) );
#1515 = ORIENTED_EDGE ( 'NONE', *, *, #1209, .F. ) ;
#1516 = ORIENTED_EDGE ( 'NONE', *, *, #4392, .F. ) ;
#1517 =( NAMED_UNIT ( * ) PLANE_ANGLE_UNIT ( ) SI_UNIT ( $, .RADIAN. ) );
#1518 = ADVANCED_FACE ( 'NONE', ( #3998 ), #3385, .T. ) ;
#1519 = SURFACE_SIDE_STYLE ('',( #1026 ) ) ;
#1520 = EDGE_CURVE ( 'NONE', #2339, #3397, #4957, .T. ) ;
#1521 = PRESENTATION_STYLE_ASSIGNMENT (( #1059 ) ) ;
#1522 = FACE_BOUND ( 'NONE', #6342, .T. ) ;
#1523 = EDGE_CURVE ( 'NONE', #1315, #3767, #6080, .T. ) ;
#1524 = SURFACE_SIDE_STYLE ('',( #2956 ) ) ;
#1525 = VECTOR ( 'NONE', #116, 1000.000000000000000 ) ;
#1526 = ORIENTED_EDGE ( 'NONE', *, *, #1604, .T. ) ;
#1527 = VERTEX_POINT ( 'NONE', #5508 ) ;
#1528 = ORIENTED_EDGE ( 'NONE', *, *, #3792, .T. ) ;
#1529 =( GEOMETRIC_REPRESENTATION_CONTEXT ( 3 ) GLOBAL_UNCERTAINTY_ASSIGNED_CONTEXT ( ( #1013 ) ) GLOBAL_UNIT_ASSIGNED_CONTEXT ( ( #1079, #1637, #639 ) ) REPRESENTATION_CONTEXT ( 'NONE', 'WORKASPACE' ) );
#1530 = ADVANCED_FACE ( 'NONE', ( #6051 ), #395, .F. ) ;
#1531 = STYLED_ITEM ( 'NONE', ( #3688 ), #3194 ) ;
#1532 = VECTOR ( 'NONE', #5078, 1000.000000000000000 ) ;
#1533 = DIRECTION ( 'NONE',  ( -1.000000000000000000, 0.000000000000000000, -0.000000000000000000 ) ) ;
#1534 = DIRECTION ( 'NONE',  ( 0.000000000000000000, 0.000000000000000000, -1.000000000000000000 ) ) ;
#1535 = DIRECTION ( 'NONE',  ( 0.000000000000000000, -1.000000000000000000, 0.000000000000000000 ) ) ;
#1536 = CARTESIAN_POINT ( 'NONE',  ( -1.389999999999999902, 0.2999999999999999889, 2.389999999999999680 ) ) ;
#1537 = UNCERTAINTY_MEASURE_WITH_UNIT (LENGTH_MEASURE( 1.000000000000000082E-05 ), #3, 'distance_accuracy_value', 'NONE');
#1538 = UNCERTAINTY_MEASURE_WITH_UNIT (LENGTH_MEASURE( 1.000000000000000082E-05 ), #3460, 'distance_accuracy_value', 'NONE');
#1539 = ORIENTED_EDGE ( 'NONE', *, *, #4804, .T. ) ;
#1540 = PRESENTATION_LAYER_ASSIGNMENT (  '', '', ( #697 ) ) ;
#1541 = CARTESIAN_POINT ( 'NONE',  ( -1.890000000000026326, 0.000000000000000000, -0.1250000000000009714 ) ) ;
#1542 = ORIENTED_EDGE ( 'NONE', *, *, #4071, .F. ) ;
#1543 = COLOUR_RGB ( '',1.000000000000000000, 1.000000000000000000, 1.000000000000000000 ) ;
#1544 = DIRECTION ( 'NONE',  ( 1.000000000000000000, -0.000000000000000000, 2.891205793294678326E-16 ) ) ;
#1545 = VECTOR ( 'NONE', #5881, 1000.000000000000000 ) ;
#1546 = ORIENTED_EDGE ( 'NONE', *, *, #2935, .F. ) ;
#1547 = CARTESIAN_POINT ( 'NONE',  ( -0.1000000000000005052, 0.5999999999999999778, -0.8500000000000000888 ) ) ;
#1548 = FILL_AREA_STYLE_COLOUR ( '', #4552 ) ;
#1549 =( NAMED_UNIT ( * ) PLANE_ANGLE_UNIT ( ) SI_UNIT ( $, .RADIAN. ) );
#1550 = CARTESIAN_POINT ( 'NONE',  ( 2.500000000000000000, 0.5999999999999999778, -2.500000000000000444 ) ) ;
#1551 = VECTOR ( 'NONE', #4713, 1000.000000000000000 ) ;
#1552 = DIRECTION ( 'NONE',  ( -1.264902534566421675E-16, -0.000000000000000000, -1.000000000000000000 ) ) ;
#1553 = STYLED_ITEM ( 'NONE', ( #831 ), #6554 ) ;
#1554 = VERTEX_POINT ( 'NONE', #2683 ) ;
#1555 = ORIENTED_EDGE ( 'NONE', *, *, #1487, .F. ) ;
#1556 = ADVANCED_FACE ( 'NONE', ( #3758 ), #3579, .F. ) ;
#1557 = ORIENTED_EDGE ( 'NONE', *, *, #6659, .F. ) ;
#1558 = CARTESIAN_POINT ( 'NONE',  ( 0.000000000000000000, 0.000000000000000000, 0.000000000000000000 ) ) ;
#1559 = CARTESIAN_POINT ( 'NONE',  ( 0.8500000000000003109, 0.5999999999999999778, -0.1000000000000000056 ) ) ;
#1560 = AXIS2_PLACEMENT_3D ( 'NONE', #2916, #1292, #3359 ) ;
#1561 = SURFACE_SIDE_STYLE ('',( #6217 ) ) ;
#1562 = DIRECTION ( 'NONE',  ( -1.000000000000000000, 0.000000000000000000, 0.000000000000000000 ) ) ;
#1563 = EDGE_CURVE ( 'NONE', #5815, #4125, #975, .T. ) ;
#1564 = ORIENTED_EDGE ( 'NONE', *, *, #1087, .F. ) ;
#1565 = FILL_AREA_STYLE_COLOUR ( '', #6612 ) ;
#1566 = FILL_AREA_STYLE_COLOUR ( '', #968 ) ;
#1567 =( NAMED_UNIT ( * ) PLANE_ANGLE_UNIT ( ) SI_UNIT ( $, .RADIAN. ) );
#1568 = PRESENTATION_STYLE_ASSIGNMENT (( #2122 ) ) ;
#1569 = ORIENTED_EDGE ( 'NONE', *, *, #5123, .F. ) ;
#1570 = CARTESIAN_POINT ( 'NONE',  ( -2.390000000000038760, 0.2999999999999999889, -1.385000000000001341 ) ) ;
#1571 = PRESENTATION_STYLE_ASSIGNMENT (( #620 ) ) ;
#1572 = FILL_AREA_STYLE_COLOUR ( '', #5472 ) ;
#1573 = PLANE ( 'NONE',  #2589 ) ;
#1574 = PLANE ( 'NONE',  #556 ) ;
#1575 = MECHANICAL_DESIGN_GEOMETRIC_PRESENTATION_REPRESENTATION (  '', ( #403 ), #622 ) ;
#1576 = ORIENTED_EDGE ( 'NONE', *, *, #2114, .F. ) ;
#1577 = MECHANICAL_DESIGN_GEOMETRIC_PRESENTATION_REPRESENTATION (  '', ( #1898 ), #2992 ) ;
#1578 =( NAMED_UNIT ( * ) SI_UNIT ( $, .STERADIAN. ) SOLID_ANGLE_UNIT ( ) );
#1579 = ORIENTED_EDGE ( 'NONE', *, *, #82, .F. ) ;
#1580 = COLOUR_RGB ( '',0.9686274509803921573, 0.8784313725490195957, 0.5999999999999999778 ) ;
#1581 = LINE ( 'NONE', #3595, #68 ) ;
#1582 = PRESENTATION_STYLE_ASSIGNMENT (( #6260 ) ) ;
#1583 = DIRECTION ( 'NONE',  ( 2.721846458122605600E-16, 0.000000000000000000, -1.000000000000000000 ) ) ;
#1584 = CARTESIAN_POINT ( 'NONE',  ( -2.390000000000001013, 0.2999999999999999889, 2.394999999999999130 ) ) ;
#1585 = MECHANICAL_DESIGN_GEOMETRIC_PRESENTATION_REPRESENTATION (  '', ( #632 ), #2995 ) ;
#1586 =( LENGTH_UNIT ( ) NAMED_UNIT ( * ) SI_UNIT ( .MILLI., .METRE. ) );
#1587 = LINE ( 'NONE', #3677, #1345 ) ;
#1588 = FILL_AREA_STYLE ('',( #5838 ) ) ;
#1589 = ORIENTED_EDGE ( 'NONE', *, *, #4430, .T. ) ;
#1590 = ORIENTED_EDGE ( 'NONE', *, *, #6199, .F. ) ;
#1591 = ORIENTED_EDGE ( 'NONE', *, *, #6532, .F. ) ;
#1592 = ORIENTED_EDGE ( 'NONE', *, *, #1855, .F. ) ;
#1593 = CARTESIAN_POINT ( 'NONE',  ( 0.8500000000000001998, 0.7599999999999998979, -0.8500000000000000888 ) ) ;
#1594 = CARTESIAN_POINT ( 'NONE',  ( -1.890000000000026104, 0.2999999999999999889, -1.135000000000001119 ) ) ;
#1595 = LINE ( 'NONE', #1667, #4939 ) ;
#1596 = MECHANICAL_DESIGN_GEOMETRIC_PRESENTATION_REPRESENTATION (  '', ( #641 ), #417 ) ;
#1597 =( NAMED_UNIT ( * ) SI_UNIT ( $, .STERADIAN. ) SOLID_ANGLE_UNIT ( ) );
#1598 = UNCERTAINTY_MEASURE_WITH_UNIT (LENGTH_MEASURE( 1.000000000000000082E-05 ), #5971, 'distance_accuracy_value', 'NONE');
#1599 = VECTOR ( 'NONE', #2365, 1000.000000000000000 ) ;
#1600 = EDGE_LOOP ( 'NONE', ( #2572, #4513, #4697, #3080 ) ) ;
#1601 = DIRECTION ( 'NONE',  ( -0.000000000000000000, -0.000000000000000000, 1.000000000000000000 ) ) ;
#1602 =( NAMED_UNIT ( * ) SI_UNIT ( $, .STERADIAN. ) SOLID_ANGLE_UNIT ( ) );
#1603 = DIRECTION ( 'NONE',  ( -0.000000000000000000, -1.000000000000000000, -0.000000000000000000 ) ) ;
#1604 = EDGE_CURVE ( 'NONE', #5460, #5808, #107, .T. ) ;
#1605 = SURFACE_STYLE_USAGE ( .BOTH. , #3581 ) ;
#1606 = ADVANCED_FACE ( 'NONE', ( #5602 ), #5341, .T. ) ;
#1607 = PRESENTATION_LAYER_ASSIGNMENT (  '', '', ( #4671 ) ) ;
#1608 = UNCERTAINTY_MEASURE_WITH_UNIT (LENGTH_MEASURE( 1.000000000000000082E-05 ), #2480, 'distance_accuracy_value', 'NONE');
#1609 = ORIENTED_EDGE ( 'NONE', *, *, #3278, .T. ) ;
#1610 = DIRECTION ( 'NONE',  ( 1.000000000000000000, -0.000000000000000000, -0.000000000000000000 ) ) ;
#1611 = FILL_AREA_STYLE ('',( #2568 ) ) ;
#1612 = STYLED_ITEM ( 'NONE', ( #24 ), #2013 ) ;
#1613 = DIRECTION ( 'NONE',  ( -0.000000000000000000, -1.000000000000000000, -0.000000000000000000 ) ) ;
#1614 = ORIENTED_EDGE ( 'NONE', *, *, #1406, .F. ) ;
#1615 = ORIENTED_EDGE ( 'NONE', *, *, #2862, .F. ) ;
#1616 = DIRECTION ( 'NONE',  ( -0.000000000000000000, -1.000000000000000000, -0.000000000000000000 ) ) ;
#1617 =( NAMED_UNIT ( * ) SI_UNIT ( $, .STERADIAN. ) SOLID_ANGLE_UNIT ( ) );
#1618 = SURFACE_STYLE_FILL_AREA ( #6300 ) ;
#1619 = VECTOR ( 'NONE', #4501, 1000.000000000000000 ) ;
#1620 = SURFACE_STYLE_USAGE ( .BOTH. , #3642 ) ;
#1621 = PRESENTATION_LAYER_ASSIGNMENT (  '', '', ( #1412 ) ) ;
#1622 = ORIENTED_EDGE ( 'NONE', *, *, #3700, .T. ) ;
#1623 = ORIENTED_EDGE ( 'NONE', *, *, #5665, .T. ) ;
#1624 = FILL_AREA_STYLE_COLOUR ( '', #2350 ) ;
#1625 = SURFACE_STYLE_USAGE ( .BOTH. , #3166 ) ;
#1626 = CARTESIAN_POINT ( 'NONE',  ( -1.389999999999999902, 0.2999999999999999889, 0.6299999999999998934 ) ) ;
#1627 =( GEOMETRIC_REPRESENTATION_CONTEXT ( 3 ) GLOBAL_UNCERTAINTY_ASSIGNED_CONTEXT ( ( #3802 ) ) GLOBAL_UNIT_ASSIGNED_CONTEXT ( ( #6496, #5988, #3443 ) ) REPRESENTATION_CONTEXT ( 'NONE', 'WORKASPACE' ) );
#1628 = VECTOR ( 'NONE', #1610, 1000.000000000000000 ) ;
#1629 = SURFACE_STYLE_USAGE ( .BOTH. , #3724 ) ;
#1630 =( NAMED_UNIT ( * ) PLANE_ANGLE_UNIT ( ) SI_UNIT ( $, .RADIAN. ) );
#1631 = STYLED_ITEM ( 'NONE', ( #6087 ), #4712 ) ;
#1632 = COLOUR_RGB ( '',0.3411764705882353033, 0.8392156862745098200, 0.4117647058823529216 ) ;
#1633 = ORIENTED_EDGE ( 'NONE', *, *, #82, .T. ) ;
#1634 =( NAMED_UNIT ( * ) PLANE_ANGLE_UNIT ( ) SI_UNIT ( $, .RADIAN. ) );
#1635 = DIRECTION ( 'NONE',  ( 0.000000000000000000, 0.000000000000000000, -1.000000000000000000 ) ) ;
#1636 = DIRECTION ( 'NONE',  ( 2.146934995020800733E-16, 0.000000000000000000, -1.000000000000000000 ) ) ;
#1637 =( NAMED_UNIT ( * ) PLANE_ANGLE_UNIT ( ) SI_UNIT ( $, .RADIAN. ) );
#1638 = MECHANICAL_DESIGN_GEOMETRIC_PRESENTATION_REPRESENTATION (  '', ( #1966 ), #6552 ) ;
#1639 = CARTESIAN_POINT ( 'NONE',  ( -1.890000000000013891, 0.2999999999999999889, 1.134999999999999121 ) ) ;
#1640 = EDGE_LOOP ( 'NONE', ( #6239, #1623, #1285, #2327 ) ) ;
#1641 = ADVANCED_FACE ( 'NONE', ( #3509 ), #4237, .T. ) ;
#1642 = CARTESIAN_POINT ( 'NONE',  ( 1.389999999999998570, 0.2999999999999999889, 2.389999999999999680 ) ) ;
#1643 = PRESENTATION_STYLE_ASSIGNMENT (( #3215 ) ) ;
#1644 = STYLED_ITEM ( 'NONE', ( #1947 ), #5615 ) ;
#1645 =( NAMED_UNIT ( * ) SI_UNIT ( $, .STERADIAN. ) SOLID_ANGLE_UNIT ( ) );
#1646 = ORIENTED_EDGE ( 'NONE', *, *, #5255, .T. ) ;
#1647 = EDGE_CURVE ( 'NONE', #2107, #6023, #665, .T. ) ;
#1648 = DIRECTION ( 'NONE',  ( -0.000000000000000000, -1.000000000000000000, -0.000000000000000000 ) ) ;
#1649 = ADVANCED_FACE ( 'NONE', ( #5811 ), #2719, .T. ) ;
#1650 = COLOUR_RGB ( '',1.000000000000000000, 1.000000000000000000, 1.000000000000000000 ) ;
#1651 = EDGE_LOOP ( 'NONE', ( #2258, #2118, #5901, #5499 ) ) ;
#1652 = EDGE_CURVE ( 'NONE', #1527, #6489, #6514, .T. ) ;
#1653 = DIRECTION ( 'NONE',  ( -1.445602896647339163E-16, 0.000000000000000000, -1.000000000000000000 ) ) ;
#1654 = STYLED_ITEM ( 'NONE', ( #4857 ), #1437 ) ;
#1655 = CARTESIAN_POINT ( 'NONE',  ( 1.890000000000026326, 0.000000000000000000, -0.1250000000000001110 ) ) ;
#1656 = FILL_AREA_STYLE ('',( #4743 ) ) ;
#1657 = PLANE ( 'NONE',  #206 ) ;
#1658 =( NAMED_UNIT ( * ) SI_UNIT ( $, .STERADIAN. ) SOLID_ANGLE_UNIT ( ) );
#1659 =( GEOMETRIC_REPRESENTATION_CONTEXT ( 3 ) GLOBAL_UNCERTAINTY_ASSIGNED_CONTEXT ( ( #6741 ) ) GLOBAL_UNIT_ASSIGNED_CONTEXT ( ( #1496, #3461, #898 ) ) REPRESENTATION_CONTEXT ( 'NONE', 'WORKASPACE' ) );
#1660 = FACE_OUTER_BOUND ( 'NONE', #2140, .T. ) ;
#1661 = AXIS2_PLACEMENT_3D ( 'NONE', #2447, #2355, #5683 ) ;
#1662 = ORIENTED_EDGE ( 'NONE', *, *, #3322, .T. ) ;
#1663 = ORIENTED_EDGE ( 'NONE', *, *, #4950, .F. ) ;
#1664 = SURFACE_SIDE_STYLE ('',( #4304 ) ) ;
#1665 = SURFACE_STYLE_USAGE ( .BOTH. , #6345 ) ;
#1666 = DIRECTION ( 'NONE',  ( -1.000000000000000000, 0.000000000000000000, 0.000000000000000000 ) ) ;
#1667 = CARTESIAN_POINT ( 'NONE',  ( -0.1000000000000002137, 0.5999999999999999778, 0.8500000000000000888 ) ) ;
#1668 = DIRECTION ( 'NONE',  ( 2.146934995020800733E-16, 0.000000000000000000, -1.000000000000000000 ) ) ;
#1669 = STYLED_ITEM ( 'NONE', ( #4602 ), #6326 ) ;
#1670 = ORIENTED_EDGE ( 'NONE', *, *, #5707, .F. ) ;
#1671 = ORIENTED_EDGE ( 'NONE', *, *, #5837, .T. ) ;
#1672 = SURFACE_STYLE_USAGE ( .BOTH. , #2085 ) ;
#1673 = AXIS2_PLACEMENT_3D ( 'NONE', #6515, #5434, #1801 ) ;
#1674 = CARTESIAN_POINT ( 'NONE',  ( 2.390000000000039648, 0.000000000000000000, -2.395000000000000462 ) ) ;
#1675 = CARTESIAN_POINT ( 'NONE',  ( 1.389999999999999902, 0.000000000000000000, -2.390000000000000124 ) ) ;
#1676 = SURFACE_STYLE_USAGE ( .BOTH. , #4888 ) ;
#1677 = PRESENTATION_STYLE_ASSIGNMENT (( #4282 ) ) ;
#1678 = PRODUCT_DEFINITION_SHAPE ( 'NONE', 'NONE',  #325 ) ;
#1679 =( GEOMETRIC_REPRESENTATION_CONTEXT ( 3 ) GLOBAL_UNCERTAINTY_ASSIGNED_CONTEXT ( ( #1072 ) ) GLOBAL_UNIT_ASSIGNED_CONTEXT ( ( #4711, #4818, #6263 ) ) REPRESENTATION_CONTEXT ( 'NONE', 'WORKASPACE' ) );
#1680 = UNCERTAINTY_MEASURE_WITH_UNIT (LENGTH_MEASURE( 1.000000000000000082E-05 ), #427, 'distance_accuracy_value', 'NONE');
#1681 = ORIENTED_EDGE ( 'NONE', *, *, #2515, .T. ) ;
#1682 = PLANE ( 'NONE',  #4659 ) ;
#1683 = DIRECTION ( 'NONE',  ( 2.891205793294678819E-16, 0.000000000000000000, -1.000000000000000000 ) ) ;
#1684 = SURFACE_SIDE_STYLE ('',( #4322 ) ) ;
#1685 = DIRECTION ( 'NONE',  ( 2.146934995020800486E-16, 0.000000000000000000, -1.000000000000000000 ) ) ;
#1686 = ORIENTED_EDGE ( 'NONE', *, *, #6573, .F. ) ;
#1687 = CARTESIAN_POINT ( 'NONE',  ( -1.890000000000013669, 0.2999999999999999889, 0.1249999999999990286 ) ) ;
#1688 = ORIENTED_EDGE ( 'NONE', *, *, #5537, .T. ) ;
#1689 = SURFACE_STYLE_FILL_AREA ( #6371 ) ;
#1690 = DIRECTION ( 'NONE',  ( 0.000000000000000000, 0.000000000000000000, -1.000000000000000000 ) ) ;
#1691 = FILL_AREA_STYLE_COLOUR ( '', #2543 ) ;
#1692 = PRESENTATION_STYLE_ASSIGNMENT (( #4446 ) ) ;
#1693 = ADVANCED_FACE ( 'NONE', ( #1234 ), #1770, .F. ) ;
#1694 = CARTESIAN_POINT ( 'NONE',  ( 0.000000000000000000, 0.5999999999999999778, 0.000000000000000000 ) ) ;
#1695 = EDGE_CURVE ( 'NONE', #4075, #6361, #4941, .T. ) ;
#1696 = EDGE_LOOP ( 'NONE', ( #72, #479, #6241, #1139 ) ) ;
#1697 = VECTOR ( 'NONE', #6667, 1000.000000000000000 ) ;
#1698 = ORIENTED_EDGE ( 'NONE', *, *, #2733, .F. ) ;
#1699 = CLOSED_SHELL ( 'NONE', ( #531, #3434, #5177, #2977, #2765, #3430 ) ) ;
#1700 = EDGE_LOOP ( 'NONE', ( #1467, #6454, #6025, #1882 ) ) ;
#1701 =( GEOMETRIC_REPRESENTATION_CONTEXT ( 3 ) GLOBAL_UNCERTAINTY_ASSIGNED_CONTEXT ( ( #3026 ) ) GLOBAL_UNIT_ASSIGNED_CONTEXT ( ( #4165, #106, #2038 ) ) REPRESENTATION_CONTEXT ( 'NONE', 'WORKASPACE' ) );
#1702 = LINE ( 'NONE', #4877, #2244 ) ;
#1703 = FACE_OUTER_BOUND ( 'NONE', #2224, .T. ) ;
#1704 = CARTESIAN_POINT ( 'NONE',  ( 0.000000000000000000, 0.7600000000000002309, 0.000000000000000000 ) ) ;
#1705 = FACE_OUTER_BOUND ( 'NONE', #5694, .T. ) ;
#1706 = MECHANICAL_DESIGN_GEOMETRIC_PRESENTATION_REPRESENTATION (  '', ( #637 ), #6726 ) ;
#1707 = ORIENTED_EDGE ( 'NONE', *, *, #6569, .F. ) ;
#1708 = FACE_OUTER_BOUND ( 'NONE', #5322, .T. ) ;
#1709 = VECTOR ( 'NONE', #1601, 1000.000000000000000 ) ;
#1710 = CARTESIAN_POINT ( 'NONE',  ( 2.390000000000013003, 0.2999999999999999889, 1.135000000000000009 ) ) ;
#1711 = LINE ( 'NONE', #2221, #2476 ) ;
#1712 =( LENGTH_UNIT ( ) NAMED_UNIT ( * ) SI_UNIT ( .MILLI., .METRE. ) );
#1713 = MECHANICAL_DESIGN_GEOMETRIC_PRESENTATION_REPRESENTATION (  '', ( #858 ), #191 ) ;
#1714 = ORIENTED_EDGE ( 'NONE', *, *, #4390, .F. ) ;
#1715 = COLOUR_RGB ( '',0.5019607843137254832, 0.5019607843137254832, 0.5019607843137254832 ) ;
#1716 = DIRECTION ( 'NONE',  ( 1.445602896647340149E-16, 0.000000000000000000, 1.000000000000000000 ) ) ;
#1717 = VECTOR ( 'NONE', #6006, 1000.000000000000000 ) ;
#1718 = PLANE ( 'NONE',  #988 ) ;
#1719 = ORIENTED_EDGE ( 'NONE', *, *, #2319, .T. ) ;
#1720 = VERTEX_POINT ( 'NONE', #4449 ) ;
#1721 =( GEOMETRIC_REPRESENTATION_CONTEXT ( 3 ) GLOBAL_UNCERTAINTY_ASSIGNED_CONTEXT ( ( #261 ) ) GLOBAL_UNIT_ASSIGNED_CONTEXT ( ( #2775, #3330, #274 ) ) REPRESENTATION_CONTEXT ( 'NONE', 'WORKASPACE' ) );
#1722 = LINE ( 'NONE', #1762, #4219 ) ;
#1723 = PRESENTATION_LAYER_ASSIGNMENT (  '', '', ( #6524 ) ) ;
#1724 = CARTESIAN_POINT ( 'NONE',  ( -1.890000000000013891, 0.2999999999999999889, 1.134999999999999121 ) ) ;
#1725 = CARTESIAN_POINT ( 'NONE',  ( 0.000000000000000000, 0.7599999999999998979, 0.000000000000000000 ) ) ;
#1726 = DIRECTION ( 'NONE',  ( 0.000000000000000000, -1.000000000000000000, 0.000000000000000000 ) ) ;
#1727 = DIRECTION ( 'NONE',  ( 0.000000000000000000, 0.000000000000000000, 1.000000000000000000 ) ) ;
#1728 = PRESENTATION_LAYER_ASSIGNMENT (  '', '', ( #3808 ) ) ;
#1729 = ORIENTED_EDGE ( 'NONE', *, *, #4575, .T. ) ;
#1730 = ORIENTED_EDGE ( 'NONE', *, *, #2650, .T. ) ;
#1731 = EDGE_CURVE ( 'NONE', #1398, #5741, #3852, .T. ) ;
#1732 = LINE ( 'NONE', #5902, #4096 ) ;
#1733 = EDGE_CURVE ( 'NONE', #1554, #4811, #3337, .T. ) ;
#1734 = FILL_AREA_STYLE ('',( #4381 ) ) ;
#1735 = DIRECTION ( 'NONE',  ( 0.000000000000000000, -0.000000000000000000, 1.000000000000000000 ) ) ;
#1736 =( NAMED_UNIT ( * ) SI_UNIT ( $, .STERADIAN. ) SOLID_ANGLE_UNIT ( ) );
#1737 = CARTESIAN_POINT ( 'NONE',  ( 1.890000000000026548, 0.000000000000000000, -1.135000000000000231 ) ) ;
#1738 = MECHANICAL_DESIGN_GEOMETRIC_PRESENTATION_REPRESENTATION (  '', ( #1104 ), #2821 ) ;
#1739 = FACE_OUTER_BOUND ( 'NONE', #2637, .T. ) ;
#1740 = UNCERTAINTY_MEASURE_WITH_UNIT (LENGTH_MEASURE( 1.000000000000000082E-05 ), #690, 'distance_accuracy_value', 'NONE');
#1741 = ADVANCED_FACE ( 'NONE', ( #1333 ), #5433, .F. ) ;
#1742 = ORIENTED_EDGE ( 'NONE', *, *, #37, .F. ) ;
#1743 = VECTOR ( 'NONE', #5369, 1000.000000000000000 ) ;
#1744 = PLANE ( 'NONE',  #2579 ) ;
#1745 = ADVANCED_FACE ( 'NONE', ( #311 ), #5014, .F. ) ;
#1746 =( NAMED_UNIT ( * ) PLANE_ANGLE_UNIT ( ) SI_UNIT ( $, .RADIAN. ) );
#1747 = DIRECTION ( 'NONE',  ( 0.000000000000000000, -0.000000000000000000, 1.000000000000000000 ) ) ;
#1748 = CARTESIAN_POINT ( 'NONE',  ( -0.1000000000000003247, 0.7599999999999998979, -0.1000000000000000056 ) ) ;
#1749 = VECTOR ( 'NONE', #2676, 1000.000000000000000 ) ;
#1750 = UNCERTAINTY_MEASURE_WITH_UNIT (LENGTH_MEASURE( 1.000000000000000082E-05 ), #1184, 'distance_accuracy_value', 'NONE');
#1751 = VERTEX_POINT ( 'NONE', #3563 ) ;
#1752 = AXIS2_PLACEMENT_3D ( 'NONE', #255, #3283, #4886 ) ;
#1753 = MECHANICAL_DESIGN_GEOMETRIC_PRESENTATION_REPRESENTATION (  '', ( #783 ), #560 ) ;
#1754 = DIRECTION ( 'NONE',  ( 0.000000000000000000, 1.000000000000000000, 0.000000000000000000 ) ) ;
#1755 = FILL_AREA_STYLE_COLOUR ( '', #2408 ) ;
#1756 = PRESENTATION_STYLE_ASSIGNMENT (( #3255 ) ) ;
#1757 = PLANE ( 'NONE',  #5781 ) ;
#1758 = AXIS2_PLACEMENT_3D ( 'NONE', #4684, #6306, #5198 ) ;
#1759 = STYLED_ITEM ( 'NONE', ( #3643 ), #3430 ) ;
#1760 = ORIENTED_EDGE ( 'NONE', *, *, #1855, .T. ) ;
#1761 = CARTESIAN_POINT ( 'NONE',  ( -2.500000000000000888, 0.5999999999999999778, 2.500000000000000444 ) ) ;
#1762 = CARTESIAN_POINT ( 'NONE',  ( -2.500000000000000888, 0.5999999999999999778, -2.500000000000000444 ) ) ;
#1763 = CARTESIAN_POINT ( 'NONE',  ( -0.1000000000000002137, 0.7599999999999998979, 0.8500000000000000888 ) ) ;
#1764 = DIRECTION ( 'NONE',  ( 0.000000000000000000, -1.000000000000000000, 0.000000000000000000 ) ) ;
#1765 = CARTESIAN_POINT ( 'NONE',  ( 0.8500000000000003109, 0.5999999999999999778, 0.09999999999999970024 ) ) ;
#1766 = VECTOR ( 'NONE', #3422, 1000.000000000000000 ) ;
#1767 = VERTEX_POINT ( 'NONE', #5663 ) ;
#1768 = FILL_AREA_STYLE ('',( #5307 ) ) ;
#1769 = SURFACE_STYLE_USAGE ( .BOTH. , #6447 ) ;
#1770 = PLANE ( 'NONE',  #1395 ) ;
#1771 = PRESENTATION_LAYER_ASSIGNMENT (  '', '', ( #4724 ) ) ;
#1772 = PLANE ( 'NONE',  #1673 ) ;
#1773 = DIRECTION ( 'NONE',  ( -1.000000000000000000, 0.000000000000000000, -2.146934995020800486E-16 ) ) ;
#1774 = MECHANICAL_DESIGN_GEOMETRIC_PRESENTATION_REPRESENTATION (  '', ( #4724 ), #2746 ) ;
#1775 = ORIENTED_EDGE ( 'NONE', *, *, #1327, .F. ) ;
#1776 =( NAMED_UNIT ( * ) PLANE_ANGLE_UNIT ( ) SI_UNIT ( $, .RADIAN. ) );
#1777 = CARTESIAN_POINT ( 'NONE',  ( -1.389999999999999902, 0.000000000000000000, 0.6299999999999998934 ) ) ;
#1778 = SURFACE_SIDE_STYLE ('',( #4985 ) ) ;
#1779 = LINE ( 'NONE', #5819, #979 ) ;
#1780 = ADVANCED_FACE ( 'NONE', ( #3532 ), #6096, .T. ) ;
#1781 = FILL_AREA_STYLE_COLOUR ( '', #6007 ) ;
#1782 = ADVANCED_FACE ( 'NONE', ( #3119 ), #6720, .F. ) ;
#1783 = EDGE_CURVE ( 'NONE', #2193, #4259, #2028, .T. ) ;
#1784 =( GEOMETRIC_REPRESENTATION_CONTEXT ( 3 ) GLOBAL_UNCERTAINTY_ASSIGNED_CONTEXT ( ( #1932 ) ) GLOBAL_UNIT_ASSIGNED_CONTEXT ( ( #6097, #1957, #4612 ) ) REPRESENTATION_CONTEXT ( 'NONE', 'WORKASPACE' ) );
#1785 = EDGE_LOOP ( 'NONE', ( #2537, #3586, #3124, #2893 ) ) ;
#1786 = CARTESIAN_POINT ( 'NONE',  ( -0.8500000000000003109, 0.5999999999999999778, -0.1000000000000000056 ) ) ;
#1787 =( NAMED_UNIT ( * ) SI_UNIT ( $, .STERADIAN. ) SOLID_ANGLE_UNIT ( ) );
#1788 = FACE_OUTER_BOUND ( 'NONE', #1238, .T. ) ;
#1789 = AXIS2_PLACEMENT_3D ( 'NONE', #3453, #6568, #4635 ) ;
#1790 =( NAMED_UNIT ( * ) SI_UNIT ( $, .STERADIAN. ) SOLID_ANGLE_UNIT ( ) );
#1791 = ORIENTED_EDGE ( 'NONE', *, *, #2728, .F. ) ;
#1792 =( NAMED_UNIT ( * ) PLANE_ANGLE_UNIT ( ) SI_UNIT ( $, .RADIAN. ) );
#1793 = STYLED_ITEM ( 'NONE', ( #6384 ), #6457 ) ;
#1794 = SURFACE_SIDE_STYLE ('',( #3878 ) ) ;
#1795 = SURFACE_SIDE_STYLE ('',( #3225 ) ) ;
#1796 = LINE ( 'NONE', #2237, #5397 ) ;
#1797 = ORIENTED_EDGE ( 'NONE', *, *, #363, .F. ) ;
#1798 = SURFACE_STYLE_FILL_AREA ( #5011 ) ;
#1799 = COLOUR_RGB ( '',0.5019607843137254832, 0.5019607843137254832, 0.5019607843137254832 ) ;
#1800 = PLANE ( 'NONE',  #5376 ) ;
#1801 = DIRECTION ( 'NONE',  ( -1.000000000000000000, 0.000000000000000000, -0.000000000000000000 ) ) ;
#1802 = CARTESIAN_POINT ( 'NONE',  ( 1.890000000000000124, 0.2999999999999999889, 2.395000000000000018 ) ) ;
#1803 = LINE ( 'NONE', #386, #5144 ) ;
#1804 = AXIS2_PLACEMENT_3D ( 'NONE', #4592, #1478, #4528 ) ;
#1805 = ORIENTED_EDGE ( 'NONE', *, *, #2434, .T. ) ;
#1806 = FACE_OUTER_BOUND ( 'NONE', #1499, .T. ) ;
#1807 = CARTESIAN_POINT ( 'NONE',  ( -0.1000000000000005052, 0.7599999999999998979, -0.8500000000000000888 ) ) ;
#1808 = UNCERTAINTY_MEASURE_WITH_UNIT (LENGTH_MEASURE( 1.000000000000000082E-05 ), #2093, 'distance_accuracy_value', 'NONE');
#1809 = ORIENTED_EDGE ( 'NONE', *, *, #4388, .F. ) ;
#1810 = FILL_AREA_STYLE ('',( #4360 ) ) ;
#1811 = ADVANCED_FACE ( 'NONE', ( #5299 ), #1657, .T. ) ;
#1812 = EDGE_CURVE ( 'NONE', #2725, #4576, #4004, .T. ) ;
#1813 =( GEOMETRIC_REPRESENTATION_CONTEXT ( 3 ) GLOBAL_UNCERTAINTY_ASSIGNED_CONTEXT ( ( #1940 ) ) GLOBAL_UNIT_ASSIGNED_CONTEXT ( ( #3711, #1549, #5761 ) ) REPRESENTATION_CONTEXT ( 'NONE', 'WORKASPACE' ) );
#1814 = CARTESIAN_POINT ( 'NONE',  ( 2.500000000000000000, 0.5999999999999999778, -2.500000000000000444 ) ) ;
#1815 = AXIS2_PLACEMENT_3D ( 'NONE', #5681, #1473, #6588 ) ;
#1816 = SURFACE_STYLE_USAGE ( .BOTH. , #4366 ) ;
#1817 = STYLED_ITEM ( 'NONE', ( #4033 ), #462 ) ;
#1818 = ORIENTED_EDGE ( 'NONE', *, *, #3952, .T. ) ;
#1819 = SURFACE_STYLE_FILL_AREA ( #6533 ) ;
#1820 = CARTESIAN_POINT ( 'NONE',  ( -2.390000000000038760, 0.2999999999999999889, -2.395000000000000462 ) ) ;
#1821 = LINE ( 'NONE', #3914, #996 ) ;
#1822 = PRESENTATION_STYLE_ASSIGNMENT (( #5933 ) ) ;
#1823 = EDGE_CURVE ( 'NONE', #3555, #5822, #4643, .T. ) ;
#1824 = FILL_AREA_STYLE ('',( #5402 ) ) ;
#1825 =( LENGTH_UNIT ( ) NAMED_UNIT ( * ) SI_UNIT ( .MILLI., .METRE. ) );
#1826 = FACE_OUTER_BOUND ( 'NONE', #2407, .T. ) ;
#1827 = COLOUR_RGB ( '',0.5019607843137254832, 0.5019607843137254832, 0.5019607843137254832 ) ;
#1828 = ORIENTED_EDGE ( 'NONE', *, *, #5998, .T. ) ;
#1829 = DIRECTION ( 'NONE',  ( 0.000000000000000000, 1.355252715606876993E-15, 1.000000000000000000 ) ) ;
#1830 = DIRECTION ( 'NONE',  ( -0.000000000000000000, -1.000000000000000000, -0.000000000000000000 ) ) ;
#1831 = LINE ( 'NONE', #5080, #6576 ) ;
#1832 = MECHANICAL_DESIGN_GEOMETRIC_PRESENTATION_REPRESENTATION (  '', ( #4244 ), #5348 ) ;
#1833 = DIRECTION ( 'NONE',  ( 0.000000000000000000, -1.000000000000000000, 0.000000000000000000 ) ) ;
#1834 = VERTEX_POINT ( 'NONE', #4189 ) ;
#1835 = SURFACE_SIDE_STYLE ('',( #6424 ) ) ;
#1836 = CARTESIAN_POINT ( 'NONE',  ( 2.390000000000013003, 0.2999999999999999889, 1.135000000000000009 ) ) ;
#1837 = VECTOR ( 'NONE', #5634, 1000.000000000000000 ) ;
#1838 = COLOUR_RGB ( '',1.000000000000000000, 0.1686274509803921684, 0.1686274509803921684 ) ;
#1839 =( LENGTH_UNIT ( ) NAMED_UNIT ( * ) SI_UNIT ( .MILLI., .METRE. ) );
#1840 = SURFACE_STYLE_USAGE ( .BOTH. , #6050 ) ;
#1841 = FILL_AREA_STYLE ('',( #5097 ) ) ;
#1842 = VECTOR ( 'NONE', #2660, 1000.000000000000000 ) ;
#1843 = CARTESIAN_POINT ( 'NONE',  ( -2.500000000000000888, 0.5999999999999999778, -2.500000000000000444 ) ) ;
#1844 = MECHANICAL_DESIGN_GEOMETRIC_PRESENTATION_REPRESENTATION (  '', ( #1631 ), #4907 ) ;
#1845 =( NAMED_UNIT ( * ) PLANE_ANGLE_UNIT ( ) SI_UNIT ( $, .RADIAN. ) );
#1846 = EDGE_CURVE ( 'NONE', #3231, #1720, #6262, .T. ) ;
#1847 = STYLED_ITEM ( 'NONE', ( #4429 ), #3140 ) ;
#1848 = ORIENTED_EDGE ( 'NONE', *, *, #6494, .T. ) ;
#1849 = DIRECTION ( 'NONE',  ( 0.000000000000000000, 0.000000000000000000, 1.000000000000000000 ) ) ;
#1850 = LINE ( 'NONE', #2915, #2955 ) ;
#1851 = FILL_AREA_STYLE ('',( #4565 ) ) ;
#1852 = VECTOR ( 'NONE', #4918, 1000.000000000000000 ) ;
#1853 = PRESENTATION_LAYER_ASSIGNMENT (  '', '', ( #3600 ) ) ;
#1854 = EDGE_CURVE ( 'NONE', #837, #207, #4744, .T. ) ;
#1855 = EDGE_CURVE ( 'NONE', #4637, #3125, #4228, .T. ) ;
#1856 = ADVANCED_FACE ( 'NONE', ( #5935 ), #5865, .F. ) ;
#1857 = COLOUR_RGB ( '',0.9686274509803921573, 0.8784313725490195957, 0.5999999999999999778 ) ;
#1858 = EDGE_LOOP ( 'NONE', ( #4469, #5370, #589, #4682 ) ) ;
#1859 = DIRECTION ( 'NONE',  ( -0.000000000000000000, -1.000000000000000000, -0.000000000000000000 ) ) ;
#1860 = PRESENTATION_STYLE_ASSIGNMENT (( #2432 ) ) ;
#1861 = SURFACE_STYLE_USAGE ( .BOTH. , #1235 ) ;
#1862 =( GEOMETRIC_REPRESENTATION_CONTEXT ( 3 ) GLOBAL_UNCERTAINTY_ASSIGNED_CONTEXT ( ( #4881 ) ) GLOBAL_UNIT_ASSIGNED_CONTEXT ( ( #1514, #3074, #5183 ) ) REPRESENTATION_CONTEXT ( 'NONE', 'WORKASPACE' ) );
#1863 = LINE ( 'NONE', #3961, #684 ) ;
#1864 = LINE ( 'NONE', #5614, #2257 ) ;
#1865 = ORIENTED_EDGE ( 'NONE', *, *, #6751, .T. ) ;
#1866 = STYLED_ITEM ( 'NONE', ( #2997 ), #5794 ) ;
#1867 = FILL_AREA_STYLE ('',( #4093 ) ) ;
#1868 = FILL_AREA_STYLE ('',( #772 ) ) ;
#1869 = SURFACE_SIDE_STYLE ('',( #2384 ) ) ;
#1870 = VECTOR ( 'NONE', #6175, 1000.000000000000000 ) ;
#1871 = UNCERTAINTY_MEASURE_WITH_UNIT (LENGTH_MEASURE( 1.000000000000000082E-05 ), #4239, 'distance_accuracy_value', 'NONE');
#1872 = PRESENTATION_LAYER_ASSIGNMENT (  '', '', ( #2210 ) ) ;
#1873 = LINE ( 'NONE', #3027, #1385 ) ;
#1874 = VECTOR ( 'NONE', #4971, 1000.000000000000000 ) ;
#1875 = SURFACE_STYLE_FILL_AREA ( #4992 ) ;
#1876 = SURFACE_STYLE_USAGE ( .BOTH. , #2870 ) ;
#1877 = DIRECTION ( 'NONE',  ( -0.000000000000000000, 0.000000000000000000, 1.000000000000000000 ) ) ;
#1878 = FILL_AREA_STYLE ('',( #6561 ) ) ;
#1879 = VECTOR ( 'NONE', #6610, 1000.000000000000000 ) ;
#1880 = UNCERTAINTY_MEASURE_WITH_UNIT (LENGTH_MEASURE( 1.000000000000000082E-05 ), #851, 'distance_accuracy_value', 'NONE');
#1881 = CARTESIAN_POINT ( 'NONE',  ( 0.1000000000000005052, 0.5999999999999999778, 0.8500000000000000888 ) ) ;
#1882 = ORIENTED_EDGE ( 'NONE', *, *, #2011, .T. ) ;
#1883 = FILL_AREA_STYLE ('',( #5548 ) ) ;
#1884 = DIRECTION ( 'NONE',  ( -1.000000000000000000, -0.000000000000000000, 3.614007241618348771E-16 ) ) ;
#1885 =( NAMED_UNIT ( * ) PLANE_ANGLE_UNIT ( ) SI_UNIT ( $, .RADIAN. ) );
#1886 = PRESENTATION_STYLE_ASSIGNMENT (( #5070 ) ) ;
#1887 = ORIENTED_EDGE ( 'NONE', *, *, #635, .T. ) ;
#1888 = ORIENTED_EDGE ( 'NONE', *, *, #2937, .T. ) ;
#1889 = CARTESIAN_POINT ( 'NONE',  ( -1.389999999999999902, 0.000000000000000000, -0.6300000000000000044 ) ) ;
#1890 = FILL_AREA_STYLE_COLOUR ( '', #4399 ) ;
#1891 =( NAMED_UNIT ( * ) SI_UNIT ( $, .STERADIAN. ) SOLID_ANGLE_UNIT ( ) );
#1892 = EDGE_CURVE ( 'NONE', #4561, #5460, #5364, .T. ) ;
#1893 = FILL_AREA_STYLE_COLOUR ( '', #5372 ) ;
#1894 = VERTEX_POINT ( 'NONE', #3916 ) ;
#1895 = CARTESIAN_POINT ( 'NONE',  ( -0.8500000000000003109, 0.7599999999999998979, -0.1000000000000000056 ) ) ;
#1896 =( LENGTH_UNIT ( ) NAMED_UNIT ( * ) SI_UNIT ( .MILLI., .METRE. ) );
#1897 = DIRECTION ( 'NONE',  ( 2.146934995020800486E-16, 0.000000000000000000, -1.000000000000000000 ) ) ;
#1898 = STYLED_ITEM ( 'NONE', ( #2461 ), #117 ) ;
#1899 = COLOUR_RGB ( '',0.03921568627450980338, 0.4901960784313725283, 0.7098039215686274828 ) ;
#1900 = VECTOR ( 'NONE', #3669, 1000.000000000000000 ) ;
#1901 = SURFACE_STYLE_FILL_AREA ( #6589 ) ;
#1902 = CARTESIAN_POINT ( 'NONE',  ( 1.890000000000026548, 0.000000000000000000, -1.135000000000000231 ) ) ;
#1903 = LINE ( 'NONE', #6020, #6201 ) ;
#1904 =( NAMED_UNIT ( * ) SI_UNIT ( $, .STERADIAN. ) SOLID_ANGLE_UNIT ( ) );
#1905 = ORIENTED_EDGE ( 'NONE', *, *, #2979, .F. ) ;
#1906 = ORIENTED_EDGE ( 'NONE', *, *, #758, .F. ) ;
#1907 = PRESENTATION_STYLE_ASSIGNMENT (( #6597 ) ) ;
#1908 = CARTESIAN_POINT ( 'NONE',  ( -0.8500000000000003109, 0.7599999999999998979, -0.1000000000000000056 ) ) ;
#1909 = FACE_OUTER_BOUND ( 'NONE', #6278, .T. ) ;
#1910 = MECHANICAL_DESIGN_GEOMETRIC_PRESENTATION_REPRESENTATION (  '', ( #3242 ), #5093 ) ;
#1911 = CARTESIAN_POINT ( 'NONE',  ( -1.890000000000026326, 0.2999999999999999889, -0.1250000000000009714 ) ) ;
#1912 = PLANE ( 'NONE',  #4130 ) ;
#1913 = ORIENTED_EDGE ( 'NONE', *, *, #3482, .F. ) ;
#1914 = VECTOR ( 'NONE', #1319, 1000.000000000000000 ) ;
#1915 = VERTEX_POINT ( 'NONE', #4849 ) ;
#1916 = PLANE ( 'NONE',  #5740 ) ;
#1917 = SURFACE_SIDE_STYLE ('',( #347 ) ) ;
#1918 = SURFACE_STYLE_USAGE ( .BOTH. , #6546 ) ;
#1919 = DIRECTION ( 'NONE',  ( 1.000000000000000000, 0.000000000000000000, -1.445602896647340396E-16 ) ) ;
#1920 = CARTESIAN_POINT ( 'NONE',  ( 1.389999999999998570, 0.2999999999999999889, 2.389999999999999680 ) ) ;
#1921 = FACE_OUTER_BOUND ( 'NONE', #2399, .T. ) ;
#1922 = VECTOR ( 'NONE', #580, 1000.000000000000000 ) ;
#1923 = SURFACE_STYLE_USAGE ( .BOTH. , #350 ) ;
#1924 = EDGE_CURVE ( 'NONE', #1315, #5086, #175, .T. ) ;
#1925 = EDGE_CURVE ( 'NONE', #3457, #5950, #1163, .T. ) ;
#1926 = VERTEX_POINT ( 'NONE', #3226 ) ;
#1927 = EDGE_CURVE ( 'NONE', #42, #3977, #753, .T. ) ;
#1928 = ORIENTED_EDGE ( 'NONE', *, *, #2275, .T. ) ;
#1929 = LINE ( 'NONE', #5089, #1275 ) ;
#1930 =( NAMED_UNIT ( * ) SI_UNIT ( $, .STERADIAN. ) SOLID_ANGLE_UNIT ( ) );
#1931 = COLOUR_RGB ( '',0.7921568627450980005, 0.8196078431372548767, 0.9333333333333333481 ) ;
#1932 = UNCERTAINTY_MEASURE_WITH_UNIT (LENGTH_MEASURE( 1.000000000000000082E-05 ), #6097, 'distance_accuracy_value', 'NONE');
#1933 = EDGE_CURVE ( 'NONE', #4092, #3457, #6405, .T. ) ;
#1934 = EDGE_CURVE ( 'NONE', #4529, #597, #4934, .T. ) ;
#1935 = MECHANICAL_DESIGN_GEOMETRIC_PRESENTATION_REPRESENTATION (  '', ( #3252 ), #4572 ) ;
#1936 = ADVANCED_FACE ( 'NONE', ( #4444 ), #3299, .F. ) ;
#1937 = CARTESIAN_POINT ( 'NONE',  ( 2.390000000000000124, 0.2999999999999999889, 2.395000000000000018 ) ) ;
#1938 = DIRECTION ( 'NONE',  ( 0.000000000000000000, 0.000000000000000000, -1.000000000000000000 ) ) ;
#1939 = DIRECTION ( 'NONE',  ( -2.146934995020799746E-16, -0.000000000000000000, 1.000000000000000000 ) ) ;
#1940 = UNCERTAINTY_MEASURE_WITH_UNIT (LENGTH_MEASURE( 1.000000000000000082E-05 ), #3711, 'distance_accuracy_value', 'NONE');
#1941 = LINE ( 'NONE', #4040, #1375 ) ;
#1942 = EDGE_LOOP ( 'NONE', ( #2094, #5792, #1905, #126 ) ) ;
#1943 = EDGE_LOOP ( 'NONE', ( #5776, #4577, #1555, #3594 ) ) ;
#1944 = SURFACE_SIDE_STYLE ('',( #3419 ) ) ;
#1945 = VECTOR ( 'NONE', #657, 1000.000000000000000 ) ;
#1946 = FACE_OUTER_BOUND ( 'NONE', #1155, .T. ) ;
#1947 = PRESENTATION_STYLE_ASSIGNMENT (( #5108 ) ) ;
#1948 = FILL_AREA_STYLE_COLOUR ( '', #2266 ) ;
#1949 = DIRECTION ( 'NONE',  ( -0.000000000000000000, -1.000000000000000000, -0.000000000000000000 ) ) ;
#1950 = DIRECTION ( 'NONE',  ( 1.000000000000000000, 0.000000000000000000, 0.000000000000000000 ) ) ;
#1951 =( GEOMETRIC_REPRESENTATION_CONTEXT ( 3 ) GLOBAL_UNCERTAINTY_ASSIGNED_CONTEXT ( ( #2689 ) ) GLOBAL_UNIT_ASSIGNED_CONTEXT ( ( #4352, #4488, #2759 ) ) REPRESENTATION_CONTEXT ( 'NONE', 'WORKASPACE' ) );
#1952 = ORIENTED_EDGE ( 'NONE', *, *, #1892, .F. ) ;
#1953 = ORIENTED_EDGE ( 'NONE', *, *, #4462, .F. ) ;
#1954 = DIRECTION ( 'NONE',  ( -0.000000000000000000, 1.000000000000000000, 0.000000000000000000 ) ) ;
#1955 = SURFACE_STYLE_FILL_AREA ( #1331 ) ;
#1956 =( NAMED_UNIT ( * ) SI_UNIT ( $, .STERADIAN. ) SOLID_ANGLE_UNIT ( ) );
#1957 =( NAMED_UNIT ( * ) PLANE_ANGLE_UNIT ( ) SI_UNIT ( $, .RADIAN. ) );
#1958 = LINE ( 'NONE', #2465, #1237 ) ;
#1959 = DIRECTION ( 'NONE',  ( 0.000000000000000000, -0.000000000000000000, 1.000000000000000000 ) ) ;
#1960 =( GEOMETRIC_REPRESENTATION_CONTEXT ( 3 ) GLOBAL_UNCERTAINTY_ASSIGNED_CONTEXT ( ( #3309 ) ) GLOBAL_UNIT_ASSIGNED_CONTEXT ( ( #5592, #2502, #1425 ) ) REPRESENTATION_CONTEXT ( 'NONE', 'WORKASPACE' ) );
#1961 =( GEOMETRIC_REPRESENTATION_CONTEXT ( 3 ) GLOBAL_UNCERTAINTY_ASSIGNED_CONTEXT ( ( #1154 ) ) GLOBAL_UNIT_ASSIGNED_CONTEXT ( ( #2610, #6264, #6686 ) ) REPRESENTATION_CONTEXT ( 'NONE', 'WORKASPACE' ) );
#1962 = ORIENTED_EDGE ( 'NONE', *, *, #5308, .T. ) ;
#1963 = ORIENTED_EDGE ( 'NONE', *, *, #6155, .T. ) ;
#1964 = ORIENTED_EDGE ( 'NONE', *, *, #6327, .T. ) ;
#1965 = CARTESIAN_POINT ( 'NONE',  ( 2.390000000000026770, 0.000000000000000000, -1.135000000000000231 ) ) ;
#1966 = STYLED_ITEM ( 'NONE', ( #3427 ), #5253 ) ;
#1967 = DIRECTION ( 'NONE',  ( 0.000000000000000000, -0.000000000000000000, 1.000000000000000000 ) ) ;
#1968 = CARTESIAN_POINT ( 'NONE',  ( -0.8500000000000003109, 0.7599999999999998979, -0.1000000000000000056 ) ) ;
#1969 = FACE_OUTER_BOUND ( 'NONE', #5747, .T. ) ;
#1970 = VECTOR ( 'NONE', #3589, 1000.000000000000000 ) ;
#1971 = PLANE ( 'NONE',  #1815 ) ;
#1972 = ADVANCED_FACE ( 'NONE', ( #2456 ), #6126, .T. ) ;
#1973 = ADVANCED_FACE ( 'NONE', ( #6567 ), #3975, .F. ) ;
#1974 =( NAMED_UNIT ( * ) SI_UNIT ( $, .STERADIAN. ) SOLID_ANGLE_UNIT ( ) );
#1975 = PRESENTATION_LAYER_ASSIGNMENT (  '', '', ( #2314 ) ) ;
#1976 = DIRECTION ( 'NONE',  ( -2.349104707051926109E-16, 0.000000000000000000, -1.000000000000000000 ) ) ;
#1977 = EDGE_CURVE ( 'NONE', #4547, #5267, #4970, .T. ) ;
#1978 = COLOUR_RGB ( '',0.5019607843137254832, 0.5019607843137254832, 0.5019607843137254832 ) ;
#1979 = FACE_OUTER_BOUND ( 'NONE', #3634, .T. ) ;
#1980 = VERTEX_POINT ( 'NONE', #5585 ) ;
#1981 = STYLED_ITEM ( 'NONE', ( #2029 ), #5999 ) ;
#1982 = ORIENTED_EDGE ( 'NONE', *, *, #3154, .T. ) ;
#1983 = SURFACE_STYLE_FILL_AREA ( #4596 ) ;
#1984 = CARTESIAN_POINT ( 'NONE',  ( 1.890000000000000124, 0.2999999999999999889, 2.395000000000000018 ) ) ;
#1985 = LINE ( 'NONE', #569, #4585 ) ;
#1986 = FACE_OUTER_BOUND ( 'NONE', #4520, .T. ) ;
#1987 = FACE_OUTER_BOUND ( 'NONE', #3559, .T. ) ;
#1988 = VERTEX_POINT ( 'NONE', #922 ) ;
#1989 = ORIENTED_EDGE ( 'NONE', *, *, #6070, .T. ) ;
#1990 = SURFACE_STYLE_USAGE ( .BOTH. , #509 ) ;
#1991 = CARTESIAN_POINT ( 'NONE',  ( -1.890000000000001013, 0.000000000000000000, 2.394999999999999574 ) ) ;
#1992 = FILL_AREA_STYLE ('',( #4610 ) ) ;
#1993 = PRESENTATION_STYLE_ASSIGNMENT (( #446 ) ) ;
#1994 = FACE_OUTER_BOUND ( 'NONE', #5252, .T. ) ;
#1995 = FILL_AREA_STYLE ('',( #5193 ) ) ;
#1996 = VERTEX_POINT ( 'NONE', #2947 ) ;
#1997 = EDGE_LOOP ( 'NONE', ( #1224, #6180, #2700, #1387 ) ) ;
#1998 = EDGE_LOOP ( 'NONE', ( #6343, #390, #1646, #352 ) ) ;
#1999 = DIRECTION ( 'NONE',  ( -0.7071067811865474617, -0.000000000000000000, -0.7071067811865475727 ) ) ;
#2000 = DIRECTION ( 'NONE',  ( -1.000000000000000000, 0.000000000000000000, 0.000000000000000000 ) ) ;
#2001 = STYLED_ITEM ( 'NONE', ( #1219 ), #6413 ) ;
#2002 =( NAMED_UNIT ( * ) SI_UNIT ( $, .STERADIAN. ) SOLID_ANGLE_UNIT ( ) );
#2003 = FILL_AREA_STYLE ('',( #3504 ) ) ;
#2004 = SURFACE_STYLE_USAGE ( .BOTH. , #5274 ) ;
#2005 = PLANE ( 'NONE',  #2036 ) ;
#2006 = SURFACE_STYLE_USAGE ( .BOTH. , #6697 ) ;
#2007 = PRESENTATION_LAYER_ASSIGNMENT (  '', '', ( #4962 ) ) ;
#2008 = CARTESIAN_POINT ( 'NONE',  ( 2.390000000000000124, 0.2999999999999999889, 1.385000000000000009 ) ) ;
#2009 =( LENGTH_UNIT ( ) NAMED_UNIT ( * ) SI_UNIT ( .MILLI., .METRE. ) );
#2010 = UNCERTAINTY_MEASURE_WITH_UNIT (LENGTH_MEASURE( 1.000000000000000082E-05 ), #5914, 'distance_accuracy_value', 'NONE');
#2011 = EDGE_CURVE ( 'NONE', #3397, #2178, #1384, .T. ) ;
#2012 = CLOSED_SHELL ( 'NONE', ( #6283, #1741, #5714, #1086, #5311, #3478 ) ) ;
#2013 = ADVANCED_FACE ( 'NONE', ( #5040 ), #6634, .T. ) ;
#2014 = PRESENTATION_LAYER_ASSIGNMENT (  '', '', ( #6177 ) ) ;
#2015 = ORIENTED_EDGE ( 'NONE', *, *, #2278, .F. ) ;
#2016 = EDGE_CURVE ( 'NONE', #4172, #6334, #6255, .T. ) ;
#2017 =( LENGTH_UNIT ( ) NAMED_UNIT ( * ) SI_UNIT ( .MILLI., .METRE. ) );
#2018 = CARTESIAN_POINT ( 'NONE',  ( -1.890000000000038982, 0.2999999999999999889, -2.395000000000000462 ) ) ;
#2019 = CARTESIAN_POINT ( 'NONE',  ( -2.390000000000013003, 0.2999999999999999889, 0.1249999999999990286 ) ) ;
#2020 = EDGE_LOOP ( 'NONE', ( #6704, #3828, #300, #3487 ) ) ;
#2021 = ORIENTED_EDGE ( 'NONE', *, *, #4465, .F. ) ;
#2022 = ADVANCED_FACE ( 'NONE', ( #4771 ), #5726, .F. ) ;
#2023 = DIRECTION ( 'NONE',  ( -1.000000000000000000, 0.000000000000000000, 0.000000000000000000 ) ) ;
#2024 = VECTOR ( 'NONE', #2520, 1000.000000000000000 ) ;
#2025 =( NAMED_UNIT ( * ) PLANE_ANGLE_UNIT ( ) SI_UNIT ( $, .RADIAN. ) );
#2026 = LINE ( 'NONE', #4116, #6512 ) ;
#2027 = CARTESIAN_POINT ( 'NONE',  ( -0.8500000000000003109, 0.7599999999999998979, -0.1000000000000000056 ) ) ;
#2028 = LINE ( 'NONE', #5158, #6410 ) ;
#2029 = PRESENTATION_STYLE_ASSIGNMENT (( #4571 ) ) ;
#2030 =( GEOMETRIC_REPRESENTATION_CONTEXT ( 3 ) GLOBAL_UNCERTAINTY_ASSIGNED_CONTEXT ( ( #6119 ) ) GLOBAL_UNIT_ASSIGNED_CONTEXT ( ( #535, #568, #5648 ) ) REPRESENTATION_CONTEXT ( 'NONE', 'WORKASPACE' ) );
#2031 = SURFACE_SIDE_STYLE ('',( #5160 ) ) ;
#2032 = VECTOR ( 'NONE', #4062, 1000.000000000000000 ) ;
#2033 = FILL_AREA_STYLE_COLOUR ( '', #1899 ) ;
#2034 = ORIENTED_EDGE ( 'NONE', *, *, #4461, .F. ) ;
#2035 = VERTEX_POINT ( 'NONE', #4217 ) ;
#2036 = AXIS2_PLACEMENT_3D ( 'NONE', #1492, #3047, #5156 ) ;
#2037 = ORIENTED_EDGE ( 'NONE', *, *, #797, .T. ) ;
#2038 =( NAMED_UNIT ( * ) SI_UNIT ( $, .STERADIAN. ) SOLID_ANGLE_UNIT ( ) );
#2039 = FILL_AREA_STYLE ('',( #4456 ) ) ;
#2040 = AXIS2_PLACEMENT_3D ( 'NONE', #2376, #6173, #1494 ) ;
#2041 = PLANE ( 'NONE',  #6549 ) ;
#2042 = AXIS2_PLACEMENT_3D ( 'NONE', #341, #3491, #3006 ) ;
#2043 = VECTOR ( 'NONE', #4506, 1000.000000000000000 ) ;
#2044 = DIRECTION ( 'NONE',  ( 0.000000000000000000, 0.000000000000000000, -1.000000000000000000 ) ) ;
#2045 = SURFACE_STYLE_FILL_AREA ( #4278 ) ;
#2046 = PLANE ( 'NONE',  #2089 ) ;
#2047 = PLANE ( 'NONE',  #5446 ) ;
#2048 =( LENGTH_UNIT ( ) NAMED_UNIT ( * ) SI_UNIT ( .MILLI., .METRE. ) );
#2049 =( GEOMETRIC_REPRESENTATION_CONTEXT ( 3 ) GLOBAL_UNCERTAINTY_ASSIGNED_CONTEXT ( ( #1278 ) ) GLOBAL_UNIT_ASSIGNED_CONTEXT ( ( #2938, #3414, #2906 ) ) REPRESENTATION_CONTEXT ( 'NONE', 'WORKASPACE' ) );
#2050 = PRESENTATION_LAYER_ASSIGNMENT (  '', '', ( #6427 ) ) ;
#2051 = ORIENTED_EDGE ( 'NONE', *, *, #4993, .F. ) ;
#2052 = DIRECTION ( 'NONE',  ( 0.000000000000000000, -1.000000000000000000, 0.000000000000000000 ) ) ;
#2053 =( NAMED_UNIT ( * ) PLANE_ANGLE_UNIT ( ) SI_UNIT ( $, .RADIAN. ) );
#2054 = STYLED_ITEM ( 'NONE', ( #6127 ), #2692 ) ;
#2055 = CARTESIAN_POINT ( 'NONE',  ( -2.390000000000038760, 0.2999999999999999889, -1.385000000000001341 ) ) ;
#2056 = ORIENTED_EDGE ( 'NONE', *, *, #2319, .F. ) ;
#2057 = EDGE_CURVE ( 'NONE', #694, #5531, #6229, .T. ) ;
#2058 = FILL_AREA_STYLE_COLOUR ( '', #6616 ) ;
#2059 = COLOUR_RGB ( '',1.000000000000000000, 0.1686274509803921684, 0.1686274509803921684 ) ;
#2060 = ORIENTED_EDGE ( 'NONE', *, *, #3657, .T. ) ;
#2061 = DIRECTION ( 'NONE',  ( 1.000000000000000000, 0.000000000000000000, 0.000000000000000000 ) ) ;
#2062 = FILL_AREA_STYLE ('',( #1058 ) ) ;
#2063 =( LENGTH_UNIT ( ) NAMED_UNIT ( * ) SI_UNIT ( .MILLI., .METRE. ) );
#2064 = DIRECTION ( 'NONE',  ( 0.000000000000000000, 0.000000000000000000, -1.000000000000000000 ) ) ;
#2065 = EDGE_CURVE ( 'NONE', #1504, #835, #4108, .T. ) ;
#2066 =( LENGTH_UNIT ( ) NAMED_UNIT ( * ) SI_UNIT ( .MILLI., .METRE. ) );
#2067 = VECTOR ( 'NONE', #4615, 1000.000000000000000 ) ;
#2068 = ADVANCED_FACE ( 'NONE', ( #6290 ), #1573, .T. ) ;
#2069 = CARTESIAN_POINT ( 'NONE',  ( -0.1000000000000005052, 0.7599999999999998979, -0.8500000000000000888 ) ) ;
#2070 = EDGE_CURVE ( 'NONE', #2613, #5807, #3075, .T. ) ;
#2071 = CARTESIAN_POINT ( 'NONE',  ( -1.890000000000039204, 0.000000000000000000, -1.385000000000001341 ) ) ;
#2072 = PRESENTATION_LAYER_ASSIGNMENT (  '', '', ( #1631 ) ) ;
#2073 = ORIENTED_EDGE ( 'NONE', *, *, #4430, .F. ) ;
#2074 = ORIENTED_EDGE ( 'NONE', *, *, #5422, .F. ) ;
#2075 = ORIENTED_EDGE ( 'NONE', *, *, #1977, .T. ) ;
#2076 = SURFACE_SIDE_STYLE ('',( #4683 ) ) ;
#2077 = CARTESIAN_POINT ( 'NONE',  ( -1.890000000000039204, 0.000000000000000000, -1.385000000000001341 ) ) ;
#2078 = CARTESIAN_POINT ( 'NONE',  ( -0.1000000000000002970, 0.7599999999999998979, 0.1000000000000000333 ) ) ;
#2079 = PRESENTATION_LAYER_ASSIGNMENT (  '', '', ( #4591 ) ) ;
#2080 =( LENGTH_UNIT ( ) NAMED_UNIT ( * ) SI_UNIT ( .MILLI., .METRE. ) );
#2081 =( GEOMETRIC_REPRESENTATION_CONTEXT ( 3 ) GLOBAL_UNCERTAINTY_ASSIGNED_CONTEXT ( ( #530 ) ) GLOBAL_UNIT_ASSIGNED_CONTEXT ( ( #728, #1630, #595 ) ) REPRESENTATION_CONTEXT ( 'NONE', 'WORKASPACE' ) );
#2082 = ORIENTED_EDGE ( 'NONE', *, *, #6380, .T. ) ;
#2083 = MECHANICAL_DESIGN_GEOMETRIC_PRESENTATION_REPRESENTATION (  '', ( #4717 ), #1960 ) ;
#2084 = CARTESIAN_POINT ( 'NONE',  ( 2.390000000000039648, 0.2999999999999999889, -1.385000000000000453 ) ) ;
#2085 = SURFACE_SIDE_STYLE ('',( #6738 ) ) ;
#2086 = AXIS2_PLACEMENT_3D ( 'NONE', #202, #2207, #5934 ) ;
#2087 = UNCERTAINTY_MEASURE_WITH_UNIT (LENGTH_MEASURE( 1.000000000000000082E-05 ), #2248, 'distance_accuracy_value', 'NONE');
#2088 = VERTEX_POINT ( 'NONE', #1541 ) ;
#2089 = AXIS2_PLACEMENT_3D ( 'NONE', #4133, #6222, #3692 ) ;
#2090 = DIRECTION ( 'NONE',  ( 1.000000000000000000, -0.000000000000000000, -0.000000000000000000 ) ) ;
#2091 = DIRECTION ( 'NONE',  ( -1.445602896647339163E-16, -0.000000000000000000, -1.000000000000000000 ) ) ;
#2092 = DIRECTION ( 'NONE',  ( -1.000000000000000000, -0.000000000000000000, -0.000000000000000000 ) ) ;
#2093 =( LENGTH_UNIT ( ) NAMED_UNIT ( * ) SI_UNIT ( .MILLI., .METRE. ) );
#2094 = ORIENTED_EDGE ( 'NONE', *, *, #1927, .T. ) ;
#2095 = MANIFOLD_SOLID_BREP ( 'Boss-Extrude2[5]', #2345 ) ;
#2096 = VECTOR ( 'NONE', #3533, 1000.000000000000000 ) ;
#2097 = FILL_AREA_STYLE_COLOUR ( '', #6497 ) ;
#2098 = MECHANICAL_DESIGN_GEOMETRIC_PRESENTATION_REPRESENTATION (  '', ( #2210 ), #5052 ) ;
#2099 = ORIENTED_EDGE ( 'NONE', *, *, #2729, .F. ) ;
#2100 = CARTESIAN_POINT ( 'NONE',  ( -1.890000000000026326, 0.2999999999999999889, -0.1250000000000009714 ) ) ;
#2101 = PLANE ( 'NONE',  #3678 ) ;
#2102 = PRESENTATION_STYLE_ASSIGNMENT (( #3674 ) ) ;
#2103 = DIRECTION ( 'NONE',  ( 1.000000000000000000, -0.000000000000000000, -0.000000000000000000 ) ) ;
#2104 = CARTESIAN_POINT ( 'NONE',  ( -1.890000000000026104, 0.000000000000000000, -1.135000000000001119 ) ) ;
#2105 = PLANE ( 'NONE',  #3274 ) ;
#2106 =( GEOMETRIC_REPRESENTATION_CONTEXT ( 3 ) GLOBAL_UNCERTAINTY_ASSIGNED_CONTEXT ( ( #1598 ) ) GLOBAL_UNIT_ASSIGNED_CONTEXT ( ( #5971, #726, #2923 ) ) REPRESENTATION_CONTEXT ( 'NONE', 'WORKASPACE' ) );
#2107 = VERTEX_POINT ( 'NONE', #4924 ) ;
#2108 = EDGE_CURVE ( 'NONE', #4831, #1091, #3665, .T. ) ;
#2109 = ORIENTED_EDGE ( 'NONE', *, *, #544, .T. ) ;
#2110 = EDGE_CURVE ( 'NONE', #6614, #4852, #2162, .T. ) ;
#2111 = EDGE_LOOP ( 'NONE', ( #2562, #801, #1040, #3318 ) ) ;
#2112 = FILL_AREA_STYLE_COLOUR ( '', #5626 ) ;
#2113 = EDGE_CURVE ( 'NONE', #3231, #4387, #742, .T. ) ;
#2114 = EDGE_CURVE ( 'NONE', #6436, #3877, #6469, .T. ) ;
#2115 =( NAMED_UNIT ( * ) SI_UNIT ( $, .STERADIAN. ) SOLID_ANGLE_UNIT ( ) );
#2116 = PRODUCT_DEFINITION_FORMATION_WITH_SPECIFIED_SOURCE ( 'ANY', '', #1204, .NOT_KNOWN. ) ;
#2117 = SURFACE_STYLE_FILL_AREA ( #2003 ) ;
#2118 = ORIENTED_EDGE ( 'NONE', *, *, #4512, .F. ) ;
#2119 = VECTOR ( 'NONE', #1205, 1000.000000000000000 ) ;
#2120 = LINE ( 'NONE', #525, #6732 ) ;
#2121 = SURFACE_STYLE_FILL_AREA ( #1043 ) ;
#2122 = SURFACE_STYLE_USAGE ( .BOTH. , #6284 ) ;
#2123 = ORIENTED_EDGE ( 'NONE', *, *, #3015, .T. ) ;
#2124 = LINE ( 'NONE', #6160, #2182 ) ;
#2125 = CARTESIAN_POINT ( 'NONE',  ( -1.890000000000026326, 0.2999999999999999889, -0.1250000000000009714 ) ) ;
#2126 = LINE ( 'NONE', #2019, #2488 ) ;
#2127 =( GEOMETRIC_REPRESENTATION_CONTEXT ( 3 ) GLOBAL_UNCERTAINTY_ASSIGNED_CONTEXT ( ( #683 ) ) GLOBAL_UNIT_ASSIGNED_CONTEXT ( ( #4559, #5604, #914 ) ) REPRESENTATION_CONTEXT ( 'NONE', 'WORKASPACE' ) );
#2128 = ORIENTED_EDGE ( 'NONE', *, *, #3991, .T. ) ;
#2129 = MANIFOLD_SOLID_BREP ( 'Boss-Extrude2[3]', #292 ) ;
#2130 = VECTOR ( 'NONE', #1653, 1000.000000000000000 ) ;
#2131 = PLANE ( 'NONE',  #4767 ) ;
#2132 = ORIENTED_EDGE ( 'NONE', *, *, #2194, .F. ) ;
#2133 = DIRECTION ( 'NONE',  ( 1.000000000000000000, -0.000000000000000000, 2.146934995020800486E-16 ) ) ;
#2134 = CARTESIAN_POINT ( 'NONE',  ( -1.890000000000038982, 0.2999999999999999889, -2.395000000000000462 ) ) ;
#2135 = LINE ( 'NONE', #616, #5266 ) ;
#2136 = DIRECTION ( 'NONE',  ( -0.000000000000000000, -1.000000000000000000, -0.000000000000000000 ) ) ;
#2137 = CARTESIAN_POINT ( 'NONE',  ( -0.1000000000000003247, 0.7599999999999998979, -0.1000000000000000056 ) ) ;
#2138 = FILL_AREA_STYLE ('',( #4745 ) ) ;
#2139 = LINE ( 'NONE', #4820, #1749 ) ;
#2140 = EDGE_LOOP ( 'NONE', ( #4508, #6141, #997, #6617 ) ) ;
#2141 = EDGE_LOOP ( 'NONE', ( #4680, #6749, #4194, #3162 ) ) ;
#2142 = MANIFOLD_SOLID_BREP ( 'Cut-Extrude2', #2891 ) ;
#2143 = ORIENTED_EDGE ( 'NONE', *, *, #3910, .F. ) ;
#2144 = DIRECTION ( 'NONE',  ( 1.000000000000000000, 0.000000000000000000, -0.000000000000000000 ) ) ;
#2145 = CARTESIAN_POINT ( 'NONE',  ( -2.390000000000001013, 0.2999999999999999889, 1.384999999999999121 ) ) ;
#2146 = PRESENTATION_LAYER_ASSIGNMENT (  '', '', ( #3784 ) ) ;
#2147 = SURFACE_SIDE_STYLE ('',( #5814 ) ) ;
#2148 = EDGE_CURVE ( 'NONE', #3988, #4861, #5825, .T. ) ;
#2149 = MECHANICAL_DESIGN_GEOMETRIC_PRESENTATION_REPRESENTATION (  '', ( #5096 ), #4555 ) ;
#2150 = VERTEX_POINT ( 'NONE', #6622 ) ;
#2151 = SURFACE_SIDE_STYLE ('',( #3207 ) ) ;
#2152 = FACE_OUTER_BOUND ( 'NONE', #2469, .T. ) ;
#2153 = FACE_OUTER_BOUND ( 'NONE', #5828, .T. ) ;
#2154 = EDGE_CURVE ( 'NONE', #1926, #5126, #4959, .T. ) ;
#2155 = DIRECTION ( 'NONE',  ( 1.000000000000000000, -0.000000000000000000, 2.146934995020799746E-16 ) ) ;
#2156 = EDGE_CURVE ( 'NONE', #3668, #4500, #6559, .T. ) ;
#2157 =( GEOMETRIC_REPRESENTATION_CONTEXT ( 3 ) GLOBAL_UNCERTAINTY_ASSIGNED_CONTEXT ( ( #4838 ) ) GLOBAL_UNIT_ASSIGNED_CONTEXT ( ( #5834, #5763, #4676 ) ) REPRESENTATION_CONTEXT ( 'NONE', 'WORKASPACE' ) );
#2158 = ADVANCED_FACE ( 'NONE', ( #3387 ), #814, .T. ) ;
#2159 = UNCERTAINTY_MEASURE_WITH_UNIT (LENGTH_MEASURE( 1.000000000000000082E-05 ), #2631, 'distance_accuracy_value', 'NONE');
#2160 = ORIENTED_EDGE ( 'NONE', *, *, #6620, .T. ) ;
#2161 =( LENGTH_UNIT ( ) NAMED_UNIT ( * ) SI_UNIT ( .MILLI., .METRE. ) );
#2162 = LINE ( 'NONE', #3324, #4358 ) ;
#2163 = ORIENTED_EDGE ( 'NONE', *, *, #6705, .T. ) ;
#2164 = CARTESIAN_POINT ( 'NONE',  ( 0.1000000000000003247, 0.7599999999999998979, 0.09999999999999997780 ) ) ;
#2165 = ORIENTED_EDGE ( 'NONE', *, *, #5583, .T. ) ;
#2166 = MECHANICAL_DESIGN_GEOMETRIC_PRESENTATION_REPRESENTATION (  '', ( #3813 ), #5239 ) ;
#2167 = LINE ( 'NONE', #4902, #5365 ) ;
#2168 = DIRECTION ( 'NONE',  ( 0.000000000000000000, -1.000000000000000000, 0.000000000000000000 ) ) ;
#2169 = SURFACE_SIDE_STYLE ('',( #2575 ) ) ;
#2170 = FILL_AREA_STYLE_COLOUR ( '', #5439 ) ;
#2171 = SURFACE_STYLE_USAGE ( .BOTH. , #3191 ) ;
#2172 = MECHANICAL_DESIGN_GEOMETRIC_PRESENTATION_REPRESENTATION (  '', ( #4021 ), #663 ) ;
#2173 = CARTESIAN_POINT ( 'NONE',  ( 0.000000000000000000, 0.7600000000000002309, 0.000000000000000000 ) ) ;
#2174 = DIRECTION ( 'NONE',  ( 0.000000000000000000, 1.000000000000000000, -0.000000000000000000 ) ) ;
#2175 = MECHANICAL_DESIGN_GEOMETRIC_PRESENTATION_REPRESENTATION (  '', ( #1210 ), #1627 ) ;
#2176 = ORIENTED_EDGE ( 'NONE', *, *, #5419, .T. ) ;
#2177 = EDGE_LOOP ( 'NONE', ( #186, #6443, #2536, #3326 ) ) ;
#2178 = VERTEX_POINT ( 'NONE', #3941 ) ;
#2179 = FILL_AREA_STYLE ('',( #1624 ) ) ;
#2180 = PRESENTATION_STYLE_ASSIGNMENT (( #1176 ) ) ;
#2181 = VECTOR ( 'NONE', #2626, 1000.000000000000000 ) ;
#2182 = VECTOR ( 'NONE', #3004, 1000.000000000000000 ) ;
#2183 = CARTESIAN_POINT ( 'NONE',  ( -0.8500000000000003109, 0.7599999999999998979, -0.1000000000000000056 ) ) ;
#2184 = PRESENTATION_LAYER_ASSIGNMENT (  '', '', ( #15 ) ) ;
#2185 = AXIS2_PLACEMENT_3D ( 'NONE', #4135, #2155, #6701 ) ;
#2186 = ORIENTED_EDGE ( 'NONE', *, *, #4626, .F. ) ;
#2187 = CARTESIAN_POINT ( 'NONE',  ( -1.890000000000026104, 0.000000000000000000, -1.135000000000001119 ) ) ;
#2188 = PRESENTATION_STYLE_ASSIGNMENT (( #1672 ) ) ;
#2189 = PLANE ( 'NONE',  #6203 ) ;
#2190 = STYLED_ITEM ( 'NONE', ( #4450 ), #3361 ) ;
#2191 =( LENGTH_UNIT ( ) NAMED_UNIT ( * ) SI_UNIT ( .MILLI., .METRE. ) );
#2192 = PRESENTATION_LAYER_ASSIGNMENT (  '', '', ( #3388 ) ) ;
#2193 = VERTEX_POINT ( 'NONE', #2419 ) ;
#2194 = EDGE_CURVE ( 'NONE', #2454, #1554, #1903, .T. ) ;
#2195 =( NAMED_UNIT ( * ) SI_UNIT ( $, .STERADIAN. ) SOLID_ANGLE_UNIT ( ) );
#2196 = ADVANCED_FACE ( 'NONE', ( #3511 ), #3442, .F. ) ;
#2197 = ADVANCED_FACE ( 'NONE', ( #6592 ), #6082, .F. ) ;
#2198 = CARTESIAN_POINT ( 'NONE',  ( -1.890000000000013891, 0.2999999999999999889, 1.134999999999999121 ) ) ;
#2199 = VECTOR ( 'NONE', #3950, 1000.000000000000000 ) ;
#2200 = ORIENTED_EDGE ( 'NONE', *, *, #3981, .F. ) ;
#2201 = SURFACE_STYLE_USAGE ( .BOTH. , #575 ) ;
#2202 = MECHANICAL_DESIGN_GEOMETRIC_PRESENTATION_REPRESENTATION (  '', ( #4510 ), #802 ) ;
#2203 = EDGE_LOOP ( 'NONE', ( #3234, #56, #3197, #1688 ) ) ;
#2204 = LINE ( 'NONE', #3745, #5952 ) ;
#2205 = COLOUR_RGB ( '',0.9686274509803921573, 0.8784313725490195957, 0.5999999999999999778 ) ;
#2206 = CARTESIAN_POINT ( 'NONE',  ( 0.1000000000000003247, 0.5999999999999999778, 0.09999999999999997780 ) ) ;
#2207 = DIRECTION ( 'NONE',  ( -1.000000000000000000, 0.000000000000000000, -0.000000000000000000 ) ) ;
#2208 = FILL_AREA_STYLE ('',( #2846 ) ) ;
#2209 = DIRECTION ( 'NONE',  ( -2.146934995020800733E-16, -0.000000000000000000, 1.000000000000000000 ) ) ;
#2210 = STYLED_ITEM ( 'NONE', ( #3727 ), #1323 ) ;
#2211 = ORIENTED_EDGE ( 'NONE', *, *, #4715, .T. ) ;
#2212 = MANIFOLD_SOLID_BREP ( 'Boss-Extrude2[6]', #1479 ) ;
#2213 = DIRECTION ( 'NONE',  ( 1.000000000000000000, 0.000000000000000000, -0.000000000000000000 ) ) ;
#2214 = VECTOR ( 'NONE', #4375, 1000.000000000000000 ) ;
#2215 = SURFACE_STYLE_FILL_AREA ( #5749 ) ;
#2216 = CARTESIAN_POINT ( 'NONE',  ( 0.000000000000000000, 0.000000000000000000, 0.000000000000000000 ) ) ;
#2217 = UNCERTAINTY_MEASURE_WITH_UNIT (LENGTH_MEASURE( 1.000000000000000082E-05 ), #1896, 'distance_accuracy_value', 'NONE');
#2218 = ORIENTED_EDGE ( 'NONE', *, *, #4295, .F. ) ;
#2219 = SURFACE_STYLE_FILL_AREA ( #254 ) ;
#2220 =( LENGTH_UNIT ( ) NAMED_UNIT ( * ) SI_UNIT ( .MILLI., .METRE. ) );
#2221 = CARTESIAN_POINT ( 'NONE',  ( -0.8500000000000003109, 0.7599999999999998979, 0.1000000000000002970 ) ) ;
#2222 = CARTESIAN_POINT ( 'NONE',  ( 0.000000000000000000, 0.5999999999999999778, 0.000000000000000000 ) ) ;
#2223 = UNCERTAINTY_MEASURE_WITH_UNIT (LENGTH_MEASURE( 1.000000000000000082E-05 ), #5653, 'distance_accuracy_value', 'NONE');
#2224 = EDGE_LOOP ( 'NONE', ( #792, #1430, #3347, #2406 ) ) ;
#2225 = DIRECTION ( 'NONE',  ( 0.000000000000000000, -0.000000000000000000, 1.000000000000000000 ) ) ;
#2226 =( LENGTH_UNIT ( ) NAMED_UNIT ( * ) SI_UNIT ( .MILLI., .METRE. ) );
#2227 =( NAMED_UNIT ( * ) PLANE_ANGLE_UNIT ( ) SI_UNIT ( $, .RADIAN. ) );
#2228 = DIRECTION ( 'NONE',  ( -1.000000000000000000, 0.000000000000000000, -0.000000000000000000 ) ) ;
#2229 = ADVANCED_FACE ( 'NONE', ( #6186 ), #2047, .F. ) ;
#2230 = UNCERTAINTY_MEASURE_WITH_UNIT (LENGTH_MEASURE( 1.000000000000000082E-05 ), #563, 'distance_accuracy_value', 'NONE');
#2231 = DIRECTION ( 'NONE',  ( 0.000000000000000000, -1.000000000000000000, 0.000000000000000000 ) ) ;
#2232 = EDGE_CURVE ( 'NONE', #3146, #4060, #5719, .T. ) ;
#2233 = ORIENTED_EDGE ( 'NONE', *, *, #581, .F. ) ;
#2234 = VECTOR ( 'NONE', #5512, 1000.000000000000000 ) ;
#2235 = PLANE ( 'NONE',  #4920 ) ;
#2236 = DIRECTION ( 'NONE',  ( 1.000000000000000000, 0.000000000000000000, 0.000000000000000000 ) ) ;
#2237 = CARTESIAN_POINT ( 'NONE',  ( -0.7600000000000000089, 0.2999999999999999889, 9.583083854271088363E-18 ) ) ;
#2238 = LINE ( 'NONE', #4300, #1945 ) ;
#2239 = AXIS2_PLACEMENT_3D ( 'NONE', #3499, #516, #5084 ) ;
#2240 = VERTEX_POINT ( 'NONE', #528 ) ;
#2241 = AXIS2_PLACEMENT_3D ( 'NONE', #5655, #4112, #4221 ) ;
#2242 = EDGE_LOOP ( 'NONE', ( #4548, #5514, #533, #2756 ) ) ;
#2243 = MECHANICAL_DESIGN_GEOMETRIC_PRESENTATION_REPRESENTATION (  '', ( #844 ), #5513 ) ;
#2244 = VECTOR ( 'NONE', #5339, 1000.000000000000000 ) ;
#2245 = LINE ( 'NONE', #4909, #572 ) ;
#2246 = SURFACE_SIDE_STYLE ('',( #3790 ) ) ;
#2247 =( NAMED_UNIT ( * ) PLANE_ANGLE_UNIT ( ) SI_UNIT ( $, .RADIAN. ) );
#2248 =( LENGTH_UNIT ( ) NAMED_UNIT ( * ) SI_UNIT ( .MILLI., .METRE. ) );
#2249 = CARTESIAN_POINT ( 'NONE',  ( 0.000000000000000000, 0.2999999999999999889, 0.000000000000000000 ) ) ;
#2250 = COLOUR_RGB ( '',0.5019607843137254832, 0.5019607843137254832, 0.5019607843137254832 ) ;
#2251 = ORIENTED_EDGE ( 'NONE', *, *, #2057, .T. ) ;
#2252 = CARTESIAN_POINT ( 'NONE',  ( 1.890000000000013669, 0.2999999999999999889, 0.1249999999999998890 ) ) ;
#2254 = COLOUR_RGB ( '',0.5019607843137254832, 0.5019607843137254832, 0.5019607843137254832 ) ;
#2253 = PLANE ( 'NONE',  #2830 ) ;
#2255 = CARTESIAN_POINT ( 'NONE',  ( -0.8500000000000003109, 0.7599999999999998979, 0.1000000000000002970 ) ) ;
#2256 = CARTESIAN_POINT ( 'NONE',  ( -1.389999999999999902, 0.000000000000000000, -2.390000000000000568 ) ) ;
#2257 = VECTOR ( 'NONE', #506, 1000.000000000000000 ) ;
#2258 = ORIENTED_EDGE ( 'NONE', *, *, #377, .F. ) ;
#2259 = VECTOR ( 'NONE', #5801, 1000.000000000000000 ) ;
#2260 = CARTESIAN_POINT ( 'NONE',  ( -0.8500000000000004219, 0.7599999999999998979, -0.8499999999999996447 ) ) ;
#2261 = CARTESIAN_POINT ( 'NONE',  ( 2.390000000000039648, 0.2999999999999999889, -2.395000000000000462 ) ) ;
#2262 =( LENGTH_UNIT ( ) NAMED_UNIT ( * ) SI_UNIT ( .MILLI., .METRE. ) );
#2263 = VERTEX_POINT ( 'NONE', #4396 ) ;
#2264 = STYLED_ITEM ( 'NONE', ( #4816 ), #1856 ) ;
#2265 = FILL_AREA_STYLE_COLOUR ( '', #3147 ) ;
#2266 = COLOUR_RGB ( '',0.9686274509803921573, 0.8784313725490195957, 0.5999999999999999778 ) ;
#2267 = CARTESIAN_POINT ( 'NONE',  ( 0.1000000000000005052, 0.7599999999999998979, 0.8500000000000000888 ) ) ;
#2268 = SURFACE_STYLE_USAGE ( .BOTH. , #4869 ) ;
#2269 = DIRECTION ( 'NONE',  ( 0.000000000000000000, -1.000000000000000000, 0.000000000000000000 ) ) ;
#2270 = COLOUR_RGB ( '',0.5019607843137254832, 0.5019607843137254832, 0.5019607843137254832 ) ;
#2271 = MECHANICAL_DESIGN_GEOMETRIC_PRESENTATION_REPRESENTATION (  '', ( #6427 ), #4574 ) ;
#2272 = PLANE ( 'NONE',  #4325 ) ;
#2273 = SURFACE_SIDE_STYLE ('',( #3851 ) ) ;
#2274 = STYLED_ITEM ( 'NONE', ( #687 ), #288 ) ;
#2275 = EDGE_CURVE ( 'NONE', #1253, #2764, #120, .T. ) ;
#2276 = LINE ( 'NONE', #5873, #6336 ) ;
#2277 =( LENGTH_UNIT ( ) NAMED_UNIT ( * ) SI_UNIT ( .MILLI., .METRE. ) );
#2278 = EDGE_CURVE ( 'NONE', #2035, #4232, #1711, .T. ) ;
#2279 = CARTESIAN_POINT ( 'NONE',  ( 2.390000000000000124, 0.2999999999999999889, 2.395000000000000018 ) ) ;
#2280 = AXIS2_PLACEMENT_3D ( 'NONE', #4792, #630, #4829 ) ;
#2281 = DIRECTION ( 'NONE',  ( 1.000000000000000000, 0.000000000000000000, -1.445602896647340396E-16 ) ) ;
#2282 = UNCERTAINTY_MEASURE_WITH_UNIT (LENGTH_MEASURE( 1.000000000000000082E-05 ), #2709, 'distance_accuracy_value', 'NONE');
#2283 = VERTEX_POINT ( 'NONE', #4354 ) ;
#2284 = ORIENTED_EDGE ( 'NONE', *, *, #3652, .T. ) ;
#2285 = VECTOR ( 'NONE', #2052, 1000.000000000000000 ) ;
#2286 =( NAMED_UNIT ( * ) PLANE_ANGLE_UNIT ( ) SI_UNIT ( $, .RADIAN. ) );
#2287 =( NAMED_UNIT ( * ) SI_UNIT ( $, .STERADIAN. ) SOLID_ANGLE_UNIT ( ) );
#2288 = AXIS2_PLACEMENT_3D ( 'NONE', #4095, #4200, #48 ) ;
#2289 = UNCERTAINTY_MEASURE_WITH_UNIT (LENGTH_MEASURE( 1.000000000000000082E-05 ), #6558, 'distance_accuracy_value', 'NONE');
#2290 = UNCERTAINTY_MEASURE_WITH_UNIT (LENGTH_MEASURE( 1.000000000000000082E-05 ), #4241, 'distance_accuracy_value', 'NONE');
#2291 = ORIENTED_EDGE ( 'NONE', *, *, #3787, .F. ) ;
#2292 = SURFACE_SIDE_STYLE ('',( #3904 ) ) ;
#2293 = PRESENTATION_LAYER_ASSIGNMENT (  '', '', ( #1426 ) ) ;
#2294 = FACE_OUTER_BOUND ( 'NONE', #1640, .T. ) ;
#2295 = LINE ( 'NONE', #3350, #3396 ) ;
#2296 = CARTESIAN_POINT ( 'NONE',  ( 1.890000000000000124, 0.000000000000000000, 2.395000000000000018 ) ) ;
#2297 = COLOUR_RGB ( '',1.000000000000000000, 1.000000000000000000, 1.000000000000000000 ) ;
#2298 = UNCERTAINTY_MEASURE_WITH_UNIT (LENGTH_MEASURE( 1.000000000000000082E-05 ), #326, 'distance_accuracy_value', 'NONE');
#2299 = STYLED_ITEM ( 'NONE', ( #4645 ), #3434 ) ;
#2300 = DIRECTION ( 'NONE',  ( 2.721846458122605600E-16, 0.000000000000000000, -1.000000000000000000 ) ) ;
#2301 = VERTEX_POINT ( 'NONE', #3800 ) ;
#2302 = VECTOR ( 'NONE', #444, 1000.000000000000000 ) ;
#2303 = CARTESIAN_POINT ( 'NONE',  ( 1.890000000000000124, 0.2999999999999999889, 2.395000000000000018 ) ) ;
#2304 = PLANE ( 'NONE',  #2086 ) ;
#2305 =( NAMED_UNIT ( * ) PLANE_ANGLE_UNIT ( ) SI_UNIT ( $, .RADIAN. ) );
#2306 = LINE ( 'NONE', #5455, #2873 ) ;
#2307 = LINE ( 'NONE', #1765, #1874 ) ;
#2308 = VECTOR ( 'NONE', #6475, 1000.000000000000000 ) ;
#2309 = EDGE_LOOP ( 'NONE', ( #282, #6140, #1848, #4568 ) ) ;
#2310 = DIRECTION ( 'NONE',  ( 0.000000000000000000, -1.000000000000000000, 0.000000000000000000 ) ) ;
#2311 = CARTESIAN_POINT ( 'NONE',  ( -1.890000000000038982, 0.2999999999999999889, -2.395000000000000462 ) ) ;
#2312 =( NAMED_UNIT ( * ) SI_UNIT ( $, .STERADIAN. ) SOLID_ANGLE_UNIT ( ) );
#2313 = CARTESIAN_POINT ( 'NONE',  ( 0.000000000000000000, 0.000000000000000000, 0.000000000000000000 ) ) ;
#2314 = STYLED_ITEM ( 'NONE', ( #2418 ), #5784 ) ;
#2315 = DIRECTION ( 'NONE',  ( 2.891205793294678819E-16, 0.000000000000000000, -1.000000000000000000 ) ) ;
#2316 = CARTESIAN_POINT ( 'NONE',  ( 0.1000000000000003247, 0.7599999999999998979, 0.09999999999999997780 ) ) ;
#2317 = ADVANCED_FACE ( 'NONE', ( #156 ), #2189, .F. ) ;
#2318 = ORIENTED_EDGE ( 'NONE', *, *, #4716, .F. ) ;
#2319 = EDGE_CURVE ( 'NONE', #1015, #2088, #1779, .T. ) ;
#2320 = DIRECTION ( 'NONE',  ( -2.146934995020800486E-16, 0.000000000000000000, 1.000000000000000000 ) ) ;
#2321 = LINE ( 'NONE', #5975, #6244 ) ;
#2322 = DIRECTION ( 'NONE',  ( -1.000000000000000000, 0.000000000000000000, 5.782411586589357639E-16 ) ) ;
#2323 =( GEOMETRIC_REPRESENTATION_CONTEXT ( 3 ) GLOBAL_UNCERTAINTY_ASSIGNED_CONTEXT ( ( #1472 ) ) GLOBAL_UNIT_ASSIGNED_CONTEXT ( ( #1229, #825, #3847 ) ) REPRESENTATION_CONTEXT ( 'NONE', 'WORKASPACE' ) );
#2324 = SURFACE_SIDE_STYLE ('',( #256 ) ) ;
#2325 = DIRECTION ( 'NONE',  ( -0.000000000000000000, 0.000000000000000000, 1.000000000000000000 ) ) ;
#2326 = VECTOR ( 'NONE', #2342, 1000.000000000000000 ) ;
#2327 = ORIENTED_EDGE ( 'NONE', *, *, #5493, .T. ) ;
#2328 = LINE ( 'NONE', #5983, #1144 ) ;
#2329 = CARTESIAN_POINT ( 'NONE',  ( 0.1000000000000003247, 0.7599999999999998979, 0.09999999999999997780 ) ) ;
#2330 = CARTESIAN_POINT ( 'NONE',  ( 1.890000000000013669, 0.2999999999999999889, 0.1249999999999998890 ) ) ;
#2331 = FILL_AREA_STYLE ('',( #1348 ) ) ;
#2332 = FACE_OUTER_BOUND ( 'NONE', #4786, .T. ) ;
#2333 = ORIENTED_EDGE ( 'NONE', *, *, #534, .T. ) ;
#2334 = VECTOR ( 'NONE', #3526, 1000.000000000000000 ) ;
#2335 = SURFACE_STYLE_USAGE ( .BOTH. , #4504 ) ;
#2336 = DIRECTION ( 'NONE',  ( 1.000000000000000000, -0.000000000000000000, -0.000000000000000000 ) ) ;
#2337 = CARTESIAN_POINT ( 'NONE',  ( -0.1000000000000002970, 0.5999999999999999778, 0.1000000000000000333 ) ) ;
#2338 = SURFACE_SIDE_STYLE ('',( #5897 ) ) ;
#2339 = VERTEX_POINT ( 'NONE', #3862 ) ;
#2340 =( NAMED_UNIT ( * ) SI_UNIT ( $, .STERADIAN. ) SOLID_ANGLE_UNIT ( ) );
#2341 = SURFACE_SIDE_STYLE ('',( #5969 ) ) ;
#2342 = DIRECTION ( 'NONE',  ( -1.000000000000000000, 0.000000000000000000, -8.673617379884035472E-16 ) ) ;
#2343 = CARTESIAN_POINT ( 'NONE',  ( 1.890000000000026548, 0.2999999999999999889, -1.135000000000000231 ) ) ;
#2344 = STYLED_ITEM ( 'NONE', ( #6594 ), #1167 ) ;
#2345 = CLOSED_SHELL ( 'NONE', ( #4864, #1641, #5667, #2516, #241, #5751 ) ) ;
#2346 = EDGE_LOOP ( 'NONE', ( #1423, #6061, #410, #2644 ) ) ;
#2347 = CARTESIAN_POINT ( 'NONE',  ( -1.389999999999999902, 0.2999999999999999889, -0.6300000000000000044 ) ) ;
#2348 = LINE ( 'NONE', #4425, #5688 ) ;
#2349 = FILL_AREA_STYLE_COLOUR ( '', #3024 ) ;
#2350 = COLOUR_RGB ( '',0.3411764705882353033, 0.8392156862745098200, 0.4117647058823529216 ) ;
#2351 = EDGE_CURVE ( 'NONE', #6167, #3775, #706, .T. ) ;
#2352 = VECTOR ( 'NONE', #443, 1000.000000000000000 ) ;
#2353 = DIRECTION ( 'NONE',  ( 2.146934995020800733E-16, 0.000000000000000000, -1.000000000000000000 ) ) ;
#2354 = DIRECTION ( 'NONE',  ( 1.000000000000000000, 0.000000000000000000, 0.000000000000000000 ) ) ;
#2355 = DIRECTION ( 'NONE',  ( -0.7071067811865475727, 0.000000000000000000, 0.7071067811865474617 ) ) ;
#2356 = EDGE_CURVE ( 'NONE', #103, #4291, #3832, .T. ) ;
#2357 = ADVANCED_FACE ( 'NONE', ( #2153 ), #221, .F. ) ;
#2358 = CARTESIAN_POINT ( 'NONE',  ( 0.8500000000000003109, 0.5999999999999999778, -0.1000000000000000056 ) ) ;
#2359 = ADVANCED_FACE ( 'NONE', ( #6522 ), #3412, .F. ) ;
#2360 = SURFACE_SIDE_STYLE ('',( #4557 ) ) ;
#2361 = ADVANCED_FACE ( 'NONE', ( #356 ), #1373, .T. ) ;
#2362 = VECTOR ( 'NONE', #3620, 1000.000000000000000 ) ;
#2363 = VERTEX_POINT ( 'NONE', #5470 ) ;
#2364 = LINE ( 'NONE', #271, #4478 ) ;
#2365 = DIRECTION ( 'NONE',  ( -0.000000000000000000, -1.000000000000000000, -0.000000000000000000 ) ) ;
#2366 = AXIS2_PLACEMENT_3D ( 'NONE', #961, #2984, #5079 ) ;
#2367 = CARTESIAN_POINT ( 'NONE',  ( 0.8500000000000001998, 0.5999999999999999778, -0.8500000000000000888 ) ) ;
#2368 =( NAMED_UNIT ( * ) SI_UNIT ( $, .STERADIAN. ) SOLID_ANGLE_UNIT ( ) );
#2369 = CARTESIAN_POINT ( 'NONE',  ( 2.390000000000013003, 0.000000000000000000, 0.1249999999999998890 ) ) ;
#2370 = DIRECTION ( 'NONE',  ( 1.000000000000000000, 0.000000000000000000, -0.000000000000000000 ) ) ;
#2371 = PRESENTATION_LAYER_ASSIGNMENT (  '', '', ( #2803 ) ) ;
#2372 = ORIENTED_EDGE ( 'NONE', *, *, #6001, .F. ) ;
#2373 = PRESENTATION_LAYER_ASSIGNMENT (  '', '', ( #1612 ) ) ;
#2374 = CARTESIAN_POINT ( 'NONE',  ( -1.389999999999999902, 0.2999999999999999889, 2.389999999999999680 ) ) ;
#2375 = DIRECTION ( 'NONE',  ( 0.000000000000000000, 1.000000000000000000, 0.000000000000000000 ) ) ;
#2376 = CARTESIAN_POINT ( 'NONE',  ( -1.890000000000001013, 0.2999999999999999889, 2.394999999999999574 ) ) ;
#2377 = AXIS2_PLACEMENT_3D ( 'NONE', #879, #6115, #1877 ) ;
#2378 = CARTESIAN_POINT ( 'NONE',  ( -2.390000000000013003, 0.2999999999999999889, 0.1249999999999990286 ) ) ;
#2379 = ORIENTED_EDGE ( 'NONE', *, *, #1287, .F. ) ;
#2380 = AXIS2_PLACEMENT_3D ( 'NONE', #886, #819, #4930 ) ;
#2381 = ORIENTED_EDGE ( 'NONE', *, *, #2016, .F. ) ;
#2382 = LINE ( 'NONE', #6690, #4326 ) ;
#2383 = CARTESIAN_POINT ( 'NONE',  ( -1.890000000000013891, 0.2999999999999999889, 1.134999999999999121 ) ) ;
#2384 = SURFACE_STYLE_FILL_AREA ( #3379 ) ;
#2385 = CARTESIAN_POINT ( 'NONE',  ( 1.389999999999999902, 0.000000000000000000, -2.390000000000000124 ) ) ;
#2386 = DIRECTION ( 'NONE',  ( -1.000000000000000000, -0.000000000000000000, -0.000000000000000000 ) ) ;
#2387 = COLOUR_RGB ( '',0.9686274509803921573, 0.8784313725490195957, 0.5999999999999999778 ) ;
#2388 = DIRECTION ( 'NONE',  ( 1.000000000000000000, -0.000000000000000000, -0.000000000000000000 ) ) ;
#2389 = COLOUR_RGB ( '',0.9686274509803921573, 0.8784313725490195957, 0.5999999999999999778 ) ;
#2390 = VERTEX_POINT ( 'NONE', #4953 ) ;
#2391 = ADVANCED_FACE ( 'NONE', ( #804 ), #285, .T. ) ;
#2392 = LINE ( 'NONE', #6276, #5451 ) ;
#2393 = LINE ( 'NONE', #471, #5786 ) ;
#2394 = SURFACE_SIDE_STYLE ('',( #2880 ) ) ;
#2395 = DIRECTION ( 'NONE',  ( 1.000000000000000000, -0.000000000000000000, 0.000000000000000000 ) ) ;
#2396 = VECTOR ( 'NONE', #4544, 1000.000000000000000 ) ;
#2397 = ORIENTED_EDGE ( 'NONE', *, *, #748, .F. ) ;
#2398 = VECTOR ( 'NONE', #829, 1000.000000000000000 ) ;
#2399 = EDGE_LOOP ( 'NONE', ( #197, #5379, #612, #969 ) ) ;
#2400 = SURFACE_SIDE_STYLE ('',( #1798 ) ) ;
#2401 =( NAMED_UNIT ( * ) SI_UNIT ( $, .STERADIAN. ) SOLID_ANGLE_UNIT ( ) );
#2402 = SURFACE_STYLE_FILL_AREA ( #4015 ) ;
#2403 = CARTESIAN_POINT ( 'NONE',  ( -0.8500000000000003109, 0.7599999999999998979, 0.1000000000000002970 ) ) ;
#2404 = SURFACE_STYLE_USAGE ( .BOTH. , #3890 ) ;
#2405 = PLANE ( 'NONE',  #4397 ) ;
#2406 = ORIENTED_EDGE ( 'NONE', *, *, #3873, .T. ) ;
#2407 = EDGE_LOOP ( 'NONE', ( #1247, #5164, #693, #6331 ) ) ;
#2408 = COLOUR_RGB ( '',0.9686274509803921573, 0.8784313725490195957, 0.5999999999999999778 ) ;
#2409 = CARTESIAN_POINT ( 'NONE',  ( -1.389999999999999902, 0.2999999999999999889, -2.390000000000000568 ) ) ;
#2410 = PRESENTATION_LAYER_ASSIGNMENT (  '', '', ( #2742 ) ) ;
#2411 = DIRECTION ( 'NONE',  ( 0.000000000000000000, 1.000000000000000000, 0.000000000000000000 ) ) ;
#2412 = FILL_AREA_STYLE ('',( #6076 ) ) ;
#2413 = AXIS2_PLACEMENT_3D ( 'NONE', #2828, #993, #4542 ) ;
#2414 = COLOUR_RGB ( '',0.9686274509803921573, 0.8784313725490195957, 0.5999999999999999778 ) ;
#2415 = LINE ( 'NONE', #6053, #3182 ) ;
#2416 = CARTESIAN_POINT ( 'NONE',  ( 2.390000000000000124, 0.2999999999999999889, 2.395000000000000018 ) ) ;
#2417 = FILL_AREA_STYLE_COLOUR ( '', #1137 ) ;
#2418 = PRESENTATION_STYLE_ASSIGNMENT (( #1876 ) ) ;
#2419 = CARTESIAN_POINT ( 'NONE',  ( -2.390000000000038760, 0.2999999999999999889, -1.385000000000001341 ) ) ;
#2420 = COLOUR_RGB ( '',0.7921568627450980005, 0.8196078431372548767, 0.9333333333333333481 ) ;
#2421 = DIRECTION ( 'NONE',  ( 1.000000000000000000, 0.000000000000000000, -5.782411586589358625E-16 ) ) ;
#2422 = VERTEX_POINT ( 'NONE', #1434 ) ;
#2423 = DIRECTION ( 'NONE',  ( 1.000000000000000000, 0.000000000000000000, -8.673617379884034239E-17 ) ) ;
#2424 = CARTESIAN_POINT ( 'NONE',  ( -1.890000000000038982, 0.2999999999999999889, -2.395000000000000462 ) ) ;
#2425 = SURFACE_SIDE_STYLE ('',( #4532 ) ) ;
#2426 = CARTESIAN_POINT ( 'NONE',  ( 0.1000000000000003247, 0.5999999999999999778, 0.09999999999999997780 ) ) ;
#2427 = ORIENTED_EDGE ( 'NONE', *, *, #84, .T. ) ;
#2428 = ADVANCED_FACE ( 'NONE', ( #456 ), #4686, .F. ) ;
#2429 = ORIENTED_EDGE ( 'NONE', *, *, #6275, .F. ) ;
#2430 = CARTESIAN_POINT ( 'NONE',  ( 2.500000000000000000, 0.000000000000000000, -2.500000000000000444 ) ) ;
#2431 = DIRECTION ( 'NONE',  ( -0.000000000000000000, -1.000000000000000000, -0.000000000000000000 ) ) ;
#2432 = SURFACE_STYLE_USAGE ( .BOTH. , #5620 ) ;
#2433 = LINE ( 'NONE', #6136, #5292 ) ;
#2434 = EDGE_CURVE ( 'NONE', #4706, #6352, #3089, .T. ) ;
#2435 = DIRECTION ( 'NONE',  ( 1.000000000000000000, 0.000000000000000000, -3.614007241618349264E-16 ) ) ;
#2436 = CARTESIAN_POINT ( 'NONE',  ( 0.1000000000000002970, 0.7599999999999998979, -0.1000000000000000056 ) ) ;
#2437 = EDGE_CURVE ( 'NONE', #3767, #2422, #5167, .T. ) ;
#2438 = ORIENTED_EDGE ( 'NONE', *, *, #2601, .T. ) ;
#2439 = ORIENTED_EDGE ( 'NONE', *, *, #3473, .F. ) ;
#2440 = FILL_AREA_STYLE ('',( #3435 ) ) ;
#2441 = AXIS2_PLACEMENT_3D ( 'NONE', #6088, #6632, #2532 ) ;
#2442 = CARTESIAN_POINT ( 'NONE',  ( -1.890000000000013891, 0.2999999999999999889, 1.134999999999999121 ) ) ;
#2443 =( GEOMETRIC_REPRESENTATION_CONTEXT ( 3 ) GLOBAL_UNCERTAINTY_ASSIGNED_CONTEXT ( ( #5100 ) ) GLOBAL_UNIT_ASSIGNED_CONTEXT ( ( #315, #1336, #3407 ) ) REPRESENTATION_CONTEXT ( 'NONE', 'WORKASPACE' ) );
#2444 = CARTESIAN_POINT ( 'NONE',  ( 1.890000000000000346, 0.2999999999999999889, 1.385000000000000009 ) ) ;
#2445 = DIRECTION ( 'NONE',  ( 0.000000000000000000, 0.000000000000000000, -1.000000000000000000 ) ) ;
#2446 = STYLED_ITEM ( 'NONE', ( #277 ), #4380 ) ;
#2447 = CARTESIAN_POINT ( 'NONE',  ( -1.389999999999999902, 0.2999999999999999889, -0.6300000000000000044 ) ) ;
#2448 = FILL_AREA_STYLE ('',( #6081 ) ) ;
#2449 = SURFACE_SIDE_STYLE ('',( #5029 ) ) ;
#2450 = DIRECTION ( 'NONE',  ( -0.000000000000000000, -1.000000000000000000, -0.000000000000000000 ) ) ;
#2451 = VECTOR ( 'NONE', #689, 1000.000000000000000 ) ;
#2452 = CARTESIAN_POINT ( 'NONE',  ( -0.7600000000000000089, 0.2999999999999999889, 9.583083854271088363E-18 ) ) ;
#2453 = ORIENTED_EDGE ( 'NONE', *, *, #3136, .F. ) ;
#2454 = VERTEX_POINT ( 'NONE', #5131 ) ;
#2455 =( NAMED_UNIT ( * ) PLANE_ANGLE_UNIT ( ) SI_UNIT ( $, .RADIAN. ) );
#2456 = FACE_OUTER_BOUND ( 'NONE', #4163, .T. ) ;
#2457 =( GEOMETRIC_REPRESENTATION_CONTEXT ( 3 ) GLOBAL_UNCERTAINTY_ASSIGNED_CONTEXT ( ( #1750 ) ) GLOBAL_UNIT_ASSIGNED_CONTEXT ( ( #1184, #1634, #3172 ) ) REPRESENTATION_CONTEXT ( 'NONE', 'WORKASPACE' ) );
#2458 = CARTESIAN_POINT ( 'NONE',  ( 1.890000000000000124, 0.000000000000000000, 2.395000000000000018 ) ) ;
#2459 = ORIENTED_EDGE ( 'NONE', *, *, #5798, .F. ) ;
#2460 = ORIENTED_EDGE ( 'NONE', *, *, #6208, .T. ) ;
#2461 = PRESENTATION_STYLE_ASSIGNMENT (( #4538 ) ) ;
#2462 =( LENGTH_UNIT ( ) NAMED_UNIT ( * ) SI_UNIT ( .MILLI., .METRE. ) );
#2463 =( LENGTH_UNIT ( ) NAMED_UNIT ( * ) SI_UNIT ( .MILLI., .METRE. ) );
#2464 = DIRECTION ( 'NONE',  ( -2.721846458122605600E-16, -0.000000000000000000, 1.000000000000000000 ) ) ;
#2465 = CARTESIAN_POINT ( 'NONE',  ( -1.890000000000026326, 0.2999999999999999889, -0.1250000000000009714 ) ) ;
#2466 = VECTOR ( 'NONE', #2103, 1000.000000000000000 ) ;
#2467 = EDGE_LOOP ( 'NONE', ( #4774, #1681, #552, #3104 ) ) ;
#2468 = VERTEX_POINT ( 'NONE', #492 ) ;
#2469 = EDGE_LOOP ( 'NONE', ( #4839, #4647, #4629, #2160 ) ) ;
#2470 = PRESENTATION_STYLE_ASSIGNMENT (( #5598 ) ) ;
#2471 = EDGE_CURVE ( 'NONE', #5202, #3372, #6147, .T. ) ;
#2472 = EDGE_CURVE ( 'NONE', #6265, #2193, #2550, .T. ) ;
#2473 = CARTESIAN_POINT ( 'NONE',  ( 0.000000000000000000, 0.7599999999999998979, 0.000000000000000000 ) ) ;
#2474 = AXIS2_PLACEMENT_3D ( 'NONE', #2125, #571, #4734 ) ;
#2475 =( NAMED_UNIT ( * ) PLANE_ANGLE_UNIT ( ) SI_UNIT ( $, .RADIAN. ) );
#2476 = VECTOR ( 'NONE', #4858, 1000.000000000000000 ) ;
#2477 = SURFACE_STYLE_FILL_AREA ( #5132 ) ;
#2478 = MECHANICAL_DESIGN_GEOMETRIC_PRESENTATION_REPRESENTATION (  '', ( #3135 ), #1096 ) ;
#2479 = DIRECTION ( 'NONE',  ( -0.000000000000000000, -0.000000000000000000, 1.000000000000000000 ) ) ;
#2480 =( LENGTH_UNIT ( ) NAMED_UNIT ( * ) SI_UNIT ( .MILLI., .METRE. ) );
#2481 = COLOUR_RGB ( '',0.5019607843137254832, 0.5019607843137254832, 0.5019607843137254832 ) ;
#2482 =( NAMED_UNIT ( * ) SI_UNIT ( $, .STERADIAN. ) SOLID_ANGLE_UNIT ( ) );
#2483 = DIRECTION ( 'NONE',  ( 0.000000000000000000, 0.000000000000000000, -1.000000000000000000 ) ) ;
#2484 = UNCERTAINTY_MEASURE_WITH_UNIT (LENGTH_MEASURE( 1.000000000000000082E-05 ), #5526, 'distance_accuracy_value', 'NONE');
#2485 = LINE ( 'NONE', #2452, #508 ) ;
#2486 = ORIENTED_EDGE ( 'NONE', *, *, #3962, .F. ) ;
#2487 = ORIENTED_EDGE ( 'NONE', *, *, #3431, .F. ) ;
#2488 = VECTOR ( 'NONE', #6197, 1000.000000000000000 ) ;
#2489 = VECTOR ( 'NONE', #6362, 1000.000000000000000 ) ;
#2490 = FACE_OUTER_BOUND ( 'NONE', #1696, .T. ) ;
#2491 = DIRECTION ( 'NONE',  ( 2.349104707051926602E-16, 0.000000000000000000, 1.000000000000000000 ) ) ;
#2492 = PRESENTATION_STYLE_ASSIGNMENT (( #3005 ) ) ;
#2493 = CARTESIAN_POINT ( 'NONE',  ( 0.000000000000000000, 0.2999999999999999889, 0.000000000000000000 ) ) ;
#2494 =( NAMED_UNIT ( * ) SI_UNIT ( $, .STERADIAN. ) SOLID_ANGLE_UNIT ( ) );
#2495 = SURFACE_STYLE_USAGE ( .BOTH. , #406 ) ;
#2496 = VECTOR ( 'NONE', #5894, 1000.000000000000000 ) ;
#2497 = ORIENTED_EDGE ( 'NONE', *, *, #6494, .F. ) ;
#2498 = COLOUR_RGB ( '',0.5019607843137254832, 0.5019607843137254832, 0.5019607843137254832 ) ;
#2499 = EDGE_LOOP ( 'NONE', ( #3963, #2749, #504, #2544 ) ) ;
#2500 = MECHANICAL_DESIGN_GEOMETRIC_PRESENTATION_REPRESENTATION (  '', ( #5569 ), #6442 ) ;
#2501 = FACE_OUTER_BOUND ( 'NONE', #6411, .T. ) ;
#2502 =( NAMED_UNIT ( * ) PLANE_ANGLE_UNIT ( ) SI_UNIT ( $, .RADIAN. ) );
#2503 = FILL_AREA_STYLE ('',( #6683 ) ) ;
#2504 = STYLED_ITEM ( 'NONE', ( #3825 ), #3287 ) ;
#2505 = CARTESIAN_POINT ( 'NONE',  ( 0.000000000000000000, 0.7600000000000002309, 0.000000000000000000 ) ) ;
#2506 = CARTESIAN_POINT ( 'NONE',  ( 1.890000000000039648, 0.2999999999999999889, -1.385000000000000453 ) ) ;
#2507 = VECTOR ( 'NONE', #6579, 1000.000000000000000 ) ;
#2508 = EDGE_LOOP ( 'NONE', ( #5008, #153, #452, #1280 ) ) ;
#2509 = ORIENTED_EDGE ( 'NONE', *, *, #1846, .T. ) ;
#2510 = VERTEX_POINT ( 'NONE', #2078 ) ;
#2511 = PRESENTATION_STYLE_ASSIGNMENT (( #869 ) ) ;
#2512 = STYLED_ITEM ( 'NONE', ( #23 ), #5667 ) ;
#2513 = FACE_OUTER_BOUND ( 'NONE', #1700, .T. ) ;
#2514 = PLANE ( 'NONE',  #5465 ) ;
#2515 = EDGE_CURVE ( 'NONE', #4648, #4187, #1471, .T. ) ;
#2516 = ADVANCED_FACE ( 'NONE', ( #2513 ), #6245, .T. ) ;
#2517 = PRESENTATION_LAYER_ASSIGNMENT (  '', '', ( #4510 ) ) ;
#2518 = VERTEX_POINT ( 'NONE', #4310 ) ;
#2519 = MECHANICAL_DESIGN_GEOMETRIC_PRESENTATION_REPRESENTATION (  '', ( #1341 ), #5705 ) ;
#2520 = DIRECTION ( 'NONE',  ( 2.146934995020800733E-16, 0.000000000000000000, -1.000000000000000000 ) ) ;
#2521 = CARTESIAN_POINT ( 'NONE',  ( 1.890000000000026326, 0.000000000000000000, -0.1250000000000001110 ) ) ;
#2522 = CARTESIAN_POINT ( 'NONE',  ( 0.1000000000000002970, 0.7599999999999998979, -0.1000000000000000056 ) ) ;
#2523 = SURFACE_STYLE_USAGE ( .BOTH. , #5139 ) ;
#2524 = PRESENTATION_LAYER_ASSIGNMENT (  '', '', ( #1022 ) ) ;
#2525 = CARTESIAN_POINT ( 'NONE',  ( 1.890000000000039870, 0.2999999999999999889, -2.395000000000000462 ) ) ;
#2526 = MECHANICAL_DESIGN_GEOMETRIC_PRESENTATION_REPRESENTATION (  '', ( #3626 ), #2965 ) ;
#2527 = EDGE_CURVE ( 'NONE', #4536, #5974, #3306, .T. ) ;
#2528 = COLOUR_RGB ( '',1.000000000000000000, 1.000000000000000000, 0.000000000000000000 ) ;
#2529 = ORIENTED_EDGE ( 'NONE', *, *, #1083, .F. ) ;
#2530 = LINE ( 'NONE', #3174, #1525 ) ;
#2531 = CARTESIAN_POINT ( 'NONE',  ( -0.1000000000000003247, 0.5999999999999999778, -0.1000000000000000056 ) ) ;
#2532 = DIRECTION ( 'NONE',  ( -2.349104707051926109E-16, 0.000000000000000000, -1.000000000000000000 ) ) ;
#2533 = CARTESIAN_POINT ( 'NONE',  ( 0.1000000000000002970, 0.7599999999999998979, -0.1000000000000000056 ) ) ;
#2534 = SURFACE_STYLE_FILL_AREA ( #92 ) ;
#2535 = VECTOR ( 'NONE', #1949, 1000.000000000000000 ) ;
#2536 = ORIENTED_EDGE ( 'NONE', *, *, #6571, .F. ) ;
#2537 = ORIENTED_EDGE ( 'NONE', *, *, #4804, .F. ) ;
#2538 = CARTESIAN_POINT ( 'NONE',  ( 1.890000000000013669, 0.2999999999999999889, 0.1249999999999998890 ) ) ;
#2539 = CARTESIAN_POINT ( 'NONE',  ( -0.1000000000000002137, 0.7599999999999998979, 0.8500000000000000888 ) ) ;
#2540 = FILL_AREA_STYLE_COLOUR ( '', #2420 ) ;
#2541 = DIRECTION ( 'NONE',  ( -2.146934995020800733E-16, -0.000000000000000000, 1.000000000000000000 ) ) ;
#2542 = DIRECTION ( 'NONE',  ( -0.000000000000000000, -0.000000000000000000, 1.000000000000000000 ) ) ;
#2543 = COLOUR_RGB ( '',0.7921568627450980005, 0.8196078431372548767, 0.9333333333333333481 ) ;
#2544 = ORIENTED_EDGE ( 'NONE', *, *, #918, .F. ) ;
#2545 = EDGE_LOOP ( 'NONE', ( #1498, #5305, #5616, #3569 ) ) ;
#2546 = VERTEX_POINT ( 'NONE', #3241 ) ;
#2547 = SURFACE_STYLE_USAGE ( .BOTH. , #2646 ) ;
#2548 =( NAMED_UNIT ( * ) PLANE_ANGLE_UNIT ( ) SI_UNIT ( $, .RADIAN. ) );
#2549 = AXIS2_PLACEMENT_3D ( 'NONE', #3240, #3791, #2144 ) ;
#2550 = LINE ( 'NONE', #5712, #5555 ) ;
#2551 = UNCERTAINTY_MEASURE_WITH_UNIT (LENGTH_MEASURE( 1.000000000000000082E-05 ), #6216, 'distance_accuracy_value', 'NONE');
#2552 = VERTEX_POINT ( 'NONE', #2145 ) ;
#2553 = FILL_AREA_STYLE ('',( #4098 ) ) ;
#2554 = CARTESIAN_POINT ( 'NONE',  ( 1.890000000000013669, 0.2999999999999999889, 0.1249999999999998890 ) ) ;
#2555 = COLOUR_RGB ( '',0.9686274509803921573, 0.8784313725490195957, 0.5999999999999999778 ) ;
#2556 = ADVANCED_FACE ( 'NONE', ( #6419 ), #727, .T. ) ;
#2557 = FILL_AREA_STYLE_COLOUR ( '', #5703 ) ;
#2558 = PRESENTATION_LAYER_ASSIGNMENT (  '', '', ( #6266 ) ) ;
#2559 = UNCERTAINTY_MEASURE_WITH_UNIT (LENGTH_MEASURE( 1.000000000000000082E-05 ), #2080, 'distance_accuracy_value', 'NONE');
#2560 = DIRECTION ( 'NONE',  ( -0.000000000000000000, -0.000000000000000000, 1.000000000000000000 ) ) ;
#2561 = PRESENTATION_LAYER_ASSIGNMENT (  '', '', ( #4763 ) ) ;
#2562 = ORIENTED_EDGE ( 'NONE', *, *, #757, .T. ) ;
#2563 = ADVANCED_FACE ( 'NONE', ( #5273 ), #2685, .T. ) ;
#2564 = EDGE_CURVE ( 'NONE', #1489, #4348, #3793, .T. ) ;
#2565 = DIRECTION ( 'NONE',  ( -0.000000000000000000, 1.000000000000000000, -0.000000000000000000 ) ) ;
#2566 = EDGE_CURVE ( 'NONE', #215, #3733, #4421, .T. ) ;
#2567 = EDGE_CURVE ( 'NONE', #1253, #399, #2820, .T. ) ;
#2568 = FILL_AREA_STYLE_COLOUR ( '', #6232 ) ;
#2569 = CARTESIAN_POINT ( 'NONE',  ( -1.389999999999999902, 0.2999999999999999889, 2.389999999999999680 ) ) ;
#2570 = STYLED_ITEM ( 'NONE', ( #481 ), #4499 ) ;
#2571 = ORIENTED_EDGE ( 'NONE', *, *, #3743, .F. ) ;
#2572 = ORIENTED_EDGE ( 'NONE', *, *, #2070, .T. ) ;
#2573 = PRESENTATION_LAYER_ASSIGNMENT (  '', '', ( #3242 ) ) ;
#2574 = LINE ( 'NONE', #3224, #3551 ) ;
#2575 = SURFACE_STYLE_FILL_AREA ( #6206 ) ;
#2576 = CARTESIAN_POINT ( 'NONE',  ( -0.1000000000000005052, 0.7599999999999998979, -0.8500000000000000888 ) ) ;
#2577 =( GEOMETRIC_REPRESENTATION_CONTEXT ( 3 ) GLOBAL_UNCERTAINTY_ASSIGNED_CONTEXT ( ( #3514 ) ) GLOBAL_UNIT_ASSIGNED_CONTEXT ( ( #5182, #3105, #4698 ) ) REPRESENTATION_CONTEXT ( 'NONE', 'WORKASPACE' ) );
#2578 = SURFACE_STYLE_USAGE ( .BOTH. , #4057 ) ;
#2579 = AXIS2_PLACEMENT_3D ( 'NONE', #5673, #4521, #6045 ) ;
#2580 = CARTESIAN_POINT ( 'NONE',  ( 2.390000000000013003, 0.000000000000000000, 0.1249999999999998890 ) ) ;
#2581 = EDGE_LOOP ( 'NONE', ( #5338, #5738, #5010, #5163 ) ) ;
#2582 = ORIENTED_EDGE ( 'NONE', *, *, #4432, .F. ) ;
#2583 = EDGE_LOOP ( 'NONE', ( #5306, #1698, #5729, #3689 ) ) ;
#2584 = FACE_OUTER_BOUND ( 'NONE', #4214, .T. ) ;
#2585 = PRESENTATION_LAYER_ASSIGNMENT (  '', '', ( #4790 ) ) ;
#2586 = DIRECTION ( 'NONE',  ( -1.000000000000000000, 0.000000000000000000, 0.000000000000000000 ) ) ;
#2587 = SURFACE_STYLE_FILL_AREA ( #1038 ) ;
#2588 = VECTOR ( 'NONE', #138, 1000.000000000000000 ) ;
#2589 = AXIS2_PLACEMENT_3D ( 'NONE', #3181, #608, #6195 ) ;
#2590 = FILL_AREA_STYLE ('',( #1565 ) ) ;
#2591 = SURFACE_SIDE_STYLE ('',( #2121 ) ) ;
#2592 = PRESENTATION_LAYER_ASSIGNMENT (  '', '', ( #2924 ) ) ;
#2593 = MECHANICAL_DESIGN_GEOMETRIC_PRESENTATION_REPRESENTATION (  '', ( #5351 ), #5883 ) ;
#2594 = EDGE_LOOP ( 'NONE', ( #2487, #3244, #1034, #518 ) ) ;
#2595 = FACE_OUTER_BOUND ( 'NONE', #3164, .T. ) ;
#2596 =( NAMED_UNIT ( * ) PLANE_ANGLE_UNIT ( ) SI_UNIT ( $, .RADIAN. ) );
#2597 = PRESENTATION_LAYER_ASSIGNMENT (  '', '', ( #3813 ) ) ;
#2598 = ORIENTED_EDGE ( 'NONE', *, *, #2770, .T. ) ;
#2599 = EDGE_CURVE ( 'NONE', #5829, #215, #1420, .T. ) ;
#2600 = SURFACE_STYLE_USAGE ( .BOTH. , #541 ) ;
#2601 = EDGE_CURVE ( 'NONE', #606, #4604, #4566, .T. ) ;
#2602 = PRESENTATION_LAYER_ASSIGNMENT (  '', '', ( #448 ) ) ;
#2603 = AXIS2_PLACEMENT_3D ( 'NONE', #6193, #1513, #1048 ) ;
#2604 = ORIENTED_EDGE ( 'NONE', *, *, #5500, .T. ) ;
#2605 = PRESENTATION_STYLE_ASSIGNMENT (( #545 ) ) ;
#2606 = SURFACE_STYLE_USAGE ( .BOTH. , #1519 ) ;
#2607 =( NAMED_UNIT ( * ) PLANE_ANGLE_UNIT ( ) SI_UNIT ( $, .RADIAN. ) );
#2608 = SURFACE_STYLE_USAGE ( .BOTH. , #4782 ) ;
#2609 = CARTESIAN_POINT ( 'NONE',  ( 2.390000000000000124, 0.000000000000000000, 2.395000000000000018 ) ) ;
#2610 =( LENGTH_UNIT ( ) NAMED_UNIT ( * ) SI_UNIT ( .MILLI., .METRE. ) );
#2611 = SURFACE_STYLE_FILL_AREA ( #1995 ) ;
#2612 = VERTEX_POINT ( 'NONE', #373 ) ;
#2613 = VERTEX_POINT ( 'NONE', #4943 ) ;
#2614 = ORIENTED_EDGE ( 'NONE', *, *, #4750, .F. ) ;
#2615 = LINE ( 'NONE', #1593, #4973 ) ;
#2616 =( LENGTH_UNIT ( ) NAMED_UNIT ( * ) SI_UNIT ( .MILLI., .METRE. ) );
#2617 = PLANE ( 'NONE',  #6146 ) ;
#2618 = DIRECTION ( 'NONE',  ( -0.000000000000000000, -1.000000000000000000, -0.000000000000000000 ) ) ;
#2619 = SURFACE_STYLE_FILL_AREA ( #5636 ) ;
#2620 = MECHANICAL_DESIGN_GEOMETRIC_PRESENTATION_REPRESENTATION (  '', ( #3600 ), #2081 ) ;
#2621 = VERTEX_POINT ( 'NONE', #3891 ) ;
#2622 = COLOUR_RGB ( '',1.000000000000000000, 1.000000000000000000, 0.000000000000000000 ) ;
#2623 = DIRECTION ( 'NONE',  ( 1.000000000000000000, -0.000000000000000000, -0.000000000000000000 ) ) ;
#2624 =( NAMED_UNIT ( * ) PLANE_ANGLE_UNIT ( ) SI_UNIT ( $, .RADIAN. ) );
#2625 = CARTESIAN_POINT ( 'NONE',  ( 0.000000000000000000, 0.2999999999999999889, 0.000000000000000000 ) ) ;
#2626 = DIRECTION ( 'NONE',  ( -0.000000000000000000, -1.000000000000000000, -0.000000000000000000 ) ) ;
#2627 =( GEOMETRIC_REPRESENTATION_CONTEXT ( 3 ) GLOBAL_UNCERTAINTY_ASSIGNED_CONTEXT ( ( #1269 ) ) GLOBAL_UNIT_ASSIGNED_CONTEXT ( ( #404, #1885, #4564 ) ) REPRESENTATION_CONTEXT ( 'NONE', 'WORKASPACE' ) );
#2628 = UNCERTAINTY_MEASURE_WITH_UNIT (LENGTH_MEASURE( 1.000000000000000082E-05 ), #3770, 'distance_accuracy_value', 'NONE');
#2629 = ORIENTED_EDGE ( 'NONE', *, *, #2070, .F. ) ;
#2630 = LINE ( 'NONE', #6162, #2848 ) ;
#2631 =( LENGTH_UNIT ( ) NAMED_UNIT ( * ) SI_UNIT ( .MILLI., .METRE. ) );
#2632 = PRESENTATION_LAYER_ASSIGNMENT (  '', '', ( #1654 ) ) ;
#2633 =( NAMED_UNIT ( * ) PLANE_ANGLE_UNIT ( ) SI_UNIT ( $, .RADIAN. ) );
#2634 = EDGE_LOOP ( 'NONE', ( #5360, #2143, #1671, #621 ) ) ;
#2635 = MECHANICAL_DESIGN_GEOMETRIC_PRESENTATION_REPRESENTATION (  '', ( #1022 ), #5709 ) ;
#2636 = LINE ( 'NONE', #2164, #2668 ) ;
#2637 = EDGE_LOOP ( 'NONE', ( #3529, #2021, #1105, #4702 ) ) ;
#2638 =( NAMED_UNIT ( * ) PLANE_ANGLE_UNIT ( ) SI_UNIT ( $, .RADIAN. ) );
#2639 = DIRECTION ( 'NONE',  ( 0.000000000000000000, -1.000000000000000000, 0.000000000000000000 ) ) ;
#2640 = EDGE_CURVE ( 'NONE', #6629, #2691, #2975, .T. ) ;
#2641 = FILL_AREA_STYLE ('',( #5264 ) ) ;
#2642 = ADVANCED_FACE ( 'NONE', ( #1987 ), #4913, .T. ) ;
#2643 = DIRECTION ( 'NONE',  ( 0.000000000000000000, -1.000000000000000000, 0.000000000000000000 ) ) ;
#2644 = ORIENTED_EDGE ( 'NONE', *, *, #3354, .T. ) ;
#2645 = ORIENTED_EDGE ( 'NONE', *, *, #1178, .F. ) ;
#2646 = SURFACE_SIDE_STYLE ('',( #3055 ) ) ;
#2647 = EDGE_CURVE ( 'NONE', #5389, #837, #438, .T. ) ;
#2648 = CARTESIAN_POINT ( 'NONE',  ( 2.500000000000000000, 0.5999999999999999778, -2.500000000000000444 ) ) ;
#2649 = CARTESIAN_POINT ( 'NONE',  ( -2.390000000000038760, 0.2999999999999999889, -2.395000000000000462 ) ) ;
#2650 = EDGE_CURVE ( 'NONE', #1500, #1915, #6480, .T. ) ;
#2651 = CARTESIAN_POINT ( 'NONE',  ( -1.890000000000013669, 0.000000000000000000, 0.1249999999999990286 ) ) ;
#2652 = FACE_OUTER_BOUND ( 'NONE', #6178, .T. ) ;
#2653 = ORIENTED_EDGE ( 'NONE', *, *, #2065, .T. ) ;
#2654 = EDGE_LOOP ( 'NONE', ( #4872, #1145, #3819, #105 ) ) ;
#2655 = PRESENTATION_LAYER_ASSIGNMENT (  '', '', ( #4069 ) ) ;
#2656 = CARTESIAN_POINT ( 'NONE',  ( -1.890000000000000790, 0.000000000000000000, 1.384999999999999121 ) ) ;
#2657 = FILL_AREA_STYLE ('',( #601 ) ) ;
#2658 = DIRECTION ( 'NONE',  ( 1.000000000000000000, 0.000000000000000000, 0.000000000000000000 ) ) ;
#2659 = FILL_AREA_STYLE_COLOUR ( '', #5552 ) ;
#2660 = DIRECTION ( 'NONE',  ( -2.146934995020800733E-16, -0.000000000000000000, 1.000000000000000000 ) ) ;
#2661 = ORIENTED_EDGE ( 'NONE', *, *, #3659, .T. ) ;
#2662 = SURFACE_STYLE_USAGE ( .BOTH. , #607 ) ;
#2663 = CARTESIAN_POINT ( 'NONE',  ( 2.390000000000026770, 0.2999999999999999889, -1.135000000000000231 ) ) ;
#2664 =( NAMED_UNIT ( * ) PLANE_ANGLE_UNIT ( ) SI_UNIT ( $, .RADIAN. ) );
#2665 = ORIENTED_EDGE ( 'NONE', *, *, #5074, .F. ) ;
#2666 = CARTESIAN_POINT ( 'NONE',  ( -1.890000000000026326, 0.2999999999999999889, -0.1250000000000009714 ) ) ;
#2667 = ORIENTED_EDGE ( 'NONE', *, *, #2564, .F. ) ;
#2668 = VECTOR ( 'NONE', #3112, 1000.000000000000000 ) ;
#2669 = PLANE ( 'NONE',  #398 ) ;
#2670 = FILL_AREA_STYLE ('',( #5224 ) ) ;
#2671 = LINE ( 'NONE', #5832, #2909 ) ;
#2672 = CARTESIAN_POINT ( 'NONE',  ( -0.7600000000000000089, 0.2999999999999999889, 9.583083854271088363E-18 ) ) ;
#2673 = FILL_AREA_STYLE ('',( #3712 ) ) ;
#2674 = PRESENTATION_LAYER_ASSIGNMENT (  '', '', ( #2446 ) ) ;
#2675 = DIRECTION ( 'NONE',  ( 0.000000000000000000, 0.000000000000000000, -1.000000000000000000 ) ) ;
#2676 = DIRECTION ( 'NONE',  ( -0.000000000000000000, -1.000000000000000000, -0.000000000000000000 ) ) ;
#2677 = ORIENTED_EDGE ( 'NONE', *, *, #5383, .T. ) ;
#2678 = PRESENTATION_LAYER_ASSIGNMENT (  '', '', ( #637 ) ) ;
#2679 = ORIENTED_EDGE ( 'NONE', *, *, #3649, .F. ) ;
#2680 = ORIENTED_EDGE ( 'NONE', *, *, #6708, .F. ) ;
#2681 = DIRECTION ( 'NONE',  ( 0.000000000000000000, -0.000000000000000000, 1.000000000000000000 ) ) ;
#2682 = CARTESIAN_POINT ( 'NONE',  ( -0.1000000000000005052, 0.5999999999999999778, -0.8500000000000000888 ) ) ;
#2683 = CARTESIAN_POINT ( 'NONE',  ( -0.1000000000000002137, 0.7599999999999998979, 0.8500000000000000888 ) ) ;
#2684 = DIRECTION ( 'NONE',  ( 1.000000000000000000, -0.000000000000000000, 2.891205793294678326E-16 ) ) ;
#2685 = PLANE ( 'NONE',  #2280 ) ;
#2686 = COLOUR_RGB ( '',0.9686274509803921573, 0.8784313725490195957, 0.5999999999999999778 ) ;
#2687 = FILL_AREA_STYLE_COLOUR ( '', #1326 ) ;
#2688 = PRESENTATION_LAYER_ASSIGNMENT (  '', '', ( #4988 ) ) ;
#2689 = UNCERTAINTY_MEASURE_WITH_UNIT (LENGTH_MEASURE( 1.000000000000000082E-05 ), #4352, 'distance_accuracy_value', 'NONE');
#2690 = ADVANCED_FACE ( 'NONE', ( #5940 ), #4384, .T. ) ;
#2691 = VERTEX_POINT ( 'NONE', #1266 ) ;
#2692 = ADVANCED_FACE ( 'NONE', ( #5072 ), #1912, .F. ) ;
#2693 = LINE ( 'NONE', #6279, #1709 ) ;
#2694 = LINE ( 'NONE', #2554, #3068 ) ;
#2695 = DIRECTION ( 'NONE',  ( 0.000000000000000000, 0.000000000000000000, -1.000000000000000000 ) ) ;
#2696 =( LENGTH_UNIT ( ) NAMED_UNIT ( * ) SI_UNIT ( .MILLI., .METRE. ) );
#2697 = SURFACE_STYLE_FILL_AREA ( #3210 ) ;
#2698 = VECTOR ( 'NONE', #1830, 1000.000000000000000 ) ;
#2699 = UNCERTAINTY_MEASURE_WITH_UNIT (LENGTH_MEASURE( 1.000000000000000082E-05 ), #1249, 'distance_accuracy_value', 'NONE');
#2700 = ORIENTED_EDGE ( 'NONE', *, *, #2935, .T. ) ;
#2701 =( NAMED_UNIT ( * ) PLANE_ANGLE_UNIT ( ) SI_UNIT ( $, .RADIAN. ) );
#2702 = LINE ( 'NONE', #2358, #2855 ) ;
#2703 = CARTESIAN_POINT ( 'NONE',  ( 0.1000000000000003247, 0.5999999999999999778, 0.09999999999999997780 ) ) ;
#2704 = ORIENTED_EDGE ( 'NONE', *, *, #1487, .T. ) ;
#2705 = PRESENTATION_LAYER_ASSIGNMENT (  '', '', ( #3465 ) ) ;
#2706 =( LENGTH_UNIT ( ) NAMED_UNIT ( * ) SI_UNIT ( .MILLI., .METRE. ) );
#2707 = ORIENTED_EDGE ( 'NONE', *, *, #4203, .F. ) ;
#2708 = AXIS2_PLACEMENT_3D ( 'NONE', #247, #2315, #1485 ) ;
#2709 =( LENGTH_UNIT ( ) NAMED_UNIT ( * ) SI_UNIT ( .MILLI., .METRE. ) );
#2710 = CARTESIAN_POINT ( 'NONE',  ( -0.8500000000000003109, 0.7599999999999998979, 0.1000000000000002970 ) ) ;
#2711 = SURFACE_STYLE_USAGE ( .BOTH. , #4333 ) ;
#2712 = SURFACE_STYLE_USAGE ( .BOTH. , #1164 ) ;
#2713 = PRESENTATION_STYLE_ASSIGNMENT (( #1620 ) ) ;
#2714 = CARTESIAN_POINT ( 'NONE',  ( -1.890000000000038982, 0.2999999999999999889, -2.395000000000000462 ) ) ;
#2715 = MECHANICAL_DESIGN_GEOMETRIC_PRESENTATION_REPRESENTATION (  '', ( #5459 ), #5015 ) ;
#2716 = VERTEX_POINT ( 'NONE', #4256 ) ;
#2717 = FILL_AREA_STYLE_COLOUR ( '', #3661 ) ;
#2718 = SURFACE_SIDE_STYLE ('',( #2215 ) ) ;
#2719 = PLANE ( 'NONE',  #3842 ) ;
#2720 = VECTOR ( 'NONE', #5208, 1000.000000000000000 ) ;
#2721 = MECHANICAL_DESIGN_GEOMETRIC_PRESENTATION_REPRESENTATION (  '', ( #779 ), #1313 ) ;
#2722 = PRESENTATION_STYLE_ASSIGNMENT (( #4754 ) ) ;
#2723 =( NAMED_UNIT ( * ) PLANE_ANGLE_UNIT ( ) SI_UNIT ( $, .RADIAN. ) );
#2724 = AXIS2_PLACEMENT_3D ( 'NONE', #4932, #272, #1849 ) ;
#2725 = VERTEX_POINT ( 'NONE', #4735 ) ;
#2726 = DIRECTION ( 'NONE',  ( 0.000000000000000000, 1.000000000000000000, 0.000000000000000000 ) ) ;
#2727 =( GEOMETRIC_REPRESENTATION_CONTEXT ( 3 ) GLOBAL_UNCERTAINTY_ASSIGNED_CONTEXT ( ( #2217 ) ) GLOBAL_UNIT_ASSIGNED_CONTEXT ( ( #1896, #5565, #6182 ) ) REPRESENTATION_CONTEXT ( 'NONE', 'WORKASPACE' ) );
#2728 = EDGE_CURVE ( 'NONE', #5389, #489, #4183, .T. ) ;
#2729 = EDGE_CURVE ( 'NONE', #2422, #4593, #4666, .T. ) ;
#2730 =( NAMED_UNIT ( * ) PLANE_ANGLE_UNIT ( ) SI_UNIT ( $, .RADIAN. ) );
#2731 = DIRECTION ( 'NONE',  ( -0.000000000000000000, -1.000000000000000000, -0.000000000000000000 ) ) ;
#2732 = MECHANICAL_DESIGN_GEOMETRIC_PRESENTATION_REPRESENTATION (  '', ( #2190 ), #20 ) ;
#2733 = EDGE_CURVE ( 'NONE', #4811, #1093, #26, .T. ) ;
#2734 = ORIENTED_EDGE ( 'NONE', *, *, #4158, .F. ) ;
#2735 = DIRECTION ( 'NONE',  ( -0.000000000000000000, -1.000000000000000000, -0.000000000000000000 ) ) ;
#2736 = CARTESIAN_POINT ( 'NONE',  ( 0.8500000000000004219, 0.5999999999999999778, 0.8499999999999998668 ) ) ;
#2737 =( LENGTH_UNIT ( ) NAMED_UNIT ( * ) SI_UNIT ( .MILLI., .METRE. ) );
#2738 = VECTOR ( 'NONE', #5651, 1000.000000000000000 ) ;
#2739 = EDGE_CURVE ( 'NONE', #3295, #4536, #2126, .T. ) ;
#2740 = LINE ( 'NONE', #3635, #3658 ) ;
#2741 = VERTEX_POINT ( 'NONE', #6748 ) ;
#2742 = STYLED_ITEM ( 'NONE', ( #4789 ), #1556 ) ;
#2743 = CARTESIAN_POINT ( 'NONE',  ( -2.500000000000000000, 0.5999999999999999778, 2.500000000000000444 ) ) ;
#2744 = DIRECTION ( 'NONE',  ( 0.000000000000000000, 0.000000000000000000, 1.000000000000000000 ) ) ;
#2745 = PRESENTATION_STYLE_ASSIGNMENT (( #790 ) ) ;
#2746 =( GEOMETRIC_REPRESENTATION_CONTEXT ( 3 ) GLOBAL_UNCERTAINTY_ASSIGNED_CONTEXT ( ( #1277 ) ) GLOBAL_UNIT_ASSIGNED_CONTEXT ( ( #5241, #5778, #3729 ) ) REPRESENTATION_CONTEXT ( 'NONE', 'WORKASPACE' ) );
#2747 = PLANE ( 'NONE',  #5891 ) ;
#2748 = EDGE_LOOP ( 'NONE', ( #3011, #6605, #2318, #4003 ) ) ;
#2749 = ORIENTED_EDGE ( 'NONE', *, *, #6488, .F. ) ;
#2750 = PRESENTATION_STYLE_ASSIGNMENT (( #3399 ) ) ;
#2751 = SURFACE_STYLE_USAGE ( .BOTH. , #2246 ) ;
#2752 =( LENGTH_UNIT ( ) NAMED_UNIT ( * ) SI_UNIT ( .MILLI., .METRE. ) );
#2753 = DIRECTION ( 'NONE',  ( -1.000000000000000000, 0.000000000000000000, -2.146934995020800486E-16 ) ) ;
#2754 = PLANE ( 'NONE',  #6445 ) ;
#2755 =( GEOMETRIC_REPRESENTATION_CONTEXT ( 3 ) GLOBAL_UNCERTAINTY_ASSIGNED_CONTEXT ( ( #3936 ) ) GLOBAL_UNIT_ASSIGNED_CONTEXT ( ( #2752, #2247, #1736 ) ) REPRESENTATION_CONTEXT ( 'NONE', 'WORKASPACE' ) );
#2756 = ORIENTED_EDGE ( 'NONE', *, *, #2471, .T. ) ;
#2757 = SURFACE_STYLE_FILL_AREA ( #3931 ) ;
#2758 = VECTOR ( 'NONE', #4373, 1000.000000000000000 ) ;
#2759 =( NAMED_UNIT ( * ) SI_UNIT ( $, .STERADIAN. ) SOLID_ANGLE_UNIT ( ) );
#2760 = LINE ( 'NONE', #189, #2963 ) ;
#2761 = DIRECTION ( 'NONE',  ( -0.000000000000000000, -0.000000000000000000, -1.000000000000000000 ) ) ;
#2762 = DIRECTION ( 'NONE',  ( -0.000000000000000000, 1.000000000000000000, 0.000000000000000000 ) ) ;
#2763 = UNCERTAINTY_MEASURE_WITH_UNIT (LENGTH_MEASURE( 1.000000000000000082E-05 ), #3023, 'distance_accuracy_value', 'NONE');
#2764 = VERTEX_POINT ( 'NONE', #2055 ) ;
#2765 = ADVANCED_FACE ( 'NONE', ( #5250 ), #1574, .T. ) ;
#2766 = DIRECTION ( 'NONE',  ( -0.000000000000000000, -1.000000000000000000, -0.000000000000000000 ) ) ;
#2767 = FILL_AREA_STYLE ('',( #714 ) ) ;
#2768 = ADVANCED_FACE ( 'NONE', ( #3738 ), #3145, .F. ) ;
#2769 = ORIENTED_EDGE ( 'NONE', *, *, #6620, .F. ) ;
#2770 = EDGE_CURVE ( 'NONE', #4378, #597, #1192, .T. ) ;
#2771 = EDGE_CURVE ( 'NONE', #4146, #270, #5393, .T. ) ;
#2772 = FILL_AREA_STYLE_COLOUR ( '', #2555 ) ;
#2773 = DIRECTION ( 'NONE',  ( 0.000000000000000000, 0.000000000000000000, -1.000000000000000000 ) ) ;
#2774 = AXIS2_PLACEMENT_3D ( 'NONE', #3549, #3446, #2421 ) ;
#2775 =( LENGTH_UNIT ( ) NAMED_UNIT ( * ) SI_UNIT ( .MILLI., .METRE. ) );
#2776 = VECTOR ( 'NONE', #3155, 1000.000000000000000 ) ;
#2777 = EDGE_LOOP ( 'NONE', ( #1169, #3054, #3856, #4964 ) ) ;
#2778 = COLOUR_RGB ( '',0.5019607843137254832, 0.5019607843137254832, 0.5019607843137254832 ) ;
#2779 = ORIENTED_EDGE ( 'NONE', *, *, #1046, .F. ) ;
#2780 = ORIENTED_EDGE ( 'NONE', *, *, #6750, .T. ) ;
#2781 = VECTOR ( 'NONE', #4305, 1000.000000000000000 ) ;
#2782 =( NAMED_UNIT ( * ) SI_UNIT ( $, .STERADIAN. ) SOLID_ANGLE_UNIT ( ) );
#2783 = FACE_OUTER_BOUND ( 'NONE', #2634, .T. ) ;
#2784 = FILL_AREA_STYLE ('',( #3889 ) ) ;
#2785 = CARTESIAN_POINT ( 'NONE',  ( -0.1000000000000002970, 0.7599999999999998979, 0.1000000000000000333 ) ) ;
#2786 = DIRECTION ( 'NONE',  ( 0.000000000000000000, 0.000000000000000000, -1.000000000000000000 ) ) ;
#2787 = DIRECTION ( 'NONE',  ( -1.445602896647340396E-16, 0.000000000000000000, -1.000000000000000000 ) ) ;
#2788 = STYLED_ITEM ( 'NONE', ( #1582 ), #4511 ) ;
#2789 = ORIENTED_EDGE ( 'NONE', *, *, #32, .T. ) ;
#2790 = CARTESIAN_POINT ( 'NONE',  ( 2.500000000000000000, 0.7600000000000005640, 2.500000000000000444 ) ) ;
#2791 = CARTESIAN_POINT ( 'NONE',  ( -2.390000000000013003, 0.2999999999999999889, 1.134999999999999121 ) ) ;
#2792 = DIRECTION ( 'NONE',  ( 0.000000000000000000, -1.000000000000000000, 0.000000000000000000 ) ) ;
#2793 = FILL_AREA_STYLE ('',( #5916 ) ) ;
#2794 = CARTESIAN_POINT ( 'NONE',  ( -2.390000000000013003, 0.2999999999999999889, 1.134999999999999121 ) ) ;
#2795 = VECTOR ( 'NONE', #3558, 1000.000000000000000 ) ;
#2796 = ORIENTED_EDGE ( 'NONE', *, *, #917, .F. ) ;
#2797 =( NAMED_UNIT ( * ) PLANE_ANGLE_UNIT ( ) SI_UNIT ( $, .RADIAN. ) );
#2798 = DIRECTION ( 'NONE',  ( 0.000000000000000000, -1.000000000000000000, 0.000000000000000000 ) ) ;
#2799 = SURFACE_SIDE_STYLE ('',( #6433 ) ) ;
#2800 = COLOUR_RGB ( '',0.9686274509803921573, 0.8784313725490195957, 0.5999999999999999778 ) ;
#2801 = DIRECTION ( 'NONE',  ( 0.000000000000000000, 1.000000000000000000, 0.000000000000000000 ) ) ;
#2802 = ORIENTED_EDGE ( 'NONE', *, *, #3981, .T. ) ;
#2803 = STYLED_ITEM ( 'NONE', ( #4372 ), #1936 ) ;
#2804 = FACE_OUTER_BOUND ( 'NONE', #4089, .T. ) ;
#2805 = APPLICATION_CONTEXT ( 'automotive_design' ) ;
#2806 = DIRECTION ( 'NONE',  ( 0.000000000000000000, 0.000000000000000000, 1.000000000000000000 ) ) ;
#2807 = COLOUR_RGB ( '',0.7921568627450980005, 0.8196078431372548767, 0.9333333333333333481 ) ;
#2808 = DIRECTION ( 'NONE',  ( 0.000000000000000000, 0.000000000000000000, -1.000000000000000000 ) ) ;
#2809 = DIRECTION ( 'NONE',  ( -1.000000000000000000, 0.000000000000000000, 3.614007241618347785E-16 ) ) ;
#2810 = DIRECTION ( 'NONE',  ( -1.000000000000000000, 0.000000000000000000, 8.673617379884033007E-17 ) ) ;
#2811 = PRESENTATION_STYLE_ASSIGNMENT (( #3881 ) ) ;
#2812 = ADVANCED_FACE ( 'NONE', ( #647 ), #1718, .T. ) ;
#2813 = EDGE_CURVE ( 'NONE', #1047, #6629, #4323, .T. ) ;
#2814 = ORIENTED_EDGE ( 'NONE', *, *, #6036, .F. ) ;
#2815 = CARTESIAN_POINT ( 'NONE',  ( 0.8500000000000003109, 0.7599999999999998979, -0.1000000000000000056 ) ) ;
#2816 = LINE ( 'NONE', #6510, #3544 ) ;
#2817 =( NAMED_UNIT ( * ) PLANE_ANGLE_UNIT ( ) SI_UNIT ( $, .RADIAN. ) );
#2818 = SURFACE_STYLE_FILL_AREA ( #3400 ) ;
#2819 = LINE ( 'NONE', #2856, #4072 ) ;
#2820 = LINE ( 'NONE', #3493, #4901 ) ;
#2821 =( GEOMETRIC_REPRESENTATION_CONTEXT ( 3 ) GLOBAL_UNCERTAINTY_ASSIGNED_CONTEXT ( ( #2223 ) ) GLOBAL_UNIT_ASSIGNED_CONTEXT ( ( #5653, #798, #4534 ) ) REPRESENTATION_CONTEXT ( 'NONE', 'WORKASPACE' ) );
#2822 = LINE ( 'NONE', #865, #5254 ) ;
#2823 = VECTOR ( 'NONE', #4590, 1000.000000000000000 ) ;
#2824 = PRESENTATION_LAYER_ASSIGNMENT (  '', '', ( #5134 ) ) ;
#2825 = PLANE ( 'NONE',  #1070 ) ;
#2826 = DIRECTION ( 'NONE',  ( -0.7071067811865475727, 0.000000000000000000, 0.7071067811865474617 ) ) ;
#2827 = CARTESIAN_POINT ( 'NONE',  ( -1.890000000000026326, 0.000000000000000000, -0.1250000000000009714 ) ) ;
#2828 = CARTESIAN_POINT ( 'NONE',  ( 0.8500000000000003109, 0.7599999999999998979, -0.1000000000000000056 ) ) ;
#2829 =( NAMED_UNIT ( * ) SI_UNIT ( $, .STERADIAN. ) SOLID_ANGLE_UNIT ( ) );
#2830 = AXIS2_PLACEMENT_3D ( 'NONE', #3831, #1304, #5915 ) ;
#2831 = COLOUR_RGB ( '',0.5019607843137254832, 0.5019607843137254832, 0.5019607843137254832 ) ;
#2832 = UNCERTAINTY_MEASURE_WITH_UNIT (LENGTH_MEASURE( 1.000000000000000082E-05 ), #5109, 'distance_accuracy_value', 'NONE');
#2833 = VERTEX_POINT ( 'NONE', #1221 ) ;
#2834 = COLOUR_RGB ( '',0.9686274509803921573, 0.8784313725490195957, 0.5999999999999999778 ) ;
#2835 =( NAMED_UNIT ( * ) PLANE_ANGLE_UNIT ( ) SI_UNIT ( $, .RADIAN. ) );
#2836 =( GEOMETRIC_REPRESENTATION_CONTEXT ( 3 ) GLOBAL_UNCERTAINTY_ASSIGNED_CONTEXT ( ( #605 ) ) GLOBAL_UNIT_ASSIGNED_CONTEXT ( ( #6218, #3169, #6274 ) ) REPRESENTATION_CONTEXT ( 'NONE', 'WORKASPACE' ) );
#2837 = CARTESIAN_POINT ( 'NONE',  ( 2.390000000000000124, 0.000000000000000000, 2.395000000000000018 ) ) ;
#2838 = FILL_AREA_STYLE_COLOUR ( '', #1650 ) ;
#2839 = SURFACE_STYLE_USAGE ( .BOTH. , #3325 ) ;
#2840 = AXIS2_PLACEMENT_3D ( 'NONE', #6504, #4371, #4443 ) ;
#2841 = ORIENTED_EDGE ( 'NONE', *, *, #4993, .T. ) ;
#2842 = VERTEX_POINT ( 'NONE', #1314 ) ;
#2843 =( NAMED_UNIT ( * ) SI_UNIT ( $, .STERADIAN. ) SOLID_ANGLE_UNIT ( ) );
#2844 = STYLED_ITEM ( 'NONE', ( #4505 ), #5613 ) ;
#2845 = CARTESIAN_POINT ( 'NONE',  ( -2.390000000000013003, 0.000000000000000000, 1.134999999999999121 ) ) ;
#2846 = FILL_AREA_STYLE_COLOUR ( '', #4678 ) ;
#2847 = CARTESIAN_POINT ( 'NONE',  ( 0.8500000000000001998, 0.5999999999999999778, -0.8500000000000000888 ) ) ;
#2848 = VECTOR ( 'NONE', #4733, 1000.000000000000000 ) ;
#2849 = EDGE_LOOP ( 'NONE', ( #2734, #6230, #1546, #6365 ) ) ;
#2850 = CARTESIAN_POINT ( 'NONE',  ( 1.890000000000026326, 0.000000000000000000, -0.1250000000000001110 ) ) ;
#2851 = SURFACE_STYLE_USAGE ( .BOTH. , #2273 ) ;
#2852 = EDGE_CURVE ( 'NONE', #5001, #709, #4363, .T. ) ;
#2853 = DIRECTION ( 'NONE',  ( 1.000000000000000000, 0.000000000000000000, 0.000000000000000000 ) ) ;
#2854 = CARTESIAN_POINT ( 'NONE',  ( 1.890000000000013669, 0.2999999999999999889, 0.1249999999999998890 ) ) ;
#2855 = VECTOR ( 'NONE', #3480, 1000.000000000000000 ) ;
#2856 = CARTESIAN_POINT ( 'NONE',  ( 1.890000000000039648, 0.000000000000000000, -1.385000000000000453 ) ) ;
#2857 = MECHANICAL_DESIGN_GEOMETRIC_PRESENTATION_REPRESENTATION (  '', ( #2742 ), #6679 ) ;
#2858 = ADVANCED_FACE ( 'NONE', ( #1788 ), #1757, .F. ) ;
#2859 = VERTEX_POINT ( 'NONE', #3512 ) ;
#2860 = EDGE_CURVE ( 'NONE', #6614, #5389, #6021, .T. ) ;
#2861 = CARTESIAN_POINT ( 'NONE',  ( -1.890000000000026104, 0.2999999999999999889, -1.135000000000001119 ) ) ;
#2862 = EDGE_CURVE ( 'NONE', #849, #4547, #4960, .T. ) ;
#2863 = PLANE ( 'NONE',  #5024 ) ;
#2864 = PRESENTATION_LAYER_ASSIGNMENT (  '', '', ( #1793 ) ) ;
#2865 = SURFACE_STYLE_USAGE ( .BOTH. , #6586 ) ;
#2866 = SURFACE_STYLE_FILL_AREA ( #5601 ) ;
#2867 = FILL_AREA_STYLE ('',( #6018 ) ) ;
#2868 = CARTESIAN_POINT ( 'NONE',  ( 2.500000000000000000, 0.7600000000000005640, -2.500000000000000444 ) ) ;
#2869 = DIRECTION ( 'NONE',  ( -1.000000000000000000, 0.000000000000000000, -1.560003125878423623E-16 ) ) ;
#2870 = SURFACE_SIDE_STYLE ('',( #910 ) ) ;
#2871 = DIRECTION ( 'NONE',  ( 0.000000000000000000, -1.000000000000000000, 0.000000000000000000 ) ) ;
#2872 = CARTESIAN_POINT ( 'NONE',  ( 2.500000000000000000, 0.5999999999999999778, 2.500000000000000444 ) ) ;
#2873 = VECTOR ( 'NONE', #2269, 1000.000000000000000 ) ;
#2874 = CARTESIAN_POINT ( 'NONE',  ( -1.890000000000000790, 0.2999999999999999889, 1.384999999999999121 ) ) ;
#2875 = ORIENTED_EDGE ( 'NONE', *, *, #6210, .F. ) ;
#2876 = CARTESIAN_POINT ( 'NONE',  ( 0.1000000000000002970, 0.7599999999999998979, -0.1000000000000000056 ) ) ;
#2877 = STYLED_ITEM ( 'NONE', ( #76 ), #6451 ) ;
#2878 = PLANE ( 'NONE',  #2724 ) ;
#2879 = LINE ( 'NONE', #5107, #305 ) ;
#2880 = SURFACE_STYLE_FILL_AREA ( #5608 ) ;
#2881 =( LENGTH_UNIT ( ) NAMED_UNIT ( * ) SI_UNIT ( .MILLI., .METRE. ) );
#2882 = DIRECTION ( 'NONE',  ( 0.000000000000000000, -1.000000000000000000, 0.000000000000000000 ) ) ;
#2883 = SURFACE_SIDE_STYLE ('',( #4850 ) ) ;
#2884 = ORIENTED_EDGE ( 'NONE', *, *, #2113, .T. ) ;
#2885 = LINE ( 'NONE', #1424, #87 ) ;
#2886 = PRESENTATION_LAYER_ASSIGNMENT (  '', '', ( #1898 ) ) ;
#2887 = CARTESIAN_POINT ( 'NONE',  ( 0.1000000000000003247, 0.7599999999999998979, 0.09999999999999997780 ) ) ;
#2888 = LINE ( 'NONE', #2785, #165 ) ;
#2889 = PLANE ( 'NONE',  #6011 ) ;
#2890 = COLOUR_RGB ( '',0.9686274509803921573, 0.8784313725490195957, 0.5999999999999999778 ) ;
#2891 = CLOSED_SHELL ( 'NONE', ( #5128, #6116, #756, #6243, #915, #6367, #1606, #4113, #5345, #5577, #3741, #5394, #2642, #4871, #1250, #3247, #882, #5991, #3740, #1129, #3233, #2068 ) ) ;
#2892 = CARTESIAN_POINT ( 'NONE',  ( 2.390000000000000124, 0.000000000000000000, 2.395000000000000018 ) ) ;
#2893 = ORIENTED_EDGE ( 'NONE', *, *, #4947, .T. ) ;
#2894 = EDGE_LOOP ( 'NONE', ( #316, #5562, #716, #1888 ) ) ;
#2895 = SURFACE_STYLE_FILL_AREA ( #1432 ) ;
#2896 = FILL_AREA_STYLE_COLOUR ( '', #893 ) ;
#2897 = SURFACE_STYLE_USAGE ( .BOTH. , #5020 ) ;
#2898 = EDGE_CURVE ( 'NONE', #1397, #6198, #1443, .T. ) ;
#2899 = EDGE_CURVE ( 'NONE', #3681, #178, #1349, .T. ) ;
#2900 = EDGE_CURVE ( 'NONE', #2764, #3971, #5476, .T. ) ;
#2901 = VECTOR ( 'NONE', #4760, 1000.000000000000000 ) ;
#2902 =( LENGTH_UNIT ( ) NAMED_UNIT ( * ) SI_UNIT ( .MILLI., .METRE. ) );
#2903 =( NAMED_UNIT ( * ) PLANE_ANGLE_UNIT ( ) SI_UNIT ( $, .RADIAN. ) );
#2904 = STYLED_ITEM ( 'NONE', ( #4630 ), #838 ) ;
#2905 = PRESENTATION_STYLE_ASSIGNMENT (( #846 ) ) ;
#2906 =( NAMED_UNIT ( * ) SI_UNIT ( $, .STERADIAN. ) SOLID_ANGLE_UNIT ( ) );
#2907 = CARTESIAN_POINT ( 'NONE',  ( 1.890000000000013669, 0.000000000000000000, 0.1249999999999998890 ) ) ;
#2908 = VECTOR ( 'NONE', #868, 1000.000000000000000 ) ;
#2909 = VECTOR ( 'NONE', #3673, 1000.000000000000000 ) ;
#2910 = ORIENTED_EDGE ( 'NONE', *, *, #6208, .F. ) ;
#2911 = EDGE_LOOP ( 'NONE', ( #6680, #2679, #2200, #4929 ) ) ;
#2912 = LINE ( 'NONE', #3391, #327 ) ;
#2913 = STYLED_ITEM ( 'NONE', ( #3641 ), #1782 ) ;
#2914 = LINE ( 'NONE', #5003, #6544 ) ;
#2915 = CARTESIAN_POINT ( 'NONE',  ( -0.1000000000000003247, 0.7599999999999998979, -0.1000000000000000056 ) ) ;
#2916 = CARTESIAN_POINT ( 'NONE',  ( 0.000000000000000000, 0.5999999999999999778, 0.000000000000000000 ) ) ;
#2917 = FILL_AREA_STYLE_COLOUR ( '', #4622 ) ;
#2918 = ORIENTED_EDGE ( 'NONE', *, *, #2566, .T. ) ;
#2919 = STYLED_ITEM ( 'NONE', ( #823 ), #1973 ) ;
#2920 = ORIENTED_EDGE ( 'NONE', *, *, #4029, .T. ) ;
#2921 = CARTESIAN_POINT ( 'NONE',  ( -2.500000000000000888, 0.5999999999999999778, -2.500000000000000444 ) ) ;
#2922 = LINE ( 'NONE', #3562, #2507 ) ;
#2923 =( NAMED_UNIT ( * ) SI_UNIT ( $, .STERADIAN. ) SOLID_ANGLE_UNIT ( ) );
#2924 = STYLED_ITEM ( 'NONE', ( #911 ), #2196 ) ;
#2925 = CARTESIAN_POINT ( 'NONE',  ( 0.000000000000000000, 0.2999999999999999889, 0.000000000000000000 ) ) ;
#2926 = VECTOR ( 'NONE', #3096, 1000.000000000000000 ) ;
#2927 = ORIENTED_EDGE ( 'NONE', *, *, #1652, .F. ) ;
#2928 = PRESENTATION_STYLE_ASSIGNMENT (( #970 ) ) ;
#2929 = VECTOR ( 'NONE', #573, 1000.000000000000000 ) ;
#2930 =( LENGTH_UNIT ( ) NAMED_UNIT ( * ) SI_UNIT ( .MILLI., .METRE. ) );
#2931 = DIRECTION ( 'NONE',  ( 1.000000000000000000, 0.000000000000000000, 2.146934995020800486E-16 ) ) ;
#2932 = STYLED_ITEM ( 'NONE', ( #5826 ), #2768 ) ;
#2933 = DIRECTION ( 'NONE',  ( 1.000000000000000000, 0.000000000000000000, 0.000000000000000000 ) ) ;
#2934 = CARTESIAN_POINT ( 'NONE',  ( -2.390000000000001013, 0.000000000000000000, 2.394999999999999130 ) ) ;
#2935 = EDGE_CURVE ( 'NONE', #3457, #6267, #847, .T. ) ;
#2936 = SURFACE_SIDE_STYLE ('',( #6493 ) ) ;
#2937 = EDGE_CURVE ( 'NONE', #1047, #6585, #3942, .T. ) ;
#2938 =( LENGTH_UNIT ( ) NAMED_UNIT ( * ) SI_UNIT ( .MILLI., .METRE. ) );
#2939 = COLOUR_RGB ( '',1.000000000000000000, 1.000000000000000000, 0.000000000000000000 ) ;
#2940 = CARTESIAN_POINT ( 'NONE',  ( -1.890000000000000790, 0.2999999999999999889, 1.384999999999999121 ) ) ;
#2941 = SURFACE_STYLE_FILL_AREA ( #980 ) ;
#2942 = EDGE_LOOP ( 'NONE', ( #2165, #4906, #5145, #5045 ) ) ;
#2943 = CARTESIAN_POINT ( 'NONE',  ( 2.390000000000039648, 0.000000000000000000, -1.385000000000000453 ) ) ;
#2944 = CARTESIAN_POINT ( 'NONE',  ( 0.8500000000000003109, 0.7599999999999998979, -0.1000000000000000056 ) ) ;
#2945 = ADVANCED_FACE ( 'NONE', ( #4001 ), #5510, .F. ) ;
#2946 = SURFACE_SIDE_STYLE ('',( #5486 ) ) ;
#2947 = CARTESIAN_POINT ( 'NONE',  ( 0.8500000000000003109, 0.7599999999999973443, 0.09999999999999970024 ) ) ;
#2948 = VERTEX_POINT ( 'NONE', #5099 ) ;
#2949 = AXIS2_PLACEMENT_3D ( 'NONE', #3749, #100, #4227 ) ;
#2950 = ORIENTED_EDGE ( 'NONE', *, *, #6275, .T. ) ;
#2951 = DIRECTION ( 'NONE',  ( 0.000000000000000000, 1.000000000000000000, 0.000000000000000000 ) ) ;
#2952 = CARTESIAN_POINT ( 'NONE',  ( -1.389999999999999902, 0.000000000000000000, -2.390000000000000568 ) ) ;
#2953 = PRESENTATION_STYLE_ASSIGNMENT (( #4978 ) ) ;
#2954 = SURFACE_STYLE_FILL_AREA ( #897 ) ;
#2955 = VECTOR ( 'NONE', #5584, 1000.000000000000000 ) ;
#2956 = SURFACE_STYLE_FILL_AREA ( #899 ) ;
#2957 = VERTEX_POINT ( 'NONE', #2907 ) ;
#2958 = VERTEX_POINT ( 'NONE', #4998 ) ;
#2959 = SURFACE_SIDE_STYLE ('',( #903 ) ) ;
#2960 = FILL_AREA_STYLE_COLOUR ( '', #3382 ) ;
#2961 = SURFACE_STYLE_USAGE ( .BOTH. , #4551 ) ;
#2962 = LINE ( 'NONE', #3505, #1001 ) ;
#2963 = VECTOR ( 'NONE', #2695, 1000.000000000000000 ) ;
#2964 = UNCERTAINTY_MEASURE_WITH_UNIT (LENGTH_MEASURE( 1.000000000000000082E-05 ), #2902, 'distance_accuracy_value', 'NONE');
#2965 =( GEOMETRIC_REPRESENTATION_CONTEXT ( 3 ) GLOBAL_UNCERTAINTY_ASSIGNED_CONTEXT ( ( #2230 ) ) GLOBAL_UNIT_ASSIGNED_CONTEXT ( ( #563, #2624, #1602 ) ) REPRESENTATION_CONTEXT ( 'NONE', 'WORKASPACE' ) );
#2966 = FACE_OUTER_BOUND ( 'NONE', #2545, .T. ) ;
#2967 = PRESENTATION_STYLE_ASSIGNMENT (( #944 ) ) ;
#2968 = DIRECTION ( 'NONE',  ( 0.000000000000000000, 1.000000000000000000, 0.000000000000000000 ) ) ;
#2969 = COLOUR_RGB ( '',0.5019607843137254832, 0.5019607843137254832, 0.5019607843137254832 ) ;
#2970 = SURFACE_STYLE_USAGE ( .BOTH. , #5143 ) ;
#2971 = ORIENTED_EDGE ( 'NONE', *, *, #2566, .F. ) ;
#2972 =( LENGTH_UNIT ( ) NAMED_UNIT ( * ) SI_UNIT ( .MILLI., .METRE. ) );
#2973 = CARTESIAN_POINT ( 'NONE',  ( 1.890000000000026548, 0.2999999999999999889, -1.135000000000000231 ) ) ;
#2974 = FACE_OUTER_BOUND ( 'NONE', #4867, .T. ) ;
#2975 = LINE ( 'NONE', #3527, #4688 ) ;
#2976 = EDGE_LOOP ( 'NONE', ( #5671, #5478, #419, #6509 ) ) ;
#2977 = ADVANCED_FACE ( 'NONE', ( #4497 ), #361, .F. ) ;
#2978 = EDGE_CURVE ( 'NONE', #5822, #3944, #604, .T. ) ;
#2979 = EDGE_CURVE ( 'NONE', #4187, #90, #978, .T. ) ;
#2981 = ORIENTED_EDGE ( 'NONE', *, *, #794, .F. ) ;
#2980 = PRESENTATION_LAYER_ASSIGNMENT (  '', '', ( #2877 ) ) ;
#2982 = FILL_AREA_STYLE_COLOUR ( '', #5527 ) ;
#2983 = DIRECTION ( 'NONE',  ( -1.445602896647340396E-16, 0.000000000000000000, -1.000000000000000000 ) ) ;
#2984 = DIRECTION ( 'NONE',  ( 1.000000000000000000, 0.000000000000000000, 2.146934995020799746E-16 ) ) ;
#2985 = LINE ( 'NONE', #5082, #2096 ) ;
#2986 = VERTEX_POINT ( 'NONE', #4691 ) ;
#2987 = ORIENTED_EDGE ( 'NONE', *, *, #5662, .T. ) ;
#2988 = ORIENTED_EDGE ( 'NONE', *, *, #3137, .F. ) ;
#2989 =( LENGTH_UNIT ( ) NAMED_UNIT ( * ) SI_UNIT ( .MILLI., .METRE. ) );
#2990 = FILL_AREA_STYLE_COLOUR ( '', #729 ) ;
#2991 = STYLED_ITEM ( 'NONE', ( #4489 ), #1286 ) ;
#2992 =( GEOMETRIC_REPRESENTATION_CONTEXT ( 3 ) GLOBAL_UNCERTAINTY_ASSIGNED_CONTEXT ( ( #6471 ) ) GLOBAL_UNIT_ASSIGNED_CONTEXT ( ( #5967, #1517, #5155 ) ) REPRESENTATION_CONTEXT ( 'NONE', 'WORKASPACE' ) );
#2993 =( GEOMETRIC_REPRESENTATION_CONTEXT ( 3 ) GLOBAL_UNCERTAINTY_ASSIGNED_CONTEXT ( ( #5646 ) ) GLOBAL_UNIT_ASSIGNED_CONTEXT ( ( #2706, #3705, #1578 ) ) REPRESENTATION_CONTEXT ( 'NONE', 'WORKASPACE' ) );
#2994 = CARTESIAN_POINT ( 'NONE',  ( -2.390000000000038760, 0.000000000000000000, -1.385000000000001341 ) ) ;
#2995 =( GEOMETRIC_REPRESENTATION_CONTEXT ( 3 ) GLOBAL_UNCERTAINTY_ASSIGNED_CONTEXT ( ( #6247 ) ) GLOBAL_UNIT_ASSIGNED_CONTEXT ( ( #3820, #3304, #2782 ) ) REPRESENTATION_CONTEXT ( 'NONE', 'WORKASPACE' ) );
#2996 = FILL_AREA_STYLE ('',( #1142 ) ) ;
#2997 = PRESENTATION_STYLE_ASSIGNMENT (( #4526 ) ) ;
#2998 = DIRECTION ( 'NONE',  ( 1.000000000000000000, 0.000000000000000000, 0.000000000000000000 ) ) ;
#2999 = CARTESIAN_POINT ( 'NONE',  ( -1.389999999999999902, 0.2999999999999999889, 2.389999999999999680 ) ) ;
#3000 = VECTOR ( 'NONE', #5116, 1000.000000000000000 ) ;
#3001 = ORIENTED_EDGE ( 'NONE', *, *, #4662, .T. ) ;
#3002 = ORIENTED_EDGE ( 'NONE', *, *, #2110, .T. ) ;
#3003 = VECTOR ( 'NONE', #6630, 1000.000000000000000 ) ;
#3004 = DIRECTION ( 'NONE',  ( 0.000000000000000000, 0.000000000000000000, 1.000000000000000000 ) ) ;
#3005 = SURFACE_STYLE_USAGE ( .BOTH. , #3522 ) ;
#3006 = DIRECTION ( 'NONE',  ( 0.000000000000000000, -0.000000000000000000, -1.000000000000000000 ) ) ;
#3007 = VECTOR ( 'NONE', #5174, 1000.000000000000000 ) ;
#3008 = FILL_AREA_STYLE ('',( #2917 ) ) ;
#3009 = EDGE_LOOP ( 'NONE', ( #6248, #5337, #3262, #6729 ) ) ;
#3010 = VECTOR ( 'NONE', #1884, 1000.000000000000000 ) ;
#3011 = ORIENTED_EDGE ( 'NONE', *, *, #3649, .T. ) ;
#3012 = CARTESIAN_POINT ( 'NONE',  ( 2.390000000000000124, 0.2999999999999999889, 1.385000000000000009 ) ) ;
#3013 = LINE ( 'NONE', #4677, #1879 ) ;
#3014 = FILL_AREA_STYLE_COLOUR ( '', #811 ) ;
#3015 = EDGE_CURVE ( 'NONE', #849, #2948, #4766, .T. ) ;
#3016 = CARTESIAN_POINT ( 'NONE',  ( 0.000000000000000000, 0.5999999999999999778, 0.000000000000000000 ) ) ;
#3017 = EDGE_LOOP ( 'NONE', ( #4286, #4109, #2453, #4269 ) ) ;
#3018 = ORIENTED_EDGE ( 'NONE', *, *, #1647, .F. ) ;
#3019 = ORIENTED_EDGE ( 'NONE', *, *, #871, .F. ) ;
#3020 =( NAMED_UNIT ( * ) PLANE_ANGLE_UNIT ( ) SI_UNIT ( $, .RADIAN. ) );
#3021 = DIRECTION ( 'NONE',  ( 0.000000000000000000, 0.000000000000000000, -1.000000000000000000 ) ) ;
#3022 = EDGE_CURVE ( 'NONE', #6312, #5929, #18, .T. ) ;
#3023 =( LENGTH_UNIT ( ) NAMED_UNIT ( * ) SI_UNIT ( .MILLI., .METRE. ) );
#3024 = COLOUR_RGB ( '',0.9686274509803921573, 0.8784313725490195957, 0.5999999999999999778 ) ;
#3025 = UNCERTAINTY_MEASURE_WITH_UNIT (LENGTH_MEASURE( 1.000000000000000082E-05 ), #5701, 'distance_accuracy_value', 'NONE');
#3026 = UNCERTAINTY_MEASURE_WITH_UNIT (LENGTH_MEASURE( 1.000000000000000082E-05 ), #4165, 'distance_accuracy_value', 'NONE');
#3027 = CARTESIAN_POINT ( 'NONE',  ( 2.390000000000013003, 0.000000000000000000, 1.135000000000000009 ) ) ;
#3028 =( NAMED_UNIT ( * ) SI_UNIT ( $, .STERADIAN. ) SOLID_ANGLE_UNIT ( ) );
#3029 = DIRECTION ( 'NONE',  ( 0.000000000000000000, 0.000000000000000000, 1.000000000000000000 ) ) ;
#3030 = DIRECTION ( 'NONE',  ( 0.000000000000000000, 0.000000000000000000, -1.000000000000000000 ) ) ;
#3031 = VECTOR ( 'NONE', #6083, 1000.000000000000000 ) ;
#3032 = UNCERTAINTY_MEASURE_WITH_UNIT (LENGTH_MEASURE( 1.000000000000000082E-05 ), #4927, 'distance_accuracy_value', 'NONE');
#3033 = DIRECTION ( 'NONE',  ( 0.000000000000000000, -1.000000000000000000, 0.000000000000000000 ) ) ;
#3034 = ORIENTED_EDGE ( 'NONE', *, *, #871, .T. ) ;
#3035 = PRESENTATION_LAYER_ASSIGNMENT (  '', '', ( #5679 ) ) ;
#3036 = DIRECTION ( 'NONE',  ( -1.000000000000000000, -0.000000000000000000, -0.000000000000000000 ) ) ;
#3037 = LINE ( 'NONE', #5148, #6556 ) ;
#3038 = CARTESIAN_POINT ( 'NONE',  ( -1.389999999999999902, 0.2999999999999999889, -2.390000000000000568 ) ) ;
#3039 = CARTESIAN_POINT ( 'NONE',  ( 1.890000000000026326, 0.000000000000000000, -0.1250000000000001110 ) ) ;
#3040 = PRESENTATION_LAYER_ASSIGNMENT (  '', '', ( #3590 ) ) ;
#3041 = VERTEX_POINT ( 'NONE', #5243 ) ;
#3042 =( GEOMETRIC_REPRESENTATION_CONTEXT ( 3 ) GLOBAL_UNCERTAINTY_ASSIGNED_CONTEXT ( ( #5853 ) ) GLOBAL_UNIT_ASSIGNED_CONTEXT ( ( #2048, #88, #5284 ) ) REPRESENTATION_CONTEXT ( 'NONE', 'WORKASPACE' ) );
#3043 = DIRECTION ( 'NONE',  ( 0.000000000000000000, -0.000000000000000000, 1.000000000000000000 ) ) ;
#3044 = ORIENTED_EDGE ( 'NONE', *, *, #1448, .F. ) ;
#3045 = DIRECTION ( 'NONE',  ( 0.7071067811865474617, -0.000000000000000000, -0.7071067811865474617 ) ) ;
#3046 = STYLED_ITEM ( 'NONE', ( #2511 ), #5035 ) ;
#3047 = DIRECTION ( 'NONE',  ( -1.000000000000000000, 0.000000000000000000, 2.349104707051926602E-16 ) ) ;
#3048 = CARTESIAN_POINT ( 'NONE',  ( 0.8500000000000004219, 0.7599999999999998979, 0.8499999999999998668 ) ) ;
#3049 =( NAMED_UNIT ( * ) PLANE_ANGLE_UNIT ( ) SI_UNIT ( $, .RADIAN. ) );
#3050 = CARTESIAN_POINT ( 'NONE',  ( 1.890000000000039870, 0.2999999999999999889, -2.395000000000000462 ) ) ;
#3051 = ORIENTED_EDGE ( 'NONE', *, *, #2057, .F. ) ;
#3052 = ORIENTED_EDGE ( 'NONE', *, *, #918, .T. ) ;
#3053 = ADVANCED_FACE ( 'NONE', ( #4178 ), #6739, .F. ) ;
#3054 = ORIENTED_EDGE ( 'NONE', *, *, #797, .F. ) ;
#3055 = SURFACE_STYLE_FILL_AREA ( #5771 ) ;
#3056 = PRESENTATION_STYLE_ASSIGNMENT (( #3573 ) ) ;
#3057 = VECTOR ( 'NONE', #2809, 1000.000000000000000 ) ;
#3058 =( NAMED_UNIT ( * ) SI_UNIT ( $, .STERADIAN. ) SOLID_ANGLE_UNIT ( ) );
#3059 = ADVANCED_FACE ( 'NONE', ( #54 ), #3625, .T. ) ;
#3060 =( GEOMETRIC_REPRESENTATION_CONTEXT ( 3 ) GLOBAL_UNCERTAINTY_ASSIGNED_CONTEXT ( ( #4890 ) ) GLOBAL_UNIT_ASSIGNED_CONTEXT ( ( #6495, #5986, #813 ) ) REPRESENTATION_CONTEXT ( 'NONE', 'WORKASPACE' ) );
#3061 = ORIENTED_EDGE ( 'NONE', *, *, #4150, .T. ) ;
#3062 = EDGE_CURVE ( 'NONE', #4593, #2621, #4317, .T. ) ;
#3063 = EDGE_CURVE ( 'NONE', #850, #2518, #5948, .T. ) ;
#3064 = AXIS2_PLACEMENT_3D ( 'NONE', #703, #3312, #5411 ) ;
#3065 = LINE ( 'NONE', #2416, #4986 ) ;
#3066 = CARTESIAN_POINT ( 'NONE',  ( -0.8500000000000003109, 0.5999999999999999778, 0.1000000000000002970 ) ) ;
#3067 = DIRECTION ( 'NONE',  ( 0.000000000000000000, 0.000000000000000000, -1.000000000000000000 ) ) ;
#3068 = VECTOR ( 'NONE', #1042, 1000.000000000000000 ) ;
#3069 = LINE ( 'NONE', #5180, #290 ) ;
#3070 = PRESENTATION_LAYER_ASSIGNMENT (  '', '', ( #6032 ) ) ;
#3071 = VERTEX_POINT ( 'NONE', #5319 ) ;
#3072 = DIRECTION ( 'NONE',  ( 0.000000000000000000, 0.000000000000000000, 1.000000000000000000 ) ) ;
#3073 = FILL_AREA_STYLE ('',( #435 ) ) ;
#3074 =( NAMED_UNIT ( * ) PLANE_ANGLE_UNIT ( ) SI_UNIT ( $, .RADIAN. ) );
#3075 = LINE ( 'NONE', #5184, #3458 ) ;
#3076 = CARTESIAN_POINT ( 'NONE',  ( 1.890000000000026326, 0.2999999999999999889, -0.1250000000000001110 ) ) ;
#3077 = MECHANICAL_DESIGN_GEOMETRIC_PRESENTATION_REPRESENTATION (  '', ( #5498 ), #2106 ) ;
#3078 = EDGE_LOOP ( 'NONE', ( #3868, #1928, #5034, #4535 ) ) ;
#3079 = FACE_OUTER_BOUND ( 'NONE', #3903, .T. ) ;
#3080 = ORIENTED_EDGE ( 'NONE', *, *, #4079, .T. ) ;
#3081 = MECHANICAL_DESIGN_GEOMETRIC_PRESENTATION_REPRESENTATION (  '', ( #6043 ), #826 ) ;
#3082 = CARTESIAN_POINT ( 'NONE',  ( 0.000000000000000000, 0.7600000000000002309, 0.000000000000000000 ) ) ;
#3083 = PRESENTATION_STYLE_ASSIGNMENT (( #4121 ) ) ;
#3084 = ORIENTED_EDGE ( 'NONE', *, *, #2156, .F. ) ;
#3085 = ORIENTED_EDGE ( 'NONE', *, *, #6452, .T. ) ;
#3086 = EDGE_LOOP ( 'NONE', ( #4981, #1515, #5785, #2186 ) ) ;
#3087 = FILL_AREA_STYLE_COLOUR ( '', #6721 ) ;
#3088 = DIRECTION ( 'NONE',  ( -1.000000000000000000, -0.000000000000000000, -0.000000000000000000 ) ) ;
#3089 = LINE ( 'NONE', #6693, #4581 ) ;
#3090 = EDGE_LOOP ( 'NONE', ( #3052, #760, #21, #4022 ) ) ;
#3091 = FACE_BOUND ( 'NONE', #4851, .T. ) ;
#3092 = STYLED_ITEM ( 'NONE', ( #333 ), #1086 ) ;
#3093 = FILL_AREA_STYLE_COLOUR ( '', #2414 ) ;
#3094 = VECTOR ( 'NONE', #6094, 1000.000000000000000 ) ;
#3095 = LINE ( 'NONE', #5643, #3731 ) ;
#3096 = DIRECTION ( 'NONE',  ( -0.000000000000000000, -1.000000000000000000, -0.000000000000000000 ) ) ;
#3097 = ADVANCED_FACE ( 'NONE', ( #5386 ), #1276, .T. ) ;
#3098 = SURFACE_STYLE_FILL_AREA ( #6251 ) ;
#3099 = ADVANCED_FACE ( 'NONE', ( #736 ), #5354, .T. ) ;
#3100 = UNCERTAINTY_MEASURE_WITH_UNIT (LENGTH_MEASURE( 1.000000000000000082E-05 ), #2066, 'distance_accuracy_value', 'NONE');
#3101 = MECHANICAL_DESIGN_GEOMETRIC_PRESENTATION_REPRESENTATION (  '', ( #4447 ), #5743 ) ;
#3102 = UNCERTAINTY_MEASURE_WITH_UNIT (LENGTH_MEASURE( 1.000000000000000082E-05 ), #2737, 'distance_accuracy_value', 'NONE');
#3103 = MECHANICAL_DESIGN_GEOMETRIC_PRESENTATION_REPRESENTATION (  '', ( #3220 ), #3773 ) ;
#3104 = ORIENTED_EDGE ( 'NONE', *, *, #4462, .T. ) ;
#3105 =( NAMED_UNIT ( * ) PLANE_ANGLE_UNIT ( ) SI_UNIT ( $, .RADIAN. ) );
#3106 = LINE ( 'NONE', #3630, #2285 ) ;
#3107 = CARTESIAN_POINT ( 'NONE',  ( -0.8500000000000003109, 0.7599999999999998979, 0.1000000000000002970 ) ) ;
#3108 = LINE ( 'NONE', #5289, #4056 ) ;
#3109 = SURFACE_SIDE_STYLE ('',( #3525 ) ) ;
#3110 = PRESENTATION_LAYER_ASSIGNMENT (  '', '', ( #5091 ) ) ;
#3111 = EDGE_LOOP ( 'NONE', ( #83, #6072, #5286, #6303 ) ) ;
#3112 = DIRECTION ( 'NONE',  ( 2.349104707051926109E-16, 0.000000000000000000, 1.000000000000000000 ) ) ;
#3113 = VERTEX_POINT ( 'NONE', #258 ) ;
#3114 = SURFACE_SIDE_STYLE ('',( #990 ) ) ;
#3115 =( GEOMETRIC_REPRESENTATION_CONTEXT ( 3 ) GLOBAL_UNCERTAINTY_ASSIGNED_CONTEXT ( ( #3251 ) ) GLOBAL_UNIT_ASSIGNED_CONTEXT ( ( #393, #875, #3508 ) ) REPRESENTATION_CONTEXT ( 'NONE', 'WORKASPACE' ) );
#3116 = FACE_OUTER_BOUND ( 'NONE', #3628, .T. ) ;
#3117 = LINE ( 'NONE', #5699, #2259 ) ;
#3118 = LINE ( 'NONE', #2027, #5150 ) ;
#3119 = FACE_OUTER_BOUND ( 'NONE', #5501, .T. ) ;
#3120 = LINE ( 'NONE', #2137, #5504 ) ;
#3121 = CARTESIAN_POINT ( 'NONE',  ( -1.890000000000001013, 0.2999999999999999889, 2.394999999999999574 ) ) ;
#3122 = COLOUR_RGB ( '',0.5019607843137254832, 0.5019607843137254832, 0.5019607843137254832 ) ;
#3123 = ORIENTED_EDGE ( 'NONE', *, *, #2564, .T. ) ;
#3124 = ORIENTED_EDGE ( 'NONE', *, *, #5919, .T. ) ;
#3125 = VERTEX_POINT ( 'NONE', #286 ) ;
#3126 = SURFACE_STYLE_USAGE ( .BOTH. , #2076 ) ;
#3127 =( NAMED_UNIT ( * ) PLANE_ANGLE_UNIT ( ) SI_UNIT ( $, .RADIAN. ) );
#3128 =( GEOMETRIC_REPRESENTATION_CONTEXT ( 3 ) GLOBAL_UNCERTAINTY_ASSIGNED_CONTEXT ( ( #3584 ) ) GLOBAL_UNIT_ASSIGNED_CONTEXT ( ( #3675, #2, #4154 ) ) REPRESENTATION_CONTEXT ( 'NONE', 'WORKASPACE' ) );
#3129 = DIRECTION ( 'NONE',  ( 1.000000000000000000, 0.000000000000000000, -0.000000000000000000 ) ) ;
#3130 =( NAMED_UNIT ( * ) PLANE_ANGLE_UNIT ( ) SI_UNIT ( $, .RADIAN. ) );
#3131 = ORIENTED_EDGE ( 'NONE', *, *, #6277, .T. ) ;
#3132 = DIRECTION ( 'NONE',  ( 0.000000000000000000, 0.000000000000000000, -1.000000000000000000 ) ) ;
#3133 = SURFACE_STYLE_USAGE ( .BOTH. , #1076 ) ;
#3134 = CARTESIAN_POINT ( 'NONE',  ( -1.890000000000013891, 0.000000000000000000, 1.134999999999999121 ) ) ;
#3135 = STYLED_ITEM ( 'NONE', ( #5282 ), #2317 ) ;
#3136 = EDGE_CURVE ( 'NONE', #6489, #5722, #1435, .T. ) ;
#3137 = EDGE_CURVE ( 'NONE', #3944, #4291, #2962, .T. ) ;
#3138 = VERTEX_POINT ( 'NONE', #805 ) ;
#3139 =( GEOMETRIC_REPRESENTATION_CONTEXT ( 3 ) GLOBAL_UNCERTAINTY_ASSIGNED_CONTEXT ( ( #332 ) ) GLOBAL_UNIT_ASSIGNED_CONTEXT ( ( #4329, #5893, #2843 ) ) REPRESENTATION_CONTEXT ( 'NONE', 'WORKASPACE' ) );
#3140 = ADVANCED_FACE ( 'NONE', ( #425 ), #4458, .F. ) ;
#3141 = PRESENTATION_STYLE_ASSIGNMENT (( #5248 ) ) ;
#3142 = CARTESIAN_POINT ( 'NONE',  ( 1.890000000000000124, 0.2999999999999999889, 2.395000000000000018 ) ) ;
#3143 = PLANE ( 'NONE',  #358 ) ;
#3144 = COLOUR_RGB ( '',0.9686274509803921573, 0.8784313725490195957, 0.5999999999999999778 ) ;
#3145 = PLANE ( 'NONE',  #6535 ) ;
#3146 = VERTEX_POINT ( 'NONE', #357 ) ;
#3147 = COLOUR_RGB ( '',0.9686274509803921573, 0.8784313725490195957, 0.5999999999999999778 ) ;
#3148 = EDGE_CURVE ( 'NONE', #2150, #5727, #6523, .T. ) ;
#3149 = CARTESIAN_POINT ( 'NONE',  ( -1.890000000000001013, 0.2999999999999999889, 2.394999999999999574 ) ) ;
#3150 = ADVANCED_FACE ( 'NONE', ( #1374 ), #5978, .T. ) ;
#3151 = COLOUR_RGB ( '',0.9686274509803921573, 0.8784313725490195957, 0.5999999999999999778 ) ;
#3152 = PRESENTATION_LAYER_ASSIGNMENT (  '', '', ( #5245 ) ) ;
#3153 = ORIENTED_EDGE ( 'NONE', *, *, #3952, .F. ) ;
#3154 = EDGE_CURVE ( 'NONE', #4125, #1926, #3901, .T. ) ;
#3155 = DIRECTION ( 'NONE',  ( 0.000000000000000000, 0.000000000000000000, -1.000000000000000000 ) ) ;
#3156 = CARTESIAN_POINT ( 'NONE',  ( -0.1000000000000002970, 0.7599999999999998979, 0.1000000000000000333 ) ) ;
#3157 =( LENGTH_UNIT ( ) NAMED_UNIT ( * ) SI_UNIT ( .MILLI., .METRE. ) );
#3158 = LINE ( 'NONE', #4190, #4184 ) ;
#3159 = LINE ( 'NONE', #3332, #5171 ) ;
#3160 = PRESENTATION_LAYER_ASSIGNMENT (  '', '', ( #4265 ) ) ;
#3161 = SURFACE_SIDE_STYLE ('',( #1103 ) ) ;
#3162 = ORIENTED_EDGE ( 'NONE', *, *, #2356, .T. ) ;
#3163 = STYLED_ITEM ( 'NONE', ( #1354 ), #4672 ) ;
#3164 = EDGE_LOOP ( 'NONE', ( #5768, #3341, #4617, #4138 ) ) ;
#3165 = EDGE_LOOP ( 'NONE', ( #224, #4719, #179, #5899 ) ) ;
#3166 = SURFACE_SIDE_STYLE ('',( #75 ) ) ;
#3167 = PLANE ( 'NONE',  #2549 ) ;
#3168 = VECTOR ( 'NONE', #3088, 1000.000000000000000 ) ;
#3169 =( NAMED_UNIT ( * ) PLANE_ANGLE_UNIT ( ) SI_UNIT ( $, .RADIAN. ) );
#3170 = ORIENTED_EDGE ( 'NONE', *, *, #748, .T. ) ;
#3171 = PRESENTATION_LAYER_ASSIGNMENT (  '', '', ( #248 ) ) ;
#3172 =( NAMED_UNIT ( * ) SI_UNIT ( $, .STERADIAN. ) SOLID_ANGLE_UNIT ( ) );
#3173 = CARTESIAN_POINT ( 'NONE',  ( 1.890000000000026548, 0.2999999999999999889, -1.135000000000000231 ) ) ;
#3174 = CARTESIAN_POINT ( 'NONE',  ( 1.890000000000026548, 0.000000000000000000, -1.135000000000000231 ) ) ;
#3175 = LINE ( 'NONE', #53, #5920 ) ;
#3176 = SURFACE_SIDE_STYLE ('',( #735 ) ) ;
#3177 = UNCERTAINTY_MEASURE_WITH_UNIT (LENGTH_MEASURE( 1.000000000000000082E-05 ), #2009, 'distance_accuracy_value', 'NONE');
#3178 = ORIENTED_EDGE ( 'NONE', *, *, #2898, .F. ) ;
#3179 = DIRECTION ( 'NONE',  ( -1.000000000000000000, 0.000000000000000000, 0.000000000000000000 ) ) ;
#3180 = DIRECTION ( 'NONE',  ( 0.000000000000000000, 1.000000000000000000, 0.000000000000000000 ) ) ;
#3181 = CARTESIAN_POINT ( 'NONE',  ( -0.1000000000000003247, 0.7599999999999998979, -0.1000000000000000056 ) ) ;
#3182 = VECTOR ( 'NONE', #4694, 1000.000000000000000 ) ;
#3183 = FILL_AREA_STYLE_COLOUR ( '', #778 ) ;
#3184 = EDGE_LOOP ( 'NONE', ( #5073, #1906, #6, #1963 ) ) ;
#3185 = DIRECTION ( 'NONE',  ( 0.000000000000000000, 0.000000000000000000, -1.000000000000000000 ) ) ;
#3186 = ORIENTED_EDGE ( 'NONE', *, *, #4626, .T. ) ;
#3187 = SURFACE_SIDE_STYLE ('',( #3812 ) ) ;
#3188 = FACE_OUTER_BOUND ( 'NONE', #5056, .T. ) ;
#3189 = AXIS2_PLACEMENT_3D ( 'NONE', #4477, #6540, #955 ) ;
#3190 = LINE ( 'NONE', #1550, #5575 ) ;
#3191 = SURFACE_SIDE_STYLE ('',( #4783 ) ) ;
#3192 = ADVANCED_FACE ( 'NONE', ( #5092 ), #1306, .F. ) ;
#3193 = LINE ( 'NONE', #141, #344 ) ;
#3194 = ADVANCED_FACE ( 'NONE', ( #1969 ), #2041, .F. ) ;
#3195 = EDGE_LOOP ( 'NONE', ( #6650, #1576, #1633, #3834 ) ) ;
#3196 =( GEOMETRIC_REPRESENTATION_CONTEXT ( 3 ) GLOBAL_UNCERTAINTY_ASSIGNED_CONTEXT ( ( #3507 ) ) GLOBAL_UNIT_ASSIGNED_CONTEXT ( ( #4517, #1365, #349 ) ) REPRESENTATION_CONTEXT ( 'NONE', 'WORKASPACE' ) );
#3197 = ORIENTED_EDGE ( 'NONE', *, *, #744, .F. ) ;
#3198 = PLANE ( 'NONE',  #5077 ) ;
#3199 = LINE ( 'NONE', #2648, #3168 ) ;
#3200 = DIRECTION ( 'NONE',  ( 1.000000000000000000, 0.000000000000000000, -1.264902534566421675E-16 ) ) ;
#3201 = DIRECTION ( 'NONE',  ( -0.000000000000000000, 1.000000000000000000, 0.000000000000000000 ) ) ;
#3202 =( GEOMETRIC_REPRESENTATION_CONTEXT ( 3 ) GLOBAL_UNCERTAINTY_ASSIGNED_CONTEXT ( ( #321 ) ) GLOBAL_UNIT_ASSIGNED_CONTEXT ( ( #5366, #855, #4413 ) ) REPRESENTATION_CONTEXT ( 'NONE', 'WORKASPACE' ) );
#3203 = CARTESIAN_POINT ( 'NONE',  ( 2.500000000000000000, 0.5999999999999999778, 2.500000000000000000 ) ) ;
#3204 = ORIENTED_EDGE ( 'NONE', *, *, #339, .T. ) ;
#3205 =( GEOMETRIC_REPRESENTATION_CONTEXT ( 3 ) GLOBAL_UNCERTAINTY_ASSIGNED_CONTEXT ( ( #872 ) ) GLOBAL_UNIT_ASSIGNED_CONTEXT ( ( #1839, #3383, #3869 ) ) REPRESENTATION_CONTEXT ( 'NONE', 'WORKASPACE' ) );
#3206 = LINE ( 'NONE', #6220, #5858 ) ;
#3207 = SURFACE_STYLE_FILL_AREA ( #2657 ) ;
#3208 = DIRECTION ( 'NONE',  ( 0.000000000000000000, -1.000000000000000000, 0.000000000000000000 ) ) ;
#3209 = DIRECTION ( 'NONE',  ( 0.000000000000000000, -1.000000000000000000, 0.000000000000000000 ) ) ;
#3210 = FILL_AREA_STYLE ('',( #6392 ) ) ;
#3211 = ORIENTED_EDGE ( 'NONE', *, *, #5662, .F. ) ;
#3212 = STYLED_ITEM ( 'NONE', ( #1024 ), #170 ) ;
#3213 = DIRECTION ( 'NONE',  ( 1.000000000000000000, 0.000000000000000000, 0.000000000000000000 ) ) ;
#3214 = DIRECTION ( 'NONE',  ( 0.000000000000000000, -0.000000000000000000, 1.000000000000000000 ) ) ;
#3215 = SURFACE_STYLE_USAGE ( .BOTH. , #1684 ) ;
#3216 =( NAMED_UNIT ( * ) SI_UNIT ( $, .STERADIAN. ) SOLID_ANGLE_UNIT ( ) );
#3217 = PRESENTATION_LAYER_ASSIGNMENT (  '', '', ( #3092 ) ) ;
#3218 = ORIENTED_EDGE ( 'NONE', *, *, #289, .F. ) ;
#3219 = CLOSED_SHELL ( 'NONE', ( #1936, #5615, #5999, #3192, #4997, #1167 ) ) ;
#3220 = STYLED_ITEM ( 'NONE', ( #2470 ), #4319 ) ;
#3221 = VERTEX_POINT ( 'NONE', #3650 ) ;
#3222 = CARTESIAN_POINT ( 'NONE',  ( -1.389999999999999902, 0.000000000000000000, 2.389999999999999680 ) ) ;
#3223 = FACE_OUTER_BOUND ( 'NONE', #2894, .T. ) ;
#3224 = CARTESIAN_POINT ( 'NONE',  ( -2.500000000000000888, 0.000000000000000000, -2.500000000000000444 ) ) ;
#3225 = SURFACE_STYLE_FILL_AREA ( #5895 ) ;
#3226 = CARTESIAN_POINT ( 'NONE',  ( 0.1000000000000002970, 0.5999999999999999778, -0.1000000000000000056 ) ) ;
#3227 = LINE ( 'NONE', #5936, #3523 ) ;
#3228 = DIRECTION ( 'NONE',  ( 0.000000000000000000, -1.000000000000000000, 0.000000000000000000 ) ) ;
#3229 = LINE ( 'NONE', #3679, #3474 ) ;
#3230 = ORIENTED_EDGE ( 'NONE', *, *, #2154, .F. ) ;
#3231 = VERTEX_POINT ( 'NONE', #4652 ) ;
#3232 = ADVANCED_FACE ( 'NONE', ( #972 ), #2514, .T. ) ;
#3233 = ADVANCED_FACE ( 'NONE', ( #1705 ), #2754, .T. ) ;
#3234 = ORIENTED_EDGE ( 'NONE', *, *, #5347, .T. ) ;
#3235 = EDGE_CURVE ( 'NONE', #1834, #5111, #667, .T. ) ;
#3236 = ADVANCED_FACE ( 'NONE', ( #1739 ), #111, .F. ) ;
#3237 = VECTOR ( 'NONE', #6403, 1000.000000000000000 ) ;
#3238 = SURFACE_SIDE_STYLE ('',( #5810 ) ) ;
#3239 = FILL_AREA_STYLE ('',( #6150 ) ) ;
#3240 = CARTESIAN_POINT ( 'NONE',  ( 1.890000000000013447, 0.2999999999999999889, 1.135000000000000009 ) ) ;
#3241 = CARTESIAN_POINT ( 'NONE',  ( 1.890000000000039648, 0.2999999999999999889, -1.385000000000000453 ) ) ;
#3242 = STYLED_ITEM ( 'NONE', ( #3439 ), #3987 ) ;
#3243 = UNCERTAINTY_MEASURE_WITH_UNIT (LENGTH_MEASURE( 1.000000000000000082E-05 ), #2463, 'distance_accuracy_value', 'NONE');
#3244 = ORIENTED_EDGE ( 'NONE', *, *, #3288, .F. ) ;
#3245 = PRESENTATION_LAYER_ASSIGNMENT (  '', '', ( #3797 ) ) ;
#3246 = FACE_BOUND ( 'NONE', #3591, .T. ) ;
#3247 = ADVANCED_FACE ( 'NONE', ( #2652 ), #3307, .T. ) ;
#3248 = SURFACE_STYLE_USAGE ( .BOTH. , #2151 ) ;
#3249 = DIRECTION ( 'NONE',  ( 0.000000000000000000, 0.000000000000000000, -1.000000000000000000 ) ) ;
#3250 = STYLED_ITEM ( 'NONE', ( #1886 ), #1972 ) ;
#3251 = UNCERTAINTY_MEASURE_WITH_UNIT (LENGTH_MEASURE( 1.000000000000000082E-05 ), #393, 'distance_accuracy_value', 'NONE');
#3252 = STYLED_ITEM ( 'NONE', ( #2967 ), #2158 ) ;
#3253 = EDGE_LOOP ( 'NONE', ( #3725, #1791, #4416, #3002 ) ) ;
#3254 = CARTESIAN_POINT ( 'NONE',  ( 0.000000000000000000, 0.000000000000000000, 0.000000000000000000 ) ) ;
#3255 = SURFACE_STYLE_USAGE ( .BOTH. , #2799 ) ;
#3256 = PRESENTATION_LAYER_ASSIGNMENT (  '', '', ( #6423 ) ) ;
#3257 = PRESENTATION_STYLE_ASSIGNMENT (( #195 ) ) ;
#3258 = VECTOR ( 'NONE', #2761, 1000.000000000000000 ) ;
#3259 = UNCERTAINTY_MEASURE_WITH_UNIT (LENGTH_MEASURE( 1.000000000000000082E-05 ), #1232, 'distance_accuracy_value', 'NONE');
#3260 = VECTOR ( 'NONE', #1353, 1000.000000000000000 ) ;
#3261 = FACE_OUTER_BOUND ( 'NONE', #499, .T. ) ;
#3262 = ORIENTED_EDGE ( 'NONE', *, *, #958, .F. ) ;
#3263 =( GEOMETRIC_REPRESENTATION_CONTEXT ( 3 ) GLOBAL_UNCERTAINTY_ASSIGNED_CONTEXT ( ( #4137 ) ) GLOBAL_UNIT_ASSIGNED_CONTEXT ( ( #4141, #5218, #3216 ) ) REPRESENTATION_CONTEXT ( 'NONE', 'WORKASPACE' ) );
#3264 = FACE_OUTER_BOUND ( 'NONE', #587, .T. ) ;
#3265 = CARTESIAN_POINT ( 'NONE',  ( -1.890000000000001013, 0.2999999999999999889, 2.394999999999999574 ) ) ;
#3266 = FACE_OUTER_BOUND ( 'NONE', #5656, .T. ) ;
#3267 = LINE ( 'NONE', #6409, #5359 ) ;
#3268 = VECTOR ( 'NONE', #2450, 1000.000000000000000 ) ;
#3269 = ORIENTED_EDGE ( 'NONE', *, *, #6452, .F. ) ;
#3270 = FACE_OUTER_BOUND ( 'NONE', #62, .T. ) ;
#3271 = CARTESIAN_POINT ( 'NONE',  ( 2.390000000000039648, 0.2999999999999999889, -1.385000000000000453 ) ) ;
#3272 = PLANE ( 'NONE',  #5791 ) ;
#3273 = FILL_AREA_STYLE ('',( #830 ) ) ;
#3274 = AXIS2_PLACEMENT_3D ( 'NONE', #2069, #4192, #5735 ) ;
#3275 =( NAMED_UNIT ( * ) PLANE_ANGLE_UNIT ( ) SI_UNIT ( $, .RADIAN. ) );
#3276 = LINE ( 'NONE', #6351, #3486 ) ;
#3277 = COLOUR_RGB ( '',0.9686274509803921573, 0.8784313725490195957, 0.5999999999999999778 ) ;
#3278 = EDGE_CURVE ( 'NONE', #5923, #4171, #3276, .T. ) ;
#3279 = VECTOR ( 'NONE', #392, 1000.000000000000000 ) ;
#3280 = ORIENTED_EDGE ( 'NONE', *, *, #2813, .T. ) ;
#3281 =( NAMED_UNIT ( * ) PLANE_ANGLE_UNIT ( ) SI_UNIT ( $, .RADIAN. ) );
#3282 = LINE ( 'NONE', #1271, #3300 ) ;
#3283 = DIRECTION ( 'NONE',  ( -1.000000000000000000, 0.000000000000000000, 1.264902534566421675E-16 ) ) ;
#3284 =( GEOMETRIC_REPRESENTATION_CONTEXT ( 3 ) GLOBAL_UNCERTAINTY_ASSIGNED_CONTEXT ( ( #4275 ) ) GLOBAL_UNIT_ASSIGNED_CONTEXT ( ( #3647, #3127, #2115 ) ) REPRESENTATION_CONTEXT ( 'NONE', 'WORKASPACE' ) );
#3285 =( NAMED_UNIT ( * ) SI_UNIT ( $, .STERADIAN. ) SOLID_ANGLE_UNIT ( ) );
#3286 = PRESENTATION_LAYER_ASSIGNMENT (  '', '', ( #1759 ) ) ;
#3287 = ADVANCED_FACE ( 'NONE', ( #1181 ), #6421, .F. ) ;
#3288 = EDGE_CURVE ( 'NONE', #3221, #6669, #1300, .T. ) ;
#3289 = EDGE_CURVE ( 'NONE', #6629, #1980, #6482, .T. ) ;
#3290 = COLOUR_RGB ( '',0.5019607843137254832, 0.5019607843137254832, 0.5019607843137254832 ) ;
#3291 = VERTEX_POINT ( 'NONE', #2436 ) ;
#3292 =( GEOMETRIC_REPRESENTATION_CONTEXT ( 3 ) GLOBAL_UNCERTAINTY_ASSIGNED_CONTEXT ( ( #5437 ) ) GLOBAL_UNIT_ASSIGNED_CONTEXT ( ( #6194, #2053, #4289 ) ) REPRESENTATION_CONTEXT ( 'NONE', 'WORKASPACE' ) );
#3293 = DIRECTION ( 'NONE',  ( 1.000000000000000000, -0.000000000000000000, 2.146934995020800486E-16 ) ) ;
#3294 = LINE ( 'NONE', #5420, #4207 ) ;
#3295 = VERTEX_POINT ( 'NONE', #2378 ) ;
#3296 = SURFACE_STYLE_USAGE ( .BOTH. , #3187 ) ;
#3297 =( GEOMETRIC_REPRESENTATION_CONTEXT ( 3 ) GLOBAL_UNCERTAINTY_ASSIGNED_CONTEXT ( ( #1608 ) ) GLOBAL_UNIT_ASSIGNED_CONTEXT ( ( #2480, #4587, #6661 ) ) REPRESENTATION_CONTEXT ( 'NONE', 'WORKASPACE' ) );
#3298 = LINE ( 'NONE', #717, #6322 ) ;
#3299 = PLANE ( 'NONE',  #6192 ) ;
#3300 = VECTOR ( 'NONE', #6520, 1000.000000000000000 ) ;
#3301 = ORIENTED_EDGE ( 'NONE', *, *, #3864, .F. ) ;
#3302 = ORIENTED_EDGE ( 'NONE', *, *, #711, .T. ) ;
#3303 = FACE_OUTER_BOUND ( 'NONE', #262, .T. ) ;
#3304 =( NAMED_UNIT ( * ) PLANE_ANGLE_UNIT ( ) SI_UNIT ( $, .RADIAN. ) );
#3305 =( NAMED_UNIT ( * ) PLANE_ANGLE_UNIT ( ) SI_UNIT ( $, .RADIAN. ) );
#3306 = LINE ( 'NONE', #2651, #5 ) ;
#3307 = PLANE ( 'NONE',  #6656 ) ;
#3308 =( GEOMETRIC_REPRESENTATION_CONTEXT ( 3 ) GLOBAL_UNCERTAINTY_ASSIGNED_CONTEXT ( ( #3025 ) ) GLOBAL_UNIT_ASSIGNED_CONTEXT ( ( #5701, #6722, #5621 ) ) REPRESENTATION_CONTEXT ( 'NONE', 'WORKASPACE' ) );
#3309 = UNCERTAINTY_MEASURE_WITH_UNIT (LENGTH_MEASURE( 1.000000000000000082E-05 ), #5592, 'distance_accuracy_value', 'NONE');
#3310 = ORIENTED_EDGE ( 'NONE', *, *, #1924, .F. ) ;
#3311 = SURFACE_STYLE_FILL_AREA ( #5913 ) ;
#3312 = DIRECTION ( 'NONE',  ( 0.000000000000000000, 1.000000000000000000, 0.000000000000000000 ) ) ;
#3313 = LINE ( 'NONE', #5412, #6648 ) ;
#3314 = SURFACE_STYLE_FILL_AREA ( #5384 ) ;
#3315 = DIRECTION ( 'NONE',  ( -0.000000000000000000, -1.000000000000000000, -0.000000000000000000 ) ) ;
#3316 = UNCERTAINTY_MEASURE_WITH_UNIT (LENGTH_MEASURE( 1.000000000000000082E-05 ), #2226, 'distance_accuracy_value', 'NONE');
#3317 = UNCERTAINTY_MEASURE_WITH_UNIT (LENGTH_MEASURE( 1.000000000000000082E-05 ), #154, 'distance_accuracy_value', 'NONE');
#3318 = ORIENTED_EDGE ( 'NONE', *, *, #6583, .T. ) ;
#3319 = EDGE_CURVE ( 'NONE', #5154, #5395, #3926, .T. ) ;
#3320 = EDGE_CURVE ( 'NONE', #489, #207, #832, .T. ) ;
#3321 = CARTESIAN_POINT ( 'NONE',  ( 2.500000000000000000, 0.7599999999999972333, -1.029992063861222704E-15 ) ) ;
#3322 = EDGE_CURVE ( 'NONE', #901, #4500, #1803, .T. ) ;
#3323 = FILL_AREA_STYLE ('',( #2838 ) ) ;
#3324 = CARTESIAN_POINT ( 'NONE',  ( 1.389999999999998570, 0.2999999999999999889, 2.389999999999999680 ) ) ;
#3325 = SURFACE_SIDE_STYLE ('',( #5928 ) ) ;
#3326 = ORIENTED_EDGE ( 'NONE', *, *, #3022, .T. ) ;
#3327 = DIRECTION ( 'NONE',  ( -0.000000000000000000, 0.000000000000000000, -1.000000000000000000 ) ) ;
#3328 =( GEOMETRIC_REPRESENTATION_CONTEXT ( 3 ) GLOBAL_UNCERTAINTY_ASSIGNED_CONTEXT ( ( #468 ) ) GLOBAL_UNIT_ASSIGNED_CONTEXT ( ( #2930, #907, #5676 ) ) REPRESENTATION_CONTEXT ( 'NONE', 'WORKASPACE' ) );
#3329 = DIRECTION ( 'NONE',  ( -1.000000000000000000, -0.000000000000000000, -1.224646799147353207E-16 ) ) ;
#3330 =( NAMED_UNIT ( * ) PLANE_ANGLE_UNIT ( ) SI_UNIT ( $, .RADIAN. ) );
#3331 = SURFACE_SIDE_STYLE ('',( #6539 ) ) ;
#3332 = CARTESIAN_POINT ( 'NONE',  ( 0.8500000000000003109, 0.7599999999999998979, 0.09999999999999970024 ) ) ;
#3333 = EDGE_LOOP ( 'NONE', ( #4359, #6395, #461, #2060 ) ) ;
#3334 = ORIENTED_EDGE ( 'NONE', *, *, #4293, .T. ) ;
#3335 = DIRECTION ( 'NONE',  ( -1.000000000000000000, 0.000000000000000000, 0.000000000000000000 ) ) ;
#3336 =( NAMED_UNIT ( * ) PLANE_ANGLE_UNIT ( ) SI_UNIT ( $, .RADIAN. ) );
#3337 = LINE ( 'NONE', #3822, #1717 ) ;
#3338 = FILL_AREA_STYLE ('',( #4009 ) ) ;
#3339 = DIRECTION ( 'NONE',  ( -2.891205793294679312E-16, 0.000000000000000000, -1.000000000000000000 ) ) ;
#3340 = MECHANICAL_DESIGN_GEOMETRIC_PRESENTATION_REPRESENTATION (  '', ( #5091 ), #5750 ) ;
#3341 = ORIENTED_EDGE ( 'NONE', *, *, #3062, .F. ) ;
#3342 = FACE_OUTER_BOUND ( 'NONE', #1172, .T. ) ;
#3344 = AXIS2_PLACEMENT_3D ( 'NONE', #5777, #2044, #1533 ) ;
#3343 = LINE ( 'NONE', #1807, #4148 ) ;
#3345 = SURFACE_STYLE_FILL_AREA ( #6487 ) ;
#3346 =( NAMED_UNIT ( * ) SI_UNIT ( $, .STERADIAN. ) SOLID_ANGLE_UNIT ( ) );
#3347 = ORIENTED_EDGE ( 'NONE', *, *, #5308, .F. ) ;
#3348 = CARTESIAN_POINT ( 'NONE',  ( -2.500000000000000000, 0.000000000000000000, 0.000000000000000000 ) ) ;
#3349 = SURFACE_SIDE_STYLE ('',( #1875 ) ) ;
#3350 = CARTESIAN_POINT ( 'NONE',  ( -0.8500000000000001998, 0.7599999999999998979, 0.8499999999999998668 ) ) ;
#3351 = VECTOR ( 'NONE', #3923, 1000.000000000000000 ) ;
#3352 = DIRECTION ( 'NONE',  ( -1.000000000000000000, -0.000000000000000000, -0.000000000000000000 ) ) ;
#3353 = FILL_AREA_STYLE ('',( #5959 ) ) ;
#3354 = EDGE_CURVE ( 'NONE', #5154, #4831, #5497, .T. ) ;
#3355 = ORIENTED_EDGE ( 'NONE', *, *, #3911, .F. ) ;
#3356 = VECTOR ( 'NONE', #4254, 1000.000000000000000 ) ;
#3357 = CARTESIAN_POINT ( 'NONE',  ( 2.390000000000000124, 0.2999999999999999889, 1.385000000000000009 ) ) ;
#3358 = STYLED_ITEM ( 'NONE', ( #3471 ), #2361 ) ;
#3359 = DIRECTION ( 'NONE',  ( 0.000000000000000000, -0.000000000000000000, 1.000000000000000000 ) ) ;
#3360 = FILL_AREA_STYLE ('',( #5367 ) ) ;
#3361 = ADVANCED_FACE ( 'NONE', ( #6009 ), #2889, .F. ) ;
#3362 = EDGE_CURVE ( 'NONE', #4424, #2390, #6100, .T. ) ;
#3363 = STYLED_ITEM ( 'NONE', ( #149 ), #2563 ) ;
#3364 = ORIENTED_EDGE ( 'NONE', *, *, #5612, .T. ) ;
#3365 = LINE ( 'NONE', #3271, #2781 ) ;
#3366 = SURFACE_STYLE_USAGE ( .BOTH. , #181 ) ;
#3367 = DIRECTION ( 'NONE',  ( 0.000000000000000000, 1.000000000000000000, 0.000000000000000000 ) ) ;
#3368 = PRESENTATION_STYLE_ASSIGNMENT (( #924 ) ) ;
#3369 = AXIS2_PLACEMENT_3D ( 'NONE', #1704, #4880, #2786 ) ;
#3370 = DIRECTION ( 'NONE',  ( -0.000000000000000000, -1.000000000000000000, -0.000000000000000000 ) ) ;
#3371 = UNCERTAINTY_MEASURE_WITH_UNIT (LENGTH_MEASURE( 1.000000000000000082E-05 ), #6296, 'distance_accuracy_value', 'NONE');
#3372 = VERTEX_POINT ( 'NONE', #281 ) ;
#3373 = COLOUR_RGB ( '',0.5019607843137254832, 0.5019607843137254832, 0.5019607843137254832 ) ;
#3374 = PRESENTATION_LAYER_ASSIGNMENT (  '', '', ( #779 ) ) ;
#3375 = CARTESIAN_POINT ( 'NONE',  ( 1.890000000000000124, 0.2999999999999999889, 2.395000000000000018 ) ) ;
#3376 = LINE ( 'NONE', #1836, #4290 ) ;
#3377 = DIRECTION ( 'NONE',  ( -0.000000000000000000, -0.000000000000000000, -1.000000000000000000 ) ) ;
#3378 = DIRECTION ( 'NONE',  ( -1.000000000000000000, 0.000000000000000000, -0.000000000000000000 ) ) ;
#3379 = FILL_AREA_STYLE ('',( #937 ) ) ;
#3380 = PRESENTATION_LAYER_ASSIGNMENT (  '', '', ( #783 ) ) ;
#3381 = UNCERTAINTY_MEASURE_WITH_UNIT (LENGTH_MEASURE( 1.000000000000000082E-05 ), #2881, 'distance_accuracy_value', 'NONE');
#3382 = COLOUR_RGB ( '',0.3411764705882353033, 0.8392156862745098200, 0.4117647058823529216 ) ;
#3383 =( NAMED_UNIT ( * ) PLANE_ANGLE_UNIT ( ) SI_UNIT ( $, .RADIAN. ) );
#3384 = VECTOR ( 'NONE', #3794, 1000.000000000000000 ) ;
#3385 = PLANE ( 'NONE',  #4837 ) ;
#3386 = PLANE ( 'NONE',  #6678 ) ;
#3387 = FACE_OUTER_BOUND ( 'NONE', #1651, .T. ) ;
#3388 = STYLED_ITEM ( 'NONE', ( #1459 ), #5215 ) ;
#3389 =( NAMED_UNIT ( * ) SI_UNIT ( $, .STERADIAN. ) SOLID_ANGLE_UNIT ( ) );
#3390 = ORIENTED_EDGE ( 'NONE', *, *, #5612, .F. ) ;
#3391 = CARTESIAN_POINT ( 'NONE',  ( 1.890000000000039870, 0.000000000000000000, -2.395000000000000462 ) ) ;
#3392 = MECHANICAL_DESIGN_GEOMETRIC_PRESENTATION_REPRESENTATION (  '', ( #2512 ), #1862 ) ;
#3393 = LINE ( 'NONE', #2944, #781 ) ;
#3394 = CARTESIAN_POINT ( 'NONE',  ( 1.890000000000013669, 0.2999999999999999889, 0.1249999999999998890 ) ) ;
#3395 = CARTESIAN_POINT ( 'NONE',  ( -2.390000000000026770, 0.2999999999999999889, -0.1250000000000009714 ) ) ;
#3396 = VECTOR ( 'NONE', #2798, 1000.000000000000000 ) ;
#3397 = VERTEX_POINT ( 'NONE', #2343 ) ;
#3398 = EDGE_CURVE ( 'NONE', #2363, #999, #6516, .T. ) ;
#3399 = SURFACE_STYLE_USAGE ( .BOTH. , #2341 ) ;
#3400 = FILL_AREA_STYLE ('',( #762 ) ) ;
#3401 = VECTOR ( 'NONE', #4801, 1000.000000000000000 ) ;
#3402 = SURFACE_SIDE_STYLE ('',( #4484 ) ) ;
#3403 = EDGE_CURVE ( 'NONE', #2088, #3138, #2822, .T. ) ;
#3404 = EDGE_CURVE ( 'NONE', #4547, #6334, #1863, .T. ) ;
#3405 = VECTOR ( 'NONE', #1507, 1000.000000000000000 ) ;
#3406 = CARTESIAN_POINT ( 'NONE',  ( -1.389999999999999902, 0.000000000000000000, 0.6299999999999998934 ) ) ;
#3407 =( NAMED_UNIT ( * ) SI_UNIT ( $, .STERADIAN. ) SOLID_ANGLE_UNIT ( ) );
#3408 = STYLED_ITEM ( 'NONE', ( #1692 ), #6283 ) ;
#3409 = ORIENTED_EDGE ( 'NONE', *, *, #3564, .T. ) ;
#3410 = DIRECTION ( 'NONE',  ( -1.000000000000000000, -0.000000000000000000, -0.000000000000000000 ) ) ;
#3411 = PRESENTATION_LAYER_ASSIGNMENT (  '', '', ( #3763 ) ) ;
#3412 = PLANE ( 'NONE',  #4128 ) ;
#3413 = FACE_OUTER_BOUND ( 'NONE', #2111, .T. ) ;
#3414 =( NAMED_UNIT ( * ) PLANE_ANGLE_UNIT ( ) SI_UNIT ( $, .RADIAN. ) );
#3415 = CARTESIAN_POINT ( 'NONE',  ( 2.390000000000000124, 0.2999999999999999889, 2.395000000000000018 ) ) ;
#3416 =( NAMED_UNIT ( * ) PLANE_ANGLE_UNIT ( ) SI_UNIT ( $, .RADIAN. ) );
#3417 = ORIENTED_EDGE ( 'NONE', *, *, #1927, .F. ) ;
#3418 = LINE ( 'NONE', #3972, #3260 ) ;
#3419 = SURFACE_STYLE_FILL_AREA ( #6122 ) ;
#3420 = MECHANICAL_DESIGN_GEOMETRIC_PRESENTATION_REPRESENTATION (  '', ( #4069 ), #4084 ) ;
#3421 = SURFACE_STYLE_FILL_AREA ( #1883 ) ;
#3422 = DIRECTION ( 'NONE',  ( -0.000000000000000000, -1.000000000000000000, -0.000000000000000000 ) ) ;
#3423 = CARTESIAN_POINT ( 'NONE',  ( -2.500000000000000000, 0.7600000000000005640, 2.500000000000000444 ) ) ;
#3424 = ORIENTED_EDGE ( 'NONE', *, *, #4660, .T. ) ;
#3425 = LINE ( 'NONE', #1889, #738 ) ;
#3426 = STYLED_ITEM ( 'NONE', ( #1160 ), #241 ) ;
#3427 = PRESENTATION_STYLE_ASSIGNMENT (( #1918 ) ) ;
#3428 =( LENGTH_UNIT ( ) NAMED_UNIT ( * ) SI_UNIT ( .MILLI., .METRE. ) );
#3429 = MECHANICAL_DESIGN_GEOMETRIC_PRESENTATION_REPRESENTATION (  '', ( #2344 ), #2127 ) ;
#3430 = ADVANCED_FACE ( 'NONE', ( #1367 ), #2405, .F. ) ;
#3431 = EDGE_CURVE ( 'NONE', #6669, #1455, #3603, .T. ) ;
#3432 = MECHANICAL_DESIGN_GEOMETRIC_PRESENTATION_REPRESENTATION (  '', ( #6177 ), #5201 ) ;
#3433 = ORIENTED_EDGE ( 'NONE', *, *, #4110, .T. ) ;
#3434 = ADVANCED_FACE ( 'NONE', ( #1994 ), #2105, .F. ) ;
#3435 = FILL_AREA_STYLE_COLOUR ( '', #5463 ) ;
#3436 =( LENGTH_UNIT ( ) NAMED_UNIT ( * ) SI_UNIT ( .MILLI., .METRE. ) );
#3437 = SURFACE_STYLE_USAGE ( .BOTH. , #3966 ) ;
#3438 = EDGE_CURVE ( 'NONE', #4389, #4561, #4159, .T. ) ;
#3439 = PRESENTATION_STYLE_ASSIGNMENT (( #5094 ) ) ;
#3440 = VECTOR ( 'NONE', #852, 1000.000000000000000 ) ;
#3441 = FILL_AREA_STYLE ('',( #943 ) ) ;
#3442 = PLANE ( 'NONE',  #322 ) ;
#3443 =( NAMED_UNIT ( * ) SI_UNIT ( $, .STERADIAN. ) SOLID_ANGLE_UNIT ( ) );
#3444 = VECTOR ( 'NONE', #6143, 1000.000000000000000 ) ;
#3445 = UNCERTAINTY_MEASURE_WITH_UNIT (LENGTH_MEASURE( 1.000000000000000082E-05 ), #1225, 'distance_accuracy_value', 'NONE');
#3446 = DIRECTION ( 'NONE',  ( 5.782411586589358625E-16, 0.000000000000000000, 1.000000000000000000 ) ) ;
#3447 =( GEOMETRIC_REPRESENTATION_CONTEXT ( 3 ) GLOBAL_UNCERTAINTY_ASSIGNED_CONTEXT ( ( #5032 ) ) GLOBAL_UNIT_ASSIGNED_CONTEXT ( ( #5984, #3968, #3476 ) ) REPRESENTATION_CONTEXT ( 'NONE', 'WORKASPACE' ) );
#3448 = ORIENTED_EDGE ( 'NONE', *, *, #128, .F. ) ;
#3449 = STYLED_ITEM ( 'NONE', ( #1521 ), #1811 ) ;
#3450 = CARTESIAN_POINT ( 'NONE',  ( 1.890000000000039648, 0.2999999999999999889, -1.385000000000000453 ) ) ;
#3451 = DIRECTION ( 'NONE',  ( 0.000000000000000000, -0.000000000000000000, 1.000000000000000000 ) ) ;
#3452 = CARTESIAN_POINT ( 'NONE',  ( 1.890000000000026548, 0.2999999999999999889, -1.135000000000000231 ) ) ;
#3453 = CARTESIAN_POINT ( 'NONE',  ( 0.000000000000000000, 0.000000000000000000, 0.000000000000000000 ) ) ;
#3454 =( LENGTH_UNIT ( ) NAMED_UNIT ( * ) SI_UNIT ( .MILLI., .METRE. ) );
#3455 = ORIENTED_EDGE ( 'NONE', *, *, #6613, .F. ) ;
#3456 = MECHANICAL_DESIGN_GEOMETRIC_PRESENTATION_REPRESENTATION (  '', ( #2803 ), #212 ) ;
#3457 = VERTEX_POINT ( 'NONE', #3534 ) ;
#3458 = VECTOR ( 'NONE', #2092, 1000.000000000000000 ) ;
#3459 = PRESENTATION_STYLE_ASSIGNMENT (( #3886 ) ) ;
#3460 =( LENGTH_UNIT ( ) NAMED_UNIT ( * ) SI_UNIT ( .MILLI., .METRE. ) );
#3461 =( NAMED_UNIT ( * ) PLANE_ANGLE_UNIT ( ) SI_UNIT ( $, .RADIAN. ) );
#3462 = MECHANICAL_DESIGN_GEOMETRIC_PRESENTATION_REPRESENTATION (  '', ( #3808 ), #5232 ) ;
#3463 = FILL_AREA_STYLE ('',( #1893 ) ) ;
#3464 = MECHANICAL_DESIGN_GEOMETRIC_PRESENTATION_REPRESENTATION (  '', ( #660 ), #1301 ) ;
#3465 = STYLED_ITEM ( 'NONE', ( #4900 ), #375 ) ;
#3466 = ORIENTED_EDGE ( 'NONE', *, *, #2472, .F. ) ;
#3467 = ORIENTED_EDGE ( 'NONE', *, *, #5500, .F. ) ;
#3468 = CARTESIAN_POINT ( 'NONE',  ( -2.390000000000013003, 0.000000000000000000, 1.134999999999999121 ) ) ;
#3469 = AXIS2_PLACEMENT_3D ( 'NONE', #6273, #2753, #78 ) ;
#3470 = SURFACE_STYLE_USAGE ( .BOTH. , #1470 ) ;
#3471 = PRESENTATION_STYLE_ASSIGNMENT (( #2961 ) ) ;
#3472 = DIRECTION ( 'NONE',  ( 0.000000000000000000, -1.000000000000000000, 0.000000000000000000 ) ) ;
#3473 = EDGE_CURVE ( 'NONE', #2546, #2363, #5623, .T. ) ;
#3474 = VECTOR ( 'NONE', #5265, 1000.000000000000000 ) ;
#3475 = DIRECTION ( 'NONE',  ( 0.000000000000000000, -1.000000000000000000, 0.000000000000000000 ) ) ;
#3476 =( NAMED_UNIT ( * ) SI_UNIT ( $, .STERADIAN. ) SOLID_ANGLE_UNIT ( ) );
#3477 = DIRECTION ( 'NONE',  ( 1.000000000000000000, -0.000000000000000000, -0.000000000000000000 ) ) ;
#3478 = ADVANCED_FACE ( 'NONE', ( #550 ), #3566, .F. ) ;
#3479 = EDGE_CURVE ( 'NONE', #1455, #1170, #3193, .T. ) ;
#3480 = DIRECTION ( 'NONE',  ( -1.445602896647339163E-16, 0.000000000000000000, -1.000000000000000000 ) ) ;
#3481 = FILL_AREA_STYLE ('',( #1410 ) ) ;
#3482 = EDGE_CURVE ( 'NONE', #4448, #4648, #3229, .T. ) ;
#3483 = DIRECTION ( 'NONE',  ( 1.000000000000000000, 0.000000000000000000, 0.000000000000000000 ) ) ;
#3484 = EDGE_CURVE ( 'NONE', #3576, #4720, #2238, .T. ) ;
#3485 = AXIS2_PLACEMENT_3D ( 'NONE', #3965, #6521, #770 ) ;
#3486 = VECTOR ( 'NONE', #1668, 1000.000000000000000 ) ;
#3487 = ORIENTED_EDGE ( 'NONE', *, *, #4512, .T. ) ;
#3488 = CARTESIAN_POINT ( 'NONE',  ( -1.389999999999999902, 0.2999999999999999889, -2.390000000000000568 ) ) ;
#3489 = CARTESIAN_POINT ( 'NONE',  ( 0.1000000000000003247, 0.7599999999999998979, 0.09999999999999997780 ) ) ;
#3490 = CARTESIAN_POINT ( 'NONE',  ( 0.8500000000000003109, 0.7599999999999998979, 0.09999999999999970024 ) ) ;
#3491 = DIRECTION ( 'NONE',  ( 0.000000000000000000, -1.000000000000000000, 0.000000000000000000 ) ) ;
#3492 = SURFACE_SIDE_STYLE ('',( #6091 ) ) ;
#3493 = CARTESIAN_POINT ( 'NONE',  ( -1.890000000000039204, 0.2999999999999999889, -1.385000000000001341 ) ) ;
#3494 = ORIENTED_EDGE ( 'NONE', *, *, #6070, .F. ) ;
#3495 = ORIENTED_EDGE ( 'NONE', *, *, #758, .T. ) ;
#3496 = DIRECTION ( 'NONE',  ( 3.614007241618349264E-16, -0.000000000000000000, 1.000000000000000000 ) ) ;
#3497 = CARTESIAN_POINT ( 'NONE',  ( -1.890000000000013669, 0.000000000000000000, 0.1249999999999990286 ) ) ;
#3498 = AXIS2_PLACEMENT_3D ( 'NONE', #2493, #3524, #3451 ) ;
#3499 = CARTESIAN_POINT ( 'NONE',  ( 0.000000000000000000, 0.2999999999999999889, 0.000000000000000000 ) ) ;
#3500 = ORIENTED_EDGE ( 'NONE', *, *, #6659, .T. ) ;
#3501 = ORIENTED_EDGE ( 'NONE', *, *, #161, .F. ) ;
#3502 = VERTEX_POINT ( 'NONE', #5303 ) ;
#3503 = SURFACE_SIDE_STYLE ('',( #2895 ) ) ;
#3504 = FILL_AREA_STYLE_COLOUR ( '', #3577 ) ;
#3505 = CARTESIAN_POINT ( 'NONE',  ( -1.890000000000013891, 0.000000000000000000, 1.134999999999999121 ) ) ;
#3506 =( GEOMETRIC_REPRESENTATION_CONTEXT ( 3 ) GLOBAL_UNCERTAINTY_ASSIGNED_CONTEXT ( ( #3100 ) ) GLOBAL_UNIT_ASSIGNED_CONTEXT ( ( #2066, #6340, #5734 ) ) REPRESENTATION_CONTEXT ( 'NONE', 'WORKASPACE' ) );
#3507 = UNCERTAINTY_MEASURE_WITH_UNIT (LENGTH_MEASURE( 1.000000000000000082E-05 ), #4517, 'distance_accuracy_value', 'NONE');
#3508 =( NAMED_UNIT ( * ) SI_UNIT ( $, .STERADIAN. ) SOLID_ANGLE_UNIT ( ) );
#3509 = FACE_OUTER_BOUND ( 'NONE', #4560, .T. ) ;
#3510 = SURFACE_STYLE_FILL_AREA ( #2448 ) ;
#3511 = FACE_OUTER_BOUND ( 'NONE', #130, .T. ) ;
#3512 = CARTESIAN_POINT ( 'NONE',  ( 2.390000000000026770, 0.2999999999999999889, -1.135000000000000231 ) ) ;
#3513 = PRESENTATION_LAYER_ASSIGNMENT (  '', '', ( #1457 ) ) ;
#3514 = UNCERTAINTY_MEASURE_WITH_UNIT (LENGTH_MEASURE( 1.000000000000000082E-05 ), #5182, 'distance_accuracy_value', 'NONE');
#3515 = DIRECTION ( 'NONE',  ( -1.000000000000000000, 0.000000000000000000, 1.264902534566421675E-16 ) ) ;
#3516 = VERTEX_POINT ( 'NONE', #4338 ) ;
#3517 = EDGE_LOOP ( 'NONE', ( #5680, #5769, #5152, #439 ) ) ;
#3518 = EDGE_CURVE ( 'NONE', #374, #6304, #3752, .T. ) ;
#3519 = EDGE_CURVE ( 'NONE', #1074, #5126, #2139, .T. ) ;
#3520 =( NAMED_UNIT ( * ) PLANE_ANGLE_UNIT ( ) SI_UNIT ( $, .RADIAN. ) );
#3521 = LINE ( 'NONE', #436, #4776 ) ;
#3522 = SURFACE_SIDE_STYLE ('',( #1450 ) ) ;
#3523 = VECTOR ( 'NONE', #789, 1000.000000000000000 ) ;
#3524 = DIRECTION ( 'NONE',  ( -0.000000000000000000, 1.000000000000000000, 0.000000000000000000 ) ) ;
#3525 = SURFACE_STYLE_FILL_AREA ( #1452 ) ;
#3526 = DIRECTION ( 'NONE',  ( -1.000000000000000000, -0.000000000000000000, 3.614007241618348771E-16 ) ) ;
#3527 = CARTESIAN_POINT ( 'NONE',  ( -1.890000000000001013, 0.2999999999999999889, 2.394999999999999574 ) ) ;
#3529 = ORIENTED_EDGE ( 'NONE', *, *, #6532, .T. ) ;
#3528 = COLOUR_RGB ( '',0.9686274509803921573, 0.8784313725490195957, 0.5999999999999999778 ) ;
#3530 =( NAMED_UNIT ( * ) SI_UNIT ( $, .STERADIAN. ) SOLID_ANGLE_UNIT ( ) );
#3531 = CARTESIAN_POINT ( 'NONE',  ( 1.890000000000026326, 0.2999999999999999889, -0.1250000000000001110 ) ) ;
#3532 = FACE_OUTER_BOUND ( 'NONE', #6381, .T. ) ;
#3533 = DIRECTION ( 'NONE',  ( 2.146934995020800733E-16, 0.000000000000000000, -1.000000000000000000 ) ) ;
#3534 = CARTESIAN_POINT ( 'NONE',  ( 2.390000000000000124, 0.2999999999999999889, 1.385000000000000009 ) ) ;
#3535 = EDGE_LOOP ( 'NONE', ( #2211, #5328, #1953, #6444 ) ) ;
#3536 = EDGE_LOOP ( 'NONE', ( #5960, #4777, #3355, #4400 ) ) ;
#3537 =( GEOMETRIC_REPRESENTATION_CONTEXT ( 3 ) GLOBAL_UNCERTAINTY_ASSIGNED_CONTEXT ( ( #3445 ) ) GLOBAL_UNIT_ASSIGNED_CONTEXT ( ( #1225, #613, #172 ) ) REPRESENTATION_CONTEXT ( 'NONE', 'WORKASPACE' ) );
#3538 = ORIENTED_EDGE ( 'NONE', *, *, #2351, .T. ) ;
#3539 = CARTESIAN_POINT ( 'NONE',  ( 0.1000000000000005052, 0.7599999999999998979, 0.8500000000000000888 ) ) ;
#3540 = CARTESIAN_POINT ( 'NONE',  ( 1.890000000000039648, 0.2999999999999999889, -1.385000000000000453 ) ) ;
#3541 = CLOSED_SHELL ( 'NONE', ( #2359, #416, #4511, #81, #6451, #6753 ) ) ;
#3542 = MECHANICAL_DESIGN_GEOMETRIC_PRESENTATION_REPRESENTATION (  '', ( #4211 ), #2443 ) ;
#3543 = CARTESIAN_POINT ( 'NONE',  ( -0.8500000000000003109, 0.5999999999999999778, -0.1000000000000000056 ) ) ;
#3544 = VECTOR ( 'NONE', #662, 1000.000000000000000 ) ;
#3545 = DIRECTION ( 'NONE',  ( -1.264902534566421675E-16, 0.000000000000000000, -1.000000000000000000 ) ) ;
#3546 =( NAMED_UNIT ( * ) PLANE_ANGLE_UNIT ( ) SI_UNIT ( $, .RADIAN. ) );
#3547 =( NAMED_UNIT ( * ) SI_UNIT ( $, .STERADIAN. ) SOLID_ANGLE_UNIT ( ) );
#3548 = PRESENTATION_LAYER_ASSIGNMENT (  '', '', ( #4451 ) ) ;
#3549 = CARTESIAN_POINT ( 'NONE',  ( -0.1000000000000005052, 0.7599999999999998979, -0.8500000000000000888 ) ) ;
#3550 = ORIENTED_EDGE ( 'NONE', *, *, #4296, .F. ) ;
#3551 = VECTOR ( 'NONE', #5732, 1000.000000000000000 ) ;
#3552 =( LENGTH_UNIT ( ) NAMED_UNIT ( * ) SI_UNIT ( .MILLI., .METRE. ) );
#3553 = LINE ( 'NONE', #4216, #2738 ) ;
#3554 = PRESENTATION_LAYER_ASSIGNMENT (  '', '', ( #6508 ) ) ;
#3555 = VERTEX_POINT ( 'NONE', #4231 ) ;
#3556 = EDGE_CURVE ( 'NONE', #1512, #6198, #3267, .T. ) ;
#3557 = COLOUR_RGB ( '',0.5019607843137254832, 0.5019607843137254832, 0.5019607843137254832 ) ;
#3558 = DIRECTION ( 'NONE',  ( -0.000000000000000000, -0.000000000000000000, 1.000000000000000000 ) ) ;
#3559 = EDGE_LOOP ( 'NONE', ( #3269, #5611, #3364, #4220 ) ) ;
#3560 = CARTESIAN_POINT ( 'NONE',  ( -2.390000000000001013, 0.000000000000000000, 1.384999999999999121 ) ) ;
#3561 = PLANE ( 'NONE',  #6064 ) ;
#3562 = CARTESIAN_POINT ( 'NONE',  ( -2.390000000000013003, 0.000000000000000000, 1.134999999999999121 ) ) ;
#3563 = CARTESIAN_POINT ( 'NONE',  ( 2.390000000000039648, 0.2999999999999999889, -1.385000000000000453 ) ) ;
#3564 = EDGE_CURVE ( 'NONE', #6382, #4146, #4746, .T. ) ;
#3565 = CARTESIAN_POINT ( 'NONE',  ( -2.390000000000013003, 0.2999999999999999889, 1.134999999999999121 ) ) ;
#3566 = PLANE ( 'NONE',  #4904 ) ;
#3567 = EDGE_CURVE ( 'NONE', #5591, #4125, #177, .T. ) ;
#3568 = SURFACE_SIDE_STYLE ('',( #449 ) ) ;
#3569 = ORIENTED_EDGE ( 'NONE', *, *, #1695, .T. ) ;
#3570 = ORIENTED_EDGE ( 'NONE', *, *, #3320, .T. ) ;
#3571 = ORIENTED_EDGE ( 'NONE', *, *, #1440, .F. ) ;
#3572 = PLANE ( 'NONE',  #5321 ) ;
#3573 = SURFACE_STYLE_USAGE ( .BOTH. , #491 ) ;
#3574 = COLOUR_RGB ( '',0.03921568627450980338, 0.4901960784313725283, 0.7098039215686274828 ) ;
#3575 = UNCERTAINTY_MEASURE_WITH_UNIT (LENGTH_MEASURE( 1.000000000000000082E-05 ), #5593, 'distance_accuracy_value', 'NONE');
#3576 = VERTEX_POINT ( 'NONE', #5806 ) ;
#3577 = COLOUR_RGB ( '',0.9686274509803921573, 0.8784313725490195957, 0.5999999999999999778 ) ;
#3578 = LINE ( 'NONE', #5025, #2024 ) ;
#3579 = PLANE ( 'NONE',  #3737 ) ;
#3580 =( LENGTH_UNIT ( ) NAMED_UNIT ( * ) SI_UNIT ( .MILLI., .METRE. ) );
#3581 = SURFACE_SIDE_STYLE ('',( #4134 ) ) ;
#3582 = SURFACE_STYLE_FILL_AREA ( #6187 ) ;
#3583 = STYLED_ITEM ( 'NONE', ( #6153 ), #2945 ) ;
#3584 = UNCERTAINTY_MEASURE_WITH_UNIT (LENGTH_MEASURE( 1.000000000000000082E-05 ), #3675, 'distance_accuracy_value', 'NONE');
#3585 = DIRECTION ( 'NONE',  ( -1.000000000000000000, 0.000000000000000000, 0.000000000000000000 ) ) ;
#3586 = ORIENTED_EDGE ( 'NONE', *, *, #2011, .F. ) ;
#3587 =( GEOMETRIC_REPRESENTATION_CONTEXT ( 3 ) GLOBAL_UNCERTAINTY_ASSIGNED_CONTEXT ( ( #3866 ) ) GLOBAL_UNIT_ASSIGNED_CONTEXT ( ( #2017, #3698, #5650 ) ) REPRESENTATION_CONTEXT ( 'NONE', 'WORKASPACE' ) );
#3588 = CARTESIAN_POINT ( 'NONE',  ( -1.890000000000000790, 0.2999999999999999889, 1.384999999999999121 ) ) ;
#3589 = DIRECTION ( 'NONE',  ( -0.000000000000000000, -1.000000000000000000, -0.000000000000000000 ) ) ;
#3590 = STYLED_ITEM ( 'NONE', ( #3728 ), #4751 ) ;
#3591 = EDGE_LOOP ( 'NONE', ( #2988, #816, #4452, #5229 ) ) ;
#3592 = COLOUR_RGB ( '',0.9686274509803921573, 0.8784313725490195957, 0.5999999999999999778 ) ;
#3593 = CARTESIAN_POINT ( 'NONE',  ( 2.500000000000000000, 0.5999999999999999778, 2.500000000000000444 ) ) ;
#3594 = ORIENTED_EDGE ( 'NONE', *, *, #5661, .F. ) ;
#3595 = CARTESIAN_POINT ( 'NONE',  ( -2.390000000000038760, 0.2999999999999999889, -1.385000000000001341 ) ) ;
#3596 = STYLED_ITEM ( 'NONE', ( #1004 ), #4994 ) ;
#3597 = DIRECTION ( 'NONE',  ( -0.000000000000000000, 0.000000000000000000, -1.000000000000000000 ) ) ;
#3598 = PRESENTATION_STYLE_ASSIGNMENT (( #2606 ) ) ;
#3599 = CARTESIAN_POINT ( 'NONE',  ( 2.390000000000000124, 0.2999999999999999889, 2.395000000000000018 ) ) ;
#3600 = STYLED_ITEM ( 'NONE', ( #4385 ), #3236 ) ;
#3601 = DIRECTION ( 'NONE',  ( -0.000000000000000000, -0.000000000000000000, -1.000000000000000000 ) ) ;
#3602 = SPHERICAL_SURFACE ( 'NONE', #700, 2.259999999999999787 ) ;
#3603 = LINE ( 'NONE', #5704, #1429 ) ;
#3604 = STYLED_ITEM ( 'NONE', ( #2102 ), #5257 ) ;
#3605 = VERTEX_POINT ( 'NONE', #2714 ) ;
#3606 = EDGE_CURVE ( 'NONE', #650, #3138, #1136, .T. ) ;
#3607 = ORIENTED_EDGE ( 'NONE', *, *, #2647, .F. ) ;
#3608 = ORIENTED_EDGE ( 'NONE', *, *, #1783, .F. ) ;
#3609 =( LENGTH_UNIT ( ) NAMED_UNIT ( * ) SI_UNIT ( .MILLI., .METRE. ) );
#3610 = EDGE_CURVE ( 'NONE', #5188, #695, #584, .T. ) ;
#3611 = ADVANCED_FACE ( 'NONE', ( #1660 ), #2747, .T. ) ;
#3612 = CARTESIAN_POINT ( 'NONE',  ( 0.000000000000000000, 0.2999999999999999889, 0.000000000000000000 ) ) ;
#3613 = STYLED_ITEM ( 'NONE', ( #1123 ), #5714 ) ;
#3614 =( NAMED_UNIT ( * ) SI_UNIT ( $, .STERADIAN. ) SOLID_ANGLE_UNIT ( ) );
#3615 = SURFACE_STYLE_USAGE ( .BOTH. , #5169 ) ;
#3616 = PRESENTATION_LAYER_ASSIGNMENT (  '', '', ( #6129 ) ) ;
#3617 = ORIENTED_EDGE ( 'NONE', *, *, #3860, .T. ) ;
#3618 = AXIS2_PLACEMENT_3D ( 'NONE', #2522, #3200, #3545 ) ;
#3619 = SURFACE_STYLE_USAGE ( .BOTH. , #562 ) ;
#3620 = DIRECTION ( 'NONE',  ( -1.000000000000000000, -0.000000000000000000, -0.000000000000000000 ) ) ;
#3621 = DIRECTION ( 'NONE',  ( 1.000000000000000000, 0.000000000000000000, -2.891205793294678819E-16 ) ) ;
#3622 = FACE_OUTER_BOUND ( 'NONE', #5222, .T. ) ;
#3623 = DIRECTION ( 'NONE',  ( 1.000000000000000000, 0.000000000000000000, -0.000000000000000000 ) ) ;
#3624 = PRESENTATION_LAYER_ASSIGNMENT (  '', '', ( #5283 ) ) ;
#3625 = PLANE ( 'NONE',  #4037 ) ;
#3626 = STYLED_ITEM ( 'NONE', ( #2188 ), #1328 ) ;
#3627 =( GEOMETRIC_REPRESENTATION_CONTEXT ( 3 ) GLOBAL_UNCERTAINTY_ASSIGNED_CONTEXT ( ( #4695 ) ) GLOBAL_UNIT_ASSIGNED_CONTEXT ( ( #4336, #6377, #755 ) ) REPRESENTATION_CONTEXT ( 'NONE', 'WORKASPACE' ) );
#3628 = EDGE_LOOP ( 'NONE', ( #432, #6727, #4661, #233 ) ) ;
#3629 = FILL_AREA_STYLE ('',( #336 ) ) ;
#3630 = CARTESIAN_POINT ( 'NONE',  ( 2.390000000000026770, 0.2999999999999999889, -0.1250000000000001110 ) ) ;
#3631 = PLANE ( 'NONE',  #5695 ) ;
#3632 = FILL_AREA_STYLE ('',( #3703 ) ) ;
#3633 =( GEOMETRIC_REPRESENTATION_CONTEXT ( 3 ) GLOBAL_UNCERTAINTY_ASSIGNED_CONTEXT ( ( #3575 ) ) GLOBAL_UNIT_ASSIGNED_CONTEXT ( ( #5593, #3049, #1495 ) ) REPRESENTATION_CONTEXT ( 'NONE', 'WORKASPACE' ) );
#3634 = EDGE_LOOP ( 'NONE', ( #1065, #4124, #6086, #3230 ) ) ;
#3635 = CARTESIAN_POINT ( 'NONE',  ( -2.390000000000001013, 0.2999999999999999889, 2.394999999999999130 ) ) ;
#3636 = ORIENTED_EDGE ( 'NONE', *, *, #2862, .T. ) ;
#3637 = LINE ( 'NONE', #31, #619 ) ;
#3638 = FILL_AREA_STYLE ('',( #1548 ) ) ;
#3639 = LINE ( 'NONE', #1161, #3789 ) ;
#3640 = DIRECTION ( 'NONE',  ( 1.445602896647340149E-16, -0.000000000000000000, 1.000000000000000000 ) ) ;
#3641 = PRESENTATION_STYLE_ASSIGNMENT (( #2608 ) ) ;
#3642 = SURFACE_SIDE_STYLE ('',( #514 ) ) ;
#3643 = PRESENTATION_STYLE_ASSIGNMENT (( #515 ) ) ;
#3644 = ORIENTED_EDGE ( 'NONE', *, *, #6750, .F. ) ;
#3645 = ORIENTED_EDGE ( 'NONE', *, *, #4543, .F. ) ;
#3646 = ORIENTED_EDGE ( 'NONE', *, *, #673, .F. ) ;
#3647 =( LENGTH_UNIT ( ) NAMED_UNIT ( * ) SI_UNIT ( .MILLI., .METRE. ) );
#3648 =( NAMED_UNIT ( * ) PLANE_ANGLE_UNIT ( ) SI_UNIT ( $, .RADIAN. ) );
#3649 = EDGE_CURVE ( 'NONE', #6743, #2741, #4664, .T. ) ;
#3650 = CARTESIAN_POINT ( 'NONE',  ( 2.390000000000013003, 0.2999999999999999889, 0.1249999999999998890 ) ) ;
#3651 = UNCERTAINTY_MEASURE_WITH_UNIT (LENGTH_MEASURE( 1.000000000000000082E-05 ), #4494, 'distance_accuracy_value', 'NONE');
#3652 = EDGE_CURVE ( 'NONE', #959, #3681, #6745, .T. ) ;
#3653 = ORIENTED_EDGE ( 'NONE', *, *, #3700, .F. ) ;
#3654 = VECTOR ( 'NONE', #3585, 1000.000000000000000 ) ;
#3655 = DIRECTION ( 'NONE',  ( -1.000000000000000000, 0.000000000000000000, -0.000000000000000000 ) ) ;
#3656 = SURFACE_STYLE_USAGE ( .BOTH. , #2591 ) ;
#3657 = EDGE_CURVE ( 'NONE', #3840, #2741, #1985, .T. ) ;
#3658 = VECTOR ( 'NONE', #5327, 1000.000000000000000 ) ;
#3659 = EDGE_CURVE ( 'NONE', #2390, #3372, #2124, .T. ) ;
#3660 = UNCERTAINTY_MEASURE_WITH_UNIT (LENGTH_MEASURE( 1.000000000000000082E-05 ), #3428, 'distance_accuracy_value', 'NONE');
#3661 = COLOUR_RGB ( '',0.7921568627450980005, 0.8196078431372548767, 0.9333333333333333481 ) ;
#3662 = ORIENTED_EDGE ( 'NONE', *, *, #4296, .T. ) ;
#3663 = FACE_OUTER_BOUND ( 'NONE', #4606, .T. ) ;
#3664 = FACE_OUTER_BOUND ( 'NONE', #5135, .T. ) ;
#3665 = LINE ( 'NONE', #2703, #765 ) ;
#3666 = SURFACE_STYLE_USAGE ( .BOTH. , #4218 ) ;
#3667 = AXIS2_PLACEMENT_3D ( 'NONE', #5362, #3327, #1227 ) ;
#3668 = VERTEX_POINT ( 'NONE', #6254 ) ;
#3669 = DIRECTION ( 'NONE',  ( -1.000000000000000000, -0.000000000000000000, -0.000000000000000000 ) ) ;
#3670 = ORIENTED_EDGE ( 'NONE', *, *, #4803, .T. ) ;
#3671 = LINE ( 'NONE', #4147, #3876 ) ;
#3672 = VECTOR ( 'NONE', #2445, 1000.000000000000000 ) ;
#3673 = DIRECTION ( 'NONE',  ( -1.000000000000000000, 0.000000000000000000, 5.782411586589357639E-16 ) ) ;
#3674 = SURFACE_STYLE_USAGE ( .BOTH. , #5700 ) ;
#3675 =( LENGTH_UNIT ( ) NAMED_UNIT ( * ) SI_UNIT ( .MILLI., .METRE. ) );
#3676 = PRESENTATION_STYLE_ASSIGNMENT (( #655 ) ) ;
#3677 = CARTESIAN_POINT ( 'NONE',  ( 0.1000000000000002137, 0.7599999999999998979, -0.8500000000000000888 ) ) ;
#3678 = AXIS2_PLACEMENT_3D ( 'NONE', #99, #1131, #1583 ) ;
#3679 = CARTESIAN_POINT ( 'NONE',  ( 1.890000000000039648, 0.2999999999999999889, -1.385000000000000453 ) ) ;
#3680 = ORIENTED_EDGE ( 'NONE', *, *, #4750, .T. ) ;
#3681 = VERTEX_POINT ( 'NONE', #2531 ) ;
#3682 = ORIENTED_EDGE ( 'NONE', *, *, #2599, .F. ) ;
#3683 = ORIENTED_EDGE ( 'NONE', *, *, #5715, .T. ) ;
#3684 = DIRECTION ( 'NONE',  ( 0.000000000000000000, -1.000000000000000000, 0.000000000000000000 ) ) ;
#3685 = STYLED_ITEM ( 'NONE', ( #5407 ), #1693 ) ;
#3686 = SURFACE_STYLE_USAGE ( .BOTH. , #6271 ) ;
#3687 =( LENGTH_UNIT ( ) NAMED_UNIT ( * ) SI_UNIT ( .MILLI., .METRE. ) );
#3688 = PRESENTATION_STYLE_ASSIGNMENT (( #3615 ) ) ;
#3689 = ORIENTED_EDGE ( 'NONE', *, *, #5422, .T. ) ;
#3690 = CARTESIAN_POINT ( 'NONE',  ( 1.890000000000000346, 0.2999999999999999889, 1.385000000000000009 ) ) ;
#3691 = SURFACE_SIDE_STYLE ('',( #5850 ) ) ;
#3692 = DIRECTION ( 'NONE',  ( 1.000000000000000000, 0.000000000000000000, 0.000000000000000000 ) ) ;
#3693 = PRESENTATION_STYLE_ASSIGNMENT (( #6152 ) ) ;
#3694 = MECHANICAL_DESIGN_GEOMETRIC_PRESENTATION_REPRESENTATION (  '', ( #2924 ), #2049 ) ;
#3695 =( GEOMETRIC_REPRESENTATION_CONTEXT ( 3 ) GLOBAL_UNCERTAINTY_ASSIGNED_CONTEXT ( ( #4285 ) ) GLOBAL_UNIT_ASSIGNED_CONTEXT ( ( #3436, #3994, #2829 ) ) REPRESENTATION_CONTEXT ( 'NONE', 'WORKASPACE' ) );
#3696 = VERTEX_POINT ( 'NONE', #4632 ) ;
#3697 = VECTOR ( 'NONE', #5961, 1000.000000000000000 ) ;
#3698 =( NAMED_UNIT ( * ) PLANE_ANGLE_UNIT ( ) SI_UNIT ( $, .RADIAN. ) );
#3699 = EDGE_CURVE ( 'NONE', #4257, #606, #3106, .T. ) ;
#3700 = EDGE_CURVE ( 'NONE', #4576, #2725, #994, .T. ) ;
#3701 = SURFACE_SIDE_STYLE ('',( #5725 ) ) ;
#3702 = PRESENTATION_LAYER_ASSIGNMENT (  '', '', ( #1104 ) ) ;
#3703 = FILL_AREA_STYLE_COLOUR ( '', #1838 ) ;
#3704 = ORIENTED_EDGE ( 'NONE', *, *, #4873, .T. ) ;
#3705 =( NAMED_UNIT ( * ) PLANE_ANGLE_UNIT ( ) SI_UNIT ( $, .RADIAN. ) );
#3706 =( GEOMETRIC_REPRESENTATION_CONTEXT ( 3 ) GLOBAL_UNCERTAINTY_ASSIGNED_CONTEXT ( ( #5980 ) ) GLOBAL_UNIT_ASSIGNED_CONTEXT ( ( #1282, #231, #682 ) ) REPRESENTATION_CONTEXT ( 'NONE', 'WORKASPACE' ) );
#3707 = VECTOR ( 'NONE', #6325, 1000.000000000000114 ) ;
#3708 = EDGE_LOOP ( 'NONE', ( #5075, #5293, #2796, #3455, #2429, #1051, #2034 ) ) ;
#3709 = LINE ( 'NONE', #201, #2130 ) ;
#3710 = FACE_OUTER_BOUND ( 'NONE', #1351, .T. ) ;
#3711 =( LENGTH_UNIT ( ) NAMED_UNIT ( * ) SI_UNIT ( .MILLI., .METRE. ) );
#3712 = FILL_AREA_STYLE_COLOUR ( '', #5336 ) ;
#3713 = AXIS2_PLACEMENT_3D ( 'NONE', #5038, #5581, #3948 ) ;
#3714 = DIRECTION ( 'NONE',  ( -0.000000000000000000, -1.000000000000000000, -0.000000000000000000 ) ) ;
#3715 =( NAMED_UNIT ( * ) PLANE_ANGLE_UNIT ( ) SI_UNIT ( $, .RADIAN. ) );
#3716 = PRESENTATION_LAYER_ASSIGNMENT (  '', '', ( #5022 ) ) ;
#3717 = DIRECTION ( 'NONE',  ( -1.000000000000000000, -0.000000000000000000, -0.000000000000000000 ) ) ;
#3718 = ORIENTED_EDGE ( 'NONE', *, *, #5537, .F. ) ;
#3719 = CARTESIAN_POINT ( 'NONE',  ( -2.500000000000000888, 0.5999999999999999778, -2.500000000000000444 ) ) ;
#3720 = PRESENTATION_LAYER_ASSIGNMENT (  '', '', ( #2504 ) ) ;
#3721 = PRESENTATION_STYLE_ASSIGNMENT (( #3126 ) ) ;
#3722 = DIRECTION ( 'NONE',  ( -0.000000000000000000, -0.000000000000000000, -1.000000000000000000 ) ) ;
#3723 =( NAMED_UNIT ( * ) SI_UNIT ( $, .STERADIAN. ) SOLID_ANGLE_UNIT ( ) );
#3724 = SURFACE_SIDE_STYLE ('',( #594 ) ) ;
#3725 = ORIENTED_EDGE ( 'NONE', *, *, #917, .T. ) ;
#3726 = SURFACE_STYLE_FILL_AREA ( #2590 ) ;
#3727 = PRESENTATION_STYLE_ASSIGNMENT (( #3133 ) ) ;
#3728 = PRESENTATION_STYLE_ASSIGNMENT (( #1482 ) ) ;
#3729 =( NAMED_UNIT ( * ) SI_UNIT ( $, .STERADIAN. ) SOLID_ANGLE_UNIT ( ) );
#3730 = DIRECTION ( 'NONE',  ( -1.000000000000000000, 0.000000000000000000, -0.000000000000000000 ) ) ;
#3731 = VECTOR ( 'NONE', #4100, 1000.000000000000000 ) ;
#3732 = UNCERTAINTY_MEASURE_WITH_UNIT (LENGTH_MEASURE( 1.000000000000000082E-05 ), #2277, 'distance_accuracy_value', 'NONE');
#3733 = VERTEX_POINT ( 'NONE', #3142 ) ;
#3734 =( GEOMETRIC_REPRESENTATION_CONTEXT ( 3 ) GLOBAL_UNCERTAINTY_ASSIGNED_CONTEXT ( ( #2289 ) ) GLOBAL_UNIT_ASSIGNED_CONTEXT ( ( #6558, #3546, #1012 ) ) REPRESENTATION_CONTEXT ( 'NONE', 'WORKASPACE' ) );
#3735 = LINE ( 'NONE', #3321, #2489 ) ;
#3736 = SURFACE_STYLE_USAGE ( .BOTH. , #228 ) ;
#3737 = AXIS2_PLACEMENT_3D ( 'NONE', #6347, #1666, #4099 ) ;
#3738 = FACE_OUTER_BOUND ( 'NONE', #3017, .T. ) ;
#3739 = ORIENTED_EDGE ( 'NONE', *, *, #5869, .F. ) ;
#3740 = ADVANCED_FACE ( 'NONE', ( #2595 ), #4180, .T. ) ;
#3741 = ADVANCED_FACE ( 'NONE', ( #3663 ), #6289, .T. ) ;
#3742 = EDGE_CURVE ( 'NONE', #2552, #1047, #5757, .T. ) ;
#3743 = EDGE_CURVE ( 'NONE', #4822, #4637, #4140, .T. ) ;
#3744 = ORIENTED_EDGE ( 'NONE', *, *, #3518, .T. ) ;
#3745 = CARTESIAN_POINT ( 'NONE',  ( -0.1000000000000003247, 0.7599999999999998979, -0.1000000000000000056 ) ) ;
#3746 = CARTESIAN_POINT ( 'NONE',  ( 1.890000000000039648, 0.000000000000000000, -1.385000000000000453 ) ) ;
#3747 = LINE ( 'NONE', #4226, #640 ) ;
#3748 = VECTOR ( 'NONE', #2353, 1000.000000000000000 ) ;
#3749 = CARTESIAN_POINT ( 'NONE',  ( -2.390000000000013003, 0.2999999999999999889, 1.134999999999999121 ) ) ;
#3750 = DIRECTION ( 'NONE',  ( 1.000000000000000000, 0.000000000000000000, 0.000000000000000000 ) ) ;
#3751 = PLANE ( 'NONE',  #5713 ) ;
#3752 = LINE ( 'NONE', #5766, #6099 ) ;
#3753 = ORIENTED_EDGE ( 'NONE', *, *, #4205, .T. ) ;
#3754 = ADVANCED_FACE ( 'NONE', ( #5691 ), #1016, .T. ) ;
#3755 = VECTOR ( 'NONE', #2464, 1000.000000000000000 ) ;
#3756 = ORIENTED_EDGE ( 'NONE', *, *, #3288, .T. ) ;
#3757 = CARTESIAN_POINT ( 'NONE',  ( 2.500000000000000000, 0.000000000000000000, 2.500000000000000000 ) ) ;
#3758 = FACE_OUTER_BOUND ( 'NONE', #6215, .T. ) ;
#3759 = FILL_AREA_STYLE ('',( #6349 ) ) ;
#3760 =( NAMED_UNIT ( * ) SI_UNIT ( $, .STERADIAN. ) SOLID_ANGLE_UNIT ( ) );
#3761 = FILL_AREA_STYLE_COLOUR ( '', #565 ) ;
#3762 = ORIENTED_EDGE ( 'NONE', *, *, #2771, .T. ) ;
#3763 = STYLED_ITEM ( 'NONE', ( #5071 ), #6366 ) ;
#3764 = FACE_OUTER_BOUND ( 'NONE', #1858, .T. ) ;
#3765 = SURFACE_STYLE_USAGE ( .BOTH. , #672 ) ;
#3766 = DIRECTION ( 'NONE',  ( -1.000000000000000000, 0.000000000000000000, 0.000000000000000000 ) ) ;
#3767 = VERTEX_POINT ( 'NONE', #2260 ) ;
#3768 = CARTESIAN_POINT ( 'NONE',  ( -0.8500000000000004219, 0.7599999999999998979, -0.8499999999999996447 ) ) ;
#3769 = PRESENTATION_STYLE_ASSIGNMENT (( #6468 ) ) ;
#3770 =( LENGTH_UNIT ( ) NAMED_UNIT ( * ) SI_UNIT ( .MILLI., .METRE. ) );
#3771 = ORIENTED_EDGE ( 'NONE', *, *, #1046, .T. ) ;
#3772 = CLOSED_SHELL ( 'NONE', ( #3611, #1328, #674, #2563, #5613, #4337 ) ) ;
#3773 =( GEOMETRIC_REPRESENTATION_CONTEXT ( 3 ) GLOBAL_UNCERTAINTY_ASSIGNED_CONTEXT ( ( #1010 ) ) GLOBAL_UNIT_ASSIGNED_CONTEXT ( ( #3609, #1067, #9 ) ) REPRESENTATION_CONTEXT ( 'NONE', 'WORKASPACE' ) );
#3774 = CARTESIAN_POINT ( 'NONE',  ( 0.8500000000000003109, 0.7599999999999998979, 0.09999999999999970024 ) ) ;
#3775 = VERTEX_POINT ( 'NONE', #5925 ) ;
#3776 =( NAMED_UNIT ( * ) SI_UNIT ( $, .STERADIAN. ) SOLID_ANGLE_UNIT ( ) );
#3777 = LINE ( 'NONE', #5425, #6607 ) ;
#3778 = PLANE ( 'NONE',  #2840 ) ;
#3779 = DIRECTION ( 'NONE',  ( -0.000000000000000000, -1.000000000000000000, -0.000000000000000000 ) ) ;
#3780 = VECTOR ( 'NONE', #1458, 1000.000000000000000 ) ;
#3781 = PRESENTATION_STYLE_ASSIGNMENT (( #2712 ) ) ;
#3782 = CARTESIAN_POINT ( 'NONE',  ( -1.890000000000013891, 0.2999999999999999889, 1.134999999999999121 ) ) ;
#3783 = ORIENTED_EDGE ( 'NONE', *, *, #6036, .T. ) ;
#3784 = STYLED_ITEM ( 'NONE', ( #5062 ), #3990 ) ;
#3785 = ORIENTED_EDGE ( 'NONE', *, *, #3015, .F. ) ;
#3786 = FILL_AREA_STYLE ('',( #2717 ) ) ;
#3787 = EDGE_CURVE ( 'NONE', #4172, #1217, #3735, .T. ) ;
#3788 = EDGE_CURVE ( 'NONE', #701, #2240, #5823, .T. ) ;
#3789 = VECTOR ( 'NONE', #5261, 1000.000000000000000 ) ;
#3790 = SURFACE_STYLE_FILL_AREA ( #2784 ) ;
#3791 = DIRECTION ( 'NONE',  ( 0.000000000000000000, 0.000000000000000000, 1.000000000000000000 ) ) ;
#3792 = EDGE_CURVE ( 'NONE', #4075, #3516, #5418, .T. ) ;
#3793 = LINE ( 'NONE', #1737, #4479 ) ;
#3794 = DIRECTION ( 'NONE',  ( -0.000000000000000000, -1.000000000000000000, -0.000000000000000000 ) ) ;
#3795 = UNCERTAINTY_MEASURE_WITH_UNIT (LENGTH_MEASURE( 1.000000000000000082E-05 ), #1233, 'distance_accuracy_value', 'NONE');
#3796 = ORIENTED_EDGE ( 'NONE', *, *, #377, .T. ) ;
#3797 = STYLED_ITEM ( 'NONE', ( #5049 ), #1741 ) ;
#3798 = FILL_AREA_STYLE ('',( #5350 ) ) ;
#3799 = LINE ( 'NONE', #4316, #364 ) ;
#3800 = CARTESIAN_POINT ( 'NONE',  ( -0.1000000000000003247, 0.7599999999999998979, -0.1000000000000000056 ) ) ;
#3801 =( NAMED_UNIT ( * ) PLANE_ANGLE_UNIT ( ) SI_UNIT ( $, .RADIAN. ) );
#3802 = UNCERTAINTY_MEASURE_WITH_UNIT (LENGTH_MEASURE( 1.000000000000000082E-05 ), #6496, 'distance_accuracy_value', 'NONE');
#3803 = AXIS2_PLACEMENT_3D ( 'NONE', #2018, #1124, #5149 ) ;
#3804 = ORIENTED_EDGE ( 'NONE', *, *, #673, .T. ) ;
#3805 = FILL_AREA_STYLE ('',( #226 ) ) ;
#3806 =( NAMED_UNIT ( * ) PLANE_ANGLE_UNIT ( ) SI_UNIT ( $, .RADIAN. ) );
#3807 =( NAMED_UNIT ( * ) PLANE_ANGLE_UNIT ( ) SI_UNIT ( $, .RADIAN. ) );
#3808 = STYLED_ITEM ( 'NONE', ( #3693 ), #2212 ) ;
#3809 = UNCERTAINTY_MEASURE_WITH_UNIT (LENGTH_MEASURE( 1.000000000000000082E-05 ), #5426, 'distance_accuracy_value', 'NONE');
#3810 = DIRECTION ( 'NONE',  ( 1.000000000000000000, -0.000000000000000000, 2.146934995020802458E-16 ) ) ;
#3811 = VERTEX_POINT ( 'NONE', #1786 ) ;
#3812 = SURFACE_STYLE_FILL_AREA ( #3841 ) ;
#3813 = STYLED_ITEM ( 'NONE', ( #2722 ), #2556 ) ;
#3814 = DIRECTION ( 'NONE',  ( 1.000000000000000000, 0.000000000000000000, -2.891205793294678819E-16 ) ) ;
#3815 = LINE ( 'NONE', #6374, #6660 ) ;
#3816 = CARTESIAN_POINT ( 'NONE',  ( 1.389999999999999902, 0.000000000000000000, -2.390000000000000124 ) ) ;
#3817 = MECHANICAL_DESIGN_GEOMETRIC_PRESENTATION_REPRESENTATION (  '', ( #5244 ), #1312 ) ;
#3818 = ORIENTED_EDGE ( 'NONE', *, *, #2472, .T. ) ;
#3819 = ORIENTED_EDGE ( 'NONE', *, *, #4543, .T. ) ;
#3820 =( LENGTH_UNIT ( ) NAMED_UNIT ( * ) SI_UNIT ( .MILLI., .METRE. ) );
#3821 = SURFACE_STYLE_FILL_AREA ( #795 ) ;
#3822 = CARTESIAN_POINT ( 'NONE',  ( -0.1000000000000002970, 0.7599999999999998979, 0.1000000000000000333 ) ) ;
#3823 = STYLED_ITEM ( 'NONE', ( #3083 ), #3478 ) ;
#3824 = SURFACE_STYLE_FILL_AREA ( #4854 ) ;
#3825 = PRESENTATION_STYLE_ASSIGNMENT (( #79 ) ) ;
#3826 =( GEOMETRIC_REPRESENTATION_CONTEXT ( 3 ) GLOBAL_UNCERTAINTY_ASSIGNED_CONTEXT ( ( #5910 ) ) GLOBAL_UNIT_ASSIGNED_CONTEXT ( ( #2220, #5976, #3932 ) ) REPRESENTATION_CONTEXT ( 'NONE', 'WORKASPACE' ) );
#3827 = MECHANICAL_DESIGN_GEOMETRIC_PRESENTATION_REPRESENTATION (  '', ( #4265 ), #5141 ) ;
#3828 = ORIENTED_EDGE ( 'NONE', *, *, #3289, .F. ) ;
#3829 = EDGE_CURVE ( 'NONE', #2035, #2454, #4252, .T. ) ;
#3830 = FILL_AREA_STYLE_COLOUR ( '', #2686 ) ;
#3831 = CARTESIAN_POINT ( 'NONE',  ( 1.890000000000039870, 0.2999999999999999889, -2.395000000000000462 ) ) ;
#3832 = LINE ( 'NONE', #2794, #6635 ) ;
#3833 = COLOUR_RGB ( '',0.9686274509803921573, 0.8784313725490195957, 0.5999999999999999778 ) ;
#3834 = ORIENTED_EDGE ( 'NONE', *, *, #626, .T. ) ;
#3835 = LINE ( 'NONE', #5926, #4170 ) ;
#3836 = PRESENTATION_STYLE_ASSIGNMENT (( #3736 ) ) ;
#3837 = AXIS2_PLACEMENT_3D ( 'NONE', #1258, #3329, #5427 ) ;
#3838 = FILL_AREA_STYLE_COLOUR ( '', #1110 ) ;
#3839 = STYLED_ITEM ( 'NONE', ( #5857 ), #5751 ) ;
#3840 = VERTEX_POINT ( 'NONE', #644 ) ;
#3841 = FILL_AREA_STYLE ('',( #2772 ) ) ;
#3842 = AXIS2_PLACEMENT_3D ( 'NONE', #6416, #5970, #1265 ) ;
#3843 =( NAMED_UNIT ( * ) PLANE_ANGLE_UNIT ( ) SI_UNIT ( $, .RADIAN. ) );
#3844 = DIRECTION ( 'NONE',  ( -1.000000000000000000, -0.000000000000000000, 3.614007241618348771E-16 ) ) ;
#3845 = CARTESIAN_POINT ( 'NONE',  ( 1.890000000000000346, 0.2999999999999999889, 1.385000000000000009 ) ) ;
#3846 = FILL_AREA_STYLE ('',( #6439 ) ) ;
#3847 =( NAMED_UNIT ( * ) SI_UNIT ( $, .STERADIAN. ) SOLID_ANGLE_UNIT ( ) );
#3848 = MECHANICAL_DESIGN_GEOMETRIC_PRESENTATION_REPRESENTATION (  '', ( #6466 ), #3506 ) ;
#3849 = ORIENTED_EDGE ( 'NONE', *, *, #4841, .T. ) ;
#3850 = ORIENTED_EDGE ( 'NONE', *, *, #2232, .F. ) ;
#3851 = SURFACE_STYLE_FILL_AREA ( #4908 ) ;
#3852 = LINE ( 'NONE', #5939, #3351 ) ;
#3853 = CARTESIAN_POINT ( 'NONE',  ( -1.389999999999999902, 0.2999999999999999889, 0.6299999999999998934 ) ) ;
#3854 = UNCERTAINTY_MEASURE_WITH_UNIT (LENGTH_MEASURE( 1.000000000000000082E-05 ), #2616, 'distance_accuracy_value', 'NONE');
#3855 = ORIENTED_EDGE ( 'NONE', *, *, #2647, .T. ) ;
#3856 = ORIENTED_EDGE ( 'NONE', *, *, #5880, .F. ) ;
#3857 = CARTESIAN_POINT ( 'NONE',  ( 1.890000000000039870, 0.2999999999999999889, -2.395000000000000462 ) ) ;
#3858 =( NAMED_UNIT ( * ) SI_UNIT ( $, .STERADIAN. ) SOLID_ANGLE_UNIT ( ) );
#3859 = VECTOR ( 'NONE', #5226, 1000.000000000000000 ) ;
#3860 = EDGE_CURVE ( 'NONE', #6023, #519, #5288, .T. ) ;
#3861 = ADVANCED_FACE ( 'NONE', ( #2294 ), #1682, .F. ) ;
#3862 = CARTESIAN_POINT ( 'NONE',  ( 1.890000000000026326, 0.2999999999999999889, -0.1250000000000001110 ) ) ;
#3863 = SURFACE_STYLE_USAGE ( .BOTH. , #158 ) ;
#3864 = EDGE_CURVE ( 'NONE', #3767, #3696, #5391, .T. ) ;
#3865 = UNCERTAINTY_MEASURE_WITH_UNIT (LENGTH_MEASURE( 1.000000000000000082E-05 ), #3580, 'distance_accuracy_value', 'NONE');
#3866 = UNCERTAINTY_MEASURE_WITH_UNIT (LENGTH_MEASURE( 1.000000000000000082E-05 ), #2017, 'distance_accuracy_value', 'NONE');
#3867 = COLOUR_RGB ( '',0.9686274509803921573, 0.8784313725490195957, 0.5999999999999999778 ) ;
#3868 = ORIENTED_EDGE ( 'NONE', *, *, #4287, .T. ) ;
#3869 =( NAMED_UNIT ( * ) SI_UNIT ( $, .STERADIAN. ) SOLID_ANGLE_UNIT ( ) );
#3870 = CARTESIAN_POINT ( 'NONE',  ( -1.890000000000026104, 0.2999999999999999889, -1.135000000000001119 ) ) ;
#3871 = DIRECTION ( 'NONE',  ( 0.000000000000000000, -1.000000000000000000, 0.000000000000000000 ) ) ;
#3872 = CARTESIAN_POINT ( 'NONE',  ( -2.390000000000038760, 0.2999999999999999889, -2.395000000000000462 ) ) ;
#3873 = EDGE_CURVE ( 'NONE', #1480, #6293, #1190, .T. ) ;
#3874 = ORIENTED_EDGE ( 'NONE', *, *, #4461, .T. ) ;
#3875 = LINE ( 'NONE', #1254, #2234 ) ;
#3876 = VECTOR ( 'NONE', #4115, 1000.000000000000000 ) ;
#3877 = VERTEX_POINT ( 'NONE', #4840 ) ;
#3878 = SURFACE_STYLE_FILL_AREA ( #5863 ) ;
#3879 = SURFACE_STYLE_USAGE ( .BOTH. , #1795 ) ;
#3880 =( NAMED_UNIT ( * ) SI_UNIT ( $, .STERADIAN. ) SOLID_ANGLE_UNIT ( ) );
#3881 = SURFACE_STYLE_USAGE ( .BOTH. , #3331 ) ;
#3882 = LINE ( 'NONE', #3816, #5490 ) ;
#3883 = MECHANICAL_DESIGN_GEOMETRIC_PRESENTATION_REPRESENTATION (  '', ( #4763 ), #6491 ) ;
#3884 = VECTOR ( 'NONE', #1648, 1000.000000000000000 ) ;
#3885 = EDGE_LOOP ( 'NONE', ( #3874, #5103, #6128, #6728 ) ) ;
#3886 = SURFACE_STYLE_USAGE ( .BOTH. , #6575 ) ;
#3887 = VECTOR ( 'NONE', #894, 1000.000000000000000 ) ;
#3888 = CARTESIAN_POINT ( 'NONE',  ( 1.890000000000000124, 0.2999999999999999889, 2.395000000000000018 ) ) ;
#3889 = FILL_AREA_STYLE_COLOUR ( '', #2800 ) ;
#3890 = SURFACE_SIDE_STYLE ('',( #312 ) ) ;
#3891 = CARTESIAN_POINT ( 'NONE',  ( -0.1000000000000002554, 0.5999999999999999778, -0.1000000000000000056 ) ) ;
#3892 = CARTESIAN_POINT ( 'NONE',  ( 0.1000000000000003247, 0.7599999999999998979, 0.09999999999999997780 ) ) ;
#3893 =( GEOMETRIC_REPRESENTATION_CONTEXT ( 3 ) GLOBAL_UNCERTAINTY_ASSIGNED_CONTEXT ( ( #669 ) ) GLOBAL_UNIT_ASSIGNED_CONTEXT ( ( #5260, #1289, #6373 ) ) REPRESENTATION_CONTEXT ( 'NONE', 'WORKASPACE' ) );
#3894 = ORIENTED_EDGE ( 'NONE', *, *, #2567, .F. ) ;
#3895 = MECHANICAL_DESIGN_GEOMETRIC_PRESENTATION_REPRESENTATION (  '', ( #4105 ), #2030 ) ;
#3896 = PRESENTATION_STYLE_ASSIGNMENT (( #5410 ) ) ;
#3898 = VECTOR ( 'NONE', #2623, 1000.000000000000000 ) ;
#3897 = FACE_OUTER_BOUND ( 'NONE', #2654, .T. ) ;
#3899 = SURFACE_SIDE_STYLE ('',( #3345 ) ) ;
#3900 = PRESENTATION_STYLE_ASSIGNMENT (( #2865 ) ) ;
#3901 = LINE ( 'NONE', #3995, #3279 ) ;
#3902 = VECTOR ( 'NONE', #3938, 1000.000000000000000 ) ;
#3903 = EDGE_LOOP ( 'NONE', ( #4082, #3051, #2218, #5848 ) ) ;
#3904 = SURFACE_STYLE_FILL_AREA ( #1810 ) ;
#3905 = DIRECTION ( 'NONE',  ( 1.560003125878423623E-16, 0.000000000000000000, -1.000000000000000000 ) ) ;
#3906 = LINE ( 'NONE', #2329, #1444 ) ;
#3907 = EDGE_CURVE ( 'NONE', #709, #4053, #163, .T. ) ;
#3908 = DIRECTION ( 'NONE',  ( -1.000000000000000000, -0.000000000000000000, -0.000000000000000000 ) ) ;
#3909 = ORIENTED_EDGE ( 'NONE', *, *, #2148, .F. ) ;
#3910 = EDGE_CURVE ( 'NONE', #6267, #4378, #3065, .T. ) ;
#3911 = EDGE_CURVE ( 'NONE', #6293, #959, #1011, .T. ) ;
#3912 = DIRECTION ( 'NONE',  ( 1.000000000000000000, -0.000000000000000000, -0.000000000000000000 ) ) ;
#3913 = CARTESIAN_POINT ( 'NONE',  ( 1.890000000000026326, 0.2999999999999999889, -0.1250000000000001110 ) ) ;
#3914 = CARTESIAN_POINT ( 'NONE',  ( -1.890000000000039204, 0.2999999999999999889, -1.385000000000001341 ) ) ;
#3915 = CARTESIAN_POINT ( 'NONE',  ( -0.8500000000000003109, 0.5999999999999999778, 0.1000000000000002970 ) ) ;
#3916 = CARTESIAN_POINT ( 'NONE',  ( -1.890000000000038982, 0.2999999999999999889, -2.395000000000000462 ) ) ;
#3917 = LINE ( 'NONE', #238, #4519 ) ;
#3918 = MECHANICAL_DESIGN_GEOMETRIC_PRESENTATION_REPRESENTATION (  '', ( #2054 ), #3263 ) ;
#3919 = ORIENTED_EDGE ( 'NONE', *, *, #2599, .T. ) ;
#3920 = DIRECTION ( 'NONE',  ( -1.000000000000000000, 0.000000000000000000, -0.000000000000000000 ) ) ;
#3921 =( NAMED_UNIT ( * ) PLANE_ANGLE_UNIT ( ) SI_UNIT ( $, .RADIAN. ) );
#3922 = FACE_BOUND ( 'NONE', #1943, .T. ) ;
#3923 = DIRECTION ( 'NONE',  ( -0.000000000000000000, -1.000000000000000000, -0.000000000000000000 ) ) ;
#3924 = FILL_AREA_STYLE_COLOUR ( '', #6364 ) ;
#3925 = VECTOR ( 'NONE', #1976, 1000.000000000000000 ) ;
#3926 = LINE ( 'NONE', #3892, #1009 ) ;
#3927 = ORIENTED_EDGE ( 'NONE', *, *, #1283, .F. ) ;
#3928 = ORIENTED_EDGE ( 'NONE', *, *, #118, .T. ) ;
#3929 = VECTOR ( 'NONE', #3036, 1000.000000000000000 ) ;
#3930 = SURFACE_SIDE_STYLE ('',( #3311 ) ) ;
#3931 = FILL_AREA_STYLE ('',( #1303 ) ) ;
#3932 =( NAMED_UNIT ( * ) SI_UNIT ( $, .STERADIAN. ) SOLID_ANGLE_UNIT ( ) );
#3933 = SURFACE_STYLE_FILL_AREA ( #2412 ) ;
#3934 = DIRECTION ( 'NONE',  ( -2.146934995020800733E-16, -0.000000000000000000, 1.000000000000000000 ) ) ;
#3935 =( GEOMETRIC_REPRESENTATION_CONTEXT ( 3 ) GLOBAL_UNCERTAINTY_ASSIGNED_CONTEXT ( ( #2559 ) ) GLOBAL_UNIT_ASSIGNED_CONTEXT ( ( #2080, #3130, #1597 ) ) REPRESENTATION_CONTEXT ( 'NONE', 'WORKASPACE' ) );
#3936 = UNCERTAINTY_MEASURE_WITH_UNIT (LENGTH_MEASURE( 1.000000000000000082E-05 ), #2752, 'distance_accuracy_value', 'NONE');
#3937 = SURFACE_STYLE_FILL_AREA ( #2867 ) ;
#3938 = DIRECTION ( 'NONE',  ( -1.000000000000000000, -0.000000000000000000, -0.000000000000000000 ) ) ;
#3939 =( NAMED_UNIT ( * ) SI_UNIT ( $, .STERADIAN. ) SOLID_ANGLE_UNIT ( ) );
#3940 =( NAMED_UNIT ( * ) SI_UNIT ( $, .STERADIAN. ) SOLID_ANGLE_UNIT ( ) );
#3941 = CARTESIAN_POINT ( 'NONE',  ( 1.890000000000026548, 0.000000000000000000, -1.135000000000000231 ) ) ;
#3942 = LINE ( 'NONE', #2940, #3031 ) ;
#3943 = PRESENTATION_LAYER_ASSIGNMENT (  '', '', ( #1966 ) ) ;
#3944 = VERTEX_POINT ( 'NONE', #3997 ) ;
#3945 = DIRECTION ( 'NONE',  ( 0.000000000000000000, -1.000000000000000000, 0.000000000000000000 ) ) ;
#3946 = PLANE ( 'NONE',  #5860 ) ;
#3947 = VECTOR ( 'NONE', #6125, 1000.000000000000000 ) ;
#3948 = DIRECTION ( 'NONE',  ( 1.000000000000000000, 0.000000000000000000, -0.000000000000000000 ) ) ;
#3949 = LINE ( 'NONE', #3489, #3010 ) ;
#3950 = DIRECTION ( 'NONE',  ( 0.000000000000000000, -1.355252715606876993E-15, -1.000000000000000000 ) ) ;
#3951 = LINE ( 'NONE', #6031, #6360 ) ;
#3952 = EDGE_CURVE ( 'NONE', #4387, #891, #1506, .T. ) ;
#3953 = EDGE_CURVE ( 'NONE', #3840, #4075, #3578, .T. ) ;
#3954 = PRESENTATION_LAYER_ASSIGNMENT (  '', '', ( #1019 ) ) ;
#3955 = ORIENTED_EDGE ( 'NONE', *, *, #1783, .T. ) ;
#3956 =( LENGTH_UNIT ( ) NAMED_UNIT ( * ) SI_UNIT ( .MILLI., .METRE. ) );
#3957 = DIRECTION ( 'NONE',  ( -0.000000000000000000, -0.000000000000000000, 1.000000000000000000 ) ) ;
#3958 = PLANE ( 'NONE',  #1433 ) ;
#3959 = DIRECTION ( 'NONE',  ( 0.000000000000000000, 1.000000000000000000, 0.000000000000000000 ) ) ;
#3960 = AXIS2_PLACEMENT_3D ( 'NONE', #6315, #4762, #1635 ) ;
#3961 = CARTESIAN_POINT ( 'NONE',  ( -2.500000000000000000, -0.000000000000000000, 2.500000000000000444 ) ) ;
#3962 = EDGE_CURVE ( 'NONE', #4259, #3877, #6149, .T. ) ;
#3963 = ORIENTED_EDGE ( 'NONE', *, *, #6709, .F. ) ;
#3964 = DIRECTION ( 'NONE',  ( 0.000000000000000000, -1.000000000000000000, 0.000000000000000000 ) ) ;
#3965 = CARTESIAN_POINT ( 'NONE',  ( 1.890000000000026326, 0.2999999999999999889, -0.1250000000000001110 ) ) ;
#3966 = SURFACE_SIDE_STYLE ('',( #2866 ) ) ;
#3967 = FACE_OUTER_BOUND ( 'NONE', #661, .T. ) ;
#3968 =( NAMED_UNIT ( * ) PLANE_ANGLE_UNIT ( ) SI_UNIT ( $, .RADIAN. ) );
#3969 =( NAMED_UNIT ( * ) PLANE_ANGLE_UNIT ( ) SI_UNIT ( $, .RADIAN. ) );
#3970 = CARTESIAN_POINT ( 'NONE',  ( 2.500000000000000000, 0.7600000000000005640, -2.500000000000000444 ) ) ;
#3971 = VERTEX_POINT ( 'NONE', #2994 ) ;
#3972 = CARTESIAN_POINT ( 'NONE',  ( -1.890000000000039204, 0.000000000000000000, -1.385000000000001341 ) ) ;
#3973 = DIRECTION ( 'NONE',  ( 1.000000000000000000, 0.000000000000000000, -0.000000000000000000 ) ) ;
#3974 = DIRECTION ( 'NONE',  ( -1.445602896647339163E-16, 0.000000000000000000, -1.000000000000000000 ) ) ;
#3975 = PLANE ( 'NONE',  #319 ) ;
#3976 = APPLICATION_PROTOCOL_DEFINITION ( 'draft international standard', 'automotive_design', 1998, #4357 ) ;
#3977 = VERTEX_POINT ( 'NONE', #6696 ) ;
#3978 = ORIENTED_EDGE ( 'NONE', *, *, #1647, .T. ) ;
#3979 =( GEOMETRIC_REPRESENTATION_CONTEXT ( 3 ) GLOBAL_UNCERTAINTY_ASSIGNED_CONTEXT ( ( #4843 ) ) GLOBAL_UNIT_ASSIGNED_CONTEXT ( ( #5532, #5564, #904 ) ) REPRESENTATION_CONTEXT ( 'NONE', 'WORKASPACE' ) );
#3980 = COLOUR_RGB ( '',0.03921568627450980338, 0.4901960784313725283, 0.7098039215686274828 ) ;
#3981 = EDGE_CURVE ( 'NONE', #388, #6743, #1873, .T. ) ;
#3982 = CARTESIAN_POINT ( 'NONE',  ( -1.389999999999999902, 0.000000000000000000, 0.6299999999999998934 ) ) ;
#3983 = FILL_AREA_STYLE_COLOUR ( '', #5104 ) ;
#3984 =( NAMED_UNIT ( * ) SI_UNIT ( $, .STERADIAN. ) SOLID_ANGLE_UNIT ( ) );
#3985 = AXIS2_PLACEMENT_3D ( 'NONE', #747, #3810, #6530 ) ;
#3986 = COLOUR_RGB ( '',0.5019607843137254832, 0.5019607843137254832, 0.5019607843137254832 ) ;
#3987 = ADVANCED_FACE ( 'NONE', ( #4655 ), #1971, .F. ) ;
#3988 = VERTEX_POINT ( 'NONE', #974 ) ;
#3989 = LINE ( 'NONE', #1400, #3444 ) ;
#3990 = ADVANCED_FACE ( 'NONE', ( #3967 ), #463, .F. ) ;
#3991 = EDGE_CURVE ( 'NONE', #4448, #307, #6314, .T. ) ;
#3992 = DIRECTION ( 'NONE',  ( 0.000000000000000000, 0.000000000000000000, 1.000000000000000000 ) ) ;
#3993 = CARTESIAN_POINT ( 'NONE',  ( -1.890000000000039204, 0.2999999999999999889, -1.385000000000001341 ) ) ;
#3994 =( NAMED_UNIT ( * ) PLANE_ANGLE_UNIT ( ) SI_UNIT ( $, .RADIAN. ) );
#3995 = CARTESIAN_POINT ( 'NONE',  ( 0.1000000000000002970, 0.5999999999999999778, -0.1000000000000000056 ) ) ;
#3996 = VECTOR ( 'NONE', #5203, 1000.000000000000000 ) ;
#3997 = CARTESIAN_POINT ( 'NONE',  ( -1.890000000000013891, 0.000000000000000000, 1.134999999999999121 ) ) ;
#3998 = FACE_OUTER_BOUND ( 'NONE', #3184, .T. ) ;
#3999 =( GEOMETRIC_REPRESENTATION_CONTEXT ( 3 ) GLOBAL_UNCERTAINTY_ASSIGNED_CONTEXT ( ( #947 ) ) GLOBAL_UNIT_ASSIGNED_CONTEXT ( ( #6502, #3520, #4562 ) ) REPRESENTATION_CONTEXT ( 'NONE', 'WORKASPACE' ) );
#4000 = DIRECTION ( 'NONE',  ( 0.000000000000000000, -0.000000000000000000, 1.000000000000000000 ) ) ;
#4001 = FACE_OUTER_BOUND ( 'NONE', #1130, .T. ) ;
#4002 = CARTESIAN_POINT ( 'NONE',  ( -0.1000000000000002970, 0.7599999999999998979, 0.1000000000000000333 ) ) ;
#4003 = ORIENTED_EDGE ( 'NONE', *, *, #6698, .T. ) ;
#4004 = CIRCLE ( 'NONE', #4883, 2.259999999999999787 ) ;
#4005 = FILL_AREA_STYLE ('',( #6598 ) ) ;
#4006 = PLANE ( 'NONE',  #2441 ) ;
#4007 = LINE ( 'NONE', #4474, #6671 ) ;
#4008 = SURFACE_STYLE_USAGE ( .BOTH. , #2425 ) ;
#4009 = FILL_AREA_STYLE_COLOUR ( '', #331 ) ;
#4010 = ORIENTED_EDGE ( 'NONE', *, *, #2154, .T. ) ;
#4011 = PRESENTATION_LAYER_ASSIGNMENT (  '', '', ( #2919 ) ) ;
#4012 = ORIENTED_EDGE ( 'NONE', *, *, #2471, .F. ) ;
#4013 = COLOUR_RGB ( '',0.9686274509803921573, 0.8784313725490195957, 0.5999999999999999778 ) ;
#4014 = SURFACE_STYLE_USAGE ( .BOTH. , #1330 ) ;
#4015 = FILL_AREA_STYLE ('',( #1890 ) ) ;
#4016 = LINE ( 'NONE', #139, #381 ) ;
#4017 = ADVANCED_BREP_SHAPE_REPRESENTATION ( 'CREE LED XMLDCL-00-0000-00C3AAAE7', ( #4335, #4319, #4414, #2129, #6626, #2095, #2212, #6654, #6578, #6554, #6666, #2142, #4374, #6587, #6511, #4495, #1789 ), #6584 ) ;
#4018 = LINE ( 'NONE', #5594, #6024 ) ;
#4019 = PRESENTATION_LAYER_ASSIGNMENT (  '', '', ( #216 ) ) ;
#4020 = PRESENTATION_LAYER_ASSIGNMENT (  '', '', ( #660 ) ) ;
#4021 = STYLED_ITEM ( 'NONE', ( #5595 ), #378 ) ;
#4022 = ORIENTED_EDGE ( 'NONE', *, *, #2278, .T. ) ;
#4023 = ORIENTED_EDGE ( 'NONE', *, *, #794, .T. ) ;
#4024 = DIRECTION ( 'NONE',  ( -0.7071067811865474617, 0.000000000000000000, 0.7071067811865474617 ) ) ;
#4025 = VECTOR ( 'NONE', #5744, 1000.000000000000000 ) ;
#4026 = ADVANCED_FACE ( 'NONE', ( #85, #6249, #115, #4797, #4245, #4727, #3246, #3091, #4131, #3764 ), #51, .F. ) ;
#4027 =( NAMED_UNIT ( * ) PLANE_ANGLE_UNIT ( ) SI_UNIT ( $, .RADIAN. ) );
#4028 = EDGE_CURVE ( 'NONE', #891, #3668, #5748, .T. ) ;
#4029 = EDGE_CURVE ( 'NONE', #1527, #3555, #3206, .T. ) ;
#4030 = EDGE_CURVE ( 'NONE', #3125, #4060, #1075, .T. ) ;
#4031 = VECTOR ( 'NONE', #5889, 1000.000000000000000 ) ;
#4032 = VECTOR ( 'NONE', #5356, 1000.000000000000000 ) ;
#4033 = PRESENTATION_STYLE_ASSIGNMENT (( #1840 ) ) ;
#4034 = MECHANICAL_DESIGN_GEOMETRIC_PRESENTATION_REPRESENTATION (  '', ( #5251 ), #1951 ) ;
#4035 = CARTESIAN_POINT ( 'NONE',  ( 0.000000000000000000, 0.000000000000000000, 0.000000000000000000 ) ) ;
#4036 = FILL_AREA_STYLE_COLOUR ( '', #4013 ) ;
#4037 = AXIS2_PLACEMENT_3D ( 'NONE', #6359, #3730, #5884 ) ;
#4038 = DIRECTION ( 'NONE',  ( -0.000000000000000000, -0.000000000000000000, 1.000000000000000000 ) ) ;
#4039 = VECTOR ( 'NONE', #5146, 1000.000000000000000 ) ;
#4040 = CARTESIAN_POINT ( 'NONE',  ( 2.390000000000013003, 0.2999999999999999889, 1.135000000000000009 ) ) ;
#4041 = ORIENTED_EDGE ( 'NONE', *, *, #3787, .T. ) ;
#4042 =( GEOMETRIC_REPRESENTATION_CONTEXT ( 3 ) GLOBAL_UNCERTAINTY_ASSIGNED_CONTEXT ( ( #6742 ) ) GLOBAL_UNIT_ASSIGNED_CONTEXT ( ( #5745, #1008, #4066 ) ) REPRESENTATION_CONTEXT ( 'NONE', 'WORKASPACE' ) );
#4043 = ORIENTED_EDGE ( 'NONE', *, *, #6001, .T. ) ;
#4044 = LINE ( 'NONE', #1820, #1599 ) ;
#4045 = SURFACE_SIDE_STYLE ('',( #4600 ) ) ;
#4046 = MECHANICAL_DESIGN_GEOMETRIC_PRESENTATION_REPRESENTATION (  '', ( #6111 ), #129 ) ;
#4047 = PRODUCT_CONTEXT ( 'NONE', #2805, 'mechanical' ) ;
#4048 = CARTESIAN_POINT ( 'NONE',  ( 1.389999999999999902, 0.2999999999999999889, -2.390000000000000124 ) ) ;
#4049 = SURFACE_SIDE_STYLE ('',( #5972 ) ) ;
#4050 = MECHANICAL_DESIGN_GEOMETRIC_PRESENTATION_REPRESENTATION (  '', ( #2299 ), #4919 ) ;
#4051 = ORIENTED_EDGE ( 'NONE', *, *, #6209, .F. ) ;
#4052 =( GEOMETRIC_REPRESENTATION_CONTEXT ( 3 ) GLOBAL_UNCERTAINTY_ASSIGNED_CONTEXT ( ( #4347 ) ) GLOBAL_UNIT_ASSIGNED_CONTEXT ( ( #2063, #2607, #4903 ) ) REPRESENTATION_CONTEXT ( 'NONE', 'WORKASPACE' ) );
#4053 = VERTEX_POINT ( 'NONE', #5315 ) ;
#4054 = CARTESIAN_POINT ( 'NONE',  ( 1.890000000000013447, 0.2999999999999999889, 1.135000000000000009 ) ) ;
#4055 = CARTESIAN_POINT ( 'NONE',  ( -2.390000000000026770, 0.2999999999999999889, -1.135000000000001119 ) ) ;
#4056 = VECTOR ( 'NONE', #2091, 1000.000000000000000 ) ;
#4057 = SURFACE_SIDE_STYLE ('',( #4088 ) ) ;
#4058 = ORIENTED_EDGE ( 'NONE', *, *, #2356, .F. ) ;
#4059 = ORIENTED_EDGE ( 'NONE', *, *, #5909, .T. ) ;
#4060 = VERTEX_POINT ( 'NONE', #1041 ) ;
#4061 = AXIS2_PLACEMENT_3D ( 'NONE', #5824, #1156, #3214 ) ;
#4062 = DIRECTION ( 'NONE',  ( 0.000000000000000000, -1.000000000000000000, 0.000000000000000000 ) ) ;
#4063 = VECTOR ( 'NONE', #3477, 1000.000000000000000 ) ;
#4064 = LINE ( 'NONE', #1502, #397 ) ;
#4065 = CARTESIAN_POINT ( 'NONE',  ( -2.500000000000000888, 0.5999999999999999778, 2.500000000000000444 ) ) ;
#4066 =( NAMED_UNIT ( * ) SI_UNIT ( $, .STERADIAN. ) SOLID_ANGLE_UNIT ( ) );
#4067 = COLOUR_RGB ( '',0.5019607843137254832, 0.5019607843137254832, 0.5019607843137254832 ) ;
#4068 =( NAMED_UNIT ( * ) PLANE_ANGLE_UNIT ( ) SI_UNIT ( $, .RADIAN. ) );
#4069 = STYLED_ITEM ( 'NONE', ( #5416 ), #6367 ) ;
#4070 = CARTESIAN_POINT ( 'NONE',  ( 2.390000000000026770, 0.2999999999999999889, -0.1250000000000001110 ) ) ;
#4071 = EDGE_CURVE ( 'NONE', #3971, #4185, #2120, .T. ) ;
#4072 = VECTOR ( 'NONE', #4942, 1000.000000000000000 ) ;
#4073 = UNCERTAINTY_MEASURE_WITH_UNIT (LENGTH_MEASURE( 1.000000000000000082E-05 ), #1350, 'distance_accuracy_value', 'NONE');
#4074 = CARTESIAN_POINT ( 'NONE',  ( 1.890000000000013447, 0.000000000000000000, 1.135000000000000009 ) ) ;
#4075 = VERTEX_POINT ( 'NONE', #5240 ) ;
#4076 = EDGE_CURVE ( 'NONE', #4604, #2178, #4206, .T. ) ;
#4077 = CARTESIAN_POINT ( 'NONE',  ( -2.390000000000026770, 0.2999999999999999889, -0.1250000000000009714 ) ) ;
#4078 = DIRECTION ( 'NONE',  ( 0.000000000000000000, -1.000000000000000000, 0.000000000000000000 ) ) ;
#4079 = EDGE_CURVE ( 'NONE', #4861, #2613, #2693, .T. ) ;
#4080 = SURFACE_STYLE_USAGE ( .BOTH. , #3109 ) ;
#4081 = CARTESIAN_POINT ( 'NONE',  ( 1.890000000000039648, 0.2999999999999999889, -1.385000000000000453 ) ) ;
#4082 = ORIENTED_EDGE ( 'NONE', *, *, #5214, .T. ) ;
#4083 = PLANE ( 'NONE',  #2241 ) ;
#4085 = ORIENTED_EDGE ( 'NONE', *, *, #626, .F. ) ;
#4084 =( GEOMETRIC_REPRESENTATION_CONTEXT ( 3 ) GLOBAL_UNCERTAINTY_ASSIGNED_CONTEXT ( ( #2964 ) ) GLOBAL_UNIT_ASSIGNED_CONTEXT ( ( #2902, #2835, #1281 ) ) REPRESENTATION_CONTEXT ( 'NONE', 'WORKASPACE' ) );
#4086 = SURFACE_STYLE_FILL_AREA ( #1992 ) ;
#4087 = DIRECTION ( 'NONE',  ( 0.000000000000000000, 0.000000000000000000, -1.000000000000000000 ) ) ;
#4088 = SURFACE_STYLE_FILL_AREA ( #4 ) ;
#4089 = EDGE_LOOP ( 'NONE', ( #200, #5554, #3978, #2333 ) ) ;
#4090 = ORIENTED_EDGE ( 'NONE', *, *, #4203, .T. ) ;
#4091 =( GEOMETRIC_REPRESENTATION_CONTEXT ( 3 ) GLOBAL_UNCERTAINTY_ASSIGNED_CONTEXT ( ( #198 ) ) GLOBAL_UNIT_ASSIGNED_CONTEXT ( ( #3956, #892, #5492 ) ) REPRESENTATION_CONTEXT ( 'NONE', 'WORKASPACE' ) );
#4092 = VERTEX_POINT ( 'NONE', #3690 ) ;
#4093 = FILL_AREA_STYLE_COLOUR ( '', #5534 ) ;
#4094 =( LENGTH_UNIT ( ) NAMED_UNIT ( * ) SI_UNIT ( .MILLI., .METRE. ) );
#4095 = CARTESIAN_POINT ( 'NONE',  ( 0.1000000000000002137, 0.7599999999999998979, -0.8500000000000000888 ) ) ;
#4096 = VECTOR ( 'NONE', #5809, 1000.000000000000000 ) ;
#4097 = AXIS2_PLACEMENT_3D ( 'NONE', #1468, #5019, #4024 ) ;
#4098 = FILL_AREA_STYLE_COLOUR ( '', #2254 ) ;
#4099 = DIRECTION ( 'NONE',  ( 0.000000000000000000, 0.000000000000000000, 1.000000000000000000 ) ) ;
#4100 = DIRECTION ( 'NONE',  ( -1.000000000000000000, -0.000000000000000000, -0.000000000000000000 ) ) ;
#4101 = CARTESIAN_POINT ( 'NONE',  ( 2.500000000000000000, 0.5999999999999999778, 0.000000000000000000 ) ) ;
#4102 =( GEOMETRIC_REPRESENTATION_CONTEXT ( 3 ) GLOBAL_UNCERTAINTY_ASSIGNED_CONTEXT ( ( #4758 ) ) GLOBAL_UNIT_ASSIGNED_CONTEXT ( ( #6681, #3921, #2401 ) ) REPRESENTATION_CONTEXT ( 'NONE', 'WORKASPACE' ) );
#4103 = DIRECTION ( 'NONE',  ( -1.445602896647339163E-16, -0.000000000000000000, -1.000000000000000000 ) ) ;
#4104 = ORIENTED_EDGE ( 'NONE', *, *, #5255, .F. ) ;
#4105 = STYLED_ITEM ( 'NONE', ( #3141 ), #836 ) ;
#4106 = DIRECTION ( 'NONE',  ( -0.000000000000000000, -1.000000000000000000, -0.000000000000000000 ) ) ;
#4107 = DIRECTION ( 'NONE',  ( -1.000000000000000000, 0.000000000000000000, 2.349104707051926602E-16 ) ) ;
#4108 = LINE ( 'NONE', #5290, #5544 ) ;
#4109 = ORIENTED_EDGE ( 'NONE', *, *, #5172, .F. ) ;
#4110 = EDGE_CURVE ( 'NONE', #307, #2958, #4277, .T. ) ;
#4111 = MECHANICAL_DESIGN_GEOMETRIC_PRESENTATION_REPRESENTATION (  '', ( #1817 ), #3447 ) ;
#4112 = DIRECTION ( 'NONE',  ( -1.000000000000000000, 0.000000000000000000, 0.000000000000000000 ) ) ;
#4113 = ADVANCED_FACE ( 'NONE', ( #1806 ), #2825, .T. ) ;
#4114 = VERTEX_POINT ( 'NONE', #4832 ) ;
#4115 = DIRECTION ( 'NONE',  ( 1.000000000000000000, -0.000000000000000000, -0.000000000000000000 ) ) ;
#4116 = CARTESIAN_POINT ( 'NONE',  ( 0.8500000000000003109, 0.7599999999999998979, -0.1000000000000000056 ) ) ;
#4117 =( NAMED_UNIT ( * ) PLANE_ANGLE_UNIT ( ) SI_UNIT ( $, .RADIAN. ) );
#4118 = SURFACE_STYLE_FILL_AREA ( #2673 ) ;
#4119 = FILL_AREA_STYLE ('',( #4613 ) ) ;
#4120 = MECHANICAL_DESIGN_GEOMETRIC_PRESENTATION_REPRESENTATION (  '', ( #2264 ), #1721 ) ;
#4121 = SURFACE_STYLE_USAGE ( .BOTH. , #2031 ) ;
#4122 = PRESENTATION_LAYER_ASSIGNMENT (  '', '', ( #3252 ) ) ;
#4123 = FACE_OUTER_BOUND ( 'NONE', #4222, .T. ) ;
#4124 = ORIENTED_EDGE ( 'NONE', *, *, #3567, .F. ) ;
#4125 = VERTEX_POINT ( 'NONE', #5944 ) ;
#4126 = ORIENTED_EDGE ( 'NONE', *, *, #243, .T. ) ;
#4127 = DIRECTION ( 'NONE',  ( 0.000000000000000000, 0.000000000000000000, 1.000000000000000000 ) ) ;
#4128 = AXIS2_PLACEMENT_3D ( 'NONE', #1274, #6048, #5506 ) ;
#4129 = PRESENTATION_LAYER_ASSIGNMENT (  '', '', ( #2274 ) ) ;
#4130 = AXIS2_PLACEMENT_3D ( 'NONE', #3076, #5185, #503 ) ;
#4131 = FACE_BOUND ( 'NONE', #5346, .T. ) ;
#4132 = PLANE ( 'NONE',  #6353 ) ;
#4133 = CARTESIAN_POINT ( 'NONE',  ( -1.389999999999999902, 0.2999999999999999889, 2.389999999999999680 ) ) ;
#4134 = SURFACE_STYLE_FILL_AREA ( #17 ) ;
#4135 = CARTESIAN_POINT ( 'NONE',  ( -1.890000000000001013, 0.2999999999999999889, 2.394999999999999574 ) ) ;
#4136 = AXIS2_PLACEMENT_3D ( 'NONE', #6624, #2968, #6117 ) ;
#4137 = UNCERTAINTY_MEASURE_WITH_UNIT (LENGTH_MEASURE( 1.000000000000000082E-05 ), #4141, 'distance_accuracy_value', 'NONE');
#4138 = ORIENTED_EDGE ( 'NONE', *, *, #1924, .T. ) ;
#4139 = MECHANICAL_DESIGN_GEOMETRIC_PRESENTATION_REPRESENTATION (  '', ( #5134 ), #3587 ) ;
#4140 = LINE ( 'NONE', #5724, #6541 ) ;
#4141 =( LENGTH_UNIT ( ) NAMED_UNIT ( * ) SI_UNIT ( .MILLI., .METRE. ) );
#4142 = VECTOR ( 'NONE', #1212, 1000.000000000000000 ) ;
#4143 = ORIENTED_EDGE ( 'NONE', *, *, #998, .F. ) ;
#4144 = VECTOR ( 'NONE', #3472, 1000.000000000000000 ) ;
#4145 = CARTESIAN_POINT ( 'NONE',  ( -0.1000000000000002137, 0.5999999999999999778, 0.8500000000000000888 ) ) ;
#4146 = VERTEX_POINT ( 'NONE', #5467 ) ;
#4147 = CARTESIAN_POINT ( 'NONE',  ( -1.890000000000000790, 0.2999999999999999889, 1.384999999999999121 ) ) ;
#4148 = VECTOR ( 'NONE', #2322, 1000.000000000000000 ) ;
#4149 = PLANE ( 'NONE',  #4976 ) ;
#4150 = EDGE_CURVE ( 'NONE', #6071, #1512, #4916, .T. ) ;
#4151 = LINE ( 'NONE', #33, #5642 ) ;
#4152 = PRODUCT_RELATED_PRODUCT_CATEGORY ( 'part', '', ( #1204 ) ) ;
#4153 = DIRECTION ( 'NONE',  ( 0.000000000000000000, -0.000000000000000000, 1.000000000000000000 ) ) ;
#4154 =( NAMED_UNIT ( * ) SI_UNIT ( $, .STERADIAN. ) SOLID_ANGLE_UNIT ( ) );
#4155 =( GEOMETRIC_REPRESENTATION_CONTEXT ( 3 ) GLOBAL_UNCERTAINTY_ASSIGNED_CONTEXT ( ( #2290 ) ) GLOBAL_UNIT_ASSIGNED_CONTEXT ( ( #4241, #2723, #151 ) ) REPRESENTATION_CONTEXT ( 'NONE', 'WORKASPACE' ) );
#4156 = SURFACE_STYLE_FILL_AREA ( #2641 ) ;
#4157 =( NAMED_UNIT ( * ) SI_UNIT ( $, .STERADIAN. ) SOLID_ANGLE_UNIT ( ) );
#4158 = EDGE_CURVE ( 'NONE', #4529, #4092, #1211, .T. ) ;
#4159 = LINE ( 'NONE', #6137, #4814 ) ;
#4160 = PRESENTATION_LAYER_ASSIGNMENT (  '', '', ( #3604 ) ) ;
#4161 = FILL_AREA_STYLE ('',( #2033 ) ) ;
#4162 = ORIENTED_EDGE ( 'NONE', *, *, #834, .T. ) ;
#4163 = EDGE_LOOP ( 'NONE', ( #3753, #1107, #1106, #2598 ) ) ;
#4164 = ORIENTED_EDGE ( 'NONE', *, *, #4842, .F. ) ;
#4165 =( LENGTH_UNIT ( ) NAMED_UNIT ( * ) SI_UNIT ( .MILLI., .METRE. ) );
#4166 = ADVANCED_FACE ( 'NONE', ( #1708 ), #4313, .F. ) ;
#4167 = PLANE ( 'NONE',  #4394 ) ;
#4168 = EDGE_CURVE ( 'NONE', #1767, #701, #803, .T. ) ;
#4169 = DIRECTION ( 'NONE',  ( -1.000000000000000000, 0.000000000000000000, -2.146934995020800486E-16 ) ) ;
#4170 = VECTOR ( 'NONE', #741, 1000.000000000000000 ) ;
#4171 = VERTEX_POINT ( 'NONE', #2252 ) ;
#4172 = VERTEX_POINT ( 'NONE', #2790 ) ;
#4173 = COLOUR_RGB ( '',0.9686274509803921573, 0.8784313725490195957, 0.5999999999999999778 ) ;
#4174 = PRESENTATION_STYLE_ASSIGNMENT (( #3619 ) ) ;
#4175 =( NAMED_UNIT ( * ) SI_UNIT ( $, .STERADIAN. ) SOLID_ANGLE_UNIT ( ) );
#4176 =( NAMED_UNIT ( * ) PLANE_ANGLE_UNIT ( ) SI_UNIT ( $, .RADIAN. ) );
#4177 = COLOUR_RGB ( '',0.5019607843137254832, 0.5019607843137254832, 0.5019607843137254832 ) ;
#4178 = FACE_OUTER_BOUND ( 'NONE', #3165, .T. ) ;
#4179 = EDGE_LOOP ( 'NONE', ( #3123, #3211, #932, #4043 ) ) ;
#4180 = PLANE ( 'NONE',  #1417 ) ;
#4181 = DIRECTION ( 'NONE',  ( 0.000000000000000000, 0.000000000000000000, -1.000000000000000000 ) ) ;
#4182 = FILL_AREA_STYLE_COLOUR ( '', #6196 ) ;
#4183 = LINE ( 'NONE', #2569, #5009 ) ;
#4184 = VECTOR ( 'NONE', #3714, 1000.000000000000000 ) ;
#4185 = VERTEX_POINT ( 'NONE', #6013 ) ;
#4186 = PRESENTATION_STYLE_ASSIGNMENT (( #2201 ) ) ;
#4187 = VERTEX_POINT ( 'NONE', #3857 ) ;
#4188 =( NAMED_UNIT ( * ) SI_UNIT ( $, .STERADIAN. ) SOLID_ANGLE_UNIT ( ) );
#4189 = CARTESIAN_POINT ( 'NONE',  ( 2.500000000000000000, 0.5999999999999999778, 2.500000000000000000 ) ) ;
#4190 = CARTESIAN_POINT ( 'NONE',  ( 2.390000000000013003, 0.2999999999999999889, 0.1249999999999998890 ) ) ;
#4191 = CARTESIAN_POINT ( 'NONE',  ( 2.500000000000000000, 0.5999999999999999778, 0.000000000000000000 ) ) ;
#4192 = DIRECTION ( 'NONE',  ( 5.782411586589358625E-16, -0.000000000000000000, 1.000000000000000000 ) ) ;
#4193 = ORIENTED_EDGE ( 'NONE', *, *, #3473, .T. ) ;
#4194 = ORIENTED_EDGE ( 'NONE', *, *, #6040, .F. ) ;
#4195 = ORIENTED_EDGE ( 'NONE', *, *, #4950, .T. ) ;
#4196 = VERTEX_POINT ( 'NONE', #4951 ) ;
#4197 = FILL_AREA_STYLE ('',( #5742 ) ) ;
#4198 = PLANE ( 'NONE',  #58 ) ;
#4199 = DIRECTION ( 'NONE',  ( 1.000000000000000000, -0.000000000000000000, -0.000000000000000000 ) ) ;
#4200 = DIRECTION ( 'NONE',  ( 0.000000000000000000, 0.000000000000000000, 1.000000000000000000 ) ) ;
#4201 = ADVANCED_FACE ( 'NONE', ( #4350 ), #1744, .T. ) ;
#4202 = EDGE_CURVE ( 'NONE', #2422, #3811, #5057, .T. ) ;
#4203 = EDGE_CURVE ( 'NONE', #2716, #5295, #4984, .T. ) ;
#4204 = ORIENTED_EDGE ( 'NONE', *, *, #3319, .T. ) ;
#4205 = EDGE_CURVE ( 'NONE', #597, #2842, #3989, .T. ) ;
#4206 = LINE ( 'NONE', #634, #3996 ) ;
#4207 = VECTOR ( 'NONE', #4961, 1000.000000000000000 ) ;
#4208 = FACE_OUTER_BOUND ( 'NONE', #2594, .T. ) ;
#4209 = VECTOR ( 'NONE', #4740, 1000.000000000000000 ) ;
#4210 = PRESENTATION_STYLE_ASSIGNMENT (( #3656 ) ) ;
#4211 = STYLED_ITEM ( 'NONE', ( #5464 ), #880 ) ;
#4212 = UNCERTAINTY_MEASURE_WITH_UNIT (LENGTH_MEASURE( 1.000000000000000082E-05 ), #4094, 'distance_accuracy_value', 'NONE');
#4213 = PRESENTATION_LAYER_ASSIGNMENT (  '', '', ( #1377 ) ) ;
#4214 = EDGE_LOOP ( 'NONE', ( #6677, #2372, #6473, #5525 ) ) ;
#4215 = CARTESIAN_POINT ( 'NONE',  ( 0.000000000000000000, 0.7600000000000002309, 0.000000000000000000 ) ) ;
#4216 = CARTESIAN_POINT ( 'NONE',  ( 2.390000000000026770, 0.2999999999999999889, -0.1250000000000001110 ) ) ;
#4217 = CARTESIAN_POINT ( 'NONE',  ( -0.8500000000000003109, 0.7599999999999998979, 0.1000000000000002970 ) ) ;
#4218 = SURFACE_SIDE_STYLE ('',( #5693 ) ) ;
#4219 = VECTOR ( 'NONE', #2806, 1000.000000000000000 ) ;
#4220 = ORIENTED_EDGE ( 'NONE', *, *, #532, .T. ) ;
#4221 = DIRECTION ( 'NONE',  ( 0.000000000000000000, 0.000000000000000000, 1.000000000000000000 ) ) ;
#4222 = EDGE_LOOP ( 'NONE', ( #4815, #5055, #1528, #6156 ) ) ;
#4223 = DIRECTION ( 'NONE',  ( -0.000000000000000000, 1.000000000000000000, 0.000000000000000000 ) ) ;
#4224 = VECTOR ( 'NONE', #1146, 1000.000000000000000 ) ;
#4225 = FILL_AREA_STYLE ('',( #2982 ) ) ;
#4226 = CARTESIAN_POINT ( 'NONE',  ( 2.390000000000039648, 0.2999999999999999889, -2.395000000000000462 ) ) ;
#4227 = DIRECTION ( 'NONE',  ( 0.000000000000000000, 0.000000000000000000, 1.000000000000000000 ) ) ;
#4228 = LINE ( 'NONE', #6299, #6621 ) ;
#4229 = CARTESIAN_POINT ( 'NONE',  ( 0.1000000000000002970, 0.7599999999999998979, -0.1000000000000000056 ) ) ;
#4230 = PRESENTATION_LAYER_ASSIGNMENT (  '', '', ( #523 ) ) ;
#4231 = CARTESIAN_POINT ( 'NONE',  ( -2.390000000000013003, 0.000000000000000000, 0.1249999999999990286 ) ) ;
#4232 = VERTEX_POINT ( 'NONE', #5630 ) ;
#4233 = VERTEX_POINT ( 'NONE', #1965 ) ;
#4234 = ORIENTED_EDGE ( 'NONE', *, *, #1440, .T. ) ;
#4235 = PLANE ( 'NONE',  #4860 ) ;
#4236 = FILL_AREA_STYLE_COLOUR ( '', #900 ) ;
#4237 = PLANE ( 'NONE',  #4726 ) ;
#4238 =( GEOMETRIC_REPRESENTATION_CONTEXT ( 3 ) GLOBAL_UNCERTAINTY_ASSIGNED_CONTEXT ( ( #6189 ) ) GLOBAL_UNIT_ASSIGNED_CONTEXT ( ( #6134, #6580, #1891 ) ) REPRESENTATION_CONTEXT ( 'NONE', 'WORKASPACE' ) );
#4239 =( LENGTH_UNIT ( ) NAMED_UNIT ( * ) SI_UNIT ( .MILLI., .METRE. ) );
#4240 = FILL_AREA_STYLE_COLOUR ( '', #551 ) ;
#4241 =( LENGTH_UNIT ( ) NAMED_UNIT ( * ) SI_UNIT ( .MILLI., .METRE. ) );
#4242 = ORIENTED_EDGE ( 'NONE', *, *, #328, .F. ) ;
#4243 = EDGE_LOOP ( 'NONE', ( #6531, #4963, #6694, #1516 ) ) ;
#4244 = STYLED_ITEM ( 'NONE', ( #1756 ), #2142 ) ;
#4245 = FACE_BOUND ( 'NONE', #5405, .T. ) ;
#4246 = PRESENTATION_STYLE_ASSIGNMENT (( #3248 ) ) ;
#4247 = ADVANCED_FACE ( 'NONE', ( #6618 ), #4487, .T. ) ;
#4248 =( LENGTH_UNIT ( ) NAMED_UNIT ( * ) SI_UNIT ( .MILLI., .METRE. ) );
#4249 = DIRECTION ( 'NONE',  ( -1.000000000000000000, 0.000000000000000000, -0.000000000000000000 ) ) ;
#4250 = EDGE_CURVE ( 'NONE', #5268, #1398, #934, .T. ) ;
#4251 = ORIENTED_EDGE ( 'NONE', *, *, #1179, .F. ) ;
#4252 = LINE ( 'NONE', #680, #6646 ) ;
#4253 = DIRECTION ( 'NONE',  ( 0.000000000000000000, -0.000000000000000000, -1.000000000000000000 ) ) ;
#4254 = DIRECTION ( 'NONE',  ( -0.000000000000000000, -1.000000000000000000, -0.000000000000000000 ) ) ;
#4255 = VECTOR ( 'NONE', #6434, 1000.000000000000000 ) ;
#4256 = CARTESIAN_POINT ( 'NONE',  ( 0.1000000000000005052, 0.7599999999999998979, 0.8500000000000000888 ) ) ;
#4257 = VERTEX_POINT ( 'NONE', #454 ) ;
#4258 = DIRECTION ( 'NONE',  ( 0.000000000000000000, -1.000000000000000000, 0.000000000000000000 ) ) ;
#4259 = VERTEX_POINT ( 'NONE', #1501 ) ;
#4260 = DIRECTION ( 'NONE',  ( 1.000000000000000000, 0.000000000000000000, 2.146934995020802458E-16 ) ) ;
#4261 = CARTESIAN_POINT ( 'NONE',  ( -0.1000000000000003247, 0.7599999999999998979, -0.1000000000000000056 ) ) ;
#4262 = PRESENTATION_STYLE_ASSIGNMENT (( #6719 ) ) ;
#4263 = VECTOR ( 'NONE', #4106, 1000.000000000000000 ) ;
#4264 =( NAMED_UNIT ( * ) PLANE_ANGLE_UNIT ( ) SI_UNIT ( $, .RADIAN. ) );
#4265 = STYLED_ITEM ( 'NONE', ( #1342 ), #3150 ) ;
#4266 = CARTESIAN_POINT ( 'NONE',  ( 1.389999999999998570, 0.000000000000000000, 2.389999999999999680 ) ) ;
#4267 = ORIENTED_EDGE ( 'NONE', *, *, #3235, .T. ) ;
#4268 =( GEOMETRIC_REPRESENTATION_CONTEXT ( 3 ) GLOBAL_UNCERTAINTY_ASSIGNED_CONTEXT ( ( #112 ) ) GLOBAL_UNIT_ASSIGNED_CONTEXT ( ( #6144, #5058, #1930 ) ) REPRESENTATION_CONTEXT ( 'NONE', 'WORKASPACE' ) );
#4269 = ORIENTED_EDGE ( 'NONE', *, *, #4432, .T. ) ;
#4270 = EDGE_LOOP ( 'NONE', ( #70, #4301, #574, #3670 ) ) ;
#4271 = SURFACE_STYLE_FILL_AREA ( #2179 ) ;
#4272 = LINE ( 'NONE', #5340, #19 ) ;
#4273 = FACE_OUTER_BOUND ( 'NONE', #6688, .T. ) ;
#4274 = CARTESIAN_POINT ( 'NONE',  ( 1.890000000000039648, 0.2999999999999999889, -1.385000000000000453 ) ) ;
#4275 = UNCERTAINTY_MEASURE_WITH_UNIT (LENGTH_MEASURE( 1.000000000000000082E-05 ), #3647, 'distance_accuracy_value', 'NONE');
#4276 = ORIENTED_EDGE ( 'NONE', *, *, #3606, .T. ) ;
#4277 = LINE ( 'NONE', #6354, #5530 ) ;
#4278 = FILL_AREA_STYLE ('',( #527 ) ) ;
#4279 = CARTESIAN_POINT ( 'NONE',  ( -0.1000000000000002970, 0.7599999999999998979, 0.1000000000000000333 ) ) ;
#4280 = FACE_OUTER_BOUND ( 'NONE', #1942, .T. ) ;
#4281 = SURFACE_STYLE_FILL_AREA ( #4765 ) ;
#4282 = SURFACE_STYLE_USAGE ( .BOTH. , #121 ) ;
#4283 = PRESENTATION_LAYER_ASSIGNMENT (  '', '', ( #1866 ) ) ;
#4284 = VECTOR ( 'NONE', #1378, 1000.000000000000000 ) ;
#4285 = UNCERTAINTY_MEASURE_WITH_UNIT (LENGTH_MEASURE( 1.000000000000000082E-05 ), #3436, 'distance_accuracy_value', 'NONE');
#4286 = ORIENTED_EDGE ( 'NONE', *, *, #2978, .T. ) ;
#4287 = EDGE_CURVE ( 'NONE', #1894, #1253, #2382, .T. ) ;
#4288 = MECHANICAL_DESIGN_GEOMETRIC_PRESENTATION_REPRESENTATION (  '', ( #1343 ), #43 ) ;
#4289 =( NAMED_UNIT ( * ) SI_UNIT ( $, .STERADIAN. ) SOLID_ANGLE_UNIT ( ) );
#4290 = VECTOR ( 'NONE', #5381, 1000.000000000000000 ) ;
#4291 = VERTEX_POINT ( 'NONE', #3468 ) ;
#4292 = MECHANICAL_DESIGN_GEOMETRIC_PRESENTATION_REPRESENTATION (  '', ( #3408 ), #2323 ) ;
#4293 = EDGE_CURVE ( 'NONE', #2107, #270, #1929, .T. ) ;
#4294 = EDGE_LOOP ( 'NONE', ( #6483, #4974, #3617, #6478 ) ) ;
#4295 = EDGE_CURVE ( 'NONE', #1398, #694, #5563, .T. ) ;
#4296 = EDGE_CURVE ( 'NONE', #6585, #1980, #4550, .T. ) ;
#4297 =( NAMED_UNIT ( * ) PLANE_ANGLE_UNIT ( ) SI_UNIT ( $, .RADIAN. ) );
#4298 = DIRECTION ( 'NONE',  ( 1.000000000000000000, 0.000000000000000000, -1.445602896647340396E-16 ) ) ;
#4299 = DIRECTION ( 'NONE',  ( 0.000000000000000000, 0.000000000000000000, -1.000000000000000000 ) ) ;
#4300 = CARTESIAN_POINT ( 'NONE',  ( 0.1000000000000002137, 0.7599999999999998979, -0.8500000000000000888 ) ) ;
#4301 = ORIENTED_EDGE ( 'NONE', *, *, #4841, .F. ) ;
#4302 = MECHANICAL_DESIGN_GEOMETRIC_PRESENTATION_REPRESENTATION (  '', ( #1553 ), #3633 ) ;
#4303 = ORIENTED_EDGE ( 'NONE', *, *, #1652, .T. ) ;
#4304 = SURFACE_STYLE_FILL_AREA ( #1140 ) ;
#4305 = DIRECTION ( 'NONE',  ( -0.000000000000000000, -0.000000000000000000, 1.000000000000000000 ) ) ;
#4306 =( NAMED_UNIT ( * ) SI_UNIT ( $, .STERADIAN. ) SOLID_ANGLE_UNIT ( ) );
#4307 = SURFACE_STYLE_USAGE ( .BOTH. , #4419 ) ;
#4308 = SURFACE_SIDE_STYLE ('',( #5845 ) ) ;
#4309 = PRESENTATION_LAYER_ASSIGNMENT (  '', '', ( #6372 ) ) ;
#4310 = CARTESIAN_POINT ( 'NONE',  ( 1.890000000000000346, 0.000000000000000000, 1.385000000000000009 ) ) ;
#4311 = ORIENTED_EDGE ( 'NONE', *, *, #624, .F. ) ;
#4312 = AXIS2_PLACEMENT_3D ( 'NONE', #1293, #6601, #5110 ) ;
#4313 = PLANE ( 'NONE',  #5639 ) ;
#4314 = DIRECTION ( 'NONE',  ( 0.7071067811865474617, 0.000000000000000000, 0.7071067811865475727 ) ) ;
#4315 =( NAMED_UNIT ( * ) PLANE_ANGLE_UNIT ( ) SI_UNIT ( $, .RADIAN. ) );
#4316 = CARTESIAN_POINT ( 'NONE',  ( 1.890000000000026548, 0.2999999999999999889, -1.135000000000000231 ) ) ;
#4317 = LINE ( 'NONE', #1748, #5368 ) ;
#4318 = ORIENTED_EDGE ( 'NONE', *, *, #5206, .T. ) ;
#4319 = MANIFOLD_SOLID_BREP ( 'Boss-Extrude2[1]', #6059 ) ;
#4320 = CARTESIAN_POINT ( 'NONE',  ( 1.890000000000026548, 0.2999999999999999889, -1.135000000000000231 ) ) ;
#4321 =( LENGTH_UNIT ( ) NAMED_UNIT ( * ) SI_UNIT ( .MILLI., .METRE. ) );
#4322 = SURFACE_STYLE_FILL_AREA ( #6329 ) ;
#4323 = LINE ( 'NONE', #6396, #4031 ) ;
#4324 = PRESENTATION_LAYER_ASSIGNMENT (  '', '', ( #403 ) ) ;
#4325 = AXIS2_PLACEMENT_3D ( 'NONE', #3719, #5938, #2213 ) ;
#4326 = VECTOR ( 'NONE', #6551, 1000.000000000000000 ) ;
#4327 = FILL_AREA_STYLE_COLOUR ( '', #2778 ) ;
#4328 = ORIENTED_EDGE ( 'NONE', *, *, #4250, .T. ) ;
#4329 =( LENGTH_UNIT ( ) NAMED_UNIT ( * ) SI_UNIT ( .MILLI., .METRE. ) );
#4330 = CARTESIAN_POINT ( 'NONE',  ( -1.890000000000000790, 0.000000000000000000, 1.384999999999999121 ) ) ;
#4331 = LINE ( 'NONE', #2206, #3237 ) ;
#4332 = FILL_AREA_STYLE_COLOUR ( '', #4722 ) ;
#4333 = SURFACE_SIDE_STYLE ('',( #654 ) ) ;
#4334 = VECTOR ( 'NONE', #1859, 1000.000000000000000 ) ;
#4335 = MANIFOLD_SOLID_BREP ( 'Cut-Extrude1', #948 ) ;
#4336 =( LENGTH_UNIT ( ) NAMED_UNIT ( * ) SI_UNIT ( .MILLI., .METRE. ) );
#4337 = ADVANCED_FACE ( 'NONE', ( #490 ), #3572, .F. ) ;
#4338 = CARTESIAN_POINT ( 'NONE',  ( 2.390000000000013003, 0.2999999999999999889, 0.1249999999999998890 ) ) ;
#4339 = EDGE_CURVE ( 'NONE', #4196, #6754, #2615, .T. ) ;
#4340 = ORIENTED_EDGE ( 'NONE', *, *, #1933, .T. ) ;
#4341 = MECHANICAL_DESIGN_GEOMETRIC_PRESENTATION_REPRESENTATION (  '', ( #3784 ), #3115 ) ;
#4342 = ORIENTED_EDGE ( 'NONE', *, *, #6498, .T. ) ;
#4343 =( NAMED_UNIT ( * ) SI_UNIT ( $, .STERADIAN. ) SOLID_ANGLE_UNIT ( ) );
#4344 = VECTOR ( 'NONE', #64, 1000.000000000000000 ) ;
#4345 = DIRECTION ( 'NONE',  ( -0.000000000000000000, -1.000000000000000000, -0.000000000000000000 ) ) ;
#4346 = VECTOR ( 'NONE', #293, 1000.000000000000000 ) ;
#4347 = UNCERTAINTY_MEASURE_WITH_UNIT (LENGTH_MEASURE( 1.000000000000000082E-05 ), #2063, 'distance_accuracy_value', 'NONE');
#4348 = VERTEX_POINT ( 'NONE', #591 ) ;
#4349 = MECHANICAL_DESIGN_GEOMETRIC_PRESENTATION_REPRESENTATION (  '', ( #3449 ), #3128 ) ;
#4350 = FACE_OUTER_BOUND ( 'NONE', #4549, .T. ) ;
#4351 = SURFACE_STYLE_USAGE ( .BOTH. , #6485 ) ;
#4352 =( LENGTH_UNIT ( ) NAMED_UNIT ( * ) SI_UNIT ( .MILLI., .METRE. ) );
#4353 = SURFACE_STYLE_USAGE ( .BOTH. , #4395 ) ;
#4354 = CARTESIAN_POINT ( 'NONE',  ( 2.500000000000000000, 0.000000000000000000, -2.500000000000000444 ) ) ;
#4355 = UNCERTAINTY_MEASURE_WITH_UNIT (LENGTH_MEASURE( 1.000000000000000082E-05 ), #6528, 'distance_accuracy_value', 'NONE');
#4356 = UNCERTAINTY_MEASURE_WITH_UNIT (LENGTH_MEASURE( 1.000000000000000082E-05 ), #1259, 'distance_accuracy_value', 'NONE');
#4357 = APPLICATION_CONTEXT ( 'automotive_design' ) ;
#4358 = VECTOR ( 'NONE', #2766, 1000.000000000000000 ) ;
#4359 = ORIENTED_EDGE ( 'NONE', *, *, #1363, .T. ) ;
#4360 = FILL_AREA_STYLE_COLOUR ( '', #5285 ) ;
#4361 = PLANE ( 'NONE',  #4061 ) ;
#4362 = DIRECTION ( 'NONE',  ( 0.000000000000000000, -1.000000000000000000, 0.000000000000000000 ) ) ;
#4363 = LINE ( 'NONE', #4926, #4255 ) ;
#4364 = STYLED_ITEM ( 'NONE', ( #3900 ), #2359 ) ;
#4365 = UNCERTAINTY_MEASURE_WITH_UNIT (LENGTH_MEASURE( 1.000000000000000082E-05 ), #6425, 'distance_accuracy_value', 'NONE');
#4366 = SURFACE_SIDE_STYLE ('',( #4865 ) ) ;
#4367 = ORIENTED_EDGE ( 'NONE', *, *, #6571, .T. ) ;
#4368 = CARTESIAN_POINT ( 'NONE',  ( 2.390000000000000124, 0.2999999999999999889, 2.395000000000000018 ) ) ;
#4369 = VECTOR ( 'NONE', #5587, 1000.000000000000000 ) ;
#4370 = DIRECTION ( 'NONE',  ( 0.000000000000000000, -1.000000000000000000, 0.000000000000000000 ) ) ;
#4371 = DIRECTION ( 'NONE',  ( -1.000000000000000000, 0.000000000000000000, 1.445602896647339410E-16 ) ) ;
#4372 = PRESENTATION_STYLE_ASSIGNMENT (( #2268 ) ) ;
#4373 = DIRECTION ( 'NONE',  ( 0.000000000000000000, 0.000000000000000000, -1.000000000000000000 ) ) ;
#4374 = MANIFOLD_SOLID_BREP ( 'Boss-Extrude4[1]', #3219 ) ;
#4375 = DIRECTION ( 'NONE',  ( -0.000000000000000000, -1.000000000000000000, -0.000000000000000000 ) ) ;
#4376 = PRESENTATION_LAYER_ASSIGNMENT (  '', '', ( #2932 ) ) ;
#4377 = EDGE_CURVE ( 'NONE', #1091, #4921, #1702, .T. ) ;
#4378 = VERTEX_POINT ( 'NONE', #6305 ) ;
#4379 = CARTESIAN_POINT ( 'NONE',  ( -1.890000000000013891, 0.2999999999999999889, 1.134999999999999121 ) ) ;
#4380 = ADVANCED_FACE ( 'NONE', ( #5871 ), #5968, .F. ) ;
#4381 = FILL_AREA_STYLE_COLOUR ( '', #354 ) ;
#4382 =( LENGTH_UNIT ( ) NAMED_UNIT ( * ) SI_UNIT ( .MILLI., .METRE. ) );
#4383 = LINE ( 'NONE', #763, #2326 ) ;
#4384 = PLANE ( 'NONE',  #773 ) ;
#4385 = PRESENTATION_STYLE_ASSIGNMENT (( #5908 ) ) ;
#4386 =( GEOMETRIC_REPRESENTATION_CONTEXT ( 3 ) GLOBAL_UNCERTAINTY_ASSIGNED_CONTEXT ( ( #5313 ) ) GLOBAL_UNIT_ASSIGNED_CONTEXT ( ( #3552, #4315, #5882 ) ) REPRESENTATION_CONTEXT ( 'NONE', 'WORKASPACE' ) );
#4387 = VERTEX_POINT ( 'NONE', #4940 ) ;
#4388 = EDGE_CURVE ( 'NONE', #3988, #1751, #3365, .T. ) ;
#4389 = VERTEX_POINT ( 'NONE', #5843 ) ;
#4390 = EDGE_CURVE ( 'NONE', #6198, #2088, #2816, .T. ) ;
#4391 = DIRECTION ( 'NONE',  ( 1.000000000000000000, -0.000000000000000000, 1.560003125878423623E-16 ) ) ;
#4392 = EDGE_CURVE ( 'NONE', #695, #1382, #1263, .T. ) ;
#4393 = LINE ( 'NONE', #733, #4708 ) ;
#4394 = AXIS2_PLACEMENT_3D ( 'NONE', #3612, #5710, #592 ) ;
#4395 = SURFACE_SIDE_STYLE ('',( #3314 ) ) ;
#4396 = CARTESIAN_POINT ( 'NONE',  ( -1.389999999999999902, 0.2999999999999999889, -0.6300000000000000044 ) ) ;
#4397 = AXIS2_PLACEMENT_3D ( 'NONE', #3016, #6211, #1959 ) ;
#4398 = DIRECTION ( 'NONE',  ( 0.000000000000000000, -1.000000000000000000, 0.000000000000000000 ) ) ;
#4399 = COLOUR_RGB ( '',0.5019607843137254832, 0.5019607843137254832, 0.5019607843137254832 ) ;
#4400 = ORIENTED_EDGE ( 'NONE', *, *, #544, .F. ) ;
#4401 = LINE ( 'NONE', #291, #3748 ) ;
#4402 = CARTESIAN_POINT ( 'NONE',  ( -0.1000000000000002137, 0.7599999999999998979, 0.8500000000000000888 ) ) ;
#4403 = DIRECTION ( 'NONE',  ( 2.349104707051926109E-16, 0.000000000000000000, 1.000000000000000000 ) ) ;
#4404 = COLOUR_RGB ( '',0.3411764705882353033, 0.8392156862745098200, 0.4117647058823529216 ) ;
#4405 = AXIS2_PLACEMENT_3D ( 'NONE', #2625, #564, #494 ) ;
#4406 = ORIENTED_EDGE ( 'NONE', *, *, #833, .F. ) ;
#4407 = FILL_AREA_STYLE_COLOUR ( '', #1409 ) ;
#4408 = STYLED_ITEM ( 'NONE', ( #6307 ), #1641 ) ;
#4409 = LINE ( 'NONE', #4330, #6281 ) ;
#4410 = CARTESIAN_POINT ( 'NONE',  ( 1.389999999999999902, 0.2999999999999999889, -2.390000000000000124 ) ) ;
#4411 = DIRECTION ( 'NONE',  ( -0.000000000000000000, 0.000000000000000000, -1.000000000000000000 ) ) ;
#4412 = DIRECTION ( 'NONE',  ( 0.000000000000000000, 1.000000000000000000, -0.000000000000000000 ) ) ;
#4413 =( NAMED_UNIT ( * ) SI_UNIT ( $, .STERADIAN. ) SOLID_ANGLE_UNIT ( ) );
#4414 = MANIFOLD_SOLID_BREP ( 'Boss-Extrude2[2]', #5318 ) ;
#4415 = PRESENTATION_LAYER_ASSIGNMENT (  '', '', ( #1981 ) ) ;
#4416 = ORIENTED_EDGE ( 'NONE', *, *, #2860, .F. ) ;
#4417 =( NAMED_UNIT ( * ) PLANE_ANGLE_UNIT ( ) SI_UNIT ( $, .RADIAN. ) );
#4418 = DIRECTION ( 'NONE',  ( 0.000000000000000000, 0.000000000000000000, -1.000000000000000000 ) ) ;
#4419 = SURFACE_SIDE_STYLE ('',( #147 ) ) ;
#4420 = SURFACE_STYLE_FILL_AREA ( #5408 ) ;
#4421 = LINE ( 'NONE', #1802, #5669 ) ;
#4422 = DIRECTION ( 'NONE',  ( -0.000000000000000000, 1.000000000000000000, 0.000000000000000000 ) ) ;
#4423 = STYLED_ITEM ( 'NONE', ( #1993 ), #6578 ) ;
#4424 = VERTEX_POINT ( 'NONE', #2921 ) ;
#4425 = CARTESIAN_POINT ( 'NONE',  ( -1.389999999999999902, 0.2999999999999999889, -2.390000000000000568 ) ) ;
#4426 = DIRECTION ( 'NONE',  ( 0.000000000000000000, 0.000000000000000000, -1.000000000000000000 ) ) ;
#4427 =( NAMED_UNIT ( * ) PLANE_ANGLE_UNIT ( ) SI_UNIT ( $, .RADIAN. ) );
#4428 = EDGE_CURVE ( 'NONE', #5829, #3113, #6383, .T. ) ;
#4429 = PRESENTATION_STYLE_ASSIGNMENT (( #3437 ) ) ;
#4430 = EDGE_CURVE ( 'NONE', #2240, #2107, #6004, .T. ) ;
#4431 = EDGE_CURVE ( 'NONE', #4257, #2339, #6545, .T. ) ;
#4432 = EDGE_CURVE ( 'NONE', #6489, #5822, #4539, .T. ) ;
#4433 = UNCERTAINTY_MEASURE_WITH_UNIT (LENGTH_MEASURE( 1.000000000000000082E-05 ), #6663, 'distance_accuracy_value', 'NONE');
#4434 = AXIS2_PLACEMENT_3D ( 'NONE', #225, #809, #4990 ) ;
#4435 = ORIENTED_EDGE ( 'NONE', *, *, #6414, .T. ) ;
#4436 = LINE ( 'NONE', #710, #4955 ) ;
#4437 = CARTESIAN_POINT ( 'NONE',  ( -1.890000000000013669, 0.2999999999999999889, 0.1249999999999990286 ) ) ;
#4438 = FACE_OUTER_BOUND ( 'NONE', #6257, .T. ) ;
#4439 = DIRECTION ( 'NONE',  ( -1.000000000000000000, -0.000000000000000000, -0.000000000000000000 ) ) ;
#4440 = ORIENTED_EDGE ( 'NONE', *, *, #4714, .T. ) ;
#4441 = CARTESIAN_POINT ( 'NONE',  ( -0.1000000000000003247, 0.5999999999999999778, -0.1000000000000000056 ) ) ;
#4442 = MECHANICAL_DESIGN_GEOMETRIC_PRESENTATION_REPRESENTATION (  '', ( #6266 ), #3328 ) ;
#4443 = DIRECTION ( 'NONE',  ( 1.445602896647339410E-16, 0.000000000000000000, 1.000000000000000000 ) ) ;
#4444 = FACE_OUTER_BOUND ( 'NONE', #4915, .T. ) ;
#4445 =( NAMED_UNIT ( * ) PLANE_ANGLE_UNIT ( ) SI_UNIT ( $, .RADIAN. ) );
#4446 = SURFACE_STYLE_USAGE ( .BOTH. , #2338 ) ;
#4447 = STYLED_ITEM ( 'NONE', ( #4705 ), #1037 ) ;
#4448 = VERTEX_POINT ( 'NONE', #5012 ) ;
#4449 = CARTESIAN_POINT ( 'NONE',  ( -2.390000000000001013, 0.2999999999999999889, 1.384999999999999121 ) ) ;
#4450 = PRESENTATION_STYLE_ASSIGNMENT (( #1923 ) ) ;
#4451 = STYLED_ITEM ( 'NONE', ( #5296 ), #4509 ) ;
#4452 = ORIENTED_EDGE ( 'NONE', *, *, #1823, .F. ) ;
#4453 = VERTEX_POINT ( 'NONE', #309 ) ;
#4454 = CARTESIAN_POINT ( 'NONE',  ( 1.389999999999999902, 0.2999999999999999889, -2.390000000000000124 ) ) ;
#4455 = DIRECTION ( 'NONE',  ( 1.000000000000000000, -0.000000000000000000, -0.000000000000000000 ) ) ;
#4457 = MECHANICAL_DESIGN_GEOMETRIC_PRESENTATION_REPRESENTATION (  '', ( #6508 ), #6401 ) ;
#4456 = FILL_AREA_STYLE_COLOUR ( '', #1428 ) ;
#4458 = PLANE ( 'NONE',  #5568 ) ;
#4459 = MECHANICAL_DESIGN_GEOMETRIC_PRESENTATION_REPRESENTATION (  '', ( #2913 ), #2157 ) ;
#4460 = DIRECTION ( 'NONE',  ( 0.000000000000000000, -1.000000000000000000, 0.000000000000000000 ) ) ;
#4461 = EDGE_CURVE ( 'NONE', #5194, #5741, #3425, .T. ) ;
#4462 = EDGE_CURVE ( 'NONE', #90, #4448, #4977, .T. ) ;
#4463 = SURFACE_STYLE_USAGE ( .BOTH. , #2936 ) ;
#4464 = EDGE_CURVE ( 'NONE', #2612, #5591, #861, .T. ) ;
#4465 = EDGE_CURVE ( 'NONE', #4187, #42, #2885, .T. ) ;
#4466 =( NAMED_UNIT ( * ) SI_UNIT ( $, .STERADIAN. ) SOLID_ANGLE_UNIT ( ) );
#4467 = SURFACE_STYLE_USAGE ( .BOTH. , #2360 ) ;
#4468 = FILL_AREA_STYLE_COLOUR ( '', #1580 ) ;
#4469 = ORIENTED_EDGE ( 'NONE', *, *, #1082, .F. ) ;
#4470 = DIRECTION ( 'NONE',  ( -1.000000000000000000, 0.000000000000000000, 0.000000000000000000 ) ) ;
#4471 = LINE ( 'NONE', #6534, #1388 ) ;
#4472 = SURFACE_STYLE_FILL_AREA ( #4005 ) ;
#4473 = ADVANCED_FACE ( 'NONE', ( #2501 ), #6035, .F. ) ;
#4474 = CARTESIAN_POINT ( 'NONE',  ( -2.500000000000000000, 0.000000000000000000, -2.500000000000000444 ) ) ;
#4475 = MECHANICAL_DESIGN_GEOMETRIC_PRESENTATION_REPRESENTATION (  '', ( #4364 ), #3695 ) ;
#4476 = CARTESIAN_POINT ( 'NONE',  ( -1.389999999999999902, 0.2999999999999999889, -0.6300000000000000044 ) ) ;
#4477 = CARTESIAN_POINT ( 'NONE',  ( 2.390000000000039648, 0.2999999999999999889, -1.385000000000000453 ) ) ;
#4478 = VECTOR ( 'NONE', #3912, 1000.000000000000000 ) ;
#4479 = VECTOR ( 'NONE', #1950, 1000.000000000000000 ) ;
#4480 = ORIENTED_EDGE ( 'NONE', *, *, #6658, .F. ) ;
#4481 = CARTESIAN_POINT ( 'NONE',  ( 0.1000000000000003247, 0.7599999999999998979, 0.09999999999999997780 ) ) ;
#4482 = CARTESIAN_POINT ( 'NONE',  ( -0.8500000000000003109, 0.7599999999999998979, 0.1000000000000002970 ) ) ;
#4483 = FILL_AREA_STYLE ('',( #3983 ) ) ;
#4484 = SURFACE_STYLE_FILL_AREA ( #1334 ) ;
#4485 = ORIENTED_EDGE ( 'NONE', *, *, #3063, .F. ) ;
#4486 = PRESENTATION_LAYER_ASSIGNMENT (  '', '', ( #3823 ) ) ;
#4487 = PLANE ( 'NONE',  #4097 ) ;
#4488 =( NAMED_UNIT ( * ) PLANE_ANGLE_UNIT ( ) SI_UNIT ( $, .RADIAN. ) );
#4489 = PRESENTATION_STYLE_ASSIGNMENT (( #3470 ) ) ;
#4490 = FILL_AREA_STYLE ('',( #2349 ) ) ;
#4491 = AXIS2_PLACEMENT_3D ( 'NONE', #636, #2726, #982 ) ;
#4492 =( NAMED_UNIT ( * ) SI_UNIT ( $, .STERADIAN. ) SOLID_ANGLE_UNIT ( ) );
#4493 = MECHANICAL_DESIGN_GEOMETRIC_PRESENTATION_REPRESENTATION (  '', ( #788 ), #3284 ) ;
#4494 =( LENGTH_UNIT ( ) NAMED_UNIT ( * ) SI_UNIT ( .MILLI., .METRE. ) );
#4495 = MANIFOLD_SOLID_BREP ( 'Boss-Extrude4[4]', #2012 ) ;
#4496 = COLOUR_RGB ( '',1.000000000000000000, 0.1686274509803921684, 0.1686274509803921684 ) ;
#4497 = FACE_OUTER_BOUND ( 'NONE', #6092, .T. ) ;
#4498 =( GEOMETRIC_REPRESENTATION_CONTEXT ( 3 ) GLOBAL_UNCERTAINTY_ASSIGNED_CONTEXT ( ( #3795 ) ) GLOBAL_UNIT_ASSIGNED_CONTEXT ( ( #1233, #2817, #4306 ) ) REPRESENTATION_CONTEXT ( 'NONE', 'WORKASPACE' ) );
#4499 = ADVANCED_FACE ( 'NONE', ( #3116 ), #5800, .T. ) ;
#4500 = VERTEX_POINT ( 'NONE', #1991 ) ;
#4501 = DIRECTION ( 'NONE',  ( 1.000000000000000000, -0.000000000000000000, -0.000000000000000000 ) ) ;
#4502 = CARTESIAN_POINT ( 'NONE',  ( 2.500000000000000000, 0.000000000000000000, 2.500000000000000444 ) ) ;
#4503 = MECHANICAL_DESIGN_GEOMETRIC_PRESENTATION_REPRESENTATION (  '', ( #3613 ), #3292 ) ;
#4504 = SURFACE_SIDE_STYLE ('',( #3421 ) ) ;
#4505 = PRESENTATION_STYLE_ASSIGNMENT (( #1357 ) ) ;
#4506 = DIRECTION ( 'NONE',  ( 0.000000000000000000, 0.000000000000000000, -1.000000000000000000 ) ) ;
#4507 = PLANE ( 'NONE',  #3189 ) ;
#4508 = ORIENTED_EDGE ( 'NONE', *, *, #3479, .F. ) ;
#4509 = ADVANCED_FACE ( 'NONE', ( #1025 ), #4149, .F. ) ;
#4510 = STYLED_ITEM ( 'NONE', ( #3769 ), #5716 ) ;
#4511 = ADVANCED_FACE ( 'NONE', ( #3710 ), #3561, .F. ) ;
#4512 = EDGE_CURVE ( 'NONE', #2691, #659, #3777, .T. ) ;
#4513 = ORIENTED_EDGE ( 'NONE', *, *, #4623, .T. ) ;
#4514 = PRESENTATION_STYLE_ASSIGNMENT (( #4014 ) ) ;
#4515 =( NAMED_UNIT ( * ) PLANE_ANGLE_UNIT ( ) SI_UNIT ( $, .RADIAN. ) );
#4516 = VECTOR ( 'NONE', #140, 1000.000000000000000 ) ;
#4517 =( LENGTH_UNIT ( ) NAMED_UNIT ( * ) SI_UNIT ( .MILLI., .METRE. ) );
#4518 = AXIS2_PLACEMENT_3D ( 'NONE', #5945, #2826, #4314 ) ;
#4519 = VECTOR ( 'NONE', #275, 1000.000000000000000 ) ;
#4520 = EDGE_LOOP ( 'NONE', ( #4982, #1615, #3771, #242 ) ) ;
#4521 = DIRECTION ( 'NONE',  ( -0.000000000000000000, 0.000000000000000000, 1.000000000000000000 ) ) ;
#4522 =( LENGTH_UNIT ( ) NAMED_UNIT ( * ) SI_UNIT ( .MILLI., .METRE. ) );
#4523 = STYLED_ITEM ( 'NONE', ( #2811 ), #6753 ) ;
#4524 = SURFACE_STYLE_FILL_AREA ( #4586 ) ;
#4525 = DIRECTION ( 'NONE',  ( 1.560003125878423623E-16, 0.000000000000000000, -1.000000000000000000 ) ) ;
#4526 = SURFACE_STYLE_USAGE ( .BOTH. , #296 ) ;
#4527 = CARTESIAN_POINT ( 'NONE',  ( 0.000000000000000000, 0.000000000000000000, 0.000000000000000000 ) ) ;
#4528 = DIRECTION ( 'NONE',  ( 0.000000000000000000, 0.000000000000000000, -1.000000000000000000 ) ) ;
#4529 = VERTEX_POINT ( 'NONE', #2303 ) ;
#4530 = CARTESIAN_POINT ( 'NONE',  ( 2.390000000000026770, 0.2999999999999999889, -0.1250000000000001110 ) ) ;
#4531 = CARTESIAN_POINT ( 'NONE',  ( -1.389999999999999902, 0.000000000000000000, -2.390000000000000568 ) ) ;
#4532 = SURFACE_STYLE_FILL_AREA ( #1851 ) ;
#4533 = FILL_AREA_STYLE ('',( #5041 ) ) ;
#4534 =( NAMED_UNIT ( * ) SI_UNIT ( $, .STERADIAN. ) SOLID_ANGLE_UNIT ( ) );
#4535 = ORIENTED_EDGE ( 'NONE', *, *, #1405, .T. ) ;
#4536 = VERTEX_POINT ( 'NONE', #173 ) ;
#4537 = VECTOR ( 'NONE', #4078, 1000.000000000000000 ) ;
#4538 = SURFACE_STYLE_USAGE ( .BOTH. , #2400 ) ;
#4539 = LINE ( 'NONE', #5618, #4334 ) ;
#4540 = ADVANCED_FACE ( 'NONE', ( #3223 ), #1257, .T. ) ;
#4541 = FILL_AREA_STYLE ('',( #2540 ) ) ;
#4542 = DIRECTION ( 'NONE',  ( 1.445602896647339410E-16, 0.000000000000000000, 1.000000000000000000 ) ) ;
#4543 = EDGE_CURVE ( 'NONE', #2363, #3988, #98, .T. ) ;
#4544 = DIRECTION ( 'NONE',  ( 0.000000000000000000, -1.000000000000000000, 0.000000000000000000 ) ) ;
#4545 = VECTOR ( 'NONE', #3908, 1000.000000000000000 ) ;
#4546 = PRESENTATION_LAYER_ASSIGNMENT (  '', '', ( #632 ) ) ;
#4547 = VERTEX_POINT ( 'NONE', #2743 ) ;
#4548 = ORIENTED_EDGE ( 'NONE', *, *, #4703, .T. ) ;
#4549 = EDGE_LOOP ( 'NONE', ( #2629, #1270, #633, #6379 ) ) ;
#4550 = LINE ( 'NONE', #6181, #6060 ) ;
#4551 = SURFACE_SIDE_STYLE ('',( #3933 ) ) ;
#4552 = COLOUR_RGB ( '',0.03921568627450980338, 0.4901960784313725283, 0.7098039215686274828 ) ;
#4553 = FILL_AREA_STYLE_COLOUR ( '', #2831 ) ;
#4554 = CARTESIAN_POINT ( 'NONE',  ( 0.1000000000000002970, 0.7599999999999998979, -0.1000000000000000056 ) ) ;
#4555 =( GEOMETRIC_REPRESENTATION_CONTEXT ( 3 ) GLOBAL_UNCERTAINTY_ASSIGNED_CONTEXT ( ( #3809 ) ) GLOBAL_UNIT_ASSIGNED_CONTEXT ( ( #5426, #751, #718 ) ) REPRESENTATION_CONTEXT ( 'NONE', 'WORKASPACE' ) );
#4556 = DIRECTION ( 'NONE',  ( 1.000000000000000000, -0.000000000000000000, 2.891205793294678326E-16 ) ) ;
#4557 = SURFACE_STYLE_FILL_AREA ( #815 ) ;
#4558 = UNCERTAINTY_MEASURE_WITH_UNIT (LENGTH_MEASURE( 1.000000000000000082E-05 ), #1464, 'distance_accuracy_value', 'NONE');
#4559 =( LENGTH_UNIT ( ) NAMED_UNIT ( * ) SI_UNIT ( .MILLI., .METRE. ) );
#4560 = EDGE_LOOP ( 'NONE', ( #1360, #6044, #648, #1414 ) ) ;
#4561 = VERTEX_POINT ( 'NONE', #750 ) ;
#4562 =( NAMED_UNIT ( * ) SI_UNIT ( $, .STERADIAN. ) SOLID_ANGLE_UNIT ( ) );
#4563 = MECHANICAL_DESIGN_GEOMETRIC_PRESENTATION_REPRESENTATION (  '', ( #3685 ), #97 ) ;
#4564 =( NAMED_UNIT ( * ) SI_UNIT ( $, .STERADIAN. ) SOLID_ANGLE_UNIT ( ) );
#4565 = FILL_AREA_STYLE_COLOUR ( '', #5874 ) ;
#4566 = LINE ( 'NONE', #3039, #4369 ) ;
#4567 = ORIENTED_EDGE ( 'NONE', *, *, #118, .F. ) ;
#4568 = ORIENTED_EDGE ( 'NONE', *, *, #1406, .T. ) ;
#4569 = STYLED_ITEM ( 'NONE', ( #1643 ), #2129 ) ;
#4570 = SURFACE_STYLE_FILL_AREA ( #2503 ) ;
#4571 = SURFACE_STYLE_USAGE ( .BOTH. , #3899 ) ;
#4572 =( GEOMETRIC_REPRESENTATION_CONTEXT ( 3 ) GLOBAL_UNCERTAINTY_ASSIGNED_CONTEXT ( ( #5922 ) ) GLOBAL_UNIT_ASSIGNED_CONTEXT ( ( #5573, #5065, #4466 ) ) REPRESENTATION_CONTEXT ( 'NONE', 'WORKASPACE' ) );
#4573 = FILL_AREA_STYLE_COLOUR ( '', #5263 ) ;
#4574 =( GEOMETRIC_REPRESENTATION_CONTEXT ( 3 ) GLOBAL_UNCERTAINTY_ASSIGNED_CONTEXT ( ( #1080 ) ) GLOBAL_UNIT_ASSIGNED_CONTEXT ( ( #320, #870, #3058 ) ) REPRESENTATION_CONTEXT ( 'NONE', 'WORKASPACE' ) );
#4575 = EDGE_CURVE ( 'NONE', #160, #6585, #4409, .T. ) ;
#4576 = VERTEX_POINT ( 'NONE', #5400 ) ;
#4577 = ORIENTED_EDGE ( 'NONE', *, *, #1003, .F. ) ;
#4578 = ORIENTED_EDGE ( 'NONE', *, *, #3403, .F. ) ;
#4579 = DIRECTION ( 'NONE',  ( -0.000000000000000000, -0.000000000000000000, -1.000000000000000000 ) ) ;
#4580 = PLANE ( 'NONE',  #6224 ) ;
#4581 = VECTOR ( 'NONE', #2618, 1000.000000000000000 ) ;
#4582 = FILL_AREA_STYLE_COLOUR ( '', #6525 ) ;
#4583 = EDGE_CURVE ( 'NONE', #4424, #5202, #1722, .T. ) ;
#4584 = EDGE_CURVE ( 'NONE', #5395, #5195, #2167, .T. ) ;
#4585 = VECTOR ( 'NONE', #472, 1000.000000000000000 ) ;
#4586 = FILL_AREA_STYLE ('',( #359 ) ) ;
#4587 =( NAMED_UNIT ( * ) PLANE_ANGLE_UNIT ( ) SI_UNIT ( $, .RADIAN. ) );
#4588 =( NAMED_UNIT ( * ) PLANE_ANGLE_UNIT ( ) SI_UNIT ( $, .RADIAN. ) );
#4589 = MECHANICAL_DESIGN_GEOMETRIC_PRESENTATION_REPRESENTATION (  '', ( #1847 ), #6652 ) ;
#4590 = DIRECTION ( 'NONE',  ( -1.000000000000000000, -0.000000000000000000, -0.000000000000000000 ) ) ;
#4591 = STYLED_ITEM ( 'NONE', ( #3056 ), #4997 ) ;
#4592 = CARTESIAN_POINT ( 'NONE',  ( 0.000000000000000000, 0.5999999999999999778, 0.000000000000000000 ) ) ;
#4593 = VERTEX_POINT ( 'NONE', #4261 ) ;
#4594 = VECTOR ( 'NONE', #5462, 1000.000000000000000 ) ;
#4595 = ORIENTED_EDGE ( 'NONE', *, *, #5503, .F. ) ;
#4596 = FILL_AREA_STYLE ('',( #500 ) ) ;
#4597 = CARTESIAN_POINT ( 'NONE',  ( 0.1000000000000002554, 0.5999999999999999778, -0.8500000000000000888 ) ) ;
#4598 = DIRECTION ( 'NONE',  ( 0.000000000000000000, 0.000000000000000000, -1.000000000000000000 ) ) ;
#4599 =( LENGTH_UNIT ( ) NAMED_UNIT ( * ) SI_UNIT ( .MILLI., .METRE. ) );
#4600 = SURFACE_STYLE_FILL_AREA ( #370 ) ;
#4601 = VECTOR ( 'NONE', #1690, 1000.000000000000000 ) ;
#4602 = PRESENTATION_STYLE_ASSIGNMENT (( #2495 ) ) ;
#4603 = SURFACE_SIDE_STYLE ('',( #407 ) ) ;
#4604 = VERTEX_POINT ( 'NONE', #1655 ) ;
#4605 =( GEOMETRIC_REPRESENTATION_CONTEXT ( 3 ) GLOBAL_UNCERTAINTY_ASSIGNED_CONTEXT ( ( #1740 ) ) GLOBAL_UNIT_ASSIGNED_CONTEXT ( ( #690, #1290, #719 ) ) REPRESENTATION_CONTEXT ( 'NONE', 'WORKASPACE' ) );
#4606 = EDGE_LOOP ( 'NONE', ( #1952, #1614, #6574, #6715 ) ) ;
#4607 = FACE_OUTER_BOUND ( 'NONE', #5066, .T. ) ;
#4608 = PRESENTATION_STYLE_ASSIGNMENT (( #928 ) ) ;
#4609 =( NAMED_UNIT ( * ) SI_UNIT ( $, .STERADIAN. ) SOLID_ANGLE_UNIT ( ) );
#4610 = FILL_AREA_STYLE_COLOUR ( '', #1857 ) ;
#4611 = SURFACE_SIDE_STYLE ('',( #4570 ) ) ;
#4612 =( NAMED_UNIT ( * ) SI_UNIT ( $, .STERADIAN. ) SOLID_ANGLE_UNIT ( ) );
#4613 = FILL_AREA_STYLE_COLOUR ( '', #152 ) ;
#4614 = COLOUR_RGB ( '',0.5019607843137254832, 0.5019607843137254832, 0.5019607843137254832 ) ;
#4615 = DIRECTION ( 'NONE',  ( 2.146934995020800733E-16, 0.000000000000000000, -1.000000000000000000 ) ) ;
#4616 = ORIENTED_EDGE ( 'NONE', *, *, #1523, .T. ) ;
#4617 = ORIENTED_EDGE ( 'NONE', *, *, #5578, .T. ) ;
#4618 = ORIENTED_EDGE ( 'NONE', *, *, #497, .F. ) ;
#4619 = PRESENTATION_LAYER_ASSIGNMENT (  '', '', ( #4408 ) ) ;
#4620 = ORIENTED_EDGE ( 'NONE', *, *, #757, .F. ) ;
#4621 = SURFACE_STYLE_USAGE ( .BOTH. , #1407 ) ;
#4622 = COLOUR_RGB ( '',0.9686274509803921573, 0.8784313725490195957, 0.5999999999999999778 ) ;
#4623 = EDGE_CURVE ( 'NONE', #5807, #999, #6337, .T. ) ;
#4624 = PRESENTATION_STYLE_ASSIGNMENT (( #2523 ) ) ;
#4625 = SURFACE_SIDE_STYLE ('',( #1476 ) ) ;
#4626 = EDGE_CURVE ( 'NONE', #5596, #3125, #3298, .T. ) ;
#4627 = FILL_AREA_STYLE_COLOUR ( '', #6000 ) ;
#4628 = UNCERTAINTY_MEASURE_WITH_UNIT (LENGTH_MEASURE( 1.000000000000000082E-05 ), #1116, 'distance_accuracy_value', 'NONE');
#4629 = ORIENTED_EDGE ( 'NONE', *, *, #3743, .T. ) ;
#4630 = PRESENTATION_STYLE_ASSIGNMENT (( #1481 ) ) ;
#4631 = CARTESIAN_POINT ( 'NONE',  ( 0.8500000000000004219, 0.7599999999999998979, 0.8499999999999998668 ) ) ;
#4632 = CARTESIAN_POINT ( 'NONE',  ( -0.8500000000000004219, 0.5999999999999999778, -0.8499999999999996447 ) ) ;
#4633 = MECHANICAL_DESIGN_GEOMETRIC_PRESENTATION_REPRESENTATION (  '', ( #4523 ), #1463 ) ;
#4634 = FILL_AREA_STYLE ('',( #1572 ) ) ;
#4635 = DIRECTION ( 'NONE',  ( 1.000000000000000000, 0.000000000000000000, 0.000000000000000000 ) ) ;
#4636 =( LENGTH_UNIT ( ) NAMED_UNIT ( * ) SI_UNIT ( .MILLI., .METRE. ) );
#4637 = VERTEX_POINT ( 'NONE', #4868 ) ;
#4638 = DIRECTION ( 'NONE',  ( 1.000000000000000000, 0.000000000000000000, -0.000000000000000000 ) ) ;
#4639 = ORIENTED_EDGE ( 'NONE', *, *, #1207, .F. ) ;
#4640 = LINE ( 'NONE', #6716, #6166 ) ;
#4641 =( NAMED_UNIT ( * ) PLANE_ANGLE_UNIT ( ) SI_UNIT ( $, .RADIAN. ) );
#4642 = CARTESIAN_POINT ( 'NONE',  ( 0.1000000000000005052, 0.5999999999999999778, 0.8500000000000000888 ) ) ;
#4643 = LINE ( 'NONE', #35, #2466 ) ;
#4644 = CARTESIAN_POINT ( 'NONE',  ( 0.1000000000000003247, 0.7599999999999998979, 0.09999999999999997780 ) ) ;
#4645 = PRESENTATION_STYLE_ASSIGNMENT (( #2578 ) ) ;
#4646 = ORIENTED_EDGE ( 'NONE', *, *, #4388, .T. ) ;
#4647 = ORIENTED_EDGE ( 'NONE', *, *, #4946, .T. ) ;
#4648 = VERTEX_POINT ( 'NONE', #3450 ) ;
#4649 = DIRECTION ( 'NONE',  ( 0.000000000000000000, -1.000000000000000000, 0.000000000000000000 ) ) ;
#4650 = CARTESIAN_POINT ( 'NONE',  ( -1.890000000000039204, 0.2999999999999999889, -1.385000000000001341 ) ) ;
#4651 = DIRECTION ( 'NONE',  ( -1.000000000000000000, 0.000000000000000000, 0.000000000000000000 ) ) ;
#4652 = CARTESIAN_POINT ( 'NONE',  ( -2.390000000000001013, 0.2999999999999999889, 2.394999999999999130 ) ) ;
#4653 = COLOUR_RGB ( '',0.5019607843137254832, 0.5019607843137254832, 0.5019607843137254832 ) ;
#4654 = ORIENTED_EDGE ( 'NONE', *, *, #4866, .F. ) ;
#4655 = FACE_OUTER_BOUND ( 'NONE', #2976, .T. ) ;
#4656 = CARTESIAN_POINT ( 'NONE',  ( 1.890000000000013447, 0.000000000000000000, 1.135000000000000009 ) ) ;
#4657 = PRESENTATION_LAYER_ASSIGNMENT (  '', '', ( #6183 ) ) ;
#4658 = PRESENTATION_STYLE_ASSIGNMENT (( #5780 ) ) ;
#4659 = AXIS2_PLACEMENT_3D ( 'NONE', #3254, #1754, #2225 ) ;
#4660 = EDGE_CURVE ( 'NONE', #1035, #959, #1383, .T. ) ;
#4661 = ORIENTED_EDGE ( 'NONE', *, *, #1488, .T. ) ;
#4662 = EDGE_CURVE ( 'NONE', #1074, #2612, #3393, .T. ) ;
#4663 = VECTOR ( 'NONE', #5518, 1000.000000000000000 ) ;
#4664 = LINE ( 'NONE', #952, #3929 ) ;
#4665 =( LENGTH_UNIT ( ) NAMED_UNIT ( * ) SI_UNIT ( .MILLI., .METRE. ) );
#4666 = LINE ( 'NONE', #1020, #5885 ) ;
#4667 = ORIENTED_EDGE ( 'NONE', *, *, #2527, .T. ) ;
#4668 = MECHANICAL_DESIGN_GEOMETRIC_PRESENTATION_REPRESENTATION (  '', ( #4988 ), #4784 ) ;
#4669 = FILL_AREA_STYLE ('',( #2058 ) ) ;
#4670 = ORIENTED_EDGE ( 'NONE', *, *, #4583, .T. ) ;
#4671 = STYLED_ITEM ( 'NONE', ( #2953 ), #1745 ) ;
#4672 = ADVANCED_FACE ( 'NONE', ( #302 ), #6631, .T. ) ;
#4673 = FACE_OUTER_BOUND ( 'NONE', #3333, .T. ) ;
#4674 = SURFACE_STYLE_USAGE ( .BOTH. , #1097 ) ;
#4675 = LINE ( 'NONE', #5330, #6184 ) ;
#4676 =( NAMED_UNIT ( * ) SI_UNIT ( $, .STERADIAN. ) SOLID_ANGLE_UNIT ( ) );
#4677 = CARTESIAN_POINT ( 'NONE',  ( 1.389999999999998570, 0.000000000000000000, 2.389999999999999680 ) ) ;
#4678 = COLOUR_RGB ( '',0.5019607843137254832, 0.5019607843137254832, 0.5019607843137254832 ) ;
#4679 = VECTOR ( 'NONE', #502, 1000.000000000000000 ) ;
#4680 = ORIENTED_EDGE ( 'NONE', *, *, #5211, .T. ) ;
#4681 = ORIENTED_EDGE ( 'NONE', *, *, #5919, .F. ) ;
#4682 = ORIENTED_EDGE ( 'NONE', *, *, #635, .F. ) ;
#4683 = SURFACE_STYLE_FILL_AREA ( #520 ) ;
#4684 = CARTESIAN_POINT ( 'NONE',  ( 1.890000000000026326, 0.2999999999999999889, -0.1250000000000001110 ) ) ;
#4685 =( GEOMETRIC_REPRESENTATION_CONTEXT ( 3 ) GLOBAL_UNCERTAINTY_ASSIGNED_CONTEXT ( ( #4433 ) ) GLOBAL_UNIT_ASSIGNED_CONTEXT ( ( #6663, #6700, #977 ) ) REPRESENTATION_CONTEXT ( 'NONE', 'WORKASPACE' ) );
#4686 = PLANE ( 'NONE',  #6639 ) ;
#4687 = SURFACE_SIDE_STYLE ('',( #2587 ) ) ;
#4688 = VECTOR ( 'NONE', #6164, 1000.000000000000000 ) ;
#4689 = CARTESIAN_POINT ( 'NONE',  ( 0.1000000000000005052, 0.7599999999999998979, 0.8500000000000000888 ) ) ;
#4690 = FILL_AREA_STYLE_COLOUR ( '', #38 ) ;
#4691 = CARTESIAN_POINT ( 'NONE',  ( 0.000000000000000000, 3.020000000000000018, -1.383850883036509018E-16 ) ) ;
#4692 = PRESENTATION_LAYER_ASSIGNMENT (  '', '', ( #3583 ) ) ;
#4693 = VECTOR ( 'NONE', #5335, 1000.000000000000000 ) ;
#4694 = DIRECTION ( 'NONE',  ( 0.000000000000000000, -1.000000000000000000, 0.000000000000000000 ) ) ;
#4695 = UNCERTAINTY_MEASURE_WITH_UNIT (LENGTH_MEASURE( 1.000000000000000082E-05 ), #4336, 'distance_accuracy_value', 'NONE');
#4696 = UNCERTAINTY_MEASURE_WITH_UNIT (LENGTH_MEASURE( 1.000000000000000082E-05 ), #5685, 'distance_accuracy_value', 'NONE');
#4697 = ORIENTED_EDGE ( 'NONE', *, *, #376, .T. ) ;
#4698 =( NAMED_UNIT ( * ) SI_UNIT ( $, .STERADIAN. ) SOLID_ANGLE_UNIT ( ) );
#4699 = VECTOR ( 'NONE', #3717, 1000.000000000000000 ) ;
#4700 = SURFACE_STYLE_USAGE ( .BOTH. , #570 ) ;
#4701 = PRESENTATION_LAYER_ASSIGNMENT (  '', '', ( #3163 ) ) ;
#4702 = ORIENTED_EDGE ( 'NONE', *, *, #4842, .T. ) ;
#4703 = EDGE_CURVE ( 'NONE', #3372, #5111, #887, .T. ) ;
#4704 = VECTOR ( 'NONE', #3934, 1000.000000000000000 ) ;
#4705 = PRESENTATION_STYLE_ASSIGNMENT (( #2600 ) ) ;
#4706 = VERTEX_POINT ( 'NONE', #4530 ) ;
#4707 = DIRECTION ( 'NONE',  ( 0.000000000000000000, 0.000000000000000000, -1.000000000000000000 ) ) ;
#4708 = VECTOR ( 'NONE', #2792, 1000.000000000000000 ) ;
#4709 = DIRECTION ( 'NONE',  ( 0.000000000000000000, 0.000000000000000000, -1.000000000000000000 ) ) ;
#4710 = MECHANICAL_DESIGN_GEOMETRIC_PRESENTATION_REPRESENTATION (  '', ( #2504 ), #4155 ) ;
#4711 =( LENGTH_UNIT ( ) NAMED_UNIT ( * ) SI_UNIT ( .MILLI., .METRE. ) );
#4712 = ADVANCED_FACE ( 'NONE', ( #5485 ), #2878, .F. ) ;
#4713 = DIRECTION ( 'NONE',  ( -0.000000000000000000, -0.000000000000000000, 1.000000000000000000 ) ) ;
#4714 = EDGE_CURVE ( 'NONE', #3605, #6265, #1821, .T. ) ;
#4715 = EDGE_CURVE ( 'NONE', #3977, #307, #2914, .T. ) ;
#4716 = EDGE_CURVE ( 'NONE', #6628, #3840, #2393, .T. ) ;
#4717 = STYLED_ITEM ( 'NONE', ( #929 ), #5177 ) ;
#4718 = ORIENTED_EDGE ( 'NONE', *, *, #5754, .T. ) ;
#4719 = ORIENTED_EDGE ( 'NONE', *, *, #3322, .F. ) ;
#4720 = VERTEX_POINT ( 'NONE', #4597 ) ;
#4721 = DIRECTION ( 'NONE',  ( -0.000000000000000000, 1.000000000000000000, 0.000000000000000000 ) ) ;
#4722 = COLOUR_RGB ( '',0.9686274509803921573, 0.8784313725490195957, 0.5999999999999999778 ) ;
#4723 = DIRECTION ( 'NONE',  ( 1.445602896647340149E-16, -0.000000000000000000, 1.000000000000000000 ) ) ;
#4724 = STYLED_ITEM ( 'NONE', ( #4210 ), #5872 ) ;
#4725 = ORIENTED_EDGE ( 'NONE', *, *, #4623, .F. ) ;
#4726 = AXIS2_PLACEMENT_3D ( 'NONE', #4070, #1508, #4827 ) ;
#4727 = FACE_BOUND ( 'NONE', #3086, .T. ) ;
#4728 = FACE_OUTER_BOUND ( 'NONE', #677, .T. ) ;
#4729 = CIRCLE ( 'NONE', #6684, 2.259999999999999787 ) ;
#4730 = PRESENTATION_LAYER_ASSIGNMENT (  '', '', ( #1239 ) ) ;
#4731 = ORIENTED_EDGE ( 'NONE', *, *, #1327, .T. ) ;
#4732 = DIRECTION ( 'NONE',  ( 1.000000000000000000, 0.000000000000000000, 0.000000000000000000 ) ) ;
#4733 = DIRECTION ( 'NONE',  ( -1.000000000000000000, 0.000000000000000000, 0.000000000000000000 ) ) ;
#4734 = DIRECTION ( 'NONE',  ( 1.000000000000000000, 0.000000000000000000, -0.000000000000000000 ) ) ;
#4735 = CARTESIAN_POINT ( 'NONE',  ( 0.000000000000000000, 0.7600000000000002309, -2.259999999999999787 ) ) ;
#4736 = VECTOR ( 'NONE', #1061, 1000.000000000000000 ) ;
#4737 = ORIENTED_EDGE ( 'NONE', *, *, #1523, .F. ) ;
#4738 = FILL_AREA_STYLE ('',( #4327 ) ) ;
#4739 = ORIENTED_EDGE ( 'NONE', *, *, #878, .F. ) ;
#4740 = DIRECTION ( 'NONE',  ( 1.000000000000000000, 0.000000000000000000, -8.673617379884034239E-17 ) ) ;
#4741 = PRESENTATION_LAYER_ASSIGNMENT (  '', '', ( #4523 ) ) ;
#4742 =( NAMED_UNIT ( * ) SI_UNIT ( $, .STERADIAN. ) SOLID_ANGLE_UNIT ( ) );
#4743 = FILL_AREA_STYLE_COLOUR ( '', #3557 ) ;
#4744 = LINE ( 'NONE', #65, #5760 ) ;
#4745 = FILL_AREA_STYLE_COLOUR ( '', #1543 ) ;
#4746 = LINE ( 'NONE', #4266, #4693 ) ;
#4747 =( GEOMETRIC_REPRESENTATION_CONTEXT ( 3 ) GLOBAL_UNCERTAINTY_ASSIGNED_CONTEXT ( ( #5023 ) ) GLOBAL_UNIT_ASSIGNED_CONTEXT ( ( #3454, #5007, #1419 ) ) REPRESENTATION_CONTEXT ( 'NONE', 'WORKASPACE' ) );
#4748 = VERTEX_POINT ( 'NONE', #6316 ) ;
#4749 = ORIENTED_EDGE ( 'NONE', *, *, #1325, .T. ) ;
#4750 = EDGE_CURVE ( 'NONE', #1915, #2518, #6672, .T. ) ;
#4751 = ADVANCED_FACE ( 'NONE', ( #1186 ), #6706, .T. ) ;
#4752 =( LENGTH_UNIT ( ) NAMED_UNIT ( * ) SI_UNIT ( .MILLI., .METRE. ) );
#4753 = FILL_AREA_STYLE_COLOUR ( '', #5941 ) ;
#4754 = SURFACE_STYLE_USAGE ( .BOTH. , #182 ) ;
#4755 = DIRECTION ( 'NONE',  ( -1.000000000000000000, 0.000000000000000000, 2.891205793294679312E-16 ) ) ;
#4756 = UNCERTAINTY_MEASURE_WITH_UNIT (LENGTH_MEASURE( 1.000000000000000082E-05 ), #5429, 'distance_accuracy_value', 'NONE');
#4757 = STYLED_ITEM ( 'NONE', ( #3459 ), #81 ) ;
#4758 = UNCERTAINTY_MEASURE_WITH_UNIT (LENGTH_MEASURE( 1.000000000000000082E-05 ), #6681, 'distance_accuracy_value', 'NONE');
#4759 = ORIENTED_EDGE ( 'NONE', *, *, #1179, .T. ) ;
#4760 = DIRECTION ( 'NONE',  ( -0.000000000000000000, -1.000000000000000000, -0.000000000000000000 ) ) ;
#4761 = MECHANICAL_DESIGN_GEOMETRIC_PRESENTATION_REPRESENTATION (  '', ( #1050 ), #3979 ) ;
#4762 = DIRECTION ( 'NONE',  ( 1.000000000000000000, 0.000000000000000000, 0.000000000000000000 ) ) ;
#4763 = STYLED_ITEM ( 'NONE', ( #208 ), #34 ) ;
#4764 = CARTESIAN_POINT ( 'NONE',  ( -1.890000000000026326, 0.2999999999999999889, -0.1250000000000009714 ) ) ;
#4765 = FILL_AREA_STYLE ('',( #2659 ) ) ;
#4766 = LINE ( 'NONE', #4101, #5133 ) ;
#4767 = AXIS2_PLACEMENT_3D ( 'NONE', #3774, #649, #61 ) ;
#4768 = UNCERTAINTY_MEASURE_WITH_UNIT (LENGTH_MEASURE( 1.000000000000000082E-05 ), #1462, 'distance_accuracy_value', 'NONE');
#4769 = ORIENTED_EDGE ( 'NONE', *, *, #6199, .T. ) ;
#4770 = PRESENTATION_STYLE_ASSIGNMENT (( #2662 ) ) ;
#4771 = FACE_OUTER_BOUND ( 'NONE', #317, .T. ) ;
#4772 = SURFACE_STYLE_USAGE ( .BOTH. , #5291 ) ;
#4773 = COLOUR_RGB ( '',0.9686274509803921573, 0.8784313725490195957, 0.5999999999999999778 ) ;
#4774 = ORIENTED_EDGE ( 'NONE', *, *, #3482, .T. ) ;
#4775 = CARTESIAN_POINT ( 'NONE',  ( -0.8500000000000003109, 0.7599999999999998979, -0.1000000000000000056 ) ) ;
#4776 = VECTOR ( 'NONE', #6674, 1000.000000000000000 ) ;
#4777 = ORIENTED_EDGE ( 'NONE', *, *, #3652, .F. ) ;
#4778 =( LENGTH_UNIT ( ) NAMED_UNIT ( * ) SI_UNIT ( .MILLI., .METRE. ) );
#4779 = PRESENTATION_LAYER_ASSIGNMENT (  '', '', ( #641 ) ) ;
#4780 = SURFACE_SIDE_STYLE ('',( #5297 ) ) ;
#4781 =( NAMED_UNIT ( * ) PLANE_ANGLE_UNIT ( ) SI_UNIT ( $, .RADIAN. ) );
#4782 = SURFACE_SIDE_STYLE ('',( #4118 ) ) ;
#4783 = SURFACE_STYLE_FILL_AREA ( #5804 ) ;
#4784 =( GEOMETRIC_REPRESENTATION_CONTEXT ( 3 ) GLOBAL_UNCERTAINTY_ASSIGNED_CONTEXT ( ( #3259 ) ) GLOBAL_UNIT_ASSIGNED_CONTEXT ( ( #1232, #4515, #4609 ) ) REPRESENTATION_CONTEXT ( 'NONE', 'WORKASPACE' ) );
#4785 = CARTESIAN_POINT ( 'NONE',  ( -2.390000000000026770, 0.2999999999999999889, -0.1250000000000009714 ) ) ;
#4786 = EDGE_LOOP ( 'NONE', ( #6191, #6179, #1486, #5861 ) ) ;
#4787 = VERTEX_POINT ( 'NONE', #1117 ) ;
#4788 = PLANE ( 'NONE',  #1758 ) ;
#4789 = PRESENTATION_STYLE_ASSIGNMENT (( #2006 ) ) ;
#4790 = STYLED_ITEM ( 'NONE', ( #1860 ), #1780 ) ;
#4791 = CARTESIAN_POINT ( 'NONE',  ( -1.389999999999999902, 0.000000000000000000, -0.6300000000000000044 ) ) ;
#4792 = CARTESIAN_POINT ( 'NONE',  ( 1.890000000000013447, 0.2999999999999999889, 1.135000000000000009 ) ) ;
#4793 = CARTESIAN_POINT ( 'NONE',  ( 0.1000000000000005052, 0.7599999999999998979, 0.8500000000000000888 ) ) ;
#4794 = EDGE_CURVE ( 'NONE', #3733, #1915, #4799, .T. ) ;
#4795 = ORIENTED_EDGE ( 'NONE', *, *, #3518, .F. ) ;
#4796 =( GEOMETRIC_REPRESENTATION_CONTEXT ( 3 ) GLOBAL_UNCERTAINTY_ASSIGNED_CONTEXT ( ( #6393 ) ) GLOBAL_UNIT_ASSIGNED_CONTEXT ( ( #5956, #2227, #4808 ) ) REPRESENTATION_CONTEXT ( 'NONE', 'WORKASPACE' ) );
#4797 = FACE_BOUND ( 'NONE', #5759, .T. ) ;
#4798 = FACE_OUTER_BOUND ( 'NONE', #4179, .T. ) ;
#4799 = LINE ( 'NONE', #1984, #4039 ) ;
#4800 = AXIS2_PLACEMENT_3D ( 'NONE', #6390, #603, #1402 ) ;
#4801 = DIRECTION ( 'NONE',  ( 1.445602896647340149E-16, 0.000000000000000000, 1.000000000000000000 ) ) ;
#4802 =( NAMED_UNIT ( * ) PLANE_ANGLE_UNIT ( ) SI_UNIT ( $, .RADIAN. ) );
#4803 = EDGE_CURVE ( 'NONE', #5395, #1091, #5317, .T. ) ;
#4804 = EDGE_CURVE ( 'NONE', #2178, #4233, #2530, .T. ) ;
#4805 = COLOUR_RGB ( '',0.9686274509803921573, 0.8784313725490195957, 0.5999999999999999778 ) ;
#4806 = ORIENTED_EDGE ( 'NONE', *, *, #6455, .T. ) ;
#4807 = DIRECTION ( 'NONE',  ( -1.000000000000000000, 0.000000000000000000, -2.891205793294678819E-16 ) ) ;
#4808 =( NAMED_UNIT ( * ) SI_UNIT ( $, .STERADIAN. ) SOLID_ANGLE_UNIT ( ) );
#4809 =( GEOMETRIC_REPRESENTATION_CONTEXT ( 3 ) GLOBAL_UNCERTAINTY_ASSIGNED_CONTEXT ( ( #192 ) ) GLOBAL_UNIT_ASSIGNED_CONTEXT ( ( #4636, #1251, #4863 ) ) REPRESENTATION_CONTEXT ( 'NONE', 'WORKASPACE' ) );
#4810 = DIRECTION ( 'NONE',  ( 0.000000000000000000, 0.000000000000000000, -1.000000000000000000 ) ) ;
#4811 = VERTEX_POINT ( 'NONE', #4279 ) ;
#4812 = CARTESIAN_POINT ( 'NONE',  ( -0.8500000000000003109, 0.5999999999999999778, 0.1000000000000002970 ) ) ;
#4813 = AXIS2_PLACEMENT_3D ( 'NONE', #5645, #3030, #4249 ) ;
#4814 = VECTOR ( 'NONE', #1552, 1000.000000000000000 ) ;
#4815 = ORIENTED_EDGE ( 'NONE', *, *, #4716, .T. ) ;
#4816 = PRESENTATION_STYLE_ASSIGNMENT (( #2711 ) ) ;
#4817 = VECTOR ( 'NONE', #1340, 1000.000000000000000 ) ;
#4818 =( NAMED_UNIT ( * ) PLANE_ANGLE_UNIT ( ) SI_UNIT ( $, .RADIAN. ) );
#4819 = AXIS2_PLACEMENT_3D ( 'NONE', #1152, #5918, #6462 ) ;
#4820 = CARTESIAN_POINT ( 'NONE',  ( 0.8500000000000003109, 0.7599999999999998979, -0.1000000000000000056 ) ) ;
#4821 = ORIENTED_EDGE ( 'NONE', *, *, #1083, .T. ) ;
#4822 = VERTEX_POINT ( 'NONE', #4077 ) ;
#4823 =( NAMED_UNIT ( * ) SI_UNIT ( $, .STERADIAN. ) SOLID_ANGLE_UNIT ( ) );
#4824 = VECTOR ( 'NONE', #6548, 1000.000000000000000 ) ;
#4825 = DIRECTION ( 'NONE',  ( -1.000000000000000000, 0.000000000000000000, -0.000000000000000000 ) ) ;
#4826 = DIRECTION ( 'NONE',  ( -0.000000000000000000, -1.000000000000000000, -0.000000000000000000 ) ) ;
#4827 = DIRECTION ( 'NONE',  ( 0.000000000000000000, 0.000000000000000000, -1.000000000000000000 ) ) ;
#4828 = DIRECTION ( 'NONE',  ( -0.7071067811865474617, -0.000000000000000000, -0.7071067811865475727 ) ) ;
#4829 = DIRECTION ( 'NONE',  ( -2.146934995020800486E-16, 0.000000000000000000, 1.000000000000000000 ) ) ;
#4830 = AXIS2_PLACEMENT_3D ( 'NONE', #6037, #6642, #2983 ) ;
#4831 = VERTEX_POINT ( 'NONE', #5105 ) ;
#4832 = CARTESIAN_POINT ( 'NONE',  ( -0.7600000000000000089, 0.000000000000000000, 9.583083854271088363E-18 ) ) ;
#4833 = CARTESIAN_POINT ( 'NONE',  ( 1.890000000000039648, 0.2999999999999999889, -1.385000000000000453 ) ) ;
#4834 = FILL_AREA_STYLE_COLOUR ( '', #4067 ) ;
#4835 = FILL_AREA_STYLE ('',( #1781 ) ) ;
#4836 = MECHANICAL_DESIGN_GEOMETRIC_PRESENTATION_REPRESENTATION (  '', ( #1866 ), #3060 ) ;
#4837 = AXIS2_PLACEMENT_3D ( 'NONE', #812, #4525, #2869 ) ;
#4838 = UNCERTAINTY_MEASURE_WITH_UNIT (LENGTH_MEASURE( 1.000000000000000082E-05 ), #5834, 'distance_accuracy_value', 'NONE');
#4839 = ORIENTED_EDGE ( 'NONE', *, *, #6286, .T. ) ;
#4840 = CARTESIAN_POINT ( 'NONE',  ( -2.390000000000038760, 0.000000000000000000, -2.395000000000000462 ) ) ;
#4841 = EDGE_CURVE ( 'NONE', #5195, #4921, #6355, .T. ) ;
#4842 = EDGE_CURVE ( 'NONE', #4648, #2958, #5818, .T. ) ;
#4843 = UNCERTAINTY_MEASURE_WITH_UNIT (LENGTH_MEASURE( 1.000000000000000082E-05 ), #5532, 'distance_accuracy_value', 'NONE');
#4844 = VECTOR ( 'NONE', #5836, 1000.000000000000000 ) ;
#4845 = CARTESIAN_POINT ( 'NONE',  ( 1.890000000000039648, 0.2999999999999999889, -1.385000000000000453 ) ) ;
#4846 = ORIENTED_EDGE ( 'NONE', *, *, #4584, .T. ) ;
#4847 = MECHANICAL_DESIGN_GEOMETRIC_PRESENTATION_REPRESENTATION (  '', ( #1457 ), #3308 ) ;
#4848 = LINE ( 'NONE', #2845, #4601 ) ;
#4849 = CARTESIAN_POINT ( 'NONE',  ( 1.890000000000000124, 0.000000000000000000, 2.395000000000000018 ) ) ;
#4850 = SURFACE_STYLE_FILL_AREA ( #6406 ) ;
#4851 = EDGE_LOOP ( 'NONE', ( #6093, #3084, #561, #3153 ) ) ;
#4852 = VERTEX_POINT ( 'NONE', #434 ) ;
#4853 =( NAMED_UNIT ( * ) SI_UNIT ( $, .STERADIAN. ) SOLID_ANGLE_UNIT ( ) );
#4854 = FILL_AREA_STYLE ('',( #4240 ) ) ;
#4855 = ORIENTED_EDGE ( 'NONE', *, *, #962, .F. ) ;
#4856 = PRESENTATION_STYLE_ASSIGNMENT (( #6519 ) ) ;
#4857 = PRESENTATION_STYLE_ASSIGNMENT (( #1185 ) ) ;
#4858 = DIRECTION ( 'NONE',  ( -0.000000000000000000, -1.000000000000000000, -0.000000000000000000 ) ) ;
#4859 = DIRECTION ( 'NONE',  ( 0.000000000000000000, -0.000000000000000000, 1.000000000000000000 ) ) ;
#4860 = AXIS2_PLACEMENT_3D ( 'NONE', #1594, #4411, #4967 ) ;
#4861 = VERTEX_POINT ( 'NONE', #1674 ) ;
#4862 =( NAMED_UNIT ( * ) SI_UNIT ( $, .STERADIAN. ) SOLID_ANGLE_UNIT ( ) );
#4863 =( NAMED_UNIT ( * ) SI_UNIT ( $, .STERADIAN. ) SOLID_ANGLE_UNIT ( ) );
#4864 = ADVANCED_FACE ( 'NONE', ( #2490 ), #5280, .T. ) ;
#4865 = SURFACE_STYLE_FILL_AREA ( #299 ) ;
#4866 = EDGE_CURVE ( 'NONE', #694, #6312, #6014, .T. ) ;
#4867 = EDGE_LOOP ( 'NONE', ( #4618, #1465, #3448, #5491 ) ) ;
#4868 = CARTESIAN_POINT ( 'NONE',  ( -2.390000000000026770, 0.2999999999999999889, -1.135000000000001119 ) ) ;
#4869 = SURFACE_SIDE_STYLE ('',( #720 ) ) ;
#4870 = LINE ( 'NONE', #5996, #2758 ) ;
#4871 = ADVANCED_FACE ( 'NONE', ( #4952 ), #5382, .T. ) ;
#4872 = ORIENTED_EDGE ( 'NONE', *, *, #376, .F. ) ;
#4873 = EDGE_CURVE ( 'NONE', #5722, #103, #5505, .T. ) ;
#4874 = VECTOR ( 'NONE', #283, 1000.000000000000000 ) ;
#4875 = ORIENTED_EDGE ( 'NONE', *, *, #4079, .F. ) ;
#4876 = ORIENTED_EDGE ( 'NONE', *, *, #6569, .T. ) ;
#4877 = CARTESIAN_POINT ( 'NONE',  ( 0.1000000000000005052, 0.5999999999999999778, 0.8500000000000000888 ) ) ;
#4878 = COLOUR_RGB ( '',1.000000000000000000, 1.000000000000000000, 1.000000000000000000 ) ;
#4879 = PRESENTATION_STYLE_ASSIGNMENT (( #3366 ) ) ;
#4880 = DIRECTION ( 'NONE',  ( -1.000000000000000000, 0.000000000000000000, 0.000000000000000000 ) ) ;
#4881 = UNCERTAINTY_MEASURE_WITH_UNIT (LENGTH_MEASURE( 1.000000000000000082E-05 ), #1514, 'distance_accuracy_value', 'NONE');
#4882 = ORIENTED_EDGE ( 'NONE', *, *, #1812, .F. ) ;
#4883 = AXIS2_PLACEMENT_3D ( 'NONE', #3082, #5803, #5262 ) ;
#4884 =( LENGTH_UNIT ( ) NAMED_UNIT ( * ) SI_UNIT ( .MILLI., .METRE. ) );
#4885 = LINE ( 'NONE', #2444, #150 ) ;
#4886 = DIRECTION ( 'NONE',  ( 1.264902534566421675E-16, 0.000000000000000000, 1.000000000000000000 ) ) ;
#4887 = DIRECTION ( 'NONE',  ( 0.000000000000000000, 1.000000000000000000, 0.000000000000000000 ) ) ;
#4888 = SURFACE_SIDE_STYLE ('',( #4281 ) ) ;
#4889 = COLOUR_RGB ( '',0.9686274509803921573, 0.8784313725490195957, 0.5999999999999999778 ) ;
#4890 = UNCERTAINTY_MEASURE_WITH_UNIT (LENGTH_MEASURE( 1.000000000000000082E-05 ), #6495, 'distance_accuracy_value', 'NONE');
#4891 = UNCERTAINTY_MEASURE_WITH_UNIT (LENGTH_MEASURE( 1.000000000000000082E-05 ), #2989, 'distance_accuracy_value', 'NONE');
#4892 = COLOUR_RGB ( '',0.7921568627450980005, 0.8196078431372548767, 0.9333333333333333481 ) ;
#4893 = ORIENTED_EDGE ( 'NONE', *, *, #2108, .F. ) ;
#4894 = DIRECTION ( 'NONE',  ( 1.000000000000000000, -0.000000000000000000, 0.000000000000000000 ) ) ;
#4895 = CARTESIAN_POINT ( 'NONE',  ( -0.7600000000000000089, 0.2999999999999999889, 9.583083854271088363E-18 ) ) ;
#4896 = SURFACE_STYLE_FILL_AREA ( #6328 ) ;
#4897 = PRESENTATION_LAYER_ASSIGNMENT (  '', '', ( #5351 ) ) ;
#4898 = UNCERTAINTY_MEASURE_WITH_UNIT (LENGTH_MEASURE( 1.000000000000000082E-05 ), #2262, 'distance_accuracy_value', 'NONE');
#4899 = VERTEX_POINT ( 'NONE', #840 ) ;
#4900 = PRESENTATION_STYLE_ASSIGNMENT (( #5516 ) ) ;
#4901 = VECTOR ( 'NONE', #1454, 1000.000000000000000 ) ;
#4902 = CARTESIAN_POINT ( 'NONE',  ( 0.1000000000000005052, 0.7599999999999998979, 0.8500000000000000888 ) ) ;
#4903 =( NAMED_UNIT ( * ) SI_UNIT ( $, .STERADIAN. ) SOLID_ANGLE_UNIT ( ) );
#4904 = AXIS2_PLACEMENT_3D ( 'NONE', #1694, #2174, #1198 ) ;
#4905 = ORIENTED_EDGE ( 'NONE', *, *, #3148, .T. ) ;
#4906 = ORIENTED_EDGE ( 'NONE', *, *, #5571, .F. ) ;
#4907 =( GEOMETRIC_REPRESENTATION_CONTEXT ( 3 ) GLOBAL_UNCERTAINTY_ASSIGNED_CONTEXT ( ( #4948 ) ) GLOBAL_UNIT_ASSIGNED_CONTEXT ( ( #6536, #2455, #5517 ) ) REPRESENTATION_CONTEXT ( 'NONE', 'WORKASPACE' ) );
#4908 = FILL_AREA_STYLE ('',( #6446 ) ) ;
#4909 = CARTESIAN_POINT ( 'NONE',  ( -0.7600000000000000089, 0.000000000000000000, 9.583083854271088363E-18 ) ) ;
#4910 = VECTOR ( 'NONE', #3315, 1000.000000000000000 ) ;
#4911 = DIRECTION ( 'NONE',  ( -1.264902534566421675E-16, -0.000000000000000000, -1.000000000000000000 ) ) ;
#4912 = ADVANCED_FACE ( 'NONE', ( #3897 ), #2253, .T. ) ;
#4913 = PLANE ( 'NONE',  #2708 ) ;
#4914 = DIRECTION ( 'NONE',  ( 2.349104707051926109E-16, 0.000000000000000000, 1.000000000000000000 ) ) ;
#4915 = EDGE_LOOP ( 'NONE', ( #1982, #5605, #1183, #6563 ) ) ;
#4916 = LINE ( 'NONE', #2861, #964 ) ;
#4917 = CARTESIAN_POINT ( 'NONE',  ( -2.390000000000026770, 0.000000000000000000, -1.135000000000001119 ) ) ;
#4918 = DIRECTION ( 'NONE',  ( -1.000000000000000000, 0.000000000000000000, 0.000000000000000000 ) ) ;
#4919 =( GEOMETRIC_REPRESENTATION_CONTEXT ( 3 ) GLOBAL_UNCERTAINTY_ASSIGNED_CONTEXT ( ( #4768 ) ) GLOBAL_UNIT_ASSIGNED_CONTEXT ( ( #1462, #5119, #6724 ) ) REPRESENTATION_CONTEXT ( 'NONE', 'WORKASPACE' ) );
#4920 = AXIS2_PLACEMENT_3D ( 'NONE', #2710, #4298, #6437 ) ;
#4921 = VERTEX_POINT ( 'NONE', #5946 ) ;
#4922 = DIRECTION ( 'NONE',  ( 0.000000000000000000, 0.000000000000000000, -1.000000000000000000 ) ) ;
#4923 = CARTESIAN_POINT ( 'NONE',  ( 0.000000000000000000, 0.7600000000000002309, 0.000000000000000000 ) ) ;
#4924 = CARTESIAN_POINT ( 'NONE',  ( -1.389999999999999902, 0.2999999999999999889, 2.389999999999999680 ) ) ;
#4925 = MECHANICAL_DESIGN_GEOMETRIC_PRESENTATION_REPRESENTATION (  '', ( #5037 ), #4605 ) ;
#4926 = CARTESIAN_POINT ( 'NONE',  ( 1.890000000000026326, 0.2999999999999999889, -0.1250000000000001110 ) ) ;
#4927 =( LENGTH_UNIT ( ) NAMED_UNIT ( * ) SI_UNIT ( .MILLI., .METRE. ) );
#4928 = MECHANICAL_DESIGN_GEOMETRIC_PRESENTATION_REPRESENTATION (  '', ( #6129 ), #3734 ) ;
#4929 = ORIENTED_EDGE ( 'NONE', *, *, #460, .F. ) ;
#4930 = DIRECTION ( 'NONE',  ( 0.000000000000000000, -0.000000000000000000, 1.000000000000000000 ) ) ;
#4931 = MECHANICAL_DESIGN_GEOMETRIC_PRESENTATION_REPRESENTATION (  '', ( #1019 ), #5278 ) ;
#4932 = CARTESIAN_POINT ( 'NONE',  ( 2.500000000000000000, 0.5999999999999999778, -2.500000000000000444 ) ) ;
#4933 = LINE ( 'NONE', #1763, #2308 ) ;
#4934 = LINE ( 'NONE', #6505, #6623 ) ;
#4935 = DIRECTION ( 'NONE',  ( 1.000000000000000000, -0.000000000000000000, 1.560003125878423623E-16 ) ) ;
#4936 = AXIS2_PLACEMENT_3D ( 'NONE', #4644, #5622, #2435 ) ;
#4937 = ORIENTED_EDGE ( 'NONE', *, *, #168, .F. ) ;
#4938 = FILL_AREA_STYLE_COLOUR ( '', #3980 ) ;
#4939 = VECTOR ( 'NONE', #2684, 1000.000000000000000 ) ;
#4940 = CARTESIAN_POINT ( 'NONE',  ( -2.390000000000001013, 0.000000000000000000, 2.394999999999999130 ) ) ;
#4941 = LINE ( 'NONE', #2854, #2698 ) ;
#4942 = DIRECTION ( 'NONE',  ( 2.146934995020800733E-16, 0.000000000000000000, -1.000000000000000000 ) ) ;
#4943 = CARTESIAN_POINT ( 'NONE',  ( 2.390000000000039648, 0.000000000000000000, -1.385000000000000453 ) ) ;
#4944 = DIRECTION ( 'NONE',  ( 0.000000000000000000, -0.000000000000000000, 1.000000000000000000 ) ) ;
#4945 = PRESENTATION_LAYER_ASSIGNMENT (  '', '', ( #1553 ) ) ;
#4946 = EDGE_CURVE ( 'NONE', #1988, #4822, #3313, .T. ) ;
#4947 = EDGE_CURVE ( 'NONE', #2859, #4233, #4393, .T. ) ;
#4948 = UNCERTAINTY_MEASURE_WITH_UNIT (LENGTH_MEASURE( 1.000000000000000082E-05 ), #6536, 'distance_accuracy_value', 'NONE');
#4949 = ORIENTED_EDGE ( 'NONE', *, *, #2437, .T. ) ;
#4950 = EDGE_CURVE ( 'NONE', #6142, #1480, #3343, .T. ) ;
#4951 = CARTESIAN_POINT ( 'NONE',  ( 0.8500000000000003109, 0.7599999999999960121, -0.8500000000000000888 ) ) ;
#4952 = FACE_OUTER_BOUND ( 'NONE', #2309, .T. ) ;
#4953 = CARTESIAN_POINT ( 'NONE',  ( -2.500000000000000888, 0.000000000000000000, -2.500000000000000444 ) ) ;
#4954 = UNCERTAINTY_MEASURE_WITH_UNIT (LENGTH_MEASURE( 1.000000000000000082E-05 ), #4522, 'distance_accuracy_value', 'NONE');
#4955 = VECTOR ( 'NONE', #4460, 1000.000000000000000 ) ;
#4956 = EDGE_CURVE ( 'NONE', #2468, #5596, #5442, .T. ) ;
#4957 = LINE ( 'NONE', #6591, #4284 ) ;
#4958 =( NAMED_UNIT ( * ) PLANE_ANGLE_UNIT ( ) SI_UNIT ( $, .RADIAN. ) );
#4959 = LINE ( 'NONE', #297, #214 ) ;
#4960 = LINE ( 'NONE', #2872, #1307 ) ;
#4961 = DIRECTION ( 'NONE',  ( -0.000000000000000000, -0.000000000000000000, -1.000000000000000000 ) ) ;
#4962 = STYLED_ITEM ( 'NONE', ( #2605 ), #205 ) ;
#4963 = ORIENTED_EDGE ( 'NONE', *, *, #1488, .F. ) ;
#4964 = ORIENTED_EDGE ( 'NONE', *, *, #2900, .T. ) ;
#4965 = SURFACE_SIDE_STYLE ('',( #1819 ) ) ;
#4966 =( NAMED_UNIT ( * ) PLANE_ANGLE_UNIT ( ) SI_UNIT ( $, .RADIAN. ) );
#4967 = DIRECTION ( 'NONE',  ( -1.000000000000000000, 0.000000000000000000, 0.000000000000000000 ) ) ;
#4968 = AXIS2_PLACEMENT_3D ( 'NONE', #6022, #6435, #2300 ) ;
#4969 = FILL_AREA_STYLE_COLOUR ( '', #4404 ) ;
#4970 = LINE ( 'NONE', #6676, #2043 ) ;
#4971 = DIRECTION ( 'NONE',  ( -1.445602896647339163E-16, -0.000000000000000000, -1.000000000000000000 ) ) ;
#4972 = CLOSED_SHELL ( 'NONE', ( #3150, #4499, #2361, #4672, #3754, #1693 ) ) ;
#4973 = VECTOR ( 'NONE', #1108, 1000.000000000000000 ) ;
#4974 = ORIENTED_EDGE ( 'NONE', *, *, #534, .F. ) ;
#4975 = CARTESIAN_POINT ( 'NONE',  ( -1.890000000000038982, 0.2999999999999999889, -2.395000000000000462 ) ) ;
#4976 = AXIS2_PLACEMENT_3D ( 'NONE', #2100, #2133, #6235 ) ;
#4977 = LINE ( 'NONE', #960, #193 ) ;
#4978 = SURFACE_STYLE_USAGE ( .BOTH. , #4611 ) ;
#4979 = CARTESIAN_POINT ( 'NONE',  ( -1.890000000000013669, 0.2999999999999999889, 0.1249999999999990286 ) ) ;
#4980 = SURFACE_STYLE_USAGE ( .BOTH. , #6231 ) ;
#4981 = ORIENTED_EDGE ( 'NONE', *, *, #4956, .F. ) ;
#4982 = ORIENTED_EDGE ( 'NONE', *, *, #3404, .F. ) ;
#4983 = PRESENTATION_LAYER_ASSIGNMENT (  '', '', ( #4105 ) ) ;
#4984 = LINE ( 'NONE', #3539, #2908 ) ;
#4986 = VECTOR ( 'NONE', #3475, 1000.000000000000000 ) ;
#4985 = SURFACE_STYLE_FILL_AREA ( #704 ) ;
#4987 =( NAMED_UNIT ( * ) SI_UNIT ( $, .STERADIAN. ) SOLID_ANGLE_UNIT ( ) );
#4988 = STYLED_ITEM ( 'NONE', ( #5095 ), #531 ) ;
#4989 = COLOUR_RGB ( '',1.000000000000000000, 1.000000000000000000, 0.000000000000000000 ) ;
#4990 = DIRECTION ( 'NONE',  ( 1.000000000000000000, 0.000000000000000000, -0.000000000000000000 ) ) ;
#4991 = CARTESIAN_POINT ( 'NONE',  ( 1.389999999999999902, 0.2999999999999999889, -2.390000000000000124 ) ) ;
#4992 = FILL_AREA_STYLE ('',( #1346 ) ) ;
#4993 = EDGE_CURVE ( 'NONE', #2263, #1767, #2348, .T. ) ;
#4994 = ADVANCED_FACE ( 'NONE', ( #5469 ), #2863, .T. ) ;
#4995 = SURFACE_SIDE_STYLE ('',( #5987 ) ) ;
#4996 =( GEOMETRIC_REPRESENTATION_CONTEXT ( 3 ) GLOBAL_UNCERTAINTY_ASSIGNED_CONTEXT ( ( #2832 ) ) GLOBAL_UNIT_ASSIGNED_CONTEXT ( ( #5109, #1321, #2368 ) ) REPRESENTATION_CONTEXT ( 'NONE', 'WORKASPACE' ) );
#4997 = ADVANCED_FACE ( 'NONE', ( #6047 ), #5090, .F. ) ;
#4998 = CARTESIAN_POINT ( 'NONE',  ( 1.890000000000039648, 0.000000000000000000, -1.385000000000000453 ) ) ;
#4999 =( GEOMETRIC_REPRESENTATION_CONTEXT ( 3 ) GLOBAL_UNCERTAINTY_ASSIGNED_CONTEXT ( ( #3381 ) ) GLOBAL_UNIT_ASSIGNED_CONTEXT ( ( #2881, #5520, #2494 ) ) REPRESENTATION_CONTEXT ( 'NONE', 'WORKASPACE' ) );
#5000 = SURFACE_STYLE_USAGE ( .BOTH. , #782 ) ;
#5001 = VERTEX_POINT ( 'NONE', #455 ) ;
#5002 = DIRECTION ( 'NONE',  ( 0.000000000000000000, 0.000000000000000000, 1.000000000000000000 ) ) ;
#5003 = CARTESIAN_POINT ( 'NONE',  ( 2.390000000000039648, 0.000000000000000000, -1.385000000000000453 ) ) ;
#5004 = LINE ( 'NONE', #2424, #5912 ) ;
#5005 = CARTESIAN_POINT ( 'NONE',  ( 2.390000000000013003, 0.2999999999999999889, 1.135000000000000009 ) ) ;
#5006 = LINE ( 'NONE', #237, #1153 ) ;
#5007 =( NAMED_UNIT ( * ) PLANE_ANGLE_UNIT ( ) SI_UNIT ( $, .RADIAN. ) );
#5008 = ORIENTED_EDGE ( 'NONE', *, *, #5383, .F. ) ;
#5009 = VECTOR ( 'NONE', #1613, 1000.000000000000000 ) ;
#5010 = ORIENTED_EDGE ( 'NONE', *, *, #581, .T. ) ;
#5011 = FILL_AREA_STYLE ('',( #1361 ) ) ;
#5012 = CARTESIAN_POINT ( 'NONE',  ( 2.390000000000039648, 0.2999999999999999889, -1.385000000000000453 ) ) ;
#5013 = CARTESIAN_POINT ( 'NONE',  ( -2.500000000000000000, 0.7600000000000005640, -2.500000000000000444 ) ) ;
#5014 = PLANE ( 'NONE',  #2040 ) ;
#5015 =( GEOMETRIC_REPRESENTATION_CONTEXT ( 3 ) GLOBAL_UNCERTAINTY_ASSIGNED_CONTEXT ( ( #1808 ) ) GLOBAL_UNIT_ASSIGNED_CONTEXT ( ( #2093, #2633, #1645 ) ) REPRESENTATION_CONTEXT ( 'NONE', 'WORKASPACE' ) );
#5016 = DIRECTION ( 'NONE',  ( 0.000000000000000000, -0.000000000000000000, 1.000000000000000000 ) ) ;
#5017 = ORIENTED_EDGE ( 'NONE', *, *, #744, .T. ) ;
#5018 = AXIS2_PLACEMENT_3D ( 'NONE', #1122, #3180, #6432 ) ;
#5019 = DIRECTION ( 'NONE',  ( -0.7071067811865475727, 0.000000000000000000, -0.7071067811865475727 ) ) ;
#5020 = SURFACE_SIDE_STYLE ('',( #5535 ) ) ;
#5021 = MECHANICAL_DESIGN_GEOMETRIC_PRESENTATION_REPRESENTATION (  '', ( #3163 ), #6221 ) ;
#5022 = STYLED_ITEM ( 'NONE', ( #1677 ), #3097 ) ;
#5023 = UNCERTAINTY_MEASURE_WITH_UNIT (LENGTH_MEASURE( 1.000000000000000082E-05 ), #3454, 'distance_accuracy_value', 'NONE');
#5024 = AXIS2_PLACEMENT_3D ( 'NONE', #1371, #2000, #3992 ) ;
#5025 = CARTESIAN_POINT ( 'NONE',  ( 1.890000000000013447, 0.2999999999999999889, 1.135000000000000009 ) ) ;
#5026 = FILL_AREA_STYLE_COLOUR ( '', #1715 ) ;
#5027 = MECHANICAL_DESIGN_GEOMETRIC_PRESENTATION_REPRESENTATION (  '', ( #1531 ), #2836 ) ;
#5028 = LINE ( 'NONE', #1347, #6348 ) ;
#5029 = SURFACE_STYLE_FILL_AREA ( #1442 ) ;
#5030 =( NAMED_UNIT ( * ) PLANE_ANGLE_UNIT ( ) SI_UNIT ( $, .RADIAN. ) );
#5031 = PRESENTATION_LAYER_ASSIGNMENT (  '', '', ( #4717 ) ) ;
#5032 = UNCERTAINTY_MEASURE_WITH_UNIT (LENGTH_MEASURE( 1.000000000000000082E-05 ), #5984, 'distance_accuracy_value', 'NONE');
#5033 = DIRECTION ( 'NONE',  ( 1.264902534566421675E-16, 0.000000000000000000, 1.000000000000000000 ) ) ;
#5034 = ORIENTED_EDGE ( 'NONE', *, *, #5880, .T. ) ;
#5035 = ADVANCED_FACE ( 'NONE', ( #905 ), #4580, .T. ) ;
#5036 = LINE ( 'NONE', #3488, #1914 ) ;
#5037 = STYLED_ITEM ( 'NONE', ( #6404 ), #5423 ) ;
#5038 = CARTESIAN_POINT ( 'NONE',  ( -1.890000000000013891, 0.2999999999999999889, 1.134999999999999121 ) ) ;
#5039 = DIRECTION ( 'NONE',  ( -0.000000000000000000, -1.000000000000000000, -0.000000000000000000 ) ) ;
#5040 = FACE_OUTER_BOUND ( 'NONE', #3195, .T. ) ;
#5041 = FILL_AREA_STYLE_COLOUR ( '', #3528 ) ;
#5042 = ORIENTED_EDGE ( 'NONE', *, *, #1448, .T. ) ;
#5043 =( GEOMETRIC_REPRESENTATION_CONTEXT ( 3 ) GLOBAL_UNCERTAINTY_ASSIGNED_CONTEXT ( ( #3865 ) ) GLOBAL_UNIT_ASSIGNED_CONTEXT ( ( #3580, #1567, #1974 ) ) REPRESENTATION_CONTEXT ( 'NONE', 'WORKASPACE' ) );
#5044 = MECHANICAL_DESIGN_GEOMETRIC_PRESENTATION_REPRESENTATION (  '', ( #5590 ), #39 ) ;
#5045 = ORIENTED_EDGE ( 'NONE', *, *, #3404, .T. ) ;
#5046 = LINE ( 'NONE', #2430, #1475 ) ;
#5047 = CARTESIAN_POINT ( 'NONE',  ( 0.8500000000000001998, 0.7599999999999998979, -0.8500000000000000888 ) ) ;
#5048 = CARTESIAN_POINT ( 'NONE',  ( -0.7600000000000000089, 0.000000000000000000, 9.583083854271088363E-18 ) ) ;
#5049 = PRESENTATION_STYLE_ASSIGNMENT (( #5495 ) ) ;
#5050 = VECTOR ( 'NONE', #5443, 1000.000000000000000 ) ;
#5051 = PLANE ( 'NONE',  #2413 ) ;
#5052 =( GEOMETRIC_REPRESENTATION_CONTEXT ( 3 ) GLOBAL_UNCERTAINTY_ASSIGNED_CONTEXT ( ( #4628 ) ) GLOBAL_UNIT_ASSIGNED_CONTEXT ( ( #1116, #14, #4175 ) ) REPRESENTATION_CONTEXT ( 'NONE', 'WORKASPACE' ) );
#5053 = CARTESIAN_POINT ( 'NONE',  ( 2.390000000000013003, 0.2999999999999999889, 0.1249999999999998890 ) ) ;
#5054 = ORIENTED_EDGE ( 'NONE', *, *, #328, .T. ) ;
#5055 = ORIENTED_EDGE ( 'NONE', *, *, #3953, .T. ) ;
#5056 = EDGE_LOOP ( 'NONE', ( #6386, #1775, #6572, #3756 ) ) ;
#5057 = LINE ( 'NONE', #1895, #2032 ) ;
#5058 =( NAMED_UNIT ( * ) PLANE_ANGLE_UNIT ( ) SI_UNIT ( $, .RADIAN. ) );
#5059 =( LENGTH_UNIT ( ) NAMED_UNIT ( * ) SI_UNIT ( .MILLI., .METRE. ) );
#5060 = PRESENTATION_LAYER_ASSIGNMENT (  '', '', ( #6043 ) ) ;
#5061 = SURFACE_STYLE_USAGE ( .BOTH. , #1869 ) ;
#5062 = PRESENTATION_STYLE_ASSIGNMENT (( #4621 ) ) ;
#5063 = LINE ( 'NONE', #1937, #4346 ) ;
#5064 = DIRECTION ( 'NONE',  ( -1.000000000000000000, 0.000000000000000000, -0.000000000000000000 ) ) ;
#5065 =( NAMED_UNIT ( * ) PLANE_ANGLE_UNIT ( ) SI_UNIT ( $, .RADIAN. ) );
#5066 = EDGE_LOOP ( 'NONE', ( #1797, #4085, #4440, #5277 ) ) ;
#5067 = DIRECTION ( 'NONE',  ( -0.000000000000000000, -1.000000000000000000, -0.000000000000000000 ) ) ;
#5068 = CARTESIAN_POINT ( 'NONE',  ( -0.1000000000000003247, 0.5999999999999999778, -0.1000000000000000056 ) ) ;
#5069 = PLANE ( 'NONE',  #1268 ) ;
#5070 = SURFACE_STYLE_USAGE ( .BOTH. , #4045 ) ;
#5071 = PRESENTATION_STYLE_ASSIGNMENT (( #5586 ) ) ;
#5072 = FACE_OUTER_BOUND ( 'NONE', #784, .T. ) ;
#5073 = ORIENTED_EDGE ( 'NONE', *, *, #1403, .F. ) ;
#5074 = EDGE_CURVE ( 'NONE', #2948, #5267, #3199, .T. ) ;
#5075 = ORIENTED_EDGE ( 'NONE', *, *, #171, .F. ) ;
#5076 = COLOUR_RGB ( '',0.5019607843137254832, 0.5019607843137254832, 0.5019607843137254832 ) ;
#5077 = AXIS2_PLACEMENT_3D ( 'NONE', #793, #6543, #3920 ) ;
#5078 = DIRECTION ( 'NONE',  ( -0.000000000000000000, -0.000000000000000000, -1.000000000000000000 ) ) ;
#5079 = DIRECTION ( 'NONE',  ( 2.146934995020799746E-16, 0.000000000000000000, -1.000000000000000000 ) ) ;
#5080 = CARTESIAN_POINT ( 'NONE',  ( -1.890000000000039204, 0.000000000000000000, -1.385000000000001341 ) ) ;
#5081 = EDGE_CURVE ( 'NONE', #1988, #2468, #4272, .T. ) ;
#5082 = CARTESIAN_POINT ( 'NONE',  ( 1.890000000000000124, 0.2999999999999999889, 2.395000000000000018 ) ) ;
#5083 = ADVANCED_FACE ( 'NONE', ( #2584 ), #4788, .F. ) ;
#5084 = DIRECTION ( 'NONE',  ( 0.000000000000000000, -0.000000000000000000, 1.000000000000000000 ) ) ;
#5085 = MECHANICAL_DESIGN_GEOMETRIC_PRESENTATION_REPRESENTATION (  '', ( #1377 ), #1701 ) ;
#5086 = VERTEX_POINT ( 'NONE', #2682 ) ;
#5087 = EDGE_LOOP ( 'NONE', ( #6302, #2082, #3131, #1127 ) ) ;
#5088 = ORIENTED_EDGE ( 'NONE', *, *, #3022, .F. ) ;
#5089 = CARTESIAN_POINT ( 'NONE',  ( -1.389999999999999902, 0.2999999999999999889, 2.389999999999999680 ) ) ;
#5090 = PLANE ( 'NONE',  #351 ) ;
#5091 = STYLED_ITEM ( 'NONE', ( #6474 ), #4540 ) ;
#5092 = FACE_OUTER_BOUND ( 'NONE', #3517, .T. ) ;
#5093 =( GEOMETRIC_REPRESENTATION_CONTEXT ( 3 ) GLOBAL_UNCERTAINTY_ASSIGNED_CONTEXT ( ( #1680 ) ) GLOBAL_UNIT_ASSIGNED_CONTEXT ( ( #427, #4068, #493 ) ) REPRESENTATION_CONTEXT ( 'NONE', 'WORKASPACE' ) );
#5094 = SURFACE_STYLE_USAGE ( .BOTH. , #5640 ) ;
#5095 = PRESENTATION_STYLE_ASSIGNMENT (( #1474 ) ) ;
#5096 = STYLED_ITEM ( 'NONE', ( #1822 ), #674 ) ;
#5097 = FILL_AREA_STYLE_COLOUR ( '', #4614 ) ;
#5098 =( LENGTH_UNIT ( ) NAMED_UNIT ( * ) SI_UNIT ( .MILLI., .METRE. ) );
#5099 = CARTESIAN_POINT ( 'NONE',  ( 2.500000000000000000, 0.5999999999999999778, -2.500000000000000444 ) ) ;
#5100 = UNCERTAINTY_MEASURE_WITH_UNIT (LENGTH_MEASURE( 1.000000000000000082E-05 ), #315, 'distance_accuracy_value', 'NONE');
#5101 = PLANE ( 'NONE',  #1804 ) ;
#5102 = ORIENTED_EDGE ( 'NONE', *, *, #585, .F. ) ;
#5103 = ORIENTED_EDGE ( 'NONE', *, *, #1731, .F. ) ;
#5104 = COLOUR_RGB ( '',0.9686274509803921573, 0.8784313725490195957, 0.5999999999999999778 ) ;
#5105 = CARTESIAN_POINT ( 'NONE',  ( 0.1000000000000003247, 0.5999999999999999778, 0.09999999999999997780 ) ) ;
#5106 = DIRECTION ( 'NONE',  ( 0.000000000000000000, 0.000000000000000000, 1.000000000000000000 ) ) ;
#5107 = CARTESIAN_POINT ( 'NONE',  ( -1.890000000000000790, 0.2999999999999999889, 1.384999999999999121 ) ) ;
#5108 = SURFACE_STYLE_USAGE ( .BOTH. , #2946 ) ;
#5109 =( LENGTH_UNIT ( ) NAMED_UNIT ( * ) SI_UNIT ( .MILLI., .METRE. ) );
#5110 = DIRECTION ( 'NONE',  ( 1.000000000000000000, 0.000000000000000000, -3.614007241618348278E-16 ) ) ;
#5111 = VERTEX_POINT ( 'NONE', #3757 ) ;
#5112 = LINE ( 'NONE', #2892, #2795 ) ;
#5113 = ORIENTED_EDGE ( 'NONE', *, *, #1846, .F. ) ;
#5114 = MECHANICAL_DESIGN_GEOMETRIC_PRESENTATION_REPRESENTATION (  '', ( #658 ), #4796 ) ;
#5115 = CARTESIAN_POINT ( 'NONE',  ( -0.7600000000000000089, 0.000000000000000000, 9.583083854271088363E-18 ) ) ;
#5116 = DIRECTION ( 'NONE',  ( -1.000000000000000000, -0.000000000000000000, -0.000000000000000000 ) ) ;
#5117 = CARTESIAN_POINT ( 'NONE',  ( -1.890000000000013669, 0.2999999999999999889, 0.1249999999999990286 ) ) ;
#5118 = SURFACE_STYLE_FILL_AREA ( #4541 ) ;
#5119 =( NAMED_UNIT ( * ) PLANE_ANGLE_UNIT ( ) SI_UNIT ( $, .RADIAN. ) );
#5120 = PRESENTATION_LAYER_ASSIGNMENT (  '', '', ( #2054 ) ) ;
#5121 = EDGE_LOOP ( 'NONE', ( #27, #1809, #3645, #2439 ) ) ;
#5122 = MECHANICAL_DESIGN_GEOMETRIC_PRESENTATION_REPRESENTATION (  '', ( #3465 ), #548 ) ;
#5123 = EDGE_CURVE ( 'NONE', #399, #3971, #10, .T. ) ;
#5124 = EDGE_LOOP ( 'NONE', ( #1714, #588, #3783, #1719 ) ) ;
#5125 = ADVANCED_FACE ( 'NONE', ( #5772 ), #4167, .F. ) ;
#5126 = VERTEX_POINT ( 'NONE', #1559 ) ;
#5127 = CARTESIAN_POINT ( 'NONE',  ( -1.389999999999999902, 0.2999999999999999889, -0.6300000000000000044 ) ) ;
#5128 = ADVANCED_FACE ( 'NONE', ( #1036, #1068, #44, #3922, #1296 ), #3272, .T. ) ;
#5129 = VECTOR ( 'NONE', #4439, 1000.000000000000000 ) ;
#5130 = SURFACE_STYLE_FILL_AREA ( #6553 ) ;
#5131 = CARTESIAN_POINT ( 'NONE',  ( -0.8500000000000001998, 0.7599999999999998979, 0.8499999999999998668 ) ) ;
#5132 = FILL_AREA_STYLE ('',( #6733 ) ) ;
#5133 = VECTOR ( 'NONE', #3067, 1000.000000000000000 ) ;
#5134 = STYLED_ITEM ( 'NONE', ( #1571 ), #3611 ) ;
#5135 = EDGE_LOOP ( 'NONE', ( #6200, #2074, #2132, #6550 ) ) ;
#5136 = SURFACE_STYLE_FILL_AREA ( #2553 ) ;
#5137 = COLOUR_RGB ( '',0.9686274509803921573, 0.8784313725490195957, 0.5999999999999999778 ) ;
#5138 = SURFACE_SIDE_STYLE ('',( #627 ) ) ;
#5139 = SURFACE_SIDE_STYLE ('',( #976 ) ) ;
#5140 = FILL_AREA_STYLE ('',( #5644 ) ) ;
#5141 =( GEOMETRIC_REPRESENTATION_CONTEXT ( 3 ) GLOBAL_UNCERTAINTY_ASSIGNED_CONTEXT ( ( #4954 ) ) GLOBAL_UNIT_ASSIGNED_CONTEXT ( ( #4522, #6107, #6049 ) ) REPRESENTATION_CONTEXT ( 'NONE', 'WORKASPACE' ) );
#5142 = PRESENTATION_LAYER_ASSIGNMENT (  '', '', ( #5569 ) ) ;
#5143 = SURFACE_SIDE_STYLE ('',( #2941 ) ) ;
#5144 = VECTOR ( 'NONE', #3370, 1000.000000000000000 ) ;
#5145 = ORIENTED_EDGE ( 'NONE', *, *, #1977, .F. ) ;
#5146 = DIRECTION ( 'NONE',  ( -0.000000000000000000, -1.000000000000000000, -0.000000000000000000 ) ) ;
#5147 = CARTESIAN_POINT ( 'NONE',  ( -0.1000000000000003247, 0.5999999999999999778, -0.1000000000000000056 ) ) ;
#5148 = CARTESIAN_POINT ( 'NONE',  ( -0.8500000000000003109, 0.5999999999999999778, -0.1000000000000000056 ) ) ;
#5149 = DIRECTION ( 'NONE',  ( -1.000000000000000000, 0.000000000000000000, 0.000000000000000000 ) ) ;
#5150 = VECTOR ( 'NONE', #3640, 1000.000000000000000 ) ;
#5151 = FILL_AREA_STYLE ('',( #6637 ) ) ;
#5152 = ORIENTED_EDGE ( 'NONE', *, *, #5787, .F. ) ;
#5153 = VECTOR ( 'NONE', #1197, 1000.000000000000000 ) ;
#5154 = VERTEX_POINT ( 'NONE', #2887 ) ;
#5155 =( NAMED_UNIT ( * ) SI_UNIT ( $, .STERADIAN. ) SOLID_ANGLE_UNIT ( ) );
#5156 = DIRECTION ( 'NONE',  ( 2.349104707051926602E-16, 0.000000000000000000, 1.000000000000000000 ) ) ;
#5157 =( LENGTH_UNIT ( ) NAMED_UNIT ( * ) SI_UNIT ( .MILLI., .METRE. ) );
#5158 = CARTESIAN_POINT ( 'NONE',  ( -2.390000000000038760, 0.2999999999999999889, -1.385000000000001341 ) ) ;
#5159 = CARTESIAN_POINT ( 'NONE',  ( 1.389999999999998570, 0.2999999999999999889, 2.389999999999999680 ) ) ;
#5160 = SURFACE_STYLE_FILL_AREA ( #995 ) ;
#5161 = COLOUR_RGB ( '',0.5019607843137254832, 0.5019607843137254832, 0.5019607843137254832 ) ;
#5162 = PLANE ( 'NONE',  #862 ) ;
#5163 = ORIENTED_EDGE ( 'NONE', *, *, #4339, .T. ) ;
#5164 = ORIENTED_EDGE ( 'NONE', *, *, #496, .F. ) ;
#5165 = ORIENTED_EDGE ( 'NONE', *, *, #3556, .T. ) ;
#5166 = PRESENTATION_LAYER_ASSIGNMENT (  '', '', ( #1343 ) ) ;
#5167 = LINE ( 'NONE', #1968, #223 ) ;
#5168 = ADVANCED_FACE ( 'NONE', ( #2783 ), #1800, .T. ) ;
#5169 = SURFACE_SIDE_STYLE ('',( #2477 ) ) ;
#5170 = EDGE_CURVE ( 'NONE', #1421, #4114, #2245, .T. ) ;
#5171 = VECTOR ( 'NONE', #5997, 1000.000000000000000 ) ;
#5172 = EDGE_CURVE ( 'NONE', #5722, #3944, #2276, .T. ) ;
#5173 = EDGE_CURVE ( 'NONE', #5268, #5194, #6415, .T. ) ;
#5174 = DIRECTION ( 'NONE',  ( 1.445602896647340149E-16, -0.000000000000000000, 1.000000000000000000 ) ) ;
#5175 = FACE_OUTER_BOUND ( 'NONE', #5186, .T. ) ;
#5176 = PRESENTATION_LAYER_ASSIGNMENT (  '', '', ( #2001 ) ) ;
#5177 = ADVANCED_FACE ( 'NONE', ( #1703 ), #5374, .F. ) ;
#5178 = COLOUR_RGB ( '',1.000000000000000000, 0.1686274509803921684, 0.1686274509803921684 ) ;
#5179 = UNCERTAINTY_MEASURE_WITH_UNIT (LENGTH_MEASURE( 1.000000000000000082E-05 ), #4382, 'distance_accuracy_value', 'NONE');
#5180 = CARTESIAN_POINT ( 'NONE',  ( -1.890000000000026326, 0.000000000000000000, -0.1250000000000009714 ) ) ;
#5181 = ORIENTED_EDGE ( 'NONE', *, *, #5753, .F. ) ;
#5182 =( LENGTH_UNIT ( ) NAMED_UNIT ( * ) SI_UNIT ( .MILLI., .METRE. ) );
#5183 =( NAMED_UNIT ( * ) SI_UNIT ( $, .STERADIAN. ) SOLID_ANGLE_UNIT ( ) );
#5184 = CARTESIAN_POINT ( 'NONE',  ( 1.890000000000039648, 0.000000000000000000, -1.385000000000000453 ) ) ;
#5185 = DIRECTION ( 'NONE',  ( 0.000000000000000000, 0.000000000000000000, 1.000000000000000000 ) ) ;
#5186 = EDGE_LOOP ( 'NONE', ( #1302, #3019, #4480, #5672 ) ) ;
#5187 = LINE ( 'NONE', #4145, #5212 ) ;
#5188 = VERTEX_POINT ( 'NONE', #5117 ) ;
#5189 = DIRECTION ( 'NONE',  ( -1.000000000000000000, 0.000000000000000000, -2.146934995020800486E-16 ) ) ;
#5190 = FACE_OUTER_BOUND ( 'NONE', #1208, .T. ) ;
#5191 = LINE ( 'NONE', #5159, #3755 ) ;
#5192 = FACE_BOUND ( 'NONE', #334, .T. ) ;
#5193 = FILL_AREA_STYLE_COLOUR ( '', #2481 ) ;
#5194 = VERTEX_POINT ( 'NONE', #5048 ) ;
#5195 = VERTEX_POINT ( 'NONE', #3048 ) ;
#5196 = MECHANICAL_DESIGN_GEOMETRIC_PRESENTATION_REPRESENTATION (  '', ( #3212 ), #6595 ) ;
#5197 = VERTEX_POINT ( 'NONE', #5013 ) ;
#5198 = DIRECTION ( 'NONE',  ( -2.146934995020800486E-16, 0.000000000000000000, 1.000000000000000000 ) ) ;
#5199 = PRESENTATION_LAYER_ASSIGNMENT (  '', '', ( #1050 ) ) ;
#5200 = DIRECTION ( 'NONE',  ( -2.146934995020800486E-16, 0.000000000000000000, 1.000000000000000000 ) ) ;
#5201 =( GEOMETRIC_REPRESENTATION_CONTEXT ( 3 ) GLOBAL_UNCERTAINTY_ASSIGNED_CONTEXT ( ( #873 ) ) GLOBAL_UNIT_ASSIGNED_CONTEXT ( ( #209, #6479, #4343 ) ) REPRESENTATION_CONTEXT ( 'NONE', 'WORKASPACE' ) );
#5202 = VERTEX_POINT ( 'NONE', #383 ) ;
#5203 = DIRECTION ( 'NONE',  ( 2.146934995020800733E-16, 0.000000000000000000, -1.000000000000000000 ) ) ;
#5204 = LINE ( 'NONE', #4689, #6027 ) ;
#5205 = COLOUR_RGB ( '',1.000000000000000000, 1.000000000000000000, 0.000000000000000000 ) ;
#5206 = EDGE_CURVE ( 'NONE', #270, #1421, #1364, .T. ) ;
#5207 = SURFACE_STYLE_FILL_AREA ( #5140 ) ;
#5208 = DIRECTION ( 'NONE',  ( 1.000000000000000000, 0.000000000000000000, 0.000000000000000000 ) ) ;
#5209 = VECTOR ( 'NONE', #5856, 1000.000000000000000 ) ;
#5210 = ORIENTED_EDGE ( 'NONE', *, *, #3606, .F. ) ;
#5211 = EDGE_CURVE ( 'NONE', #4291, #3555, #2922, .T. ) ;
#5212 = VECTOR ( 'NONE', #1544, 1000.000000000000000 ) ;
#5213 = SURFACE_STYLE_FILL_AREA ( #3073 ) ;
#5214 = EDGE_CURVE ( 'NONE', #5741, #5531, #6133, .T. ) ;
#5215 = ADVANCED_FACE ( 'NONE', ( #413 ), #6172, .F. ) ;
#5216 = DIRECTION ( 'NONE',  ( -1.000000000000000000, 0.000000000000000000, -0.000000000000000000 ) ) ;
#5217 = FILL_AREA_STYLE ('',( #1089 ) ) ;
#5218 =( NAMED_UNIT ( * ) PLANE_ANGLE_UNIT ( ) SI_UNIT ( $, .RADIAN. ) );
#5219 = ORIENTED_EDGE ( 'NONE', *, *, #4377, .F. ) ;
#5220 = VECTOR ( 'NONE', #6205, 1000.000000000000000 ) ;
#5221 = SURFACE_STYLE_FILL_AREA ( #4738 ) ;
#5222 = EDGE_LOOP ( 'NONE', ( #4578, #2056, #3928, #4276 ) ) ;
#5223 = DIRECTION ( 'NONE',  ( 0.000000000000000000, -0.000000000000000000, 1.000000000000000000 ) ) ;
#5224 = FILL_AREA_STYLE_COLOUR ( '', #2250 ) ;
#5225 = DIRECTION ( 'NONE',  ( -1.445602896647339163E-16, 0.000000000000000000, -1.000000000000000000 ) ) ;
#5226 = DIRECTION ( 'NONE',  ( 1.000000000000000000, 0.000000000000000000, 0.000000000000000000 ) ) ;
#5227 = MECHANICAL_DESIGN_GEOMETRIC_PRESENTATION_REPRESENTATION (  '', ( #3250 ), #4996 ) ;
#5228 = ORIENTED_EDGE ( 'NONE', *, *, #4946, .F. ) ;
#5229 = ORIENTED_EDGE ( 'NONE', *, *, #5211, .F. ) ;
#5230 = VERTEX_POINT ( 'NONE', #4482 ) ;
#5231 = DIRECTION ( 'NONE',  ( -1.000000000000000000, 0.000000000000000000, 0.000000000000000000 ) ) ;
#5232 =( GEOMETRIC_REPRESENTATION_CONTEXT ( 3 ) GLOBAL_UNCERTAINTY_ASSIGNED_CONTEXT ( ( #5721 ) ) GLOBAL_UNIT_ASSIGNED_CONTEXT ( ( #5098, #4176, #1078 ) ) REPRESENTATION_CONTEXT ( 'NONE', 'WORKASPACE' ) );
#5233 = SURFACE_STYLE_USAGE ( .BOTH. , #4308 ) ;
#5234 = SURFACE_STYLE_USAGE ( .BOTH. , #1561 ) ;
#5235 = AXIS2_PLACEMENT_3D ( 'NONE', #257, #3378, #2325 ) ;
#5236 = DIRECTION ( 'NONE',  ( 0.000000000000000000, 0.000000000000000000, 1.000000000000000000 ) ) ;
#5237 = ORIENTED_EDGE ( 'NONE', *, *, #3289, .T. ) ;
#5238 = ORIENTED_EDGE ( 'NONE', *, *, #339, .F. ) ;
#5239 =( GEOMETRIC_REPRESENTATION_CONTEXT ( 3 ) GLOBAL_UNCERTAINTY_ASSIGNED_CONTEXT ( ( #5445 ) ) GLOBAL_UNIT_ASSIGNED_CONTEXT ( ( #3687, #6308, #3760 ) ) REPRESENTATION_CONTEXT ( 'NONE', 'WORKASPACE' ) );
#5240 = CARTESIAN_POINT ( 'NONE',  ( 1.890000000000013669, 0.2999999999999999889, 0.1249999999999998890 ) ) ;
#5241 =( LENGTH_UNIT ( ) NAMED_UNIT ( * ) SI_UNIT ( .MILLI., .METRE. ) );
#5242 = SURFACE_STYLE_USAGE ( .BOTH. , #4625 ) ;
#5243 = CARTESIAN_POINT ( 'NONE',  ( -0.1000000000000002137, 0.5999999999999999778, 0.8500000000000000888 ) ) ;
#5244 = STYLED_ITEM ( 'NONE', ( #6593 ), #2977 ) ;
#5245 = STYLED_ITEM ( 'NONE', ( #6227 ), #3754 ) ;
#5246 = UNCERTAINTY_MEASURE_WITH_UNIT (LENGTH_MEASURE( 1.000000000000000082E-05 ), #1404, 'distance_accuracy_value', 'NONE');
#5247 = ORIENTED_EDGE ( 'NONE', *, *, #5707, .T. ) ;
#5248 = SURFACE_STYLE_USAGE ( .BOTH. , #6670 ) ;
#5249 = LINE ( 'NONE', #2663, #1970 ) ;
#5250 = FACE_OUTER_BOUND ( 'NONE', #926, .T. ) ;
#5251 = STYLED_ITEM ( 'NONE', ( #6486 ), #4912 ) ;
#5252 = EDGE_LOOP ( 'NONE', ( #2109, #916, #1663, #3034 ) ) ;
#5253 = ADVANCED_FACE ( 'NONE', ( #1493 ), #3958, .T. ) ;
#5254 = VECTOR ( 'NONE', #1396, 1000.000000000000000 ) ;
#5255 = EDGE_CURVE ( 'NONE', #5727, #4748, #2135, .T. ) ;
#5256 = CARTESIAN_POINT ( 'NONE',  ( -2.390000000000001013, 0.2999999999999999889, 1.384999999999999121 ) ) ;
#5257 = ADVANCED_FACE ( 'NONE', ( #6261 ), #5762, .F. ) ;
#5258 = ORIENTED_EDGE ( 'NONE', *, *, #459, .F. ) ;
#5259 = SURFACE_STYLE_FILL_AREA ( #6641 ) ;
#5260 =( LENGTH_UNIT ( ) NAMED_UNIT ( * ) SI_UNIT ( .MILLI., .METRE. ) );
#5261 = DIRECTION ( 'NONE',  ( 1.000000000000000000, 0.000000000000000000, 0.000000000000000000 ) ) ;
#5262 = DIRECTION ( 'NONE',  ( 0.000000000000000000, 0.000000000000000000, 1.000000000000000000 ) ) ;
#5263 = COLOUR_RGB ( '',1.000000000000000000, 0.1686274509803921684, 0.1686274509803921684 ) ;
#5264 = FILL_AREA_STYLE_COLOUR ( '', #5831 ) ;
#5265 = DIRECTION ( 'NONE',  ( -1.000000000000000000, -0.000000000000000000, -0.000000000000000000 ) ) ;
#5266 = VECTOR ( 'NONE', #1162, 1000.000000000000000 ) ;
#5267 = VERTEX_POINT ( 'NONE', #1099 ) ;
#5268 = VERTEX_POINT ( 'NONE', #2672 ) ;
#5269 = ORIENTED_EDGE ( 'NONE', *, *, #3403, .T. ) ;
#5270 =( NAMED_UNIT ( * ) SI_UNIT ( $, .STERADIAN. ) SOLID_ANGLE_UNIT ( ) );
#5271 = PRESENTATION_STYLE_ASSIGNMENT (( #1625 ) ) ;
#5272 = DIRECTION ( 'NONE',  ( 1.000000000000000000, -0.000000000000000000, -0.000000000000000000 ) ) ;
#5273 = FACE_OUTER_BOUND ( 'NONE', #767, .T. ) ;
#5274 = SURFACE_SIDE_STYLE ('',( #2619 ) ) ;
#5275 = VECTOR ( 'NONE', #6699, 1000.000000000000000 ) ;
#5276 = ORIENTED_EDGE ( 'NONE', *, *, #4168, .F. ) ;
#5277 = ORIENTED_EDGE ( 'NONE', *, *, #5869, .T. ) ;
#5278 =( GEOMETRIC_REPRESENTATION_CONTEXT ( 3 ) GLOBAL_UNCERTAINTY_ASSIGNED_CONTEXT ( ( #746 ) ) GLOBAL_UNIT_ASSIGNED_CONTEXT ( ( #5953, #2903, #3939 ) ) REPRESENTATION_CONTEXT ( 'NONE', 'WORKASPACE' ) );
#5279 = FILL_AREA_STYLE ('',( #3093 ) ) ;
#5280 = PLANE ( 'NONE',  #3485 ) ;
#5281 = SURFACE_STYLE_FILL_AREA ( #2793 ) ;
#5282 = PRESENTATION_STYLE_ASSIGNMENT (( #5385 ) ) ;
#5283 = STYLED_ITEM ( 'NONE', ( #6317 ), #5921 ) ;
#5284 =( NAMED_UNIT ( * ) SI_UNIT ( $, .STERADIAN. ) SOLID_ANGLE_UNIT ( ) );
#5285 = COLOUR_RGB ( '',0.5019607843137254832, 0.5019607843137254832, 0.5019607843137254832 ) ;
#5286 = ORIENTED_EDGE ( 'NONE', *, *, #6286, .F. ) ;
#5287 = PLANE ( 'NONE',  #6399 ) ;
#5288 = LINE ( 'NONE', #4895, #3707 ) ;
#5289 = CARTESIAN_POINT ( 'NONE',  ( 0.8500000000000003109, 0.7599999999999998979, 0.09999999999999970024 ) ) ;
#5290 = CARTESIAN_POINT ( 'NONE',  ( 0.1000000000000002970, 0.7599999999999998979, -0.1000000000000000056 ) ) ;
#5291 = SURFACE_SIDE_STYLE ('',( #474 ) ) ;
#5292 = VECTOR ( 'NONE', #3601, 1000.000000000000000 ) ;
#5293 = ORIENTED_EDGE ( 'NONE', *, *, #3320, .F. ) ;
#5294 = CARTESIAN_POINT ( 'NONE',  ( -1.389999999999999902, 0.000000000000000000, 2.389999999999999680 ) ) ;
#5295 = VERTEX_POINT ( 'NONE', #4642 ) ;
#5296 = PRESENTATION_STYLE_ASSIGNMENT (( #4674 ) ) ;
#5297 = SURFACE_STYLE_FILL_AREA ( #2062 ) ;
#5298 = FILL_AREA_STYLE_COLOUR ( '', #2622 ) ;
#5299 = FACE_OUTER_BOUND ( 'NONE', #1997, .T. ) ;
#5300 = FILL_AREA_STYLE_COLOUR ( '', #5717 ) ;
#5301 = FACE_BOUND ( 'NONE', #1998, .T. ) ;
#5302 = EDGE_CURVE ( 'NONE', #5770, #2283, #3190, .T. ) ;
#5303 = CARTESIAN_POINT ( 'NONE',  ( -0.1000000000000001582, 0.7599999999999984546, 0.8500000000000000888 ) ) ;
#5304 = PRESENTATION_LAYER_ASSIGNMENT (  '', '', ( #1669 ) ) ;
#5305 = ORIENTED_EDGE ( 'NONE', *, *, #6619, .F. ) ;
#5306 = ORIENTED_EDGE ( 'NONE', *, *, #6488, .T. ) ;
#5307 = FILL_AREA_STYLE_COLOUR ( '', #1171 ) ;
#5308 = EDGE_CURVE ( 'NONE', #1480, #1035, #3118, .T. ) ;
#5309 = DIRECTION ( 'NONE',  ( -0.000000000000000000, -1.000000000000000000, -0.000000000000000000 ) ) ;
#5310 = DIRECTION ( 'NONE',  ( 0.000000000000000000, -0.000000000000000000, 1.000000000000000000 ) ) ;
#5311 = ADVANCED_FACE ( 'NONE', ( #5190 ), #511, .T. ) ;
#5312 = SURFACE_STYLE_FILL_AREA ( #1206 ) ;
#5313 = UNCERTAINTY_MEASURE_WITH_UNIT (LENGTH_MEASURE( 1.000000000000000082E-05 ), #3552, 'distance_accuracy_value', 'NONE');
#5314 = ORIENTED_EDGE ( 'NONE', *, *, #4030, .T. ) ;
#5315 = CARTESIAN_POINT ( 'NONE',  ( 2.390000000000026770, 0.2999999999999999889, -1.135000000000000231 ) ) ;
#5316 =( GEOMETRIC_REPRESENTATION_CONTEXT ( 3 ) GLOBAL_UNCERTAINTY_ASSIGNED_CONTEXT ( ( #5396 ) ) GLOBAL_UNIT_ASSIGNED_CONTEXT ( ( #5059, #5633, #2002 ) ) REPRESENTATION_CONTEXT ( 'NONE', 'WORKASPACE' ) );
#5317 = LINE ( 'NONE', #86, #4263 ) ;
#5318 = CLOSED_SHELL ( 'NONE', ( #375, #5839, #1045, #1518, #4994, #1370, #4247, #288, #2196 ) ) ;
#5319 = CARTESIAN_POINT ( 'NONE',  ( -2.390000000000038760, 0.2999999999999999889, -2.395000000000000462 ) ) ;
#5320 = UNCERTAINTY_MEASURE_WITH_UNIT (LENGTH_MEASURE( 1.000000000000000082E-05 ), #1062, 'distance_accuracy_value', 'NONE');
#5321 = AXIS2_PLACEMENT_3D ( 'NONE', #1558, #4721, #2681 ) ;
#5322 = EDGE_LOOP ( 'NONE', ( #3680, #4485, #6604, #6542 ) ) ;
#5323 = CARTESIAN_POINT ( 'NONE',  ( -2.390000000000001013, 0.2999999999999999889, 2.394999999999999130 ) ) ;
#5324 = FILL_AREA_STYLE ('',( #3838 ) ) ;
#5325 = MECHANICAL_DESIGN_GEOMETRIC_PRESENTATION_REPRESENTATION (  '', ( #4451 ), #304 ) ;
#5326 = EDGE_LOOP ( 'NONE', ( #6270, #6253, #2497, #3390 ) ) ;
#5327 = DIRECTION ( 'NONE',  ( 0.000000000000000000, 0.000000000000000000, -1.000000000000000000 ) ) ;
#5328 = ORIENTED_EDGE ( 'NONE', *, *, #3991, .F. ) ;
#5329 = FACE_OUTER_BOUND ( 'NONE', #169, .T. ) ;
#5330 = CARTESIAN_POINT ( 'NONE',  ( 0.1000000000000002137, 0.5999999999999999778, -0.8500000000000000888 ) ) ;
#5331 = DIRECTION ( 'NONE',  ( 1.000000000000000000, 0.000000000000000000, 0.000000000000000000 ) ) ;
#5332 = SURFACE_SIDE_STYLE ('',( #4156 ) ) ;
#5333 = LINE ( 'NONE', #2609, #1551 ) ;
#5334 =( GEOMETRIC_REPRESENTATION_CONTEXT ( 3 ) GLOBAL_UNCERTAINTY_ASSIGNED_CONTEXT ( ( #883 ) ) GLOBAL_UNIT_ASSIGNED_CONTEXT ( ( #965, #6176, #6725 ) ) REPRESENTATION_CONTEXT ( 'NONE', 'WORKASPACE' ) );
#5335 = DIRECTION ( 'NONE',  ( -2.721846458122605600E-16, -0.000000000000000000, 1.000000000000000000 ) ) ;
#5336 = COLOUR_RGB ( '',0.5019607843137254832, 0.5019607843137254832, 0.5019607843137254832 ) ;
#5337 = ORIENTED_EDGE ( 'NONE', *, *, #3742, .F. ) ;
#5338 = ORIENTED_EDGE ( 'NONE', *, *, #5754, .F. ) ;
#5339 = DIRECTION ( 'NONE',  ( 1.000000000000000000, 0.000000000000000000, -2.891205793294678819E-16 ) ) ;
#5340 = CARTESIAN_POINT ( 'NONE',  ( -1.890000000000026326, 0.2999999999999999889, -0.1250000000000009714 ) ) ;
#5341 = PLANE ( 'NONE',  #3618 ) ;
#5342 = VECTOR ( 'NONE', #6375, 1000.000000000000000 ) ;
#5343 =( NAMED_UNIT ( * ) SI_UNIT ( $, .STERADIAN. ) SOLID_ANGLE_UNIT ( ) );
#5344 = MECHANICAL_DESIGN_GEOMETRIC_PRESENTATION_REPRESENTATION (  '', ( #1612 ), #6747 ) ;
#5345 = ADVANCED_FACE ( 'NONE', ( #5995 ), #3778, .T. ) ;
#5346 = EDGE_LOOP ( 'NONE', ( #4311, #2614, #6240, #4739 ) ) ;
#5347 = EDGE_CURVE ( 'NONE', #4899, #4831, #3815, .T. ) ;
#5348 =( GEOMETRIC_REPRESENTATION_CONTEXT ( 3 ) GLOBAL_UNCERTAINTY_ASSIGNED_CONTEXT ( ( #3102 ) ) GLOBAL_UNIT_ASSIGNED_CONTEXT ( ( #2737, #3807, #5927 ) ) REPRESENTATION_CONTEXT ( 'NONE', 'WORKASPACE' ) );
#5349 = CARTESIAN_POINT ( 'NONE',  ( 1.389999999999999902, 0.000000000000000000, -2.390000000000000124 ) ) ;
#5350 = FILL_AREA_STYLE_COLOUR ( '', #3277 ) ;
#5351 = STYLED_ITEM ( 'NONE', ( #6429 ), #2357 ) ;
#5352 =( LENGTH_UNIT ( ) NAMED_UNIT ( * ) SI_UNIT ( .MILLI., .METRE. ) );
#5353 = MECHANICAL_DESIGN_GEOMETRIC_PRESENTATION_REPRESENTATION (  '', ( #2274 ), #3139 ) ;
#5354 = PLANE ( 'NONE',  #6547 ) ;
#5355 = ORIENTED_EDGE ( 'NONE', *, *, #833, .T. ) ;
#5356 = DIRECTION ( 'NONE',  ( -2.721846458122605600E-16, -0.000000000000000000, 1.000000000000000000 ) ) ;
#5357 = FACE_OUTER_BOUND ( 'NONE', #74, .T. ) ;
#5358 = SURFACE_SIDE_STYLE ('',( #5957 ) ) ;
#5359 = VECTOR ( 'NONE', #2643, 1000.000000000000000 ) ;
#5360 = ORIENTED_EDGE ( 'NONE', *, *, #2770, .F. ) ;
#5361 = SURFACE_STYLE_USAGE ( .BOTH. , #1195 ) ;
#5362 = CARTESIAN_POINT ( 'NONE',  ( -1.890000000000000790, 0.2999999999999999889, 1.384999999999999121 ) ) ;
#5363 = LINE ( 'NONE', #174, #5153 ) ;
#5364 = LINE ( 'NONE', #2337, #5542 ) ;
#5365 = VECTOR ( 'NONE', #3814, 1000.000000000000000 ) ;
#5366 =( LENGTH_UNIT ( ) NAMED_UNIT ( * ) SI_UNIT ( .MILLI., .METRE. ) );
#5367 = FILL_AREA_STYLE_COLOUR ( '', #2528 ) ;
#5368 = VECTOR ( 'NONE', #4398, 1000.000000000000000 ) ;
#5369 = DIRECTION ( 'NONE',  ( 0.000000000000000000, -1.000000000000000000, 0.000000000000000000 ) ) ;
#5370 = ORIENTED_EDGE ( 'NONE', *, *, #4703, .F. ) ;
#5371 = MECHANICAL_DESIGN_GEOMETRIC_PRESENTATION_REPRESENTATION (  '', ( #3046 ), #4268 ) ;
#5372 = COLOUR_RGB ( '',0.5019607843137254832, 0.5019607843137254832, 0.5019607843137254832 ) ;
#5373 = SURFACE_STYLE_FILL_AREA ( #3786 ) ;
#5374 = PLANE ( 'NONE',  #4830 ) ;
#5375 = CARTESIAN_POINT ( 'NONE',  ( -1.890000000000013669, 0.2999999999999999889, 0.1249999999999990286 ) ) ;
#5376 = AXIS2_PLACEMENT_3D ( 'NONE', #3888, #210, #2853 ) ;
#5377 = FILL_AREA_STYLE ('',( #3761 ) ) ;
#5378 = UNCERTAINTY_MEASURE_WITH_UNIT (LENGTH_MEASURE( 1.000000000000000082E-05 ), #3157, 'distance_accuracy_value', 'NONE');
#5379 = ORIENTED_EDGE ( 'NONE', *, *, #4464, .F. ) ;
#5380 = CARTESIAN_POINT ( 'NONE',  ( 1.890000000000000124, 0.2999999999999999889, 2.395000000000000018 ) ) ;
#5381 = DIRECTION ( 'NONE',  ( -0.000000000000000000, -0.000000000000000000, 1.000000000000000000 ) ) ;
#5382 = PLANE ( 'NONE',  #1752 ) ;
#5383 = EDGE_CURVE ( 'NONE', #4453, #4536, #4848, .T. ) ;
#5384 = FILL_AREA_STYLE ('',( #4834 ) ) ;
#5385 = SURFACE_STYLE_USAGE ( .BOTH. , #3176 ) ;
#5386 = FACE_OUTER_BOUND ( 'NONE', #5124, .T. ) ;
#5387 = MECHANICAL_DESIGN_GEOMETRIC_PRESENTATION_REPRESENTATION (  '', ( #697 ), #5043 ) ;
#5388 = UNCERTAINTY_MEASURE_WITH_UNIT (LENGTH_MEASURE( 1.000000000000000082E-05 ), #6067, 'distance_accuracy_value', 'NONE');
#5389 = VERTEX_POINT ( 'NONE', #786 ) ;
#5390 = AXIS2_PLACEMENT_3D ( 'NONE', #705, #4887, #1747 ) ;
#5391 = LINE ( 'NONE', #3768, #5209 ) ;
#5392 = FILL_AREA_STYLE_COLOUR ( '', #4892 ) ;
#5393 = LINE ( 'NONE', #743, #229 ) ;
#5394 = ADVANCED_FACE ( 'NONE', ( #5864 ), #2235, .T. ) ;
#5395 = VERTEX_POINT ( 'NONE', #2267 ) ;
#5396 = UNCERTAINTY_MEASURE_WITH_UNIT (LENGTH_MEASURE( 1.000000000000000082E-05 ), #5059, 'distance_accuracy_value', 'NONE');
#5397 = VECTOR ( 'NONE', #5456, 1000.000000000000114 ) ;
#5398 = PLANE ( 'NONE',  #5414 ) ;
#5399 = ORIENTED_EDGE ( 'NONE', *, *, #6118, .T. ) ;
#5400 = CARTESIAN_POINT ( 'NONE',  ( -2.767701766073018036E-16, 0.7600000000000002309, 2.259999999999999787 ) ) ;
#5401 = CARTESIAN_POINT ( 'NONE',  ( -1.389999999999999902, 0.2999999999999999889, -2.390000000000000568 ) ) ;
#5402 = FILL_AREA_STYLE_COLOUR ( '', #867 ) ;
#5403 = DIRECTION ( 'NONE',  ( -1.000000000000000000, 0.000000000000000000, 3.614007241618347785E-16 ) ) ;
#5404 = EDGE_LOOP ( 'NONE', ( #5870, #981, #1686, #4267 ) ) ;
#5405 = EDGE_LOOP ( 'NONE', ( #1591, #5942, #365, #3417 ) ) ;
#5406 = FILL_AREA_STYLE_COLOUR ( '', #2297 ) ;
#5407 = PRESENTATION_STYLE_ASSIGNMENT (( #2751 ) ) ;
#5408 = FILL_AREA_STYLE ('',( #796 ) ) ;
#5409 = ORIENTED_EDGE ( 'NONE', *, *, #1175, .F. ) ;
#5410 = SURFACE_STYLE_USAGE ( .BOTH. , #3930 ) ;
#5411 = DIRECTION ( 'NONE',  ( 0.000000000000000000, -0.000000000000000000, 1.000000000000000000 ) ) ;
#5412 = CARTESIAN_POINT ( 'NONE',  ( -1.890000000000026326, 0.2999999999999999889, -0.1250000000000009714 ) ) ;
#5413 =( NAMED_UNIT ( * ) PLANE_ANGLE_UNIT ( ) SI_UNIT ( $, .RADIAN. ) );
#5414 = AXIS2_PLACEMENT_3D ( 'NONE', #4002, #3515, #5033 ) ;
#5415 = EDGE_LOOP ( 'NONE', ( #7, #4855, #6649, #5355 ) ) ;
#5416 = PRESENTATION_STYLE_ASSIGNMENT (( #5951 ) ) ;
#5417 = MECHANICAL_DESIGN_GEOMETRIC_PRESENTATION_REPRESENTATION (  '', ( #4757 ), #4091 ) ;
#5418 = LINE ( 'NONE', #6467, #1111 ) ;
#5419 = EDGE_CURVE ( 'NONE', #4500, #4387, #5363, .T. ) ;
#5420 = CARTESIAN_POINT ( 'NONE',  ( 2.500000000000000000, 0.000000000000000000, -2.500000000000000444 ) ) ;
#5421 = ORIENTED_EDGE ( 'NONE', *, *, #2771, .F. ) ;
#5422 = EDGE_CURVE ( 'NONE', #1554, #3041, #4933, .T. ) ;
#5423 = ADVANCED_FACE ( 'NONE', ( #3264 ), #2304, .T. ) ;
#5424 = LINE ( 'NONE', #1761, #4209 ) ;
#5425 = CARTESIAN_POINT ( 'NONE',  ( -2.390000000000001013, 0.2999999999999999889, 2.394999999999999130 ) ) ;
#5426 =( LENGTH_UNIT ( ) NAMED_UNIT ( * ) SI_UNIT ( .MILLI., .METRE. ) );
#5427 = DIRECTION ( 'NONE',  ( -1.224646799147353207E-16, 0.000000000000000000, 1.000000000000000000 ) ) ;
#5428 = DIRECTION ( 'NONE',  ( -8.673617379884033007E-17, 0.000000000000000000, -1.000000000000000000 ) ) ;
#5429 =( LENGTH_UNIT ( ) NAMED_UNIT ( * ) SI_UNIT ( .MILLI., .METRE. ) );
#5430 = FILL_AREA_STYLE_COLOUR ( '', #6358 ) ;
#5431 = ORIENTED_EDGE ( 'NONE', *, *, #1245, .F. ) ;
#5432 = EDGE_LOOP ( 'NONE', ( #2486, #3608, #1222, #5452 ) ) ;
#5433 = PLANE ( 'NONE',  #5649 ) ;
#5434 = DIRECTION ( 'NONE',  ( 0.000000000000000000, 0.000000000000000000, -1.000000000000000000 ) ) ;
#5435 = SURFACE_STYLE_USAGE ( .BOTH. , #4603 ) ;
#5436 =( NAMED_UNIT ( * ) PLANE_ANGLE_UNIT ( ) SI_UNIT ( $, .RADIAN. ) );
#5437 = UNCERTAINTY_MEASURE_WITH_UNIT (LENGTH_MEASURE( 1.000000000000000082E-05 ), #6194, 'distance_accuracy_value', 'NONE');
#5438 = ORIENTED_EDGE ( 'NONE', *, *, #5661, .T. ) ;
#5439 = COLOUR_RGB ( '',0.9686274509803921573, 0.8784313725490195957, 0.5999999999999999778 ) ;
#5440 = DIRECTION ( 'NONE',  ( -1.000000000000000000, 0.000000000000000000, -2.146934995020800486E-16 ) ) ;
#5441 = SURFACE_SIDE_STYLE ('',( #2757 ) ) ;
#5442 = LINE ( 'NONE', #2827, #1852 ) ;
#5443 = DIRECTION ( 'NONE',  ( -0.000000000000000000, -1.000000000000000000, -0.000000000000000000 ) ) ;
#5444 = PRESENTATION_STYLE_ASSIGNMENT (( #3863 ) ) ;
#5445 = UNCERTAINTY_MEASURE_WITH_UNIT (LENGTH_MEASURE( 1.000000000000000082E-05 ), #3687, 'distance_accuracy_value', 'NONE');
#5446 = AXIS2_PLACEMENT_3D ( 'NONE', #1536, #6282, #3623 ) ;
#5447 = ORIENTED_EDGE ( 'NONE', *, *, #6658, .T. ) ;
#5448 = PRESENTATION_STYLE_ASSIGNMENT (( #5540 ) ) ;
#5449 = SURFACE_STYLE_FILL_AREA ( #3323 ) ;
#5450 =( NAMED_UNIT ( * ) PLANE_ANGLE_UNIT ( ) SI_UNIT ( $, .RADIAN. ) );
#5451 = VECTOR ( 'NONE', #1113, 1000.000000000000000 ) ;
#5452 = ORIENTED_EDGE ( 'NONE', *, *, #2114, .T. ) ;
#5453 = MECHANICAL_DESIGN_GEOMETRIC_PRESENTATION_REPRESENTATION (  '', ( #1412 ), #6313 ) ;
#5454 = DIRECTION ( 'NONE',  ( -1.000000000000000000, 0.000000000000000000, 1.445602896647339163E-16 ) ) ;
#5455 = CARTESIAN_POINT ( 'NONE',  ( 2.390000000000039648, 0.2999999999999999889, -1.385000000000000453 ) ) ;
#5456 = DIRECTION ( 'NONE',  ( 0.7071067811865474617, -0.000000000000000000, -0.7071067811865474617 ) ) ;
#5457 = EDGE_CURVE ( 'NONE', #4576, #2986, #799, .T. ) ;
#5458 = EDGE_CURVE ( 'NONE', #2510, #5230, #273, .T. ) ;
#5459 = STYLED_ITEM ( 'NONE', ( #6712 ), #2765 ) ;
#5460 = VERTEX_POINT ( 'NONE', #3915 ) ;
#5461 = MECHANICAL_DESIGN_GEOMETRIC_PRESENTATION_REPRESENTATION (  '', ( #15 ), #3826 ) ;
#5462 = DIRECTION ( 'NONE',  ( -0.000000000000000000, -1.000000000000000000, -0.000000000000000000 ) ) ;
#5463 = COLOUR_RGB ( '',0.5019607843137254832, 0.5019607843137254832, 0.5019607843137254832 ) ;
#5464 = PRESENTATION_STYLE_ASSIGNMENT (( #4980 ) ) ;
#5465 = AXIS2_PLACEMENT_3D ( 'NONE', #6310, #183, #5876 ) ;
#5466 = ORIENTED_EDGE ( 'NONE', *, *, #6073, .T. ) ;
#5467 = CARTESIAN_POINT ( 'NONE',  ( 1.389999999999998570, 0.000000000000000000, 2.389999999999999680 ) ) ;
#5468 = FACE_OUTER_BOUND ( 'NONE', #475, .T. ) ;
#5469 = FACE_OUTER_BOUND ( 'NONE', #5892, .T. ) ;
#5470 = CARTESIAN_POINT ( 'NONE',  ( 1.890000000000039870, 0.2999999999999999889, -2.395000000000000462 ) ) ;
#5471 = FILL_AREA_STYLE_COLOUR ( '', #1632 ) ;
#5472 = COLOUR_RGB ( '',0.9686274509803921573, 0.8784313725490195957, 0.5999999999999999778 ) ;
#5473 = FACE_OUTER_BOUND ( 'NONE', #2942, .T. ) ;
#5474 = CARTESIAN_POINT ( 'NONE',  ( -1.389999999999999902, 0.000000000000000000, 2.389999999999999680 ) ) ;
#5475 = FILL_AREA_STYLE ('',( #2417 ) ) ;
#5476 = LINE ( 'NONE', #330, #3268 ) ;
#5477 = MECHANICAL_DESIGN_GEOMETRIC_PRESENTATION_REPRESENTATION (  '', ( #1654 ), #6130 ) ;
#5478 = ORIENTED_EDGE ( 'NONE', *, *, #5173, .F. ) ;
#5479 = CARTESIAN_POINT ( 'NONE',  ( 1.890000000000039648, 0.2999999999999999889, -1.385000000000000453 ) ) ;
#5480 = VECTOR ( 'NONE', #6644, 1000.000000000000000 ) ;
#5481 = EDGE_LOOP ( 'NONE', ( #5054, #4595, #859, #2037 ) ) ;
#5482 = LINE ( 'NONE', #2876, #1101 ) ;
#5483 = FACE_OUTER_BOUND ( 'NONE', #2777, .T. ) ;
#5484 = PRESENTATION_LAYER_ASSIGNMENT (  '', '', ( #1341 ) ) ;
#5485 = FACE_OUTER_BOUND ( 'NONE', #5404, .T. ) ;
#5486 = SURFACE_STYLE_FILL_AREA ( #303 ) ;
#5487 = DIRECTION ( 'NONE',  ( 1.000000000000000000, 0.000000000000000000, -1.264902534566421675E-16 ) ) ;
#5488 =( NAMED_UNIT ( * ) PLANE_ANGLE_UNIT ( ) SI_UNIT ( $, .RADIAN. ) );
#5489 = CARTESIAN_POINT ( 'NONE',  ( -1.890000000000039204, 0.2999999999999999889, -1.385000000000001341 ) ) ;
#5490 = VECTOR ( 'NONE', #4935, 1000.000000000000000 ) ;
#5491 = ORIENTED_EDGE ( 'NONE', *, *, #3278, .F. ) ;
#5492 =( NAMED_UNIT ( * ) SI_UNIT ( $, .STERADIAN. ) SOLID_ANGLE_UNIT ( ) );
#5493 = EDGE_CURVE ( 'NONE', #3877, #6456, #137, .T. ) ;
#5494 = CARTESIAN_POINT ( 'NONE',  ( -0.7600000000000000089, 0.2999999999999999889, 9.583083854271088363E-18 ) ) ;
#5495 = SURFACE_STYLE_USAGE ( .BOTH. , #245 ) ;
#5496 = SURFACE_STYLE_USAGE ( .BOTH. , #3402 ) ;
#5497 = LINE ( 'NONE', #2316, #4594 ) ;
#5498 = STYLED_ITEM ( 'NONE', ( #863 ), #6511 ) ;
#5499 = ORIENTED_EDGE ( 'NONE', *, *, #6407, .T. ) ;
#5500 = EDGE_CURVE ( 'NONE', #4822, #5596, #340, .T. ) ;
#5501 = EDGE_LOOP ( 'NONE', ( #6165, #5258, #3682, #6668 ) ) ;
#5502 = FILL_AREA_STYLE ('',( #252 ) ) ;
#5503 = EDGE_CURVE ( 'NONE', #1894, #5868, #5004, .T. ) ;
#5504 = VECTOR ( 'NONE', #1100, 1000.000000000000000 ) ;
#5505 = LINE ( 'NONE', #2383, #4142 ) ;
#5506 = DIRECTION ( 'NONE',  ( -2.349104707051926109E-16, 0.000000000000000000, -1.000000000000000000 ) ) ;
#5507 = SURFACE_STYLE_USAGE ( .BOTH. , #2292 ) ;
#5508 = CARTESIAN_POINT ( 'NONE',  ( -2.390000000000013003, 0.2999999999999999889, 0.1249999999999990286 ) ) ;
#5509 = SURFACE_STYLE_FILL_AREA ( #3441 ) ;
#5510 = PLANE ( 'NONE',  #4136 ) ;
#5511 = UNCERTAINTY_MEASURE_WITH_UNIT (LENGTH_MEASURE( 1.000000000000000082E-05 ), #1056, 'distance_accuracy_value', 'NONE');
#5512 = DIRECTION ( 'NONE',  ( 1.264902534566421675E-16, -0.000000000000000000, 1.000000000000000000 ) ) ;
#5513 =( GEOMETRIC_REPRESENTATION_CONTEXT ( 3 ) GLOBAL_UNCERTAINTY_ASSIGNED_CONTEXT ( ( #2484 ) ) GLOBAL_UNIT_ASSIGNED_CONTEXT ( ( #5526, #380, #411 ) ) REPRESENTATION_CONTEXT ( 'NONE', 'WORKASPACE' ) );
#5514 = ORIENTED_EDGE ( 'NONE', *, *, #3235, .F. ) ;
#5515 = ORIENTED_EDGE ( 'NONE', *, *, #6414, .F. ) ;
#5516 = SURFACE_STYLE_USAGE ( .BOTH. , #4965 ) ;
#5517 =( NAMED_UNIT ( * ) SI_UNIT ( $, .STERADIAN. ) SOLID_ANGLE_UNIT ( ) );
#5518 = DIRECTION ( 'NONE',  ( -2.349104707051926109E-16, 0.000000000000000000, -1.000000000000000000 ) ) ;
#5519 = LINE ( 'NONE', #6058, #6341 ) ;
#5520 =( NAMED_UNIT ( * ) PLANE_ANGLE_UNIT ( ) SI_UNIT ( $, .RADIAN. ) );
#5521 = CARTESIAN_POINT ( 'NONE',  ( -2.390000000000013003, 0.2999999999999999889, 1.134999999999999121 ) ) ;
#5522 = FACE_OUTER_BOUND ( 'NONE', #6131, .T. ) ;
#5523 = VECTOR ( 'NONE', #2310, 1000.000000000000000 ) ;
#5524 = PRESENTATION_LAYER_ASSIGNMENT (  '', '', ( #294 ) ) ;
#5525 = ORIENTED_EDGE ( 'NONE', *, *, #6209, .T. ) ;
#5526 =( LENGTH_UNIT ( ) NAMED_UNIT ( * ) SI_UNIT ( .MILLI., .METRE. ) );
#5527 = COLOUR_RGB ( '',0.9686274509803921573, 0.8784313725490195957, 0.5999999999999999778 ) ;
#5528 = FILL_AREA_STYLE ('',( #1362 ) ) ;
#5529 = PRESENTATION_STYLE_ASSIGNMENT (( #1861 ) ) ;
#5530 = VECTOR ( 'NONE', #3410, 1000.000000000000000 ) ;
#5531 = VERTEX_POINT ( 'NONE', #4531 ) ;
#5532 =( LENGTH_UNIT ( ) NAMED_UNIT ( * ) SI_UNIT ( .MILLI., .METRE. ) );
#5534 = COLOUR_RGB ( '',0.9686274509803921573, 0.8784313725490195957, 0.5999999999999999778 ) ;
#5533 = SURFACE_SIDE_STYLE ('',( #6731 ) ) ;
#5535 = SURFACE_STYLE_FILL_AREA ( #4490 ) ;
#5536 = CARTESIAN_POINT ( 'NONE',  ( 0.8500000000000004219, 0.7599999999999998979, 0.8499999999999998668 ) ) ;
#5537 = EDGE_CURVE ( 'NONE', #4787, #4899, #6600, .T. ) ;
#5538 = PRESENTATION_LAYER_ASSIGNMENT (  '', '', ( #6108 ) ) ;
#5539 =( GEOMETRIC_REPRESENTATION_CONTEXT ( 3 ) GLOBAL_UNCERTAINTY_ASSIGNED_CONTEXT ( ( #5388 ) ) GLOBAL_UNIT_ASSIGNED_CONTEXT ( ( #6067, #1393, #6609 ) ) REPRESENTATION_CONTEXT ( 'NONE', 'WORKASPACE' ) );
#5540 = SURFACE_STYLE_USAGE ( .BOTH. , #3349 ) ;
#5541 = DIRECTION ( 'NONE',  ( 0.000000000000000000, 1.000000000000000000, 0.000000000000000000 ) ) ;
#5542 = VECTOR ( 'NONE', #1228, 1000.000000000000000 ) ;
#5543 = SURFACE_SIDE_STYLE ('',( #1379 ) ) ;
#5544 = VECTOR ( 'NONE', #1018, 1000.000000000000000 ) ;
#5545 = FACE_OUTER_BOUND ( 'NONE', #5597, .T. ) ;
#5546 = ORIENTED_EDGE ( 'NONE', *, *, #4583, .F. ) ;
#5547 = PLANE ( 'NONE',  #440 ) ;
#5548 = FILL_AREA_STYLE_COLOUR ( '', #6438 ) ;
#5549 = LINE ( 'NONE', #401, #199 ) ;
#5550 = FACE_OUTER_BOUND ( 'NONE', #885, .T. ) ;
#5551 = DIRECTION ( 'NONE',  ( 0.000000000000000000, -1.000000000000000000, 0.000000000000000000 ) ) ;
#5552 = COLOUR_RGB ( '',0.5019607843137254832, 0.5019607843137254832, 0.5019607843137254832 ) ;
#5553 = FACE_OUTER_BOUND ( 'NONE', #542, .T. ) ;
#5554 = ORIENTED_EDGE ( 'NONE', *, *, #4293, .F. ) ;
#5555 = VECTOR ( 'NONE', #2586, 1000.000000000000000 ) ;
#5556 = ORIENTED_EDGE ( 'NONE', *, *, #3864, .T. ) ;
#5557 = PRESENTATION_STYLE_ASSIGNMENT (( #1391 ) ) ;
#5558 =( NAMED_UNIT ( * ) PLANE_ANGLE_UNIT ( ) SI_UNIT ( $, .RADIAN. ) );
#5559 = VECTOR ( 'NONE', #2090, 1000.000000000000000 ) ;
#5560 = FILL_AREA_STYLE_COLOUR ( '', #4496 ) ;
#5561 = ORIENTED_EDGE ( 'NONE', *, *, #6113, .T. ) ;
#5562 = ORIENTED_EDGE ( 'NONE', *, *, #6407, .F. ) ;
#5563 = LINE ( 'NONE', #2409, #845 ) ;
#5564 =( NAMED_UNIT ( * ) PLANE_ANGLE_UNIT ( ) SI_UNIT ( $, .RADIAN. ) );
#5565 =( NAMED_UNIT ( * ) PLANE_ANGLE_UNIT ( ) SI_UNIT ( $, .RADIAN. ) );
#5566 = SURFACE_STYLE_FILL_AREA ( #1868 ) ;
#5567 = CARTESIAN_POINT ( 'NONE',  ( 2.390000000000039648, 0.2999999999999999889, -1.385000000000000453 ) ) ;
#5568 = AXIS2_PLACEMENT_3D ( 'NONE', #5567, #6016, #6555 ) ;
#5569 = STYLED_ITEM ( 'NONE', ( #5271 ), #5125 ) ;
#5570 = DIRECTION ( 'NONE',  ( 1.000000000000000000, 0.000000000000000000, 0.000000000000000000 ) ) ;
#5571 = EDGE_CURVE ( 'NONE', #5267, #5197, #4007, .T. ) ;
#5572 = MECHANICAL_DESIGN_GEOMETRIC_PRESENTATION_REPRESENTATION (  '', ( #1759 ), #1961 ) ;
#5573 =( LENGTH_UNIT ( ) NAMED_UNIT ( * ) SI_UNIT ( .MILLI., .METRE. ) );
#5574 = CARTESIAN_POINT ( 'NONE',  ( -0.1000000000000003247, 0.5999999999999999778, -0.1000000000000000056 ) ) ;
#5575 = VECTOR ( 'NONE', #6298, 1000.000000000000000 ) ;
#5576 = ORIENTED_EDGE ( 'NONE', *, *, #4428, .F. ) ;
#5577 = ADVANCED_FACE ( 'NONE', ( #1909 ), #6089, .T. ) ;
#5578 = EDGE_CURVE ( 'NONE', #4593, #1315, #1850, .T. ) ;
#5579 = CARTESIAN_POINT ( 'NONE',  ( -1.389999999999999902, 0.2999999999999999889, -0.6300000000000000044 ) ) ;
#5580 = PRESENTATION_LAYER_ASSIGNMENT (  '', '', ( #5037 ) ) ;
#5581 = DIRECTION ( 'NONE',  ( 0.000000000000000000, 0.000000000000000000, 1.000000000000000000 ) ) ;
#5582 = FACE_OUTER_BOUND ( 'NONE', #6288, .T. ) ;
#5583 = EDGE_CURVE ( 'NONE', #6334, #5197, #1451, .T. ) ;
#5584 = DIRECTION ( 'NONE',  ( -2.349104707051926109E-16, 0.000000000000000000, -1.000000000000000000 ) ) ;
#5585 = CARTESIAN_POINT ( 'NONE',  ( -1.890000000000001013, 0.000000000000000000, 2.394999999999999574 ) ) ;
#5586 = SURFACE_STYLE_USAGE ( .BOTH. , #3492 ) ;
#5587 = DIRECTION ( 'NONE',  ( -1.000000000000000000, -0.000000000000000000, -0.000000000000000000 ) ) ;
#5588 = ORIENTED_EDGE ( 'NONE', *, *, #4339, .F. ) ;
#5589 = AXIS2_PLACEMENT_3D ( 'NONE', #4923, #3871, #4253 ) ;
#5590 = STYLED_ITEM ( 'NONE', ( #211 ), #1649 ) ;
#5591 = VERTEX_POINT ( 'NONE', #2367 ) ;
#5592 =( LENGTH_UNIT ( ) NAMED_UNIT ( * ) SI_UNIT ( .MILLI., .METRE. ) );
#5593 =( LENGTH_UNIT ( ) NAMED_UNIT ( * ) SI_UNIT ( .MILLI., .METRE. ) );
#5594 = CARTESIAN_POINT ( 'NONE',  ( -1.890000000000013891, 0.000000000000000000, 1.134999999999999121 ) ) ;
#5595 = PRESENTATION_STYLE_ASSIGNMENT (( #6238 ) ) ;
#5596 = VERTEX_POINT ( 'NONE', #921 ) ;
#5597 = EDGE_LOOP ( 'NONE', ( #2459, #3310, #4616, #5556 ) ) ;
#5598 = SURFACE_STYLE_USAGE ( .BOTH. , #3503 ) ;
#5599 = PLANE ( 'NONE',  #6564 ) ;
#5600 = SURFACE_SIDE_STYLE ('',( #2117 ) ) ;
#5601 = FILL_AREA_STYLE ('',( #4553 ) ) ;
#5602 = FACE_OUTER_BOUND ( 'NONE', #145, .T. ) ;
#5603 = PLANE ( 'NONE',  #4405 ) ;
#5604 =( NAMED_UNIT ( * ) PLANE_ANGLE_UNIT ( ) SI_UNIT ( $, .RADIAN. ) );
#5605 = ORIENTED_EDGE ( 'NONE', *, *, #745, .F. ) ;
#5606 = ORIENTED_EDGE ( 'NONE', *, *, #1403, .T. ) ;
#5607 = LINE ( 'NONE', #366, #89 ) ;
#5608 = FILL_AREA_STYLE ('',( #954 ) ) ;
#5609 = CARTESIAN_POINT ( 'NONE',  ( 0.1000000000000002970, 0.7599999999999998979, -0.1000000000000000056 ) ) ;
#5610 = LINE ( 'NONE', #2426, #2334 ) ;
#5611 = ORIENTED_EDGE ( 'NONE', *, *, #5715, .F. ) ;
#5612 = EDGE_CURVE ( 'NONE', #2833, #3502, #5519, .T. ) ;
#5613 = ADVANCED_FACE ( 'NONE', ( #2974 ), #6675, .T. ) ;
#5614 = CARTESIAN_POINT ( 'NONE',  ( -0.1000000000000005052, 0.7599999999999998979, -0.8500000000000000888 ) ) ;
#5615 = ADVANCED_FACE ( 'NONE', ( #5550 ), #6633, .F. ) ;
#5616 = ORIENTED_EDGE ( 'NONE', *, *, #3792, .F. ) ;
#5617 = DIRECTION ( 'NONE',  ( -2.146934995020800486E-16, 0.000000000000000000, 1.000000000000000000 ) ) ;
#5618 = CARTESIAN_POINT ( 'NONE',  ( -1.890000000000013669, 0.2999999999999999889, 0.1249999999999990286 ) ) ;
#5619 = DIRECTION ( 'NONE',  ( 0.000000000000000000, -0.000000000000000000, 1.000000000000000000 ) ) ;
#5620 = SURFACE_SIDE_STYLE ('',( #895 ) ) ;
#5621 =( NAMED_UNIT ( * ) SI_UNIT ( $, .STERADIAN. ) SOLID_ANGLE_UNIT ( ) );
#5622 = DIRECTION ( 'NONE',  ( 3.614007241618349264E-16, 0.000000000000000000, 1.000000000000000000 ) ) ;
#5623 = LINE ( 'NONE', #2506, #2067 ) ;
#5624 = VECTOR ( 'NONE', #4258, 1000.000000000000000 ) ;
#5625 = FACE_OUTER_BOUND ( 'NONE', #4270, .T. ) ;
#5626 = COLOUR_RGB ( '',0.9686274509803921573, 0.8784313725490195957, 0.5999999999999999778 ) ;
#5627 = ORIENTED_EDGE ( 'NONE', *, *, #4392, .T. ) ;
#5628 = ORIENTED_EDGE ( 'NONE', *, *, #4076, .T. ) ;
#5629 = ORIENTED_EDGE ( 'NONE', *, *, #2860, .T. ) ;
#5630 = CARTESIAN_POINT ( 'NONE',  ( -0.8500000000000003109, 0.5999999999999999778, 0.1000000000000002970 ) ) ;
#5631 = PRESENTATION_STYLE_ASSIGNMENT (( #1339 ) ) ;
#5632 = SURFACE_STYLE_FILL_AREA ( #424 ) ;
#5633 =( NAMED_UNIT ( * ) PLANE_ANGLE_UNIT ( ) SI_UNIT ( $, .RADIAN. ) );
#5634 = DIRECTION ( 'NONE',  ( 2.146934995020800733E-16, 0.000000000000000000, -1.000000000000000000 ) ) ;
#5635 = AXIS2_PLACEMENT_3D ( 'NONE', #6717, #3597, #5698 ) ;
#5636 = FILL_AREA_STYLE ('',( #5471 ) ) ;
#5637 = AXIS2_PLACEMENT_3D ( 'NONE', #4502, #400, #3973 ) ;
#5638 = ORIENTED_EDGE ( 'NONE', *, *, #4390, .T. ) ;
#5639 = AXIS2_PLACEMENT_3D ( 'NONE', #3375, #5440, #2320 ) ;
#5640 = SURFACE_SIDE_STYLE ('',( #4524 ) ) ;
#5641 =( NAMED_UNIT ( * ) PLANE_ANGLE_UNIT ( ) SI_UNIT ( $, .RADIAN. ) );
#5642 = VECTOR ( 'NONE', #2168, 1000.000000000000000 ) ;
#5643 = CARTESIAN_POINT ( 'NONE',  ( 1.890000000000000124, 0.2999999999999999889, 2.395000000000000018 ) ) ;
#5644 = FILL_AREA_STYLE_COLOUR ( '', #5878 ) ;
#5645 = CARTESIAN_POINT ( 'NONE',  ( -0.1000000000000003247, 0.7599999999999998979, -0.1000000000000000056 ) ) ;
#5646 = UNCERTAINTY_MEASURE_WITH_UNIT (LENGTH_MEASURE( 1.000000000000000082E-05 ), #2706, 'distance_accuracy_value', 'NONE');
#5647 = ORIENTED_EDGE ( 'NONE', *, *, #1604, .F. ) ;
#5648 =( NAMED_UNIT ( * ) SI_UNIT ( $, .STERADIAN. ) SOLID_ANGLE_UNIT ( ) );
#5649 = AXIS2_PLACEMENT_3D ( 'NONE', #2403, #1919, #445 ) ;
#5650 =( NAMED_UNIT ( * ) SI_UNIT ( $, .STERADIAN. ) SOLID_ANGLE_UNIT ( ) );
#5651 = DIRECTION ( 'NONE',  ( -0.000000000000000000, -0.000000000000000000, 1.000000000000000000 ) ) ;
#5652 = DIRECTION ( 'NONE',  ( -1.000000000000000000, -0.000000000000000000, -0.000000000000000000 ) ) ;
#5653 =( LENGTH_UNIT ( ) NAMED_UNIT ( * ) SI_UNIT ( .MILLI., .METRE. ) );
#5654 = ORIENTED_EDGE ( 'NONE', *, *, #1733, .T. ) ;
#5655 = CARTESIAN_POINT ( 'NONE',  ( -1.389999999999999902, 0.2999999999999999889, -2.390000000000000568 ) ) ;
#5656 = EDGE_LOOP ( 'NONE', ( #6103, #2015, #5102, #517 ) ) ;
#5657 = PRESENTATION_LAYER_ASSIGNMENT (  '', '', ( #4569 ) ) ;
#5658 = FILL_AREA_STYLE ('',( #1490 ) ) ;
#5659 = PRESENTATION_LAYER_ASSIGNMENT (  '', '', ( #3358 ) ) ;
#5660 = SURFACE_STYLE_USAGE ( .BOTH. , #6756 ) ;
#5661 = EDGE_CURVE ( 'NONE', #2150, #1996, #3108, .T. ) ;
#5662 = EDGE_CURVE ( 'NONE', #4053, #4348, #5249, .T. ) ;
#5663 = CARTESIAN_POINT ( 'NONE',  ( -1.389999999999999902, 0.2999999999999999889, -2.390000000000000568 ) ) ;
#5664 = SURFACE_SIDE_STYLE ('',( #2954 ) ) ;
#5665 = EDGE_CURVE ( 'NONE', #60, #4259, #2630, .T. ) ;
#5666 = LINE ( 'NONE', #5805, #4516 ) ;
#5667 = ADVANCED_FACE ( 'NONE', ( #1088 ), #3631, .T. ) ;
#5668 = FILL_AREA_STYLE_COLOUR ( '', #2939 ) ;
#5669 = VECTOR ( 'NONE', #764, 1000.000000000000000 ) ;
#5670 = ORIENTED_EDGE ( 'NONE', *, *, #5583, .F. ) ;
#5671 = ORIENTED_EDGE ( 'NONE', *, *, #171, .T. ) ;
#5672 = ORIENTED_EDGE ( 'NONE', *, *, #253, .T. ) ;
#5673 = CARTESIAN_POINT ( 'NONE',  ( 1.890000000000039648, 0.2999999999999999889, -1.385000000000000453 ) ) ;
#5674 = SURFACE_SIDE_STYLE ('',( #6692 ) ) ;
#5675 = PRESENTATION_LAYER_ASSIGNMENT (  '', '', ( #5459 ) ) ;
#5676 =( NAMED_UNIT ( * ) SI_UNIT ( $, .STERADIAN. ) SOLID_ANGLE_UNIT ( ) );
#5677 = EDGE_CURVE ( 'NONE', #2859, #4257, #3553, .T. ) ;
#5678 = CARTESIAN_POINT ( 'NONE',  ( 1.890000000000000124, 0.2999999999999999889, 2.395000000000000018 ) ) ;
#5679 = STYLED_ITEM ( 'NONE', ( #4658 ), #3053 ) ;
#5680 = ORIENTED_EDGE ( 'NONE', *, *, #3567, .T. ) ;
#5681 = CARTESIAN_POINT ( 'NONE',  ( -0.7600000000000000089, 0.2999999999999999889, 9.583083854271088363E-18 ) ) ;
#5682 = PRESENTATION_LAYER_ASSIGNMENT (  '', '', ( #5251 ) ) ;
#5683 = DIRECTION ( 'NONE',  ( 0.7071067811865474617, 0.000000000000000000, 0.7071067811865475727 ) ) ;
#5684 = LINE ( 'NONE', #429, #5275 ) ;
#5685 =( LENGTH_UNIT ( ) NAMED_UNIT ( * ) SI_UNIT ( .MILLI., .METRE. ) );
#5686 = PRESENTATION_LAYER_ASSIGNMENT (  '', '', ( #1847 ) ) ;
#5687 = SURFACE_SIDE_STYLE ('',( #3582 ) ) ;
#5688 = VECTOR ( 'NONE', #3377, 1000.000000000000000 ) ;
#5689 =( NAMED_UNIT ( * ) PLANE_ANGLE_UNIT ( ) SI_UNIT ( $, .RADIAN. ) );
#5690 = EDGE_LOOP ( 'NONE', ( #2176, #1431, #6464, #1662 ) ) ;
#5691 = FACE_OUTER_BOUND ( 'NONE', #4243, .T. ) ;
#5692 =( NAMED_UNIT ( * ) SI_UNIT ( $, .STERADIAN. ) SOLID_ANGLE_UNIT ( ) );
#5693 = SURFACE_STYLE_FILL_AREA ( #3632 ) ;
#5694 = EDGE_LOOP ( 'NONE', ( #1670, #3301, #4949, #567 ) ) ;
#5695 = AXIS2_PLACEMENT_3D ( 'NONE', #984, #4181, #1484 ) ;
#5696 = EDGE_LOOP ( 'NONE', ( #686, #133, #4681, #539 ) ) ;
#5697 = FILL_AREA_STYLE_COLOUR ( '', #1799 ) ;
#5698 = DIRECTION ( 'NONE',  ( -1.000000000000000000, 0.000000000000000000, 0.000000000000000000 ) ) ;
#5699 = CARTESIAN_POINT ( 'NONE',  ( 1.389999999999998570, 0.2999999999999999889, 2.389999999999999680 ) ) ;
#5700 = SURFACE_SIDE_STYLE ('',( #5733 ) ) ;
#5701 =( LENGTH_UNIT ( ) NAMED_UNIT ( * ) SI_UNIT ( .MILLI., .METRE. ) );
#5702 = FACE_BOUND ( 'NONE', #240, .T. ) ;
#5703 = COLOUR_RGB ( '',0.9686274509803921573, 0.8784313725490195957, 0.5999999999999999778 ) ;
#5704 = CARTESIAN_POINT ( 'NONE',  ( 2.390000000000013003, 0.000000000000000000, 1.135000000000000009 ) ) ;
#5705 =( GEOMETRIC_REPRESENTATION_CONTEXT ( 3 ) GLOBAL_UNCERTAINTY_ASSIGNED_CONTEXT ( ( #2298 ) ) GLOBAL_UNIT_ASSIGNED_CONTEXT ( ( #326, #3969, #1408 ) ) REPRESENTATION_CONTEXT ( 'NONE', 'WORKASPACE' ) );
#5706 = ORIENTED_EDGE ( 'NONE', *, *, #5123, .T. ) ;
#5707 = EDGE_CURVE ( 'NONE', #3696, #3811, #3037, .T. ) ;
#5708 = ORIENTED_EDGE ( 'NONE', *, *, #6210, .T. ) ;
#5709 =( GEOMETRIC_REPRESENTATION_CONTEXT ( 3 ) GLOBAL_UNCERTAINTY_ASSIGNED_CONTEXT ( ( #1537 ) ) GLOBAL_UNIT_ASSIGNED_CONTEXT ( ( #3, #3715, #4157 ) ) REPRESENTATION_CONTEXT ( 'NONE', 'WORKASPACE' ) );
#5710 = DIRECTION ( 'NONE',  ( 0.000000000000000000, -1.000000000000000000, 0.000000000000000000 ) ) ;
#5711 =( GEOMETRIC_REPRESENTATION_CONTEXT ( 3 ) GLOBAL_UNCERTAINTY_ASSIGNED_CONTEXT ( ( #2010 ) ) GLOBAL_UNIT_ASSIGNED_CONTEXT ( ( #5914, #2286, #188 ) ) REPRESENTATION_CONTEXT ( 'NONE', 'WORKASPACE' ) );
#5712 = CARTESIAN_POINT ( 'NONE',  ( -1.890000000000039204, 0.2999999999999999889, -1.385000000000001341 ) ) ;
#5713 = AXIS2_PLACEMENT_3D ( 'NONE', #4191, #1165, #1030 ) ;
#5714 = ADVANCED_FACE ( 'NONE', ( #3664 ), #3143, .F. ) ;
#5715 = EDGE_CURVE ( 'NONE', #2833, #5808, #2295, .T. ) ;
#5716 = ADVANCED_FACE ( 'NONE', ( #5357 ), #777, .T. ) ;
#5717 = COLOUR_RGB ( '',0.7921568627450980005, 0.8196078431372548767, 0.9333333333333333481 ) ;
#5718 = PLANE ( 'NONE',  #264 ) ;
#5719 = LINE ( 'NONE', #1044, #2926 ) ;
#5720 = FILL_AREA_STYLE_COLOUR ( '', #6223 ) ;
#5721 = UNCERTAINTY_MEASURE_WITH_UNIT (LENGTH_MEASURE( 1.000000000000000082E-05 ), #5098, 'distance_accuracy_value', 'NONE');
#5722 = VERTEX_POINT ( 'NONE', #2198 ) ;
#5723 = CARTESIAN_POINT ( 'NONE',  ( -1.389999999999999902, 0.2999999999999999889, 0.6299999999999998934 ) ) ;
#5724 = CARTESIAN_POINT ( 'NONE',  ( -2.390000000000026770, 0.2999999999999999889, -0.1250000000000009714 ) ) ;
#5725 = SURFACE_STYLE_FILL_AREA ( #1611 ) ;
#5726 = PLANE ( 'NONE',  #2474 ) ;
#5727 = VERTEX_POINT ( 'NONE', #2736 ) ;
#5728 = CARTESIAN_POINT ( 'NONE',  ( -0.8500000000000003109, 0.5999999999999999778, -0.1000000000000000056 ) ) ;
#5729 = ORIENTED_EDGE ( 'NONE', *, *, #1733, .F. ) ;
#5730 = CARTESIAN_POINT ( 'NONE',  ( -2.390000000000026770, 0.2999999999999999889, -0.1250000000000009714 ) ) ;
#5731 = SURFACE_STYLE_FILL_AREA ( #3638 ) ;
#5732 = DIRECTION ( 'NONE',  ( -1.000000000000000000, -0.000000000000000000, -0.000000000000000000 ) ) ;
#5733 = SURFACE_STYLE_FILL_AREA ( #1132 ) ;
#5734 =( NAMED_UNIT ( * ) SI_UNIT ( $, .STERADIAN. ) SOLID_ANGLE_UNIT ( ) );
#5735 = DIRECTION ( 'NONE',  ( 1.000000000000000000, 0.000000000000000000, -5.782411586589358625E-16 ) ) ;
#5736 = SURFACE_SIDE_STYLE ('',( #2611 ) ) ;
#5737 =( GEOMETRIC_REPRESENTATION_CONTEXT ( 3 ) GLOBAL_UNCERTAINTY_ASSIGNED_CONTEXT ( ( #3032 ) ) GLOBAL_UNIT_ASSIGNED_CONTEXT ( ( #4927, #5689, #1904 ) ) REPRESENTATION_CONTEXT ( 'NONE', 'WORKASPACE' ) );
#5738 = ORIENTED_EDGE ( 'NONE', *, *, #32, .F. ) ;
#5739 = ORIENTED_EDGE ( 'NONE', *, *, #5347, .F. ) ;
#5740 = AXIS2_PLACEMENT_3D ( 'NONE', #4481, #3496, #1295 ) ;
#5741 = VERTEX_POINT ( 'NONE', #5955 ) ;
#5742 = FILL_AREA_STYLE_COLOUR ( '', #1322 ) ;
#5743 =( GEOMETRIC_REPRESENTATION_CONTEXT ( 3 ) GLOBAL_UNCERTAINTY_ASSIGNED_CONTEXT ( ( #4073 ) ) GLOBAL_UNIT_ASSIGNED_CONTEXT ( ( #1350, #3416, #1790 ) ) REPRESENTATION_CONTEXT ( 'NONE', 'WORKASPACE' ) );
#5744 = DIRECTION ( 'NONE',  ( -0.000000000000000000, -1.000000000000000000, -0.000000000000000000 ) ) ;
#5745 =( LENGTH_UNIT ( ) NAMED_UNIT ( * ) SI_UNIT ( .MILLI., .METRE. ) );
#5746 = AXIS2_PLACEMENT_3D ( 'NONE', #2311, #4418, #4825 ) ;
#5747 = EDGE_LOOP ( 'NONE', ( #3570, #6422, #3607, #6517 ) ) ;
#5748 = LINE ( 'NONE', #2656, #4224 ) ;
#5749 = FILL_AREA_STYLE ('',( #1566 ) ) ;
#5750 =( GEOMETRIC_REPRESENTATION_CONTEXT ( 3 ) GLOBAL_UNCERTAINTY_ASSIGNED_CONTEXT ( ( #2282 ) ) GLOBAL_UNIT_ASSIGNED_CONTEXT ( ( #2709, #3843, #1196 ) ) REPRESENTATION_CONTEXT ( 'NONE', 'WORKASPACE' ) );
#5751 = ADVANCED_FACE ( 'NONE', ( #681 ), #4361, .F. ) ;
#5752 = DIRECTION ( 'NONE',  ( 1.000000000000000000, 0.000000000000000000, -0.000000000000000000 ) ) ;
#5753 = EDGE_CURVE ( 'NONE', #5295, #5727, #3835, .T. ) ;
#5754 = EDGE_CURVE ( 'NONE', #6304, #6754, #2702, .T. ) ;
#5755 = VECTOR ( 'NONE', #2735, 1000.000000000000000 ) ;
#5756 = EDGE_LOOP ( 'NONE', ( #4204, #4846, #5992, #5017 ) ) ;
#5757 = LINE ( 'NONE', #3588, #1628 ) ;
#5758 = ORIENTED_EDGE ( 'NONE', *, *, #4287, .F. ) ;
#5759 = EDGE_LOOP ( 'NONE', ( #2379, #3927, #1742, #2667 ) ) ;
#5760 = VECTOR ( 'NONE', #2136, 1000.000000000000000 ) ;
#5761 =( NAMED_UNIT ( * ) SI_UNIT ( $, .STERADIAN. ) SOLID_ANGLE_UNIT ( ) );
#5762 = PLANE ( 'NONE',  #2949 ) ;
#5763 =( NAMED_UNIT ( * ) PLANE_ANGLE_UNIT ( ) SI_UNIT ( $, .RADIAN. ) );
#5764 = LINE ( 'NONE', #3121, #4844 ) ;
#5765 = VECTOR ( 'NONE', #5331, 1000.000000000000000 ) ;
#5766 = CARTESIAN_POINT ( 'NONE',  ( 0.1000000000000002970, 0.5999999999999999778, -0.1000000000000000056 ) ) ;
#5767 = ORIENTED_EDGE ( 'NONE', *, *, #289, .T. ) ;
#5768 = ORIENTED_EDGE ( 'NONE', *, *, #711, .F. ) ;
#5769 = ORIENTED_EDGE ( 'NONE', *, *, #1563, .F. ) ;
#5770 = VERTEX_POINT ( 'NONE', #1814 ) ;
#5771 = FILL_AREA_STYLE ('',( #2112 ) ) ;
#5772 = FACE_OUTER_BOUND ( 'NONE', #2849, .T. ) ;
#5773 = LINE ( 'NONE', #148, #935 ) ;
#5774 = COLOUR_RGB ( '',0.5019607843137254832, 0.5019607843137254832, 0.5019607843137254832 ) ;
#5775 = FILL_AREA_STYLE_COLOUR ( '', #3833 ) ;
#5776 = ORIENTED_EDGE ( 'NONE', *, *, #1325, .F. ) ;
#5777 = CARTESIAN_POINT ( 'NONE',  ( -1.890000000000013669, 0.2999999999999999889, 0.1249999999999990286 ) ) ;
#5778 =( NAMED_UNIT ( * ) PLANE_ANGLE_UNIT ( ) SI_UNIT ( $, .RADIAN. ) );
#5779 = PRESENTATION_STYLE_ASSIGNMENT (( #1605 ) ) ;
#5780 = SURFACE_STYLE_USAGE ( .BOTH. , #5687 ) ;
#5781 = AXIS2_PLACEMENT_3D ( 'NONE', #1843, #3483, #2483 ) ;
#5782 = MECHANICAL_DESIGN_GEOMETRIC_PRESENTATION_REPRESENTATION (  '', ( #3823 ), #13 ) ;
#5783 = UNCERTAINTY_MEASURE_WITH_UNIT (LENGTH_MEASURE( 1.000000000000000082E-05 ), #2696, 'distance_accuracy_value', 'NONE');
#5784 = ADVANCED_FACE ( 'NONE', ( #2966 ), #6019, .F. ) ;
#5785 = ORIENTED_EDGE ( 'NONE', *, *, #4030, .F. ) ;
#5786 = VECTOR ( 'NONE', #6159, 1000.000000000000000 ) ;
#5787 = EDGE_CURVE ( 'NONE', #2612, #5815, #5028, .T. ) ;
#5788 = SURFACE_STYLE_USAGE ( .BOTH. , #3701 ) ;
#5789 = SURFACE_STYLE_USAGE ( .BOTH. , #6163 ) ;
#5790 = CARTESIAN_POINT ( 'NONE',  ( 0.000000000000000000, 0.7599999999999998979, 0.000000000000000000 ) ) ;
#5791 = AXIS2_PLACEMENT_3D ( 'NONE', #6005, #1332, #1829 ) ;
#5792 = ORIENTED_EDGE ( 'NONE', *, *, #668, .F. ) ;
#5793 = AXIS2_PLACEMENT_3D ( 'NONE', #4274, #631, #1267 ) ;
#5794 = ADVANCED_FACE ( 'NONE', ( #4438 ), #3386, .F. ) ;
#5795 = PLANE ( 'NONE',  #953 ) ;
#5796 = ADVANCED_FACE ( 'NONE', ( #3413 ), #5603, .F. ) ;
#5797 = ORIENTED_EDGE ( 'NONE', *, *, #5457, .T. ) ;
#5798 = EDGE_CURVE ( 'NONE', #5086, #3696, #5684, .T. ) ;
#5799 = CARTESIAN_POINT ( 'NONE',  ( -1.890000000000039204, 0.2999999999999999889, -1.385000000000001341 ) ) ;
#5800 = PLANE ( 'NONE',  #5635 ) ;
#5801 = DIRECTION ( 'NONE',  ( 0.000000000000000000, -1.000000000000000000, 0.000000000000000000 ) ) ;
#5802 =( NAMED_UNIT ( * ) SI_UNIT ( $, .STERADIAN. ) SOLID_ANGLE_UNIT ( ) );
#5803 = DIRECTION ( 'NONE',  ( -0.000000000000000000, 1.000000000000000000, -0.000000000000000000 ) ) ;
#5804 = FILL_AREA_STYLE ('',( #5300 ) ) ;
#5805 = CARTESIAN_POINT ( 'NONE',  ( -1.890000000000001013, 0.000000000000000000, 2.394999999999999574 ) ) ;
#5806 = CARTESIAN_POINT ( 'NONE',  ( 0.1000000000000002137, 0.7599999999999998979, -0.8500000000000000888 ) ) ;
#5807 = VERTEX_POINT ( 'NONE', #6662 ) ;
#5808 = VERTEX_POINT ( 'NONE', #16 ) ;
#5809 = DIRECTION ( 'NONE',  ( -0.000000000000000000, -0.000000000000000000, 1.000000000000000000 ) ) ;
#5810 = SURFACE_STYLE_FILL_AREA ( #664 ) ;
#5811 = FACE_OUTER_BOUND ( 'NONE', #2020, .T. ) ;
#5812 = COLOUR_RGB ( '',0.9686274509803921573, 0.8784313725490195957, 0.5999999999999999778 ) ;
#5813 = CARTESIAN_POINT ( 'NONE',  ( 0.000000000000000000, 0.7599999999999998979, 0.000000000000000000 ) ) ;
#5814 = SURFACE_STYLE_FILL_AREA ( #5377 ) ;
#5815 = VERTEX_POINT ( 'NONE', #6250 ) ;
#5816 = DIRECTION ( 'NONE',  ( 0.000000000000000000, -0.000000000000000000, 1.000000000000000000 ) ) ;
#5817 = CARTESIAN_POINT ( 'NONE',  ( -1.890000000000000790, 0.2999999999999999889, 1.384999999999999121 ) ) ;
#5818 = LINE ( 'NONE', #4833, #1316 ) ;
#5819 = CARTESIAN_POINT ( 'NONE',  ( -1.890000000000026326, 0.2999999999999999889, -0.1250000000000009714 ) ) ;
#5820 = MECHANICAL_DESIGN_GEOMETRIC_PRESENTATION_REPRESENTATION (  '', ( #1981 ), #1659 ) ;
#5821 = VECTOR ( 'NONE', #4828, 1000.000000000000000 ) ;
#5822 = VERTEX_POINT ( 'NONE', #466 ) ;
#5823 = LINE ( 'NONE', #1642, #4032 ) ;
#5824 = CARTESIAN_POINT ( 'NONE',  ( 0.000000000000000000, 0.000000000000000000, 0.000000000000000000 ) ) ;
#5825 = LINE ( 'NONE', #2261, #1505 ) ;
#5826 = PRESENTATION_STYLE_ASSIGNMENT (( #4772 ) ) ;
#5827 = STYLED_ITEM ( 'NONE', ( #5529 ), #6529 ) ;
#5828 = EDGE_LOOP ( 'NONE', ( #194, #409, #966, #2987 ) ) ;
#5829 = VERTEX_POINT ( 'NONE', #2008 ) ;
#5830 = DIRECTION ( 'NONE',  ( -0.000000000000000000, -1.000000000000000000, -0.000000000000000000 ) ) ;
#5831 = COLOUR_RGB ( '',0.7921568627450980005, 0.8196078431372548767, 0.9333333333333333481 ) ;
#5832 = CARTESIAN_POINT ( 'NONE',  ( -0.1000000000000005052, 0.5999999999999999778, -0.8500000000000000888 ) ) ;
#5833 = FILL_AREA_STYLE_COLOUR ( '', #3290 ) ;
#5834 =( LENGTH_UNIT ( ) NAMED_UNIT ( * ) SI_UNIT ( .MILLI., .METRE. ) );
#5835 = CARTESIAN_POINT ( 'NONE',  ( 2.390000000000013003, 0.2999999999999999889, 1.135000000000000009 ) ) ;
#5836 = DIRECTION ( 'NONE',  ( -2.146934995020799746E-16, -0.000000000000000000, 1.000000000000000000 ) ) ;
#5837 = EDGE_CURVE ( 'NONE', #6267, #4529, #3095, .T. ) ;
#5838 = FILL_AREA_STYLE_COLOUR ( '', #124 ) ;
#5839 = ADVANCED_FACE ( 'NONE', ( #4728 ), #2046, .T. ) ;
#5840 = MECHANICAL_DESIGN_GEOMETRIC_PRESENTATION_REPRESENTATION (  '', ( #2001 ), #1366 ) ;
#5841 = ORIENTED_EDGE ( 'NONE', *, *, #6380, .F. ) ;
#5842 =( LENGTH_UNIT ( ) NAMED_UNIT ( * ) SI_UNIT ( .MILLI., .METRE. ) );
#5843 = CARTESIAN_POINT ( 'NONE',  ( -0.1000000000000002137, 0.5999999999999999778, 0.8500000000000000888 ) ) ;
#5844 =( NAMED_UNIT ( * ) SI_UNIT ( $, .STERADIAN. ) SOLID_ANGLE_UNIT ( ) );
#5845 = SURFACE_STYLE_FILL_AREA ( #3759 ) ;
#5846 = MECHANICAL_DESIGN_GEOMETRIC_PRESENTATION_REPRESENTATION (  '', ( #4962 ), #3537 ) ;
#5847 = UNCERTAINTY_MEASURE_WITH_UNIT (LENGTH_MEASURE( 1.000000000000000082E-05 ), #1264, 'distance_accuracy_value', 'NONE');
#5848 = ORIENTED_EDGE ( 'NONE', *, *, #1731, .T. ) ;
#5849 = COLOUR_RGB ( '',0.3411764705882353033, 0.8392156862745098200, 0.4117647058823529216 ) ;
#5850 = SURFACE_STYLE_FILL_AREA ( #3798 ) ;
#5851 =( LENGTH_UNIT ( ) NAMED_UNIT ( * ) SI_UNIT ( .MILLI., .METRE. ) );
#5852 = CARTESIAN_POINT ( 'NONE',  ( -1.890000000000000790, 0.2999999999999999889, 1.384999999999999121 ) ) ;
#5853 = UNCERTAINTY_MEASURE_WITH_UNIT (LENGTH_MEASURE( 1.000000000000000082E-05 ), #2048, 'distance_accuracy_value', 'NONE');
#5854 =( GEOMETRIC_REPRESENTATION_CONTEXT ( 3 ) GLOBAL_UNCERTAINTY_ASSIGNED_CONTEXT ( ( #3371 ) ) GLOBAL_UNIT_ASSIGNED_CONTEXT ( ( #6296, #4641, #4188 ) ) REPRESENTATION_CONTEXT ( 'NONE', 'WORKASPACE' ) );
#5855 = ORIENTED_EDGE ( 'NONE', *, *, #6708, .T. ) ;
#5856 = DIRECTION ( 'NONE',  ( 0.000000000000000000, -1.000000000000000000, 0.000000000000000000 ) ) ;
#5857 = PRESENTATION_STYLE_ASSIGNMENT (( #6363 ) ) ;
#5858 = VECTOR ( 'NONE', #671, 1000.000000000000000 ) ;
#5859 = FILL_AREA_STYLE ('',( #2097 ) ) ;
#5860 = AXIS2_PLACEMENT_3D ( 'NONE', #1570, #3179, #3072 ) ;
#5861 = ORIENTED_EDGE ( 'NONE', *, *, #540, .T. ) ;
#5862 = CARTESIAN_POINT ( 'NONE',  ( 0.000000000000000000, 0.2999999999999999889, 0.000000000000000000 ) ) ;
#5863 = FILL_AREA_STYLE ('',( #785 ) ) ;
#5864 = FACE_OUTER_BOUND ( 'NONE', #890, .T. ) ;
#5865 = PLANE ( 'NONE',  #1399 ) ;
#5866 = CARTESIAN_POINT ( 'NONE',  ( 2.500000000000000000, 0.000000000000000000, -2.500000000000000444 ) ) ;
#5867 = STYLED_ITEM ( 'NONE', ( #3598 ), #583 ) ;
#5868 = VERTEX_POINT ( 'NONE', #1077 ) ;
#5869 = EDGE_CURVE ( 'NONE', #6265, #60, #3175, .T. ) ;
#5870 = ORIENTED_EDGE ( 'NONE', *, *, #1082, .T. ) ;
#5871 = FACE_OUTER_BOUND ( 'NONE', #5481, .T. ) ;
#5872 = ADVANCED_FACE ( 'NONE', ( #3622 ), #5718, .T. ) ;
#5873 = CARTESIAN_POINT ( 'NONE',  ( -1.890000000000013891, 0.2999999999999999889, 1.134999999999999121 ) ) ;
#5874 = COLOUR_RGB ( '',0.5019607843137254832, 0.5019607843137254832, 0.5019607843137254832 ) ;
#5875 = MECHANICAL_DESIGN_GEOMETRIC_PRESENTATION_REPRESENTATION (  '', ( #6524 ), #6420 ) ;
#5876 = DIRECTION ( 'NONE',  ( 0.000000000000000000, -0.000000000000000000, 1.000000000000000000 ) ) ;
#5877 = VERTEX_POINT ( 'NONE', #220 ) ;
#5878 = COLOUR_RGB ( '',0.7921568627450980005, 0.8196078431372548767, 0.9333333333333333481 ) ;
#5879 = DIRECTION ( 'NONE',  ( 1.000000000000000000, -0.000000000000000000, -0.000000000000000000 ) ) ;
#5880 = EDGE_CURVE ( 'NONE', #2764, #3071, #2760, .T. ) ;
#5881 = DIRECTION ( 'NONE',  ( 1.000000000000000000, -0.000000000000000000, 1.560003125878423623E-16 ) ) ;
#5882 =( NAMED_UNIT ( * ) SI_UNIT ( $, .STERADIAN. ) SOLID_ANGLE_UNIT ( ) );
#5883 =( GEOMETRIC_REPRESENTATION_CONTEXT ( 3 ) GLOBAL_UNCERTAINTY_ASSIGNED_CONTEXT ( ( #55 ) ) GLOBAL_UNIT_ASSIGNED_CONTEXT ( ( #4248, #4802, #6357 ) ) REPRESENTATION_CONTEXT ( 'NONE', 'WORKASPACE' ) );
#5884 = DIRECTION ( 'NONE',  ( -0.000000000000000000, 0.000000000000000000, 1.000000000000000000 ) ) ;
#5885 = VECTOR ( 'NONE', #93, 1000.000000000000000 ) ;
#5886 = EDGE_LOOP ( 'NONE', ( #1138, #1622, #1828 ) ) ;
#5887 =( NAMED_UNIT ( * ) SI_UNIT ( $, .STERADIAN. ) SOLID_ANGLE_UNIT ( ) );
#5888 = PRESENTATION_LAYER_ASSIGNMENT (  '', '', ( #5244 ) ) ;
#5889 = DIRECTION ( 'NONE',  ( -2.146934995020799746E-16, -0.000000000000000000, 1.000000000000000000 ) ) ;
#5890 = PRESENTATION_STYLE_ASSIGNMENT (( #1816 ) ) ;
#5891 = AXIS2_PLACEMENT_3D ( 'NONE', #501, #983, #4732 ) ;
#5892 = EDGE_LOOP ( 'NONE', ( #1456, #3644, #2841, #3495 ) ) ;
#5893 =( NAMED_UNIT ( * ) PLANE_ANGLE_UNIT ( ) SI_UNIT ( $, .RADIAN. ) );
#5894 = DIRECTION ( 'NONE',  ( 2.146934995020800733E-16, 0.000000000000000000, -1.000000000000000000 ) ) ;
#5895 = FILL_AREA_STYLE ('',( #4332 ) ) ;
#5896 = VECTOR ( 'NONE', #1636, 1000.000000000000000 ) ;
#5897 = SURFACE_STYLE_FILL_AREA ( #3360 ) ;
#5898 = PRESENTATION_LAYER_ASSIGNMENT (  '', '', ( #896 ) ) ;
#5899 = ORIENTED_EDGE ( 'NONE', *, *, #713, .T. ) ;
#5900 = PRESENTATION_LAYER_ASSIGNMENT (  '', '', ( #3046 ) ) ;
#5901 = ORIENTED_EDGE ( 'NONE', *, *, #958, .T. ) ;
#5902 = CARTESIAN_POINT ( 'NONE',  ( 2.390000000000026770, 0.000000000000000000, -0.1250000000000001110 ) ) ;
#5903 = SURFACE_STYLE_FILL_AREA ( #1734 ) ;
#5904 =( NAMED_UNIT ( * ) SI_UNIT ( $, .STERADIAN. ) SOLID_ANGLE_UNIT ( ) );
#5905 = LINE ( 'NONE', #593, #2119 ) ;
#5906 = FILL_AREA_STYLE_COLOUR ( '', #4805 ) ;
#5907 = MECHANICAL_DESIGN_GEOMETRIC_PRESENTATION_REPRESENTATION (  '', ( #3388 ), #25 ) ;
#5908 = SURFACE_STYLE_USAGE ( .BOTH. , #699 ) ;
#5909 = EDGE_CURVE ( 'NONE', #5230, #2833, #1150, .T. ) ;
#5910 = UNCERTAINTY_MEASURE_WITH_UNIT (LENGTH_MEASURE( 1.000000000000000082E-05 ), #2220, 'distance_accuracy_value', 'NONE');
#5911 = ORIENTED_EDGE ( 'NONE', *, *, #4794, .F. ) ;
#5912 = VECTOR ( 'NONE', #369, 1000.000000000000000 ) ;
#5913 = FILL_AREA_STYLE ('',( #3830 ) ) ;
#5914 =( LENGTH_UNIT ( ) NAMED_UNIT ( * ) SI_UNIT ( .MILLI., .METRE. ) );
#5915 = DIRECTION ( 'NONE',  ( -1.000000000000000000, 0.000000000000000000, -0.000000000000000000 ) ) ;
#5916 = FILL_AREA_STYLE_COLOUR ( '', #4177 ) ;
#5917 = EDGE_CURVE ( 'NONE', #1081, #1455, #6428, .T. ) ;
#5918 = DIRECTION ( 'NONE',  ( 1.000000000000000000, 0.000000000000000000, 2.146934995020800486E-16 ) ) ;
#5919 = EDGE_CURVE ( 'NONE', #3397, #2859, #3799, .T. ) ;
#5920 = VECTOR ( 'NONE', #1535, 1000.000000000000000 ) ;
#5921 = ADVANCED_FACE ( 'NONE', ( #2152 ), #6356, .F. ) ;
#5922 = UNCERTAINTY_MEASURE_WITH_UNIT (LENGTH_MEASURE( 1.000000000000000082E-05 ), #5573, 'distance_accuracy_value', 'NONE');
#5923 = VERTEX_POINT ( 'NONE', #119 ) ;
#5924 = PRESENTATION_LAYER_ASSIGNMENT (  '', '', ( #6466 ) ) ;
#5925 = CARTESIAN_POINT ( 'NONE',  ( -1.389999999999999902, 0.000000000000000000, -2.390000000000000568 ) ) ;
#5926 = CARTESIAN_POINT ( 'NONE',  ( 0.1000000000000005052, 0.5999999999999999778, 0.8500000000000000888 ) ) ;
#5927 =( NAMED_UNIT ( * ) SI_UNIT ( $, .STERADIAN. ) SOLID_ANGLE_UNIT ( ) );
#5928 = SURFACE_STYLE_FILL_AREA ( #5324 ) ;
#5929 = VERTEX_POINT ( 'NONE', #1675 ) ;
#5930 = CARTESIAN_POINT ( 'NONE',  ( 0.8500000000000003109, 0.7599999999999998979, -0.1000000000000000056 ) ) ;
#5931 = ORIENTED_EDGE ( 'NONE', *, *, #166, .T. ) ;
#5932 = CARTESIAN_POINT ( 'NONE',  ( 0.8500000000000003109, 0.7599999999999998979, 0.09999999999999970024 ) ) ;
#5933 = SURFACE_STYLE_USAGE ( .BOTH. , #4780 ) ;
#5934 = DIRECTION ( 'NONE',  ( -0.000000000000000000, 0.000000000000000000, 1.000000000000000000 ) ) ;
#5935 = FACE_OUTER_BOUND ( 'NONE', #2242, .T. ) ;
#5936 = CARTESIAN_POINT ( 'NONE',  ( 2.390000000000013003, 0.2999999999999999889, 1.135000000000000009 ) ) ;
#5937 = EDGE_LOOP ( 'NONE', ( #2802, #6370, #2645, #670 ) ) ;
#5938 = DIRECTION ( 'NONE',  ( 0.000000000000000000, 0.000000000000000000, 1.000000000000000000 ) ) ;
#5939 = CARTESIAN_POINT ( 'NONE',  ( -1.389999999999999902, 0.2999999999999999889, -0.6300000000000000044 ) ) ;
#5940 = FACE_OUTER_BOUND ( 'NONE', #6596, .T. ) ;
#5941 = COLOUR_RGB ( '',0.03921568627450980338, 0.4901960784313725283, 0.7098039215686274828 ) ;
#5942 = ORIENTED_EDGE ( 'NONE', *, *, #4110, .F. ) ;
#5943 = EDGE_LOOP ( 'NONE', ( #2950, #5088, #4654, #2251 ) ) ;
#5944 = CARTESIAN_POINT ( 'NONE',  ( 0.1000000000000002137, 0.5999999999999999778, -0.8500000000000000888 ) ) ;
#5945 = CARTESIAN_POINT ( 'NONE',  ( -1.389999999999999902, 0.2999999999999999889, -0.6300000000000000044 ) ) ;
#5946 = CARTESIAN_POINT ( 'NONE',  ( 0.8500000000000004219, 0.5999999999999999778, 0.8499999999999998668 ) ) ;
#5947 =( NAMED_UNIT ( * ) PLANE_ANGLE_UNIT ( ) SI_UNIT ( $, .RADIAN. ) );
#5948 = LINE ( 'NONE', #1214, #4910 ) ;
#5949 = COLOUR_RGB ( '',1.000000000000000000, 1.000000000000000000, 0.000000000000000000 ) ;
#5950 = VERTEX_POINT ( 'NONE', #602 ) ;
#5951 = SURFACE_STYLE_USAGE ( .BOTH. , #6557 ) ;
#5952 = VECTOR ( 'NONE', #5830, 1000.000000000000000 ) ;
#5953 =( LENGTH_UNIT ( ) NAMED_UNIT ( * ) SI_UNIT ( .MILLI., .METRE. ) );
#5954 = ADVANCED_FACE ( 'NONE', ( #4280 ), #734, .F. ) ;
#5955 = CARTESIAN_POINT ( 'NONE',  ( -1.389999999999999902, 0.000000000000000000, -0.6300000000000000044 ) ) ;
#5956 =( LENGTH_UNIT ( ) NAMED_UNIT ( * ) SI_UNIT ( .MILLI., .METRE. ) );
#5957 = SURFACE_STYLE_FILL_AREA ( #2767 ) ;
#5958 = PRESENTATION_LAYER_ASSIGNMENT (  '', '', ( #6272 ) ) ;
#5959 = FILL_AREA_STYLE_COLOUR ( '', #5949 ) ;
#5960 = ORIENTED_EDGE ( 'NONE', *, *, #2899, .F. ) ;
#5961 = DIRECTION ( 'NONE',  ( -0.000000000000000000, -0.000000000000000000, 1.000000000000000000 ) ) ;
#5962 = AXIS2_PLACEMENT_3D ( 'NONE', #6608, #6065, #6577 ) ;
#5963 = CARTESIAN_POINT ( 'NONE',  ( 2.390000000000013003, 0.000000000000000000, 1.135000000000000009 ) ) ;
#5964 = CARTESIAN_POINT ( 'NONE',  ( 2.390000000000000124, 0.2999999999999999889, 2.395000000000000018 ) ) ;
#5965 = COLOUR_RGB ( '',0.5019607843137254832, 0.5019607843137254832, 0.5019607843137254832 ) ;
#5966 = ORIENTED_EDGE ( 'NONE', *, *, #5302, .T. ) ;
#5967 =( LENGTH_UNIT ( ) NAMED_UNIT ( * ) SI_UNIT ( .MILLI., .METRE. ) );
#5968 = PLANE ( 'NONE',  #5746 ) ;
#5969 = SURFACE_STYLE_FILL_AREA ( #244 ) ;
#5970 = DIRECTION ( 'NONE',  ( -8.673617379884035472E-16, 0.000000000000000000, 1.000000000000000000 ) ) ;
#5971 =( LENGTH_UNIT ( ) NAMED_UNIT ( * ) SI_UNIT ( .MILLI., .METRE. ) );
#5972 = SURFACE_STYLE_FILL_AREA ( #5151 ) ;
#5973 = SURFACE_STYLE_FILL_AREA ( #3463 ) ;
#5974 = VERTEX_POINT ( 'NONE', #3497 ) ;
#5975 = CARTESIAN_POINT ( 'NONE',  ( -1.890000000000038982, 0.2999999999999999889, -2.395000000000000462 ) ) ;
#5976 =( NAMED_UNIT ( * ) PLANE_ANGLE_UNIT ( ) SI_UNIT ( $, .RADIAN. ) );
#5977 =( LENGTH_UNIT ( ) NAMED_UNIT ( * ) SI_UNIT ( .MILLI., .METRE. ) );
#5978 = PLANE ( 'NONE',  #1422 ) ;
#5979 = UNCERTAINTY_MEASURE_WITH_UNIT (LENGTH_MEASURE( 1.000000000000000082E-05 ), #5851, 'distance_accuracy_value', 'NONE');
#5980 = UNCERTAINTY_MEASURE_WITH_UNIT (LENGTH_MEASURE( 1.000000000000000082E-05 ), #1282, 'distance_accuracy_value', 'NONE');
#5981 = VECTOR ( 'NONE', #5551, 1000.000000000000000 ) ;
#5982 = ORIENTED_EDGE ( 'NONE', *, *, #4205, .F. ) ;
#5983 = CARTESIAN_POINT ( 'NONE',  ( 1.890000000000013447, 0.2999999999999999889, 1.135000000000000009 ) ) ;
#5984 =( LENGTH_UNIT ( ) NAMED_UNIT ( * ) SI_UNIT ( .MILLI., .METRE. ) );
#5985 = LINE ( 'NONE', #4437, #4063 ) ;
#5986 =( NAMED_UNIT ( * ) PLANE_ANGLE_UNIT ( ) SI_UNIT ( $, .RADIAN. ) );
#5987 = SURFACE_STYLE_FILL_AREA ( #2331 ) ;
#5988 =( NAMED_UNIT ( * ) PLANE_ANGLE_UNIT ( ) SI_UNIT ( $, .RADIAN. ) );
#5989 = VECTOR ( 'NONE', #986, 1000.000000000000000 ) ;
#5990 = UNCERTAINTY_MEASURE_WITH_UNIT (LENGTH_MEASURE( 1.000000000000000082E-05 ), #4778, 'distance_accuracy_value', 'NONE');
#5991 = ADVANCED_FACE ( 'NONE', ( #385 ), #447, .T. ) ;
#5992 = ORIENTED_EDGE ( 'NONE', *, *, #1087, .T. ) ;
#5993 = CARTESIAN_POINT ( 'NONE',  ( 0.8500000000000003109, 0.7599999999999998979, -0.1000000000000000056 ) ) ;
#5994 = VECTOR ( 'NONE', #4038, 1000.000000000000000 ) ;
#5995 = FACE_OUTER_BOUND ( 'NONE', #2581, .T. ) ;
#5996 = CARTESIAN_POINT ( 'NONE',  ( -2.390000000000026770, 0.000000000000000000, -0.1250000000000009714 ) ) ;
#5997 = DIRECTION ( 'NONE',  ( 0.000000000000000000, -1.000000000000000000, 0.000000000000000000 ) ) ;
#5998 = EDGE_CURVE ( 'NONE', #2725, #2986, #4729, .T. ) ;
#5999 = ADVANCED_FACE ( 'NONE', ( #1921 ), #5051, .F. ) ;
#6000 = COLOUR_RGB ( '',0.5019607843137254832, 0.5019607843137254832, 0.5019607843137254832 ) ;
#6001 = EDGE_CURVE ( 'NONE', #709, #1489, #1461, .T. ) ;
#6002 = ORIENTED_EDGE ( 'NONE', *, *, #3362, .T. ) ;
#6003 = VECTOR ( 'NONE', #6280, 1000.000000000000000 ) ;
#6004 = LINE ( 'NONE', #2374, #3780 ) ;
#6005 = CARTESIAN_POINT ( 'NONE',  ( 2.500000000000000000, 0.7599999999999972333, -1.029992063861222704E-15 ) ) ;
#6006 = DIRECTION ( 'NONE',  ( -1.264902534566421675E-16, -0.000000000000000000, -1.000000000000000000 ) ) ;
#6007 = COLOUR_RGB ( '',0.5019607843137254832, 0.5019607843137254832, 0.5019607843137254832 ) ;
#6008 = FACE_OUTER_BOUND ( 'NONE', #96, .T. ) ;
#6009 = FACE_OUTER_BOUND ( 'NONE', #3078, .T. ) ;
#6010 = MECHANICAL_DESIGN_GEOMETRIC_PRESENTATION_REPRESENTATION (  '', ( #4591 ), #457 ) ;
#6011 = AXIS2_PLACEMENT_3D ( 'NONE', #2925, #6069, #4944 ) ;
#6012 = ORIENTED_EDGE ( 'NONE', *, *, #5170, .T. ) ;
#6013 = CARTESIAN_POINT ( 'NONE',  ( -2.390000000000038760, 0.000000000000000000, -2.395000000000000462 ) ) ;
#6014 = LINE ( 'NONE', #6460, #4817 ) ;
#6015 = PRESENTATION_STYLE_ASSIGNMENT (( #2897 ) ) ;
#6016 = DIRECTION ( 'NONE',  ( 1.000000000000000000, -0.000000000000000000, 0.000000000000000000 ) ) ;
#6017 =( GEOMETRIC_REPRESENTATION_CONTEXT ( 3 ) GLOBAL_UNCERTAINTY_ASSIGNED_CONTEXT ( ( #731 ) ) GLOBAL_UNIT_ASSIGNED_CONTEXT ( ( #4599, #2596, #1017 ) ) REPRESENTATION_CONTEXT ( 'NONE', 'WORKASPACE' ) );
#6018 = FILL_AREA_STYLE_COLOUR ( '', #268 ) ;
#6019 = PLANE ( 'NONE',  #1338 ) ;
#6020 = CARTESIAN_POINT ( 'NONE',  ( -0.1000000000000002137, 0.7599999999999998979, 0.8500000000000000888 ) ) ;
#6021 = LINE ( 'NONE', #2999, #2823 ) ;
#6022 = CARTESIAN_POINT ( 'NONE',  ( 1.389999999999998570, 0.2999999999999999889, 2.389999999999999680 ) ) ;
#6023 = VERTEX_POINT ( 'NONE', #415 ) ;
#6024 = VECTOR ( 'NONE', #2541, 1000.000000000000000 ) ;
#6025 = ORIENTED_EDGE ( 'NONE', *, *, #1520, .T. ) ;
#6026 = CARTESIAN_POINT ( 'NONE',  ( 2.390000000000026770, 0.000000000000000000, -0.1250000000000001110 ) ) ;
#6027 = VECTOR ( 'NONE', #3621, 1000.000000000000000 ) ;
#6028 = SURFACE_SIDE_STYLE ('',( #4472 ) ) ;
#6029 = DIRECTION ( 'NONE',  ( 1.000000000000000000, -0.000000000000000000, 2.891205793294678326E-16 ) ) ;
#6030 = DIRECTION ( 'NONE',  ( -1.264902534566421675E-16, 0.000000000000000000, -1.000000000000000000 ) ) ;
#6031 = CARTESIAN_POINT ( 'NONE',  ( 0.1000000000000002970, 0.7599999999999998979, -0.1000000000000000056 ) ) ;
#6032 = STYLED_ITEM ( 'NONE', ( #2745 ), #6243 ) ;
#6033 = EDGE_LOOP ( 'NONE', ( #5238, #507, #610, #950 ) ) ;
#6034 = PLANE ( 'NONE',  #841 ) ;
#6035 = PLANE ( 'NONE',  #5962 ) ;
#6036 = EDGE_CURVE ( 'NONE', #1512, #1015, #1958, .T. ) ;
#6037 = CARTESIAN_POINT ( 'NONE',  ( -0.8500000000000003109, 0.7599999999999998979, -0.1000000000000000056 ) ) ;
#6038 =( NAMED_UNIT ( * ) PLANE_ANGLE_UNIT ( ) SI_UNIT ( $, .RADIAN. ) );
#6039 = FILL_AREA_STYLE ('',( #6581 ) ) ;
#6040 = EDGE_CURVE ( 'NONE', #103, #1527, #6611, .T. ) ;
#6041 = EDGE_CURVE ( 'NONE', #5974, #524, #4018, .T. ) ;
#6042 = DIRECTION ( 'NONE',  ( 0.000000000000000000, 1.000000000000000000, 0.000000000000000000 ) ) ;
#6043 = STYLED_ITEM ( 'NONE', ( #6236 ), #6626 ) ;
#6044 = ORIENTED_EDGE ( 'NONE', *, *, #4947, .F. ) ;
#6045 = DIRECTION ( 'NONE',  ( 1.000000000000000000, 0.000000000000000000, 0.000000000000000000 ) ) ;
#6046 = MECHANICAL_DESIGN_GEOMETRIC_PRESENTATION_REPRESENTATION (  '', ( #6148 ), #1679 ) ;
#6047 = FACE_OUTER_BOUND ( 'NONE', #6226, .T. ) ;
#6048 = DIRECTION ( 'NONE',  ( 1.000000000000000000, 0.000000000000000000, -2.349104707051926109E-16 ) ) ;
#6049 =( NAMED_UNIT ( * ) SI_UNIT ( $, .STERADIAN. ) SOLID_ANGLE_UNIT ( ) );
#6050 = SURFACE_SIDE_STYLE ('',( #1901 ) ) ;
#6051 = FACE_OUTER_BOUND ( 'NONE', #3885, .T. ) ;
#6052 = VECTOR ( 'NONE', #4103, 1000.000000000000000 ) ;
#6053 = CARTESIAN_POINT ( 'NONE',  ( -2.390000000000026770, 0.2999999999999999889, -1.135000000000001119 ) ) ;
#6054 =( GEOMETRIC_REPRESENTATION_CONTEXT ( 3 ) GLOBAL_UNCERTAINTY_ASSIGNED_CONTEXT ( ( #5990 ) ) GLOBAL_UNIT_ASSIGNED_CONTEXT ( ( #4778, #4297, #3776 ) ) REPRESENTATION_CONTEXT ( 'NONE', 'WORKASPACE' ) );
#6055 = EDGE_LOOP ( 'NONE', ( #4104, #1066, #5438, #2460 ) ) ;
#6056 = LINE ( 'NONE', #6026, #3697 ) ;
#6057 = PRESENTATION_LAYER_ASSIGNMENT (  '', '', ( #4447 ) ) ;
#6058 = CARTESIAN_POINT ( 'NONE',  ( -0.1000000000000002137, 0.7599999999999998979, 0.8500000000000000888 ) ) ;
#6059 = CLOSED_SHELL ( 'NONE', ( #2391, #5168, #1811, #2812, #5125, #1972 ) ) ;
#6060 = VECTOR ( 'NONE', #6105, 1000.000000000000000 ) ;
#6061 = ORIENTED_EDGE ( 'NONE', *, *, #4803, .F. ) ;
#6062 = ORIENTED_EDGE ( 'NONE', *, *, #6041, .T. ) ;
#6063 = CARTESIAN_POINT ( 'NONE',  ( -2.390000000000013003, 0.2999999999999999889, 1.134999999999999121 ) ) ;
#6064 = AXIS2_PLACEMENT_3D ( 'NONE', #5932, #5454, #234 ) ;
#6065 = DIRECTION ( 'NONE',  ( 0.000000000000000000, 0.000000000000000000, 1.000000000000000000 ) ) ;
#6066 = SURFACE_SIDE_STYLE ('',( #2402 ) ) ;
#6067 =( LENGTH_UNIT ( ) NAMED_UNIT ( * ) SI_UNIT ( .MILLI., .METRE. ) );
#6068 = DIRECTION ( 'NONE',  ( -2.146934995020802705E-16, -0.000000000000000000, 1.000000000000000000 ) ) ;
#6069 = DIRECTION ( 'NONE',  ( 0.000000000000000000, 1.000000000000000000, 0.000000000000000000 ) ) ;
#6070 = EDGE_CURVE ( 'NONE', #6268, #5877, #6098, .T. ) ;
#6071 = VERTEX_POINT ( 'NONE', #4055 ) ;
#6072 = ORIENTED_EDGE ( 'NONE', *, *, #5081, .F. ) ;
#6073 = EDGE_CURVE ( 'NONE', #3733, #850, #2985, .T. ) ;
#6074 = PRESENTATION_LAYER_ASSIGNMENT (  '', '', ( #5096 ) ) ;
#6075 = FILL_AREA_STYLE ('',( #2990 ) ) ;
#6076 = FILL_AREA_STYLE_COLOUR ( '', #874 ) ;
#6077 = DIRECTION ( 'NONE',  ( -1.000000000000000000, 0.000000000000000000, 0.000000000000000000 ) ) ;
#6078 = AXIS2_PLACEMENT_3D ( 'NONE', #4991, #3905, #1309 ) ;
#6079 = ADVANCED_FACE ( 'NONE', ( #6723 ), #3602, .T. ) ;
#6080 = LINE ( 'NONE', #295, #586 ) ;
#6081 = FILL_AREA_STYLE_COLOUR ( '', #470 ) ;
#6082 = PLANE ( 'NONE',  #768 ) ;
#6083 = DIRECTION ( 'NONE',  ( 0.000000000000000000, -1.000000000000000000, 0.000000000000000000 ) ) ;
#6084 = VECTOR ( 'NONE', #4362, 1000.000000000000000 ) ;
#6085 = LINE ( 'NONE', #6627, #6052 ) ;
#6086 = ORIENTED_EDGE ( 'NONE', *, *, #250, .F. ) ;
#6087 = PRESENTATION_STYLE_ASSIGNMENT (( #6503 ) ) ;
#6088 = CARTESIAN_POINT ( 'NONE',  ( 0.1000000000000003247, 0.7599999999999998979, 0.09999999999999997780 ) ) ;
#6089 = PLANE ( 'NONE',  #6458 ) ;
#6090 = PRESENTATION_LAYER_ASSIGNMENT (  '', '', ( #3135 ) ) ;
#6091 = SURFACE_STYLE_FILL_AREA ( #4533 ) ;
#6092 = EDGE_LOOP ( 'NONE', ( #2284, #1194, #5515, #3424 ) ) ;
#6093 = ORIENTED_EDGE ( 'NONE', *, *, #5419, .F. ) ;
#6094 = DIRECTION ( 'NONE',  ( 1.000000000000000000, -0.000000000000000000, -0.000000000000000000 ) ) ;
#6095 = DIRECTION ( 'NONE',  ( -0.7071067811865474617, -0.000000000000000000, -0.7071067811865475727 ) ) ;
#6096 = PLANE ( 'NONE',  #2366 ) ;
#6097 =( LENGTH_UNIT ( ) NAMED_UNIT ( * ) SI_UNIT ( .MILLI., .METRE. ) );
#6098 = LINE ( 'NONE', #963, #5480 ) ;
#6099 = VECTOR ( 'NONE', #69, 1000.000000000000000 ) ;
#6100 = LINE ( 'NONE', #1427, #131 ) ;
#6101 =( NAMED_UNIT ( * ) SI_UNIT ( $, .STERADIAN. ) SOLID_ANGLE_UNIT ( ) );
#6102 = ORIENTED_EDGE ( 'NONE', *, *, #324, .T. ) ;
#6103 = ORIENTED_EDGE ( 'NONE', *, *, #6709, .T. ) ;
#6104 = STYLED_ITEM ( 'NONE', ( #1071 ), #3192 ) ;
#6105 = DIRECTION ( 'NONE',  ( -2.146934995020799746E-16, -0.000000000000000000, 1.000000000000000000 ) ) ;
#6106 =( NAMED_UNIT ( * ) SI_UNIT ( $, .STERADIAN. ) SOLID_ANGLE_UNIT ( ) );
#6107 =( NAMED_UNIT ( * ) PLANE_ANGLE_UNIT ( ) SI_UNIT ( $, .RADIAN. ) );
#6108 = STYLED_ITEM ( 'NONE', ( #6647 ), #416 ) ;
#6109 = MECHANICAL_DESIGN_GEOMETRIC_PRESENTATION_REPRESENTATION (  '', ( #1426 ), #4042 ) ;
#6110 = UNCERTAINTY_MEASURE_WITH_UNIT (LENGTH_MEASURE( 1.000000000000000082E-05 ), #1825, 'distance_accuracy_value', 'NONE');
#6111 = STYLED_ITEM ( 'NONE', ( #2750 ), #5128 ) ;
#6112 = PRESENTATION_LAYER_ASSIGNMENT (  '', '', ( #2299 ) ) ;
#6113 = EDGE_CURVE ( 'NONE', #1980, #659, #5666, .T. ) ;
#6114 = DIRECTION ( 'NONE',  ( 0.000000000000000000, -0.000000000000000000, 1.000000000000000000 ) ) ;
#6115 = DIRECTION ( 'NONE',  ( -1.000000000000000000, 0.000000000000000000, -0.000000000000000000 ) ) ;
#6116 = ADVANCED_FACE ( 'NONE', ( #5301, #5192, #67, #1522, #5702 ), #3751, .F. ) ;
#6117 = DIRECTION ( 'NONE',  ( 0.000000000000000000, -0.000000000000000000, 1.000000000000000000 ) ) ;
#6118 = EDGE_CURVE ( 'NONE', #1329, #901, #5764, .T. ) ;
#6119 = UNCERTAINTY_MEASURE_WITH_UNIT (LENGTH_MEASURE( 1.000000000000000082E-05 ), #535, 'distance_accuracy_value', 'NONE');
#6120 = ORIENTED_EDGE ( 'NONE', *, *, #5172, .T. ) ;
#6121 = ORIENTED_EDGE ( 'NONE', *, *, #1207, .T. ) ;
#6122 = FILL_AREA_STYLE ('',( #1483 ) ) ;
#6123 = PRESENTATION_LAYER_ASSIGNMENT (  '', '', ( #1644 ) ) ;
#6124 = FILL_AREA_STYLE ('',( #402 ) ) ;
#6125 = DIRECTION ( 'NONE',  ( -0.000000000000000000, -1.000000000000000000, -0.000000000000000000 ) ) ;
#6126 = PLANE ( 'NONE',  #2042 ) ;
#6127 = PRESENTATION_STYLE_ASSIGNMENT (( #5435 ) ) ;
#6128 = ORIENTED_EDGE ( 'NONE', *, *, #4250, .F. ) ;
#6129 = STYLED_ITEM ( 'NONE', ( #2905 ), #5796 ) ;
#6130 =( GEOMETRIC_REPRESENTATION_CONTEXT ( 3 ) GLOBAL_UNCERTAINTY_ASSIGNED_CONTEXT ( ( #4365 ) ) GLOBAL_UNIT_ASSIGNED_CONTEXT ( ( #6425, #1746, #3858 ) ) REPRESENTATION_CONTEXT ( 'NONE', 'WORKASPACE' ) );
#6131 = EDGE_LOOP ( 'NONE', ( #6233, #3739, #3818, #3955 ) ) ;
#6132 = DIRECTION ( 'NONE',  ( 1.000000000000000000, 0.000000000000000000, 0.000000000000000000 ) ) ;
#6133 = LINE ( 'NONE', #2952, #2302 ) ;
#6134 =( LENGTH_UNIT ( ) NAMED_UNIT ( * ) SI_UNIT ( .MILLI., .METRE. ) );
#6135 =( GEOMETRIC_REPRESENTATION_CONTEXT ( 3 ) GLOBAL_UNCERTAINTY_ASSIGNED_CONTEXT ( ( #260 ) ) GLOBAL_UNIT_ASSIGNED_CONTEXT ( ( #5352, #6389, #2287 ) ) REPRESENTATION_CONTEXT ( 'NONE', 'WORKASPACE' ) );
#6136 = CARTESIAN_POINT ( 'NONE',  ( 2.500000000000000000, 0.5999999999999999778, -2.500000000000000444 ) ) ;
#6137 = CARTESIAN_POINT ( 'NONE',  ( -0.1000000000000002970, 0.5999999999999999778, 0.1000000000000000333 ) ) ;
#6138 =( NAMED_UNIT ( * ) PLANE_ANGLE_UNIT ( ) SI_UNIT ( $, .RADIAN. ) );
#6139 = VECTOR ( 'NONE', #342, 1000.000000000000000 ) ;
#6140 = ORIENTED_EDGE ( 'NONE', *, *, #532, .F. ) ;
#6141 = ORIENTED_EDGE ( 'NONE', *, *, #5917, .F. ) ;
#6142 = VERTEX_POINT ( 'NONE', #2576 ) ;
#6143 = DIRECTION ( 'NONE',  ( 2.146934995020800733E-16, 0.000000000000000000, -1.000000000000000000 ) ) ;
#6144 =( LENGTH_UNIT ( ) NAMED_UNIT ( * ) SI_UNIT ( .MILLI., .METRE. ) );
#6145 = FILL_AREA_STYLE_COLOUR ( '', #5076 ) ;
#6146 = AXIS2_PLACEMENT_3D ( 'NONE', #2216, #3959, #6448 ) ;
#6147 = LINE ( 'NONE', #4065, #4025 ) ;
#6148 = STYLED_ITEM ( 'NONE', ( #3676 ), #6654 ) ;
#6149 = LINE ( 'NONE', #1376, #6287 ) ;
#6150 = FILL_AREA_STYLE_COLOUR ( '', #5161 ) ;
#6151 = FILL_AREA_STYLE ('',( #2557 ) ) ;
#6152 = SURFACE_STYLE_USAGE ( .BOTH. , #1119 ) ;
#6153 = PRESENTATION_STYLE_ASSIGNMENT (( #4467 ) ) ;
#6154 = LINE ( 'NONE', #6190, #3654 ) ;
#6155 = EDGE_CURVE ( 'NONE', #701, #6382, #549, .T. ) ;
#6156 = ORIENTED_EDGE ( 'NONE', *, *, #1178, .T. ) ;
#6157 = EDGE_CURVE ( 'NONE', #5950, #4378, #5333, .T. ) ;
#6158 = SURFACE_SIDE_STYLE ('',( #1983 ) ) ;
#6159 = DIRECTION ( 'NONE',  ( -1.000000000000000000, -0.000000000000000000, -0.000000000000000000 ) ) ;
#6160 = CARTESIAN_POINT ( 'NONE',  ( -2.500000000000000888, 0.000000000000000000, -2.500000000000000444 ) ) ;
#6161 = PLANE ( 'NONE',  #5637 ) ;
#6162 = CARTESIAN_POINT ( 'NONE',  ( -1.890000000000039204, 0.000000000000000000, -1.385000000000001341 ) ) ;
#6163 = SURFACE_SIDE_STYLE ('',( #2534 ) ) ;
#6164 = DIRECTION ( 'NONE',  ( -1.000000000000000000, 0.000000000000000000, -8.673617379884035472E-16 ) ) ;
#6165 = ORIENTED_EDGE ( 'NONE', *, *, #878, .T. ) ;
#6166 = VECTOR ( 'NONE', #2023, 1000.000000000000000 ) ;
#6167 = VERTEX_POINT ( 'NONE', #36 ) ;
#6168 = PRESENTATION_LAYER_ASSIGNMENT (  '', '', ( #2344 ) ) ;
#6169 = PLANE ( 'NONE',  #6269 ) ;
#6170 =( LENGTH_UNIT ( ) NAMED_UNIT ( * ) SI_UNIT ( .MILLI., .METRE. ) );
#6171 = CLOSED_SHELL ( 'NONE', ( #6079, #5716, #2556 ) ) ;
#6172 = PLANE ( 'NONE',  #135 ) ;
#6173 = DIRECTION ( 'NONE',  ( -8.673617379884035472E-16, 0.000000000000000000, 1.000000000000000000 ) ) ;
#6174 = CARTESIAN_POINT ( 'NONE',  ( -1.890000000000000790, 0.000000000000000000, 1.384999999999999121 ) ) ;
#6175 = DIRECTION ( 'NONE',  ( 0.000000000000000000, 0.000000000000000000, -1.000000000000000000 ) ) ;
#6176 =( NAMED_UNIT ( * ) PLANE_ANGLE_UNIT ( ) SI_UNIT ( $, .RADIAN. ) );
#6177 = STYLED_ITEM ( 'NONE', ( #1002 ), #4374 ) ;
#6178 = EDGE_LOOP ( 'NONE', ( #5181, #2707, #4749, #4905 ) ) ;
#6179 = ORIENTED_EDGE ( 'NONE', *, *, #6155, .F. ) ;
#6180 = ORIENTED_EDGE ( 'NONE', *, *, #1925, .F. ) ;
#6181 = CARTESIAN_POINT ( 'NONE',  ( -1.890000000000001013, 0.000000000000000000, 2.394999999999999574 ) ) ;
#6182 =( NAMED_UNIT ( * ) SI_UNIT ( $, .STERADIAN. ) SOLID_ANGLE_UNIT ( ) );
#6183 = STYLED_ITEM ( 'NONE', ( #4608 ), #4473 ) ;
#6184 = VECTOR ( 'NONE', #1, 1000.000000000000000 ) ;
#6185 = COLOUR_RGB ( '',0.5019607843137254832, 0.5019607843137254832, 0.5019607843137254832 ) ;
#6186 = FACE_OUTER_BOUND ( 'NONE', #3253, .T. ) ;
#6187 = FILL_AREA_STYLE ('',( #4627 ) ) ;
#6188 = UNCERTAINTY_MEASURE_WITH_UNIT (LENGTH_MEASURE( 1.000000000000000082E-05 ), #4321, 'distance_accuracy_value', 'NONE');
#6189 = UNCERTAINTY_MEASURE_WITH_UNIT (LENGTH_MEASURE( 1.000000000000000082E-05 ), #6134, 'distance_accuracy_value', 'NONE');
#6190 = CARTESIAN_POINT ( 'NONE',  ( -1.890000000000013891, 0.000000000000000000, 1.134999999999999121 ) ) ;
#6191 = ORIENTED_EDGE ( 'NONE', *, *, #3564, .F. ) ;
#6192 = AXIS2_PLACEMENT_3D ( 'NONE', #5609, #5487, #6030 ) ;
#6193 = CARTESIAN_POINT ( 'NONE',  ( -0.1000000000000002970, 0.7599999999999998979, 0.1000000000000000333 ) ) ;
#6194 =( LENGTH_UNIT ( ) NAMED_UNIT ( * ) SI_UNIT ( .MILLI., .METRE. ) );
#6195 = DIRECTION ( 'NONE',  ( -1.000000000000000000, 0.000000000000000000, 0.000000000000000000 ) ) ;
#6196 = COLOUR_RGB ( '',0.5019607843137254832, 0.5019607843137254832, 0.5019607843137254832 ) ;
#6197 = DIRECTION ( 'NONE',  ( 0.000000000000000000, -1.000000000000000000, 0.000000000000000000 ) ) ;
#6198 = VERTEX_POINT ( 'NONE', #2104 ) ;
#6199 = EDGE_CURVE ( 'NONE', #4196, #3576, #1587, .T. ) ;
#6200 = ORIENTED_EDGE ( 'NONE', *, *, #843, .T. ) ;
#6201 = VECTOR ( 'NONE', #4556, 1000.000000000000000 ) ;
#6202 = CARTESIAN_POINT ( 'NONE',  ( 0.000000000000000000, 0.000000000000000000, 0.000000000000000000 ) ) ;
#6203 = AXIS2_PLACEMENT_3D ( 'NONE', #5852, #3249, #1213 ) ;
#6204 = SURFACE_STYLE_FILL_AREA ( #4225 ) ;
#6205 = DIRECTION ( 'NONE',  ( 0.000000000000000000, -1.000000000000000000, 0.000000000000000000 ) ) ;
#6206 = FILL_AREA_STYLE ('',( #5298 ) ) ;
#6207 = DIRECTION ( 'NONE',  ( 0.000000000000000000, -1.000000000000000000, 0.000000000000000000 ) ) ;
#6208 = EDGE_CURVE ( 'NONE', #1996, #4748, #3159, .T. ) ;
#6209 = EDGE_CURVE ( 'NONE', #5001, #113, #204, .T. ) ;
#6210 = EDGE_CURVE ( 'NONE', #4921, #4899, #2307, .T. ) ;
#6211 = DIRECTION ( 'NONE',  ( 0.000000000000000000, 1.000000000000000000, 0.000000000000000000 ) ) ;
#6212 = EDGE_CURVE ( 'NONE', #837, #5268, #1796, .T. ) ;
#6213 = ORIENTED_EDGE ( 'NONE', *, *, #6369, .F. ) ;
#6214 = ORIENTED_EDGE ( 'NONE', *, *, #1812, .T. ) ;
#6215 = EDGE_LOOP ( 'NONE', ( #1818, #41, #5113, #2884 ) ) ;
#6216 =( LENGTH_UNIT ( ) NAMED_UNIT ( * ) SI_UNIT ( .MILLI., .METRE. ) );
#6217 = SURFACE_STYLE_FILL_AREA ( #1006 ) ;
#6218 =( LENGTH_UNIT ( ) NAMED_UNIT ( * ) SI_UNIT ( .MILLI., .METRE. ) );
#6219 = MECHANICAL_DESIGN_GEOMETRIC_PRESENTATION_REPRESENTATION (  '', ( #5245 ), #230 ) ;
#6220 = CARTESIAN_POINT ( 'NONE',  ( -2.390000000000013003, 0.2999999999999999889, 0.1249999999999990286 ) ) ;
#6221 =( GEOMETRIC_REPRESENTATION_CONTEXT ( 3 ) GLOBAL_UNCERTAINTY_ASSIGNED_CONTEXT ( ( #800 ) ) GLOBAL_UNIT_ASSIGNED_CONTEXT ( ( #2972, #4966, #6565 ) ) REPRESENTATION_CONTEXT ( 'NONE', 'WORKASPACE' ) );
#6222 = DIRECTION ( 'NONE',  ( -0.000000000000000000, 0.000000000000000000, 1.000000000000000000 ) ) ;
#6223 = COLOUR_RGB ( '',0.9686274509803921573, 0.8784313725490195957, 0.5999999999999999778 ) ;
#6224 = AXIS2_PLACEMENT_3D ( 'NONE', #1109, #3684, #555 ) ;
#6225 = VECTOR ( 'NONE', #1833, 1000.000000000000000 ) ;
#6226 = EDGE_LOOP ( 'NONE', ( #1964, #3500, #3001, #276 ) ) ;
#6227 = PRESENTATION_STYLE_ASSIGNMENT (( #536 ) ) ;
#6228 = DIRECTION ( 'NONE',  ( 0.000000000000000000, 0.000000000000000000, -1.000000000000000000 ) ) ;
#6229 = LINE ( 'NONE', #3038, #4679 ) ;
#6230 = ORIENTED_EDGE ( 'NONE', *, *, #5837, .F. ) ;
#6231 = SURFACE_SIDE_STYLE ('',( #6752 ) ) ;
#6232 = COLOUR_RGB ( '',1.000000000000000000, 1.000000000000000000, 0.000000000000000000 ) ;
#6233 = ORIENTED_EDGE ( 'NONE', *, *, #5665, .F. ) ;
#6234 = PLANE ( 'NONE',  #1052 ) ;
#6235 = DIRECTION ( 'NONE',  ( 2.146934995020800486E-16, 0.000000000000000000, -1.000000000000000000 ) ) ;
#6236 = PRESENTATION_STYLE_ASSIGNMENT (( #2171 ) ) ;
#6237 = DIRECTION ( 'NONE',  ( -1.000000000000000000, 0.000000000000000000, 0.000000000000000000 ) ) ;
#6238 = SURFACE_STYLE_USAGE ( .BOTH. , #5736 ) ;
#6239 = ORIENTED_EDGE ( 'NONE', *, *, #363, .T. ) ;
#6240 = ORIENTED_EDGE ( 'NONE', *, *, #2650, .F. ) ;
#6241 = ORIENTED_EDGE ( 'NONE', *, *, #4431, .T. ) ;
#6242 =( NAMED_UNIT ( * ) PLANE_ANGLE_UNIT ( ) SI_UNIT ( $, .RADIAN. ) );
#6243 = ADVANCED_FACE ( 'NONE', ( #1826 ), #1324, .F. ) ;
#6244 = VECTOR ( 'NONE', #4455, 1000.000000000000000 ) ;
#6245 = PLANE ( 'NONE',  #3469 ) ;
#6246 = PRESENTATION_STYLE_ASSIGNMENT (( #6655 ) ) ;
#6247 = UNCERTAINTY_MEASURE_WITH_UNIT (LENGTH_MEASURE( 1.000000000000000082E-05 ), #3820, 'distance_accuracy_value', 'NONE');
#6248 = ORIENTED_EDGE ( 'NONE', *, *, #2813, .F. ) ;
#6249 = FACE_BOUND ( 'NONE', #6713, .T. ) ;
#6250 = CARTESIAN_POINT ( 'NONE',  ( 0.1000000000000002137, 0.7599999999999998979, -0.8500000000000000888 ) ) ;
#6251 = FILL_AREA_STYLE ('',( #5720 ) ) ;
#6252 = UNCERTAINTY_MEASURE_WITH_UNIT (LENGTH_MEASURE( 1.000000000000000082E-05 ), #4665, 'distance_accuracy_value', 'NONE');
#6253 = ORIENTED_EDGE ( 'NONE', *, *, #5458, .F. ) ;
#6254 = CARTESIAN_POINT ( 'NONE',  ( -1.890000000000000790, 0.000000000000000000, 1.384999999999999121 ) ) ;
#6255 = LINE ( 'NONE', #6746, #102 ) ;
#6256 = CARTESIAN_POINT ( 'NONE',  ( -0.1000000000000002970, 0.7599999999999998979, 0.1000000000000000333 ) ) ;
#6257 = EDGE_LOOP ( 'NONE', ( #3662, #5561, #3796, #1729 ) ) ;
#6258 = ORIENTED_EDGE ( 'NONE', *, *, #3136, .T. ) ;
#6259 = LINE ( 'NONE', #2538, #6714 ) ;
#6260 = SURFACE_STYLE_USAGE ( .BOTH. , #1057 ) ;
#6261 = FACE_OUTER_BOUND ( 'NONE', #2141, .T. ) ;
#6262 = LINE ( 'NONE', #1584, #1922 ) ;
#6263 =( NAMED_UNIT ( * ) SI_UNIT ( $, .STERADIAN. ) SOLID_ANGLE_UNIT ( ) );
#6264 =( NAMED_UNIT ( * ) PLANE_ANGLE_UNIT ( ) SI_UNIT ( $, .RADIAN. ) );
#6265 = VERTEX_POINT ( 'NONE', #5489 ) ;
#6266 = STYLED_ITEM ( 'NONE', ( #2492 ), #1252 ) ;
#6267 = VERTEX_POINT ( 'NONE', #5964 ) ;
#6268 = VERTEX_POINT ( 'NONE', #6440 ) ;
#6269 = AXIS2_PLACEMENT_3D ( 'NONE', #5799, #4260, #6335 ) ;
#6270 = ORIENTED_EDGE ( 'NONE', *, *, #5909, .F. ) ;
#6271 = SURFACE_SIDE_STYLE ('',( #46 ) ) ;
#6272 = STYLED_ITEM ( 'NONE', ( #4186 ), #915 ) ;
#6273 = CARTESIAN_POINT ( 'NONE',  ( 1.890000000000026326, 0.2999999999999999889, -0.1250000000000001110 ) ) ;
#6274 =( NAMED_UNIT ( * ) SI_UNIT ( $, .STERADIAN. ) SOLID_ANGLE_UNIT ( ) );
#6275 = EDGE_CURVE ( 'NONE', #5531, #5929, #3882, .T. ) ;
#6276 = CARTESIAN_POINT ( 'NONE',  ( -2.390000000000001013, 0.000000000000000000, 2.394999999999999130 ) ) ;
#6277 = EDGE_CURVE ( 'NONE', #2957, #6669, #3917, .T. ) ;
#6278 = EDGE_LOOP ( 'NONE', ( #3646, #5588, #4769, #989 ) ) ;
#6279 = CARTESIAN_POINT ( 'NONE',  ( 2.390000000000039648, 0.000000000000000000, -1.385000000000000453 ) ) ;
#6281 = VECTOR ( 'NONE', #6402, 1000.000000000000000 ) ;
#6280 = DIRECTION ( 'NONE',  ( -0.000000000000000000, -1.000000000000000000, -0.000000000000000000 ) ) ;
#6282 = DIRECTION ( 'NONE',  ( 0.000000000000000000, 0.000000000000000000, 1.000000000000000000 ) ) ;
#6283 = ADVANCED_FACE ( 'NONE', ( #3266 ), #1261, .F. ) ;
#6284 = SURFACE_SIDE_STYLE ('',( #3098 ) ) ;
#6285 = EDGE_CURVE ( 'NONE', #2454, #774, #6570, .T. ) ;
#6286 = EDGE_CURVE ( 'NONE', #3146, #1988, #889, .T. ) ;
#6287 = VECTOR ( 'NONE', #939, 1000.000000000000000 ) ;
#6288 = EDGE_LOOP ( 'NONE', ( #2814, #94, #4937, #4567 ) ) ;
#6289 = PLANE ( 'NONE',  #2603 ) ;
#6290 = FACE_OUTER_BOUND ( 'NONE', #6033, .T. ) ;
#6291 = ORIENTED_EDGE ( 'NONE', *, *, #6323, .F. ) ;
#6292 = CARTESIAN_POINT ( 'NONE',  ( -2.390000000000001013, 0.000000000000000000, 1.384999999999999121 ) ) ;
#6293 = VERTEX_POINT ( 'NONE', #6636 ) ;
#6294 = PRESENTATION_LAYER_ASSIGNMENT (  '', '', ( #3685 ) ) ;
#6295 = DIRECTION ( 'NONE',  ( 0.000000000000000000, -0.000000000000000000, 1.000000000000000000 ) ) ;
#6296 =( LENGTH_UNIT ( ) NAMED_UNIT ( * ) SI_UNIT ( .MILLI., .METRE. ) );
#6297 = CARTESIAN_POINT ( 'NONE',  ( 2.390000000000026770, 0.000000000000000000, -0.1250000000000001110 ) ) ;
#6298 = DIRECTION ( 'NONE',  ( -0.000000000000000000, -1.000000000000000000, -0.000000000000000000 ) ) ;
#6299 = CARTESIAN_POINT ( 'NONE',  ( -2.390000000000026770, 0.2999999999999999889, -1.135000000000001119 ) ) ;
#6300 = FILL_AREA_STYLE ('',( #1691 ) ) ;
#6301 = CARTESIAN_POINT ( 'NONE',  ( 0.1000000000000002137, 0.5999999999999999778, -0.8500000000000000888 ) ) ;
#6302 = ORIENTED_EDGE ( 'NONE', *, *, #3479, .T. ) ;
#6303 = ORIENTED_EDGE ( 'NONE', *, *, #2232, .T. ) ;
#6304 = VERTEX_POINT ( 'NONE', #923 ) ;
#6305 = CARTESIAN_POINT ( 'NONE',  ( 2.390000000000000124, 0.000000000000000000, 2.395000000000000018 ) ) ;
#6306 = DIRECTION ( 'NONE',  ( -1.000000000000000000, 0.000000000000000000, -2.146934995020800486E-16 ) ) ;
#6307 = PRESENTATION_STYLE_ASSIGNMENT (( #428 ) ) ;
#6308 =( NAMED_UNIT ( * ) PLANE_ANGLE_UNIT ( ) SI_UNIT ( $, .RADIAN. ) );
#6309 = MECHANICAL_DESIGN_GEOMETRIC_PRESENTATION_REPRESENTATION (  '', ( #3363 ), #666 ) ;
#6310 = CARTESIAN_POINT ( 'NONE',  ( 0.000000000000000000, 0.2999999999999999889, 0.000000000000000000 ) ) ;
#6311 = PRESENTATION_LAYER_ASSIGNMENT (  '', '', ( #4021 ) ) ;
#6312 = VERTEX_POINT ( 'NONE', #4048 ) ;
#6313 =( GEOMETRIC_REPRESENTATION_CONTEXT ( 3 ) GLOBAL_UNCERTAINTY_ASSIGNED_CONTEXT ( ( #2763 ) ) GLOBAL_UNIT_ASSIGNED_CONTEXT ( ( #3023, #2475, #109 ) ) REPRESENTATION_CONTEXT ( 'NONE', 'WORKASPACE' ) );
#6314 = LINE ( 'NONE', #2084, #2901 ) ;
#6315 = CARTESIAN_POINT ( 'NONE',  ( 2.390000000000013003, 0.2999999999999999889, 1.135000000000000009 ) ) ;
#6316 = CARTESIAN_POINT ( 'NONE',  ( 0.8500000000000003109, 0.5999999999999999778, 0.09999999999999970024 ) ) ;
#6317 = PRESENTATION_STYLE_ASSIGNMENT (( #4353 ) ) ;
#6318 = VECTOR ( 'NONE', #2388, 1000.000000000000000 ) ;
#6319 = COLOUR_RGB ( '',0.9686274509803921573, 0.8784313725490195957, 0.5999999999999999778 ) ;
#6320 = UNCERTAINTY_MEASURE_WITH_UNIT (LENGTH_MEASURE( 1.000000000000000082E-05 ), #1712, 'distance_accuracy_value', 'NONE');
#6321 = ORIENTED_EDGE ( 'NONE', *, *, #5081, .T. ) ;
#6322 = VECTOR ( 'NONE', #2773, 1000.000000000000000 ) ;
#6323 = EDGE_CURVE ( 'NONE', #4748, #5877, #5610, .T. ) ;
#6324 = MECHANICAL_DESIGN_GEOMETRIC_PRESENTATION_REPRESENTATION (  '', ( #5022 ), #679 ) ;
#6325 = DIRECTION ( 'NONE',  ( 0.7071067811865474617, -0.000000000000000000, -0.7071067811865474617 ) ) ;
#6326 = ADVANCED_FACE ( 'NONE', ( #5553 ), #4507, .T. ) ;
#6327 = EDGE_CURVE ( 'NONE', #5815, #3291, #3951, .T. ) ;
#6328 = FILL_AREA_STYLE ('',( #1755 ) ) ;
#6329 = FILL_AREA_STYLE ('',( #1157 ) ) ;
#6330 = PRESENTATION_LAYER_ASSIGNMENT (  '', '', ( #6653 ) ) ;
#6331 = ORIENTED_EDGE ( 'NONE', *, *, #5074, .T. ) ;
#6332 = PRESENTATION_LAYER_ASSIGNMENT (  '', '', ( #1531 ) ) ;
#6333 = PLANE ( 'NONE',  #3985 ) ;
#6334 = VERTEX_POINT ( 'NONE', #3423 ) ;
#6335 = DIRECTION ( 'NONE',  ( 2.146934995020802458E-16, 0.000000000000000000, -1.000000000000000000 ) ) ;
#6336 = VECTOR ( 'NONE', #4345, 1000.000000000000000 ) ;
#6337 = LINE ( 'NONE', #3746, #2496 ) ;
#6338 = CARTESIAN_POINT ( 'NONE',  ( -2.390000000000026770, 0.2999999999999999889, -0.1250000000000009714 ) ) ;
#6339 = CARTESIAN_POINT ( 'NONE',  ( 0.000000000000000000, 0.2999999999999999889, 0.000000000000000000 ) ) ;
#6340 =( NAMED_UNIT ( * ) PLANE_ANGLE_UNIT ( ) SI_UNIT ( $, .RADIAN. ) );
#6341 = VECTOR ( 'NONE', #6029, 1000.000000000000000 ) ;
#6342 = EDGE_LOOP ( 'NONE', ( #1308, #1526, #3085, #6500 ) ) ;
#6343 = ORIENTED_EDGE ( 'NONE', *, *, #675, .T. ) ;
#6344 = LINE ( 'NONE', #2815, #5523 ) ;
#6345 = SURFACE_SIDE_STYLE ('',( #4271 ) ) ;
#6346 =( NAMED_UNIT ( * ) PLANE_ANGLE_UNIT ( ) SI_UNIT ( $, .RADIAN. ) );
#6347 = CARTESIAN_POINT ( 'NONE',  ( -2.390000000000001013, 0.2999999999999999889, 2.394999999999999130 ) ) ;
#6348 = VECTOR ( 'NONE', #2386, 1000.000000000000000 ) ;
#6349 = FILL_AREA_STYLE_COLOUR ( '', #3867 ) ;
#6350 = VECTOR ( 'NONE', #1439, 1000.000000000000000 ) ;
#6351 = CARTESIAN_POINT ( 'NONE',  ( 1.890000000000013447, 0.2999999999999999889, 1.135000000000000009 ) ) ;
#6352 = VERTEX_POINT ( 'NONE', #372 ) ;
#6353 = AXIS2_PLACEMENT_3D ( 'NONE', #3173, #1534, #3655 ) ;
#6354 = CARTESIAN_POINT ( 'NONE',  ( 1.890000000000039648, 0.000000000000000000, -1.385000000000000453 ) ) ;
#6355 = LINE ( 'NONE', #4631, #6003 ) ;
#6356 = PLANE ( 'NONE',  #5390 ) ;
#6357 =( NAMED_UNIT ( * ) SI_UNIT ( $, .STERADIAN. ) SOLID_ANGLE_UNIT ( ) );
#6358 = COLOUR_RGB ( '',1.000000000000000000, 1.000000000000000000, 1.000000000000000000 ) ;
#6359 = CARTESIAN_POINT ( 'NONE',  ( -2.390000000000038760, 0.2999999999999999889, -1.385000000000001341 ) ) ;
#6360 = VECTOR ( 'NONE', #1358, 1000.000000000000000 ) ;
#6361 = VERTEX_POINT ( 'NONE', #1386 ) ;
#6362 = DIRECTION ( 'NONE',  ( 0.000000000000000000, -1.355252715606876993E-15, -1.000000000000000000 ) ) ;
#6363 = SURFACE_STYLE_USAGE ( .BOTH. , #227 ) ;
#6364 = COLOUR_RGB ( '',0.7921568627450980005, 0.8196078431372548767, 0.9333333333333333481 ) ;
#6365 = ORIENTED_EDGE ( 'NONE', *, *, #1933, .F. ) ;
#6366 = ADVANCED_FACE ( 'NONE', ( #5522 ), #856, .T. ) ;
#6367 = ADVANCED_FACE ( 'NONE', ( #5473 ), #6490, .F. ) ;
#6368 = LINE ( 'NONE', #1687, #5624 ) ;
#6369 = EDGE_CURVE ( 'NONE', #5923, #1170, #2328, .T. ) ;
#6370 = ORIENTED_EDGE ( 'NONE', *, *, #6698, .F. ) ;
#6371 = FILL_AREA_STYLE ('',( #2265 ) ) ;
#6372 = STYLED_ITEM ( 'NONE', ( #3781 ), #6666 ) ;
#6373 =( NAMED_UNIT ( * ) SI_UNIT ( $, .STERADIAN. ) SOLID_ANGLE_UNIT ( ) );
#6374 = CARTESIAN_POINT ( 'NONE',  ( 0.1000000000000003247, 0.5999999999999999778, 0.09999999999999997780 ) ) ;
#6375 = DIRECTION ( 'NONE',  ( 0.000000000000000000, -1.000000000000000000, 0.000000000000000000 ) ) ;
#6376 = CARTESIAN_POINT ( 'NONE',  ( -1.890000000000026104, 0.2999999999999999889, -1.135000000000001119 ) ) ;
#6377 =( NAMED_UNIT ( * ) PLANE_ANGLE_UNIT ( ) SI_UNIT ( $, .RADIAN. ) );
#6378 =( GEOMETRIC_REPRESENTATION_CONTEXT ( 3 ) GLOBAL_UNCERTAINTY_ASSIGNED_CONTEXT ( ( #1871 ) ) GLOBAL_UNIT_ASSIGNED_CONTEXT ( ( #4239, #1177, #3723 ) ) REPRESENTATION_CONTEXT ( 'NONE', 'WORKASPACE' ) );
#6379 = ORIENTED_EDGE ( 'NONE', *, *, #998, .T. ) ;
#6380 = EDGE_CURVE ( 'NONE', #1170, #2957, #4401, .T. ) ;
#6381 = EDGE_LOOP ( 'NONE', ( #3550, #451, #3280, #5237 ) ) ;
#6382 = VERTEX_POINT ( 'NONE', #2385 ) ;
#6383 = LINE ( 'NONE', #3012, #3887 ) ;
#6384 = PRESENTATION_STYLE_ASSIGNMENT (( #5233 ) ) ;
#6385 = UNCERTAINTY_MEASURE_WITH_UNIT (LENGTH_MEASURE( 1.000000000000000082E-05 ), #971, 'distance_accuracy_value', 'NONE');
#6386 = ORIENTED_EDGE ( 'NONE', *, *, #6277, .F. ) ;
#6387 = LINE ( 'NONE', #5349, #1545 ) ;
#6388 = PRESENTATION_LAYER_ASSIGNMENT (  '', '', ( #844 ) ) ;
#6389 =( NAMED_UNIT ( * ) PLANE_ANGLE_UNIT ( ) SI_UNIT ( $, .RADIAN. ) );
#6390 = CARTESIAN_POINT ( 'NONE',  ( 2.390000000000026770, 0.2999999999999999889, -0.1250000000000001110 ) ) ;
#6391 =( GEOMETRIC_REPRESENTATION_CONTEXT ( 3 ) GLOBAL_UNCERTAINTY_ASSIGNED_CONTEXT ( ( #2551 ) ) GLOBAL_UNIT_ASSIGNED_CONTEXT ( ( #6216, #6242, #5270 ) ) REPRESENTATION_CONTEXT ( 'NONE', 'WORKASPACE' ) );
#6392 = FILL_AREA_STYLE_COLOUR ( '', #2389 ) ;
#6393 = UNCERTAINTY_MEASURE_WITH_UNIT (LENGTH_MEASURE( 1.000000000000000082E-05 ), #5956, 'distance_accuracy_value', 'NONE');
#6394 = PRESENTATION_LAYER_ASSIGNMENT (  '', '', ( #2570 ) ) ;
#6395 = ORIENTED_EDGE ( 'NONE', *, *, #1695, .F. ) ;
#6396 = CARTESIAN_POINT ( 'NONE',  ( -1.890000000000001013, 0.2999999999999999889, 2.394999999999999574 ) ) ;
#6397 = STYLED_ITEM ( 'NONE', ( #4174 ), #4026 ) ;
#6398 = SURFACE_STYLE_FILL_AREA ( #5859 ) ;
#6399 = AXIS2_PLACEMENT_3D ( 'NONE', #1639, #3043, #4638 ) ;
#6400 = ORIENTED_EDGE ( 'NONE', *, *, #5503, .T. ) ;
#6401 =( GEOMETRIC_REPRESENTATION_CONTEXT ( 3 ) GLOBAL_UNCERTAINTY_ASSIGNED_CONTEXT ( ( #737 ) ) GLOBAL_UNIT_ASSIGNED_CONTEXT ( ( #4884, #1776, #769 ) ) REPRESENTATION_CONTEXT ( 'NONE', 'WORKASPACE' ) );
#6402 = DIRECTION ( 'NONE',  ( 1.000000000000000000, -0.000000000000000000, -0.000000000000000000 ) ) ;
#6403 = DIRECTION ( 'NONE',  ( 2.349104707051926109E-16, 0.000000000000000000, 1.000000000000000000 ) ) ;
#6404 = PRESENTATION_STYLE_ASSIGNMENT (( #3879 ) ) ;
#6405 = LINE ( 'NONE', #3845, #5765 ) ;
#6406 = FILL_AREA_STYLE ('',( #5430 ) ) ;
#6407 = EDGE_CURVE ( 'NONE', #2552, #160, #4436, .T. ) ;
#6408 = MECHANICAL_DESIGN_GEOMETRIC_PRESENTATION_REPRESENTATION (  '', ( #6108 ), #5334 ) ;
#6409 = CARTESIAN_POINT ( 'NONE',  ( -1.890000000000026104, 0.2999999999999999889, -1.135000000000001119 ) ) ;
#6410 = VECTOR ( 'NONE', #6207, 1000.000000000000000 ) ;
#6411 = EDGE_LOOP ( 'NONE', ( #3433, #4164, #1913, #2128 ) ) ;
#6412 = EDGE_LOOP ( 'NONE', ( #4639, #4406, #5627, #2163 ) ) ;
#6413 = ADVANCED_FACE ( 'NONE', ( #6526 ), #3167, .F. ) ;
#6414 = EDGE_CURVE ( 'NONE', #1035, #2301, #5773, .T. ) ;
#6415 = LINE ( 'NONE', #5494, #2398 ) ;
#6416 = CARTESIAN_POINT ( 'NONE',  ( -1.890000000000001013, 0.2999999999999999889, 2.394999999999999574 ) ) ;
#6417 = VECTOR ( 'NONE', #2236, 1000.000000000000000 ) ;
#6418 = EDGE_CURVE ( 'NONE', #2339, #4604, #5905, .T. ) ;
#6419 = FACE_OUTER_BOUND ( 'NONE', #5886, .T. ) ;
#6420 =( GEOMETRIC_REPRESENTATION_CONTEXT ( 3 ) GLOBAL_UNCERTAINTY_ASSIGNED_CONTEXT ( ( #2159 ) ) GLOBAL_UNIT_ASSIGNED_CONTEXT ( ( #2631, #57, #5692 ) ) REPRESENTATION_CONTEXT ( 'NONE', 'WORKASPACE' ) );
#6421 = PLANE ( 'NONE',  #791 ) ;
#6422 = ORIENTED_EDGE ( 'NONE', *, *, #1854, .F. ) ;
#6423 = STYLED_ITEM ( 'NONE', ( #495 ), #2197 ) ;
#6424 = SURFACE_STYLE_FILL_AREA ( #5502 ) ;
#6425 =( LENGTH_UNIT ( ) NAMED_UNIT ( * ) SI_UNIT ( .MILLI., .METRE. ) );
#6426 = SURFACE_STYLE_USAGE ( .BOTH. , #1778 ) ;
#6427 = STYLED_ITEM ( 'NONE', ( #6015 ), #2391 ) ;
#6428 = LINE ( 'NONE', #1710, #476 ) ;
#6429 = PRESENTATION_STYLE_ASSIGNMENT (( #1676 ) ) ;
#6430 = VECTOR ( 'NONE', #6449, 1000.000000000000000 ) ;
#6431 = ORIENTED_EDGE ( 'NONE', *, *, #4028, .T. ) ;
#6432 = DIRECTION ( 'NONE',  ( 0.000000000000000000, -0.000000000000000000, 1.000000000000000000 ) ) ;
#6433 = SURFACE_STYLE_FILL_AREA ( #1191 ) ;
#6434 = DIRECTION ( 'NONE',  ( 2.146934995020800733E-16, 0.000000000000000000, -1.000000000000000000 ) ) ;
#6435 = DIRECTION ( 'NONE',  ( 1.000000000000000000, 0.000000000000000000, 2.721846458122605600E-16 ) ) ;
#6436 = VERTEX_POINT ( 'NONE', #2649 ) ;
#6437 = DIRECTION ( 'NONE',  ( -1.445602896647340396E-16, 0.000000000000000000, -1.000000000000000000 ) ) ;
#6438 = COLOUR_RGB ( '',0.9686274509803921573, 0.8784313725490195957, 0.5999999999999999778 ) ;
#6439 = FILL_AREA_STYLE_COLOUR ( '', #387 ) ;
#6440 = CARTESIAN_POINT ( 'NONE',  ( 0.1000000000000003247, 0.7599999999999998979, 0.09999999999999997780 ) ) ;
#6441 = PRESENTATION_LAYER_ASSIGNMENT (  '', '', ( #2190 ) ) ;
#6442 =( GEOMETRIC_REPRESENTATION_CONTEXT ( 3 ) GLOBAL_UNCERTAINTY_ASSIGNED_CONTEXT ( ( #3854 ) ) GLOBAL_UNIT_ASSIGNED_CONTEXT ( ( #2616, #6346, #5844 ) ) REPRESENTATION_CONTEXT ( 'NONE', 'WORKASPACE' ) );
#6443 = ORIENTED_EDGE ( 'NONE', *, *, #2110, .F. ) ;
#6444 = ORIENTED_EDGE ( 'NONE', *, *, #668, .T. ) ;
#6445 = AXIS2_PLACEMENT_3D ( 'NONE', #2183, #2281, #2787 ) ;
#6446 = FILL_AREA_STYLE_COLOUR ( '', #3986 ) ;
#6447 = SURFACE_SIDE_STYLE ('',( #5903 ) ) ;
#6448 = DIRECTION ( 'NONE',  ( 0.000000000000000000, -0.000000000000000000, 1.000000000000000000 ) ) ;
#6449 = DIRECTION ( 'NONE',  ( -0.000000000000000000, -0.000000000000000000, 1.000000000000000000 ) ) ;
#6450 = MECHANICAL_DESIGN_GEOMETRIC_PRESENTATION_REPRESENTATION (  '', ( #3604 ), #1226 ) ;
#6451 = ADVANCED_FACE ( 'NONE', ( #1112 ), #4198, .T. ) ;
#6452 = EDGE_CURVE ( 'NONE', #5808, #4389, #1595, .T. ) ;
#6453 = UNCERTAINTY_MEASURE_WITH_UNIT (LENGTH_MEASURE( 1.000000000000000082E-05 ), #6170, 'distance_accuracy_value', 'NONE');
#6454 = ORIENTED_EDGE ( 'NONE', *, *, #6418, .F. ) ;
#6455 = EDGE_CURVE ( 'NONE', #4114, #6167, #628, .T. ) ;
#6456 = VERTEX_POINT ( 'NONE', #108 ) ;
#6457 = ADVANCED_FACE ( 'NONE', ( #4273 ), #2617, .F. ) ;
#6458 = AXIS2_PLACEMENT_3D ( 'NONE', #6537, #1320, #1418 ) ;
#6459 = PLANE ( 'NONE',  #4518 ) ;
#6460 = CARTESIAN_POINT ( 'NONE',  ( 1.389999999999999902, 0.2999999999999999889, -2.390000000000000124 ) ) ;
#6461 =( NAMED_UNIT ( * ) SI_UNIT ( $, .STERADIAN. ) SOLID_ANGLE_UNIT ( ) );
#6462 = DIRECTION ( 'NONE',  ( 2.146934995020800486E-16, 0.000000000000000000, -1.000000000000000000 ) ) ;
#6463 = UNCERTAINTY_MEASURE_WITH_UNIT (LENGTH_MEASURE( 1.000000000000000082E-05 ), #4752, 'distance_accuracy_value', 'NONE');
#6464 = ORIENTED_EDGE ( 'NONE', *, *, #6498, .F. ) ;
#6465 =( NAMED_UNIT ( * ) SI_UNIT ( $, .STERADIAN. ) SOLID_ANGLE_UNIT ( ) );
#6466 = STYLED_ITEM ( 'NONE', ( #2713 ), #6116 ) ;
#6467 = CARTESIAN_POINT ( 'NONE',  ( 1.890000000000013669, 0.2999999999999999889, 0.1249999999999998890 ) ) ;
#6468 = SURFACE_STYLE_USAGE ( .BOTH. , #266 ) ;
#6469 = LINE ( 'NONE', #3872, #6084 ) ;
#6470 = CARTESIAN_POINT ( 'NONE',  ( 1.890000000000000346, 0.2999999999999999889, 1.385000000000000009 ) ) ;
#6471 = UNCERTAINTY_MEASURE_WITH_UNIT (LENGTH_MEASURE( 1.000000000000000082E-05 ), #5967, 'distance_accuracy_value', 'NONE');
#6472 = FACE_OUTER_BOUND ( 'NONE', #2583, .T. ) ;
#6473 = ORIENTED_EDGE ( 'NONE', *, *, #2852, .F. ) ;
#6474 = PRESENTATION_STYLE_ASSIGNMENT (( #136 ) ) ;
#6475 = DIRECTION ( 'NONE',  ( -0.000000000000000000, -1.000000000000000000, -0.000000000000000000 ) ) ;
#6476 = CARTESIAN_POINT ( 'NONE',  ( -2.500000000000000888, 0.5999999999999999778, 2.500000000000000444 ) ) ;
#6477 = PLANE ( 'NONE',  #1560 ) ;
#6478 = ORIENTED_EDGE ( 'NONE', *, *, #1175, .T. ) ;
#6479 =( NAMED_UNIT ( * ) PLANE_ANGLE_UNIT ( ) SI_UNIT ( $, .RADIAN. ) );
#6480 = LINE ( 'NONE', #2458, #5989 ) ;
#6481 = MECHANICAL_DESIGN_GEOMETRIC_PRESENTATION_REPRESENTATION (  '', ( #1669 ), #4747 ) ;
#6482 = LINE ( 'NONE', #249, #6225 ) ;
#6483 = ORIENTED_EDGE ( 'NONE', *, *, #5170, .F. ) ;
#6484 = CARTESIAN_POINT ( 'NONE',  ( 0.1000000000000002970, 0.7599999999999998979, -0.1000000000000000056 ) ) ;
#6485 = SURFACE_SIDE_STYLE ('',( #2219 ) ) ;
#6486 = PRESENTATION_STYLE_ASSIGNMENT (( #6426 ) ) ;
#6487 = FILL_AREA_STYLE ('',( #3014 ) ) ;
#6488 = EDGE_CURVE ( 'NONE', #3041, #1093, #279, .T. ) ;
#6489 = VERTEX_POINT ( 'NONE', #4979 ) ;
#6490 = PLANE ( 'NONE',  #498 ) ;
#6491 =( GEOMETRIC_REPRESENTATION_CONTEXT ( 3 ) GLOBAL_UNCERTAINTY_ASSIGNED_CONTEXT ( ( #6665 ) ) GLOBAL_UNIT_ASSIGNED_CONTEXT ( ( #5842, #4417, #4823 ) ) REPRESENTATION_CONTEXT ( 'NONE', 'WORKASPACE' ) );
#6492 = PLANE ( 'NONE',  #6078 ) ;
#6493 = SURFACE_STYLE_FILL_AREA ( #5475 ) ;
#6494 = EDGE_CURVE ( 'NONE', #3502, #2510, #2888, .T. ) ;
#6495 =( LENGTH_UNIT ( ) NAMED_UNIT ( * ) SI_UNIT ( .MILLI., .METRE. ) );
#6496 =( LENGTH_UNIT ( ) NAMED_UNIT ( * ) SI_UNIT ( .MILLI., .METRE. ) );
#6497 = COLOUR_RGB ( '',1.000000000000000000, 1.000000000000000000, 1.000000000000000000 ) ;
#6498 = EDGE_CURVE ( 'NONE', #901, #3231, #4383, .T. ) ;
#6499 = LINE ( 'NONE', #5479, #4545 ) ;
#6500 = ORIENTED_EDGE ( 'NONE', *, *, #3438, .T. ) ;
#6501 = CARTESIAN_POINT ( 'NONE',  ( -1.389999999999999902, 0.2999999999999999889, 0.6299999999999998934 ) ) ;
#6502 =( LENGTH_UNIT ( ) NAMED_UNIT ( * ) SI_UNIT ( .MILLI., .METRE. ) );
#6503 = SURFACE_STYLE_USAGE ( .BOTH. , #6028 ) ;
#6504 = CARTESIAN_POINT ( 'NONE',  ( 0.8500000000000003109, 0.7599999999999998979, -0.1000000000000000056 ) ) ;
#6505 = CARTESIAN_POINT ( 'NONE',  ( 1.890000000000000124, 0.2999999999999999889, 2.395000000000000018 ) ) ;
#6506 = CARTESIAN_POINT ( 'NONE',  ( 1.890000000000026326, 0.2999999999999999889, -0.1250000000000001110 ) ) ;
#6507 = VECTOR ( 'NONE', #2639, 1000.000000000000000 ) ;
#6508 = STYLED_ITEM ( 'NONE', ( #3896 ), #4201 ) ;
#6509 = ORIENTED_EDGE ( 'NONE', *, *, #1854, .T. ) ;
#6510 = CARTESIAN_POINT ( 'NONE',  ( -1.890000000000026326, 0.000000000000000000, -0.1250000000000009714 ) ) ;
#6511 = MANIFOLD_SOLID_BREP ( 'Boss-Extrude4[3]', #3541 ) ;
#6512 = VECTOR ( 'NONE', #5225, 1000.000000000000000 ) ;
#6513 = FILL_AREA_STYLE_COLOUR ( '', #2834 ) ;
#6514 = LINE ( 'NONE', #5375, #912 ) ;
#6515 = CARTESIAN_POINT ( 'NONE',  ( -1.890000000000026104, 0.2999999999999999889, -1.135000000000001119 ) ) ;
#6516 = LINE ( 'NONE', #766, #4824 ) ;
#6517 = ORIENTED_EDGE ( 'NONE', *, *, #2728, .T. ) ;
#6518 = ORIENTED_EDGE ( 'NONE', *, *, #540, .F. ) ;
#6519 = SURFACE_STYLE_USAGE ( .BOTH. , #1835 ) ;
#6520 = DIRECTION ( 'NONE',  ( 0.000000000000000000, -1.000000000000000000, 0.000000000000000000 ) ) ;
#6521 = DIRECTION ( 'NONE',  ( -0.000000000000000000, 0.000000000000000000, 1.000000000000000000 ) ) ;
#6522 = FACE_OUTER_BOUND ( 'NONE', #2346, .T. ) ;
#6523 = LINE ( 'NONE', #5536, #4144 ) ;
#6524 = STYLED_ITEM ( 'NONE', ( #1049 ), #2022 ) ;
#6525 = COLOUR_RGB ( '',0.5019607843137254832, 0.5019607843137254832, 0.5019607843137254832 ) ;
#6526 = FACE_OUTER_BOUND ( 'NONE', #2748, .T. ) ;
#6527 = DIRECTION ( 'NONE',  ( -1.000000000000000000, 0.000000000000000000, 5.782411586589357639E-16 ) ) ;
#6528 =( LENGTH_UNIT ( ) NAMED_UNIT ( * ) SI_UNIT ( .MILLI., .METRE. ) );
#6529 = ADVANCED_FACE ( 'NONE', ( #6008 ), #1772, .F. ) ;
#6530 = DIRECTION ( 'NONE',  ( 2.146934995020802458E-16, 0.000000000000000000, -1.000000000000000000 ) ) ;
#6531 = ORIENTED_EDGE ( 'NONE', *, *, #3610, .F. ) ;
#6532 = EDGE_CURVE ( 'NONE', #2958, #42, #2819, .T. ) ;
#6533 = FILL_AREA_STYLE ('',( #4407 ) ) ;
#6534 = CARTESIAN_POINT ( 'NONE',  ( -1.890000000000013891, 0.2999999999999999889, 1.134999999999999121 ) ) ;
#6535 = AXIS2_PLACEMENT_3D ( 'NONE', #780, #3293, #1685 ) ;
#6536 =( LENGTH_UNIT ( ) NAMED_UNIT ( * ) SI_UNIT ( .MILLI., .METRE. ) );
#6537 = CARTESIAN_POINT ( 'NONE',  ( 0.1000000000000002137, 0.7599999999999998979, -0.8500000000000000888 ) ) ;
#6538 = FILL_AREA_STYLE_COLOUR ( '', #4889 ) ;
#6539 = SURFACE_STYLE_FILL_AREA ( #3846 ) ;
#6540 = DIRECTION ( 'NONE',  ( 1.000000000000000000, 0.000000000000000000, 0.000000000000000000 ) ) ;
#6541 = VECTOR ( 'NONE', #4598, 1000.000000000000000 ) ;
#6542 = ORIENTED_EDGE ( 'NONE', *, *, #4794, .T. ) ;
#6543 = DIRECTION ( 'NONE',  ( 0.000000000000000000, 0.000000000000000000, -1.000000000000000000 ) ) ;
#6544 = VECTOR ( 'NONE', #338, 1000.000000000000000 ) ;
#6545 = LINE ( 'NONE', #3531, #3000 ) ;
#6546 = SURFACE_SIDE_STYLE ('',( #4086 ) ) ;
#6547 = AXIS2_PLACEMENT_3D ( 'NONE', #2222, #2762, #4859 ) ;
#6548 = DIRECTION ( 'NONE',  ( 0.000000000000000000, -1.000000000000000000, 0.000000000000000000 ) ) ;
#6549 = AXIS2_PLACEMENT_3D ( 'NONE', #559, #1562, #5236 ) ;
#6550 = ORIENTED_EDGE ( 'NONE', *, *, #6285, .T. ) ;
#6551 = DIRECTION ( 'NONE',  ( -2.146934995020802705E-16, -0.000000000000000000, 1.000000000000000000 ) ) ;
#6552 =( GEOMETRIC_REPRESENTATION_CONTEXT ( 3 ) GLOBAL_UNCERTAINTY_ASSIGNED_CONTEXT ( ( #5378 ) ) GLOBAL_UNIT_ASSIGNED_CONTEXT ( ( #3157, #4117, #1617 ) ) REPRESENTATION_CONTEXT ( 'NONE', 'WORKASPACE' ) );
#6553 = FILL_AREA_STYLE ('',( #6145 ) ) ;
#6554 = MANIFOLD_SOLID_BREP ( 'Boss-Extrude2[9]', #623 ) ;
#6555 = DIRECTION ( 'NONE',  ( 0.000000000000000000, 0.000000000000000000, -1.000000000000000000 ) ) ;
#6556 = VECTOR ( 'NONE', #473, 1000.000000000000000 ) ;
#6557 = SURFACE_SIDE_STYLE ('',( #3937 ) ) ;
#6558 =( LENGTH_UNIT ( ) NAMED_UNIT ( * ) SI_UNIT ( .MILLI., .METRE. ) );
#6559 = LINE ( 'NONE', #1311, #1090 ) ;
#6560 = MECHANICAL_DESIGN_GEOMETRIC_PRESENTATION_REPRESENTATION (  '', ( #2314 ), #582 ) ;
#6561 = FILL_AREA_STYLE_COLOUR ( '', #2059 ) ;
#6562 = DIRECTION ( 'NONE',  ( -2.146934995020800733E-16, -0.000000000000000000, 1.000000000000000000 ) ) ;
#6563 = ORIENTED_EDGE ( 'NONE', *, *, #1563, .T. ) ;
#6564 = AXIS2_PLACEMENT_3D ( 'NONE', #4650, #1069, #3129 ) ;
#6565 =( NAMED_UNIT ( * ) SI_UNIT ( $, .STERADIAN. ) SOLID_ANGLE_UNIT ( ) );
#6566 = LINE ( 'NONE', #5068, #4663 ) ;
#6567 = FACE_OUTER_BOUND ( 'NONE', #5937, .T. ) ;
#6568 = DIRECTION ( 'NONE',  ( 0.000000000000000000, 0.000000000000000000, 1.000000000000000000 ) ) ;
#6569 = EDGE_CURVE ( 'NONE', #5868, #399, #1831, .T. ) ;
#6570 = LINE ( 'NONE', #1453, #2535 ) ;
#6571 = EDGE_CURVE ( 'NONE', #6312, #6614, #5191, .T. ) ;
#6572 = ORIENTED_EDGE ( 'NONE', *, *, #128, .T. ) ;
#6573 = EDGE_CURVE ( 'NONE', #1834, #5770, #2433, .T. ) ;
#6574 = ORIENTED_EDGE ( 'NONE', *, *, #5458, .T. ) ;
#6575 = SURFACE_SIDE_STYLE ('',( #860 ) ) ;
#6576 = VECTOR ( 'NONE', #6068, 1000.000000000000000 ) ;
#6577 = DIRECTION ( 'NONE',  ( 1.000000000000000000, 0.000000000000000000, -0.000000000000000000 ) ) ;
#6578 = MANIFOLD_SOLID_BREP ( 'Boss-Extrude2[8]', #4972 ) ;
#6579 = DIRECTION ( 'NONE',  ( 0.000000000000000000, 0.000000000000000000, -1.000000000000000000 ) ) ;
#6580 =( NAMED_UNIT ( * ) PLANE_ANGLE_UNIT ( ) SI_UNIT ( $, .RADIAN. ) );
#6581 = FILL_AREA_STYLE_COLOUR ( '', #1148 ) ;
#6582 = DIRECTION ( 'NONE',  ( -0.000000000000000000, -0.000000000000000000, -1.000000000000000000 ) ) ;
#6583 = EDGE_CURVE ( 'NONE', #4053, #4706, #6643, .T. ) ;
#6584 =( GEOMETRIC_REPRESENTATION_CONTEXT ( 3 ) GLOBAL_UNCERTAINTY_ASSIGNED_CONTEXT ( ( #6110 ) ) GLOBAL_UNIT_ASSIGNED_CONTEXT ( ( #1825, #5488, #824 ) ) REPRESENTATION_CONTEXT ( 'NONE', 'WORKASPACE' ) );
#6585 = VERTEX_POINT ( 'NONE', #6174 ) ;
#6586 = SURFACE_SIDE_STYLE ('',( #5566 ) ) ;
#6587 = MANIFOLD_SOLID_BREP ( 'Boss-Extrude4[2]', #1699 ) ;
#6588 = DIRECTION ( 'NONE',  ( -0.7071067811865474617, 0.000000000000000000, 0.7071067811865474617 ) ) ;
#6589 = FILL_AREA_STYLE ('',( #5026 ) ) ;
#6590 = CARTESIAN_POINT ( 'NONE',  ( -0.1000000000000005052, 0.7599999999999998979, -0.8500000000000000888 ) ) ;
#6591 = CARTESIAN_POINT ( 'NONE',  ( 1.890000000000026326, 0.2999999999999999889, -0.1250000000000001110 ) ) ;
#6592 = FACE_OUTER_BOUND ( 'NONE', #40, .T. ) ;
#6593 = PRESENTATION_STYLE_ASSIGNMENT (( #881 ) ) ;
#6594 = PRESENTATION_STYLE_ASSIGNMENT (( #2970 ) ) ;
#6595 =( GEOMETRIC_REPRESENTATION_CONTEXT ( 3 ) GLOBAL_UNCERTAINTY_ASSIGNED_CONTEXT ( ( #5511 ) ) GLOBAL_UNIT_ASSIGNED_CONTEXT ( ( #1056, #442, #3530 ) ) REPRESENTATION_CONTEXT ( 'NONE', 'WORKASPACE' ) );
#6596 = EDGE_LOOP ( 'NONE', ( #4725, #4143, #4193, #925 ) ) ;
#6597 = SURFACE_STYLE_USAGE ( .BOTH. , #1944 ) ;
#6598 = FILL_AREA_STYLE_COLOUR ( '', #450 ) ;
#6599 = VECTOR ( 'NONE', #1193, 1000.000000000000000 ) ;
#6600 = LINE ( 'NONE', #3490, #1766 ) ;
#6601 = DIRECTION ( 'NONE',  ( 3.614007241618348278E-16, -0.000000000000000000, 1.000000000000000000 ) ) ;
#6602 = DIRECTION ( 'NONE',  ( -2.146934995020800486E-16, 0.000000000000000000, 1.000000000000000000 ) ) ;
#6603 = VECTOR ( 'NONE', #3335, 1000.000000000000000 ) ;
#6604 = ORIENTED_EDGE ( 'NONE', *, *, #6073, .F. ) ;
#6605 = ORIENTED_EDGE ( 'NONE', *, *, #3657, .F. ) ;
#6606 = FACE_OUTER_BOUND ( 'NONE', #2203, .T. ) ;
#6607 = VECTOR ( 'NONE', #4370, 1000.000000000000000 ) ;
#6608 = CARTESIAN_POINT ( 'NONE',  ( 1.890000000000039648, 0.2999999999999999889, -1.385000000000000453 ) ) ;
#6609 =( NAMED_UNIT ( * ) SI_UNIT ( $, .STERADIAN. ) SOLID_ANGLE_UNIT ( ) );
#6610 = DIRECTION ( 'NONE',  ( -2.721846458122605600E-16, -0.000000000000000000, 1.000000000000000000 ) ) ;
#6611 = LINE ( 'NONE', #3565, #1870 ) ;
#6612 = COLOUR_RGB ( '',0.5019607843137254832, 0.5019607843137254832, 0.5019607843137254832 ) ;
#6613 = EDGE_CURVE ( 'NONE', #5929, #4852, #3013, .T. ) ;
#6614 = VERTEX_POINT ( 'NONE', #1920 ) ;
#6615 = EDGE_CURVE ( 'NONE', #1382, #3295, #4016, .T. ) ;
#6616 = COLOUR_RGB ( '',0.5019607843137254832, 0.5019607843137254832, 0.5019607843137254832 ) ;
#6617 = ORIENTED_EDGE ( 'NONE', *, *, #6369, .T. ) ;
#6618 = FACE_OUTER_BOUND ( 'NONE', #4294, .T. ) ;
#6619 = EDGE_CURVE ( 'NONE', #3516, #388, #3158, .T. ) ;
#6620 = EDGE_CURVE ( 'NONE', #4637, #3146, #176, .T. ) ;
#6621 = VECTOR ( 'NONE', #3779, 1000.000000000000000 ) ;
#6622 = CARTESIAN_POINT ( 'NONE',  ( 0.8500000000000004219, 0.7599999999999998979, 0.8499999999999998668 ) ) ;
#6623 = VECTOR ( 'NONE', #1726, 1000.000000000000000 ) ;
#6624 = CARTESIAN_POINT ( 'NONE',  ( 0.000000000000000000, 0.2999999999999999889, 0.000000000000000000 ) ) ;
#6625 = MECHANICAL_DESIGN_GEOMETRIC_PRESENTATION_REPRESENTATION (  '', ( #4569 ), #430 ) ;
#6626 = MANIFOLD_SOLID_BREP ( 'Boss-Extrude2[4]', #3772 ) ;
#6627 = CARTESIAN_POINT ( 'NONE',  ( 0.8500000000000003109, 0.7599999999999998979, 0.09999999999999970024 ) ) ;
#6628 = VERTEX_POINT ( 'NONE', #5835 ) ;
#6629 = VERTEX_POINT ( 'NONE', #3265 ) ;
#6630 = DIRECTION ( 'NONE',  ( -0.7071067811865474617, -0.000000000000000000, -0.7071067811865475727 ) ) ;
#6631 = PLANE ( 'NONE',  #3713 ) ;
#6632 = DIRECTION ( 'NONE',  ( 1.000000000000000000, 0.000000000000000000, -2.349104707051926109E-16 ) ) ;
#6633 = PLANE ( 'NONE',  #251 ) ;
#6634 = PLANE ( 'NONE',  #3803 ) ;
#6635 = VECTOR ( 'NONE', #2731, 1000.000000000000000 ) ;
#6636 = CARTESIAN_POINT ( 'NONE',  ( -0.8500000000000004219, 0.5999999999999999778, -0.8499999999999996447 ) ) ;
#6637 = FILL_AREA_STYLE_COLOUR ( '', #3144 ) ;
#6638 = ORIENTED_EDGE ( 'NONE', *, *, #4714, .F. ) ;
#6639 = AXIS2_PLACEMENT_3D ( 'NONE', #12, #4651, #4127 ) ;
#6640 = EDGE_LOOP ( 'NONE', ( #3178, #3044, #3061, #5165 ) ) ;
#6641 = FILL_AREA_STYLE ('',( #5697 ) ) ;
#6642 = DIRECTION ( 'NONE',  ( 1.000000000000000000, 0.000000000000000000, -1.445602896647340396E-16 ) ) ;
#6643 = LINE ( 'NONE', #485, #1356 ) ;
#6644 = DIRECTION ( 'NONE',  ( 0.000000000000000000, -1.000000000000000000, 0.000000000000000000 ) ) ;
#6645 = MECHANICAL_DESIGN_GEOMETRIC_PRESENTATION_REPRESENTATION (  '', ( #3583 ), #337 ) ;
#6646 = VECTOR ( 'NONE', #1716, 1000.000000000000000 ) ;
#6647 = PRESENTATION_STYLE_ASSIGNMENT (( #418 ) ) ;
#6648 = VECTOR ( 'NONE', #1272, 1000.000000000000000 ) ;
#6649 = ORIENTED_EDGE ( 'NONE', *, *, #3610, .T. ) ;
#6650 = ORIENTED_EDGE ( 'NONE', *, *, #5493, .F. ) ;
#6651 = ORIENTED_EDGE ( 'NONE', *, *, #496, .T. ) ;
#6652 =( GEOMETRIC_REPRESENTATION_CONTEXT ( 3 ) GLOBAL_UNCERTAINTY_ASSIGNED_CONTEXT ( ( #5246 ) ) GLOBAL_UNIT_ASSIGNED_CONTEXT ( ( #1404, #4027, #4492 ) ) REPRESENTATION_CONTEXT ( 'NONE', 'WORKASPACE' ) );
#6653 = STYLED_ITEM ( 'NONE', ( #4879 ), #5168 ) ;
#6654 = MANIFOLD_SOLID_BREP ( 'Boss-Extrude2[7]', #6718 ) ;
#6655 = SURFACE_STYLE_USAGE ( .BOTH. , #4687 ) ;
#6656 = AXIS2_PLACEMENT_3D ( 'NONE', #4793, #3339, #4755 ) ;
#6657 = PRODUCT_DEFINITION_CONTEXT ( 'detailed design', #4357, 'design' ) ;
#6658 = EDGE_CURVE ( 'NONE', #2301, #6142, #3120, .T. ) ;
#6659 = EDGE_CURVE ( 'NONE', #3291, #1074, #66, .T. ) ;
#6660 = VECTOR ( 'NONE', #3844, 1000.000000000000000 ) ;
#6661 =( NAMED_UNIT ( * ) SI_UNIT ( $, .STERADIAN. ) SOLID_ANGLE_UNIT ( ) );
#6662 = CARTESIAN_POINT ( 'NONE',  ( 1.890000000000039648, 0.000000000000000000, -1.385000000000000453 ) ) ;
#6663 =( LENGTH_UNIT ( ) NAMED_UNIT ( * ) SI_UNIT ( .MILLI., .METRE. ) );
#6664 =( LENGTH_UNIT ( ) NAMED_UNIT ( * ) SI_UNIT ( .MILLI., .METRE. ) );
#6665 = UNCERTAINTY_MEASURE_WITH_UNIT (LENGTH_MEASURE( 1.000000000000000082E-05 ), #5842, 'distance_accuracy_value', 'NONE');
#6666 = MANIFOLD_SOLID_BREP ( 'Revolve1', #6171 ) ;
#6667 = DIRECTION ( 'NONE',  ( 0.000000000000000000, -1.000000000000000000, 0.000000000000000000 ) ) ;
#6668 = ORIENTED_EDGE ( 'NONE', *, *, #4428, .T. ) ;
#6669 = VERTEX_POINT ( 'NONE', #2369 ) ;
#6670 = SURFACE_SIDE_STYLE ('',( #22 ) ) ;
#6671 = VECTOR ( 'NONE', #854, 1000.000000000000000 ) ;
#6672 = LINE ( 'NONE', #1149, #5896 ) ;
#6673 = SURFACE_SIDE_STYLE ('',( #5213 ) ) ;
#6674 = DIRECTION ( 'NONE',  ( -1.000000000000000000, -0.000000000000000000, -0.000000000000000000 ) ) ;
#6675 = PLANE ( 'NONE',  #3498 ) ;
#6676 = CARTESIAN_POINT ( 'NONE',  ( -2.500000000000000000, 0.5999999999999999778, 0.000000000000000000 ) ) ;
#6677 = ORIENTED_EDGE ( 'NONE', *, *, #1287, .T. ) ;
#6678 = AXIS2_PLACEMENT_3D ( 'NONE', #4035, #1441, #6114 ) ;
#6679 =( GEOMETRIC_REPRESENTATION_CONTEXT ( 3 ) GLOBAL_UNCERTAINTY_ASSIGNED_CONTEXT ( ( #6463 ) ) GLOBAL_UNIT_ASSIGNED_CONTEXT ( ( #4752, #5641, #3028 ) ) REPRESENTATION_CONTEXT ( 'NONE', 'WORKASPACE' ) );
#6680 = ORIENTED_EDGE ( 'NONE', *, *, #1363, .F. ) ;
#6681 =( LENGTH_UNIT ( ) NAMED_UNIT ( * ) SI_UNIT ( .MILLI., .METRE. ) );
#6682 = CARTESIAN_POINT ( 'NONE',  ( 0.000000000000000000, 0.2999999999999999889, 0.000000000000000000 ) ) ;
#6683 = FILL_AREA_STYLE_COLOUR ( '', #1827 ) ;
#6684 = AXIS2_PLACEMENT_3D ( 'NONE', #2505, #486, #4426 ) ;
#6685 = CARTESIAN_POINT ( 'NONE',  ( 1.890000000000026548, 0.2999999999999999889, -1.135000000000000231 ) ) ;
#6686 =( NAMED_UNIT ( * ) SI_UNIT ( $, .STERADIAN. ) SOLID_ANGLE_UNIT ( ) );
#6687 = EDGE_LOOP ( 'NONE', ( #6638, #1579, #3501, #3466 ) ) ;
#6688 = EDGE_LOOP ( 'NONE', ( #5638, #5269, #5855, #389 ) ) ;
#6689 = ORIENTED_EDGE ( 'NONE', *, *, #3829, .T. ) ;
#6690 = CARTESIAN_POINT ( 'NONE',  ( -1.890000000000039204, 0.2999999999999999889, -1.385000000000001341 ) ) ;
#6691 = SURFACE_SIDE_STYLE ('',( #1469 ) ) ;
#6692 = SURFACE_STYLE_FILL_AREA ( #2039 ) ;
#6693 = CARTESIAN_POINT ( 'NONE',  ( 2.390000000000026770, 0.2999999999999999889, -0.1250000000000001110 ) ) ;
#6694 = ORIENTED_EDGE ( 'NONE', *, *, #6615, .F. ) ;
#6695 = PRESENTATION_LAYER_ASSIGNMENT (  '', '', ( #6148 ) ) ;
#6696 = CARTESIAN_POINT ( 'NONE',  ( 2.390000000000039648, 0.000000000000000000, -2.395000000000000462 ) ) ;
#6697 = SURFACE_SIDE_STYLE ('',( #941 ) ) ;
#6698 = EDGE_CURVE ( 'NONE', #6628, #6743, #3227, .T. ) ;
#6699 = DIRECTION ( 'NONE',  ( -1.000000000000000000, 0.000000000000000000, 5.782411586589357639E-16 ) ) ;
#6700 =( NAMED_UNIT ( * ) PLANE_ANGLE_UNIT ( ) SI_UNIT ( $, .RADIAN. ) );
#6701 = DIRECTION ( 'NONE',  ( 2.146934995020799746E-16, 0.000000000000000000, -1.000000000000000000 ) ) ;
#6702 = MECHANICAL_DESIGN_GEOMETRIC_PRESENTATION_REPRESENTATION (  '', ( #2877 ), #6378 ) ;
#6703 = LINE ( 'NONE', #1445, #1697 ) ;
#6704 = ORIENTED_EDGE ( 'NONE', *, *, #6113, .F. ) ;
#6705 = EDGE_CURVE ( 'NONE', #1382, #4453, #721, .T. ) ;
#6706 = PLANE ( 'NONE',  #4491 ) ;
#6707 = CARTESIAN_POINT ( 'NONE',  ( -0.1000000000000003247, 0.7599999999999998979, -0.1000000000000000056 ) ) ;
#6708 = EDGE_CURVE ( 'NONE', #3138, #1397, #4870, .T. ) ;
#6709 = EDGE_CURVE ( 'NONE', #1093, #4232, #5006, .T. ) ;
#6710 = SURFACE_STYLE_FILL_AREA ( #4634 ) ;
#6711 = SHAPE_DEFINITION_REPRESENTATION ( #1678, #4017 ) ;
#6712 = PRESENTATION_STYLE_ASSIGNMENT (( #3666 ) ) ;
#6713 = EDGE_LOOP ( 'NONE', ( #1569, #1707, #4242, #1542 ) ) ;
#6714 = VECTOR ( 'NONE', #6132, 1000.000000000000000 ) ;
#6715 = ORIENTED_EDGE ( 'NONE', *, *, #1245, .T. ) ;
#6716 = CARTESIAN_POINT ( 'NONE',  ( -1.890000000000026326, 0.2999999999999999889, -0.1250000000000009714 ) ) ;
#6717 = CARTESIAN_POINT ( 'NONE',  ( -1.890000000000013669, 0.2999999999999999889, 0.1249999999999990286 ) ) ;
#6718 = CLOSED_SHELL ( 'NONE', ( #3097, #1241, #5423, #5872, #1252, #6457 ) ) ;
#6719 = SURFACE_STYLE_USAGE ( .BOTH. , #2169 ) ;
#6720 = PLANE ( 'NONE',  #6740 ) ;
#6721 = COLOUR_RGB ( '',0.5019607843137254832, 0.5019607843137254832, 0.5019607843137254832 ) ;
#6722 =( NAMED_UNIT ( * ) PLANE_ANGLE_UNIT ( ) SI_UNIT ( $, .RADIAN. ) );
#6723 = FACE_OUTER_BOUND ( 'NONE', #487, .T. ) ;
#6724 =( NAMED_UNIT ( * ) SI_UNIT ( $, .STERADIAN. ) SOLID_ANGLE_UNIT ( ) );
#6725 =( NAMED_UNIT ( * ) SI_UNIT ( $, .STERADIAN. ) SOLID_ANGLE_UNIT ( ) );
#6726 =( GEOMETRIC_REPRESENTATION_CONTEXT ( 3 ) GLOBAL_UNCERTAINTY_ASSIGNED_CONTEXT ( ( #938 ) ) GLOBAL_UNIT_ASSIGNED_CONTEXT ( ( #2462, #2638, #614 ) ) REPRESENTATION_CONTEXT ( 'NONE', 'WORKASPACE' ) );
#6727 = ORIENTED_EDGE ( 'NONE', *, *, #2739, .F. ) ;
#6728 = ORIENTED_EDGE ( 'NONE', *, *, #5173, .T. ) ;
#6729 = ORIENTED_EDGE ( 'NONE', *, *, #2640, .F. ) ;
#6730 = PRESENTATION_STYLE_ASSIGNMENT (( #2547 ) ) ;
#6731 = SURFACE_STYLE_FILL_AREA ( #2440 ) ;
#6732 = VECTOR ( 'NONE', #3132, 1000.000000000000000 ) ;
#6733 = FILL_AREA_STYLE_COLOUR ( '', #2498 ) ;
#6734 = MECHANICAL_DESIGN_GEOMETRIC_PRESENTATION_REPRESENTATION (  '', ( #2904 ), #2577 ) ;
#6735 = UNCERTAINTY_MEASURE_WITH_UNIT (LENGTH_MEASURE( 1.000000000000000082E-05 ), #1203, 'distance_accuracy_value', 'NONE');
#6736 = PRESENTATION_LAYER_ASSIGNMENT (  '', '', ( #858 ) ) ;
#6737 = CARTESIAN_POINT ( 'NONE',  ( 0.000000000000000000, 0.000000000000000000, 0.000000000000000000 ) ) ;
#6738 = SURFACE_STYLE_FILL_AREA ( #5279 ) ;
#6739 = PLANE ( 'NONE',  #2185 ) ;
#6740 = AXIS2_PLACEMENT_3D ( 'NONE', #3599, #1027, #2064 ) ;
#6741 = UNCERTAINTY_MEASURE_WITH_UNIT (LENGTH_MEASURE( 1.000000000000000082E-05 ), #1496, 'distance_accuracy_value', 'NONE');
#6742 = UNCERTAINTY_MEASURE_WITH_UNIT (LENGTH_MEASURE( 1.000000000000000082E-05 ), #5745, 'distance_accuracy_value', 'NONE');
#6743 = VERTEX_POINT ( 'NONE', #5963 ) ;
#6744 = PRESENTATION_LAYER_ASSIGNMENT (  '', '', ( #2264 ) ) ;
#6745 = LINE ( 'NONE', #5147, #5559 ) ;
#6746 = CARTESIAN_POINT ( 'NONE',  ( 2.500000000000000000, 0.7600000000000005640, 2.500000000000000444 ) ) ;
#6747 =( GEOMETRIC_REPRESENTATION_CONTEXT ( 3 ) GLOBAL_UNCERTAINTY_ASSIGNED_CONTEXT ( ( #6252 ) ) GLOBAL_UNIT_ASSIGNED_CONTEXT ( ( #4665, #2664, #985 ) ) REPRESENTATION_CONTEXT ( 'NONE', 'WORKASPACE' ) );
#6748 = CARTESIAN_POINT ( 'NONE',  ( 1.890000000000013447, 0.000000000000000000, 1.135000000000000009 ) ) ;
#6749 = ORIENTED_EDGE ( 'NONE', *, *, #4029, .F. ) ;
#6750 = EDGE_CURVE ( 'NONE', #2263, #6167, #1260, .T. ) ;
#6751 = EDGE_CURVE ( 'NONE', #1751, #2613, #2306, .T. ) ;
#6752 = SURFACE_STYLE_FILL_AREA ( #4669 ) ;
#6753 = ADVANCED_FACE ( 'NONE', ( #203 ), #6477, .F. ) ;
#6754 = VERTEX_POINT ( 'NONE', #2847 ) ;
#6755 = COLOUR_RGB ( '',0.5019607843137254832, 0.5019607843137254832, 0.5019607843137254832 ) ;
#6756 = SURFACE_SIDE_STYLE ('',( #6204 ) ) ;
ENDSEC;
END-ISO-10303-21;
